	.text
	.syntax unified
	.eabi_attribute	67, "2.09"	@ Tag_conformance
	.cpu	cortex-m7
	.eabi_attribute	6, 13	@ Tag_CPU_arch
	.eabi_attribute	7, 77	@ Tag_CPU_arch_profile
	.eabi_attribute	8, 0	@ Tag_ARM_ISA_use
	.eabi_attribute	9, 2	@ Tag_THUMB_ISA_use
	.fpu	fpv5-d16
	.eabi_attribute	36, 1	@ Tag_FP_HP_extension
	.eabi_attribute	34, 1	@ Tag_CPU_unaligned_access
	.eabi_attribute	17, 1	@ Tag_ABI_PCS_GOT_use
	.eabi_attribute	20, 2	@ Tag_ABI_FP_denormal
	.eabi_attribute	21, 0	@ Tag_ABI_FP_exceptions
	.eabi_attribute	23, 1	@ Tag_ABI_FP_number_model
	.eabi_attribute	24, 1	@ Tag_ABI_align_needed
	.eabi_attribute	25, 1	@ Tag_ABI_align_preserved
	.eabi_attribute	28, 1	@ Tag_ABI_VFP_args
	.eabi_attribute	38, 1	@ Tag_ABI_FP_16bit_format
	.eabi_attribute	18, 2	@ Tag_ABI_PCS_wchar_t
	.eabi_attribute	26, 1	@ Tag_ABI_enum_size
	.eabi_attribute	14, 0	@ Tag_ABI_PCS_R9_use
	.file	"adc.c"
	.file	1 "D:\\Keil_v5\\Core\\ARM\\ARMCLANG\\bin\\..\\include" "stdint.h"
	.file	2 "D:\\EV\\testadc\\MDK-ARM" "../Drivers/CMSIS/Device/ST/STM32H7xx/Include\\stm32h743xx.h"
	.file	3 "D:\\EV\\testadc\\MDK-ARM" "../Drivers/STM32H7xx_HAL_Driver/Inc\\stm32h7xx_hal_adc.h"
	.file	4 "D:\\EV\\testadc\\MDK-ARM" "../Drivers/CMSIS/Device/ST/STM32H7xx/Include\\stm32h7xx.h"
	.file	5 "D:\\EV\\testadc\\MDK-ARM" "../Drivers/STM32H7xx_HAL_Driver/Inc\\stm32h7xx_hal_dma.h"
	.file	6 "D:\\EV\\testadc\\MDK-ARM" "../Drivers/STM32H7xx_HAL_Driver/Inc\\stm32h7xx_hal_def.h"
	.file	7 "D:\\EV\\testadc\\MDK-ARM" "../Core/Src/adc.c"
	.section	.text.MX_ADC3_Init,"ax",%progbits
	.hidden	MX_ADC3_Init                    @ -- Begin function MX_ADC3_Init
	.globl	MX_ADC3_Init
	.p2align	3
	.type	MX_ADC3_Init,%function
	.code	16                              @ @MX_ADC3_Init
	.thumb_func
MX_ADC3_Init:
.Lfunc_begin0:
	.loc	7 32 0                          @ ../Core/Src/adc.c:32:0
	.fnstart
	.cfi_sections .debug_frame
	.cfi_startproc
@ %bb.0:
	.save	{r4, r5, r7, lr}
	push	{r4, r5, r7, lr}
	.cfi_def_cfa_offset 16
	.cfi_offset lr, -4
	.cfi_offset r7, -8
	.cfi_offset r5, -12
	.cfi_offset r4, -16
	.pad	#32
	sub	sp, #32
	.cfi_def_cfa_offset 48
.Ltmp0:
	@DEBUG_VALUE: MX_ADC3_Init:sConfig <- [DW_OP_plus_uconst 4, DW_OP_deref] $sp
	.loc	7 46 18 prologue_end            @ ../Core/Src/adc.c:46:18
	movw	r0, :lower16:hadc3
	movw	r1, #24576
	movt	r0, :upper16:hadc3
	movs	r4, #0
	.loc	7 38 26                         @ ../Core/Src/adc.c:38:26
	str	r4, [sp, #28]
.Ltmp1:
	@DEBUG_VALUE: MX_ADC3_Init:sConfig <- [DW_OP_plus_uconst 4, DW_OP_plus_uconst 24, DW_OP_deref, DW_OP_LLVM_fragment 192 32] $sp
	@DEBUG_VALUE: MX_ADC3_Init:sConfig <- [DW_OP_LLVM_fragment 0 192] 0
	.loc	7 0 26 is_stmt 0                @ ../Core/Src/adc.c:0:26
	movt	r1, #22530
	.loc	7 46 18 is_stmt 1               @ ../Core/Src/adc.c:46:18
	str	r1, [r0]
	movs	r5, #4
	.loc	7 47 25                         @ ../Core/Src/adc.c:47:25
	strd	r4, r4, [r0, #8]
	.loc	7 49 27                         @ ../Core/Src/adc.c:49:27
	str	r5, [r0, #16]
	mov.w	r1, #256
	.loc	7 50 31                         @ ../Core/Src/adc.c:50:31
	strh	r1, [r0, #20]
	movs	r1, #1
	.loc	7 52 30                         @ ../Core/Src/adc.c:52:30
	str	r1, [r0, #24]
	.loc	7 53 36                         @ ../Core/Src/adc.c:53:36
	strb	r4, [r0, #28]
	.loc	7 54 31                         @ ../Core/Src/adc.c:54:31
	strd	r4, r4, [r0, #36]
	strd	r4, r4, [r0, #44]
	str	r4, [r0, #52]
	strb.w	r4, [r0, #56]
	.loc	7 60 33                         @ ../Core/Src/adc.c:60:33
	str	r1, [r0, #60]
.Ltmp2:
	.loc	7 61 7                          @ ../Core/Src/adc.c:61:7
	bl	HAL_ADC_Init
.Ltmp3:
	.loc	7 61 7 is_stmt 0                @ ../Core/Src/adc.c:61:7
	cbz	r0, .LBB0_2
.Ltmp4:
@ %bb.1:
	@DEBUG_VALUE: MX_ADC3_Init:sConfig <- [DW_OP_LLVM_fragment 0 192] 0
	@DEBUG_VALUE: MX_ADC3_Init:sConfig <- [DW_OP_plus_uconst 4, DW_OP_plus_uconst 24, DW_OP_deref, DW_OP_LLVM_fragment 192 32] $sp
	.loc	7 63 5 is_stmt 1                @ ../Core/Src/adc.c:63:5
	bl	Error_Handler
.Ltmp5:
.LBB0_2:
	@DEBUG_VALUE: MX_ADC3_Init:sConfig <- [DW_OP_LLVM_fragment 0 192] 0
	@DEBUG_VALUE: MX_ADC3_Init:sConfig <- [DW_OP_plus_uconst 4, DW_OP_plus_uconst 24, DW_OP_deref, DW_OP_LLVM_fragment 192 32] $sp
	.loc	7 0 5 is_stmt 0                 @ ../Core/Src/adc.c:0:5
	movs	r0, #2
	add	r1, sp, #4
	movt	r0, #1072
	.loc	7 68 19 is_stmt 1               @ ../Core/Src/adc.c:68:19
	str	r0, [sp, #4]
	movs	r0, #6
.Ltmp6:
	@DEBUG_VALUE: MX_ADC3_Init:sConfig <- [DW_OP_plus_uconst 4, DW_OP_deref, DW_OP_LLVM_fragment 0 32] $sp
	@DEBUG_VALUE: MX_ADC3_Init:sConfig <- [DW_OP_plus_uconst 4, DW_OP_plus_uconst 4, DW_OP_deref, DW_OP_LLVM_fragment 32 32] $sp
	.loc	7 73 18                         @ ../Core/Src/adc.c:73:18
	str	r4, [sp, #24]
.Ltmp7:
	@DEBUG_VALUE: MX_ADC3_Init:sConfig <- [DW_OP_plus_uconst 4, DW_OP_plus_uconst 20, DW_OP_deref, DW_OP_LLVM_fragment 160 32] $sp
	.loc	7 69 16                         @ ../Core/Src/adc.c:69:16
	strd	r0, r4, [sp, #8]
	movw	r0, #2047
.Ltmp8:
	@DEBUG_VALUE: MX_ADC3_Init:sConfig <- [DW_OP_plus_uconst 4, DW_OP_plus_uconst 8, DW_OP_deref, DW_OP_LLVM_fragment 64 32] $sp
	@DEBUG_VALUE: MX_ADC3_Init:sConfig <- [DW_OP_plus_uconst 4, DW_OP_plus_uconst 12, DW_OP_deref, DW_OP_LLVM_fragment 96 32] $sp
	.loc	7 74 34                         @ ../Core/Src/adc.c:74:34
	strb.w	r4, [sp, #29]
.Ltmp9:
	@DEBUG_VALUE: MX_ADC3_Init:sConfig <- [DW_OP_plus_uconst 4, DW_OP_plus_uconst 25, DW_OP_deref, DW_OP_LLVM_fragment 200 8] $sp
	@DEBUG_VALUE: MX_ADC3_Init:sConfig <- [DW_OP_plus_uconst 4, DW_OP_plus_uconst 26, DW_OP_deref, DW_OP_LLVM_fragment 208 16] $sp
	@DEBUG_VALUE: MX_ADC3_Init:sConfig <- [DW_OP_plus_uconst 4, DW_OP_deref, DW_OP_LLVM_fragment 0 200] $sp
	.loc	7 71 22                         @ ../Core/Src/adc.c:71:22
	strd	r0, r5, [sp, #16]
.Ltmp10:
	@DEBUG_VALUE: MX_ADC3_Init:sConfig <- [DW_OP_plus_uconst 4, DW_OP_plus_uconst 16, DW_OP_deref, DW_OP_LLVM_fragment 128 32] $sp
	.loc	7 75 7                          @ ../Core/Src/adc.c:75:7
	movw	r0, :lower16:hadc3
	movt	r0, :upper16:hadc3
	bl	HAL_ADC_ConfigChannel
.Ltmp11:
	.loc	7 75 7 is_stmt 0                @ ../Core/Src/adc.c:75:7
	cbz	r0, .LBB0_4
.Ltmp12:
@ %bb.3:
	@DEBUG_VALUE: MX_ADC3_Init:sConfig <- [DW_OP_plus_uconst 4, DW_OP_plus_uconst 16, DW_OP_deref, DW_OP_LLVM_fragment 128 32] $sp
	@DEBUG_VALUE: MX_ADC3_Init:sConfig <- [DW_OP_plus_uconst 4, DW_OP_plus_uconst 26, DW_OP_deref, DW_OP_LLVM_fragment 208 16] $sp
	@DEBUG_VALUE: MX_ADC3_Init:sConfig <- [DW_OP_plus_uconst 4, DW_OP_plus_uconst 25, DW_OP_deref, DW_OP_LLVM_fragment 200 8] $sp
	.loc	7 77 5 is_stmt 1                @ ../Core/Src/adc.c:77:5
	bl	Error_Handler
.Ltmp13:
.LBB0_4:
	@DEBUG_VALUE: MX_ADC3_Init:sConfig <- [DW_OP_plus_uconst 4, DW_OP_plus_uconst 16, DW_OP_deref, DW_OP_LLVM_fragment 128 32] $sp
	@DEBUG_VALUE: MX_ADC3_Init:sConfig <- [DW_OP_plus_uconst 4, DW_OP_plus_uconst 26, DW_OP_deref, DW_OP_LLVM_fragment 208 16] $sp
	@DEBUG_VALUE: MX_ADC3_Init:sConfig <- [DW_OP_plus_uconst 4, DW_OP_plus_uconst 25, DW_OP_deref, DW_OP_LLVM_fragment 200 8] $sp
	.loc	7 83 1 epilogue_begin           @ ../Core/Src/adc.c:83:1
	add	sp, #32
	pop	{r4, r5, r7, pc}
.Ltmp14:
.Lfunc_end0:
	.size	MX_ADC3_Init, .Lfunc_end0-MX_ADC3_Init
	.cfi_endproc
	.cantunwind
	.fnend
                                        @ -- End function
	.section	.text.HAL_ADC_MspInit,"ax",%progbits
	.hidden	HAL_ADC_MspInit                 @ -- Begin function HAL_ADC_MspInit
	.globl	HAL_ADC_MspInit
	.p2align	3
	.type	HAL_ADC_MspInit,%function
	.code	16                              @ @HAL_ADC_MspInit
	.thumb_func
HAL_ADC_MspInit:
.Lfunc_begin1:
	.loc	7 86 0                          @ ../Core/Src/adc.c:86:0
	.fnstart
	.cfi_startproc
@ %bb.0:
	@DEBUG_VALUE: HAL_ADC_MspInit:adcHandle <- $r0
	.save	{r4, r5, r6, lr}
	push	{r4, r5, r6, lr}
	.cfi_def_cfa_offset 16
	.cfi_offset lr, -4
	.cfi_offset r6, -8
	.cfi_offset r5, -12
	.cfi_offset r4, -16
	.pad	#200
	sub	sp, #200
	.cfi_def_cfa_offset 216
	add	r1, sp, #8
	mov	r4, r0
.Ltmp15:
	@DEBUG_VALUE: HAL_ADC_MspInit:adcHandle <- $r4
	@DEBUG_VALUE: HAL_ADC_MspInit:PeriphClkInitStruct <- [DW_OP_plus_uconst 8, DW_OP_deref] $sp
	@DEBUG_VALUE: HAL_ADC_MspInit:adcHandle <- $r4
	.loc	7 88 28 prologue_end            @ ../Core/Src/adc.c:88:28
	add.w	r0, r1, #40
	movs	r1, #152
	bl	__aeabi_memclr8
.Ltmp16:
	@DEBUG_VALUE: HAL_ADC_MspInit:PeriphClkInitStruct <- [DW_OP_plus_uconst 8, DW_OP_plus_uconst 40, DW_OP_deref, DW_OP_LLVM_fragment 320 1216] $sp
	@DEBUG_VALUE: HAL_ADC_MspInit:PeriphClkInitStruct <- [DW_OP_LLVM_fragment 0 320] 0
	.loc	7 0 28 is_stmt 0                @ ../Core/Src/adc.c:0:28
	movw	r1, #24576
.Ltmp17:
	.loc	7 89 17 is_stmt 1               @ ../Core/Src/adc.c:89:17
	ldr	r0, [r4]
	movt	r1, #22530
.Ltmp18:
	.loc	7 89 6 is_stmt 0                @ ../Core/Src/adc.c:89:6
	cmp	r0, r1
	beq	.LBB1_2
.Ltmp19:
@ %bb.1:
	@DEBUG_VALUE: HAL_ADC_MspInit:PeriphClkInitStruct <- [DW_OP_LLVM_fragment 0 320] 0
	@DEBUG_VALUE: HAL_ADC_MspInit:PeriphClkInitStruct <- [DW_OP_plus_uconst 8, DW_OP_plus_uconst 40, DW_OP_deref, DW_OP_LLVM_fragment 320 1216] $sp
	@DEBUG_VALUE: HAL_ADC_MspInit:adcHandle <- $r4
	.loc	7 143 1 epilogue_begin is_stmt 1 @ ../Core/Src/adc.c:143:1
	add	sp, #200
	pop	{r4, r5, r6, pc}
.Ltmp20:
	.loc	7 0 1 is_stmt 0                 @ :0:1
.Ltmp21:
	.p2align	2
.LBB1_2:
	@DEBUG_VALUE: HAL_ADC_MspInit:PeriphClkInitStruct <- [DW_OP_LLVM_fragment 0 320] 0
	@DEBUG_VALUE: HAL_ADC_MspInit:PeriphClkInitStruct <- [DW_OP_plus_uconst 8, DW_OP_plus_uconst 40, DW_OP_deref, DW_OP_LLVM_fragment 320 1216] $sp
	@DEBUG_VALUE: HAL_ADC_MspInit:adcHandle <- $r4
	movs	r6, #0
	mov.w	r0, #524288
.Ltmp22:
	.loc	7 97 46 is_stmt 1               @ ../Core/Src/adc.c:97:46
	str	r0, [sp, #8]
	movs	r0, #4
.Ltmp23:
	@DEBUG_VALUE: HAL_ADC_MspInit:PeriphClkInitStruct <- [DW_OP_plus_uconst 8, DW_OP_deref, DW_OP_LLVM_fragment 0 64] $sp
	.loc	7 98 36                         @ ../Core/Src/adc.c:98:36
	str	r0, [sp, #16]
	movs	r0, #10
.Ltmp24:
	@DEBUG_VALUE: HAL_ADC_MspInit:PeriphClkInitStruct <- [DW_OP_plus_uconst 8, DW_OP_plus_uconst 8, DW_OP_deref, DW_OP_LLVM_fragment 64 32] $sp
	.loc	7 99 36                         @ ../Core/Src/adc.c:99:36
	str	r0, [sp, #20]
	movs	r0, #2
.Ltmp25:
	@DEBUG_VALUE: HAL_ADC_MspInit:PeriphClkInitStruct <- [DW_OP_plus_uconst 8, DW_OP_plus_uconst 12, DW_OP_deref, DW_OP_LLVM_fragment 96 32] $sp
	@DEBUG_VALUE: HAL_ADC_MspInit:PeriphClkInitStruct <- [DW_OP_plus_uconst 8, DW_OP_plus_uconst 16, DW_OP_deref, DW_OP_LLVM_fragment 128 32] $sp
	.loc	7 100 36                        @ ../Core/Src/adc.c:100:36
	strd	r0, r0, [sp, #24]
.Ltmp26:
	@DEBUG_VALUE: HAL_ADC_MspInit:PeriphClkInitStruct <- [DW_OP_plus_uconst 8, DW_OP_plus_uconst 20, DW_OP_deref, DW_OP_LLVM_fragment 160 32] $sp
	.loc	7 102 36                        @ ../Core/Src/adc.c:102:36
	str	r0, [sp, #32]
	movs	r0, #192
.Ltmp27:
	@DEBUG_VALUE: HAL_ADC_MspInit:PeriphClkInitStruct <- [DW_OP_plus_uconst 8, DW_OP_plus_uconst 24, DW_OP_deref, DW_OP_LLVM_fragment 192 32] $sp
	.loc	7 103 38                        @ ../Core/Src/adc.c:103:38
	str	r0, [sp, #36]
	movs	r0, #32
.Ltmp28:
	@DEBUG_VALUE: HAL_ADC_MspInit:PeriphClkInitStruct <- [DW_OP_plus_uconst 8, DW_OP_plus_uconst 28, DW_OP_deref, DW_OP_LLVM_fragment 224 32] $sp
	@DEBUG_VALUE: HAL_ADC_MspInit:PeriphClkInitStruct <- [DW_OP_plus_uconst 8, DW_OP_plus_uconst 32, DW_OP_deref, DW_OP_LLVM_fragment 256 32] $sp
	.loc	7 104 41                        @ ../Core/Src/adc.c:104:41
	strd	r0, r6, [sp, #40]
.Ltmp29:
	@DEBUG_VALUE: HAL_ADC_MspInit:PeriphClkInitStruct <- [DW_OP_plus_uconst 8, DW_OP_plus_uconst 168, DW_OP_deref, DW_OP_LLVM_fragment 1344 192] $sp
	@DEBUG_VALUE: HAL_ADC_MspInit:PeriphClkInitStruct <- [DW_OP_plus_uconst 8, DW_OP_deref, DW_OP_LLVM_fragment 0 1312] $sp
	@DEBUG_VALUE: HAL_ADC_MspInit:PeriphClkInitStruct <- [DW_OP_LLVM_fragment 1312 32] 0
	.loc	7 0 41 is_stmt 0                @ ../Core/Src/adc.c:0:41
	add	r0, sp, #8
	.loc	7 97 46 is_stmt 1               @ ../Core/Src/adc.c:97:46
	str	r6, [sp, #12]
.Ltmp30:
	.loc	7 107 9                         @ ../Core/Src/adc.c:107:9
	bl	HAL_RCCEx_PeriphCLKConfig
.Ltmp31:
	.loc	7 107 9 is_stmt 0               @ ../Core/Src/adc.c:107:9
	cbz	r0, .LBB1_4
.Ltmp32:
@ %bb.3:
	@DEBUG_VALUE: HAL_ADC_MspInit:PeriphClkInitStruct <- [DW_OP_LLVM_fragment 1312 32] 0
	@DEBUG_VALUE: HAL_ADC_MspInit:PeriphClkInitStruct <- [DW_OP_plus_uconst 8, DW_OP_deref, DW_OP_LLVM_fragment 0 1312] $sp
	@DEBUG_VALUE: HAL_ADC_MspInit:PeriphClkInitStruct <- [DW_OP_plus_uconst 8, DW_OP_plus_uconst 168, DW_OP_deref, DW_OP_LLVM_fragment 1344 192] $sp
	@DEBUG_VALUE: HAL_ADC_MspInit:adcHandle <- $r4
	.loc	7 109 7 is_stmt 1               @ ../Core/Src/adc.c:109:7
	bl	Error_Handler
.Ltmp33:
.LBB1_4:
	@DEBUG_VALUE: HAL_ADC_MspInit:PeriphClkInitStruct <- [DW_OP_LLVM_fragment 1312 32] 0
	@DEBUG_VALUE: HAL_ADC_MspInit:PeriphClkInitStruct <- [DW_OP_plus_uconst 8, DW_OP_deref, DW_OP_LLVM_fragment 0 1312] $sp
	@DEBUG_VALUE: HAL_ADC_MspInit:PeriphClkInitStruct <- [DW_OP_plus_uconst 8, DW_OP_plus_uconst 168, DW_OP_deref, DW_OP_LLVM_fragment 1344 192] $sp
	@DEBUG_VALUE: HAL_ADC_MspInit:adcHandle <- $r4
	.loc	7 0 7 is_stmt 0                 @ ../Core/Src/adc.c:0:7
	movw	r0, #17632
	movt	r0, #22530
.Ltmp34:
	.loc	7 113 5 is_stmt 1               @ ../Core/Src/adc.c:113:5
	ldr	r1, [r0]
	orr	r1, r1, #16777216
	str	r1, [r0]
	ldr	r1, [r0]
	and	r1, r1, #16777216
	str	r1, [sp, #4]
	ldr	r1, [sp, #4]
.Ltmp35:
	.loc	7 115 5                         @ ../Core/Src/adc.c:115:5
	ldr	r1, [r0]
	orr	r1, r1, #4
	str	r1, [r0]
	ldr	r0, [r0]
.Ltmp36:
	.loc	7 119 5                         @ ../Core/Src/adc.c:119:5
	mov.w	r1, #134217728
.Ltmp37:
	.loc	7 115 5                         @ ../Core/Src/adc.c:115:5
	and	r0, r0, #4
	str	r0, [sp, #4]
	ldr	r0, [sp, #4]
.Ltmp38:
	.loc	7 119 5                         @ ../Core/Src/adc.c:119:5
	mov.w	r0, #134217728
	bl	HAL_SYSCFG_AnalogSwitchConfig
.Ltmp39:
	.loc	7 123 24                        @ ../Core/Src/adc.c:123:24
	movw	r5, :lower16:hdma_adc3
	movw	r0, #21512
	movt	r5, :upper16:hdma_adc3
	movt	r0, #22530
	str	r0, [r5]
	movs	r0, #17
	.loc	7 124 28                        @ ../Core/Src/adc.c:124:28
	strd	r0, r6, [r5, #4]
	mov.w	r0, #1024
	.loc	7 127 27                        @ ../Core/Src/adc.c:127:27
	str	r0, [r5, #16]
	mov.w	r0, #4096
	.loc	7 128 40                        @ ../Core/Src/adc.c:128:40
	str	r0, [r5, #20]
	mov.w	r0, #16384
	.loc	7 129 37                        @ ../Core/Src/adc.c:129:37
	str	r0, [r5, #24]
	mov.w	r0, #256
	.loc	7 126 30                        @ ../Core/Src/adc.c:126:30
	str	r6, [r5, #12]
	.loc	7 130 25                        @ ../Core/Src/adc.c:130:25
	strd	r0, r6, [r5, #28]
.Ltmp40:
	.loc	7 132 9                         @ ../Core/Src/adc.c:132:9
	mov	r0, r5
	bl	HAL_DMA_Init
.Ltmp41:
	.loc	7 132 9 is_stmt 0               @ ../Core/Src/adc.c:132:9
	cbz	r0, .LBB1_6
.Ltmp42:
@ %bb.5:
	@DEBUG_VALUE: HAL_ADC_MspInit:PeriphClkInitStruct <- [DW_OP_LLVM_fragment 1312 32] 0
	@DEBUG_VALUE: HAL_ADC_MspInit:PeriphClkInitStruct <- [DW_OP_plus_uconst 8, DW_OP_deref, DW_OP_LLVM_fragment 0 1312] $sp
	@DEBUG_VALUE: HAL_ADC_MspInit:PeriphClkInitStruct <- [DW_OP_plus_uconst 8, DW_OP_plus_uconst 168, DW_OP_deref, DW_OP_LLVM_fragment 1344 192] $sp
	@DEBUG_VALUE: HAL_ADC_MspInit:adcHandle <- $r4
	.loc	7 134 7 is_stmt 1               @ ../Core/Src/adc.c:134:7
	bl	Error_Handler
.Ltmp43:
.LBB1_6:
	@DEBUG_VALUE: HAL_ADC_MspInit:PeriphClkInitStruct <- [DW_OP_LLVM_fragment 1312 32] 0
	@DEBUG_VALUE: HAL_ADC_MspInit:PeriphClkInitStruct <- [DW_OP_plus_uconst 8, DW_OP_deref, DW_OP_LLVM_fragment 0 1312] $sp
	@DEBUG_VALUE: HAL_ADC_MspInit:PeriphClkInitStruct <- [DW_OP_plus_uconst 8, DW_OP_plus_uconst 168, DW_OP_deref, DW_OP_LLVM_fragment 1344 192] $sp
	@DEBUG_VALUE: HAL_ADC_MspInit:adcHandle <- $r4
	.loc	7 137 5                         @ ../Core/Src/adc.c:137:5
	str	r5, [r4, #76]
	str	r4, [r5, #56]
.Ltmp44:
	.loc	7 143 1 epilogue_begin          @ ../Core/Src/adc.c:143:1
	add	sp, #200
	pop	{r4, r5, r6, pc}
.Ltmp45:
.Lfunc_end1:
	.size	HAL_ADC_MspInit, .Lfunc_end1-HAL_ADC_MspInit
	.cfi_endproc
	.cantunwind
	.fnend
                                        @ -- End function
	.section	.text.HAL_ADC_MspDeInit,"ax",%progbits
	.hidden	HAL_ADC_MspDeInit               @ -- Begin function HAL_ADC_MspDeInit
	.globl	HAL_ADC_MspDeInit
	.p2align	3
	.type	HAL_ADC_MspDeInit,%function
	.code	16                              @ @HAL_ADC_MspDeInit
	.thumb_func
HAL_ADC_MspDeInit:
.Lfunc_begin2:
	.loc	7 146 0                         @ ../Core/Src/adc.c:146:0
	.fnstart
	.cfi_startproc
@ %bb.0:
	@DEBUG_VALUE: HAL_ADC_MspDeInit:adcHandle <- $r0
	movw	r1, #17632
.Ltmp46:
	.loc	7 148 17 prologue_end           @ ../Core/Src/adc.c:148:17
	ldr	r2, [r0]
	movt	r1, #22530
	.loc	7 148 25 is_stmt 0              @ ../Core/Src/adc.c:148:25
	add.w	r3, r1, #6944
.Ltmp47:
	.loc	7 148 6                         @ ../Core/Src/adc.c:148:6
	cmp	r2, r3
	.loc	7 162 1 is_stmt 1               @ ../Core/Src/adc.c:162:1
	it	ne
	bxne	lr
.Ltmp48:
.LBB2_1:
	@DEBUG_VALUE: HAL_ADC_MspDeInit:adcHandle <- $r0
	.loc	7 154 5                         @ ../Core/Src/adc.c:154:5
	ldr	r2, [r1]
	bic	r2, r2, #16777216
	str	r2, [r1]
	.loc	7 157 31                        @ ../Core/Src/adc.c:157:31
	ldr	r0, [r0, #76]
.Ltmp49:
	@DEBUG_VALUE: HAL_ADC_MspDeInit:adcHandle <- [DW_OP_LLVM_entry_value 1] $r0
	.loc	7 157 5 is_stmt 0               @ ../Core/Src/adc.c:157:5
	b	HAL_DMA_DeInit
.Ltmp50:
.Lfunc_end2:
	.size	HAL_ADC_MspDeInit, .Lfunc_end2-HAL_ADC_MspDeInit
	.cfi_endproc
	.cantunwind
	.fnend
                                        @ -- End function
	.hidden	hadc3                           @ @hadc3
	.type	hadc3,%object
	.section	.bss.hadc3,"aw",%nobits
	.globl	hadc3
	.p2align	2, 0x0
hadc3:
	.zero	100
	.size	hadc3, 100

	.hidden	hdma_adc3                       @ @hdma_adc3
	.type	hdma_adc3,%object
	.section	.bss.hdma_adc3,"aw",%nobits
	.globl	hdma_adc3
	.p2align	2, 0x0
hdma_adc3:
	.zero	120
	.size	hdma_adc3, 120

	.file	8 "D:\\EV\\testadc\\MDK-ARM" "../Drivers/STM32H7xx_HAL_Driver/Inc\\stm32h7xx_hal_rcc_ex.h"
	.section	.debug_loc,"",%progbits
.Ldebug_loc0:
	.long	-1
	.long	.Lfunc_begin0                   @   base address
	.long	.Ltmp0-.Lfunc_begin0
	.long	.Ltmp1-.Lfunc_begin0
	.short	2                               @ Loc expr size
	.byte	125                             @ DW_OP_breg13
	.byte	4                               @ 4
	.long	.Ltmp1-.Lfunc_begin0
	.long	.Ltmp6-.Lfunc_begin0
	.short	10                              @ Loc expr size
	.byte	48                              @ DW_OP_lit0
	.byte	159                             @ DW_OP_stack_value
	.byte	147                             @ DW_OP_piece
	.byte	24                              @ 24
	.byte	125                             @ DW_OP_breg13
	.byte	4                               @ 4
	.byte	35                              @ DW_OP_plus_uconst
	.byte	24                              @ 24
	.byte	147                             @ DW_OP_piece
	.byte	4                               @ 4
	.long	.Ltmp6-.Lfunc_begin0
	.long	.Ltmp7-.Lfunc_begin0
	.short	18                              @ Loc expr size
	.byte	125                             @ DW_OP_breg13
	.byte	4                               @ 4
	.byte	147                             @ DW_OP_piece
	.byte	4                               @ 4
	.byte	125                             @ DW_OP_breg13
	.byte	4                               @ 4
	.byte	35                              @ DW_OP_plus_uconst
	.byte	4                               @ 4
	.byte	147                             @ DW_OP_piece
	.byte	4                               @ 4
	.byte	147                             @ DW_OP_piece
	.byte	16                              @ 16
	.byte	125                             @ DW_OP_breg13
	.byte	4                               @ 4
	.byte	35                              @ DW_OP_plus_uconst
	.byte	24                              @ 24
	.byte	147                             @ DW_OP_piece
	.byte	4                               @ 4
	.long	.Ltmp7-.Lfunc_begin0
	.long	.Ltmp8-.Lfunc_begin0
	.short	24                              @ Loc expr size
	.byte	125                             @ DW_OP_breg13
	.byte	4                               @ 4
	.byte	147                             @ DW_OP_piece
	.byte	4                               @ 4
	.byte	125                             @ DW_OP_breg13
	.byte	4                               @ 4
	.byte	35                              @ DW_OP_plus_uconst
	.byte	4                               @ 4
	.byte	147                             @ DW_OP_piece
	.byte	4                               @ 4
	.byte	147                             @ DW_OP_piece
	.byte	12                              @ 12
	.byte	125                             @ DW_OP_breg13
	.byte	4                               @ 4
	.byte	35                              @ DW_OP_plus_uconst
	.byte	20                              @ 20
	.byte	147                             @ DW_OP_piece
	.byte	4                               @ 4
	.byte	125                             @ DW_OP_breg13
	.byte	4                               @ 4
	.byte	35                              @ DW_OP_plus_uconst
	.byte	24                              @ 24
	.byte	147                             @ DW_OP_piece
	.byte	4                               @ 4
	.long	.Ltmp8-.Lfunc_begin0
	.long	.Ltmp9-.Lfunc_begin0
	.short	36                              @ Loc expr size
	.byte	125                             @ DW_OP_breg13
	.byte	4                               @ 4
	.byte	147                             @ DW_OP_piece
	.byte	4                               @ 4
	.byte	125                             @ DW_OP_breg13
	.byte	4                               @ 4
	.byte	35                              @ DW_OP_plus_uconst
	.byte	4                               @ 4
	.byte	147                             @ DW_OP_piece
	.byte	4                               @ 4
	.byte	125                             @ DW_OP_breg13
	.byte	4                               @ 4
	.byte	35                              @ DW_OP_plus_uconst
	.byte	8                               @ 8
	.byte	147                             @ DW_OP_piece
	.byte	4                               @ 4
	.byte	125                             @ DW_OP_breg13
	.byte	4                               @ 4
	.byte	35                              @ DW_OP_plus_uconst
	.byte	12                              @ 12
	.byte	147                             @ DW_OP_piece
	.byte	4                               @ 4
	.byte	147                             @ DW_OP_piece
	.byte	4                               @ 4
	.byte	125                             @ DW_OP_breg13
	.byte	4                               @ 4
	.byte	35                              @ DW_OP_plus_uconst
	.byte	20                              @ 20
	.byte	147                             @ DW_OP_piece
	.byte	4                               @ 4
	.byte	125                             @ DW_OP_breg13
	.byte	4                               @ 4
	.byte	35                              @ DW_OP_plus_uconst
	.byte	24                              @ 24
	.byte	147                             @ DW_OP_piece
	.byte	4                               @ 4
	.long	.Ltmp9-.Lfunc_begin0
	.long	.Ltmp10-.Lfunc_begin0
	.short	16                              @ Loc expr size
	.byte	125                             @ DW_OP_breg13
	.byte	4                               @ 4
	.byte	147                             @ DW_OP_piece
	.byte	25                              @ 25
	.byte	125                             @ DW_OP_breg13
	.byte	4                               @ 4
	.byte	35                              @ DW_OP_plus_uconst
	.byte	25                              @ 25
	.byte	147                             @ DW_OP_piece
	.byte	1                               @ 1
	.byte	125                             @ DW_OP_breg13
	.byte	4                               @ 4
	.byte	35                              @ DW_OP_plus_uconst
	.byte	26                              @ 26
	.byte	147                             @ DW_OP_piece
	.byte	2                               @ 2
	.long	.Ltmp10-.Lfunc_begin0
	.long	.Lfunc_end0-.Lfunc_begin0
	.short	22                              @ Loc expr size
	.byte	147                             @ DW_OP_piece
	.byte	16                              @ 16
	.byte	125                             @ DW_OP_breg13
	.byte	4                               @ 4
	.byte	35                              @ DW_OP_plus_uconst
	.byte	16                              @ 16
	.byte	147                             @ DW_OP_piece
	.byte	4                               @ 4
	.byte	147                             @ DW_OP_piece
	.byte	5                               @ 5
	.byte	125                             @ DW_OP_breg13
	.byte	4                               @ 4
	.byte	35                              @ DW_OP_plus_uconst
	.byte	25                              @ 25
	.byte	147                             @ DW_OP_piece
	.byte	1                               @ 1
	.byte	125                             @ DW_OP_breg13
	.byte	4                               @ 4
	.byte	35                              @ DW_OP_plus_uconst
	.byte	26                              @ 26
	.byte	147                             @ DW_OP_piece
	.byte	2                               @ 2
	.long	0
	.long	0
.Ldebug_loc1:
	.long	-1
	.long	.Lfunc_begin1                   @   base address
	.long	.Lfunc_begin1-.Lfunc_begin1
	.long	.Ltmp15-.Lfunc_begin1
	.short	1                               @ Loc expr size
	.byte	80                              @ DW_OP_reg0
	.long	.Ltmp15-.Lfunc_begin1
	.long	.Ltmp45-.Lfunc_begin1
	.short	1                               @ Loc expr size
	.byte	84                              @ DW_OP_reg4
	.long	0
	.long	0
.Ldebug_loc2:
	.long	-1
	.long	.Lfunc_begin1                   @   base address
	.long	.Ltmp15-.Lfunc_begin1
	.long	.Ltmp16-.Lfunc_begin1
	.short	2                               @ Loc expr size
	.byte	125                             @ DW_OP_breg13
	.byte	8                               @ 8
	.long	.Ltmp16-.Lfunc_begin1
	.long	.Ltmp23-.Lfunc_begin1
	.short	11                              @ Loc expr size
	.byte	48                              @ DW_OP_lit0
	.byte	159                             @ DW_OP_stack_value
	.byte	147                             @ DW_OP_piece
	.byte	40                              @ 40
	.byte	125                             @ DW_OP_breg13
	.byte	8                               @ 8
	.byte	35                              @ DW_OP_plus_uconst
	.byte	40                              @ 40
	.byte	147                             @ DW_OP_piece
	.byte	152                             @ 152
	.byte	1                               @ 
	.long	.Ltmp23-.Lfunc_begin1
	.long	.Ltmp24-.Lfunc_begin1
	.short	13                              @ Loc expr size
	.byte	125                             @ DW_OP_breg13
	.byte	8                               @ 8
	.byte	147                             @ DW_OP_piece
	.byte	8                               @ 8
	.byte	147                             @ DW_OP_piece
	.byte	32                              @ 32
	.byte	125                             @ DW_OP_breg13
	.byte	8                               @ 8
	.byte	35                              @ DW_OP_plus_uconst
	.byte	40                              @ 40
	.byte	147                             @ DW_OP_piece
	.byte	152                             @ 152
	.byte	1                               @ 
	.long	.Ltmp24-.Lfunc_begin1
	.long	.Ltmp25-.Lfunc_begin1
	.short	19                              @ Loc expr size
	.byte	125                             @ DW_OP_breg13
	.byte	8                               @ 8
	.byte	147                             @ DW_OP_piece
	.byte	8                               @ 8
	.byte	125                             @ DW_OP_breg13
	.byte	8                               @ 8
	.byte	35                              @ DW_OP_plus_uconst
	.byte	8                               @ 8
	.byte	147                             @ DW_OP_piece
	.byte	4                               @ 4
	.byte	147                             @ DW_OP_piece
	.byte	28                              @ 28
	.byte	125                             @ DW_OP_breg13
	.byte	8                               @ 8
	.byte	35                              @ DW_OP_plus_uconst
	.byte	40                              @ 40
	.byte	147                             @ DW_OP_piece
	.byte	152                             @ 152
	.byte	1                               @ 
	.long	.Ltmp25-.Lfunc_begin1
	.long	.Ltmp26-.Lfunc_begin1
	.short	31                              @ Loc expr size
	.byte	125                             @ DW_OP_breg13
	.byte	8                               @ 8
	.byte	147                             @ DW_OP_piece
	.byte	8                               @ 8
	.byte	125                             @ DW_OP_breg13
	.byte	8                               @ 8
	.byte	35                              @ DW_OP_plus_uconst
	.byte	8                               @ 8
	.byte	147                             @ DW_OP_piece
	.byte	4                               @ 4
	.byte	125                             @ DW_OP_breg13
	.byte	8                               @ 8
	.byte	35                              @ DW_OP_plus_uconst
	.byte	12                              @ 12
	.byte	147                             @ DW_OP_piece
	.byte	4                               @ 4
	.byte	125                             @ DW_OP_breg13
	.byte	8                               @ 8
	.byte	35                              @ DW_OP_plus_uconst
	.byte	16                              @ 16
	.byte	147                             @ DW_OP_piece
	.byte	4                               @ 4
	.byte	147                             @ DW_OP_piece
	.byte	20                              @ 20
	.byte	125                             @ DW_OP_breg13
	.byte	8                               @ 8
	.byte	35                              @ DW_OP_plus_uconst
	.byte	40                              @ 40
	.byte	147                             @ DW_OP_piece
	.byte	152                             @ 152
	.byte	1                               @ 
	.long	.Ltmp26-.Lfunc_begin1
	.long	.Ltmp27-.Lfunc_begin1
	.short	37                              @ Loc expr size
	.byte	125                             @ DW_OP_breg13
	.byte	8                               @ 8
	.byte	147                             @ DW_OP_piece
	.byte	8                               @ 8
	.byte	125                             @ DW_OP_breg13
	.byte	8                               @ 8
	.byte	35                              @ DW_OP_plus_uconst
	.byte	8                               @ 8
	.byte	147                             @ DW_OP_piece
	.byte	4                               @ 4
	.byte	125                             @ DW_OP_breg13
	.byte	8                               @ 8
	.byte	35                              @ DW_OP_plus_uconst
	.byte	12                              @ 12
	.byte	147                             @ DW_OP_piece
	.byte	4                               @ 4
	.byte	125                             @ DW_OP_breg13
	.byte	8                               @ 8
	.byte	35                              @ DW_OP_plus_uconst
	.byte	16                              @ 16
	.byte	147                             @ DW_OP_piece
	.byte	4                               @ 4
	.byte	125                             @ DW_OP_breg13
	.byte	8                               @ 8
	.byte	35                              @ DW_OP_plus_uconst
	.byte	20                              @ 20
	.byte	147                             @ DW_OP_piece
	.byte	4                               @ 4
	.byte	147                             @ DW_OP_piece
	.byte	16                              @ 16
	.byte	125                             @ DW_OP_breg13
	.byte	8                               @ 8
	.byte	35                              @ DW_OP_plus_uconst
	.byte	40                              @ 40
	.byte	147                             @ DW_OP_piece
	.byte	152                             @ 152
	.byte	1                               @ 
	.long	.Ltmp27-.Lfunc_begin1
	.long	.Ltmp28-.Lfunc_begin1
	.short	43                              @ Loc expr size
	.byte	125                             @ DW_OP_breg13
	.byte	8                               @ 8
	.byte	147                             @ DW_OP_piece
	.byte	8                               @ 8
	.byte	125                             @ DW_OP_breg13
	.byte	8                               @ 8
	.byte	35                              @ DW_OP_plus_uconst
	.byte	8                               @ 8
	.byte	147                             @ DW_OP_piece
	.byte	4                               @ 4
	.byte	125                             @ DW_OP_breg13
	.byte	8                               @ 8
	.byte	35                              @ DW_OP_plus_uconst
	.byte	12                              @ 12
	.byte	147                             @ DW_OP_piece
	.byte	4                               @ 4
	.byte	125                             @ DW_OP_breg13
	.byte	8                               @ 8
	.byte	35                              @ DW_OP_plus_uconst
	.byte	16                              @ 16
	.byte	147                             @ DW_OP_piece
	.byte	4                               @ 4
	.byte	125                             @ DW_OP_breg13
	.byte	8                               @ 8
	.byte	35                              @ DW_OP_plus_uconst
	.byte	20                              @ 20
	.byte	147                             @ DW_OP_piece
	.byte	4                               @ 4
	.byte	125                             @ DW_OP_breg13
	.byte	8                               @ 8
	.byte	35                              @ DW_OP_plus_uconst
	.byte	24                              @ 24
	.byte	147                             @ DW_OP_piece
	.byte	4                               @ 4
	.byte	147                             @ DW_OP_piece
	.byte	12                              @ 12
	.byte	125                             @ DW_OP_breg13
	.byte	8                               @ 8
	.byte	35                              @ DW_OP_plus_uconst
	.byte	40                              @ 40
	.byte	147                             @ DW_OP_piece
	.byte	152                             @ 152
	.byte	1                               @ 
	.long	.Ltmp28-.Lfunc_begin1
	.long	.Ltmp29-.Lfunc_begin1
	.short	55                              @ Loc expr size
	.byte	125                             @ DW_OP_breg13
	.byte	8                               @ 8
	.byte	147                             @ DW_OP_piece
	.byte	8                               @ 8
	.byte	125                             @ DW_OP_breg13
	.byte	8                               @ 8
	.byte	35                              @ DW_OP_plus_uconst
	.byte	8                               @ 8
	.byte	147                             @ DW_OP_piece
	.byte	4                               @ 4
	.byte	125                             @ DW_OP_breg13
	.byte	8                               @ 8
	.byte	35                              @ DW_OP_plus_uconst
	.byte	12                              @ 12
	.byte	147                             @ DW_OP_piece
	.byte	4                               @ 4
	.byte	125                             @ DW_OP_breg13
	.byte	8                               @ 8
	.byte	35                              @ DW_OP_plus_uconst
	.byte	16                              @ 16
	.byte	147                             @ DW_OP_piece
	.byte	4                               @ 4
	.byte	125                             @ DW_OP_breg13
	.byte	8                               @ 8
	.byte	35                              @ DW_OP_plus_uconst
	.byte	20                              @ 20
	.byte	147                             @ DW_OP_piece
	.byte	4                               @ 4
	.byte	125                             @ DW_OP_breg13
	.byte	8                               @ 8
	.byte	35                              @ DW_OP_plus_uconst
	.byte	24                              @ 24
	.byte	147                             @ DW_OP_piece
	.byte	4                               @ 4
	.byte	125                             @ DW_OP_breg13
	.byte	8                               @ 8
	.byte	35                              @ DW_OP_plus_uconst
	.byte	28                              @ 28
	.byte	147                             @ DW_OP_piece
	.byte	4                               @ 4
	.byte	125                             @ DW_OP_breg13
	.byte	8                               @ 8
	.byte	35                              @ DW_OP_plus_uconst
	.byte	32                              @ 32
	.byte	147                             @ DW_OP_piece
	.byte	4                               @ 4
	.byte	147                             @ DW_OP_piece
	.byte	4                               @ 4
	.byte	125                             @ DW_OP_breg13
	.byte	8                               @ 8
	.byte	35                              @ DW_OP_plus_uconst
	.byte	40                              @ 40
	.byte	147                             @ DW_OP_piece
	.byte	152                             @ 152
	.byte	1                               @ 
	.long	.Ltmp29-.Lfunc_begin1
	.long	.Lfunc_end1-.Lfunc_begin1
	.short	16                              @ Loc expr size
	.byte	125                             @ DW_OP_breg13
	.byte	8                               @ 8
	.byte	147                             @ DW_OP_piece
	.byte	164                             @ 164
	.byte	1                               @ 
	.byte	48                              @ DW_OP_lit0
	.byte	159                             @ DW_OP_stack_value
	.byte	147                             @ DW_OP_piece
	.byte	4                               @ 4
	.byte	125                             @ DW_OP_breg13
	.byte	8                               @ 8
	.byte	35                              @ DW_OP_plus_uconst
	.byte	168                             @ 168
	.byte	1                               @ 
	.byte	147                             @ DW_OP_piece
	.byte	24                              @ 24
	.long	0
	.long	0
.Ldebug_loc3:
	.long	-1
	.long	.Lfunc_begin2                   @   base address
	.long	.Lfunc_begin2-.Lfunc_begin2
	.long	.Ltmp49-.Lfunc_begin2
	.short	1                               @ Loc expr size
	.byte	80                              @ DW_OP_reg0
	.long	.Ltmp49-.Lfunc_begin2
	.long	.Lfunc_end2-.Lfunc_begin2
	.short	4                               @ Loc expr size
	.byte	243                             @ DW_OP_GNU_entry_value
	.byte	1                               @ 1
	.byte	80                              @ DW_OP_reg0
	.byte	159                             @ DW_OP_stack_value
	.long	0
	.long	0
	.section	.debug_abbrev,"",%progbits
	.byte	1                               @ Abbreviation Code
	.byte	17                              @ DW_TAG_compile_unit
	.byte	1                               @ DW_CHILDREN_yes
	.byte	37                              @ DW_AT_producer
	.byte	14                              @ DW_FORM_strp
	.byte	19                              @ DW_AT_language
	.byte	5                               @ DW_FORM_data2
	.byte	3                               @ DW_AT_name
	.byte	14                              @ DW_FORM_strp
	.byte	16                              @ DW_AT_stmt_list
	.byte	23                              @ DW_FORM_sec_offset
	.byte	27                              @ DW_AT_comp_dir
	.byte	14                              @ DW_FORM_strp
	.byte	17                              @ DW_AT_low_pc
	.byte	1                               @ DW_FORM_addr
	.byte	85                              @ DW_AT_ranges
	.byte	23                              @ DW_FORM_sec_offset
	.byte	0                               @ EOM(1)
	.byte	0                               @ EOM(2)
	.byte	2                               @ Abbreviation Code
	.byte	52                              @ DW_TAG_variable
	.byte	0                               @ DW_CHILDREN_no
	.byte	3                               @ DW_AT_name
	.byte	14                              @ DW_FORM_strp
	.byte	73                              @ DW_AT_type
	.byte	19                              @ DW_FORM_ref4
	.byte	63                              @ DW_AT_external
	.byte	25                              @ DW_FORM_flag_present
	.byte	58                              @ DW_AT_decl_file
	.byte	11                              @ DW_FORM_data1
	.byte	59                              @ DW_AT_decl_line
	.byte	11                              @ DW_FORM_data1
	.byte	2                               @ DW_AT_location
	.byte	24                              @ DW_FORM_exprloc
	.byte	0                               @ EOM(1)
	.byte	0                               @ EOM(2)
	.byte	3                               @ Abbreviation Code
	.byte	22                              @ DW_TAG_typedef
	.byte	0                               @ DW_CHILDREN_no
	.byte	73                              @ DW_AT_type
	.byte	19                              @ DW_FORM_ref4
	.byte	3                               @ DW_AT_name
	.byte	14                              @ DW_FORM_strp
	.byte	58                              @ DW_AT_decl_file
	.byte	11                              @ DW_FORM_data1
	.byte	59                              @ DW_AT_decl_line
	.byte	5                               @ DW_FORM_data2
	.byte	0                               @ EOM(1)
	.byte	0                               @ EOM(2)
	.byte	4                               @ Abbreviation Code
	.byte	19                              @ DW_TAG_structure_type
	.byte	1                               @ DW_CHILDREN_yes
	.byte	11                              @ DW_AT_byte_size
	.byte	11                              @ DW_FORM_data1
	.byte	58                              @ DW_AT_decl_file
	.byte	11                              @ DW_FORM_data1
	.byte	59                              @ DW_AT_decl_line
	.byte	5                               @ DW_FORM_data2
	.byte	0                               @ EOM(1)
	.byte	0                               @ EOM(2)
	.byte	5                               @ Abbreviation Code
	.byte	13                              @ DW_TAG_member
	.byte	0                               @ DW_CHILDREN_no
	.byte	3                               @ DW_AT_name
	.byte	14                              @ DW_FORM_strp
	.byte	73                              @ DW_AT_type
	.byte	19                              @ DW_FORM_ref4
	.byte	58                              @ DW_AT_decl_file
	.byte	11                              @ DW_FORM_data1
	.byte	59                              @ DW_AT_decl_line
	.byte	5                               @ DW_FORM_data2
	.byte	56                              @ DW_AT_data_member_location
	.byte	11                              @ DW_FORM_data1
	.byte	0                               @ EOM(1)
	.byte	0                               @ EOM(2)
	.byte	6                               @ Abbreviation Code
	.byte	15                              @ DW_TAG_pointer_type
	.byte	0                               @ DW_CHILDREN_no
	.byte	73                              @ DW_AT_type
	.byte	19                              @ DW_FORM_ref4
	.byte	0                               @ EOM(1)
	.byte	0                               @ EOM(2)
	.byte	7                               @ Abbreviation Code
	.byte	19                              @ DW_TAG_structure_type
	.byte	1                               @ DW_CHILDREN_yes
	.byte	11                              @ DW_AT_byte_size
	.byte	11                              @ DW_FORM_data1
	.byte	58                              @ DW_AT_decl_file
	.byte	11                              @ DW_FORM_data1
	.byte	59                              @ DW_AT_decl_line
	.byte	11                              @ DW_FORM_data1
	.byte	0                               @ EOM(1)
	.byte	0                               @ EOM(2)
	.byte	8                               @ Abbreviation Code
	.byte	13                              @ DW_TAG_member
	.byte	0                               @ DW_CHILDREN_no
	.byte	3                               @ DW_AT_name
	.byte	14                              @ DW_FORM_strp
	.byte	73                              @ DW_AT_type
	.byte	19                              @ DW_FORM_ref4
	.byte	58                              @ DW_AT_decl_file
	.byte	11                              @ DW_FORM_data1
	.byte	59                              @ DW_AT_decl_line
	.byte	11                              @ DW_FORM_data1
	.byte	56                              @ DW_AT_data_member_location
	.byte	11                              @ DW_FORM_data1
	.byte	0                               @ EOM(1)
	.byte	0                               @ EOM(2)
	.byte	9                               @ Abbreviation Code
	.byte	53                              @ DW_TAG_volatile_type
	.byte	0                               @ DW_CHILDREN_no
	.byte	73                              @ DW_AT_type
	.byte	19                              @ DW_FORM_ref4
	.byte	0                               @ EOM(1)
	.byte	0                               @ EOM(2)
	.byte	10                              @ Abbreviation Code
	.byte	22                              @ DW_TAG_typedef
	.byte	0                               @ DW_CHILDREN_no
	.byte	73                              @ DW_AT_type
	.byte	19                              @ DW_FORM_ref4
	.byte	3                               @ DW_AT_name
	.byte	14                              @ DW_FORM_strp
	.byte	58                              @ DW_AT_decl_file
	.byte	11                              @ DW_FORM_data1
	.byte	59                              @ DW_AT_decl_line
	.byte	11                              @ DW_FORM_data1
	.byte	0                               @ EOM(1)
	.byte	0                               @ EOM(2)
	.byte	11                              @ Abbreviation Code
	.byte	36                              @ DW_TAG_base_type
	.byte	0                               @ DW_CHILDREN_no
	.byte	3                               @ DW_AT_name
	.byte	14                              @ DW_FORM_strp
	.byte	62                              @ DW_AT_encoding
	.byte	11                              @ DW_FORM_data1
	.byte	11                              @ DW_AT_byte_size
	.byte	11                              @ DW_FORM_data1
	.byte	0                               @ EOM(1)
	.byte	0                               @ EOM(2)
	.byte	12                              @ Abbreviation Code
	.byte	1                               @ DW_TAG_array_type
	.byte	1                               @ DW_CHILDREN_yes
	.byte	73                              @ DW_AT_type
	.byte	19                              @ DW_FORM_ref4
	.byte	0                               @ EOM(1)
	.byte	0                               @ EOM(2)
	.byte	13                              @ Abbreviation Code
	.byte	33                              @ DW_TAG_subrange_type
	.byte	0                               @ DW_CHILDREN_no
	.byte	73                              @ DW_AT_type
	.byte	19                              @ DW_FORM_ref4
	.byte	55                              @ DW_AT_count
	.byte	11                              @ DW_FORM_data1
	.byte	0                               @ EOM(1)
	.byte	0                               @ EOM(2)
	.byte	14                              @ Abbreviation Code
	.byte	36                              @ DW_TAG_base_type
	.byte	0                               @ DW_CHILDREN_no
	.byte	3                               @ DW_AT_name
	.byte	14                              @ DW_FORM_strp
	.byte	11                              @ DW_AT_byte_size
	.byte	11                              @ DW_FORM_data1
	.byte	62                              @ DW_AT_encoding
	.byte	11                              @ DW_FORM_data1
	.byte	0                               @ EOM(1)
	.byte	0                               @ EOM(2)
	.byte	15                              @ Abbreviation Code
	.byte	4                               @ DW_TAG_enumeration_type
	.byte	1                               @ DW_CHILDREN_yes
	.byte	73                              @ DW_AT_type
	.byte	19                              @ DW_FORM_ref4
	.byte	11                              @ DW_AT_byte_size
	.byte	11                              @ DW_FORM_data1
	.byte	58                              @ DW_AT_decl_file
	.byte	11                              @ DW_FORM_data1
	.byte	59                              @ DW_AT_decl_line
	.byte	11                              @ DW_FORM_data1
	.byte	0                               @ EOM(1)
	.byte	0                               @ EOM(2)
	.byte	16                              @ Abbreviation Code
	.byte	40                              @ DW_TAG_enumerator
	.byte	0                               @ DW_CHILDREN_no
	.byte	3                               @ DW_AT_name
	.byte	14                              @ DW_FORM_strp
	.byte	28                              @ DW_AT_const_value
	.byte	15                              @ DW_FORM_udata
	.byte	0                               @ EOM(1)
	.byte	0                               @ EOM(2)
	.byte	17                              @ Abbreviation Code
	.byte	19                              @ DW_TAG_structure_type
	.byte	1                               @ DW_CHILDREN_yes
	.byte	3                               @ DW_AT_name
	.byte	14                              @ DW_FORM_strp
	.byte	11                              @ DW_AT_byte_size
	.byte	11                              @ DW_FORM_data1
	.byte	58                              @ DW_AT_decl_file
	.byte	11                              @ DW_FORM_data1
	.byte	59                              @ DW_AT_decl_line
	.byte	11                              @ DW_FORM_data1
	.byte	0                               @ EOM(1)
	.byte	0                               @ EOM(2)
	.byte	18                              @ Abbreviation Code
	.byte	15                              @ DW_TAG_pointer_type
	.byte	0                               @ DW_CHILDREN_no
	.byte	0                               @ EOM(1)
	.byte	0                               @ EOM(2)
	.byte	19                              @ Abbreviation Code
	.byte	21                              @ DW_TAG_subroutine_type
	.byte	1                               @ DW_CHILDREN_yes
	.byte	39                              @ DW_AT_prototyped
	.byte	25                              @ DW_FORM_flag_present
	.byte	0                               @ EOM(1)
	.byte	0                               @ EOM(2)
	.byte	20                              @ Abbreviation Code
	.byte	5                               @ DW_TAG_formal_parameter
	.byte	0                               @ DW_CHILDREN_no
	.byte	73                              @ DW_AT_type
	.byte	19                              @ DW_FORM_ref4
	.byte	0                               @ EOM(1)
	.byte	0                               @ EOM(2)
	.byte	21                              @ Abbreviation Code
	.byte	19                              @ DW_TAG_structure_type
	.byte	1                               @ DW_CHILDREN_yes
	.byte	11                              @ DW_AT_byte_size
	.byte	5                               @ DW_FORM_data2
	.byte	58                              @ DW_AT_decl_file
	.byte	11                              @ DW_FORM_data1
	.byte	59                              @ DW_AT_decl_line
	.byte	5                               @ DW_FORM_data2
	.byte	0                               @ EOM(1)
	.byte	0                               @ EOM(2)
	.byte	22                              @ Abbreviation Code
	.byte	13                              @ DW_TAG_member
	.byte	0                               @ DW_CHILDREN_no
	.byte	3                               @ DW_AT_name
	.byte	14                              @ DW_FORM_strp
	.byte	73                              @ DW_AT_type
	.byte	19                              @ DW_FORM_ref4
	.byte	58                              @ DW_AT_decl_file
	.byte	11                              @ DW_FORM_data1
	.byte	59                              @ DW_AT_decl_line
	.byte	5                               @ DW_FORM_data2
	.byte	56                              @ DW_AT_data_member_location
	.byte	5                               @ DW_FORM_data2
	.byte	0                               @ EOM(1)
	.byte	0                               @ EOM(2)
	.byte	23                              @ Abbreviation Code
	.byte	46                              @ DW_TAG_subprogram
	.byte	1                               @ DW_CHILDREN_yes
	.byte	17                              @ DW_AT_low_pc
	.byte	1                               @ DW_FORM_addr
	.byte	18                              @ DW_AT_high_pc
	.byte	6                               @ DW_FORM_data4
	.byte	64                              @ DW_AT_frame_base
	.byte	24                              @ DW_FORM_exprloc
	.ascii	"\227B"                         @ DW_AT_GNU_all_call_sites
	.byte	25                              @ DW_FORM_flag_present
	.byte	3                               @ DW_AT_name
	.byte	14                              @ DW_FORM_strp
	.byte	58                              @ DW_AT_decl_file
	.byte	11                              @ DW_FORM_data1
	.byte	59                              @ DW_AT_decl_line
	.byte	11                              @ DW_FORM_data1
	.byte	39                              @ DW_AT_prototyped
	.byte	25                              @ DW_FORM_flag_present
	.byte	63                              @ DW_AT_external
	.byte	25                              @ DW_FORM_flag_present
	.byte	0                               @ EOM(1)
	.byte	0                               @ EOM(2)
	.byte	24                              @ Abbreviation Code
	.byte	52                              @ DW_TAG_variable
	.byte	0                               @ DW_CHILDREN_no
	.byte	2                               @ DW_AT_location
	.byte	23                              @ DW_FORM_sec_offset
	.byte	3                               @ DW_AT_name
	.byte	14                              @ DW_FORM_strp
	.byte	58                              @ DW_AT_decl_file
	.byte	11                              @ DW_FORM_data1
	.byte	59                              @ DW_AT_decl_line
	.byte	11                              @ DW_FORM_data1
	.byte	73                              @ DW_AT_type
	.byte	19                              @ DW_FORM_ref4
	.byte	0                               @ EOM(1)
	.byte	0                               @ EOM(2)
	.byte	25                              @ Abbreviation Code
	.byte	5                               @ DW_TAG_formal_parameter
	.byte	0                               @ DW_CHILDREN_no
	.byte	2                               @ DW_AT_location
	.byte	23                              @ DW_FORM_sec_offset
	.byte	3                               @ DW_AT_name
	.byte	14                              @ DW_FORM_strp
	.byte	58                              @ DW_AT_decl_file
	.byte	11                              @ DW_FORM_data1
	.byte	59                              @ DW_AT_decl_line
	.byte	11                              @ DW_FORM_data1
	.byte	73                              @ DW_AT_type
	.byte	19                              @ DW_FORM_ref4
	.byte	0                               @ EOM(1)
	.byte	0                               @ EOM(2)
	.byte	26                              @ Abbreviation Code
	.byte	11                              @ DW_TAG_lexical_block
	.byte	1                               @ DW_CHILDREN_yes
	.byte	17                              @ DW_AT_low_pc
	.byte	1                               @ DW_FORM_addr
	.byte	18                              @ DW_AT_high_pc
	.byte	6                               @ DW_FORM_data4
	.byte	0                               @ EOM(1)
	.byte	0                               @ EOM(2)
	.byte	27                              @ Abbreviation Code
	.byte	52                              @ DW_TAG_variable
	.byte	0                               @ DW_CHILDREN_no
	.byte	2                               @ DW_AT_location
	.byte	24                              @ DW_FORM_exprloc
	.byte	3                               @ DW_AT_name
	.byte	14                              @ DW_FORM_strp
	.byte	58                              @ DW_AT_decl_file
	.byte	11                              @ DW_FORM_data1
	.byte	59                              @ DW_AT_decl_line
	.byte	11                              @ DW_FORM_data1
	.byte	73                              @ DW_AT_type
	.byte	19                              @ DW_FORM_ref4
	.byte	0                               @ EOM(1)
	.byte	0                               @ EOM(2)
	.byte	28                              @ Abbreviation Code
	.byte	11                              @ DW_TAG_lexical_block
	.byte	1                               @ DW_CHILDREN_yes
	.byte	85                              @ DW_AT_ranges
	.byte	23                              @ DW_FORM_sec_offset
	.byte	0                               @ EOM(1)
	.byte	0                               @ EOM(2)
	.byte	29                              @ Abbreviation Code
	.ascii	"\211\202\001"                  @ DW_TAG_GNU_call_site
	.byte	0                               @ DW_CHILDREN_no
	.byte	49                              @ DW_AT_abstract_origin
	.byte	19                              @ DW_FORM_ref4
	.ascii	"\225B"                         @ DW_AT_GNU_tail_call
	.byte	25                              @ DW_FORM_flag_present
	.byte	17                              @ DW_AT_low_pc
	.byte	1                               @ DW_FORM_addr
	.byte	0                               @ EOM(1)
	.byte	0                               @ EOM(2)
	.byte	30                              @ Abbreviation Code
	.byte	46                              @ DW_TAG_subprogram
	.byte	1                               @ DW_CHILDREN_yes
	.byte	3                               @ DW_AT_name
	.byte	14                              @ DW_FORM_strp
	.byte	58                              @ DW_AT_decl_file
	.byte	11                              @ DW_FORM_data1
	.byte	59                              @ DW_AT_decl_line
	.byte	5                               @ DW_FORM_data2
	.byte	39                              @ DW_AT_prototyped
	.byte	25                              @ DW_FORM_flag_present
	.byte	73                              @ DW_AT_type
	.byte	19                              @ DW_FORM_ref4
	.byte	60                              @ DW_AT_declaration
	.byte	25                              @ DW_FORM_flag_present
	.byte	63                              @ DW_AT_external
	.byte	25                              @ DW_FORM_flag_present
	.byte	0                               @ EOM(1)
	.byte	0                               @ EOM(2)
	.byte	0                               @ EOM(3)
	.section	.debug_info,"",%progbits
.Lcu_begin0:
	.long	.Ldebug_info_end0-.Ldebug_info_start0 @ Length of Unit
.Ldebug_info_start0:
	.short	4                               @ DWARF version number
	.long	.debug_abbrev                   @ Offset Into Abbrev. Section
	.byte	4                               @ Address Size (in bytes)
	.byte	1                               @ Abbrev [1] 0xb:0xee6 DW_TAG_compile_unit
	.long	.Linfo_string0                  @ DW_AT_producer
	.short	12                              @ DW_AT_language
	.long	.Linfo_string1                  @ DW_AT_name
	.long	.Lline_table_start0             @ DW_AT_stmt_list
	.long	.Linfo_string2                  @ DW_AT_comp_dir
	.long	0                               @ DW_AT_low_pc
	.long	.Ldebug_ranges1                 @ DW_AT_ranges
	.byte	2                               @ Abbrev [2] 0x26:0x11 DW_TAG_variable
	.long	.Linfo_string3                  @ DW_AT_name
	.long	55                              @ DW_AT_type
                                        @ DW_AT_external
	.byte	7                               @ DW_AT_decl_file
	.byte	27                              @ DW_AT_decl_line
	.byte	5                               @ DW_AT_location
	.byte	3
	.long	hadc3
	.byte	3                               @ Abbrev [3] 0x37:0xc DW_TAG_typedef
	.long	67                              @ DW_AT_type
	.long	.Linfo_string135                @ DW_AT_name
	.byte	3                               @ DW_AT_decl_file
	.short	431                             @ DW_AT_decl_line
	.byte	4                               @ Abbrev [4] 0x43:0x61 DW_TAG_structure_type
	.byte	100                             @ DW_AT_byte_size
	.byte	3                               @ DW_AT_decl_file
	.short	408                             @ DW_AT_decl_line
	.byte	5                               @ Abbrev [5] 0x48:0xd DW_TAG_member
	.long	.Linfo_string4                  @ DW_AT_name
	.long	164                             @ DW_AT_type
	.byte	3                               @ DW_AT_decl_file
	.short	411                             @ DW_AT_decl_line
	.byte	0                               @ DW_AT_data_member_location
	.byte	5                               @ Abbrev [5] 0x55:0xd DW_TAG_member
	.long	.Linfo_string51                 @ DW_AT_name
	.long	762                             @ DW_AT_type
	.byte	3                               @ DW_AT_decl_file
	.short	412                             @ DW_AT_decl_line
	.byte	4                               @ DW_AT_data_member_location
	.byte	5                               @ Abbrev [5] 0x62:0xd DW_TAG_member
	.long	.Linfo_string78                 @ DW_AT_name
	.long	1073                            @ DW_AT_type
	.byte	3                               @ DW_AT_decl_file
	.short	413                             @ DW_AT_decl_line
	.byte	76                              @ DW_AT_data_member_location
	.byte	5                               @ Abbrev [5] 0x6f:0xd DW_TAG_member
	.long	.Linfo_string92                 @ DW_AT_name
	.long	1499                            @ DW_AT_type
	.byte	3                               @ DW_AT_decl_file
	.short	414                             @ DW_AT_decl_line
	.byte	80                              @ DW_AT_data_member_location
	.byte	5                               @ Abbrev [5] 0x7c:0xd DW_TAG_member
	.long	.Linfo_string96                 @ DW_AT_name
	.long	720                             @ DW_AT_type
	.byte	3                               @ DW_AT_decl_file
	.short	415                             @ DW_AT_decl_line
	.byte	84                              @ DW_AT_data_member_location
	.byte	5                               @ Abbrev [5] 0x89:0xd DW_TAG_member
	.long	.Linfo_string110                @ DW_AT_name
	.long	720                             @ DW_AT_type
	.byte	3                               @ DW_AT_decl_file
	.short	416                             @ DW_AT_decl_line
	.byte	88                              @ DW_AT_data_member_location
	.byte	5                               @ Abbrev [5] 0x96:0xd DW_TAG_member
	.long	.Linfo_string131                @ DW_AT_name
	.long	1773                            @ DW_AT_type
	.byte	3                               @ DW_AT_decl_file
	.short	417                             @ DW_AT_decl_line
	.byte	92                              @ DW_AT_data_member_location
	.byte	0                               @ End Of Children Mark
	.byte	6                               @ Abbrev [6] 0xa4:0x5 DW_TAG_pointer_type
	.long	169                             @ DW_AT_type
	.byte	3                               @ Abbrev [3] 0xa9:0xc DW_TAG_typedef
	.long	181                             @ DW_AT_type
	.long	.Linfo_string50                 @ DW_AT_name
	.byte	2                               @ DW_AT_decl_file
	.short	286                             @ DW_AT_decl_line
	.byte	7                               @ Abbrev [7] 0xb5:0x21b DW_TAG_structure_type
	.byte	204                             @ DW_AT_byte_size
	.byte	2                               @ DW_AT_decl_file
	.byte	242                             @ DW_AT_decl_line
	.byte	8                               @ Abbrev [8] 0xb9:0xc DW_TAG_member
	.long	.Linfo_string5                  @ DW_AT_name
	.long	720                             @ DW_AT_type
	.byte	2                               @ DW_AT_decl_file
	.byte	244                             @ DW_AT_decl_line
	.byte	0                               @ DW_AT_data_member_location
	.byte	8                               @ Abbrev [8] 0xc5:0xc DW_TAG_member
	.long	.Linfo_string8                  @ DW_AT_name
	.long	720                             @ DW_AT_type
	.byte	2                               @ DW_AT_decl_file
	.byte	245                             @ DW_AT_decl_line
	.byte	4                               @ DW_AT_data_member_location
	.byte	8                               @ Abbrev [8] 0xd1:0xc DW_TAG_member
	.long	.Linfo_string9                  @ DW_AT_name
	.long	720                             @ DW_AT_type
	.byte	2                               @ DW_AT_decl_file
	.byte	246                             @ DW_AT_decl_line
	.byte	8                               @ DW_AT_data_member_location
	.byte	8                               @ Abbrev [8] 0xdd:0xc DW_TAG_member
	.long	.Linfo_string10                 @ DW_AT_name
	.long	720                             @ DW_AT_type
	.byte	2                               @ DW_AT_decl_file
	.byte	247                             @ DW_AT_decl_line
	.byte	12                              @ DW_AT_data_member_location
	.byte	8                               @ Abbrev [8] 0xe9:0xc DW_TAG_member
	.long	.Linfo_string11                 @ DW_AT_name
	.long	720                             @ DW_AT_type
	.byte	2                               @ DW_AT_decl_file
	.byte	248                             @ DW_AT_decl_line
	.byte	16                              @ DW_AT_data_member_location
	.byte	8                               @ Abbrev [8] 0xf5:0xc DW_TAG_member
	.long	.Linfo_string12                 @ DW_AT_name
	.long	720                             @ DW_AT_type
	.byte	2                               @ DW_AT_decl_file
	.byte	249                             @ DW_AT_decl_line
	.byte	20                              @ DW_AT_data_member_location
	.byte	8                               @ Abbrev [8] 0x101:0xc DW_TAG_member
	.long	.Linfo_string13                 @ DW_AT_name
	.long	720                             @ DW_AT_type
	.byte	2                               @ DW_AT_decl_file
	.byte	250                             @ DW_AT_decl_line
	.byte	24                              @ DW_AT_data_member_location
	.byte	8                               @ Abbrev [8] 0x10d:0xc DW_TAG_member
	.long	.Linfo_string14                 @ DW_AT_name
	.long	720                             @ DW_AT_type
	.byte	2                               @ DW_AT_decl_file
	.byte	251                             @ DW_AT_decl_line
	.byte	28                              @ DW_AT_data_member_location
	.byte	8                               @ Abbrev [8] 0x119:0xc DW_TAG_member
	.long	.Linfo_string15                 @ DW_AT_name
	.long	720                             @ DW_AT_type
	.byte	2                               @ DW_AT_decl_file
	.byte	252                             @ DW_AT_decl_line
	.byte	32                              @ DW_AT_data_member_location
	.byte	8                               @ Abbrev [8] 0x125:0xc DW_TAG_member
	.long	.Linfo_string16                 @ DW_AT_name
	.long	720                             @ DW_AT_type
	.byte	2                               @ DW_AT_decl_file
	.byte	253                             @ DW_AT_decl_line
	.byte	36                              @ DW_AT_data_member_location
	.byte	8                               @ Abbrev [8] 0x131:0xc DW_TAG_member
	.long	.Linfo_string17                 @ DW_AT_name
	.long	725                             @ DW_AT_type
	.byte	2                               @ DW_AT_decl_file
	.byte	254                             @ DW_AT_decl_line
	.byte	40                              @ DW_AT_data_member_location
	.byte	8                               @ Abbrev [8] 0x13d:0xc DW_TAG_member
	.long	.Linfo_string18                 @ DW_AT_name
	.long	725                             @ DW_AT_type
	.byte	2                               @ DW_AT_decl_file
	.byte	255                             @ DW_AT_decl_line
	.byte	44                              @ DW_AT_data_member_location
	.byte	5                               @ Abbrev [5] 0x149:0xd DW_TAG_member
	.long	.Linfo_string19                 @ DW_AT_name
	.long	720                             @ DW_AT_type
	.byte	2                               @ DW_AT_decl_file
	.short	256                             @ DW_AT_decl_line
	.byte	48                              @ DW_AT_data_member_location
	.byte	5                               @ Abbrev [5] 0x156:0xd DW_TAG_member
	.long	.Linfo_string20                 @ DW_AT_name
	.long	720                             @ DW_AT_type
	.byte	2                               @ DW_AT_decl_file
	.short	257                             @ DW_AT_decl_line
	.byte	52                              @ DW_AT_data_member_location
	.byte	5                               @ Abbrev [5] 0x163:0xd DW_TAG_member
	.long	.Linfo_string21                 @ DW_AT_name
	.long	720                             @ DW_AT_type
	.byte	2                               @ DW_AT_decl_file
	.short	258                             @ DW_AT_decl_line
	.byte	56                              @ DW_AT_data_member_location
	.byte	5                               @ Abbrev [5] 0x170:0xd DW_TAG_member
	.long	.Linfo_string22                 @ DW_AT_name
	.long	720                             @ DW_AT_type
	.byte	2                               @ DW_AT_decl_file
	.short	259                             @ DW_AT_decl_line
	.byte	60                              @ DW_AT_data_member_location
	.byte	5                               @ Abbrev [5] 0x17d:0xd DW_TAG_member
	.long	.Linfo_string23                 @ DW_AT_name
	.long	720                             @ DW_AT_type
	.byte	2                               @ DW_AT_decl_file
	.short	260                             @ DW_AT_decl_line
	.byte	64                              @ DW_AT_data_member_location
	.byte	5                               @ Abbrev [5] 0x18a:0xd DW_TAG_member
	.long	.Linfo_string24                 @ DW_AT_name
	.long	725                             @ DW_AT_type
	.byte	2                               @ DW_AT_decl_file
	.short	261                             @ DW_AT_decl_line
	.byte	68                              @ DW_AT_data_member_location
	.byte	5                               @ Abbrev [5] 0x197:0xd DW_TAG_member
	.long	.Linfo_string25                 @ DW_AT_name
	.long	725                             @ DW_AT_type
	.byte	2                               @ DW_AT_decl_file
	.short	262                             @ DW_AT_decl_line
	.byte	72                              @ DW_AT_data_member_location
	.byte	5                               @ Abbrev [5] 0x1a4:0xd DW_TAG_member
	.long	.Linfo_string26                 @ DW_AT_name
	.long	720                             @ DW_AT_type
	.byte	2                               @ DW_AT_decl_file
	.short	263                             @ DW_AT_decl_line
	.byte	76                              @ DW_AT_data_member_location
	.byte	5                               @ Abbrev [5] 0x1b1:0xd DW_TAG_member
	.long	.Linfo_string27                 @ DW_AT_name
	.long	743                             @ DW_AT_type
	.byte	2                               @ DW_AT_decl_file
	.short	264                             @ DW_AT_decl_line
	.byte	80                              @ DW_AT_data_member_location
	.byte	5                               @ Abbrev [5] 0x1be:0xd DW_TAG_member
	.long	.Linfo_string29                 @ DW_AT_name
	.long	720                             @ DW_AT_type
	.byte	2                               @ DW_AT_decl_file
	.short	265                             @ DW_AT_decl_line
	.byte	96                              @ DW_AT_data_member_location
	.byte	5                               @ Abbrev [5] 0x1cb:0xd DW_TAG_member
	.long	.Linfo_string30                 @ DW_AT_name
	.long	720                             @ DW_AT_type
	.byte	2                               @ DW_AT_decl_file
	.short	266                             @ DW_AT_decl_line
	.byte	100                             @ DW_AT_data_member_location
	.byte	5                               @ Abbrev [5] 0x1d8:0xd DW_TAG_member
	.long	.Linfo_string31                 @ DW_AT_name
	.long	720                             @ DW_AT_type
	.byte	2                               @ DW_AT_decl_file
	.short	267                             @ DW_AT_decl_line
	.byte	104                             @ DW_AT_data_member_location
	.byte	5                               @ Abbrev [5] 0x1e5:0xd DW_TAG_member
	.long	.Linfo_string32                 @ DW_AT_name
	.long	720                             @ DW_AT_type
	.byte	2                               @ DW_AT_decl_file
	.short	268                             @ DW_AT_decl_line
	.byte	108                             @ DW_AT_data_member_location
	.byte	5                               @ Abbrev [5] 0x1f2:0xd DW_TAG_member
	.long	.Linfo_string33                 @ DW_AT_name
	.long	743                             @ DW_AT_type
	.byte	2                               @ DW_AT_decl_file
	.short	269                             @ DW_AT_decl_line
	.byte	112                             @ DW_AT_data_member_location
	.byte	5                               @ Abbrev [5] 0x1ff:0xd DW_TAG_member
	.long	.Linfo_string34                 @ DW_AT_name
	.long	720                             @ DW_AT_type
	.byte	2                               @ DW_AT_decl_file
	.short	270                             @ DW_AT_decl_line
	.byte	128                             @ DW_AT_data_member_location
	.byte	5                               @ Abbrev [5] 0x20c:0xd DW_TAG_member
	.long	.Linfo_string35                 @ DW_AT_name
	.long	720                             @ DW_AT_type
	.byte	2                               @ DW_AT_decl_file
	.short	271                             @ DW_AT_decl_line
	.byte	132                             @ DW_AT_data_member_location
	.byte	5                               @ Abbrev [5] 0x219:0xd DW_TAG_member
	.long	.Linfo_string36                 @ DW_AT_name
	.long	720                             @ DW_AT_type
	.byte	2                               @ DW_AT_decl_file
	.short	272                             @ DW_AT_decl_line
	.byte	136                             @ DW_AT_data_member_location
	.byte	5                               @ Abbrev [5] 0x226:0xd DW_TAG_member
	.long	.Linfo_string37                 @ DW_AT_name
	.long	720                             @ DW_AT_type
	.byte	2                               @ DW_AT_decl_file
	.short	273                             @ DW_AT_decl_line
	.byte	140                             @ DW_AT_data_member_location
	.byte	5                               @ Abbrev [5] 0x233:0xd DW_TAG_member
	.long	.Linfo_string38                 @ DW_AT_name
	.long	743                             @ DW_AT_type
	.byte	2                               @ DW_AT_decl_file
	.short	274                             @ DW_AT_decl_line
	.byte	144                             @ DW_AT_data_member_location
	.byte	5                               @ Abbrev [5] 0x240:0xd DW_TAG_member
	.long	.Linfo_string39                 @ DW_AT_name
	.long	720                             @ DW_AT_type
	.byte	2                               @ DW_AT_decl_file
	.short	275                             @ DW_AT_decl_line
	.byte	160                             @ DW_AT_data_member_location
	.byte	5                               @ Abbrev [5] 0x24d:0xd DW_TAG_member
	.long	.Linfo_string40                 @ DW_AT_name
	.long	720                             @ DW_AT_type
	.byte	2                               @ DW_AT_decl_file
	.short	276                             @ DW_AT_decl_line
	.byte	164                             @ DW_AT_data_member_location
	.byte	5                               @ Abbrev [5] 0x25a:0xd DW_TAG_member
	.long	.Linfo_string41                 @ DW_AT_name
	.long	725                             @ DW_AT_type
	.byte	2                               @ DW_AT_decl_file
	.short	277                             @ DW_AT_decl_line
	.byte	168                             @ DW_AT_data_member_location
	.byte	5                               @ Abbrev [5] 0x267:0xd DW_TAG_member
	.long	.Linfo_string42                 @ DW_AT_name
	.long	725                             @ DW_AT_type
	.byte	2                               @ DW_AT_decl_file
	.short	278                             @ DW_AT_decl_line
	.byte	172                             @ DW_AT_data_member_location
	.byte	5                               @ Abbrev [5] 0x274:0xd DW_TAG_member
	.long	.Linfo_string43                 @ DW_AT_name
	.long	720                             @ DW_AT_type
	.byte	2                               @ DW_AT_decl_file
	.short	279                             @ DW_AT_decl_line
	.byte	176                             @ DW_AT_data_member_location
	.byte	5                               @ Abbrev [5] 0x281:0xd DW_TAG_member
	.long	.Linfo_string44                 @ DW_AT_name
	.long	720                             @ DW_AT_type
	.byte	2                               @ DW_AT_decl_file
	.short	280                             @ DW_AT_decl_line
	.byte	180                             @ DW_AT_data_member_location
	.byte	5                               @ Abbrev [5] 0x28e:0xd DW_TAG_member
	.long	.Linfo_string45                 @ DW_AT_name
	.long	720                             @ DW_AT_type
	.byte	2                               @ DW_AT_decl_file
	.short	281                             @ DW_AT_decl_line
	.byte	184                             @ DW_AT_data_member_location
	.byte	5                               @ Abbrev [5] 0x29b:0xd DW_TAG_member
	.long	.Linfo_string46                 @ DW_AT_name
	.long	720                             @ DW_AT_type
	.byte	2                               @ DW_AT_decl_file
	.short	282                             @ DW_AT_decl_line
	.byte	188                             @ DW_AT_data_member_location
	.byte	5                               @ Abbrev [5] 0x2a8:0xd DW_TAG_member
	.long	.Linfo_string47                 @ DW_AT_name
	.long	720                             @ DW_AT_type
	.byte	2                               @ DW_AT_decl_file
	.short	283                             @ DW_AT_decl_line
	.byte	192                             @ DW_AT_data_member_location
	.byte	5                               @ Abbrev [5] 0x2b5:0xd DW_TAG_member
	.long	.Linfo_string48                 @ DW_AT_name
	.long	720                             @ DW_AT_type
	.byte	2                               @ DW_AT_decl_file
	.short	284                             @ DW_AT_decl_line
	.byte	196                             @ DW_AT_data_member_location
	.byte	5                               @ Abbrev [5] 0x2c2:0xd DW_TAG_member
	.long	.Linfo_string49                 @ DW_AT_name
	.long	720                             @ DW_AT_type
	.byte	2                               @ DW_AT_decl_file
	.short	285                             @ DW_AT_decl_line
	.byte	200                             @ DW_AT_data_member_location
	.byte	0                               @ End Of Children Mark
	.byte	9                               @ Abbrev [9] 0x2d0:0x5 DW_TAG_volatile_type
	.long	725                             @ DW_AT_type
	.byte	10                              @ Abbrev [10] 0x2d5:0xb DW_TAG_typedef
	.long	736                             @ DW_AT_type
	.long	.Linfo_string7                  @ DW_AT_name
	.byte	1                               @ DW_AT_decl_file
	.byte	64                              @ DW_AT_decl_line
	.byte	11                              @ Abbrev [11] 0x2e0:0x7 DW_TAG_base_type
	.long	.Linfo_string6                  @ DW_AT_name
	.byte	7                               @ DW_AT_encoding
	.byte	4                               @ DW_AT_byte_size
	.byte	12                              @ Abbrev [12] 0x2e7:0xc DW_TAG_array_type
	.long	725                             @ DW_AT_type
	.byte	13                              @ Abbrev [13] 0x2ec:0x6 DW_TAG_subrange_type
	.long	755                             @ DW_AT_type
	.byte	4                               @ DW_AT_count
	.byte	0                               @ End Of Children Mark
	.byte	14                              @ Abbrev [14] 0x2f3:0x7 DW_TAG_base_type
	.long	.Linfo_string28                 @ DW_AT_name
	.byte	8                               @ DW_AT_byte_size
	.byte	7                               @ DW_AT_encoding
	.byte	10                              @ Abbrev [10] 0x2fa:0xb DW_TAG_typedef
	.long	773                             @ DW_AT_type
	.long	.Linfo_string77                 @ DW_AT_name
	.byte	3                               @ DW_AT_decl_file
	.byte	206                             @ DW_AT_decl_line
	.byte	7                               @ Abbrev [7] 0x305:0xc5 DW_TAG_structure_type
	.byte	72                              @ DW_AT_byte_size
	.byte	3                               @ DW_AT_decl_file
	.byte	90                              @ DW_AT_decl_line
	.byte	8                               @ Abbrev [8] 0x309:0xc DW_TAG_member
	.long	.Linfo_string52                 @ DW_AT_name
	.long	725                             @ DW_AT_type
	.byte	3                               @ DW_AT_decl_file
	.byte	92                              @ DW_AT_decl_line
	.byte	0                               @ DW_AT_data_member_location
	.byte	8                               @ Abbrev [8] 0x315:0xc DW_TAG_member
	.long	.Linfo_string53                 @ DW_AT_name
	.long	725                             @ DW_AT_type
	.byte	3                               @ DW_AT_decl_file
	.byte	103                             @ DW_AT_decl_line
	.byte	4                               @ DW_AT_data_member_location
	.byte	8                               @ Abbrev [8] 0x321:0xc DW_TAG_member
	.long	.Linfo_string54                 @ DW_AT_name
	.long	725                             @ DW_AT_type
	.byte	3                               @ DW_AT_decl_file
	.byte	113                             @ DW_AT_decl_line
	.byte	8                               @ DW_AT_data_member_location
	.byte	8                               @ Abbrev [8] 0x32d:0xc DW_TAG_member
	.long	.Linfo_string55                 @ DW_AT_name
	.long	725                             @ DW_AT_type
	.byte	3                               @ DW_AT_decl_file
	.byte	121                             @ DW_AT_decl_line
	.byte	12                              @ DW_AT_data_member_location
	.byte	8                               @ Abbrev [8] 0x339:0xc DW_TAG_member
	.long	.Linfo_string56                 @ DW_AT_name
	.long	970                             @ DW_AT_type
	.byte	3                               @ DW_AT_decl_file
	.byte	124                             @ DW_AT_decl_line
	.byte	16                              @ DW_AT_data_member_location
	.byte	8                               @ Abbrev [8] 0x345:0xc DW_TAG_member
	.long	.Linfo_string61                 @ DW_AT_name
	.long	970                             @ DW_AT_type
	.byte	3                               @ DW_AT_decl_file
	.byte	136                             @ DW_AT_decl_line
	.byte	17                              @ DW_AT_data_member_location
	.byte	8                               @ Abbrev [8] 0x351:0xc DW_TAG_member
	.long	.Linfo_string62                 @ DW_AT_name
	.long	725                             @ DW_AT_type
	.byte	3                               @ DW_AT_decl_file
	.byte	140                             @ DW_AT_decl_line
	.byte	20                              @ DW_AT_data_member_location
	.byte	8                               @ Abbrev [8] 0x35d:0xc DW_TAG_member
	.long	.Linfo_string63                 @ DW_AT_name
	.long	970                             @ DW_AT_type
	.byte	3                               @ DW_AT_decl_file
	.byte	146                             @ DW_AT_decl_line
	.byte	24                              @ DW_AT_data_member_location
	.byte	8                               @ Abbrev [8] 0x369:0xc DW_TAG_member
	.long	.Linfo_string64                 @ DW_AT_name
	.long	725                             @ DW_AT_type
	.byte	3                               @ DW_AT_decl_file
	.byte	152                             @ DW_AT_decl_line
	.byte	28                              @ DW_AT_data_member_location
	.byte	8                               @ Abbrev [8] 0x375:0xc DW_TAG_member
	.long	.Linfo_string65                 @ DW_AT_name
	.long	725                             @ DW_AT_type
	.byte	3                               @ DW_AT_decl_file
	.byte	156                             @ DW_AT_decl_line
	.byte	32                              @ DW_AT_data_member_location
	.byte	8                               @ Abbrev [8] 0x381:0xc DW_TAG_member
	.long	.Linfo_string66                 @ DW_AT_name
	.long	725                             @ DW_AT_type
	.byte	3                               @ DW_AT_decl_file
	.byte	161                             @ DW_AT_decl_line
	.byte	36                              @ DW_AT_data_member_location
	.byte	8                               @ Abbrev [8] 0x38d:0xc DW_TAG_member
	.long	.Linfo_string67                 @ DW_AT_name
	.long	725                             @ DW_AT_type
	.byte	3                               @ DW_AT_decl_file
	.byte	165                             @ DW_AT_decl_line
	.byte	40                              @ DW_AT_data_member_location
	.byte	8                               @ Abbrev [8] 0x399:0xc DW_TAG_member
	.long	.Linfo_string68                 @ DW_AT_name
	.long	725                             @ DW_AT_type
	.byte	3                               @ DW_AT_decl_file
	.byte	186                             @ DW_AT_decl_line
	.byte	44                              @ DW_AT_data_member_location
	.byte	8                               @ Abbrev [8] 0x3a5:0xc DW_TAG_member
	.long	.Linfo_string69                 @ DW_AT_name
	.long	725                             @ DW_AT_type
	.byte	3                               @ DW_AT_decl_file
	.byte	197                             @ DW_AT_decl_line
	.byte	48                              @ DW_AT_data_member_location
	.byte	8                               @ Abbrev [8] 0x3b1:0xc DW_TAG_member
	.long	.Linfo_string70                 @ DW_AT_name
	.long	970                             @ DW_AT_type
	.byte	3                               @ DW_AT_decl_file
	.byte	199                             @ DW_AT_decl_line
	.byte	52                              @ DW_AT_data_member_location
	.byte	8                               @ Abbrev [8] 0x3bd:0xc DW_TAG_member
	.long	.Linfo_string71                 @ DW_AT_name
	.long	1009                            @ DW_AT_type
	.byte	3                               @ DW_AT_decl_file
	.byte	203                             @ DW_AT_decl_line
	.byte	56                              @ DW_AT_data_member_location
	.byte	0                               @ End Of Children Mark
	.byte	10                              @ Abbrev [10] 0x3ca:0xb DW_TAG_typedef
	.long	981                             @ DW_AT_type
	.long	.Linfo_string60                 @ DW_AT_name
	.byte	4                               @ DW_AT_decl_file
	.byte	190                             @ DW_AT_decl_line
	.byte	15                              @ Abbrev [15] 0x3d5:0x15 DW_TAG_enumeration_type
	.long	1002                            @ DW_AT_type
	.byte	1                               @ DW_AT_byte_size
	.byte	4                               @ DW_AT_decl_file
	.byte	186                             @ DW_AT_decl_line
	.byte	16                              @ Abbrev [16] 0x3dd:0x6 DW_TAG_enumerator
	.long	.Linfo_string58                 @ DW_AT_name
	.byte	0                               @ DW_AT_const_value
	.byte	16                              @ Abbrev [16] 0x3e3:0x6 DW_TAG_enumerator
	.long	.Linfo_string59                 @ DW_AT_name
	.byte	1                               @ DW_AT_const_value
	.byte	0                               @ End Of Children Mark
	.byte	11                              @ Abbrev [11] 0x3ea:0x7 DW_TAG_base_type
	.long	.Linfo_string57                 @ DW_AT_name
	.byte	8                               @ DW_AT_encoding
	.byte	1                               @ DW_AT_byte_size
	.byte	10                              @ Abbrev [10] 0x3f1:0xb DW_TAG_typedef
	.long	1020                            @ DW_AT_type
	.long	.Linfo_string76                 @ DW_AT_name
	.byte	3                               @ DW_AT_decl_file
	.byte	72                              @ DW_AT_decl_line
	.byte	7                               @ Abbrev [7] 0x3fc:0x35 DW_TAG_structure_type
	.byte	16                              @ DW_AT_byte_size
	.byte	3                               @ DW_AT_decl_file
	.byte	49                              @ DW_AT_decl_line
	.byte	8                               @ Abbrev [8] 0x400:0xc DW_TAG_member
	.long	.Linfo_string72                 @ DW_AT_name
	.long	725                             @ DW_AT_type
	.byte	3                               @ DW_AT_decl_file
	.byte	51                              @ DW_AT_decl_line
	.byte	0                               @ DW_AT_data_member_location
	.byte	8                               @ Abbrev [8] 0x40c:0xc DW_TAG_member
	.long	.Linfo_string73                 @ DW_AT_name
	.long	725                             @ DW_AT_type
	.byte	3                               @ DW_AT_decl_file
	.byte	58                              @ DW_AT_decl_line
	.byte	4                               @ DW_AT_data_member_location
	.byte	8                               @ Abbrev [8] 0x418:0xc DW_TAG_member
	.long	.Linfo_string74                 @ DW_AT_name
	.long	725                             @ DW_AT_type
	.byte	3                               @ DW_AT_decl_file
	.byte	61                              @ DW_AT_decl_line
	.byte	8                               @ DW_AT_data_member_location
	.byte	8                               @ Abbrev [8] 0x424:0xc DW_TAG_member
	.long	.Linfo_string75                 @ DW_AT_name
	.long	725                             @ DW_AT_type
	.byte	3                               @ DW_AT_decl_file
	.byte	64                              @ DW_AT_decl_line
	.byte	12                              @ DW_AT_data_member_location
	.byte	0                               @ End Of Children Mark
	.byte	6                               @ Abbrev [6] 0x431:0x5 DW_TAG_pointer_type
	.long	1078                            @ DW_AT_type
	.byte	10                              @ Abbrev [10] 0x436:0xb DW_TAG_typedef
	.long	1089                            @ DW_AT_type
	.long	.Linfo_string130                @ DW_AT_name
	.byte	5                               @ DW_AT_decl_file
	.byte	179                             @ DW_AT_decl_line
	.byte	17                              @ Abbrev [17] 0x441:0xf9 DW_TAG_structure_type
	.long	.Linfo_string129                @ DW_AT_name
	.byte	120                             @ DW_AT_byte_size
	.byte	5                               @ DW_AT_decl_file
	.byte	136                             @ DW_AT_decl_line
	.byte	8                               @ Abbrev [8] 0x449:0xc DW_TAG_member
	.long	.Linfo_string4                  @ DW_AT_name
	.long	1338                            @ DW_AT_type
	.byte	5                               @ DW_AT_decl_file
	.byte	138                             @ DW_AT_decl_line
	.byte	0                               @ DW_AT_data_member_location
	.byte	8                               @ Abbrev [8] 0x455:0xc DW_TAG_member
	.long	.Linfo_string51                 @ DW_AT_name
	.long	1339                            @ DW_AT_type
	.byte	5                               @ DW_AT_decl_file
	.byte	140                             @ DW_AT_decl_line
	.byte	4                               @ DW_AT_data_member_location
	.byte	8                               @ Abbrev [8] 0x461:0xc DW_TAG_member
	.long	.Linfo_string92                 @ DW_AT_name
	.long	1499                            @ DW_AT_type
	.byte	5                               @ DW_AT_decl_file
	.byte	142                             @ DW_AT_decl_line
	.byte	52                              @ DW_AT_data_member_location
	.byte	8                               @ Abbrev [8] 0x46d:0xc DW_TAG_member
	.long	.Linfo_string96                 @ DW_AT_name
	.long	1531                            @ DW_AT_type
	.byte	5                               @ DW_AT_decl_file
	.byte	144                             @ DW_AT_decl_line
	.byte	53                              @ DW_AT_data_member_location
	.byte	8                               @ Abbrev [8] 0x479:0xc DW_TAG_member
	.long	.Linfo_string103                @ DW_AT_name
	.long	1338                            @ DW_AT_type
	.byte	5                               @ DW_AT_decl_file
	.byte	146                             @ DW_AT_decl_line
	.byte	56                              @ DW_AT_data_member_location
	.byte	8                               @ Abbrev [8] 0x485:0xc DW_TAG_member
	.long	.Linfo_string104                @ DW_AT_name
	.long	1586                            @ DW_AT_type
	.byte	5                               @ DW_AT_decl_file
	.byte	148                             @ DW_AT_decl_line
	.byte	60                              @ DW_AT_data_member_location
	.byte	8                               @ Abbrev [8] 0x491:0xc DW_TAG_member
	.long	.Linfo_string105                @ DW_AT_name
	.long	1586                            @ DW_AT_type
	.byte	5                               @ DW_AT_decl_file
	.byte	150                             @ DW_AT_decl_line
	.byte	64                              @ DW_AT_data_member_location
	.byte	8                               @ Abbrev [8] 0x49d:0xc DW_TAG_member
	.long	.Linfo_string106                @ DW_AT_name
	.long	1586                            @ DW_AT_type
	.byte	5                               @ DW_AT_decl_file
	.byte	152                             @ DW_AT_decl_line
	.byte	68                              @ DW_AT_data_member_location
	.byte	8                               @ Abbrev [8] 0x4a9:0xc DW_TAG_member
	.long	.Linfo_string107                @ DW_AT_name
	.long	1586                            @ DW_AT_type
	.byte	5                               @ DW_AT_decl_file
	.byte	154                             @ DW_AT_decl_line
	.byte	72                              @ DW_AT_data_member_location
	.byte	8                               @ Abbrev [8] 0x4b5:0xc DW_TAG_member
	.long	.Linfo_string108                @ DW_AT_name
	.long	1586                            @ DW_AT_type
	.byte	5                               @ DW_AT_decl_file
	.byte	156                             @ DW_AT_decl_line
	.byte	76                              @ DW_AT_data_member_location
	.byte	8                               @ Abbrev [8] 0x4c1:0xc DW_TAG_member
	.long	.Linfo_string109                @ DW_AT_name
	.long	1586                            @ DW_AT_type
	.byte	5                               @ DW_AT_decl_file
	.byte	158                             @ DW_AT_decl_line
	.byte	80                              @ DW_AT_data_member_location
	.byte	8                               @ Abbrev [8] 0x4cd:0xc DW_TAG_member
	.long	.Linfo_string110                @ DW_AT_name
	.long	720                             @ DW_AT_type
	.byte	5                               @ DW_AT_decl_file
	.byte	160                             @ DW_AT_decl_line
	.byte	84                              @ DW_AT_data_member_location
	.byte	8                               @ Abbrev [8] 0x4d9:0xc DW_TAG_member
	.long	.Linfo_string111                @ DW_AT_name
	.long	725                             @ DW_AT_type
	.byte	5                               @ DW_AT_decl_file
	.byte	162                             @ DW_AT_decl_line
	.byte	88                              @ DW_AT_data_member_location
	.byte	8                               @ Abbrev [8] 0x4e5:0xc DW_TAG_member
	.long	.Linfo_string112                @ DW_AT_name
	.long	725                             @ DW_AT_type
	.byte	5                               @ DW_AT_decl_file
	.byte	164                             @ DW_AT_decl_line
	.byte	92                              @ DW_AT_data_member_location
	.byte	8                               @ Abbrev [8] 0x4f1:0xc DW_TAG_member
	.long	.Linfo_string113                @ DW_AT_name
	.long	1603                            @ DW_AT_type
	.byte	5                               @ DW_AT_decl_file
	.byte	166                             @ DW_AT_decl_line
	.byte	96                              @ DW_AT_data_member_location
	.byte	8                               @ Abbrev [8] 0x4fd:0xc DW_TAG_member
	.long	.Linfo_string116                @ DW_AT_name
	.long	1639                            @ DW_AT_type
	.byte	5                               @ DW_AT_decl_file
	.byte	168                             @ DW_AT_decl_line
	.byte	100                             @ DW_AT_data_member_location
	.byte	8                               @ Abbrev [8] 0x509:0xc DW_TAG_member
	.long	.Linfo_string120                @ DW_AT_name
	.long	725                             @ DW_AT_type
	.byte	5                               @ DW_AT_decl_file
	.byte	170                             @ DW_AT_decl_line
	.byte	104                             @ DW_AT_data_member_location
	.byte	8                               @ Abbrev [8] 0x515:0xc DW_TAG_member
	.long	.Linfo_string121                @ DW_AT_name
	.long	1688                            @ DW_AT_type
	.byte	5                               @ DW_AT_decl_file
	.byte	173                             @ DW_AT_decl_line
	.byte	108                             @ DW_AT_data_member_location
	.byte	8                               @ Abbrev [8] 0x521:0xc DW_TAG_member
	.long	.Linfo_string124                @ DW_AT_name
	.long	1724                            @ DW_AT_type
	.byte	5                               @ DW_AT_decl_file
	.byte	175                             @ DW_AT_decl_line
	.byte	112                             @ DW_AT_data_member_location
	.byte	8                               @ Abbrev [8] 0x52d:0xc DW_TAG_member
	.long	.Linfo_string128                @ DW_AT_name
	.long	725                             @ DW_AT_type
	.byte	5                               @ DW_AT_decl_file
	.byte	177                             @ DW_AT_decl_line
	.byte	116                             @ DW_AT_data_member_location
	.byte	0                               @ End Of Children Mark
	.byte	18                              @ Abbrev [18] 0x53a:0x1 DW_TAG_pointer_type
	.byte	10                              @ Abbrev [10] 0x53b:0xb DW_TAG_typedef
	.long	1350                            @ DW_AT_type
	.long	.Linfo_string91                 @ DW_AT_name
	.byte	5                               @ DW_AT_decl_file
	.byte	96                              @ DW_AT_decl_line
	.byte	7                               @ Abbrev [7] 0x546:0x95 DW_TAG_structure_type
	.byte	48                              @ DW_AT_byte_size
	.byte	5                               @ DW_AT_decl_file
	.byte	48                              @ DW_AT_decl_line
	.byte	8                               @ Abbrev [8] 0x54a:0xc DW_TAG_member
	.long	.Linfo_string79                 @ DW_AT_name
	.long	725                             @ DW_AT_type
	.byte	5                               @ DW_AT_decl_file
	.byte	50                              @ DW_AT_decl_line
	.byte	0                               @ DW_AT_data_member_location
	.byte	8                               @ Abbrev [8] 0x556:0xc DW_TAG_member
	.long	.Linfo_string80                 @ DW_AT_name
	.long	725                             @ DW_AT_type
	.byte	5                               @ DW_AT_decl_file
	.byte	53                              @ DW_AT_decl_line
	.byte	4                               @ DW_AT_data_member_location
	.byte	8                               @ Abbrev [8] 0x562:0xc DW_TAG_member
	.long	.Linfo_string81                 @ DW_AT_name
	.long	725                             @ DW_AT_type
	.byte	5                               @ DW_AT_decl_file
	.byte	57                              @ DW_AT_decl_line
	.byte	8                               @ DW_AT_data_member_location
	.byte	8                               @ Abbrev [8] 0x56e:0xc DW_TAG_member
	.long	.Linfo_string82                 @ DW_AT_name
	.long	725                             @ DW_AT_type
	.byte	5                               @ DW_AT_decl_file
	.byte	60                              @ DW_AT_decl_line
	.byte	12                              @ DW_AT_data_member_location
	.byte	8                               @ Abbrev [8] 0x57a:0xc DW_TAG_member
	.long	.Linfo_string83                 @ DW_AT_name
	.long	725                             @ DW_AT_type
	.byte	5                               @ DW_AT_decl_file
	.byte	63                              @ DW_AT_decl_line
	.byte	16                              @ DW_AT_data_member_location
	.byte	8                               @ Abbrev [8] 0x586:0xc DW_TAG_member
	.long	.Linfo_string84                 @ DW_AT_name
	.long	725                             @ DW_AT_type
	.byte	5                               @ DW_AT_decl_file
	.byte	66                              @ DW_AT_decl_line
	.byte	20                              @ DW_AT_data_member_location
	.byte	8                               @ Abbrev [8] 0x592:0xc DW_TAG_member
	.long	.Linfo_string85                 @ DW_AT_name
	.long	725                             @ DW_AT_type
	.byte	5                               @ DW_AT_decl_file
	.byte	69                              @ DW_AT_decl_line
	.byte	24                              @ DW_AT_data_member_location
	.byte	8                               @ Abbrev [8] 0x59e:0xc DW_TAG_member
	.long	.Linfo_string86                 @ DW_AT_name
	.long	725                             @ DW_AT_type
	.byte	5                               @ DW_AT_decl_file
	.byte	74                              @ DW_AT_decl_line
	.byte	28                              @ DW_AT_data_member_location
	.byte	8                               @ Abbrev [8] 0x5aa:0xc DW_TAG_member
	.long	.Linfo_string87                 @ DW_AT_name
	.long	725                             @ DW_AT_type
	.byte	5                               @ DW_AT_decl_file
	.byte	77                              @ DW_AT_decl_line
	.byte	32                              @ DW_AT_data_member_location
	.byte	8                               @ Abbrev [8] 0x5b6:0xc DW_TAG_member
	.long	.Linfo_string88                 @ DW_AT_name
	.long	725                             @ DW_AT_type
	.byte	5                               @ DW_AT_decl_file
	.byte	82                              @ DW_AT_decl_line
	.byte	36                              @ DW_AT_data_member_location
	.byte	8                               @ Abbrev [8] 0x5c2:0xc DW_TAG_member
	.long	.Linfo_string89                 @ DW_AT_name
	.long	725                             @ DW_AT_type
	.byte	5                               @ DW_AT_decl_file
	.byte	85                              @ DW_AT_decl_line
	.byte	40                              @ DW_AT_data_member_location
	.byte	8                               @ Abbrev [8] 0x5ce:0xc DW_TAG_member
	.long	.Linfo_string90                 @ DW_AT_name
	.long	725                             @ DW_AT_type
	.byte	5                               @ DW_AT_decl_file
	.byte	91                              @ DW_AT_decl_line
	.byte	44                              @ DW_AT_data_member_location
	.byte	0                               @ End Of Children Mark
	.byte	10                              @ Abbrev [10] 0x5db:0xb DW_TAG_typedef
	.long	1510                            @ DW_AT_type
	.long	.Linfo_string95                 @ DW_AT_name
	.byte	6                               @ DW_AT_decl_file
	.byte	54                              @ DW_AT_decl_line
	.byte	15                              @ Abbrev [15] 0x5e6:0x15 DW_TAG_enumeration_type
	.long	1002                            @ DW_AT_type
	.byte	1                               @ DW_AT_byte_size
	.byte	6                               @ DW_AT_decl_file
	.byte	50                              @ DW_AT_decl_line
	.byte	16                              @ Abbrev [16] 0x5ee:0x6 DW_TAG_enumerator
	.long	.Linfo_string93                 @ DW_AT_name
	.byte	0                               @ DW_AT_const_value
	.byte	16                              @ Abbrev [16] 0x5f4:0x6 DW_TAG_enumerator
	.long	.Linfo_string94                 @ DW_AT_name
	.byte	1                               @ DW_AT_const_value
	.byte	0                               @ End Of Children Mark
	.byte	9                               @ Abbrev [9] 0x5fb:0x5 DW_TAG_volatile_type
	.long	1536                            @ DW_AT_type
	.byte	10                              @ Abbrev [10] 0x600:0xb DW_TAG_typedef
	.long	1547                            @ DW_AT_type
	.long	.Linfo_string102                @ DW_AT_name
	.byte	5                               @ DW_AT_decl_file
	.byte	108                             @ DW_AT_decl_line
	.byte	15                              @ Abbrev [15] 0x60b:0x27 DW_TAG_enumeration_type
	.long	1002                            @ DW_AT_type
	.byte	1                               @ DW_AT_byte_size
	.byte	5                               @ DW_AT_decl_file
	.byte	101                             @ DW_AT_decl_line
	.byte	16                              @ Abbrev [16] 0x613:0x6 DW_TAG_enumerator
	.long	.Linfo_string97                 @ DW_AT_name
	.byte	0                               @ DW_AT_const_value
	.byte	16                              @ Abbrev [16] 0x619:0x6 DW_TAG_enumerator
	.long	.Linfo_string98                 @ DW_AT_name
	.byte	1                               @ DW_AT_const_value
	.byte	16                              @ Abbrev [16] 0x61f:0x6 DW_TAG_enumerator
	.long	.Linfo_string99                 @ DW_AT_name
	.byte	2                               @ DW_AT_const_value
	.byte	16                              @ Abbrev [16] 0x625:0x6 DW_TAG_enumerator
	.long	.Linfo_string100                @ DW_AT_name
	.byte	3                               @ DW_AT_const_value
	.byte	16                              @ Abbrev [16] 0x62b:0x6 DW_TAG_enumerator
	.long	.Linfo_string101                @ DW_AT_name
	.byte	4                               @ DW_AT_const_value
	.byte	0                               @ End Of Children Mark
	.byte	6                               @ Abbrev [6] 0x632:0x5 DW_TAG_pointer_type
	.long	1591                            @ DW_AT_type
	.byte	19                              @ Abbrev [19] 0x637:0x7 DW_TAG_subroutine_type
                                        @ DW_AT_prototyped
	.byte	20                              @ Abbrev [20] 0x638:0x5 DW_TAG_formal_parameter
	.long	1598                            @ DW_AT_type
	.byte	0                               @ End Of Children Mark
	.byte	6                               @ Abbrev [6] 0x63e:0x5 DW_TAG_pointer_type
	.long	1089                            @ DW_AT_type
	.byte	6                               @ Abbrev [6] 0x643:0x5 DW_TAG_pointer_type
	.long	1608                            @ DW_AT_type
	.byte	3                               @ Abbrev [3] 0x648:0xc DW_TAG_typedef
	.long	1620                            @ DW_AT_type
	.long	.Linfo_string115                @ DW_AT_name
	.byte	2                               @ DW_AT_decl_file
	.short	595                             @ DW_AT_decl_line
	.byte	4                               @ Abbrev [4] 0x654:0x13 DW_TAG_structure_type
	.byte	4                               @ DW_AT_byte_size
	.byte	2                               @ DW_AT_decl_file
	.short	592                             @ DW_AT_decl_line
	.byte	5                               @ Abbrev [5] 0x659:0xd DW_TAG_member
	.long	.Linfo_string114                @ DW_AT_name
	.long	720                             @ DW_AT_type
	.byte	2                               @ DW_AT_decl_file
	.short	594                             @ DW_AT_decl_line
	.byte	0                               @ DW_AT_data_member_location
	.byte	0                               @ End Of Children Mark
	.byte	6                               @ Abbrev [6] 0x667:0x5 DW_TAG_pointer_type
	.long	1644                            @ DW_AT_type
	.byte	3                               @ Abbrev [3] 0x66c:0xc DW_TAG_typedef
	.long	1656                            @ DW_AT_type
	.long	.Linfo_string119                @ DW_AT_name
	.byte	2                               @ DW_AT_decl_file
	.short	601                             @ DW_AT_decl_line
	.byte	4                               @ Abbrev [4] 0x678:0x20 DW_TAG_structure_type
	.byte	8                               @ DW_AT_byte_size
	.byte	2                               @ DW_AT_decl_file
	.short	597                             @ DW_AT_decl_line
	.byte	5                               @ Abbrev [5] 0x67d:0xd DW_TAG_member
	.long	.Linfo_string117                @ DW_AT_name
	.long	720                             @ DW_AT_type
	.byte	2                               @ DW_AT_decl_file
	.short	599                             @ DW_AT_decl_line
	.byte	0                               @ DW_AT_data_member_location
	.byte	5                               @ Abbrev [5] 0x68a:0xd DW_TAG_member
	.long	.Linfo_string118                @ DW_AT_name
	.long	720                             @ DW_AT_type
	.byte	2                               @ DW_AT_decl_file
	.short	600                             @ DW_AT_decl_line
	.byte	4                               @ DW_AT_data_member_location
	.byte	0                               @ End Of Children Mark
	.byte	6                               @ Abbrev [6] 0x698:0x5 DW_TAG_pointer_type
	.long	1693                            @ DW_AT_type
	.byte	3                               @ Abbrev [3] 0x69d:0xc DW_TAG_typedef
	.long	1705                            @ DW_AT_type
	.long	.Linfo_string123                @ DW_AT_name
	.byte	2                               @ DW_AT_decl_file
	.short	606                             @ DW_AT_decl_line
	.byte	4                               @ Abbrev [4] 0x6a9:0x13 DW_TAG_structure_type
	.byte	4                               @ DW_AT_byte_size
	.byte	2                               @ DW_AT_decl_file
	.short	603                             @ DW_AT_decl_line
	.byte	5                               @ Abbrev [5] 0x6ae:0xd DW_TAG_member
	.long	.Linfo_string122                @ DW_AT_name
	.long	720                             @ DW_AT_type
	.byte	2                               @ DW_AT_decl_file
	.short	605                             @ DW_AT_decl_line
	.byte	0                               @ DW_AT_data_member_location
	.byte	0                               @ End Of Children Mark
	.byte	6                               @ Abbrev [6] 0x6bc:0x5 DW_TAG_pointer_type
	.long	1729                            @ DW_AT_type
	.byte	3                               @ Abbrev [3] 0x6c1:0xc DW_TAG_typedef
	.long	1741                            @ DW_AT_type
	.long	.Linfo_string127                @ DW_AT_name
	.byte	2                               @ DW_AT_decl_file
	.short	612                             @ DW_AT_decl_line
	.byte	4                               @ Abbrev [4] 0x6cd:0x20 DW_TAG_structure_type
	.byte	8                               @ DW_AT_byte_size
	.byte	2                               @ DW_AT_decl_file
	.short	608                             @ DW_AT_decl_line
	.byte	5                               @ Abbrev [5] 0x6d2:0xd DW_TAG_member
	.long	.Linfo_string125                @ DW_AT_name
	.long	720                             @ DW_AT_type
	.byte	2                               @ DW_AT_decl_file
	.short	610                             @ DW_AT_decl_line
	.byte	0                               @ DW_AT_data_member_location
	.byte	5                               @ Abbrev [5] 0x6df:0xd DW_TAG_member
	.long	.Linfo_string126                @ DW_AT_name
	.long	720                             @ DW_AT_type
	.byte	2                               @ DW_AT_decl_file
	.short	611                             @ DW_AT_decl_line
	.byte	4                               @ DW_AT_data_member_location
	.byte	0                               @ End Of Children Mark
	.byte	3                               @ Abbrev [3] 0x6ed:0xc DW_TAG_typedef
	.long	1785                            @ DW_AT_type
	.long	.Linfo_string134                @ DW_AT_name
	.byte	3                               @ DW_AT_decl_file
	.short	352                             @ DW_AT_decl_line
	.byte	4                               @ Abbrev [4] 0x6f9:0x20 DW_TAG_structure_type
	.byte	8                               @ DW_AT_byte_size
	.byte	3                               @ DW_AT_decl_file
	.short	345                             @ DW_AT_decl_line
	.byte	5                               @ Abbrev [5] 0x6fe:0xd DW_TAG_member
	.long	.Linfo_string132                @ DW_AT_name
	.long	725                             @ DW_AT_type
	.byte	3                               @ DW_AT_decl_file
	.short	347                             @ DW_AT_decl_line
	.byte	0                               @ DW_AT_data_member_location
	.byte	5                               @ Abbrev [5] 0x70b:0xd DW_TAG_member
	.long	.Linfo_string133                @ DW_AT_name
	.long	725                             @ DW_AT_type
	.byte	3                               @ DW_AT_decl_file
	.short	351                             @ DW_AT_decl_line
	.byte	4                               @ DW_AT_data_member_location
	.byte	0                               @ End Of Children Mark
	.byte	2                               @ Abbrev [2] 0x719:0x11 DW_TAG_variable
	.long	.Linfo_string136                @ DW_AT_name
	.long	1078                            @ DW_AT_type
                                        @ DW_AT_external
	.byte	7                               @ DW_AT_decl_file
	.byte	28                              @ DW_AT_decl_line
	.byte	5                               @ DW_AT_location
	.byte	3
	.long	hdma_adc3
	.byte	15                              @ Abbrev [15] 0x72a:0x21 DW_TAG_enumeration_type
	.long	1002                            @ DW_AT_type
	.byte	1                               @ DW_AT_byte_size
	.byte	6                               @ DW_AT_decl_file
	.byte	39                              @ DW_AT_decl_line
	.byte	16                              @ Abbrev [16] 0x732:0x6 DW_TAG_enumerator
	.long	.Linfo_string137                @ DW_AT_name
	.byte	0                               @ DW_AT_const_value
	.byte	16                              @ Abbrev [16] 0x738:0x6 DW_TAG_enumerator
	.long	.Linfo_string138                @ DW_AT_name
	.byte	1                               @ DW_AT_const_value
	.byte	16                              @ Abbrev [16] 0x73e:0x6 DW_TAG_enumerator
	.long	.Linfo_string139                @ DW_AT_name
	.byte	2                               @ DW_AT_const_value
	.byte	16                              @ Abbrev [16] 0x744:0x6 DW_TAG_enumerator
	.long	.Linfo_string140                @ DW_AT_name
	.byte	3                               @ DW_AT_const_value
	.byte	0                               @ End Of Children Mark
	.byte	10                              @ Abbrev [10] 0x74b:0xb DW_TAG_typedef
	.long	1878                            @ DW_AT_type
	.long	.Linfo_string142                @ DW_AT_name
	.byte	1                               @ DW_AT_decl_file
	.byte	65                              @ DW_AT_decl_line
	.byte	11                              @ Abbrev [11] 0x756:0x7 DW_TAG_base_type
	.long	.Linfo_string141                @ DW_AT_name
	.byte	7                               @ DW_AT_encoding
	.byte	8                               @ DW_AT_byte_size
	.byte	6                               @ Abbrev [6] 0x75d:0x5 DW_TAG_pointer_type
	.long	1890                            @ DW_AT_type
	.byte	3                               @ Abbrev [3] 0x762:0xc DW_TAG_typedef
	.long	1902                            @ DW_AT_type
	.long	.Linfo_string198                @ DW_AT_name
	.byte	2                               @ DW_AT_decl_file
	.short	1297                            @ DW_AT_decl_line
	.byte	21                              @ Abbrev [21] 0x76e:0x35d DW_TAG_structure_type
	.short	304                             @ DW_AT_byte_size
	.byte	2                               @ DW_AT_decl_file
	.short	1229                            @ DW_AT_decl_line
	.byte	5                               @ Abbrev [5] 0x774:0xd DW_TAG_member
	.long	.Linfo_string9                  @ DW_AT_name
	.long	720                             @ DW_AT_type
	.byte	2                               @ DW_AT_decl_file
	.short	1231                            @ DW_AT_decl_line
	.byte	0                               @ DW_AT_data_member_location
	.byte	5                               @ Abbrev [5] 0x781:0xd DW_TAG_member
	.long	.Linfo_string143                @ DW_AT_name
	.long	720                             @ DW_AT_type
	.byte	2                               @ DW_AT_decl_file
	.short	1232                            @ DW_AT_decl_line
	.byte	4                               @ DW_AT_data_member_location
	.byte	5                               @ Abbrev [5] 0x78e:0xd DW_TAG_member
	.long	.Linfo_string144                @ DW_AT_name
	.long	720                             @ DW_AT_type
	.byte	2                               @ DW_AT_decl_file
	.short	1233                            @ DW_AT_decl_line
	.byte	8                               @ DW_AT_data_member_location
	.byte	5                               @ Abbrev [5] 0x79b:0xd DW_TAG_member
	.long	.Linfo_string145                @ DW_AT_name
	.long	720                             @ DW_AT_type
	.byte	2                               @ DW_AT_decl_file
	.short	1234                            @ DW_AT_decl_line
	.byte	12                              @ DW_AT_data_member_location
	.byte	5                               @ Abbrev [5] 0x7a8:0xd DW_TAG_member
	.long	.Linfo_string10                 @ DW_AT_name
	.long	720                             @ DW_AT_type
	.byte	2                               @ DW_AT_decl_file
	.short	1235                            @ DW_AT_decl_line
	.byte	16                              @ DW_AT_data_member_location
	.byte	5                               @ Abbrev [5] 0x7b5:0xd DW_TAG_member
	.long	.Linfo_string17                 @ DW_AT_name
	.long	725                             @ DW_AT_type
	.byte	2                               @ DW_AT_decl_file
	.short	1236                            @ DW_AT_decl_line
	.byte	20                              @ DW_AT_data_member_location
	.byte	5                               @ Abbrev [5] 0x7c2:0xd DW_TAG_member
	.long	.Linfo_string146                @ DW_AT_name
	.long	720                             @ DW_AT_type
	.byte	2                               @ DW_AT_decl_file
	.short	1237                            @ DW_AT_decl_line
	.byte	24                              @ DW_AT_data_member_location
	.byte	5                               @ Abbrev [5] 0x7cf:0xd DW_TAG_member
	.long	.Linfo_string147                @ DW_AT_name
	.long	720                             @ DW_AT_type
	.byte	2                               @ DW_AT_decl_file
	.short	1238                            @ DW_AT_decl_line
	.byte	28                              @ DW_AT_data_member_location
	.byte	5                               @ Abbrev [5] 0x7dc:0xd DW_TAG_member
	.long	.Linfo_string148                @ DW_AT_name
	.long	720                             @ DW_AT_type
	.byte	2                               @ DW_AT_decl_file
	.short	1239                            @ DW_AT_decl_line
	.byte	32                              @ DW_AT_data_member_location
	.byte	5                               @ Abbrev [5] 0x7e9:0xd DW_TAG_member
	.long	.Linfo_string18                 @ DW_AT_name
	.long	725                             @ DW_AT_type
	.byte	2                               @ DW_AT_decl_file
	.short	1240                            @ DW_AT_decl_line
	.byte	36                              @ DW_AT_data_member_location
	.byte	5                               @ Abbrev [5] 0x7f6:0xd DW_TAG_member
	.long	.Linfo_string149                @ DW_AT_name
	.long	720                             @ DW_AT_type
	.byte	2                               @ DW_AT_decl_file
	.short	1241                            @ DW_AT_decl_line
	.byte	40                              @ DW_AT_data_member_location
	.byte	5                               @ Abbrev [5] 0x803:0xd DW_TAG_member
	.long	.Linfo_string150                @ DW_AT_name
	.long	720                             @ DW_AT_type
	.byte	2                               @ DW_AT_decl_file
	.short	1242                            @ DW_AT_decl_line
	.byte	44                              @ DW_AT_data_member_location
	.byte	5                               @ Abbrev [5] 0x810:0xd DW_TAG_member
	.long	.Linfo_string151                @ DW_AT_name
	.long	720                             @ DW_AT_type
	.byte	2                               @ DW_AT_decl_file
	.short	1243                            @ DW_AT_decl_line
	.byte	48                              @ DW_AT_data_member_location
	.byte	5                               @ Abbrev [5] 0x81d:0xd DW_TAG_member
	.long	.Linfo_string152                @ DW_AT_name
	.long	720                             @ DW_AT_type
	.byte	2                               @ DW_AT_decl_file
	.short	1244                            @ DW_AT_decl_line
	.byte	52                              @ DW_AT_data_member_location
	.byte	5                               @ Abbrev [5] 0x82a:0xd DW_TAG_member
	.long	.Linfo_string153                @ DW_AT_name
	.long	720                             @ DW_AT_type
	.byte	2                               @ DW_AT_decl_file
	.short	1245                            @ DW_AT_decl_line
	.byte	56                              @ DW_AT_data_member_location
	.byte	5                               @ Abbrev [5] 0x837:0xd DW_TAG_member
	.long	.Linfo_string154                @ DW_AT_name
	.long	720                             @ DW_AT_type
	.byte	2                               @ DW_AT_decl_file
	.short	1246                            @ DW_AT_decl_line
	.byte	60                              @ DW_AT_data_member_location
	.byte	5                               @ Abbrev [5] 0x844:0xd DW_TAG_member
	.long	.Linfo_string155                @ DW_AT_name
	.long	720                             @ DW_AT_type
	.byte	2                               @ DW_AT_decl_file
	.short	1247                            @ DW_AT_decl_line
	.byte	64                              @ DW_AT_data_member_location
	.byte	5                               @ Abbrev [5] 0x851:0xd DW_TAG_member
	.long	.Linfo_string156                @ DW_AT_name
	.long	720                             @ DW_AT_type
	.byte	2                               @ DW_AT_decl_file
	.short	1248                            @ DW_AT_decl_line
	.byte	68                              @ DW_AT_data_member_location
	.byte	5                               @ Abbrev [5] 0x85e:0xd DW_TAG_member
	.long	.Linfo_string24                 @ DW_AT_name
	.long	725                             @ DW_AT_type
	.byte	2                               @ DW_AT_decl_file
	.short	1249                            @ DW_AT_decl_line
	.byte	72                              @ DW_AT_data_member_location
	.byte	5                               @ Abbrev [5] 0x86b:0xd DW_TAG_member
	.long	.Linfo_string157                @ DW_AT_name
	.long	720                             @ DW_AT_type
	.byte	2                               @ DW_AT_decl_file
	.short	1250                            @ DW_AT_decl_line
	.byte	76                              @ DW_AT_data_member_location
	.byte	5                               @ Abbrev [5] 0x878:0xd DW_TAG_member
	.long	.Linfo_string158                @ DW_AT_name
	.long	720                             @ DW_AT_type
	.byte	2                               @ DW_AT_decl_file
	.short	1251                            @ DW_AT_decl_line
	.byte	80                              @ DW_AT_data_member_location
	.byte	5                               @ Abbrev [5] 0x885:0xd DW_TAG_member
	.long	.Linfo_string159                @ DW_AT_name
	.long	720                             @ DW_AT_type
	.byte	2                               @ DW_AT_decl_file
	.short	1252                            @ DW_AT_decl_line
	.byte	84                              @ DW_AT_data_member_location
	.byte	5                               @ Abbrev [5] 0x892:0xd DW_TAG_member
	.long	.Linfo_string160                @ DW_AT_name
	.long	720                             @ DW_AT_type
	.byte	2                               @ DW_AT_decl_file
	.short	1253                            @ DW_AT_decl_line
	.byte	88                              @ DW_AT_data_member_location
	.byte	5                               @ Abbrev [5] 0x89f:0xd DW_TAG_member
	.long	.Linfo_string25                 @ DW_AT_name
	.long	725                             @ DW_AT_type
	.byte	2                               @ DW_AT_decl_file
	.short	1254                            @ DW_AT_decl_line
	.byte	92                              @ DW_AT_data_member_location
	.byte	5                               @ Abbrev [5] 0x8ac:0xd DW_TAG_member
	.long	.Linfo_string161                @ DW_AT_name
	.long	720                             @ DW_AT_type
	.byte	2                               @ DW_AT_decl_file
	.short	1255                            @ DW_AT_decl_line
	.byte	96                              @ DW_AT_data_member_location
	.byte	5                               @ Abbrev [5] 0x8b9:0xd DW_TAG_member
	.long	.Linfo_string162                @ DW_AT_name
	.long	720                             @ DW_AT_type
	.byte	2                               @ DW_AT_decl_file
	.short	1256                            @ DW_AT_decl_line
	.byte	100                             @ DW_AT_data_member_location
	.byte	5                               @ Abbrev [5] 0x8c6:0xd DW_TAG_member
	.long	.Linfo_string163                @ DW_AT_name
	.long	720                             @ DW_AT_type
	.byte	2                               @ DW_AT_decl_file
	.short	1257                            @ DW_AT_decl_line
	.byte	104                             @ DW_AT_data_member_location
	.byte	5                               @ Abbrev [5] 0x8d3:0xd DW_TAG_member
	.long	.Linfo_string27                 @ DW_AT_name
	.long	725                             @ DW_AT_type
	.byte	2                               @ DW_AT_decl_file
	.short	1258                            @ DW_AT_decl_line
	.byte	108                             @ DW_AT_data_member_location
	.byte	5                               @ Abbrev [5] 0x8e0:0xd DW_TAG_member
	.long	.Linfo_string164                @ DW_AT_name
	.long	720                             @ DW_AT_type
	.byte	2                               @ DW_AT_decl_file
	.short	1259                            @ DW_AT_decl_line
	.byte	112                             @ DW_AT_data_member_location
	.byte	5                               @ Abbrev [5] 0x8ed:0xd DW_TAG_member
	.long	.Linfo_string117                @ DW_AT_name
	.long	720                             @ DW_AT_type
	.byte	2                               @ DW_AT_decl_file
	.short	1260                            @ DW_AT_decl_line
	.byte	116                             @ DW_AT_data_member_location
	.byte	5                               @ Abbrev [5] 0x8fa:0xd DW_TAG_member
	.long	.Linfo_string33                 @ DW_AT_name
	.long	725                             @ DW_AT_type
	.byte	2                               @ DW_AT_decl_file
	.short	1261                            @ DW_AT_decl_line
	.byte	120                             @ DW_AT_data_member_location
	.byte	5                               @ Abbrev [5] 0x907:0xd DW_TAG_member
	.long	.Linfo_string165                @ DW_AT_name
	.long	720                             @ DW_AT_type
	.byte	2                               @ DW_AT_decl_file
	.short	1262                            @ DW_AT_decl_line
	.byte	124                             @ DW_AT_data_member_location
	.byte	5                               @ Abbrev [5] 0x914:0xd DW_TAG_member
	.long	.Linfo_string166                @ DW_AT_name
	.long	720                             @ DW_AT_type
	.byte	2                               @ DW_AT_decl_file
	.short	1263                            @ DW_AT_decl_line
	.byte	128                             @ DW_AT_data_member_location
	.byte	5                               @ Abbrev [5] 0x921:0xd DW_TAG_member
	.long	.Linfo_string167                @ DW_AT_name
	.long	720                             @ DW_AT_type
	.byte	2                               @ DW_AT_decl_file
	.short	1264                            @ DW_AT_decl_line
	.byte	132                             @ DW_AT_data_member_location
	.byte	5                               @ Abbrev [5] 0x92e:0xd DW_TAG_member
	.long	.Linfo_string168                @ DW_AT_name
	.long	720                             @ DW_AT_type
	.byte	2                               @ DW_AT_decl_file
	.short	1265                            @ DW_AT_decl_line
	.byte	136                             @ DW_AT_data_member_location
	.byte	5                               @ Abbrev [5] 0x93b:0xd DW_TAG_member
	.long	.Linfo_string169                @ DW_AT_name
	.long	720                             @ DW_AT_type
	.byte	2                               @ DW_AT_decl_file
	.short	1266                            @ DW_AT_decl_line
	.byte	140                             @ DW_AT_data_member_location
	.byte	5                               @ Abbrev [5] 0x948:0xd DW_TAG_member
	.long	.Linfo_string170                @ DW_AT_name
	.long	720                             @ DW_AT_type
	.byte	2                               @ DW_AT_decl_file
	.short	1267                            @ DW_AT_decl_line
	.byte	144                             @ DW_AT_data_member_location
	.byte	5                               @ Abbrev [5] 0x955:0xd DW_TAG_member
	.long	.Linfo_string171                @ DW_AT_name
	.long	720                             @ DW_AT_type
	.byte	2                               @ DW_AT_decl_file
	.short	1268                            @ DW_AT_decl_line
	.byte	148                             @ DW_AT_data_member_location
	.byte	5                               @ Abbrev [5] 0x962:0xd DW_TAG_member
	.long	.Linfo_string172                @ DW_AT_name
	.long	720                             @ DW_AT_type
	.byte	2                               @ DW_AT_decl_file
	.short	1269                            @ DW_AT_decl_line
	.byte	152                             @ DW_AT_data_member_location
	.byte	5                               @ Abbrev [5] 0x96f:0xd DW_TAG_member
	.long	.Linfo_string173                @ DW_AT_name
	.long	720                             @ DW_AT_type
	.byte	2                               @ DW_AT_decl_file
	.short	1270                            @ DW_AT_decl_line
	.byte	156                             @ DW_AT_data_member_location
	.byte	5                               @ Abbrev [5] 0x97c:0xd DW_TAG_member
	.long	.Linfo_string174                @ DW_AT_name
	.long	720                             @ DW_AT_type
	.byte	2                               @ DW_AT_decl_file
	.short	1271                            @ DW_AT_decl_line
	.byte	160                             @ DW_AT_data_member_location
	.byte	5                               @ Abbrev [5] 0x989:0xd DW_TAG_member
	.long	.Linfo_string41                 @ DW_AT_name
	.long	725                             @ DW_AT_type
	.byte	2                               @ DW_AT_decl_file
	.short	1272                            @ DW_AT_decl_line
	.byte	164                             @ DW_AT_data_member_location
	.byte	5                               @ Abbrev [5] 0x996:0xd DW_TAG_member
	.long	.Linfo_string175                @ DW_AT_name
	.long	720                             @ DW_AT_type
	.byte	2                               @ DW_AT_decl_file
	.short	1273                            @ DW_AT_decl_line
	.byte	168                             @ DW_AT_data_member_location
	.byte	5                               @ Abbrev [5] 0x9a3:0xd DW_TAG_member
	.long	.Linfo_string176                @ DW_AT_name
	.long	2763                            @ DW_AT_type
	.byte	2                               @ DW_AT_decl_file
	.short	1274                            @ DW_AT_decl_line
	.byte	172                             @ DW_AT_data_member_location
	.byte	5                               @ Abbrev [5] 0x9b0:0xd DW_TAG_member
	.long	.Linfo_string177                @ DW_AT_name
	.long	720                             @ DW_AT_type
	.byte	2                               @ DW_AT_decl_file
	.short	1275                            @ DW_AT_decl_line
	.byte	208                             @ DW_AT_data_member_location
	.byte	5                               @ Abbrev [5] 0x9bd:0xd DW_TAG_member
	.long	.Linfo_string178                @ DW_AT_name
	.long	720                             @ DW_AT_type
	.byte	2                               @ DW_AT_decl_file
	.short	1276                            @ DW_AT_decl_line
	.byte	212                             @ DW_AT_data_member_location
	.byte	5                               @ Abbrev [5] 0x9ca:0xd DW_TAG_member
	.long	.Linfo_string179                @ DW_AT_name
	.long	720                             @ DW_AT_type
	.byte	2                               @ DW_AT_decl_file
	.short	1277                            @ DW_AT_decl_line
	.byte	216                             @ DW_AT_data_member_location
	.byte	5                               @ Abbrev [5] 0x9d7:0xd DW_TAG_member
	.long	.Linfo_string180                @ DW_AT_name
	.long	720                             @ DW_AT_type
	.byte	2                               @ DW_AT_decl_file
	.short	1278                            @ DW_AT_decl_line
	.byte	220                             @ DW_AT_data_member_location
	.byte	5                               @ Abbrev [5] 0x9e4:0xd DW_TAG_member
	.long	.Linfo_string181                @ DW_AT_name
	.long	720                             @ DW_AT_type
	.byte	2                               @ DW_AT_decl_file
	.short	1279                            @ DW_AT_decl_line
	.byte	224                             @ DW_AT_data_member_location
	.byte	5                               @ Abbrev [5] 0x9f1:0xd DW_TAG_member
	.long	.Linfo_string182                @ DW_AT_name
	.long	720                             @ DW_AT_type
	.byte	2                               @ DW_AT_decl_file
	.short	1280                            @ DW_AT_decl_line
	.byte	228                             @ DW_AT_data_member_location
	.byte	5                               @ Abbrev [5] 0x9fe:0xd DW_TAG_member
	.long	.Linfo_string183                @ DW_AT_name
	.long	720                             @ DW_AT_type
	.byte	2                               @ DW_AT_decl_file
	.short	1281                            @ DW_AT_decl_line
	.byte	232                             @ DW_AT_data_member_location
	.byte	5                               @ Abbrev [5] 0xa0b:0xd DW_TAG_member
	.long	.Linfo_string184                @ DW_AT_name
	.long	720                             @ DW_AT_type
	.byte	2                               @ DW_AT_decl_file
	.short	1282                            @ DW_AT_decl_line
	.byte	236                             @ DW_AT_data_member_location
	.byte	5                               @ Abbrev [5] 0xa18:0xd DW_TAG_member
	.long	.Linfo_string185                @ DW_AT_name
	.long	720                             @ DW_AT_type
	.byte	2                               @ DW_AT_decl_file
	.short	1283                            @ DW_AT_decl_line
	.byte	240                             @ DW_AT_data_member_location
	.byte	5                               @ Abbrev [5] 0xa25:0xd DW_TAG_member
	.long	.Linfo_string186                @ DW_AT_name
	.long	720                             @ DW_AT_type
	.byte	2                               @ DW_AT_decl_file
	.short	1284                            @ DW_AT_decl_line
	.byte	244                             @ DW_AT_data_member_location
	.byte	5                               @ Abbrev [5] 0xa32:0xd DW_TAG_member
	.long	.Linfo_string187                @ DW_AT_name
	.long	725                             @ DW_AT_type
	.byte	2                               @ DW_AT_decl_file
	.short	1285                            @ DW_AT_decl_line
	.byte	248                             @ DW_AT_data_member_location
	.byte	5                               @ Abbrev [5] 0xa3f:0xd DW_TAG_member
	.long	.Linfo_string188                @ DW_AT_name
	.long	720                             @ DW_AT_type
	.byte	2                               @ DW_AT_decl_file
	.short	1286                            @ DW_AT_decl_line
	.byte	252                             @ DW_AT_data_member_location
	.byte	22                              @ Abbrev [22] 0xa4c:0xe DW_TAG_member
	.long	.Linfo_string189                @ DW_AT_name
	.long	720                             @ DW_AT_type
	.byte	2                               @ DW_AT_decl_file
	.short	1287                            @ DW_AT_decl_line
	.short	256                             @ DW_AT_data_member_location
	.byte	22                              @ Abbrev [22] 0xa5a:0xe DW_TAG_member
	.long	.Linfo_string190                @ DW_AT_name
	.long	720                             @ DW_AT_type
	.byte	2                               @ DW_AT_decl_file
	.short	1288                            @ DW_AT_decl_line
	.short	260                             @ DW_AT_data_member_location
	.byte	22                              @ Abbrev [22] 0xa68:0xe DW_TAG_member
	.long	.Linfo_string191                @ DW_AT_name
	.long	720                             @ DW_AT_type
	.byte	2                               @ DW_AT_decl_file
	.short	1289                            @ DW_AT_decl_line
	.short	264                             @ DW_AT_data_member_location
	.byte	22                              @ Abbrev [22] 0xa76:0xe DW_TAG_member
	.long	.Linfo_string192                @ DW_AT_name
	.long	720                             @ DW_AT_type
	.byte	2                               @ DW_AT_decl_file
	.short	1290                            @ DW_AT_decl_line
	.short	268                             @ DW_AT_data_member_location
	.byte	22                              @ Abbrev [22] 0xa84:0xe DW_TAG_member
	.long	.Linfo_string193                @ DW_AT_name
	.long	720                             @ DW_AT_type
	.byte	2                               @ DW_AT_decl_file
	.short	1291                            @ DW_AT_decl_line
	.short	272                             @ DW_AT_data_member_location
	.byte	22                              @ Abbrev [22] 0xa92:0xe DW_TAG_member
	.long	.Linfo_string194                @ DW_AT_name
	.long	720                             @ DW_AT_type
	.byte	2                               @ DW_AT_decl_file
	.short	1292                            @ DW_AT_decl_line
	.short	276                             @ DW_AT_data_member_location
	.byte	22                              @ Abbrev [22] 0xaa0:0xe DW_TAG_member
	.long	.Linfo_string195                @ DW_AT_name
	.long	720                             @ DW_AT_type
	.byte	2                               @ DW_AT_decl_file
	.short	1293                            @ DW_AT_decl_line
	.short	280                             @ DW_AT_data_member_location
	.byte	22                              @ Abbrev [22] 0xaae:0xe DW_TAG_member
	.long	.Linfo_string196                @ DW_AT_name
	.long	720                             @ DW_AT_type
	.byte	2                               @ DW_AT_decl_file
	.short	1294                            @ DW_AT_decl_line
	.short	284                             @ DW_AT_data_member_location
	.byte	22                              @ Abbrev [22] 0xabc:0xe DW_TAG_member
	.long	.Linfo_string197                @ DW_AT_name
	.long	743                             @ DW_AT_type
	.byte	2                               @ DW_AT_decl_file
	.short	1295                            @ DW_AT_decl_line
	.short	288                             @ DW_AT_data_member_location
	.byte	0                               @ End Of Children Mark
	.byte	12                              @ Abbrev [12] 0xacb:0xc DW_TAG_array_type
	.long	725                             @ DW_AT_type
	.byte	13                              @ Abbrev [13] 0xad0:0x6 DW_TAG_subrange_type
	.long	755                             @ DW_AT_type
	.byte	9                               @ DW_AT_count
	.byte	0                               @ End Of Children Mark
	.byte	6                               @ Abbrev [6] 0xad7:0x5 DW_TAG_pointer_type
	.long	2780                            @ DW_AT_type
	.byte	3                               @ Abbrev [3] 0xadc:0xc DW_TAG_typedef
	.long	2792                            @ DW_AT_type
	.long	.Linfo_string203                @ DW_AT_name
	.byte	2                               @ DW_AT_decl_file
	.short	584                             @ DW_AT_decl_line
	.byte	4                               @ Abbrev [4] 0xae8:0x47 DW_TAG_structure_type
	.byte	20                              @ DW_AT_byte_size
	.byte	2                               @ DW_AT_decl_file
	.short	577                             @ DW_AT_decl_line
	.byte	5                               @ Abbrev [5] 0xaed:0xd DW_TAG_member
	.long	.Linfo_string114                @ DW_AT_name
	.long	720                             @ DW_AT_type
	.byte	2                               @ DW_AT_decl_file
	.short	579                             @ DW_AT_decl_line
	.byte	0                               @ DW_AT_data_member_location
	.byte	5                               @ Abbrev [5] 0xafa:0xd DW_TAG_member
	.long	.Linfo_string199                @ DW_AT_name
	.long	720                             @ DW_AT_type
	.byte	2                               @ DW_AT_decl_file
	.short	580                             @ DW_AT_decl_line
	.byte	4                               @ DW_AT_data_member_location
	.byte	5                               @ Abbrev [5] 0xb07:0xd DW_TAG_member
	.long	.Linfo_string200                @ DW_AT_name
	.long	720                             @ DW_AT_type
	.byte	2                               @ DW_AT_decl_file
	.short	581                             @ DW_AT_decl_line
	.byte	8                               @ DW_AT_data_member_location
	.byte	5                               @ Abbrev [5] 0xb14:0xd DW_TAG_member
	.long	.Linfo_string201                @ DW_AT_name
	.long	720                             @ DW_AT_type
	.byte	2                               @ DW_AT_decl_file
	.short	582                             @ DW_AT_decl_line
	.byte	12                              @ DW_AT_data_member_location
	.byte	5                               @ Abbrev [5] 0xb21:0xd DW_TAG_member
	.long	.Linfo_string202                @ DW_AT_name
	.long	720                             @ DW_AT_type
	.byte	2                               @ DW_AT_decl_file
	.short	583                             @ DW_AT_decl_line
	.byte	16                              @ DW_AT_data_member_location
	.byte	0                               @ End Of Children Mark
	.byte	23                              @ Abbrev [23] 0xb2f:0x21 DW_TAG_subprogram
	.long	.Lfunc_begin0                   @ DW_AT_low_pc
	.long	.Lfunc_end0-.Lfunc_begin0       @ DW_AT_high_pc
	.byte	1                               @ DW_AT_frame_base
	.byte	93
                                        @ DW_AT_GNU_all_call_sites
	.long	.Linfo_string206                @ DW_AT_name
	.byte	7                               @ DW_AT_decl_file
	.byte	31                              @ DW_AT_decl_line
                                        @ DW_AT_prototyped
                                        @ DW_AT_external
	.byte	24                              @ Abbrev [24] 0xb40:0xf DW_TAG_variable
	.long	.Ldebug_loc0                    @ DW_AT_location
	.long	.Linfo_string209                @ DW_AT_name
	.byte	7                               @ DW_AT_decl_file
	.byte	38                              @ DW_AT_decl_line
	.long	3059                            @ DW_AT_type
	.byte	0                               @ End Of Children Mark
	.byte	23                              @ Abbrev [23] 0xb50:0x5c DW_TAG_subprogram
	.long	.Lfunc_begin1                   @ DW_AT_low_pc
	.long	.Lfunc_end1-.Lfunc_begin1       @ DW_AT_high_pc
	.byte	1                               @ DW_AT_frame_base
	.byte	93
                                        @ DW_AT_GNU_all_call_sites
	.long	.Linfo_string207                @ DW_AT_name
	.byte	7                               @ DW_AT_decl_file
	.byte	85                              @ DW_AT_decl_line
                                        @ DW_AT_prototyped
                                        @ DW_AT_external
	.byte	25                              @ Abbrev [25] 0xb61:0xf DW_TAG_formal_parameter
	.long	.Ldebug_loc1                    @ DW_AT_location
	.long	.Linfo_string220                @ DW_AT_name
	.byte	7                               @ DW_AT_decl_file
	.byte	85                              @ DW_AT_decl_line
	.long	3175                            @ DW_AT_type
	.byte	24                              @ Abbrev [24] 0xb70:0xf DW_TAG_variable
	.long	.Ldebug_loc2                    @ DW_AT_location
	.long	.Linfo_string221                @ DW_AT_name
	.byte	7                               @ DW_AT_decl_file
	.byte	88                              @ DW_AT_decl_line
	.long	3180                            @ DW_AT_type
	.byte	26                              @ Abbrev [26] 0xb7f:0x18 DW_TAG_lexical_block
	.long	.Ltmp34                         @ DW_AT_low_pc
	.long	.Ltmp35-.Ltmp34                 @ DW_AT_high_pc
	.byte	27                              @ Abbrev [27] 0xb88:0xe DW_TAG_variable
	.byte	2                               @ DW_AT_location
	.byte	145
	.byte	4
	.long	.Linfo_string219                @ DW_AT_name
	.byte	7                               @ DW_AT_decl_file
	.byte	113                             @ DW_AT_decl_line
	.long	720                             @ DW_AT_type
	.byte	0                               @ End Of Children Mark
	.byte	28                              @ Abbrev [28] 0xb97:0x14 DW_TAG_lexical_block
	.long	.Ldebug_ranges0                 @ DW_AT_ranges
	.byte	27                              @ Abbrev [27] 0xb9c:0xe DW_TAG_variable
	.byte	2                               @ DW_AT_location
	.byte	145
	.byte	4
	.long	.Linfo_string219                @ DW_AT_name
	.byte	7                               @ DW_AT_decl_file
	.byte	115                             @ DW_AT_decl_line
	.long	720                             @ DW_AT_type
	.byte	0                               @ End Of Children Mark
	.byte	0                               @ End Of Children Mark
	.byte	23                              @ Abbrev [23] 0xbac:0x2a DW_TAG_subprogram
	.long	.Lfunc_begin2                   @ DW_AT_low_pc
	.long	.Lfunc_end2-.Lfunc_begin2       @ DW_AT_high_pc
	.byte	1                               @ DW_AT_frame_base
	.byte	93
                                        @ DW_AT_GNU_all_call_sites
	.long	.Linfo_string208                @ DW_AT_name
	.byte	7                               @ DW_AT_decl_file
	.byte	145                             @ DW_AT_decl_line
                                        @ DW_AT_prototyped
                                        @ DW_AT_external
	.byte	25                              @ Abbrev [25] 0xbbd:0xf DW_TAG_formal_parameter
	.long	.Ldebug_loc3                    @ DW_AT_location
	.long	.Linfo_string220                @ DW_AT_name
	.byte	7                               @ DW_AT_decl_file
	.byte	145                             @ DW_AT_decl_line
	.long	3175                            @ DW_AT_type
	.byte	29                              @ Abbrev [29] 0xbcc:0x9 DW_TAG_GNU_call_site
	.long	3030                            @ DW_AT_abstract_origin
                                        @ DW_AT_GNU_tail_call
	.long	.Ltmp50                         @ DW_AT_low_pc
	.byte	0                               @ End Of Children Mark
	.byte	30                              @ Abbrev [30] 0xbd6:0x12 DW_TAG_subprogram
	.long	.Linfo_string204                @ DW_AT_name
	.byte	5                               @ DW_AT_decl_file
	.short	1188                            @ DW_AT_decl_line
                                        @ DW_AT_prototyped
	.long	3048                            @ DW_AT_type
                                        @ DW_AT_declaration
                                        @ DW_AT_external
	.byte	20                              @ Abbrev [20] 0xbe2:0x5 DW_TAG_formal_parameter
	.long	1073                            @ DW_AT_type
	.byte	0                               @ End Of Children Mark
	.byte	10                              @ Abbrev [10] 0xbe8:0xb DW_TAG_typedef
	.long	1834                            @ DW_AT_type
	.long	.Linfo_string205                @ DW_AT_name
	.byte	6                               @ DW_AT_decl_file
	.byte	45                              @ DW_AT_decl_line
	.byte	3                               @ Abbrev [3] 0xbf3:0xc DW_TAG_typedef
	.long	3071                            @ DW_AT_type
	.long	.Linfo_string218                @ DW_AT_name
	.byte	3                               @ DW_AT_decl_file
	.short	285                             @ DW_AT_decl_line
	.byte	7                               @ Abbrev [7] 0xbff:0x68 DW_TAG_structure_type
	.byte	28                              @ DW_AT_byte_size
	.byte	3                               @ DW_AT_decl_file
	.byte	219                             @ DW_AT_decl_line
	.byte	8                               @ Abbrev [8] 0xc03:0xc DW_TAG_member
	.long	.Linfo_string210                @ DW_AT_name
	.long	725                             @ DW_AT_type
	.byte	3                               @ DW_AT_decl_file
	.byte	221                             @ DW_AT_decl_line
	.byte	0                               @ DW_AT_data_member_location
	.byte	8                               @ Abbrev [8] 0xc0f:0xc DW_TAG_member
	.long	.Linfo_string211                @ DW_AT_name
	.long	725                             @ DW_AT_type
	.byte	3                               @ DW_AT_decl_file
	.byte	225                             @ DW_AT_decl_line
	.byte	4                               @ DW_AT_data_member_location
	.byte	8                               @ Abbrev [8] 0xc1b:0xc DW_TAG_member
	.long	.Linfo_string212                @ DW_AT_name
	.long	725                             @ DW_AT_type
	.byte	3                               @ DW_AT_decl_file
	.byte	230                             @ DW_AT_decl_line
	.byte	8                               @ DW_AT_data_member_location
	.byte	8                               @ Abbrev [8] 0xc27:0xc DW_TAG_member
	.long	.Linfo_string213                @ DW_AT_name
	.long	725                             @ DW_AT_type
	.byte	3                               @ DW_AT_decl_file
	.byte	241                             @ DW_AT_decl_line
	.byte	12                              @ DW_AT_data_member_location
	.byte	8                               @ Abbrev [8] 0xc33:0xc DW_TAG_member
	.long	.Linfo_string214                @ DW_AT_name
	.long	725                             @ DW_AT_type
	.byte	3                               @ DW_AT_decl_file
	.byte	253                             @ DW_AT_decl_line
	.byte	16                              @ DW_AT_data_member_location
	.byte	5                               @ Abbrev [5] 0xc3f:0xd DW_TAG_member
	.long	.Linfo_string215                @ DW_AT_name
	.long	725                             @ DW_AT_type
	.byte	3                               @ DW_AT_decl_file
	.short	257                             @ DW_AT_decl_line
	.byte	20                              @ DW_AT_data_member_location
	.byte	5                               @ Abbrev [5] 0xc4c:0xd DW_TAG_member
	.long	.Linfo_string216                @ DW_AT_name
	.long	970                             @ DW_AT_type
	.byte	3                               @ DW_AT_decl_file
	.short	264                             @ DW_AT_decl_line
	.byte	24                              @ DW_AT_data_member_location
	.byte	5                               @ Abbrev [5] 0xc59:0xd DW_TAG_member
	.long	.Linfo_string217                @ DW_AT_name
	.long	970                             @ DW_AT_type
	.byte	3                               @ DW_AT_decl_file
	.short	281                             @ DW_AT_decl_line
	.byte	25                              @ DW_AT_data_member_location
	.byte	0                               @ End Of Children Mark
	.byte	6                               @ Abbrev [6] 0xc67:0x5 DW_TAG_pointer_type
	.long	55                              @ DW_AT_type
	.byte	3                               @ Abbrev [3] 0xc6c:0xc DW_TAG_typedef
	.long	3192                            @ DW_AT_type
	.long	.Linfo_string273                @ DW_AT_name
	.byte	8                               @ DW_AT_decl_file
	.short	280                             @ DW_AT_decl_line
	.byte	7                               @ Abbrev [7] 0xc78:0x198 DW_TAG_structure_type
	.byte	192                             @ DW_AT_byte_size
	.byte	8                               @ DW_AT_decl_file
	.byte	140                             @ DW_AT_decl_line
	.byte	8                               @ Abbrev [8] 0xc7c:0xc DW_TAG_member
	.long	.Linfo_string222                @ DW_AT_name
	.long	1867                            @ DW_AT_type
	.byte	8                               @ DW_AT_decl_file
	.byte	142                             @ DW_AT_decl_line
	.byte	0                               @ DW_AT_data_member_location
	.byte	8                               @ Abbrev [8] 0xc88:0xc DW_TAG_member
	.long	.Linfo_string223                @ DW_AT_name
	.long	3600                            @ DW_AT_type
	.byte	8                               @ DW_AT_decl_file
	.byte	145                             @ DW_AT_decl_line
	.byte	8                               @ DW_AT_data_member_location
	.byte	8                               @ Abbrev [8] 0xc94:0xc DW_TAG_member
	.long	.Linfo_string233                @ DW_AT_name
	.long	3712                            @ DW_AT_type
	.byte	8                               @ DW_AT_decl_file
	.byte	148                             @ DW_AT_decl_line
	.byte	40                              @ DW_AT_data_member_location
	.byte	8                               @ Abbrev [8] 0xca0:0xc DW_TAG_member
	.long	.Linfo_string243                @ DW_AT_name
	.long	725                             @ DW_AT_type
	.byte	8                               @ DW_AT_decl_file
	.byte	151                             @ DW_AT_decl_line
	.byte	72                              @ DW_AT_data_member_location
	.byte	8                               @ Abbrev [8] 0xcac:0xc DW_TAG_member
	.long	.Linfo_string244                @ DW_AT_name
	.long	725                             @ DW_AT_type
	.byte	8                               @ DW_AT_decl_file
	.byte	155                             @ DW_AT_decl_line
	.byte	76                              @ DW_AT_data_member_location
	.byte	8                               @ Abbrev [8] 0xcb8:0xc DW_TAG_member
	.long	.Linfo_string245                @ DW_AT_name
	.long	725                             @ DW_AT_type
	.byte	8                               @ DW_AT_decl_file
	.byte	170                             @ DW_AT_decl_line
	.byte	80                              @ DW_AT_data_member_location
	.byte	8                               @ Abbrev [8] 0xcc4:0xc DW_TAG_member
	.long	.Linfo_string246                @ DW_AT_name
	.long	725                             @ DW_AT_type
	.byte	8                               @ DW_AT_decl_file
	.byte	173                             @ DW_AT_decl_line
	.byte	84                              @ DW_AT_data_member_location
	.byte	8                               @ Abbrev [8] 0xcd0:0xc DW_TAG_member
	.long	.Linfo_string247                @ DW_AT_name
	.long	725                             @ DW_AT_type
	.byte	8                               @ DW_AT_decl_file
	.byte	176                             @ DW_AT_decl_line
	.byte	88                              @ DW_AT_data_member_location
	.byte	8                               @ Abbrev [8] 0xcdc:0xc DW_TAG_member
	.long	.Linfo_string248                @ DW_AT_name
	.long	725                             @ DW_AT_type
	.byte	8                               @ DW_AT_decl_file
	.byte	180                             @ DW_AT_decl_line
	.byte	92                              @ DW_AT_data_member_location
	.byte	8                               @ Abbrev [8] 0xce8:0xc DW_TAG_member
	.long	.Linfo_string249                @ DW_AT_name
	.long	725                             @ DW_AT_type
	.byte	8                               @ DW_AT_decl_file
	.byte	194                             @ DW_AT_decl_line
	.byte	96                              @ DW_AT_data_member_location
	.byte	8                               @ Abbrev [8] 0xcf4:0xc DW_TAG_member
	.long	.Linfo_string250                @ DW_AT_name
	.long	725                             @ DW_AT_type
	.byte	8                               @ DW_AT_decl_file
	.byte	197                             @ DW_AT_decl_line
	.byte	100                             @ DW_AT_data_member_location
	.byte	8                               @ Abbrev [8] 0xd00:0xc DW_TAG_member
	.long	.Linfo_string251                @ DW_AT_name
	.long	725                             @ DW_AT_type
	.byte	8                               @ DW_AT_decl_file
	.byte	200                             @ DW_AT_decl_line
	.byte	104                             @ DW_AT_data_member_location
	.byte	8                               @ Abbrev [8] 0xd0c:0xc DW_TAG_member
	.long	.Linfo_string252                @ DW_AT_name
	.long	725                             @ DW_AT_type
	.byte	8                               @ DW_AT_decl_file
	.byte	203                             @ DW_AT_decl_line
	.byte	108                             @ DW_AT_data_member_location
	.byte	8                               @ Abbrev [8] 0xd18:0xc DW_TAG_member
	.long	.Linfo_string253                @ DW_AT_name
	.long	725                             @ DW_AT_type
	.byte	8                               @ DW_AT_decl_file
	.byte	212                             @ DW_AT_decl_line
	.byte	112                             @ DW_AT_data_member_location
	.byte	8                               @ Abbrev [8] 0xd24:0xc DW_TAG_member
	.long	.Linfo_string254                @ DW_AT_name
	.long	725                             @ DW_AT_type
	.byte	8                               @ DW_AT_decl_file
	.byte	216                             @ DW_AT_decl_line
	.byte	116                             @ DW_AT_data_member_location
	.byte	8                               @ Abbrev [8] 0xd30:0xc DW_TAG_member
	.long	.Linfo_string255                @ DW_AT_name
	.long	725                             @ DW_AT_type
	.byte	8                               @ DW_AT_decl_file
	.byte	219                             @ DW_AT_decl_line
	.byte	120                             @ DW_AT_data_member_location
	.byte	8                               @ Abbrev [8] 0xd3c:0xc DW_TAG_member
	.long	.Linfo_string256                @ DW_AT_name
	.long	725                             @ DW_AT_type
	.byte	8                               @ DW_AT_decl_file
	.byte	222                             @ DW_AT_decl_line
	.byte	124                             @ DW_AT_data_member_location
	.byte	8                               @ Abbrev [8] 0xd48:0xc DW_TAG_member
	.long	.Linfo_string257                @ DW_AT_name
	.long	725                             @ DW_AT_type
	.byte	8                               @ DW_AT_decl_file
	.byte	225                             @ DW_AT_decl_line
	.byte	128                             @ DW_AT_data_member_location
	.byte	8                               @ Abbrev [8] 0xd54:0xc DW_TAG_member
	.long	.Linfo_string258                @ DW_AT_name
	.long	725                             @ DW_AT_type
	.byte	8                               @ DW_AT_decl_file
	.byte	232                             @ DW_AT_decl_line
	.byte	132                             @ DW_AT_data_member_location
	.byte	8                               @ Abbrev [8] 0xd60:0xc DW_TAG_member
	.long	.Linfo_string259                @ DW_AT_name
	.long	725                             @ DW_AT_type
	.byte	8                               @ DW_AT_decl_file
	.byte	236                             @ DW_AT_decl_line
	.byte	136                             @ DW_AT_data_member_location
	.byte	8                               @ Abbrev [8] 0xd6c:0xc DW_TAG_member
	.long	.Linfo_string260                @ DW_AT_name
	.long	725                             @ DW_AT_type
	.byte	8                               @ DW_AT_decl_file
	.byte	239                             @ DW_AT_decl_line
	.byte	140                             @ DW_AT_data_member_location
	.byte	8                               @ Abbrev [8] 0xd78:0xc DW_TAG_member
	.long	.Linfo_string261                @ DW_AT_name
	.long	725                             @ DW_AT_type
	.byte	8                               @ DW_AT_decl_file
	.byte	242                             @ DW_AT_decl_line
	.byte	144                             @ DW_AT_data_member_location
	.byte	8                               @ Abbrev [8] 0xd84:0xc DW_TAG_member
	.long	.Linfo_string262                @ DW_AT_name
	.long	725                             @ DW_AT_type
	.byte	8                               @ DW_AT_decl_file
	.byte	245                             @ DW_AT_decl_line
	.byte	148                             @ DW_AT_data_member_location
	.byte	8                               @ Abbrev [8] 0xd90:0xc DW_TAG_member
	.long	.Linfo_string263                @ DW_AT_name
	.long	725                             @ DW_AT_type
	.byte	8                               @ DW_AT_decl_file
	.byte	248                             @ DW_AT_decl_line
	.byte	152                             @ DW_AT_data_member_location
	.byte	8                               @ Abbrev [8] 0xd9c:0xc DW_TAG_member
	.long	.Linfo_string264                @ DW_AT_name
	.long	725                             @ DW_AT_type
	.byte	8                               @ DW_AT_decl_file
	.byte	251                             @ DW_AT_decl_line
	.byte	156                             @ DW_AT_data_member_location
	.byte	8                               @ Abbrev [8] 0xda8:0xc DW_TAG_member
	.long	.Linfo_string265                @ DW_AT_name
	.long	725                             @ DW_AT_type
	.byte	8                               @ DW_AT_decl_file
	.byte	254                             @ DW_AT_decl_line
	.byte	160                             @ DW_AT_data_member_location
	.byte	5                               @ Abbrev [5] 0xdb4:0xd DW_TAG_member
	.long	.Linfo_string266                @ DW_AT_name
	.long	725                             @ DW_AT_type
	.byte	8                               @ DW_AT_decl_file
	.short	257                             @ DW_AT_decl_line
	.byte	164                             @ DW_AT_data_member_location
	.byte	5                               @ Abbrev [5] 0xdc1:0xd DW_TAG_member
	.long	.Linfo_string267                @ DW_AT_name
	.long	725                             @ DW_AT_type
	.byte	8                               @ DW_AT_decl_file
	.short	260                             @ DW_AT_decl_line
	.byte	168                             @ DW_AT_data_member_location
	.byte	5                               @ Abbrev [5] 0xdce:0xd DW_TAG_member
	.long	.Linfo_string268                @ DW_AT_name
	.long	725                             @ DW_AT_type
	.byte	8                               @ DW_AT_decl_file
	.short	263                             @ DW_AT_decl_line
	.byte	172                             @ DW_AT_data_member_location
	.byte	5                               @ Abbrev [5] 0xddb:0xd DW_TAG_member
	.long	.Linfo_string269                @ DW_AT_name
	.long	725                             @ DW_AT_type
	.byte	8                               @ DW_AT_decl_file
	.short	267                             @ DW_AT_decl_line
	.byte	176                             @ DW_AT_data_member_location
	.byte	5                               @ Abbrev [5] 0xde8:0xd DW_TAG_member
	.long	.Linfo_string270                @ DW_AT_name
	.long	725                             @ DW_AT_type
	.byte	8                               @ DW_AT_decl_file
	.short	270                             @ DW_AT_decl_line
	.byte	180                             @ DW_AT_data_member_location
	.byte	5                               @ Abbrev [5] 0xdf5:0xd DW_TAG_member
	.long	.Linfo_string271                @ DW_AT_name
	.long	725                             @ DW_AT_type
	.byte	8                               @ DW_AT_decl_file
	.short	274                             @ DW_AT_decl_line
	.byte	184                             @ DW_AT_data_member_location
	.byte	5                               @ Abbrev [5] 0xe02:0xd DW_TAG_member
	.long	.Linfo_string272                @ DW_AT_name
	.long	725                             @ DW_AT_type
	.byte	8                               @ DW_AT_decl_file
	.short	278                             @ DW_AT_decl_line
	.byte	188                             @ DW_AT_data_member_location
	.byte	0                               @ End Of Children Mark
	.byte	10                              @ Abbrev [10] 0xe10:0xb DW_TAG_typedef
	.long	3611                            @ DW_AT_type
	.long	.Linfo_string232                @ DW_AT_name
	.byte	8                               @ DW_AT_decl_file
	.byte	72                              @ DW_AT_decl_line
	.byte	7                               @ Abbrev [7] 0xe1b:0x65 DW_TAG_structure_type
	.byte	32                              @ DW_AT_byte_size
	.byte	8                               @ DW_AT_decl_file
	.byte	45                              @ DW_AT_decl_line
	.byte	8                               @ Abbrev [8] 0xe1f:0xc DW_TAG_member
	.long	.Linfo_string224                @ DW_AT_name
	.long	725                             @ DW_AT_type
	.byte	8                               @ DW_AT_decl_file
	.byte	48                              @ DW_AT_decl_line
	.byte	0                               @ DW_AT_data_member_location
	.byte	8                               @ Abbrev [8] 0xe2b:0xc DW_TAG_member
	.long	.Linfo_string225                @ DW_AT_name
	.long	725                             @ DW_AT_type
	.byte	8                               @ DW_AT_decl_file
	.byte	51                              @ DW_AT_decl_line
	.byte	4                               @ DW_AT_data_member_location
	.byte	8                               @ Abbrev [8] 0xe37:0xc DW_TAG_member
	.long	.Linfo_string226                @ DW_AT_name
	.long	725                             @ DW_AT_type
	.byte	8                               @ DW_AT_decl_file
	.byte	56                              @ DW_AT_decl_line
	.byte	8                               @ DW_AT_data_member_location
	.byte	8                               @ Abbrev [8] 0xe43:0xc DW_TAG_member
	.long	.Linfo_string227                @ DW_AT_name
	.long	725                             @ DW_AT_type
	.byte	8                               @ DW_AT_decl_file
	.byte	60                              @ DW_AT_decl_line
	.byte	12                              @ DW_AT_data_member_location
	.byte	8                               @ Abbrev [8] 0xe4f:0xc DW_TAG_member
	.long	.Linfo_string228                @ DW_AT_name
	.long	725                             @ DW_AT_type
	.byte	8                               @ DW_AT_decl_file
	.byte	63                              @ DW_AT_decl_line
	.byte	16                              @ DW_AT_data_member_location
	.byte	8                               @ Abbrev [8] 0xe5b:0xc DW_TAG_member
	.long	.Linfo_string229                @ DW_AT_name
	.long	725                             @ DW_AT_type
	.byte	8                               @ DW_AT_decl_file
	.byte	65                              @ DW_AT_decl_line
	.byte	20                              @ DW_AT_data_member_location
	.byte	8                               @ Abbrev [8] 0xe67:0xc DW_TAG_member
	.long	.Linfo_string230                @ DW_AT_name
	.long	725                             @ DW_AT_type
	.byte	8                               @ DW_AT_decl_file
	.byte	67                              @ DW_AT_decl_line
	.byte	24                              @ DW_AT_data_member_location
	.byte	8                               @ Abbrev [8] 0xe73:0xc DW_TAG_member
	.long	.Linfo_string231                @ DW_AT_name
	.long	725                             @ DW_AT_type
	.byte	8                               @ DW_AT_decl_file
	.byte	70                              @ DW_AT_decl_line
	.byte	28                              @ DW_AT_data_member_location
	.byte	0                               @ End Of Children Mark
	.byte	10                              @ Abbrev [10] 0xe80:0xb DW_TAG_typedef
	.long	3723                            @ DW_AT_type
	.long	.Linfo_string242                @ DW_AT_name
	.byte	8                               @ DW_AT_decl_file
	.byte	104                             @ DW_AT_decl_line
	.byte	7                               @ Abbrev [7] 0xe8b:0x65 DW_TAG_structure_type
	.byte	32                              @ DW_AT_byte_size
	.byte	8                               @ DW_AT_decl_file
	.byte	77                              @ DW_AT_decl_line
	.byte	8                               @ Abbrev [8] 0xe8f:0xc DW_TAG_member
	.long	.Linfo_string234                @ DW_AT_name
	.long	725                             @ DW_AT_type
	.byte	8                               @ DW_AT_decl_file
	.byte	80                              @ DW_AT_decl_line
	.byte	0                               @ DW_AT_data_member_location
	.byte	8                               @ Abbrev [8] 0xe9b:0xc DW_TAG_member
	.long	.Linfo_string235                @ DW_AT_name
	.long	725                             @ DW_AT_type
	.byte	8                               @ DW_AT_decl_file
	.byte	83                              @ DW_AT_decl_line
	.byte	4                               @ DW_AT_data_member_location
	.byte	8                               @ Abbrev [8] 0xea7:0xc DW_TAG_member
	.long	.Linfo_string236                @ DW_AT_name
	.long	725                             @ DW_AT_type
	.byte	8                               @ DW_AT_decl_file
	.byte	88                              @ DW_AT_decl_line
	.byte	8                               @ DW_AT_data_member_location
	.byte	8                               @ Abbrev [8] 0xeb3:0xc DW_TAG_member
	.long	.Linfo_string237                @ DW_AT_name
	.long	725                             @ DW_AT_type
	.byte	8                               @ DW_AT_decl_file
	.byte	92                              @ DW_AT_decl_line
	.byte	12                              @ DW_AT_data_member_location
	.byte	8                               @ Abbrev [8] 0xebf:0xc DW_TAG_member
	.long	.Linfo_string238                @ DW_AT_name
	.long	725                             @ DW_AT_type
	.byte	8                               @ DW_AT_decl_file
	.byte	95                              @ DW_AT_decl_line
	.byte	16                              @ DW_AT_data_member_location
	.byte	8                               @ Abbrev [8] 0xecb:0xc DW_TAG_member
	.long	.Linfo_string239                @ DW_AT_name
	.long	725                             @ DW_AT_type
	.byte	8                               @ DW_AT_decl_file
	.byte	97                              @ DW_AT_decl_line
	.byte	20                              @ DW_AT_data_member_location
	.byte	8                               @ Abbrev [8] 0xed7:0xc DW_TAG_member
	.long	.Linfo_string240                @ DW_AT_name
	.long	725                             @ DW_AT_type
	.byte	8                               @ DW_AT_decl_file
	.byte	99                              @ DW_AT_decl_line
	.byte	24                              @ DW_AT_data_member_location
	.byte	8                               @ Abbrev [8] 0xee3:0xc DW_TAG_member
	.long	.Linfo_string241                @ DW_AT_name
	.long	725                             @ DW_AT_type
	.byte	8                               @ DW_AT_decl_file
	.byte	102                             @ DW_AT_decl_line
	.byte	28                              @ DW_AT_data_member_location
	.byte	0                               @ End Of Children Mark
	.byte	0                               @ End Of Children Mark
.Ldebug_info_end0:
	.section	.debug_ranges,"",%progbits
.Ldebug_ranges0:
	.long	.Ltmp35
	.long	.Ltmp36
	.long	.Ltmp37
	.long	.Ltmp38
	.long	0
	.long	0
.Ldebug_ranges1:
	.long	.Lfunc_begin0
	.long	.Lfunc_end0
	.long	.Lfunc_begin1
	.long	.Lfunc_end1
	.long	.Lfunc_begin2
	.long	.Lfunc_end2
	.long	0
	.long	0
	.section	.debug_str,"MS",%progbits,1
.Linfo_string0:
	.asciz	"Component: Arm Compiler for Embedded 6.24 Tool: armclang [5f371800]" @ string offset=0
.Linfo_string1:
	.asciz	"../Core/Src\\adc.c"            @ string offset=68
.Linfo_string2:
	.asciz	"D:\\EV\\testadc\\MDK-ARM"      @ string offset=86
.Linfo_string3:
	.asciz	"hadc3"                         @ string offset=108
.Linfo_string4:
	.asciz	"Instance"                      @ string offset=114
.Linfo_string5:
	.asciz	"ISR"                           @ string offset=123
.Linfo_string6:
	.asciz	"unsigned int"                  @ string offset=127
.Linfo_string7:
	.asciz	"uint32_t"                      @ string offset=140
.Linfo_string8:
	.asciz	"IER"                           @ string offset=149
.Linfo_string9:
	.asciz	"CR"                            @ string offset=153
.Linfo_string10:
	.asciz	"CFGR"                          @ string offset=156
.Linfo_string11:
	.asciz	"CFGR2"                         @ string offset=161
.Linfo_string12:
	.asciz	"SMPR1"                         @ string offset=167
.Linfo_string13:
	.asciz	"SMPR2"                         @ string offset=173
.Linfo_string14:
	.asciz	"PCSEL"                         @ string offset=179
.Linfo_string15:
	.asciz	"LTR1"                          @ string offset=185
.Linfo_string16:
	.asciz	"HTR1"                          @ string offset=190
.Linfo_string17:
	.asciz	"RESERVED1"                     @ string offset=195
.Linfo_string18:
	.asciz	"RESERVED2"                     @ string offset=205
.Linfo_string19:
	.asciz	"SQR1"                          @ string offset=215
.Linfo_string20:
	.asciz	"SQR2"                          @ string offset=220
.Linfo_string21:
	.asciz	"SQR3"                          @ string offset=225
.Linfo_string22:
	.asciz	"SQR4"                          @ string offset=230
.Linfo_string23:
	.asciz	"DR"                            @ string offset=235
.Linfo_string24:
	.asciz	"RESERVED3"                     @ string offset=238
.Linfo_string25:
	.asciz	"RESERVED4"                     @ string offset=248
.Linfo_string26:
	.asciz	"JSQR"                          @ string offset=258
.Linfo_string27:
	.asciz	"RESERVED5"                     @ string offset=263
.Linfo_string28:
	.asciz	"__ARRAY_SIZE_TYPE__"           @ string offset=273
.Linfo_string29:
	.asciz	"OFR1"                          @ string offset=293
.Linfo_string30:
	.asciz	"OFR2"                          @ string offset=298
.Linfo_string31:
	.asciz	"OFR3"                          @ string offset=303
.Linfo_string32:
	.asciz	"OFR4"                          @ string offset=308
.Linfo_string33:
	.asciz	"RESERVED6"                     @ string offset=313
.Linfo_string34:
	.asciz	"JDR1"                          @ string offset=323
.Linfo_string35:
	.asciz	"JDR2"                          @ string offset=328
.Linfo_string36:
	.asciz	"JDR3"                          @ string offset=333
.Linfo_string37:
	.asciz	"JDR4"                          @ string offset=338
.Linfo_string38:
	.asciz	"RESERVED7"                     @ string offset=343
.Linfo_string39:
	.asciz	"AWD2CR"                        @ string offset=353
.Linfo_string40:
	.asciz	"AWD3CR"                        @ string offset=360
.Linfo_string41:
	.asciz	"RESERVED8"                     @ string offset=367
.Linfo_string42:
	.asciz	"RESERVED9"                     @ string offset=377
.Linfo_string43:
	.asciz	"LTR2"                          @ string offset=387
.Linfo_string44:
	.asciz	"HTR2"                          @ string offset=392
.Linfo_string45:
	.asciz	"LTR3"                          @ string offset=397
.Linfo_string46:
	.asciz	"HTR3"                          @ string offset=402
.Linfo_string47:
	.asciz	"DIFSEL"                        @ string offset=407
.Linfo_string48:
	.asciz	"CALFACT"                       @ string offset=414
.Linfo_string49:
	.asciz	"CALFACT2"                      @ string offset=422
.Linfo_string50:
	.asciz	"ADC_TypeDef"                   @ string offset=431
.Linfo_string51:
	.asciz	"Init"                          @ string offset=443
.Linfo_string52:
	.asciz	"ClockPrescaler"                @ string offset=448
.Linfo_string53:
	.asciz	"Resolution"                    @ string offset=463
.Linfo_string54:
	.asciz	"ScanConvMode"                  @ string offset=474
.Linfo_string55:
	.asciz	"EOCSelection"                  @ string offset=487
.Linfo_string56:
	.asciz	"LowPowerAutoWait"              @ string offset=500
.Linfo_string57:
	.asciz	"unsigned char"                 @ string offset=517
.Linfo_string58:
	.asciz	"DISABLE"                       @ string offset=531
.Linfo_string59:
	.asciz	"ENABLE"                        @ string offset=539
.Linfo_string60:
	.asciz	"FunctionalState"               @ string offset=546
.Linfo_string61:
	.asciz	"ContinuousConvMode"            @ string offset=562
.Linfo_string62:
	.asciz	"NbrOfConversion"               @ string offset=581
.Linfo_string63:
	.asciz	"DiscontinuousConvMode"         @ string offset=597
.Linfo_string64:
	.asciz	"NbrOfDiscConversion"           @ string offset=619
.Linfo_string65:
	.asciz	"ExternalTrigConv"              @ string offset=639
.Linfo_string66:
	.asciz	"ExternalTrigConvEdge"          @ string offset=656
.Linfo_string67:
	.asciz	"ConversionDataManagement"      @ string offset=677
.Linfo_string68:
	.asciz	"Overrun"                       @ string offset=702
.Linfo_string69:
	.asciz	"LeftBitShift"                  @ string offset=710
.Linfo_string70:
	.asciz	"OversamplingMode"              @ string offset=723
.Linfo_string71:
	.asciz	"Oversampling"                  @ string offset=740
.Linfo_string72:
	.asciz	"Ratio"                         @ string offset=753
.Linfo_string73:
	.asciz	"RightBitShift"                 @ string offset=759
.Linfo_string74:
	.asciz	"TriggeredMode"                 @ string offset=773
.Linfo_string75:
	.asciz	"OversamplingStopReset"         @ string offset=787
.Linfo_string76:
	.asciz	"ADC_OversamplingTypeDef"       @ string offset=809
.Linfo_string77:
	.asciz	"ADC_InitTypeDef"               @ string offset=833
.Linfo_string78:
	.asciz	"DMA_Handle"                    @ string offset=849
.Linfo_string79:
	.asciz	"Request"                       @ string offset=860
.Linfo_string80:
	.asciz	"Direction"                     @ string offset=868
.Linfo_string81:
	.asciz	"PeriphInc"                     @ string offset=878
.Linfo_string82:
	.asciz	"MemInc"                        @ string offset=888
.Linfo_string83:
	.asciz	"PeriphDataAlignment"           @ string offset=895
.Linfo_string84:
	.asciz	"MemDataAlignment"              @ string offset=915
.Linfo_string85:
	.asciz	"Mode"                          @ string offset=932
.Linfo_string86:
	.asciz	"Priority"                      @ string offset=937
.Linfo_string87:
	.asciz	"FIFOMode"                      @ string offset=946
.Linfo_string88:
	.asciz	"FIFOThreshold"                 @ string offset=955
.Linfo_string89:
	.asciz	"MemBurst"                      @ string offset=969
.Linfo_string90:
	.asciz	"PeriphBurst"                   @ string offset=978
.Linfo_string91:
	.asciz	"DMA_InitTypeDef"               @ string offset=990
.Linfo_string92:
	.asciz	"Lock"                          @ string offset=1006
.Linfo_string93:
	.asciz	"HAL_UNLOCKED"                  @ string offset=1011
.Linfo_string94:
	.asciz	"HAL_LOCKED"                    @ string offset=1024
.Linfo_string95:
	.asciz	"HAL_LockTypeDef"               @ string offset=1035
.Linfo_string96:
	.asciz	"State"                         @ string offset=1051
.Linfo_string97:
	.asciz	"HAL_DMA_STATE_RESET"           @ string offset=1057
.Linfo_string98:
	.asciz	"HAL_DMA_STATE_READY"           @ string offset=1077
.Linfo_string99:
	.asciz	"HAL_DMA_STATE_BUSY"            @ string offset=1097
.Linfo_string100:
	.asciz	"HAL_DMA_STATE_ERROR"           @ string offset=1116
.Linfo_string101:
	.asciz	"HAL_DMA_STATE_ABORT"           @ string offset=1136
.Linfo_string102:
	.asciz	"HAL_DMA_StateTypeDef"          @ string offset=1156
.Linfo_string103:
	.asciz	"Parent"                        @ string offset=1177
.Linfo_string104:
	.asciz	"XferCpltCallback"              @ string offset=1184
.Linfo_string105:
	.asciz	"XferHalfCpltCallback"          @ string offset=1201
.Linfo_string106:
	.asciz	"XferM1CpltCallback"            @ string offset=1222
.Linfo_string107:
	.asciz	"XferM1HalfCpltCallback"        @ string offset=1241
.Linfo_string108:
	.asciz	"XferErrorCallback"             @ string offset=1264
.Linfo_string109:
	.asciz	"XferAbortCallback"             @ string offset=1282
.Linfo_string110:
	.asciz	"ErrorCode"                     @ string offset=1300
.Linfo_string111:
	.asciz	"StreamBaseAddress"             @ string offset=1310
.Linfo_string112:
	.asciz	"StreamIndex"                   @ string offset=1328
.Linfo_string113:
	.asciz	"DMAmuxChannel"                 @ string offset=1340
.Linfo_string114:
	.asciz	"CCR"                           @ string offset=1354
.Linfo_string115:
	.asciz	"DMAMUX_Channel_TypeDef"        @ string offset=1358
.Linfo_string116:
	.asciz	"DMAmuxChannelStatus"           @ string offset=1381
.Linfo_string117:
	.asciz	"CSR"                           @ string offset=1401
.Linfo_string118:
	.asciz	"CFR"                           @ string offset=1405
.Linfo_string119:
	.asciz	"DMAMUX_ChannelStatus_TypeDef"  @ string offset=1409
.Linfo_string120:
	.asciz	"DMAmuxChannelStatusMask"       @ string offset=1438
.Linfo_string121:
	.asciz	"DMAmuxRequestGen"              @ string offset=1462
.Linfo_string122:
	.asciz	"RGCR"                          @ string offset=1479
.Linfo_string123:
	.asciz	"DMAMUX_RequestGen_TypeDef"     @ string offset=1484
.Linfo_string124:
	.asciz	"DMAmuxRequestGenStatus"        @ string offset=1510
.Linfo_string125:
	.asciz	"RGSR"                          @ string offset=1533
.Linfo_string126:
	.asciz	"RGCFR"                         @ string offset=1538
.Linfo_string127:
	.asciz	"DMAMUX_RequestGenStatus_TypeDef" @ string offset=1544
.Linfo_string128:
	.asciz	"DMAmuxRequestGenStatusMask"    @ string offset=1576
.Linfo_string129:
	.asciz	"__DMA_HandleTypeDef"           @ string offset=1603
.Linfo_string130:
	.asciz	"DMA_HandleTypeDef"             @ string offset=1623
.Linfo_string131:
	.asciz	"InjectionConfig"               @ string offset=1641
.Linfo_string132:
	.asciz	"ContextQueue"                  @ string offset=1657
.Linfo_string133:
	.asciz	"ChannelCount"                  @ string offset=1670
.Linfo_string134:
	.asciz	"ADC_InjectionConfigTypeDef"    @ string offset=1683
.Linfo_string135:
	.asciz	"ADC_HandleTypeDef"             @ string offset=1710
.Linfo_string136:
	.asciz	"hdma_adc3"                     @ string offset=1728
.Linfo_string137:
	.asciz	"HAL_OK"                        @ string offset=1738
.Linfo_string138:
	.asciz	"HAL_ERROR"                     @ string offset=1745
.Linfo_string139:
	.asciz	"HAL_BUSY"                      @ string offset=1755
.Linfo_string140:
	.asciz	"HAL_TIMEOUT"                   @ string offset=1764
.Linfo_string141:
	.asciz	"unsigned long long"            @ string offset=1776
.Linfo_string142:
	.asciz	"uint64_t"                      @ string offset=1795
.Linfo_string143:
	.asciz	"HSICFGR"                       @ string offset=1804
.Linfo_string144:
	.asciz	"CRRCR"                         @ string offset=1812
.Linfo_string145:
	.asciz	"CSICFGR"                       @ string offset=1818
.Linfo_string146:
	.asciz	"D1CFGR"                        @ string offset=1826
.Linfo_string147:
	.asciz	"D2CFGR"                        @ string offset=1833
.Linfo_string148:
	.asciz	"D3CFGR"                        @ string offset=1840
.Linfo_string149:
	.asciz	"PLLCKSELR"                     @ string offset=1847
.Linfo_string150:
	.asciz	"PLLCFGR"                       @ string offset=1857
.Linfo_string151:
	.asciz	"PLL1DIVR"                      @ string offset=1865
.Linfo_string152:
	.asciz	"PLL1FRACR"                     @ string offset=1874
.Linfo_string153:
	.asciz	"PLL2DIVR"                      @ string offset=1884
.Linfo_string154:
	.asciz	"PLL2FRACR"                     @ string offset=1893
.Linfo_string155:
	.asciz	"PLL3DIVR"                      @ string offset=1903
.Linfo_string156:
	.asciz	"PLL3FRACR"                     @ string offset=1912
.Linfo_string157:
	.asciz	"D1CCIPR"                       @ string offset=1922
.Linfo_string158:
	.asciz	"D2CCIP1R"                      @ string offset=1930
.Linfo_string159:
	.asciz	"D2CCIP2R"                      @ string offset=1939
.Linfo_string160:
	.asciz	"D3CCIPR"                       @ string offset=1948
.Linfo_string161:
	.asciz	"CIER"                          @ string offset=1956
.Linfo_string162:
	.asciz	"CIFR"                          @ string offset=1961
.Linfo_string163:
	.asciz	"CICR"                          @ string offset=1966
.Linfo_string164:
	.asciz	"BDCR"                          @ string offset=1971
.Linfo_string165:
	.asciz	"AHB3RSTR"                      @ string offset=1976
.Linfo_string166:
	.asciz	"AHB1RSTR"                      @ string offset=1985
.Linfo_string167:
	.asciz	"AHB2RSTR"                      @ string offset=1994
.Linfo_string168:
	.asciz	"AHB4RSTR"                      @ string offset=2003
.Linfo_string169:
	.asciz	"APB3RSTR"                      @ string offset=2012
.Linfo_string170:
	.asciz	"APB1LRSTR"                     @ string offset=2021
.Linfo_string171:
	.asciz	"APB1HRSTR"                     @ string offset=2031
.Linfo_string172:
	.asciz	"APB2RSTR"                      @ string offset=2041
.Linfo_string173:
	.asciz	"APB4RSTR"                      @ string offset=2050
.Linfo_string174:
	.asciz	"GCR"                           @ string offset=2059
.Linfo_string175:
	.asciz	"D3AMR"                         @ string offset=2063
.Linfo_string176:
	.asciz	"RESERVED11"                    @ string offset=2069
.Linfo_string177:
	.asciz	"RSR"                           @ string offset=2080
.Linfo_string178:
	.asciz	"AHB3ENR"                       @ string offset=2084
.Linfo_string179:
	.asciz	"AHB1ENR"                       @ string offset=2092
.Linfo_string180:
	.asciz	"AHB2ENR"                       @ string offset=2100
.Linfo_string181:
	.asciz	"AHB4ENR"                       @ string offset=2108
.Linfo_string182:
	.asciz	"APB3ENR"                       @ string offset=2116
.Linfo_string183:
	.asciz	"APB1LENR"                      @ string offset=2124
.Linfo_string184:
	.asciz	"APB1HENR"                      @ string offset=2133
.Linfo_string185:
	.asciz	"APB2ENR"                       @ string offset=2142
.Linfo_string186:
	.asciz	"APB4ENR"                       @ string offset=2150
.Linfo_string187:
	.asciz	"RESERVED12"                    @ string offset=2158
.Linfo_string188:
	.asciz	"AHB3LPENR"                     @ string offset=2169
.Linfo_string189:
	.asciz	"AHB1LPENR"                     @ string offset=2179
.Linfo_string190:
	.asciz	"AHB2LPENR"                     @ string offset=2189
.Linfo_string191:
	.asciz	"AHB4LPENR"                     @ string offset=2199
.Linfo_string192:
	.asciz	"APB3LPENR"                     @ string offset=2209
.Linfo_string193:
	.asciz	"APB1LLPENR"                    @ string offset=2219
.Linfo_string194:
	.asciz	"APB1HLPENR"                    @ string offset=2230
.Linfo_string195:
	.asciz	"APB2LPENR"                     @ string offset=2241
.Linfo_string196:
	.asciz	"APB4LPENR"                     @ string offset=2251
.Linfo_string197:
	.asciz	"RESERVED13"                    @ string offset=2261
.Linfo_string198:
	.asciz	"RCC_TypeDef"                   @ string offset=2272
.Linfo_string199:
	.asciz	"CNDTR"                         @ string offset=2284
.Linfo_string200:
	.asciz	"CPAR"                          @ string offset=2290
.Linfo_string201:
	.asciz	"CM0AR"                         @ string offset=2295
.Linfo_string202:
	.asciz	"CM1AR"                         @ string offset=2301
.Linfo_string203:
	.asciz	"BDMA_Channel_TypeDef"          @ string offset=2307
.Linfo_string204:
	.asciz	"HAL_DMA_DeInit"                @ string offset=2328
.Linfo_string205:
	.asciz	"HAL_StatusTypeDef"             @ string offset=2343
.Linfo_string206:
	.asciz	"MX_ADC3_Init"                  @ string offset=2361
.Linfo_string207:
	.asciz	"HAL_ADC_MspInit"               @ string offset=2374
.Linfo_string208:
	.asciz	"HAL_ADC_MspDeInit"             @ string offset=2390
.Linfo_string209:
	.asciz	"sConfig"                       @ string offset=2408
.Linfo_string210:
	.asciz	"Channel"                       @ string offset=2416
.Linfo_string211:
	.asciz	"Rank"                          @ string offset=2424
.Linfo_string212:
	.asciz	"SamplingTime"                  @ string offset=2429
.Linfo_string213:
	.asciz	"SingleDiff"                    @ string offset=2442
.Linfo_string214:
	.asciz	"OffsetNumber"                  @ string offset=2453
.Linfo_string215:
	.asciz	"Offset"                        @ string offset=2466
.Linfo_string216:
	.asciz	"OffsetRightShift"              @ string offset=2473
.Linfo_string217:
	.asciz	"OffsetSignedSaturation"        @ string offset=2490
.Linfo_string218:
	.asciz	"ADC_ChannelConfTypeDef"        @ string offset=2513
.Linfo_string219:
	.asciz	"tmpreg"                        @ string offset=2536
.Linfo_string220:
	.asciz	"adcHandle"                     @ string offset=2543
.Linfo_string221:
	.asciz	"PeriphClkInitStruct"           @ string offset=2553
.Linfo_string222:
	.asciz	"PeriphClockSelection"          @ string offset=2573
.Linfo_string223:
	.asciz	"PLL2"                          @ string offset=2594
.Linfo_string224:
	.asciz	"PLL2M"                         @ string offset=2599
.Linfo_string225:
	.asciz	"PLL2N"                         @ string offset=2605
.Linfo_string226:
	.asciz	"PLL2P"                         @ string offset=2611
.Linfo_string227:
	.asciz	"PLL2Q"                         @ string offset=2617
.Linfo_string228:
	.asciz	"PLL2R"                         @ string offset=2623
.Linfo_string229:
	.asciz	"PLL2RGE"                       @ string offset=2629
.Linfo_string230:
	.asciz	"PLL2VCOSEL"                    @ string offset=2637
.Linfo_string231:
	.asciz	"PLL2FRACN"                     @ string offset=2648
.Linfo_string232:
	.asciz	"RCC_PLL2InitTypeDef"           @ string offset=2658
.Linfo_string233:
	.asciz	"PLL3"                          @ string offset=2678
.Linfo_string234:
	.asciz	"PLL3M"                         @ string offset=2683
.Linfo_string235:
	.asciz	"PLL3N"                         @ string offset=2689
.Linfo_string236:
	.asciz	"PLL3P"                         @ string offset=2695
.Linfo_string237:
	.asciz	"PLL3Q"                         @ string offset=2701
.Linfo_string238:
	.asciz	"PLL3R"                         @ string offset=2707
.Linfo_string239:
	.asciz	"PLL3RGE"                       @ string offset=2713
.Linfo_string240:
	.asciz	"PLL3VCOSEL"                    @ string offset=2721
.Linfo_string241:
	.asciz	"PLL3FRACN"                     @ string offset=2732
.Linfo_string242:
	.asciz	"RCC_PLL3InitTypeDef"           @ string offset=2742
.Linfo_string243:
	.asciz	"FmcClockSelection"             @ string offset=2762
.Linfo_string244:
	.asciz	"QspiClockSelection"            @ string offset=2780
.Linfo_string245:
	.asciz	"SdmmcClockSelection"           @ string offset=2799
.Linfo_string246:
	.asciz	"CkperClockSelection"           @ string offset=2819
.Linfo_string247:
	.asciz	"Sai1ClockSelection"            @ string offset=2839
.Linfo_string248:
	.asciz	"Sai23ClockSelection"           @ string offset=2858
.Linfo_string249:
	.asciz	"Spi123ClockSelection"          @ string offset=2878
.Linfo_string250:
	.asciz	"Spi45ClockSelection"           @ string offset=2899
.Linfo_string251:
	.asciz	"SpdifrxClockSelection"         @ string offset=2919
.Linfo_string252:
	.asciz	"Dfsdm1ClockSelection"          @ string offset=2941
.Linfo_string253:
	.asciz	"FdcanClockSelection"           @ string offset=2962
.Linfo_string254:
	.asciz	"Swpmi1ClockSelection"          @ string offset=2982
.Linfo_string255:
	.asciz	"Usart234578ClockSelection"     @ string offset=3003
.Linfo_string256:
	.asciz	"Usart16ClockSelection"         @ string offset=3029
.Linfo_string257:
	.asciz	"RngClockSelection"             @ string offset=3051
.Linfo_string258:
	.asciz	"I2c123ClockSelection"          @ string offset=3069
.Linfo_string259:
	.asciz	"UsbClockSelection"             @ string offset=3090
.Linfo_string260:
	.asciz	"CecClockSelection"             @ string offset=3108
.Linfo_string261:
	.asciz	"Lptim1ClockSelection"          @ string offset=3126
.Linfo_string262:
	.asciz	"Lpuart1ClockSelection"         @ string offset=3147
.Linfo_string263:
	.asciz	"I2c4ClockSelection"            @ string offset=3169
.Linfo_string264:
	.asciz	"Lptim2ClockSelection"          @ string offset=3188
.Linfo_string265:
	.asciz	"Lptim345ClockSelection"        @ string offset=3209
.Linfo_string266:
	.asciz	"AdcClockSelection"             @ string offset=3232
.Linfo_string267:
	.asciz	"Sai4AClockSelection"           @ string offset=3250
.Linfo_string268:
	.asciz	"Sai4BClockSelection"           @ string offset=3270
.Linfo_string269:
	.asciz	"Spi6ClockSelection"            @ string offset=3290
.Linfo_string270:
	.asciz	"RTCClockSelection"             @ string offset=3309
.Linfo_string271:
	.asciz	"Hrtim1ClockSelection"          @ string offset=3327
.Linfo_string272:
	.asciz	"TIMPresSelection"              @ string offset=3348
.Linfo_string273:
	.asciz	"RCC_PeriphCLKInitTypeDef"      @ string offset=3365
	.ident	"Component: Arm Compiler for Embedded 6.24 Tool: armclang [5f371800]"
	.section	".note.GNU-stack","",%progbits
	.eabi_attribute	30, 2	@ Tag_ABI_optimization_goals
	.ARM_attribute	16, 1	@ Tag_AV_eba
	.section	.debug_line,"",%progbits
.Lline_table_start0:
