	.text
	.syntax unified
	.eabi_attribute	67, "2.09"	@ Tag_conformance
	.cpu	cortex-m7
	.eabi_attribute	6, 13	@ Tag_CPU_arch
	.eabi_attribute	7, 77	@ Tag_CPU_arch_profile
	.eabi_attribute	8, 0	@ Tag_ARM_ISA_use
	.eabi_attribute	9, 2	@ Tag_THUMB_ISA_use
	.fpu	fpv5-d16
	.eabi_attribute	36, 1	@ Tag_FP_HP_extension
	.eabi_attribute	34, 1	@ Tag_CPU_unaligned_access
	.eabi_attribute	17, 1	@ Tag_ABI_PCS_GOT_use
	.eabi_attribute	20, 2	@ Tag_ABI_FP_denormal
	.eabi_attribute	21, 0	@ Tag_ABI_FP_exceptions
	.eabi_attribute	23, 1	@ Tag_ABI_FP_number_model
	.eabi_attribute	24, 1	@ Tag_ABI_align_needed
	.eabi_attribute	25, 1	@ Tag_ABI_align_preserved
	.eabi_attribute	28, 1	@ Tag_ABI_VFP_args
	.eabi_attribute	38, 1	@ Tag_ABI_FP_16bit_format
	.eabi_attribute	18, 2	@ Tag_ABI_PCS_wchar_t
	.eabi_attribute	26, 1	@ Tag_ABI_enum_size
	.eabi_attribute	14, 0	@ Tag_ABI_PCS_R9_use
	.file	"stm32h7xx_hal_dma.c"
	.file	1 "D:\\Keil_v5\\Core\\ARM\\ARMCLANG\\bin\\..\\include" "stdint.h"
	.file	2 "D:\\EV\\testadc\\MDK-ARM" "../Drivers/STM32H7xx_HAL_Driver/Src/stm32h7xx_hal_dma.c"
	.file	3 "D:\\EV\\testadc\\MDK-ARM" "../Drivers/STM32H7xx_HAL_Driver/Inc\\stm32h7xx_hal_def.h"
	.file	4 "D:\\EV\\testadc\\MDK-ARM" "../Drivers/STM32H7xx_HAL_Driver/Inc\\stm32h7xx_hal_dma.h"
	.file	5 "D:\\EV\\testadc\\MDK-ARM" "../Drivers/CMSIS/Device/ST/STM32H7xx/Include\\stm32h743xx.h"
	.section	.text.HAL_DMA_Init,"ax",%progbits
	.hidden	HAL_DMA_Init                    @ -- Begin function HAL_DMA_Init
	.globl	HAL_DMA_Init
	.p2align	3
	.type	HAL_DMA_Init,%function
	.code	16                              @ @HAL_DMA_Init
	.thumb_func
HAL_DMA_Init:
.Lfunc_begin0:
	.loc	2 217 0                         @ ../Drivers/STM32H7xx_HAL_Driver/Src/stm32h7xx_hal_dma.c:217:0
	.fnstart
	.cfi_sections .debug_frame
	.cfi_startproc
@ %bb.0:
	@DEBUG_VALUE: HAL_DMA_Init:hdma <- $r0
	.save	{r4, r5, r6, r7, r8, lr}
	push.w	{r4, r5, r6, r7, r8, lr}
	.cfi_def_cfa_offset 24
	.cfi_offset lr, -4
	.cfi_offset r8, -8
	.cfi_offset r7, -12
	.cfi_offset r6, -16
	.cfi_offset r5, -20
	.cfi_offset r4, -24
	mov	r4, r0
.Ltmp0:
	@DEBUG_VALUE: HAL_DMA_Init:hdma <- $r4
	@DEBUG_VALUE: HAL_DMA_Init:hdma <- $r4
	.loc	2 219 24 prologue_end           @ ../Drivers/STM32H7xx_HAL_Driver/Src/stm32h7xx_hal_dma.c:219:24
	bl	HAL_GetTick
.Ltmp1:
	@DEBUG_VALUE: HAL_DMA_Init:tickstart <- $r0
	.loc	2 224 6                         @ ../Drivers/STM32H7xx_HAL_Driver/Src/stm32h7xx_hal_dma.c:224:6
	cbz	r4, .LBB0_7
.Ltmp2:
@ %bb.1:
	@DEBUG_VALUE: HAL_DMA_Init:tickstart <- $r0
	@DEBUG_VALUE: HAL_DMA_Init:hdma <- $r4
	.loc	2 0 6 is_stmt 0                 @ ../Drivers/STM32H7xx_HAL_Driver/Src/stm32h7xx_hal_dma.c:0:6
	movw	r8, #1135
	mov	r5, r0
.Ltmp3:
	@DEBUG_VALUE: HAL_DMA_Init:tickstart <- $r5
	@DEBUG_VALUE: HAL_DMA_Init:tickstart <- $r5
	.loc	2 239 6 is_stmt 1               @ ../Drivers/STM32H7xx_HAL_Driver/Src/stm32h7xx_hal_dma.c:239:6
	ldr	r0, [r4]
	movt	r8, #16386
	cmp	r0, r8
	bgt	.LBB0_8
.Ltmp4:
@ %bb.2:
	@DEBUG_VALUE: HAL_DMA_Init:tickstart <- $r5
	@DEBUG_VALUE: HAL_DMA_Init:hdma <- $r4
	.loc	2 0 6 is_stmt 0                 @ ../Drivers/STM32H7xx_HAL_Driver/Src/stm32h7xx_hal_dma.c:0:6
	movs	r1, #159
	movt	r1, #16386
	.loc	2 239 6                         @ ../Drivers/STM32H7xx_HAL_Driver/Src/stm32h7xx_hal_dma.c:239:6
	cmp	r0, r1
	bgt	.LBB0_13
.Ltmp5:
@ %bb.3:
	@DEBUG_VALUE: HAL_DMA_Init:tickstart <- $r5
	@DEBUG_VALUE: HAL_DMA_Init:hdma <- $r4
	.loc	2 0 6                           @ ../Drivers/STM32H7xx_HAL_Driver/Src/stm32h7xx_hal_dma.c:0:6
	movs	r1, #87
	movt	r1, #16386
	.loc	2 239 6                         @ ../Drivers/STM32H7xx_HAL_Driver/Src/stm32h7xx_hal_dma.c:239:6
	cmp	r0, r1
	bgt	.LBB0_21
.Ltmp6:
@ %bb.4:
	@DEBUG_VALUE: HAL_DMA_Init:tickstart <- $r5
	@DEBUG_VALUE: HAL_DMA_Init:hdma <- $r4
	.loc	2 0 6                           @ ../Drivers/STM32H7xx_HAL_Driver/Src/stm32h7xx_hal_dma.c:0:6
	movs	r1, #16
	movt	r1, #16386
	.loc	2 239 6                         @ ../Drivers/STM32H7xx_HAL_Driver/Src/stm32h7xx_hal_dma.c:239:6
	cmp	r0, r1
	beq.w	.LBB0_31
.Ltmp7:
@ %bb.5:
	@DEBUG_VALUE: HAL_DMA_Init:tickstart <- $r5
	@DEBUG_VALUE: HAL_DMA_Init:hdma <- $r4
	.loc	2 0 6                           @ ../Drivers/STM32H7xx_HAL_Driver/Src/stm32h7xx_hal_dma.c:0:6
	movs	r1, #40
	movt	r1, #16386
	.loc	2 239 6                         @ ../Drivers/STM32H7xx_HAL_Driver/Src/stm32h7xx_hal_dma.c:239:6
	cmp	r0, r1
	beq.w	.LBB0_31
.Ltmp8:
@ %bb.6:
	@DEBUG_VALUE: HAL_DMA_Init:tickstart <- $r5
	@DEBUG_VALUE: HAL_DMA_Init:hdma <- $r4
	.loc	2 0 6                           @ ../Drivers/STM32H7xx_HAL_Driver/Src/stm32h7xx_hal_dma.c:0:6
	movs	r1, #64
	b	.LBB0_30
.Ltmp9:
	.p2align	2
.LBB0_7:
	@DEBUG_VALUE: HAL_DMA_Init:tickstart <- $r0
	@DEBUG_VALUE: HAL_DMA_Init:hdma <- $r4
	movs	r0, #1
.Ltmp10:
	.loc	2 457 1 epilogue_begin is_stmt 1 @ ../Drivers/STM32H7xx_HAL_Driver/Src/stm32h7xx_hal_dma.c:457:1
	pop.w	{r4, r5, r6, r7, r8, pc}
.Ltmp11:
	.loc	2 0 1 is_stmt 0                 @ :0:1
.Ltmp12:
	.p2align	2
.LBB0_8:
	@DEBUG_VALUE: HAL_DMA_Init:tickstart <- $r5
	@DEBUG_VALUE: HAL_DMA_Init:hdma <- $r4
	movw	r1, #21551
	movt	r1, #22530
.Ltmp13:
	.loc	2 239 6 is_stmt 1               @ ../Drivers/STM32H7xx_HAL_Driver/Src/stm32h7xx_hal_dma.c:239:6
	cmp	r0, r1
	bgt	.LBB0_17
.Ltmp14:
@ %bb.9:
	@DEBUG_VALUE: HAL_DMA_Init:tickstart <- $r5
	@DEBUG_VALUE: HAL_DMA_Init:hdma <- $r4
	.loc	2 0 6 is_stmt 0                 @ ../Drivers/STM32H7xx_HAL_Driver/Src/stm32h7xx_hal_dma.c:0:6
	movw	r1, #1207
	movt	r1, #16386
	.loc	2 239 6                         @ ../Drivers/STM32H7xx_HAL_Driver/Src/stm32h7xx_hal_dma.c:239:6
	cmp	r0, r1
	bgt	.LBB0_24
.Ltmp15:
@ %bb.10:
	@DEBUG_VALUE: HAL_DMA_Init:tickstart <- $r5
	@DEBUG_VALUE: HAL_DMA_Init:hdma <- $r4
	.loc	2 0 6                           @ ../Drivers/STM32H7xx_HAL_Driver/Src/stm32h7xx_hal_dma.c:0:6
	movw	r1, #1136
	movt	r1, #16386
	.loc	2 239 6                         @ ../Drivers/STM32H7xx_HAL_Driver/Src/stm32h7xx_hal_dma.c:239:6
	cmp	r0, r1
	beq	.LBB0_31
.Ltmp16:
@ %bb.11:
	@DEBUG_VALUE: HAL_DMA_Init:tickstart <- $r5
	@DEBUG_VALUE: HAL_DMA_Init:hdma <- $r4
	.loc	2 0 6                           @ ../Drivers/STM32H7xx_HAL_Driver/Src/stm32h7xx_hal_dma.c:0:6
	movw	r1, #1160
	movt	r1, #16386
	.loc	2 239 6                         @ ../Drivers/STM32H7xx_HAL_Driver/Src/stm32h7xx_hal_dma.c:239:6
	cmp	r0, r1
	beq	.LBB0_31
.Ltmp17:
@ %bb.12:
	@DEBUG_VALUE: HAL_DMA_Init:tickstart <- $r5
	@DEBUG_VALUE: HAL_DMA_Init:hdma <- $r4
	.loc	2 0 6                           @ ../Drivers/STM32H7xx_HAL_Driver/Src/stm32h7xx_hal_dma.c:0:6
	movw	r1, #1184
	b	.LBB0_30
.Ltmp18:
	.p2align	2
.LBB0_13:
	@DEBUG_VALUE: HAL_DMA_Init:tickstart <- $r5
	@DEBUG_VALUE: HAL_DMA_Init:hdma <- $r4
	movw	r1, #1063
	movt	r1, #16386
	.loc	2 239 6                         @ ../Drivers/STM32H7xx_HAL_Driver/Src/stm32h7xx_hal_dma.c:239:6
	cmp	r0, r1
	bgt	.LBB0_27
.Ltmp19:
@ %bb.14:
	@DEBUG_VALUE: HAL_DMA_Init:tickstart <- $r5
	@DEBUG_VALUE: HAL_DMA_Init:hdma <- $r4
	.loc	2 0 6                           @ ../Drivers/STM32H7xx_HAL_Driver/Src/stm32h7xx_hal_dma.c:0:6
	movs	r1, #160
	movt	r1, #16386
	.loc	2 239 6                         @ ../Drivers/STM32H7xx_HAL_Driver/Src/stm32h7xx_hal_dma.c:239:6
	cmp	r0, r1
	beq	.LBB0_31
.Ltmp20:
@ %bb.15:
	@DEBUG_VALUE: HAL_DMA_Init:tickstart <- $r5
	@DEBUG_VALUE: HAL_DMA_Init:hdma <- $r4
	.loc	2 0 6                           @ ../Drivers/STM32H7xx_HAL_Driver/Src/stm32h7xx_hal_dma.c:0:6
	movs	r1, #184
	movt	r1, #16386
	.loc	2 239 6                         @ ../Drivers/STM32H7xx_HAL_Driver/Src/stm32h7xx_hal_dma.c:239:6
	cmp	r0, r1
	beq	.LBB0_31
.Ltmp21:
@ %bb.16:
	@DEBUG_VALUE: HAL_DMA_Init:tickstart <- $r5
	@DEBUG_VALUE: HAL_DMA_Init:hdma <- $r4
	.loc	2 0 6                           @ ../Drivers/STM32H7xx_HAL_Driver/Src/stm32h7xx_hal_dma.c:0:6
	movw	r1, #1040
	b	.LBB0_30
.Ltmp22:
	.p2align	2
.LBB0_17:
	@DEBUG_VALUE: HAL_DMA_Init:tickstart <- $r5
	@DEBUG_VALUE: HAL_DMA_Init:hdma <- $r4
	movw	r1, #21611
	movt	r1, #22530
	.loc	2 239 6                         @ ../Drivers/STM32H7xx_HAL_Driver/Src/stm32h7xx_hal_dma.c:239:6
	cmp	r0, r1
	bgt.w	.LBB0_49
.Ltmp23:
@ %bb.18:
	@DEBUG_VALUE: HAL_DMA_Init:tickstart <- $r5
	@DEBUG_VALUE: HAL_DMA_Init:hdma <- $r4
	.loc	2 0 6                           @ ../Drivers/STM32H7xx_HAL_Driver/Src/stm32h7xx_hal_dma.c:0:6
	movw	r1, #21552
	movt	r1, #22530
	.loc	2 239 6                         @ ../Drivers/STM32H7xx_HAL_Driver/Src/stm32h7xx_hal_dma.c:239:6
	cmp	r0, r1
	beq.w	.LBB0_53
.Ltmp24:
@ %bb.19:
	@DEBUG_VALUE: HAL_DMA_Init:tickstart <- $r5
	@DEBUG_VALUE: HAL_DMA_Init:hdma <- $r4
	.loc	2 0 6                           @ ../Drivers/STM32H7xx_HAL_Driver/Src/stm32h7xx_hal_dma.c:0:6
	movw	r1, #21572
	movt	r1, #22530
	.loc	2 239 6                         @ ../Drivers/STM32H7xx_HAL_Driver/Src/stm32h7xx_hal_dma.c:239:6
	cmp	r0, r1
	beq.w	.LBB0_53
.Ltmp25:
@ %bb.20:
	@DEBUG_VALUE: HAL_DMA_Init:tickstart <- $r5
	@DEBUG_VALUE: HAL_DMA_Init:hdma <- $r4
	.loc	2 0 6                           @ ../Drivers/STM32H7xx_HAL_Driver/Src/stm32h7xx_hal_dma.c:0:6
	movw	r1, #21592
	b	.LBB0_52
.Ltmp26:
	.p2align	2
.LBB0_21:
	@DEBUG_VALUE: HAL_DMA_Init:tickstart <- $r5
	@DEBUG_VALUE: HAL_DMA_Init:hdma <- $r4
	movs	r1, #88
	movt	r1, #16386
	.loc	2 239 6                         @ ../Drivers/STM32H7xx_HAL_Driver/Src/stm32h7xx_hal_dma.c:239:6
	cmp	r0, r1
	beq	.LBB0_31
.Ltmp27:
@ %bb.22:
	@DEBUG_VALUE: HAL_DMA_Init:tickstart <- $r5
	@DEBUG_VALUE: HAL_DMA_Init:hdma <- $r4
	.loc	2 0 6                           @ ../Drivers/STM32H7xx_HAL_Driver/Src/stm32h7xx_hal_dma.c:0:6
	movs	r1, #112
	movt	r1, #16386
	.loc	2 239 6                         @ ../Drivers/STM32H7xx_HAL_Driver/Src/stm32h7xx_hal_dma.c:239:6
	cmp	r0, r1
	beq	.LBB0_31
.Ltmp28:
@ %bb.23:
	@DEBUG_VALUE: HAL_DMA_Init:tickstart <- $r5
	@DEBUG_VALUE: HAL_DMA_Init:hdma <- $r4
	.loc	2 0 6                           @ ../Drivers/STM32H7xx_HAL_Driver/Src/stm32h7xx_hal_dma.c:0:6
	movs	r1, #136
	b	.LBB0_30
.Ltmp29:
	.p2align	2
.LBB0_24:
	@DEBUG_VALUE: HAL_DMA_Init:tickstart <- $r5
	@DEBUG_VALUE: HAL_DMA_Init:hdma <- $r4
	movw	r1, #1208
	movt	r1, #16386
	.loc	2 239 6                         @ ../Drivers/STM32H7xx_HAL_Driver/Src/stm32h7xx_hal_dma.c:239:6
	cmp	r0, r1
	beq	.LBB0_31
.Ltmp30:
@ %bb.25:
	@DEBUG_VALUE: HAL_DMA_Init:tickstart <- $r5
	@DEBUG_VALUE: HAL_DMA_Init:hdma <- $r4
	.loc	2 0 6                           @ ../Drivers/STM32H7xx_HAL_Driver/Src/stm32h7xx_hal_dma.c:0:6
	movw	r1, #21512
	movt	r1, #22530
	.loc	2 239 6                         @ ../Drivers/STM32H7xx_HAL_Driver/Src/stm32h7xx_hal_dma.c:239:6
	cmp	r0, r1
	beq.w	.LBB0_53
.Ltmp31:
@ %bb.26:
	@DEBUG_VALUE: HAL_DMA_Init:tickstart <- $r5
	@DEBUG_VALUE: HAL_DMA_Init:hdma <- $r4
	.loc	2 0 6                           @ ../Drivers/STM32H7xx_HAL_Driver/Src/stm32h7xx_hal_dma.c:0:6
	movw	r1, #21532
	b	.LBB0_52
.Ltmp32:
	.p2align	2
.LBB0_27:
	@DEBUG_VALUE: HAL_DMA_Init:tickstart <- $r5
	@DEBUG_VALUE: HAL_DMA_Init:hdma <- $r4
	movw	r1, #1064
	movt	r1, #16386
	.loc	2 239 6                         @ ../Drivers/STM32H7xx_HAL_Driver/Src/stm32h7xx_hal_dma.c:239:6
	cmp	r0, r1
	beq	.LBB0_31
.Ltmp33:
@ %bb.28:
	@DEBUG_VALUE: HAL_DMA_Init:tickstart <- $r5
	@DEBUG_VALUE: HAL_DMA_Init:hdma <- $r4
	.loc	2 0 6                           @ ../Drivers/STM32H7xx_HAL_Driver/Src/stm32h7xx_hal_dma.c:0:6
	movw	r1, #1088
	movt	r1, #16386
	.loc	2 239 6                         @ ../Drivers/STM32H7xx_HAL_Driver/Src/stm32h7xx_hal_dma.c:239:6
	cmp	r0, r1
	beq	.LBB0_31
.Ltmp34:
@ %bb.29:
	@DEBUG_VALUE: HAL_DMA_Init:tickstart <- $r5
	@DEBUG_VALUE: HAL_DMA_Init:hdma <- $r4
	.loc	2 0 6                           @ ../Drivers/STM32H7xx_HAL_Driver/Src/stm32h7xx_hal_dma.c:0:6
	movw	r1, #1112
.Ltmp35:
.LBB0_30:
	@DEBUG_VALUE: HAL_DMA_Init:tickstart <- $r5
	@DEBUG_VALUE: HAL_DMA_Init:hdma <- $r4
	movt	r1, #16386
	.loc	2 239 6                         @ ../Drivers/STM32H7xx_HAL_Driver/Src/stm32h7xx_hal_dma.c:239:6
	cmp	r0, r1
	bne.w	.LBB0_69
.Ltmp36:
.LBB0_31:
	@DEBUG_VALUE: HAL_DMA_Init:tickstart <- $r5
	@DEBUG_VALUE: HAL_DMA_Init:hdma <- $r4
	.loc	2 0 6                           @ ../Drivers/STM32H7xx_HAL_Driver/Src/stm32h7xx_hal_dma.c:0:6
	movs	r1, #2
.Ltmp37:
	.loc	2 253 17 is_stmt 1              @ ../Drivers/STM32H7xx_HAL_Driver/Src/stm32h7xx_hal_dma.c:253:17
	strb.w	r1, [r4, #53]
	movs	r1, #0
.Ltmp38:
	.loc	2 256 5                         @ ../Drivers/STM32H7xx_HAL_Driver/Src/stm32h7xx_hal_dma.c:256:5
	strb.w	r1, [r4, #52]
.Ltmp39:
	.loc	2 259 5                         @ ../Drivers/STM32H7xx_HAL_Driver/Src/stm32h7xx_hal_dma.c:259:5
	ldr	r1, [r0]
	bic	r1, r1, #1
	str	r1, [r0]
.Ltmp40:
	.loc	2 0 5 is_stmt 0                 @ :0:5
.Ltmp41:
	.p2align	2
.LBB0_32:                               @ =>This Inner Loop Header: Depth=1
	@DEBUG_VALUE: HAL_DMA_Init:tickstart <- $r5
	@DEBUG_VALUE: HAL_DMA_Init:hdma <- $r4
	.loc	2 262 43 is_stmt 1              @ ../Drivers/STM32H7xx_HAL_Driver/Src/stm32h7xx_hal_dma.c:262:43
	ldr	r0, [r4]
	.loc	2 262 54 is_stmt 0              @ ../Drivers/STM32H7xx_HAL_Driver/Src/stm32h7xx_hal_dma.c:262:54
	ldr	r1, [r0]
	.loc	2 262 5                         @ ../Drivers/STM32H7xx_HAL_Driver/Src/stm32h7xx_hal_dma.c:262:5
	lsls	r1, r1, #31
	beq	.LBB0_36
.Ltmp42:
@ %bb.33:                               @   in Loop: Header=BB0_32 Depth=1
	@DEBUG_VALUE: HAL_DMA_Init:tickstart <- $r5
	@DEBUG_VALUE: HAL_DMA_Init:hdma <- $r4
	.loc	2 265 11 is_stmt 1              @ ../Drivers/STM32H7xx_HAL_Driver/Src/stm32h7xx_hal_dma.c:265:11
	bl	HAL_GetTick
.Ltmp43:
	.loc	2 265 25 is_stmt 0              @ ../Drivers/STM32H7xx_HAL_Driver/Src/stm32h7xx_hal_dma.c:265:25
	subs	r0, r0, r5
.Ltmp44:
	.loc	2 265 10                        @ ../Drivers/STM32H7xx_HAL_Driver/Src/stm32h7xx_hal_dma.c:265:10
	cmp	r0, #6
	blo	.LBB0_32
.Ltmp45:
@ %bb.34:
	@DEBUG_VALUE: HAL_DMA_Init:tickstart <- $r5
	@DEBUG_VALUE: HAL_DMA_Init:hdma <- $r4
	.loc	2 0 10                          @ ../Drivers/STM32H7xx_HAL_Driver/Src/stm32h7xx_hal_dma.c:0:10
	movs	r0, #32
.Ltmp46:
.LBB0_35:
	@DEBUG_VALUE: HAL_DMA_Init:tickstart <- $r5
	@DEBUG_VALUE: HAL_DMA_Init:hdma <- $r4
	str	r0, [r4, #84]
	movs	r0, #3
	strb.w	r0, [r4, #53]
	movs	r0, #1
.Ltmp47:
	.loc	2 457 1 epilogue_begin is_stmt 1 @ ../Drivers/STM32H7xx_HAL_Driver/Src/stm32h7xx_hal_dma.c:457:1
	pop.w	{r4, r5, r6, r7, r8, pc}
.Ltmp48:
	.loc	2 0 1 is_stmt 0                 @ :0:1
.Ltmp49:
	.p2align	2
.LBB0_36:
	@DEBUG_VALUE: HAL_DMA_Init:tickstart <- $r5
	@DEBUG_VALUE: HAL_DMA_Init:hdma <- $r4
	movw	r2, #32831
.Ltmp50:
	.loc	2 287 34 is_stmt 1              @ ../Drivers/STM32H7xx_HAL_Driver/Src/stm32h7xx_hal_dma.c:287:34
	add.w	r6, r4, #8
	.loc	2 278 63                        @ ../Drivers/STM32H7xx_HAL_Driver/Src/stm32h7xx_hal_dma.c:278:63
	ldr	r1, [r0]
.Ltmp51:
	@DEBUG_VALUE: HAL_DMA_Init:registerValue <- $r1
	.loc	2 0 63 is_stmt 0                @ ../Drivers/STM32H7xx_HAL_Driver/Src/stm32h7xx_hal_dma.c:0:63
	movt	r2, #65040
	.loc	2 281 19 is_stmt 1              @ ../Drivers/STM32H7xx_HAL_Driver/Src/stm32h7xx_hal_dma.c:281:19
	ands	r1, r2
.Ltmp52:
	@DEBUG_VALUE: HAL_DMA_Init:registerValue <- $r1
	.loc	2 289 24                        @ ../Drivers/STM32H7xx_HAL_Driver/Src/stm32h7xx_hal_dma.c:289:24
	ldr	r5, [r4, #20]
.Ltmp53:
	.loc	2 287 34                        @ ../Drivers/STM32H7xx_HAL_Driver/Src/stm32h7xx_hal_dma.c:287:34
	ldm	r6, {r2, r3, r6}
	.loc	2 287 54 is_stmt 0              @ ../Drivers/STM32H7xx_HAL_Driver/Src/stm32h7xx_hal_dma.c:287:54
	orrs	r1, r2
.Ltmp54:
	.loc	2 289 57 is_stmt 1              @ ../Drivers/STM32H7xx_HAL_Driver/Src/stm32h7xx_hal_dma.c:289:57
	ldr	r2, [r4, #24]
	.loc	2 288 44                        @ ../Drivers/STM32H7xx_HAL_Driver/Src/stm32h7xx_hal_dma.c:288:44
	orrs	r1, r3
	.loc	2 290 24                        @ ../Drivers/STM32H7xx_HAL_Driver/Src/stm32h7xx_hal_dma.c:290:24
	ldr	r3, [r4, #28]
	.loc	2 288 74                        @ ../Drivers/STM32H7xx_HAL_Driver/Src/stm32h7xx_hal_dma.c:288:74
	orrs	r1, r6
	.loc	2 290 57                        @ ../Drivers/STM32H7xx_HAL_Driver/Src/stm32h7xx_hal_dma.c:290:57
	ldr	r6, [r4, #32]
	.loc	2 289 74                        @ ../Drivers/STM32H7xx_HAL_Driver/Src/stm32h7xx_hal_dma.c:289:74
	orrs	r5, r1
.Ltmp55:
	.loc	2 293 19                        @ ../Drivers/STM32H7xx_HAL_Driver/Src/stm32h7xx_hal_dma.c:293:19
	ldr	r1, [r4, #36]
.Ltmp56:
	.loc	2 287 19                        @ ../Drivers/STM32H7xx_HAL_Driver/Src/stm32h7xx_hal_dma.c:287:19
	orrs	r3, r5
	.loc	2 293 8                         @ ../Drivers/STM32H7xx_HAL_Driver/Src/stm32h7xx_hal_dma.c:293:8
	cmp	r1, #4
	.loc	2 287 19                        @ ../Drivers/STM32H7xx_HAL_Driver/Src/stm32h7xx_hal_dma.c:287:19
	orr.w	r3, r3, r6
	orr.w	r3, r3, r2
.Ltmp57:
	@DEBUG_VALUE: HAL_DMA_Init:registerValue <- $r3
	.loc	2 293 8                         @ ../Drivers/STM32H7xx_HAL_Driver/Src/stm32h7xx_hal_dma.c:293:8
	bne	.LBB0_38
.Ltmp58:
@ %bb.37:
	@DEBUG_VALUE: HAL_DMA_Init:registerValue <- $r3
	@DEBUG_VALUE: HAL_DMA_Init:hdma <- $r4
	.loc	2 296 36                        @ ../Drivers/STM32H7xx_HAL_Driver/Src/stm32h7xx_hal_dma.c:296:36
	ldrd	r6, r5, [r4, #44]
	.loc	2 296 21 is_stmt 0              @ ../Drivers/STM32H7xx_HAL_Driver/Src/stm32h7xx_hal_dma.c:296:21
	orrs	r6, r5
	orrs	r3, r6
.Ltmp59:
	@DEBUG_VALUE: HAL_DMA_Init:registerValue <- $r3
.LBB0_38:
	@DEBUG_VALUE: HAL_DMA_Init:registerValue <- $r3
	@DEBUG_VALUE: HAL_DMA_Init:hdma <- $r4
	@DEBUG_VALUE: HAL_DMA_Init:registerValue <- $r3
	.loc	2 0 21                          @ ../Drivers/STM32H7xx_HAL_Driver/Src/stm32h7xx_hal_dma.c:0:21
	movw	r6, #4096
	movt	r6, #23552
.Ltmp60:
	.loc	2 302 18 is_stmt 1              @ ../Drivers/STM32H7xx_HAL_Driver/Src/stm32h7xx_hal_dma.c:302:18
	ldr	r6, [r6]
	.loc	2 302 56 is_stmt 0              @ ../Drivers/STM32H7xx_HAL_Driver/Src/stm32h7xx_hal_dma.c:302:56
	cmp.w	r6, #536870912
	blo	.LBB0_42
.Ltmp61:
@ %bb.39:
	@DEBUG_VALUE: HAL_DMA_Init:registerValue <- $r3
	@DEBUG_VALUE: HAL_DMA_Init:hdma <- $r4
	.loc	2 302 60                        @ ../Drivers/STM32H7xx_HAL_Driver/Src/stm32h7xx_hal_dma.c:302:60
	ldr	r5, [r4, #4]
	sub.w	r6, r5, #41
	cmp	r6, #31
	bhi.w	.LBB0_132
.Ltmp62:
@ %bb.40:
	@DEBUG_VALUE: HAL_DMA_Init:registerValue <- $r3
	@DEBUG_VALUE: HAL_DMA_Init:hdma <- $r4
	.loc	2 0 60                          @ ../Drivers/STM32H7xx_HAL_Driver/Src/stm32h7xx_hal_dma.c:0:60
	movs	r7, #1
	lsls	r7, r6
	movs	r6, #63
	movt	r6, #50112
	tst	r7, r6
	beq.w	.LBB0_132
.Ltmp63:
@ %bb.41:
	@DEBUG_VALUE: HAL_DMA_Init:registerValue <- $r3
	@DEBUG_VALUE: HAL_DMA_Init:hdma <- $r4
	orr	r3, r3, #1048576
.Ltmp64:
.LBB0_42:
	@DEBUG_VALUE: HAL_DMA_Init:hdma <- $r4
	@DEBUG_VALUE: HAL_DMA_Init:registerValue <- $r3
	.loc	2 311 50 is_stmt 1              @ ../Drivers/STM32H7xx_HAL_Driver/Src/stm32h7xx_hal_dma.c:311:50
	str	r3, [r0]
	.loc	2 323 8                         @ ../Drivers/STM32H7xx_HAL_Driver/Src/stm32h7xx_hal_dma.c:323:8
	cmp	r1, #4
	.loc	2 314 63                        @ ../Drivers/STM32H7xx_HAL_Driver/Src/stm32h7xx_hal_dma.c:314:63
	ldr	r3, [r0, #20]
.Ltmp65:
	@DEBUG_VALUE: HAL_DMA_Init:registerValue <- $r3
	.loc	2 317 19                        @ ../Drivers/STM32H7xx_HAL_Driver/Src/stm32h7xx_hal_dma.c:317:19
	bic	r3, r3, #7
.Ltmp66:
	@DEBUG_VALUE: HAL_DMA_Init:registerValue <- $r3
	.loc	2 320 19                        @ ../Drivers/STM32H7xx_HAL_Driver/Src/stm32h7xx_hal_dma.c:320:19
	orr.w	r1, r1, r3
.Ltmp67:
	@DEBUG_VALUE: HAL_DMA_Init:registerValue <- $r1
	.loc	2 323 8                         @ ../Drivers/STM32H7xx_HAL_Driver/Src/stm32h7xx_hal_dma.c:323:8
	bne.w	.LBB0_79
.Ltmp68:
@ %bb.43:
	@DEBUG_VALUE: HAL_DMA_Init:registerValue <- $r1
	@DEBUG_VALUE: HAL_DMA_Init:hdma <- $r4
	.loc	2 326 35                        @ ../Drivers/STM32H7xx_HAL_Driver/Src/stm32h7xx_hal_dma.c:326:35
	ldrd	r5, r3, [r4, #40]
	.loc	2 330 10                        @ ../Drivers/STM32H7xx_HAL_Driver/Src/stm32h7xx_hal_dma.c:330:10
	cmp	r3, #0
	.loc	2 326 21                        @ ../Drivers/STM32H7xx_HAL_Driver/Src/stm32h7xx_hal_dma.c:326:21
	orr.w	r1, r1, r5
.Ltmp69:
	@DEBUG_VALUE: HAL_DMA_Init:registerValue <- $r1
	.loc	2 330 10                        @ ../Drivers/STM32H7xx_HAL_Driver/Src/stm32h7xx_hal_dma.c:330:10
	beq.w	.LBB0_79
.Ltmp70:
@ %bb.44:
	@DEBUG_VALUE: HAL_DMA_Init:registerValue <- $r1
	@DEBUG_VALUE: HAL_DMA_Init:hdma <- $r4
	@DEBUG_VALUE: DMA_CheckFifoParam:hdma <- $r4
	@DEBUG_VALUE: DMA_CheckFifoParam:status <- 0
	.loc	2 1898 7                        @ ../Drivers/STM32H7xx_HAL_Driver/Src/stm32h7xx_hal_dma.c:1898:7
	cmp.w	r2, #8192
	beq.w	.LBB0_70
.Ltmp71:
@ %bb.45:
	@DEBUG_VALUE: DMA_CheckFifoParam:status <- 0
	@DEBUG_VALUE: DMA_CheckFifoParam:hdma <- $r4
	@DEBUG_VALUE: HAL_DMA_Init:registerValue <- $r1
	@DEBUG_VALUE: HAL_DMA_Init:hdma <- $r4
	cmp	r2, #0
	bne.w	.LBB0_74
.Ltmp72:
@ %bb.46:
	@DEBUG_VALUE: DMA_CheckFifoParam:status <- 0
	@DEBUG_VALUE: DMA_CheckFifoParam:hdma <- $r4
	@DEBUG_VALUE: HAL_DMA_Init:registerValue <- $r1
	@DEBUG_VALUE: HAL_DMA_Init:hdma <- $r4
	.loc	2 1900 5                        @ ../Drivers/STM32H7xx_HAL_Driver/Src/stm32h7xx_hal_dma.c:1900:5
	cmp	r5, #2
	beq.w	.LBB0_76
.Ltmp73:
@ %bb.47:
	@DEBUG_VALUE: DMA_CheckFifoParam:status <- 0
	@DEBUG_VALUE: DMA_CheckFifoParam:hdma <- $r4
	@DEBUG_VALUE: HAL_DMA_Init:registerValue <- $r1
	@DEBUG_VALUE: HAL_DMA_Init:hdma <- $r4
	cmp	r5, #1
	beq.w	.LBB0_73
.Ltmp74:
@ %bb.48:
	@DEBUG_VALUE: DMA_CheckFifoParam:status <- 0
	@DEBUG_VALUE: DMA_CheckFifoParam:hdma <- $r4
	@DEBUG_VALUE: HAL_DMA_Init:registerValue <- $r1
	@DEBUG_VALUE: HAL_DMA_Init:hdma <- $r4
	cmp	r5, #0
	beq.w	.LBB0_76
	b	.LBB0_79
.Ltmp75:
	.loc	2 0 5 is_stmt 0                 @ :0:5
.Ltmp76:
	.p2align	2
.LBB0_49:
	@DEBUG_VALUE: HAL_DMA_Init:tickstart <- $r5
	@DEBUG_VALUE: HAL_DMA_Init:hdma <- $r4
	movw	r1, #21612
	movt	r1, #22530
	.loc	2 239 6 is_stmt 1               @ ../Drivers/STM32H7xx_HAL_Driver/Src/stm32h7xx_hal_dma.c:239:6
	cmp	r0, r1
	beq	.LBB0_53
.Ltmp77:
@ %bb.50:
	@DEBUG_VALUE: HAL_DMA_Init:tickstart <- $r5
	@DEBUG_VALUE: HAL_DMA_Init:hdma <- $r4
	.loc	2 0 6 is_stmt 0                 @ ../Drivers/STM32H7xx_HAL_Driver/Src/stm32h7xx_hal_dma.c:0:6
	movw	r1, #21632
	movt	r1, #22530
	.loc	2 239 6                         @ ../Drivers/STM32H7xx_HAL_Driver/Src/stm32h7xx_hal_dma.c:239:6
	cmp	r0, r1
	beq	.LBB0_53
.Ltmp78:
@ %bb.51:
	@DEBUG_VALUE: HAL_DMA_Init:tickstart <- $r5
	@DEBUG_VALUE: HAL_DMA_Init:hdma <- $r4
	.loc	2 0 6                           @ ../Drivers/STM32H7xx_HAL_Driver/Src/stm32h7xx_hal_dma.c:0:6
	movw	r1, #21652
.Ltmp79:
.LBB0_52:
	@DEBUG_VALUE: HAL_DMA_Init:tickstart <- $r5
	@DEBUG_VALUE: HAL_DMA_Init:hdma <- $r4
	movt	r1, #22530
	.loc	2 239 6                         @ ../Drivers/STM32H7xx_HAL_Driver/Src/stm32h7xx_hal_dma.c:239:6
	cmp	r0, r1
	bne.w	.LBB0_69
.Ltmp80:
.LBB0_53:
	@DEBUG_VALUE: HAL_DMA_Init:tickstart <- $r5
	@DEBUG_VALUE: HAL_DMA_Init:hdma <- $r4
	.loc	2 379 23 is_stmt 1              @ ../Drivers/STM32H7xx_HAL_Driver/Src/stm32h7xx_hal_dma.c:379:23
	add.w	lr, r4, #8
	movs	r1, #2
	.loc	2 364 17                        @ ../Drivers/STM32H7xx_HAL_Driver/Src/stm32h7xx_hal_dma.c:364:17
	strb.w	r1, [r4, #53]
	movs	r1, #0
.Ltmp81:
	.loc	2 367 5                         @ ../Drivers/STM32H7xx_HAL_Driver/Src/stm32h7xx_hal_dma.c:367:5
	strb.w	r1, [r4, #52]
.Ltmp82:
	.loc	2 370 63                        @ ../Drivers/STM32H7xx_HAL_Driver/Src/stm32h7xx_hal_dma.c:370:63
	ldr	r1, [r0]
.Ltmp83:
	@DEBUG_VALUE: HAL_DMA_Init:registerValue <- $r1
	.loc	2 383 23                        @ ../Drivers/STM32H7xx_HAL_Driver/Src/stm32h7xx_hal_dma.c:383:23
	ldr	r3, [r4, #24]
	.loc	2 379 23                        @ ../Drivers/STM32H7xx_HAL_Driver/Src/stm32h7xx_hal_dma.c:379:23
	ldm.w	lr, {r2, r12, lr}
	sub.w	r5, r2, #128
.Ltmp84:
	.loc	2 384 23                        @ ../Drivers/STM32H7xx_HAL_Driver/Src/stm32h7xx_hal_dma.c:384:23
	ldr	r7, [r4, #28]
	.loc	2 379 23                        @ ../Drivers/STM32H7xx_HAL_Driver/Src/stm32h7xx_hal_dma.c:379:23
	clz	r5, r5
	.loc	2 382 23                        @ ../Drivers/STM32H7xx_HAL_Driver/Src/stm32h7xx_hal_dma.c:382:23
	ldr	r6, [r4, #20]
	.loc	2 379 23                        @ ../Drivers/STM32H7xx_HAL_Driver/Src/stm32h7xx_hal_dma.c:379:23
	lsrs	r5, r5, #5
	cmp	r2, #64
	lsl.w	r5, r5, #14
	.loc	2 384 78                        @ ../Drivers/STM32H7xx_HAL_Driver/Src/stm32h7xx_hal_dma.c:384:78
	orr.w	r2, r3, r7
	.loc	2 373 19                        @ ../Drivers/STM32H7xx_HAL_Driver/Src/stm32h7xx_hal_dma.c:373:19
	bfc	r1, #4, #13
.Ltmp85:
	@DEBUG_VALUE: HAL_DMA_Init:registerValue <- $r1
	.loc	2 384 78                        @ ../Drivers/STM32H7xx_HAL_Driver/Src/stm32h7xx_hal_dma.c:384:78
	orr.w	r2, r2, r6
	.loc	2 379 23                        @ ../Drivers/STM32H7xx_HAL_Driver/Src/stm32h7xx_hal_dma.c:379:23
	it	eq
	moveq	r5, #16
	.loc	2 379 78 is_stmt 0              @ ../Drivers/STM32H7xx_HAL_Driver/Src/stm32h7xx_hal_dma.c:379:78
	orr.w	r1, r1, r12, lsr #3
.Ltmp86:
	.loc	2 384 78 is_stmt 1              @ ../Drivers/STM32H7xx_HAL_Driver/Src/stm32h7xx_hal_dma.c:384:78
	orr.w	r2, r2, lr
	.loc	2 385 23                        @ ../Drivers/STM32H7xx_HAL_Driver/Src/stm32h7xx_hal_dma.c:385:23
	ldr	r3, [r4, #32]
	.loc	2 380 78                        @ ../Drivers/STM32H7xx_HAL_Driver/Src/stm32h7xx_hal_dma.c:380:78
	orrs	r1, r5
	.loc	2 384 78                        @ ../Drivers/STM32H7xx_HAL_Driver/Src/stm32h7xx_hal_dma.c:384:78
	orr.w	r1, r1, r2, lsr #3
	.loc	2 379 19                        @ ../Drivers/STM32H7xx_HAL_Driver/Src/stm32h7xx_hal_dma.c:379:19
	orr.w	r1, r1, r3, lsr #4
.Ltmp87:
	@DEBUG_VALUE: HAL_DMA_Init:registerValue <- $r1
	.loc	2 388 51                        @ ../Drivers/STM32H7xx_HAL_Driver/Src/stm32h7xx_hal_dma.c:388:51
	str	r1, [r0], #-8
	.loc	2 391 92                        @ ../Drivers/STM32H7xx_HAL_Driver/Src/stm32h7xx_hal_dma.c:391:92
	uxtb	r0, r0
	movs	r1, #205
.Ltmp88:
	muls	r0, r1, r0
	movs	r1, #60
	.loc	2 391 147 is_stmt 0             @ ../Drivers/STM32H7xx_HAL_Driver/Src/stm32h7xx_hal_dma.c:391:147
	and.w	r0, r1, r0, lsr #10
	.loc	2 391 23                        @ ../Drivers/STM32H7xx_HAL_Driver/Src/stm32h7xx_hal_dma.c:391:23
	str	r0, [r4, #92]
	.loc	2 395 40 is_stmt 1              @ ../Drivers/STM32H7xx_HAL_Driver/Src/stm32h7xx_hal_dma.c:395:40
	mov	r0, r4
	bl	DMA_CalcBaseAndBitshift
.Ltmp89:
	@DEBUG_VALUE: HAL_DMA_Init:regs_bdma <- $r0
	.loc	2 398 52                        @ ../Drivers/STM32H7xx_HAL_Driver/Src/stm32h7xx_hal_dma.c:398:52
	ldr	r1, [r4, #92]
	movs	r2, #1
	.loc	2 398 64 is_stmt 0              @ ../Drivers/STM32H7xx_HAL_Driver/Src/stm32h7xx_hal_dma.c:398:64
	and	r1, r1, #31
	.loc	2 398 42                        @ ../Drivers/STM32H7xx_HAL_Driver/Src/stm32h7xx_hal_dma.c:398:42
	lsl.w	r1, r2, r1
	.loc	2 398 21                        @ ../Drivers/STM32H7xx_HAL_Driver/Src/stm32h7xx_hal_dma.c:398:21
	str	r1, [r0, #4]
.Ltmp90:
	.loc	2 408 6 is_stmt 1               @ ../Drivers/STM32H7xx_HAL_Driver/Src/stm32h7xx_hal_dma.c:408:6
	ldr	r0, [r4]
.Ltmp91:
	cmp	r0, r8
	bgt.w	.LBB0_80
.Ltmp92:
.LBB0_54:
	@DEBUG_VALUE: HAL_DMA_Init:hdma <- $r4
	.loc	2 0 6 is_stmt 0                 @ ../Drivers/STM32H7xx_HAL_Driver/Src/stm32h7xx_hal_dma.c:0:6
	movs	r1, #159
	movt	r1, #16386
	.loc	2 408 6                         @ ../Drivers/STM32H7xx_HAL_Driver/Src/stm32h7xx_hal_dma.c:408:6
	cmp	r0, r1
	bgt	.LBB0_59
.Ltmp93:
@ %bb.55:
	@DEBUG_VALUE: HAL_DMA_Init:hdma <- $r4
	.loc	2 0 6                           @ ../Drivers/STM32H7xx_HAL_Driver/Src/stm32h7xx_hal_dma.c:0:6
	movs	r1, #87
	movt	r1, #16386
	.loc	2 408 6                         @ ../Drivers/STM32H7xx_HAL_Driver/Src/stm32h7xx_hal_dma.c:408:6
	cmp	r0, r1
	bgt	.LBB0_63
.Ltmp94:
@ %bb.56:
	@DEBUG_VALUE: HAL_DMA_Init:hdma <- $r4
	.loc	2 0 6                           @ ../Drivers/STM32H7xx_HAL_Driver/Src/stm32h7xx_hal_dma.c:0:6
	movs	r1, #16
	movt	r1, #16386
	.loc	2 408 6                         @ ../Drivers/STM32H7xx_HAL_Driver/Src/stm32h7xx_hal_dma.c:408:6
	cmp	r0, r1
	beq.w	.LBB0_97
.Ltmp95:
@ %bb.57:
	@DEBUG_VALUE: HAL_DMA_Init:hdma <- $r4
	.loc	2 0 6                           @ ../Drivers/STM32H7xx_HAL_Driver/Src/stm32h7xx_hal_dma.c:0:6
	movs	r1, #40
	movt	r1, #16386
	.loc	2 408 6                         @ ../Drivers/STM32H7xx_HAL_Driver/Src/stm32h7xx_hal_dma.c:408:6
	cmp	r0, r1
	beq.w	.LBB0_97
.Ltmp96:
@ %bb.58:
	@DEBUG_VALUE: HAL_DMA_Init:hdma <- $r4
	.loc	2 0 6                           @ ../Drivers/STM32H7xx_HAL_Driver/Src/stm32h7xx_hal_dma.c:0:6
	movs	r1, #64
	movt	r1, #16386
	.loc	2 408 6                         @ ../Drivers/STM32H7xx_HAL_Driver/Src/stm32h7xx_hal_dma.c:408:6
	b	.LBB0_96
.Ltmp97:
	.loc	2 0 6                           @ :0:6
.Ltmp98:
	.p2align	2
.LBB0_59:
	@DEBUG_VALUE: HAL_DMA_Init:hdma <- $r4
	movw	r1, #1063
	movt	r1, #16386
	.loc	2 408 6                         @ ../Drivers/STM32H7xx_HAL_Driver/Src/stm32h7xx_hal_dma.c:408:6
	cmp	r0, r1
	bgt	.LBB0_66
.Ltmp99:
@ %bb.60:
	@DEBUG_VALUE: HAL_DMA_Init:hdma <- $r4
	.loc	2 0 6                           @ ../Drivers/STM32H7xx_HAL_Driver/Src/stm32h7xx_hal_dma.c:0:6
	movs	r1, #160
	movt	r1, #16386
	.loc	2 408 6                         @ ../Drivers/STM32H7xx_HAL_Driver/Src/stm32h7xx_hal_dma.c:408:6
	cmp	r0, r1
	beq.w	.LBB0_97
.Ltmp100:
@ %bb.61:
	@DEBUG_VALUE: HAL_DMA_Init:hdma <- $r4
	.loc	2 0 6                           @ ../Drivers/STM32H7xx_HAL_Driver/Src/stm32h7xx_hal_dma.c:0:6
	movs	r1, #184
	movt	r1, #16386
	.loc	2 408 6                         @ ../Drivers/STM32H7xx_HAL_Driver/Src/stm32h7xx_hal_dma.c:408:6
	cmp	r0, r1
	beq.w	.LBB0_97
.Ltmp101:
@ %bb.62:
	@DEBUG_VALUE: HAL_DMA_Init:hdma <- $r4
	.loc	2 0 6                           @ ../Drivers/STM32H7xx_HAL_Driver/Src/stm32h7xx_hal_dma.c:0:6
	movw	r1, #1040
	movt	r1, #16386
	.loc	2 408 6                         @ ../Drivers/STM32H7xx_HAL_Driver/Src/stm32h7xx_hal_dma.c:408:6
	b	.LBB0_96
.Ltmp102:
	.loc	2 0 6                           @ :0:6
.Ltmp103:
	.p2align	2
.LBB0_63:
	@DEBUG_VALUE: HAL_DMA_Init:hdma <- $r4
	movs	r1, #88
	movt	r1, #16386
	.loc	2 408 6                         @ ../Drivers/STM32H7xx_HAL_Driver/Src/stm32h7xx_hal_dma.c:408:6
	cmp	r0, r1
	beq.w	.LBB0_97
.Ltmp104:
@ %bb.64:
	@DEBUG_VALUE: HAL_DMA_Init:hdma <- $r4
	.loc	2 0 6                           @ ../Drivers/STM32H7xx_HAL_Driver/Src/stm32h7xx_hal_dma.c:0:6
	movs	r1, #112
	movt	r1, #16386
	.loc	2 408 6                         @ ../Drivers/STM32H7xx_HAL_Driver/Src/stm32h7xx_hal_dma.c:408:6
	cmp	r0, r1
	beq.w	.LBB0_97
.Ltmp105:
@ %bb.65:
	@DEBUG_VALUE: HAL_DMA_Init:hdma <- $r4
	.loc	2 0 6                           @ ../Drivers/STM32H7xx_HAL_Driver/Src/stm32h7xx_hal_dma.c:0:6
	movs	r1, #136
	movt	r1, #16386
	.loc	2 408 6                         @ ../Drivers/STM32H7xx_HAL_Driver/Src/stm32h7xx_hal_dma.c:408:6
	b	.LBB0_96
.Ltmp106:
	.loc	2 0 6                           @ :0:6
.Ltmp107:
	.p2align	2
.LBB0_66:
	@DEBUG_VALUE: HAL_DMA_Init:hdma <- $r4
	movw	r1, #1064
	movt	r1, #16386
	.loc	2 408 6                         @ ../Drivers/STM32H7xx_HAL_Driver/Src/stm32h7xx_hal_dma.c:408:6
	cmp	r0, r1
	beq.w	.LBB0_97
.Ltmp108:
@ %bb.67:
	@DEBUG_VALUE: HAL_DMA_Init:hdma <- $r4
	.loc	2 0 6                           @ ../Drivers/STM32H7xx_HAL_Driver/Src/stm32h7xx_hal_dma.c:0:6
	movw	r1, #1088
	movt	r1, #16386
	.loc	2 408 6                         @ ../Drivers/STM32H7xx_HAL_Driver/Src/stm32h7xx_hal_dma.c:408:6
	cmp	r0, r1
	beq.w	.LBB0_97
.Ltmp109:
@ %bb.68:
	@DEBUG_VALUE: HAL_DMA_Init:hdma <- $r4
	.loc	2 0 6                           @ ../Drivers/STM32H7xx_HAL_Driver/Src/stm32h7xx_hal_dma.c:0:6
	movw	r1, #1112
	movt	r1, #16386
	.loc	2 408 6                         @ ../Drivers/STM32H7xx_HAL_Driver/Src/stm32h7xx_hal_dma.c:408:6
	b	.LBB0_96
.Ltmp110:
	.loc	2 0 6                           @ :0:6
.Ltmp111:
	.p2align	2
.LBB0_69:
	@DEBUG_VALUE: HAL_DMA_Init:tickstart <- $r5
	@DEBUG_VALUE: HAL_DMA_Init:hdma <- $r4
	movs	r0, #64
.Ltmp112:
	.loc	2 402 21 is_stmt 1              @ ../Drivers/STM32H7xx_HAL_Driver/Src/stm32h7xx_hal_dma.c:402:21
	b	.LBB0_35
.Ltmp113:
	.loc	2 0 21 is_stmt 0                @ :0:21
.Ltmp114:
	.p2align	2
.LBB0_70:
	@DEBUG_VALUE: DMA_CheckFifoParam:status <- 0
	@DEBUG_VALUE: DMA_CheckFifoParam:hdma <- $r4
	@DEBUG_VALUE: HAL_DMA_Init:registerValue <- $r1
	@DEBUG_VALUE: HAL_DMA_Init:hdma <- $r4
	.loc	2 1929 5 is_stmt 1              @ ../Drivers/STM32H7xx_HAL_Driver/Src/stm32h7xx_hal_dma.c:1929:5
	cmp	r5, #3
	bhi	.LBB0_79
.Ltmp115:
@ %bb.71:
	@DEBUG_VALUE: DMA_CheckFifoParam:status <- 0
	@DEBUG_VALUE: DMA_CheckFifoParam:hdma <- $r4
	@DEBUG_VALUE: HAL_DMA_Init:registerValue <- $r1
	@DEBUG_VALUE: HAL_DMA_Init:hdma <- $r4
.LCPI0_0:
	tbb	[pc, r5]
.Ltmp116:
@ %bb.72:
	.loc	2 0 5 is_stmt 0                 @ ../Drivers/STM32H7xx_HAL_Driver/Src/stm32h7xx_hal_dma.c:0:5
.LJTI0_0:
	.byte	(.LBB0_78-(.LCPI0_0+4))/2
	.byte	(.LBB0_76-(.LCPI0_0+4))/2
	.byte	(.LBB0_78-(.LCPI0_0+4))/2
	.byte	(.LBB0_73-(.LCPI0_0+4))/2
	.p2align	1
	.p2align	2
.LBB0_73:
.Ltmp117:
	@DEBUG_VALUE: DMA_CheckFifoParam:status <- 0
	@DEBUG_VALUE: DMA_CheckFifoParam:hdma <- $r4
	@DEBUG_VALUE: HAL_DMA_Init:registerValue <- $r1
	@DEBUG_VALUE: HAL_DMA_Init:hdma <- $r4
	sub.w	r2, r3, #25165824
	clz	r2, r2
	lsrs	r2, r2, #5
.Ltmp118:
	.loc	2 1912 13 is_stmt 1             @ ../Drivers/STM32H7xx_HAL_Driver/Src/stm32h7xx_hal_dma.c:1912:13
	b	.LBB0_77
.Ltmp119:
	.loc	2 0 13 is_stmt 0                @ :0:13
.Ltmp120:
	.p2align	2
.LBB0_74:
	@DEBUG_VALUE: DMA_CheckFifoParam:status <- 0
	@DEBUG_VALUE: DMA_CheckFifoParam:hdma <- $r4
	@DEBUG_VALUE: HAL_DMA_Init:registerValue <- $r1
	@DEBUG_VALUE: HAL_DMA_Init:hdma <- $r4
	.loc	2 1958 5 is_stmt 1              @ ../Drivers/STM32H7xx_HAL_Driver/Src/stm32h7xx_hal_dma.c:1958:5
	cmp	r5, #3
	blo	.LBB0_78
.Ltmp121:
@ %bb.75:
	@DEBUG_VALUE: DMA_CheckFifoParam:status <- 0
	@DEBUG_VALUE: DMA_CheckFifoParam:hdma <- $r4
	@DEBUG_VALUE: HAL_DMA_Init:registerValue <- $r1
	@DEBUG_VALUE: HAL_DMA_Init:hdma <- $r4
	bne	.LBB0_79
.Ltmp122:
.LBB0_76:
	@DEBUG_VALUE: DMA_CheckFifoParam:status <- 0
	@DEBUG_VALUE: DMA_CheckFifoParam:hdma <- $r4
	@DEBUG_VALUE: HAL_DMA_Init:registerValue <- $r1
	@DEBUG_VALUE: HAL_DMA_Init:hdma <- $r4
	.loc	2 0 0 is_stmt 0                 @ ../Drivers/STM32H7xx_HAL_Driver/Src/stm32h7xx_hal_dma.c:0:0
	ubfx	r2, r3, #24, #1
.Ltmp123:
.LBB0_77:
	@DEBUG_VALUE: HAL_DMA_Init:registerValue <- $r1
	@DEBUG_VALUE: HAL_DMA_Init:hdma <- $r4
	@DEBUG_VALUE: DMA_CheckFifoParam:status <- $r2
	.loc	2 332 13 is_stmt 1              @ ../Drivers/STM32H7xx_HAL_Driver/Src/stm32h7xx_hal_dma.c:332:13
	cbz	r2, .LBB0_79
.Ltmp124:
.LBB0_78:
	@DEBUG_VALUE: HAL_DMA_Init:registerValue <- $r1
	@DEBUG_VALUE: HAL_DMA_Init:hdma <- $r4
	.loc	2 0 13 is_stmt 0                @ ../Drivers/STM32H7xx_HAL_Driver/Src/stm32h7xx_hal_dma.c:0:13
	movs	r0, #64
.Ltmp125:
	.loc	2 335 27 is_stmt 1              @ ../Drivers/STM32H7xx_HAL_Driver/Src/stm32h7xx_hal_dma.c:335:27
	str	r0, [r4, #84]
	movs	r0, #1
	.loc	2 338 23                        @ ../Drivers/STM32H7xx_HAL_Driver/Src/stm32h7xx_hal_dma.c:338:23
	strb.w	r0, [r4, #53]
.Ltmp126:
	.loc	2 457 1 epilogue_begin          @ ../Drivers/STM32H7xx_HAL_Driver/Src/stm32h7xx_hal_dma.c:457:1
	pop.w	{r4, r5, r6, r7, r8, pc}
.Ltmp127:
	.loc	2 0 1 is_stmt 0                 @ :0:1
.Ltmp128:
	.p2align	2
.LBB0_79:
	@DEBUG_VALUE: HAL_DMA_Init:registerValue <- $r1
	@DEBUG_VALUE: HAL_DMA_Init:hdma <- $r4
	@DEBUG_VALUE: HAL_DMA_Init:registerValue <- $r1
	.loc	2 346 51 is_stmt 1              @ ../Drivers/STM32H7xx_HAL_Driver/Src/stm32h7xx_hal_dma.c:346:51
	str	r1, [r0, #20]
	.loc	2 350 38                        @ ../Drivers/STM32H7xx_HAL_Driver/Src/stm32h7xx_hal_dma.c:350:38
	mov	r0, r4
	bl	DMA_CalcBaseAndBitshift
.Ltmp129:
	@DEBUG_VALUE: HAL_DMA_Init:regs_dma <- $r0
	.loc	2 353 39                        @ ../Drivers/STM32H7xx_HAL_Driver/Src/stm32h7xx_hal_dma.c:353:39
	ldr	r1, [r4, #92]
	movs	r2, #63
	.loc	2 353 51 is_stmt 0              @ ../Drivers/STM32H7xx_HAL_Driver/Src/stm32h7xx_hal_dma.c:353:51
	and	r1, r1, #31
	.loc	2 353 29                        @ ../Drivers/STM32H7xx_HAL_Driver/Src/stm32h7xx_hal_dma.c:353:29
	lsl.w	r1, r2, r1
	.loc	2 353 20                        @ ../Drivers/STM32H7xx_HAL_Driver/Src/stm32h7xx_hal_dma.c:353:20
	str	r1, [r0, #8]
.Ltmp130:
	.loc	2 408 6 is_stmt 1               @ ../Drivers/STM32H7xx_HAL_Driver/Src/stm32h7xx_hal_dma.c:408:6
	ldr	r0, [r4]
.Ltmp131:
	cmp	r0, r8
	ble.w	.LBB0_54
.Ltmp132:
.LBB0_80:
	@DEBUG_VALUE: HAL_DMA_Init:hdma <- $r4
	.loc	2 0 6 is_stmt 0                 @ ../Drivers/STM32H7xx_HAL_Driver/Src/stm32h7xx_hal_dma.c:0:6
	movw	r1, #21551
	movt	r1, #22530
	.loc	2 408 6                         @ ../Drivers/STM32H7xx_HAL_Driver/Src/stm32h7xx_hal_dma.c:408:6
	cmp	r0, r1
	bgt	.LBB0_85
.Ltmp133:
@ %bb.81:
	@DEBUG_VALUE: HAL_DMA_Init:hdma <- $r4
	.loc	2 0 6                           @ ../Drivers/STM32H7xx_HAL_Driver/Src/stm32h7xx_hal_dma.c:0:6
	movw	r1, #1207
	movt	r1, #16386
	.loc	2 408 6                         @ ../Drivers/STM32H7xx_HAL_Driver/Src/stm32h7xx_hal_dma.c:408:6
	cmp	r0, r1
	bgt	.LBB0_89
.Ltmp134:
@ %bb.82:
	@DEBUG_VALUE: HAL_DMA_Init:hdma <- $r4
	.loc	2 0 6                           @ ../Drivers/STM32H7xx_HAL_Driver/Src/stm32h7xx_hal_dma.c:0:6
	movw	r1, #1136
	movt	r1, #16386
	.loc	2 408 6                         @ ../Drivers/STM32H7xx_HAL_Driver/Src/stm32h7xx_hal_dma.c:408:6
	cmp	r0, r1
	beq	.LBB0_97
.Ltmp135:
@ %bb.83:
	@DEBUG_VALUE: HAL_DMA_Init:hdma <- $r4
	.loc	2 0 6                           @ ../Drivers/STM32H7xx_HAL_Driver/Src/stm32h7xx_hal_dma.c:0:6
	movw	r1, #1160
	movt	r1, #16386
	.loc	2 408 6                         @ ../Drivers/STM32H7xx_HAL_Driver/Src/stm32h7xx_hal_dma.c:408:6
	cmp	r0, r1
	beq	.LBB0_97
.Ltmp136:
@ %bb.84:
	@DEBUG_VALUE: HAL_DMA_Init:hdma <- $r4
	.loc	2 0 6                           @ ../Drivers/STM32H7xx_HAL_Driver/Src/stm32h7xx_hal_dma.c:0:6
	movw	r1, #1184
	movt	r1, #16386
	.loc	2 408 6                         @ ../Drivers/STM32H7xx_HAL_Driver/Src/stm32h7xx_hal_dma.c:408:6
	b	.LBB0_96
.Ltmp137:
	.loc	2 0 6                           @ :0:6
.Ltmp138:
	.p2align	2
.LBB0_85:
	@DEBUG_VALUE: HAL_DMA_Init:hdma <- $r4
	movw	r1, #21611
	movt	r1, #22530
	.loc	2 408 6                         @ ../Drivers/STM32H7xx_HAL_Driver/Src/stm32h7xx_hal_dma.c:408:6
	cmp	r0, r1
	bgt	.LBB0_92
.Ltmp139:
@ %bb.86:
	@DEBUG_VALUE: HAL_DMA_Init:hdma <- $r4
	.loc	2 0 6                           @ ../Drivers/STM32H7xx_HAL_Driver/Src/stm32h7xx_hal_dma.c:0:6
	movw	r1, #21552
	movt	r1, #22530
	.loc	2 408 6                         @ ../Drivers/STM32H7xx_HAL_Driver/Src/stm32h7xx_hal_dma.c:408:6
	cmp	r0, r1
	beq	.LBB0_97
.Ltmp140:
@ %bb.87:
	@DEBUG_VALUE: HAL_DMA_Init:hdma <- $r4
	.loc	2 0 6                           @ ../Drivers/STM32H7xx_HAL_Driver/Src/stm32h7xx_hal_dma.c:0:6
	movw	r1, #21572
	movt	r1, #22530
	.loc	2 408 6                         @ ../Drivers/STM32H7xx_HAL_Driver/Src/stm32h7xx_hal_dma.c:408:6
	cmp	r0, r1
	beq	.LBB0_97
.Ltmp141:
@ %bb.88:
	@DEBUG_VALUE: HAL_DMA_Init:hdma <- $r4
	.loc	2 0 6                           @ ../Drivers/STM32H7xx_HAL_Driver/Src/stm32h7xx_hal_dma.c:0:6
	movw	r1, #21592
	b	.LBB0_95
.Ltmp142:
	.p2align	2
.LBB0_89:
	@DEBUG_VALUE: HAL_DMA_Init:hdma <- $r4
	movw	r1, #1208
	movt	r1, #16386
	.loc	2 408 6                         @ ../Drivers/STM32H7xx_HAL_Driver/Src/stm32h7xx_hal_dma.c:408:6
	cmp	r0, r1
	beq	.LBB0_97
.Ltmp143:
@ %bb.90:
	@DEBUG_VALUE: HAL_DMA_Init:hdma <- $r4
	.loc	2 0 6                           @ ../Drivers/STM32H7xx_HAL_Driver/Src/stm32h7xx_hal_dma.c:0:6
	movw	r1, #21512
	movt	r1, #22530
	.loc	2 408 6                         @ ../Drivers/STM32H7xx_HAL_Driver/Src/stm32h7xx_hal_dma.c:408:6
	cmp	r0, r1
	beq	.LBB0_97
.Ltmp144:
@ %bb.91:
	@DEBUG_VALUE: HAL_DMA_Init:hdma <- $r4
	.loc	2 0 6                           @ ../Drivers/STM32H7xx_HAL_Driver/Src/stm32h7xx_hal_dma.c:0:6
	movw	r1, #21532
	b	.LBB0_95
.Ltmp145:
	.p2align	2
.LBB0_92:
	@DEBUG_VALUE: HAL_DMA_Init:hdma <- $r4
	movw	r1, #21612
	movt	r1, #22530
	.loc	2 408 6                         @ ../Drivers/STM32H7xx_HAL_Driver/Src/stm32h7xx_hal_dma.c:408:6
	cmp	r0, r1
	beq	.LBB0_97
.Ltmp146:
@ %bb.93:
	@DEBUG_VALUE: HAL_DMA_Init:hdma <- $r4
	.loc	2 0 6                           @ ../Drivers/STM32H7xx_HAL_Driver/Src/stm32h7xx_hal_dma.c:0:6
	movw	r1, #21652
	movt	r1, #22530
	.loc	2 408 6                         @ ../Drivers/STM32H7xx_HAL_Driver/Src/stm32h7xx_hal_dma.c:408:6
	cmp	r0, r1
	beq	.LBB0_97
.Ltmp147:
@ %bb.94:
	@DEBUG_VALUE: HAL_DMA_Init:hdma <- $r4
	.loc	2 0 6                           @ ../Drivers/STM32H7xx_HAL_Driver/Src/stm32h7xx_hal_dma.c:0:6
	movw	r1, #21632
.Ltmp148:
.LBB0_95:
	@DEBUG_VALUE: HAL_DMA_Init:hdma <- $r4
	movt	r1, #22530
.Ltmp149:
.LBB0_96:
	@DEBUG_VALUE: HAL_DMA_Init:hdma <- $r4
	.loc	2 408 6                         @ ../Drivers/STM32H7xx_HAL_Driver/Src/stm32h7xx_hal_dma.c:408:6
	cmp	r0, r1
	bne.w	.LBB0_131
.Ltmp150:
.LBB0_97:
	@DEBUG_VALUE: HAL_DMA_Init:hdma <- $r4
	.loc	2 0 6                           @ ../Drivers/STM32H7xx_HAL_Driver/Src/stm32h7xx_hal_dma.c:0:6
	movw	r12, #21591
	movw	lr, #22780
	movt	r12, #22530
	movt	lr, #22530
.Ltmp151:
	@DEBUG_VALUE: DMA_CalcDMAMUXChannelBaseAndMask:stream_baseaddress <- $r0
	@DEBUG_VALUE: DMA_CalcDMAMUXChannelBaseAndMask:hdma <- $r4
	.loc	2 1992 6 is_stmt 1              @ ../Drivers/STM32H7xx_HAL_Driver/Src/stm32h7xx_hal_dma.c:1992:6
	cmp	r0, r12
	bgt	.LBB0_101
.Ltmp152:
@ %bb.98:
	@DEBUG_VALUE: DMA_CalcDMAMUXChannelBaseAndMask:hdma <- $r4
	@DEBUG_VALUE: DMA_CalcDMAMUXChannelBaseAndMask:stream_baseaddress <- $r0
	@DEBUG_VALUE: HAL_DMA_Init:hdma <- $r4
	.loc	2 0 6 is_stmt 0                 @ ../Drivers/STM32H7xx_HAL_Driver/Src/stm32h7xx_hal_dma.c:0:6
	movw	r1, #21551
	movt	r1, #22530
	.loc	2 1992 6                        @ ../Drivers/STM32H7xx_HAL_Driver/Src/stm32h7xx_hal_dma.c:1992:6
	cmp	r0, r1
	bgt	.LBB0_104
.Ltmp153:
@ %bb.99:
	@DEBUG_VALUE: DMA_CalcDMAMUXChannelBaseAndMask:hdma <- $r4
	@DEBUG_VALUE: DMA_CalcDMAMUXChannelBaseAndMask:stream_baseaddress <- $r0
	@DEBUG_VALUE: HAL_DMA_Init:hdma <- $r4
	.loc	2 0 6                           @ ../Drivers/STM32H7xx_HAL_Driver/Src/stm32h7xx_hal_dma.c:0:6
	movw	r1, #21512
	movt	r1, #22530
	.loc	2 1992 6                        @ ../Drivers/STM32H7xx_HAL_Driver/Src/stm32h7xx_hal_dma.c:1992:6
	cmp	r0, r1
	beq	.LBB0_109
.Ltmp154:
@ %bb.100:
	@DEBUG_VALUE: DMA_CalcDMAMUXChannelBaseAndMask:hdma <- $r4
	@DEBUG_VALUE: DMA_CalcDMAMUXChannelBaseAndMask:stream_baseaddress <- $r0
	@DEBUG_VALUE: HAL_DMA_Init:hdma <- $r4
	.loc	2 0 6                           @ ../Drivers/STM32H7xx_HAL_Driver/Src/stm32h7xx_hal_dma.c:0:6
	movw	r1, #21532
	b	.LBB0_108
.Ltmp155:
	.p2align	2
.LBB0_101:
	@DEBUG_VALUE: DMA_CalcDMAMUXChannelBaseAndMask:hdma <- $r4
	@DEBUG_VALUE: DMA_CalcDMAMUXChannelBaseAndMask:stream_baseaddress <- $r0
	@DEBUG_VALUE: HAL_DMA_Init:hdma <- $r4
	movw	r1, #21631
	movt	r1, #22530
	.loc	2 1992 6                        @ ../Drivers/STM32H7xx_HAL_Driver/Src/stm32h7xx_hal_dma.c:1992:6
	cmp	r0, r1
	bgt	.LBB0_106
.Ltmp156:
@ %bb.102:
	@DEBUG_VALUE: DMA_CalcDMAMUXChannelBaseAndMask:hdma <- $r4
	@DEBUG_VALUE: DMA_CalcDMAMUXChannelBaseAndMask:stream_baseaddress <- $r0
	@DEBUG_VALUE: HAL_DMA_Init:hdma <- $r4
	.loc	2 0 6                           @ ../Drivers/STM32H7xx_HAL_Driver/Src/stm32h7xx_hal_dma.c:0:6
	movw	r1, #21592
	movt	r1, #22530
	.loc	2 1992 6                        @ ../Drivers/STM32H7xx_HAL_Driver/Src/stm32h7xx_hal_dma.c:1992:6
	cmp	r0, r1
	beq	.LBB0_109
.Ltmp157:
@ %bb.103:
	@DEBUG_VALUE: DMA_CalcDMAMUXChannelBaseAndMask:hdma <- $r4
	@DEBUG_VALUE: DMA_CalcDMAMUXChannelBaseAndMask:stream_baseaddress <- $r0
	@DEBUG_VALUE: HAL_DMA_Init:hdma <- $r4
	.loc	2 0 6                           @ ../Drivers/STM32H7xx_HAL_Driver/Src/stm32h7xx_hal_dma.c:0:6
	movw	r1, #21612
	b	.LBB0_108
.Ltmp158:
	.p2align	2
.LBB0_104:
	@DEBUG_VALUE: DMA_CalcDMAMUXChannelBaseAndMask:hdma <- $r4
	@DEBUG_VALUE: DMA_CalcDMAMUXChannelBaseAndMask:stream_baseaddress <- $r0
	@DEBUG_VALUE: HAL_DMA_Init:hdma <- $r4
	movw	r1, #21552
	movt	r1, #22530
	.loc	2 1992 6                        @ ../Drivers/STM32H7xx_HAL_Driver/Src/stm32h7xx_hal_dma.c:1992:6
	cmp	r0, r1
	beq	.LBB0_109
.Ltmp159:
@ %bb.105:
	@DEBUG_VALUE: DMA_CalcDMAMUXChannelBaseAndMask:hdma <- $r4
	@DEBUG_VALUE: DMA_CalcDMAMUXChannelBaseAndMask:stream_baseaddress <- $r0
	@DEBUG_VALUE: HAL_DMA_Init:hdma <- $r4
	.loc	2 0 6                           @ ../Drivers/STM32H7xx_HAL_Driver/Src/stm32h7xx_hal_dma.c:0:6
	movw	r1, #21572
	b	.LBB0_108
.Ltmp160:
	.p2align	2
.LBB0_106:
	@DEBUG_VALUE: DMA_CalcDMAMUXChannelBaseAndMask:hdma <- $r4
	@DEBUG_VALUE: DMA_CalcDMAMUXChannelBaseAndMask:stream_baseaddress <- $r0
	@DEBUG_VALUE: HAL_DMA_Init:hdma <- $r4
	movw	r1, #21652
	movt	r1, #22530
	.loc	2 1992 6                        @ ../Drivers/STM32H7xx_HAL_Driver/Src/stm32h7xx_hal_dma.c:1992:6
	cmp	r0, r1
	beq	.LBB0_109
.Ltmp161:
@ %bb.107:
	@DEBUG_VALUE: DMA_CalcDMAMUXChannelBaseAndMask:hdma <- $r4
	@DEBUG_VALUE: DMA_CalcDMAMUXChannelBaseAndMask:stream_baseaddress <- $r0
	@DEBUG_VALUE: HAL_DMA_Init:hdma <- $r4
	.loc	2 0 6                           @ ../Drivers/STM32H7xx_HAL_Driver/Src/stm32h7xx_hal_dma.c:0:6
	movw	r1, #21632
.Ltmp162:
.LBB0_108:
	@DEBUG_VALUE: DMA_CalcDMAMUXChannelBaseAndMask:hdma <- $r4
	@DEBUG_VALUE: DMA_CalcDMAMUXChannelBaseAndMask:stream_baseaddress <- $r0
	@DEBUG_VALUE: HAL_DMA_Init:hdma <- $r4
	movt	r1, #22530
	.loc	2 1992 6                        @ ../Drivers/STM32H7xx_HAL_Driver/Src/stm32h7xx_hal_dma.c:1992:6
	cmp	r0, r1
	bne	.LBB0_120
.Ltmp163:
.LBB0_109:
	@DEBUG_VALUE: DMA_CalcDMAMUXChannelBaseAndMask:hdma <- $r4
	@DEBUG_VALUE: DMA_CalcDMAMUXChannelBaseAndMask:stream_baseaddress <- $r0
	@DEBUG_VALUE: HAL_DMA_Init:hdma <- $r4
	.loc	2 1995 61 is_stmt 1             @ ../Drivers/STM32H7xx_HAL_Driver/Src/stm32h7xx_hal_dma.c:1995:61
	and	r1, r0, #252
	movw	r2, #52429
	.loc	2 1995 70 is_stmt 0             @ ../Drivers/STM32H7xx_HAL_Driver/Src/stm32h7xx_hal_dma.c:1995:70
	subs	r1, #8
	movt	r2, #52428
	.loc	2 1995 76                       @ ../Drivers/STM32H7xx_HAL_Driver/Src/stm32h7xx_hal_dma.c:1995:76
	umull	r1, r2, r1, r2
	sub.w	r5, lr, #252
	sub.w	r6, lr, #124
	lsrs	r3, r2, #4
.Ltmp164:
	@DEBUG_VALUE: DMA_CalcDMAMUXChannelBaseAndMask:stream_number <- $r3
.LBB0_110:
	@DEBUG_VALUE: DMA_CalcDMAMUXChannelBaseAndMask:stream_number <- $r3
	@DEBUG_VALUE: DMA_CalcDMAMUXChannelBaseAndMask:hdma <- $r4
	@DEBUG_VALUE: DMA_CalcDMAMUXChannelBaseAndMask:stream_baseaddress <- $r0
	@DEBUG_VALUE: HAL_DMA_Init:hdma <- $r4
	.loc	2 415 19 is_stmt 1              @ ../Drivers/STM32H7xx_HAL_Driver/Src/stm32h7xx_hal_dma.c:415:19
	ldr	r2, [r4, #8]
.Ltmp165:
	.loc	2 0 0 is_stmt 0                 @ ../Drivers/STM32H7xx_HAL_Driver/Src/stm32h7xx_hal_dma.c:0:0
	and	r1, r3, #31
.Ltmp166:
	.loc	2 415 8                         @ ../Drivers/STM32H7xx_HAL_Driver/Src/stm32h7xx_hal_dma.c:415:8
	cmp	r2, #128
	mov.w	r2, #1
.Ltmp167:
	.loc	2 0 0                           @ ../Drivers/STM32H7xx_HAL_Driver/Src/stm32h7xx_hal_dma.c:0:0
	add.w	r5, r5, r3, lsl #2
	str	r5, [r4, #96]
	lsl.w	r2, r2, r1
	str	r6, [r4, #100]
	str	r2, [r4, #104]
.Ltmp168:
	.loc	2 415 8                         @ ../Drivers/STM32H7xx_HAL_Driver/Src/stm32h7xx_hal_dma.c:415:8
	bne	.LBB0_112
.Ltmp169:
@ %bb.111:
	@DEBUG_VALUE: HAL_DMA_Init:hdma <- $r4
	.loc	2 0 8                           @ ../Drivers/STM32H7xx_HAL_Driver/Src/stm32h7xx_hal_dma.c:0:8
	movs	r0, #0
.Ltmp170:
	.loc	2 418 26 is_stmt 1              @ ../Drivers/STM32H7xx_HAL_Driver/Src/stm32h7xx_hal_dma.c:418:26
	str	r0, [r4, #4]
.Ltmp171:
	.loc	2 422 30                        @ ../Drivers/STM32H7xx_HAL_Driver/Src/stm32h7xx_hal_dma.c:422:30
	str	r0, [r5]
	.loc	2 425 36                        @ ../Drivers/STM32H7xx_HAL_Driver/Src/stm32h7xx_hal_dma.c:425:36
	str	r2, [r6, #4]
	b	.LBB0_118
.Ltmp172:
	.loc	2 0 36 is_stmt 0                @ :0:36
.Ltmp173:
	.p2align	2
.LBB0_112:
	@DEBUG_VALUE: HAL_DMA_Init:hdma <- $r4
	.loc	2 422 44 is_stmt 1              @ ../Drivers/STM32H7xx_HAL_Driver/Src/stm32h7xx_hal_dma.c:422:44
	ldr	r3, [r4, #4]
	.loc	2 422 52 is_stmt 0              @ ../Drivers/STM32H7xx_HAL_Driver/Src/stm32h7xx_hal_dma.c:422:52
	uxtb	r1, r3
.Ltmp174:
	.loc	2 430 55 is_stmt 1              @ ../Drivers/STM32H7xx_HAL_Driver/Src/stm32h7xx_hal_dma.c:430:55
	subs	r7, r3, #1
	cmp	r7, #7
.Ltmp175:
	.loc	2 422 30                        @ ../Drivers/STM32H7xx_HAL_Driver/Src/stm32h7xx_hal_dma.c:422:30
	str	r1, [r5]
	.loc	2 425 36                        @ ../Drivers/STM32H7xx_HAL_Driver/Src/stm32h7xx_hal_dma.c:425:36
	str	r2, [r6, #4]
.Ltmp176:
	.loc	2 430 55                        @ ../Drivers/STM32H7xx_HAL_Driver/Src/stm32h7xx_hal_dma.c:430:55
	bhi	.LBB0_118
.Ltmp177:
@ %bb.113:
	@DEBUG_VALUE: HAL_DMA_Init:hdma <- $r4
	@DEBUG_VALUE: DMA_CalcDMAMUXRequestGenBaseAndMask:hdma <- $r4
	@DEBUG_VALUE: DMA_CalcDMAMUXRequestGenBaseAndMask:request <- [DW_OP_constu 255, DW_OP_and, DW_OP_stack_value] $r3
	.loc	2 2026 42                       @ ../Drivers/STM32H7xx_HAL_Driver/Src/stm32h7xx_hal_dma.c:2026:42
	subs	r6, r1, #1
	cmp	r6, #8
	bhs	.LBB0_119
.Ltmp178:
@ %bb.114:
	@DEBUG_VALUE: DMA_CalcDMAMUXRequestGenBaseAndMask:request <- [DW_OP_constu 255, DW_OP_and, DW_OP_stack_value] $r3
	@DEBUG_VALUE: DMA_CalcDMAMUXRequestGenBaseAndMask:hdma <- $r4
	@DEBUG_VALUE: HAL_DMA_Init:hdma <- $r4
	.loc	2 2028 8                        @ ../Drivers/STM32H7xx_HAL_Driver/Src/stm32h7xx_hal_dma.c:2028:8
	cmp	r0, r12
	add.w	r2, lr, #68
	bgt	.LBB0_121
.Ltmp179:
@ %bb.115:
	@DEBUG_VALUE: DMA_CalcDMAMUXRequestGenBaseAndMask:request <- [DW_OP_constu 255, DW_OP_and, DW_OP_stack_value] $r3
	@DEBUG_VALUE: DMA_CalcDMAMUXRequestGenBaseAndMask:hdma <- $r4
	@DEBUG_VALUE: HAL_DMA_Init:hdma <- $r4
	.loc	2 0 8 is_stmt 0                 @ ../Drivers/STM32H7xx_HAL_Driver/Src/stm32h7xx_hal_dma.c:0:8
	movw	r1, #21551
	movt	r1, #22530
	.loc	2 2028 8                        @ ../Drivers/STM32H7xx_HAL_Driver/Src/stm32h7xx_hal_dma.c:2028:8
	cmp	r0, r1
	bgt	.LBB0_124
.Ltmp180:
@ %bb.116:
	@DEBUG_VALUE: DMA_CalcDMAMUXRequestGenBaseAndMask:request <- [DW_OP_constu 255, DW_OP_and, DW_OP_stack_value] $r3
	@DEBUG_VALUE: DMA_CalcDMAMUXRequestGenBaseAndMask:hdma <- $r4
	@DEBUG_VALUE: HAL_DMA_Init:hdma <- $r4
	.loc	2 0 8                           @ ../Drivers/STM32H7xx_HAL_Driver/Src/stm32h7xx_hal_dma.c:0:8
	movw	r1, #21512
	movt	r1, #22530
	.loc	2 2028 8                        @ ../Drivers/STM32H7xx_HAL_Driver/Src/stm32h7xx_hal_dma.c:2028:8
	cmp	r0, r1
	beq	.LBB0_129
.Ltmp181:
@ %bb.117:
	@DEBUG_VALUE: DMA_CalcDMAMUXRequestGenBaseAndMask:request <- [DW_OP_constu 255, DW_OP_and, DW_OP_stack_value] $r3
	@DEBUG_VALUE: DMA_CalcDMAMUXRequestGenBaseAndMask:hdma <- $r4
	@DEBUG_VALUE: HAL_DMA_Init:hdma <- $r4
	.loc	2 0 8                           @ ../Drivers/STM32H7xx_HAL_Driver/Src/stm32h7xx_hal_dma.c:0:8
	movw	r1, #21532
	b	.LBB0_128
.Ltmp182:
	.p2align	2
.LBB0_118:
	@DEBUG_VALUE: HAL_DMA_Init:hdma <- $r4
	movs	r0, #0
.Ltmp183:
	.loc	2 446 40 is_stmt 1              @ ../Drivers/STM32H7xx_HAL_Driver/Src/stm32h7xx_hal_dma.c:446:40
	str	r0, [r4, #116]
	.loc	2 444 30                        @ ../Drivers/STM32H7xx_HAL_Driver/Src/stm32h7xx_hal_dma.c:444:30
	strd	r0, r0, [r4, #108]
	b	.LBB0_131
.Ltmp184:
	.loc	2 0 30 is_stmt 0                @ :0:30
.Ltmp185:
	.p2align	2
.LBB0_119:
	@DEBUG_VALUE: DMA_CalcDMAMUXRequestGenBaseAndMask:request <- [DW_OP_constu 255, DW_OP_and, DW_OP_stack_value] $r3
	@DEBUG_VALUE: DMA_CalcDMAMUXRequestGenBaseAndMask:hdma <- $r4
	@DEBUG_VALUE: HAL_DMA_Init:hdma <- $r4
	.loc	2 437 13 is_stmt 1              @ ../Drivers/STM32H7xx_HAL_Driver/Src/stm32h7xx_hal_dma.c:437:13
	ldr	r0, [r4, #108]
.Ltmp186:
	.loc	2 2026 42                       @ ../Drivers/STM32H7xx_HAL_Driver/Src/stm32h7xx_hal_dma.c:2026:42
	b	.LBB0_130
.Ltmp187:
	.loc	2 0 42 is_stmt 0                @ :0:42
.Ltmp188:
	.p2align	2
.LBB0_120:
	@DEBUG_VALUE: DMA_CalcDMAMUXChannelBaseAndMask:hdma <- $r4
	@DEBUG_VALUE: DMA_CalcDMAMUXChannelBaseAndMask:stream_baseaddress <- $r0
	@DEBUG_VALUE: HAL_DMA_Init:hdma <- $r4
	.loc	2 2003 61 is_stmt 1             @ ../Drivers/STM32H7xx_HAL_Driver/Src/stm32h7xx_hal_dma.c:2003:61
	and	r1, r0, #248
	movw	r2, #43691
	.loc	2 2003 70 is_stmt 0             @ ../Drivers/STM32H7xx_HAL_Driver/Src/stm32h7xx_hal_dma.c:2003:70
	subs	r1, #16
	movt	r2, #43690
	.loc	2 2003 77                       @ ../Drivers/STM32H7xx_HAL_Driver/Src/stm32h7xx_hal_dma.c:2003:77
	umull	r1, r2, r1, r2
	movw	r3, #1039
	movt	r3, #16386
	movs	r5, #8
	lsrs	r1, r2, #4
.Ltmp189:
	@DEBUG_VALUE: DMA_CalcDMAMUXChannelBaseAndMask:stream_number <- $r1
	.loc	2 2005 58 is_stmt 1             @ ../Drivers/STM32H7xx_HAL_Driver/Src/stm32h7xx_hal_dma.c:2005:58
	cmp	r0, r3
	.loc	2 2005 28 is_stmt 0             @ ../Drivers/STM32H7xx_HAL_Driver/Src/stm32h7xx_hal_dma.c:2005:28
	add.w	r6, r3, #170
	.loc	2 2005 58                       @ ../Drivers/STM32H7xx_HAL_Driver/Src/stm32h7xx_hal_dma.c:2005:58
	mov	r3, r1
	it	hi
	addhi.w	r3, r5, r2, lsr #4
	movw	r5, #2048
	cmp	r0, r6
	movt	r5, #16386
	add.w	r6, r5, #128
	it	hs
	movhs	r3, r1
.Ltmp190:
	@DEBUG_VALUE: DMA_CalcDMAMUXChannelBaseAndMask:stream_number <- $r3
	.loc	2 0 58                          @ ../Drivers/STM32H7xx_HAL_Driver/Src/stm32h7xx_hal_dma.c:0:58
	b	.LBB0_110
.Ltmp191:
	.p2align	2
.LBB0_121:
	@DEBUG_VALUE: DMA_CalcDMAMUXRequestGenBaseAndMask:request <- [DW_OP_constu 255, DW_OP_and, DW_OP_stack_value] $r3
	@DEBUG_VALUE: DMA_CalcDMAMUXRequestGenBaseAndMask:hdma <- $r4
	@DEBUG_VALUE: HAL_DMA_Init:hdma <- $r4
	movw	r1, #21631
	movt	r1, #22530
.Ltmp192:
	.loc	2 2028 8 is_stmt 1              @ ../Drivers/STM32H7xx_HAL_Driver/Src/stm32h7xx_hal_dma.c:2028:8
	cmp	r0, r1
	bgt	.LBB0_126
.Ltmp193:
@ %bb.122:
	@DEBUG_VALUE: DMA_CalcDMAMUXRequestGenBaseAndMask:request <- [DW_OP_constu 255, DW_OP_and, DW_OP_stack_value] $r3
	@DEBUG_VALUE: DMA_CalcDMAMUXRequestGenBaseAndMask:hdma <- $r4
	@DEBUG_VALUE: HAL_DMA_Init:hdma <- $r4
	.loc	2 0 8 is_stmt 0                 @ ../Drivers/STM32H7xx_HAL_Driver/Src/stm32h7xx_hal_dma.c:0:8
	movw	r1, #21592
	movt	r1, #22530
	.loc	2 2028 8                        @ ../Drivers/STM32H7xx_HAL_Driver/Src/stm32h7xx_hal_dma.c:2028:8
	cmp	r0, r1
	beq	.LBB0_129
.Ltmp194:
@ %bb.123:
	@DEBUG_VALUE: DMA_CalcDMAMUXRequestGenBaseAndMask:request <- [DW_OP_constu 255, DW_OP_and, DW_OP_stack_value] $r3
	@DEBUG_VALUE: DMA_CalcDMAMUXRequestGenBaseAndMask:hdma <- $r4
	@DEBUG_VALUE: HAL_DMA_Init:hdma <- $r4
	.loc	2 0 8                           @ ../Drivers/STM32H7xx_HAL_Driver/Src/stm32h7xx_hal_dma.c:0:8
	movw	r1, #21612
	b	.LBB0_128
.Ltmp195:
	.p2align	2
.LBB0_124:
	@DEBUG_VALUE: DMA_CalcDMAMUXRequestGenBaseAndMask:request <- [DW_OP_constu 255, DW_OP_and, DW_OP_stack_value] $r3
	@DEBUG_VALUE: DMA_CalcDMAMUXRequestGenBaseAndMask:hdma <- $r4
	@DEBUG_VALUE: HAL_DMA_Init:hdma <- $r4
	movw	r1, #21552
	movt	r1, #22530
	.loc	2 2028 8                        @ ../Drivers/STM32H7xx_HAL_Driver/Src/stm32h7xx_hal_dma.c:2028:8
	cmp	r0, r1
	beq	.LBB0_129
.Ltmp196:
@ %bb.125:
	@DEBUG_VALUE: DMA_CalcDMAMUXRequestGenBaseAndMask:request <- [DW_OP_constu 255, DW_OP_and, DW_OP_stack_value] $r3
	@DEBUG_VALUE: DMA_CalcDMAMUXRequestGenBaseAndMask:hdma <- $r4
	@DEBUG_VALUE: HAL_DMA_Init:hdma <- $r4
	.loc	2 0 8                           @ ../Drivers/STM32H7xx_HAL_Driver/Src/stm32h7xx_hal_dma.c:0:8
	movw	r1, #21572
	b	.LBB0_128
.Ltmp197:
	.p2align	2
.LBB0_126:
	@DEBUG_VALUE: DMA_CalcDMAMUXRequestGenBaseAndMask:request <- [DW_OP_constu 255, DW_OP_and, DW_OP_stack_value] $r3
	@DEBUG_VALUE: DMA_CalcDMAMUXRequestGenBaseAndMask:hdma <- $r4
	@DEBUG_VALUE: HAL_DMA_Init:hdma <- $r4
	movw	r1, #21632
	movt	r1, #22530
	.loc	2 2028 8                        @ ../Drivers/STM32H7xx_HAL_Driver/Src/stm32h7xx_hal_dma.c:2028:8
	cmp	r0, r1
	beq	.LBB0_129
.Ltmp198:
@ %bb.127:
	@DEBUG_VALUE: DMA_CalcDMAMUXRequestGenBaseAndMask:request <- [DW_OP_constu 255, DW_OP_and, DW_OP_stack_value] $r3
	@DEBUG_VALUE: DMA_CalcDMAMUXRequestGenBaseAndMask:hdma <- $r4
	@DEBUG_VALUE: HAL_DMA_Init:hdma <- $r4
	.loc	2 0 8                           @ ../Drivers/STM32H7xx_HAL_Driver/Src/stm32h7xx_hal_dma.c:0:8
	movw	r1, #21652
.Ltmp199:
.LBB0_128:
	@DEBUG_VALUE: DMA_CalcDMAMUXRequestGenBaseAndMask:request <- [DW_OP_constu 255, DW_OP_and, DW_OP_stack_value] $r3
	@DEBUG_VALUE: DMA_CalcDMAMUXRequestGenBaseAndMask:hdma <- $r4
	@DEBUG_VALUE: HAL_DMA_Init:hdma <- $r4
	movt	r1, #22530
	.loc	2 2028 8                        @ ../Drivers/STM32H7xx_HAL_Driver/Src/stm32h7xx_hal_dma.c:2028:8
	cmp	r0, r1
	bne	.LBB0_133
.Ltmp200:
.LBB0_129:
	@DEBUG_VALUE: DMA_CalcDMAMUXRequestGenBaseAndMask:request <- [DW_OP_constu 255, DW_OP_and, DW_OP_stack_value] $r3
	@DEBUG_VALUE: DMA_CalcDMAMUXRequestGenBaseAndMask:hdma <- $r4
	@DEBUG_VALUE: HAL_DMA_Init:hdma <- $r4
	.loc	2 0 0                           @ ../Drivers/STM32H7xx_HAL_Driver/Src/stm32h7xx_hal_dma.c:0:0
	add.w	r0, lr, r3, lsl #2
	movs	r1, #1
	str	r0, [r4, #108]
.Ltmp201:
	.loc	2 2043 44 is_stmt 1             @ ../Drivers/STM32H7xx_HAL_Driver/Src/stm32h7xx_hal_dma.c:2043:44
	lsls	r1, r6
.Ltmp202:
	.loc	2 0 0 is_stmt 0                 @ ../Drivers/STM32H7xx_HAL_Driver/Src/stm32h7xx_hal_dma.c:0:0
	str	r2, [r4, #112]
.Ltmp203:
	.loc	2 2043 38                       @ ../Drivers/STM32H7xx_HAL_Driver/Src/stm32h7xx_hal_dma.c:2043:38
	str	r1, [r4, #116]
.Ltmp204:
.LBB0_130:
	@DEBUG_VALUE: HAL_DMA_Init:hdma <- $r4
	.loc	2 0 38                          @ ../Drivers/STM32H7xx_HAL_Driver/Src/stm32h7xx_hal_dma.c:0:38
	movs	r1, #0
	.loc	2 437 36 is_stmt 1              @ ../Drivers/STM32H7xx_HAL_Driver/Src/stm32h7xx_hal_dma.c:437:36
	str	r1, [r0]
	.loc	2 440 13                        @ ../Drivers/STM32H7xx_HAL_Driver/Src/stm32h7xx_hal_dma.c:440:13
	ldrd	r0, r1, [r4, #112]
	.loc	2 440 43 is_stmt 0              @ ../Drivers/STM32H7xx_HAL_Driver/Src/stm32h7xx_hal_dma.c:440:43
	str	r1, [r0, #4]
.Ltmp205:
.LBB0_131:
	@DEBUG_VALUE: HAL_DMA_Init:hdma <- $r4
	.loc	2 0 43                          @ ../Drivers/STM32H7xx_HAL_Driver/Src/stm32h7xx_hal_dma.c:0:43
	movs	r0, #0
	.loc	2 451 19 is_stmt 1              @ ../Drivers/STM32H7xx_HAL_Driver/Src/stm32h7xx_hal_dma.c:451:19
	str	r0, [r4, #84]
	movs	r1, #1
	.loc	2 454 15                        @ ../Drivers/STM32H7xx_HAL_Driver/Src/stm32h7xx_hal_dma.c:454:15
	strb.w	r1, [r4, #53]
	.loc	2 457 1 epilogue_begin          @ ../Drivers/STM32H7xx_HAL_Driver/Src/stm32h7xx_hal_dma.c:457:1
	pop.w	{r4, r5, r6, r7, r8, pc}
.Ltmp206:
	.loc	2 0 1 is_stmt 0                 @ :0:1
.Ltmp207:
	.p2align	2
.LBB0_132:
	@DEBUG_VALUE: HAL_DMA_Init:registerValue <- $r3
	@DEBUG_VALUE: HAL_DMA_Init:hdma <- $r4
	.loc	2 302 60 is_stmt 1              @ ../Drivers/STM32H7xx_HAL_Driver/Src/stm32h7xx_hal_dma.c:302:60
	sub.w	r7, r5, #79
.Ltmp208:
	.loc	2 302 8 is_stmt 0               @ ../Drivers/STM32H7xx_HAL_Driver/Src/stm32h7xx_hal_dma.c:302:8
	cmp	r7, #4
	it	lo
	orrlo	r3, r3, #1048576
.Ltmp209:
	.loc	2 0 8                           @ ../Drivers/STM32H7xx_HAL_Driver/Src/stm32h7xx_hal_dma.c:0:8
	b	.LBB0_42
.Ltmp210:
	.p2align	2
.LBB0_133:
	@DEBUG_VALUE: DMA_CalcDMAMUXRequestGenBaseAndMask:request <- [DW_OP_constu 255, DW_OP_and, DW_OP_stack_value] $r3
	@DEBUG_VALUE: DMA_CalcDMAMUXRequestGenBaseAndMask:hdma <- $r4
	@DEBUG_VALUE: HAL_DMA_Init:hdma <- $r4
	movw	r0, #2048
	movt	r0, #16386
	add.w	lr, r0, #252
	add.w	r2, r0, #320
	b	.LBB0_129
.Lfunc_end0:
	.size	HAL_DMA_Init, .Lfunc_end0-HAL_DMA_Init
	.cfi_endproc
	.cantunwind
	.fnend
                                        @ -- End function
	.section	.text.DMA_CalcBaseAndBitshift,"ax",%progbits
	.p2align	3                               @ -- Begin function DMA_CalcBaseAndBitshift
	.type	DMA_CalcBaseAndBitshift,%function
	.code	16                              @ @DMA_CalcBaseAndBitshift
	.thumb_func
DMA_CalcBaseAndBitshift:
.Lfunc_begin1:
	.loc	2 1858 0 is_stmt 1              @ ../Drivers/STM32H7xx_HAL_Driver/Src/stm32h7xx_hal_dma.c:1858:0
	.fnstart
	.cfi_startproc
@ %bb.0:
	@DEBUG_VALUE: DMA_CalcBaseAndBitshift:hdma <- $r0
	movw	r2, #1039
.Ltmp211:
	.loc	2 1859 6 prologue_end           @ ../Drivers/STM32H7xx_HAL_Driver/Src/stm32h7xx_hal_dma.c:1859:6
	ldr.w	r12, [r0]
	movt	r2, #16386
	cmp	r12, r2
	bgt	.LBB1_5
.Ltmp212:
@ %bb.1:
	@DEBUG_VALUE: DMA_CalcBaseAndBitshift:hdma <- $r0
	.loc	2 0 6 is_stmt 0                 @ ../Drivers/STM32H7xx_HAL_Driver/Src/stm32h7xx_hal_dma.c:0:6
	movs	r2, #111
	movt	r2, #16386
	.loc	2 1859 6                        @ ../Drivers/STM32H7xx_HAL_Driver/Src/stm32h7xx_hal_dma.c:1859:6
	cmp	r12, r2
	bgt	.LBB1_9
.Ltmp213:
@ %bb.2:
	@DEBUG_VALUE: DMA_CalcBaseAndBitshift:hdma <- $r0
	.loc	2 0 6                           @ ../Drivers/STM32H7xx_HAL_Driver/Src/stm32h7xx_hal_dma.c:0:6
	movs	r2, #63
	movt	r2, #16386
	.loc	2 1859 6                        @ ../Drivers/STM32H7xx_HAL_Driver/Src/stm32h7xx_hal_dma.c:1859:6
	cmp	r12, r2
	bgt	.LBB1_15
.Ltmp214:
@ %bb.3:
	@DEBUG_VALUE: DMA_CalcBaseAndBitshift:hdma <- $r0
	.loc	2 0 6                           @ ../Drivers/STM32H7xx_HAL_Driver/Src/stm32h7xx_hal_dma.c:0:6
	movs	r2, #16
	movt	r2, #16386
	.loc	2 1859 6                        @ ../Drivers/STM32H7xx_HAL_Driver/Src/stm32h7xx_hal_dma.c:1859:6
	cmp	r12, r2
	beq	.LBB1_24
.Ltmp215:
@ %bb.4:
	@DEBUG_VALUE: DMA_CalcBaseAndBitshift:hdma <- $r0
	.loc	2 0 6                           @ ../Drivers/STM32H7xx_HAL_Driver/Src/stm32h7xx_hal_dma.c:0:6
	movs	r2, #40
	b	.LBB1_23
.Ltmp216:
	.p2align	2
.LBB1_5:
	@DEBUG_VALUE: DMA_CalcBaseAndBitshift:hdma <- $r0
	movw	r2, #1135
	movt	r2, #16386
	.loc	2 1859 6                        @ ../Drivers/STM32H7xx_HAL_Driver/Src/stm32h7xx_hal_dma.c:1859:6
	cmp	r12, r2
	bgt	.LBB1_12
.Ltmp217:
@ %bb.6:
	@DEBUG_VALUE: DMA_CalcBaseAndBitshift:hdma <- $r0
	.loc	2 0 6                           @ ../Drivers/STM32H7xx_HAL_Driver/Src/stm32h7xx_hal_dma.c:0:6
	movw	r2, #1087
	movt	r2, #16386
	.loc	2 1859 6                        @ ../Drivers/STM32H7xx_HAL_Driver/Src/stm32h7xx_hal_dma.c:1859:6
	cmp	r12, r2
	bgt	.LBB1_17
.Ltmp218:
@ %bb.7:
	@DEBUG_VALUE: DMA_CalcBaseAndBitshift:hdma <- $r0
	.loc	2 0 6                           @ ../Drivers/STM32H7xx_HAL_Driver/Src/stm32h7xx_hal_dma.c:0:6
	movw	r2, #1040
	movt	r2, #16386
	.loc	2 1859 6                        @ ../Drivers/STM32H7xx_HAL_Driver/Src/stm32h7xx_hal_dma.c:1859:6
	cmp	r12, r2
	beq	.LBB1_24
.Ltmp219:
@ %bb.8:
	@DEBUG_VALUE: DMA_CalcBaseAndBitshift:hdma <- $r0
	.loc	2 0 6                           @ ../Drivers/STM32H7xx_HAL_Driver/Src/stm32h7xx_hal_dma.c:0:6
	movw	r2, #1064
	b	.LBB1_23
.Ltmp220:
	.p2align	2
.LBB1_9:
	@DEBUG_VALUE: DMA_CalcBaseAndBitshift:hdma <- $r0
	movs	r2, #159
	movt	r2, #16386
	.loc	2 1859 6                        @ ../Drivers/STM32H7xx_HAL_Driver/Src/stm32h7xx_hal_dma.c:1859:6
	cmp	r12, r2
	bgt	.LBB1_19
.Ltmp221:
@ %bb.10:
	@DEBUG_VALUE: DMA_CalcBaseAndBitshift:hdma <- $r0
	.loc	2 0 6                           @ ../Drivers/STM32H7xx_HAL_Driver/Src/stm32h7xx_hal_dma.c:0:6
	movs	r2, #112
	movt	r2, #16386
	.loc	2 1859 6                        @ ../Drivers/STM32H7xx_HAL_Driver/Src/stm32h7xx_hal_dma.c:1859:6
	cmp	r12, r2
	beq	.LBB1_24
.Ltmp222:
@ %bb.11:
	@DEBUG_VALUE: DMA_CalcBaseAndBitshift:hdma <- $r0
	.loc	2 0 6                           @ ../Drivers/STM32H7xx_HAL_Driver/Src/stm32h7xx_hal_dma.c:0:6
	movs	r2, #136
	b	.LBB1_23
.Ltmp223:
	.p2align	2
.LBB1_12:
	@DEBUG_VALUE: DMA_CalcBaseAndBitshift:hdma <- $r0
	movw	r2, #1183
	movt	r2, #16386
	.loc	2 1859 6                        @ ../Drivers/STM32H7xx_HAL_Driver/Src/stm32h7xx_hal_dma.c:1859:6
	cmp	r12, r2
	bgt	.LBB1_21
.Ltmp224:
@ %bb.13:
	@DEBUG_VALUE: DMA_CalcBaseAndBitshift:hdma <- $r0
	.loc	2 0 6                           @ ../Drivers/STM32H7xx_HAL_Driver/Src/stm32h7xx_hal_dma.c:0:6
	movw	r2, #1136
	movt	r2, #16386
	.loc	2 1859 6                        @ ../Drivers/STM32H7xx_HAL_Driver/Src/stm32h7xx_hal_dma.c:1859:6
	cmp	r12, r2
	beq	.LBB1_24
.Ltmp225:
@ %bb.14:
	@DEBUG_VALUE: DMA_CalcBaseAndBitshift:hdma <- $r0
	.loc	2 0 6                           @ ../Drivers/STM32H7xx_HAL_Driver/Src/stm32h7xx_hal_dma.c:0:6
	movw	r2, #1160
	b	.LBB1_23
.Ltmp226:
	.p2align	2
.LBB1_15:
	@DEBUG_VALUE: DMA_CalcBaseAndBitshift:hdma <- $r0
	movs	r2, #64
	movt	r2, #16386
	.loc	2 1859 6                        @ ../Drivers/STM32H7xx_HAL_Driver/Src/stm32h7xx_hal_dma.c:1859:6
	cmp	r12, r2
	beq	.LBB1_24
.Ltmp227:
@ %bb.16:
	@DEBUG_VALUE: DMA_CalcBaseAndBitshift:hdma <- $r0
	.loc	2 0 6                           @ ../Drivers/STM32H7xx_HAL_Driver/Src/stm32h7xx_hal_dma.c:0:6
	movs	r2, #88
	b	.LBB1_23
.Ltmp228:
	.p2align	2
.LBB1_17:
	@DEBUG_VALUE: DMA_CalcBaseAndBitshift:hdma <- $r0
	movw	r2, #1088
	movt	r2, #16386
	.loc	2 1859 6                        @ ../Drivers/STM32H7xx_HAL_Driver/Src/stm32h7xx_hal_dma.c:1859:6
	cmp	r12, r2
	beq	.LBB1_24
.Ltmp229:
@ %bb.18:
	@DEBUG_VALUE: DMA_CalcBaseAndBitshift:hdma <- $r0
	.loc	2 0 6                           @ ../Drivers/STM32H7xx_HAL_Driver/Src/stm32h7xx_hal_dma.c:0:6
	movw	r2, #1112
	b	.LBB1_23
.Ltmp230:
	.p2align	2
.LBB1_19:
	@DEBUG_VALUE: DMA_CalcBaseAndBitshift:hdma <- $r0
	movs	r2, #160
	movt	r2, #16386
	.loc	2 1859 6                        @ ../Drivers/STM32H7xx_HAL_Driver/Src/stm32h7xx_hal_dma.c:1859:6
	cmp	r12, r2
	beq	.LBB1_24
.Ltmp231:
@ %bb.20:
	@DEBUG_VALUE: DMA_CalcBaseAndBitshift:hdma <- $r0
	.loc	2 0 6                           @ ../Drivers/STM32H7xx_HAL_Driver/Src/stm32h7xx_hal_dma.c:0:6
	movs	r2, #184
	b	.LBB1_23
.Ltmp232:
	.p2align	2
.LBB1_21:
	@DEBUG_VALUE: DMA_CalcBaseAndBitshift:hdma <- $r0
	movw	r2, #1208
	movt	r2, #16386
	.loc	2 1859 6                        @ ../Drivers/STM32H7xx_HAL_Driver/Src/stm32h7xx_hal_dma.c:1859:6
	cmp	r12, r2
	beq	.LBB1_24
.Ltmp233:
@ %bb.22:
	@DEBUG_VALUE: DMA_CalcBaseAndBitshift:hdma <- $r0
	.loc	2 0 6                           @ ../Drivers/STM32H7xx_HAL_Driver/Src/stm32h7xx_hal_dma.c:0:6
	movw	r2, #1184
.Ltmp234:
.LBB1_23:
	@DEBUG_VALUE: DMA_CalcBaseAndBitshift:hdma <- $r0
	movt	r2, #16386
	.loc	2 1859 6                        @ ../Drivers/STM32H7xx_HAL_Driver/Src/stm32h7xx_hal_dma.c:1859:6
	cmp	r12, r2
	bne	.LBB1_25
.Ltmp235:
.LBB1_24:
	@DEBUG_VALUE: DMA_CalcBaseAndBitshift:hdma <- $r0
	.loc	2 1861 70 is_stmt 1             @ ../Drivers/STM32H7xx_HAL_Driver/Src/stm32h7xx_hal_dma.c:1861:70
	and	r2, r12, #248
	movw	r3, #43691
	.loc	2 1861 79 is_stmt 0             @ ../Drivers/STM32H7xx_HAL_Driver/Src/stm32h7xx_hal_dma.c:1861:79
	subs	r2, #16
	movt	r3, #43690
	.loc	2 1861 86                       @ ../Drivers/STM32H7xx_HAL_Driver/Src/stm32h7xx_hal_dma.c:1861:86
	umull	r3, r1, r2, r3
.Ltmp236:
	@DEBUG_VALUE: stream_number <- undef
	.loc	2 1865 25 is_stmt 1             @ ../Drivers/STM32H7xx_HAL_Driver/Src/stm32h7xx_hal_dma.c:1865:25
	adr	r3, .LCPI1_0
	.loc	2 1867 9                        @ ../Drivers/STM32H7xx_HAL_Driver/Src/stm32h7xx_hal_dma.c:1867:9
	cmp	r2, #95
	.loc	2 1865 58                       @ ../Drivers/STM32H7xx_HAL_Driver/Src/stm32h7xx_hal_dma.c:1865:58
	ubfx	r1, r1, #4, #3
	.loc	2 1865 25 is_stmt 0             @ ../Drivers/STM32H7xx_HAL_Driver/Src/stm32h7xx_hal_dma.c:1865:25
	ldrb	r3, [r3, r1]
	movw	r1, #1023
.Ltmp237:
	.loc	2 0 0                           @ ../Drivers/STM32H7xx_HAL_Driver/Src/stm32h7xx_hal_dma.c:0:0
	bic.w	r1, r12, r1
.Ltmp238:
	.loc	2 1865 23                       @ ../Drivers/STM32H7xx_HAL_Driver/Src/stm32h7xx_hal_dma.c:1865:23
	str	r3, [r0, #92]
	.loc	2 1867 9 is_stmt 1              @ ../Drivers/STM32H7xx_HAL_Driver/Src/stm32h7xx_hal_dma.c:1867:9
	it	hi
	addhi	r1, #4
.Ltmp239:
	.loc	2 0 0 is_stmt 0                 @ ../Drivers/STM32H7xx_HAL_Driver/Src/stm32h7xx_hal_dma.c:0:0
	str	r1, [r0, #88]
.Ltmp240:
	.loc	2 1884 3 is_stmt 1              @ ../Drivers/STM32H7xx_HAL_Driver/Src/stm32h7xx_hal_dma.c:1884:3
	mov	r0, r1
.Ltmp241:
	@DEBUG_VALUE: DMA_CalcBaseAndBitshift:hdma <- [DW_OP_LLVM_entry_value 1] $r0
	bx	lr
.Ltmp242:
	.loc	2 0 3 is_stmt 0                 @ :0:3
.Ltmp243:
	.p2align	2
.LBB1_25:
	@DEBUG_VALUE: DMA_CalcBaseAndBitshift:hdma <- $r0
	.loc	2 1881 70 is_stmt 1             @ ../Drivers/STM32H7xx_HAL_Driver/Src/stm32h7xx_hal_dma.c:1881:70
	bic	r1, r12, #255
.Ltmp244:
	.loc	2 0 0 is_stmt 0                 @ ../Drivers/STM32H7xx_HAL_Driver/Src/stm32h7xx_hal_dma.c:0:0
	str	r1, [r0, #88]
.Ltmp245:
	.loc	2 1884 3 is_stmt 1              @ ../Drivers/STM32H7xx_HAL_Driver/Src/stm32h7xx_hal_dma.c:1884:3
	mov	r0, r1
.Ltmp246:
	@DEBUG_VALUE: DMA_CalcBaseAndBitshift:hdma <- [DW_OP_LLVM_entry_value 1] $r0
	bx	lr
.Ltmp247:
	.loc	2 0 3 is_stmt 0                 @ :0:3
.Ltmp248:
	.p2align	2
@ %bb.26:
.LCPI1_0:
DMA_CalcBaseAndBitshift.flagBitshiftOffset:
	.ascii	"\000\006\020\026\000\006\020\026"
.Lfunc_end1:
	.size	DMA_CalcBaseAndBitshift, .Lfunc_end1-DMA_CalcBaseAndBitshift
	.cfi_endproc
	.cantunwind
	.fnend
                                        @ -- End function
	.section	.text.HAL_DMA_DeInit,"ax",%progbits
	.hidden	HAL_DMA_DeInit                  @ -- Begin function HAL_DMA_DeInit
	.globl	HAL_DMA_DeInit
	.p2align	3
	.type	HAL_DMA_DeInit,%function
	.code	16                              @ @HAL_DMA_DeInit
	.thumb_func
HAL_DMA_DeInit:
.Lfunc_begin2:
	.loc	2 466 0 is_stmt 1               @ ../Drivers/STM32H7xx_HAL_Driver/Src/stm32h7xx_hal_dma.c:466:0
	.fnstart
	.cfi_startproc
@ %bb.0:
	@DEBUG_VALUE: HAL_DMA_DeInit:hdma <- $r0
	@DEBUG_VALUE: HAL_DMA_DeInit:hdma <- $r0
	.save	{r4, r5, r6, r7, lr}
	push	{r4, r5, r6, r7, lr}
	.cfi_def_cfa_offset 20
	.cfi_offset lr, -4
	.cfi_offset r7, -8
	.cfi_offset r6, -12
	.cfi_offset r5, -16
	.cfi_offset r4, -20
	.pad	#4
	sub	sp, #4
	.cfi_def_cfa_offset 24
.Ltmp249:
	.loc	2 471 6 prologue_end            @ ../Drivers/STM32H7xx_HAL_Driver/Src/stm32h7xx_hal_dma.c:471:6
	cbz	r0, .LBB2_7
.Ltmp250:
@ %bb.1:
	@DEBUG_VALUE: HAL_DMA_DeInit:hdma <- $r0
	.loc	2 0 6 is_stmt 0                 @ ../Drivers/STM32H7xx_HAL_Driver/Src/stm32h7xx_hal_dma.c:0:6
	mov	r4, r0
.Ltmp251:
	@DEBUG_VALUE: HAL_DMA_DeInit:hdma <- $r4
	.loc	2 477 3 is_stmt 1               @ ../Drivers/STM32H7xx_HAL_Driver/Src/stm32h7xx_hal_dma.c:477:3
	ldr	r0, [r0]
	movw	r2, #1135
	movs	r5, #1
	movt	r2, #16386
	ldr	r1, [r0]
.Ltmp252:
	.loc	2 479 6                         @ ../Drivers/STM32H7xx_HAL_Driver/Src/stm32h7xx_hal_dma.c:479:6
	cmp	r0, r2
.Ltmp253:
	.loc	2 477 3                         @ ../Drivers/STM32H7xx_HAL_Driver/Src/stm32h7xx_hal_dma.c:477:3
	bic	r1, r1, #1
	str	r1, [r0]
.Ltmp254:
	.loc	2 479 6                         @ ../Drivers/STM32H7xx_HAL_Driver/Src/stm32h7xx_hal_dma.c:479:6
	bgt	.LBB2_9
.Ltmp255:
@ %bb.2:
	@DEBUG_VALUE: HAL_DMA_DeInit:hdma <- $r4
	.loc	2 0 6 is_stmt 0                 @ ../Drivers/STM32H7xx_HAL_Driver/Src/stm32h7xx_hal_dma.c:0:6
	movs	r1, #159
	movt	r1, #16386
	.loc	2 479 6                         @ ../Drivers/STM32H7xx_HAL_Driver/Src/stm32h7xx_hal_dma.c:479:6
	cmp	r0, r1
	bgt	.LBB2_14
.Ltmp256:
@ %bb.3:
	@DEBUG_VALUE: HAL_DMA_DeInit:hdma <- $r4
	.loc	2 0 6                           @ ../Drivers/STM32H7xx_HAL_Driver/Src/stm32h7xx_hal_dma.c:0:6
	movs	r1, #87
	movt	r1, #16386
	.loc	2 479 6                         @ ../Drivers/STM32H7xx_HAL_Driver/Src/stm32h7xx_hal_dma.c:479:6
	cmp	r0, r1
	bgt	.LBB2_22
.Ltmp257:
@ %bb.4:
	@DEBUG_VALUE: HAL_DMA_DeInit:hdma <- $r4
	.loc	2 0 6                           @ ../Drivers/STM32H7xx_HAL_Driver/Src/stm32h7xx_hal_dma.c:0:6
	movs	r1, #16
	movt	r1, #16386
	.loc	2 479 6                         @ ../Drivers/STM32H7xx_HAL_Driver/Src/stm32h7xx_hal_dma.c:479:6
	cmp	r0, r1
	beq.w	.LBB2_32
.Ltmp258:
@ %bb.5:
	@DEBUG_VALUE: HAL_DMA_DeInit:hdma <- $r4
	.loc	2 0 6                           @ ../Drivers/STM32H7xx_HAL_Driver/Src/stm32h7xx_hal_dma.c:0:6
	movs	r1, #40
	movt	r1, #16386
	.loc	2 479 6                         @ ../Drivers/STM32H7xx_HAL_Driver/Src/stm32h7xx_hal_dma.c:479:6
	cmp	r0, r1
	beq.w	.LBB2_32
.Ltmp259:
@ %bb.6:
	@DEBUG_VALUE: HAL_DMA_DeInit:hdma <- $r4
	.loc	2 0 6                           @ ../Drivers/STM32H7xx_HAL_Driver/Src/stm32h7xx_hal_dma.c:0:6
	movs	r1, #64
	b	.LBB2_31
.Ltmp260:
	.p2align	2
.LBB2_7:
	@DEBUG_VALUE: HAL_DMA_DeInit:hdma <- $r0
	movs	r5, #1
.Ltmp261:
.LBB2_8:
	.loc	2 588 1 is_stmt 1               @ ../Drivers/STM32H7xx_HAL_Driver/Src/stm32h7xx_hal_dma.c:588:1
	mov	r0, r5
	.loc	2 588 1 epilogue_begin is_stmt 0 @ ../Drivers/STM32H7xx_HAL_Driver/Src/stm32h7xx_hal_dma.c:588:1
	add	sp, #4
	pop	{r4, r5, r6, r7, pc}
	.loc	2 0 1                           @ :0:1
.Ltmp262:
	.p2align	2
.LBB2_9:
.Ltmp263:
	@DEBUG_VALUE: HAL_DMA_DeInit:hdma <- $r4
	movw	r1, #21551
	mov.w	r12, #0
	movt	r1, #22530
	mov.w	lr, #16
	movs	r3, #12
.Ltmp264:
	.loc	2 479 6 is_stmt 1               @ ../Drivers/STM32H7xx_HAL_Driver/Src/stm32h7xx_hal_dma.c:479:6
	cmp	r0, r1
	mov.w	r6, #8
	mov.w	r7, #4
	bgt	.LBB2_18
.Ltmp265:
@ %bb.10:
	@DEBUG_VALUE: HAL_DMA_DeInit:hdma <- $r4
	.loc	2 0 6 is_stmt 0                 @ ../Drivers/STM32H7xx_HAL_Driver/Src/stm32h7xx_hal_dma.c:0:6
	movw	r1, #1207
	movt	r1, #16386
	.loc	2 479 6                         @ ../Drivers/STM32H7xx_HAL_Driver/Src/stm32h7xx_hal_dma.c:479:6
	cmp	r0, r1
	bgt	.LBB2_25
.Ltmp266:
@ %bb.11:
	@DEBUG_VALUE: HAL_DMA_DeInit:hdma <- $r4
	.loc	2 0 6                           @ ../Drivers/STM32H7xx_HAL_Driver/Src/stm32h7xx_hal_dma.c:0:6
	movw	r1, #1136
	movt	r1, #16386
	.loc	2 479 6                         @ ../Drivers/STM32H7xx_HAL_Driver/Src/stm32h7xx_hal_dma.c:479:6
	cmp	r0, r1
	beq	.LBB2_32
.Ltmp267:
@ %bb.12:
	@DEBUG_VALUE: HAL_DMA_DeInit:hdma <- $r4
	.loc	2 0 6                           @ ../Drivers/STM32H7xx_HAL_Driver/Src/stm32h7xx_hal_dma.c:0:6
	movw	r1, #1160
	movt	r1, #16386
	.loc	2 479 6                         @ ../Drivers/STM32H7xx_HAL_Driver/Src/stm32h7xx_hal_dma.c:479:6
	cmp	r0, r1
	beq	.LBB2_32
.Ltmp268:
@ %bb.13:
	@DEBUG_VALUE: HAL_DMA_DeInit:hdma <- $r4
	.loc	2 0 6                           @ ../Drivers/STM32H7xx_HAL_Driver/Src/stm32h7xx_hal_dma.c:0:6
	movw	r1, #1184
	b	.LBB2_31
.Ltmp269:
	.p2align	2
.LBB2_14:
	@DEBUG_VALUE: HAL_DMA_DeInit:hdma <- $r4
	movw	r1, #1063
	movt	r1, #16386
	.loc	2 479 6                         @ ../Drivers/STM32H7xx_HAL_Driver/Src/stm32h7xx_hal_dma.c:479:6
	cmp	r0, r1
	bgt	.LBB2_28
.Ltmp270:
@ %bb.15:
	@DEBUG_VALUE: HAL_DMA_DeInit:hdma <- $r4
	.loc	2 0 6                           @ ../Drivers/STM32H7xx_HAL_Driver/Src/stm32h7xx_hal_dma.c:0:6
	movs	r1, #160
	movt	r1, #16386
	.loc	2 479 6                         @ ../Drivers/STM32H7xx_HAL_Driver/Src/stm32h7xx_hal_dma.c:479:6
	cmp	r0, r1
	beq	.LBB2_32
.Ltmp271:
@ %bb.16:
	@DEBUG_VALUE: HAL_DMA_DeInit:hdma <- $r4
	.loc	2 0 6                           @ ../Drivers/STM32H7xx_HAL_Driver/Src/stm32h7xx_hal_dma.c:0:6
	movs	r1, #184
	movt	r1, #16386
	.loc	2 479 6                         @ ../Drivers/STM32H7xx_HAL_Driver/Src/stm32h7xx_hal_dma.c:479:6
	cmp	r0, r1
	beq	.LBB2_32
.Ltmp272:
@ %bb.17:
	@DEBUG_VALUE: HAL_DMA_DeInit:hdma <- $r4
	.loc	2 0 6                           @ ../Drivers/STM32H7xx_HAL_Driver/Src/stm32h7xx_hal_dma.c:0:6
	movw	r1, #1040
	b	.LBB2_31
.Ltmp273:
	.p2align	2
.LBB2_18:
	@DEBUG_VALUE: HAL_DMA_DeInit:hdma <- $r4
	movw	r1, #21611
	movt	r1, #22530
	.loc	2 479 6                         @ ../Drivers/STM32H7xx_HAL_Driver/Src/stm32h7xx_hal_dma.c:479:6
	cmp	r0, r1
	bgt	.LBB2_33
.Ltmp274:
@ %bb.19:
	@DEBUG_VALUE: HAL_DMA_DeInit:hdma <- $r4
	.loc	2 0 6                           @ ../Drivers/STM32H7xx_HAL_Driver/Src/stm32h7xx_hal_dma.c:0:6
	movw	r1, #21552
	movt	r1, #22530
	.loc	2 479 6                         @ ../Drivers/STM32H7xx_HAL_Driver/Src/stm32h7xx_hal_dma.c:479:6
	cmp	r0, r1
	beq	.LBB2_37
.Ltmp275:
@ %bb.20:
	@DEBUG_VALUE: HAL_DMA_DeInit:hdma <- $r4
	.loc	2 0 6                           @ ../Drivers/STM32H7xx_HAL_Driver/Src/stm32h7xx_hal_dma.c:0:6
	movw	r1, #21572
	movt	r1, #22530
	.loc	2 479 6                         @ ../Drivers/STM32H7xx_HAL_Driver/Src/stm32h7xx_hal_dma.c:479:6
	cmp	r0, r1
	beq	.LBB2_37
.Ltmp276:
@ %bb.21:
	@DEBUG_VALUE: HAL_DMA_DeInit:hdma <- $r4
	.loc	2 0 6                           @ ../Drivers/STM32H7xx_HAL_Driver/Src/stm32h7xx_hal_dma.c:0:6
	movw	r1, #21592
	b	.LBB2_36
.Ltmp277:
	.p2align	2
.LBB2_22:
	@DEBUG_VALUE: HAL_DMA_DeInit:hdma <- $r4
	movs	r1, #88
	movt	r1, #16386
	.loc	2 479 6                         @ ../Drivers/STM32H7xx_HAL_Driver/Src/stm32h7xx_hal_dma.c:479:6
	cmp	r0, r1
	beq	.LBB2_32
.Ltmp278:
@ %bb.23:
	@DEBUG_VALUE: HAL_DMA_DeInit:hdma <- $r4
	.loc	2 0 6                           @ ../Drivers/STM32H7xx_HAL_Driver/Src/stm32h7xx_hal_dma.c:0:6
	movs	r1, #112
	movt	r1, #16386
	.loc	2 479 6                         @ ../Drivers/STM32H7xx_HAL_Driver/Src/stm32h7xx_hal_dma.c:479:6
	cmp	r0, r1
	beq	.LBB2_32
.Ltmp279:
@ %bb.24:
	@DEBUG_VALUE: HAL_DMA_DeInit:hdma <- $r4
	.loc	2 0 6                           @ ../Drivers/STM32H7xx_HAL_Driver/Src/stm32h7xx_hal_dma.c:0:6
	movs	r1, #136
	b	.LBB2_31
.Ltmp280:
	.p2align	2
.LBB2_25:
	@DEBUG_VALUE: HAL_DMA_DeInit:hdma <- $r4
	movw	r1, #1208
	movt	r1, #16386
	.loc	2 479 6                         @ ../Drivers/STM32H7xx_HAL_Driver/Src/stm32h7xx_hal_dma.c:479:6
	cmp	r0, r1
	beq	.LBB2_32
.Ltmp281:
@ %bb.26:
	@DEBUG_VALUE: HAL_DMA_DeInit:hdma <- $r4
	.loc	2 0 6                           @ ../Drivers/STM32H7xx_HAL_Driver/Src/stm32h7xx_hal_dma.c:0:6
	movw	r1, #21512
	movt	r1, #22530
	.loc	2 479 6                         @ ../Drivers/STM32H7xx_HAL_Driver/Src/stm32h7xx_hal_dma.c:479:6
	cmp	r0, r1
	beq	.LBB2_37
.Ltmp282:
@ %bb.27:
	@DEBUG_VALUE: HAL_DMA_DeInit:hdma <- $r4
	.loc	2 0 6                           @ ../Drivers/STM32H7xx_HAL_Driver/Src/stm32h7xx_hal_dma.c:0:6
	movw	r1, #21532
	b	.LBB2_36
.Ltmp283:
	.p2align	2
.LBB2_28:
	@DEBUG_VALUE: HAL_DMA_DeInit:hdma <- $r4
	movw	r1, #1064
	movt	r1, #16386
	.loc	2 479 6                         @ ../Drivers/STM32H7xx_HAL_Driver/Src/stm32h7xx_hal_dma.c:479:6
	cmp	r0, r1
	beq	.LBB2_32
.Ltmp284:
@ %bb.29:
	@DEBUG_VALUE: HAL_DMA_DeInit:hdma <- $r4
	.loc	2 0 6                           @ ../Drivers/STM32H7xx_HAL_Driver/Src/stm32h7xx_hal_dma.c:0:6
	movw	r1, #1088
	movt	r1, #16386
	.loc	2 479 6                         @ ../Drivers/STM32H7xx_HAL_Driver/Src/stm32h7xx_hal_dma.c:479:6
	cmp	r0, r1
	beq	.LBB2_32
.Ltmp285:
@ %bb.30:
	@DEBUG_VALUE: HAL_DMA_DeInit:hdma <- $r4
	.loc	2 0 6                           @ ../Drivers/STM32H7xx_HAL_Driver/Src/stm32h7xx_hal_dma.c:0:6
	movw	r1, #1112
.Ltmp286:
.LBB2_31:
	@DEBUG_VALUE: HAL_DMA_DeInit:hdma <- $r4
	movt	r1, #16386
	.loc	2 479 6                         @ ../Drivers/STM32H7xx_HAL_Driver/Src/stm32h7xx_hal_dma.c:479:6
	cmp	r0, r1
	bne.w	.LBB2_8
.Ltmp287:
.LBB2_32:
	@DEBUG_VALUE: HAL_DMA_DeInit:hdma <- $r4
	.loc	2 482 52 is_stmt 1              @ ../Drivers/STM32H7xx_HAL_Driver/Src/stm32h7xx_hal_dma.c:482:52
	mov	r1, r0
	movs	r2, #0
	movs	r5, #63
	mov.w	r12, #33
	str	r2, [r1], #4
	mov.w	lr, #20
	movs	r3, #16
	movs	r6, #12
	movs	r7, #8
	b	.LBB2_38
.Ltmp288:
	.loc	2 0 52 is_stmt 0                @ :0:52
.Ltmp289:
	.p2align	2
.LBB2_33:
	@DEBUG_VALUE: HAL_DMA_DeInit:hdma <- $r4
	movw	r1, #21612
	movt	r1, #22530
	.loc	2 479 6 is_stmt 1               @ ../Drivers/STM32H7xx_HAL_Driver/Src/stm32h7xx_hal_dma.c:479:6
	cmp	r0, r1
	beq	.LBB2_37
.Ltmp290:
@ %bb.34:
	@DEBUG_VALUE: HAL_DMA_DeInit:hdma <- $r4
	.loc	2 0 6 is_stmt 0                 @ ../Drivers/STM32H7xx_HAL_Driver/Src/stm32h7xx_hal_dma.c:0:6
	movw	r1, #21632
	movt	r1, #22530
	.loc	2 479 6                         @ ../Drivers/STM32H7xx_HAL_Driver/Src/stm32h7xx_hal_dma.c:479:6
	cmp	r0, r1
	beq	.LBB2_37
.Ltmp291:
@ %bb.35:
	@DEBUG_VALUE: HAL_DMA_DeInit:hdma <- $r4
	.loc	2 0 6                           @ ../Drivers/STM32H7xx_HAL_Driver/Src/stm32h7xx_hal_dma.c:0:6
	movw	r1, #21652
.Ltmp292:
.LBB2_36:
	@DEBUG_VALUE: HAL_DMA_DeInit:hdma <- $r4
	movt	r1, #22530
	.loc	2 479 6                         @ ../Drivers/STM32H7xx_HAL_Driver/Src/stm32h7xx_hal_dma.c:479:6
	cmp	r0, r1
	mov	r1, r0
	beq	.LBB2_38
	b	.LBB2_8
.Ltmp293:
	.loc	2 0 6                           @ :0:6
.Ltmp294:
	.p2align	2
.LBB2_37:
	@DEBUG_VALUE: HAL_DMA_DeInit:hdma <- $r4
	mov	r1, r0
.Ltmp295:
.LBB2_38:
	@DEBUG_VALUE: HAL_DMA_DeInit:hdma <- $r4
	movs	r2, #0
	str	r2, [r1]
	str	r2, [r0, r7]
	str	r2, [r0, r6]
	movw	r6, #22780
	str	r2, [r0, r3]
	movt	r6, #22530
	str.w	r12, [r0, lr]
	mov	r0, r4
	bl	DMA_CalcBaseAndBitshift
.Ltmp296:
	@DEBUG_VALUE: DMA_CalcDMAMUXChannelBaseAndMask:hdma <- $r4
	@DEBUG_VALUE: HAL_DMA_DeInit:regs_dma <- $r0
	movw	lr, #21591
.Ltmp297:
	.loc	2 1990 61 is_stmt 1             @ ../Drivers/STM32H7xx_HAL_Driver/Src/stm32h7xx_hal_dma.c:1990:61
	ldr	r1, [r4]
.Ltmp298:
	@DEBUG_VALUE: DMA_CalcDMAMUXChannelBaseAndMask:stream_baseaddress <- $r1
	.loc	2 0 0 is_stmt 0                 @ ../Drivers/STM32H7xx_HAL_Driver/Src/stm32h7xx_hal_dma.c:0:0
	ldr	r3, [r4, #92]
	movt	lr, #22530
	and	r3, r3, #31
.Ltmp299:
	.loc	2 1992 6 is_stmt 1              @ ../Drivers/STM32H7xx_HAL_Driver/Src/stm32h7xx_hal_dma.c:1992:6
	cmp	r1, lr
.Ltmp300:
	.loc	2 0 0 is_stmt 0                 @ ../Drivers/STM32H7xx_HAL_Driver/Src/stm32h7xx_hal_dma.c:0:0
	lsl.w	r3, r5, r3
	str	r3, [r0, r7]
.Ltmp301:
	.loc	2 1992 6                        @ ../Drivers/STM32H7xx_HAL_Driver/Src/stm32h7xx_hal_dma.c:1992:6
	bgt	.LBB2_42
.Ltmp302:
@ %bb.39:
	@DEBUG_VALUE: DMA_CalcDMAMUXChannelBaseAndMask:stream_baseaddress <- $r1
	@DEBUG_VALUE: HAL_DMA_DeInit:regs_dma <- $r0
	@DEBUG_VALUE: DMA_CalcDMAMUXChannelBaseAndMask:hdma <- $r4
	@DEBUG_VALUE: HAL_DMA_DeInit:hdma <- $r4
	.loc	2 0 6                           @ ../Drivers/STM32H7xx_HAL_Driver/Src/stm32h7xx_hal_dma.c:0:6
	movw	r0, #21551
.Ltmp303:
	movt	r0, #22530
	.loc	2 1992 6                        @ ../Drivers/STM32H7xx_HAL_Driver/Src/stm32h7xx_hal_dma.c:1992:6
	cmp	r1, r0
	bgt	.LBB2_45
.Ltmp304:
@ %bb.40:
	@DEBUG_VALUE: DMA_CalcDMAMUXChannelBaseAndMask:stream_baseaddress <- $r1
	@DEBUG_VALUE: DMA_CalcDMAMUXChannelBaseAndMask:hdma <- $r4
	@DEBUG_VALUE: HAL_DMA_DeInit:hdma <- $r4
	.loc	2 0 6                           @ ../Drivers/STM32H7xx_HAL_Driver/Src/stm32h7xx_hal_dma.c:0:6
	movw	r0, #21512
	movt	r0, #22530
	.loc	2 1992 6                        @ ../Drivers/STM32H7xx_HAL_Driver/Src/stm32h7xx_hal_dma.c:1992:6
	cmp	r1, r0
	beq	.LBB2_49
.Ltmp305:
@ %bb.41:
	@DEBUG_VALUE: DMA_CalcDMAMUXChannelBaseAndMask:stream_baseaddress <- $r1
	@DEBUG_VALUE: DMA_CalcDMAMUXChannelBaseAndMask:hdma <- $r4
	@DEBUG_VALUE: HAL_DMA_DeInit:hdma <- $r4
	.loc	2 0 6                           @ ../Drivers/STM32H7xx_HAL_Driver/Src/stm32h7xx_hal_dma.c:0:6
	movw	r0, #21532
	movt	r0, #22530
	.loc	2 1992 6                        @ ../Drivers/STM32H7xx_HAL_Driver/Src/stm32h7xx_hal_dma.c:1992:6
	cmp	r1, r0
	beq	.LBB2_49
	b	.LBB2_65
.Ltmp306:
	.loc	2 0 6                           @ :0:6
.Ltmp307:
	.p2align	2
.LBB2_42:
	@DEBUG_VALUE: DMA_CalcDMAMUXChannelBaseAndMask:stream_baseaddress <- $r1
	@DEBUG_VALUE: HAL_DMA_DeInit:regs_dma <- $r0
	@DEBUG_VALUE: DMA_CalcDMAMUXChannelBaseAndMask:hdma <- $r4
	@DEBUG_VALUE: HAL_DMA_DeInit:hdma <- $r4
	movw	r0, #21631
.Ltmp308:
	movt	r0, #22530
	.loc	2 1992 6                        @ ../Drivers/STM32H7xx_HAL_Driver/Src/stm32h7xx_hal_dma.c:1992:6
	cmp	r1, r0
	bgt	.LBB2_47
.Ltmp309:
@ %bb.43:
	@DEBUG_VALUE: DMA_CalcDMAMUXChannelBaseAndMask:stream_baseaddress <- $r1
	@DEBUG_VALUE: DMA_CalcDMAMUXChannelBaseAndMask:hdma <- $r4
	@DEBUG_VALUE: HAL_DMA_DeInit:hdma <- $r4
	.loc	2 0 6                           @ ../Drivers/STM32H7xx_HAL_Driver/Src/stm32h7xx_hal_dma.c:0:6
	movw	r0, #21592
	movt	r0, #22530
	.loc	2 1992 6                        @ ../Drivers/STM32H7xx_HAL_Driver/Src/stm32h7xx_hal_dma.c:1992:6
	cmp	r1, r0
	beq	.LBB2_49
.Ltmp310:
@ %bb.44:
	@DEBUG_VALUE: DMA_CalcDMAMUXChannelBaseAndMask:stream_baseaddress <- $r1
	@DEBUG_VALUE: DMA_CalcDMAMUXChannelBaseAndMask:hdma <- $r4
	@DEBUG_VALUE: HAL_DMA_DeInit:hdma <- $r4
	.loc	2 0 6                           @ ../Drivers/STM32H7xx_HAL_Driver/Src/stm32h7xx_hal_dma.c:0:6
	movw	r0, #21612
	movt	r0, #22530
	.loc	2 1992 6                        @ ../Drivers/STM32H7xx_HAL_Driver/Src/stm32h7xx_hal_dma.c:1992:6
	cmp	r1, r0
	beq	.LBB2_49
	b	.LBB2_65
.Ltmp311:
	.loc	2 0 6                           @ :0:6
.Ltmp312:
	.p2align	2
.LBB2_45:
	@DEBUG_VALUE: DMA_CalcDMAMUXChannelBaseAndMask:stream_baseaddress <- $r1
	@DEBUG_VALUE: DMA_CalcDMAMUXChannelBaseAndMask:hdma <- $r4
	@DEBUG_VALUE: HAL_DMA_DeInit:hdma <- $r4
	movw	r0, #21552
	movt	r0, #22530
	.loc	2 1992 6                        @ ../Drivers/STM32H7xx_HAL_Driver/Src/stm32h7xx_hal_dma.c:1992:6
	cmp	r1, r0
	beq	.LBB2_49
.Ltmp313:
@ %bb.46:
	@DEBUG_VALUE: DMA_CalcDMAMUXChannelBaseAndMask:stream_baseaddress <- $r1
	@DEBUG_VALUE: DMA_CalcDMAMUXChannelBaseAndMask:hdma <- $r4
	@DEBUG_VALUE: HAL_DMA_DeInit:hdma <- $r4
	.loc	2 0 6                           @ ../Drivers/STM32H7xx_HAL_Driver/Src/stm32h7xx_hal_dma.c:0:6
	movw	r0, #21572
	movt	r0, #22530
	.loc	2 1992 6                        @ ../Drivers/STM32H7xx_HAL_Driver/Src/stm32h7xx_hal_dma.c:1992:6
	cmp	r1, r0
	beq	.LBB2_49
	b	.LBB2_65
.Ltmp314:
	.loc	2 0 6                           @ :0:6
.Ltmp315:
	.p2align	2
.LBB2_47:
	@DEBUG_VALUE: DMA_CalcDMAMUXChannelBaseAndMask:stream_baseaddress <- $r1
	@DEBUG_VALUE: DMA_CalcDMAMUXChannelBaseAndMask:hdma <- $r4
	@DEBUG_VALUE: HAL_DMA_DeInit:hdma <- $r4
	movw	r0, #21652
	movt	r0, #22530
	.loc	2 1992 6                        @ ../Drivers/STM32H7xx_HAL_Driver/Src/stm32h7xx_hal_dma.c:1992:6
	cmp	r1, r0
	beq	.LBB2_49
.Ltmp316:
@ %bb.48:
	@DEBUG_VALUE: DMA_CalcDMAMUXChannelBaseAndMask:stream_baseaddress <- $r1
	@DEBUG_VALUE: DMA_CalcDMAMUXChannelBaseAndMask:hdma <- $r4
	@DEBUG_VALUE: HAL_DMA_DeInit:hdma <- $r4
	.loc	2 0 6                           @ ../Drivers/STM32H7xx_HAL_Driver/Src/stm32h7xx_hal_dma.c:0:6
	movw	r0, #21632
	movt	r0, #22530
	.loc	2 1992 6                        @ ../Drivers/STM32H7xx_HAL_Driver/Src/stm32h7xx_hal_dma.c:1992:6
	cmp	r1, r0
	bne	.LBB2_65
.Ltmp317:
.LBB2_49:
	@DEBUG_VALUE: DMA_CalcDMAMUXChannelBaseAndMask:stream_baseaddress <- $r1
	@DEBUG_VALUE: DMA_CalcDMAMUXChannelBaseAndMask:hdma <- $r4
	@DEBUG_VALUE: HAL_DMA_DeInit:hdma <- $r4
	.loc	2 1995 61 is_stmt 1             @ ../Drivers/STM32H7xx_HAL_Driver/Src/stm32h7xx_hal_dma.c:1995:61
	and	r0, r1, #252
	movw	r3, #52429
	.loc	2 1995 70 is_stmt 0             @ ../Drivers/STM32H7xx_HAL_Driver/Src/stm32h7xx_hal_dma.c:1995:70
	subs	r0, #8
	movt	r3, #52428
	.loc	2 1995 76                       @ ../Drivers/STM32H7xx_HAL_Driver/Src/stm32h7xx_hal_dma.c:1995:76
	umull	r0, r3, r0, r3
	sub.w	r7, r6, #124
	lsrs	r0, r3, #4
.Ltmp318:
	@DEBUG_VALUE: DMA_CalcDMAMUXChannelBaseAndMask:stream_number <- $r0
	.loc	2 0 76                          @ ../Drivers/STM32H7xx_HAL_Driver/Src/stm32h7xx_hal_dma.c:0:76
	sub.w	r3, r6, #252
.Ltmp319:
.LBB2_50:
	@DEBUG_VALUE: DMA_CalcDMAMUXChannelBaseAndMask:stream_number <- $r0
	@DEBUG_VALUE: DMA_CalcDMAMUXChannelBaseAndMask:stream_baseaddress <- $r1
	@DEBUG_VALUE: DMA_CalcDMAMUXChannelBaseAndMask:hdma <- $r4
	@DEBUG_VALUE: HAL_DMA_DeInit:hdma <- $r4
	add.w	r5, r3, r0, lsl #2
	and	r2, r0, #31
	str	r5, [r4, #96]
	movs	r5, #1
	str	r7, [r4, #100]
	lsl.w	r2, r5, r2
	str	r2, [r4, #104]
	movs	r5, #0
.Ltmp320:
	.loc	2 545 32 is_stmt 1              @ ../Drivers/STM32H7xx_HAL_Driver/Src/stm32h7xx_hal_dma.c:545:32
	str.w	r5, [r3, r0, lsl #2]
	.loc	2 548 38                        @ ../Drivers/STM32H7xx_HAL_Driver/Src/stm32h7xx_hal_dma.c:548:38
	str	r2, [r7, #4]
.Ltmp321:
	.loc	2 551 20                        @ ../Drivers/STM32H7xx_HAL_Driver/Src/stm32h7xx_hal_dma.c:551:20
	ldr	r0, [r4, #4]
.Ltmp322:
	.loc	2 551 55 is_stmt 0              @ ../Drivers/STM32H7xx_HAL_Driver/Src/stm32h7xx_hal_dma.c:551:55
	subs	r3, r0, #1
	cmp	r3, #7
	bhi	.LBB2_64
.Ltmp323:
@ %bb.51:
	@DEBUG_VALUE: HAL_DMA_DeInit:hdma <- $r4
	@DEBUG_VALUE: DMA_CalcDMAMUXRequestGenBaseAndMask:hdma <- $r4
	@DEBUG_VALUE: DMA_CalcDMAMUXRequestGenBaseAndMask:request <- $r0
	.loc	2 2028 8 is_stmt 1              @ ../Drivers/STM32H7xx_HAL_Driver/Src/stm32h7xx_hal_dma.c:2028:8
	cmp	r1, lr
	add.w	r2, r6, #68
	bgt	.LBB2_55
.Ltmp324:
@ %bb.52:
	@DEBUG_VALUE: DMA_CalcDMAMUXRequestGenBaseAndMask:request <- $r0
	@DEBUG_VALUE: DMA_CalcDMAMUXRequestGenBaseAndMask:hdma <- $r4
	@DEBUG_VALUE: HAL_DMA_DeInit:hdma <- $r4
	.loc	2 0 8 is_stmt 0                 @ ../Drivers/STM32H7xx_HAL_Driver/Src/stm32h7xx_hal_dma.c:0:8
	movw	r7, #21551
	movt	r7, #22530
	.loc	2 2028 8                        @ ../Drivers/STM32H7xx_HAL_Driver/Src/stm32h7xx_hal_dma.c:2028:8
	cmp	r1, r7
	bgt	.LBB2_58
.Ltmp325:
@ %bb.53:
	@DEBUG_VALUE: DMA_CalcDMAMUXRequestGenBaseAndMask:request <- $r0
	@DEBUG_VALUE: DMA_CalcDMAMUXRequestGenBaseAndMask:hdma <- $r4
	@DEBUG_VALUE: HAL_DMA_DeInit:hdma <- $r4
	.loc	2 0 8                           @ ../Drivers/STM32H7xx_HAL_Driver/Src/stm32h7xx_hal_dma.c:0:8
	movw	r7, #21512
	movt	r7, #22530
	.loc	2 2028 8                        @ ../Drivers/STM32H7xx_HAL_Driver/Src/stm32h7xx_hal_dma.c:2028:8
	cmp	r1, r7
	beq	.LBB2_63
.Ltmp326:
@ %bb.54:
	@DEBUG_VALUE: DMA_CalcDMAMUXRequestGenBaseAndMask:request <- $r0
	@DEBUG_VALUE: DMA_CalcDMAMUXRequestGenBaseAndMask:hdma <- $r4
	@DEBUG_VALUE: HAL_DMA_DeInit:hdma <- $r4
	.loc	2 0 8                           @ ../Drivers/STM32H7xx_HAL_Driver/Src/stm32h7xx_hal_dma.c:0:8
	movw	r7, #21532
	b	.LBB2_62
.Ltmp327:
	.p2align	2
.LBB2_55:
	@DEBUG_VALUE: DMA_CalcDMAMUXRequestGenBaseAndMask:request <- $r0
	@DEBUG_VALUE: DMA_CalcDMAMUXRequestGenBaseAndMask:hdma <- $r4
	@DEBUG_VALUE: HAL_DMA_DeInit:hdma <- $r4
	movw	r7, #21631
	movt	r7, #22530
	.loc	2 2028 8                        @ ../Drivers/STM32H7xx_HAL_Driver/Src/stm32h7xx_hal_dma.c:2028:8
	cmp	r1, r7
	bgt	.LBB2_60
.Ltmp328:
@ %bb.56:
	@DEBUG_VALUE: DMA_CalcDMAMUXRequestGenBaseAndMask:request <- $r0
	@DEBUG_VALUE: DMA_CalcDMAMUXRequestGenBaseAndMask:hdma <- $r4
	@DEBUG_VALUE: HAL_DMA_DeInit:hdma <- $r4
	.loc	2 0 8                           @ ../Drivers/STM32H7xx_HAL_Driver/Src/stm32h7xx_hal_dma.c:0:8
	movw	r7, #21592
	movt	r7, #22530
	.loc	2 2028 8                        @ ../Drivers/STM32H7xx_HAL_Driver/Src/stm32h7xx_hal_dma.c:2028:8
	cmp	r1, r7
	beq	.LBB2_63
.Ltmp329:
@ %bb.57:
	@DEBUG_VALUE: DMA_CalcDMAMUXRequestGenBaseAndMask:request <- $r0
	@DEBUG_VALUE: DMA_CalcDMAMUXRequestGenBaseAndMask:hdma <- $r4
	@DEBUG_VALUE: HAL_DMA_DeInit:hdma <- $r4
	.loc	2 0 8                           @ ../Drivers/STM32H7xx_HAL_Driver/Src/stm32h7xx_hal_dma.c:0:8
	movw	r7, #21612
	b	.LBB2_62
.Ltmp330:
	.p2align	2
.LBB2_58:
	@DEBUG_VALUE: DMA_CalcDMAMUXRequestGenBaseAndMask:request <- $r0
	@DEBUG_VALUE: DMA_CalcDMAMUXRequestGenBaseAndMask:hdma <- $r4
	@DEBUG_VALUE: HAL_DMA_DeInit:hdma <- $r4
	movw	r7, #21552
	movt	r7, #22530
	.loc	2 2028 8                        @ ../Drivers/STM32H7xx_HAL_Driver/Src/stm32h7xx_hal_dma.c:2028:8
	cmp	r1, r7
	beq	.LBB2_63
.Ltmp331:
@ %bb.59:
	@DEBUG_VALUE: DMA_CalcDMAMUXRequestGenBaseAndMask:request <- $r0
	@DEBUG_VALUE: DMA_CalcDMAMUXRequestGenBaseAndMask:hdma <- $r4
	@DEBUG_VALUE: HAL_DMA_DeInit:hdma <- $r4
	.loc	2 0 8                           @ ../Drivers/STM32H7xx_HAL_Driver/Src/stm32h7xx_hal_dma.c:0:8
	movw	r7, #21572
	b	.LBB2_62
.Ltmp332:
	.p2align	2
.LBB2_60:
	@DEBUG_VALUE: DMA_CalcDMAMUXRequestGenBaseAndMask:request <- $r0
	@DEBUG_VALUE: DMA_CalcDMAMUXRequestGenBaseAndMask:hdma <- $r4
	@DEBUG_VALUE: HAL_DMA_DeInit:hdma <- $r4
	movw	r7, #21632
	movt	r7, #22530
	.loc	2 2028 8                        @ ../Drivers/STM32H7xx_HAL_Driver/Src/stm32h7xx_hal_dma.c:2028:8
	cmp	r1, r7
	beq	.LBB2_63
.Ltmp333:
@ %bb.61:
	@DEBUG_VALUE: DMA_CalcDMAMUXRequestGenBaseAndMask:request <- $r0
	@DEBUG_VALUE: DMA_CalcDMAMUXRequestGenBaseAndMask:hdma <- $r4
	@DEBUG_VALUE: HAL_DMA_DeInit:hdma <- $r4
	.loc	2 0 8                           @ ../Drivers/STM32H7xx_HAL_Driver/Src/stm32h7xx_hal_dma.c:0:8
	movw	r7, #21652
.Ltmp334:
.LBB2_62:
	@DEBUG_VALUE: DMA_CalcDMAMUXRequestGenBaseAndMask:request <- $r0
	@DEBUG_VALUE: DMA_CalcDMAMUXRequestGenBaseAndMask:hdma <- $r4
	@DEBUG_VALUE: HAL_DMA_DeInit:hdma <- $r4
	movt	r7, #22530
	.loc	2 2028 8                        @ ../Drivers/STM32H7xx_HAL_Driver/Src/stm32h7xx_hal_dma.c:2028:8
	cmp	r1, r7
	bne	.LBB2_66
.Ltmp335:
.LBB2_63:
	@DEBUG_VALUE: DMA_CalcDMAMUXRequestGenBaseAndMask:request <- $r0
	@DEBUG_VALUE: DMA_CalcDMAMUXRequestGenBaseAndMask:hdma <- $r4
	@DEBUG_VALUE: HAL_DMA_DeInit:hdma <- $r4
	.loc	2 0 8                           @ ../Drivers/STM32H7xx_HAL_Driver/Src/stm32h7xx_hal_dma.c:0:8
	movs	r1, #1
	movs	r7, #0
	.loc	2 558 36 is_stmt 1              @ ../Drivers/STM32H7xx_HAL_Driver/Src/stm32h7xx_hal_dma.c:558:36
	str.w	r7, [r6, r0, lsl #2]
.Ltmp336:
	.loc	2 2043 44                       @ ../Drivers/STM32H7xx_HAL_Driver/Src/stm32h7xx_hal_dma.c:2043:44
	lsl.w	r0, r1, r3
.Ltmp337:
	.loc	2 561 43                        @ ../Drivers/STM32H7xx_HAL_Driver/Src/stm32h7xx_hal_dma.c:561:43
	str	r0, [r2, #4]
.Ltmp338:
.LBB2_64:
	@DEBUG_VALUE: HAL_DMA_DeInit:hdma <- $r4
	.loc	2 564 28                        @ ../Drivers/STM32H7xx_HAL_Driver/Src/stm32h7xx_hal_dma.c:564:28
	strd	r5, r5, [r4, #108]
	.loc	2 566 38                        @ ../Drivers/STM32H7xx_HAL_Driver/Src/stm32h7xx_hal_dma.c:566:38
	str	r5, [r4, #116]
.Ltmp339:
	.loc	2 571 32                        @ ../Drivers/STM32H7xx_HAL_Driver/Src/stm32h7xx_hal_dma.c:571:32
	strd	r5, r5, [r4, #60]
	strd	r5, r5, [r4, #68]
	strd	r5, r5, [r4, #76]
	.loc	2 579 19                        @ ../Drivers/STM32H7xx_HAL_Driver/Src/stm32h7xx_hal_dma.c:579:19
	str	r5, [r4, #84]
	.loc	2 582 15                        @ ../Drivers/STM32H7xx_HAL_Driver/Src/stm32h7xx_hal_dma.c:582:15
	strb.w	r5, [r4, #53]
.Ltmp340:
	.loc	2 585 3                         @ ../Drivers/STM32H7xx_HAL_Driver/Src/stm32h7xx_hal_dma.c:585:3
	strb.w	r5, [r4, #52]
.Ltmp341:
	.loc	2 588 1                         @ ../Drivers/STM32H7xx_HAL_Driver/Src/stm32h7xx_hal_dma.c:588:1
	mov	r0, r5
	.loc	2 588 1 epilogue_begin is_stmt 0 @ ../Drivers/STM32H7xx_HAL_Driver/Src/stm32h7xx_hal_dma.c:588:1
	add	sp, #4
	pop	{r4, r5, r6, r7, pc}
.Ltmp342:
	.loc	2 0 1                           @ :0:1
.Ltmp343:
	.p2align	2
.LBB2_65:
	@DEBUG_VALUE: DMA_CalcDMAMUXChannelBaseAndMask:stream_baseaddress <- $r1
	@DEBUG_VALUE: DMA_CalcDMAMUXChannelBaseAndMask:hdma <- $r4
	@DEBUG_VALUE: HAL_DMA_DeInit:hdma <- $r4
	.loc	2 2003 61 is_stmt 1             @ ../Drivers/STM32H7xx_HAL_Driver/Src/stm32h7xx_hal_dma.c:2003:61
	and	r0, r1, #248
	movw	r3, #43691
	.loc	2 2003 70 is_stmt 0             @ ../Drivers/STM32H7xx_HAL_Driver/Src/stm32h7xx_hal_dma.c:2003:70
	subs	r0, #16
	movt	r3, #43690
	.loc	2 2003 77                       @ ../Drivers/STM32H7xx_HAL_Driver/Src/stm32h7xx_hal_dma.c:2003:77
	umull	r0, r3, r0, r3
	movw	r0, #1039
	movt	r0, #16386
	mov.w	r12, #8
	lsrs	r7, r3, #4
.Ltmp344:
	@DEBUG_VALUE: DMA_CalcDMAMUXChannelBaseAndMask:stream_number <- $r7
	.loc	2 2005 58 is_stmt 1             @ ../Drivers/STM32H7xx_HAL_Driver/Src/stm32h7xx_hal_dma.c:2005:58
	cmp	r1, r0
	.loc	2 2005 28 is_stmt 0             @ ../Drivers/STM32H7xx_HAL_Driver/Src/stm32h7xx_hal_dma.c:2005:28
	add.w	r5, r0, #170
	.loc	2 2005 58                       @ ../Drivers/STM32H7xx_HAL_Driver/Src/stm32h7xx_hal_dma.c:2005:58
	mov	r0, r7
	it	hi
	addhi.w	r0, r12, r3, lsr #4
	movw	r3, #2048
	cmp	r1, r5
	movt	r3, #16386
	it	hs
	movhs	r0, r7
.Ltmp345:
	@DEBUG_VALUE: DMA_CalcDMAMUXChannelBaseAndMask:stream_number <- $r0
	.loc	2 0 58                          @ ../Drivers/STM32H7xx_HAL_Driver/Src/stm32h7xx_hal_dma.c:0:58
	add.w	r7, r3, #128
	b	.LBB2_50
.Ltmp346:
	.p2align	2
.LBB2_66:
	@DEBUG_VALUE: DMA_CalcDMAMUXRequestGenBaseAndMask:request <- $r0
	@DEBUG_VALUE: DMA_CalcDMAMUXRequestGenBaseAndMask:hdma <- $r4
	@DEBUG_VALUE: HAL_DMA_DeInit:hdma <- $r4
	movw	r1, #2048
	movt	r1, #16386
	add.w	r6, r1, #252
	add.w	r2, r1, #320
	b	.LBB2_63
.Lfunc_end2:
	.size	HAL_DMA_DeInit, .Lfunc_end2-HAL_DMA_DeInit
	.cfi_endproc
	.cantunwind
	.fnend
                                        @ -- End function
	.section	.text.HAL_DMA_Start,"ax",%progbits
	.hidden	HAL_DMA_Start                   @ -- Begin function HAL_DMA_Start
	.globl	HAL_DMA_Start
	.p2align	3
	.type	HAL_DMA_Start,%function
	.code	16                              @ @HAL_DMA_Start
	.thumb_func
HAL_DMA_Start:
.Lfunc_begin3:
	.fnstart
	.cfi_startproc
@ %bb.0:
	@DEBUG_VALUE: HAL_DMA_Start:hdma <- $r0
	@DEBUG_VALUE: HAL_DMA_Start:SrcAddress <- $r1
	@DEBUG_VALUE: HAL_DMA_Start:DstAddress <- $r2
	@DEBUG_VALUE: HAL_DMA_Start:DataLength <- $r3
	@DEBUG_VALUE: HAL_DMA_Start:status <- 0
	.loc	2 630 6 prologue_end is_stmt 1  @ ../Drivers/STM32H7xx_HAL_Driver/Src/stm32h7xx_hal_dma.c:630:6
	cbz	r0, .LBB3_3
.Ltmp347:
@ %bb.1:
	@DEBUG_VALUE: HAL_DMA_Start:status <- 0
	@DEBUG_VALUE: HAL_DMA_Start:DataLength <- $r3
	@DEBUG_VALUE: HAL_DMA_Start:DstAddress <- $r2
	@DEBUG_VALUE: HAL_DMA_Start:SrcAddress <- $r1
	@DEBUG_VALUE: HAL_DMA_Start:hdma <- $r0
	.save	{r4, lr}
	push	{r4, lr}
	.cfi_def_cfa_offset 8
	.cfi_offset lr, -4
	.cfi_offset r4, -8
.Ltmp348:
	.loc	2 636 3                         @ ../Drivers/STM32H7xx_HAL_Driver/Src/stm32h7xx_hal_dma.c:636:3
	ldrb.w	r4, [r0, #52]
.Ltmp349:
	.loc	2 636 3 is_stmt 0               @ ../Drivers/STM32H7xx_HAL_Driver/Src/stm32h7xx_hal_dma.c:636:3
	cmp	r4, #1
	bne	.LBB3_4
.Ltmp350:
@ %bb.2:
	@DEBUG_VALUE: HAL_DMA_Start:status <- 0
	@DEBUG_VALUE: HAL_DMA_Start:DataLength <- $r3
	@DEBUG_VALUE: HAL_DMA_Start:DstAddress <- $r2
	@DEBUG_VALUE: HAL_DMA_Start:SrcAddress <- $r1
	@DEBUG_VALUE: HAL_DMA_Start:hdma <- $r0
	.loc	2 0 3                           @ ../Drivers/STM32H7xx_HAL_Driver/Src/stm32h7xx_hal_dma.c:0:3
	movs	r0, #2
.Ltmp351:
	@DEBUG_VALUE: HAL_DMA_Start:hdma <- [DW_OP_LLVM_entry_value 1] $r0
	pop	{r4, pc}
.Ltmp352:
	.p2align	2
.LBB3_3:
	@DEBUG_VALUE: HAL_DMA_Start:status <- 0
	@DEBUG_VALUE: HAL_DMA_Start:DataLength <- $r3
	@DEBUG_VALUE: HAL_DMA_Start:DstAddress <- $r2
	@DEBUG_VALUE: HAL_DMA_Start:SrcAddress <- $r1
	@DEBUG_VALUE: HAL_DMA_Start:hdma <- $r0
	movs	r0, #1
.Ltmp353:
	@DEBUG_VALUE: HAL_DMA_Start:hdma <- [DW_OP_LLVM_entry_value 1] $r0
	.loc	2 667 1 is_stmt 1               @ ../Drivers/STM32H7xx_HAL_Driver/Src/stm32h7xx_hal_dma.c:667:1
	bx	lr
.Ltmp354:
	.loc	2 0 1 is_stmt 0                 @ :0:1
.Ltmp355:
	.p2align	2
.LBB3_4:
	@DEBUG_VALUE: HAL_DMA_Start:status <- 0
	@DEBUG_VALUE: HAL_DMA_Start:DataLength <- $r3
	@DEBUG_VALUE: HAL_DMA_Start:DstAddress <- $r2
	@DEBUG_VALUE: HAL_DMA_Start:SrcAddress <- $r1
	@DEBUG_VALUE: HAL_DMA_Start:hdma <- $r0
	movs	r4, #1
.Ltmp356:
	.loc	2 636 3 is_stmt 1               @ ../Drivers/STM32H7xx_HAL_Driver/Src/stm32h7xx_hal_dma.c:636:3
	strb.w	r4, [r0, #52]
.Ltmp357:
	.loc	2 638 35                        @ ../Drivers/STM32H7xx_HAL_Driver/Src/stm32h7xx_hal_dma.c:638:35
	ldrb.w	r4, [r0, #53]
.Ltmp358:
	.loc	2 638 6 is_stmt 0               @ ../Drivers/STM32H7xx_HAL_Driver/Src/stm32h7xx_hal_dma.c:638:6
	cmp	r4, #1
	bne	.LBB3_10
.Ltmp359:
@ %bb.5:
	@DEBUG_VALUE: HAL_DMA_Start:status <- 0
	@DEBUG_VALUE: HAL_DMA_Start:DataLength <- $r3
	@DEBUG_VALUE: HAL_DMA_Start:DstAddress <- $r2
	@DEBUG_VALUE: HAL_DMA_Start:SrcAddress <- $r1
	@DEBUG_VALUE: HAL_DMA_Start:hdma <- $r0
	.loc	2 0 6                           @ ../Drivers/STM32H7xx_HAL_Driver/Src/stm32h7xx_hal_dma.c:0:6
	movs	r4, #2
.Ltmp360:
	.loc	2 641 17 is_stmt 1              @ ../Drivers/STM32H7xx_HAL_Driver/Src/stm32h7xx_hal_dma.c:641:17
	strb.w	r4, [r0, #53]
	movs	r4, #0
	.loc	2 644 21                        @ ../Drivers/STM32H7xx_HAL_Driver/Src/stm32h7xx_hal_dma.c:644:21
	str	r4, [r0, #84]
	.loc	2 647 5                         @ ../Drivers/STM32H7xx_HAL_Driver/Src/stm32h7xx_hal_dma.c:647:5
	ldr.w	r12, [r0]
	ldr.w	r4, [r12]
	bic	r4, r4, #1
	str.w	r4, [r12]
	mov	r4, r0
	.loc	2 650 5                         @ ../Drivers/STM32H7xx_HAL_Driver/Src/stm32h7xx_hal_dma.c:650:5
	bl	DMA_SetConfig
.Ltmp361:
	@DEBUG_VALUE: HAL_DMA_Start:DataLength <- [DW_OP_LLVM_entry_value 1] $r3
	@DEBUG_VALUE: HAL_DMA_Start:DstAddress <- [DW_OP_LLVM_entry_value 1] $r2
	@DEBUG_VALUE: HAL_DMA_Start:SrcAddress <- [DW_OP_LLVM_entry_value 1] $r1
	@DEBUG_VALUE: HAL_DMA_Start:hdma <- [DW_OP_LLVM_entry_value 1] $r0
	.loc	2 0 5 is_stmt 0                 @ ../Drivers/STM32H7xx_HAL_Driver/Src/stm32h7xx_hal_dma.c:0:5
	movw	r1, #1039
	.loc	2 653 5 is_stmt 1               @ ../Drivers/STM32H7xx_HAL_Driver/Src/stm32h7xx_hal_dma.c:653:5
	ldr	r0, [r4]
	movt	r1, #16386
	cmp	r0, r1
	bgt	.LBB3_11
.Ltmp362:
@ %bb.6:
	@DEBUG_VALUE: HAL_DMA_Start:DataLength <- [DW_OP_LLVM_entry_value 1] $r3
	@DEBUG_VALUE: HAL_DMA_Start:DstAddress <- [DW_OP_LLVM_entry_value 1] $r2
	@DEBUG_VALUE: HAL_DMA_Start:hdma <- [DW_OP_LLVM_entry_value 1] $r0
	@DEBUG_VALUE: HAL_DMA_Start:SrcAddress <- [DW_OP_LLVM_entry_value 1] $r1
	@DEBUG_VALUE: HAL_DMA_Start:status <- 0
	.loc	2 0 5 is_stmt 0                 @ ../Drivers/STM32H7xx_HAL_Driver/Src/stm32h7xx_hal_dma.c:0:5
	movs	r1, #111
	movt	r1, #16386
	.loc	2 653 5                         @ ../Drivers/STM32H7xx_HAL_Driver/Src/stm32h7xx_hal_dma.c:653:5
	cmp	r0, r1
	bgt	.LBB3_15
.Ltmp363:
@ %bb.7:
	@DEBUG_VALUE: HAL_DMA_Start:DataLength <- [DW_OP_LLVM_entry_value 1] $r3
	@DEBUG_VALUE: HAL_DMA_Start:DstAddress <- [DW_OP_LLVM_entry_value 1] $r2
	@DEBUG_VALUE: HAL_DMA_Start:hdma <- [DW_OP_LLVM_entry_value 1] $r0
	@DEBUG_VALUE: HAL_DMA_Start:SrcAddress <- [DW_OP_LLVM_entry_value 1] $r1
	@DEBUG_VALUE: HAL_DMA_Start:status <- 0
	.loc	2 0 5                           @ ../Drivers/STM32H7xx_HAL_Driver/Src/stm32h7xx_hal_dma.c:0:5
	movs	r1, #63
	movt	r1, #16386
	.loc	2 653 5                         @ ../Drivers/STM32H7xx_HAL_Driver/Src/stm32h7xx_hal_dma.c:653:5
	cmp	r0, r1
	bgt	.LBB3_21
.Ltmp364:
@ %bb.8:
	@DEBUG_VALUE: HAL_DMA_Start:DataLength <- [DW_OP_LLVM_entry_value 1] $r3
	@DEBUG_VALUE: HAL_DMA_Start:DstAddress <- [DW_OP_LLVM_entry_value 1] $r2
	@DEBUG_VALUE: HAL_DMA_Start:hdma <- [DW_OP_LLVM_entry_value 1] $r0
	@DEBUG_VALUE: HAL_DMA_Start:SrcAddress <- [DW_OP_LLVM_entry_value 1] $r1
	@DEBUG_VALUE: HAL_DMA_Start:status <- 0
	.loc	2 0 5                           @ ../Drivers/STM32H7xx_HAL_Driver/Src/stm32h7xx_hal_dma.c:0:5
	movs	r1, #16
	movt	r1, #16386
	.loc	2 653 5                         @ ../Drivers/STM32H7xx_HAL_Driver/Src/stm32h7xx_hal_dma.c:653:5
	cmp	r0, r1
	beq	.LBB3_30
.Ltmp365:
@ %bb.9:
	@DEBUG_VALUE: HAL_DMA_Start:DataLength <- [DW_OP_LLVM_entry_value 1] $r3
	@DEBUG_VALUE: HAL_DMA_Start:DstAddress <- [DW_OP_LLVM_entry_value 1] $r2
	@DEBUG_VALUE: HAL_DMA_Start:hdma <- [DW_OP_LLVM_entry_value 1] $r0
	@DEBUG_VALUE: HAL_DMA_Start:SrcAddress <- [DW_OP_LLVM_entry_value 1] $r1
	@DEBUG_VALUE: HAL_DMA_Start:status <- 0
	.loc	2 0 5                           @ ../Drivers/STM32H7xx_HAL_Driver/Src/stm32h7xx_hal_dma.c:0:5
	movs	r1, #40
	b	.LBB3_29
.Ltmp366:
	.p2align	2
.LBB3_10:
	@DEBUG_VALUE: HAL_DMA_Start:status <- 0
	@DEBUG_VALUE: HAL_DMA_Start:DataLength <- $r3
	@DEBUG_VALUE: HAL_DMA_Start:DstAddress <- $r2
	@DEBUG_VALUE: HAL_DMA_Start:SrcAddress <- $r1
	@DEBUG_VALUE: HAL_DMA_Start:hdma <- $r0
	mov.w	r1, #2048
.Ltmp367:
	@DEBUG_VALUE: HAL_DMA_Start:SrcAddress <- [DW_OP_LLVM_entry_value 1] $r1
	.loc	2 658 21 is_stmt 1              @ ../Drivers/STM32H7xx_HAL_Driver/Src/stm32h7xx_hal_dma.c:658:21
	str	r1, [r0, #84]
	movs	r1, #0
.Ltmp368:
	.loc	2 661 5                         @ ../Drivers/STM32H7xx_HAL_Driver/Src/stm32h7xx_hal_dma.c:661:5
	strb.w	r1, [r0, #52]
	movs	r0, #1
.Ltmp369:
	@DEBUG_VALUE: HAL_DMA_Start:hdma <- [DW_OP_LLVM_entry_value 1] $r0
	@DEBUG_VALUE: HAL_DMA_Start:status <- 1
	.loc	2 0 5 is_stmt 0                 @ ../Drivers/STM32H7xx_HAL_Driver/Src/stm32h7xx_hal_dma.c:0:5
	pop	{r4, pc}
.Ltmp370:
	.p2align	2
.LBB3_11:
	@DEBUG_VALUE: HAL_DMA_Start:DataLength <- [DW_OP_LLVM_entry_value 1] $r3
	@DEBUG_VALUE: HAL_DMA_Start:DstAddress <- [DW_OP_LLVM_entry_value 1] $r2
	@DEBUG_VALUE: HAL_DMA_Start:hdma <- [DW_OP_LLVM_entry_value 1] $r0
	@DEBUG_VALUE: HAL_DMA_Start:SrcAddress <- [DW_OP_LLVM_entry_value 1] $r1
	@DEBUG_VALUE: HAL_DMA_Start:status <- 0
	movw	r1, #1135
	movt	r1, #16386
.Ltmp371:
	.loc	2 653 5 is_stmt 1               @ ../Drivers/STM32H7xx_HAL_Driver/Src/stm32h7xx_hal_dma.c:653:5
	cmp	r0, r1
	bgt	.LBB3_18
.Ltmp372:
@ %bb.12:
	@DEBUG_VALUE: HAL_DMA_Start:DataLength <- [DW_OP_LLVM_entry_value 1] $r3
	@DEBUG_VALUE: HAL_DMA_Start:DstAddress <- [DW_OP_LLVM_entry_value 1] $r2
	@DEBUG_VALUE: HAL_DMA_Start:hdma <- [DW_OP_LLVM_entry_value 1] $r0
	@DEBUG_VALUE: HAL_DMA_Start:SrcAddress <- [DW_OP_LLVM_entry_value 1] $r1
	@DEBUG_VALUE: HAL_DMA_Start:status <- 0
	.loc	2 0 5 is_stmt 0                 @ ../Drivers/STM32H7xx_HAL_Driver/Src/stm32h7xx_hal_dma.c:0:5
	movw	r1, #1087
	movt	r1, #16386
	.loc	2 653 5                         @ ../Drivers/STM32H7xx_HAL_Driver/Src/stm32h7xx_hal_dma.c:653:5
	cmp	r0, r1
	bgt	.LBB3_23
.Ltmp373:
@ %bb.13:
	@DEBUG_VALUE: HAL_DMA_Start:DataLength <- [DW_OP_LLVM_entry_value 1] $r3
	@DEBUG_VALUE: HAL_DMA_Start:DstAddress <- [DW_OP_LLVM_entry_value 1] $r2
	@DEBUG_VALUE: HAL_DMA_Start:hdma <- [DW_OP_LLVM_entry_value 1] $r0
	@DEBUG_VALUE: HAL_DMA_Start:SrcAddress <- [DW_OP_LLVM_entry_value 1] $r1
	@DEBUG_VALUE: HAL_DMA_Start:status <- 0
	.loc	2 0 5                           @ ../Drivers/STM32H7xx_HAL_Driver/Src/stm32h7xx_hal_dma.c:0:5
	movw	r1, #1040
	movt	r1, #16386
	.loc	2 653 5                         @ ../Drivers/STM32H7xx_HAL_Driver/Src/stm32h7xx_hal_dma.c:653:5
	cmp	r0, r1
	beq	.LBB3_30
.Ltmp374:
@ %bb.14:
	@DEBUG_VALUE: HAL_DMA_Start:DataLength <- [DW_OP_LLVM_entry_value 1] $r3
	@DEBUG_VALUE: HAL_DMA_Start:DstAddress <- [DW_OP_LLVM_entry_value 1] $r2
	@DEBUG_VALUE: HAL_DMA_Start:hdma <- [DW_OP_LLVM_entry_value 1] $r0
	@DEBUG_VALUE: HAL_DMA_Start:SrcAddress <- [DW_OP_LLVM_entry_value 1] $r1
	@DEBUG_VALUE: HAL_DMA_Start:status <- 0
	.loc	2 0 5                           @ ../Drivers/STM32H7xx_HAL_Driver/Src/stm32h7xx_hal_dma.c:0:5
	movw	r1, #1064
	b	.LBB3_29
.Ltmp375:
	.p2align	2
.LBB3_15:
	@DEBUG_VALUE: HAL_DMA_Start:DataLength <- [DW_OP_LLVM_entry_value 1] $r3
	@DEBUG_VALUE: HAL_DMA_Start:DstAddress <- [DW_OP_LLVM_entry_value 1] $r2
	@DEBUG_VALUE: HAL_DMA_Start:hdma <- [DW_OP_LLVM_entry_value 1] $r0
	@DEBUG_VALUE: HAL_DMA_Start:SrcAddress <- [DW_OP_LLVM_entry_value 1] $r1
	@DEBUG_VALUE: HAL_DMA_Start:status <- 0
	movs	r1, #159
	movt	r1, #16386
	.loc	2 653 5                         @ ../Drivers/STM32H7xx_HAL_Driver/Src/stm32h7xx_hal_dma.c:653:5
	cmp	r0, r1
	bgt	.LBB3_25
.Ltmp376:
@ %bb.16:
	@DEBUG_VALUE: HAL_DMA_Start:DataLength <- [DW_OP_LLVM_entry_value 1] $r3
	@DEBUG_VALUE: HAL_DMA_Start:DstAddress <- [DW_OP_LLVM_entry_value 1] $r2
	@DEBUG_VALUE: HAL_DMA_Start:hdma <- [DW_OP_LLVM_entry_value 1] $r0
	@DEBUG_VALUE: HAL_DMA_Start:SrcAddress <- [DW_OP_LLVM_entry_value 1] $r1
	@DEBUG_VALUE: HAL_DMA_Start:status <- 0
	.loc	2 0 5                           @ ../Drivers/STM32H7xx_HAL_Driver/Src/stm32h7xx_hal_dma.c:0:5
	movs	r1, #112
	movt	r1, #16386
	.loc	2 653 5                         @ ../Drivers/STM32H7xx_HAL_Driver/Src/stm32h7xx_hal_dma.c:653:5
	cmp	r0, r1
	beq	.LBB3_30
.Ltmp377:
@ %bb.17:
	@DEBUG_VALUE: HAL_DMA_Start:DataLength <- [DW_OP_LLVM_entry_value 1] $r3
	@DEBUG_VALUE: HAL_DMA_Start:DstAddress <- [DW_OP_LLVM_entry_value 1] $r2
	@DEBUG_VALUE: HAL_DMA_Start:hdma <- [DW_OP_LLVM_entry_value 1] $r0
	@DEBUG_VALUE: HAL_DMA_Start:SrcAddress <- [DW_OP_LLVM_entry_value 1] $r1
	@DEBUG_VALUE: HAL_DMA_Start:status <- 0
	.loc	2 0 5                           @ ../Drivers/STM32H7xx_HAL_Driver/Src/stm32h7xx_hal_dma.c:0:5
	movs	r1, #136
	b	.LBB3_29
.Ltmp378:
	.p2align	2
.LBB3_18:
	@DEBUG_VALUE: HAL_DMA_Start:DataLength <- [DW_OP_LLVM_entry_value 1] $r3
	@DEBUG_VALUE: HAL_DMA_Start:DstAddress <- [DW_OP_LLVM_entry_value 1] $r2
	@DEBUG_VALUE: HAL_DMA_Start:hdma <- [DW_OP_LLVM_entry_value 1] $r0
	@DEBUG_VALUE: HAL_DMA_Start:SrcAddress <- [DW_OP_LLVM_entry_value 1] $r1
	@DEBUG_VALUE: HAL_DMA_Start:status <- 0
	movw	r1, #1183
	movt	r1, #16386
	.loc	2 653 5                         @ ../Drivers/STM32H7xx_HAL_Driver/Src/stm32h7xx_hal_dma.c:653:5
	cmp	r0, r1
	bgt	.LBB3_27
.Ltmp379:
@ %bb.19:
	@DEBUG_VALUE: HAL_DMA_Start:DataLength <- [DW_OP_LLVM_entry_value 1] $r3
	@DEBUG_VALUE: HAL_DMA_Start:DstAddress <- [DW_OP_LLVM_entry_value 1] $r2
	@DEBUG_VALUE: HAL_DMA_Start:hdma <- [DW_OP_LLVM_entry_value 1] $r0
	@DEBUG_VALUE: HAL_DMA_Start:SrcAddress <- [DW_OP_LLVM_entry_value 1] $r1
	@DEBUG_VALUE: HAL_DMA_Start:status <- 0
	.loc	2 0 5                           @ ../Drivers/STM32H7xx_HAL_Driver/Src/stm32h7xx_hal_dma.c:0:5
	movw	r1, #1136
	movt	r1, #16386
	.loc	2 653 5                         @ ../Drivers/STM32H7xx_HAL_Driver/Src/stm32h7xx_hal_dma.c:653:5
	cmp	r0, r1
	beq	.LBB3_30
.Ltmp380:
@ %bb.20:
	@DEBUG_VALUE: HAL_DMA_Start:DataLength <- [DW_OP_LLVM_entry_value 1] $r3
	@DEBUG_VALUE: HAL_DMA_Start:DstAddress <- [DW_OP_LLVM_entry_value 1] $r2
	@DEBUG_VALUE: HAL_DMA_Start:hdma <- [DW_OP_LLVM_entry_value 1] $r0
	@DEBUG_VALUE: HAL_DMA_Start:SrcAddress <- [DW_OP_LLVM_entry_value 1] $r1
	@DEBUG_VALUE: HAL_DMA_Start:status <- 0
	.loc	2 0 5                           @ ../Drivers/STM32H7xx_HAL_Driver/Src/stm32h7xx_hal_dma.c:0:5
	movw	r1, #1160
	b	.LBB3_29
.Ltmp381:
	.p2align	2
.LBB3_21:
	@DEBUG_VALUE: HAL_DMA_Start:DataLength <- [DW_OP_LLVM_entry_value 1] $r3
	@DEBUG_VALUE: HAL_DMA_Start:DstAddress <- [DW_OP_LLVM_entry_value 1] $r2
	@DEBUG_VALUE: HAL_DMA_Start:hdma <- [DW_OP_LLVM_entry_value 1] $r0
	@DEBUG_VALUE: HAL_DMA_Start:SrcAddress <- [DW_OP_LLVM_entry_value 1] $r1
	@DEBUG_VALUE: HAL_DMA_Start:status <- 0
	movs	r1, #64
	movt	r1, #16386
	.loc	2 653 5                         @ ../Drivers/STM32H7xx_HAL_Driver/Src/stm32h7xx_hal_dma.c:653:5
	cmp	r0, r1
	beq	.LBB3_30
.Ltmp382:
@ %bb.22:
	@DEBUG_VALUE: HAL_DMA_Start:DataLength <- [DW_OP_LLVM_entry_value 1] $r3
	@DEBUG_VALUE: HAL_DMA_Start:DstAddress <- [DW_OP_LLVM_entry_value 1] $r2
	@DEBUG_VALUE: HAL_DMA_Start:hdma <- [DW_OP_LLVM_entry_value 1] $r0
	@DEBUG_VALUE: HAL_DMA_Start:SrcAddress <- [DW_OP_LLVM_entry_value 1] $r1
	@DEBUG_VALUE: HAL_DMA_Start:status <- 0
	.loc	2 0 5                           @ ../Drivers/STM32H7xx_HAL_Driver/Src/stm32h7xx_hal_dma.c:0:5
	movs	r1, #88
	b	.LBB3_29
.Ltmp383:
	.p2align	2
.LBB3_23:
	@DEBUG_VALUE: HAL_DMA_Start:DataLength <- [DW_OP_LLVM_entry_value 1] $r3
	@DEBUG_VALUE: HAL_DMA_Start:DstAddress <- [DW_OP_LLVM_entry_value 1] $r2
	@DEBUG_VALUE: HAL_DMA_Start:hdma <- [DW_OP_LLVM_entry_value 1] $r0
	@DEBUG_VALUE: HAL_DMA_Start:SrcAddress <- [DW_OP_LLVM_entry_value 1] $r1
	@DEBUG_VALUE: HAL_DMA_Start:status <- 0
	movw	r1, #1088
	movt	r1, #16386
	.loc	2 653 5                         @ ../Drivers/STM32H7xx_HAL_Driver/Src/stm32h7xx_hal_dma.c:653:5
	cmp	r0, r1
	beq	.LBB3_30
.Ltmp384:
@ %bb.24:
	@DEBUG_VALUE: HAL_DMA_Start:DataLength <- [DW_OP_LLVM_entry_value 1] $r3
	@DEBUG_VALUE: HAL_DMA_Start:DstAddress <- [DW_OP_LLVM_entry_value 1] $r2
	@DEBUG_VALUE: HAL_DMA_Start:hdma <- [DW_OP_LLVM_entry_value 1] $r0
	@DEBUG_VALUE: HAL_DMA_Start:SrcAddress <- [DW_OP_LLVM_entry_value 1] $r1
	@DEBUG_VALUE: HAL_DMA_Start:status <- 0
	.loc	2 0 5                           @ ../Drivers/STM32H7xx_HAL_Driver/Src/stm32h7xx_hal_dma.c:0:5
	movw	r1, #1112
	b	.LBB3_29
.Ltmp385:
	.p2align	2
.LBB3_25:
	@DEBUG_VALUE: HAL_DMA_Start:DataLength <- [DW_OP_LLVM_entry_value 1] $r3
	@DEBUG_VALUE: HAL_DMA_Start:DstAddress <- [DW_OP_LLVM_entry_value 1] $r2
	@DEBUG_VALUE: HAL_DMA_Start:hdma <- [DW_OP_LLVM_entry_value 1] $r0
	@DEBUG_VALUE: HAL_DMA_Start:SrcAddress <- [DW_OP_LLVM_entry_value 1] $r1
	@DEBUG_VALUE: HAL_DMA_Start:status <- 0
	movs	r1, #160
	movt	r1, #16386
	.loc	2 653 5                         @ ../Drivers/STM32H7xx_HAL_Driver/Src/stm32h7xx_hal_dma.c:653:5
	cmp	r0, r1
	beq	.LBB3_30
.Ltmp386:
@ %bb.26:
	@DEBUG_VALUE: HAL_DMA_Start:DataLength <- [DW_OP_LLVM_entry_value 1] $r3
	@DEBUG_VALUE: HAL_DMA_Start:DstAddress <- [DW_OP_LLVM_entry_value 1] $r2
	@DEBUG_VALUE: HAL_DMA_Start:hdma <- [DW_OP_LLVM_entry_value 1] $r0
	@DEBUG_VALUE: HAL_DMA_Start:SrcAddress <- [DW_OP_LLVM_entry_value 1] $r1
	@DEBUG_VALUE: HAL_DMA_Start:status <- 0
	.loc	2 0 5                           @ ../Drivers/STM32H7xx_HAL_Driver/Src/stm32h7xx_hal_dma.c:0:5
	movs	r1, #184
	b	.LBB3_29
.Ltmp387:
	.p2align	2
.LBB3_27:
	@DEBUG_VALUE: HAL_DMA_Start:DataLength <- [DW_OP_LLVM_entry_value 1] $r3
	@DEBUG_VALUE: HAL_DMA_Start:DstAddress <- [DW_OP_LLVM_entry_value 1] $r2
	@DEBUG_VALUE: HAL_DMA_Start:hdma <- [DW_OP_LLVM_entry_value 1] $r0
	@DEBUG_VALUE: HAL_DMA_Start:SrcAddress <- [DW_OP_LLVM_entry_value 1] $r1
	@DEBUG_VALUE: HAL_DMA_Start:status <- 0
	movw	r1, #1208
	movt	r1, #16386
	.loc	2 653 5                         @ ../Drivers/STM32H7xx_HAL_Driver/Src/stm32h7xx_hal_dma.c:653:5
	cmp	r0, r1
	beq	.LBB3_30
.Ltmp388:
@ %bb.28:
	@DEBUG_VALUE: HAL_DMA_Start:DataLength <- [DW_OP_LLVM_entry_value 1] $r3
	@DEBUG_VALUE: HAL_DMA_Start:DstAddress <- [DW_OP_LLVM_entry_value 1] $r2
	@DEBUG_VALUE: HAL_DMA_Start:hdma <- [DW_OP_LLVM_entry_value 1] $r0
	@DEBUG_VALUE: HAL_DMA_Start:SrcAddress <- [DW_OP_LLVM_entry_value 1] $r1
	@DEBUG_VALUE: HAL_DMA_Start:status <- 0
	.loc	2 0 5                           @ ../Drivers/STM32H7xx_HAL_Driver/Src/stm32h7xx_hal_dma.c:0:5
	movw	r1, #1184
.Ltmp389:
.LBB3_29:
	@DEBUG_VALUE: HAL_DMA_Start:DataLength <- [DW_OP_LLVM_entry_value 1] $r3
	@DEBUG_VALUE: HAL_DMA_Start:DstAddress <- [DW_OP_LLVM_entry_value 1] $r2
	@DEBUG_VALUE: HAL_DMA_Start:hdma <- [DW_OP_LLVM_entry_value 1] $r0
	@DEBUG_VALUE: HAL_DMA_Start:SrcAddress <- [DW_OP_LLVM_entry_value 1] $r1
	@DEBUG_VALUE: HAL_DMA_Start:status <- 0
	movt	r1, #16386
	.loc	2 653 5                         @ ../Drivers/STM32H7xx_HAL_Driver/Src/stm32h7xx_hal_dma.c:653:5
	cmp	r0, r1
.Ltmp390:
.LBB3_30:
	@DEBUG_VALUE: HAL_DMA_Start:DataLength <- [DW_OP_LLVM_entry_value 1] $r3
	@DEBUG_VALUE: HAL_DMA_Start:DstAddress <- [DW_OP_LLVM_entry_value 1] $r2
	@DEBUG_VALUE: HAL_DMA_Start:hdma <- [DW_OP_LLVM_entry_value 1] $r0
	@DEBUG_VALUE: HAL_DMA_Start:SrcAddress <- [DW_OP_LLVM_entry_value 1] $r1
	@DEBUG_VALUE: HAL_DMA_Start:status <- 0
	ldr	r1, [r0]
	orr	r1, r1, #1
	str	r1, [r0]
	movs	r0, #0
	pop	{r4, pc}
.Ltmp391:
.Lfunc_end3:
	.size	HAL_DMA_Start, .Lfunc_end3-HAL_DMA_Start
	.cfi_endproc
	.cantunwind
	.fnend
                                        @ -- End function
	.section	.text.DMA_SetConfig,"ax",%progbits
	.p2align	3                               @ -- Begin function DMA_SetConfig
	.type	DMA_SetConfig,%function
	.code	16                              @ @DMA_SetConfig
	.thumb_func
DMA_SetConfig:
.Lfunc_begin4:
	.loc	2 1771 0 is_stmt 1              @ ../Drivers/STM32H7xx_HAL_Driver/Src/stm32h7xx_hal_dma.c:1771:0
	.fnstart
	.cfi_startproc
@ %bb.0:
	@DEBUG_VALUE: DMA_SetConfig:hdma <- $r0
	@DEBUG_VALUE: DMA_SetConfig:SrcAddress <- $r1
	@DEBUG_VALUE: DMA_SetConfig:DstAddress <- $r2
	@DEBUG_VALUE: DMA_SetConfig:DataLength <- $r3
	.save	{r4, r5, r6, lr}
	push	{r4, r5, r6, lr}
	.cfi_def_cfa_offset 16
	.cfi_offset lr, -4
	.cfi_offset r6, -8
	.cfi_offset r5, -12
	.cfi_offset r4, -16
	movw	r4, #1135
.Ltmp392:
	.loc	2 1776 6 prologue_end           @ ../Drivers/STM32H7xx_HAL_Driver/Src/stm32h7xx_hal_dma.c:1776:6
	ldr.w	r12, [r0]
	movt	r4, #16386
.Ltmp393:
	.loc	2 1773 64                       @ ../Drivers/STM32H7xx_HAL_Driver/Src/stm32h7xx_hal_dma.c:1773:64
	ldr.w	lr, [r0, #88]
.Ltmp394:
	@DEBUG_VALUE: DMA_SetConfig:regs_bdma <- $lr
	@DEBUG_VALUE: DMA_SetConfig:regs_dma <- $lr
	.loc	2 1776 6                        @ ../Drivers/STM32H7xx_HAL_Driver/Src/stm32h7xx_hal_dma.c:1776:6
	cmp	r12, r4
	bgt	.LBB4_6
.Ltmp395:
@ %bb.1:
	@DEBUG_VALUE: DMA_SetConfig:regs_dma <- $lr
	@DEBUG_VALUE: DMA_SetConfig:regs_bdma <- $lr
	@DEBUG_VALUE: DMA_SetConfig:DataLength <- $r3
	@DEBUG_VALUE: DMA_SetConfig:DstAddress <- $r2
	@DEBUG_VALUE: DMA_SetConfig:SrcAddress <- $r1
	@DEBUG_VALUE: DMA_SetConfig:hdma <- $r0
	.loc	2 0 6 is_stmt 0                 @ ../Drivers/STM32H7xx_HAL_Driver/Src/stm32h7xx_hal_dma.c:0:6
	movs	r5, #159
	movt	r5, #16386
	.loc	2 1776 6                        @ ../Drivers/STM32H7xx_HAL_Driver/Src/stm32h7xx_hal_dma.c:1776:6
	cmp	r12, r5
	bgt	.LBB4_11
.Ltmp396:
@ %bb.2:
	@DEBUG_VALUE: DMA_SetConfig:regs_dma <- $lr
	@DEBUG_VALUE: DMA_SetConfig:regs_bdma <- $lr
	@DEBUG_VALUE: DMA_SetConfig:DataLength <- $r3
	@DEBUG_VALUE: DMA_SetConfig:DstAddress <- $r2
	@DEBUG_VALUE: DMA_SetConfig:SrcAddress <- $r1
	@DEBUG_VALUE: DMA_SetConfig:hdma <- $r0
	.loc	2 0 6                           @ ../Drivers/STM32H7xx_HAL_Driver/Src/stm32h7xx_hal_dma.c:0:6
	movs	r5, #87
	movt	r5, #16386
	.loc	2 1776 6                        @ ../Drivers/STM32H7xx_HAL_Driver/Src/stm32h7xx_hal_dma.c:1776:6
	cmp	r12, r5
	bgt	.LBB4_19
.Ltmp397:
@ %bb.3:
	@DEBUG_VALUE: DMA_SetConfig:regs_dma <- $lr
	@DEBUG_VALUE: DMA_SetConfig:regs_bdma <- $lr
	@DEBUG_VALUE: DMA_SetConfig:DataLength <- $r3
	@DEBUG_VALUE: DMA_SetConfig:DstAddress <- $r2
	@DEBUG_VALUE: DMA_SetConfig:SrcAddress <- $r1
	@DEBUG_VALUE: DMA_SetConfig:hdma <- $r0
	.loc	2 0 6                           @ ../Drivers/STM32H7xx_HAL_Driver/Src/stm32h7xx_hal_dma.c:0:6
	movs	r5, #16
	movt	r5, #16386
	.loc	2 1776 6                        @ ../Drivers/STM32H7xx_HAL_Driver/Src/stm32h7xx_hal_dma.c:1776:6
	cmp	r12, r5
	beq.w	.LBB4_33
.Ltmp398:
@ %bb.4:
	@DEBUG_VALUE: DMA_SetConfig:regs_dma <- $lr
	@DEBUG_VALUE: DMA_SetConfig:regs_bdma <- $lr
	@DEBUG_VALUE: DMA_SetConfig:DataLength <- $r3
	@DEBUG_VALUE: DMA_SetConfig:DstAddress <- $r2
	@DEBUG_VALUE: DMA_SetConfig:SrcAddress <- $r1
	@DEBUG_VALUE: DMA_SetConfig:hdma <- $r0
	.loc	2 0 6                           @ ../Drivers/STM32H7xx_HAL_Driver/Src/stm32h7xx_hal_dma.c:0:6
	movs	r5, #40
	movt	r5, #16386
	.loc	2 1776 6                        @ ../Drivers/STM32H7xx_HAL_Driver/Src/stm32h7xx_hal_dma.c:1776:6
	cmp	r12, r5
	beq.w	.LBB4_33
.Ltmp399:
@ %bb.5:
	@DEBUG_VALUE: DMA_SetConfig:regs_dma <- $lr
	@DEBUG_VALUE: DMA_SetConfig:regs_bdma <- $lr
	@DEBUG_VALUE: DMA_SetConfig:DataLength <- $r3
	@DEBUG_VALUE: DMA_SetConfig:DstAddress <- $r2
	@DEBUG_VALUE: DMA_SetConfig:SrcAddress <- $r1
	@DEBUG_VALUE: DMA_SetConfig:hdma <- $r0
	.loc	2 0 6                           @ ../Drivers/STM32H7xx_HAL_Driver/Src/stm32h7xx_hal_dma.c:0:6
	movs	r5, #64
	movt	r5, #16386
	.loc	2 1776 6                        @ ../Drivers/STM32H7xx_HAL_Driver/Src/stm32h7xx_hal_dma.c:1776:6
	b	.LBB4_32
.Ltmp400:
	.loc	2 0 6                           @ :0:6
.Ltmp401:
	.p2align	2
.LBB4_6:
	@DEBUG_VALUE: DMA_SetConfig:regs_dma <- $lr
	@DEBUG_VALUE: DMA_SetConfig:regs_bdma <- $lr
	@DEBUG_VALUE: DMA_SetConfig:DataLength <- $r3
	@DEBUG_VALUE: DMA_SetConfig:DstAddress <- $r2
	@DEBUG_VALUE: DMA_SetConfig:SrcAddress <- $r1
	@DEBUG_VALUE: DMA_SetConfig:hdma <- $r0
	movw	r5, #21551
	movt	r5, #22530
	.loc	2 1776 6                        @ ../Drivers/STM32H7xx_HAL_Driver/Src/stm32h7xx_hal_dma.c:1776:6
	cmp	r12, r5
	bgt	.LBB4_15
.Ltmp402:
@ %bb.7:
	@DEBUG_VALUE: DMA_SetConfig:regs_dma <- $lr
	@DEBUG_VALUE: DMA_SetConfig:regs_bdma <- $lr
	@DEBUG_VALUE: DMA_SetConfig:DataLength <- $r3
	@DEBUG_VALUE: DMA_SetConfig:DstAddress <- $r2
	@DEBUG_VALUE: DMA_SetConfig:SrcAddress <- $r1
	@DEBUG_VALUE: DMA_SetConfig:hdma <- $r0
	.loc	2 0 6                           @ ../Drivers/STM32H7xx_HAL_Driver/Src/stm32h7xx_hal_dma.c:0:6
	movw	r5, #1207
	movt	r5, #16386
	.loc	2 1776 6                        @ ../Drivers/STM32H7xx_HAL_Driver/Src/stm32h7xx_hal_dma.c:1776:6
	cmp	r12, r5
	bgt	.LBB4_22
.Ltmp403:
@ %bb.8:
	@DEBUG_VALUE: DMA_SetConfig:regs_dma <- $lr
	@DEBUG_VALUE: DMA_SetConfig:regs_bdma <- $lr
	@DEBUG_VALUE: DMA_SetConfig:DataLength <- $r3
	@DEBUG_VALUE: DMA_SetConfig:DstAddress <- $r2
	@DEBUG_VALUE: DMA_SetConfig:SrcAddress <- $r1
	@DEBUG_VALUE: DMA_SetConfig:hdma <- $r0
	.loc	2 0 6                           @ ../Drivers/STM32H7xx_HAL_Driver/Src/stm32h7xx_hal_dma.c:0:6
	movw	r5, #1136
	movt	r5, #16386
	.loc	2 1776 6                        @ ../Drivers/STM32H7xx_HAL_Driver/Src/stm32h7xx_hal_dma.c:1776:6
	cmp	r12, r5
	beq	.LBB4_33
.Ltmp404:
@ %bb.9:
	@DEBUG_VALUE: DMA_SetConfig:regs_dma <- $lr
	@DEBUG_VALUE: DMA_SetConfig:regs_bdma <- $lr
	@DEBUG_VALUE: DMA_SetConfig:DataLength <- $r3
	@DEBUG_VALUE: DMA_SetConfig:DstAddress <- $r2
	@DEBUG_VALUE: DMA_SetConfig:SrcAddress <- $r1
	@DEBUG_VALUE: DMA_SetConfig:hdma <- $r0
	.loc	2 0 6                           @ ../Drivers/STM32H7xx_HAL_Driver/Src/stm32h7xx_hal_dma.c:0:6
	movw	r5, #1160
	movt	r5, #16386
	.loc	2 1776 6                        @ ../Drivers/STM32H7xx_HAL_Driver/Src/stm32h7xx_hal_dma.c:1776:6
	cmp	r12, r5
	beq	.LBB4_33
.Ltmp405:
@ %bb.10:
	@DEBUG_VALUE: DMA_SetConfig:regs_dma <- $lr
	@DEBUG_VALUE: DMA_SetConfig:regs_bdma <- $lr
	@DEBUG_VALUE: DMA_SetConfig:DataLength <- $r3
	@DEBUG_VALUE: DMA_SetConfig:DstAddress <- $r2
	@DEBUG_VALUE: DMA_SetConfig:SrcAddress <- $r1
	@DEBUG_VALUE: DMA_SetConfig:hdma <- $r0
	.loc	2 0 6                           @ ../Drivers/STM32H7xx_HAL_Driver/Src/stm32h7xx_hal_dma.c:0:6
	movw	r5, #1184
	movt	r5, #16386
	.loc	2 1776 6                        @ ../Drivers/STM32H7xx_HAL_Driver/Src/stm32h7xx_hal_dma.c:1776:6
	b	.LBB4_32
.Ltmp406:
	.loc	2 0 6                           @ :0:6
.Ltmp407:
	.p2align	2
.LBB4_11:
	@DEBUG_VALUE: DMA_SetConfig:regs_dma <- $lr
	@DEBUG_VALUE: DMA_SetConfig:regs_bdma <- $lr
	@DEBUG_VALUE: DMA_SetConfig:DataLength <- $r3
	@DEBUG_VALUE: DMA_SetConfig:DstAddress <- $r2
	@DEBUG_VALUE: DMA_SetConfig:SrcAddress <- $r1
	@DEBUG_VALUE: DMA_SetConfig:hdma <- $r0
	movw	r5, #1063
	movt	r5, #16386
	.loc	2 1776 6                        @ ../Drivers/STM32H7xx_HAL_Driver/Src/stm32h7xx_hal_dma.c:1776:6
	cmp	r12, r5
	bgt	.LBB4_25
.Ltmp408:
@ %bb.12:
	@DEBUG_VALUE: DMA_SetConfig:regs_dma <- $lr
	@DEBUG_VALUE: DMA_SetConfig:regs_bdma <- $lr
	@DEBUG_VALUE: DMA_SetConfig:DataLength <- $r3
	@DEBUG_VALUE: DMA_SetConfig:DstAddress <- $r2
	@DEBUG_VALUE: DMA_SetConfig:SrcAddress <- $r1
	@DEBUG_VALUE: DMA_SetConfig:hdma <- $r0
	.loc	2 0 6                           @ ../Drivers/STM32H7xx_HAL_Driver/Src/stm32h7xx_hal_dma.c:0:6
	movs	r5, #160
	movt	r5, #16386
	.loc	2 1776 6                        @ ../Drivers/STM32H7xx_HAL_Driver/Src/stm32h7xx_hal_dma.c:1776:6
	cmp	r12, r5
	beq	.LBB4_33
.Ltmp409:
@ %bb.13:
	@DEBUG_VALUE: DMA_SetConfig:regs_dma <- $lr
	@DEBUG_VALUE: DMA_SetConfig:regs_bdma <- $lr
	@DEBUG_VALUE: DMA_SetConfig:DataLength <- $r3
	@DEBUG_VALUE: DMA_SetConfig:DstAddress <- $r2
	@DEBUG_VALUE: DMA_SetConfig:SrcAddress <- $r1
	@DEBUG_VALUE: DMA_SetConfig:hdma <- $r0
	.loc	2 0 6                           @ ../Drivers/STM32H7xx_HAL_Driver/Src/stm32h7xx_hal_dma.c:0:6
	movs	r5, #184
	movt	r5, #16386
	.loc	2 1776 6                        @ ../Drivers/STM32H7xx_HAL_Driver/Src/stm32h7xx_hal_dma.c:1776:6
	cmp	r12, r5
	beq	.LBB4_33
.Ltmp410:
@ %bb.14:
	@DEBUG_VALUE: DMA_SetConfig:regs_dma <- $lr
	@DEBUG_VALUE: DMA_SetConfig:regs_bdma <- $lr
	@DEBUG_VALUE: DMA_SetConfig:DataLength <- $r3
	@DEBUG_VALUE: DMA_SetConfig:DstAddress <- $r2
	@DEBUG_VALUE: DMA_SetConfig:SrcAddress <- $r1
	@DEBUG_VALUE: DMA_SetConfig:hdma <- $r0
	.loc	2 0 6                           @ ../Drivers/STM32H7xx_HAL_Driver/Src/stm32h7xx_hal_dma.c:0:6
	movw	r5, #1040
	movt	r5, #16386
	.loc	2 1776 6                        @ ../Drivers/STM32H7xx_HAL_Driver/Src/stm32h7xx_hal_dma.c:1776:6
	b	.LBB4_32
.Ltmp411:
	.loc	2 0 6                           @ :0:6
.Ltmp412:
	.p2align	2
.LBB4_15:
	@DEBUG_VALUE: DMA_SetConfig:regs_dma <- $lr
	@DEBUG_VALUE: DMA_SetConfig:regs_bdma <- $lr
	@DEBUG_VALUE: DMA_SetConfig:DataLength <- $r3
	@DEBUG_VALUE: DMA_SetConfig:DstAddress <- $r2
	@DEBUG_VALUE: DMA_SetConfig:SrcAddress <- $r1
	@DEBUG_VALUE: DMA_SetConfig:hdma <- $r0
	movw	r5, #21611
	movt	r5, #22530
	.loc	2 1776 6                        @ ../Drivers/STM32H7xx_HAL_Driver/Src/stm32h7xx_hal_dma.c:1776:6
	cmp	r12, r5
	bgt	.LBB4_28
.Ltmp413:
@ %bb.16:
	@DEBUG_VALUE: DMA_SetConfig:regs_dma <- $lr
	@DEBUG_VALUE: DMA_SetConfig:regs_bdma <- $lr
	@DEBUG_VALUE: DMA_SetConfig:DataLength <- $r3
	@DEBUG_VALUE: DMA_SetConfig:DstAddress <- $r2
	@DEBUG_VALUE: DMA_SetConfig:SrcAddress <- $r1
	@DEBUG_VALUE: DMA_SetConfig:hdma <- $r0
	.loc	2 0 6                           @ ../Drivers/STM32H7xx_HAL_Driver/Src/stm32h7xx_hal_dma.c:0:6
	movw	r5, #21552
	movt	r5, #22530
	.loc	2 1776 6                        @ ../Drivers/STM32H7xx_HAL_Driver/Src/stm32h7xx_hal_dma.c:1776:6
	cmp	r12, r5
	beq	.LBB4_33
.Ltmp414:
@ %bb.17:
	@DEBUG_VALUE: DMA_SetConfig:regs_dma <- $lr
	@DEBUG_VALUE: DMA_SetConfig:regs_bdma <- $lr
	@DEBUG_VALUE: DMA_SetConfig:DataLength <- $r3
	@DEBUG_VALUE: DMA_SetConfig:DstAddress <- $r2
	@DEBUG_VALUE: DMA_SetConfig:SrcAddress <- $r1
	@DEBUG_VALUE: DMA_SetConfig:hdma <- $r0
	.loc	2 0 6                           @ ../Drivers/STM32H7xx_HAL_Driver/Src/stm32h7xx_hal_dma.c:0:6
	movw	r5, #21572
	movt	r5, #22530
	.loc	2 1776 6                        @ ../Drivers/STM32H7xx_HAL_Driver/Src/stm32h7xx_hal_dma.c:1776:6
	cmp	r12, r5
	beq	.LBB4_33
.Ltmp415:
@ %bb.18:
	@DEBUG_VALUE: DMA_SetConfig:regs_dma <- $lr
	@DEBUG_VALUE: DMA_SetConfig:regs_bdma <- $lr
	@DEBUG_VALUE: DMA_SetConfig:DataLength <- $r3
	@DEBUG_VALUE: DMA_SetConfig:DstAddress <- $r2
	@DEBUG_VALUE: DMA_SetConfig:SrcAddress <- $r1
	@DEBUG_VALUE: DMA_SetConfig:hdma <- $r0
	.loc	2 0 6                           @ ../Drivers/STM32H7xx_HAL_Driver/Src/stm32h7xx_hal_dma.c:0:6
	movw	r5, #21592
	b	.LBB4_31
.Ltmp416:
	.p2align	2
.LBB4_19:
	@DEBUG_VALUE: DMA_SetConfig:regs_dma <- $lr
	@DEBUG_VALUE: DMA_SetConfig:regs_bdma <- $lr
	@DEBUG_VALUE: DMA_SetConfig:DataLength <- $r3
	@DEBUG_VALUE: DMA_SetConfig:DstAddress <- $r2
	@DEBUG_VALUE: DMA_SetConfig:SrcAddress <- $r1
	@DEBUG_VALUE: DMA_SetConfig:hdma <- $r0
	movs	r5, #88
	movt	r5, #16386
	.loc	2 1776 6                        @ ../Drivers/STM32H7xx_HAL_Driver/Src/stm32h7xx_hal_dma.c:1776:6
	cmp	r12, r5
	beq	.LBB4_33
.Ltmp417:
@ %bb.20:
	@DEBUG_VALUE: DMA_SetConfig:regs_dma <- $lr
	@DEBUG_VALUE: DMA_SetConfig:regs_bdma <- $lr
	@DEBUG_VALUE: DMA_SetConfig:DataLength <- $r3
	@DEBUG_VALUE: DMA_SetConfig:DstAddress <- $r2
	@DEBUG_VALUE: DMA_SetConfig:SrcAddress <- $r1
	@DEBUG_VALUE: DMA_SetConfig:hdma <- $r0
	.loc	2 0 6                           @ ../Drivers/STM32H7xx_HAL_Driver/Src/stm32h7xx_hal_dma.c:0:6
	movs	r5, #112
	movt	r5, #16386
	.loc	2 1776 6                        @ ../Drivers/STM32H7xx_HAL_Driver/Src/stm32h7xx_hal_dma.c:1776:6
	cmp	r12, r5
	beq	.LBB4_33
.Ltmp418:
@ %bb.21:
	@DEBUG_VALUE: DMA_SetConfig:regs_dma <- $lr
	@DEBUG_VALUE: DMA_SetConfig:regs_bdma <- $lr
	@DEBUG_VALUE: DMA_SetConfig:DataLength <- $r3
	@DEBUG_VALUE: DMA_SetConfig:DstAddress <- $r2
	@DEBUG_VALUE: DMA_SetConfig:SrcAddress <- $r1
	@DEBUG_VALUE: DMA_SetConfig:hdma <- $r0
	.loc	2 0 6                           @ ../Drivers/STM32H7xx_HAL_Driver/Src/stm32h7xx_hal_dma.c:0:6
	movs	r5, #136
	movt	r5, #16386
	.loc	2 1776 6                        @ ../Drivers/STM32H7xx_HAL_Driver/Src/stm32h7xx_hal_dma.c:1776:6
	b	.LBB4_32
.Ltmp419:
	.loc	2 0 6                           @ :0:6
.Ltmp420:
	.p2align	2
.LBB4_22:
	@DEBUG_VALUE: DMA_SetConfig:regs_dma <- $lr
	@DEBUG_VALUE: DMA_SetConfig:regs_bdma <- $lr
	@DEBUG_VALUE: DMA_SetConfig:DataLength <- $r3
	@DEBUG_VALUE: DMA_SetConfig:DstAddress <- $r2
	@DEBUG_VALUE: DMA_SetConfig:SrcAddress <- $r1
	@DEBUG_VALUE: DMA_SetConfig:hdma <- $r0
	movw	r5, #1208
	movt	r5, #16386
	.loc	2 1776 6                        @ ../Drivers/STM32H7xx_HAL_Driver/Src/stm32h7xx_hal_dma.c:1776:6
	cmp	r12, r5
	beq	.LBB4_33
.Ltmp421:
@ %bb.23:
	@DEBUG_VALUE: DMA_SetConfig:regs_dma <- $lr
	@DEBUG_VALUE: DMA_SetConfig:regs_bdma <- $lr
	@DEBUG_VALUE: DMA_SetConfig:DataLength <- $r3
	@DEBUG_VALUE: DMA_SetConfig:DstAddress <- $r2
	@DEBUG_VALUE: DMA_SetConfig:SrcAddress <- $r1
	@DEBUG_VALUE: DMA_SetConfig:hdma <- $r0
	.loc	2 0 6                           @ ../Drivers/STM32H7xx_HAL_Driver/Src/stm32h7xx_hal_dma.c:0:6
	movw	r5, #21512
	movt	r5, #22530
	.loc	2 1776 6                        @ ../Drivers/STM32H7xx_HAL_Driver/Src/stm32h7xx_hal_dma.c:1776:6
	cmp	r12, r5
	beq	.LBB4_33
.Ltmp422:
@ %bb.24:
	@DEBUG_VALUE: DMA_SetConfig:regs_dma <- $lr
	@DEBUG_VALUE: DMA_SetConfig:regs_bdma <- $lr
	@DEBUG_VALUE: DMA_SetConfig:DataLength <- $r3
	@DEBUG_VALUE: DMA_SetConfig:DstAddress <- $r2
	@DEBUG_VALUE: DMA_SetConfig:SrcAddress <- $r1
	@DEBUG_VALUE: DMA_SetConfig:hdma <- $r0
	.loc	2 0 6                           @ ../Drivers/STM32H7xx_HAL_Driver/Src/stm32h7xx_hal_dma.c:0:6
	movw	r5, #21532
	b	.LBB4_31
.Ltmp423:
	.p2align	2
.LBB4_25:
	@DEBUG_VALUE: DMA_SetConfig:regs_dma <- $lr
	@DEBUG_VALUE: DMA_SetConfig:regs_bdma <- $lr
	@DEBUG_VALUE: DMA_SetConfig:DataLength <- $r3
	@DEBUG_VALUE: DMA_SetConfig:DstAddress <- $r2
	@DEBUG_VALUE: DMA_SetConfig:SrcAddress <- $r1
	@DEBUG_VALUE: DMA_SetConfig:hdma <- $r0
	movw	r5, #1064
	movt	r5, #16386
	.loc	2 1776 6                        @ ../Drivers/STM32H7xx_HAL_Driver/Src/stm32h7xx_hal_dma.c:1776:6
	cmp	r12, r5
	beq	.LBB4_33
.Ltmp424:
@ %bb.26:
	@DEBUG_VALUE: DMA_SetConfig:regs_dma <- $lr
	@DEBUG_VALUE: DMA_SetConfig:regs_bdma <- $lr
	@DEBUG_VALUE: DMA_SetConfig:DataLength <- $r3
	@DEBUG_VALUE: DMA_SetConfig:DstAddress <- $r2
	@DEBUG_VALUE: DMA_SetConfig:SrcAddress <- $r1
	@DEBUG_VALUE: DMA_SetConfig:hdma <- $r0
	.loc	2 0 6                           @ ../Drivers/STM32H7xx_HAL_Driver/Src/stm32h7xx_hal_dma.c:0:6
	movw	r5, #1088
	movt	r5, #16386
	.loc	2 1776 6                        @ ../Drivers/STM32H7xx_HAL_Driver/Src/stm32h7xx_hal_dma.c:1776:6
	cmp	r12, r5
	beq	.LBB4_33
.Ltmp425:
@ %bb.27:
	@DEBUG_VALUE: DMA_SetConfig:regs_dma <- $lr
	@DEBUG_VALUE: DMA_SetConfig:regs_bdma <- $lr
	@DEBUG_VALUE: DMA_SetConfig:DataLength <- $r3
	@DEBUG_VALUE: DMA_SetConfig:DstAddress <- $r2
	@DEBUG_VALUE: DMA_SetConfig:SrcAddress <- $r1
	@DEBUG_VALUE: DMA_SetConfig:hdma <- $r0
	.loc	2 0 6                           @ ../Drivers/STM32H7xx_HAL_Driver/Src/stm32h7xx_hal_dma.c:0:6
	movw	r5, #1112
	movt	r5, #16386
	.loc	2 1776 6                        @ ../Drivers/STM32H7xx_HAL_Driver/Src/stm32h7xx_hal_dma.c:1776:6
	b	.LBB4_32
.Ltmp426:
	.loc	2 0 6                           @ :0:6
.Ltmp427:
	.p2align	2
.LBB4_28:
	@DEBUG_VALUE: DMA_SetConfig:regs_dma <- $lr
	@DEBUG_VALUE: DMA_SetConfig:regs_bdma <- $lr
	@DEBUG_VALUE: DMA_SetConfig:DataLength <- $r3
	@DEBUG_VALUE: DMA_SetConfig:DstAddress <- $r2
	@DEBUG_VALUE: DMA_SetConfig:SrcAddress <- $r1
	@DEBUG_VALUE: DMA_SetConfig:hdma <- $r0
	movw	r5, #21612
	movt	r5, #22530
	.loc	2 1776 6                        @ ../Drivers/STM32H7xx_HAL_Driver/Src/stm32h7xx_hal_dma.c:1776:6
	cmp	r12, r5
	beq	.LBB4_33
.Ltmp428:
@ %bb.29:
	@DEBUG_VALUE: DMA_SetConfig:regs_dma <- $lr
	@DEBUG_VALUE: DMA_SetConfig:regs_bdma <- $lr
	@DEBUG_VALUE: DMA_SetConfig:DataLength <- $r3
	@DEBUG_VALUE: DMA_SetConfig:DstAddress <- $r2
	@DEBUG_VALUE: DMA_SetConfig:SrcAddress <- $r1
	@DEBUG_VALUE: DMA_SetConfig:hdma <- $r0
	.loc	2 0 6                           @ ../Drivers/STM32H7xx_HAL_Driver/Src/stm32h7xx_hal_dma.c:0:6
	movw	r5, #21652
	movt	r5, #22530
	.loc	2 1776 6                        @ ../Drivers/STM32H7xx_HAL_Driver/Src/stm32h7xx_hal_dma.c:1776:6
	cmp	r12, r5
	beq	.LBB4_33
.Ltmp429:
@ %bb.30:
	@DEBUG_VALUE: DMA_SetConfig:regs_dma <- $lr
	@DEBUG_VALUE: DMA_SetConfig:regs_bdma <- $lr
	@DEBUG_VALUE: DMA_SetConfig:DataLength <- $r3
	@DEBUG_VALUE: DMA_SetConfig:DstAddress <- $r2
	@DEBUG_VALUE: DMA_SetConfig:SrcAddress <- $r1
	@DEBUG_VALUE: DMA_SetConfig:hdma <- $r0
	.loc	2 0 6                           @ ../Drivers/STM32H7xx_HAL_Driver/Src/stm32h7xx_hal_dma.c:0:6
	movw	r5, #21632
.Ltmp430:
.LBB4_31:
	@DEBUG_VALUE: DMA_SetConfig:regs_dma <- $lr
	@DEBUG_VALUE: DMA_SetConfig:regs_bdma <- $lr
	@DEBUG_VALUE: DMA_SetConfig:DataLength <- $r3
	@DEBUG_VALUE: DMA_SetConfig:DstAddress <- $r2
	@DEBUG_VALUE: DMA_SetConfig:SrcAddress <- $r1
	@DEBUG_VALUE: DMA_SetConfig:hdma <- $r0
	movt	r5, #22530
.Ltmp431:
.LBB4_32:
	@DEBUG_VALUE: DMA_SetConfig:regs_dma <- $lr
	@DEBUG_VALUE: DMA_SetConfig:regs_bdma <- $lr
	@DEBUG_VALUE: DMA_SetConfig:DataLength <- $r3
	@DEBUG_VALUE: DMA_SetConfig:DstAddress <- $r2
	@DEBUG_VALUE: DMA_SetConfig:SrcAddress <- $r1
	@DEBUG_VALUE: DMA_SetConfig:hdma <- $r0
	.loc	2 1776 6                        @ ../Drivers/STM32H7xx_HAL_Driver/Src/stm32h7xx_hal_dma.c:1776:6
	cmp	r12, r5
	bne.w	.LBB4_70
.Ltmp432:
.LBB4_33:
	@DEBUG_VALUE: DMA_SetConfig:regs_dma <- $lr
	@DEBUG_VALUE: DMA_SetConfig:regs_bdma <- $lr
	@DEBUG_VALUE: DMA_SetConfig:DataLength <- $r3
	@DEBUG_VALUE: DMA_SetConfig:DstAddress <- $r2
	@DEBUG_VALUE: DMA_SetConfig:SrcAddress <- $r1
	@DEBUG_VALUE: DMA_SetConfig:hdma <- $r0
	.loc	2 1779 11 is_stmt 1             @ ../Drivers/STM32H7xx_HAL_Driver/Src/stm32h7xx_hal_dma.c:1779:11
	ldr	r5, [r0, #100]
.Ltmp433:
	.loc	2 1781 14                       @ ../Drivers/STM32H7xx_HAL_Driver/Src/stm32h7xx_hal_dma.c:1781:14
	ldr	r6, [r0, #108]
.Ltmp434:
	.loc	2 1781 8 is_stmt 0              @ ../Drivers/STM32H7xx_HAL_Driver/Src/stm32h7xx_hal_dma.c:1781:8
	cmp	r6, #0
	.loc	2 1779 44 is_stmt 1             @ ../Drivers/STM32H7xx_HAL_Driver/Src/stm32h7xx_hal_dma.c:1779:44
	ldr	r6, [r0, #104]
	.loc	2 1779 36 is_stmt 0             @ ../Drivers/STM32H7xx_HAL_Driver/Src/stm32h7xx_hal_dma.c:1779:36
	str	r6, [r5, #4]
.Ltmp435:
	.loc	2 1784 13 is_stmt 1             @ ../Drivers/STM32H7xx_HAL_Driver/Src/stm32h7xx_hal_dma.c:1784:13
	itt	ne
	ldrdne	r5, r6, [r0, #112]
	.loc	2 1784 43 is_stmt 0             @ ../Drivers/STM32H7xx_HAL_Driver/Src/stm32h7xx_hal_dma.c:1784:43
	strne	r6, [r5, #4]
.Ltmp436:
	.loc	2 1788 6 is_stmt 1              @ ../Drivers/STM32H7xx_HAL_Driver/Src/stm32h7xx_hal_dma.c:1788:6
	cmp	r12, r4
	bgt	.LBB4_39
.Ltmp437:
@ %bb.34:
	@DEBUG_VALUE: DMA_SetConfig:regs_dma <- $lr
	@DEBUG_VALUE: DMA_SetConfig:regs_bdma <- $lr
	@DEBUG_VALUE: DMA_SetConfig:DataLength <- $r3
	@DEBUG_VALUE: DMA_SetConfig:DstAddress <- $r2
	@DEBUG_VALUE: DMA_SetConfig:SrcAddress <- $r1
	@DEBUG_VALUE: DMA_SetConfig:hdma <- $r0
	.loc	2 0 6 is_stmt 0                 @ ../Drivers/STM32H7xx_HAL_Driver/Src/stm32h7xx_hal_dma.c:0:6
	movs	r4, #159
	movt	r4, #16386
	.loc	2 1788 6                        @ ../Drivers/STM32H7xx_HAL_Driver/Src/stm32h7xx_hal_dma.c:1788:6
	cmp	r12, r4
	bgt	.LBB4_44
.Ltmp438:
@ %bb.35:
	@DEBUG_VALUE: DMA_SetConfig:regs_dma <- $lr
	@DEBUG_VALUE: DMA_SetConfig:regs_bdma <- $lr
	@DEBUG_VALUE: DMA_SetConfig:DataLength <- $r3
	@DEBUG_VALUE: DMA_SetConfig:DstAddress <- $r2
	@DEBUG_VALUE: DMA_SetConfig:SrcAddress <- $r1
	@DEBUG_VALUE: DMA_SetConfig:hdma <- $r0
	.loc	2 0 6                           @ ../Drivers/STM32H7xx_HAL_Driver/Src/stm32h7xx_hal_dma.c:0:6
	movs	r4, #87
	movt	r4, #16386
	.loc	2 1788 6                        @ ../Drivers/STM32H7xx_HAL_Driver/Src/stm32h7xx_hal_dma.c:1788:6
	cmp	r12, r4
	bgt	.LBB4_52
.Ltmp439:
@ %bb.36:
	@DEBUG_VALUE: DMA_SetConfig:regs_dma <- $lr
	@DEBUG_VALUE: DMA_SetConfig:regs_bdma <- $lr
	@DEBUG_VALUE: DMA_SetConfig:DataLength <- $r3
	@DEBUG_VALUE: DMA_SetConfig:DstAddress <- $r2
	@DEBUG_VALUE: DMA_SetConfig:SrcAddress <- $r1
	@DEBUG_VALUE: DMA_SetConfig:hdma <- $r0
	.loc	2 0 6                           @ ../Drivers/STM32H7xx_HAL_Driver/Src/stm32h7xx_hal_dma.c:0:6
	movs	r4, #16
	movt	r4, #16386
	.loc	2 1788 6                        @ ../Drivers/STM32H7xx_HAL_Driver/Src/stm32h7xx_hal_dma.c:1788:6
	cmp	r12, r4
	beq	.LBB4_62
.Ltmp440:
@ %bb.37:
	@DEBUG_VALUE: DMA_SetConfig:regs_dma <- $lr
	@DEBUG_VALUE: DMA_SetConfig:regs_bdma <- $lr
	@DEBUG_VALUE: DMA_SetConfig:DataLength <- $r3
	@DEBUG_VALUE: DMA_SetConfig:DstAddress <- $r2
	@DEBUG_VALUE: DMA_SetConfig:SrcAddress <- $r1
	@DEBUG_VALUE: DMA_SetConfig:hdma <- $r0
	.loc	2 0 6                           @ ../Drivers/STM32H7xx_HAL_Driver/Src/stm32h7xx_hal_dma.c:0:6
	movs	r4, #40
	movt	r4, #16386
	.loc	2 1788 6                        @ ../Drivers/STM32H7xx_HAL_Driver/Src/stm32h7xx_hal_dma.c:1788:6
	cmp	r12, r4
	beq	.LBB4_62
.Ltmp441:
@ %bb.38:
	@DEBUG_VALUE: DMA_SetConfig:regs_dma <- $lr
	@DEBUG_VALUE: DMA_SetConfig:regs_bdma <- $lr
	@DEBUG_VALUE: DMA_SetConfig:DataLength <- $r3
	@DEBUG_VALUE: DMA_SetConfig:DstAddress <- $r2
	@DEBUG_VALUE: DMA_SetConfig:SrcAddress <- $r1
	@DEBUG_VALUE: DMA_SetConfig:hdma <- $r0
	.loc	2 0 6                           @ ../Drivers/STM32H7xx_HAL_Driver/Src/stm32h7xx_hal_dma.c:0:6
	movs	r4, #64
	b	.LBB4_61
.Ltmp442:
	.p2align	2
.LBB4_39:
	@DEBUG_VALUE: DMA_SetConfig:regs_dma <- $lr
	@DEBUG_VALUE: DMA_SetConfig:regs_bdma <- $lr
	@DEBUG_VALUE: DMA_SetConfig:DataLength <- $r3
	@DEBUG_VALUE: DMA_SetConfig:DstAddress <- $r2
	@DEBUG_VALUE: DMA_SetConfig:SrcAddress <- $r1
	@DEBUG_VALUE: DMA_SetConfig:hdma <- $r0
	movw	r4, #21551
	movt	r4, #22530
	.loc	2 1788 6                        @ ../Drivers/STM32H7xx_HAL_Driver/Src/stm32h7xx_hal_dma.c:1788:6
	cmp	r12, r4
	bgt	.LBB4_48
.Ltmp443:
@ %bb.40:
	@DEBUG_VALUE: DMA_SetConfig:regs_dma <- $lr
	@DEBUG_VALUE: DMA_SetConfig:regs_bdma <- $lr
	@DEBUG_VALUE: DMA_SetConfig:DataLength <- $r3
	@DEBUG_VALUE: DMA_SetConfig:DstAddress <- $r2
	@DEBUG_VALUE: DMA_SetConfig:SrcAddress <- $r1
	@DEBUG_VALUE: DMA_SetConfig:hdma <- $r0
	.loc	2 0 6                           @ ../Drivers/STM32H7xx_HAL_Driver/Src/stm32h7xx_hal_dma.c:0:6
	movw	r4, #1207
	movt	r4, #16386
	.loc	2 1788 6                        @ ../Drivers/STM32H7xx_HAL_Driver/Src/stm32h7xx_hal_dma.c:1788:6
	cmp	r12, r4
	bgt	.LBB4_55
.Ltmp444:
@ %bb.41:
	@DEBUG_VALUE: DMA_SetConfig:regs_dma <- $lr
	@DEBUG_VALUE: DMA_SetConfig:regs_bdma <- $lr
	@DEBUG_VALUE: DMA_SetConfig:DataLength <- $r3
	@DEBUG_VALUE: DMA_SetConfig:DstAddress <- $r2
	@DEBUG_VALUE: DMA_SetConfig:SrcAddress <- $r1
	@DEBUG_VALUE: DMA_SetConfig:hdma <- $r0
	.loc	2 0 6                           @ ../Drivers/STM32H7xx_HAL_Driver/Src/stm32h7xx_hal_dma.c:0:6
	movw	r4, #1136
	movt	r4, #16386
	.loc	2 1788 6                        @ ../Drivers/STM32H7xx_HAL_Driver/Src/stm32h7xx_hal_dma.c:1788:6
	cmp	r12, r4
	beq	.LBB4_62
.Ltmp445:
@ %bb.42:
	@DEBUG_VALUE: DMA_SetConfig:regs_dma <- $lr
	@DEBUG_VALUE: DMA_SetConfig:regs_bdma <- $lr
	@DEBUG_VALUE: DMA_SetConfig:DataLength <- $r3
	@DEBUG_VALUE: DMA_SetConfig:DstAddress <- $r2
	@DEBUG_VALUE: DMA_SetConfig:SrcAddress <- $r1
	@DEBUG_VALUE: DMA_SetConfig:hdma <- $r0
	.loc	2 0 6                           @ ../Drivers/STM32H7xx_HAL_Driver/Src/stm32h7xx_hal_dma.c:0:6
	movw	r4, #1160
	movt	r4, #16386
	.loc	2 1788 6                        @ ../Drivers/STM32H7xx_HAL_Driver/Src/stm32h7xx_hal_dma.c:1788:6
	cmp	r12, r4
	beq	.LBB4_62
.Ltmp446:
@ %bb.43:
	@DEBUG_VALUE: DMA_SetConfig:regs_dma <- $lr
	@DEBUG_VALUE: DMA_SetConfig:regs_bdma <- $lr
	@DEBUG_VALUE: DMA_SetConfig:DataLength <- $r3
	@DEBUG_VALUE: DMA_SetConfig:DstAddress <- $r2
	@DEBUG_VALUE: DMA_SetConfig:SrcAddress <- $r1
	@DEBUG_VALUE: DMA_SetConfig:hdma <- $r0
	.loc	2 0 6                           @ ../Drivers/STM32H7xx_HAL_Driver/Src/stm32h7xx_hal_dma.c:0:6
	movw	r4, #1184
	b	.LBB4_61
.Ltmp447:
	.p2align	2
.LBB4_44:
	@DEBUG_VALUE: DMA_SetConfig:regs_dma <- $lr
	@DEBUG_VALUE: DMA_SetConfig:regs_bdma <- $lr
	@DEBUG_VALUE: DMA_SetConfig:DataLength <- $r3
	@DEBUG_VALUE: DMA_SetConfig:DstAddress <- $r2
	@DEBUG_VALUE: DMA_SetConfig:SrcAddress <- $r1
	@DEBUG_VALUE: DMA_SetConfig:hdma <- $r0
	movw	r4, #1063
	movt	r4, #16386
	.loc	2 1788 6                        @ ../Drivers/STM32H7xx_HAL_Driver/Src/stm32h7xx_hal_dma.c:1788:6
	cmp	r12, r4
	bgt	.LBB4_58
.Ltmp448:
@ %bb.45:
	@DEBUG_VALUE: DMA_SetConfig:regs_dma <- $lr
	@DEBUG_VALUE: DMA_SetConfig:regs_bdma <- $lr
	@DEBUG_VALUE: DMA_SetConfig:DataLength <- $r3
	@DEBUG_VALUE: DMA_SetConfig:DstAddress <- $r2
	@DEBUG_VALUE: DMA_SetConfig:SrcAddress <- $r1
	@DEBUG_VALUE: DMA_SetConfig:hdma <- $r0
	.loc	2 0 6                           @ ../Drivers/STM32H7xx_HAL_Driver/Src/stm32h7xx_hal_dma.c:0:6
	movs	r4, #160
	movt	r4, #16386
	.loc	2 1788 6                        @ ../Drivers/STM32H7xx_HAL_Driver/Src/stm32h7xx_hal_dma.c:1788:6
	cmp	r12, r4
	beq	.LBB4_62
.Ltmp449:
@ %bb.46:
	@DEBUG_VALUE: DMA_SetConfig:regs_dma <- $lr
	@DEBUG_VALUE: DMA_SetConfig:regs_bdma <- $lr
	@DEBUG_VALUE: DMA_SetConfig:DataLength <- $r3
	@DEBUG_VALUE: DMA_SetConfig:DstAddress <- $r2
	@DEBUG_VALUE: DMA_SetConfig:SrcAddress <- $r1
	@DEBUG_VALUE: DMA_SetConfig:hdma <- $r0
	.loc	2 0 6                           @ ../Drivers/STM32H7xx_HAL_Driver/Src/stm32h7xx_hal_dma.c:0:6
	movs	r4, #184
	movt	r4, #16386
	.loc	2 1788 6                        @ ../Drivers/STM32H7xx_HAL_Driver/Src/stm32h7xx_hal_dma.c:1788:6
	cmp	r12, r4
	beq	.LBB4_62
.Ltmp450:
@ %bb.47:
	@DEBUG_VALUE: DMA_SetConfig:regs_dma <- $lr
	@DEBUG_VALUE: DMA_SetConfig:regs_bdma <- $lr
	@DEBUG_VALUE: DMA_SetConfig:DataLength <- $r3
	@DEBUG_VALUE: DMA_SetConfig:DstAddress <- $r2
	@DEBUG_VALUE: DMA_SetConfig:SrcAddress <- $r1
	@DEBUG_VALUE: DMA_SetConfig:hdma <- $r0
	.loc	2 0 6                           @ ../Drivers/STM32H7xx_HAL_Driver/Src/stm32h7xx_hal_dma.c:0:6
	movw	r4, #1040
	b	.LBB4_61
.Ltmp451:
	.p2align	2
.LBB4_48:
	@DEBUG_VALUE: DMA_SetConfig:regs_dma <- $lr
	@DEBUG_VALUE: DMA_SetConfig:regs_bdma <- $lr
	@DEBUG_VALUE: DMA_SetConfig:DataLength <- $r3
	@DEBUG_VALUE: DMA_SetConfig:DstAddress <- $r2
	@DEBUG_VALUE: DMA_SetConfig:SrcAddress <- $r1
	@DEBUG_VALUE: DMA_SetConfig:hdma <- $r0
	movw	r4, #21611
	movt	r4, #22530
	.loc	2 1788 6                        @ ../Drivers/STM32H7xx_HAL_Driver/Src/stm32h7xx_hal_dma.c:1788:6
	cmp	r12, r4
	bgt	.LBB4_64
.Ltmp452:
@ %bb.49:
	@DEBUG_VALUE: DMA_SetConfig:regs_dma <- $lr
	@DEBUG_VALUE: DMA_SetConfig:regs_bdma <- $lr
	@DEBUG_VALUE: DMA_SetConfig:DataLength <- $r3
	@DEBUG_VALUE: DMA_SetConfig:DstAddress <- $r2
	@DEBUG_VALUE: DMA_SetConfig:SrcAddress <- $r1
	@DEBUG_VALUE: DMA_SetConfig:hdma <- $r0
	.loc	2 0 6                           @ ../Drivers/STM32H7xx_HAL_Driver/Src/stm32h7xx_hal_dma.c:0:6
	movw	r4, #21552
	movt	r4, #22530
	.loc	2 1788 6                        @ ../Drivers/STM32H7xx_HAL_Driver/Src/stm32h7xx_hal_dma.c:1788:6
	cmp	r12, r4
	beq	.LBB4_68
.Ltmp453:
@ %bb.50:
	@DEBUG_VALUE: DMA_SetConfig:regs_dma <- $lr
	@DEBUG_VALUE: DMA_SetConfig:regs_bdma <- $lr
	@DEBUG_VALUE: DMA_SetConfig:DataLength <- $r3
	@DEBUG_VALUE: DMA_SetConfig:DstAddress <- $r2
	@DEBUG_VALUE: DMA_SetConfig:SrcAddress <- $r1
	@DEBUG_VALUE: DMA_SetConfig:hdma <- $r0
	.loc	2 0 6                           @ ../Drivers/STM32H7xx_HAL_Driver/Src/stm32h7xx_hal_dma.c:0:6
	movw	r4, #21572
	movt	r4, #22530
	.loc	2 1788 6                        @ ../Drivers/STM32H7xx_HAL_Driver/Src/stm32h7xx_hal_dma.c:1788:6
	cmp	r12, r4
	beq	.LBB4_68
.Ltmp454:
@ %bb.51:
	@DEBUG_VALUE: DMA_SetConfig:regs_dma <- $lr
	@DEBUG_VALUE: DMA_SetConfig:regs_bdma <- $lr
	@DEBUG_VALUE: DMA_SetConfig:DataLength <- $r3
	@DEBUG_VALUE: DMA_SetConfig:DstAddress <- $r2
	@DEBUG_VALUE: DMA_SetConfig:SrcAddress <- $r1
	@DEBUG_VALUE: DMA_SetConfig:hdma <- $r0
	.loc	2 0 6                           @ ../Drivers/STM32H7xx_HAL_Driver/Src/stm32h7xx_hal_dma.c:0:6
	movw	r4, #21592
	b	.LBB4_67
.Ltmp455:
	.p2align	2
.LBB4_52:
	@DEBUG_VALUE: DMA_SetConfig:regs_dma <- $lr
	@DEBUG_VALUE: DMA_SetConfig:regs_bdma <- $lr
	@DEBUG_VALUE: DMA_SetConfig:DataLength <- $r3
	@DEBUG_VALUE: DMA_SetConfig:DstAddress <- $r2
	@DEBUG_VALUE: DMA_SetConfig:SrcAddress <- $r1
	@DEBUG_VALUE: DMA_SetConfig:hdma <- $r0
	movs	r4, #88
	movt	r4, #16386
	.loc	2 1788 6                        @ ../Drivers/STM32H7xx_HAL_Driver/Src/stm32h7xx_hal_dma.c:1788:6
	cmp	r12, r4
	beq	.LBB4_62
.Ltmp456:
@ %bb.53:
	@DEBUG_VALUE: DMA_SetConfig:regs_dma <- $lr
	@DEBUG_VALUE: DMA_SetConfig:regs_bdma <- $lr
	@DEBUG_VALUE: DMA_SetConfig:DataLength <- $r3
	@DEBUG_VALUE: DMA_SetConfig:DstAddress <- $r2
	@DEBUG_VALUE: DMA_SetConfig:SrcAddress <- $r1
	@DEBUG_VALUE: DMA_SetConfig:hdma <- $r0
	.loc	2 0 6                           @ ../Drivers/STM32H7xx_HAL_Driver/Src/stm32h7xx_hal_dma.c:0:6
	movs	r4, #112
	movt	r4, #16386
	.loc	2 1788 6                        @ ../Drivers/STM32H7xx_HAL_Driver/Src/stm32h7xx_hal_dma.c:1788:6
	cmp	r12, r4
	beq	.LBB4_62
.Ltmp457:
@ %bb.54:
	@DEBUG_VALUE: DMA_SetConfig:regs_dma <- $lr
	@DEBUG_VALUE: DMA_SetConfig:regs_bdma <- $lr
	@DEBUG_VALUE: DMA_SetConfig:DataLength <- $r3
	@DEBUG_VALUE: DMA_SetConfig:DstAddress <- $r2
	@DEBUG_VALUE: DMA_SetConfig:SrcAddress <- $r1
	@DEBUG_VALUE: DMA_SetConfig:hdma <- $r0
	.loc	2 0 6                           @ ../Drivers/STM32H7xx_HAL_Driver/Src/stm32h7xx_hal_dma.c:0:6
	movs	r4, #136
	b	.LBB4_61
.Ltmp458:
	.p2align	2
.LBB4_55:
	@DEBUG_VALUE: DMA_SetConfig:regs_dma <- $lr
	@DEBUG_VALUE: DMA_SetConfig:regs_bdma <- $lr
	@DEBUG_VALUE: DMA_SetConfig:DataLength <- $r3
	@DEBUG_VALUE: DMA_SetConfig:DstAddress <- $r2
	@DEBUG_VALUE: DMA_SetConfig:SrcAddress <- $r1
	@DEBUG_VALUE: DMA_SetConfig:hdma <- $r0
	movw	r4, #1208
	movt	r4, #16386
	.loc	2 1788 6                        @ ../Drivers/STM32H7xx_HAL_Driver/Src/stm32h7xx_hal_dma.c:1788:6
	cmp	r12, r4
	beq	.LBB4_62
.Ltmp459:
@ %bb.56:
	@DEBUG_VALUE: DMA_SetConfig:regs_dma <- $lr
	@DEBUG_VALUE: DMA_SetConfig:regs_bdma <- $lr
	@DEBUG_VALUE: DMA_SetConfig:DataLength <- $r3
	@DEBUG_VALUE: DMA_SetConfig:DstAddress <- $r2
	@DEBUG_VALUE: DMA_SetConfig:SrcAddress <- $r1
	@DEBUG_VALUE: DMA_SetConfig:hdma <- $r0
	.loc	2 0 6                           @ ../Drivers/STM32H7xx_HAL_Driver/Src/stm32h7xx_hal_dma.c:0:6
	movw	r4, #21512
	movt	r4, #22530
	.loc	2 1788 6                        @ ../Drivers/STM32H7xx_HAL_Driver/Src/stm32h7xx_hal_dma.c:1788:6
	cmp	r12, r4
	beq	.LBB4_68
.Ltmp460:
@ %bb.57:
	@DEBUG_VALUE: DMA_SetConfig:regs_dma <- $lr
	@DEBUG_VALUE: DMA_SetConfig:regs_bdma <- $lr
	@DEBUG_VALUE: DMA_SetConfig:DataLength <- $r3
	@DEBUG_VALUE: DMA_SetConfig:DstAddress <- $r2
	@DEBUG_VALUE: DMA_SetConfig:SrcAddress <- $r1
	@DEBUG_VALUE: DMA_SetConfig:hdma <- $r0
	.loc	2 0 6                           @ ../Drivers/STM32H7xx_HAL_Driver/Src/stm32h7xx_hal_dma.c:0:6
	movw	r4, #21532
	b	.LBB4_67
.Ltmp461:
	.p2align	2
.LBB4_58:
	@DEBUG_VALUE: DMA_SetConfig:regs_dma <- $lr
	@DEBUG_VALUE: DMA_SetConfig:regs_bdma <- $lr
	@DEBUG_VALUE: DMA_SetConfig:DataLength <- $r3
	@DEBUG_VALUE: DMA_SetConfig:DstAddress <- $r2
	@DEBUG_VALUE: DMA_SetConfig:SrcAddress <- $r1
	@DEBUG_VALUE: DMA_SetConfig:hdma <- $r0
	movw	r4, #1064
	movt	r4, #16386
	.loc	2 1788 6                        @ ../Drivers/STM32H7xx_HAL_Driver/Src/stm32h7xx_hal_dma.c:1788:6
	cmp	r12, r4
	beq	.LBB4_62
.Ltmp462:
@ %bb.59:
	@DEBUG_VALUE: DMA_SetConfig:regs_dma <- $lr
	@DEBUG_VALUE: DMA_SetConfig:regs_bdma <- $lr
	@DEBUG_VALUE: DMA_SetConfig:DataLength <- $r3
	@DEBUG_VALUE: DMA_SetConfig:DstAddress <- $r2
	@DEBUG_VALUE: DMA_SetConfig:SrcAddress <- $r1
	@DEBUG_VALUE: DMA_SetConfig:hdma <- $r0
	.loc	2 0 6                           @ ../Drivers/STM32H7xx_HAL_Driver/Src/stm32h7xx_hal_dma.c:0:6
	movw	r4, #1088
	movt	r4, #16386
	.loc	2 1788 6                        @ ../Drivers/STM32H7xx_HAL_Driver/Src/stm32h7xx_hal_dma.c:1788:6
	cmp	r12, r4
	beq	.LBB4_62
.Ltmp463:
@ %bb.60:
	@DEBUG_VALUE: DMA_SetConfig:regs_dma <- $lr
	@DEBUG_VALUE: DMA_SetConfig:regs_bdma <- $lr
	@DEBUG_VALUE: DMA_SetConfig:DataLength <- $r3
	@DEBUG_VALUE: DMA_SetConfig:DstAddress <- $r2
	@DEBUG_VALUE: DMA_SetConfig:SrcAddress <- $r1
	@DEBUG_VALUE: DMA_SetConfig:hdma <- $r0
	.loc	2 0 6                           @ ../Drivers/STM32H7xx_HAL_Driver/Src/stm32h7xx_hal_dma.c:0:6
	movw	r4, #1112
.Ltmp464:
.LBB4_61:
	@DEBUG_VALUE: DMA_SetConfig:regs_dma <- $lr
	@DEBUG_VALUE: DMA_SetConfig:regs_bdma <- $lr
	@DEBUG_VALUE: DMA_SetConfig:DataLength <- $r3
	@DEBUG_VALUE: DMA_SetConfig:DstAddress <- $r2
	@DEBUG_VALUE: DMA_SetConfig:SrcAddress <- $r1
	@DEBUG_VALUE: DMA_SetConfig:hdma <- $r0
	movt	r4, #16386
	.loc	2 1788 6                        @ ../Drivers/STM32H7xx_HAL_Driver/Src/stm32h7xx_hal_dma.c:1788:6
	cmp	r12, r4
	bne	.LBB4_70
.Ltmp465:
.LBB4_62:
	@DEBUG_VALUE: DMA_SetConfig:regs_dma <- $lr
	@DEBUG_VALUE: DMA_SetConfig:regs_bdma <- $lr
	@DEBUG_VALUE: DMA_SetConfig:DataLength <- $r3
	@DEBUG_VALUE: DMA_SetConfig:DstAddress <- $r2
	@DEBUG_VALUE: DMA_SetConfig:SrcAddress <- $r1
	@DEBUG_VALUE: DMA_SetConfig:hdma <- $r0
	.loc	2 1800 20 is_stmt 1             @ ../Drivers/STM32H7xx_HAL_Driver/Src/stm32h7xx_hal_dma.c:1800:20
	ldr	r4, [r0, #8]
.Ltmp466:
	.loc	2 1791 39                       @ ../Drivers/STM32H7xx_HAL_Driver/Src/stm32h7xx_hal_dma.c:1791:39
	ldr	r0, [r0, #92]
.Ltmp467:
	@DEBUG_VALUE: DMA_SetConfig:hdma <- [DW_OP_LLVM_entry_value 1] $r0
	.loc	2 1791 51 is_stmt 0             @ ../Drivers/STM32H7xx_HAL_Driver/Src/stm32h7xx_hal_dma.c:1791:51
	and	r0, r0, #31
	movs	r5, #63
	.loc	2 1791 29                       @ ../Drivers/STM32H7xx_HAL_Driver/Src/stm32h7xx_hal_dma.c:1791:29
	lsl.w	r0, r5, r0
	.loc	2 1791 20                       @ ../Drivers/STM32H7xx_HAL_Driver/Src/stm32h7xx_hal_dma.c:1791:20
	str.w	r0, [lr, #8]
	.loc	2 1794 48 is_stmt 1             @ ../Drivers/STM32H7xx_HAL_Driver/Src/stm32h7xx_hal_dma.c:1794:48
	ldr.w	r0, [r12]
	.loc	2 1800 8                        @ ../Drivers/STM32H7xx_HAL_Driver/Src/stm32h7xx_hal_dma.c:1800:8
	cmp	r4, #64
	.loc	2 1794 48                       @ ../Drivers/STM32H7xx_HAL_Driver/Src/stm32h7xx_hal_dma.c:1794:48
	bic	r0, r0, #262144
	str.w	r0, [r12]
.Ltmp468:
	.loc	2 0 0 is_stmt 0                 @ ../Drivers/STM32H7xx_HAL_Driver/Src/stm32h7xx_hal_dma.c:0:0
	str.w	r3, [r12, #4]
	bne	.LBB4_69
.Ltmp469:
.LBB4_63:
	@DEBUG_VALUE: DMA_SetConfig:hdma <- [DW_OP_LLVM_entry_value 1] $r0
	@DEBUG_VALUE: DMA_SetConfig:regs_dma <- $lr
	@DEBUG_VALUE: DMA_SetConfig:regs_bdma <- $lr
	@DEBUG_VALUE: DMA_SetConfig:DataLength <- $r3
	@DEBUG_VALUE: DMA_SetConfig:DstAddress <- $r2
	@DEBUG_VALUE: DMA_SetConfig:SrcAddress <- $r1
	str.w	r2, [r12, #8]
	str.w	r1, [r12, #12]
.Ltmp470:
	.loc	2 1849 1 epilogue_begin is_stmt 1 @ ../Drivers/STM32H7xx_HAL_Driver/Src/stm32h7xx_hal_dma.c:1849:1
	pop	{r4, r5, r6, pc}
.Ltmp471:
	.loc	2 0 1 is_stmt 0                 @ :0:1
.Ltmp472:
	.p2align	2
.LBB4_64:
	@DEBUG_VALUE: DMA_SetConfig:regs_dma <- $lr
	@DEBUG_VALUE: DMA_SetConfig:regs_bdma <- $lr
	@DEBUG_VALUE: DMA_SetConfig:DataLength <- $r3
	@DEBUG_VALUE: DMA_SetConfig:DstAddress <- $r2
	@DEBUG_VALUE: DMA_SetConfig:SrcAddress <- $r1
	@DEBUG_VALUE: DMA_SetConfig:hdma <- $r0
	movw	r4, #21612
	movt	r4, #22530
.Ltmp473:
	.loc	2 1788 6 is_stmt 1              @ ../Drivers/STM32H7xx_HAL_Driver/Src/stm32h7xx_hal_dma.c:1788:6
	cmp	r12, r4
	beq	.LBB4_68
.Ltmp474:
@ %bb.65:
	@DEBUG_VALUE: DMA_SetConfig:regs_dma <- $lr
	@DEBUG_VALUE: DMA_SetConfig:regs_bdma <- $lr
	@DEBUG_VALUE: DMA_SetConfig:DataLength <- $r3
	@DEBUG_VALUE: DMA_SetConfig:DstAddress <- $r2
	@DEBUG_VALUE: DMA_SetConfig:SrcAddress <- $r1
	@DEBUG_VALUE: DMA_SetConfig:hdma <- $r0
	.loc	2 0 6 is_stmt 0                 @ ../Drivers/STM32H7xx_HAL_Driver/Src/stm32h7xx_hal_dma.c:0:6
	movw	r4, #21632
	movt	r4, #22530
	.loc	2 1788 6                        @ ../Drivers/STM32H7xx_HAL_Driver/Src/stm32h7xx_hal_dma.c:1788:6
	cmp	r12, r4
	beq	.LBB4_68
.Ltmp475:
@ %bb.66:
	@DEBUG_VALUE: DMA_SetConfig:regs_dma <- $lr
	@DEBUG_VALUE: DMA_SetConfig:regs_bdma <- $lr
	@DEBUG_VALUE: DMA_SetConfig:DataLength <- $r3
	@DEBUG_VALUE: DMA_SetConfig:DstAddress <- $r2
	@DEBUG_VALUE: DMA_SetConfig:SrcAddress <- $r1
	@DEBUG_VALUE: DMA_SetConfig:hdma <- $r0
	.loc	2 0 6                           @ ../Drivers/STM32H7xx_HAL_Driver/Src/stm32h7xx_hal_dma.c:0:6
	movw	r4, #21652
.Ltmp476:
.LBB4_67:
	@DEBUG_VALUE: DMA_SetConfig:regs_dma <- $lr
	@DEBUG_VALUE: DMA_SetConfig:regs_bdma <- $lr
	@DEBUG_VALUE: DMA_SetConfig:DataLength <- $r3
	@DEBUG_VALUE: DMA_SetConfig:DstAddress <- $r2
	@DEBUG_VALUE: DMA_SetConfig:SrcAddress <- $r1
	@DEBUG_VALUE: DMA_SetConfig:hdma <- $r0
	movt	r4, #22530
	.loc	2 1788 6                        @ ../Drivers/STM32H7xx_HAL_Driver/Src/stm32h7xx_hal_dma.c:1788:6
	cmp	r12, r4
	bne	.LBB4_70
.Ltmp477:
.LBB4_68:
	@DEBUG_VALUE: DMA_SetConfig:regs_dma <- $lr
	@DEBUG_VALUE: DMA_SetConfig:regs_bdma <- $lr
	@DEBUG_VALUE: DMA_SetConfig:DataLength <- $r3
	@DEBUG_VALUE: DMA_SetConfig:DstAddress <- $r2
	@DEBUG_VALUE: DMA_SetConfig:SrcAddress <- $r1
	@DEBUG_VALUE: DMA_SetConfig:hdma <- $r0
	.loc	2 1821 49 is_stmt 1             @ ../Drivers/STM32H7xx_HAL_Driver/Src/stm32h7xx_hal_dma.c:1821:49
	ldr	r4, [r0, #92]
	movs	r5, #1
	.loc	2 1821 61 is_stmt 0             @ ../Drivers/STM32H7xx_HAL_Driver/Src/stm32h7xx_hal_dma.c:1821:61
	and	r4, r4, #31
.Ltmp478:
	.loc	2 1827 20 is_stmt 1             @ ../Drivers/STM32H7xx_HAL_Driver/Src/stm32h7xx_hal_dma.c:1827:20
	ldr	r0, [r0, #8]
.Ltmp479:
	@DEBUG_VALUE: DMA_SetConfig:hdma <- [DW_OP_LLVM_entry_value 1] $r0
	.loc	2 1821 39                       @ ../Drivers/STM32H7xx_HAL_Driver/Src/stm32h7xx_hal_dma.c:1821:39
	lsl.w	r4, r5, r4
	.loc	2 1821 21 is_stmt 0             @ ../Drivers/STM32H7xx_HAL_Driver/Src/stm32h7xx_hal_dma.c:1821:21
	str.w	r4, [lr, #4]
	.loc	2 1827 8 is_stmt 1              @ ../Drivers/STM32H7xx_HAL_Driver/Src/stm32h7xx_hal_dma.c:1827:8
	cmp	r0, #64
.Ltmp480:
	.loc	2 0 0 is_stmt 0                 @ ../Drivers/STM32H7xx_HAL_Driver/Src/stm32h7xx_hal_dma.c:0:0
	str.w	r3, [r12, #4]
	beq	.LBB4_63
.Ltmp481:
.LBB4_69:
	@DEBUG_VALUE: DMA_SetConfig:hdma <- [DW_OP_LLVM_entry_value 1] $r0
	@DEBUG_VALUE: DMA_SetConfig:regs_dma <- $lr
	@DEBUG_VALUE: DMA_SetConfig:regs_bdma <- $lr
	@DEBUG_VALUE: DMA_SetConfig:DataLength <- $r3
	@DEBUG_VALUE: DMA_SetConfig:DstAddress <- $r2
	@DEBUG_VALUE: DMA_SetConfig:SrcAddress <- $r1
	str.w	r1, [r12, #8]
	str.w	r2, [r12, #12]
.Ltmp482:
.LBB4_70:
	@DEBUG_VALUE: DMA_SetConfig:regs_dma <- $lr
	@DEBUG_VALUE: DMA_SetConfig:regs_bdma <- $lr
	@DEBUG_VALUE: DMA_SetConfig:DataLength <- $r3
	@DEBUG_VALUE: DMA_SetConfig:DstAddress <- $r2
	@DEBUG_VALUE: DMA_SetConfig:SrcAddress <- $r1
	.loc	2 1849 1 epilogue_begin is_stmt 1 @ ../Drivers/STM32H7xx_HAL_Driver/Src/stm32h7xx_hal_dma.c:1849:1
	pop	{r4, r5, r6, pc}
.Ltmp483:
.Lfunc_end4:
	.size	DMA_SetConfig, .Lfunc_end4-DMA_SetConfig
	.cfi_endproc
	.cantunwind
	.fnend
                                        @ -- End function
	.section	.text.HAL_DMA_Start_IT,"ax",%progbits
	.hidden	HAL_DMA_Start_IT                @ -- Begin function HAL_DMA_Start_IT
	.globl	HAL_DMA_Start_IT
	.p2align	3
	.type	HAL_DMA_Start_IT,%function
	.code	16                              @ @HAL_DMA_Start_IT
	.thumb_func
HAL_DMA_Start_IT:
.Lfunc_begin5:
	.fnstart
	.cfi_startproc
@ %bb.0:
	@DEBUG_VALUE: HAL_DMA_Start_IT:hdma <- $r0
	@DEBUG_VALUE: HAL_DMA_Start_IT:SrcAddress <- $r1
	@DEBUG_VALUE: HAL_DMA_Start_IT:DstAddress <- $r2
	@DEBUG_VALUE: HAL_DMA_Start_IT:DataLength <- $r3
	@DEBUG_VALUE: HAL_DMA_Start_IT:status <- 0
	.loc	2 686 6 prologue_end            @ ../Drivers/STM32H7xx_HAL_Driver/Src/stm32h7xx_hal_dma.c:686:6
	cbz	r0, .LBB5_3
.Ltmp484:
@ %bb.1:
	@DEBUG_VALUE: HAL_DMA_Start_IT:status <- 0
	@DEBUG_VALUE: HAL_DMA_Start_IT:DataLength <- $r3
	@DEBUG_VALUE: HAL_DMA_Start_IT:DstAddress <- $r2
	@DEBUG_VALUE: HAL_DMA_Start_IT:SrcAddress <- $r1
	@DEBUG_VALUE: HAL_DMA_Start_IT:hdma <- $r0
	.save	{r4, lr}
	push	{r4, lr}
	.cfi_def_cfa_offset 8
	.cfi_offset lr, -4
	.cfi_offset r4, -8
.Ltmp485:
	.loc	2 692 3                         @ ../Drivers/STM32H7xx_HAL_Driver/Src/stm32h7xx_hal_dma.c:692:3
	ldrb.w	r4, [r0, #52]
.Ltmp486:
	.loc	2 692 3 is_stmt 0               @ ../Drivers/STM32H7xx_HAL_Driver/Src/stm32h7xx_hal_dma.c:692:3
	cmp	r4, #1
	bne	.LBB5_4
.Ltmp487:
@ %bb.2:
	@DEBUG_VALUE: HAL_DMA_Start_IT:status <- 0
	@DEBUG_VALUE: HAL_DMA_Start_IT:DataLength <- $r3
	@DEBUG_VALUE: HAL_DMA_Start_IT:DstAddress <- $r2
	@DEBUG_VALUE: HAL_DMA_Start_IT:SrcAddress <- $r1
	@DEBUG_VALUE: HAL_DMA_Start_IT:hdma <- $r0
	.loc	2 0 3                           @ ../Drivers/STM32H7xx_HAL_Driver/Src/stm32h7xx_hal_dma.c:0:3
	movs	r0, #2
.Ltmp488:
	@DEBUG_VALUE: HAL_DMA_Start_IT:hdma <- [DW_OP_LLVM_entry_value 1] $r0
	pop	{r4, pc}
.Ltmp489:
	.p2align	2
.LBB5_3:
	@DEBUG_VALUE: HAL_DMA_Start_IT:status <- 0
	@DEBUG_VALUE: HAL_DMA_Start_IT:DataLength <- $r3
	@DEBUG_VALUE: HAL_DMA_Start_IT:DstAddress <- $r2
	@DEBUG_VALUE: HAL_DMA_Start_IT:SrcAddress <- $r1
	@DEBUG_VALUE: HAL_DMA_Start_IT:hdma <- $r0
	movs	r0, #1
.Ltmp490:
	@DEBUG_VALUE: HAL_DMA_Start_IT:hdma <- [DW_OP_LLVM_entry_value 1] $r0
	.loc	2 764 1 is_stmt 1               @ ../Drivers/STM32H7xx_HAL_Driver/Src/stm32h7xx_hal_dma.c:764:1
	bx	lr
.Ltmp491:
	.loc	2 0 1 is_stmt 0                 @ :0:1
.Ltmp492:
	.p2align	2
.LBB5_4:
	@DEBUG_VALUE: HAL_DMA_Start_IT:status <- 0
	@DEBUG_VALUE: HAL_DMA_Start_IT:DataLength <- $r3
	@DEBUG_VALUE: HAL_DMA_Start_IT:DstAddress <- $r2
	@DEBUG_VALUE: HAL_DMA_Start_IT:SrcAddress <- $r1
	@DEBUG_VALUE: HAL_DMA_Start_IT:hdma <- $r0
	movs	r4, #1
.Ltmp493:
	.loc	2 692 3 is_stmt 1               @ ../Drivers/STM32H7xx_HAL_Driver/Src/stm32h7xx_hal_dma.c:692:3
	strb.w	r4, [r0, #52]
.Ltmp494:
	.loc	2 694 35                        @ ../Drivers/STM32H7xx_HAL_Driver/Src/stm32h7xx_hal_dma.c:694:35
	ldrb.w	r4, [r0, #53]
.Ltmp495:
	.loc	2 694 6 is_stmt 0               @ ../Drivers/STM32H7xx_HAL_Driver/Src/stm32h7xx_hal_dma.c:694:6
	cmp	r4, #1
	bne	.LBB5_10
.Ltmp496:
@ %bb.5:
	@DEBUG_VALUE: HAL_DMA_Start_IT:status <- 0
	@DEBUG_VALUE: HAL_DMA_Start_IT:DataLength <- $r3
	@DEBUG_VALUE: HAL_DMA_Start_IT:DstAddress <- $r2
	@DEBUG_VALUE: HAL_DMA_Start_IT:SrcAddress <- $r1
	@DEBUG_VALUE: HAL_DMA_Start_IT:hdma <- $r0
	.loc	2 0 6                           @ ../Drivers/STM32H7xx_HAL_Driver/Src/stm32h7xx_hal_dma.c:0:6
	movs	r4, #2
.Ltmp497:
	.loc	2 697 17 is_stmt 1              @ ../Drivers/STM32H7xx_HAL_Driver/Src/stm32h7xx_hal_dma.c:697:17
	strb.w	r4, [r0, #53]
	movs	r4, #0
	.loc	2 700 21                        @ ../Drivers/STM32H7xx_HAL_Driver/Src/stm32h7xx_hal_dma.c:700:21
	str	r4, [r0, #84]
	.loc	2 703 5                         @ ../Drivers/STM32H7xx_HAL_Driver/Src/stm32h7xx_hal_dma.c:703:5
	ldr.w	r12, [r0]
	ldr.w	r4, [r12]
	bic	r4, r4, #1
	str.w	r4, [r12]
	mov	r4, r0
	.loc	2 706 5                         @ ../Drivers/STM32H7xx_HAL_Driver/Src/stm32h7xx_hal_dma.c:706:5
	bl	DMA_SetConfig
.Ltmp498:
	@DEBUG_VALUE: HAL_DMA_Start_IT:DataLength <- [DW_OP_LLVM_entry_value 1] $r3
	@DEBUG_VALUE: HAL_DMA_Start_IT:DstAddress <- [DW_OP_LLVM_entry_value 1] $r2
	@DEBUG_VALUE: HAL_DMA_Start_IT:SrcAddress <- [DW_OP_LLVM_entry_value 1] $r1
	@DEBUG_VALUE: HAL_DMA_Start_IT:hdma <- [DW_OP_LLVM_entry_value 1] $r0
	.loc	2 0 5 is_stmt 0                 @ ../Drivers/STM32H7xx_HAL_Driver/Src/stm32h7xx_hal_dma.c:0:5
	movw	r12, #1039
.Ltmp499:
	.loc	2 708 8 is_stmt 1               @ ../Drivers/STM32H7xx_HAL_Driver/Src/stm32h7xx_hal_dma.c:708:8
	ldr	r0, [r4]
	movt	r12, #16386
	movw	r1, #1135
	cmp	r0, r12
	movt	r1, #16386
	bgt	.LBB5_11
.Ltmp500:
@ %bb.6:
	@DEBUG_VALUE: HAL_DMA_Start_IT:DataLength <- [DW_OP_LLVM_entry_value 1] $r3
	@DEBUG_VALUE: HAL_DMA_Start_IT:DstAddress <- [DW_OP_LLVM_entry_value 1] $r2
	@DEBUG_VALUE: HAL_DMA_Start_IT:hdma <- [DW_OP_LLVM_entry_value 1] $r0
	@DEBUG_VALUE: HAL_DMA_Start_IT:SrcAddress <- [DW_OP_LLVM_entry_value 1] $r1
	@DEBUG_VALUE: HAL_DMA_Start_IT:status <- 0
	.loc	2 0 8 is_stmt 0                 @ ../Drivers/STM32H7xx_HAL_Driver/Src/stm32h7xx_hal_dma.c:0:8
	movs	r3, #111
	movt	r3, #16386
	.loc	2 708 8                         @ ../Drivers/STM32H7xx_HAL_Driver/Src/stm32h7xx_hal_dma.c:708:8
	cmp	r0, r3
	bgt	.LBB5_15
.Ltmp501:
@ %bb.7:
	@DEBUG_VALUE: HAL_DMA_Start_IT:DataLength <- [DW_OP_LLVM_entry_value 1] $r3
	@DEBUG_VALUE: HAL_DMA_Start_IT:DstAddress <- [DW_OP_LLVM_entry_value 1] $r2
	@DEBUG_VALUE: HAL_DMA_Start_IT:hdma <- [DW_OP_LLVM_entry_value 1] $r0
	@DEBUG_VALUE: HAL_DMA_Start_IT:SrcAddress <- [DW_OP_LLVM_entry_value 1] $r1
	@DEBUG_VALUE: HAL_DMA_Start_IT:status <- 0
	.loc	2 0 8                           @ ../Drivers/STM32H7xx_HAL_Driver/Src/stm32h7xx_hal_dma.c:0:8
	movs	r3, #63
	movt	r3, #16386
	.loc	2 708 8                         @ ../Drivers/STM32H7xx_HAL_Driver/Src/stm32h7xx_hal_dma.c:708:8
	cmp	r0, r3
	bgt	.LBB5_21
.Ltmp502:
@ %bb.8:
	@DEBUG_VALUE: HAL_DMA_Start_IT:DataLength <- [DW_OP_LLVM_entry_value 1] $r3
	@DEBUG_VALUE: HAL_DMA_Start_IT:DstAddress <- [DW_OP_LLVM_entry_value 1] $r2
	@DEBUG_VALUE: HAL_DMA_Start_IT:hdma <- [DW_OP_LLVM_entry_value 1] $r0
	@DEBUG_VALUE: HAL_DMA_Start_IT:SrcAddress <- [DW_OP_LLVM_entry_value 1] $r1
	@DEBUG_VALUE: HAL_DMA_Start_IT:status <- 0
	.loc	2 0 8                           @ ../Drivers/STM32H7xx_HAL_Driver/Src/stm32h7xx_hal_dma.c:0:8
	movs	r3, #16
	movt	r3, #16386
	.loc	2 708 8                         @ ../Drivers/STM32H7xx_HAL_Driver/Src/stm32h7xx_hal_dma.c:708:8
	cmp	r0, r3
	beq	.LBB5_30
.Ltmp503:
@ %bb.9:
	@DEBUG_VALUE: HAL_DMA_Start_IT:DataLength <- [DW_OP_LLVM_entry_value 1] $r3
	@DEBUG_VALUE: HAL_DMA_Start_IT:DstAddress <- [DW_OP_LLVM_entry_value 1] $r2
	@DEBUG_VALUE: HAL_DMA_Start_IT:hdma <- [DW_OP_LLVM_entry_value 1] $r0
	@DEBUG_VALUE: HAL_DMA_Start_IT:SrcAddress <- [DW_OP_LLVM_entry_value 1] $r1
	@DEBUG_VALUE: HAL_DMA_Start_IT:status <- 0
	.loc	2 0 8                           @ ../Drivers/STM32H7xx_HAL_Driver/Src/stm32h7xx_hal_dma.c:0:8
	movs	r3, #40
	b	.LBB5_29
.Ltmp504:
	.p2align	2
.LBB5_10:
	@DEBUG_VALUE: HAL_DMA_Start_IT:status <- 0
	@DEBUG_VALUE: HAL_DMA_Start_IT:DataLength <- $r3
	@DEBUG_VALUE: HAL_DMA_Start_IT:DstAddress <- $r2
	@DEBUG_VALUE: HAL_DMA_Start_IT:SrcAddress <- $r1
	@DEBUG_VALUE: HAL_DMA_Start_IT:hdma <- $r0
	mov.w	r1, #2048
.Ltmp505:
	@DEBUG_VALUE: HAL_DMA_Start_IT:SrcAddress <- [DW_OP_LLVM_entry_value 1] $r1
	.loc	2 754 21 is_stmt 1              @ ../Drivers/STM32H7xx_HAL_Driver/Src/stm32h7xx_hal_dma.c:754:21
	str	r1, [r0, #84]
	movs	r1, #0
.Ltmp506:
	.loc	2 757 5                         @ ../Drivers/STM32H7xx_HAL_Driver/Src/stm32h7xx_hal_dma.c:757:5
	strb.w	r1, [r0, #52]
	movs	r0, #1
.Ltmp507:
	@DEBUG_VALUE: HAL_DMA_Start_IT:hdma <- [DW_OP_LLVM_entry_value 1] $r0
	@DEBUG_VALUE: HAL_DMA_Start_IT:status <- 1
	.loc	2 0 5 is_stmt 0                 @ ../Drivers/STM32H7xx_HAL_Driver/Src/stm32h7xx_hal_dma.c:0:5
	pop	{r4, pc}
.Ltmp508:
	.p2align	2
.LBB5_11:
	@DEBUG_VALUE: HAL_DMA_Start_IT:DataLength <- [DW_OP_LLVM_entry_value 1] $r3
	@DEBUG_VALUE: HAL_DMA_Start_IT:DstAddress <- [DW_OP_LLVM_entry_value 1] $r2
	@DEBUG_VALUE: HAL_DMA_Start_IT:hdma <- [DW_OP_LLVM_entry_value 1] $r0
	@DEBUG_VALUE: HAL_DMA_Start_IT:SrcAddress <- [DW_OP_LLVM_entry_value 1] $r1
	@DEBUG_VALUE: HAL_DMA_Start_IT:status <- 0
	.loc	2 708 8 is_stmt 1               @ ../Drivers/STM32H7xx_HAL_Driver/Src/stm32h7xx_hal_dma.c:708:8
	cmp	r0, r1
	bgt	.LBB5_18
.Ltmp509:
@ %bb.12:
	@DEBUG_VALUE: HAL_DMA_Start_IT:DataLength <- [DW_OP_LLVM_entry_value 1] $r3
	@DEBUG_VALUE: HAL_DMA_Start_IT:DstAddress <- [DW_OP_LLVM_entry_value 1] $r2
	@DEBUG_VALUE: HAL_DMA_Start_IT:hdma <- [DW_OP_LLVM_entry_value 1] $r0
	@DEBUG_VALUE: HAL_DMA_Start_IT:SrcAddress <- [DW_OP_LLVM_entry_value 1] $r1
	@DEBUG_VALUE: HAL_DMA_Start_IT:status <- 0
	.loc	2 0 8 is_stmt 0                 @ ../Drivers/STM32H7xx_HAL_Driver/Src/stm32h7xx_hal_dma.c:0:8
	movw	r3, #1087
	movt	r3, #16386
	.loc	2 708 8                         @ ../Drivers/STM32H7xx_HAL_Driver/Src/stm32h7xx_hal_dma.c:708:8
	cmp	r0, r3
	bgt	.LBB5_23
.Ltmp510:
@ %bb.13:
	@DEBUG_VALUE: HAL_DMA_Start_IT:DataLength <- [DW_OP_LLVM_entry_value 1] $r3
	@DEBUG_VALUE: HAL_DMA_Start_IT:DstAddress <- [DW_OP_LLVM_entry_value 1] $r2
	@DEBUG_VALUE: HAL_DMA_Start_IT:hdma <- [DW_OP_LLVM_entry_value 1] $r0
	@DEBUG_VALUE: HAL_DMA_Start_IT:SrcAddress <- [DW_OP_LLVM_entry_value 1] $r1
	@DEBUG_VALUE: HAL_DMA_Start_IT:status <- 0
	.loc	2 0 8                           @ ../Drivers/STM32H7xx_HAL_Driver/Src/stm32h7xx_hal_dma.c:0:8
	movw	r3, #1040
	movt	r3, #16386
	.loc	2 708 8                         @ ../Drivers/STM32H7xx_HAL_Driver/Src/stm32h7xx_hal_dma.c:708:8
	cmp	r0, r3
	beq	.LBB5_30
.Ltmp511:
@ %bb.14:
	@DEBUG_VALUE: HAL_DMA_Start_IT:DataLength <- [DW_OP_LLVM_entry_value 1] $r3
	@DEBUG_VALUE: HAL_DMA_Start_IT:DstAddress <- [DW_OP_LLVM_entry_value 1] $r2
	@DEBUG_VALUE: HAL_DMA_Start_IT:hdma <- [DW_OP_LLVM_entry_value 1] $r0
	@DEBUG_VALUE: HAL_DMA_Start_IT:SrcAddress <- [DW_OP_LLVM_entry_value 1] $r1
	@DEBUG_VALUE: HAL_DMA_Start_IT:status <- 0
	.loc	2 0 8                           @ ../Drivers/STM32H7xx_HAL_Driver/Src/stm32h7xx_hal_dma.c:0:8
	movw	r3, #1064
	b	.LBB5_29
.Ltmp512:
	.p2align	2
.LBB5_15:
	@DEBUG_VALUE: HAL_DMA_Start_IT:DataLength <- [DW_OP_LLVM_entry_value 1] $r3
	@DEBUG_VALUE: HAL_DMA_Start_IT:DstAddress <- [DW_OP_LLVM_entry_value 1] $r2
	@DEBUG_VALUE: HAL_DMA_Start_IT:hdma <- [DW_OP_LLVM_entry_value 1] $r0
	@DEBUG_VALUE: HAL_DMA_Start_IT:SrcAddress <- [DW_OP_LLVM_entry_value 1] $r1
	@DEBUG_VALUE: HAL_DMA_Start_IT:status <- 0
	movs	r3, #159
	movt	r3, #16386
	.loc	2 708 8                         @ ../Drivers/STM32H7xx_HAL_Driver/Src/stm32h7xx_hal_dma.c:708:8
	cmp	r0, r3
	bgt	.LBB5_25
.Ltmp513:
@ %bb.16:
	@DEBUG_VALUE: HAL_DMA_Start_IT:DataLength <- [DW_OP_LLVM_entry_value 1] $r3
	@DEBUG_VALUE: HAL_DMA_Start_IT:DstAddress <- [DW_OP_LLVM_entry_value 1] $r2
	@DEBUG_VALUE: HAL_DMA_Start_IT:hdma <- [DW_OP_LLVM_entry_value 1] $r0
	@DEBUG_VALUE: HAL_DMA_Start_IT:SrcAddress <- [DW_OP_LLVM_entry_value 1] $r1
	@DEBUG_VALUE: HAL_DMA_Start_IT:status <- 0
	.loc	2 0 8                           @ ../Drivers/STM32H7xx_HAL_Driver/Src/stm32h7xx_hal_dma.c:0:8
	movs	r3, #112
	movt	r3, #16386
	.loc	2 708 8                         @ ../Drivers/STM32H7xx_HAL_Driver/Src/stm32h7xx_hal_dma.c:708:8
	cmp	r0, r3
	beq	.LBB5_30
.Ltmp514:
@ %bb.17:
	@DEBUG_VALUE: HAL_DMA_Start_IT:DataLength <- [DW_OP_LLVM_entry_value 1] $r3
	@DEBUG_VALUE: HAL_DMA_Start_IT:DstAddress <- [DW_OP_LLVM_entry_value 1] $r2
	@DEBUG_VALUE: HAL_DMA_Start_IT:hdma <- [DW_OP_LLVM_entry_value 1] $r0
	@DEBUG_VALUE: HAL_DMA_Start_IT:SrcAddress <- [DW_OP_LLVM_entry_value 1] $r1
	@DEBUG_VALUE: HAL_DMA_Start_IT:status <- 0
	.loc	2 0 8                           @ ../Drivers/STM32H7xx_HAL_Driver/Src/stm32h7xx_hal_dma.c:0:8
	movs	r3, #136
	b	.LBB5_29
.Ltmp515:
	.p2align	2
.LBB5_18:
	@DEBUG_VALUE: HAL_DMA_Start_IT:DataLength <- [DW_OP_LLVM_entry_value 1] $r3
	@DEBUG_VALUE: HAL_DMA_Start_IT:DstAddress <- [DW_OP_LLVM_entry_value 1] $r2
	@DEBUG_VALUE: HAL_DMA_Start_IT:hdma <- [DW_OP_LLVM_entry_value 1] $r0
	@DEBUG_VALUE: HAL_DMA_Start_IT:SrcAddress <- [DW_OP_LLVM_entry_value 1] $r1
	@DEBUG_VALUE: HAL_DMA_Start_IT:status <- 0
	movw	r3, #1183
	movt	r3, #16386
	.loc	2 708 8                         @ ../Drivers/STM32H7xx_HAL_Driver/Src/stm32h7xx_hal_dma.c:708:8
	cmp	r0, r3
	bgt	.LBB5_27
.Ltmp516:
@ %bb.19:
	@DEBUG_VALUE: HAL_DMA_Start_IT:DataLength <- [DW_OP_LLVM_entry_value 1] $r3
	@DEBUG_VALUE: HAL_DMA_Start_IT:DstAddress <- [DW_OP_LLVM_entry_value 1] $r2
	@DEBUG_VALUE: HAL_DMA_Start_IT:hdma <- [DW_OP_LLVM_entry_value 1] $r0
	@DEBUG_VALUE: HAL_DMA_Start_IT:SrcAddress <- [DW_OP_LLVM_entry_value 1] $r1
	@DEBUG_VALUE: HAL_DMA_Start_IT:status <- 0
	.loc	2 0 8                           @ ../Drivers/STM32H7xx_HAL_Driver/Src/stm32h7xx_hal_dma.c:0:8
	movw	r3, #1136
	movt	r3, #16386
	.loc	2 708 8                         @ ../Drivers/STM32H7xx_HAL_Driver/Src/stm32h7xx_hal_dma.c:708:8
	cmp	r0, r3
	beq	.LBB5_30
.Ltmp517:
@ %bb.20:
	@DEBUG_VALUE: HAL_DMA_Start_IT:DataLength <- [DW_OP_LLVM_entry_value 1] $r3
	@DEBUG_VALUE: HAL_DMA_Start_IT:DstAddress <- [DW_OP_LLVM_entry_value 1] $r2
	@DEBUG_VALUE: HAL_DMA_Start_IT:hdma <- [DW_OP_LLVM_entry_value 1] $r0
	@DEBUG_VALUE: HAL_DMA_Start_IT:SrcAddress <- [DW_OP_LLVM_entry_value 1] $r1
	@DEBUG_VALUE: HAL_DMA_Start_IT:status <- 0
	.loc	2 0 8                           @ ../Drivers/STM32H7xx_HAL_Driver/Src/stm32h7xx_hal_dma.c:0:8
	movw	r3, #1160
	b	.LBB5_29
.Ltmp518:
	.p2align	2
.LBB5_21:
	@DEBUG_VALUE: HAL_DMA_Start_IT:DataLength <- [DW_OP_LLVM_entry_value 1] $r3
	@DEBUG_VALUE: HAL_DMA_Start_IT:DstAddress <- [DW_OP_LLVM_entry_value 1] $r2
	@DEBUG_VALUE: HAL_DMA_Start_IT:hdma <- [DW_OP_LLVM_entry_value 1] $r0
	@DEBUG_VALUE: HAL_DMA_Start_IT:SrcAddress <- [DW_OP_LLVM_entry_value 1] $r1
	@DEBUG_VALUE: HAL_DMA_Start_IT:status <- 0
	movs	r3, #64
	movt	r3, #16386
	.loc	2 708 8                         @ ../Drivers/STM32H7xx_HAL_Driver/Src/stm32h7xx_hal_dma.c:708:8
	cmp	r0, r3
	beq	.LBB5_30
.Ltmp519:
@ %bb.22:
	@DEBUG_VALUE: HAL_DMA_Start_IT:DataLength <- [DW_OP_LLVM_entry_value 1] $r3
	@DEBUG_VALUE: HAL_DMA_Start_IT:DstAddress <- [DW_OP_LLVM_entry_value 1] $r2
	@DEBUG_VALUE: HAL_DMA_Start_IT:hdma <- [DW_OP_LLVM_entry_value 1] $r0
	@DEBUG_VALUE: HAL_DMA_Start_IT:SrcAddress <- [DW_OP_LLVM_entry_value 1] $r1
	@DEBUG_VALUE: HAL_DMA_Start_IT:status <- 0
	.loc	2 0 8                           @ ../Drivers/STM32H7xx_HAL_Driver/Src/stm32h7xx_hal_dma.c:0:8
	movs	r3, #88
	b	.LBB5_29
.Ltmp520:
	.p2align	2
.LBB5_23:
	@DEBUG_VALUE: HAL_DMA_Start_IT:DataLength <- [DW_OP_LLVM_entry_value 1] $r3
	@DEBUG_VALUE: HAL_DMA_Start_IT:DstAddress <- [DW_OP_LLVM_entry_value 1] $r2
	@DEBUG_VALUE: HAL_DMA_Start_IT:hdma <- [DW_OP_LLVM_entry_value 1] $r0
	@DEBUG_VALUE: HAL_DMA_Start_IT:SrcAddress <- [DW_OP_LLVM_entry_value 1] $r1
	@DEBUG_VALUE: HAL_DMA_Start_IT:status <- 0
	movw	r3, #1088
	movt	r3, #16386
	.loc	2 708 8                         @ ../Drivers/STM32H7xx_HAL_Driver/Src/stm32h7xx_hal_dma.c:708:8
	cmp	r0, r3
	beq	.LBB5_30
.Ltmp521:
@ %bb.24:
	@DEBUG_VALUE: HAL_DMA_Start_IT:DataLength <- [DW_OP_LLVM_entry_value 1] $r3
	@DEBUG_VALUE: HAL_DMA_Start_IT:DstAddress <- [DW_OP_LLVM_entry_value 1] $r2
	@DEBUG_VALUE: HAL_DMA_Start_IT:hdma <- [DW_OP_LLVM_entry_value 1] $r0
	@DEBUG_VALUE: HAL_DMA_Start_IT:SrcAddress <- [DW_OP_LLVM_entry_value 1] $r1
	@DEBUG_VALUE: HAL_DMA_Start_IT:status <- 0
	.loc	2 0 8                           @ ../Drivers/STM32H7xx_HAL_Driver/Src/stm32h7xx_hal_dma.c:0:8
	movw	r3, #1112
	b	.LBB5_29
.Ltmp522:
	.p2align	2
.LBB5_25:
	@DEBUG_VALUE: HAL_DMA_Start_IT:DataLength <- [DW_OP_LLVM_entry_value 1] $r3
	@DEBUG_VALUE: HAL_DMA_Start_IT:DstAddress <- [DW_OP_LLVM_entry_value 1] $r2
	@DEBUG_VALUE: HAL_DMA_Start_IT:hdma <- [DW_OP_LLVM_entry_value 1] $r0
	@DEBUG_VALUE: HAL_DMA_Start_IT:SrcAddress <- [DW_OP_LLVM_entry_value 1] $r1
	@DEBUG_VALUE: HAL_DMA_Start_IT:status <- 0
	movs	r3, #160
	movt	r3, #16386
	.loc	2 708 8                         @ ../Drivers/STM32H7xx_HAL_Driver/Src/stm32h7xx_hal_dma.c:708:8
	cmp	r0, r3
	beq	.LBB5_30
.Ltmp523:
@ %bb.26:
	@DEBUG_VALUE: HAL_DMA_Start_IT:DataLength <- [DW_OP_LLVM_entry_value 1] $r3
	@DEBUG_VALUE: HAL_DMA_Start_IT:DstAddress <- [DW_OP_LLVM_entry_value 1] $r2
	@DEBUG_VALUE: HAL_DMA_Start_IT:hdma <- [DW_OP_LLVM_entry_value 1] $r0
	@DEBUG_VALUE: HAL_DMA_Start_IT:SrcAddress <- [DW_OP_LLVM_entry_value 1] $r1
	@DEBUG_VALUE: HAL_DMA_Start_IT:status <- 0
	.loc	2 0 8                           @ ../Drivers/STM32H7xx_HAL_Driver/Src/stm32h7xx_hal_dma.c:0:8
	movs	r3, #184
	b	.LBB5_29
.Ltmp524:
	.p2align	2
.LBB5_27:
	@DEBUG_VALUE: HAL_DMA_Start_IT:DataLength <- [DW_OP_LLVM_entry_value 1] $r3
	@DEBUG_VALUE: HAL_DMA_Start_IT:DstAddress <- [DW_OP_LLVM_entry_value 1] $r2
	@DEBUG_VALUE: HAL_DMA_Start_IT:hdma <- [DW_OP_LLVM_entry_value 1] $r0
	@DEBUG_VALUE: HAL_DMA_Start_IT:SrcAddress <- [DW_OP_LLVM_entry_value 1] $r1
	@DEBUG_VALUE: HAL_DMA_Start_IT:status <- 0
	movw	r3, #1208
	movt	r3, #16386
	.loc	2 708 8                         @ ../Drivers/STM32H7xx_HAL_Driver/Src/stm32h7xx_hal_dma.c:708:8
	cmp	r0, r3
	beq	.LBB5_30
.Ltmp525:
@ %bb.28:
	@DEBUG_VALUE: HAL_DMA_Start_IT:DataLength <- [DW_OP_LLVM_entry_value 1] $r3
	@DEBUG_VALUE: HAL_DMA_Start_IT:DstAddress <- [DW_OP_LLVM_entry_value 1] $r2
	@DEBUG_VALUE: HAL_DMA_Start_IT:hdma <- [DW_OP_LLVM_entry_value 1] $r0
	@DEBUG_VALUE: HAL_DMA_Start_IT:SrcAddress <- [DW_OP_LLVM_entry_value 1] $r1
	@DEBUG_VALUE: HAL_DMA_Start_IT:status <- 0
	.loc	2 0 8                           @ ../Drivers/STM32H7xx_HAL_Driver/Src/stm32h7xx_hal_dma.c:0:8
	movw	r3, #1184
.Ltmp526:
.LBB5_29:
	@DEBUG_VALUE: HAL_DMA_Start_IT:DataLength <- [DW_OP_LLVM_entry_value 1] $r3
	@DEBUG_VALUE: HAL_DMA_Start_IT:DstAddress <- [DW_OP_LLVM_entry_value 1] $r2
	@DEBUG_VALUE: HAL_DMA_Start_IT:hdma <- [DW_OP_LLVM_entry_value 1] $r0
	@DEBUG_VALUE: HAL_DMA_Start_IT:SrcAddress <- [DW_OP_LLVM_entry_value 1] $r1
	@DEBUG_VALUE: HAL_DMA_Start_IT:status <- 0
	movt	r3, #16386
	.loc	2 708 8                         @ ../Drivers/STM32H7xx_HAL_Driver/Src/stm32h7xx_hal_dma.c:708:8
	cmp	r0, r3
	bne.w	.LBB5_95
.Ltmp527:
.LBB5_30:
	@DEBUG_VALUE: HAL_DMA_Start_IT:DataLength <- [DW_OP_LLVM_entry_value 1] $r3
	@DEBUG_VALUE: HAL_DMA_Start_IT:DstAddress <- [DW_OP_LLVM_entry_value 1] $r2
	@DEBUG_VALUE: HAL_DMA_Start_IT:hdma <- [DW_OP_LLVM_entry_value 1] $r0
	@DEBUG_VALUE: HAL_DMA_Start_IT:SrcAddress <- [DW_OP_LLVM_entry_value 1] $r1
	@DEBUG_VALUE: HAL_DMA_Start_IT:status <- 0
	.loc	2 711 7 is_stmt 1               @ ../Drivers/STM32H7xx_HAL_Driver/Src/stm32h7xx_hal_dma.c:711:7
	ldr	r3, [r0]
	movs	r2, #11
	bfi	r3, r2, #1, #4
	str	r3, [r0]
.Ltmp528:
	.loc	2 713 16                        @ ../Drivers/STM32H7xx_HAL_Driver/Src/stm32h7xx_hal_dma.c:713:16
	ldr	r2, [r4, #64]
.Ltmp529:
	.loc	2 713 10 is_stmt 0              @ ../Drivers/STM32H7xx_HAL_Driver/Src/stm32h7xx_hal_dma.c:713:10
	cbz	r2, .LBB5_33
.Ltmp530:
@ %bb.31:
	@DEBUG_VALUE: HAL_DMA_Start_IT:DataLength <- [DW_OP_LLVM_entry_value 1] $r3
	@DEBUG_VALUE: HAL_DMA_Start_IT:DstAddress <- [DW_OP_LLVM_entry_value 1] $r2
	@DEBUG_VALUE: HAL_DMA_Start_IT:hdma <- [DW_OP_LLVM_entry_value 1] $r0
	@DEBUG_VALUE: HAL_DMA_Start_IT:SrcAddress <- [DW_OP_LLVM_entry_value 1] $r1
	@DEBUG_VALUE: HAL_DMA_Start_IT:status <- 0
	.loc	2 0 10                          @ ../Drivers/STM32H7xx_HAL_Driver/Src/stm32h7xx_hal_dma.c:0:10
	movs	r3, #8
.Ltmp531:
.LBB5_32:
	@DEBUG_VALUE: HAL_DMA_Start_IT:DataLength <- [DW_OP_LLVM_entry_value 1] $r3
	@DEBUG_VALUE: HAL_DMA_Start_IT:DstAddress <- [DW_OP_LLVM_entry_value 1] $r2
	@DEBUG_VALUE: HAL_DMA_Start_IT:hdma <- [DW_OP_LLVM_entry_value 1] $r0
	@DEBUG_VALUE: HAL_DMA_Start_IT:SrcAddress <- [DW_OP_LLVM_entry_value 1] $r1
	@DEBUG_VALUE: HAL_DMA_Start_IT:status <- 0
	ldr	r2, [r0]
	orrs	r2, r3
	str	r2, [r0]
.Ltmp532:
.LBB5_33:
	@DEBUG_VALUE: HAL_DMA_Start_IT:DataLength <- [DW_OP_LLVM_entry_value 1] $r3
	@DEBUG_VALUE: HAL_DMA_Start_IT:DstAddress <- [DW_OP_LLVM_entry_value 1] $r2
	@DEBUG_VALUE: HAL_DMA_Start_IT:hdma <- [DW_OP_LLVM_entry_value 1] $r0
	@DEBUG_VALUE: HAL_DMA_Start_IT:SrcAddress <- [DW_OP_LLVM_entry_value 1] $r1
	@DEBUG_VALUE: HAL_DMA_Start_IT:status <- 0
	.loc	2 731 8 is_stmt 1               @ ../Drivers/STM32H7xx_HAL_Driver/Src/stm32h7xx_hal_dma.c:731:8
	cmp	r0, r1
	bgt	.LBB5_39
.Ltmp533:
@ %bb.34:
	@DEBUG_VALUE: HAL_DMA_Start_IT:DataLength <- [DW_OP_LLVM_entry_value 1] $r3
	@DEBUG_VALUE: HAL_DMA_Start_IT:DstAddress <- [DW_OP_LLVM_entry_value 1] $r2
	@DEBUG_VALUE: HAL_DMA_Start_IT:hdma <- [DW_OP_LLVM_entry_value 1] $r0
	@DEBUG_VALUE: HAL_DMA_Start_IT:SrcAddress <- [DW_OP_LLVM_entry_value 1] $r1
	@DEBUG_VALUE: HAL_DMA_Start_IT:status <- 0
	.loc	2 0 8 is_stmt 0                 @ ../Drivers/STM32H7xx_HAL_Driver/Src/stm32h7xx_hal_dma.c:0:8
	movs	r2, #159
	movt	r2, #16386
	.loc	2 731 8                         @ ../Drivers/STM32H7xx_HAL_Driver/Src/stm32h7xx_hal_dma.c:731:8
	cmp	r0, r2
	bgt	.LBB5_44
.Ltmp534:
@ %bb.35:
	@DEBUG_VALUE: HAL_DMA_Start_IT:DataLength <- [DW_OP_LLVM_entry_value 1] $r3
	@DEBUG_VALUE: HAL_DMA_Start_IT:DstAddress <- [DW_OP_LLVM_entry_value 1] $r2
	@DEBUG_VALUE: HAL_DMA_Start_IT:hdma <- [DW_OP_LLVM_entry_value 1] $r0
	@DEBUG_VALUE: HAL_DMA_Start_IT:SrcAddress <- [DW_OP_LLVM_entry_value 1] $r1
	@DEBUG_VALUE: HAL_DMA_Start_IT:status <- 0
	.loc	2 0 8                           @ ../Drivers/STM32H7xx_HAL_Driver/Src/stm32h7xx_hal_dma.c:0:8
	movs	r2, #87
	movt	r2, #16386
	.loc	2 731 8                         @ ../Drivers/STM32H7xx_HAL_Driver/Src/stm32h7xx_hal_dma.c:731:8
	cmp	r0, r2
	bgt	.LBB5_52
.Ltmp535:
@ %bb.36:
	@DEBUG_VALUE: HAL_DMA_Start_IT:DataLength <- [DW_OP_LLVM_entry_value 1] $r3
	@DEBUG_VALUE: HAL_DMA_Start_IT:DstAddress <- [DW_OP_LLVM_entry_value 1] $r2
	@DEBUG_VALUE: HAL_DMA_Start_IT:hdma <- [DW_OP_LLVM_entry_value 1] $r0
	@DEBUG_VALUE: HAL_DMA_Start_IT:SrcAddress <- [DW_OP_LLVM_entry_value 1] $r1
	@DEBUG_VALUE: HAL_DMA_Start_IT:status <- 0
	.loc	2 0 8                           @ ../Drivers/STM32H7xx_HAL_Driver/Src/stm32h7xx_hal_dma.c:0:8
	movs	r2, #16
	movt	r2, #16386
	.loc	2 731 8                         @ ../Drivers/STM32H7xx_HAL_Driver/Src/stm32h7xx_hal_dma.c:731:8
	cmp	r0, r2
	beq.w	.LBB5_66
.Ltmp536:
@ %bb.37:
	@DEBUG_VALUE: HAL_DMA_Start_IT:DataLength <- [DW_OP_LLVM_entry_value 1] $r3
	@DEBUG_VALUE: HAL_DMA_Start_IT:DstAddress <- [DW_OP_LLVM_entry_value 1] $r2
	@DEBUG_VALUE: HAL_DMA_Start_IT:hdma <- [DW_OP_LLVM_entry_value 1] $r0
	@DEBUG_VALUE: HAL_DMA_Start_IT:SrcAddress <- [DW_OP_LLVM_entry_value 1] $r1
	@DEBUG_VALUE: HAL_DMA_Start_IT:status <- 0
	.loc	2 0 8                           @ ../Drivers/STM32H7xx_HAL_Driver/Src/stm32h7xx_hal_dma.c:0:8
	movs	r2, #40
	movt	r2, #16386
	.loc	2 731 8                         @ ../Drivers/STM32H7xx_HAL_Driver/Src/stm32h7xx_hal_dma.c:731:8
	cmp	r0, r2
	beq.w	.LBB5_66
.Ltmp537:
@ %bb.38:
	@DEBUG_VALUE: HAL_DMA_Start_IT:DataLength <- [DW_OP_LLVM_entry_value 1] $r3
	@DEBUG_VALUE: HAL_DMA_Start_IT:DstAddress <- [DW_OP_LLVM_entry_value 1] $r2
	@DEBUG_VALUE: HAL_DMA_Start_IT:hdma <- [DW_OP_LLVM_entry_value 1] $r0
	@DEBUG_VALUE: HAL_DMA_Start_IT:SrcAddress <- [DW_OP_LLVM_entry_value 1] $r1
	@DEBUG_VALUE: HAL_DMA_Start_IT:status <- 0
	.loc	2 0 8                           @ ../Drivers/STM32H7xx_HAL_Driver/Src/stm32h7xx_hal_dma.c:0:8
	movs	r2, #64
	movt	r2, #16386
	.loc	2 731 8                         @ ../Drivers/STM32H7xx_HAL_Driver/Src/stm32h7xx_hal_dma.c:731:8
	b	.LBB5_65
.Ltmp538:
	.loc	2 0 8                           @ :0:8
.Ltmp539:
	.p2align	2
.LBB5_39:
	@DEBUG_VALUE: HAL_DMA_Start_IT:DataLength <- [DW_OP_LLVM_entry_value 1] $r3
	@DEBUG_VALUE: HAL_DMA_Start_IT:DstAddress <- [DW_OP_LLVM_entry_value 1] $r2
	@DEBUG_VALUE: HAL_DMA_Start_IT:hdma <- [DW_OP_LLVM_entry_value 1] $r0
	@DEBUG_VALUE: HAL_DMA_Start_IT:SrcAddress <- [DW_OP_LLVM_entry_value 1] $r1
	@DEBUG_VALUE: HAL_DMA_Start_IT:status <- 0
	movw	r2, #21551
	movt	r2, #22530
	.loc	2 731 8                         @ ../Drivers/STM32H7xx_HAL_Driver/Src/stm32h7xx_hal_dma.c:731:8
	cmp	r0, r2
	bgt	.LBB5_48
.Ltmp540:
@ %bb.40:
	@DEBUG_VALUE: HAL_DMA_Start_IT:DataLength <- [DW_OP_LLVM_entry_value 1] $r3
	@DEBUG_VALUE: HAL_DMA_Start_IT:DstAddress <- [DW_OP_LLVM_entry_value 1] $r2
	@DEBUG_VALUE: HAL_DMA_Start_IT:hdma <- [DW_OP_LLVM_entry_value 1] $r0
	@DEBUG_VALUE: HAL_DMA_Start_IT:SrcAddress <- [DW_OP_LLVM_entry_value 1] $r1
	@DEBUG_VALUE: HAL_DMA_Start_IT:status <- 0
	.loc	2 0 8                           @ ../Drivers/STM32H7xx_HAL_Driver/Src/stm32h7xx_hal_dma.c:0:8
	movw	r2, #1207
	movt	r2, #16386
	.loc	2 731 8                         @ ../Drivers/STM32H7xx_HAL_Driver/Src/stm32h7xx_hal_dma.c:731:8
	cmp	r0, r2
	bgt	.LBB5_55
.Ltmp541:
@ %bb.41:
	@DEBUG_VALUE: HAL_DMA_Start_IT:DataLength <- [DW_OP_LLVM_entry_value 1] $r3
	@DEBUG_VALUE: HAL_DMA_Start_IT:DstAddress <- [DW_OP_LLVM_entry_value 1] $r2
	@DEBUG_VALUE: HAL_DMA_Start_IT:hdma <- [DW_OP_LLVM_entry_value 1] $r0
	@DEBUG_VALUE: HAL_DMA_Start_IT:SrcAddress <- [DW_OP_LLVM_entry_value 1] $r1
	@DEBUG_VALUE: HAL_DMA_Start_IT:status <- 0
	.loc	2 0 8                           @ ../Drivers/STM32H7xx_HAL_Driver/Src/stm32h7xx_hal_dma.c:0:8
	movw	r2, #1136
	movt	r2, #16386
	.loc	2 731 8                         @ ../Drivers/STM32H7xx_HAL_Driver/Src/stm32h7xx_hal_dma.c:731:8
	cmp	r0, r2
	beq	.LBB5_66
.Ltmp542:
@ %bb.42:
	@DEBUG_VALUE: HAL_DMA_Start_IT:DataLength <- [DW_OP_LLVM_entry_value 1] $r3
	@DEBUG_VALUE: HAL_DMA_Start_IT:DstAddress <- [DW_OP_LLVM_entry_value 1] $r2
	@DEBUG_VALUE: HAL_DMA_Start_IT:hdma <- [DW_OP_LLVM_entry_value 1] $r0
	@DEBUG_VALUE: HAL_DMA_Start_IT:SrcAddress <- [DW_OP_LLVM_entry_value 1] $r1
	@DEBUG_VALUE: HAL_DMA_Start_IT:status <- 0
	.loc	2 0 8                           @ ../Drivers/STM32H7xx_HAL_Driver/Src/stm32h7xx_hal_dma.c:0:8
	movw	r2, #1160
	movt	r2, #16386
	.loc	2 731 8                         @ ../Drivers/STM32H7xx_HAL_Driver/Src/stm32h7xx_hal_dma.c:731:8
	cmp	r0, r2
	beq	.LBB5_66
.Ltmp543:
@ %bb.43:
	@DEBUG_VALUE: HAL_DMA_Start_IT:DataLength <- [DW_OP_LLVM_entry_value 1] $r3
	@DEBUG_VALUE: HAL_DMA_Start_IT:DstAddress <- [DW_OP_LLVM_entry_value 1] $r2
	@DEBUG_VALUE: HAL_DMA_Start_IT:hdma <- [DW_OP_LLVM_entry_value 1] $r0
	@DEBUG_VALUE: HAL_DMA_Start_IT:SrcAddress <- [DW_OP_LLVM_entry_value 1] $r1
	@DEBUG_VALUE: HAL_DMA_Start_IT:status <- 0
	.loc	2 0 8                           @ ../Drivers/STM32H7xx_HAL_Driver/Src/stm32h7xx_hal_dma.c:0:8
	movw	r2, #1184
	movt	r2, #16386
	.loc	2 731 8                         @ ../Drivers/STM32H7xx_HAL_Driver/Src/stm32h7xx_hal_dma.c:731:8
	b	.LBB5_65
.Ltmp544:
	.loc	2 0 8                           @ :0:8
.Ltmp545:
	.p2align	2
.LBB5_44:
	@DEBUG_VALUE: HAL_DMA_Start_IT:DataLength <- [DW_OP_LLVM_entry_value 1] $r3
	@DEBUG_VALUE: HAL_DMA_Start_IT:DstAddress <- [DW_OP_LLVM_entry_value 1] $r2
	@DEBUG_VALUE: HAL_DMA_Start_IT:hdma <- [DW_OP_LLVM_entry_value 1] $r0
	@DEBUG_VALUE: HAL_DMA_Start_IT:SrcAddress <- [DW_OP_LLVM_entry_value 1] $r1
	@DEBUG_VALUE: HAL_DMA_Start_IT:status <- 0
	movw	r2, #1063
	movt	r2, #16386
	.loc	2 731 8                         @ ../Drivers/STM32H7xx_HAL_Driver/Src/stm32h7xx_hal_dma.c:731:8
	cmp	r0, r2
	bgt	.LBB5_58
.Ltmp546:
@ %bb.45:
	@DEBUG_VALUE: HAL_DMA_Start_IT:DataLength <- [DW_OP_LLVM_entry_value 1] $r3
	@DEBUG_VALUE: HAL_DMA_Start_IT:DstAddress <- [DW_OP_LLVM_entry_value 1] $r2
	@DEBUG_VALUE: HAL_DMA_Start_IT:hdma <- [DW_OP_LLVM_entry_value 1] $r0
	@DEBUG_VALUE: HAL_DMA_Start_IT:SrcAddress <- [DW_OP_LLVM_entry_value 1] $r1
	@DEBUG_VALUE: HAL_DMA_Start_IT:status <- 0
	.loc	2 0 8                           @ ../Drivers/STM32H7xx_HAL_Driver/Src/stm32h7xx_hal_dma.c:0:8
	movs	r2, #160
	movt	r2, #16386
	.loc	2 731 8                         @ ../Drivers/STM32H7xx_HAL_Driver/Src/stm32h7xx_hal_dma.c:731:8
	cmp	r0, r2
	beq	.LBB5_66
.Ltmp547:
@ %bb.46:
	@DEBUG_VALUE: HAL_DMA_Start_IT:DataLength <- [DW_OP_LLVM_entry_value 1] $r3
	@DEBUG_VALUE: HAL_DMA_Start_IT:DstAddress <- [DW_OP_LLVM_entry_value 1] $r2
	@DEBUG_VALUE: HAL_DMA_Start_IT:hdma <- [DW_OP_LLVM_entry_value 1] $r0
	@DEBUG_VALUE: HAL_DMA_Start_IT:SrcAddress <- [DW_OP_LLVM_entry_value 1] $r1
	@DEBUG_VALUE: HAL_DMA_Start_IT:status <- 0
	.loc	2 0 8                           @ ../Drivers/STM32H7xx_HAL_Driver/Src/stm32h7xx_hal_dma.c:0:8
	movs	r2, #184
	movt	r2, #16386
	.loc	2 731 8                         @ ../Drivers/STM32H7xx_HAL_Driver/Src/stm32h7xx_hal_dma.c:731:8
	cmp	r0, r2
	beq	.LBB5_66
.Ltmp548:
@ %bb.47:
	@DEBUG_VALUE: HAL_DMA_Start_IT:DataLength <- [DW_OP_LLVM_entry_value 1] $r3
	@DEBUG_VALUE: HAL_DMA_Start_IT:DstAddress <- [DW_OP_LLVM_entry_value 1] $r2
	@DEBUG_VALUE: HAL_DMA_Start_IT:hdma <- [DW_OP_LLVM_entry_value 1] $r0
	@DEBUG_VALUE: HAL_DMA_Start_IT:SrcAddress <- [DW_OP_LLVM_entry_value 1] $r1
	@DEBUG_VALUE: HAL_DMA_Start_IT:status <- 0
	.loc	2 0 8                           @ ../Drivers/STM32H7xx_HAL_Driver/Src/stm32h7xx_hal_dma.c:0:8
	movw	r2, #1040
	movt	r2, #16386
	.loc	2 731 8                         @ ../Drivers/STM32H7xx_HAL_Driver/Src/stm32h7xx_hal_dma.c:731:8
	b	.LBB5_65
.Ltmp549:
	.loc	2 0 8                           @ :0:8
.Ltmp550:
	.p2align	2
.LBB5_48:
	@DEBUG_VALUE: HAL_DMA_Start_IT:DataLength <- [DW_OP_LLVM_entry_value 1] $r3
	@DEBUG_VALUE: HAL_DMA_Start_IT:DstAddress <- [DW_OP_LLVM_entry_value 1] $r2
	@DEBUG_VALUE: HAL_DMA_Start_IT:hdma <- [DW_OP_LLVM_entry_value 1] $r0
	@DEBUG_VALUE: HAL_DMA_Start_IT:SrcAddress <- [DW_OP_LLVM_entry_value 1] $r1
	@DEBUG_VALUE: HAL_DMA_Start_IT:status <- 0
	movw	r2, #21611
	movt	r2, #22530
	.loc	2 731 8                         @ ../Drivers/STM32H7xx_HAL_Driver/Src/stm32h7xx_hal_dma.c:731:8
	cmp	r0, r2
	bgt	.LBB5_61
.Ltmp551:
@ %bb.49:
	@DEBUG_VALUE: HAL_DMA_Start_IT:DataLength <- [DW_OP_LLVM_entry_value 1] $r3
	@DEBUG_VALUE: HAL_DMA_Start_IT:DstAddress <- [DW_OP_LLVM_entry_value 1] $r2
	@DEBUG_VALUE: HAL_DMA_Start_IT:hdma <- [DW_OP_LLVM_entry_value 1] $r0
	@DEBUG_VALUE: HAL_DMA_Start_IT:SrcAddress <- [DW_OP_LLVM_entry_value 1] $r1
	@DEBUG_VALUE: HAL_DMA_Start_IT:status <- 0
	.loc	2 0 8                           @ ../Drivers/STM32H7xx_HAL_Driver/Src/stm32h7xx_hal_dma.c:0:8
	movw	r2, #21552
	movt	r2, #22530
	.loc	2 731 8                         @ ../Drivers/STM32H7xx_HAL_Driver/Src/stm32h7xx_hal_dma.c:731:8
	cmp	r0, r2
	beq	.LBB5_66
.Ltmp552:
@ %bb.50:
	@DEBUG_VALUE: HAL_DMA_Start_IT:DataLength <- [DW_OP_LLVM_entry_value 1] $r3
	@DEBUG_VALUE: HAL_DMA_Start_IT:DstAddress <- [DW_OP_LLVM_entry_value 1] $r2
	@DEBUG_VALUE: HAL_DMA_Start_IT:hdma <- [DW_OP_LLVM_entry_value 1] $r0
	@DEBUG_VALUE: HAL_DMA_Start_IT:SrcAddress <- [DW_OP_LLVM_entry_value 1] $r1
	@DEBUG_VALUE: HAL_DMA_Start_IT:status <- 0
	.loc	2 0 8                           @ ../Drivers/STM32H7xx_HAL_Driver/Src/stm32h7xx_hal_dma.c:0:8
	movw	r2, #21572
	movt	r2, #22530
	.loc	2 731 8                         @ ../Drivers/STM32H7xx_HAL_Driver/Src/stm32h7xx_hal_dma.c:731:8
	cmp	r0, r2
	beq	.LBB5_66
.Ltmp553:
@ %bb.51:
	@DEBUG_VALUE: HAL_DMA_Start_IT:DataLength <- [DW_OP_LLVM_entry_value 1] $r3
	@DEBUG_VALUE: HAL_DMA_Start_IT:DstAddress <- [DW_OP_LLVM_entry_value 1] $r2
	@DEBUG_VALUE: HAL_DMA_Start_IT:hdma <- [DW_OP_LLVM_entry_value 1] $r0
	@DEBUG_VALUE: HAL_DMA_Start_IT:SrcAddress <- [DW_OP_LLVM_entry_value 1] $r1
	@DEBUG_VALUE: HAL_DMA_Start_IT:status <- 0
	.loc	2 0 8                           @ ../Drivers/STM32H7xx_HAL_Driver/Src/stm32h7xx_hal_dma.c:0:8
	movw	r2, #21592
	b	.LBB5_64
.Ltmp554:
	.p2align	2
.LBB5_52:
	@DEBUG_VALUE: HAL_DMA_Start_IT:DataLength <- [DW_OP_LLVM_entry_value 1] $r3
	@DEBUG_VALUE: HAL_DMA_Start_IT:DstAddress <- [DW_OP_LLVM_entry_value 1] $r2
	@DEBUG_VALUE: HAL_DMA_Start_IT:hdma <- [DW_OP_LLVM_entry_value 1] $r0
	@DEBUG_VALUE: HAL_DMA_Start_IT:SrcAddress <- [DW_OP_LLVM_entry_value 1] $r1
	@DEBUG_VALUE: HAL_DMA_Start_IT:status <- 0
	movs	r2, #88
	movt	r2, #16386
	.loc	2 731 8                         @ ../Drivers/STM32H7xx_HAL_Driver/Src/stm32h7xx_hal_dma.c:731:8
	cmp	r0, r2
	beq	.LBB5_66
.Ltmp555:
@ %bb.53:
	@DEBUG_VALUE: HAL_DMA_Start_IT:DataLength <- [DW_OP_LLVM_entry_value 1] $r3
	@DEBUG_VALUE: HAL_DMA_Start_IT:DstAddress <- [DW_OP_LLVM_entry_value 1] $r2
	@DEBUG_VALUE: HAL_DMA_Start_IT:hdma <- [DW_OP_LLVM_entry_value 1] $r0
	@DEBUG_VALUE: HAL_DMA_Start_IT:SrcAddress <- [DW_OP_LLVM_entry_value 1] $r1
	@DEBUG_VALUE: HAL_DMA_Start_IT:status <- 0
	.loc	2 0 8                           @ ../Drivers/STM32H7xx_HAL_Driver/Src/stm32h7xx_hal_dma.c:0:8
	movs	r2, #112
	movt	r2, #16386
	.loc	2 731 8                         @ ../Drivers/STM32H7xx_HAL_Driver/Src/stm32h7xx_hal_dma.c:731:8
	cmp	r0, r2
	beq	.LBB5_66
.Ltmp556:
@ %bb.54:
	@DEBUG_VALUE: HAL_DMA_Start_IT:DataLength <- [DW_OP_LLVM_entry_value 1] $r3
	@DEBUG_VALUE: HAL_DMA_Start_IT:DstAddress <- [DW_OP_LLVM_entry_value 1] $r2
	@DEBUG_VALUE: HAL_DMA_Start_IT:hdma <- [DW_OP_LLVM_entry_value 1] $r0
	@DEBUG_VALUE: HAL_DMA_Start_IT:SrcAddress <- [DW_OP_LLVM_entry_value 1] $r1
	@DEBUG_VALUE: HAL_DMA_Start_IT:status <- 0
	.loc	2 0 8                           @ ../Drivers/STM32H7xx_HAL_Driver/Src/stm32h7xx_hal_dma.c:0:8
	movs	r2, #136
	movt	r2, #16386
	.loc	2 731 8                         @ ../Drivers/STM32H7xx_HAL_Driver/Src/stm32h7xx_hal_dma.c:731:8
	b	.LBB5_65
.Ltmp557:
	.loc	2 0 8                           @ :0:8
.Ltmp558:
	.p2align	2
.LBB5_55:
	@DEBUG_VALUE: HAL_DMA_Start_IT:DataLength <- [DW_OP_LLVM_entry_value 1] $r3
	@DEBUG_VALUE: HAL_DMA_Start_IT:DstAddress <- [DW_OP_LLVM_entry_value 1] $r2
	@DEBUG_VALUE: HAL_DMA_Start_IT:hdma <- [DW_OP_LLVM_entry_value 1] $r0
	@DEBUG_VALUE: HAL_DMA_Start_IT:SrcAddress <- [DW_OP_LLVM_entry_value 1] $r1
	@DEBUG_VALUE: HAL_DMA_Start_IT:status <- 0
	movw	r2, #1208
	movt	r2, #16386
	.loc	2 731 8                         @ ../Drivers/STM32H7xx_HAL_Driver/Src/stm32h7xx_hal_dma.c:731:8
	cmp	r0, r2
	beq	.LBB5_66
.Ltmp559:
@ %bb.56:
	@DEBUG_VALUE: HAL_DMA_Start_IT:DataLength <- [DW_OP_LLVM_entry_value 1] $r3
	@DEBUG_VALUE: HAL_DMA_Start_IT:DstAddress <- [DW_OP_LLVM_entry_value 1] $r2
	@DEBUG_VALUE: HAL_DMA_Start_IT:hdma <- [DW_OP_LLVM_entry_value 1] $r0
	@DEBUG_VALUE: HAL_DMA_Start_IT:SrcAddress <- [DW_OP_LLVM_entry_value 1] $r1
	@DEBUG_VALUE: HAL_DMA_Start_IT:status <- 0
	.loc	2 0 8                           @ ../Drivers/STM32H7xx_HAL_Driver/Src/stm32h7xx_hal_dma.c:0:8
	movw	r2, #21512
	movt	r2, #22530
	.loc	2 731 8                         @ ../Drivers/STM32H7xx_HAL_Driver/Src/stm32h7xx_hal_dma.c:731:8
	cmp	r0, r2
	beq	.LBB5_66
.Ltmp560:
@ %bb.57:
	@DEBUG_VALUE: HAL_DMA_Start_IT:DataLength <- [DW_OP_LLVM_entry_value 1] $r3
	@DEBUG_VALUE: HAL_DMA_Start_IT:DstAddress <- [DW_OP_LLVM_entry_value 1] $r2
	@DEBUG_VALUE: HAL_DMA_Start_IT:hdma <- [DW_OP_LLVM_entry_value 1] $r0
	@DEBUG_VALUE: HAL_DMA_Start_IT:SrcAddress <- [DW_OP_LLVM_entry_value 1] $r1
	@DEBUG_VALUE: HAL_DMA_Start_IT:status <- 0
	.loc	2 0 8                           @ ../Drivers/STM32H7xx_HAL_Driver/Src/stm32h7xx_hal_dma.c:0:8
	movw	r2, #21532
	b	.LBB5_64
.Ltmp561:
	.p2align	2
.LBB5_58:
	@DEBUG_VALUE: HAL_DMA_Start_IT:DataLength <- [DW_OP_LLVM_entry_value 1] $r3
	@DEBUG_VALUE: HAL_DMA_Start_IT:DstAddress <- [DW_OP_LLVM_entry_value 1] $r2
	@DEBUG_VALUE: HAL_DMA_Start_IT:hdma <- [DW_OP_LLVM_entry_value 1] $r0
	@DEBUG_VALUE: HAL_DMA_Start_IT:SrcAddress <- [DW_OP_LLVM_entry_value 1] $r1
	@DEBUG_VALUE: HAL_DMA_Start_IT:status <- 0
	movw	r2, #1064
	movt	r2, #16386
	.loc	2 731 8                         @ ../Drivers/STM32H7xx_HAL_Driver/Src/stm32h7xx_hal_dma.c:731:8
	cmp	r0, r2
	beq	.LBB5_66
.Ltmp562:
@ %bb.59:
	@DEBUG_VALUE: HAL_DMA_Start_IT:DataLength <- [DW_OP_LLVM_entry_value 1] $r3
	@DEBUG_VALUE: HAL_DMA_Start_IT:DstAddress <- [DW_OP_LLVM_entry_value 1] $r2
	@DEBUG_VALUE: HAL_DMA_Start_IT:hdma <- [DW_OP_LLVM_entry_value 1] $r0
	@DEBUG_VALUE: HAL_DMA_Start_IT:SrcAddress <- [DW_OP_LLVM_entry_value 1] $r1
	@DEBUG_VALUE: HAL_DMA_Start_IT:status <- 0
	.loc	2 0 8                           @ ../Drivers/STM32H7xx_HAL_Driver/Src/stm32h7xx_hal_dma.c:0:8
	movw	r2, #1088
	movt	r2, #16386
	.loc	2 731 8                         @ ../Drivers/STM32H7xx_HAL_Driver/Src/stm32h7xx_hal_dma.c:731:8
	cmp	r0, r2
	beq	.LBB5_66
.Ltmp563:
@ %bb.60:
	@DEBUG_VALUE: HAL_DMA_Start_IT:DataLength <- [DW_OP_LLVM_entry_value 1] $r3
	@DEBUG_VALUE: HAL_DMA_Start_IT:DstAddress <- [DW_OP_LLVM_entry_value 1] $r2
	@DEBUG_VALUE: HAL_DMA_Start_IT:hdma <- [DW_OP_LLVM_entry_value 1] $r0
	@DEBUG_VALUE: HAL_DMA_Start_IT:SrcAddress <- [DW_OP_LLVM_entry_value 1] $r1
	@DEBUG_VALUE: HAL_DMA_Start_IT:status <- 0
	.loc	2 0 8                           @ ../Drivers/STM32H7xx_HAL_Driver/Src/stm32h7xx_hal_dma.c:0:8
	movw	r2, #1112
	movt	r2, #16386
	.loc	2 731 8                         @ ../Drivers/STM32H7xx_HAL_Driver/Src/stm32h7xx_hal_dma.c:731:8
	b	.LBB5_65
.Ltmp564:
	.loc	2 0 8                           @ :0:8
.Ltmp565:
	.p2align	2
.LBB5_61:
	@DEBUG_VALUE: HAL_DMA_Start_IT:DataLength <- [DW_OP_LLVM_entry_value 1] $r3
	@DEBUG_VALUE: HAL_DMA_Start_IT:DstAddress <- [DW_OP_LLVM_entry_value 1] $r2
	@DEBUG_VALUE: HAL_DMA_Start_IT:hdma <- [DW_OP_LLVM_entry_value 1] $r0
	@DEBUG_VALUE: HAL_DMA_Start_IT:SrcAddress <- [DW_OP_LLVM_entry_value 1] $r1
	@DEBUG_VALUE: HAL_DMA_Start_IT:status <- 0
	movw	r2, #21612
	movt	r2, #22530
	.loc	2 731 8                         @ ../Drivers/STM32H7xx_HAL_Driver/Src/stm32h7xx_hal_dma.c:731:8
	cmp	r0, r2
	beq	.LBB5_66
.Ltmp566:
@ %bb.62:
	@DEBUG_VALUE: HAL_DMA_Start_IT:DataLength <- [DW_OP_LLVM_entry_value 1] $r3
	@DEBUG_VALUE: HAL_DMA_Start_IT:DstAddress <- [DW_OP_LLVM_entry_value 1] $r2
	@DEBUG_VALUE: HAL_DMA_Start_IT:hdma <- [DW_OP_LLVM_entry_value 1] $r0
	@DEBUG_VALUE: HAL_DMA_Start_IT:SrcAddress <- [DW_OP_LLVM_entry_value 1] $r1
	@DEBUG_VALUE: HAL_DMA_Start_IT:status <- 0
	.loc	2 0 8                           @ ../Drivers/STM32H7xx_HAL_Driver/Src/stm32h7xx_hal_dma.c:0:8
	movw	r2, #21652
	movt	r2, #22530
	.loc	2 731 8                         @ ../Drivers/STM32H7xx_HAL_Driver/Src/stm32h7xx_hal_dma.c:731:8
	cmp	r0, r2
	beq	.LBB5_66
.Ltmp567:
@ %bb.63:
	@DEBUG_VALUE: HAL_DMA_Start_IT:DataLength <- [DW_OP_LLVM_entry_value 1] $r3
	@DEBUG_VALUE: HAL_DMA_Start_IT:DstAddress <- [DW_OP_LLVM_entry_value 1] $r2
	@DEBUG_VALUE: HAL_DMA_Start_IT:hdma <- [DW_OP_LLVM_entry_value 1] $r0
	@DEBUG_VALUE: HAL_DMA_Start_IT:SrcAddress <- [DW_OP_LLVM_entry_value 1] $r1
	@DEBUG_VALUE: HAL_DMA_Start_IT:status <- 0
	.loc	2 0 8                           @ ../Drivers/STM32H7xx_HAL_Driver/Src/stm32h7xx_hal_dma.c:0:8
	movw	r2, #21632
.Ltmp568:
.LBB5_64:
	@DEBUG_VALUE: HAL_DMA_Start_IT:DataLength <- [DW_OP_LLVM_entry_value 1] $r3
	@DEBUG_VALUE: HAL_DMA_Start_IT:DstAddress <- [DW_OP_LLVM_entry_value 1] $r2
	@DEBUG_VALUE: HAL_DMA_Start_IT:hdma <- [DW_OP_LLVM_entry_value 1] $r0
	@DEBUG_VALUE: HAL_DMA_Start_IT:SrcAddress <- [DW_OP_LLVM_entry_value 1] $r1
	@DEBUG_VALUE: HAL_DMA_Start_IT:status <- 0
	movt	r2, #22530
.Ltmp569:
.LBB5_65:
	@DEBUG_VALUE: HAL_DMA_Start_IT:DataLength <- [DW_OP_LLVM_entry_value 1] $r3
	@DEBUG_VALUE: HAL_DMA_Start_IT:DstAddress <- [DW_OP_LLVM_entry_value 1] $r2
	@DEBUG_VALUE: HAL_DMA_Start_IT:hdma <- [DW_OP_LLVM_entry_value 1] $r0
	@DEBUG_VALUE: HAL_DMA_Start_IT:SrcAddress <- [DW_OP_LLVM_entry_value 1] $r1
	@DEBUG_VALUE: HAL_DMA_Start_IT:status <- 0
	.loc	2 731 8                         @ ../Drivers/STM32H7xx_HAL_Driver/Src/stm32h7xx_hal_dma.c:731:8
	cmp	r0, r2
	bne	.LBB5_94
.Ltmp570:
.LBB5_66:
	@DEBUG_VALUE: HAL_DMA_Start_IT:DataLength <- [DW_OP_LLVM_entry_value 1] $r3
	@DEBUG_VALUE: HAL_DMA_Start_IT:DstAddress <- [DW_OP_LLVM_entry_value 1] $r2
	@DEBUG_VALUE: HAL_DMA_Start_IT:hdma <- [DW_OP_LLVM_entry_value 1] $r0
	@DEBUG_VALUE: HAL_DMA_Start_IT:SrcAddress <- [DW_OP_LLVM_entry_value 1] $r1
	@DEBUG_VALUE: HAL_DMA_Start_IT:status <- 0
	.loc	2 734 17 is_stmt 1              @ ../Drivers/STM32H7xx_HAL_Driver/Src/stm32h7xx_hal_dma.c:734:17
	ldr	r3, [r4, #96]
	.loc	2 734 32 is_stmt 0              @ ../Drivers/STM32H7xx_HAL_Driver/Src/stm32h7xx_hal_dma.c:734:32
	ldr	r2, [r3]
.Ltmp571:
	.loc	2 734 10                        @ ../Drivers/STM32H7xx_HAL_Driver/Src/stm32h7xx_hal_dma.c:734:10
	lsls	r2, r2, #15
	bpl	.LBB5_68
.Ltmp572:
@ %bb.67:
	@DEBUG_VALUE: HAL_DMA_Start_IT:DataLength <- [DW_OP_LLVM_entry_value 1] $r3
	@DEBUG_VALUE: HAL_DMA_Start_IT:DstAddress <- [DW_OP_LLVM_entry_value 1] $r2
	@DEBUG_VALUE: HAL_DMA_Start_IT:hdma <- [DW_OP_LLVM_entry_value 1] $r0
	@DEBUG_VALUE: HAL_DMA_Start_IT:SrcAddress <- [DW_OP_LLVM_entry_value 1] $r1
	@DEBUG_VALUE: HAL_DMA_Start_IT:status <- 0
	.loc	2 737 34 is_stmt 1              @ ../Drivers/STM32H7xx_HAL_Driver/Src/stm32h7xx_hal_dma.c:737:34
	ldr	r2, [r3]
	orr	r2, r2, #256
	str	r2, [r3]
.Ltmp573:
.LBB5_68:
	@DEBUG_VALUE: HAL_DMA_Start_IT:DataLength <- [DW_OP_LLVM_entry_value 1] $r3
	@DEBUG_VALUE: HAL_DMA_Start_IT:DstAddress <- [DW_OP_LLVM_entry_value 1] $r2
	@DEBUG_VALUE: HAL_DMA_Start_IT:hdma <- [DW_OP_LLVM_entry_value 1] $r0
	@DEBUG_VALUE: HAL_DMA_Start_IT:SrcAddress <- [DW_OP_LLVM_entry_value 1] $r1
	@DEBUG_VALUE: HAL_DMA_Start_IT:status <- 0
	.loc	2 740 16                        @ ../Drivers/STM32H7xx_HAL_Driver/Src/stm32h7xx_hal_dma.c:740:16
	ldr	r3, [r4, #108]
.Ltmp574:
	.loc	2 740 10 is_stmt 0              @ ../Drivers/STM32H7xx_HAL_Driver/Src/stm32h7xx_hal_dma.c:740:10
	cbz	r3, .LBB5_70
.Ltmp575:
@ %bb.69:
	@DEBUG_VALUE: HAL_DMA_Start_IT:DataLength <- [DW_OP_LLVM_entry_value 1] $r3
	@DEBUG_VALUE: HAL_DMA_Start_IT:DstAddress <- [DW_OP_LLVM_entry_value 1] $r2
	@DEBUG_VALUE: HAL_DMA_Start_IT:hdma <- [DW_OP_LLVM_entry_value 1] $r0
	@DEBUG_VALUE: HAL_DMA_Start_IT:SrcAddress <- [DW_OP_LLVM_entry_value 1] $r1
	@DEBUG_VALUE: HAL_DMA_Start_IT:status <- 0
	.loc	2 744 38 is_stmt 1              @ ../Drivers/STM32H7xx_HAL_Driver/Src/stm32h7xx_hal_dma.c:744:38
	ldr	r2, [r3]
	orr	r2, r2, #256
	str	r2, [r3]
.Ltmp576:
.LBB5_70:
	@DEBUG_VALUE: HAL_DMA_Start_IT:DataLength <- [DW_OP_LLVM_entry_value 1] $r3
	@DEBUG_VALUE: HAL_DMA_Start_IT:DstAddress <- [DW_OP_LLVM_entry_value 1] $r2
	@DEBUG_VALUE: HAL_DMA_Start_IT:hdma <- [DW_OP_LLVM_entry_value 1] $r0
	@DEBUG_VALUE: HAL_DMA_Start_IT:SrcAddress <- [DW_OP_LLVM_entry_value 1] $r1
	@DEBUG_VALUE: HAL_DMA_Start_IT:status <- 0
	.loc	2 749 5                         @ ../Drivers/STM32H7xx_HAL_Driver/Src/stm32h7xx_hal_dma.c:749:5
	cmp	r0, r12
	bgt	.LBB5_75
.Ltmp577:
@ %bb.71:
	@DEBUG_VALUE: HAL_DMA_Start_IT:DataLength <- [DW_OP_LLVM_entry_value 1] $r3
	@DEBUG_VALUE: HAL_DMA_Start_IT:DstAddress <- [DW_OP_LLVM_entry_value 1] $r2
	@DEBUG_VALUE: HAL_DMA_Start_IT:hdma <- [DW_OP_LLVM_entry_value 1] $r0
	@DEBUG_VALUE: HAL_DMA_Start_IT:SrcAddress <- [DW_OP_LLVM_entry_value 1] $r1
	@DEBUG_VALUE: HAL_DMA_Start_IT:status <- 0
	.loc	2 0 5 is_stmt 0                 @ ../Drivers/STM32H7xx_HAL_Driver/Src/stm32h7xx_hal_dma.c:0:5
	movs	r1, #111
	movt	r1, #16386
	.loc	2 749 5                         @ ../Drivers/STM32H7xx_HAL_Driver/Src/stm32h7xx_hal_dma.c:749:5
	cmp	r0, r1
	bgt	.LBB5_79
.Ltmp578:
@ %bb.72:
	@DEBUG_VALUE: HAL_DMA_Start_IT:DataLength <- [DW_OP_LLVM_entry_value 1] $r3
	@DEBUG_VALUE: HAL_DMA_Start_IT:DstAddress <- [DW_OP_LLVM_entry_value 1] $r2
	@DEBUG_VALUE: HAL_DMA_Start_IT:hdma <- [DW_OP_LLVM_entry_value 1] $r0
	@DEBUG_VALUE: HAL_DMA_Start_IT:SrcAddress <- [DW_OP_LLVM_entry_value 1] $r1
	@DEBUG_VALUE: HAL_DMA_Start_IT:status <- 0
	.loc	2 0 5                           @ ../Drivers/STM32H7xx_HAL_Driver/Src/stm32h7xx_hal_dma.c:0:5
	movs	r1, #63
	movt	r1, #16386
	.loc	2 749 5                         @ ../Drivers/STM32H7xx_HAL_Driver/Src/stm32h7xx_hal_dma.c:749:5
	cmp	r0, r1
	bgt	.LBB5_85
.Ltmp579:
@ %bb.73:
	@DEBUG_VALUE: HAL_DMA_Start_IT:DataLength <- [DW_OP_LLVM_entry_value 1] $r3
	@DEBUG_VALUE: HAL_DMA_Start_IT:DstAddress <- [DW_OP_LLVM_entry_value 1] $r2
	@DEBUG_VALUE: HAL_DMA_Start_IT:hdma <- [DW_OP_LLVM_entry_value 1] $r0
	@DEBUG_VALUE: HAL_DMA_Start_IT:SrcAddress <- [DW_OP_LLVM_entry_value 1] $r1
	@DEBUG_VALUE: HAL_DMA_Start_IT:status <- 0
	.loc	2 0 5                           @ ../Drivers/STM32H7xx_HAL_Driver/Src/stm32h7xx_hal_dma.c:0:5
	movs	r1, #16
	movt	r1, #16386
	.loc	2 749 5                         @ ../Drivers/STM32H7xx_HAL_Driver/Src/stm32h7xx_hal_dma.c:749:5
	cmp	r0, r1
	beq	.LBB5_94
.Ltmp580:
@ %bb.74:
	@DEBUG_VALUE: HAL_DMA_Start_IT:DataLength <- [DW_OP_LLVM_entry_value 1] $r3
	@DEBUG_VALUE: HAL_DMA_Start_IT:DstAddress <- [DW_OP_LLVM_entry_value 1] $r2
	@DEBUG_VALUE: HAL_DMA_Start_IT:hdma <- [DW_OP_LLVM_entry_value 1] $r0
	@DEBUG_VALUE: HAL_DMA_Start_IT:SrcAddress <- [DW_OP_LLVM_entry_value 1] $r1
	@DEBUG_VALUE: HAL_DMA_Start_IT:status <- 0
	.loc	2 0 5                           @ ../Drivers/STM32H7xx_HAL_Driver/Src/stm32h7xx_hal_dma.c:0:5
	movs	r1, #40
	b	.LBB5_93
.Ltmp581:
	.p2align	2
.LBB5_75:
	@DEBUG_VALUE: HAL_DMA_Start_IT:DataLength <- [DW_OP_LLVM_entry_value 1] $r3
	@DEBUG_VALUE: HAL_DMA_Start_IT:DstAddress <- [DW_OP_LLVM_entry_value 1] $r2
	@DEBUG_VALUE: HAL_DMA_Start_IT:hdma <- [DW_OP_LLVM_entry_value 1] $r0
	@DEBUG_VALUE: HAL_DMA_Start_IT:SrcAddress <- [DW_OP_LLVM_entry_value 1] $r1
	@DEBUG_VALUE: HAL_DMA_Start_IT:status <- 0
	.loc	2 749 5                         @ ../Drivers/STM32H7xx_HAL_Driver/Src/stm32h7xx_hal_dma.c:749:5
	cmp	r0, r1
	bgt	.LBB5_82
.Ltmp582:
@ %bb.76:
	@DEBUG_VALUE: HAL_DMA_Start_IT:DataLength <- [DW_OP_LLVM_entry_value 1] $r3
	@DEBUG_VALUE: HAL_DMA_Start_IT:DstAddress <- [DW_OP_LLVM_entry_value 1] $r2
	@DEBUG_VALUE: HAL_DMA_Start_IT:hdma <- [DW_OP_LLVM_entry_value 1] $r0
	@DEBUG_VALUE: HAL_DMA_Start_IT:SrcAddress <- [DW_OP_LLVM_entry_value 1] $r1
	@DEBUG_VALUE: HAL_DMA_Start_IT:status <- 0
	.loc	2 0 5                           @ ../Drivers/STM32H7xx_HAL_Driver/Src/stm32h7xx_hal_dma.c:0:5
	movw	r1, #1087
	movt	r1, #16386
	.loc	2 749 5                         @ ../Drivers/STM32H7xx_HAL_Driver/Src/stm32h7xx_hal_dma.c:749:5
	cmp	r0, r1
	bgt	.LBB5_87
.Ltmp583:
@ %bb.77:
	@DEBUG_VALUE: HAL_DMA_Start_IT:DataLength <- [DW_OP_LLVM_entry_value 1] $r3
	@DEBUG_VALUE: HAL_DMA_Start_IT:DstAddress <- [DW_OP_LLVM_entry_value 1] $r2
	@DEBUG_VALUE: HAL_DMA_Start_IT:hdma <- [DW_OP_LLVM_entry_value 1] $r0
	@DEBUG_VALUE: HAL_DMA_Start_IT:SrcAddress <- [DW_OP_LLVM_entry_value 1] $r1
	@DEBUG_VALUE: HAL_DMA_Start_IT:status <- 0
	.loc	2 0 5                           @ ../Drivers/STM32H7xx_HAL_Driver/Src/stm32h7xx_hal_dma.c:0:5
	movw	r1, #1040
	movt	r1, #16386
	.loc	2 749 5                         @ ../Drivers/STM32H7xx_HAL_Driver/Src/stm32h7xx_hal_dma.c:749:5
	cmp	r0, r1
	beq	.LBB5_94
.Ltmp584:
@ %bb.78:
	@DEBUG_VALUE: HAL_DMA_Start_IT:DataLength <- [DW_OP_LLVM_entry_value 1] $r3
	@DEBUG_VALUE: HAL_DMA_Start_IT:DstAddress <- [DW_OP_LLVM_entry_value 1] $r2
	@DEBUG_VALUE: HAL_DMA_Start_IT:hdma <- [DW_OP_LLVM_entry_value 1] $r0
	@DEBUG_VALUE: HAL_DMA_Start_IT:SrcAddress <- [DW_OP_LLVM_entry_value 1] $r1
	@DEBUG_VALUE: HAL_DMA_Start_IT:status <- 0
	.loc	2 0 5                           @ ../Drivers/STM32H7xx_HAL_Driver/Src/stm32h7xx_hal_dma.c:0:5
	movw	r1, #1064
	b	.LBB5_93
.Ltmp585:
	.p2align	2
.LBB5_79:
	@DEBUG_VALUE: HAL_DMA_Start_IT:DataLength <- [DW_OP_LLVM_entry_value 1] $r3
	@DEBUG_VALUE: HAL_DMA_Start_IT:DstAddress <- [DW_OP_LLVM_entry_value 1] $r2
	@DEBUG_VALUE: HAL_DMA_Start_IT:hdma <- [DW_OP_LLVM_entry_value 1] $r0
	@DEBUG_VALUE: HAL_DMA_Start_IT:SrcAddress <- [DW_OP_LLVM_entry_value 1] $r1
	@DEBUG_VALUE: HAL_DMA_Start_IT:status <- 0
	movs	r1, #159
	movt	r1, #16386
	.loc	2 749 5                         @ ../Drivers/STM32H7xx_HAL_Driver/Src/stm32h7xx_hal_dma.c:749:5
	cmp	r0, r1
	bgt	.LBB5_89
.Ltmp586:
@ %bb.80:
	@DEBUG_VALUE: HAL_DMA_Start_IT:DataLength <- [DW_OP_LLVM_entry_value 1] $r3
	@DEBUG_VALUE: HAL_DMA_Start_IT:DstAddress <- [DW_OP_LLVM_entry_value 1] $r2
	@DEBUG_VALUE: HAL_DMA_Start_IT:hdma <- [DW_OP_LLVM_entry_value 1] $r0
	@DEBUG_VALUE: HAL_DMA_Start_IT:SrcAddress <- [DW_OP_LLVM_entry_value 1] $r1
	@DEBUG_VALUE: HAL_DMA_Start_IT:status <- 0
	.loc	2 0 5                           @ ../Drivers/STM32H7xx_HAL_Driver/Src/stm32h7xx_hal_dma.c:0:5
	movs	r1, #112
	movt	r1, #16386
	.loc	2 749 5                         @ ../Drivers/STM32H7xx_HAL_Driver/Src/stm32h7xx_hal_dma.c:749:5
	cmp	r0, r1
	beq	.LBB5_94
.Ltmp587:
@ %bb.81:
	@DEBUG_VALUE: HAL_DMA_Start_IT:DataLength <- [DW_OP_LLVM_entry_value 1] $r3
	@DEBUG_VALUE: HAL_DMA_Start_IT:DstAddress <- [DW_OP_LLVM_entry_value 1] $r2
	@DEBUG_VALUE: HAL_DMA_Start_IT:hdma <- [DW_OP_LLVM_entry_value 1] $r0
	@DEBUG_VALUE: HAL_DMA_Start_IT:SrcAddress <- [DW_OP_LLVM_entry_value 1] $r1
	@DEBUG_VALUE: HAL_DMA_Start_IT:status <- 0
	.loc	2 0 5                           @ ../Drivers/STM32H7xx_HAL_Driver/Src/stm32h7xx_hal_dma.c:0:5
	movs	r1, #136
	b	.LBB5_93
.Ltmp588:
	.p2align	2
.LBB5_82:
	@DEBUG_VALUE: HAL_DMA_Start_IT:DataLength <- [DW_OP_LLVM_entry_value 1] $r3
	@DEBUG_VALUE: HAL_DMA_Start_IT:DstAddress <- [DW_OP_LLVM_entry_value 1] $r2
	@DEBUG_VALUE: HAL_DMA_Start_IT:hdma <- [DW_OP_LLVM_entry_value 1] $r0
	@DEBUG_VALUE: HAL_DMA_Start_IT:SrcAddress <- [DW_OP_LLVM_entry_value 1] $r1
	@DEBUG_VALUE: HAL_DMA_Start_IT:status <- 0
	movw	r1, #1183
	movt	r1, #16386
	.loc	2 749 5                         @ ../Drivers/STM32H7xx_HAL_Driver/Src/stm32h7xx_hal_dma.c:749:5
	cmp	r0, r1
	bgt	.LBB5_91
.Ltmp589:
@ %bb.83:
	@DEBUG_VALUE: HAL_DMA_Start_IT:DataLength <- [DW_OP_LLVM_entry_value 1] $r3
	@DEBUG_VALUE: HAL_DMA_Start_IT:DstAddress <- [DW_OP_LLVM_entry_value 1] $r2
	@DEBUG_VALUE: HAL_DMA_Start_IT:hdma <- [DW_OP_LLVM_entry_value 1] $r0
	@DEBUG_VALUE: HAL_DMA_Start_IT:SrcAddress <- [DW_OP_LLVM_entry_value 1] $r1
	@DEBUG_VALUE: HAL_DMA_Start_IT:status <- 0
	.loc	2 0 5                           @ ../Drivers/STM32H7xx_HAL_Driver/Src/stm32h7xx_hal_dma.c:0:5
	movw	r1, #1136
	movt	r1, #16386
	.loc	2 749 5                         @ ../Drivers/STM32H7xx_HAL_Driver/Src/stm32h7xx_hal_dma.c:749:5
	cmp	r0, r1
	beq	.LBB5_94
.Ltmp590:
@ %bb.84:
	@DEBUG_VALUE: HAL_DMA_Start_IT:DataLength <- [DW_OP_LLVM_entry_value 1] $r3
	@DEBUG_VALUE: HAL_DMA_Start_IT:DstAddress <- [DW_OP_LLVM_entry_value 1] $r2
	@DEBUG_VALUE: HAL_DMA_Start_IT:hdma <- [DW_OP_LLVM_entry_value 1] $r0
	@DEBUG_VALUE: HAL_DMA_Start_IT:SrcAddress <- [DW_OP_LLVM_entry_value 1] $r1
	@DEBUG_VALUE: HAL_DMA_Start_IT:status <- 0
	.loc	2 0 5                           @ ../Drivers/STM32H7xx_HAL_Driver/Src/stm32h7xx_hal_dma.c:0:5
	movw	r1, #1160
	b	.LBB5_93
.Ltmp591:
	.p2align	2
.LBB5_85:
	@DEBUG_VALUE: HAL_DMA_Start_IT:DataLength <- [DW_OP_LLVM_entry_value 1] $r3
	@DEBUG_VALUE: HAL_DMA_Start_IT:DstAddress <- [DW_OP_LLVM_entry_value 1] $r2
	@DEBUG_VALUE: HAL_DMA_Start_IT:hdma <- [DW_OP_LLVM_entry_value 1] $r0
	@DEBUG_VALUE: HAL_DMA_Start_IT:SrcAddress <- [DW_OP_LLVM_entry_value 1] $r1
	@DEBUG_VALUE: HAL_DMA_Start_IT:status <- 0
	movs	r1, #64
	movt	r1, #16386
	.loc	2 749 5                         @ ../Drivers/STM32H7xx_HAL_Driver/Src/stm32h7xx_hal_dma.c:749:5
	cmp	r0, r1
	beq	.LBB5_94
.Ltmp592:
@ %bb.86:
	@DEBUG_VALUE: HAL_DMA_Start_IT:DataLength <- [DW_OP_LLVM_entry_value 1] $r3
	@DEBUG_VALUE: HAL_DMA_Start_IT:DstAddress <- [DW_OP_LLVM_entry_value 1] $r2
	@DEBUG_VALUE: HAL_DMA_Start_IT:hdma <- [DW_OP_LLVM_entry_value 1] $r0
	@DEBUG_VALUE: HAL_DMA_Start_IT:SrcAddress <- [DW_OP_LLVM_entry_value 1] $r1
	@DEBUG_VALUE: HAL_DMA_Start_IT:status <- 0
	.loc	2 0 5                           @ ../Drivers/STM32H7xx_HAL_Driver/Src/stm32h7xx_hal_dma.c:0:5
	movs	r1, #88
	b	.LBB5_93
.Ltmp593:
	.p2align	2
.LBB5_87:
	@DEBUG_VALUE: HAL_DMA_Start_IT:DataLength <- [DW_OP_LLVM_entry_value 1] $r3
	@DEBUG_VALUE: HAL_DMA_Start_IT:DstAddress <- [DW_OP_LLVM_entry_value 1] $r2
	@DEBUG_VALUE: HAL_DMA_Start_IT:hdma <- [DW_OP_LLVM_entry_value 1] $r0
	@DEBUG_VALUE: HAL_DMA_Start_IT:SrcAddress <- [DW_OP_LLVM_entry_value 1] $r1
	@DEBUG_VALUE: HAL_DMA_Start_IT:status <- 0
	movw	r1, #1088
	movt	r1, #16386
	.loc	2 749 5                         @ ../Drivers/STM32H7xx_HAL_Driver/Src/stm32h7xx_hal_dma.c:749:5
	cmp	r0, r1
	beq	.LBB5_94
.Ltmp594:
@ %bb.88:
	@DEBUG_VALUE: HAL_DMA_Start_IT:DataLength <- [DW_OP_LLVM_entry_value 1] $r3
	@DEBUG_VALUE: HAL_DMA_Start_IT:DstAddress <- [DW_OP_LLVM_entry_value 1] $r2
	@DEBUG_VALUE: HAL_DMA_Start_IT:hdma <- [DW_OP_LLVM_entry_value 1] $r0
	@DEBUG_VALUE: HAL_DMA_Start_IT:SrcAddress <- [DW_OP_LLVM_entry_value 1] $r1
	@DEBUG_VALUE: HAL_DMA_Start_IT:status <- 0
	.loc	2 0 5                           @ ../Drivers/STM32H7xx_HAL_Driver/Src/stm32h7xx_hal_dma.c:0:5
	movw	r1, #1112
	b	.LBB5_93
.Ltmp595:
	.p2align	2
.LBB5_89:
	@DEBUG_VALUE: HAL_DMA_Start_IT:DataLength <- [DW_OP_LLVM_entry_value 1] $r3
	@DEBUG_VALUE: HAL_DMA_Start_IT:DstAddress <- [DW_OP_LLVM_entry_value 1] $r2
	@DEBUG_VALUE: HAL_DMA_Start_IT:hdma <- [DW_OP_LLVM_entry_value 1] $r0
	@DEBUG_VALUE: HAL_DMA_Start_IT:SrcAddress <- [DW_OP_LLVM_entry_value 1] $r1
	@DEBUG_VALUE: HAL_DMA_Start_IT:status <- 0
	movs	r1, #160
	movt	r1, #16386
	.loc	2 749 5                         @ ../Drivers/STM32H7xx_HAL_Driver/Src/stm32h7xx_hal_dma.c:749:5
	cmp	r0, r1
	beq	.LBB5_94
.Ltmp596:
@ %bb.90:
	@DEBUG_VALUE: HAL_DMA_Start_IT:DataLength <- [DW_OP_LLVM_entry_value 1] $r3
	@DEBUG_VALUE: HAL_DMA_Start_IT:DstAddress <- [DW_OP_LLVM_entry_value 1] $r2
	@DEBUG_VALUE: HAL_DMA_Start_IT:hdma <- [DW_OP_LLVM_entry_value 1] $r0
	@DEBUG_VALUE: HAL_DMA_Start_IT:SrcAddress <- [DW_OP_LLVM_entry_value 1] $r1
	@DEBUG_VALUE: HAL_DMA_Start_IT:status <- 0
	.loc	2 0 5                           @ ../Drivers/STM32H7xx_HAL_Driver/Src/stm32h7xx_hal_dma.c:0:5
	movs	r1, #184
	b	.LBB5_93
.Ltmp597:
	.p2align	2
.LBB5_91:
	@DEBUG_VALUE: HAL_DMA_Start_IT:DataLength <- [DW_OP_LLVM_entry_value 1] $r3
	@DEBUG_VALUE: HAL_DMA_Start_IT:DstAddress <- [DW_OP_LLVM_entry_value 1] $r2
	@DEBUG_VALUE: HAL_DMA_Start_IT:hdma <- [DW_OP_LLVM_entry_value 1] $r0
	@DEBUG_VALUE: HAL_DMA_Start_IT:SrcAddress <- [DW_OP_LLVM_entry_value 1] $r1
	@DEBUG_VALUE: HAL_DMA_Start_IT:status <- 0
	movw	r1, #1208
	movt	r1, #16386
	.loc	2 749 5                         @ ../Drivers/STM32H7xx_HAL_Driver/Src/stm32h7xx_hal_dma.c:749:5
	cmp	r0, r1
	beq	.LBB5_94
.Ltmp598:
@ %bb.92:
	@DEBUG_VALUE: HAL_DMA_Start_IT:DataLength <- [DW_OP_LLVM_entry_value 1] $r3
	@DEBUG_VALUE: HAL_DMA_Start_IT:DstAddress <- [DW_OP_LLVM_entry_value 1] $r2
	@DEBUG_VALUE: HAL_DMA_Start_IT:hdma <- [DW_OP_LLVM_entry_value 1] $r0
	@DEBUG_VALUE: HAL_DMA_Start_IT:SrcAddress <- [DW_OP_LLVM_entry_value 1] $r1
	@DEBUG_VALUE: HAL_DMA_Start_IT:status <- 0
	.loc	2 0 5                           @ ../Drivers/STM32H7xx_HAL_Driver/Src/stm32h7xx_hal_dma.c:0:5
	movw	r1, #1184
.Ltmp599:
.LBB5_93:
	@DEBUG_VALUE: HAL_DMA_Start_IT:DataLength <- [DW_OP_LLVM_entry_value 1] $r3
	@DEBUG_VALUE: HAL_DMA_Start_IT:DstAddress <- [DW_OP_LLVM_entry_value 1] $r2
	@DEBUG_VALUE: HAL_DMA_Start_IT:hdma <- [DW_OP_LLVM_entry_value 1] $r0
	@DEBUG_VALUE: HAL_DMA_Start_IT:SrcAddress <- [DW_OP_LLVM_entry_value 1] $r1
	@DEBUG_VALUE: HAL_DMA_Start_IT:status <- 0
	movt	r1, #16386
	.loc	2 749 5                         @ ../Drivers/STM32H7xx_HAL_Driver/Src/stm32h7xx_hal_dma.c:749:5
	cmp	r0, r1
.Ltmp600:
.LBB5_94:
	@DEBUG_VALUE: HAL_DMA_Start_IT:DataLength <- [DW_OP_LLVM_entry_value 1] $r3
	@DEBUG_VALUE: HAL_DMA_Start_IT:DstAddress <- [DW_OP_LLVM_entry_value 1] $r2
	@DEBUG_VALUE: HAL_DMA_Start_IT:hdma <- [DW_OP_LLVM_entry_value 1] $r0
	@DEBUG_VALUE: HAL_DMA_Start_IT:SrcAddress <- [DW_OP_LLVM_entry_value 1] $r1
	@DEBUG_VALUE: HAL_DMA_Start_IT:status <- 0
	ldr	r1, [r0]
	orr	r1, r1, #1
	str	r1, [r0]
	movs	r0, #0
	pop	{r4, pc}
.Ltmp601:
	.loc	2 0 5                           @ :0:5
.Ltmp602:
	.p2align	2
.LBB5_95:
	@DEBUG_VALUE: HAL_DMA_Start_IT:DataLength <- [DW_OP_LLVM_entry_value 1] $r3
	@DEBUG_VALUE: HAL_DMA_Start_IT:DstAddress <- [DW_OP_LLVM_entry_value 1] $r2
	@DEBUG_VALUE: HAL_DMA_Start_IT:hdma <- [DW_OP_LLVM_entry_value 1] $r0
	@DEBUG_VALUE: HAL_DMA_Start_IT:SrcAddress <- [DW_OP_LLVM_entry_value 1] $r1
	@DEBUG_VALUE: HAL_DMA_Start_IT:status <- 0
	.loc	2 722 7 is_stmt 1               @ ../Drivers/STM32H7xx_HAL_Driver/Src/stm32h7xx_hal_dma.c:722:7
	ldr	r2, [r0]
	movs	r3, #5
	bfi	r2, r3, #1, #3
	str	r2, [r0]
.Ltmp603:
	.loc	2 724 16                        @ ../Drivers/STM32H7xx_HAL_Driver/Src/stm32h7xx_hal_dma.c:724:16
	ldr	r2, [r4, #64]
.Ltmp604:
	.loc	2 724 10 is_stmt 0              @ ../Drivers/STM32H7xx_HAL_Driver/Src/stm32h7xx_hal_dma.c:724:10
	cmp	r2, #0
	beq.w	.LBB5_33
.Ltmp605:
@ %bb.96:
	@DEBUG_VALUE: HAL_DMA_Start_IT:DataLength <- [DW_OP_LLVM_entry_value 1] $r3
	@DEBUG_VALUE: HAL_DMA_Start_IT:DstAddress <- [DW_OP_LLVM_entry_value 1] $r2
	@DEBUG_VALUE: HAL_DMA_Start_IT:hdma <- [DW_OP_LLVM_entry_value 1] $r0
	@DEBUG_VALUE: HAL_DMA_Start_IT:SrcAddress <- [DW_OP_LLVM_entry_value 1] $r1
	@DEBUG_VALUE: HAL_DMA_Start_IT:status <- 0
	.loc	2 0 10                          @ ../Drivers/STM32H7xx_HAL_Driver/Src/stm32h7xx_hal_dma.c:0:10
	movs	r3, #4
	b	.LBB5_32
.Lfunc_end5:
	.size	HAL_DMA_Start_IT, .Lfunc_end5-HAL_DMA_Start_IT
	.cfi_endproc
	.cantunwind
	.fnend
                                        @ -- End function
	.section	.text.HAL_DMA_Abort,"ax",%progbits
	.hidden	HAL_DMA_Abort                   @ -- Begin function HAL_DMA_Abort
	.globl	HAL_DMA_Abort
	.p2align	3
	.type	HAL_DMA_Abort,%function
	.code	16                              @ @HAL_DMA_Abort
	.thumb_func
HAL_DMA_Abort:
.Lfunc_begin6:
	.loc	2 779 0 is_stmt 1               @ ../Drivers/STM32H7xx_HAL_Driver/Src/stm32h7xx_hal_dma.c:779:0
	.fnstart
	.cfi_startproc
@ %bb.0:
	@DEBUG_VALUE: HAL_DMA_Abort:hdma <- $r0
	.save	{r4, r5, r6, r7, r8, lr}
	push.w	{r4, r5, r6, r7, r8, lr}
	.cfi_def_cfa_offset 24
	.cfi_offset lr, -4
	.cfi_offset r8, -8
	.cfi_offset r7, -12
	.cfi_offset r6, -16
	.cfi_offset r5, -20
	.cfi_offset r4, -24
	mov	r4, r0
.Ltmp606:
	@DEBUG_VALUE: HAL_DMA_Abort:hdma <- $r4
	@DEBUG_VALUE: HAL_DMA_Abort:hdma <- $r4
	.loc	2 785 24 prologue_end           @ ../Drivers/STM32H7xx_HAL_Driver/Src/stm32h7xx_hal_dma.c:785:24
	bl	HAL_GetTick
.Ltmp607:
	@DEBUG_VALUE: HAL_DMA_Abort:tickstart <- $r0
	.loc	2 788 6                         @ ../Drivers/STM32H7xx_HAL_Driver/Src/stm32h7xx_hal_dma.c:788:6
	cbz	r4, .LBB6_7
.Ltmp608:
@ %bb.1:
	@DEBUG_VALUE: HAL_DMA_Abort:tickstart <- $r0
	@DEBUG_VALUE: HAL_DMA_Abort:hdma <- $r4
	.loc	2 0 0 is_stmt 0                 @ ../Drivers/STM32H7xx_HAL_Driver/Src/stm32h7xx_hal_dma.c:0:0
	mov	r5, r0
.Ltmp609:
	@DEBUG_VALUE: HAL_DMA_Abort:tickstart <- $r5
	@DEBUG_VALUE: HAL_DMA_Abort:tickstart <- $r5
	.loc	2 794 12 is_stmt 1              @ ../Drivers/STM32H7xx_HAL_Driver/Src/stm32h7xx_hal_dma.c:794:12
	ldrb.w	r0, [r4, #53]
.Ltmp610:
	.loc	2 794 6 is_stmt 0               @ ../Drivers/STM32H7xx_HAL_Driver/Src/stm32h7xx_hal_dma.c:794:6
	cmp	r0, #2
	bne	.LBB6_8
.Ltmp611:
@ %bb.2:
	@DEBUG_VALUE: HAL_DMA_Abort:tickstart <- $r5
	@DEBUG_VALUE: HAL_DMA_Abort:hdma <- $r4
	.loc	2 806 5 is_stmt 1               @ ../Drivers/STM32H7xx_HAL_Driver/Src/stm32h7xx_hal_dma.c:806:5
	ldr	r7, [r4]
	movw	r6, #1039
	movt	r6, #16386
	movw	r8, #1135
	ldr	r0, [r7]
.Ltmp612:
	.loc	2 809 8                         @ ../Drivers/STM32H7xx_HAL_Driver/Src/stm32h7xx_hal_dma.c:809:8
	cmp	r7, r6
.Ltmp613:
	.loc	2 806 5                         @ ../Drivers/STM32H7xx_HAL_Driver/Src/stm32h7xx_hal_dma.c:806:5
	bic	r0, r0, #1
	str	r0, [r7]
	mvn	r0, #14
	movt	r8, #16386
.Ltmp614:
	.loc	2 809 8                         @ ../Drivers/STM32H7xx_HAL_Driver/Src/stm32h7xx_hal_dma.c:809:8
	bgt	.LBB6_9
.Ltmp615:
@ %bb.3:
	@DEBUG_VALUE: HAL_DMA_Abort:tickstart <- $r5
	@DEBUG_VALUE: HAL_DMA_Abort:hdma <- $r4
	.loc	2 0 8 is_stmt 0                 @ ../Drivers/STM32H7xx_HAL_Driver/Src/stm32h7xx_hal_dma.c:0:8
	movs	r1, #111
	movt	r1, #16386
	.loc	2 809 8                         @ ../Drivers/STM32H7xx_HAL_Driver/Src/stm32h7xx_hal_dma.c:809:8
	cmp	r7, r1
	bgt	.LBB6_13
.Ltmp616:
@ %bb.4:
	@DEBUG_VALUE: HAL_DMA_Abort:tickstart <- $r5
	@DEBUG_VALUE: HAL_DMA_Abort:hdma <- $r4
	.loc	2 0 8                           @ ../Drivers/STM32H7xx_HAL_Driver/Src/stm32h7xx_hal_dma.c:0:8
	movs	r1, #63
	movt	r1, #16386
	.loc	2 809 8                         @ ../Drivers/STM32H7xx_HAL_Driver/Src/stm32h7xx_hal_dma.c:809:8
	cmp	r7, r1
	bgt	.LBB6_19
.Ltmp617:
@ %bb.5:
	@DEBUG_VALUE: HAL_DMA_Abort:tickstart <- $r5
	@DEBUG_VALUE: HAL_DMA_Abort:hdma <- $r4
	.loc	2 0 8                           @ ../Drivers/STM32H7xx_HAL_Driver/Src/stm32h7xx_hal_dma.c:0:8
	movs	r1, #16
	movt	r1, #16386
	.loc	2 809 8                         @ ../Drivers/STM32H7xx_HAL_Driver/Src/stm32h7xx_hal_dma.c:809:8
	cmp	r7, r1
	beq	.LBB6_28
.Ltmp618:
@ %bb.6:
	@DEBUG_VALUE: HAL_DMA_Abort:tickstart <- $r5
	@DEBUG_VALUE: HAL_DMA_Abort:hdma <- $r4
	.loc	2 0 8                           @ ../Drivers/STM32H7xx_HAL_Driver/Src/stm32h7xx_hal_dma.c:0:8
	movs	r1, #40
	b	.LBB6_27
.Ltmp619:
	.p2align	2
.LBB6_7:
	@DEBUG_VALUE: HAL_DMA_Abort:tickstart <- $r0
	@DEBUG_VALUE: HAL_DMA_Abort:hdma <- $r4
	movs	r0, #1
.Ltmp620:
	.loc	2 886 1 epilogue_begin is_stmt 1 @ ../Drivers/STM32H7xx_HAL_Driver/Src/stm32h7xx_hal_dma.c:886:1
	pop.w	{r4, r5, r6, r7, r8, pc}
.Ltmp621:
	.loc	2 0 1 is_stmt 0                 @ :0:1
.Ltmp622:
	.p2align	2
.LBB6_8:
	@DEBUG_VALUE: HAL_DMA_Abort:tickstart <- $r5
	@DEBUG_VALUE: HAL_DMA_Abort:hdma <- $r4
	movs	r0, #128
.Ltmp623:
	.loc	2 796 21 is_stmt 1              @ ../Drivers/STM32H7xx_HAL_Driver/Src/stm32h7xx_hal_dma.c:796:21
	str	r0, [r4, #84]
	movs	r0, #1
	movs	r1, #0
.Ltmp624:
	.loc	2 0 0 is_stmt 0                 @ ../Drivers/STM32H7xx_HAL_Driver/Src/stm32h7xx_hal_dma.c:0:0
	strb.w	r1, [r4, #52]
.Ltmp625:
	.loc	2 886 1 epilogue_begin is_stmt 1 @ ../Drivers/STM32H7xx_HAL_Driver/Src/stm32h7xx_hal_dma.c:886:1
	pop.w	{r4, r5, r6, r7, r8, pc}
.Ltmp626:
	.loc	2 0 1 is_stmt 0                 @ :0:1
.Ltmp627:
	.p2align	2
.LBB6_9:
	@DEBUG_VALUE: HAL_DMA_Abort:tickstart <- $r5
	@DEBUG_VALUE: HAL_DMA_Abort:hdma <- $r4
	.loc	2 809 8 is_stmt 1               @ ../Drivers/STM32H7xx_HAL_Driver/Src/stm32h7xx_hal_dma.c:809:8
	cmp	r7, r8
	bgt	.LBB6_16
.Ltmp628:
@ %bb.10:
	@DEBUG_VALUE: HAL_DMA_Abort:tickstart <- $r5
	@DEBUG_VALUE: HAL_DMA_Abort:hdma <- $r4
	.loc	2 0 8 is_stmt 0                 @ ../Drivers/STM32H7xx_HAL_Driver/Src/stm32h7xx_hal_dma.c:0:8
	movw	r1, #1087
	movt	r1, #16386
	.loc	2 809 8                         @ ../Drivers/STM32H7xx_HAL_Driver/Src/stm32h7xx_hal_dma.c:809:8
	cmp	r7, r1
	bgt	.LBB6_21
.Ltmp629:
@ %bb.11:
	@DEBUG_VALUE: HAL_DMA_Abort:tickstart <- $r5
	@DEBUG_VALUE: HAL_DMA_Abort:hdma <- $r4
	.loc	2 0 8                           @ ../Drivers/STM32H7xx_HAL_Driver/Src/stm32h7xx_hal_dma.c:0:8
	movw	r1, #1040
	movt	r1, #16386
	.loc	2 809 8                         @ ../Drivers/STM32H7xx_HAL_Driver/Src/stm32h7xx_hal_dma.c:809:8
	cmp	r7, r1
	beq	.LBB6_28
.Ltmp630:
@ %bb.12:
	@DEBUG_VALUE: HAL_DMA_Abort:tickstart <- $r5
	@DEBUG_VALUE: HAL_DMA_Abort:hdma <- $r4
	.loc	2 0 8                           @ ../Drivers/STM32H7xx_HAL_Driver/Src/stm32h7xx_hal_dma.c:0:8
	movw	r1, #1064
	b	.LBB6_27
.Ltmp631:
	.p2align	2
.LBB6_13:
	@DEBUG_VALUE: HAL_DMA_Abort:tickstart <- $r5
	@DEBUG_VALUE: HAL_DMA_Abort:hdma <- $r4
	movs	r1, #159
	movt	r1, #16386
	.loc	2 809 8                         @ ../Drivers/STM32H7xx_HAL_Driver/Src/stm32h7xx_hal_dma.c:809:8
	cmp	r7, r1
	bgt	.LBB6_23
.Ltmp632:
@ %bb.14:
	@DEBUG_VALUE: HAL_DMA_Abort:tickstart <- $r5
	@DEBUG_VALUE: HAL_DMA_Abort:hdma <- $r4
	.loc	2 0 8                           @ ../Drivers/STM32H7xx_HAL_Driver/Src/stm32h7xx_hal_dma.c:0:8
	movs	r1, #112
	movt	r1, #16386
	.loc	2 809 8                         @ ../Drivers/STM32H7xx_HAL_Driver/Src/stm32h7xx_hal_dma.c:809:8
	cmp	r7, r1
	beq	.LBB6_28
.Ltmp633:
@ %bb.15:
	@DEBUG_VALUE: HAL_DMA_Abort:tickstart <- $r5
	@DEBUG_VALUE: HAL_DMA_Abort:hdma <- $r4
	.loc	2 0 8                           @ ../Drivers/STM32H7xx_HAL_Driver/Src/stm32h7xx_hal_dma.c:0:8
	movs	r1, #136
	b	.LBB6_27
.Ltmp634:
	.p2align	2
.LBB6_16:
	@DEBUG_VALUE: HAL_DMA_Abort:tickstart <- $r5
	@DEBUG_VALUE: HAL_DMA_Abort:hdma <- $r4
	movw	r1, #1183
	movt	r1, #16386
	.loc	2 809 8                         @ ../Drivers/STM32H7xx_HAL_Driver/Src/stm32h7xx_hal_dma.c:809:8
	cmp	r7, r1
	bgt	.LBB6_25
.Ltmp635:
@ %bb.17:
	@DEBUG_VALUE: HAL_DMA_Abort:tickstart <- $r5
	@DEBUG_VALUE: HAL_DMA_Abort:hdma <- $r4
	.loc	2 0 8                           @ ../Drivers/STM32H7xx_HAL_Driver/Src/stm32h7xx_hal_dma.c:0:8
	movw	r1, #1136
	movt	r1, #16386
	.loc	2 809 8                         @ ../Drivers/STM32H7xx_HAL_Driver/Src/stm32h7xx_hal_dma.c:809:8
	cmp	r7, r1
	beq	.LBB6_28
.Ltmp636:
@ %bb.18:
	@DEBUG_VALUE: HAL_DMA_Abort:tickstart <- $r5
	@DEBUG_VALUE: HAL_DMA_Abort:hdma <- $r4
	.loc	2 0 8                           @ ../Drivers/STM32H7xx_HAL_Driver/Src/stm32h7xx_hal_dma.c:0:8
	movw	r1, #1160
	b	.LBB6_27
.Ltmp637:
	.p2align	2
.LBB6_19:
	@DEBUG_VALUE: HAL_DMA_Abort:tickstart <- $r5
	@DEBUG_VALUE: HAL_DMA_Abort:hdma <- $r4
	movs	r1, #64
	movt	r1, #16386
	.loc	2 809 8                         @ ../Drivers/STM32H7xx_HAL_Driver/Src/stm32h7xx_hal_dma.c:809:8
	cmp	r7, r1
	beq	.LBB6_28
.Ltmp638:
@ %bb.20:
	@DEBUG_VALUE: HAL_DMA_Abort:tickstart <- $r5
	@DEBUG_VALUE: HAL_DMA_Abort:hdma <- $r4
	.loc	2 0 8                           @ ../Drivers/STM32H7xx_HAL_Driver/Src/stm32h7xx_hal_dma.c:0:8
	movs	r1, #88
	b	.LBB6_27
.Ltmp639:
	.p2align	2
.LBB6_21:
	@DEBUG_VALUE: HAL_DMA_Abort:tickstart <- $r5
	@DEBUG_VALUE: HAL_DMA_Abort:hdma <- $r4
	movw	r1, #1088
	movt	r1, #16386
	.loc	2 809 8                         @ ../Drivers/STM32H7xx_HAL_Driver/Src/stm32h7xx_hal_dma.c:809:8
	cmp	r7, r1
	beq	.LBB6_28
.Ltmp640:
@ %bb.22:
	@DEBUG_VALUE: HAL_DMA_Abort:tickstart <- $r5
	@DEBUG_VALUE: HAL_DMA_Abort:hdma <- $r4
	.loc	2 0 8                           @ ../Drivers/STM32H7xx_HAL_Driver/Src/stm32h7xx_hal_dma.c:0:8
	movw	r1, #1112
	b	.LBB6_27
.Ltmp641:
	.p2align	2
.LBB6_23:
	@DEBUG_VALUE: HAL_DMA_Abort:tickstart <- $r5
	@DEBUG_VALUE: HAL_DMA_Abort:hdma <- $r4
	movs	r1, #160
	movt	r1, #16386
	.loc	2 809 8                         @ ../Drivers/STM32H7xx_HAL_Driver/Src/stm32h7xx_hal_dma.c:809:8
	cmp	r7, r1
	beq	.LBB6_28
.Ltmp642:
@ %bb.24:
	@DEBUG_VALUE: HAL_DMA_Abort:tickstart <- $r5
	@DEBUG_VALUE: HAL_DMA_Abort:hdma <- $r4
	.loc	2 0 8                           @ ../Drivers/STM32H7xx_HAL_Driver/Src/stm32h7xx_hal_dma.c:0:8
	movs	r1, #184
	b	.LBB6_27
.Ltmp643:
	.p2align	2
.LBB6_25:
	@DEBUG_VALUE: HAL_DMA_Abort:tickstart <- $r5
	@DEBUG_VALUE: HAL_DMA_Abort:hdma <- $r4
	movw	r1, #1208
	movt	r1, #16386
	.loc	2 809 8                         @ ../Drivers/STM32H7xx_HAL_Driver/Src/stm32h7xx_hal_dma.c:809:8
	cmp	r7, r1
	beq	.LBB6_28
.Ltmp644:
@ %bb.26:
	@DEBUG_VALUE: HAL_DMA_Abort:tickstart <- $r5
	@DEBUG_VALUE: HAL_DMA_Abort:hdma <- $r4
	.loc	2 0 8                           @ ../Drivers/STM32H7xx_HAL_Driver/Src/stm32h7xx_hal_dma.c:0:8
	movw	r1, #1184
.Ltmp645:
.LBB6_27:
	@DEBUG_VALUE: HAL_DMA_Abort:tickstart <- $r5
	@DEBUG_VALUE: HAL_DMA_Abort:hdma <- $r4
	movt	r1, #16386
	.loc	2 809 8                         @ ../Drivers/STM32H7xx_HAL_Driver/Src/stm32h7xx_hal_dma.c:809:8
	cmp	r7, r1
	mov	r1, r7
	bne	.LBB6_29
.Ltmp646:
.LBB6_28:
	@DEBUG_VALUE: HAL_DMA_Abort:tickstart <- $r5
	@DEBUG_VALUE: HAL_DMA_Abort:hdma <- $r4
	.loc	2 812 53 is_stmt 1              @ ../Drivers/STM32H7xx_HAL_Driver/Src/stm32h7xx_hal_dma.c:812:53
	mov	r1, r7
	ldr	r0, [r7]
	bic	r0, r0, #30
	str	r0, [r1], #20
	mvn	r0, #128
.Ltmp647:
	@DEBUG_VALUE: HAL_DMA_Abort:enableRegister <- $r7
.LBB6_29:
	@DEBUG_VALUE: HAL_DMA_Abort:tickstart <- $r5
	@DEBUG_VALUE: HAL_DMA_Abort:hdma <- $r4
	.loc	2 0 0 is_stmt 0                 @ ../Drivers/STM32H7xx_HAL_Driver/Src/stm32h7xx_hal_dma.c:0:0
	ldr	r2, [r1]
.Ltmp648:
	.loc	2 825 8 is_stmt 1               @ ../Drivers/STM32H7xx_HAL_Driver/Src/stm32h7xx_hal_dma.c:825:8
	cmp	r7, r8
.Ltmp649:
	.loc	2 0 0 is_stmt 0                 @ ../Drivers/STM32H7xx_HAL_Driver/Src/stm32h7xx_hal_dma.c:0:0
	and.w	r0, r0, r2
	str	r0, [r1]
.Ltmp650:
	@DEBUG_VALUE: HAL_DMA_Abort:enableRegister <- $r7
	.loc	2 825 8                         @ ../Drivers/STM32H7xx_HAL_Driver/Src/stm32h7xx_hal_dma.c:825:8
	bgt	.LBB6_35
.Ltmp651:
@ %bb.30:
	@DEBUG_VALUE: HAL_DMA_Abort:enableRegister <- $r7
	@DEBUG_VALUE: HAL_DMA_Abort:tickstart <- $r5
	@DEBUG_VALUE: HAL_DMA_Abort:hdma <- $r4
	.loc	2 0 8                           @ ../Drivers/STM32H7xx_HAL_Driver/Src/stm32h7xx_hal_dma.c:0:8
	movs	r0, #159
	movt	r0, #16386
	.loc	2 825 8                         @ ../Drivers/STM32H7xx_HAL_Driver/Src/stm32h7xx_hal_dma.c:825:8
	cmp	r7, r0
	bgt	.LBB6_40
.Ltmp652:
@ %bb.31:
	@DEBUG_VALUE: HAL_DMA_Abort:enableRegister <- $r7
	@DEBUG_VALUE: HAL_DMA_Abort:tickstart <- $r5
	@DEBUG_VALUE: HAL_DMA_Abort:hdma <- $r4
	.loc	2 0 8                           @ ../Drivers/STM32H7xx_HAL_Driver/Src/stm32h7xx_hal_dma.c:0:8
	movs	r0, #87
	movt	r0, #16386
	.loc	2 825 8                         @ ../Drivers/STM32H7xx_HAL_Driver/Src/stm32h7xx_hal_dma.c:825:8
	cmp	r7, r0
	bgt	.LBB6_48
.Ltmp653:
@ %bb.32:
	@DEBUG_VALUE: HAL_DMA_Abort:enableRegister <- $r7
	@DEBUG_VALUE: HAL_DMA_Abort:tickstart <- $r5
	@DEBUG_VALUE: HAL_DMA_Abort:hdma <- $r4
	.loc	2 0 8                           @ ../Drivers/STM32H7xx_HAL_Driver/Src/stm32h7xx_hal_dma.c:0:8
	movs	r0, #16
	movt	r0, #16386
	.loc	2 825 8                         @ ../Drivers/STM32H7xx_HAL_Driver/Src/stm32h7xx_hal_dma.c:825:8
	cmp	r7, r0
	beq.w	.LBB6_62
.Ltmp654:
@ %bb.33:
	@DEBUG_VALUE: HAL_DMA_Abort:enableRegister <- $r7
	@DEBUG_VALUE: HAL_DMA_Abort:tickstart <- $r5
	@DEBUG_VALUE: HAL_DMA_Abort:hdma <- $r4
	.loc	2 0 8                           @ ../Drivers/STM32H7xx_HAL_Driver/Src/stm32h7xx_hal_dma.c:0:8
	movs	r0, #40
	movt	r0, #16386
	.loc	2 825 8                         @ ../Drivers/STM32H7xx_HAL_Driver/Src/stm32h7xx_hal_dma.c:825:8
	cmp	r7, r0
	beq.w	.LBB6_62
.Ltmp655:
@ %bb.34:
	@DEBUG_VALUE: HAL_DMA_Abort:enableRegister <- $r7
	@DEBUG_VALUE: HAL_DMA_Abort:tickstart <- $r5
	@DEBUG_VALUE: HAL_DMA_Abort:hdma <- $r4
	.loc	2 0 8                           @ ../Drivers/STM32H7xx_HAL_Driver/Src/stm32h7xx_hal_dma.c:0:8
	movs	r0, #64
	movt	r0, #16386
	.loc	2 825 8                         @ ../Drivers/STM32H7xx_HAL_Driver/Src/stm32h7xx_hal_dma.c:825:8
	b	.LBB6_61
.Ltmp656:
	.loc	2 0 8                           @ :0:8
.Ltmp657:
	.p2align	2
.LBB6_35:
	@DEBUG_VALUE: HAL_DMA_Abort:enableRegister <- $r7
	@DEBUG_VALUE: HAL_DMA_Abort:tickstart <- $r5
	@DEBUG_VALUE: HAL_DMA_Abort:hdma <- $r4
	movw	r0, #21551
	movt	r0, #22530
	.loc	2 825 8                         @ ../Drivers/STM32H7xx_HAL_Driver/Src/stm32h7xx_hal_dma.c:825:8
	cmp	r7, r0
	bgt	.LBB6_44
.Ltmp658:
@ %bb.36:
	@DEBUG_VALUE: HAL_DMA_Abort:enableRegister <- $r7
	@DEBUG_VALUE: HAL_DMA_Abort:tickstart <- $r5
	@DEBUG_VALUE: HAL_DMA_Abort:hdma <- $r4
	.loc	2 0 8                           @ ../Drivers/STM32H7xx_HAL_Driver/Src/stm32h7xx_hal_dma.c:0:8
	movw	r0, #1207
	movt	r0, #16386
	.loc	2 825 8                         @ ../Drivers/STM32H7xx_HAL_Driver/Src/stm32h7xx_hal_dma.c:825:8
	cmp	r7, r0
	bgt	.LBB6_51
.Ltmp659:
@ %bb.37:
	@DEBUG_VALUE: HAL_DMA_Abort:enableRegister <- $r7
	@DEBUG_VALUE: HAL_DMA_Abort:tickstart <- $r5
	@DEBUG_VALUE: HAL_DMA_Abort:hdma <- $r4
	.loc	2 0 8                           @ ../Drivers/STM32H7xx_HAL_Driver/Src/stm32h7xx_hal_dma.c:0:8
	movw	r0, #1136
	movt	r0, #16386
	.loc	2 825 8                         @ ../Drivers/STM32H7xx_HAL_Driver/Src/stm32h7xx_hal_dma.c:825:8
	cmp	r7, r0
	beq	.LBB6_62
.Ltmp660:
@ %bb.38:
	@DEBUG_VALUE: HAL_DMA_Abort:enableRegister <- $r7
	@DEBUG_VALUE: HAL_DMA_Abort:tickstart <- $r5
	@DEBUG_VALUE: HAL_DMA_Abort:hdma <- $r4
	.loc	2 0 8                           @ ../Drivers/STM32H7xx_HAL_Driver/Src/stm32h7xx_hal_dma.c:0:8
	movw	r0, #1160
	movt	r0, #16386
	.loc	2 825 8                         @ ../Drivers/STM32H7xx_HAL_Driver/Src/stm32h7xx_hal_dma.c:825:8
	cmp	r7, r0
	beq	.LBB6_62
.Ltmp661:
@ %bb.39:
	@DEBUG_VALUE: HAL_DMA_Abort:enableRegister <- $r7
	@DEBUG_VALUE: HAL_DMA_Abort:tickstart <- $r5
	@DEBUG_VALUE: HAL_DMA_Abort:hdma <- $r4
	.loc	2 0 8                           @ ../Drivers/STM32H7xx_HAL_Driver/Src/stm32h7xx_hal_dma.c:0:8
	movw	r0, #1184
	movt	r0, #16386
	.loc	2 825 8                         @ ../Drivers/STM32H7xx_HAL_Driver/Src/stm32h7xx_hal_dma.c:825:8
	b	.LBB6_61
.Ltmp662:
	.loc	2 0 8                           @ :0:8
.Ltmp663:
	.p2align	2
.LBB6_40:
	@DEBUG_VALUE: HAL_DMA_Abort:enableRegister <- $r7
	@DEBUG_VALUE: HAL_DMA_Abort:tickstart <- $r5
	@DEBUG_VALUE: HAL_DMA_Abort:hdma <- $r4
	movw	r0, #1063
	movt	r0, #16386
	.loc	2 825 8                         @ ../Drivers/STM32H7xx_HAL_Driver/Src/stm32h7xx_hal_dma.c:825:8
	cmp	r7, r0
	bgt	.LBB6_54
.Ltmp664:
@ %bb.41:
	@DEBUG_VALUE: HAL_DMA_Abort:enableRegister <- $r7
	@DEBUG_VALUE: HAL_DMA_Abort:tickstart <- $r5
	@DEBUG_VALUE: HAL_DMA_Abort:hdma <- $r4
	.loc	2 0 8                           @ ../Drivers/STM32H7xx_HAL_Driver/Src/stm32h7xx_hal_dma.c:0:8
	movs	r0, #160
	movt	r0, #16386
	.loc	2 825 8                         @ ../Drivers/STM32H7xx_HAL_Driver/Src/stm32h7xx_hal_dma.c:825:8
	cmp	r7, r0
	beq	.LBB6_62
.Ltmp665:
@ %bb.42:
	@DEBUG_VALUE: HAL_DMA_Abort:enableRegister <- $r7
	@DEBUG_VALUE: HAL_DMA_Abort:tickstart <- $r5
	@DEBUG_VALUE: HAL_DMA_Abort:hdma <- $r4
	.loc	2 0 8                           @ ../Drivers/STM32H7xx_HAL_Driver/Src/stm32h7xx_hal_dma.c:0:8
	movs	r0, #184
	movt	r0, #16386
	.loc	2 825 8                         @ ../Drivers/STM32H7xx_HAL_Driver/Src/stm32h7xx_hal_dma.c:825:8
	cmp	r7, r0
	beq	.LBB6_62
.Ltmp666:
@ %bb.43:
	@DEBUG_VALUE: HAL_DMA_Abort:enableRegister <- $r7
	@DEBUG_VALUE: HAL_DMA_Abort:tickstart <- $r5
	@DEBUG_VALUE: HAL_DMA_Abort:hdma <- $r4
	.loc	2 0 8                           @ ../Drivers/STM32H7xx_HAL_Driver/Src/stm32h7xx_hal_dma.c:0:8
	movw	r0, #1040
	movt	r0, #16386
	.loc	2 825 8                         @ ../Drivers/STM32H7xx_HAL_Driver/Src/stm32h7xx_hal_dma.c:825:8
	b	.LBB6_61
.Ltmp667:
	.loc	2 0 8                           @ :0:8
.Ltmp668:
	.p2align	2
.LBB6_44:
	@DEBUG_VALUE: HAL_DMA_Abort:enableRegister <- $r7
	@DEBUG_VALUE: HAL_DMA_Abort:tickstart <- $r5
	@DEBUG_VALUE: HAL_DMA_Abort:hdma <- $r4
	movw	r0, #21611
	movt	r0, #22530
	.loc	2 825 8                         @ ../Drivers/STM32H7xx_HAL_Driver/Src/stm32h7xx_hal_dma.c:825:8
	cmp	r7, r0
	bgt	.LBB6_57
.Ltmp669:
@ %bb.45:
	@DEBUG_VALUE: HAL_DMA_Abort:enableRegister <- $r7
	@DEBUG_VALUE: HAL_DMA_Abort:tickstart <- $r5
	@DEBUG_VALUE: HAL_DMA_Abort:hdma <- $r4
	.loc	2 0 8                           @ ../Drivers/STM32H7xx_HAL_Driver/Src/stm32h7xx_hal_dma.c:0:8
	movw	r0, #21552
	movt	r0, #22530
	.loc	2 825 8                         @ ../Drivers/STM32H7xx_HAL_Driver/Src/stm32h7xx_hal_dma.c:825:8
	cmp	r7, r0
	beq	.LBB6_62
.Ltmp670:
@ %bb.46:
	@DEBUG_VALUE: HAL_DMA_Abort:enableRegister <- $r7
	@DEBUG_VALUE: HAL_DMA_Abort:tickstart <- $r5
	@DEBUG_VALUE: HAL_DMA_Abort:hdma <- $r4
	.loc	2 0 8                           @ ../Drivers/STM32H7xx_HAL_Driver/Src/stm32h7xx_hal_dma.c:0:8
	movw	r0, #21572
	movt	r0, #22530
	.loc	2 825 8                         @ ../Drivers/STM32H7xx_HAL_Driver/Src/stm32h7xx_hal_dma.c:825:8
	cmp	r7, r0
	beq	.LBB6_62
.Ltmp671:
@ %bb.47:
	@DEBUG_VALUE: HAL_DMA_Abort:enableRegister <- $r7
	@DEBUG_VALUE: HAL_DMA_Abort:tickstart <- $r5
	@DEBUG_VALUE: HAL_DMA_Abort:hdma <- $r4
	.loc	2 0 8                           @ ../Drivers/STM32H7xx_HAL_Driver/Src/stm32h7xx_hal_dma.c:0:8
	movw	r0, #21592
	b	.LBB6_60
.Ltmp672:
	.p2align	2
.LBB6_48:
	@DEBUG_VALUE: HAL_DMA_Abort:enableRegister <- $r7
	@DEBUG_VALUE: HAL_DMA_Abort:tickstart <- $r5
	@DEBUG_VALUE: HAL_DMA_Abort:hdma <- $r4
	movs	r0, #88
	movt	r0, #16386
	.loc	2 825 8                         @ ../Drivers/STM32H7xx_HAL_Driver/Src/stm32h7xx_hal_dma.c:825:8
	cmp	r7, r0
	beq	.LBB6_62
.Ltmp673:
@ %bb.49:
	@DEBUG_VALUE: HAL_DMA_Abort:enableRegister <- $r7
	@DEBUG_VALUE: HAL_DMA_Abort:tickstart <- $r5
	@DEBUG_VALUE: HAL_DMA_Abort:hdma <- $r4
	.loc	2 0 8                           @ ../Drivers/STM32H7xx_HAL_Driver/Src/stm32h7xx_hal_dma.c:0:8
	movs	r0, #112
	movt	r0, #16386
	.loc	2 825 8                         @ ../Drivers/STM32H7xx_HAL_Driver/Src/stm32h7xx_hal_dma.c:825:8
	cmp	r7, r0
	beq	.LBB6_62
.Ltmp674:
@ %bb.50:
	@DEBUG_VALUE: HAL_DMA_Abort:enableRegister <- $r7
	@DEBUG_VALUE: HAL_DMA_Abort:tickstart <- $r5
	@DEBUG_VALUE: HAL_DMA_Abort:hdma <- $r4
	.loc	2 0 8                           @ ../Drivers/STM32H7xx_HAL_Driver/Src/stm32h7xx_hal_dma.c:0:8
	movs	r0, #136
	movt	r0, #16386
	.loc	2 825 8                         @ ../Drivers/STM32H7xx_HAL_Driver/Src/stm32h7xx_hal_dma.c:825:8
	b	.LBB6_61
.Ltmp675:
	.loc	2 0 8                           @ :0:8
.Ltmp676:
	.p2align	2
.LBB6_51:
	@DEBUG_VALUE: HAL_DMA_Abort:enableRegister <- $r7
	@DEBUG_VALUE: HAL_DMA_Abort:tickstart <- $r5
	@DEBUG_VALUE: HAL_DMA_Abort:hdma <- $r4
	movw	r0, #1208
	movt	r0, #16386
	.loc	2 825 8                         @ ../Drivers/STM32H7xx_HAL_Driver/Src/stm32h7xx_hal_dma.c:825:8
	cmp	r7, r0
	beq	.LBB6_62
.Ltmp677:
@ %bb.52:
	@DEBUG_VALUE: HAL_DMA_Abort:enableRegister <- $r7
	@DEBUG_VALUE: HAL_DMA_Abort:tickstart <- $r5
	@DEBUG_VALUE: HAL_DMA_Abort:hdma <- $r4
	.loc	2 0 8                           @ ../Drivers/STM32H7xx_HAL_Driver/Src/stm32h7xx_hal_dma.c:0:8
	movw	r0, #21512
	movt	r0, #22530
	.loc	2 825 8                         @ ../Drivers/STM32H7xx_HAL_Driver/Src/stm32h7xx_hal_dma.c:825:8
	cmp	r7, r0
	beq	.LBB6_62
.Ltmp678:
@ %bb.53:
	@DEBUG_VALUE: HAL_DMA_Abort:enableRegister <- $r7
	@DEBUG_VALUE: HAL_DMA_Abort:tickstart <- $r5
	@DEBUG_VALUE: HAL_DMA_Abort:hdma <- $r4
	.loc	2 0 8                           @ ../Drivers/STM32H7xx_HAL_Driver/Src/stm32h7xx_hal_dma.c:0:8
	movw	r0, #21532
	b	.LBB6_60
.Ltmp679:
	.p2align	2
.LBB6_54:
	@DEBUG_VALUE: HAL_DMA_Abort:enableRegister <- $r7
	@DEBUG_VALUE: HAL_DMA_Abort:tickstart <- $r5
	@DEBUG_VALUE: HAL_DMA_Abort:hdma <- $r4
	movw	r0, #1064
	movt	r0, #16386
	.loc	2 825 8                         @ ../Drivers/STM32H7xx_HAL_Driver/Src/stm32h7xx_hal_dma.c:825:8
	cmp	r7, r0
	beq	.LBB6_62
.Ltmp680:
@ %bb.55:
	@DEBUG_VALUE: HAL_DMA_Abort:enableRegister <- $r7
	@DEBUG_VALUE: HAL_DMA_Abort:tickstart <- $r5
	@DEBUG_VALUE: HAL_DMA_Abort:hdma <- $r4
	.loc	2 0 8                           @ ../Drivers/STM32H7xx_HAL_Driver/Src/stm32h7xx_hal_dma.c:0:8
	movw	r0, #1088
	movt	r0, #16386
	.loc	2 825 8                         @ ../Drivers/STM32H7xx_HAL_Driver/Src/stm32h7xx_hal_dma.c:825:8
	cmp	r7, r0
	beq	.LBB6_62
.Ltmp681:
@ %bb.56:
	@DEBUG_VALUE: HAL_DMA_Abort:enableRegister <- $r7
	@DEBUG_VALUE: HAL_DMA_Abort:tickstart <- $r5
	@DEBUG_VALUE: HAL_DMA_Abort:hdma <- $r4
	.loc	2 0 8                           @ ../Drivers/STM32H7xx_HAL_Driver/Src/stm32h7xx_hal_dma.c:0:8
	movw	r0, #1112
	movt	r0, #16386
	.loc	2 825 8                         @ ../Drivers/STM32H7xx_HAL_Driver/Src/stm32h7xx_hal_dma.c:825:8
	b	.LBB6_61
.Ltmp682:
	.loc	2 0 8                           @ :0:8
.Ltmp683:
	.p2align	2
.LBB6_57:
	@DEBUG_VALUE: HAL_DMA_Abort:enableRegister <- $r7
	@DEBUG_VALUE: HAL_DMA_Abort:tickstart <- $r5
	@DEBUG_VALUE: HAL_DMA_Abort:hdma <- $r4
	movw	r0, #21612
	movt	r0, #22530
	.loc	2 825 8                         @ ../Drivers/STM32H7xx_HAL_Driver/Src/stm32h7xx_hal_dma.c:825:8
	cmp	r7, r0
	beq	.LBB6_62
.Ltmp684:
@ %bb.58:
	@DEBUG_VALUE: HAL_DMA_Abort:enableRegister <- $r7
	@DEBUG_VALUE: HAL_DMA_Abort:tickstart <- $r5
	@DEBUG_VALUE: HAL_DMA_Abort:hdma <- $r4
	.loc	2 0 8                           @ ../Drivers/STM32H7xx_HAL_Driver/Src/stm32h7xx_hal_dma.c:0:8
	movw	r0, #21652
	movt	r0, #22530
	.loc	2 825 8                         @ ../Drivers/STM32H7xx_HAL_Driver/Src/stm32h7xx_hal_dma.c:825:8
	cmp	r7, r0
	beq	.LBB6_62
.Ltmp685:
@ %bb.59:
	@DEBUG_VALUE: HAL_DMA_Abort:enableRegister <- $r7
	@DEBUG_VALUE: HAL_DMA_Abort:tickstart <- $r5
	@DEBUG_VALUE: HAL_DMA_Abort:hdma <- $r4
	.loc	2 0 8                           @ ../Drivers/STM32H7xx_HAL_Driver/Src/stm32h7xx_hal_dma.c:0:8
	movw	r0, #21632
.Ltmp686:
.LBB6_60:
	@DEBUG_VALUE: HAL_DMA_Abort:enableRegister <- $r7
	@DEBUG_VALUE: HAL_DMA_Abort:tickstart <- $r5
	@DEBUG_VALUE: HAL_DMA_Abort:hdma <- $r4
	movt	r0, #22530
.Ltmp687:
.LBB6_61:
	@DEBUG_VALUE: HAL_DMA_Abort:enableRegister <- $r7
	@DEBUG_VALUE: HAL_DMA_Abort:tickstart <- $r5
	@DEBUG_VALUE: HAL_DMA_Abort:hdma <- $r4
	.loc	2 825 8                         @ ../Drivers/STM32H7xx_HAL_Driver/Src/stm32h7xx_hal_dma.c:825:8
	cmp	r7, r0
	bne	.LBB6_63
.Ltmp688:
.LBB6_62:
	@DEBUG_VALUE: HAL_DMA_Abort:enableRegister <- $r7
	@DEBUG_VALUE: HAL_DMA_Abort:tickstart <- $r5
	@DEBUG_VALUE: HAL_DMA_Abort:hdma <- $r4
	.loc	2 828 13 is_stmt 1              @ ../Drivers/STM32H7xx_HAL_Driver/Src/stm32h7xx_hal_dma.c:828:13
	ldr	r0, [r4, #96]
	.loc	2 828 32 is_stmt 0              @ ../Drivers/STM32H7xx_HAL_Driver/Src/stm32h7xx_hal_dma.c:828:32
	ldr	r1, [r0]
	bic	r1, r1, #256
	str	r1, [r0]
.Ltmp689:
	.loc	2 0 32                          @ :0:32
.Ltmp690:
	.p2align	2
.LBB6_63:                               @ =>This Inner Loop Header: Depth=1
	@DEBUG_VALUE: HAL_DMA_Abort:enableRegister <- $r7
	@DEBUG_VALUE: HAL_DMA_Abort:tickstart <- $r5
	@DEBUG_VALUE: HAL_DMA_Abort:hdma <- $r4
	.loc	2 832 13 is_stmt 1              @ ../Drivers/STM32H7xx_HAL_Driver/Src/stm32h7xx_hal_dma.c:832:13
	ldr	r0, [r7]
	.loc	2 832 5 is_stmt 0               @ ../Drivers/STM32H7xx_HAL_Driver/Src/stm32h7xx_hal_dma.c:832:5
	lsls	r0, r0, #31
	beq	.LBB6_66
.Ltmp691:
@ %bb.64:                               @   in Loop: Header=BB6_63 Depth=1
	@DEBUG_VALUE: HAL_DMA_Abort:enableRegister <- $r7
	@DEBUG_VALUE: HAL_DMA_Abort:tickstart <- $r5
	@DEBUG_VALUE: HAL_DMA_Abort:hdma <- $r4
	.loc	2 835 11 is_stmt 1              @ ../Drivers/STM32H7xx_HAL_Driver/Src/stm32h7xx_hal_dma.c:835:11
	bl	HAL_GetTick
.Ltmp692:
	.loc	2 835 25 is_stmt 0              @ ../Drivers/STM32H7xx_HAL_Driver/Src/stm32h7xx_hal_dma.c:835:25
	subs	r0, r0, r5
.Ltmp693:
	.loc	2 835 10                        @ ../Drivers/STM32H7xx_HAL_Driver/Src/stm32h7xx_hal_dma.c:835:10
	cmp	r0, #6
	blo	.LBB6_63
.Ltmp694:
@ %bb.65:
	@DEBUG_VALUE: HAL_DMA_Abort:enableRegister <- $r7
	@DEBUG_VALUE: HAL_DMA_Abort:tickstart <- $r5
	@DEBUG_VALUE: HAL_DMA_Abort:hdma <- $r4
	.loc	2 0 10                          @ ../Drivers/STM32H7xx_HAL_Driver/Src/stm32h7xx_hal_dma.c:0:10
	movs	r0, #32
.Ltmp695:
	.loc	2 838 25 is_stmt 1              @ ../Drivers/STM32H7xx_HAL_Driver/Src/stm32h7xx_hal_dma.c:838:25
	str	r0, [r4, #84]
	movs	r0, #3
	.loc	2 841 21                        @ ../Drivers/STM32H7xx_HAL_Driver/Src/stm32h7xx_hal_dma.c:841:21
	strb.w	r0, [r4, #53]
	movs	r0, #1
	movs	r1, #0
.Ltmp696:
	.loc	2 0 0 is_stmt 0                 @ ../Drivers/STM32H7xx_HAL_Driver/Src/stm32h7xx_hal_dma.c:0:0
	strb.w	r1, [r4, #52]
.Ltmp697:
	.loc	2 886 1 epilogue_begin is_stmt 1 @ ../Drivers/STM32H7xx_HAL_Driver/Src/stm32h7xx_hal_dma.c:886:1
	pop.w	{r4, r5, r6, r7, r8, pc}
.Ltmp698:
	.loc	2 0 1 is_stmt 0                 @ :0:1
.Ltmp699:
	.p2align	2
.LBB6_66:
	@DEBUG_VALUE: HAL_DMA_Abort:enableRegister <- $r7
	@DEBUG_VALUE: HAL_DMA_Abort:tickstart <- $r5
	@DEBUG_VALUE: HAL_DMA_Abort:hdma <- $r4
	.loc	2 851 8 is_stmt 1               @ ../Drivers/STM32H7xx_HAL_Driver/Src/stm32h7xx_hal_dma.c:851:8
	ldr	r0, [r4]
	movs	r1, #8
	cmp	r0, r6
	mov.w	r2, #63
	bgt	.LBB6_71
.Ltmp700:
@ %bb.67:
	@DEBUG_VALUE: HAL_DMA_Abort:enableRegister <- $r7
	@DEBUG_VALUE: HAL_DMA_Abort:tickstart <- $r5
	@DEBUG_VALUE: HAL_DMA_Abort:hdma <- $r4
	.loc	2 0 8 is_stmt 0                 @ ../Drivers/STM32H7xx_HAL_Driver/Src/stm32h7xx_hal_dma.c:0:8
	movs	r3, #111
	movt	r3, #16386
	.loc	2 851 8                         @ ../Drivers/STM32H7xx_HAL_Driver/Src/stm32h7xx_hal_dma.c:851:8
	cmp	r0, r3
	bgt	.LBB6_75
.Ltmp701:
@ %bb.68:
	@DEBUG_VALUE: HAL_DMA_Abort:enableRegister <- $r7
	@DEBUG_VALUE: HAL_DMA_Abort:tickstart <- $r5
	@DEBUG_VALUE: HAL_DMA_Abort:hdma <- $r4
	.loc	2 0 8                           @ ../Drivers/STM32H7xx_HAL_Driver/Src/stm32h7xx_hal_dma.c:0:8
	movs	r3, #63
	movt	r3, #16386
	.loc	2 851 8                         @ ../Drivers/STM32H7xx_HAL_Driver/Src/stm32h7xx_hal_dma.c:851:8
	cmp	r0, r3
	bgt	.LBB6_81
.Ltmp702:
@ %bb.69:
	@DEBUG_VALUE: HAL_DMA_Abort:enableRegister <- $r7
	@DEBUG_VALUE: HAL_DMA_Abort:tickstart <- $r5
	@DEBUG_VALUE: HAL_DMA_Abort:hdma <- $r4
	.loc	2 0 8                           @ ../Drivers/STM32H7xx_HAL_Driver/Src/stm32h7xx_hal_dma.c:0:8
	movs	r3, #16
	movt	r3, #16386
	.loc	2 851 8                         @ ../Drivers/STM32H7xx_HAL_Driver/Src/stm32h7xx_hal_dma.c:851:8
	cmp	r0, r3
	beq	.LBB6_90
.Ltmp703:
@ %bb.70:
	@DEBUG_VALUE: HAL_DMA_Abort:enableRegister <- $r7
	@DEBUG_VALUE: HAL_DMA_Abort:tickstart <- $r5
	@DEBUG_VALUE: HAL_DMA_Abort:hdma <- $r4
	.loc	2 0 8                           @ ../Drivers/STM32H7xx_HAL_Driver/Src/stm32h7xx_hal_dma.c:0:8
	movs	r3, #40
	b	.LBB6_89
.Ltmp704:
	.p2align	2
.LBB6_71:
	@DEBUG_VALUE: HAL_DMA_Abort:enableRegister <- $r7
	@DEBUG_VALUE: HAL_DMA_Abort:tickstart <- $r5
	@DEBUG_VALUE: HAL_DMA_Abort:hdma <- $r4
	.loc	2 851 8                         @ ../Drivers/STM32H7xx_HAL_Driver/Src/stm32h7xx_hal_dma.c:851:8
	cmp	r0, r8
	bgt	.LBB6_78
.Ltmp705:
@ %bb.72:
	@DEBUG_VALUE: HAL_DMA_Abort:enableRegister <- $r7
	@DEBUG_VALUE: HAL_DMA_Abort:tickstart <- $r5
	@DEBUG_VALUE: HAL_DMA_Abort:hdma <- $r4
	.loc	2 0 8                           @ ../Drivers/STM32H7xx_HAL_Driver/Src/stm32h7xx_hal_dma.c:0:8
	movw	r3, #1087
	movt	r3, #16386
	.loc	2 851 8                         @ ../Drivers/STM32H7xx_HAL_Driver/Src/stm32h7xx_hal_dma.c:851:8
	cmp	r0, r3
	bgt	.LBB6_83
.Ltmp706:
@ %bb.73:
	@DEBUG_VALUE: HAL_DMA_Abort:enableRegister <- $r7
	@DEBUG_VALUE: HAL_DMA_Abort:tickstart <- $r5
	@DEBUG_VALUE: HAL_DMA_Abort:hdma <- $r4
	.loc	2 0 8                           @ ../Drivers/STM32H7xx_HAL_Driver/Src/stm32h7xx_hal_dma.c:0:8
	movw	r3, #1040
	movt	r3, #16386
	.loc	2 851 8                         @ ../Drivers/STM32H7xx_HAL_Driver/Src/stm32h7xx_hal_dma.c:851:8
	cmp	r0, r3
	beq	.LBB6_90
.Ltmp707:
@ %bb.74:
	@DEBUG_VALUE: HAL_DMA_Abort:enableRegister <- $r7
	@DEBUG_VALUE: HAL_DMA_Abort:tickstart <- $r5
	@DEBUG_VALUE: HAL_DMA_Abort:hdma <- $r4
	.loc	2 0 8                           @ ../Drivers/STM32H7xx_HAL_Driver/Src/stm32h7xx_hal_dma.c:0:8
	movw	r3, #1064
	b	.LBB6_89
.Ltmp708:
	.p2align	2
.LBB6_75:
	@DEBUG_VALUE: HAL_DMA_Abort:enableRegister <- $r7
	@DEBUG_VALUE: HAL_DMA_Abort:tickstart <- $r5
	@DEBUG_VALUE: HAL_DMA_Abort:hdma <- $r4
	movs	r3, #159
	movt	r3, #16386
	.loc	2 851 8                         @ ../Drivers/STM32H7xx_HAL_Driver/Src/stm32h7xx_hal_dma.c:851:8
	cmp	r0, r3
	bgt	.LBB6_85
.Ltmp709:
@ %bb.76:
	@DEBUG_VALUE: HAL_DMA_Abort:enableRegister <- $r7
	@DEBUG_VALUE: HAL_DMA_Abort:tickstart <- $r5
	@DEBUG_VALUE: HAL_DMA_Abort:hdma <- $r4
	.loc	2 0 8                           @ ../Drivers/STM32H7xx_HAL_Driver/Src/stm32h7xx_hal_dma.c:0:8
	movs	r3, #112
	movt	r3, #16386
	.loc	2 851 8                         @ ../Drivers/STM32H7xx_HAL_Driver/Src/stm32h7xx_hal_dma.c:851:8
	cmp	r0, r3
	beq	.LBB6_90
.Ltmp710:
@ %bb.77:
	@DEBUG_VALUE: HAL_DMA_Abort:enableRegister <- $r7
	@DEBUG_VALUE: HAL_DMA_Abort:tickstart <- $r5
	@DEBUG_VALUE: HAL_DMA_Abort:hdma <- $r4
	.loc	2 0 8                           @ ../Drivers/STM32H7xx_HAL_Driver/Src/stm32h7xx_hal_dma.c:0:8
	movs	r3, #136
	b	.LBB6_89
.Ltmp711:
	.p2align	2
.LBB6_78:
	@DEBUG_VALUE: HAL_DMA_Abort:enableRegister <- $r7
	@DEBUG_VALUE: HAL_DMA_Abort:tickstart <- $r5
	@DEBUG_VALUE: HAL_DMA_Abort:hdma <- $r4
	movw	r3, #1183
	movt	r3, #16386
	.loc	2 851 8                         @ ../Drivers/STM32H7xx_HAL_Driver/Src/stm32h7xx_hal_dma.c:851:8
	cmp	r0, r3
	bgt	.LBB6_87
.Ltmp712:
@ %bb.79:
	@DEBUG_VALUE: HAL_DMA_Abort:enableRegister <- $r7
	@DEBUG_VALUE: HAL_DMA_Abort:tickstart <- $r5
	@DEBUG_VALUE: HAL_DMA_Abort:hdma <- $r4
	.loc	2 0 8                           @ ../Drivers/STM32H7xx_HAL_Driver/Src/stm32h7xx_hal_dma.c:0:8
	movw	r3, #1136
	movt	r3, #16386
	.loc	2 851 8                         @ ../Drivers/STM32H7xx_HAL_Driver/Src/stm32h7xx_hal_dma.c:851:8
	cmp	r0, r3
	beq	.LBB6_90
.Ltmp713:
@ %bb.80:
	@DEBUG_VALUE: HAL_DMA_Abort:enableRegister <- $r7
	@DEBUG_VALUE: HAL_DMA_Abort:tickstart <- $r5
	@DEBUG_VALUE: HAL_DMA_Abort:hdma <- $r4
	.loc	2 0 8                           @ ../Drivers/STM32H7xx_HAL_Driver/Src/stm32h7xx_hal_dma.c:0:8
	movw	r3, #1160
	b	.LBB6_89
.Ltmp714:
	.p2align	2
.LBB6_81:
	@DEBUG_VALUE: HAL_DMA_Abort:enableRegister <- $r7
	@DEBUG_VALUE: HAL_DMA_Abort:tickstart <- $r5
	@DEBUG_VALUE: HAL_DMA_Abort:hdma <- $r4
	movs	r3, #64
	movt	r3, #16386
	.loc	2 851 8                         @ ../Drivers/STM32H7xx_HAL_Driver/Src/stm32h7xx_hal_dma.c:851:8
	cmp	r0, r3
	beq	.LBB6_90
.Ltmp715:
@ %bb.82:
	@DEBUG_VALUE: HAL_DMA_Abort:enableRegister <- $r7
	@DEBUG_VALUE: HAL_DMA_Abort:tickstart <- $r5
	@DEBUG_VALUE: HAL_DMA_Abort:hdma <- $r4
	.loc	2 0 8                           @ ../Drivers/STM32H7xx_HAL_Driver/Src/stm32h7xx_hal_dma.c:0:8
	movs	r3, #88
	b	.LBB6_89
.Ltmp716:
	.p2align	2
.LBB6_83:
	@DEBUG_VALUE: HAL_DMA_Abort:enableRegister <- $r7
	@DEBUG_VALUE: HAL_DMA_Abort:tickstart <- $r5
	@DEBUG_VALUE: HAL_DMA_Abort:hdma <- $r4
	movw	r3, #1088
	movt	r3, #16386
	.loc	2 851 8                         @ ../Drivers/STM32H7xx_HAL_Driver/Src/stm32h7xx_hal_dma.c:851:8
	cmp	r0, r3
	beq	.LBB6_90
.Ltmp717:
@ %bb.84:
	@DEBUG_VALUE: HAL_DMA_Abort:enableRegister <- $r7
	@DEBUG_VALUE: HAL_DMA_Abort:tickstart <- $r5
	@DEBUG_VALUE: HAL_DMA_Abort:hdma <- $r4
	.loc	2 0 8                           @ ../Drivers/STM32H7xx_HAL_Driver/Src/stm32h7xx_hal_dma.c:0:8
	movw	r3, #1112
	b	.LBB6_89
.Ltmp718:
	.p2align	2
.LBB6_85:
	@DEBUG_VALUE: HAL_DMA_Abort:enableRegister <- $r7
	@DEBUG_VALUE: HAL_DMA_Abort:tickstart <- $r5
	@DEBUG_VALUE: HAL_DMA_Abort:hdma <- $r4
	movs	r3, #160
	movt	r3, #16386
	.loc	2 851 8                         @ ../Drivers/STM32H7xx_HAL_Driver/Src/stm32h7xx_hal_dma.c:851:8
	cmp	r0, r3
	beq	.LBB6_90
.Ltmp719:
@ %bb.86:
	@DEBUG_VALUE: HAL_DMA_Abort:enableRegister <- $r7
	@DEBUG_VALUE: HAL_DMA_Abort:tickstart <- $r5
	@DEBUG_VALUE: HAL_DMA_Abort:hdma <- $r4
	.loc	2 0 8                           @ ../Drivers/STM32H7xx_HAL_Driver/Src/stm32h7xx_hal_dma.c:0:8
	movs	r3, #184
	b	.LBB6_89
.Ltmp720:
	.p2align	2
.LBB6_87:
	@DEBUG_VALUE: HAL_DMA_Abort:enableRegister <- $r7
	@DEBUG_VALUE: HAL_DMA_Abort:tickstart <- $r5
	@DEBUG_VALUE: HAL_DMA_Abort:hdma <- $r4
	movw	r3, #1184
	movt	r3, #16386
	.loc	2 851 8                         @ ../Drivers/STM32H7xx_HAL_Driver/Src/stm32h7xx_hal_dma.c:851:8
	cmp	r0, r3
	beq	.LBB6_90
.Ltmp721:
@ %bb.88:
	@DEBUG_VALUE: HAL_DMA_Abort:enableRegister <- $r7
	@DEBUG_VALUE: HAL_DMA_Abort:tickstart <- $r5
	@DEBUG_VALUE: HAL_DMA_Abort:hdma <- $r4
	.loc	2 0 8                           @ ../Drivers/STM32H7xx_HAL_Driver/Src/stm32h7xx_hal_dma.c:0:8
	movw	r3, #1208
.Ltmp722:
.LBB6_89:
	@DEBUG_VALUE: HAL_DMA_Abort:enableRegister <- $r7
	@DEBUG_VALUE: HAL_DMA_Abort:tickstart <- $r5
	@DEBUG_VALUE: HAL_DMA_Abort:hdma <- $r4
	movt	r3, #16386
	.loc	2 851 8                         @ ../Drivers/STM32H7xx_HAL_Driver/Src/stm32h7xx_hal_dma.c:851:8
	cmp	r0, r3
	bne.w	.LBB6_126
.Ltmp723:
.LBB6_90:
	@DEBUG_VALUE: HAL_DMA_Abort:enableRegister <- $r7
	@DEBUG_VALUE: HAL_DMA_Abort:tickstart <- $r5
	@DEBUG_VALUE: HAL_DMA_Abort:hdma <- $r4
	@DEBUG_VALUE: HAL_DMA_Abort:regs_bdma <- undef
	.loc	2 0 0                           @ ../Drivers/STM32H7xx_HAL_Driver/Src/stm32h7xx_hal_dma.c:0:0
	ldrd	r3, r7, [r4, #88]
.Ltmp724:
	and	r7, r7, #31
.Ltmp725:
	.loc	2 862 8 is_stmt 1               @ ../Drivers/STM32H7xx_HAL_Driver/Src/stm32h7xx_hal_dma.c:862:8
	cmp	r0, r8
.Ltmp726:
	.loc	2 0 0 is_stmt 0                 @ ../Drivers/STM32H7xx_HAL_Driver/Src/stm32h7xx_hal_dma.c:0:0
	lsl.w	r2, r2, r7
	str	r2, [r3, r1]
.Ltmp727:
	.loc	2 862 8                         @ ../Drivers/STM32H7xx_HAL_Driver/Src/stm32h7xx_hal_dma.c:862:8
	bgt	.LBB6_96
.Ltmp728:
@ %bb.91:
	@DEBUG_VALUE: HAL_DMA_Abort:tickstart <- $r5
	@DEBUG_VALUE: HAL_DMA_Abort:hdma <- $r4
	.loc	2 0 8                           @ ../Drivers/STM32H7xx_HAL_Driver/Src/stm32h7xx_hal_dma.c:0:8
	movs	r1, #159
	movt	r1, #16386
	.loc	2 862 8                         @ ../Drivers/STM32H7xx_HAL_Driver/Src/stm32h7xx_hal_dma.c:862:8
	cmp	r0, r1
	bgt	.LBB6_101
.Ltmp729:
@ %bb.92:
	@DEBUG_VALUE: HAL_DMA_Abort:tickstart <- $r5
	@DEBUG_VALUE: HAL_DMA_Abort:hdma <- $r4
	.loc	2 0 8                           @ ../Drivers/STM32H7xx_HAL_Driver/Src/stm32h7xx_hal_dma.c:0:8
	movs	r1, #87
	movt	r1, #16386
	.loc	2 862 8                         @ ../Drivers/STM32H7xx_HAL_Driver/Src/stm32h7xx_hal_dma.c:862:8
	cmp	r0, r1
	bgt	.LBB6_109
.Ltmp730:
@ %bb.93:
	@DEBUG_VALUE: HAL_DMA_Abort:tickstart <- $r5
	@DEBUG_VALUE: HAL_DMA_Abort:hdma <- $r4
	.loc	2 0 8                           @ ../Drivers/STM32H7xx_HAL_Driver/Src/stm32h7xx_hal_dma.c:0:8
	movs	r1, #16
	movt	r1, #16386
	.loc	2 862 8                         @ ../Drivers/STM32H7xx_HAL_Driver/Src/stm32h7xx_hal_dma.c:862:8
	cmp	r0, r1
	beq.w	.LBB6_123
.Ltmp731:
@ %bb.94:
	@DEBUG_VALUE: HAL_DMA_Abort:tickstart <- $r5
	@DEBUG_VALUE: HAL_DMA_Abort:hdma <- $r4
	.loc	2 0 8                           @ ../Drivers/STM32H7xx_HAL_Driver/Src/stm32h7xx_hal_dma.c:0:8
	movs	r1, #40
	movt	r1, #16386
	.loc	2 862 8                         @ ../Drivers/STM32H7xx_HAL_Driver/Src/stm32h7xx_hal_dma.c:862:8
	cmp	r0, r1
	beq.w	.LBB6_123
.Ltmp732:
@ %bb.95:
	@DEBUG_VALUE: HAL_DMA_Abort:tickstart <- $r5
	@DEBUG_VALUE: HAL_DMA_Abort:hdma <- $r4
	.loc	2 0 8                           @ ../Drivers/STM32H7xx_HAL_Driver/Src/stm32h7xx_hal_dma.c:0:8
	movs	r1, #64
	movt	r1, #16386
	.loc	2 862 8                         @ ../Drivers/STM32H7xx_HAL_Driver/Src/stm32h7xx_hal_dma.c:862:8
	b	.LBB6_122
.Ltmp733:
	.loc	2 0 8                           @ :0:8
.Ltmp734:
	.p2align	2
.LBB6_96:
	@DEBUG_VALUE: HAL_DMA_Abort:tickstart <- $r5
	@DEBUG_VALUE: HAL_DMA_Abort:hdma <- $r4
	movw	r1, #21551
	movt	r1, #22530
	.loc	2 862 8                         @ ../Drivers/STM32H7xx_HAL_Driver/Src/stm32h7xx_hal_dma.c:862:8
	cmp	r0, r1
	bgt	.LBB6_105
.Ltmp735:
@ %bb.97:
	@DEBUG_VALUE: HAL_DMA_Abort:tickstart <- $r5
	@DEBUG_VALUE: HAL_DMA_Abort:hdma <- $r4
	.loc	2 0 8                           @ ../Drivers/STM32H7xx_HAL_Driver/Src/stm32h7xx_hal_dma.c:0:8
	movw	r1, #1207
	movt	r1, #16386
	.loc	2 862 8                         @ ../Drivers/STM32H7xx_HAL_Driver/Src/stm32h7xx_hal_dma.c:862:8
	cmp	r0, r1
	bgt	.LBB6_112
.Ltmp736:
@ %bb.98:
	@DEBUG_VALUE: HAL_DMA_Abort:tickstart <- $r5
	@DEBUG_VALUE: HAL_DMA_Abort:hdma <- $r4
	.loc	2 0 8                           @ ../Drivers/STM32H7xx_HAL_Driver/Src/stm32h7xx_hal_dma.c:0:8
	movw	r1, #1136
	movt	r1, #16386
	.loc	2 862 8                         @ ../Drivers/STM32H7xx_HAL_Driver/Src/stm32h7xx_hal_dma.c:862:8
	cmp	r0, r1
	beq	.LBB6_123
.Ltmp737:
@ %bb.99:
	@DEBUG_VALUE: HAL_DMA_Abort:tickstart <- $r5
	@DEBUG_VALUE: HAL_DMA_Abort:hdma <- $r4
	.loc	2 0 8                           @ ../Drivers/STM32H7xx_HAL_Driver/Src/stm32h7xx_hal_dma.c:0:8
	movw	r1, #1160
	movt	r1, #16386
	.loc	2 862 8                         @ ../Drivers/STM32H7xx_HAL_Driver/Src/stm32h7xx_hal_dma.c:862:8
	cmp	r0, r1
	beq	.LBB6_123
.Ltmp738:
@ %bb.100:
	@DEBUG_VALUE: HAL_DMA_Abort:tickstart <- $r5
	@DEBUG_VALUE: HAL_DMA_Abort:hdma <- $r4
	.loc	2 0 8                           @ ../Drivers/STM32H7xx_HAL_Driver/Src/stm32h7xx_hal_dma.c:0:8
	movw	r1, #1184
	movt	r1, #16386
	.loc	2 862 8                         @ ../Drivers/STM32H7xx_HAL_Driver/Src/stm32h7xx_hal_dma.c:862:8
	b	.LBB6_122
.Ltmp739:
	.loc	2 0 8                           @ :0:8
.Ltmp740:
	.p2align	2
.LBB6_101:
	@DEBUG_VALUE: HAL_DMA_Abort:tickstart <- $r5
	@DEBUG_VALUE: HAL_DMA_Abort:hdma <- $r4
	movw	r1, #1063
	movt	r1, #16386
	.loc	2 862 8                         @ ../Drivers/STM32H7xx_HAL_Driver/Src/stm32h7xx_hal_dma.c:862:8
	cmp	r0, r1
	bgt	.LBB6_115
.Ltmp741:
@ %bb.102:
	@DEBUG_VALUE: HAL_DMA_Abort:tickstart <- $r5
	@DEBUG_VALUE: HAL_DMA_Abort:hdma <- $r4
	.loc	2 0 8                           @ ../Drivers/STM32H7xx_HAL_Driver/Src/stm32h7xx_hal_dma.c:0:8
	movs	r1, #160
	movt	r1, #16386
	.loc	2 862 8                         @ ../Drivers/STM32H7xx_HAL_Driver/Src/stm32h7xx_hal_dma.c:862:8
	cmp	r0, r1
	beq	.LBB6_123
.Ltmp742:
@ %bb.103:
	@DEBUG_VALUE: HAL_DMA_Abort:tickstart <- $r5
	@DEBUG_VALUE: HAL_DMA_Abort:hdma <- $r4
	.loc	2 0 8                           @ ../Drivers/STM32H7xx_HAL_Driver/Src/stm32h7xx_hal_dma.c:0:8
	movs	r1, #184
	movt	r1, #16386
	.loc	2 862 8                         @ ../Drivers/STM32H7xx_HAL_Driver/Src/stm32h7xx_hal_dma.c:862:8
	cmp	r0, r1
	beq	.LBB6_123
.Ltmp743:
@ %bb.104:
	@DEBUG_VALUE: HAL_DMA_Abort:tickstart <- $r5
	@DEBUG_VALUE: HAL_DMA_Abort:hdma <- $r4
	.loc	2 0 8                           @ ../Drivers/STM32H7xx_HAL_Driver/Src/stm32h7xx_hal_dma.c:0:8
	movw	r1, #1040
	movt	r1, #16386
	.loc	2 862 8                         @ ../Drivers/STM32H7xx_HAL_Driver/Src/stm32h7xx_hal_dma.c:862:8
	b	.LBB6_122
.Ltmp744:
	.loc	2 0 8                           @ :0:8
.Ltmp745:
	.p2align	2
.LBB6_105:
	@DEBUG_VALUE: HAL_DMA_Abort:tickstart <- $r5
	@DEBUG_VALUE: HAL_DMA_Abort:hdma <- $r4
	movw	r1, #21611
	movt	r1, #22530
	.loc	2 862 8                         @ ../Drivers/STM32H7xx_HAL_Driver/Src/stm32h7xx_hal_dma.c:862:8
	cmp	r0, r1
	bgt	.LBB6_118
.Ltmp746:
@ %bb.106:
	@DEBUG_VALUE: HAL_DMA_Abort:tickstart <- $r5
	@DEBUG_VALUE: HAL_DMA_Abort:hdma <- $r4
	.loc	2 0 8                           @ ../Drivers/STM32H7xx_HAL_Driver/Src/stm32h7xx_hal_dma.c:0:8
	movw	r1, #21552
	movt	r1, #22530
	.loc	2 862 8                         @ ../Drivers/STM32H7xx_HAL_Driver/Src/stm32h7xx_hal_dma.c:862:8
	cmp	r0, r1
	beq	.LBB6_123
.Ltmp747:
@ %bb.107:
	@DEBUG_VALUE: HAL_DMA_Abort:tickstart <- $r5
	@DEBUG_VALUE: HAL_DMA_Abort:hdma <- $r4
	.loc	2 0 8                           @ ../Drivers/STM32H7xx_HAL_Driver/Src/stm32h7xx_hal_dma.c:0:8
	movw	r1, #21572
	movt	r1, #22530
	.loc	2 862 8                         @ ../Drivers/STM32H7xx_HAL_Driver/Src/stm32h7xx_hal_dma.c:862:8
	cmp	r0, r1
	beq	.LBB6_123
.Ltmp748:
@ %bb.108:
	@DEBUG_VALUE: HAL_DMA_Abort:tickstart <- $r5
	@DEBUG_VALUE: HAL_DMA_Abort:hdma <- $r4
	.loc	2 0 8                           @ ../Drivers/STM32H7xx_HAL_Driver/Src/stm32h7xx_hal_dma.c:0:8
	movw	r1, #21592
	b	.LBB6_121
.Ltmp749:
	.p2align	2
.LBB6_109:
	@DEBUG_VALUE: HAL_DMA_Abort:tickstart <- $r5
	@DEBUG_VALUE: HAL_DMA_Abort:hdma <- $r4
	movs	r1, #88
	movt	r1, #16386
	.loc	2 862 8                         @ ../Drivers/STM32H7xx_HAL_Driver/Src/stm32h7xx_hal_dma.c:862:8
	cmp	r0, r1
	beq	.LBB6_123
.Ltmp750:
@ %bb.110:
	@DEBUG_VALUE: HAL_DMA_Abort:tickstart <- $r5
	@DEBUG_VALUE: HAL_DMA_Abort:hdma <- $r4
	.loc	2 0 8                           @ ../Drivers/STM32H7xx_HAL_Driver/Src/stm32h7xx_hal_dma.c:0:8
	movs	r1, #112
	movt	r1, #16386
	.loc	2 862 8                         @ ../Drivers/STM32H7xx_HAL_Driver/Src/stm32h7xx_hal_dma.c:862:8
	cmp	r0, r1
	beq	.LBB6_123
.Ltmp751:
@ %bb.111:
	@DEBUG_VALUE: HAL_DMA_Abort:tickstart <- $r5
	@DEBUG_VALUE: HAL_DMA_Abort:hdma <- $r4
	.loc	2 0 8                           @ ../Drivers/STM32H7xx_HAL_Driver/Src/stm32h7xx_hal_dma.c:0:8
	movs	r1, #136
	movt	r1, #16386
	.loc	2 862 8                         @ ../Drivers/STM32H7xx_HAL_Driver/Src/stm32h7xx_hal_dma.c:862:8
	b	.LBB6_122
.Ltmp752:
	.loc	2 0 8                           @ :0:8
.Ltmp753:
	.p2align	2
.LBB6_112:
	@DEBUG_VALUE: HAL_DMA_Abort:tickstart <- $r5
	@DEBUG_VALUE: HAL_DMA_Abort:hdma <- $r4
	movw	r1, #1208
	movt	r1, #16386
	.loc	2 862 8                         @ ../Drivers/STM32H7xx_HAL_Driver/Src/stm32h7xx_hal_dma.c:862:8
	cmp	r0, r1
	beq	.LBB6_123
.Ltmp754:
@ %bb.113:
	@DEBUG_VALUE: HAL_DMA_Abort:tickstart <- $r5
	@DEBUG_VALUE: HAL_DMA_Abort:hdma <- $r4
	.loc	2 0 8                           @ ../Drivers/STM32H7xx_HAL_Driver/Src/stm32h7xx_hal_dma.c:0:8
	movw	r1, #21512
	movt	r1, #22530
	.loc	2 862 8                         @ ../Drivers/STM32H7xx_HAL_Driver/Src/stm32h7xx_hal_dma.c:862:8
	cmp	r0, r1
	beq	.LBB6_123
.Ltmp755:
@ %bb.114:
	@DEBUG_VALUE: HAL_DMA_Abort:tickstart <- $r5
	@DEBUG_VALUE: HAL_DMA_Abort:hdma <- $r4
	.loc	2 0 8                           @ ../Drivers/STM32H7xx_HAL_Driver/Src/stm32h7xx_hal_dma.c:0:8
	movw	r1, #21532
	b	.LBB6_121
.Ltmp756:
	.p2align	2
.LBB6_115:
	@DEBUG_VALUE: HAL_DMA_Abort:tickstart <- $r5
	@DEBUG_VALUE: HAL_DMA_Abort:hdma <- $r4
	movw	r1, #1064
	movt	r1, #16386
	.loc	2 862 8                         @ ../Drivers/STM32H7xx_HAL_Driver/Src/stm32h7xx_hal_dma.c:862:8
	cmp	r0, r1
	beq	.LBB6_123
.Ltmp757:
@ %bb.116:
	@DEBUG_VALUE: HAL_DMA_Abort:tickstart <- $r5
	@DEBUG_VALUE: HAL_DMA_Abort:hdma <- $r4
	.loc	2 0 8                           @ ../Drivers/STM32H7xx_HAL_Driver/Src/stm32h7xx_hal_dma.c:0:8
	movw	r1, #1088
	movt	r1, #16386
	.loc	2 862 8                         @ ../Drivers/STM32H7xx_HAL_Driver/Src/stm32h7xx_hal_dma.c:862:8
	cmp	r0, r1
	beq	.LBB6_123
.Ltmp758:
@ %bb.117:
	@DEBUG_VALUE: HAL_DMA_Abort:tickstart <- $r5
	@DEBUG_VALUE: HAL_DMA_Abort:hdma <- $r4
	.loc	2 0 8                           @ ../Drivers/STM32H7xx_HAL_Driver/Src/stm32h7xx_hal_dma.c:0:8
	movw	r1, #1112
	movt	r1, #16386
	.loc	2 862 8                         @ ../Drivers/STM32H7xx_HAL_Driver/Src/stm32h7xx_hal_dma.c:862:8
	b	.LBB6_122
.Ltmp759:
	.loc	2 0 8                           @ :0:8
.Ltmp760:
	.p2align	2
.LBB6_118:
	@DEBUG_VALUE: HAL_DMA_Abort:tickstart <- $r5
	@DEBUG_VALUE: HAL_DMA_Abort:hdma <- $r4
	movw	r1, #21612
	movt	r1, #22530
	.loc	2 862 8                         @ ../Drivers/STM32H7xx_HAL_Driver/Src/stm32h7xx_hal_dma.c:862:8
	cmp	r0, r1
	beq	.LBB6_123
.Ltmp761:
@ %bb.119:
	@DEBUG_VALUE: HAL_DMA_Abort:tickstart <- $r5
	@DEBUG_VALUE: HAL_DMA_Abort:hdma <- $r4
	.loc	2 0 8                           @ ../Drivers/STM32H7xx_HAL_Driver/Src/stm32h7xx_hal_dma.c:0:8
	movw	r1, #21652
	movt	r1, #22530
	.loc	2 862 8                         @ ../Drivers/STM32H7xx_HAL_Driver/Src/stm32h7xx_hal_dma.c:862:8
	cmp	r0, r1
	beq	.LBB6_123
.Ltmp762:
@ %bb.120:
	@DEBUG_VALUE: HAL_DMA_Abort:tickstart <- $r5
	@DEBUG_VALUE: HAL_DMA_Abort:hdma <- $r4
	.loc	2 0 8                           @ ../Drivers/STM32H7xx_HAL_Driver/Src/stm32h7xx_hal_dma.c:0:8
	movw	r1, #21632
.Ltmp763:
.LBB6_121:
	@DEBUG_VALUE: HAL_DMA_Abort:tickstart <- $r5
	@DEBUG_VALUE: HAL_DMA_Abort:hdma <- $r4
	movt	r1, #22530
.Ltmp764:
.LBB6_122:
	@DEBUG_VALUE: HAL_DMA_Abort:tickstart <- $r5
	@DEBUG_VALUE: HAL_DMA_Abort:hdma <- $r4
	.loc	2 862 8                         @ ../Drivers/STM32H7xx_HAL_Driver/Src/stm32h7xx_hal_dma.c:862:8
	cmp	r0, r1
	bne	.LBB6_125
.Ltmp765:
.LBB6_123:
	@DEBUG_VALUE: HAL_DMA_Abort:tickstart <- $r5
	@DEBUG_VALUE: HAL_DMA_Abort:hdma <- $r4
	.loc	2 865 13 is_stmt 1              @ ../Drivers/STM32H7xx_HAL_Driver/Src/stm32h7xx_hal_dma.c:865:13
	ldr	r1, [r4, #100]
	.loc	2 865 46 is_stmt 0              @ ../Drivers/STM32H7xx_HAL_Driver/Src/stm32h7xx_hal_dma.c:865:46
	ldr	r2, [r4, #104]
.Ltmp766:
	.loc	2 867 16 is_stmt 1              @ ../Drivers/STM32H7xx_HAL_Driver/Src/stm32h7xx_hal_dma.c:867:16
	ldr	r0, [r4, #108]
.Ltmp767:
	.loc	2 865 38                        @ ../Drivers/STM32H7xx_HAL_Driver/Src/stm32h7xx_hal_dma.c:865:38
	str	r2, [r1, #4]
	.loc	2 867 10                        @ ../Drivers/STM32H7xx_HAL_Driver/Src/stm32h7xx_hal_dma.c:867:10
	cbz	r0, .LBB6_125
.Ltmp768:
@ %bb.124:
	@DEBUG_VALUE: HAL_DMA_Abort:tickstart <- $r5
	@DEBUG_VALUE: HAL_DMA_Abort:hdma <- $r4
	.loc	2 871 38                        @ ../Drivers/STM32H7xx_HAL_Driver/Src/stm32h7xx_hal_dma.c:871:38
	ldr	r1, [r0]
	bic	r1, r1, #256
	str	r1, [r0]
	.loc	2 874 15                        @ ../Drivers/STM32H7xx_HAL_Driver/Src/stm32h7xx_hal_dma.c:874:15
	ldrd	r0, r1, [r4, #112]
	.loc	2 874 45 is_stmt 0              @ ../Drivers/STM32H7xx_HAL_Driver/Src/stm32h7xx_hal_dma.c:874:45
	str	r1, [r0, #4]
.Ltmp769:
.LBB6_125:
	@DEBUG_VALUE: HAL_DMA_Abort:tickstart <- $r5
	@DEBUG_VALUE: HAL_DMA_Abort:hdma <- $r4
	.loc	2 0 45                          @ ../Drivers/STM32H7xx_HAL_Driver/Src/stm32h7xx_hal_dma.c:0:45
	movs	r0, #1
	.loc	2 879 17 is_stmt 1              @ ../Drivers/STM32H7xx_HAL_Driver/Src/stm32h7xx_hal_dma.c:879:17
	strb.w	r0, [r4, #53]
	movs	r0, #0
	movs	r1, #0
.Ltmp770:
	.loc	2 0 0 is_stmt 0                 @ ../Drivers/STM32H7xx_HAL_Driver/Src/stm32h7xx_hal_dma.c:0:0
	strb.w	r1, [r4, #52]
.Ltmp771:
	.loc	2 886 1 epilogue_begin is_stmt 1 @ ../Drivers/STM32H7xx_HAL_Driver/Src/stm32h7xx_hal_dma.c:886:1
	pop.w	{r4, r5, r6, r7, r8, pc}
.Ltmp772:
	.loc	2 0 1 is_stmt 0                 @ :0:1
.Ltmp773:
	.p2align	2
.LBB6_126:
	@DEBUG_VALUE: HAL_DMA_Abort:enableRegister <- $r7
	@DEBUG_VALUE: HAL_DMA_Abort:tickstart <- $r5
	@DEBUG_VALUE: HAL_DMA_Abort:hdma <- $r4
	movs	r1, #4
	movs	r2, #1
	b	.LBB6_90
.Lfunc_end6:
	.size	HAL_DMA_Abort, .Lfunc_end6-HAL_DMA_Abort
	.cfi_endproc
	.cantunwind
	.fnend
                                        @ -- End function
	.section	.text.HAL_DMA_Abort_IT,"ax",%progbits
	.hidden	HAL_DMA_Abort_IT                @ -- Begin function HAL_DMA_Abort_IT
	.globl	HAL_DMA_Abort_IT
	.p2align	3
	.type	HAL_DMA_Abort_IT,%function
	.code	16                              @ @HAL_DMA_Abort_IT
	.thumb_func
HAL_DMA_Abort_IT:
.Lfunc_begin7:
	.fnstart
	.cfi_startproc
@ %bb.0:
	@DEBUG_VALUE: HAL_DMA_Abort_IT:hdma <- $r0
	.loc	2 899 6 prologue_end is_stmt 1  @ ../Drivers/STM32H7xx_HAL_Driver/Src/stm32h7xx_hal_dma.c:899:6
	cbz	r0, .LBB7_8
.Ltmp774:
@ %bb.1:
	@DEBUG_VALUE: HAL_DMA_Abort_IT:hdma <- $r0
	.loc	2 904 12                        @ ../Drivers/STM32H7xx_HAL_Driver/Src/stm32h7xx_hal_dma.c:904:12
	ldrb.w	r1, [r0, #53]
.Ltmp775:
	.loc	2 904 6 is_stmt 0               @ ../Drivers/STM32H7xx_HAL_Driver/Src/stm32h7xx_hal_dma.c:904:6
	cmp	r1, #2
	bne	.LBB7_7
.Ltmp776:
@ %bb.2:
	@DEBUG_VALUE: HAL_DMA_Abort_IT:hdma <- $r0
	.save	{r7, lr}
	push	{r7, lr}
	.cfi_def_cfa_offset 8
	.cfi_offset lr, -4
	.cfi_offset r7, -8
	movw	r2, #1039
.Ltmp777:
	.loc	2 911 8 is_stmt 1               @ ../Drivers/STM32H7xx_HAL_Driver/Src/stm32h7xx_hal_dma.c:911:8
	ldr	r1, [r0]
	movt	r2, #16386
	cmp	r1, r2
	bgt	.LBB7_9
.Ltmp778:
@ %bb.3:
	@DEBUG_VALUE: HAL_DMA_Abort_IT:hdma <- $r0
	.loc	2 0 8 is_stmt 0                 @ ../Drivers/STM32H7xx_HAL_Driver/Src/stm32h7xx_hal_dma.c:0:8
	movs	r3, #111
	movt	r3, #16386
	.loc	2 911 8                         @ ../Drivers/STM32H7xx_HAL_Driver/Src/stm32h7xx_hal_dma.c:911:8
	cmp	r1, r3
	bgt	.LBB7_13
.Ltmp779:
@ %bb.4:
	@DEBUG_VALUE: HAL_DMA_Abort_IT:hdma <- $r0
	.loc	2 0 8                           @ ../Drivers/STM32H7xx_HAL_Driver/Src/stm32h7xx_hal_dma.c:0:8
	movs	r3, #63
	movt	r3, #16386
	.loc	2 911 8                         @ ../Drivers/STM32H7xx_HAL_Driver/Src/stm32h7xx_hal_dma.c:911:8
	cmp	r1, r3
	bgt	.LBB7_19
.Ltmp780:
@ %bb.5:
	@DEBUG_VALUE: HAL_DMA_Abort_IT:hdma <- $r0
	.loc	2 0 8                           @ ../Drivers/STM32H7xx_HAL_Driver/Src/stm32h7xx_hal_dma.c:0:8
	movs	r3, #16
	movt	r3, #16386
	.loc	2 911 8                         @ ../Drivers/STM32H7xx_HAL_Driver/Src/stm32h7xx_hal_dma.c:911:8
	cmp	r1, r3
	beq	.LBB7_28
.Ltmp781:
@ %bb.6:
	@DEBUG_VALUE: HAL_DMA_Abort_IT:hdma <- $r0
	.loc	2 0 8                           @ ../Drivers/STM32H7xx_HAL_Driver/Src/stm32h7xx_hal_dma.c:0:8
	movs	r3, #40
	b	.LBB7_27
.Ltmp782:
	.p2align	2
.LBB7_7:
	@DEBUG_VALUE: HAL_DMA_Abort_IT:hdma <- $r0
	movs	r1, #128
.Ltmp783:
	.loc	2 906 21 is_stmt 1              @ ../Drivers/STM32H7xx_HAL_Driver/Src/stm32h7xx_hal_dma.c:906:21
	str	r1, [r0, #84]
.Ltmp784:
.LBB7_8:
	@DEBUG_VALUE: HAL_DMA_Abort_IT:hdma <- $r0
	.loc	2 0 21 is_stmt 0                @ ../Drivers/STM32H7xx_HAL_Driver/Src/stm32h7xx_hal_dma.c:0:21
	movs	r0, #1
.Ltmp785:
	@DEBUG_VALUE: HAL_DMA_Abort_IT:hdma <- [DW_OP_LLVM_entry_value 1] $r0
	.loc	2 965 1 is_stmt 1               @ ../Drivers/STM32H7xx_HAL_Driver/Src/stm32h7xx_hal_dma.c:965:1
	bx	lr
.Ltmp786:
	.loc	2 0 1 is_stmt 0                 @ :0:1
.Ltmp787:
	.p2align	2
.LBB7_9:
	@DEBUG_VALUE: HAL_DMA_Abort_IT:hdma <- $r0
	movw	r3, #1135
	movt	r3, #16386
.Ltmp788:
	.loc	2 911 8 is_stmt 1               @ ../Drivers/STM32H7xx_HAL_Driver/Src/stm32h7xx_hal_dma.c:911:8
	cmp	r1, r3
	bgt	.LBB7_16
.Ltmp789:
@ %bb.10:
	@DEBUG_VALUE: HAL_DMA_Abort_IT:hdma <- $r0
	.loc	2 0 8 is_stmt 0                 @ ../Drivers/STM32H7xx_HAL_Driver/Src/stm32h7xx_hal_dma.c:0:8
	movw	r3, #1087
	movt	r3, #16386
	.loc	2 911 8                         @ ../Drivers/STM32H7xx_HAL_Driver/Src/stm32h7xx_hal_dma.c:911:8
	cmp	r1, r3
	bgt	.LBB7_21
.Ltmp790:
@ %bb.11:
	@DEBUG_VALUE: HAL_DMA_Abort_IT:hdma <- $r0
	.loc	2 0 8                           @ ../Drivers/STM32H7xx_HAL_Driver/Src/stm32h7xx_hal_dma.c:0:8
	movw	r3, #1040
	movt	r3, #16386
	.loc	2 911 8                         @ ../Drivers/STM32H7xx_HAL_Driver/Src/stm32h7xx_hal_dma.c:911:8
	cmp	r1, r3
	beq	.LBB7_28
.Ltmp791:
@ %bb.12:
	@DEBUG_VALUE: HAL_DMA_Abort_IT:hdma <- $r0
	.loc	2 0 8                           @ ../Drivers/STM32H7xx_HAL_Driver/Src/stm32h7xx_hal_dma.c:0:8
	movw	r3, #1064
	b	.LBB7_27
.Ltmp792:
	.p2align	2
.LBB7_13:
	@DEBUG_VALUE: HAL_DMA_Abort_IT:hdma <- $r0
	movs	r3, #159
	movt	r3, #16386
	.loc	2 911 8                         @ ../Drivers/STM32H7xx_HAL_Driver/Src/stm32h7xx_hal_dma.c:911:8
	cmp	r1, r3
	bgt	.LBB7_23
.Ltmp793:
@ %bb.14:
	@DEBUG_VALUE: HAL_DMA_Abort_IT:hdma <- $r0
	.loc	2 0 8                           @ ../Drivers/STM32H7xx_HAL_Driver/Src/stm32h7xx_hal_dma.c:0:8
	movs	r3, #112
	movt	r3, #16386
	.loc	2 911 8                         @ ../Drivers/STM32H7xx_HAL_Driver/Src/stm32h7xx_hal_dma.c:911:8
	cmp	r1, r3
	beq	.LBB7_28
.Ltmp794:
@ %bb.15:
	@DEBUG_VALUE: HAL_DMA_Abort_IT:hdma <- $r0
	.loc	2 0 8                           @ ../Drivers/STM32H7xx_HAL_Driver/Src/stm32h7xx_hal_dma.c:0:8
	movs	r3, #136
	b	.LBB7_27
.Ltmp795:
	.p2align	2
.LBB7_16:
	@DEBUG_VALUE: HAL_DMA_Abort_IT:hdma <- $r0
	movw	r3, #1183
	movt	r3, #16386
	.loc	2 911 8                         @ ../Drivers/STM32H7xx_HAL_Driver/Src/stm32h7xx_hal_dma.c:911:8
	cmp	r1, r3
	bgt	.LBB7_25
.Ltmp796:
@ %bb.17:
	@DEBUG_VALUE: HAL_DMA_Abort_IT:hdma <- $r0
	.loc	2 0 8                           @ ../Drivers/STM32H7xx_HAL_Driver/Src/stm32h7xx_hal_dma.c:0:8
	movw	r3, #1136
	movt	r3, #16386
	.loc	2 911 8                         @ ../Drivers/STM32H7xx_HAL_Driver/Src/stm32h7xx_hal_dma.c:911:8
	cmp	r1, r3
	beq	.LBB7_28
.Ltmp797:
@ %bb.18:
	@DEBUG_VALUE: HAL_DMA_Abort_IT:hdma <- $r0
	.loc	2 0 8                           @ ../Drivers/STM32H7xx_HAL_Driver/Src/stm32h7xx_hal_dma.c:0:8
	movw	r3, #1160
	b	.LBB7_27
.Ltmp798:
	.p2align	2
.LBB7_19:
	@DEBUG_VALUE: HAL_DMA_Abort_IT:hdma <- $r0
	movs	r3, #64
	movt	r3, #16386
	.loc	2 911 8                         @ ../Drivers/STM32H7xx_HAL_Driver/Src/stm32h7xx_hal_dma.c:911:8
	cmp	r1, r3
	beq	.LBB7_28
.Ltmp799:
@ %bb.20:
	@DEBUG_VALUE: HAL_DMA_Abort_IT:hdma <- $r0
	.loc	2 0 8                           @ ../Drivers/STM32H7xx_HAL_Driver/Src/stm32h7xx_hal_dma.c:0:8
	movs	r3, #88
	b	.LBB7_27
.Ltmp800:
	.p2align	2
.LBB7_21:
	@DEBUG_VALUE: HAL_DMA_Abort_IT:hdma <- $r0
	movw	r3, #1088
	movt	r3, #16386
	.loc	2 911 8                         @ ../Drivers/STM32H7xx_HAL_Driver/Src/stm32h7xx_hal_dma.c:911:8
	cmp	r1, r3
	beq	.LBB7_28
.Ltmp801:
@ %bb.22:
	@DEBUG_VALUE: HAL_DMA_Abort_IT:hdma <- $r0
	.loc	2 0 8                           @ ../Drivers/STM32H7xx_HAL_Driver/Src/stm32h7xx_hal_dma.c:0:8
	movw	r3, #1112
	b	.LBB7_27
.Ltmp802:
	.p2align	2
.LBB7_23:
	@DEBUG_VALUE: HAL_DMA_Abort_IT:hdma <- $r0
	movs	r3, #160
	movt	r3, #16386
	.loc	2 911 8                         @ ../Drivers/STM32H7xx_HAL_Driver/Src/stm32h7xx_hal_dma.c:911:8
	cmp	r1, r3
	beq	.LBB7_28
.Ltmp803:
@ %bb.24:
	@DEBUG_VALUE: HAL_DMA_Abort_IT:hdma <- $r0
	.loc	2 0 8                           @ ../Drivers/STM32H7xx_HAL_Driver/Src/stm32h7xx_hal_dma.c:0:8
	movs	r3, #184
	b	.LBB7_27
.Ltmp804:
	.p2align	2
.LBB7_25:
	@DEBUG_VALUE: HAL_DMA_Abort_IT:hdma <- $r0
	movw	r3, #1208
	movt	r3, #16386
	.loc	2 911 8                         @ ../Drivers/STM32H7xx_HAL_Driver/Src/stm32h7xx_hal_dma.c:911:8
	cmp	r1, r3
	beq	.LBB7_28
.Ltmp805:
@ %bb.26:
	@DEBUG_VALUE: HAL_DMA_Abort_IT:hdma <- $r0
	.loc	2 0 8                           @ ../Drivers/STM32H7xx_HAL_Driver/Src/stm32h7xx_hal_dma.c:0:8
	movw	r3, #1184
.Ltmp806:
.LBB7_27:
	@DEBUG_VALUE: HAL_DMA_Abort_IT:hdma <- $r0
	movt	r3, #16386
	.loc	2 911 8                         @ ../Drivers/STM32H7xx_HAL_Driver/Src/stm32h7xx_hal_dma.c:911:8
	cmp	r1, r3
	bne	.LBB7_54
.Ltmp807:
.LBB7_28:
	@DEBUG_VALUE: HAL_DMA_Abort_IT:hdma <- $r0
	.loc	2 917 7 is_stmt 1               @ ../Drivers/STM32H7xx_HAL_Driver/Src/stm32h7xx_hal_dma.c:917:7
	cmp	r1, r2
	mov.w	r2, #4
	.loc	2 914 19                        @ ../Drivers/STM32H7xx_HAL_Driver/Src/stm32h7xx_hal_dma.c:914:19
	strb.w	r2, [r0, #53]
	.loc	2 917 7                         @ ../Drivers/STM32H7xx_HAL_Driver/Src/stm32h7xx_hal_dma.c:917:7
	bgt	.LBB7_33
.Ltmp808:
@ %bb.29:
	@DEBUG_VALUE: HAL_DMA_Abort_IT:hdma <- $r0
	.loc	2 0 7 is_stmt 0                 @ ../Drivers/STM32H7xx_HAL_Driver/Src/stm32h7xx_hal_dma.c:0:7
	movs	r0, #111
.Ltmp809:
	@DEBUG_VALUE: HAL_DMA_Abort_IT:hdma <- [DW_OP_LLVM_entry_value 1] $r0
	movt	r0, #16386
	.loc	2 917 7                         @ ../Drivers/STM32H7xx_HAL_Driver/Src/stm32h7xx_hal_dma.c:917:7
	cmp	r1, r0
	bgt	.LBB7_37
.Ltmp810:
@ %bb.30:
	@DEBUG_VALUE: HAL_DMA_Abort_IT:hdma <- [DW_OP_LLVM_entry_value 1] $r0
	.loc	2 0 7                           @ ../Drivers/STM32H7xx_HAL_Driver/Src/stm32h7xx_hal_dma.c:0:7
	movs	r0, #63
	movt	r0, #16386
	.loc	2 917 7                         @ ../Drivers/STM32H7xx_HAL_Driver/Src/stm32h7xx_hal_dma.c:917:7
	cmp	r1, r0
	bgt	.LBB7_43
.Ltmp811:
@ %bb.31:
	@DEBUG_VALUE: HAL_DMA_Abort_IT:hdma <- [DW_OP_LLVM_entry_value 1] $r0
	.loc	2 0 7                           @ ../Drivers/STM32H7xx_HAL_Driver/Src/stm32h7xx_hal_dma.c:0:7
	movs	r0, #16
	movt	r0, #16386
	.loc	2 917 7                         @ ../Drivers/STM32H7xx_HAL_Driver/Src/stm32h7xx_hal_dma.c:917:7
	cmp	r1, r0
	beq	.LBB7_52
.Ltmp812:
@ %bb.32:
	@DEBUG_VALUE: HAL_DMA_Abort_IT:hdma <- [DW_OP_LLVM_entry_value 1] $r0
	.loc	2 0 7                           @ ../Drivers/STM32H7xx_HAL_Driver/Src/stm32h7xx_hal_dma.c:0:7
	movs	r0, #40
	b	.LBB7_51
.Ltmp813:
	.p2align	2
.LBB7_33:
	@DEBUG_VALUE: HAL_DMA_Abort_IT:hdma <- $r0
	movw	r0, #1135
.Ltmp814:
	@DEBUG_VALUE: HAL_DMA_Abort_IT:hdma <- [DW_OP_LLVM_entry_value 1] $r0
	movt	r0, #16386
	.loc	2 917 7                         @ ../Drivers/STM32H7xx_HAL_Driver/Src/stm32h7xx_hal_dma.c:917:7
	cmp	r1, r0
	bgt	.LBB7_40
.Ltmp815:
@ %bb.34:
	@DEBUG_VALUE: HAL_DMA_Abort_IT:hdma <- [DW_OP_LLVM_entry_value 1] $r0
	.loc	2 0 7                           @ ../Drivers/STM32H7xx_HAL_Driver/Src/stm32h7xx_hal_dma.c:0:7
	movw	r0, #1087
	movt	r0, #16386
	.loc	2 917 7                         @ ../Drivers/STM32H7xx_HAL_Driver/Src/stm32h7xx_hal_dma.c:917:7
	cmp	r1, r0
	bgt	.LBB7_45
.Ltmp816:
@ %bb.35:
	@DEBUG_VALUE: HAL_DMA_Abort_IT:hdma <- [DW_OP_LLVM_entry_value 1] $r0
	.loc	2 0 7                           @ ../Drivers/STM32H7xx_HAL_Driver/Src/stm32h7xx_hal_dma.c:0:7
	movw	r0, #1040
	movt	r0, #16386
	.loc	2 917 7                         @ ../Drivers/STM32H7xx_HAL_Driver/Src/stm32h7xx_hal_dma.c:917:7
	cmp	r1, r0
	beq	.LBB7_52
.Ltmp817:
@ %bb.36:
	@DEBUG_VALUE: HAL_DMA_Abort_IT:hdma <- [DW_OP_LLVM_entry_value 1] $r0
	.loc	2 0 7                           @ ../Drivers/STM32H7xx_HAL_Driver/Src/stm32h7xx_hal_dma.c:0:7
	movw	r0, #1064
	b	.LBB7_51
.Ltmp818:
	.p2align	2
.LBB7_37:
	@DEBUG_VALUE: HAL_DMA_Abort_IT:hdma <- [DW_OP_LLVM_entry_value 1] $r0
	movs	r0, #159
	movt	r0, #16386
	.loc	2 917 7                         @ ../Drivers/STM32H7xx_HAL_Driver/Src/stm32h7xx_hal_dma.c:917:7
	cmp	r1, r0
	bgt	.LBB7_47
.Ltmp819:
@ %bb.38:
	@DEBUG_VALUE: HAL_DMA_Abort_IT:hdma <- [DW_OP_LLVM_entry_value 1] $r0
	.loc	2 0 7                           @ ../Drivers/STM32H7xx_HAL_Driver/Src/stm32h7xx_hal_dma.c:0:7
	movs	r0, #112
	movt	r0, #16386
	.loc	2 917 7                         @ ../Drivers/STM32H7xx_HAL_Driver/Src/stm32h7xx_hal_dma.c:917:7
	cmp	r1, r0
	beq	.LBB7_52
.Ltmp820:
@ %bb.39:
	@DEBUG_VALUE: HAL_DMA_Abort_IT:hdma <- [DW_OP_LLVM_entry_value 1] $r0
	.loc	2 0 7                           @ ../Drivers/STM32H7xx_HAL_Driver/Src/stm32h7xx_hal_dma.c:0:7
	movs	r0, #136
	b	.LBB7_51
.Ltmp821:
	.p2align	2
.LBB7_40:
	@DEBUG_VALUE: HAL_DMA_Abort_IT:hdma <- [DW_OP_LLVM_entry_value 1] $r0
	movw	r0, #1183
	movt	r0, #16386
	.loc	2 917 7                         @ ../Drivers/STM32H7xx_HAL_Driver/Src/stm32h7xx_hal_dma.c:917:7
	cmp	r1, r0
	bgt	.LBB7_49
.Ltmp822:
@ %bb.41:
	@DEBUG_VALUE: HAL_DMA_Abort_IT:hdma <- [DW_OP_LLVM_entry_value 1] $r0
	.loc	2 0 7                           @ ../Drivers/STM32H7xx_HAL_Driver/Src/stm32h7xx_hal_dma.c:0:7
	movw	r0, #1136
	movt	r0, #16386
	.loc	2 917 7                         @ ../Drivers/STM32H7xx_HAL_Driver/Src/stm32h7xx_hal_dma.c:917:7
	cmp	r1, r0
	beq	.LBB7_52
.Ltmp823:
@ %bb.42:
	@DEBUG_VALUE: HAL_DMA_Abort_IT:hdma <- [DW_OP_LLVM_entry_value 1] $r0
	.loc	2 0 7                           @ ../Drivers/STM32H7xx_HAL_Driver/Src/stm32h7xx_hal_dma.c:0:7
	movw	r0, #1160
	b	.LBB7_51
.Ltmp824:
	.p2align	2
.LBB7_43:
	@DEBUG_VALUE: HAL_DMA_Abort_IT:hdma <- [DW_OP_LLVM_entry_value 1] $r0
	movs	r0, #64
	movt	r0, #16386
	.loc	2 917 7                         @ ../Drivers/STM32H7xx_HAL_Driver/Src/stm32h7xx_hal_dma.c:917:7
	cmp	r1, r0
	beq	.LBB7_52
.Ltmp825:
@ %bb.44:
	@DEBUG_VALUE: HAL_DMA_Abort_IT:hdma <- [DW_OP_LLVM_entry_value 1] $r0
	.loc	2 0 7                           @ ../Drivers/STM32H7xx_HAL_Driver/Src/stm32h7xx_hal_dma.c:0:7
	movs	r0, #88
	b	.LBB7_51
.Ltmp826:
	.p2align	2
.LBB7_45:
	@DEBUG_VALUE: HAL_DMA_Abort_IT:hdma <- [DW_OP_LLVM_entry_value 1] $r0
	movw	r0, #1088
	movt	r0, #16386
	.loc	2 917 7                         @ ../Drivers/STM32H7xx_HAL_Driver/Src/stm32h7xx_hal_dma.c:917:7
	cmp	r1, r0
	beq	.LBB7_52
.Ltmp827:
@ %bb.46:
	@DEBUG_VALUE: HAL_DMA_Abort_IT:hdma <- [DW_OP_LLVM_entry_value 1] $r0
	.loc	2 0 7                           @ ../Drivers/STM32H7xx_HAL_Driver/Src/stm32h7xx_hal_dma.c:0:7
	movw	r0, #1112
	b	.LBB7_51
.Ltmp828:
	.p2align	2
.LBB7_47:
	@DEBUG_VALUE: HAL_DMA_Abort_IT:hdma <- [DW_OP_LLVM_entry_value 1] $r0
	movs	r0, #160
	movt	r0, #16386
	.loc	2 917 7                         @ ../Drivers/STM32H7xx_HAL_Driver/Src/stm32h7xx_hal_dma.c:917:7
	cmp	r1, r0
	beq	.LBB7_52
.Ltmp829:
@ %bb.48:
	@DEBUG_VALUE: HAL_DMA_Abort_IT:hdma <- [DW_OP_LLVM_entry_value 1] $r0
	.loc	2 0 7                           @ ../Drivers/STM32H7xx_HAL_Driver/Src/stm32h7xx_hal_dma.c:0:7
	movs	r0, #184
	b	.LBB7_51
.Ltmp830:
	.p2align	2
.LBB7_49:
	@DEBUG_VALUE: HAL_DMA_Abort_IT:hdma <- [DW_OP_LLVM_entry_value 1] $r0
	movw	r0, #1208
	movt	r0, #16386
	.loc	2 917 7                         @ ../Drivers/STM32H7xx_HAL_Driver/Src/stm32h7xx_hal_dma.c:917:7
	cmp	r1, r0
	beq	.LBB7_52
.Ltmp831:
@ %bb.50:
	@DEBUG_VALUE: HAL_DMA_Abort_IT:hdma <- [DW_OP_LLVM_entry_value 1] $r0
	.loc	2 0 7                           @ ../Drivers/STM32H7xx_HAL_Driver/Src/stm32h7xx_hal_dma.c:0:7
	movw	r0, #1184
.Ltmp832:
.LBB7_51:
	@DEBUG_VALUE: HAL_DMA_Abort_IT:hdma <- [DW_OP_LLVM_entry_value 1] $r0
	movt	r0, #16386
	.loc	2 917 7                         @ ../Drivers/STM32H7xx_HAL_Driver/Src/stm32h7xx_hal_dma.c:917:7
	cmp	r1, r0
.Ltmp833:
.LBB7_52:
	@DEBUG_VALUE: HAL_DMA_Abort_IT:hdma <- [DW_OP_LLVM_entry_value 1] $r0
	ldr	r0, [r1]
	bic	r0, r0, #1
	str	r0, [r1]
.Ltmp834:
.LBB7_53:
	.loc	2 0 7                           @ ../Drivers/STM32H7xx_HAL_Driver/Src/stm32h7xx_hal_dma.c:0:7
	movs	r0, #0
	pop	{r7, pc}
	.p2align	2
.LBB7_54:
.Ltmp835:
	@DEBUG_VALUE: HAL_DMA_Abort_IT:hdma <- $r0
	.loc	2 922 7 is_stmt 1               @ ../Drivers/STM32H7xx_HAL_Driver/Src/stm32h7xx_hal_dma.c:922:7
	ldr	r2, [r1]
	bic	r2, r2, #1
	str	r2, [r1]
	movw	r2, #21591
	movt	r2, #22530
.Ltmp836:
	.loc	2 927 10                        @ ../Drivers/STM32H7xx_HAL_Driver/Src/stm32h7xx_hal_dma.c:927:10
	cmp	r1, r2
.Ltmp837:
	.loc	2 925 54                        @ ../Drivers/STM32H7xx_HAL_Driver/Src/stm32h7xx_hal_dma.c:925:54
	ldr	r2, [r1]
	bic	r2, r2, #14
	str	r2, [r1]
.Ltmp838:
	.loc	2 927 10                        @ ../Drivers/STM32H7xx_HAL_Driver/Src/stm32h7xx_hal_dma.c:927:10
	bgt	.LBB7_58
.Ltmp839:
@ %bb.55:
	@DEBUG_VALUE: HAL_DMA_Abort_IT:hdma <- $r0
	.loc	2 0 10 is_stmt 0                @ ../Drivers/STM32H7xx_HAL_Driver/Src/stm32h7xx_hal_dma.c:0:10
	movw	r2, #21551
	movt	r2, #22530
	.loc	2 927 10                        @ ../Drivers/STM32H7xx_HAL_Driver/Src/stm32h7xx_hal_dma.c:927:10
	cmp	r1, r2
	bgt	.LBB7_61
.Ltmp840:
@ %bb.56:
	@DEBUG_VALUE: HAL_DMA_Abort_IT:hdma <- $r0
	.loc	2 0 10                          @ ../Drivers/STM32H7xx_HAL_Driver/Src/stm32h7xx_hal_dma.c:0:10
	movw	r2, #21512
	movt	r2, #22530
	.loc	2 927 10                        @ ../Drivers/STM32H7xx_HAL_Driver/Src/stm32h7xx_hal_dma.c:927:10
	cmp	r1, r2
	beq	.LBB7_66
.Ltmp841:
@ %bb.57:
	@DEBUG_VALUE: HAL_DMA_Abort_IT:hdma <- $r0
	.loc	2 0 10                          @ ../Drivers/STM32H7xx_HAL_Driver/Src/stm32h7xx_hal_dma.c:0:10
	movw	r2, #21532
	b	.LBB7_65
.Ltmp842:
	.p2align	2
.LBB7_58:
	@DEBUG_VALUE: HAL_DMA_Abort_IT:hdma <- $r0
	movw	r2, #21631
	movt	r2, #22530
	.loc	2 927 10                        @ ../Drivers/STM32H7xx_HAL_Driver/Src/stm32h7xx_hal_dma.c:927:10
	cmp	r1, r2
	bgt	.LBB7_63
.Ltmp843:
@ %bb.59:
	@DEBUG_VALUE: HAL_DMA_Abort_IT:hdma <- $r0
	.loc	2 0 10                          @ ../Drivers/STM32H7xx_HAL_Driver/Src/stm32h7xx_hal_dma.c:0:10
	movw	r2, #21592
	movt	r2, #22530
	.loc	2 927 10                        @ ../Drivers/STM32H7xx_HAL_Driver/Src/stm32h7xx_hal_dma.c:927:10
	cmp	r1, r2
	beq	.LBB7_66
.Ltmp844:
@ %bb.60:
	@DEBUG_VALUE: HAL_DMA_Abort_IT:hdma <- $r0
	.loc	2 0 10                          @ ../Drivers/STM32H7xx_HAL_Driver/Src/stm32h7xx_hal_dma.c:0:10
	movw	r2, #21612
	b	.LBB7_65
.Ltmp845:
	.p2align	2
.LBB7_61:
	@DEBUG_VALUE: HAL_DMA_Abort_IT:hdma <- $r0
	movw	r2, #21552
	movt	r2, #22530
	.loc	2 927 10                        @ ../Drivers/STM32H7xx_HAL_Driver/Src/stm32h7xx_hal_dma.c:927:10
	cmp	r1, r2
	beq	.LBB7_66
.Ltmp846:
@ %bb.62:
	@DEBUG_VALUE: HAL_DMA_Abort_IT:hdma <- $r0
	.loc	2 0 10                          @ ../Drivers/STM32H7xx_HAL_Driver/Src/stm32h7xx_hal_dma.c:0:10
	movw	r2, #21572
	b	.LBB7_65
.Ltmp847:
	.p2align	2
.LBB7_63:
	@DEBUG_VALUE: HAL_DMA_Abort_IT:hdma <- $r0
	movw	r2, #21652
	movt	r2, #22530
	.loc	2 927 10                        @ ../Drivers/STM32H7xx_HAL_Driver/Src/stm32h7xx_hal_dma.c:927:10
	cmp	r1, r2
	beq	.LBB7_66
.Ltmp848:
@ %bb.64:
	@DEBUG_VALUE: HAL_DMA_Abort_IT:hdma <- $r0
	.loc	2 0 10                          @ ../Drivers/STM32H7xx_HAL_Driver/Src/stm32h7xx_hal_dma.c:0:10
	movw	r2, #21632
.Ltmp849:
.LBB7_65:
	@DEBUG_VALUE: HAL_DMA_Abort_IT:hdma <- $r0
	movt	r2, #22530
	.loc	2 927 10                        @ ../Drivers/STM32H7xx_HAL_Driver/Src/stm32h7xx_hal_dma.c:927:10
	cmp	r1, r2
	bne	.LBB7_68
.Ltmp850:
.LBB7_66:
	@DEBUG_VALUE: HAL_DMA_Abort_IT:hdma <- $r0
	@DEBUG_VALUE: HAL_DMA_Abort_IT:regs_bdma <- $lr
	.loc	2 930 15 is_stmt 1              @ ../Drivers/STM32H7xx_HAL_Driver/Src/stm32h7xx_hal_dma.c:930:15
	ldrd	r1, r12, [r0, #96]
	.loc	2 933 50                        @ ../Drivers/STM32H7xx_HAL_Driver/Src/stm32h7xx_hal_dma.c:933:50
	ldrd	lr, r3, [r0, #88]
.Ltmp851:
	.loc	2 930 34                        @ ../Drivers/STM32H7xx_HAL_Driver/Src/stm32h7xx_hal_dma.c:930:34
	ldr	r2, [r1]
	bic	r2, r2, #256
	str	r2, [r1]
	.loc	2 934 68                        @ ../Drivers/STM32H7xx_HAL_Driver/Src/stm32h7xx_hal_dma.c:934:68
	and	r1, r3, #31
	movs	r2, #1
	.loc	2 934 46 is_stmt 0              @ ../Drivers/STM32H7xx_HAL_Driver/Src/stm32h7xx_hal_dma.c:934:46
	lsl.w	r1, r2, r1
	.loc	2 934 25                        @ ../Drivers/STM32H7xx_HAL_Driver/Src/stm32h7xx_hal_dma.c:934:25
	str.w	r1, [lr, #4]
	.loc	2 937 48 is_stmt 1              @ ../Drivers/STM32H7xx_HAL_Driver/Src/stm32h7xx_hal_dma.c:937:48
	ldr	r1, [r0, #104]
	.loc	2 937 40 is_stmt 0              @ ../Drivers/STM32H7xx_HAL_Driver/Src/stm32h7xx_hal_dma.c:937:40
	str.w	r1, [r12, #4]
.Ltmp852:
	.loc	2 939 18 is_stmt 1              @ ../Drivers/STM32H7xx_HAL_Driver/Src/stm32h7xx_hal_dma.c:939:18
	ldr	r1, [r0, #108]
.Ltmp853:
	.loc	2 939 12 is_stmt 0              @ ../Drivers/STM32H7xx_HAL_Driver/Src/stm32h7xx_hal_dma.c:939:12
	cbz	r1, .LBB7_68
.Ltmp854:
@ %bb.67:
	@DEBUG_VALUE: HAL_DMA_Abort_IT:hdma <- $r0
	.loc	2 943 40 is_stmt 1              @ ../Drivers/STM32H7xx_HAL_Driver/Src/stm32h7xx_hal_dma.c:943:40
	ldr	r2, [r1]
	bic	r2, r2, #256
	str	r2, [r1]
	.loc	2 946 17                        @ ../Drivers/STM32H7xx_HAL_Driver/Src/stm32h7xx_hal_dma.c:946:17
	ldrd	r1, r2, [r0, #112]
	.loc	2 946 47 is_stmt 0              @ ../Drivers/STM32H7xx_HAL_Driver/Src/stm32h7xx_hal_dma.c:946:47
	str	r2, [r1, #4]
.Ltmp855:
.LBB7_68:
	@DEBUG_VALUE: HAL_DMA_Abort_IT:hdma <- $r0
	.loc	2 0 47                          @ ../Drivers/STM32H7xx_HAL_Driver/Src/stm32h7xx_hal_dma.c:0:47
	movs	r1, #1
	.loc	2 951 19 is_stmt 1              @ ../Drivers/STM32H7xx_HAL_Driver/Src/stm32h7xx_hal_dma.c:951:19
	strb.w	r1, [r0, #53]
.Ltmp856:
	.loc	2 957 16                        @ ../Drivers/STM32H7xx_HAL_Driver/Src/stm32h7xx_hal_dma.c:957:16
	ldr	r1, [r0, #80]
	movs	r2, #0
.Ltmp857:
	.loc	2 957 10 is_stmt 0              @ ../Drivers/STM32H7xx_HAL_Driver/Src/stm32h7xx_hal_dma.c:957:10
	cmp	r1, #0
.Ltmp858:
	.loc	2 954 7 is_stmt 1               @ ../Drivers/STM32H7xx_HAL_Driver/Src/stm32h7xx_hal_dma.c:954:7
	strb.w	r2, [r0, #52]
.Ltmp859:
	.loc	2 957 10                        @ ../Drivers/STM32H7xx_HAL_Driver/Src/stm32h7xx_hal_dma.c:957:10
	beq	.LBB7_53
.Ltmp860:
@ %bb.69:
	@DEBUG_VALUE: HAL_DMA_Abort_IT:hdma <- $r0
	.loc	2 959 9                         @ ../Drivers/STM32H7xx_HAL_Driver/Src/stm32h7xx_hal_dma.c:959:9
	blx	r1
.Ltmp861:
	@DEBUG_VALUE: HAL_DMA_Abort_IT:hdma <- [DW_OP_LLVM_entry_value 1] $r0
	.loc	2 0 9 is_stmt 0                 @ ../Drivers/STM32H7xx_HAL_Driver/Src/stm32h7xx_hal_dma.c:0:9
	movs	r0, #0
	pop	{r7, pc}
.Ltmp862:
.Lfunc_end7:
	.size	HAL_DMA_Abort_IT, .Lfunc_end7-HAL_DMA_Abort_IT
	.cfi_endproc
	.cantunwind
	.fnend
                                        @ -- End function
	.section	.text.HAL_DMA_PollForTransfer,"ax",%progbits
	.hidden	HAL_DMA_PollForTransfer         @ -- Begin function HAL_DMA_PollForTransfer
	.globl	HAL_DMA_PollForTransfer
	.p2align	3
	.type	HAL_DMA_PollForTransfer,%function
	.code	16                              @ @HAL_DMA_PollForTransfer
	.thumb_func
HAL_DMA_PollForTransfer:
.Lfunc_begin8:
	.loc	2 979 0 is_stmt 1               @ ../Drivers/STM32H7xx_HAL_Driver/Src/stm32h7xx_hal_dma.c:979:0
	.fnstart
	.cfi_startproc
@ %bb.0:
	@DEBUG_VALUE: HAL_DMA_PollForTransfer:hdma <- $r0
	@DEBUG_VALUE: HAL_DMA_PollForTransfer:CompleteLevel <- $r1
	@DEBUG_VALUE: HAL_DMA_PollForTransfer:Timeout <- $r2
	.save	{r4, r5, r6, r7, r8, r9, r10, r11, lr}
	push.w	{r4, r5, r6, r7, r8, r9, r10, r11, lr}
	.cfi_def_cfa_offset 36
	.cfi_offset lr, -4
	.cfi_offset r11, -8
	.cfi_offset r10, -12
	.cfi_offset r9, -16
	.cfi_offset r8, -20
	.cfi_offset r7, -24
	.cfi_offset r6, -28
	.cfi_offset r5, -32
	.cfi_offset r4, -36
	.pad	#4
	sub	sp, #4
	.cfi_def_cfa_offset 40
	mov	r8, r2
.Ltmp863:
	@DEBUG_VALUE: HAL_DMA_PollForTransfer:Timeout <- $r8
	@DEBUG_VALUE: HAL_DMA_PollForTransfer:Timeout <- $r8
	mov	r5, r1
.Ltmp864:
	@DEBUG_VALUE: HAL_DMA_PollForTransfer:CompleteLevel <- $r5
	@DEBUG_VALUE: HAL_DMA_PollForTransfer:CompleteLevel <- $r5
	mov	r4, r0
.Ltmp865:
	@DEBUG_VALUE: HAL_DMA_PollForTransfer:hdma <- $r4
	@DEBUG_VALUE: HAL_DMA_PollForTransfer:status <- 0
	@DEBUG_VALUE: HAL_DMA_PollForTransfer:hdma <- $r4
	.loc	2 982 24 prologue_end           @ ../Drivers/STM32H7xx_HAL_Driver/Src/stm32h7xx_hal_dma.c:982:24
	bl	HAL_GetTick
.Ltmp866:
	@DEBUG_VALUE: HAL_DMA_PollForTransfer:tickstart <- $r0
	.loc	2 990 6                         @ ../Drivers/STM32H7xx_HAL_Driver/Src/stm32h7xx_hal_dma.c:990:6
	cbz	r4, .LBB8_8
.Ltmp867:
@ %bb.1:
	@DEBUG_VALUE: HAL_DMA_PollForTransfer:tickstart <- $r0
	@DEBUG_VALUE: HAL_DMA_PollForTransfer:status <- 0
	@DEBUG_VALUE: HAL_DMA_PollForTransfer:hdma <- $r4
	@DEBUG_VALUE: HAL_DMA_PollForTransfer:CompleteLevel <- $r5
	@DEBUG_VALUE: HAL_DMA_PollForTransfer:Timeout <- $r8
	.loc	2 0 0 is_stmt 0                 @ ../Drivers/STM32H7xx_HAL_Driver/Src/stm32h7xx_hal_dma.c:0:0
	mov	r10, r0
.Ltmp868:
	@DEBUG_VALUE: HAL_DMA_PollForTransfer:tickstart <- $r10
	@DEBUG_VALUE: HAL_DMA_PollForTransfer:tickstart <- $r10
	.loc	2 995 34 is_stmt 1              @ ../Drivers/STM32H7xx_HAL_Driver/Src/stm32h7xx_hal_dma.c:995:34
	ldrb.w	r0, [r4, #53]
.Ltmp869:
	.loc	2 995 6 is_stmt 0               @ ../Drivers/STM32H7xx_HAL_Driver/Src/stm32h7xx_hal_dma.c:995:6
	cmp	r0, #2
	bne	.LBB8_7
.Ltmp870:
@ %bb.2:
	@DEBUG_VALUE: HAL_DMA_PollForTransfer:tickstart <- $r10
	@DEBUG_VALUE: HAL_DMA_PollForTransfer:status <- 0
	@DEBUG_VALUE: HAL_DMA_PollForTransfer:hdma <- $r4
	@DEBUG_VALUE: HAL_DMA_PollForTransfer:CompleteLevel <- $r5
	@DEBUG_VALUE: HAL_DMA_PollForTransfer:Timeout <- $r8
	.loc	2 0 6                           @ ../Drivers/STM32H7xx_HAL_Driver/Src/stm32h7xx_hal_dma.c:0:6
	movw	r7, #1039
.Ltmp871:
	.loc	2 1004 6 is_stmt 1              @ ../Drivers/STM32H7xx_HAL_Driver/Src/stm32h7xx_hal_dma.c:1004:6
	ldr	r0, [r4]
	movt	r7, #16386
	cmp	r0, r7
	bgt	.LBB8_9
.Ltmp872:
@ %bb.3:
	@DEBUG_VALUE: HAL_DMA_PollForTransfer:tickstart <- $r10
	@DEBUG_VALUE: HAL_DMA_PollForTransfer:status <- 0
	@DEBUG_VALUE: HAL_DMA_PollForTransfer:hdma <- $r4
	@DEBUG_VALUE: HAL_DMA_PollForTransfer:CompleteLevel <- $r5
	@DEBUG_VALUE: HAL_DMA_PollForTransfer:Timeout <- $r8
	.loc	2 0 6 is_stmt 0                 @ ../Drivers/STM32H7xx_HAL_Driver/Src/stm32h7xx_hal_dma.c:0:6
	movs	r1, #111
	movt	r1, #16386
	.loc	2 1004 6                        @ ../Drivers/STM32H7xx_HAL_Driver/Src/stm32h7xx_hal_dma.c:1004:6
	cmp	r0, r1
	bgt	.LBB8_13
.Ltmp873:
@ %bb.4:
	@DEBUG_VALUE: HAL_DMA_PollForTransfer:tickstart <- $r10
	@DEBUG_VALUE: HAL_DMA_PollForTransfer:status <- 0
	@DEBUG_VALUE: HAL_DMA_PollForTransfer:hdma <- $r4
	@DEBUG_VALUE: HAL_DMA_PollForTransfer:CompleteLevel <- $r5
	@DEBUG_VALUE: HAL_DMA_PollForTransfer:Timeout <- $r8
	.loc	2 0 6                           @ ../Drivers/STM32H7xx_HAL_Driver/Src/stm32h7xx_hal_dma.c:0:6
	movs	r1, #63
	movt	r1, #16386
	.loc	2 1004 6                        @ ../Drivers/STM32H7xx_HAL_Driver/Src/stm32h7xx_hal_dma.c:1004:6
	cmp	r0, r1
	bgt	.LBB8_19
.Ltmp874:
@ %bb.5:
	@DEBUG_VALUE: HAL_DMA_PollForTransfer:tickstart <- $r10
	@DEBUG_VALUE: HAL_DMA_PollForTransfer:status <- 0
	@DEBUG_VALUE: HAL_DMA_PollForTransfer:hdma <- $r4
	@DEBUG_VALUE: HAL_DMA_PollForTransfer:CompleteLevel <- $r5
	@DEBUG_VALUE: HAL_DMA_PollForTransfer:Timeout <- $r8
	.loc	2 0 6                           @ ../Drivers/STM32H7xx_HAL_Driver/Src/stm32h7xx_hal_dma.c:0:6
	movs	r1, #16
	movt	r1, #16386
	.loc	2 1004 6                        @ ../Drivers/STM32H7xx_HAL_Driver/Src/stm32h7xx_hal_dma.c:1004:6
	cmp	r0, r1
	beq	.LBB8_28
.Ltmp875:
@ %bb.6:
	@DEBUG_VALUE: HAL_DMA_PollForTransfer:tickstart <- $r10
	@DEBUG_VALUE: HAL_DMA_PollForTransfer:status <- 0
	@DEBUG_VALUE: HAL_DMA_PollForTransfer:hdma <- $r4
	@DEBUG_VALUE: HAL_DMA_PollForTransfer:CompleteLevel <- $r5
	@DEBUG_VALUE: HAL_DMA_PollForTransfer:Timeout <- $r8
	.loc	2 0 6                           @ ../Drivers/STM32H7xx_HAL_Driver/Src/stm32h7xx_hal_dma.c:0:6
	movs	r1, #40
	b	.LBB8_27
.Ltmp876:
	.p2align	2
.LBB8_7:
	@DEBUG_VALUE: HAL_DMA_PollForTransfer:tickstart <- $r10
	@DEBUG_VALUE: HAL_DMA_PollForTransfer:status <- 0
	@DEBUG_VALUE: HAL_DMA_PollForTransfer:hdma <- $r4
	@DEBUG_VALUE: HAL_DMA_PollForTransfer:CompleteLevel <- $r5
	@DEBUG_VALUE: HAL_DMA_PollForTransfer:Timeout <- $r8
	movs	r0, #128
.Ltmp877:
	.loc	2 998 21 is_stmt 1              @ ../Drivers/STM32H7xx_HAL_Driver/Src/stm32h7xx_hal_dma.c:998:21
	str	r0, [r4, #84]
	movs	r0, #0
.Ltmp878:
	.loc	2 999 5                         @ ../Drivers/STM32H7xx_HAL_Driver/Src/stm32h7xx_hal_dma.c:999:5
	strb.w	r0, [r4, #52]
.Ltmp879:
.LBB8_8:
	@DEBUG_VALUE: HAL_DMA_PollForTransfer:status <- 0
	@DEBUG_VALUE: HAL_DMA_PollForTransfer:hdma <- $r4
	@DEBUG_VALUE: HAL_DMA_PollForTransfer:CompleteLevel <- $r5
	@DEBUG_VALUE: HAL_DMA_PollForTransfer:Timeout <- $r8
	.loc	2 0 5 is_stmt 0                 @ ../Drivers/STM32H7xx_HAL_Driver/Src/stm32h7xx_hal_dma.c:0:5
	movs	r0, #1
	.loc	2 1197 1 epilogue_begin is_stmt 1 @ ../Drivers/STM32H7xx_HAL_Driver/Src/stm32h7xx_hal_dma.c:1197:1
	add	sp, #4
	pop.w	{r4, r5, r6, r7, r8, r9, r10, r11, pc}
.Ltmp880:
	.loc	2 0 1 is_stmt 0                 @ :0:1
.Ltmp881:
	.p2align	2
.LBB8_9:
	@DEBUG_VALUE: HAL_DMA_PollForTransfer:tickstart <- $r10
	@DEBUG_VALUE: HAL_DMA_PollForTransfer:status <- 0
	@DEBUG_VALUE: HAL_DMA_PollForTransfer:hdma <- $r4
	@DEBUG_VALUE: HAL_DMA_PollForTransfer:CompleteLevel <- $r5
	@DEBUG_VALUE: HAL_DMA_PollForTransfer:Timeout <- $r8
	movw	r1, #1135
	movt	r1, #16386
.Ltmp882:
	.loc	2 1004 6 is_stmt 1              @ ../Drivers/STM32H7xx_HAL_Driver/Src/stm32h7xx_hal_dma.c:1004:6
	cmp	r0, r1
	bgt	.LBB8_16
.Ltmp883:
@ %bb.10:
	@DEBUG_VALUE: HAL_DMA_PollForTransfer:tickstart <- $r10
	@DEBUG_VALUE: HAL_DMA_PollForTransfer:status <- 0
	@DEBUG_VALUE: HAL_DMA_PollForTransfer:hdma <- $r4
	@DEBUG_VALUE: HAL_DMA_PollForTransfer:CompleteLevel <- $r5
	@DEBUG_VALUE: HAL_DMA_PollForTransfer:Timeout <- $r8
	.loc	2 0 6 is_stmt 0                 @ ../Drivers/STM32H7xx_HAL_Driver/Src/stm32h7xx_hal_dma.c:0:6
	movw	r1, #1087
	movt	r1, #16386
	.loc	2 1004 6                        @ ../Drivers/STM32H7xx_HAL_Driver/Src/stm32h7xx_hal_dma.c:1004:6
	cmp	r0, r1
	bgt	.LBB8_21
.Ltmp884:
@ %bb.11:
	@DEBUG_VALUE: HAL_DMA_PollForTransfer:tickstart <- $r10
	@DEBUG_VALUE: HAL_DMA_PollForTransfer:status <- 0
	@DEBUG_VALUE: HAL_DMA_PollForTransfer:hdma <- $r4
	@DEBUG_VALUE: HAL_DMA_PollForTransfer:CompleteLevel <- $r5
	@DEBUG_VALUE: HAL_DMA_PollForTransfer:Timeout <- $r8
	.loc	2 0 6                           @ ../Drivers/STM32H7xx_HAL_Driver/Src/stm32h7xx_hal_dma.c:0:6
	movw	r1, #1040
	movt	r1, #16386
	.loc	2 1004 6                        @ ../Drivers/STM32H7xx_HAL_Driver/Src/stm32h7xx_hal_dma.c:1004:6
	cmp	r0, r1
	beq	.LBB8_28
.Ltmp885:
@ %bb.12:
	@DEBUG_VALUE: HAL_DMA_PollForTransfer:tickstart <- $r10
	@DEBUG_VALUE: HAL_DMA_PollForTransfer:status <- 0
	@DEBUG_VALUE: HAL_DMA_PollForTransfer:hdma <- $r4
	@DEBUG_VALUE: HAL_DMA_PollForTransfer:CompleteLevel <- $r5
	@DEBUG_VALUE: HAL_DMA_PollForTransfer:Timeout <- $r8
	.loc	2 0 6                           @ ../Drivers/STM32H7xx_HAL_Driver/Src/stm32h7xx_hal_dma.c:0:6
	movw	r1, #1064
	b	.LBB8_27
.Ltmp886:
	.p2align	2
.LBB8_13:
	@DEBUG_VALUE: HAL_DMA_PollForTransfer:tickstart <- $r10
	@DEBUG_VALUE: HAL_DMA_PollForTransfer:status <- 0
	@DEBUG_VALUE: HAL_DMA_PollForTransfer:hdma <- $r4
	@DEBUG_VALUE: HAL_DMA_PollForTransfer:CompleteLevel <- $r5
	@DEBUG_VALUE: HAL_DMA_PollForTransfer:Timeout <- $r8
	movs	r1, #159
	movt	r1, #16386
	.loc	2 1004 6                        @ ../Drivers/STM32H7xx_HAL_Driver/Src/stm32h7xx_hal_dma.c:1004:6
	cmp	r0, r1
	bgt	.LBB8_23
.Ltmp887:
@ %bb.14:
	@DEBUG_VALUE: HAL_DMA_PollForTransfer:tickstart <- $r10
	@DEBUG_VALUE: HAL_DMA_PollForTransfer:status <- 0
	@DEBUG_VALUE: HAL_DMA_PollForTransfer:hdma <- $r4
	@DEBUG_VALUE: HAL_DMA_PollForTransfer:CompleteLevel <- $r5
	@DEBUG_VALUE: HAL_DMA_PollForTransfer:Timeout <- $r8
	.loc	2 0 6                           @ ../Drivers/STM32H7xx_HAL_Driver/Src/stm32h7xx_hal_dma.c:0:6
	movs	r1, #112
	movt	r1, #16386
	.loc	2 1004 6                        @ ../Drivers/STM32H7xx_HAL_Driver/Src/stm32h7xx_hal_dma.c:1004:6
	cmp	r0, r1
	beq	.LBB8_28
.Ltmp888:
@ %bb.15:
	@DEBUG_VALUE: HAL_DMA_PollForTransfer:tickstart <- $r10
	@DEBUG_VALUE: HAL_DMA_PollForTransfer:status <- 0
	@DEBUG_VALUE: HAL_DMA_PollForTransfer:hdma <- $r4
	@DEBUG_VALUE: HAL_DMA_PollForTransfer:CompleteLevel <- $r5
	@DEBUG_VALUE: HAL_DMA_PollForTransfer:Timeout <- $r8
	.loc	2 0 6                           @ ../Drivers/STM32H7xx_HAL_Driver/Src/stm32h7xx_hal_dma.c:0:6
	movs	r1, #136
	b	.LBB8_27
.Ltmp889:
	.p2align	2
.LBB8_16:
	@DEBUG_VALUE: HAL_DMA_PollForTransfer:tickstart <- $r10
	@DEBUG_VALUE: HAL_DMA_PollForTransfer:status <- 0
	@DEBUG_VALUE: HAL_DMA_PollForTransfer:hdma <- $r4
	@DEBUG_VALUE: HAL_DMA_PollForTransfer:CompleteLevel <- $r5
	@DEBUG_VALUE: HAL_DMA_PollForTransfer:Timeout <- $r8
	movw	r1, #1183
	movt	r1, #16386
	.loc	2 1004 6                        @ ../Drivers/STM32H7xx_HAL_Driver/Src/stm32h7xx_hal_dma.c:1004:6
	cmp	r0, r1
	bgt	.LBB8_25
.Ltmp890:
@ %bb.17:
	@DEBUG_VALUE: HAL_DMA_PollForTransfer:tickstart <- $r10
	@DEBUG_VALUE: HAL_DMA_PollForTransfer:status <- 0
	@DEBUG_VALUE: HAL_DMA_PollForTransfer:hdma <- $r4
	@DEBUG_VALUE: HAL_DMA_PollForTransfer:CompleteLevel <- $r5
	@DEBUG_VALUE: HAL_DMA_PollForTransfer:Timeout <- $r8
	.loc	2 0 6                           @ ../Drivers/STM32H7xx_HAL_Driver/Src/stm32h7xx_hal_dma.c:0:6
	movw	r1, #1136
	movt	r1, #16386
	.loc	2 1004 6                        @ ../Drivers/STM32H7xx_HAL_Driver/Src/stm32h7xx_hal_dma.c:1004:6
	cmp	r0, r1
	beq	.LBB8_28
.Ltmp891:
@ %bb.18:
	@DEBUG_VALUE: HAL_DMA_PollForTransfer:tickstart <- $r10
	@DEBUG_VALUE: HAL_DMA_PollForTransfer:status <- 0
	@DEBUG_VALUE: HAL_DMA_PollForTransfer:hdma <- $r4
	@DEBUG_VALUE: HAL_DMA_PollForTransfer:CompleteLevel <- $r5
	@DEBUG_VALUE: HAL_DMA_PollForTransfer:Timeout <- $r8
	.loc	2 0 6                           @ ../Drivers/STM32H7xx_HAL_Driver/Src/stm32h7xx_hal_dma.c:0:6
	movw	r1, #1160
	b	.LBB8_27
.Ltmp892:
	.p2align	2
.LBB8_19:
	@DEBUG_VALUE: HAL_DMA_PollForTransfer:tickstart <- $r10
	@DEBUG_VALUE: HAL_DMA_PollForTransfer:status <- 0
	@DEBUG_VALUE: HAL_DMA_PollForTransfer:hdma <- $r4
	@DEBUG_VALUE: HAL_DMA_PollForTransfer:CompleteLevel <- $r5
	@DEBUG_VALUE: HAL_DMA_PollForTransfer:Timeout <- $r8
	movs	r1, #64
	movt	r1, #16386
	.loc	2 1004 6                        @ ../Drivers/STM32H7xx_HAL_Driver/Src/stm32h7xx_hal_dma.c:1004:6
	cmp	r0, r1
	beq	.LBB8_28
.Ltmp893:
@ %bb.20:
	@DEBUG_VALUE: HAL_DMA_PollForTransfer:tickstart <- $r10
	@DEBUG_VALUE: HAL_DMA_PollForTransfer:status <- 0
	@DEBUG_VALUE: HAL_DMA_PollForTransfer:hdma <- $r4
	@DEBUG_VALUE: HAL_DMA_PollForTransfer:CompleteLevel <- $r5
	@DEBUG_VALUE: HAL_DMA_PollForTransfer:Timeout <- $r8
	.loc	2 0 6                           @ ../Drivers/STM32H7xx_HAL_Driver/Src/stm32h7xx_hal_dma.c:0:6
	movs	r1, #88
	b	.LBB8_27
.Ltmp894:
	.p2align	2
.LBB8_21:
	@DEBUG_VALUE: HAL_DMA_PollForTransfer:tickstart <- $r10
	@DEBUG_VALUE: HAL_DMA_PollForTransfer:status <- 0
	@DEBUG_VALUE: HAL_DMA_PollForTransfer:hdma <- $r4
	@DEBUG_VALUE: HAL_DMA_PollForTransfer:CompleteLevel <- $r5
	@DEBUG_VALUE: HAL_DMA_PollForTransfer:Timeout <- $r8
	movw	r1, #1088
	movt	r1, #16386
	.loc	2 1004 6                        @ ../Drivers/STM32H7xx_HAL_Driver/Src/stm32h7xx_hal_dma.c:1004:6
	cmp	r0, r1
	beq	.LBB8_28
.Ltmp895:
@ %bb.22:
	@DEBUG_VALUE: HAL_DMA_PollForTransfer:tickstart <- $r10
	@DEBUG_VALUE: HAL_DMA_PollForTransfer:status <- 0
	@DEBUG_VALUE: HAL_DMA_PollForTransfer:hdma <- $r4
	@DEBUG_VALUE: HAL_DMA_PollForTransfer:CompleteLevel <- $r5
	@DEBUG_VALUE: HAL_DMA_PollForTransfer:Timeout <- $r8
	.loc	2 0 6                           @ ../Drivers/STM32H7xx_HAL_Driver/Src/stm32h7xx_hal_dma.c:0:6
	movw	r1, #1112
	b	.LBB8_27
.Ltmp896:
	.p2align	2
.LBB8_23:
	@DEBUG_VALUE: HAL_DMA_PollForTransfer:tickstart <- $r10
	@DEBUG_VALUE: HAL_DMA_PollForTransfer:status <- 0
	@DEBUG_VALUE: HAL_DMA_PollForTransfer:hdma <- $r4
	@DEBUG_VALUE: HAL_DMA_PollForTransfer:CompleteLevel <- $r5
	@DEBUG_VALUE: HAL_DMA_PollForTransfer:Timeout <- $r8
	movs	r1, #160
	movt	r1, #16386
	.loc	2 1004 6                        @ ../Drivers/STM32H7xx_HAL_Driver/Src/stm32h7xx_hal_dma.c:1004:6
	cmp	r0, r1
	beq	.LBB8_28
.Ltmp897:
@ %bb.24:
	@DEBUG_VALUE: HAL_DMA_PollForTransfer:tickstart <- $r10
	@DEBUG_VALUE: HAL_DMA_PollForTransfer:status <- 0
	@DEBUG_VALUE: HAL_DMA_PollForTransfer:hdma <- $r4
	@DEBUG_VALUE: HAL_DMA_PollForTransfer:CompleteLevel <- $r5
	@DEBUG_VALUE: HAL_DMA_PollForTransfer:Timeout <- $r8
	.loc	2 0 6                           @ ../Drivers/STM32H7xx_HAL_Driver/Src/stm32h7xx_hal_dma.c:0:6
	movs	r1, #184
	b	.LBB8_27
.Ltmp898:
	.p2align	2
.LBB8_25:
	@DEBUG_VALUE: HAL_DMA_PollForTransfer:tickstart <- $r10
	@DEBUG_VALUE: HAL_DMA_PollForTransfer:status <- 0
	@DEBUG_VALUE: HAL_DMA_PollForTransfer:hdma <- $r4
	@DEBUG_VALUE: HAL_DMA_PollForTransfer:CompleteLevel <- $r5
	@DEBUG_VALUE: HAL_DMA_PollForTransfer:Timeout <- $r8
	movw	r1, #1208
	movt	r1, #16386
	.loc	2 1004 6                        @ ../Drivers/STM32H7xx_HAL_Driver/Src/stm32h7xx_hal_dma.c:1004:6
	cmp	r0, r1
	beq	.LBB8_28
.Ltmp899:
@ %bb.26:
	@DEBUG_VALUE: HAL_DMA_PollForTransfer:tickstart <- $r10
	@DEBUG_VALUE: HAL_DMA_PollForTransfer:status <- 0
	@DEBUG_VALUE: HAL_DMA_PollForTransfer:hdma <- $r4
	@DEBUG_VALUE: HAL_DMA_PollForTransfer:CompleteLevel <- $r5
	@DEBUG_VALUE: HAL_DMA_PollForTransfer:Timeout <- $r8
	.loc	2 0 6                           @ ../Drivers/STM32H7xx_HAL_Driver/Src/stm32h7xx_hal_dma.c:0:6
	movw	r1, #1184
.Ltmp900:
.LBB8_27:
	@DEBUG_VALUE: HAL_DMA_PollForTransfer:tickstart <- $r10
	@DEBUG_VALUE: HAL_DMA_PollForTransfer:status <- 0
	@DEBUG_VALUE: HAL_DMA_PollForTransfer:hdma <- $r4
	@DEBUG_VALUE: HAL_DMA_PollForTransfer:CompleteLevel <- $r5
	@DEBUG_VALUE: HAL_DMA_PollForTransfer:Timeout <- $r8
	movt	r1, #16386
	.loc	2 1004 6                        @ ../Drivers/STM32H7xx_HAL_Driver/Src/stm32h7xx_hal_dma.c:1004:6
	cmp	r0, r1
	bne.w	.LBB8_133
.Ltmp901:
.LBB8_28:
	@DEBUG_VALUE: HAL_DMA_PollForTransfer:tickstart <- $r10
	@DEBUG_VALUE: HAL_DMA_PollForTransfer:status <- 0
	@DEBUG_VALUE: HAL_DMA_PollForTransfer:hdma <- $r4
	@DEBUG_VALUE: HAL_DMA_PollForTransfer:CompleteLevel <- $r5
	@DEBUG_VALUE: HAL_DMA_PollForTransfer:Timeout <- $r8
	.loc	2 1007 52 is_stmt 1             @ ../Drivers/STM32H7xx_HAL_Driver/Src/stm32h7xx_hal_dma.c:1007:52
	ldr	r1, [r0]
.Ltmp902:
	.loc	2 1007 9 is_stmt 0              @ ../Drivers/STM32H7xx_HAL_Driver/Src/stm32h7xx_hal_dma.c:1007:9
	lsls	r1, r1, #23
	bmi.w	.LBB8_135
.Ltmp903:
@ %bb.29:
	@DEBUG_VALUE: HAL_DMA_PollForTransfer:tickstart <- $r10
	@DEBUG_VALUE: HAL_DMA_PollForTransfer:status <- 0
	@DEBUG_VALUE: HAL_DMA_PollForTransfer:hdma <- $r4
	@DEBUG_VALUE: HAL_DMA_PollForTransfer:CompleteLevel <- $r5
	@DEBUG_VALUE: HAL_DMA_PollForTransfer:Timeout <- $r8
	.loc	2 0 9                           @ ../Drivers/STM32H7xx_HAL_Driver/Src/stm32h7xx_hal_dma.c:0:9
	movs	r1, #16
	str	r5, [sp]                        @ 4-byte Spill
.Ltmp904:
	@DEBUG_VALUE: HAL_DMA_PollForTransfer:CompleteLevel <- [$sp+0]
	cmp	r5, #0
.Ltmp905:
	ldr	r2, [r4, #92]
	it	eq
	moveq	r1, #32
	and	r2, r2, #31
	mov.w	r9, #8
.Ltmp906:
	@DEBUG_VALUE: HAL_DMA_PollForTransfer:ifcr_reg <- undef
.LBB8_30:
	@DEBUG_VALUE: HAL_DMA_PollForTransfer:CompleteLevel <- [$sp+0]
	@DEBUG_VALUE: HAL_DMA_PollForTransfer:tickstart <- $r10
	@DEBUG_VALUE: HAL_DMA_PollForTransfer:status <- 0
	@DEBUG_VALUE: HAL_DMA_PollForTransfer:hdma <- $r4
	@DEBUG_VALUE: HAL_DMA_PollForTransfer:Timeout <- $r8
	lsl.w	r11, r1, r2
.Ltmp907:
	@DEBUG_VALUE: HAL_DMA_PollForTransfer:cpltlevel_mask <- $r11
	ldr	r5, [r4, #88]
.Ltmp908:
	@DEBUG_VALUE: HAL_DMA_PollForTransfer:isr_reg <- $r5
	@DEBUG_VALUE: HAL_DMA_PollForTransfer:ifcr_reg <- [DW_OP_LLVM_arg 0, DW_OP_LLVM_arg 1, DW_OP_plus, DW_OP_stack_value] $r5, $r9
	@DEBUG_VALUE: HAL_DMA_PollForTransfer:cpltlevel_mask <- $r11
	.loc	2 1053 11 is_stmt 1             @ ../Drivers/STM32H7xx_HAL_Driver/Src/stm32h7xx_hal_dma.c:1053:11
	ldr	r1, [r5]
	.loc	2 1053 3 is_stmt 0              @ ../Drivers/STM32H7xx_HAL_Driver/Src/stm32h7xx_hal_dma.c:1053:3
	tst.w	r1, r11
	beq	.LBB8_37
.Ltmp909:
.LBB8_31:
	@DEBUG_VALUE: HAL_DMA_PollForTransfer:ifcr_reg <- [DW_OP_LLVM_arg 0, DW_OP_LLVM_arg 1, DW_OP_plus, DW_OP_stack_value] $r5, $r9
	@DEBUG_VALUE: HAL_DMA_PollForTransfer:isr_reg <- $r5
	@DEBUG_VALUE: HAL_DMA_PollForTransfer:cpltlevel_mask <- $r11
	@DEBUG_VALUE: HAL_DMA_PollForTransfer:CompleteLevel <- [$sp+0]
	@DEBUG_VALUE: HAL_DMA_PollForTransfer:tickstart <- $r10
	@DEBUG_VALUE: HAL_DMA_PollForTransfer:status <- 0
	@DEBUG_VALUE: HAL_DMA_PollForTransfer:hdma <- $r4
	@DEBUG_VALUE: HAL_DMA_PollForTransfer:Timeout <- $r8
	.loc	2 1166 6 is_stmt 1              @ ../Drivers/STM32H7xx_HAL_Driver/Src/stm32h7xx_hal_dma.c:1166:6
	ldr	r1, [sp]                        @ 4-byte Reload
.Ltmp910:
	@DEBUG_VALUE: HAL_DMA_PollForTransfer:CompleteLevel <- $r1
	cmp	r1, #0
	beq.w	.LBB8_112
.Ltmp911:
@ %bb.32:
	@DEBUG_VALUE: HAL_DMA_PollForTransfer:ifcr_reg <- [DW_OP_LLVM_arg 0, DW_OP_LLVM_arg 1, DW_OP_plus, DW_OP_stack_value] $r5, $r9
	@DEBUG_VALUE: HAL_DMA_PollForTransfer:isr_reg <- $r5
	@DEBUG_VALUE: HAL_DMA_PollForTransfer:cpltlevel_mask <- $r11
	@DEBUG_VALUE: HAL_DMA_PollForTransfer:tickstart <- $r10
	@DEBUG_VALUE: HAL_DMA_PollForTransfer:status <- 0
	@DEBUG_VALUE: HAL_DMA_PollForTransfer:hdma <- $r4
	@DEBUG_VALUE: HAL_DMA_PollForTransfer:Timeout <- $r8
	@DEBUG_VALUE: HAL_DMA_PollForTransfer:CompleteLevel <- $r1
	.loc	2 1186 8                        @ ../Drivers/STM32H7xx_HAL_Driver/Src/stm32h7xx_hal_dma.c:1186:8
	cmp	r0, r7
	bgt.w	.LBB8_117
.Ltmp912:
@ %bb.33:
	@DEBUG_VALUE: HAL_DMA_PollForTransfer:ifcr_reg <- [DW_OP_LLVM_arg 0, DW_OP_LLVM_arg 1, DW_OP_plus, DW_OP_stack_value] $r5, $r9
	@DEBUG_VALUE: HAL_DMA_PollForTransfer:isr_reg <- $r5
	@DEBUG_VALUE: HAL_DMA_PollForTransfer:cpltlevel_mask <- $r11
	@DEBUG_VALUE: HAL_DMA_PollForTransfer:tickstart <- $r10
	@DEBUG_VALUE: HAL_DMA_PollForTransfer:status <- 0
	@DEBUG_VALUE: HAL_DMA_PollForTransfer:hdma <- $r4
	@DEBUG_VALUE: HAL_DMA_PollForTransfer:Timeout <- $r8
	@DEBUG_VALUE: HAL_DMA_PollForTransfer:CompleteLevel <- $r1
	.loc	2 0 8 is_stmt 0                 @ ../Drivers/STM32H7xx_HAL_Driver/Src/stm32h7xx_hal_dma.c:0:8
	movs	r1, #111
.Ltmp913:
	@DEBUG_VALUE: HAL_DMA_PollForTransfer:CompleteLevel <- [DW_OP_LLVM_entry_value 1] $r1
	movt	r1, #16386
	.loc	2 1186 8                        @ ../Drivers/STM32H7xx_HAL_Driver/Src/stm32h7xx_hal_dma.c:1186:8
	cmp	r0, r1
	bgt.w	.LBB8_127
.Ltmp914:
@ %bb.34:
	@DEBUG_VALUE: HAL_DMA_PollForTransfer:CompleteLevel <- [DW_OP_LLVM_entry_value 1] $r1
	@DEBUG_VALUE: HAL_DMA_PollForTransfer:ifcr_reg <- [DW_OP_LLVM_arg 0, DW_OP_LLVM_arg 1, DW_OP_plus, DW_OP_stack_value] $r5, $r9
	@DEBUG_VALUE: HAL_DMA_PollForTransfer:isr_reg <- $r5
	@DEBUG_VALUE: HAL_DMA_PollForTransfer:cpltlevel_mask <- $r11
	@DEBUG_VALUE: HAL_DMA_PollForTransfer:tickstart <- $r10
	@DEBUG_VALUE: HAL_DMA_PollForTransfer:status <- 0
	@DEBUG_VALUE: HAL_DMA_PollForTransfer:hdma <- $r4
	@DEBUG_VALUE: HAL_DMA_PollForTransfer:Timeout <- $r8
	.loc	2 0 8                           @ ../Drivers/STM32H7xx_HAL_Driver/Src/stm32h7xx_hal_dma.c:0:8
	movs	r1, #63
	movt	r1, #16386
	.loc	2 1186 8                        @ ../Drivers/STM32H7xx_HAL_Driver/Src/stm32h7xx_hal_dma.c:1186:8
	cmp	r0, r1
	bgt.w	.LBB8_143
.Ltmp915:
@ %bb.35:
	@DEBUG_VALUE: HAL_DMA_PollForTransfer:CompleteLevel <- [DW_OP_LLVM_entry_value 1] $r1
	@DEBUG_VALUE: HAL_DMA_PollForTransfer:ifcr_reg <- [DW_OP_LLVM_arg 0, DW_OP_LLVM_arg 1, DW_OP_plus, DW_OP_stack_value] $r5, $r9
	@DEBUG_VALUE: HAL_DMA_PollForTransfer:isr_reg <- $r5
	@DEBUG_VALUE: HAL_DMA_PollForTransfer:cpltlevel_mask <- $r11
	@DEBUG_VALUE: HAL_DMA_PollForTransfer:tickstart <- $r10
	@DEBUG_VALUE: HAL_DMA_PollForTransfer:status <- 0
	@DEBUG_VALUE: HAL_DMA_PollForTransfer:hdma <- $r4
	@DEBUG_VALUE: HAL_DMA_PollForTransfer:Timeout <- $r8
	.loc	2 0 8                           @ ../Drivers/STM32H7xx_HAL_Driver/Src/stm32h7xx_hal_dma.c:0:8
	movs	r1, #16
	movt	r1, #16386
	.loc	2 1186 8                        @ ../Drivers/STM32H7xx_HAL_Driver/Src/stm32h7xx_hal_dma.c:1186:8
	cmp	r0, r1
	beq.w	.LBB8_152
.Ltmp916:
@ %bb.36:
	@DEBUG_VALUE: HAL_DMA_PollForTransfer:CompleteLevel <- [DW_OP_LLVM_entry_value 1] $r1
	@DEBUG_VALUE: HAL_DMA_PollForTransfer:ifcr_reg <- [DW_OP_LLVM_arg 0, DW_OP_LLVM_arg 1, DW_OP_plus, DW_OP_stack_value] $r5, $r9
	@DEBUG_VALUE: HAL_DMA_PollForTransfer:isr_reg <- $r5
	@DEBUG_VALUE: HAL_DMA_PollForTransfer:cpltlevel_mask <- $r11
	@DEBUG_VALUE: HAL_DMA_PollForTransfer:tickstart <- $r10
	@DEBUG_VALUE: HAL_DMA_PollForTransfer:status <- 0
	@DEBUG_VALUE: HAL_DMA_PollForTransfer:hdma <- $r4
	@DEBUG_VALUE: HAL_DMA_PollForTransfer:Timeout <- $r8
	.loc	2 0 8                           @ ../Drivers/STM32H7xx_HAL_Driver/Src/stm32h7xx_hal_dma.c:0:8
	movs	r1, #40
	b	.LBB8_151
.Ltmp917:
	.p2align	2
.LBB8_37:
	@DEBUG_VALUE: HAL_DMA_PollForTransfer:ifcr_reg <- [DW_OP_LLVM_arg 0, DW_OP_LLVM_arg 1, DW_OP_plus, DW_OP_stack_value] $r5, $r9
	@DEBUG_VALUE: HAL_DMA_PollForTransfer:isr_reg <- $r5
	@DEBUG_VALUE: HAL_DMA_PollForTransfer:cpltlevel_mask <- $r11
	@DEBUG_VALUE: HAL_DMA_PollForTransfer:CompleteLevel <- [$sp+0]
	@DEBUG_VALUE: HAL_DMA_PollForTransfer:tickstart <- $r10
	@DEBUG_VALUE: HAL_DMA_PollForTransfer:status <- 0
	@DEBUG_VALUE: HAL_DMA_PollForTransfer:hdma <- $r4
	@DEBUG_VALUE: HAL_DMA_PollForTransfer:Timeout <- $r8
	movw	r6, #1135
	movt	r6, #16386
	b	.LBB8_39
.Ltmp918:
	.p2align	2
.LBB8_38:                               @   in Loop: Header=BB8_39 Depth=1
	@DEBUG_VALUE: HAL_DMA_PollForTransfer:ifcr_reg <- [DW_OP_LLVM_arg 0, DW_OP_LLVM_arg 1, DW_OP_plus, DW_OP_stack_value] $r5, $r9
	@DEBUG_VALUE: HAL_DMA_PollForTransfer:isr_reg <- $r5
	@DEBUG_VALUE: HAL_DMA_PollForTransfer:cpltlevel_mask <- $r11
	@DEBUG_VALUE: HAL_DMA_PollForTransfer:CompleteLevel <- [$sp+0]
	@DEBUG_VALUE: HAL_DMA_PollForTransfer:tickstart <- $r10
	@DEBUG_VALUE: HAL_DMA_PollForTransfer:status <- 0
	@DEBUG_VALUE: HAL_DMA_PollForTransfer:hdma <- $r4
	@DEBUG_VALUE: HAL_DMA_PollForTransfer:Timeout <- $r8
	.loc	2 1053 11 is_stmt 1             @ ../Drivers/STM32H7xx_HAL_Driver/Src/stm32h7xx_hal_dma.c:1053:11
	ldr	r1, [r5]
	.loc	2 1053 3 is_stmt 0              @ ../Drivers/STM32H7xx_HAL_Driver/Src/stm32h7xx_hal_dma.c:1053:3
	tst.w	r1, r11
	bne	.LBB8_31
.Ltmp919:
.LBB8_39:                               @ =>This Inner Loop Header: Depth=1
	@DEBUG_VALUE: HAL_DMA_PollForTransfer:ifcr_reg <- [DW_OP_LLVM_arg 0, DW_OP_LLVM_arg 1, DW_OP_plus, DW_OP_stack_value] $r5, $r9
	@DEBUG_VALUE: HAL_DMA_PollForTransfer:isr_reg <- $r5
	@DEBUG_VALUE: HAL_DMA_PollForTransfer:cpltlevel_mask <- $r11
	@DEBUG_VALUE: HAL_DMA_PollForTransfer:CompleteLevel <- [$sp+0]
	@DEBUG_VALUE: HAL_DMA_PollForTransfer:tickstart <- $r10
	@DEBUG_VALUE: HAL_DMA_PollForTransfer:status <- 0
	@DEBUG_VALUE: HAL_DMA_PollForTransfer:hdma <- $r4
	@DEBUG_VALUE: HAL_DMA_PollForTransfer:Timeout <- $r8
	.loc	2 1055 8 is_stmt 1              @ ../Drivers/STM32H7xx_HAL_Driver/Src/stm32h7xx_hal_dma.c:1055:8
	cmp	r0, r7
	bgt	.LBB8_44
.Ltmp920:
@ %bb.40:                               @   in Loop: Header=BB8_39 Depth=1
	@DEBUG_VALUE: HAL_DMA_PollForTransfer:ifcr_reg <- [DW_OP_LLVM_arg 0, DW_OP_LLVM_arg 1, DW_OP_plus, DW_OP_stack_value] $r5, $r9
	@DEBUG_VALUE: HAL_DMA_PollForTransfer:isr_reg <- $r5
	@DEBUG_VALUE: HAL_DMA_PollForTransfer:cpltlevel_mask <- $r11
	@DEBUG_VALUE: HAL_DMA_PollForTransfer:CompleteLevel <- [$sp+0]
	@DEBUG_VALUE: HAL_DMA_PollForTransfer:tickstart <- $r10
	@DEBUG_VALUE: HAL_DMA_PollForTransfer:status <- 0
	@DEBUG_VALUE: HAL_DMA_PollForTransfer:hdma <- $r4
	@DEBUG_VALUE: HAL_DMA_PollForTransfer:Timeout <- $r8
	movs	r1, #111
	movt	r1, #16386
	cmp	r0, r1
	bgt	.LBB8_48
.Ltmp921:
@ %bb.41:                               @   in Loop: Header=BB8_39 Depth=1
	@DEBUG_VALUE: HAL_DMA_PollForTransfer:ifcr_reg <- [DW_OP_LLVM_arg 0, DW_OP_LLVM_arg 1, DW_OP_plus, DW_OP_stack_value] $r5, $r9
	@DEBUG_VALUE: HAL_DMA_PollForTransfer:isr_reg <- $r5
	@DEBUG_VALUE: HAL_DMA_PollForTransfer:cpltlevel_mask <- $r11
	@DEBUG_VALUE: HAL_DMA_PollForTransfer:CompleteLevel <- [$sp+0]
	@DEBUG_VALUE: HAL_DMA_PollForTransfer:tickstart <- $r10
	@DEBUG_VALUE: HAL_DMA_PollForTransfer:status <- 0
	@DEBUG_VALUE: HAL_DMA_PollForTransfer:hdma <- $r4
	@DEBUG_VALUE: HAL_DMA_PollForTransfer:Timeout <- $r8
	movs	r1, #63
	movt	r1, #16386
	cmp	r0, r1
	bgt	.LBB8_54
.Ltmp922:
@ %bb.42:                               @   in Loop: Header=BB8_39 Depth=1
	@DEBUG_VALUE: HAL_DMA_PollForTransfer:ifcr_reg <- [DW_OP_LLVM_arg 0, DW_OP_LLVM_arg 1, DW_OP_plus, DW_OP_stack_value] $r5, $r9
	@DEBUG_VALUE: HAL_DMA_PollForTransfer:isr_reg <- $r5
	@DEBUG_VALUE: HAL_DMA_PollForTransfer:cpltlevel_mask <- $r11
	@DEBUG_VALUE: HAL_DMA_PollForTransfer:CompleteLevel <- [$sp+0]
	@DEBUG_VALUE: HAL_DMA_PollForTransfer:tickstart <- $r10
	@DEBUG_VALUE: HAL_DMA_PollForTransfer:status <- 0
	@DEBUG_VALUE: HAL_DMA_PollForTransfer:hdma <- $r4
	@DEBUG_VALUE: HAL_DMA_PollForTransfer:Timeout <- $r8
	movs	r1, #16
	movt	r1, #16386
	cmp	r0, r1
	beq	.LBB8_63
.Ltmp923:
@ %bb.43:                               @   in Loop: Header=BB8_39 Depth=1
	@DEBUG_VALUE: HAL_DMA_PollForTransfer:ifcr_reg <- [DW_OP_LLVM_arg 0, DW_OP_LLVM_arg 1, DW_OP_plus, DW_OP_stack_value] $r5, $r9
	@DEBUG_VALUE: HAL_DMA_PollForTransfer:isr_reg <- $r5
	@DEBUG_VALUE: HAL_DMA_PollForTransfer:cpltlevel_mask <- $r11
	@DEBUG_VALUE: HAL_DMA_PollForTransfer:CompleteLevel <- [$sp+0]
	@DEBUG_VALUE: HAL_DMA_PollForTransfer:tickstart <- $r10
	@DEBUG_VALUE: HAL_DMA_PollForTransfer:status <- 0
	@DEBUG_VALUE: HAL_DMA_PollForTransfer:hdma <- $r4
	@DEBUG_VALUE: HAL_DMA_PollForTransfer:Timeout <- $r8
	movs	r1, #40
	b	.LBB8_62
.Ltmp924:
	.loc	2 0 8 is_stmt 0                 @ :0:8
.Ltmp925:
	.p2align	2
.LBB8_44:                               @   in Loop: Header=BB8_39 Depth=1
	@DEBUG_VALUE: HAL_DMA_PollForTransfer:ifcr_reg <- [DW_OP_LLVM_arg 0, DW_OP_LLVM_arg 1, DW_OP_plus, DW_OP_stack_value] $r5, $r9
	@DEBUG_VALUE: HAL_DMA_PollForTransfer:isr_reg <- $r5
	@DEBUG_VALUE: HAL_DMA_PollForTransfer:cpltlevel_mask <- $r11
	@DEBUG_VALUE: HAL_DMA_PollForTransfer:CompleteLevel <- [$sp+0]
	@DEBUG_VALUE: HAL_DMA_PollForTransfer:tickstart <- $r10
	@DEBUG_VALUE: HAL_DMA_PollForTransfer:status <- 0
	@DEBUG_VALUE: HAL_DMA_PollForTransfer:hdma <- $r4
	@DEBUG_VALUE: HAL_DMA_PollForTransfer:Timeout <- $r8
	.loc	2 1055 8                        @ ../Drivers/STM32H7xx_HAL_Driver/Src/stm32h7xx_hal_dma.c:1055:8
	cmp	r0, r6
	bgt	.LBB8_51
.Ltmp926:
@ %bb.45:                               @   in Loop: Header=BB8_39 Depth=1
	@DEBUG_VALUE: HAL_DMA_PollForTransfer:ifcr_reg <- [DW_OP_LLVM_arg 0, DW_OP_LLVM_arg 1, DW_OP_plus, DW_OP_stack_value] $r5, $r9
	@DEBUG_VALUE: HAL_DMA_PollForTransfer:isr_reg <- $r5
	@DEBUG_VALUE: HAL_DMA_PollForTransfer:cpltlevel_mask <- $r11
	@DEBUG_VALUE: HAL_DMA_PollForTransfer:CompleteLevel <- [$sp+0]
	@DEBUG_VALUE: HAL_DMA_PollForTransfer:tickstart <- $r10
	@DEBUG_VALUE: HAL_DMA_PollForTransfer:status <- 0
	@DEBUG_VALUE: HAL_DMA_PollForTransfer:hdma <- $r4
	@DEBUG_VALUE: HAL_DMA_PollForTransfer:Timeout <- $r8
	movw	r1, #1087
	movt	r1, #16386
	cmp	r0, r1
	bgt	.LBB8_56
.Ltmp927:
@ %bb.46:                               @   in Loop: Header=BB8_39 Depth=1
	@DEBUG_VALUE: HAL_DMA_PollForTransfer:ifcr_reg <- [DW_OP_LLVM_arg 0, DW_OP_LLVM_arg 1, DW_OP_plus, DW_OP_stack_value] $r5, $r9
	@DEBUG_VALUE: HAL_DMA_PollForTransfer:isr_reg <- $r5
	@DEBUG_VALUE: HAL_DMA_PollForTransfer:cpltlevel_mask <- $r11
	@DEBUG_VALUE: HAL_DMA_PollForTransfer:CompleteLevel <- [$sp+0]
	@DEBUG_VALUE: HAL_DMA_PollForTransfer:tickstart <- $r10
	@DEBUG_VALUE: HAL_DMA_PollForTransfer:status <- 0
	@DEBUG_VALUE: HAL_DMA_PollForTransfer:hdma <- $r4
	@DEBUG_VALUE: HAL_DMA_PollForTransfer:Timeout <- $r8
	movw	r1, #1040
	movt	r1, #16386
	cmp	r0, r1
	beq	.LBB8_63
.Ltmp928:
@ %bb.47:                               @   in Loop: Header=BB8_39 Depth=1
	@DEBUG_VALUE: HAL_DMA_PollForTransfer:ifcr_reg <- [DW_OP_LLVM_arg 0, DW_OP_LLVM_arg 1, DW_OP_plus, DW_OP_stack_value] $r5, $r9
	@DEBUG_VALUE: HAL_DMA_PollForTransfer:isr_reg <- $r5
	@DEBUG_VALUE: HAL_DMA_PollForTransfer:cpltlevel_mask <- $r11
	@DEBUG_VALUE: HAL_DMA_PollForTransfer:CompleteLevel <- [$sp+0]
	@DEBUG_VALUE: HAL_DMA_PollForTransfer:tickstart <- $r10
	@DEBUG_VALUE: HAL_DMA_PollForTransfer:status <- 0
	@DEBUG_VALUE: HAL_DMA_PollForTransfer:hdma <- $r4
	@DEBUG_VALUE: HAL_DMA_PollForTransfer:Timeout <- $r8
	movw	r1, #1064
	b	.LBB8_62
.Ltmp929:
	.loc	2 0 8                           @ :0:8
.Ltmp930:
	.p2align	2
.LBB8_48:                               @   in Loop: Header=BB8_39 Depth=1
	@DEBUG_VALUE: HAL_DMA_PollForTransfer:ifcr_reg <- [DW_OP_LLVM_arg 0, DW_OP_LLVM_arg 1, DW_OP_plus, DW_OP_stack_value] $r5, $r9
	@DEBUG_VALUE: HAL_DMA_PollForTransfer:isr_reg <- $r5
	@DEBUG_VALUE: HAL_DMA_PollForTransfer:cpltlevel_mask <- $r11
	@DEBUG_VALUE: HAL_DMA_PollForTransfer:CompleteLevel <- [$sp+0]
	@DEBUG_VALUE: HAL_DMA_PollForTransfer:tickstart <- $r10
	@DEBUG_VALUE: HAL_DMA_PollForTransfer:status <- 0
	@DEBUG_VALUE: HAL_DMA_PollForTransfer:hdma <- $r4
	@DEBUG_VALUE: HAL_DMA_PollForTransfer:Timeout <- $r8
	.loc	2 1055 8                        @ ../Drivers/STM32H7xx_HAL_Driver/Src/stm32h7xx_hal_dma.c:1055:8
	movs	r1, #159
	movt	r1, #16386
	cmp	r0, r1
	bgt	.LBB8_58
.Ltmp931:
@ %bb.49:                               @   in Loop: Header=BB8_39 Depth=1
	@DEBUG_VALUE: HAL_DMA_PollForTransfer:ifcr_reg <- [DW_OP_LLVM_arg 0, DW_OP_LLVM_arg 1, DW_OP_plus, DW_OP_stack_value] $r5, $r9
	@DEBUG_VALUE: HAL_DMA_PollForTransfer:isr_reg <- $r5
	@DEBUG_VALUE: HAL_DMA_PollForTransfer:cpltlevel_mask <- $r11
	@DEBUG_VALUE: HAL_DMA_PollForTransfer:CompleteLevel <- [$sp+0]
	@DEBUG_VALUE: HAL_DMA_PollForTransfer:tickstart <- $r10
	@DEBUG_VALUE: HAL_DMA_PollForTransfer:status <- 0
	@DEBUG_VALUE: HAL_DMA_PollForTransfer:hdma <- $r4
	@DEBUG_VALUE: HAL_DMA_PollForTransfer:Timeout <- $r8
	movs	r1, #112
	movt	r1, #16386
	cmp	r0, r1
	beq	.LBB8_63
.Ltmp932:
@ %bb.50:                               @   in Loop: Header=BB8_39 Depth=1
	@DEBUG_VALUE: HAL_DMA_PollForTransfer:ifcr_reg <- [DW_OP_LLVM_arg 0, DW_OP_LLVM_arg 1, DW_OP_plus, DW_OP_stack_value] $r5, $r9
	@DEBUG_VALUE: HAL_DMA_PollForTransfer:isr_reg <- $r5
	@DEBUG_VALUE: HAL_DMA_PollForTransfer:cpltlevel_mask <- $r11
	@DEBUG_VALUE: HAL_DMA_PollForTransfer:CompleteLevel <- [$sp+0]
	@DEBUG_VALUE: HAL_DMA_PollForTransfer:tickstart <- $r10
	@DEBUG_VALUE: HAL_DMA_PollForTransfer:status <- 0
	@DEBUG_VALUE: HAL_DMA_PollForTransfer:hdma <- $r4
	@DEBUG_VALUE: HAL_DMA_PollForTransfer:Timeout <- $r8
	movs	r1, #136
	b	.LBB8_62
.Ltmp933:
	.loc	2 0 8                           @ :0:8
.Ltmp934:
	.p2align	2
.LBB8_51:                               @   in Loop: Header=BB8_39 Depth=1
	@DEBUG_VALUE: HAL_DMA_PollForTransfer:ifcr_reg <- [DW_OP_LLVM_arg 0, DW_OP_LLVM_arg 1, DW_OP_plus, DW_OP_stack_value] $r5, $r9
	@DEBUG_VALUE: HAL_DMA_PollForTransfer:isr_reg <- $r5
	@DEBUG_VALUE: HAL_DMA_PollForTransfer:cpltlevel_mask <- $r11
	@DEBUG_VALUE: HAL_DMA_PollForTransfer:CompleteLevel <- [$sp+0]
	@DEBUG_VALUE: HAL_DMA_PollForTransfer:tickstart <- $r10
	@DEBUG_VALUE: HAL_DMA_PollForTransfer:status <- 0
	@DEBUG_VALUE: HAL_DMA_PollForTransfer:hdma <- $r4
	@DEBUG_VALUE: HAL_DMA_PollForTransfer:Timeout <- $r8
	.loc	2 1055 8                        @ ../Drivers/STM32H7xx_HAL_Driver/Src/stm32h7xx_hal_dma.c:1055:8
	movw	r1, #1183
	movt	r1, #16386
	cmp	r0, r1
	bgt	.LBB8_60
.Ltmp935:
@ %bb.52:                               @   in Loop: Header=BB8_39 Depth=1
	@DEBUG_VALUE: HAL_DMA_PollForTransfer:ifcr_reg <- [DW_OP_LLVM_arg 0, DW_OP_LLVM_arg 1, DW_OP_plus, DW_OP_stack_value] $r5, $r9
	@DEBUG_VALUE: HAL_DMA_PollForTransfer:isr_reg <- $r5
	@DEBUG_VALUE: HAL_DMA_PollForTransfer:cpltlevel_mask <- $r11
	@DEBUG_VALUE: HAL_DMA_PollForTransfer:CompleteLevel <- [$sp+0]
	@DEBUG_VALUE: HAL_DMA_PollForTransfer:tickstart <- $r10
	@DEBUG_VALUE: HAL_DMA_PollForTransfer:status <- 0
	@DEBUG_VALUE: HAL_DMA_PollForTransfer:hdma <- $r4
	@DEBUG_VALUE: HAL_DMA_PollForTransfer:Timeout <- $r8
	movw	r1, #1136
	movt	r1, #16386
	cmp	r0, r1
	beq	.LBB8_63
.Ltmp936:
@ %bb.53:                               @   in Loop: Header=BB8_39 Depth=1
	@DEBUG_VALUE: HAL_DMA_PollForTransfer:ifcr_reg <- [DW_OP_LLVM_arg 0, DW_OP_LLVM_arg 1, DW_OP_plus, DW_OP_stack_value] $r5, $r9
	@DEBUG_VALUE: HAL_DMA_PollForTransfer:isr_reg <- $r5
	@DEBUG_VALUE: HAL_DMA_PollForTransfer:cpltlevel_mask <- $r11
	@DEBUG_VALUE: HAL_DMA_PollForTransfer:CompleteLevel <- [$sp+0]
	@DEBUG_VALUE: HAL_DMA_PollForTransfer:tickstart <- $r10
	@DEBUG_VALUE: HAL_DMA_PollForTransfer:status <- 0
	@DEBUG_VALUE: HAL_DMA_PollForTransfer:hdma <- $r4
	@DEBUG_VALUE: HAL_DMA_PollForTransfer:Timeout <- $r8
	movw	r1, #1160
	b	.LBB8_62
.Ltmp937:
	.loc	2 0 8                           @ :0:8
.Ltmp938:
	.p2align	2
.LBB8_54:                               @   in Loop: Header=BB8_39 Depth=1
	@DEBUG_VALUE: HAL_DMA_PollForTransfer:ifcr_reg <- [DW_OP_LLVM_arg 0, DW_OP_LLVM_arg 1, DW_OP_plus, DW_OP_stack_value] $r5, $r9
	@DEBUG_VALUE: HAL_DMA_PollForTransfer:isr_reg <- $r5
	@DEBUG_VALUE: HAL_DMA_PollForTransfer:cpltlevel_mask <- $r11
	@DEBUG_VALUE: HAL_DMA_PollForTransfer:CompleteLevel <- [$sp+0]
	@DEBUG_VALUE: HAL_DMA_PollForTransfer:tickstart <- $r10
	@DEBUG_VALUE: HAL_DMA_PollForTransfer:status <- 0
	@DEBUG_VALUE: HAL_DMA_PollForTransfer:hdma <- $r4
	@DEBUG_VALUE: HAL_DMA_PollForTransfer:Timeout <- $r8
	.loc	2 1055 8                        @ ../Drivers/STM32H7xx_HAL_Driver/Src/stm32h7xx_hal_dma.c:1055:8
	movs	r1, #64
	movt	r1, #16386
	cmp	r0, r1
	beq	.LBB8_63
.Ltmp939:
@ %bb.55:                               @   in Loop: Header=BB8_39 Depth=1
	@DEBUG_VALUE: HAL_DMA_PollForTransfer:ifcr_reg <- [DW_OP_LLVM_arg 0, DW_OP_LLVM_arg 1, DW_OP_plus, DW_OP_stack_value] $r5, $r9
	@DEBUG_VALUE: HAL_DMA_PollForTransfer:isr_reg <- $r5
	@DEBUG_VALUE: HAL_DMA_PollForTransfer:cpltlevel_mask <- $r11
	@DEBUG_VALUE: HAL_DMA_PollForTransfer:CompleteLevel <- [$sp+0]
	@DEBUG_VALUE: HAL_DMA_PollForTransfer:tickstart <- $r10
	@DEBUG_VALUE: HAL_DMA_PollForTransfer:status <- 0
	@DEBUG_VALUE: HAL_DMA_PollForTransfer:hdma <- $r4
	@DEBUG_VALUE: HAL_DMA_PollForTransfer:Timeout <- $r8
	movs	r1, #88
	b	.LBB8_62
.Ltmp940:
	.loc	2 0 8                           @ :0:8
.Ltmp941:
	.p2align	2
.LBB8_56:                               @   in Loop: Header=BB8_39 Depth=1
	@DEBUG_VALUE: HAL_DMA_PollForTransfer:ifcr_reg <- [DW_OP_LLVM_arg 0, DW_OP_LLVM_arg 1, DW_OP_plus, DW_OP_stack_value] $r5, $r9
	@DEBUG_VALUE: HAL_DMA_PollForTransfer:isr_reg <- $r5
	@DEBUG_VALUE: HAL_DMA_PollForTransfer:cpltlevel_mask <- $r11
	@DEBUG_VALUE: HAL_DMA_PollForTransfer:CompleteLevel <- [$sp+0]
	@DEBUG_VALUE: HAL_DMA_PollForTransfer:tickstart <- $r10
	@DEBUG_VALUE: HAL_DMA_PollForTransfer:status <- 0
	@DEBUG_VALUE: HAL_DMA_PollForTransfer:hdma <- $r4
	@DEBUG_VALUE: HAL_DMA_PollForTransfer:Timeout <- $r8
	.loc	2 1055 8                        @ ../Drivers/STM32H7xx_HAL_Driver/Src/stm32h7xx_hal_dma.c:1055:8
	movw	r1, #1088
	movt	r1, #16386
	cmp	r0, r1
	beq	.LBB8_63
.Ltmp942:
@ %bb.57:                               @   in Loop: Header=BB8_39 Depth=1
	@DEBUG_VALUE: HAL_DMA_PollForTransfer:ifcr_reg <- [DW_OP_LLVM_arg 0, DW_OP_LLVM_arg 1, DW_OP_plus, DW_OP_stack_value] $r5, $r9
	@DEBUG_VALUE: HAL_DMA_PollForTransfer:isr_reg <- $r5
	@DEBUG_VALUE: HAL_DMA_PollForTransfer:cpltlevel_mask <- $r11
	@DEBUG_VALUE: HAL_DMA_PollForTransfer:CompleteLevel <- [$sp+0]
	@DEBUG_VALUE: HAL_DMA_PollForTransfer:tickstart <- $r10
	@DEBUG_VALUE: HAL_DMA_PollForTransfer:status <- 0
	@DEBUG_VALUE: HAL_DMA_PollForTransfer:hdma <- $r4
	@DEBUG_VALUE: HAL_DMA_PollForTransfer:Timeout <- $r8
	movw	r1, #1112
	b	.LBB8_62
.Ltmp943:
	.loc	2 0 8                           @ :0:8
.Ltmp944:
	.p2align	2
.LBB8_58:                               @   in Loop: Header=BB8_39 Depth=1
	@DEBUG_VALUE: HAL_DMA_PollForTransfer:ifcr_reg <- [DW_OP_LLVM_arg 0, DW_OP_LLVM_arg 1, DW_OP_plus, DW_OP_stack_value] $r5, $r9
	@DEBUG_VALUE: HAL_DMA_PollForTransfer:isr_reg <- $r5
	@DEBUG_VALUE: HAL_DMA_PollForTransfer:cpltlevel_mask <- $r11
	@DEBUG_VALUE: HAL_DMA_PollForTransfer:CompleteLevel <- [$sp+0]
	@DEBUG_VALUE: HAL_DMA_PollForTransfer:tickstart <- $r10
	@DEBUG_VALUE: HAL_DMA_PollForTransfer:status <- 0
	@DEBUG_VALUE: HAL_DMA_PollForTransfer:hdma <- $r4
	@DEBUG_VALUE: HAL_DMA_PollForTransfer:Timeout <- $r8
	.loc	2 1055 8                        @ ../Drivers/STM32H7xx_HAL_Driver/Src/stm32h7xx_hal_dma.c:1055:8
	movs	r1, #160
	movt	r1, #16386
	cmp	r0, r1
	beq	.LBB8_63
.Ltmp945:
@ %bb.59:                               @   in Loop: Header=BB8_39 Depth=1
	@DEBUG_VALUE: HAL_DMA_PollForTransfer:ifcr_reg <- [DW_OP_LLVM_arg 0, DW_OP_LLVM_arg 1, DW_OP_plus, DW_OP_stack_value] $r5, $r9
	@DEBUG_VALUE: HAL_DMA_PollForTransfer:isr_reg <- $r5
	@DEBUG_VALUE: HAL_DMA_PollForTransfer:cpltlevel_mask <- $r11
	@DEBUG_VALUE: HAL_DMA_PollForTransfer:CompleteLevel <- [$sp+0]
	@DEBUG_VALUE: HAL_DMA_PollForTransfer:tickstart <- $r10
	@DEBUG_VALUE: HAL_DMA_PollForTransfer:status <- 0
	@DEBUG_VALUE: HAL_DMA_PollForTransfer:hdma <- $r4
	@DEBUG_VALUE: HAL_DMA_PollForTransfer:Timeout <- $r8
	movs	r1, #184
	b	.LBB8_62
.Ltmp946:
	.loc	2 0 8                           @ :0:8
.Ltmp947:
	.p2align	2
.LBB8_60:                               @   in Loop: Header=BB8_39 Depth=1
	@DEBUG_VALUE: HAL_DMA_PollForTransfer:ifcr_reg <- [DW_OP_LLVM_arg 0, DW_OP_LLVM_arg 1, DW_OP_plus, DW_OP_stack_value] $r5, $r9
	@DEBUG_VALUE: HAL_DMA_PollForTransfer:isr_reg <- $r5
	@DEBUG_VALUE: HAL_DMA_PollForTransfer:cpltlevel_mask <- $r11
	@DEBUG_VALUE: HAL_DMA_PollForTransfer:CompleteLevel <- [$sp+0]
	@DEBUG_VALUE: HAL_DMA_PollForTransfer:tickstart <- $r10
	@DEBUG_VALUE: HAL_DMA_PollForTransfer:status <- 0
	@DEBUG_VALUE: HAL_DMA_PollForTransfer:hdma <- $r4
	@DEBUG_VALUE: HAL_DMA_PollForTransfer:Timeout <- $r8
	.loc	2 1055 8                        @ ../Drivers/STM32H7xx_HAL_Driver/Src/stm32h7xx_hal_dma.c:1055:8
	movw	r1, #1208
	movt	r1, #16386
	cmp	r0, r1
	beq	.LBB8_63
.Ltmp948:
@ %bb.61:                               @   in Loop: Header=BB8_39 Depth=1
	@DEBUG_VALUE: HAL_DMA_PollForTransfer:ifcr_reg <- [DW_OP_LLVM_arg 0, DW_OP_LLVM_arg 1, DW_OP_plus, DW_OP_stack_value] $r5, $r9
	@DEBUG_VALUE: HAL_DMA_PollForTransfer:isr_reg <- $r5
	@DEBUG_VALUE: HAL_DMA_PollForTransfer:cpltlevel_mask <- $r11
	@DEBUG_VALUE: HAL_DMA_PollForTransfer:CompleteLevel <- [$sp+0]
	@DEBUG_VALUE: HAL_DMA_PollForTransfer:tickstart <- $r10
	@DEBUG_VALUE: HAL_DMA_PollForTransfer:status <- 0
	@DEBUG_VALUE: HAL_DMA_PollForTransfer:hdma <- $r4
	@DEBUG_VALUE: HAL_DMA_PollForTransfer:Timeout <- $r8
	movw	r1, #1184
.Ltmp949:
	.loc	2 0 8                           @ :0:8
.Ltmp950:
	.p2align	2
.LBB8_62:                               @   in Loop: Header=BB8_39 Depth=1
	@DEBUG_VALUE: HAL_DMA_PollForTransfer:ifcr_reg <- [DW_OP_LLVM_arg 0, DW_OP_LLVM_arg 1, DW_OP_plus, DW_OP_stack_value] $r5, $r9
	@DEBUG_VALUE: HAL_DMA_PollForTransfer:isr_reg <- $r5
	@DEBUG_VALUE: HAL_DMA_PollForTransfer:cpltlevel_mask <- $r11
	@DEBUG_VALUE: HAL_DMA_PollForTransfer:CompleteLevel <- [$sp+0]
	@DEBUG_VALUE: HAL_DMA_PollForTransfer:tickstart <- $r10
	@DEBUG_VALUE: HAL_DMA_PollForTransfer:status <- 0
	@DEBUG_VALUE: HAL_DMA_PollForTransfer:hdma <- $r4
	@DEBUG_VALUE: HAL_DMA_PollForTransfer:Timeout <- $r8
	.loc	2 1055 8                        @ ../Drivers/STM32H7xx_HAL_Driver/Src/stm32h7xx_hal_dma.c:1055:8
	movt	r1, #16386
	cmp	r0, r1
	bne.w	.LBB8_110
.Ltmp951:
.LBB8_63:                               @   in Loop: Header=BB8_39 Depth=1
	@DEBUG_VALUE: HAL_DMA_PollForTransfer:ifcr_reg <- [DW_OP_LLVM_arg 0, DW_OP_LLVM_arg 1, DW_OP_plus, DW_OP_stack_value] $r5, $r9
	@DEBUG_VALUE: HAL_DMA_PollForTransfer:isr_reg <- $r5
	@DEBUG_VALUE: HAL_DMA_PollForTransfer:cpltlevel_mask <- $r11
	@DEBUG_VALUE: HAL_DMA_PollForTransfer:CompleteLevel <- [$sp+0]
	@DEBUG_VALUE: HAL_DMA_PollForTransfer:tickstart <- $r10
	@DEBUG_VALUE: HAL_DMA_PollForTransfer:status <- 0
	@DEBUG_VALUE: HAL_DMA_PollForTransfer:hdma <- $r4
	@DEBUG_VALUE: HAL_DMA_PollForTransfer:Timeout <- $r8
	.loc	2 1057 12 is_stmt 1             @ ../Drivers/STM32H7xx_HAL_Driver/Src/stm32h7xx_hal_dma.c:1057:12
	ldr	r3, [r5]
	.loc	2 1057 52 is_stmt 0             @ ../Drivers/STM32H7xx_HAL_Driver/Src/stm32h7xx_hal_dma.c:1057:52
	ldr	r1, [r4, #92]
	.loc	2 1057 64                       @ ../Drivers/STM32H7xx_HAL_Driver/Src/stm32h7xx_hal_dma.c:1057:64
	and	r1, r1, #31
	.loc	2 1057 42                       @ ../Drivers/STM32H7xx_HAL_Driver/Src/stm32h7xx_hal_dma.c:1057:42
	movs	r2, #1
	lsls	r2, r1
.Ltmp952:
	.loc	2 1057 10                       @ ../Drivers/STM32H7xx_HAL_Driver/Src/stm32h7xx_hal_dma.c:1057:10
	tst	r2, r3
	beq	.LBB8_65
.Ltmp953:
@ %bb.64:                               @   in Loop: Header=BB8_39 Depth=1
	@DEBUG_VALUE: HAL_DMA_PollForTransfer:ifcr_reg <- [DW_OP_LLVM_arg 0, DW_OP_LLVM_arg 1, DW_OP_plus, DW_OP_stack_value] $r5, $r9
	@DEBUG_VALUE: HAL_DMA_PollForTransfer:isr_reg <- $r5
	@DEBUG_VALUE: HAL_DMA_PollForTransfer:cpltlevel_mask <- $r11
	@DEBUG_VALUE: HAL_DMA_PollForTransfer:CompleteLevel <- [$sp+0]
	@DEBUG_VALUE: HAL_DMA_PollForTransfer:tickstart <- $r10
	@DEBUG_VALUE: HAL_DMA_PollForTransfer:status <- 0
	@DEBUG_VALUE: HAL_DMA_PollForTransfer:hdma <- $r4
	@DEBUG_VALUE: HAL_DMA_PollForTransfer:Timeout <- $r8
	.loc	2 1060 25 is_stmt 1             @ ../Drivers/STM32H7xx_HAL_Driver/Src/stm32h7xx_hal_dma.c:1060:25
	ldr	r1, [r4, #84]
	orr	r1, r1, #2
	str	r1, [r4, #84]
	.loc	2 1063 21                       @ ../Drivers/STM32H7xx_HAL_Driver/Src/stm32h7xx_hal_dma.c:1063:21
	str.w	r2, [r5, r9]
.Ltmp954:
	.loc	2 1066 53                       @ ../Drivers/STM32H7xx_HAL_Driver/Src/stm32h7xx_hal_dma.c:1066:53
	ldr	r1, [r4, #92]
	.loc	2 1066 65 is_stmt 0             @ ../Drivers/STM32H7xx_HAL_Driver/Src/stm32h7xx_hal_dma.c:1066:65
	and	r1, r1, #31
.Ltmp955:
.LBB8_65:                               @   in Loop: Header=BB8_39 Depth=1
	@DEBUG_VALUE: HAL_DMA_PollForTransfer:ifcr_reg <- [DW_OP_LLVM_arg 0, DW_OP_LLVM_arg 1, DW_OP_plus, DW_OP_stack_value] $r5, $r9
	@DEBUG_VALUE: HAL_DMA_PollForTransfer:isr_reg <- $r5
	@DEBUG_VALUE: HAL_DMA_PollForTransfer:cpltlevel_mask <- $r11
	@DEBUG_VALUE: HAL_DMA_PollForTransfer:CompleteLevel <- [$sp+0]
	@DEBUG_VALUE: HAL_DMA_PollForTransfer:tickstart <- $r10
	@DEBUG_VALUE: HAL_DMA_PollForTransfer:status <- 0
	@DEBUG_VALUE: HAL_DMA_PollForTransfer:hdma <- $r4
	@DEBUG_VALUE: HAL_DMA_PollForTransfer:Timeout <- $r8
	.loc	2 1066 43                       @ ../Drivers/STM32H7xx_HAL_Driver/Src/stm32h7xx_hal_dma.c:1066:43
	movs	r2, #4
	.loc	2 1066 12                       @ ../Drivers/STM32H7xx_HAL_Driver/Src/stm32h7xx_hal_dma.c:1066:12
	ldr	r3, [r5]
	.loc	2 1066 43                       @ ../Drivers/STM32H7xx_HAL_Driver/Src/stm32h7xx_hal_dma.c:1066:43
	lsls	r2, r1
.Ltmp956:
	.loc	2 1066 10                       @ ../Drivers/STM32H7xx_HAL_Driver/Src/stm32h7xx_hal_dma.c:1066:10
	tst	r2, r3
	beq	.LBB8_67
.Ltmp957:
@ %bb.66:                               @   in Loop: Header=BB8_39 Depth=1
	@DEBUG_VALUE: HAL_DMA_PollForTransfer:ifcr_reg <- [DW_OP_LLVM_arg 0, DW_OP_LLVM_arg 1, DW_OP_plus, DW_OP_stack_value] $r5, $r9
	@DEBUG_VALUE: HAL_DMA_PollForTransfer:isr_reg <- $r5
	@DEBUG_VALUE: HAL_DMA_PollForTransfer:cpltlevel_mask <- $r11
	@DEBUG_VALUE: HAL_DMA_PollForTransfer:CompleteLevel <- [$sp+0]
	@DEBUG_VALUE: HAL_DMA_PollForTransfer:tickstart <- $r10
	@DEBUG_VALUE: HAL_DMA_PollForTransfer:status <- 0
	@DEBUG_VALUE: HAL_DMA_PollForTransfer:hdma <- $r4
	@DEBUG_VALUE: HAL_DMA_PollForTransfer:Timeout <- $r8
	.loc	2 1069 25 is_stmt 1             @ ../Drivers/STM32H7xx_HAL_Driver/Src/stm32h7xx_hal_dma.c:1069:25
	ldr	r1, [r4, #84]
	orr	r1, r1, #4
	str	r1, [r4, #84]
	.loc	2 1072 21                       @ ../Drivers/STM32H7xx_HAL_Driver/Src/stm32h7xx_hal_dma.c:1072:21
	str.w	r2, [r5, r9]
.Ltmp958:
	.loc	2 1075 52                       @ ../Drivers/STM32H7xx_HAL_Driver/Src/stm32h7xx_hal_dma.c:1075:52
	ldr	r1, [r4, #92]
	.loc	2 1075 64 is_stmt 0             @ ../Drivers/STM32H7xx_HAL_Driver/Src/stm32h7xx_hal_dma.c:1075:64
	and	r1, r1, #31
.Ltmp959:
.LBB8_67:                               @   in Loop: Header=BB8_39 Depth=1
	@DEBUG_VALUE: HAL_DMA_PollForTransfer:ifcr_reg <- [DW_OP_LLVM_arg 0, DW_OP_LLVM_arg 1, DW_OP_plus, DW_OP_stack_value] $r5, $r9
	@DEBUG_VALUE: HAL_DMA_PollForTransfer:isr_reg <- $r5
	@DEBUG_VALUE: HAL_DMA_PollForTransfer:cpltlevel_mask <- $r11
	@DEBUG_VALUE: HAL_DMA_PollForTransfer:CompleteLevel <- [$sp+0]
	@DEBUG_VALUE: HAL_DMA_PollForTransfer:tickstart <- $r10
	@DEBUG_VALUE: HAL_DMA_PollForTransfer:status <- 0
	@DEBUG_VALUE: HAL_DMA_PollForTransfer:hdma <- $r4
	@DEBUG_VALUE: HAL_DMA_PollForTransfer:Timeout <- $r8
	.loc	2 1075 42                       @ ../Drivers/STM32H7xx_HAL_Driver/Src/stm32h7xx_hal_dma.c:1075:42
	movs	r3, #8
	.loc	2 1075 12                       @ ../Drivers/STM32H7xx_HAL_Driver/Src/stm32h7xx_hal_dma.c:1075:12
	ldr	r2, [r5]
	.loc	2 1075 42                       @ ../Drivers/STM32H7xx_HAL_Driver/Src/stm32h7xx_hal_dma.c:1075:42
	lsl.w	r1, r3, r1
.Ltmp960:
	.loc	2 1075 10                       @ ../Drivers/STM32H7xx_HAL_Driver/Src/stm32h7xx_hal_dma.c:1075:10
	tst	r1, r2
	bne.w	.LBB8_125
.Ltmp961:
.LBB8_68:                               @   in Loop: Header=BB8_39 Depth=1
	@DEBUG_VALUE: HAL_DMA_PollForTransfer:ifcr_reg <- [DW_OP_LLVM_arg 0, DW_OP_LLVM_arg 1, DW_OP_plus, DW_OP_stack_value] $r5, $r9
	@DEBUG_VALUE: HAL_DMA_PollForTransfer:isr_reg <- $r5
	@DEBUG_VALUE: HAL_DMA_PollForTransfer:cpltlevel_mask <- $r11
	@DEBUG_VALUE: HAL_DMA_PollForTransfer:CompleteLevel <- [$sp+0]
	@DEBUG_VALUE: HAL_DMA_PollForTransfer:tickstart <- $r10
	@DEBUG_VALUE: HAL_DMA_PollForTransfer:status <- 0
	@DEBUG_VALUE: HAL_DMA_PollForTransfer:hdma <- $r4
	@DEBUG_VALUE: HAL_DMA_PollForTransfer:Timeout <- $r8
	.loc	2 1115 8 is_stmt 1              @ ../Drivers/STM32H7xx_HAL_Driver/Src/stm32h7xx_hal_dma.c:1115:8
	adds.w	r1, r8, #1
	beq	.LBB8_72
.Ltmp962:
@ %bb.69:                               @   in Loop: Header=BB8_39 Depth=1
	@DEBUG_VALUE: HAL_DMA_PollForTransfer:ifcr_reg <- [DW_OP_LLVM_arg 0, DW_OP_LLVM_arg 1, DW_OP_plus, DW_OP_stack_value] $r5, $r9
	@DEBUG_VALUE: HAL_DMA_PollForTransfer:isr_reg <- $r5
	@DEBUG_VALUE: HAL_DMA_PollForTransfer:cpltlevel_mask <- $r11
	@DEBUG_VALUE: HAL_DMA_PollForTransfer:CompleteLevel <- [$sp+0]
	@DEBUG_VALUE: HAL_DMA_PollForTransfer:tickstart <- $r10
	@DEBUG_VALUE: HAL_DMA_PollForTransfer:status <- 0
	@DEBUG_VALUE: HAL_DMA_PollForTransfer:hdma <- $r4
	@DEBUG_VALUE: HAL_DMA_PollForTransfer:Timeout <- $r8
	.loc	2 1117 12                       @ ../Drivers/STM32H7xx_HAL_Driver/Src/stm32h7xx_hal_dma.c:1117:12
	bl	HAL_GetTick
.Ltmp963:
	.loc	2 1117 50 is_stmt 0             @ ../Drivers/STM32H7xx_HAL_Driver/Src/stm32h7xx_hal_dma.c:1117:50
	cmp.w	r8, #0
	beq.w	.LBB8_136
.Ltmp964:
@ %bb.70:                               @   in Loop: Header=BB8_39 Depth=1
	@DEBUG_VALUE: HAL_DMA_PollForTransfer:ifcr_reg <- [DW_OP_LLVM_arg 0, DW_OP_LLVM_arg 1, DW_OP_plus, DW_OP_stack_value] $r5, $r9
	@DEBUG_VALUE: HAL_DMA_PollForTransfer:isr_reg <- $r5
	@DEBUG_VALUE: HAL_DMA_PollForTransfer:cpltlevel_mask <- $r11
	@DEBUG_VALUE: HAL_DMA_PollForTransfer:CompleteLevel <- [$sp+0]
	@DEBUG_VALUE: HAL_DMA_PollForTransfer:tickstart <- $r10
	@DEBUG_VALUE: HAL_DMA_PollForTransfer:status <- 0
	@DEBUG_VALUE: HAL_DMA_PollForTransfer:hdma <- $r4
	@DEBUG_VALUE: HAL_DMA_PollForTransfer:Timeout <- $r8
	.loc	2 1117 0                        @ ../Drivers/STM32H7xx_HAL_Driver/Src/stm32h7xx_hal_dma.c:1117:0
	sub.w	r0, r0, r10
	.loc	2 1117 50                       @ ../Drivers/STM32H7xx_HAL_Driver/Src/stm32h7xx_hal_dma.c:1117:50
	cmp	r0, r8
	bhi.w	.LBB8_136
.Ltmp965:
@ %bb.71:                               @   in Loop: Header=BB8_39 Depth=1
	@DEBUG_VALUE: HAL_DMA_PollForTransfer:ifcr_reg <- [DW_OP_LLVM_arg 0, DW_OP_LLVM_arg 1, DW_OP_plus, DW_OP_stack_value] $r5, $r9
	@DEBUG_VALUE: HAL_DMA_PollForTransfer:isr_reg <- $r5
	@DEBUG_VALUE: HAL_DMA_PollForTransfer:cpltlevel_mask <- $r11
	@DEBUG_VALUE: HAL_DMA_PollForTransfer:CompleteLevel <- [$sp+0]
	@DEBUG_VALUE: HAL_DMA_PollForTransfer:tickstart <- $r10
	@DEBUG_VALUE: HAL_DMA_PollForTransfer:status <- 0
	@DEBUG_VALUE: HAL_DMA_PollForTransfer:hdma <- $r4
	@DEBUG_VALUE: HAL_DMA_PollForTransfer:Timeout <- $r8
	.loc	2 1136 8 is_stmt 1              @ ../Drivers/STM32H7xx_HAL_Driver/Src/stm32h7xx_hal_dma.c:1136:8
	ldr	r0, [r4]
.Ltmp966:
.LBB8_72:                               @   in Loop: Header=BB8_39 Depth=1
	@DEBUG_VALUE: HAL_DMA_PollForTransfer:ifcr_reg <- [DW_OP_LLVM_arg 0, DW_OP_LLVM_arg 1, DW_OP_plus, DW_OP_stack_value] $r5, $r9
	@DEBUG_VALUE: HAL_DMA_PollForTransfer:isr_reg <- $r5
	@DEBUG_VALUE: HAL_DMA_PollForTransfer:cpltlevel_mask <- $r11
	@DEBUG_VALUE: HAL_DMA_PollForTransfer:CompleteLevel <- [$sp+0]
	@DEBUG_VALUE: HAL_DMA_PollForTransfer:tickstart <- $r10
	@DEBUG_VALUE: HAL_DMA_PollForTransfer:status <- 0
	@DEBUG_VALUE: HAL_DMA_PollForTransfer:hdma <- $r4
	@DEBUG_VALUE: HAL_DMA_PollForTransfer:Timeout <- $r8
	cmp	r0, r6
	bgt	.LBB8_78
.Ltmp967:
@ %bb.73:                               @   in Loop: Header=BB8_39 Depth=1
	@DEBUG_VALUE: HAL_DMA_PollForTransfer:ifcr_reg <- [DW_OP_LLVM_arg 0, DW_OP_LLVM_arg 1, DW_OP_plus, DW_OP_stack_value] $r5, $r9
	@DEBUG_VALUE: HAL_DMA_PollForTransfer:isr_reg <- $r5
	@DEBUG_VALUE: HAL_DMA_PollForTransfer:cpltlevel_mask <- $r11
	@DEBUG_VALUE: HAL_DMA_PollForTransfer:CompleteLevel <- [$sp+0]
	@DEBUG_VALUE: HAL_DMA_PollForTransfer:tickstart <- $r10
	@DEBUG_VALUE: HAL_DMA_PollForTransfer:status <- 0
	@DEBUG_VALUE: HAL_DMA_PollForTransfer:hdma <- $r4
	@DEBUG_VALUE: HAL_DMA_PollForTransfer:Timeout <- $r8
	movs	r1, #159
	movt	r1, #16386
	cmp	r0, r1
	bgt	.LBB8_83
.Ltmp968:
@ %bb.74:                               @   in Loop: Header=BB8_39 Depth=1
	@DEBUG_VALUE: HAL_DMA_PollForTransfer:ifcr_reg <- [DW_OP_LLVM_arg 0, DW_OP_LLVM_arg 1, DW_OP_plus, DW_OP_stack_value] $r5, $r9
	@DEBUG_VALUE: HAL_DMA_PollForTransfer:isr_reg <- $r5
	@DEBUG_VALUE: HAL_DMA_PollForTransfer:cpltlevel_mask <- $r11
	@DEBUG_VALUE: HAL_DMA_PollForTransfer:CompleteLevel <- [$sp+0]
	@DEBUG_VALUE: HAL_DMA_PollForTransfer:tickstart <- $r10
	@DEBUG_VALUE: HAL_DMA_PollForTransfer:status <- 0
	@DEBUG_VALUE: HAL_DMA_PollForTransfer:hdma <- $r4
	@DEBUG_VALUE: HAL_DMA_PollForTransfer:Timeout <- $r8
	movs	r1, #87
	movt	r1, #16386
	cmp	r0, r1
	bgt	.LBB8_91
.Ltmp969:
@ %bb.75:                               @   in Loop: Header=BB8_39 Depth=1
	@DEBUG_VALUE: HAL_DMA_PollForTransfer:ifcr_reg <- [DW_OP_LLVM_arg 0, DW_OP_LLVM_arg 1, DW_OP_plus, DW_OP_stack_value] $r5, $r9
	@DEBUG_VALUE: HAL_DMA_PollForTransfer:isr_reg <- $r5
	@DEBUG_VALUE: HAL_DMA_PollForTransfer:cpltlevel_mask <- $r11
	@DEBUG_VALUE: HAL_DMA_PollForTransfer:CompleteLevel <- [$sp+0]
	@DEBUG_VALUE: HAL_DMA_PollForTransfer:tickstart <- $r10
	@DEBUG_VALUE: HAL_DMA_PollForTransfer:status <- 0
	@DEBUG_VALUE: HAL_DMA_PollForTransfer:hdma <- $r4
	@DEBUG_VALUE: HAL_DMA_PollForTransfer:Timeout <- $r8
	movs	r1, #16
	movt	r1, #16386
	cmp	r0, r1
	beq.w	.LBB8_105
.Ltmp970:
@ %bb.76:                               @   in Loop: Header=BB8_39 Depth=1
	@DEBUG_VALUE: HAL_DMA_PollForTransfer:ifcr_reg <- [DW_OP_LLVM_arg 0, DW_OP_LLVM_arg 1, DW_OP_plus, DW_OP_stack_value] $r5, $r9
	@DEBUG_VALUE: HAL_DMA_PollForTransfer:isr_reg <- $r5
	@DEBUG_VALUE: HAL_DMA_PollForTransfer:cpltlevel_mask <- $r11
	@DEBUG_VALUE: HAL_DMA_PollForTransfer:CompleteLevel <- [$sp+0]
	@DEBUG_VALUE: HAL_DMA_PollForTransfer:tickstart <- $r10
	@DEBUG_VALUE: HAL_DMA_PollForTransfer:status <- 0
	@DEBUG_VALUE: HAL_DMA_PollForTransfer:hdma <- $r4
	@DEBUG_VALUE: HAL_DMA_PollForTransfer:Timeout <- $r8
	movs	r1, #40
	movt	r1, #16386
	cmp	r0, r1
	beq.w	.LBB8_105
.Ltmp971:
@ %bb.77:                               @   in Loop: Header=BB8_39 Depth=1
	@DEBUG_VALUE: HAL_DMA_PollForTransfer:ifcr_reg <- [DW_OP_LLVM_arg 0, DW_OP_LLVM_arg 1, DW_OP_plus, DW_OP_stack_value] $r5, $r9
	@DEBUG_VALUE: HAL_DMA_PollForTransfer:isr_reg <- $r5
	@DEBUG_VALUE: HAL_DMA_PollForTransfer:cpltlevel_mask <- $r11
	@DEBUG_VALUE: HAL_DMA_PollForTransfer:CompleteLevel <- [$sp+0]
	@DEBUG_VALUE: HAL_DMA_PollForTransfer:tickstart <- $r10
	@DEBUG_VALUE: HAL_DMA_PollForTransfer:status <- 0
	@DEBUG_VALUE: HAL_DMA_PollForTransfer:hdma <- $r4
	@DEBUG_VALUE: HAL_DMA_PollForTransfer:Timeout <- $r8
	movs	r1, #64
	movt	r1, #16386
	b	.LBB8_104
.Ltmp972:
	.loc	2 0 8 is_stmt 0                 @ :0:8
.Ltmp973:
	.p2align	2
.LBB8_78:                               @   in Loop: Header=BB8_39 Depth=1
	@DEBUG_VALUE: HAL_DMA_PollForTransfer:ifcr_reg <- [DW_OP_LLVM_arg 0, DW_OP_LLVM_arg 1, DW_OP_plus, DW_OP_stack_value] $r5, $r9
	@DEBUG_VALUE: HAL_DMA_PollForTransfer:isr_reg <- $r5
	@DEBUG_VALUE: HAL_DMA_PollForTransfer:cpltlevel_mask <- $r11
	@DEBUG_VALUE: HAL_DMA_PollForTransfer:CompleteLevel <- [$sp+0]
	@DEBUG_VALUE: HAL_DMA_PollForTransfer:tickstart <- $r10
	@DEBUG_VALUE: HAL_DMA_PollForTransfer:status <- 0
	@DEBUG_VALUE: HAL_DMA_PollForTransfer:hdma <- $r4
	@DEBUG_VALUE: HAL_DMA_PollForTransfer:Timeout <- $r8
	.loc	2 1136 8                        @ ../Drivers/STM32H7xx_HAL_Driver/Src/stm32h7xx_hal_dma.c:1136:8
	movw	r1, #21551
	movt	r1, #22530
	cmp	r0, r1
	bgt	.LBB8_87
.Ltmp974:
@ %bb.79:                               @   in Loop: Header=BB8_39 Depth=1
	@DEBUG_VALUE: HAL_DMA_PollForTransfer:ifcr_reg <- [DW_OP_LLVM_arg 0, DW_OP_LLVM_arg 1, DW_OP_plus, DW_OP_stack_value] $r5, $r9
	@DEBUG_VALUE: HAL_DMA_PollForTransfer:isr_reg <- $r5
	@DEBUG_VALUE: HAL_DMA_PollForTransfer:cpltlevel_mask <- $r11
	@DEBUG_VALUE: HAL_DMA_PollForTransfer:CompleteLevel <- [$sp+0]
	@DEBUG_VALUE: HAL_DMA_PollForTransfer:tickstart <- $r10
	@DEBUG_VALUE: HAL_DMA_PollForTransfer:status <- 0
	@DEBUG_VALUE: HAL_DMA_PollForTransfer:hdma <- $r4
	@DEBUG_VALUE: HAL_DMA_PollForTransfer:Timeout <- $r8
	movw	r1, #1207
	movt	r1, #16386
	cmp	r0, r1
	bgt	.LBB8_94
.Ltmp975:
@ %bb.80:                               @   in Loop: Header=BB8_39 Depth=1
	@DEBUG_VALUE: HAL_DMA_PollForTransfer:ifcr_reg <- [DW_OP_LLVM_arg 0, DW_OP_LLVM_arg 1, DW_OP_plus, DW_OP_stack_value] $r5, $r9
	@DEBUG_VALUE: HAL_DMA_PollForTransfer:isr_reg <- $r5
	@DEBUG_VALUE: HAL_DMA_PollForTransfer:cpltlevel_mask <- $r11
	@DEBUG_VALUE: HAL_DMA_PollForTransfer:CompleteLevel <- [$sp+0]
	@DEBUG_VALUE: HAL_DMA_PollForTransfer:tickstart <- $r10
	@DEBUG_VALUE: HAL_DMA_PollForTransfer:status <- 0
	@DEBUG_VALUE: HAL_DMA_PollForTransfer:hdma <- $r4
	@DEBUG_VALUE: HAL_DMA_PollForTransfer:Timeout <- $r8
	movw	r1, #1136
	movt	r1, #16386
	cmp	r0, r1
	beq	.LBB8_105
.Ltmp976:
@ %bb.81:                               @   in Loop: Header=BB8_39 Depth=1
	@DEBUG_VALUE: HAL_DMA_PollForTransfer:ifcr_reg <- [DW_OP_LLVM_arg 0, DW_OP_LLVM_arg 1, DW_OP_plus, DW_OP_stack_value] $r5, $r9
	@DEBUG_VALUE: HAL_DMA_PollForTransfer:isr_reg <- $r5
	@DEBUG_VALUE: HAL_DMA_PollForTransfer:cpltlevel_mask <- $r11
	@DEBUG_VALUE: HAL_DMA_PollForTransfer:CompleteLevel <- [$sp+0]
	@DEBUG_VALUE: HAL_DMA_PollForTransfer:tickstart <- $r10
	@DEBUG_VALUE: HAL_DMA_PollForTransfer:status <- 0
	@DEBUG_VALUE: HAL_DMA_PollForTransfer:hdma <- $r4
	@DEBUG_VALUE: HAL_DMA_PollForTransfer:Timeout <- $r8
	movw	r1, #1160
	movt	r1, #16386
	cmp	r0, r1
	beq	.LBB8_105
.Ltmp977:
@ %bb.82:                               @   in Loop: Header=BB8_39 Depth=1
	@DEBUG_VALUE: HAL_DMA_PollForTransfer:ifcr_reg <- [DW_OP_LLVM_arg 0, DW_OP_LLVM_arg 1, DW_OP_plus, DW_OP_stack_value] $r5, $r9
	@DEBUG_VALUE: HAL_DMA_PollForTransfer:isr_reg <- $r5
	@DEBUG_VALUE: HAL_DMA_PollForTransfer:cpltlevel_mask <- $r11
	@DEBUG_VALUE: HAL_DMA_PollForTransfer:CompleteLevel <- [$sp+0]
	@DEBUG_VALUE: HAL_DMA_PollForTransfer:tickstart <- $r10
	@DEBUG_VALUE: HAL_DMA_PollForTransfer:status <- 0
	@DEBUG_VALUE: HAL_DMA_PollForTransfer:hdma <- $r4
	@DEBUG_VALUE: HAL_DMA_PollForTransfer:Timeout <- $r8
	movw	r1, #1184
	movt	r1, #16386
	b	.LBB8_104
.Ltmp978:
	.loc	2 0 8                           @ :0:8
.Ltmp979:
	.p2align	2
.LBB8_83:                               @   in Loop: Header=BB8_39 Depth=1
	@DEBUG_VALUE: HAL_DMA_PollForTransfer:ifcr_reg <- [DW_OP_LLVM_arg 0, DW_OP_LLVM_arg 1, DW_OP_plus, DW_OP_stack_value] $r5, $r9
	@DEBUG_VALUE: HAL_DMA_PollForTransfer:isr_reg <- $r5
	@DEBUG_VALUE: HAL_DMA_PollForTransfer:cpltlevel_mask <- $r11
	@DEBUG_VALUE: HAL_DMA_PollForTransfer:CompleteLevel <- [$sp+0]
	@DEBUG_VALUE: HAL_DMA_PollForTransfer:tickstart <- $r10
	@DEBUG_VALUE: HAL_DMA_PollForTransfer:status <- 0
	@DEBUG_VALUE: HAL_DMA_PollForTransfer:hdma <- $r4
	@DEBUG_VALUE: HAL_DMA_PollForTransfer:Timeout <- $r8
	.loc	2 1136 8                        @ ../Drivers/STM32H7xx_HAL_Driver/Src/stm32h7xx_hal_dma.c:1136:8
	movw	r1, #1063
	movt	r1, #16386
	cmp	r0, r1
	bgt	.LBB8_97
.Ltmp980:
@ %bb.84:                               @   in Loop: Header=BB8_39 Depth=1
	@DEBUG_VALUE: HAL_DMA_PollForTransfer:ifcr_reg <- [DW_OP_LLVM_arg 0, DW_OP_LLVM_arg 1, DW_OP_plus, DW_OP_stack_value] $r5, $r9
	@DEBUG_VALUE: HAL_DMA_PollForTransfer:isr_reg <- $r5
	@DEBUG_VALUE: HAL_DMA_PollForTransfer:cpltlevel_mask <- $r11
	@DEBUG_VALUE: HAL_DMA_PollForTransfer:CompleteLevel <- [$sp+0]
	@DEBUG_VALUE: HAL_DMA_PollForTransfer:tickstart <- $r10
	@DEBUG_VALUE: HAL_DMA_PollForTransfer:status <- 0
	@DEBUG_VALUE: HAL_DMA_PollForTransfer:hdma <- $r4
	@DEBUG_VALUE: HAL_DMA_PollForTransfer:Timeout <- $r8
	movs	r1, #160
	movt	r1, #16386
	cmp	r0, r1
	beq	.LBB8_105
.Ltmp981:
@ %bb.85:                               @   in Loop: Header=BB8_39 Depth=1
	@DEBUG_VALUE: HAL_DMA_PollForTransfer:ifcr_reg <- [DW_OP_LLVM_arg 0, DW_OP_LLVM_arg 1, DW_OP_plus, DW_OP_stack_value] $r5, $r9
	@DEBUG_VALUE: HAL_DMA_PollForTransfer:isr_reg <- $r5
	@DEBUG_VALUE: HAL_DMA_PollForTransfer:cpltlevel_mask <- $r11
	@DEBUG_VALUE: HAL_DMA_PollForTransfer:CompleteLevel <- [$sp+0]
	@DEBUG_VALUE: HAL_DMA_PollForTransfer:tickstart <- $r10
	@DEBUG_VALUE: HAL_DMA_PollForTransfer:status <- 0
	@DEBUG_VALUE: HAL_DMA_PollForTransfer:hdma <- $r4
	@DEBUG_VALUE: HAL_DMA_PollForTransfer:Timeout <- $r8
	movs	r1, #184
	movt	r1, #16386
	cmp	r0, r1
	beq	.LBB8_105
.Ltmp982:
@ %bb.86:                               @   in Loop: Header=BB8_39 Depth=1
	@DEBUG_VALUE: HAL_DMA_PollForTransfer:ifcr_reg <- [DW_OP_LLVM_arg 0, DW_OP_LLVM_arg 1, DW_OP_plus, DW_OP_stack_value] $r5, $r9
	@DEBUG_VALUE: HAL_DMA_PollForTransfer:isr_reg <- $r5
	@DEBUG_VALUE: HAL_DMA_PollForTransfer:cpltlevel_mask <- $r11
	@DEBUG_VALUE: HAL_DMA_PollForTransfer:CompleteLevel <- [$sp+0]
	@DEBUG_VALUE: HAL_DMA_PollForTransfer:tickstart <- $r10
	@DEBUG_VALUE: HAL_DMA_PollForTransfer:status <- 0
	@DEBUG_VALUE: HAL_DMA_PollForTransfer:hdma <- $r4
	@DEBUG_VALUE: HAL_DMA_PollForTransfer:Timeout <- $r8
	movw	r1, #1040
	movt	r1, #16386
	b	.LBB8_104
.Ltmp983:
	.loc	2 0 8                           @ :0:8
.Ltmp984:
	.p2align	2
.LBB8_87:                               @   in Loop: Header=BB8_39 Depth=1
	@DEBUG_VALUE: HAL_DMA_PollForTransfer:ifcr_reg <- [DW_OP_LLVM_arg 0, DW_OP_LLVM_arg 1, DW_OP_plus, DW_OP_stack_value] $r5, $r9
	@DEBUG_VALUE: HAL_DMA_PollForTransfer:isr_reg <- $r5
	@DEBUG_VALUE: HAL_DMA_PollForTransfer:cpltlevel_mask <- $r11
	@DEBUG_VALUE: HAL_DMA_PollForTransfer:CompleteLevel <- [$sp+0]
	@DEBUG_VALUE: HAL_DMA_PollForTransfer:tickstart <- $r10
	@DEBUG_VALUE: HAL_DMA_PollForTransfer:status <- 0
	@DEBUG_VALUE: HAL_DMA_PollForTransfer:hdma <- $r4
	@DEBUG_VALUE: HAL_DMA_PollForTransfer:Timeout <- $r8
	.loc	2 1136 8                        @ ../Drivers/STM32H7xx_HAL_Driver/Src/stm32h7xx_hal_dma.c:1136:8
	movw	r1, #21611
	movt	r1, #22530
	cmp	r0, r1
	bgt	.LBB8_100
.Ltmp985:
@ %bb.88:                               @   in Loop: Header=BB8_39 Depth=1
	@DEBUG_VALUE: HAL_DMA_PollForTransfer:ifcr_reg <- [DW_OP_LLVM_arg 0, DW_OP_LLVM_arg 1, DW_OP_plus, DW_OP_stack_value] $r5, $r9
	@DEBUG_VALUE: HAL_DMA_PollForTransfer:isr_reg <- $r5
	@DEBUG_VALUE: HAL_DMA_PollForTransfer:cpltlevel_mask <- $r11
	@DEBUG_VALUE: HAL_DMA_PollForTransfer:CompleteLevel <- [$sp+0]
	@DEBUG_VALUE: HAL_DMA_PollForTransfer:tickstart <- $r10
	@DEBUG_VALUE: HAL_DMA_PollForTransfer:status <- 0
	@DEBUG_VALUE: HAL_DMA_PollForTransfer:hdma <- $r4
	@DEBUG_VALUE: HAL_DMA_PollForTransfer:Timeout <- $r8
	movw	r1, #21552
	movt	r1, #22530
	cmp	r0, r1
	beq	.LBB8_105
.Ltmp986:
@ %bb.89:                               @   in Loop: Header=BB8_39 Depth=1
	@DEBUG_VALUE: HAL_DMA_PollForTransfer:ifcr_reg <- [DW_OP_LLVM_arg 0, DW_OP_LLVM_arg 1, DW_OP_plus, DW_OP_stack_value] $r5, $r9
	@DEBUG_VALUE: HAL_DMA_PollForTransfer:isr_reg <- $r5
	@DEBUG_VALUE: HAL_DMA_PollForTransfer:cpltlevel_mask <- $r11
	@DEBUG_VALUE: HAL_DMA_PollForTransfer:CompleteLevel <- [$sp+0]
	@DEBUG_VALUE: HAL_DMA_PollForTransfer:tickstart <- $r10
	@DEBUG_VALUE: HAL_DMA_PollForTransfer:status <- 0
	@DEBUG_VALUE: HAL_DMA_PollForTransfer:hdma <- $r4
	@DEBUG_VALUE: HAL_DMA_PollForTransfer:Timeout <- $r8
	movw	r1, #21572
	movt	r1, #22530
	cmp	r0, r1
	beq	.LBB8_105
.Ltmp987:
@ %bb.90:                               @   in Loop: Header=BB8_39 Depth=1
	@DEBUG_VALUE: HAL_DMA_PollForTransfer:ifcr_reg <- [DW_OP_LLVM_arg 0, DW_OP_LLVM_arg 1, DW_OP_plus, DW_OP_stack_value] $r5, $r9
	@DEBUG_VALUE: HAL_DMA_PollForTransfer:isr_reg <- $r5
	@DEBUG_VALUE: HAL_DMA_PollForTransfer:cpltlevel_mask <- $r11
	@DEBUG_VALUE: HAL_DMA_PollForTransfer:CompleteLevel <- [$sp+0]
	@DEBUG_VALUE: HAL_DMA_PollForTransfer:tickstart <- $r10
	@DEBUG_VALUE: HAL_DMA_PollForTransfer:status <- 0
	@DEBUG_VALUE: HAL_DMA_PollForTransfer:hdma <- $r4
	@DEBUG_VALUE: HAL_DMA_PollForTransfer:Timeout <- $r8
	movw	r1, #21592
	b	.LBB8_103
.Ltmp988:
	.loc	2 0 8                           @ :0:8
.Ltmp989:
	.p2align	2
.LBB8_91:                               @   in Loop: Header=BB8_39 Depth=1
	@DEBUG_VALUE: HAL_DMA_PollForTransfer:ifcr_reg <- [DW_OP_LLVM_arg 0, DW_OP_LLVM_arg 1, DW_OP_plus, DW_OP_stack_value] $r5, $r9
	@DEBUG_VALUE: HAL_DMA_PollForTransfer:isr_reg <- $r5
	@DEBUG_VALUE: HAL_DMA_PollForTransfer:cpltlevel_mask <- $r11
	@DEBUG_VALUE: HAL_DMA_PollForTransfer:CompleteLevel <- [$sp+0]
	@DEBUG_VALUE: HAL_DMA_PollForTransfer:tickstart <- $r10
	@DEBUG_VALUE: HAL_DMA_PollForTransfer:status <- 0
	@DEBUG_VALUE: HAL_DMA_PollForTransfer:hdma <- $r4
	@DEBUG_VALUE: HAL_DMA_PollForTransfer:Timeout <- $r8
	.loc	2 1136 8                        @ ../Drivers/STM32H7xx_HAL_Driver/Src/stm32h7xx_hal_dma.c:1136:8
	movs	r1, #88
	movt	r1, #16386
	cmp	r0, r1
	beq	.LBB8_105
.Ltmp990:
@ %bb.92:                               @   in Loop: Header=BB8_39 Depth=1
	@DEBUG_VALUE: HAL_DMA_PollForTransfer:ifcr_reg <- [DW_OP_LLVM_arg 0, DW_OP_LLVM_arg 1, DW_OP_plus, DW_OP_stack_value] $r5, $r9
	@DEBUG_VALUE: HAL_DMA_PollForTransfer:isr_reg <- $r5
	@DEBUG_VALUE: HAL_DMA_PollForTransfer:cpltlevel_mask <- $r11
	@DEBUG_VALUE: HAL_DMA_PollForTransfer:CompleteLevel <- [$sp+0]
	@DEBUG_VALUE: HAL_DMA_PollForTransfer:tickstart <- $r10
	@DEBUG_VALUE: HAL_DMA_PollForTransfer:status <- 0
	@DEBUG_VALUE: HAL_DMA_PollForTransfer:hdma <- $r4
	@DEBUG_VALUE: HAL_DMA_PollForTransfer:Timeout <- $r8
	movs	r1, #112
	movt	r1, #16386
	cmp	r0, r1
	beq	.LBB8_105
.Ltmp991:
@ %bb.93:                               @   in Loop: Header=BB8_39 Depth=1
	@DEBUG_VALUE: HAL_DMA_PollForTransfer:ifcr_reg <- [DW_OP_LLVM_arg 0, DW_OP_LLVM_arg 1, DW_OP_plus, DW_OP_stack_value] $r5, $r9
	@DEBUG_VALUE: HAL_DMA_PollForTransfer:isr_reg <- $r5
	@DEBUG_VALUE: HAL_DMA_PollForTransfer:cpltlevel_mask <- $r11
	@DEBUG_VALUE: HAL_DMA_PollForTransfer:CompleteLevel <- [$sp+0]
	@DEBUG_VALUE: HAL_DMA_PollForTransfer:tickstart <- $r10
	@DEBUG_VALUE: HAL_DMA_PollForTransfer:status <- 0
	@DEBUG_VALUE: HAL_DMA_PollForTransfer:hdma <- $r4
	@DEBUG_VALUE: HAL_DMA_PollForTransfer:Timeout <- $r8
	movs	r1, #136
	movt	r1, #16386
	b	.LBB8_104
.Ltmp992:
	.loc	2 0 8                           @ :0:8
.Ltmp993:
	.p2align	2
.LBB8_94:                               @   in Loop: Header=BB8_39 Depth=1
	@DEBUG_VALUE: HAL_DMA_PollForTransfer:ifcr_reg <- [DW_OP_LLVM_arg 0, DW_OP_LLVM_arg 1, DW_OP_plus, DW_OP_stack_value] $r5, $r9
	@DEBUG_VALUE: HAL_DMA_PollForTransfer:isr_reg <- $r5
	@DEBUG_VALUE: HAL_DMA_PollForTransfer:cpltlevel_mask <- $r11
	@DEBUG_VALUE: HAL_DMA_PollForTransfer:CompleteLevel <- [$sp+0]
	@DEBUG_VALUE: HAL_DMA_PollForTransfer:tickstart <- $r10
	@DEBUG_VALUE: HAL_DMA_PollForTransfer:status <- 0
	@DEBUG_VALUE: HAL_DMA_PollForTransfer:hdma <- $r4
	@DEBUG_VALUE: HAL_DMA_PollForTransfer:Timeout <- $r8
	.loc	2 1136 8                        @ ../Drivers/STM32H7xx_HAL_Driver/Src/stm32h7xx_hal_dma.c:1136:8
	movw	r1, #1208
	movt	r1, #16386
	cmp	r0, r1
	beq	.LBB8_105
.Ltmp994:
@ %bb.95:                               @   in Loop: Header=BB8_39 Depth=1
	@DEBUG_VALUE: HAL_DMA_PollForTransfer:ifcr_reg <- [DW_OP_LLVM_arg 0, DW_OP_LLVM_arg 1, DW_OP_plus, DW_OP_stack_value] $r5, $r9
	@DEBUG_VALUE: HAL_DMA_PollForTransfer:isr_reg <- $r5
	@DEBUG_VALUE: HAL_DMA_PollForTransfer:cpltlevel_mask <- $r11
	@DEBUG_VALUE: HAL_DMA_PollForTransfer:CompleteLevel <- [$sp+0]
	@DEBUG_VALUE: HAL_DMA_PollForTransfer:tickstart <- $r10
	@DEBUG_VALUE: HAL_DMA_PollForTransfer:status <- 0
	@DEBUG_VALUE: HAL_DMA_PollForTransfer:hdma <- $r4
	@DEBUG_VALUE: HAL_DMA_PollForTransfer:Timeout <- $r8
	movw	r1, #21512
	movt	r1, #22530
	cmp	r0, r1
	beq	.LBB8_105
.Ltmp995:
@ %bb.96:                               @   in Loop: Header=BB8_39 Depth=1
	@DEBUG_VALUE: HAL_DMA_PollForTransfer:ifcr_reg <- [DW_OP_LLVM_arg 0, DW_OP_LLVM_arg 1, DW_OP_plus, DW_OP_stack_value] $r5, $r9
	@DEBUG_VALUE: HAL_DMA_PollForTransfer:isr_reg <- $r5
	@DEBUG_VALUE: HAL_DMA_PollForTransfer:cpltlevel_mask <- $r11
	@DEBUG_VALUE: HAL_DMA_PollForTransfer:CompleteLevel <- [$sp+0]
	@DEBUG_VALUE: HAL_DMA_PollForTransfer:tickstart <- $r10
	@DEBUG_VALUE: HAL_DMA_PollForTransfer:status <- 0
	@DEBUG_VALUE: HAL_DMA_PollForTransfer:hdma <- $r4
	@DEBUG_VALUE: HAL_DMA_PollForTransfer:Timeout <- $r8
	movw	r1, #21532
	b	.LBB8_103
.Ltmp996:
	.loc	2 0 8                           @ :0:8
.Ltmp997:
	.p2align	2
.LBB8_97:                               @   in Loop: Header=BB8_39 Depth=1
	@DEBUG_VALUE: HAL_DMA_PollForTransfer:ifcr_reg <- [DW_OP_LLVM_arg 0, DW_OP_LLVM_arg 1, DW_OP_plus, DW_OP_stack_value] $r5, $r9
	@DEBUG_VALUE: HAL_DMA_PollForTransfer:isr_reg <- $r5
	@DEBUG_VALUE: HAL_DMA_PollForTransfer:cpltlevel_mask <- $r11
	@DEBUG_VALUE: HAL_DMA_PollForTransfer:CompleteLevel <- [$sp+0]
	@DEBUG_VALUE: HAL_DMA_PollForTransfer:tickstart <- $r10
	@DEBUG_VALUE: HAL_DMA_PollForTransfer:status <- 0
	@DEBUG_VALUE: HAL_DMA_PollForTransfer:hdma <- $r4
	@DEBUG_VALUE: HAL_DMA_PollForTransfer:Timeout <- $r8
	.loc	2 1136 8                        @ ../Drivers/STM32H7xx_HAL_Driver/Src/stm32h7xx_hal_dma.c:1136:8
	movw	r1, #1064
	movt	r1, #16386
	cmp	r0, r1
	beq	.LBB8_105
.Ltmp998:
@ %bb.98:                               @   in Loop: Header=BB8_39 Depth=1
	@DEBUG_VALUE: HAL_DMA_PollForTransfer:ifcr_reg <- [DW_OP_LLVM_arg 0, DW_OP_LLVM_arg 1, DW_OP_plus, DW_OP_stack_value] $r5, $r9
	@DEBUG_VALUE: HAL_DMA_PollForTransfer:isr_reg <- $r5
	@DEBUG_VALUE: HAL_DMA_PollForTransfer:cpltlevel_mask <- $r11
	@DEBUG_VALUE: HAL_DMA_PollForTransfer:CompleteLevel <- [$sp+0]
	@DEBUG_VALUE: HAL_DMA_PollForTransfer:tickstart <- $r10
	@DEBUG_VALUE: HAL_DMA_PollForTransfer:status <- 0
	@DEBUG_VALUE: HAL_DMA_PollForTransfer:hdma <- $r4
	@DEBUG_VALUE: HAL_DMA_PollForTransfer:Timeout <- $r8
	movw	r1, #1088
	movt	r1, #16386
	cmp	r0, r1
	beq	.LBB8_105
.Ltmp999:
@ %bb.99:                               @   in Loop: Header=BB8_39 Depth=1
	@DEBUG_VALUE: HAL_DMA_PollForTransfer:ifcr_reg <- [DW_OP_LLVM_arg 0, DW_OP_LLVM_arg 1, DW_OP_plus, DW_OP_stack_value] $r5, $r9
	@DEBUG_VALUE: HAL_DMA_PollForTransfer:isr_reg <- $r5
	@DEBUG_VALUE: HAL_DMA_PollForTransfer:cpltlevel_mask <- $r11
	@DEBUG_VALUE: HAL_DMA_PollForTransfer:CompleteLevel <- [$sp+0]
	@DEBUG_VALUE: HAL_DMA_PollForTransfer:tickstart <- $r10
	@DEBUG_VALUE: HAL_DMA_PollForTransfer:status <- 0
	@DEBUG_VALUE: HAL_DMA_PollForTransfer:hdma <- $r4
	@DEBUG_VALUE: HAL_DMA_PollForTransfer:Timeout <- $r8
	movw	r1, #1112
	movt	r1, #16386
	b	.LBB8_104
.Ltmp1000:
	.loc	2 0 8                           @ :0:8
.Ltmp1001:
	.p2align	2
.LBB8_100:                              @   in Loop: Header=BB8_39 Depth=1
	@DEBUG_VALUE: HAL_DMA_PollForTransfer:ifcr_reg <- [DW_OP_LLVM_arg 0, DW_OP_LLVM_arg 1, DW_OP_plus, DW_OP_stack_value] $r5, $r9
	@DEBUG_VALUE: HAL_DMA_PollForTransfer:isr_reg <- $r5
	@DEBUG_VALUE: HAL_DMA_PollForTransfer:cpltlevel_mask <- $r11
	@DEBUG_VALUE: HAL_DMA_PollForTransfer:CompleteLevel <- [$sp+0]
	@DEBUG_VALUE: HAL_DMA_PollForTransfer:tickstart <- $r10
	@DEBUG_VALUE: HAL_DMA_PollForTransfer:status <- 0
	@DEBUG_VALUE: HAL_DMA_PollForTransfer:hdma <- $r4
	@DEBUG_VALUE: HAL_DMA_PollForTransfer:Timeout <- $r8
	.loc	2 1136 8                        @ ../Drivers/STM32H7xx_HAL_Driver/Src/stm32h7xx_hal_dma.c:1136:8
	movw	r1, #21612
	movt	r1, #22530
	cmp	r0, r1
	beq	.LBB8_105
.Ltmp1002:
@ %bb.101:                              @   in Loop: Header=BB8_39 Depth=1
	@DEBUG_VALUE: HAL_DMA_PollForTransfer:ifcr_reg <- [DW_OP_LLVM_arg 0, DW_OP_LLVM_arg 1, DW_OP_plus, DW_OP_stack_value] $r5, $r9
	@DEBUG_VALUE: HAL_DMA_PollForTransfer:isr_reg <- $r5
	@DEBUG_VALUE: HAL_DMA_PollForTransfer:cpltlevel_mask <- $r11
	@DEBUG_VALUE: HAL_DMA_PollForTransfer:CompleteLevel <- [$sp+0]
	@DEBUG_VALUE: HAL_DMA_PollForTransfer:tickstart <- $r10
	@DEBUG_VALUE: HAL_DMA_PollForTransfer:status <- 0
	@DEBUG_VALUE: HAL_DMA_PollForTransfer:hdma <- $r4
	@DEBUG_VALUE: HAL_DMA_PollForTransfer:Timeout <- $r8
	movw	r1, #21652
	movt	r1, #22530
	cmp	r0, r1
	beq	.LBB8_105
.Ltmp1003:
@ %bb.102:                              @   in Loop: Header=BB8_39 Depth=1
	@DEBUG_VALUE: HAL_DMA_PollForTransfer:ifcr_reg <- [DW_OP_LLVM_arg 0, DW_OP_LLVM_arg 1, DW_OP_plus, DW_OP_stack_value] $r5, $r9
	@DEBUG_VALUE: HAL_DMA_PollForTransfer:isr_reg <- $r5
	@DEBUG_VALUE: HAL_DMA_PollForTransfer:cpltlevel_mask <- $r11
	@DEBUG_VALUE: HAL_DMA_PollForTransfer:CompleteLevel <- [$sp+0]
	@DEBUG_VALUE: HAL_DMA_PollForTransfer:tickstart <- $r10
	@DEBUG_VALUE: HAL_DMA_PollForTransfer:status <- 0
	@DEBUG_VALUE: HAL_DMA_PollForTransfer:hdma <- $r4
	@DEBUG_VALUE: HAL_DMA_PollForTransfer:Timeout <- $r8
	movw	r1, #21632
.Ltmp1004:
.LBB8_103:                              @   in Loop: Header=BB8_39 Depth=1
	@DEBUG_VALUE: HAL_DMA_PollForTransfer:ifcr_reg <- [DW_OP_LLVM_arg 0, DW_OP_LLVM_arg 1, DW_OP_plus, DW_OP_stack_value] $r5, $r9
	@DEBUG_VALUE: HAL_DMA_PollForTransfer:isr_reg <- $r5
	@DEBUG_VALUE: HAL_DMA_PollForTransfer:cpltlevel_mask <- $r11
	@DEBUG_VALUE: HAL_DMA_PollForTransfer:CompleteLevel <- [$sp+0]
	@DEBUG_VALUE: HAL_DMA_PollForTransfer:tickstart <- $r10
	@DEBUG_VALUE: HAL_DMA_PollForTransfer:status <- 0
	@DEBUG_VALUE: HAL_DMA_PollForTransfer:hdma <- $r4
	@DEBUG_VALUE: HAL_DMA_PollForTransfer:Timeout <- $r8
	movt	r1, #22530
.Ltmp1005:
.LBB8_104:                              @   in Loop: Header=BB8_39 Depth=1
	@DEBUG_VALUE: HAL_DMA_PollForTransfer:ifcr_reg <- [DW_OP_LLVM_arg 0, DW_OP_LLVM_arg 1, DW_OP_plus, DW_OP_stack_value] $r5, $r9
	@DEBUG_VALUE: HAL_DMA_PollForTransfer:isr_reg <- $r5
	@DEBUG_VALUE: HAL_DMA_PollForTransfer:cpltlevel_mask <- $r11
	@DEBUG_VALUE: HAL_DMA_PollForTransfer:CompleteLevel <- [$sp+0]
	@DEBUG_VALUE: HAL_DMA_PollForTransfer:tickstart <- $r10
	@DEBUG_VALUE: HAL_DMA_PollForTransfer:status <- 0
	@DEBUG_VALUE: HAL_DMA_PollForTransfer:hdma <- $r4
	@DEBUG_VALUE: HAL_DMA_PollForTransfer:Timeout <- $r8
	cmp	r0, r1
	bne.w	.LBB8_38
.Ltmp1006:
.LBB8_105:                              @   in Loop: Header=BB8_39 Depth=1
	@DEBUG_VALUE: HAL_DMA_PollForTransfer:ifcr_reg <- [DW_OP_LLVM_arg 0, DW_OP_LLVM_arg 1, DW_OP_plus, DW_OP_stack_value] $r5, $r9
	@DEBUG_VALUE: HAL_DMA_PollForTransfer:isr_reg <- $r5
	@DEBUG_VALUE: HAL_DMA_PollForTransfer:cpltlevel_mask <- $r11
	@DEBUG_VALUE: HAL_DMA_PollForTransfer:CompleteLevel <- [$sp+0]
	@DEBUG_VALUE: HAL_DMA_PollForTransfer:tickstart <- $r10
	@DEBUG_VALUE: HAL_DMA_PollForTransfer:status <- 0
	@DEBUG_VALUE: HAL_DMA_PollForTransfer:hdma <- $r4
	@DEBUG_VALUE: HAL_DMA_PollForTransfer:Timeout <- $r8
	.loc	2 1139 16 is_stmt 1             @ ../Drivers/STM32H7xx_HAL_Driver/Src/stm32h7xx_hal_dma.c:1139:16
	ldr	r1, [r4, #108]
.Ltmp1007:
	.loc	2 1139 10 is_stmt 0             @ ../Drivers/STM32H7xx_HAL_Driver/Src/stm32h7xx_hal_dma.c:1139:10
	cbz	r1, .LBB8_108
.Ltmp1008:
@ %bb.106:                              @   in Loop: Header=BB8_39 Depth=1
	@DEBUG_VALUE: HAL_DMA_PollForTransfer:ifcr_reg <- [DW_OP_LLVM_arg 0, DW_OP_LLVM_arg 1, DW_OP_plus, DW_OP_stack_value] $r5, $r9
	@DEBUG_VALUE: HAL_DMA_PollForTransfer:isr_reg <- $r5
	@DEBUG_VALUE: HAL_DMA_PollForTransfer:cpltlevel_mask <- $r11
	@DEBUG_VALUE: HAL_DMA_PollForTransfer:CompleteLevel <- [$sp+0]
	@DEBUG_VALUE: HAL_DMA_PollForTransfer:tickstart <- $r10
	@DEBUG_VALUE: HAL_DMA_PollForTransfer:status <- 0
	@DEBUG_VALUE: HAL_DMA_PollForTransfer:hdma <- $r4
	@DEBUG_VALUE: HAL_DMA_PollForTransfer:Timeout <- $r8
	.loc	2 1142 19 is_stmt 1             @ ../Drivers/STM32H7xx_HAL_Driver/Src/stm32h7xx_hal_dma.c:1142:19
	ldrd	r1, r2, [r4, #112]
	.loc	2 1142 43 is_stmt 0             @ ../Drivers/STM32H7xx_HAL_Driver/Src/stm32h7xx_hal_dma.c:1142:43
	ldr	r3, [r1]
.Ltmp1009:
	.loc	2 1142 12                       @ ../Drivers/STM32H7xx_HAL_Driver/Src/stm32h7xx_hal_dma.c:1142:12
	tst	r2, r3
	beq	.LBB8_108
.Ltmp1010:
@ %bb.107:                              @   in Loop: Header=BB8_39 Depth=1
	@DEBUG_VALUE: HAL_DMA_PollForTransfer:ifcr_reg <- [DW_OP_LLVM_arg 0, DW_OP_LLVM_arg 1, DW_OP_plus, DW_OP_stack_value] $r5, $r9
	@DEBUG_VALUE: HAL_DMA_PollForTransfer:isr_reg <- $r5
	@DEBUG_VALUE: HAL_DMA_PollForTransfer:cpltlevel_mask <- $r11
	@DEBUG_VALUE: HAL_DMA_PollForTransfer:CompleteLevel <- [$sp+0]
	@DEBUG_VALUE: HAL_DMA_PollForTransfer:tickstart <- $r10
	@DEBUG_VALUE: HAL_DMA_PollForTransfer:status <- 0
	@DEBUG_VALUE: HAL_DMA_PollForTransfer:hdma <- $r4
	@DEBUG_VALUE: HAL_DMA_PollForTransfer:Timeout <- $r8
	.loc	2 1145 47 is_stmt 1             @ ../Drivers/STM32H7xx_HAL_Driver/Src/stm32h7xx_hal_dma.c:1145:47
	str	r2, [r1, #4]
	.loc	2 1148 27                       @ ../Drivers/STM32H7xx_HAL_Driver/Src/stm32h7xx_hal_dma.c:1148:27
	ldr	r1, [r4, #84]
	orr	r1, r1, #1024
	str	r1, [r4, #84]
.Ltmp1011:
.LBB8_108:                              @   in Loop: Header=BB8_39 Depth=1
	@DEBUG_VALUE: HAL_DMA_PollForTransfer:ifcr_reg <- [DW_OP_LLVM_arg 0, DW_OP_LLVM_arg 1, DW_OP_plus, DW_OP_stack_value] $r5, $r9
	@DEBUG_VALUE: HAL_DMA_PollForTransfer:isr_reg <- $r5
	@DEBUG_VALUE: HAL_DMA_PollForTransfer:cpltlevel_mask <- $r11
	@DEBUG_VALUE: HAL_DMA_PollForTransfer:CompleteLevel <- [$sp+0]
	@DEBUG_VALUE: HAL_DMA_PollForTransfer:tickstart <- $r10
	@DEBUG_VALUE: HAL_DMA_PollForTransfer:status <- 0
	@DEBUG_VALUE: HAL_DMA_PollForTransfer:hdma <- $r4
	@DEBUG_VALUE: HAL_DMA_PollForTransfer:Timeout <- $r8
	.loc	2 1153 17                       @ ../Drivers/STM32H7xx_HAL_Driver/Src/stm32h7xx_hal_dma.c:1153:17
	ldrd	r1, r2, [r4, #100]
	.loc	2 1153 38 is_stmt 0             @ ../Drivers/STM32H7xx_HAL_Driver/Src/stm32h7xx_hal_dma.c:1153:38
	ldr	r3, [r1]
.Ltmp1012:
	.loc	2 1153 10                       @ ../Drivers/STM32H7xx_HAL_Driver/Src/stm32h7xx_hal_dma.c:1153:10
	tst	r2, r3
	beq.w	.LBB8_38
.Ltmp1013:
@ %bb.109:                              @   in Loop: Header=BB8_39 Depth=1
	@DEBUG_VALUE: HAL_DMA_PollForTransfer:ifcr_reg <- [DW_OP_LLVM_arg 0, DW_OP_LLVM_arg 1, DW_OP_plus, DW_OP_stack_value] $r5, $r9
	@DEBUG_VALUE: HAL_DMA_PollForTransfer:isr_reg <- $r5
	@DEBUG_VALUE: HAL_DMA_PollForTransfer:cpltlevel_mask <- $r11
	@DEBUG_VALUE: HAL_DMA_PollForTransfer:CompleteLevel <- [$sp+0]
	@DEBUG_VALUE: HAL_DMA_PollForTransfer:tickstart <- $r10
	@DEBUG_VALUE: HAL_DMA_PollForTransfer:status <- 0
	@DEBUG_VALUE: HAL_DMA_PollForTransfer:hdma <- $r4
	@DEBUG_VALUE: HAL_DMA_PollForTransfer:Timeout <- $r8
	.loc	2 1156 40 is_stmt 1             @ ../Drivers/STM32H7xx_HAL_Driver/Src/stm32h7xx_hal_dma.c:1156:40
	str	r2, [r1, #4]
	.loc	2 1159 25                       @ ../Drivers/STM32H7xx_HAL_Driver/Src/stm32h7xx_hal_dma.c:1159:25
	ldr	r1, [r4, #84]
	orr	r1, r1, #512
	str	r1, [r4, #84]
	b	.LBB8_38
.Ltmp1014:
	.loc	2 0 25 is_stmt 0                @ :0:25
.Ltmp1015:
	.p2align	2
.LBB8_110:                              @   in Loop: Header=BB8_39 Depth=1
	@DEBUG_VALUE: HAL_DMA_PollForTransfer:ifcr_reg <- [DW_OP_LLVM_arg 0, DW_OP_LLVM_arg 1, DW_OP_plus, DW_OP_stack_value] $r5, $r9
	@DEBUG_VALUE: HAL_DMA_PollForTransfer:isr_reg <- $r5
	@DEBUG_VALUE: HAL_DMA_PollForTransfer:cpltlevel_mask <- $r11
	@DEBUG_VALUE: HAL_DMA_PollForTransfer:CompleteLevel <- [$sp+0]
	@DEBUG_VALUE: HAL_DMA_PollForTransfer:tickstart <- $r10
	@DEBUG_VALUE: HAL_DMA_PollForTransfer:status <- 0
	@DEBUG_VALUE: HAL_DMA_PollForTransfer:hdma <- $r4
	@DEBUG_VALUE: HAL_DMA_PollForTransfer:Timeout <- $r8
	.loc	2 1094 12 is_stmt 1             @ ../Drivers/STM32H7xx_HAL_Driver/Src/stm32h7xx_hal_dma.c:1094:12
	ldr	r2, [r5]
	.loc	2 1094 49 is_stmt 0             @ ../Drivers/STM32H7xx_HAL_Driver/Src/stm32h7xx_hal_dma.c:1094:49
	ldr	r1, [r4, #92]
	.loc	2 1094 61                       @ ../Drivers/STM32H7xx_HAL_Driver/Src/stm32h7xx_hal_dma.c:1094:61
	and	r1, r1, #31
.Ltmp1016:
	.loc	2 1094 10                       @ ../Drivers/STM32H7xx_HAL_Driver/Src/stm32h7xx_hal_dma.c:1094:10
	lsrs	r2, r1
	lsls	r2, r2, #28
	bpl.w	.LBB8_68
.Ltmp1017:
@ %bb.111:
	@DEBUG_VALUE: HAL_DMA_PollForTransfer:ifcr_reg <- [DW_OP_LLVM_arg 0, DW_OP_LLVM_arg 1, DW_OP_plus, DW_OP_stack_value] $r5, $r9
	@DEBUG_VALUE: HAL_DMA_PollForTransfer:isr_reg <- $r5
	@DEBUG_VALUE: HAL_DMA_PollForTransfer:cpltlevel_mask <- $r11
	@DEBUG_VALUE: HAL_DMA_PollForTransfer:CompleteLevel <- [$sp+0]
	@DEBUG_VALUE: HAL_DMA_PollForTransfer:tickstart <- $r10
	@DEBUG_VALUE: HAL_DMA_PollForTransfer:status <- 0
	@DEBUG_VALUE: HAL_DMA_PollForTransfer:hdma <- $r4
	@DEBUG_VALUE: HAL_DMA_PollForTransfer:Timeout <- $r8
	.loc	2 0 10                          @ ../Drivers/STM32H7xx_HAL_Driver/Src/stm32h7xx_hal_dma.c:0:10
	movs	r0, #1
.Ltmp1018:
	.loc	2 1099 39 is_stmt 1             @ ../Drivers/STM32H7xx_HAL_Driver/Src/stm32h7xx_hal_dma.c:1099:39
	lsl.w	r1, r0, r1
	.loc	2 1099 20 is_stmt 0             @ ../Drivers/STM32H7xx_HAL_Driver/Src/stm32h7xx_hal_dma.c:1099:20
	str	r1, [r5]
	.loc	2 1102 25 is_stmt 1             @ ../Drivers/STM32H7xx_HAL_Driver/Src/stm32h7xx_hal_dma.c:1102:25
	str	r0, [r4, #84]
	b	.LBB8_126
.Ltmp1019:
	.loc	2 0 25 is_stmt 0                @ :0:25
.Ltmp1020:
	.p2align	2
.LBB8_112:
	@DEBUG_VALUE: HAL_DMA_PollForTransfer:ifcr_reg <- [DW_OP_LLVM_arg 0, DW_OP_LLVM_arg 1, DW_OP_plus, DW_OP_stack_value] $r5, $r9
	@DEBUG_VALUE: HAL_DMA_PollForTransfer:isr_reg <- $r5
	@DEBUG_VALUE: HAL_DMA_PollForTransfer:cpltlevel_mask <- $r11
	@DEBUG_VALUE: HAL_DMA_PollForTransfer:tickstart <- $r10
	@DEBUG_VALUE: HAL_DMA_PollForTransfer:status <- 0
	@DEBUG_VALUE: HAL_DMA_PollForTransfer:hdma <- $r4
	@DEBUG_VALUE: HAL_DMA_PollForTransfer:Timeout <- $r8
	@DEBUG_VALUE: HAL_DMA_PollForTransfer:CompleteLevel <- $r1
	.loc	2 1169 8 is_stmt 1              @ ../Drivers/STM32H7xx_HAL_Driver/Src/stm32h7xx_hal_dma.c:1169:8
	cmp	r0, r7
	mov.w	r1, #48
.Ltmp1021:
	@DEBUG_VALUE: HAL_DMA_PollForTransfer:CompleteLevel <- [DW_OP_LLVM_entry_value 1] $r1
	bgt	.LBB8_121
.Ltmp1022:
@ %bb.113:
	@DEBUG_VALUE: HAL_DMA_PollForTransfer:CompleteLevel <- [DW_OP_LLVM_entry_value 1] $r1
	@DEBUG_VALUE: HAL_DMA_PollForTransfer:ifcr_reg <- [DW_OP_LLVM_arg 0, DW_OP_LLVM_arg 1, DW_OP_plus, DW_OP_stack_value] $r5, $r9
	@DEBUG_VALUE: HAL_DMA_PollForTransfer:isr_reg <- $r5
	@DEBUG_VALUE: HAL_DMA_PollForTransfer:cpltlevel_mask <- $r11
	@DEBUG_VALUE: HAL_DMA_PollForTransfer:tickstart <- $r10
	@DEBUG_VALUE: HAL_DMA_PollForTransfer:status <- 0
	@DEBUG_VALUE: HAL_DMA_PollForTransfer:hdma <- $r4
	@DEBUG_VALUE: HAL_DMA_PollForTransfer:Timeout <- $r8
	.loc	2 0 8 is_stmt 0                 @ ../Drivers/STM32H7xx_HAL_Driver/Src/stm32h7xx_hal_dma.c:0:8
	movs	r2, #111
	movt	r2, #16386
	.loc	2 1169 8                        @ ../Drivers/STM32H7xx_HAL_Driver/Src/stm32h7xx_hal_dma.c:1169:8
	cmp	r0, r2
	bgt.w	.LBB8_137
.Ltmp1023:
@ %bb.114:
	@DEBUG_VALUE: HAL_DMA_PollForTransfer:CompleteLevel <- [DW_OP_LLVM_entry_value 1] $r1
	@DEBUG_VALUE: HAL_DMA_PollForTransfer:ifcr_reg <- [DW_OP_LLVM_arg 0, DW_OP_LLVM_arg 1, DW_OP_plus, DW_OP_stack_value] $r5, $r9
	@DEBUG_VALUE: HAL_DMA_PollForTransfer:isr_reg <- $r5
	@DEBUG_VALUE: HAL_DMA_PollForTransfer:cpltlevel_mask <- $r11
	@DEBUG_VALUE: HAL_DMA_PollForTransfer:tickstart <- $r10
	@DEBUG_VALUE: HAL_DMA_PollForTransfer:status <- 0
	@DEBUG_VALUE: HAL_DMA_PollForTransfer:hdma <- $r4
	@DEBUG_VALUE: HAL_DMA_PollForTransfer:Timeout <- $r8
	.loc	2 0 8                           @ ../Drivers/STM32H7xx_HAL_Driver/Src/stm32h7xx_hal_dma.c:0:8
	movs	r2, #63
	movt	r2, #16386
	.loc	2 1169 8                        @ ../Drivers/STM32H7xx_HAL_Driver/Src/stm32h7xx_hal_dma.c:1169:8
	cmp	r0, r2
	bgt.w	.LBB8_154
.Ltmp1024:
@ %bb.115:
	@DEBUG_VALUE: HAL_DMA_PollForTransfer:CompleteLevel <- [DW_OP_LLVM_entry_value 1] $r1
	@DEBUG_VALUE: HAL_DMA_PollForTransfer:ifcr_reg <- [DW_OP_LLVM_arg 0, DW_OP_LLVM_arg 1, DW_OP_plus, DW_OP_stack_value] $r5, $r9
	@DEBUG_VALUE: HAL_DMA_PollForTransfer:isr_reg <- $r5
	@DEBUG_VALUE: HAL_DMA_PollForTransfer:cpltlevel_mask <- $r11
	@DEBUG_VALUE: HAL_DMA_PollForTransfer:tickstart <- $r10
	@DEBUG_VALUE: HAL_DMA_PollForTransfer:status <- 0
	@DEBUG_VALUE: HAL_DMA_PollForTransfer:hdma <- $r4
	@DEBUG_VALUE: HAL_DMA_PollForTransfer:Timeout <- $r8
	.loc	2 0 8                           @ ../Drivers/STM32H7xx_HAL_Driver/Src/stm32h7xx_hal_dma.c:0:8
	movs	r2, #16
	movt	r2, #16386
	.loc	2 1169 8                        @ ../Drivers/STM32H7xx_HAL_Driver/Src/stm32h7xx_hal_dma.c:1169:8
	cmp	r0, r2
	beq.w	.LBB8_163
.Ltmp1025:
@ %bb.116:
	@DEBUG_VALUE: HAL_DMA_PollForTransfer:CompleteLevel <- [DW_OP_LLVM_entry_value 1] $r1
	@DEBUG_VALUE: HAL_DMA_PollForTransfer:ifcr_reg <- [DW_OP_LLVM_arg 0, DW_OP_LLVM_arg 1, DW_OP_plus, DW_OP_stack_value] $r5, $r9
	@DEBUG_VALUE: HAL_DMA_PollForTransfer:isr_reg <- $r5
	@DEBUG_VALUE: HAL_DMA_PollForTransfer:cpltlevel_mask <- $r11
	@DEBUG_VALUE: HAL_DMA_PollForTransfer:tickstart <- $r10
	@DEBUG_VALUE: HAL_DMA_PollForTransfer:status <- 0
	@DEBUG_VALUE: HAL_DMA_PollForTransfer:hdma <- $r4
	@DEBUG_VALUE: HAL_DMA_PollForTransfer:Timeout <- $r8
	.loc	2 0 8                           @ ../Drivers/STM32H7xx_HAL_Driver/Src/stm32h7xx_hal_dma.c:0:8
	movs	r2, #40
	b	.LBB8_162
.Ltmp1026:
	.p2align	2
.LBB8_117:
	@DEBUG_VALUE: HAL_DMA_PollForTransfer:ifcr_reg <- [DW_OP_LLVM_arg 0, DW_OP_LLVM_arg 1, DW_OP_plus, DW_OP_stack_value] $r5, $r9
	@DEBUG_VALUE: HAL_DMA_PollForTransfer:isr_reg <- $r5
	@DEBUG_VALUE: HAL_DMA_PollForTransfer:cpltlevel_mask <- $r11
	@DEBUG_VALUE: HAL_DMA_PollForTransfer:tickstart <- $r10
	@DEBUG_VALUE: HAL_DMA_PollForTransfer:status <- 0
	@DEBUG_VALUE: HAL_DMA_PollForTransfer:hdma <- $r4
	@DEBUG_VALUE: HAL_DMA_PollForTransfer:Timeout <- $r8
	@DEBUG_VALUE: HAL_DMA_PollForTransfer:CompleteLevel <- $r1
	movw	r1, #1135
.Ltmp1027:
	@DEBUG_VALUE: HAL_DMA_PollForTransfer:CompleteLevel <- [DW_OP_LLVM_entry_value 1] $r1
	movt	r1, #16386
.Ltmp1028:
	.loc	2 1186 8 is_stmt 1              @ ../Drivers/STM32H7xx_HAL_Driver/Src/stm32h7xx_hal_dma.c:1186:8
	cmp	r0, r1
	bgt	.LBB8_130
.Ltmp1029:
@ %bb.118:
	@DEBUG_VALUE: HAL_DMA_PollForTransfer:CompleteLevel <- [DW_OP_LLVM_entry_value 1] $r1
	@DEBUG_VALUE: HAL_DMA_PollForTransfer:ifcr_reg <- [DW_OP_LLVM_arg 0, DW_OP_LLVM_arg 1, DW_OP_plus, DW_OP_stack_value] $r5, $r9
	@DEBUG_VALUE: HAL_DMA_PollForTransfer:isr_reg <- $r5
	@DEBUG_VALUE: HAL_DMA_PollForTransfer:cpltlevel_mask <- $r11
	@DEBUG_VALUE: HAL_DMA_PollForTransfer:tickstart <- $r10
	@DEBUG_VALUE: HAL_DMA_PollForTransfer:status <- 0
	@DEBUG_VALUE: HAL_DMA_PollForTransfer:hdma <- $r4
	@DEBUG_VALUE: HAL_DMA_PollForTransfer:Timeout <- $r8
	.loc	2 0 8 is_stmt 0                 @ ../Drivers/STM32H7xx_HAL_Driver/Src/stm32h7xx_hal_dma.c:0:8
	movw	r1, #1087
	movt	r1, #16386
	.loc	2 1186 8                        @ ../Drivers/STM32H7xx_HAL_Driver/Src/stm32h7xx_hal_dma.c:1186:8
	cmp	r0, r1
	bgt.w	.LBB8_145
.Ltmp1030:
@ %bb.119:
	@DEBUG_VALUE: HAL_DMA_PollForTransfer:CompleteLevel <- [DW_OP_LLVM_entry_value 1] $r1
	@DEBUG_VALUE: HAL_DMA_PollForTransfer:ifcr_reg <- [DW_OP_LLVM_arg 0, DW_OP_LLVM_arg 1, DW_OP_plus, DW_OP_stack_value] $r5, $r9
	@DEBUG_VALUE: HAL_DMA_PollForTransfer:isr_reg <- $r5
	@DEBUG_VALUE: HAL_DMA_PollForTransfer:cpltlevel_mask <- $r11
	@DEBUG_VALUE: HAL_DMA_PollForTransfer:tickstart <- $r10
	@DEBUG_VALUE: HAL_DMA_PollForTransfer:status <- 0
	@DEBUG_VALUE: HAL_DMA_PollForTransfer:hdma <- $r4
	@DEBUG_VALUE: HAL_DMA_PollForTransfer:Timeout <- $r8
	.loc	2 0 8                           @ ../Drivers/STM32H7xx_HAL_Driver/Src/stm32h7xx_hal_dma.c:0:8
	movw	r1, #1040
	movt	r1, #16386
	.loc	2 1186 8                        @ ../Drivers/STM32H7xx_HAL_Driver/Src/stm32h7xx_hal_dma.c:1186:8
	cmp	r0, r1
	beq.w	.LBB8_152
.Ltmp1031:
@ %bb.120:
	@DEBUG_VALUE: HAL_DMA_PollForTransfer:CompleteLevel <- [DW_OP_LLVM_entry_value 1] $r1
	@DEBUG_VALUE: HAL_DMA_PollForTransfer:ifcr_reg <- [DW_OP_LLVM_arg 0, DW_OP_LLVM_arg 1, DW_OP_plus, DW_OP_stack_value] $r5, $r9
	@DEBUG_VALUE: HAL_DMA_PollForTransfer:isr_reg <- $r5
	@DEBUG_VALUE: HAL_DMA_PollForTransfer:cpltlevel_mask <- $r11
	@DEBUG_VALUE: HAL_DMA_PollForTransfer:tickstart <- $r10
	@DEBUG_VALUE: HAL_DMA_PollForTransfer:status <- 0
	@DEBUG_VALUE: HAL_DMA_PollForTransfer:hdma <- $r4
	@DEBUG_VALUE: HAL_DMA_PollForTransfer:Timeout <- $r8
	.loc	2 0 8                           @ ../Drivers/STM32H7xx_HAL_Driver/Src/stm32h7xx_hal_dma.c:0:8
	movw	r1, #1064
	b	.LBB8_151
.Ltmp1032:
	.p2align	2
.LBB8_121:
	@DEBUG_VALUE: HAL_DMA_PollForTransfer:CompleteLevel <- [DW_OP_LLVM_entry_value 1] $r1
	@DEBUG_VALUE: HAL_DMA_PollForTransfer:ifcr_reg <- [DW_OP_LLVM_arg 0, DW_OP_LLVM_arg 1, DW_OP_plus, DW_OP_stack_value] $r5, $r9
	@DEBUG_VALUE: HAL_DMA_PollForTransfer:isr_reg <- $r5
	@DEBUG_VALUE: HAL_DMA_PollForTransfer:cpltlevel_mask <- $r11
	@DEBUG_VALUE: HAL_DMA_PollForTransfer:tickstart <- $r10
	@DEBUG_VALUE: HAL_DMA_PollForTransfer:status <- 0
	@DEBUG_VALUE: HAL_DMA_PollForTransfer:hdma <- $r4
	@DEBUG_VALUE: HAL_DMA_PollForTransfer:Timeout <- $r8
	movw	r2, #1135
	movt	r2, #16386
.Ltmp1033:
	.loc	2 1169 8 is_stmt 1              @ ../Drivers/STM32H7xx_HAL_Driver/Src/stm32h7xx_hal_dma.c:1169:8
	cmp	r0, r2
	bgt	.LBB8_140
.Ltmp1034:
@ %bb.122:
	@DEBUG_VALUE: HAL_DMA_PollForTransfer:CompleteLevel <- [DW_OP_LLVM_entry_value 1] $r1
	@DEBUG_VALUE: HAL_DMA_PollForTransfer:ifcr_reg <- [DW_OP_LLVM_arg 0, DW_OP_LLVM_arg 1, DW_OP_plus, DW_OP_stack_value] $r5, $r9
	@DEBUG_VALUE: HAL_DMA_PollForTransfer:isr_reg <- $r5
	@DEBUG_VALUE: HAL_DMA_PollForTransfer:cpltlevel_mask <- $r11
	@DEBUG_VALUE: HAL_DMA_PollForTransfer:tickstart <- $r10
	@DEBUG_VALUE: HAL_DMA_PollForTransfer:status <- 0
	@DEBUG_VALUE: HAL_DMA_PollForTransfer:hdma <- $r4
	@DEBUG_VALUE: HAL_DMA_PollForTransfer:Timeout <- $r8
	.loc	2 0 8 is_stmt 0                 @ ../Drivers/STM32H7xx_HAL_Driver/Src/stm32h7xx_hal_dma.c:0:8
	movw	r2, #1087
	movt	r2, #16386
	.loc	2 1169 8                        @ ../Drivers/STM32H7xx_HAL_Driver/Src/stm32h7xx_hal_dma.c:1169:8
	cmp	r0, r2
	bgt.w	.LBB8_156
.Ltmp1035:
@ %bb.123:
	@DEBUG_VALUE: HAL_DMA_PollForTransfer:CompleteLevel <- [DW_OP_LLVM_entry_value 1] $r1
	@DEBUG_VALUE: HAL_DMA_PollForTransfer:ifcr_reg <- [DW_OP_LLVM_arg 0, DW_OP_LLVM_arg 1, DW_OP_plus, DW_OP_stack_value] $r5, $r9
	@DEBUG_VALUE: HAL_DMA_PollForTransfer:isr_reg <- $r5
	@DEBUG_VALUE: HAL_DMA_PollForTransfer:cpltlevel_mask <- $r11
	@DEBUG_VALUE: HAL_DMA_PollForTransfer:tickstart <- $r10
	@DEBUG_VALUE: HAL_DMA_PollForTransfer:status <- 0
	@DEBUG_VALUE: HAL_DMA_PollForTransfer:hdma <- $r4
	@DEBUG_VALUE: HAL_DMA_PollForTransfer:Timeout <- $r8
	.loc	2 0 8                           @ ../Drivers/STM32H7xx_HAL_Driver/Src/stm32h7xx_hal_dma.c:0:8
	movw	r2, #1040
	movt	r2, #16386
	.loc	2 1169 8                        @ ../Drivers/STM32H7xx_HAL_Driver/Src/stm32h7xx_hal_dma.c:1169:8
	cmp	r0, r2
	beq.w	.LBB8_163
.Ltmp1036:
@ %bb.124:
	@DEBUG_VALUE: HAL_DMA_PollForTransfer:CompleteLevel <- [DW_OP_LLVM_entry_value 1] $r1
	@DEBUG_VALUE: HAL_DMA_PollForTransfer:ifcr_reg <- [DW_OP_LLVM_arg 0, DW_OP_LLVM_arg 1, DW_OP_plus, DW_OP_stack_value] $r5, $r9
	@DEBUG_VALUE: HAL_DMA_PollForTransfer:isr_reg <- $r5
	@DEBUG_VALUE: HAL_DMA_PollForTransfer:cpltlevel_mask <- $r11
	@DEBUG_VALUE: HAL_DMA_PollForTransfer:tickstart <- $r10
	@DEBUG_VALUE: HAL_DMA_PollForTransfer:status <- 0
	@DEBUG_VALUE: HAL_DMA_PollForTransfer:hdma <- $r4
	@DEBUG_VALUE: HAL_DMA_PollForTransfer:Timeout <- $r8
	.loc	2 0 8                           @ ../Drivers/STM32H7xx_HAL_Driver/Src/stm32h7xx_hal_dma.c:0:8
	movw	r2, #1064
	b	.LBB8_162
.Ltmp1037:
	.p2align	2
.LBB8_125:
	@DEBUG_VALUE: HAL_DMA_PollForTransfer:ifcr_reg <- [DW_OP_LLVM_arg 0, DW_OP_LLVM_arg 1, DW_OP_plus, DW_OP_stack_value] $r5, $r9
	@DEBUG_VALUE: HAL_DMA_PollForTransfer:isr_reg <- $r5
	@DEBUG_VALUE: HAL_DMA_PollForTransfer:cpltlevel_mask <- $r11
	@DEBUG_VALUE: HAL_DMA_PollForTransfer:CompleteLevel <- [$sp+0]
	@DEBUG_VALUE: HAL_DMA_PollForTransfer:tickstart <- $r10
	@DEBUG_VALUE: HAL_DMA_PollForTransfer:status <- 0
	@DEBUG_VALUE: HAL_DMA_PollForTransfer:hdma <- $r4
	@DEBUG_VALUE: HAL_DMA_PollForTransfer:Timeout <- $r8
	.loc	2 1078 25 is_stmt 1             @ ../Drivers/STM32H7xx_HAL_Driver/Src/stm32h7xx_hal_dma.c:1078:25
	ldr	r0, [r4, #84]
	orr	r0, r0, #1
	str	r0, [r4, #84]
	.loc	2 1081 21                       @ ../Drivers/STM32H7xx_HAL_Driver/Src/stm32h7xx_hal_dma.c:1081:21
	str.w	r1, [r5, r9]
	movs	r0, #1
.Ltmp1038:
.LBB8_126:
	@DEBUG_VALUE: HAL_DMA_PollForTransfer:ifcr_reg <- [DW_OP_LLVM_arg 0, DW_OP_LLVM_arg 1, DW_OP_plus, DW_OP_stack_value] $r5, $r9
	@DEBUG_VALUE: HAL_DMA_PollForTransfer:isr_reg <- $r5
	@DEBUG_VALUE: HAL_DMA_PollForTransfer:cpltlevel_mask <- $r11
	@DEBUG_VALUE: HAL_DMA_PollForTransfer:CompleteLevel <- [$sp+0]
	@DEBUG_VALUE: HAL_DMA_PollForTransfer:tickstart <- $r10
	@DEBUG_VALUE: HAL_DMA_PollForTransfer:status <- 0
	@DEBUG_VALUE: HAL_DMA_PollForTransfer:hdma <- $r4
	@DEBUG_VALUE: HAL_DMA_PollForTransfer:Timeout <- $r8
	.loc	2 0 0 is_stmt 0                 @ ../Drivers/STM32H7xx_HAL_Driver/Src/stm32h7xx_hal_dma.c:0:0
	strb.w	r0, [r4, #53]
	movs	r1, #0
	strb.w	r1, [r4, #52]
.Ltmp1039:
	.loc	2 1197 1 epilogue_begin is_stmt 1 @ ../Drivers/STM32H7xx_HAL_Driver/Src/stm32h7xx_hal_dma.c:1197:1
	add	sp, #4
	pop.w	{r4, r5, r6, r7, r8, r9, r10, r11, pc}
.Ltmp1040:
	.loc	2 0 1 is_stmt 0                 @ :0:1
.Ltmp1041:
	.p2align	2
.LBB8_127:
	@DEBUG_VALUE: HAL_DMA_PollForTransfer:CompleteLevel <- [DW_OP_LLVM_entry_value 1] $r1
	@DEBUG_VALUE: HAL_DMA_PollForTransfer:ifcr_reg <- [DW_OP_LLVM_arg 0, DW_OP_LLVM_arg 1, DW_OP_plus, DW_OP_stack_value] $r5, $r9
	@DEBUG_VALUE: HAL_DMA_PollForTransfer:isr_reg <- $r5
	@DEBUG_VALUE: HAL_DMA_PollForTransfer:cpltlevel_mask <- $r11
	@DEBUG_VALUE: HAL_DMA_PollForTransfer:tickstart <- $r10
	@DEBUG_VALUE: HAL_DMA_PollForTransfer:status <- 0
	@DEBUG_VALUE: HAL_DMA_PollForTransfer:hdma <- $r4
	@DEBUG_VALUE: HAL_DMA_PollForTransfer:Timeout <- $r8
	movs	r1, #159
	movt	r1, #16386
.Ltmp1042:
	.loc	2 1186 8 is_stmt 1              @ ../Drivers/STM32H7xx_HAL_Driver/Src/stm32h7xx_hal_dma.c:1186:8
	cmp	r0, r1
	bgt	.LBB8_147
.Ltmp1043:
@ %bb.128:
	@DEBUG_VALUE: HAL_DMA_PollForTransfer:CompleteLevel <- [DW_OP_LLVM_entry_value 1] $r1
	@DEBUG_VALUE: HAL_DMA_PollForTransfer:ifcr_reg <- [DW_OP_LLVM_arg 0, DW_OP_LLVM_arg 1, DW_OP_plus, DW_OP_stack_value] $r5, $r9
	@DEBUG_VALUE: HAL_DMA_PollForTransfer:isr_reg <- $r5
	@DEBUG_VALUE: HAL_DMA_PollForTransfer:cpltlevel_mask <- $r11
	@DEBUG_VALUE: HAL_DMA_PollForTransfer:tickstart <- $r10
	@DEBUG_VALUE: HAL_DMA_PollForTransfer:status <- 0
	@DEBUG_VALUE: HAL_DMA_PollForTransfer:hdma <- $r4
	@DEBUG_VALUE: HAL_DMA_PollForTransfer:Timeout <- $r8
	.loc	2 0 8 is_stmt 0                 @ ../Drivers/STM32H7xx_HAL_Driver/Src/stm32h7xx_hal_dma.c:0:8
	movs	r1, #112
	movt	r1, #16386
	.loc	2 1186 8                        @ ../Drivers/STM32H7xx_HAL_Driver/Src/stm32h7xx_hal_dma.c:1186:8
	cmp	r0, r1
	beq	.LBB8_152
.Ltmp1044:
@ %bb.129:
	@DEBUG_VALUE: HAL_DMA_PollForTransfer:CompleteLevel <- [DW_OP_LLVM_entry_value 1] $r1
	@DEBUG_VALUE: HAL_DMA_PollForTransfer:ifcr_reg <- [DW_OP_LLVM_arg 0, DW_OP_LLVM_arg 1, DW_OP_plus, DW_OP_stack_value] $r5, $r9
	@DEBUG_VALUE: HAL_DMA_PollForTransfer:isr_reg <- $r5
	@DEBUG_VALUE: HAL_DMA_PollForTransfer:cpltlevel_mask <- $r11
	@DEBUG_VALUE: HAL_DMA_PollForTransfer:tickstart <- $r10
	@DEBUG_VALUE: HAL_DMA_PollForTransfer:status <- 0
	@DEBUG_VALUE: HAL_DMA_PollForTransfer:hdma <- $r4
	@DEBUG_VALUE: HAL_DMA_PollForTransfer:Timeout <- $r8
	.loc	2 0 8                           @ ../Drivers/STM32H7xx_HAL_Driver/Src/stm32h7xx_hal_dma.c:0:8
	movs	r1, #136
	b	.LBB8_151
.Ltmp1045:
	.p2align	2
.LBB8_130:
	@DEBUG_VALUE: HAL_DMA_PollForTransfer:CompleteLevel <- [DW_OP_LLVM_entry_value 1] $r1
	@DEBUG_VALUE: HAL_DMA_PollForTransfer:ifcr_reg <- [DW_OP_LLVM_arg 0, DW_OP_LLVM_arg 1, DW_OP_plus, DW_OP_stack_value] $r5, $r9
	@DEBUG_VALUE: HAL_DMA_PollForTransfer:isr_reg <- $r5
	@DEBUG_VALUE: HAL_DMA_PollForTransfer:cpltlevel_mask <- $r11
	@DEBUG_VALUE: HAL_DMA_PollForTransfer:tickstart <- $r10
	@DEBUG_VALUE: HAL_DMA_PollForTransfer:status <- 0
	@DEBUG_VALUE: HAL_DMA_PollForTransfer:hdma <- $r4
	@DEBUG_VALUE: HAL_DMA_PollForTransfer:Timeout <- $r8
	movw	r1, #1183
	movt	r1, #16386
	.loc	2 1186 8                        @ ../Drivers/STM32H7xx_HAL_Driver/Src/stm32h7xx_hal_dma.c:1186:8
	cmp	r0, r1
	bgt	.LBB8_149
.Ltmp1046:
@ %bb.131:
	@DEBUG_VALUE: HAL_DMA_PollForTransfer:CompleteLevel <- [DW_OP_LLVM_entry_value 1] $r1
	@DEBUG_VALUE: HAL_DMA_PollForTransfer:ifcr_reg <- [DW_OP_LLVM_arg 0, DW_OP_LLVM_arg 1, DW_OP_plus, DW_OP_stack_value] $r5, $r9
	@DEBUG_VALUE: HAL_DMA_PollForTransfer:isr_reg <- $r5
	@DEBUG_VALUE: HAL_DMA_PollForTransfer:cpltlevel_mask <- $r11
	@DEBUG_VALUE: HAL_DMA_PollForTransfer:tickstart <- $r10
	@DEBUG_VALUE: HAL_DMA_PollForTransfer:status <- 0
	@DEBUG_VALUE: HAL_DMA_PollForTransfer:hdma <- $r4
	@DEBUG_VALUE: HAL_DMA_PollForTransfer:Timeout <- $r8
	.loc	2 0 8                           @ ../Drivers/STM32H7xx_HAL_Driver/Src/stm32h7xx_hal_dma.c:0:8
	movw	r1, #1136
	movt	r1, #16386
	.loc	2 1186 8                        @ ../Drivers/STM32H7xx_HAL_Driver/Src/stm32h7xx_hal_dma.c:1186:8
	cmp	r0, r1
	beq	.LBB8_152
.Ltmp1047:
@ %bb.132:
	@DEBUG_VALUE: HAL_DMA_PollForTransfer:CompleteLevel <- [DW_OP_LLVM_entry_value 1] $r1
	@DEBUG_VALUE: HAL_DMA_PollForTransfer:ifcr_reg <- [DW_OP_LLVM_arg 0, DW_OP_LLVM_arg 1, DW_OP_plus, DW_OP_stack_value] $r5, $r9
	@DEBUG_VALUE: HAL_DMA_PollForTransfer:isr_reg <- $r5
	@DEBUG_VALUE: HAL_DMA_PollForTransfer:cpltlevel_mask <- $r11
	@DEBUG_VALUE: HAL_DMA_PollForTransfer:tickstart <- $r10
	@DEBUG_VALUE: HAL_DMA_PollForTransfer:status <- 0
	@DEBUG_VALUE: HAL_DMA_PollForTransfer:hdma <- $r4
	@DEBUG_VALUE: HAL_DMA_PollForTransfer:Timeout <- $r8
	.loc	2 0 8                           @ ../Drivers/STM32H7xx_HAL_Driver/Src/stm32h7xx_hal_dma.c:0:8
	movw	r1, #1160
	b	.LBB8_151
.Ltmp1048:
	.p2align	2
.LBB8_133:
	@DEBUG_VALUE: HAL_DMA_PollForTransfer:tickstart <- $r10
	@DEBUG_VALUE: HAL_DMA_PollForTransfer:status <- 0
	@DEBUG_VALUE: HAL_DMA_PollForTransfer:hdma <- $r4
	@DEBUG_VALUE: HAL_DMA_PollForTransfer:CompleteLevel <- $r5
	@DEBUG_VALUE: HAL_DMA_PollForTransfer:Timeout <- $r8
	.loc	2 1031 54 is_stmt 1             @ ../Drivers/STM32H7xx_HAL_Driver/Src/stm32h7xx_hal_dma.c:1031:54
	ldr	r1, [r0]
.Ltmp1049:
	.loc	2 1031 9 is_stmt 0              @ ../Drivers/STM32H7xx_HAL_Driver/Src/stm32h7xx_hal_dma.c:1031:9
	lsls	r1, r1, #26
	bmi	.LBB8_135
.Ltmp1050:
@ %bb.134:
	@DEBUG_VALUE: HAL_DMA_PollForTransfer:tickstart <- $r10
	@DEBUG_VALUE: HAL_DMA_PollForTransfer:status <- 0
	@DEBUG_VALUE: HAL_DMA_PollForTransfer:hdma <- $r4
	@DEBUG_VALUE: HAL_DMA_PollForTransfer:CompleteLevel <- $r5
	@DEBUG_VALUE: HAL_DMA_PollForTransfer:Timeout <- $r8
	.loc	2 0 9                           @ ../Drivers/STM32H7xx_HAL_Driver/Src/stm32h7xx_hal_dma.c:0:9
	movs	r1, #4
	str	r5, [sp]                        @ 4-byte Spill
.Ltmp1051:
	@DEBUG_VALUE: HAL_DMA_PollForTransfer:CompleteLevel <- [$sp+0]
	cmp	r5, #0
.Ltmp1052:
	ldr	r2, [r4, #92]
	it	eq
	moveq	r1, #2
	and	r2, r2, #31
	mov.w	r9, #4
	b	.LBB8_30
.Ltmp1053:
	.p2align	2
.LBB8_135:
	@DEBUG_VALUE: HAL_DMA_PollForTransfer:tickstart <- $r10
	@DEBUG_VALUE: HAL_DMA_PollForTransfer:status <- 0
	@DEBUG_VALUE: HAL_DMA_PollForTransfer:hdma <- $r4
	@DEBUG_VALUE: HAL_DMA_PollForTransfer:CompleteLevel <- $r5
	@DEBUG_VALUE: HAL_DMA_PollForTransfer:Timeout <- $r8
	mov.w	r0, #256
	str	r0, [r4, #84]
	movs	r0, #1
.Ltmp1054:
	.loc	2 1197 1 epilogue_begin is_stmt 1 @ ../Drivers/STM32H7xx_HAL_Driver/Src/stm32h7xx_hal_dma.c:1197:1
	add	sp, #4
	pop.w	{r4, r5, r6, r7, r8, r9, r10, r11, pc}
.Ltmp1055:
	.loc	2 0 1 is_stmt 0                 @ :0:1
.Ltmp1056:
	.p2align	2
.LBB8_136:
	@DEBUG_VALUE: HAL_DMA_PollForTransfer:ifcr_reg <- [DW_OP_LLVM_arg 0, DW_OP_LLVM_arg 1, DW_OP_plus, DW_OP_stack_value] $r5, $r9
	@DEBUG_VALUE: HAL_DMA_PollForTransfer:isr_reg <- $r5
	@DEBUG_VALUE: HAL_DMA_PollForTransfer:cpltlevel_mask <- $r11
	@DEBUG_VALUE: HAL_DMA_PollForTransfer:CompleteLevel <- [$sp+0]
	@DEBUG_VALUE: HAL_DMA_PollForTransfer:tickstart <- $r10
	@DEBUG_VALUE: HAL_DMA_PollForTransfer:status <- 0
	@DEBUG_VALUE: HAL_DMA_PollForTransfer:hdma <- $r4
	@DEBUG_VALUE: HAL_DMA_PollForTransfer:Timeout <- $r8
	movs	r0, #32
.Ltmp1057:
	.loc	2 1120 25 is_stmt 1             @ ../Drivers/STM32H7xx_HAL_Driver/Src/stm32h7xx_hal_dma.c:1120:25
	str	r0, [r4, #84]
	.loc	2 1124 16                       @ ../Drivers/STM32H7xx_HAL_Driver/Src/stm32h7xx_hal_dma.c:1124:16
	mov	r0, r4
	bl	HAL_DMA_Abort
.Ltmp1058:
	.loc	2 0 16 is_stmt 0                @ ../Drivers/STM32H7xx_HAL_Driver/Src/stm32h7xx_hal_dma.c:0:16
	movs	r0, #1
.Ltmp1059:
	.loc	2 1197 1 epilogue_begin is_stmt 1 @ ../Drivers/STM32H7xx_HAL_Driver/Src/stm32h7xx_hal_dma.c:1197:1
	add	sp, #4
	pop.w	{r4, r5, r6, r7, r8, r9, r10, r11, pc}
.Ltmp1060:
	.loc	2 0 1 is_stmt 0                 @ :0:1
.Ltmp1061:
	.p2align	2
.LBB8_137:
	@DEBUG_VALUE: HAL_DMA_PollForTransfer:CompleteLevel <- [DW_OP_LLVM_entry_value 1] $r1
	@DEBUG_VALUE: HAL_DMA_PollForTransfer:ifcr_reg <- [DW_OP_LLVM_arg 0, DW_OP_LLVM_arg 1, DW_OP_plus, DW_OP_stack_value] $r5, $r9
	@DEBUG_VALUE: HAL_DMA_PollForTransfer:isr_reg <- $r5
	@DEBUG_VALUE: HAL_DMA_PollForTransfer:cpltlevel_mask <- $r11
	@DEBUG_VALUE: HAL_DMA_PollForTransfer:tickstart <- $r10
	@DEBUG_VALUE: HAL_DMA_PollForTransfer:status <- 0
	@DEBUG_VALUE: HAL_DMA_PollForTransfer:hdma <- $r4
	@DEBUG_VALUE: HAL_DMA_PollForTransfer:Timeout <- $r8
	movs	r2, #159
	movt	r2, #16386
.Ltmp1062:
	.loc	2 1169 8 is_stmt 1              @ ../Drivers/STM32H7xx_HAL_Driver/Src/stm32h7xx_hal_dma.c:1169:8
	cmp	r0, r2
	bgt	.LBB8_158
.Ltmp1063:
@ %bb.138:
	@DEBUG_VALUE: HAL_DMA_PollForTransfer:CompleteLevel <- [DW_OP_LLVM_entry_value 1] $r1
	@DEBUG_VALUE: HAL_DMA_PollForTransfer:ifcr_reg <- [DW_OP_LLVM_arg 0, DW_OP_LLVM_arg 1, DW_OP_plus, DW_OP_stack_value] $r5, $r9
	@DEBUG_VALUE: HAL_DMA_PollForTransfer:isr_reg <- $r5
	@DEBUG_VALUE: HAL_DMA_PollForTransfer:cpltlevel_mask <- $r11
	@DEBUG_VALUE: HAL_DMA_PollForTransfer:tickstart <- $r10
	@DEBUG_VALUE: HAL_DMA_PollForTransfer:status <- 0
	@DEBUG_VALUE: HAL_DMA_PollForTransfer:hdma <- $r4
	@DEBUG_VALUE: HAL_DMA_PollForTransfer:Timeout <- $r8
	.loc	2 0 8 is_stmt 0                 @ ../Drivers/STM32H7xx_HAL_Driver/Src/stm32h7xx_hal_dma.c:0:8
	movs	r2, #112
	movt	r2, #16386
	.loc	2 1169 8                        @ ../Drivers/STM32H7xx_HAL_Driver/Src/stm32h7xx_hal_dma.c:1169:8
	cmp	r0, r2
	beq	.LBB8_163
.Ltmp1064:
@ %bb.139:
	@DEBUG_VALUE: HAL_DMA_PollForTransfer:CompleteLevel <- [DW_OP_LLVM_entry_value 1] $r1
	@DEBUG_VALUE: HAL_DMA_PollForTransfer:ifcr_reg <- [DW_OP_LLVM_arg 0, DW_OP_LLVM_arg 1, DW_OP_plus, DW_OP_stack_value] $r5, $r9
	@DEBUG_VALUE: HAL_DMA_PollForTransfer:isr_reg <- $r5
	@DEBUG_VALUE: HAL_DMA_PollForTransfer:cpltlevel_mask <- $r11
	@DEBUG_VALUE: HAL_DMA_PollForTransfer:tickstart <- $r10
	@DEBUG_VALUE: HAL_DMA_PollForTransfer:status <- 0
	@DEBUG_VALUE: HAL_DMA_PollForTransfer:hdma <- $r4
	@DEBUG_VALUE: HAL_DMA_PollForTransfer:Timeout <- $r8
	.loc	2 0 8                           @ ../Drivers/STM32H7xx_HAL_Driver/Src/stm32h7xx_hal_dma.c:0:8
	movs	r2, #136
	b	.LBB8_162
.Ltmp1065:
	.p2align	2
.LBB8_140:
	@DEBUG_VALUE: HAL_DMA_PollForTransfer:CompleteLevel <- [DW_OP_LLVM_entry_value 1] $r1
	@DEBUG_VALUE: HAL_DMA_PollForTransfer:ifcr_reg <- [DW_OP_LLVM_arg 0, DW_OP_LLVM_arg 1, DW_OP_plus, DW_OP_stack_value] $r5, $r9
	@DEBUG_VALUE: HAL_DMA_PollForTransfer:isr_reg <- $r5
	@DEBUG_VALUE: HAL_DMA_PollForTransfer:cpltlevel_mask <- $r11
	@DEBUG_VALUE: HAL_DMA_PollForTransfer:tickstart <- $r10
	@DEBUG_VALUE: HAL_DMA_PollForTransfer:status <- 0
	@DEBUG_VALUE: HAL_DMA_PollForTransfer:hdma <- $r4
	@DEBUG_VALUE: HAL_DMA_PollForTransfer:Timeout <- $r8
	movw	r2, #1183
	movt	r2, #16386
	.loc	2 1169 8                        @ ../Drivers/STM32H7xx_HAL_Driver/Src/stm32h7xx_hal_dma.c:1169:8
	cmp	r0, r2
	bgt	.LBB8_160
.Ltmp1066:
@ %bb.141:
	@DEBUG_VALUE: HAL_DMA_PollForTransfer:CompleteLevel <- [DW_OP_LLVM_entry_value 1] $r1
	@DEBUG_VALUE: HAL_DMA_PollForTransfer:ifcr_reg <- [DW_OP_LLVM_arg 0, DW_OP_LLVM_arg 1, DW_OP_plus, DW_OP_stack_value] $r5, $r9
	@DEBUG_VALUE: HAL_DMA_PollForTransfer:isr_reg <- $r5
	@DEBUG_VALUE: HAL_DMA_PollForTransfer:cpltlevel_mask <- $r11
	@DEBUG_VALUE: HAL_DMA_PollForTransfer:tickstart <- $r10
	@DEBUG_VALUE: HAL_DMA_PollForTransfer:status <- 0
	@DEBUG_VALUE: HAL_DMA_PollForTransfer:hdma <- $r4
	@DEBUG_VALUE: HAL_DMA_PollForTransfer:Timeout <- $r8
	.loc	2 0 8                           @ ../Drivers/STM32H7xx_HAL_Driver/Src/stm32h7xx_hal_dma.c:0:8
	movw	r2, #1136
	movt	r2, #16386
	.loc	2 1169 8                        @ ../Drivers/STM32H7xx_HAL_Driver/Src/stm32h7xx_hal_dma.c:1169:8
	cmp	r0, r2
	beq	.LBB8_163
.Ltmp1067:
@ %bb.142:
	@DEBUG_VALUE: HAL_DMA_PollForTransfer:CompleteLevel <- [DW_OP_LLVM_entry_value 1] $r1
	@DEBUG_VALUE: HAL_DMA_PollForTransfer:ifcr_reg <- [DW_OP_LLVM_arg 0, DW_OP_LLVM_arg 1, DW_OP_plus, DW_OP_stack_value] $r5, $r9
	@DEBUG_VALUE: HAL_DMA_PollForTransfer:isr_reg <- $r5
	@DEBUG_VALUE: HAL_DMA_PollForTransfer:cpltlevel_mask <- $r11
	@DEBUG_VALUE: HAL_DMA_PollForTransfer:tickstart <- $r10
	@DEBUG_VALUE: HAL_DMA_PollForTransfer:status <- 0
	@DEBUG_VALUE: HAL_DMA_PollForTransfer:hdma <- $r4
	@DEBUG_VALUE: HAL_DMA_PollForTransfer:Timeout <- $r8
	.loc	2 0 8                           @ ../Drivers/STM32H7xx_HAL_Driver/Src/stm32h7xx_hal_dma.c:0:8
	movw	r2, #1160
	b	.LBB8_162
.Ltmp1068:
	.p2align	2
.LBB8_143:
	@DEBUG_VALUE: HAL_DMA_PollForTransfer:CompleteLevel <- [DW_OP_LLVM_entry_value 1] $r1
	@DEBUG_VALUE: HAL_DMA_PollForTransfer:ifcr_reg <- [DW_OP_LLVM_arg 0, DW_OP_LLVM_arg 1, DW_OP_plus, DW_OP_stack_value] $r5, $r9
	@DEBUG_VALUE: HAL_DMA_PollForTransfer:isr_reg <- $r5
	@DEBUG_VALUE: HAL_DMA_PollForTransfer:cpltlevel_mask <- $r11
	@DEBUG_VALUE: HAL_DMA_PollForTransfer:tickstart <- $r10
	@DEBUG_VALUE: HAL_DMA_PollForTransfer:status <- 0
	@DEBUG_VALUE: HAL_DMA_PollForTransfer:hdma <- $r4
	@DEBUG_VALUE: HAL_DMA_PollForTransfer:Timeout <- $r8
	movs	r1, #64
	movt	r1, #16386
.Ltmp1069:
	.loc	2 1186 8 is_stmt 1              @ ../Drivers/STM32H7xx_HAL_Driver/Src/stm32h7xx_hal_dma.c:1186:8
	cmp	r0, r1
	beq	.LBB8_152
.Ltmp1070:
@ %bb.144:
	@DEBUG_VALUE: HAL_DMA_PollForTransfer:CompleteLevel <- [DW_OP_LLVM_entry_value 1] $r1
	@DEBUG_VALUE: HAL_DMA_PollForTransfer:ifcr_reg <- [DW_OP_LLVM_arg 0, DW_OP_LLVM_arg 1, DW_OP_plus, DW_OP_stack_value] $r5, $r9
	@DEBUG_VALUE: HAL_DMA_PollForTransfer:isr_reg <- $r5
	@DEBUG_VALUE: HAL_DMA_PollForTransfer:cpltlevel_mask <- $r11
	@DEBUG_VALUE: HAL_DMA_PollForTransfer:tickstart <- $r10
	@DEBUG_VALUE: HAL_DMA_PollForTransfer:status <- 0
	@DEBUG_VALUE: HAL_DMA_PollForTransfer:hdma <- $r4
	@DEBUG_VALUE: HAL_DMA_PollForTransfer:Timeout <- $r8
	.loc	2 0 8 is_stmt 0                 @ ../Drivers/STM32H7xx_HAL_Driver/Src/stm32h7xx_hal_dma.c:0:8
	movs	r1, #88
	b	.LBB8_151
.Ltmp1071:
	.p2align	2
.LBB8_145:
	@DEBUG_VALUE: HAL_DMA_PollForTransfer:CompleteLevel <- [DW_OP_LLVM_entry_value 1] $r1
	@DEBUG_VALUE: HAL_DMA_PollForTransfer:ifcr_reg <- [DW_OP_LLVM_arg 0, DW_OP_LLVM_arg 1, DW_OP_plus, DW_OP_stack_value] $r5, $r9
	@DEBUG_VALUE: HAL_DMA_PollForTransfer:isr_reg <- $r5
	@DEBUG_VALUE: HAL_DMA_PollForTransfer:cpltlevel_mask <- $r11
	@DEBUG_VALUE: HAL_DMA_PollForTransfer:tickstart <- $r10
	@DEBUG_VALUE: HAL_DMA_PollForTransfer:status <- 0
	@DEBUG_VALUE: HAL_DMA_PollForTransfer:hdma <- $r4
	@DEBUG_VALUE: HAL_DMA_PollForTransfer:Timeout <- $r8
	movw	r1, #1088
	movt	r1, #16386
	.loc	2 1186 8                        @ ../Drivers/STM32H7xx_HAL_Driver/Src/stm32h7xx_hal_dma.c:1186:8
	cmp	r0, r1
	beq	.LBB8_152
.Ltmp1072:
@ %bb.146:
	@DEBUG_VALUE: HAL_DMA_PollForTransfer:CompleteLevel <- [DW_OP_LLVM_entry_value 1] $r1
	@DEBUG_VALUE: HAL_DMA_PollForTransfer:ifcr_reg <- [DW_OP_LLVM_arg 0, DW_OP_LLVM_arg 1, DW_OP_plus, DW_OP_stack_value] $r5, $r9
	@DEBUG_VALUE: HAL_DMA_PollForTransfer:isr_reg <- $r5
	@DEBUG_VALUE: HAL_DMA_PollForTransfer:cpltlevel_mask <- $r11
	@DEBUG_VALUE: HAL_DMA_PollForTransfer:tickstart <- $r10
	@DEBUG_VALUE: HAL_DMA_PollForTransfer:status <- 0
	@DEBUG_VALUE: HAL_DMA_PollForTransfer:hdma <- $r4
	@DEBUG_VALUE: HAL_DMA_PollForTransfer:Timeout <- $r8
	.loc	2 0 8                           @ ../Drivers/STM32H7xx_HAL_Driver/Src/stm32h7xx_hal_dma.c:0:8
	movw	r1, #1112
	b	.LBB8_151
.Ltmp1073:
	.p2align	2
.LBB8_147:
	@DEBUG_VALUE: HAL_DMA_PollForTransfer:CompleteLevel <- [DW_OP_LLVM_entry_value 1] $r1
	@DEBUG_VALUE: HAL_DMA_PollForTransfer:ifcr_reg <- [DW_OP_LLVM_arg 0, DW_OP_LLVM_arg 1, DW_OP_plus, DW_OP_stack_value] $r5, $r9
	@DEBUG_VALUE: HAL_DMA_PollForTransfer:isr_reg <- $r5
	@DEBUG_VALUE: HAL_DMA_PollForTransfer:cpltlevel_mask <- $r11
	@DEBUG_VALUE: HAL_DMA_PollForTransfer:tickstart <- $r10
	@DEBUG_VALUE: HAL_DMA_PollForTransfer:status <- 0
	@DEBUG_VALUE: HAL_DMA_PollForTransfer:hdma <- $r4
	@DEBUG_VALUE: HAL_DMA_PollForTransfer:Timeout <- $r8
	movs	r1, #160
	movt	r1, #16386
	.loc	2 1186 8                        @ ../Drivers/STM32H7xx_HAL_Driver/Src/stm32h7xx_hal_dma.c:1186:8
	cmp	r0, r1
	beq	.LBB8_152
.Ltmp1074:
@ %bb.148:
	@DEBUG_VALUE: HAL_DMA_PollForTransfer:CompleteLevel <- [DW_OP_LLVM_entry_value 1] $r1
	@DEBUG_VALUE: HAL_DMA_PollForTransfer:ifcr_reg <- [DW_OP_LLVM_arg 0, DW_OP_LLVM_arg 1, DW_OP_plus, DW_OP_stack_value] $r5, $r9
	@DEBUG_VALUE: HAL_DMA_PollForTransfer:isr_reg <- $r5
	@DEBUG_VALUE: HAL_DMA_PollForTransfer:cpltlevel_mask <- $r11
	@DEBUG_VALUE: HAL_DMA_PollForTransfer:tickstart <- $r10
	@DEBUG_VALUE: HAL_DMA_PollForTransfer:status <- 0
	@DEBUG_VALUE: HAL_DMA_PollForTransfer:hdma <- $r4
	@DEBUG_VALUE: HAL_DMA_PollForTransfer:Timeout <- $r8
	.loc	2 0 8                           @ ../Drivers/STM32H7xx_HAL_Driver/Src/stm32h7xx_hal_dma.c:0:8
	movs	r1, #184
	b	.LBB8_151
.Ltmp1075:
	.p2align	2
.LBB8_149:
	@DEBUG_VALUE: HAL_DMA_PollForTransfer:CompleteLevel <- [DW_OP_LLVM_entry_value 1] $r1
	@DEBUG_VALUE: HAL_DMA_PollForTransfer:ifcr_reg <- [DW_OP_LLVM_arg 0, DW_OP_LLVM_arg 1, DW_OP_plus, DW_OP_stack_value] $r5, $r9
	@DEBUG_VALUE: HAL_DMA_PollForTransfer:isr_reg <- $r5
	@DEBUG_VALUE: HAL_DMA_PollForTransfer:cpltlevel_mask <- $r11
	@DEBUG_VALUE: HAL_DMA_PollForTransfer:tickstart <- $r10
	@DEBUG_VALUE: HAL_DMA_PollForTransfer:status <- 0
	@DEBUG_VALUE: HAL_DMA_PollForTransfer:hdma <- $r4
	@DEBUG_VALUE: HAL_DMA_PollForTransfer:Timeout <- $r8
	movw	r1, #1208
	movt	r1, #16386
	.loc	2 1186 8                        @ ../Drivers/STM32H7xx_HAL_Driver/Src/stm32h7xx_hal_dma.c:1186:8
	cmp	r0, r1
	beq	.LBB8_152
.Ltmp1076:
@ %bb.150:
	@DEBUG_VALUE: HAL_DMA_PollForTransfer:CompleteLevel <- [DW_OP_LLVM_entry_value 1] $r1
	@DEBUG_VALUE: HAL_DMA_PollForTransfer:ifcr_reg <- [DW_OP_LLVM_arg 0, DW_OP_LLVM_arg 1, DW_OP_plus, DW_OP_stack_value] $r5, $r9
	@DEBUG_VALUE: HAL_DMA_PollForTransfer:isr_reg <- $r5
	@DEBUG_VALUE: HAL_DMA_PollForTransfer:cpltlevel_mask <- $r11
	@DEBUG_VALUE: HAL_DMA_PollForTransfer:tickstart <- $r10
	@DEBUG_VALUE: HAL_DMA_PollForTransfer:status <- 0
	@DEBUG_VALUE: HAL_DMA_PollForTransfer:hdma <- $r4
	@DEBUG_VALUE: HAL_DMA_PollForTransfer:Timeout <- $r8
	.loc	2 0 8                           @ ../Drivers/STM32H7xx_HAL_Driver/Src/stm32h7xx_hal_dma.c:0:8
	movw	r1, #1184
.Ltmp1077:
.LBB8_151:
	@DEBUG_VALUE: HAL_DMA_PollForTransfer:CompleteLevel <- [DW_OP_LLVM_entry_value 1] $r1
	@DEBUG_VALUE: HAL_DMA_PollForTransfer:ifcr_reg <- [DW_OP_LLVM_arg 0, DW_OP_LLVM_arg 1, DW_OP_plus, DW_OP_stack_value] $r5, $r9
	@DEBUG_VALUE: HAL_DMA_PollForTransfer:isr_reg <- $r5
	@DEBUG_VALUE: HAL_DMA_PollForTransfer:cpltlevel_mask <- $r11
	@DEBUG_VALUE: HAL_DMA_PollForTransfer:tickstart <- $r10
	@DEBUG_VALUE: HAL_DMA_PollForTransfer:status <- 0
	@DEBUG_VALUE: HAL_DMA_PollForTransfer:hdma <- $r4
	@DEBUG_VALUE: HAL_DMA_PollForTransfer:Timeout <- $r8
	movt	r1, #16386
	.loc	2 1186 8                        @ ../Drivers/STM32H7xx_HAL_Driver/Src/stm32h7xx_hal_dma.c:1186:8
	cmp	r0, r1
	bne	.LBB8_164
.Ltmp1078:
.LBB8_152:
	@DEBUG_VALUE: HAL_DMA_PollForTransfer:CompleteLevel <- [DW_OP_LLVM_entry_value 1] $r1
	@DEBUG_VALUE: HAL_DMA_PollForTransfer:ifcr_reg <- [DW_OP_LLVM_arg 0, DW_OP_LLVM_arg 1, DW_OP_plus, DW_OP_stack_value] $r5, $r9
	@DEBUG_VALUE: HAL_DMA_PollForTransfer:isr_reg <- $r5
	@DEBUG_VALUE: HAL_DMA_PollForTransfer:cpltlevel_mask <- $r11
	@DEBUG_VALUE: HAL_DMA_PollForTransfer:tickstart <- $r10
	@DEBUG_VALUE: HAL_DMA_PollForTransfer:status <- 0
	@DEBUG_VALUE: HAL_DMA_PollForTransfer:hdma <- $r4
	@DEBUG_VALUE: HAL_DMA_PollForTransfer:Timeout <- $r8
	.loc	2 1188 50 is_stmt 1             @ ../Drivers/STM32H7xx_HAL_Driver/Src/stm32h7xx_hal_dma.c:1188:50
	ldr	r0, [r4, #92]
	movs	r1, #16
.Ltmp1079:
.LBB8_153:
	@DEBUG_VALUE: HAL_DMA_PollForTransfer:CompleteLevel <- [DW_OP_LLVM_entry_value 1] $r1
	@DEBUG_VALUE: HAL_DMA_PollForTransfer:ifcr_reg <- [DW_OP_LLVM_arg 0, DW_OP_LLVM_arg 1, DW_OP_plus, DW_OP_stack_value] $r5, $r9
	@DEBUG_VALUE: HAL_DMA_PollForTransfer:isr_reg <- $r5
	@DEBUG_VALUE: HAL_DMA_PollForTransfer:cpltlevel_mask <- $r11
	@DEBUG_VALUE: HAL_DMA_PollForTransfer:tickstart <- $r10
	@DEBUG_VALUE: HAL_DMA_PollForTransfer:status <- 0
	@DEBUG_VALUE: HAL_DMA_PollForTransfer:hdma <- $r4
	@DEBUG_VALUE: HAL_DMA_PollForTransfer:Timeout <- $r8
	.loc	2 0 0 is_stmt 0                 @ ../Drivers/STM32H7xx_HAL_Driver/Src/stm32h7xx_hal_dma.c:0:0
	and	r0, r0, #31
	lsl.w	r0, r1, r0
	str.w	r0, [r5, r9]
	movs	r0, #0
.Ltmp1080:
	.loc	2 1197 1 epilogue_begin is_stmt 1 @ ../Drivers/STM32H7xx_HAL_Driver/Src/stm32h7xx_hal_dma.c:1197:1
	add	sp, #4
	pop.w	{r4, r5, r6, r7, r8, r9, r10, r11, pc}
.Ltmp1081:
	.loc	2 0 1 is_stmt 0                 @ :0:1
.Ltmp1082:
	.p2align	2
.LBB8_154:
	@DEBUG_VALUE: HAL_DMA_PollForTransfer:CompleteLevel <- [DW_OP_LLVM_entry_value 1] $r1
	@DEBUG_VALUE: HAL_DMA_PollForTransfer:ifcr_reg <- [DW_OP_LLVM_arg 0, DW_OP_LLVM_arg 1, DW_OP_plus, DW_OP_stack_value] $r5, $r9
	@DEBUG_VALUE: HAL_DMA_PollForTransfer:isr_reg <- $r5
	@DEBUG_VALUE: HAL_DMA_PollForTransfer:cpltlevel_mask <- $r11
	@DEBUG_VALUE: HAL_DMA_PollForTransfer:tickstart <- $r10
	@DEBUG_VALUE: HAL_DMA_PollForTransfer:status <- 0
	@DEBUG_VALUE: HAL_DMA_PollForTransfer:hdma <- $r4
	@DEBUG_VALUE: HAL_DMA_PollForTransfer:Timeout <- $r8
	movs	r2, #64
	movt	r2, #16386
.Ltmp1083:
	.loc	2 1169 8 is_stmt 1              @ ../Drivers/STM32H7xx_HAL_Driver/Src/stm32h7xx_hal_dma.c:1169:8
	cmp	r0, r2
	beq	.LBB8_163
.Ltmp1084:
@ %bb.155:
	@DEBUG_VALUE: HAL_DMA_PollForTransfer:CompleteLevel <- [DW_OP_LLVM_entry_value 1] $r1
	@DEBUG_VALUE: HAL_DMA_PollForTransfer:ifcr_reg <- [DW_OP_LLVM_arg 0, DW_OP_LLVM_arg 1, DW_OP_plus, DW_OP_stack_value] $r5, $r9
	@DEBUG_VALUE: HAL_DMA_PollForTransfer:isr_reg <- $r5
	@DEBUG_VALUE: HAL_DMA_PollForTransfer:cpltlevel_mask <- $r11
	@DEBUG_VALUE: HAL_DMA_PollForTransfer:tickstart <- $r10
	@DEBUG_VALUE: HAL_DMA_PollForTransfer:status <- 0
	@DEBUG_VALUE: HAL_DMA_PollForTransfer:hdma <- $r4
	@DEBUG_VALUE: HAL_DMA_PollForTransfer:Timeout <- $r8
	.loc	2 0 8 is_stmt 0                 @ ../Drivers/STM32H7xx_HAL_Driver/Src/stm32h7xx_hal_dma.c:0:8
	movs	r2, #88
	b	.LBB8_162
.Ltmp1085:
	.p2align	2
.LBB8_156:
	@DEBUG_VALUE: HAL_DMA_PollForTransfer:CompleteLevel <- [DW_OP_LLVM_entry_value 1] $r1
	@DEBUG_VALUE: HAL_DMA_PollForTransfer:ifcr_reg <- [DW_OP_LLVM_arg 0, DW_OP_LLVM_arg 1, DW_OP_plus, DW_OP_stack_value] $r5, $r9
	@DEBUG_VALUE: HAL_DMA_PollForTransfer:isr_reg <- $r5
	@DEBUG_VALUE: HAL_DMA_PollForTransfer:cpltlevel_mask <- $r11
	@DEBUG_VALUE: HAL_DMA_PollForTransfer:tickstart <- $r10
	@DEBUG_VALUE: HAL_DMA_PollForTransfer:status <- 0
	@DEBUG_VALUE: HAL_DMA_PollForTransfer:hdma <- $r4
	@DEBUG_VALUE: HAL_DMA_PollForTransfer:Timeout <- $r8
	movw	r2, #1088
	movt	r2, #16386
	.loc	2 1169 8                        @ ../Drivers/STM32H7xx_HAL_Driver/Src/stm32h7xx_hal_dma.c:1169:8
	cmp	r0, r2
	beq	.LBB8_163
.Ltmp1086:
@ %bb.157:
	@DEBUG_VALUE: HAL_DMA_PollForTransfer:CompleteLevel <- [DW_OP_LLVM_entry_value 1] $r1
	@DEBUG_VALUE: HAL_DMA_PollForTransfer:ifcr_reg <- [DW_OP_LLVM_arg 0, DW_OP_LLVM_arg 1, DW_OP_plus, DW_OP_stack_value] $r5, $r9
	@DEBUG_VALUE: HAL_DMA_PollForTransfer:isr_reg <- $r5
	@DEBUG_VALUE: HAL_DMA_PollForTransfer:cpltlevel_mask <- $r11
	@DEBUG_VALUE: HAL_DMA_PollForTransfer:tickstart <- $r10
	@DEBUG_VALUE: HAL_DMA_PollForTransfer:status <- 0
	@DEBUG_VALUE: HAL_DMA_PollForTransfer:hdma <- $r4
	@DEBUG_VALUE: HAL_DMA_PollForTransfer:Timeout <- $r8
	.loc	2 0 8                           @ ../Drivers/STM32H7xx_HAL_Driver/Src/stm32h7xx_hal_dma.c:0:8
	movw	r2, #1112
	b	.LBB8_162
.Ltmp1087:
	.p2align	2
.LBB8_158:
	@DEBUG_VALUE: HAL_DMA_PollForTransfer:CompleteLevel <- [DW_OP_LLVM_entry_value 1] $r1
	@DEBUG_VALUE: HAL_DMA_PollForTransfer:ifcr_reg <- [DW_OP_LLVM_arg 0, DW_OP_LLVM_arg 1, DW_OP_plus, DW_OP_stack_value] $r5, $r9
	@DEBUG_VALUE: HAL_DMA_PollForTransfer:isr_reg <- $r5
	@DEBUG_VALUE: HAL_DMA_PollForTransfer:cpltlevel_mask <- $r11
	@DEBUG_VALUE: HAL_DMA_PollForTransfer:tickstart <- $r10
	@DEBUG_VALUE: HAL_DMA_PollForTransfer:status <- 0
	@DEBUG_VALUE: HAL_DMA_PollForTransfer:hdma <- $r4
	@DEBUG_VALUE: HAL_DMA_PollForTransfer:Timeout <- $r8
	movs	r2, #160
	movt	r2, #16386
	.loc	2 1169 8                        @ ../Drivers/STM32H7xx_HAL_Driver/Src/stm32h7xx_hal_dma.c:1169:8
	cmp	r0, r2
	beq	.LBB8_163
.Ltmp1088:
@ %bb.159:
	@DEBUG_VALUE: HAL_DMA_PollForTransfer:CompleteLevel <- [DW_OP_LLVM_entry_value 1] $r1
	@DEBUG_VALUE: HAL_DMA_PollForTransfer:ifcr_reg <- [DW_OP_LLVM_arg 0, DW_OP_LLVM_arg 1, DW_OP_plus, DW_OP_stack_value] $r5, $r9
	@DEBUG_VALUE: HAL_DMA_PollForTransfer:isr_reg <- $r5
	@DEBUG_VALUE: HAL_DMA_PollForTransfer:cpltlevel_mask <- $r11
	@DEBUG_VALUE: HAL_DMA_PollForTransfer:tickstart <- $r10
	@DEBUG_VALUE: HAL_DMA_PollForTransfer:status <- 0
	@DEBUG_VALUE: HAL_DMA_PollForTransfer:hdma <- $r4
	@DEBUG_VALUE: HAL_DMA_PollForTransfer:Timeout <- $r8
	.loc	2 0 8                           @ ../Drivers/STM32H7xx_HAL_Driver/Src/stm32h7xx_hal_dma.c:0:8
	movs	r2, #184
	b	.LBB8_162
.Ltmp1089:
	.p2align	2
.LBB8_160:
	@DEBUG_VALUE: HAL_DMA_PollForTransfer:CompleteLevel <- [DW_OP_LLVM_entry_value 1] $r1
	@DEBUG_VALUE: HAL_DMA_PollForTransfer:ifcr_reg <- [DW_OP_LLVM_arg 0, DW_OP_LLVM_arg 1, DW_OP_plus, DW_OP_stack_value] $r5, $r9
	@DEBUG_VALUE: HAL_DMA_PollForTransfer:isr_reg <- $r5
	@DEBUG_VALUE: HAL_DMA_PollForTransfer:cpltlevel_mask <- $r11
	@DEBUG_VALUE: HAL_DMA_PollForTransfer:tickstart <- $r10
	@DEBUG_VALUE: HAL_DMA_PollForTransfer:status <- 0
	@DEBUG_VALUE: HAL_DMA_PollForTransfer:hdma <- $r4
	@DEBUG_VALUE: HAL_DMA_PollForTransfer:Timeout <- $r8
	movw	r2, #1184
	movt	r2, #16386
	.loc	2 1169 8                        @ ../Drivers/STM32H7xx_HAL_Driver/Src/stm32h7xx_hal_dma.c:1169:8
	cmp	r0, r2
	beq	.LBB8_163
.Ltmp1090:
@ %bb.161:
	@DEBUG_VALUE: HAL_DMA_PollForTransfer:CompleteLevel <- [DW_OP_LLVM_entry_value 1] $r1
	@DEBUG_VALUE: HAL_DMA_PollForTransfer:ifcr_reg <- [DW_OP_LLVM_arg 0, DW_OP_LLVM_arg 1, DW_OP_plus, DW_OP_stack_value] $r5, $r9
	@DEBUG_VALUE: HAL_DMA_PollForTransfer:isr_reg <- $r5
	@DEBUG_VALUE: HAL_DMA_PollForTransfer:cpltlevel_mask <- $r11
	@DEBUG_VALUE: HAL_DMA_PollForTransfer:tickstart <- $r10
	@DEBUG_VALUE: HAL_DMA_PollForTransfer:status <- 0
	@DEBUG_VALUE: HAL_DMA_PollForTransfer:hdma <- $r4
	@DEBUG_VALUE: HAL_DMA_PollForTransfer:Timeout <- $r8
	.loc	2 0 8                           @ ../Drivers/STM32H7xx_HAL_Driver/Src/stm32h7xx_hal_dma.c:0:8
	movw	r2, #1208
.Ltmp1091:
.LBB8_162:
	@DEBUG_VALUE: HAL_DMA_PollForTransfer:CompleteLevel <- [DW_OP_LLVM_entry_value 1] $r1
	@DEBUG_VALUE: HAL_DMA_PollForTransfer:ifcr_reg <- [DW_OP_LLVM_arg 0, DW_OP_LLVM_arg 1, DW_OP_plus, DW_OP_stack_value] $r5, $r9
	@DEBUG_VALUE: HAL_DMA_PollForTransfer:isr_reg <- $r5
	@DEBUG_VALUE: HAL_DMA_PollForTransfer:cpltlevel_mask <- $r11
	@DEBUG_VALUE: HAL_DMA_PollForTransfer:tickstart <- $r10
	@DEBUG_VALUE: HAL_DMA_PollForTransfer:status <- 0
	@DEBUG_VALUE: HAL_DMA_PollForTransfer:hdma <- $r4
	@DEBUG_VALUE: HAL_DMA_PollForTransfer:Timeout <- $r8
	movt	r2, #16386
	.loc	2 1169 8                        @ ../Drivers/STM32H7xx_HAL_Driver/Src/stm32h7xx_hal_dma.c:1169:8
	cmp	r0, r2
	it	ne
	movne	r1, #2
.Ltmp1092:
.LBB8_163:
	@DEBUG_VALUE: HAL_DMA_PollForTransfer:CompleteLevel <- [DW_OP_LLVM_entry_value 1] $r1
	@DEBUG_VALUE: HAL_DMA_PollForTransfer:ifcr_reg <- [DW_OP_LLVM_arg 0, DW_OP_LLVM_arg 1, DW_OP_plus, DW_OP_stack_value] $r5, $r9
	@DEBUG_VALUE: HAL_DMA_PollForTransfer:isr_reg <- $r5
	@DEBUG_VALUE: HAL_DMA_PollForTransfer:cpltlevel_mask <- $r11
	@DEBUG_VALUE: HAL_DMA_PollForTransfer:tickstart <- $r10
	@DEBUG_VALUE: HAL_DMA_PollForTransfer:status <- 0
	@DEBUG_VALUE: HAL_DMA_PollForTransfer:hdma <- $r4
	@DEBUG_VALUE: HAL_DMA_PollForTransfer:Timeout <- $r8
	.loc	2 0 0                           @ ../Drivers/STM32H7xx_HAL_Driver/Src/stm32h7xx_hal_dma.c:0:0
	ldr	r0, [r4, #92]
	and	r0, r0, #31
	lsl.w	r0, r1, r0
	str.w	r0, [r5, r9]
	movs	r0, #1
.Ltmp1093:
	.loc	2 1178 17 is_stmt 1             @ ../Drivers/STM32H7xx_HAL_Driver/Src/stm32h7xx_hal_dma.c:1178:17
	strb.w	r0, [r4, #53]
	movs	r0, #0
.Ltmp1094:
	.loc	2 1181 5                        @ ../Drivers/STM32H7xx_HAL_Driver/Src/stm32h7xx_hal_dma.c:1181:5
	strb.w	r0, [r4, #52]
.Ltmp1095:
	.loc	2 1197 1 epilogue_begin         @ ../Drivers/STM32H7xx_HAL_Driver/Src/stm32h7xx_hal_dma.c:1197:1
	add	sp, #4
	pop.w	{r4, r5, r6, r7, r8, r9, r10, r11, pc}
.Ltmp1096:
	.loc	2 0 1 is_stmt 0                 @ :0:1
.Ltmp1097:
	.p2align	2
.LBB8_164:
	@DEBUG_VALUE: HAL_DMA_PollForTransfer:CompleteLevel <- [DW_OP_LLVM_entry_value 1] $r1
	@DEBUG_VALUE: HAL_DMA_PollForTransfer:ifcr_reg <- [DW_OP_LLVM_arg 0, DW_OP_LLVM_arg 1, DW_OP_plus, DW_OP_stack_value] $r5, $r9
	@DEBUG_VALUE: HAL_DMA_PollForTransfer:isr_reg <- $r5
	@DEBUG_VALUE: HAL_DMA_PollForTransfer:cpltlevel_mask <- $r11
	@DEBUG_VALUE: HAL_DMA_PollForTransfer:tickstart <- $r10
	@DEBUG_VALUE: HAL_DMA_PollForTransfer:status <- 0
	@DEBUG_VALUE: HAL_DMA_PollForTransfer:hdma <- $r4
	@DEBUG_VALUE: HAL_DMA_PollForTransfer:Timeout <- $r8
	.loc	2 1192 46 is_stmt 1             @ ../Drivers/STM32H7xx_HAL_Driver/Src/stm32h7xx_hal_dma.c:1192:46
	ldr	r0, [r4, #92]
	movs	r1, #4
	.loc	2 1192 58 is_stmt 0             @ ../Drivers/STM32H7xx_HAL_Driver/Src/stm32h7xx_hal_dma.c:1192:58
	b	.LBB8_153
.Ltmp1098:
.Lfunc_end8:
	.size	HAL_DMA_PollForTransfer, .Lfunc_end8-HAL_DMA_PollForTransfer
	.cfi_endproc
	.cantunwind
	.fnend
                                        @ -- End function
	.section	.text.HAL_DMA_IRQHandler,"ax",%progbits
	.hidden	HAL_DMA_IRQHandler              @ -- Begin function HAL_DMA_IRQHandler
	.globl	HAL_DMA_IRQHandler
	.p2align	3
	.type	HAL_DMA_IRQHandler,%function
	.code	16                              @ @HAL_DMA_IRQHandler
	.thumb_func
HAL_DMA_IRQHandler:
.Lfunc_begin9:
	.loc	2 1206 0 is_stmt 1              @ ../Drivers/STM32H7xx_HAL_Driver/Src/stm32h7xx_hal_dma.c:1206:0
	.fnstart
	.cfi_startproc
@ %bb.0:
	@DEBUG_VALUE: HAL_DMA_IRQHandler:hdma <- $r0
	.save	{r4, r5, r6, r7, r8, r9, r10, lr}
	push.w	{r4, r5, r6, r7, r8, r9, r10, lr}
	.cfi_def_cfa_offset 32
	.cfi_offset lr, -4
	.cfi_offset r10, -8
	.cfi_offset r9, -12
	.cfi_offset r8, -16
	.cfi_offset r7, -20
	.cfi_offset r6, -24
	.cfi_offset r5, -28
	.cfi_offset r4, -32
	.pad	#8
	sub	sp, #8
	.cfi_def_cfa_offset 40
	movs	r1, #0
.Ltmp1099:
	.loc	2 1209 17 prologue_end          @ ../Drivers/STM32H7xx_HAL_Driver/Src/stm32h7xx_hal_dma.c:1209:17
	str	r1, [sp, #4]
	.loc	2 1210 22                       @ ../Drivers/STM32H7xx_HAL_Driver/Src/stm32h7xx_hal_dma.c:1210:22
	movw	r1, :lower16:SystemCoreClock
	movw	r3, #33205
	movt	r1, :upper16:SystemCoreClock
.Ltmp1100:
	@DEBUG_VALUE: HAL_DMA_IRQHandler:count <- [DW_OP_plus_uconst 4, DW_OP_deref] $sp
	.loc	2 0 22 is_stmt 0                @ ../Drivers/STM32H7xx_HAL_Driver/Src/stm32h7xx_hal_dma.c:0:22
	movt	r3, #6990
	.loc	2 1213 64 is_stmt 1             @ ../Drivers/STM32H7xx_HAL_Driver/Src/stm32h7xx_hal_dma.c:1213:64
	ldr	r5, [r0, #88]
.Ltmp1101:
	@DEBUG_VALUE: HAL_DMA_IRQHandler:regs_bdma <- $r5
	@DEBUG_VALUE: HAL_DMA_IRQHandler:regs_dma <- $r5
	.loc	2 0 64 is_stmt 0                @ ../Drivers/STM32H7xx_HAL_Driver/Src/stm32h7xx_hal_dma.c:0:64
	movw	r9, #1135
	.loc	2 1210 22 is_stmt 1             @ ../Drivers/STM32H7xx_HAL_Driver/Src/stm32h7xx_hal_dma.c:1210:22
	ldr	r2, [r1]
.Ltmp1102:
	.loc	2 1219 6                        @ ../Drivers/STM32H7xx_HAL_Driver/Src/stm32h7xx_hal_dma.c:1219:6
	ldr	r1, [r0]
	movt	r9, #16386
.Ltmp1103:
	.loc	2 1216 27                       @ ../Drivers/STM32H7xx_HAL_Driver/Src/stm32h7xx_hal_dma.c:1216:27
	ldr	r6, [r5]
.Ltmp1104:
	@DEBUG_VALUE: HAL_DMA_IRQHandler:tmpisr_dma <- $r6
	.loc	2 1210 38                       @ ../Drivers/STM32H7xx_HAL_Driver/Src/stm32h7xx_hal_dma.c:1210:38
	umull	r2, r8, r2, r3
.Ltmp1105:
	@DEBUG_VALUE: HAL_DMA_IRQHandler:timeout <- undef
	.loc	2 1219 6                        @ ../Drivers/STM32H7xx_HAL_Driver/Src/stm32h7xx_hal_dma.c:1219:6
	cmp	r1, r9
.Ltmp1106:
	.loc	2 1217 28                       @ ../Drivers/STM32H7xx_HAL_Driver/Src/stm32h7xx_hal_dma.c:1217:28
	ldr	r2, [r5]
.Ltmp1107:
	@DEBUG_VALUE: HAL_DMA_IRQHandler:tmpisr_bdma <- $r2
	.loc	2 1219 6                        @ ../Drivers/STM32H7xx_HAL_Driver/Src/stm32h7xx_hal_dma.c:1219:6
	bgt	.LBB9_6
.Ltmp1108:
@ %bb.1:
	@DEBUG_VALUE: HAL_DMA_IRQHandler:tmpisr_bdma <- $r2
	@DEBUG_VALUE: HAL_DMA_IRQHandler:tmpisr_dma <- $r6
	@DEBUG_VALUE: HAL_DMA_IRQHandler:regs_dma <- $r5
	@DEBUG_VALUE: HAL_DMA_IRQHandler:regs_bdma <- $r5
	@DEBUG_VALUE: HAL_DMA_IRQHandler:count <- [DW_OP_plus_uconst 4, DW_OP_deref] $sp
	@DEBUG_VALUE: HAL_DMA_IRQHandler:hdma <- $r0
	.loc	2 0 6 is_stmt 0                 @ ../Drivers/STM32H7xx_HAL_Driver/Src/stm32h7xx_hal_dma.c:0:6
	movs	r2, #159
.Ltmp1109:
	movt	r2, #16386
	.loc	2 1219 6                        @ ../Drivers/STM32H7xx_HAL_Driver/Src/stm32h7xx_hal_dma.c:1219:6
	cmp	r1, r2
	bgt	.LBB9_11
.Ltmp1110:
@ %bb.2:
	@DEBUG_VALUE: HAL_DMA_IRQHandler:tmpisr_dma <- $r6
	@DEBUG_VALUE: HAL_DMA_IRQHandler:regs_dma <- $r5
	@DEBUG_VALUE: HAL_DMA_IRQHandler:regs_bdma <- $r5
	@DEBUG_VALUE: HAL_DMA_IRQHandler:count <- [DW_OP_plus_uconst 4, DW_OP_deref] $sp
	@DEBUG_VALUE: HAL_DMA_IRQHandler:hdma <- $r0
	.loc	2 0 6                           @ ../Drivers/STM32H7xx_HAL_Driver/Src/stm32h7xx_hal_dma.c:0:6
	movs	r2, #87
	movt	r2, #16386
	.loc	2 1219 6                        @ ../Drivers/STM32H7xx_HAL_Driver/Src/stm32h7xx_hal_dma.c:1219:6
	cmp	r1, r2
	bgt	.LBB9_19
.Ltmp1111:
@ %bb.3:
	@DEBUG_VALUE: HAL_DMA_IRQHandler:tmpisr_dma <- $r6
	@DEBUG_VALUE: HAL_DMA_IRQHandler:regs_dma <- $r5
	@DEBUG_VALUE: HAL_DMA_IRQHandler:regs_bdma <- $r5
	@DEBUG_VALUE: HAL_DMA_IRQHandler:count <- [DW_OP_plus_uconst 4, DW_OP_deref] $sp
	@DEBUG_VALUE: HAL_DMA_IRQHandler:hdma <- $r0
	.loc	2 0 6                           @ ../Drivers/STM32H7xx_HAL_Driver/Src/stm32h7xx_hal_dma.c:0:6
	movs	r2, #16
	movt	r2, #16386
	.loc	2 1219 6                        @ ../Drivers/STM32H7xx_HAL_Driver/Src/stm32h7xx_hal_dma.c:1219:6
	cmp	r1, r2
	beq	.LBB9_29
.Ltmp1112:
@ %bb.4:
	@DEBUG_VALUE: HAL_DMA_IRQHandler:tmpisr_dma <- $r6
	@DEBUG_VALUE: HAL_DMA_IRQHandler:regs_dma <- $r5
	@DEBUG_VALUE: HAL_DMA_IRQHandler:regs_bdma <- $r5
	@DEBUG_VALUE: HAL_DMA_IRQHandler:count <- [DW_OP_plus_uconst 4, DW_OP_deref] $sp
	@DEBUG_VALUE: HAL_DMA_IRQHandler:hdma <- $r0
	.loc	2 0 6                           @ ../Drivers/STM32H7xx_HAL_Driver/Src/stm32h7xx_hal_dma.c:0:6
	movs	r2, #40
	movt	r2, #16386
	.loc	2 1219 6                        @ ../Drivers/STM32H7xx_HAL_Driver/Src/stm32h7xx_hal_dma.c:1219:6
	cmp	r1, r2
	beq	.LBB9_29
.Ltmp1113:
@ %bb.5:
	@DEBUG_VALUE: HAL_DMA_IRQHandler:tmpisr_dma <- $r6
	@DEBUG_VALUE: HAL_DMA_IRQHandler:regs_dma <- $r5
	@DEBUG_VALUE: HAL_DMA_IRQHandler:regs_bdma <- $r5
	@DEBUG_VALUE: HAL_DMA_IRQHandler:count <- [DW_OP_plus_uconst 4, DW_OP_deref] $sp
	@DEBUG_VALUE: HAL_DMA_IRQHandler:hdma <- $r0
	.loc	2 0 6                           @ ../Drivers/STM32H7xx_HAL_Driver/Src/stm32h7xx_hal_dma.c:0:6
	movs	r2, #64
	b	.LBB9_28
.Ltmp1114:
	.p2align	2
.LBB9_6:
	@DEBUG_VALUE: HAL_DMA_IRQHandler:tmpisr_bdma <- $r2
	@DEBUG_VALUE: HAL_DMA_IRQHandler:tmpisr_dma <- $r6
	@DEBUG_VALUE: HAL_DMA_IRQHandler:regs_dma <- $r5
	@DEBUG_VALUE: HAL_DMA_IRQHandler:regs_bdma <- $r5
	@DEBUG_VALUE: HAL_DMA_IRQHandler:count <- [DW_OP_plus_uconst 4, DW_OP_deref] $sp
	@DEBUG_VALUE: HAL_DMA_IRQHandler:hdma <- $r0
	movw	r3, #21551
	movt	r3, #22530
	.loc	2 1219 6                        @ ../Drivers/STM32H7xx_HAL_Driver/Src/stm32h7xx_hal_dma.c:1219:6
	cmp	r1, r3
	bgt	.LBB9_15
.Ltmp1115:
@ %bb.7:
	@DEBUG_VALUE: HAL_DMA_IRQHandler:tmpisr_bdma <- $r2
	@DEBUG_VALUE: HAL_DMA_IRQHandler:tmpisr_dma <- $r6
	@DEBUG_VALUE: HAL_DMA_IRQHandler:regs_dma <- $r5
	@DEBUG_VALUE: HAL_DMA_IRQHandler:regs_bdma <- $r5
	@DEBUG_VALUE: HAL_DMA_IRQHandler:count <- [DW_OP_plus_uconst 4, DW_OP_deref] $sp
	@DEBUG_VALUE: HAL_DMA_IRQHandler:hdma <- $r0
	.loc	2 0 6                           @ ../Drivers/STM32H7xx_HAL_Driver/Src/stm32h7xx_hal_dma.c:0:6
	movw	r3, #1207
	movt	r3, #16386
	.loc	2 1219 6                        @ ../Drivers/STM32H7xx_HAL_Driver/Src/stm32h7xx_hal_dma.c:1219:6
	cmp	r1, r3
	bgt	.LBB9_22
.Ltmp1116:
@ %bb.8:
	@DEBUG_VALUE: HAL_DMA_IRQHandler:tmpisr_bdma <- $r2
	@DEBUG_VALUE: HAL_DMA_IRQHandler:tmpisr_dma <- $r6
	@DEBUG_VALUE: HAL_DMA_IRQHandler:regs_dma <- $r5
	@DEBUG_VALUE: HAL_DMA_IRQHandler:regs_bdma <- $r5
	@DEBUG_VALUE: HAL_DMA_IRQHandler:count <- [DW_OP_plus_uconst 4, DW_OP_deref] $sp
	@DEBUG_VALUE: HAL_DMA_IRQHandler:hdma <- $r0
	.loc	2 0 6                           @ ../Drivers/STM32H7xx_HAL_Driver/Src/stm32h7xx_hal_dma.c:0:6
	movw	r2, #1136
.Ltmp1117:
	movt	r2, #16386
	.loc	2 1219 6                        @ ../Drivers/STM32H7xx_HAL_Driver/Src/stm32h7xx_hal_dma.c:1219:6
	cmp	r1, r2
	beq	.LBB9_29
.Ltmp1118:
@ %bb.9:
	@DEBUG_VALUE: HAL_DMA_IRQHandler:tmpisr_dma <- $r6
	@DEBUG_VALUE: HAL_DMA_IRQHandler:regs_dma <- $r5
	@DEBUG_VALUE: HAL_DMA_IRQHandler:regs_bdma <- $r5
	@DEBUG_VALUE: HAL_DMA_IRQHandler:count <- [DW_OP_plus_uconst 4, DW_OP_deref] $sp
	@DEBUG_VALUE: HAL_DMA_IRQHandler:hdma <- $r0
	.loc	2 0 6                           @ ../Drivers/STM32H7xx_HAL_Driver/Src/stm32h7xx_hal_dma.c:0:6
	movw	r2, #1160
	movt	r2, #16386
	.loc	2 1219 6                        @ ../Drivers/STM32H7xx_HAL_Driver/Src/stm32h7xx_hal_dma.c:1219:6
	cmp	r1, r2
	beq	.LBB9_29
.Ltmp1119:
@ %bb.10:
	@DEBUG_VALUE: HAL_DMA_IRQHandler:tmpisr_dma <- $r6
	@DEBUG_VALUE: HAL_DMA_IRQHandler:regs_dma <- $r5
	@DEBUG_VALUE: HAL_DMA_IRQHandler:regs_bdma <- $r5
	@DEBUG_VALUE: HAL_DMA_IRQHandler:count <- [DW_OP_plus_uconst 4, DW_OP_deref] $sp
	@DEBUG_VALUE: HAL_DMA_IRQHandler:hdma <- $r0
	.loc	2 0 6                           @ ../Drivers/STM32H7xx_HAL_Driver/Src/stm32h7xx_hal_dma.c:0:6
	movw	r2, #1184
	b	.LBB9_28
.Ltmp1120:
	.p2align	2
.LBB9_11:
	@DEBUG_VALUE: HAL_DMA_IRQHandler:tmpisr_dma <- $r6
	@DEBUG_VALUE: HAL_DMA_IRQHandler:regs_dma <- $r5
	@DEBUG_VALUE: HAL_DMA_IRQHandler:regs_bdma <- $r5
	@DEBUG_VALUE: HAL_DMA_IRQHandler:count <- [DW_OP_plus_uconst 4, DW_OP_deref] $sp
	@DEBUG_VALUE: HAL_DMA_IRQHandler:hdma <- $r0
	movw	r2, #1063
	movt	r2, #16386
	.loc	2 1219 6                        @ ../Drivers/STM32H7xx_HAL_Driver/Src/stm32h7xx_hal_dma.c:1219:6
	cmp	r1, r2
	bgt	.LBB9_25
.Ltmp1121:
@ %bb.12:
	@DEBUG_VALUE: HAL_DMA_IRQHandler:tmpisr_dma <- $r6
	@DEBUG_VALUE: HAL_DMA_IRQHandler:regs_dma <- $r5
	@DEBUG_VALUE: HAL_DMA_IRQHandler:regs_bdma <- $r5
	@DEBUG_VALUE: HAL_DMA_IRQHandler:count <- [DW_OP_plus_uconst 4, DW_OP_deref] $sp
	@DEBUG_VALUE: HAL_DMA_IRQHandler:hdma <- $r0
	.loc	2 0 6                           @ ../Drivers/STM32H7xx_HAL_Driver/Src/stm32h7xx_hal_dma.c:0:6
	movs	r2, #160
	movt	r2, #16386
	.loc	2 1219 6                        @ ../Drivers/STM32H7xx_HAL_Driver/Src/stm32h7xx_hal_dma.c:1219:6
	cmp	r1, r2
	beq	.LBB9_29
.Ltmp1122:
@ %bb.13:
	@DEBUG_VALUE: HAL_DMA_IRQHandler:tmpisr_dma <- $r6
	@DEBUG_VALUE: HAL_DMA_IRQHandler:regs_dma <- $r5
	@DEBUG_VALUE: HAL_DMA_IRQHandler:regs_bdma <- $r5
	@DEBUG_VALUE: HAL_DMA_IRQHandler:count <- [DW_OP_plus_uconst 4, DW_OP_deref] $sp
	@DEBUG_VALUE: HAL_DMA_IRQHandler:hdma <- $r0
	.loc	2 0 6                           @ ../Drivers/STM32H7xx_HAL_Driver/Src/stm32h7xx_hal_dma.c:0:6
	movs	r2, #184
	movt	r2, #16386
	.loc	2 1219 6                        @ ../Drivers/STM32H7xx_HAL_Driver/Src/stm32h7xx_hal_dma.c:1219:6
	cmp	r1, r2
	beq	.LBB9_29
.Ltmp1123:
@ %bb.14:
	@DEBUG_VALUE: HAL_DMA_IRQHandler:tmpisr_dma <- $r6
	@DEBUG_VALUE: HAL_DMA_IRQHandler:regs_dma <- $r5
	@DEBUG_VALUE: HAL_DMA_IRQHandler:regs_bdma <- $r5
	@DEBUG_VALUE: HAL_DMA_IRQHandler:count <- [DW_OP_plus_uconst 4, DW_OP_deref] $sp
	@DEBUG_VALUE: HAL_DMA_IRQHandler:hdma <- $r0
	.loc	2 0 6                           @ ../Drivers/STM32H7xx_HAL_Driver/Src/stm32h7xx_hal_dma.c:0:6
	movw	r2, #1040
	b	.LBB9_28
.Ltmp1124:
	.p2align	2
.LBB9_15:
	@DEBUG_VALUE: HAL_DMA_IRQHandler:tmpisr_bdma <- $r2
	@DEBUG_VALUE: HAL_DMA_IRQHandler:tmpisr_dma <- $r6
	@DEBUG_VALUE: HAL_DMA_IRQHandler:regs_dma <- $r5
	@DEBUG_VALUE: HAL_DMA_IRQHandler:regs_bdma <- $r5
	@DEBUG_VALUE: HAL_DMA_IRQHandler:count <- [DW_OP_plus_uconst 4, DW_OP_deref] $sp
	@DEBUG_VALUE: HAL_DMA_IRQHandler:hdma <- $r0
	movw	r3, #21611
	movt	r3, #22530
	.loc	2 1219 6                        @ ../Drivers/STM32H7xx_HAL_Driver/Src/stm32h7xx_hal_dma.c:1219:6
	cmp	r1, r3
	bgt	.LBB9_39
.Ltmp1125:
@ %bb.16:
	@DEBUG_VALUE: HAL_DMA_IRQHandler:tmpisr_bdma <- $r2
	@DEBUG_VALUE: HAL_DMA_IRQHandler:tmpisr_dma <- $r6
	@DEBUG_VALUE: HAL_DMA_IRQHandler:regs_dma <- $r5
	@DEBUG_VALUE: HAL_DMA_IRQHandler:regs_bdma <- $r5
	@DEBUG_VALUE: HAL_DMA_IRQHandler:count <- [DW_OP_plus_uconst 4, DW_OP_deref] $sp
	@DEBUG_VALUE: HAL_DMA_IRQHandler:hdma <- $r0
	.loc	2 0 6                           @ ../Drivers/STM32H7xx_HAL_Driver/Src/stm32h7xx_hal_dma.c:0:6
	movw	r3, #21552
	movt	r3, #22530
	.loc	2 1219 6                        @ ../Drivers/STM32H7xx_HAL_Driver/Src/stm32h7xx_hal_dma.c:1219:6
	cmp	r1, r3
	beq.w	.LBB9_43
.Ltmp1126:
@ %bb.17:
	@DEBUG_VALUE: HAL_DMA_IRQHandler:tmpisr_bdma <- $r2
	@DEBUG_VALUE: HAL_DMA_IRQHandler:tmpisr_dma <- $r6
	@DEBUG_VALUE: HAL_DMA_IRQHandler:regs_dma <- $r5
	@DEBUG_VALUE: HAL_DMA_IRQHandler:regs_bdma <- $r5
	@DEBUG_VALUE: HAL_DMA_IRQHandler:count <- [DW_OP_plus_uconst 4, DW_OP_deref] $sp
	@DEBUG_VALUE: HAL_DMA_IRQHandler:hdma <- $r0
	.loc	2 0 6                           @ ../Drivers/STM32H7xx_HAL_Driver/Src/stm32h7xx_hal_dma.c:0:6
	movw	r3, #21572
	movt	r3, #22530
	.loc	2 1219 6                        @ ../Drivers/STM32H7xx_HAL_Driver/Src/stm32h7xx_hal_dma.c:1219:6
	cmp	r1, r3
	beq	.LBB9_43
.Ltmp1127:
@ %bb.18:
	@DEBUG_VALUE: HAL_DMA_IRQHandler:tmpisr_bdma <- $r2
	@DEBUG_VALUE: HAL_DMA_IRQHandler:tmpisr_dma <- $r6
	@DEBUG_VALUE: HAL_DMA_IRQHandler:regs_dma <- $r5
	@DEBUG_VALUE: HAL_DMA_IRQHandler:regs_bdma <- $r5
	@DEBUG_VALUE: HAL_DMA_IRQHandler:count <- [DW_OP_plus_uconst 4, DW_OP_deref] $sp
	@DEBUG_VALUE: HAL_DMA_IRQHandler:hdma <- $r0
	.loc	2 0 6                           @ ../Drivers/STM32H7xx_HAL_Driver/Src/stm32h7xx_hal_dma.c:0:6
	movw	r3, #21592
	b	.LBB9_42
.Ltmp1128:
	.p2align	2
.LBB9_19:
	@DEBUG_VALUE: HAL_DMA_IRQHandler:tmpisr_dma <- $r6
	@DEBUG_VALUE: HAL_DMA_IRQHandler:regs_dma <- $r5
	@DEBUG_VALUE: HAL_DMA_IRQHandler:regs_bdma <- $r5
	@DEBUG_VALUE: HAL_DMA_IRQHandler:count <- [DW_OP_plus_uconst 4, DW_OP_deref] $sp
	@DEBUG_VALUE: HAL_DMA_IRQHandler:hdma <- $r0
	movs	r2, #88
	movt	r2, #16386
	.loc	2 1219 6                        @ ../Drivers/STM32H7xx_HAL_Driver/Src/stm32h7xx_hal_dma.c:1219:6
	cmp	r1, r2
	beq	.LBB9_29
.Ltmp1129:
@ %bb.20:
	@DEBUG_VALUE: HAL_DMA_IRQHandler:tmpisr_dma <- $r6
	@DEBUG_VALUE: HAL_DMA_IRQHandler:regs_dma <- $r5
	@DEBUG_VALUE: HAL_DMA_IRQHandler:regs_bdma <- $r5
	@DEBUG_VALUE: HAL_DMA_IRQHandler:count <- [DW_OP_plus_uconst 4, DW_OP_deref] $sp
	@DEBUG_VALUE: HAL_DMA_IRQHandler:hdma <- $r0
	.loc	2 0 6                           @ ../Drivers/STM32H7xx_HAL_Driver/Src/stm32h7xx_hal_dma.c:0:6
	movs	r2, #112
	movt	r2, #16386
	.loc	2 1219 6                        @ ../Drivers/STM32H7xx_HAL_Driver/Src/stm32h7xx_hal_dma.c:1219:6
	cmp	r1, r2
	beq	.LBB9_29
.Ltmp1130:
@ %bb.21:
	@DEBUG_VALUE: HAL_DMA_IRQHandler:tmpisr_dma <- $r6
	@DEBUG_VALUE: HAL_DMA_IRQHandler:regs_dma <- $r5
	@DEBUG_VALUE: HAL_DMA_IRQHandler:regs_bdma <- $r5
	@DEBUG_VALUE: HAL_DMA_IRQHandler:count <- [DW_OP_plus_uconst 4, DW_OP_deref] $sp
	@DEBUG_VALUE: HAL_DMA_IRQHandler:hdma <- $r0
	.loc	2 0 6                           @ ../Drivers/STM32H7xx_HAL_Driver/Src/stm32h7xx_hal_dma.c:0:6
	movs	r2, #136
	b	.LBB9_28
.Ltmp1131:
	.p2align	2
.LBB9_22:
	@DEBUG_VALUE: HAL_DMA_IRQHandler:tmpisr_bdma <- $r2
	@DEBUG_VALUE: HAL_DMA_IRQHandler:tmpisr_dma <- $r6
	@DEBUG_VALUE: HAL_DMA_IRQHandler:regs_dma <- $r5
	@DEBUG_VALUE: HAL_DMA_IRQHandler:regs_bdma <- $r5
	@DEBUG_VALUE: HAL_DMA_IRQHandler:count <- [DW_OP_plus_uconst 4, DW_OP_deref] $sp
	@DEBUG_VALUE: HAL_DMA_IRQHandler:hdma <- $r0
	movw	r3, #1208
	movt	r3, #16386
	.loc	2 1219 6                        @ ../Drivers/STM32H7xx_HAL_Driver/Src/stm32h7xx_hal_dma.c:1219:6
	cmp	r1, r3
	beq	.LBB9_29
.Ltmp1132:
@ %bb.23:
	@DEBUG_VALUE: HAL_DMA_IRQHandler:tmpisr_bdma <- $r2
	@DEBUG_VALUE: HAL_DMA_IRQHandler:tmpisr_dma <- $r6
	@DEBUG_VALUE: HAL_DMA_IRQHandler:regs_dma <- $r5
	@DEBUG_VALUE: HAL_DMA_IRQHandler:regs_bdma <- $r5
	@DEBUG_VALUE: HAL_DMA_IRQHandler:count <- [DW_OP_plus_uconst 4, DW_OP_deref] $sp
	@DEBUG_VALUE: HAL_DMA_IRQHandler:hdma <- $r0
	.loc	2 0 6                           @ ../Drivers/STM32H7xx_HAL_Driver/Src/stm32h7xx_hal_dma.c:0:6
	movw	r3, #21512
	movt	r3, #22530
	.loc	2 1219 6                        @ ../Drivers/STM32H7xx_HAL_Driver/Src/stm32h7xx_hal_dma.c:1219:6
	cmp	r1, r3
	beq	.LBB9_43
.Ltmp1133:
@ %bb.24:
	@DEBUG_VALUE: HAL_DMA_IRQHandler:tmpisr_bdma <- $r2
	@DEBUG_VALUE: HAL_DMA_IRQHandler:tmpisr_dma <- $r6
	@DEBUG_VALUE: HAL_DMA_IRQHandler:regs_dma <- $r5
	@DEBUG_VALUE: HAL_DMA_IRQHandler:regs_bdma <- $r5
	@DEBUG_VALUE: HAL_DMA_IRQHandler:count <- [DW_OP_plus_uconst 4, DW_OP_deref] $sp
	@DEBUG_VALUE: HAL_DMA_IRQHandler:hdma <- $r0
	.loc	2 0 6                           @ ../Drivers/STM32H7xx_HAL_Driver/Src/stm32h7xx_hal_dma.c:0:6
	movw	r3, #21532
	b	.LBB9_42
.Ltmp1134:
	.p2align	2
.LBB9_25:
	@DEBUG_VALUE: HAL_DMA_IRQHandler:tmpisr_dma <- $r6
	@DEBUG_VALUE: HAL_DMA_IRQHandler:regs_dma <- $r5
	@DEBUG_VALUE: HAL_DMA_IRQHandler:regs_bdma <- $r5
	@DEBUG_VALUE: HAL_DMA_IRQHandler:count <- [DW_OP_plus_uconst 4, DW_OP_deref] $sp
	@DEBUG_VALUE: HAL_DMA_IRQHandler:hdma <- $r0
	movw	r2, #1064
	movt	r2, #16386
	.loc	2 1219 6                        @ ../Drivers/STM32H7xx_HAL_Driver/Src/stm32h7xx_hal_dma.c:1219:6
	cmp	r1, r2
	beq	.LBB9_29
.Ltmp1135:
@ %bb.26:
	@DEBUG_VALUE: HAL_DMA_IRQHandler:tmpisr_dma <- $r6
	@DEBUG_VALUE: HAL_DMA_IRQHandler:regs_dma <- $r5
	@DEBUG_VALUE: HAL_DMA_IRQHandler:regs_bdma <- $r5
	@DEBUG_VALUE: HAL_DMA_IRQHandler:count <- [DW_OP_plus_uconst 4, DW_OP_deref] $sp
	@DEBUG_VALUE: HAL_DMA_IRQHandler:hdma <- $r0
	.loc	2 0 6                           @ ../Drivers/STM32H7xx_HAL_Driver/Src/stm32h7xx_hal_dma.c:0:6
	movw	r2, #1088
	movt	r2, #16386
	.loc	2 1219 6                        @ ../Drivers/STM32H7xx_HAL_Driver/Src/stm32h7xx_hal_dma.c:1219:6
	cmp	r1, r2
	beq	.LBB9_29
.Ltmp1136:
@ %bb.27:
	@DEBUG_VALUE: HAL_DMA_IRQHandler:tmpisr_dma <- $r6
	@DEBUG_VALUE: HAL_DMA_IRQHandler:regs_dma <- $r5
	@DEBUG_VALUE: HAL_DMA_IRQHandler:regs_bdma <- $r5
	@DEBUG_VALUE: HAL_DMA_IRQHandler:count <- [DW_OP_plus_uconst 4, DW_OP_deref] $sp
	@DEBUG_VALUE: HAL_DMA_IRQHandler:hdma <- $r0
	.loc	2 0 6                           @ ../Drivers/STM32H7xx_HAL_Driver/Src/stm32h7xx_hal_dma.c:0:6
	movw	r2, #1112
.Ltmp1137:
.LBB9_28:
	@DEBUG_VALUE: HAL_DMA_IRQHandler:tmpisr_dma <- $r6
	@DEBUG_VALUE: HAL_DMA_IRQHandler:regs_dma <- $r5
	@DEBUG_VALUE: HAL_DMA_IRQHandler:regs_bdma <- $r5
	@DEBUG_VALUE: HAL_DMA_IRQHandler:count <- [DW_OP_plus_uconst 4, DW_OP_deref] $sp
	@DEBUG_VALUE: HAL_DMA_IRQHandler:hdma <- $r0
	movt	r2, #16386
	.loc	2 1219 6                        @ ../Drivers/STM32H7xx_HAL_Driver/Src/stm32h7xx_hal_dma.c:1219:6
	cmp	r1, r2
	bne.w	.LBB9_212
.Ltmp1138:
.LBB9_29:
	@DEBUG_VALUE: HAL_DMA_IRQHandler:tmpisr_dma <- $r6
	@DEBUG_VALUE: HAL_DMA_IRQHandler:regs_dma <- $r5
	@DEBUG_VALUE: HAL_DMA_IRQHandler:regs_bdma <- $r5
	@DEBUG_VALUE: HAL_DMA_IRQHandler:count <- [DW_OP_plus_uconst 4, DW_OP_deref] $sp
	@DEBUG_VALUE: HAL_DMA_IRQHandler:hdma <- $r0
	@DEBUG_VALUE: HAL_DMA_IRQHandler:timeout <- undef
	.loc	2 1222 51 is_stmt 1             @ ../Drivers/STM32H7xx_HAL_Driver/Src/stm32h7xx_hal_dma.c:1222:51
	ldr	r2, [r0, #92]
	movs	r3, #8
	.loc	2 1222 63 is_stmt 0             @ ../Drivers/STM32H7xx_HAL_Driver/Src/stm32h7xx_hal_dma.c:1222:63
	and	r2, r2, #31
	movw	r10, #1039
	.loc	2 1222 41                       @ ../Drivers/STM32H7xx_HAL_Driver/Src/stm32h7xx_hal_dma.c:1222:41
	lsls	r3, r2
	movt	r10, #16386
.Ltmp1139:
	.loc	2 1222 9                        @ ../Drivers/STM32H7xx_HAL_Driver/Src/stm32h7xx_hal_dma.c:1222:9
	tst	r3, r6
	beq.w	.LBB9_73
.Ltmp1140:
@ %bb.30:
	@DEBUG_VALUE: HAL_DMA_IRQHandler:tmpisr_dma <- $r6
	@DEBUG_VALUE: HAL_DMA_IRQHandler:regs_dma <- $r5
	@DEBUG_VALUE: HAL_DMA_IRQHandler:regs_bdma <- $r5
	@DEBUG_VALUE: HAL_DMA_IRQHandler:count <- [DW_OP_plus_uconst 4, DW_OP_deref] $sp
	@DEBUG_VALUE: HAL_DMA_IRQHandler:hdma <- $r0
	.loc	2 1224 10 is_stmt 1             @ ../Drivers/STM32H7xx_HAL_Driver/Src/stm32h7xx_hal_dma.c:1224:10
	cmp	r1, r10
	mov.w	r4, #4
	bgt	.LBB9_35
.Ltmp1141:
@ %bb.31:
	@DEBUG_VALUE: HAL_DMA_IRQHandler:tmpisr_dma <- $r6
	@DEBUG_VALUE: HAL_DMA_IRQHandler:regs_dma <- $r5
	@DEBUG_VALUE: HAL_DMA_IRQHandler:regs_bdma <- $r5
	@DEBUG_VALUE: HAL_DMA_IRQHandler:count <- [DW_OP_plus_uconst 4, DW_OP_deref] $sp
	@DEBUG_VALUE: HAL_DMA_IRQHandler:hdma <- $r0
	.loc	2 0 10 is_stmt 0                @ ../Drivers/STM32H7xx_HAL_Driver/Src/stm32h7xx_hal_dma.c:0:10
	movs	r7, #111
	movt	r7, #16386
	.loc	2 1224 10                       @ ../Drivers/STM32H7xx_HAL_Driver/Src/stm32h7xx_hal_dma.c:1224:10
	cmp	r1, r7
	bgt	.LBB9_51
.Ltmp1142:
@ %bb.32:
	@DEBUG_VALUE: HAL_DMA_IRQHandler:tmpisr_dma <- $r6
	@DEBUG_VALUE: HAL_DMA_IRQHandler:regs_dma <- $r5
	@DEBUG_VALUE: HAL_DMA_IRQHandler:regs_bdma <- $r5
	@DEBUG_VALUE: HAL_DMA_IRQHandler:count <- [DW_OP_plus_uconst 4, DW_OP_deref] $sp
	@DEBUG_VALUE: HAL_DMA_IRQHandler:hdma <- $r0
	.loc	2 0 10                          @ ../Drivers/STM32H7xx_HAL_Driver/Src/stm32h7xx_hal_dma.c:0:10
	movs	r7, #63
	movt	r7, #16386
	.loc	2 1224 10                       @ ../Drivers/STM32H7xx_HAL_Driver/Src/stm32h7xx_hal_dma.c:1224:10
	cmp	r1, r7
	bgt.w	.LBB9_62
.Ltmp1143:
@ %bb.33:
	@DEBUG_VALUE: HAL_DMA_IRQHandler:tmpisr_dma <- $r6
	@DEBUG_VALUE: HAL_DMA_IRQHandler:regs_dma <- $r5
	@DEBUG_VALUE: HAL_DMA_IRQHandler:regs_bdma <- $r5
	@DEBUG_VALUE: HAL_DMA_IRQHandler:count <- [DW_OP_plus_uconst 4, DW_OP_deref] $sp
	@DEBUG_VALUE: HAL_DMA_IRQHandler:hdma <- $r0
	.loc	2 0 10                          @ ../Drivers/STM32H7xx_HAL_Driver/Src/stm32h7xx_hal_dma.c:0:10
	movs	r7, #16
	movt	r7, #16386
	.loc	2 1224 10                       @ ../Drivers/STM32H7xx_HAL_Driver/Src/stm32h7xx_hal_dma.c:1224:10
	cmp	r1, r7
	beq.w	.LBB9_71
.Ltmp1144:
@ %bb.34:
	@DEBUG_VALUE: HAL_DMA_IRQHandler:tmpisr_dma <- $r6
	@DEBUG_VALUE: HAL_DMA_IRQHandler:regs_dma <- $r5
	@DEBUG_VALUE: HAL_DMA_IRQHandler:regs_bdma <- $r5
	@DEBUG_VALUE: HAL_DMA_IRQHandler:count <- [DW_OP_plus_uconst 4, DW_OP_deref] $sp
	@DEBUG_VALUE: HAL_DMA_IRQHandler:hdma <- $r0
	.loc	2 0 10                          @ ../Drivers/STM32H7xx_HAL_Driver/Src/stm32h7xx_hal_dma.c:0:10
	movs	r7, #40
	b	.LBB9_70
.Ltmp1145:
	.p2align	2
.LBB9_35:
	@DEBUG_VALUE: HAL_DMA_IRQHandler:tmpisr_dma <- $r6
	@DEBUG_VALUE: HAL_DMA_IRQHandler:regs_dma <- $r5
	@DEBUG_VALUE: HAL_DMA_IRQHandler:regs_bdma <- $r5
	@DEBUG_VALUE: HAL_DMA_IRQHandler:count <- [DW_OP_plus_uconst 4, DW_OP_deref] $sp
	@DEBUG_VALUE: HAL_DMA_IRQHandler:hdma <- $r0
	.loc	2 1224 10                       @ ../Drivers/STM32H7xx_HAL_Driver/Src/stm32h7xx_hal_dma.c:1224:10
	cmp	r1, r9
	bgt	.LBB9_54
.Ltmp1146:
@ %bb.36:
	@DEBUG_VALUE: HAL_DMA_IRQHandler:tmpisr_dma <- $r6
	@DEBUG_VALUE: HAL_DMA_IRQHandler:regs_dma <- $r5
	@DEBUG_VALUE: HAL_DMA_IRQHandler:regs_bdma <- $r5
	@DEBUG_VALUE: HAL_DMA_IRQHandler:count <- [DW_OP_plus_uconst 4, DW_OP_deref] $sp
	@DEBUG_VALUE: HAL_DMA_IRQHandler:hdma <- $r0
	.loc	2 0 10                          @ ../Drivers/STM32H7xx_HAL_Driver/Src/stm32h7xx_hal_dma.c:0:10
	movw	r7, #1087
	movt	r7, #16386
	.loc	2 1224 10                       @ ../Drivers/STM32H7xx_HAL_Driver/Src/stm32h7xx_hal_dma.c:1224:10
	cmp	r1, r7
	bgt.w	.LBB9_64
.Ltmp1147:
@ %bb.37:
	@DEBUG_VALUE: HAL_DMA_IRQHandler:tmpisr_dma <- $r6
	@DEBUG_VALUE: HAL_DMA_IRQHandler:regs_dma <- $r5
	@DEBUG_VALUE: HAL_DMA_IRQHandler:regs_bdma <- $r5
	@DEBUG_VALUE: HAL_DMA_IRQHandler:count <- [DW_OP_plus_uconst 4, DW_OP_deref] $sp
	@DEBUG_VALUE: HAL_DMA_IRQHandler:hdma <- $r0
	.loc	2 0 10                          @ ../Drivers/STM32H7xx_HAL_Driver/Src/stm32h7xx_hal_dma.c:0:10
	movw	r7, #1040
	movt	r7, #16386
	.loc	2 1224 10                       @ ../Drivers/STM32H7xx_HAL_Driver/Src/stm32h7xx_hal_dma.c:1224:10
	cmp	r1, r7
	beq.w	.LBB9_71
.Ltmp1148:
@ %bb.38:
	@DEBUG_VALUE: HAL_DMA_IRQHandler:tmpisr_dma <- $r6
	@DEBUG_VALUE: HAL_DMA_IRQHandler:regs_dma <- $r5
	@DEBUG_VALUE: HAL_DMA_IRQHandler:regs_bdma <- $r5
	@DEBUG_VALUE: HAL_DMA_IRQHandler:count <- [DW_OP_plus_uconst 4, DW_OP_deref] $sp
	@DEBUG_VALUE: HAL_DMA_IRQHandler:hdma <- $r0
	.loc	2 0 10                          @ ../Drivers/STM32H7xx_HAL_Driver/Src/stm32h7xx_hal_dma.c:0:10
	movw	r7, #1064
	b	.LBB9_70
.Ltmp1149:
	.p2align	2
.LBB9_39:
	@DEBUG_VALUE: HAL_DMA_IRQHandler:tmpisr_bdma <- $r2
	@DEBUG_VALUE: HAL_DMA_IRQHandler:tmpisr_dma <- $r6
	@DEBUG_VALUE: HAL_DMA_IRQHandler:regs_dma <- $r5
	@DEBUG_VALUE: HAL_DMA_IRQHandler:regs_bdma <- $r5
	@DEBUG_VALUE: HAL_DMA_IRQHandler:count <- [DW_OP_plus_uconst 4, DW_OP_deref] $sp
	@DEBUG_VALUE: HAL_DMA_IRQHandler:hdma <- $r0
	movw	r3, #21612
	movt	r3, #22530
	.loc	2 1219 6 is_stmt 1              @ ../Drivers/STM32H7xx_HAL_Driver/Src/stm32h7xx_hal_dma.c:1219:6
	cmp	r1, r3
	beq	.LBB9_43
.Ltmp1150:
@ %bb.40:
	@DEBUG_VALUE: HAL_DMA_IRQHandler:tmpisr_bdma <- $r2
	@DEBUG_VALUE: HAL_DMA_IRQHandler:tmpisr_dma <- $r6
	@DEBUG_VALUE: HAL_DMA_IRQHandler:regs_dma <- $r5
	@DEBUG_VALUE: HAL_DMA_IRQHandler:regs_bdma <- $r5
	@DEBUG_VALUE: HAL_DMA_IRQHandler:count <- [DW_OP_plus_uconst 4, DW_OP_deref] $sp
	@DEBUG_VALUE: HAL_DMA_IRQHandler:hdma <- $r0
	.loc	2 0 6 is_stmt 0                 @ ../Drivers/STM32H7xx_HAL_Driver/Src/stm32h7xx_hal_dma.c:0:6
	movw	r3, #21632
	movt	r3, #22530
	.loc	2 1219 6                        @ ../Drivers/STM32H7xx_HAL_Driver/Src/stm32h7xx_hal_dma.c:1219:6
	cmp	r1, r3
	beq	.LBB9_43
.Ltmp1151:
@ %bb.41:
	@DEBUG_VALUE: HAL_DMA_IRQHandler:tmpisr_bdma <- $r2
	@DEBUG_VALUE: HAL_DMA_IRQHandler:tmpisr_dma <- $r6
	@DEBUG_VALUE: HAL_DMA_IRQHandler:regs_dma <- $r5
	@DEBUG_VALUE: HAL_DMA_IRQHandler:regs_bdma <- $r5
	@DEBUG_VALUE: HAL_DMA_IRQHandler:count <- [DW_OP_plus_uconst 4, DW_OP_deref] $sp
	@DEBUG_VALUE: HAL_DMA_IRQHandler:hdma <- $r0
	.loc	2 0 6                           @ ../Drivers/STM32H7xx_HAL_Driver/Src/stm32h7xx_hal_dma.c:0:6
	movw	r3, #21652
.Ltmp1152:
.LBB9_42:
	@DEBUG_VALUE: HAL_DMA_IRQHandler:tmpisr_bdma <- $r2
	@DEBUG_VALUE: HAL_DMA_IRQHandler:tmpisr_dma <- $r6
	@DEBUG_VALUE: HAL_DMA_IRQHandler:regs_dma <- $r5
	@DEBUG_VALUE: HAL_DMA_IRQHandler:regs_bdma <- $r5
	@DEBUG_VALUE: HAL_DMA_IRQHandler:count <- [DW_OP_plus_uconst 4, DW_OP_deref] $sp
	@DEBUG_VALUE: HAL_DMA_IRQHandler:hdma <- $r0
	movt	r3, #22530
	.loc	2 1219 6                        @ ../Drivers/STM32H7xx_HAL_Driver/Src/stm32h7xx_hal_dma.c:1219:6
	cmp	r1, r3
	bne.w	.LBB9_212
.Ltmp1153:
.LBB9_43:
	@DEBUG_VALUE: HAL_DMA_IRQHandler:tmpisr_bdma <- $r2
	@DEBUG_VALUE: HAL_DMA_IRQHandler:tmpisr_dma <- $r6
	@DEBUG_VALUE: HAL_DMA_IRQHandler:regs_dma <- $r5
	@DEBUG_VALUE: HAL_DMA_IRQHandler:regs_bdma <- $r5
	@DEBUG_VALUE: HAL_DMA_IRQHandler:count <- [DW_OP_plus_uconst 4, DW_OP_deref] $sp
	@DEBUG_VALUE: HAL_DMA_IRQHandler:hdma <- $r0
	.loc	2 1430 60 is_stmt 1             @ ../Drivers/STM32H7xx_HAL_Driver/Src/stm32h7xx_hal_dma.c:1430:60
	ldr	r3, [r1]
.Ltmp1154:
	@DEBUG_VALUE: HAL_DMA_IRQHandler:ccr_reg <- $r3
	.loc	2 1433 50                       @ ../Drivers/STM32H7xx_HAL_Driver/Src/stm32h7xx_hal_dma.c:1433:50
	ldr	r7, [r0, #92]
	.loc	2 1433 62 is_stmt 0             @ ../Drivers/STM32H7xx_HAL_Driver/Src/stm32h7xx_hal_dma.c:1433:62
	and	r7, r7, #31
	movs	r6, #4
.Ltmp1155:
	.loc	2 1433 40                       @ ../Drivers/STM32H7xx_HAL_Driver/Src/stm32h7xx_hal_dma.c:1433:40
	lsls	r6, r7
	.loc	2 1433 80                       @ ../Drivers/STM32H7xx_HAL_Driver/Src/stm32h7xx_hal_dma.c:1433:80
	tst	r6, r2
	it	ne
	andsne	r4, r3, #4
	bne	.LBB9_48
.Ltmp1156:
@ %bb.44:
	@DEBUG_VALUE: HAL_DMA_IRQHandler:ccr_reg <- $r3
	@DEBUG_VALUE: HAL_DMA_IRQHandler:tmpisr_bdma <- $r2
	@DEBUG_VALUE: HAL_DMA_IRQHandler:regs_dma <- $r5
	@DEBUG_VALUE: HAL_DMA_IRQHandler:regs_bdma <- $r5
	@DEBUG_VALUE: HAL_DMA_IRQHandler:count <- [DW_OP_plus_uconst 4, DW_OP_deref] $sp
	@DEBUG_VALUE: HAL_DMA_IRQHandler:hdma <- $r0
	.loc	2 0 80                          @ ../Drivers/STM32H7xx_HAL_Driver/Src/stm32h7xx_hal_dma.c:0:80
	movs	r6, #2
.Ltmp1157:
	.loc	2 1480 45 is_stmt 1             @ ../Drivers/STM32H7xx_HAL_Driver/Src/stm32h7xx_hal_dma.c:1480:45
	lsls	r6, r7
	.loc	2 1480 85 is_stmt 0             @ ../Drivers/STM32H7xx_HAL_Driver/Src/stm32h7xx_hal_dma.c:1480:85
	tst	r6, r2
	it	ne
	andsne	r4, r3, #2
	bne	.LBB9_57
.Ltmp1158:
@ %bb.45:
	@DEBUG_VALUE: HAL_DMA_IRQHandler:ccr_reg <- $r3
	@DEBUG_VALUE: HAL_DMA_IRQHandler:tmpisr_bdma <- $r2
	@DEBUG_VALUE: HAL_DMA_IRQHandler:regs_dma <- $r5
	@DEBUG_VALUE: HAL_DMA_IRQHandler:regs_bdma <- $r5
	@DEBUG_VALUE: HAL_DMA_IRQHandler:count <- [DW_OP_plus_uconst 4, DW_OP_deref] $sp
	@DEBUG_VALUE: HAL_DMA_IRQHandler:hdma <- $r0
	.loc	2 1529 85 is_stmt 1             @ ../Drivers/STM32H7xx_HAL_Driver/Src/stm32h7xx_hal_dma.c:1529:85
	lsrs	r2, r7
.Ltmp1159:
	lsls	r2, r2, #28
	bpl.w	.LBB9_212
.Ltmp1160:
@ %bb.46:
	@DEBUG_VALUE: HAL_DMA_IRQHandler:ccr_reg <- $r3
	@DEBUG_VALUE: HAL_DMA_IRQHandler:regs_dma <- $r5
	@DEBUG_VALUE: HAL_DMA_IRQHandler:regs_bdma <- $r5
	@DEBUG_VALUE: HAL_DMA_IRQHandler:count <- [DW_OP_plus_uconst 4, DW_OP_deref] $sp
	@DEBUG_VALUE: HAL_DMA_IRQHandler:hdma <- $r0
	.loc	2 0 85 is_stmt 0                @ ../Drivers/STM32H7xx_HAL_Driver/Src/stm32h7xx_hal_dma.c:0:85
	ands	r2, r3, #8
	beq.w	.LBB9_212
.Ltmp1161:
@ %bb.47:
	@DEBUG_VALUE: HAL_DMA_IRQHandler:ccr_reg <- $r3
	@DEBUG_VALUE: HAL_DMA_IRQHandler:regs_dma <- $r5
	@DEBUG_VALUE: HAL_DMA_IRQHandler:regs_bdma <- $r5
	@DEBUG_VALUE: HAL_DMA_IRQHandler:count <- [DW_OP_plus_uconst 4, DW_OP_deref] $sp
	@DEBUG_VALUE: HAL_DMA_IRQHandler:hdma <- $r0
	.loc	2 1534 7 is_stmt 1              @ ../Drivers/STM32H7xx_HAL_Driver/Src/stm32h7xx_hal_dma.c:1534:7
	ldr	r2, [r1]
	bic	r2, r2, #14
	str	r2, [r1]
	movs	r1, #1
	.loc	2 1537 41                       @ ../Drivers/STM32H7xx_HAL_Driver/Src/stm32h7xx_hal_dma.c:1537:41
	lsl.w	r2, r1, r7
	.loc	2 1537 23 is_stmt 0             @ ../Drivers/STM32H7xx_HAL_Driver/Src/stm32h7xx_hal_dma.c:1537:23
	str	r2, [r5, #4]
	.loc	2 1540 23 is_stmt 1             @ ../Drivers/STM32H7xx_HAL_Driver/Src/stm32h7xx_hal_dma.c:1540:23
	str	r1, [r0, #84]
	.loc	2 1543 19                       @ ../Drivers/STM32H7xx_HAL_Driver/Src/stm32h7xx_hal_dma.c:1543:19
	strb.w	r1, [r0, #53]
.Ltmp1162:
	.loc	2 1548 17                       @ ../Drivers/STM32H7xx_HAL_Driver/Src/stm32h7xx_hal_dma.c:1548:17
	ldr	r1, [r0, #76]
.Ltmp1163:
	.loc	2 0 0 is_stmt 0                 @ ../Drivers/STM32H7xx_HAL_Driver/Src/stm32h7xx_hal_dma.c:0:0
	cmp	r1, #0
	mov.w	r2, #0
	strb.w	r2, [r0, #52]
	bne.w	.LBB9_211
	b	.LBB9_212
.Ltmp1164:
	.p2align	2
.LBB9_48:
	@DEBUG_VALUE: HAL_DMA_IRQHandler:ccr_reg <- $r3
	@DEBUG_VALUE: HAL_DMA_IRQHandler:tmpisr_bdma <- $r2
	@DEBUG_VALUE: HAL_DMA_IRQHandler:regs_dma <- $r5
	@DEBUG_VALUE: HAL_DMA_IRQHandler:regs_bdma <- $r5
	@DEBUG_VALUE: HAL_DMA_IRQHandler:count <- [DW_OP_plus_uconst 4, DW_OP_deref] $sp
	@DEBUG_VALUE: HAL_DMA_IRQHandler:hdma <- $r0
	.loc	2 1439 10 is_stmt 1             @ ../Drivers/STM32H7xx_HAL_Driver/Src/stm32h7xx_hal_dma.c:1439:10
	lsls	r2, r3, #16
.Ltmp1165:
	.loc	2 1436 23                       @ ../Drivers/STM32H7xx_HAL_Driver/Src/stm32h7xx_hal_dma.c:1436:23
	str	r6, [r5, #4]
	.loc	2 1439 10                       @ ../Drivers/STM32H7xx_HAL_Driver/Src/stm32h7xx_hal_dma.c:1439:10
	bmi	.LBB9_60
.Ltmp1166:
@ %bb.49:
	@DEBUG_VALUE: HAL_DMA_IRQHandler:ccr_reg <- $r3
	@DEBUG_VALUE: HAL_DMA_IRQHandler:regs_dma <- $r5
	@DEBUG_VALUE: HAL_DMA_IRQHandler:regs_bdma <- $r5
	@DEBUG_VALUE: HAL_DMA_IRQHandler:count <- [DW_OP_plus_uconst 4, DW_OP_deref] $sp
	@DEBUG_VALUE: HAL_DMA_IRQHandler:hdma <- $r0
	.loc	2 1462 12                       @ ../Drivers/STM32H7xx_HAL_Driver/Src/stm32h7xx_hal_dma.c:1462:12
	lsls	r2, r3, #26
	bmi	.LBB9_61
.Ltmp1167:
@ %bb.50:
	@DEBUG_VALUE: HAL_DMA_IRQHandler:ccr_reg <- $r3
	@DEBUG_VALUE: HAL_DMA_IRQHandler:regs_dma <- $r5
	@DEBUG_VALUE: HAL_DMA_IRQHandler:regs_bdma <- $r5
	@DEBUG_VALUE: HAL_DMA_IRQHandler:count <- [DW_OP_plus_uconst 4, DW_OP_deref] $sp
	@DEBUG_VALUE: HAL_DMA_IRQHandler:hdma <- $r0
	.loc	2 1465 11                       @ ../Drivers/STM32H7xx_HAL_Driver/Src/stm32h7xx_hal_dma.c:1465:11
	ldr	r2, [r1]
	bic	r2, r2, #4
	str	r2, [r1]
	b	.LBB9_61
.Ltmp1168:
	.loc	2 0 11 is_stmt 0                @ :0:11
.Ltmp1169:
	.p2align	2
.LBB9_51:
	@DEBUG_VALUE: HAL_DMA_IRQHandler:tmpisr_dma <- $r6
	@DEBUG_VALUE: HAL_DMA_IRQHandler:regs_dma <- $r5
	@DEBUG_VALUE: HAL_DMA_IRQHandler:regs_bdma <- $r5
	@DEBUG_VALUE: HAL_DMA_IRQHandler:count <- [DW_OP_plus_uconst 4, DW_OP_deref] $sp
	@DEBUG_VALUE: HAL_DMA_IRQHandler:hdma <- $r0
	movs	r7, #159
	movt	r7, #16386
.Ltmp1170:
	.loc	2 1224 10 is_stmt 1             @ ../Drivers/STM32H7xx_HAL_Driver/Src/stm32h7xx_hal_dma.c:1224:10
	cmp	r1, r7
	bgt	.LBB9_66
.Ltmp1171:
@ %bb.52:
	@DEBUG_VALUE: HAL_DMA_IRQHandler:tmpisr_dma <- $r6
	@DEBUG_VALUE: HAL_DMA_IRQHandler:regs_dma <- $r5
	@DEBUG_VALUE: HAL_DMA_IRQHandler:regs_bdma <- $r5
	@DEBUG_VALUE: HAL_DMA_IRQHandler:count <- [DW_OP_plus_uconst 4, DW_OP_deref] $sp
	@DEBUG_VALUE: HAL_DMA_IRQHandler:hdma <- $r0
	.loc	2 0 10 is_stmt 0                @ ../Drivers/STM32H7xx_HAL_Driver/Src/stm32h7xx_hal_dma.c:0:10
	movs	r7, #112
	movt	r7, #16386
	.loc	2 1224 10                       @ ../Drivers/STM32H7xx_HAL_Driver/Src/stm32h7xx_hal_dma.c:1224:10
	cmp	r1, r7
	beq	.LBB9_71
.Ltmp1172:
@ %bb.53:
	@DEBUG_VALUE: HAL_DMA_IRQHandler:tmpisr_dma <- $r6
	@DEBUG_VALUE: HAL_DMA_IRQHandler:regs_dma <- $r5
	@DEBUG_VALUE: HAL_DMA_IRQHandler:regs_bdma <- $r5
	@DEBUG_VALUE: HAL_DMA_IRQHandler:count <- [DW_OP_plus_uconst 4, DW_OP_deref] $sp
	@DEBUG_VALUE: HAL_DMA_IRQHandler:hdma <- $r0
	.loc	2 0 10                          @ ../Drivers/STM32H7xx_HAL_Driver/Src/stm32h7xx_hal_dma.c:0:10
	movs	r7, #136
	b	.LBB9_70
.Ltmp1173:
	.p2align	2
.LBB9_54:
	@DEBUG_VALUE: HAL_DMA_IRQHandler:tmpisr_dma <- $r6
	@DEBUG_VALUE: HAL_DMA_IRQHandler:regs_dma <- $r5
	@DEBUG_VALUE: HAL_DMA_IRQHandler:regs_bdma <- $r5
	@DEBUG_VALUE: HAL_DMA_IRQHandler:count <- [DW_OP_plus_uconst 4, DW_OP_deref] $sp
	@DEBUG_VALUE: HAL_DMA_IRQHandler:hdma <- $r0
	movw	r7, #1183
	movt	r7, #16386
	.loc	2 1224 10                       @ ../Drivers/STM32H7xx_HAL_Driver/Src/stm32h7xx_hal_dma.c:1224:10
	cmp	r1, r7
	bgt	.LBB9_68
.Ltmp1174:
@ %bb.55:
	@DEBUG_VALUE: HAL_DMA_IRQHandler:tmpisr_dma <- $r6
	@DEBUG_VALUE: HAL_DMA_IRQHandler:regs_dma <- $r5
	@DEBUG_VALUE: HAL_DMA_IRQHandler:regs_bdma <- $r5
	@DEBUG_VALUE: HAL_DMA_IRQHandler:count <- [DW_OP_plus_uconst 4, DW_OP_deref] $sp
	@DEBUG_VALUE: HAL_DMA_IRQHandler:hdma <- $r0
	.loc	2 0 10                          @ ../Drivers/STM32H7xx_HAL_Driver/Src/stm32h7xx_hal_dma.c:0:10
	movw	r7, #1136
	movt	r7, #16386
	.loc	2 1224 10                       @ ../Drivers/STM32H7xx_HAL_Driver/Src/stm32h7xx_hal_dma.c:1224:10
	cmp	r1, r7
	beq	.LBB9_71
.Ltmp1175:
@ %bb.56:
	@DEBUG_VALUE: HAL_DMA_IRQHandler:tmpisr_dma <- $r6
	@DEBUG_VALUE: HAL_DMA_IRQHandler:regs_dma <- $r5
	@DEBUG_VALUE: HAL_DMA_IRQHandler:regs_bdma <- $r5
	@DEBUG_VALUE: HAL_DMA_IRQHandler:count <- [DW_OP_plus_uconst 4, DW_OP_deref] $sp
	@DEBUG_VALUE: HAL_DMA_IRQHandler:hdma <- $r0
	.loc	2 0 10                          @ ../Drivers/STM32H7xx_HAL_Driver/Src/stm32h7xx_hal_dma.c:0:10
	movw	r7, #1160
	b	.LBB9_70
.Ltmp1176:
	.p2align	2
.LBB9_57:
	@DEBUG_VALUE: HAL_DMA_IRQHandler:ccr_reg <- $r3
	@DEBUG_VALUE: HAL_DMA_IRQHandler:tmpisr_bdma <- $r2
	@DEBUG_VALUE: HAL_DMA_IRQHandler:regs_dma <- $r5
	@DEBUG_VALUE: HAL_DMA_IRQHandler:regs_bdma <- $r5
	@DEBUG_VALUE: HAL_DMA_IRQHandler:count <- [DW_OP_plus_uconst 4, DW_OP_deref] $sp
	@DEBUG_VALUE: HAL_DMA_IRQHandler:hdma <- $r0
	.loc	2 1486 10 is_stmt 1             @ ../Drivers/STM32H7xx_HAL_Driver/Src/stm32h7xx_hal_dma.c:1486:10
	lsls	r2, r3, #16
.Ltmp1177:
	.loc	2 1483 23                       @ ../Drivers/STM32H7xx_HAL_Driver/Src/stm32h7xx_hal_dma.c:1483:23
	str	r6, [r5, #4]
	.loc	2 1486 10                       @ ../Drivers/STM32H7xx_HAL_Driver/Src/stm32h7xx_hal_dma.c:1486:10
	bmi.w	.LBB9_213
.Ltmp1178:
@ %bb.58:
	@DEBUG_VALUE: HAL_DMA_IRQHandler:ccr_reg <- $r3
	@DEBUG_VALUE: HAL_DMA_IRQHandler:regs_dma <- $r5
	@DEBUG_VALUE: HAL_DMA_IRQHandler:regs_bdma <- $r5
	@DEBUG_VALUE: HAL_DMA_IRQHandler:count <- [DW_OP_plus_uconst 4, DW_OP_deref] $sp
	@DEBUG_VALUE: HAL_DMA_IRQHandler:hdma <- $r0
	.loc	2 1509 12                       @ ../Drivers/STM32H7xx_HAL_Driver/Src/stm32h7xx_hal_dma.c:1509:12
	lsls	r2, r3, #26
	bmi.w	.LBB9_215
.Ltmp1179:
@ %bb.59:
	@DEBUG_VALUE: HAL_DMA_IRQHandler:ccr_reg <- $r3
	@DEBUG_VALUE: HAL_DMA_IRQHandler:regs_dma <- $r5
	@DEBUG_VALUE: HAL_DMA_IRQHandler:regs_bdma <- $r5
	@DEBUG_VALUE: HAL_DMA_IRQHandler:count <- [DW_OP_plus_uconst 4, DW_OP_deref] $sp
	@DEBUG_VALUE: HAL_DMA_IRQHandler:hdma <- $r0
	.loc	2 1512 11                       @ ../Drivers/STM32H7xx_HAL_Driver/Src/stm32h7xx_hal_dma.c:1512:11
	ldr	r2, [r1]
	bic	r2, r2, #10
	str	r2, [r1]
	movs	r1, #1
	.loc	2 1515 23                       @ ../Drivers/STM32H7xx_HAL_Driver/Src/stm32h7xx_hal_dma.c:1515:23
	strb.w	r1, [r0, #53]
	movs	r1, #0
.Ltmp1180:
	.loc	2 1518 11                       @ ../Drivers/STM32H7xx_HAL_Driver/Src/stm32h7xx_hal_dma.c:1518:11
	strb.w	r1, [r0, #52]
	b	.LBB9_215
.Ltmp1181:
	.loc	2 0 11 is_stmt 0                @ :0:11
.Ltmp1182:
	.p2align	2
.LBB9_60:
	@DEBUG_VALUE: HAL_DMA_IRQHandler:ccr_reg <- $r3
	@DEBUG_VALUE: HAL_DMA_IRQHandler:regs_dma <- $r5
	@DEBUG_VALUE: HAL_DMA_IRQHandler:regs_bdma <- $r5
	@DEBUG_VALUE: HAL_DMA_IRQHandler:count <- [DW_OP_plus_uconst 4, DW_OP_deref] $sp
	@DEBUG_VALUE: HAL_DMA_IRQHandler:hdma <- $r0
	.loc	2 1442 12 is_stmt 1             @ ../Drivers/STM32H7xx_HAL_Driver/Src/stm32h7xx_hal_dma.c:1442:12
	lsls	r1, r3, #15
	bmi.w	.LBB9_216
.Ltmp1183:
.LBB9_61:
	@DEBUG_VALUE: HAL_DMA_IRQHandler:ccr_reg <- $r3
	@DEBUG_VALUE: HAL_DMA_IRQHandler:regs_dma <- $r5
	@DEBUG_VALUE: HAL_DMA_IRQHandler:regs_bdma <- $r5
	@DEBUG_VALUE: HAL_DMA_IRQHandler:count <- [DW_OP_plus_uconst 4, DW_OP_deref] $sp
	@DEBUG_VALUE: HAL_DMA_IRQHandler:hdma <- $r0
	.loc	2 0 0 is_stmt 0                 @ ../Drivers/STM32H7xx_HAL_Driver/Src/stm32h7xx_hal_dma.c:0:0
	ldr	r1, [r0, #64]
	b	.LBB9_210
.Ltmp1184:
	.p2align	2
.LBB9_62:
	@DEBUG_VALUE: HAL_DMA_IRQHandler:tmpisr_dma <- $r6
	@DEBUG_VALUE: HAL_DMA_IRQHandler:regs_dma <- $r5
	@DEBUG_VALUE: HAL_DMA_IRQHandler:regs_bdma <- $r5
	@DEBUG_VALUE: HAL_DMA_IRQHandler:count <- [DW_OP_plus_uconst 4, DW_OP_deref] $sp
	@DEBUG_VALUE: HAL_DMA_IRQHandler:hdma <- $r0
	movs	r7, #64
	movt	r7, #16386
.Ltmp1185:
	.loc	2 1224 10 is_stmt 1             @ ../Drivers/STM32H7xx_HAL_Driver/Src/stm32h7xx_hal_dma.c:1224:10
	cmp	r1, r7
	beq	.LBB9_71
.Ltmp1186:
@ %bb.63:
	@DEBUG_VALUE: HAL_DMA_IRQHandler:tmpisr_dma <- $r6
	@DEBUG_VALUE: HAL_DMA_IRQHandler:regs_dma <- $r5
	@DEBUG_VALUE: HAL_DMA_IRQHandler:regs_bdma <- $r5
	@DEBUG_VALUE: HAL_DMA_IRQHandler:count <- [DW_OP_plus_uconst 4, DW_OP_deref] $sp
	@DEBUG_VALUE: HAL_DMA_IRQHandler:hdma <- $r0
	.loc	2 0 10 is_stmt 0                @ ../Drivers/STM32H7xx_HAL_Driver/Src/stm32h7xx_hal_dma.c:0:10
	movs	r7, #88
	b	.LBB9_70
.Ltmp1187:
	.p2align	2
.LBB9_64:
	@DEBUG_VALUE: HAL_DMA_IRQHandler:tmpisr_dma <- $r6
	@DEBUG_VALUE: HAL_DMA_IRQHandler:regs_dma <- $r5
	@DEBUG_VALUE: HAL_DMA_IRQHandler:regs_bdma <- $r5
	@DEBUG_VALUE: HAL_DMA_IRQHandler:count <- [DW_OP_plus_uconst 4, DW_OP_deref] $sp
	@DEBUG_VALUE: HAL_DMA_IRQHandler:hdma <- $r0
	movw	r7, #1088
	movt	r7, #16386
	.loc	2 1224 10                       @ ../Drivers/STM32H7xx_HAL_Driver/Src/stm32h7xx_hal_dma.c:1224:10
	cmp	r1, r7
	beq	.LBB9_71
.Ltmp1188:
@ %bb.65:
	@DEBUG_VALUE: HAL_DMA_IRQHandler:tmpisr_dma <- $r6
	@DEBUG_VALUE: HAL_DMA_IRQHandler:regs_dma <- $r5
	@DEBUG_VALUE: HAL_DMA_IRQHandler:regs_bdma <- $r5
	@DEBUG_VALUE: HAL_DMA_IRQHandler:count <- [DW_OP_plus_uconst 4, DW_OP_deref] $sp
	@DEBUG_VALUE: HAL_DMA_IRQHandler:hdma <- $r0
	.loc	2 0 10                          @ ../Drivers/STM32H7xx_HAL_Driver/Src/stm32h7xx_hal_dma.c:0:10
	movw	r7, #1112
	b	.LBB9_70
.Ltmp1189:
	.p2align	2
.LBB9_66:
	@DEBUG_VALUE: HAL_DMA_IRQHandler:tmpisr_dma <- $r6
	@DEBUG_VALUE: HAL_DMA_IRQHandler:regs_dma <- $r5
	@DEBUG_VALUE: HAL_DMA_IRQHandler:regs_bdma <- $r5
	@DEBUG_VALUE: HAL_DMA_IRQHandler:count <- [DW_OP_plus_uconst 4, DW_OP_deref] $sp
	@DEBUG_VALUE: HAL_DMA_IRQHandler:hdma <- $r0
	movs	r7, #160
	movt	r7, #16386
	.loc	2 1224 10                       @ ../Drivers/STM32H7xx_HAL_Driver/Src/stm32h7xx_hal_dma.c:1224:10
	cmp	r1, r7
	beq	.LBB9_71
.Ltmp1190:
@ %bb.67:
	@DEBUG_VALUE: HAL_DMA_IRQHandler:tmpisr_dma <- $r6
	@DEBUG_VALUE: HAL_DMA_IRQHandler:regs_dma <- $r5
	@DEBUG_VALUE: HAL_DMA_IRQHandler:regs_bdma <- $r5
	@DEBUG_VALUE: HAL_DMA_IRQHandler:count <- [DW_OP_plus_uconst 4, DW_OP_deref] $sp
	@DEBUG_VALUE: HAL_DMA_IRQHandler:hdma <- $r0
	.loc	2 0 10                          @ ../Drivers/STM32H7xx_HAL_Driver/Src/stm32h7xx_hal_dma.c:0:10
	movs	r7, #184
	b	.LBB9_70
.Ltmp1191:
	.p2align	2
.LBB9_68:
	@DEBUG_VALUE: HAL_DMA_IRQHandler:tmpisr_dma <- $r6
	@DEBUG_VALUE: HAL_DMA_IRQHandler:regs_dma <- $r5
	@DEBUG_VALUE: HAL_DMA_IRQHandler:regs_bdma <- $r5
	@DEBUG_VALUE: HAL_DMA_IRQHandler:count <- [DW_OP_plus_uconst 4, DW_OP_deref] $sp
	@DEBUG_VALUE: HAL_DMA_IRQHandler:hdma <- $r0
	movw	r7, #1184
	movt	r7, #16386
	.loc	2 1224 10                       @ ../Drivers/STM32H7xx_HAL_Driver/Src/stm32h7xx_hal_dma.c:1224:10
	cmp	r1, r7
	beq	.LBB9_71
.Ltmp1192:
@ %bb.69:
	@DEBUG_VALUE: HAL_DMA_IRQHandler:tmpisr_dma <- $r6
	@DEBUG_VALUE: HAL_DMA_IRQHandler:regs_dma <- $r5
	@DEBUG_VALUE: HAL_DMA_IRQHandler:regs_bdma <- $r5
	@DEBUG_VALUE: HAL_DMA_IRQHandler:count <- [DW_OP_plus_uconst 4, DW_OP_deref] $sp
	@DEBUG_VALUE: HAL_DMA_IRQHandler:hdma <- $r0
	.loc	2 0 10                          @ ../Drivers/STM32H7xx_HAL_Driver/Src/stm32h7xx_hal_dma.c:0:10
	movw	r7, #1208
.Ltmp1193:
.LBB9_70:
	@DEBUG_VALUE: HAL_DMA_IRQHandler:tmpisr_dma <- $r6
	@DEBUG_VALUE: HAL_DMA_IRQHandler:regs_dma <- $r5
	@DEBUG_VALUE: HAL_DMA_IRQHandler:regs_bdma <- $r5
	@DEBUG_VALUE: HAL_DMA_IRQHandler:count <- [DW_OP_plus_uconst 4, DW_OP_deref] $sp
	@DEBUG_VALUE: HAL_DMA_IRQHandler:hdma <- $r0
	movt	r7, #16386
	.loc	2 1224 10                       @ ../Drivers/STM32H7xx_HAL_Driver/Src/stm32h7xx_hal_dma.c:1224:10
	cmp	r1, r7
	it	ne
	movne	r4, #8
.Ltmp1194:
.LBB9_71:
	@DEBUG_VALUE: HAL_DMA_IRQHandler:tmpisr_dma <- $r6
	@DEBUG_VALUE: HAL_DMA_IRQHandler:regs_dma <- $r5
	@DEBUG_VALUE: HAL_DMA_IRQHandler:regs_bdma <- $r5
	@DEBUG_VALUE: HAL_DMA_IRQHandler:count <- [DW_OP_plus_uconst 4, DW_OP_deref] $sp
	@DEBUG_VALUE: HAL_DMA_IRQHandler:hdma <- $r0
	ldr	r7, [r1]
.Ltmp1195:
	.loc	2 1224 10                       @ ../Drivers/STM32H7xx_HAL_Driver/Src/stm32h7xx_hal_dma.c:1224:10
	tst	r7, r4
	beq	.LBB9_73
.Ltmp1196:
@ %bb.72:
	@DEBUG_VALUE: HAL_DMA_IRQHandler:tmpisr_dma <- $r6
	@DEBUG_VALUE: HAL_DMA_IRQHandler:regs_dma <- $r5
	@DEBUG_VALUE: HAL_DMA_IRQHandler:regs_bdma <- $r5
	@DEBUG_VALUE: HAL_DMA_IRQHandler:count <- [DW_OP_plus_uconst 4, DW_OP_deref] $sp
	@DEBUG_VALUE: HAL_DMA_IRQHandler:hdma <- $r0
	.loc	2 1227 55 is_stmt 1             @ ../Drivers/STM32H7xx_HAL_Driver/Src/stm32h7xx_hal_dma.c:1227:55
	ldr	r7, [r1]
	bic	r7, r7, #4
	str	r7, [r1]
	.loc	2 1230 24                       @ ../Drivers/STM32H7xx_HAL_Driver/Src/stm32h7xx_hal_dma.c:1230:24
	str	r3, [r5, #8]
	.loc	2 1233 25                       @ ../Drivers/STM32H7xx_HAL_Driver/Src/stm32h7xx_hal_dma.c:1233:25
	ldr	r3, [r0, #84]
	orr	r3, r3, #1
	str	r3, [r0, #84]
.Ltmp1197:
.LBB9_73:
	@DEBUG_VALUE: HAL_DMA_IRQHandler:tmpisr_dma <- $r6
	@DEBUG_VALUE: HAL_DMA_IRQHandler:regs_dma <- $r5
	@DEBUG_VALUE: HAL_DMA_IRQHandler:regs_bdma <- $r5
	@DEBUG_VALUE: HAL_DMA_IRQHandler:count <- [DW_OP_plus_uconst 4, DW_OP_deref] $sp
	@DEBUG_VALUE: HAL_DMA_IRQHandler:hdma <- $r0
	@DEBUG_VALUE: HAL_DMA_IRQHandler:timeout <- undef
	.loc	2 0 25 is_stmt 0                @ ../Drivers/STM32H7xx_HAL_Driver/Src/stm32h7xx_hal_dma.c:0:25
	movs	r3, #1
.Ltmp1198:
	.loc	2 1237 41 is_stmt 1             @ ../Drivers/STM32H7xx_HAL_Driver/Src/stm32h7xx_hal_dma.c:1237:41
	lsls	r3, r2
.Ltmp1199:
	.loc	2 1237 9 is_stmt 0              @ ../Drivers/STM32H7xx_HAL_Driver/Src/stm32h7xx_hal_dma.c:1237:9
	tst	r3, r6
	beq	.LBB9_100
.Ltmp1200:
@ %bb.74:
	@DEBUG_VALUE: HAL_DMA_IRQHandler:tmpisr_dma <- $r6
	@DEBUG_VALUE: HAL_DMA_IRQHandler:regs_dma <- $r5
	@DEBUG_VALUE: HAL_DMA_IRQHandler:regs_bdma <- $r5
	@DEBUG_VALUE: HAL_DMA_IRQHandler:count <- [DW_OP_plus_uconst 4, DW_OP_deref] $sp
	@DEBUG_VALUE: HAL_DMA_IRQHandler:hdma <- $r0
	.loc	2 1239 10 is_stmt 1             @ ../Drivers/STM32H7xx_HAL_Driver/Src/stm32h7xx_hal_dma.c:1239:10
	cmp	r1, r10
	bgt	.LBB9_79
.Ltmp1201:
@ %bb.75:
	@DEBUG_VALUE: HAL_DMA_IRQHandler:tmpisr_dma <- $r6
	@DEBUG_VALUE: HAL_DMA_IRQHandler:regs_dma <- $r5
	@DEBUG_VALUE: HAL_DMA_IRQHandler:regs_bdma <- $r5
	@DEBUG_VALUE: HAL_DMA_IRQHandler:count <- [DW_OP_plus_uconst 4, DW_OP_deref] $sp
	@DEBUG_VALUE: HAL_DMA_IRQHandler:hdma <- $r0
	.loc	2 0 10 is_stmt 0                @ ../Drivers/STM32H7xx_HAL_Driver/Src/stm32h7xx_hal_dma.c:0:10
	movs	r7, #111
	movt	r7, #16386
	.loc	2 1239 10                       @ ../Drivers/STM32H7xx_HAL_Driver/Src/stm32h7xx_hal_dma.c:1239:10
	cmp	r1, r7
	bgt	.LBB9_83
.Ltmp1202:
@ %bb.76:
	@DEBUG_VALUE: HAL_DMA_IRQHandler:tmpisr_dma <- $r6
	@DEBUG_VALUE: HAL_DMA_IRQHandler:regs_dma <- $r5
	@DEBUG_VALUE: HAL_DMA_IRQHandler:regs_bdma <- $r5
	@DEBUG_VALUE: HAL_DMA_IRQHandler:count <- [DW_OP_plus_uconst 4, DW_OP_deref] $sp
	@DEBUG_VALUE: HAL_DMA_IRQHandler:hdma <- $r0
	.loc	2 0 10                          @ ../Drivers/STM32H7xx_HAL_Driver/Src/stm32h7xx_hal_dma.c:0:10
	movs	r7, #63
	movt	r7, #16386
	.loc	2 1239 10                       @ ../Drivers/STM32H7xx_HAL_Driver/Src/stm32h7xx_hal_dma.c:1239:10
	cmp	r1, r7
	bgt	.LBB9_89
.Ltmp1203:
@ %bb.77:
	@DEBUG_VALUE: HAL_DMA_IRQHandler:tmpisr_dma <- $r6
	@DEBUG_VALUE: HAL_DMA_IRQHandler:regs_dma <- $r5
	@DEBUG_VALUE: HAL_DMA_IRQHandler:regs_bdma <- $r5
	@DEBUG_VALUE: HAL_DMA_IRQHandler:count <- [DW_OP_plus_uconst 4, DW_OP_deref] $sp
	@DEBUG_VALUE: HAL_DMA_IRQHandler:hdma <- $r0
	.loc	2 0 10                          @ ../Drivers/STM32H7xx_HAL_Driver/Src/stm32h7xx_hal_dma.c:0:10
	movs	r7, #16
	movt	r7, #16386
	.loc	2 1239 10                       @ ../Drivers/STM32H7xx_HAL_Driver/Src/stm32h7xx_hal_dma.c:1239:10
	cmp	r1, r7
	beq	.LBB9_98
.Ltmp1204:
@ %bb.78:
	@DEBUG_VALUE: HAL_DMA_IRQHandler:tmpisr_dma <- $r6
	@DEBUG_VALUE: HAL_DMA_IRQHandler:regs_dma <- $r5
	@DEBUG_VALUE: HAL_DMA_IRQHandler:regs_bdma <- $r5
	@DEBUG_VALUE: HAL_DMA_IRQHandler:count <- [DW_OP_plus_uconst 4, DW_OP_deref] $sp
	@DEBUG_VALUE: HAL_DMA_IRQHandler:hdma <- $r0
	.loc	2 0 10                          @ ../Drivers/STM32H7xx_HAL_Driver/Src/stm32h7xx_hal_dma.c:0:10
	movs	r7, #40
	b	.LBB9_97
.Ltmp1205:
	.p2align	2
.LBB9_79:
	@DEBUG_VALUE: HAL_DMA_IRQHandler:tmpisr_dma <- $r6
	@DEBUG_VALUE: HAL_DMA_IRQHandler:regs_dma <- $r5
	@DEBUG_VALUE: HAL_DMA_IRQHandler:regs_bdma <- $r5
	@DEBUG_VALUE: HAL_DMA_IRQHandler:count <- [DW_OP_plus_uconst 4, DW_OP_deref] $sp
	@DEBUG_VALUE: HAL_DMA_IRQHandler:hdma <- $r0
	.loc	2 1239 10                       @ ../Drivers/STM32H7xx_HAL_Driver/Src/stm32h7xx_hal_dma.c:1239:10
	cmp	r1, r9
	bgt	.LBB9_86
.Ltmp1206:
@ %bb.80:
	@DEBUG_VALUE: HAL_DMA_IRQHandler:tmpisr_dma <- $r6
	@DEBUG_VALUE: HAL_DMA_IRQHandler:regs_dma <- $r5
	@DEBUG_VALUE: HAL_DMA_IRQHandler:regs_bdma <- $r5
	@DEBUG_VALUE: HAL_DMA_IRQHandler:count <- [DW_OP_plus_uconst 4, DW_OP_deref] $sp
	@DEBUG_VALUE: HAL_DMA_IRQHandler:hdma <- $r0
	.loc	2 0 10                          @ ../Drivers/STM32H7xx_HAL_Driver/Src/stm32h7xx_hal_dma.c:0:10
	movw	r7, #1087
	movt	r7, #16386
	.loc	2 1239 10                       @ ../Drivers/STM32H7xx_HAL_Driver/Src/stm32h7xx_hal_dma.c:1239:10
	cmp	r1, r7
	bgt	.LBB9_91
.Ltmp1207:
@ %bb.81:
	@DEBUG_VALUE: HAL_DMA_IRQHandler:tmpisr_dma <- $r6
	@DEBUG_VALUE: HAL_DMA_IRQHandler:regs_dma <- $r5
	@DEBUG_VALUE: HAL_DMA_IRQHandler:regs_bdma <- $r5
	@DEBUG_VALUE: HAL_DMA_IRQHandler:count <- [DW_OP_plus_uconst 4, DW_OP_deref] $sp
	@DEBUG_VALUE: HAL_DMA_IRQHandler:hdma <- $r0
	.loc	2 0 10                          @ ../Drivers/STM32H7xx_HAL_Driver/Src/stm32h7xx_hal_dma.c:0:10
	movw	r7, #1040
	movt	r7, #16386
	.loc	2 1239 10                       @ ../Drivers/STM32H7xx_HAL_Driver/Src/stm32h7xx_hal_dma.c:1239:10
	cmp	r1, r7
	beq	.LBB9_98
.Ltmp1208:
@ %bb.82:
	@DEBUG_VALUE: HAL_DMA_IRQHandler:tmpisr_dma <- $r6
	@DEBUG_VALUE: HAL_DMA_IRQHandler:regs_dma <- $r5
	@DEBUG_VALUE: HAL_DMA_IRQHandler:regs_bdma <- $r5
	@DEBUG_VALUE: HAL_DMA_IRQHandler:count <- [DW_OP_plus_uconst 4, DW_OP_deref] $sp
	@DEBUG_VALUE: HAL_DMA_IRQHandler:hdma <- $r0
	.loc	2 0 10                          @ ../Drivers/STM32H7xx_HAL_Driver/Src/stm32h7xx_hal_dma.c:0:10
	movw	r7, #1064
	b	.LBB9_97
.Ltmp1209:
	.p2align	2
.LBB9_83:
	@DEBUG_VALUE: HAL_DMA_IRQHandler:tmpisr_dma <- $r6
	@DEBUG_VALUE: HAL_DMA_IRQHandler:regs_dma <- $r5
	@DEBUG_VALUE: HAL_DMA_IRQHandler:regs_bdma <- $r5
	@DEBUG_VALUE: HAL_DMA_IRQHandler:count <- [DW_OP_plus_uconst 4, DW_OP_deref] $sp
	@DEBUG_VALUE: HAL_DMA_IRQHandler:hdma <- $r0
	movs	r7, #159
	movt	r7, #16386
	.loc	2 1239 10                       @ ../Drivers/STM32H7xx_HAL_Driver/Src/stm32h7xx_hal_dma.c:1239:10
	cmp	r1, r7
	bgt	.LBB9_93
.Ltmp1210:
@ %bb.84:
	@DEBUG_VALUE: HAL_DMA_IRQHandler:tmpisr_dma <- $r6
	@DEBUG_VALUE: HAL_DMA_IRQHandler:regs_dma <- $r5
	@DEBUG_VALUE: HAL_DMA_IRQHandler:regs_bdma <- $r5
	@DEBUG_VALUE: HAL_DMA_IRQHandler:count <- [DW_OP_plus_uconst 4, DW_OP_deref] $sp
	@DEBUG_VALUE: HAL_DMA_IRQHandler:hdma <- $r0
	.loc	2 0 10                          @ ../Drivers/STM32H7xx_HAL_Driver/Src/stm32h7xx_hal_dma.c:0:10
	movs	r7, #112
	movt	r7, #16386
	.loc	2 1239 10                       @ ../Drivers/STM32H7xx_HAL_Driver/Src/stm32h7xx_hal_dma.c:1239:10
	cmp	r1, r7
	beq	.LBB9_98
.Ltmp1211:
@ %bb.85:
	@DEBUG_VALUE: HAL_DMA_IRQHandler:tmpisr_dma <- $r6
	@DEBUG_VALUE: HAL_DMA_IRQHandler:regs_dma <- $r5
	@DEBUG_VALUE: HAL_DMA_IRQHandler:regs_bdma <- $r5
	@DEBUG_VALUE: HAL_DMA_IRQHandler:count <- [DW_OP_plus_uconst 4, DW_OP_deref] $sp
	@DEBUG_VALUE: HAL_DMA_IRQHandler:hdma <- $r0
	.loc	2 0 10                          @ ../Drivers/STM32H7xx_HAL_Driver/Src/stm32h7xx_hal_dma.c:0:10
	movs	r7, #136
	b	.LBB9_97
.Ltmp1212:
	.p2align	2
.LBB9_86:
	@DEBUG_VALUE: HAL_DMA_IRQHandler:tmpisr_dma <- $r6
	@DEBUG_VALUE: HAL_DMA_IRQHandler:regs_dma <- $r5
	@DEBUG_VALUE: HAL_DMA_IRQHandler:regs_bdma <- $r5
	@DEBUG_VALUE: HAL_DMA_IRQHandler:count <- [DW_OP_plus_uconst 4, DW_OP_deref] $sp
	@DEBUG_VALUE: HAL_DMA_IRQHandler:hdma <- $r0
	movw	r7, #1183
	movt	r7, #16386
	.loc	2 1239 10                       @ ../Drivers/STM32H7xx_HAL_Driver/Src/stm32h7xx_hal_dma.c:1239:10
	cmp	r1, r7
	bgt	.LBB9_95
.Ltmp1213:
@ %bb.87:
	@DEBUG_VALUE: HAL_DMA_IRQHandler:tmpisr_dma <- $r6
	@DEBUG_VALUE: HAL_DMA_IRQHandler:regs_dma <- $r5
	@DEBUG_VALUE: HAL_DMA_IRQHandler:regs_bdma <- $r5
	@DEBUG_VALUE: HAL_DMA_IRQHandler:count <- [DW_OP_plus_uconst 4, DW_OP_deref] $sp
	@DEBUG_VALUE: HAL_DMA_IRQHandler:hdma <- $r0
	.loc	2 0 10                          @ ../Drivers/STM32H7xx_HAL_Driver/Src/stm32h7xx_hal_dma.c:0:10
	movw	r7, #1136
	movt	r7, #16386
	.loc	2 1239 10                       @ ../Drivers/STM32H7xx_HAL_Driver/Src/stm32h7xx_hal_dma.c:1239:10
	cmp	r1, r7
	beq	.LBB9_98
.Ltmp1214:
@ %bb.88:
	@DEBUG_VALUE: HAL_DMA_IRQHandler:tmpisr_dma <- $r6
	@DEBUG_VALUE: HAL_DMA_IRQHandler:regs_dma <- $r5
	@DEBUG_VALUE: HAL_DMA_IRQHandler:regs_bdma <- $r5
	@DEBUG_VALUE: HAL_DMA_IRQHandler:count <- [DW_OP_plus_uconst 4, DW_OP_deref] $sp
	@DEBUG_VALUE: HAL_DMA_IRQHandler:hdma <- $r0
	.loc	2 0 10                          @ ../Drivers/STM32H7xx_HAL_Driver/Src/stm32h7xx_hal_dma.c:0:10
	movw	r7, #1160
	b	.LBB9_97
.Ltmp1215:
	.p2align	2
.LBB9_89:
	@DEBUG_VALUE: HAL_DMA_IRQHandler:tmpisr_dma <- $r6
	@DEBUG_VALUE: HAL_DMA_IRQHandler:regs_dma <- $r5
	@DEBUG_VALUE: HAL_DMA_IRQHandler:regs_bdma <- $r5
	@DEBUG_VALUE: HAL_DMA_IRQHandler:count <- [DW_OP_plus_uconst 4, DW_OP_deref] $sp
	@DEBUG_VALUE: HAL_DMA_IRQHandler:hdma <- $r0
	movs	r7, #64
	movt	r7, #16386
	.loc	2 1239 10                       @ ../Drivers/STM32H7xx_HAL_Driver/Src/stm32h7xx_hal_dma.c:1239:10
	cmp	r1, r7
	beq	.LBB9_98
.Ltmp1216:
@ %bb.90:
	@DEBUG_VALUE: HAL_DMA_IRQHandler:tmpisr_dma <- $r6
	@DEBUG_VALUE: HAL_DMA_IRQHandler:regs_dma <- $r5
	@DEBUG_VALUE: HAL_DMA_IRQHandler:regs_bdma <- $r5
	@DEBUG_VALUE: HAL_DMA_IRQHandler:count <- [DW_OP_plus_uconst 4, DW_OP_deref] $sp
	@DEBUG_VALUE: HAL_DMA_IRQHandler:hdma <- $r0
	.loc	2 0 10                          @ ../Drivers/STM32H7xx_HAL_Driver/Src/stm32h7xx_hal_dma.c:0:10
	movs	r7, #88
	b	.LBB9_97
.Ltmp1217:
	.p2align	2
.LBB9_91:
	@DEBUG_VALUE: HAL_DMA_IRQHandler:tmpisr_dma <- $r6
	@DEBUG_VALUE: HAL_DMA_IRQHandler:regs_dma <- $r5
	@DEBUG_VALUE: HAL_DMA_IRQHandler:regs_bdma <- $r5
	@DEBUG_VALUE: HAL_DMA_IRQHandler:count <- [DW_OP_plus_uconst 4, DW_OP_deref] $sp
	@DEBUG_VALUE: HAL_DMA_IRQHandler:hdma <- $r0
	movw	r7, #1088
	movt	r7, #16386
	.loc	2 1239 10                       @ ../Drivers/STM32H7xx_HAL_Driver/Src/stm32h7xx_hal_dma.c:1239:10
	cmp	r1, r7
	beq	.LBB9_98
.Ltmp1218:
@ %bb.92:
	@DEBUG_VALUE: HAL_DMA_IRQHandler:tmpisr_dma <- $r6
	@DEBUG_VALUE: HAL_DMA_IRQHandler:regs_dma <- $r5
	@DEBUG_VALUE: HAL_DMA_IRQHandler:regs_bdma <- $r5
	@DEBUG_VALUE: HAL_DMA_IRQHandler:count <- [DW_OP_plus_uconst 4, DW_OP_deref] $sp
	@DEBUG_VALUE: HAL_DMA_IRQHandler:hdma <- $r0
	.loc	2 0 10                          @ ../Drivers/STM32H7xx_HAL_Driver/Src/stm32h7xx_hal_dma.c:0:10
	movw	r7, #1112
	b	.LBB9_97
.Ltmp1219:
	.p2align	2
.LBB9_93:
	@DEBUG_VALUE: HAL_DMA_IRQHandler:tmpisr_dma <- $r6
	@DEBUG_VALUE: HAL_DMA_IRQHandler:regs_dma <- $r5
	@DEBUG_VALUE: HAL_DMA_IRQHandler:regs_bdma <- $r5
	@DEBUG_VALUE: HAL_DMA_IRQHandler:count <- [DW_OP_plus_uconst 4, DW_OP_deref] $sp
	@DEBUG_VALUE: HAL_DMA_IRQHandler:hdma <- $r0
	movs	r7, #160
	movt	r7, #16386
	.loc	2 1239 10                       @ ../Drivers/STM32H7xx_HAL_Driver/Src/stm32h7xx_hal_dma.c:1239:10
	cmp	r1, r7
	beq	.LBB9_98
.Ltmp1220:
@ %bb.94:
	@DEBUG_VALUE: HAL_DMA_IRQHandler:tmpisr_dma <- $r6
	@DEBUG_VALUE: HAL_DMA_IRQHandler:regs_dma <- $r5
	@DEBUG_VALUE: HAL_DMA_IRQHandler:regs_bdma <- $r5
	@DEBUG_VALUE: HAL_DMA_IRQHandler:count <- [DW_OP_plus_uconst 4, DW_OP_deref] $sp
	@DEBUG_VALUE: HAL_DMA_IRQHandler:hdma <- $r0
	.loc	2 0 10                          @ ../Drivers/STM32H7xx_HAL_Driver/Src/stm32h7xx_hal_dma.c:0:10
	movs	r7, #184
	b	.LBB9_97
.Ltmp1221:
	.p2align	2
.LBB9_95:
	@DEBUG_VALUE: HAL_DMA_IRQHandler:tmpisr_dma <- $r6
	@DEBUG_VALUE: HAL_DMA_IRQHandler:regs_dma <- $r5
	@DEBUG_VALUE: HAL_DMA_IRQHandler:regs_bdma <- $r5
	@DEBUG_VALUE: HAL_DMA_IRQHandler:count <- [DW_OP_plus_uconst 4, DW_OP_deref] $sp
	@DEBUG_VALUE: HAL_DMA_IRQHandler:hdma <- $r0
	movw	r7, #1184
	movt	r7, #16386
	.loc	2 1239 10                       @ ../Drivers/STM32H7xx_HAL_Driver/Src/stm32h7xx_hal_dma.c:1239:10
	cmp	r1, r7
	beq	.LBB9_98
.Ltmp1222:
@ %bb.96:
	@DEBUG_VALUE: HAL_DMA_IRQHandler:tmpisr_dma <- $r6
	@DEBUG_VALUE: HAL_DMA_IRQHandler:regs_dma <- $r5
	@DEBUG_VALUE: HAL_DMA_IRQHandler:regs_bdma <- $r5
	@DEBUG_VALUE: HAL_DMA_IRQHandler:count <- [DW_OP_plus_uconst 4, DW_OP_deref] $sp
	@DEBUG_VALUE: HAL_DMA_IRQHandler:hdma <- $r0
	.loc	2 0 10                          @ ../Drivers/STM32H7xx_HAL_Driver/Src/stm32h7xx_hal_dma.c:0:10
	movw	r7, #1208
.Ltmp1223:
.LBB9_97:
	@DEBUG_VALUE: HAL_DMA_IRQHandler:tmpisr_dma <- $r6
	@DEBUG_VALUE: HAL_DMA_IRQHandler:regs_dma <- $r5
	@DEBUG_VALUE: HAL_DMA_IRQHandler:regs_bdma <- $r5
	@DEBUG_VALUE: HAL_DMA_IRQHandler:count <- [DW_OP_plus_uconst 4, DW_OP_deref] $sp
	@DEBUG_VALUE: HAL_DMA_IRQHandler:hdma <- $r0
	movt	r7, #16386
	.loc	2 1239 10                       @ ../Drivers/STM32H7xx_HAL_Driver/Src/stm32h7xx_hal_dma.c:1239:10
	cmp	r1, r7
	bne.w	.LBB9_218
.Ltmp1224:
.LBB9_98:
	@DEBUG_VALUE: HAL_DMA_IRQHandler:tmpisr_dma <- $r6
	@DEBUG_VALUE: HAL_DMA_IRQHandler:regs_dma <- $r5
	@DEBUG_VALUE: HAL_DMA_IRQHandler:regs_bdma <- $r5
	@DEBUG_VALUE: HAL_DMA_IRQHandler:count <- [DW_OP_plus_uconst 4, DW_OP_deref] $sp
	@DEBUG_VALUE: HAL_DMA_IRQHandler:hdma <- $r0
	ldr	r7, [r1, #20]
.Ltmp1225:
	.loc	2 1239 10                       @ ../Drivers/STM32H7xx_HAL_Driver/Src/stm32h7xx_hal_dma.c:1239:10
	lsls	r7, r7, #24
	bpl	.LBB9_100
.Ltmp1226:
@ %bb.99:
	@DEBUG_VALUE: HAL_DMA_IRQHandler:tmpisr_dma <- $r6
	@DEBUG_VALUE: HAL_DMA_IRQHandler:regs_dma <- $r5
	@DEBUG_VALUE: HAL_DMA_IRQHandler:regs_bdma <- $r5
	@DEBUG_VALUE: HAL_DMA_IRQHandler:count <- [DW_OP_plus_uconst 4, DW_OP_deref] $sp
	@DEBUG_VALUE: HAL_DMA_IRQHandler:hdma <- $r0
	.loc	2 1242 24 is_stmt 1             @ ../Drivers/STM32H7xx_HAL_Driver/Src/stm32h7xx_hal_dma.c:1242:24
	str	r3, [r5, #8]
	.loc	2 1245 25                       @ ../Drivers/STM32H7xx_HAL_Driver/Src/stm32h7xx_hal_dma.c:1245:25
	ldr	r3, [r0, #84]
	orr	r3, r3, #2
	str	r3, [r0, #84]
.Ltmp1227:
.LBB9_100:
	@DEBUG_VALUE: HAL_DMA_IRQHandler:tmpisr_dma <- $r6
	@DEBUG_VALUE: HAL_DMA_IRQHandler:regs_dma <- $r5
	@DEBUG_VALUE: HAL_DMA_IRQHandler:regs_bdma <- $r5
	@DEBUG_VALUE: HAL_DMA_IRQHandler:count <- [DW_OP_plus_uconst 4, DW_OP_deref] $sp
	@DEBUG_VALUE: HAL_DMA_IRQHandler:hdma <- $r0
	@DEBUG_VALUE: HAL_DMA_IRQHandler:timeout <- undef
	.loc	2 0 25 is_stmt 0                @ ../Drivers/STM32H7xx_HAL_Driver/Src/stm32h7xx_hal_dma.c:0:25
	movs	r3, #4
.Ltmp1228:
	.loc	2 1249 42 is_stmt 1             @ ../Drivers/STM32H7xx_HAL_Driver/Src/stm32h7xx_hal_dma.c:1249:42
	lsls	r3, r2
.Ltmp1229:
	.loc	2 1249 9 is_stmt 0              @ ../Drivers/STM32H7xx_HAL_Driver/Src/stm32h7xx_hal_dma.c:1249:9
	tst	r3, r6
	beq	.LBB9_127
.Ltmp1230:
.LBB9_101:
	@DEBUG_VALUE: HAL_DMA_IRQHandler:tmpisr_dma <- $r6
	@DEBUG_VALUE: HAL_DMA_IRQHandler:regs_dma <- $r5
	@DEBUG_VALUE: HAL_DMA_IRQHandler:regs_bdma <- $r5
	@DEBUG_VALUE: HAL_DMA_IRQHandler:count <- [DW_OP_plus_uconst 4, DW_OP_deref] $sp
	@DEBUG_VALUE: HAL_DMA_IRQHandler:hdma <- $r0
	.loc	2 1251 10 is_stmt 1             @ ../Drivers/STM32H7xx_HAL_Driver/Src/stm32h7xx_hal_dma.c:1251:10
	cmp	r1, r10
	bgt	.LBB9_106
.Ltmp1231:
@ %bb.102:
	@DEBUG_VALUE: HAL_DMA_IRQHandler:tmpisr_dma <- $r6
	@DEBUG_VALUE: HAL_DMA_IRQHandler:regs_dma <- $r5
	@DEBUG_VALUE: HAL_DMA_IRQHandler:regs_bdma <- $r5
	@DEBUG_VALUE: HAL_DMA_IRQHandler:count <- [DW_OP_plus_uconst 4, DW_OP_deref] $sp
	@DEBUG_VALUE: HAL_DMA_IRQHandler:hdma <- $r0
	.loc	2 0 10 is_stmt 0                @ ../Drivers/STM32H7xx_HAL_Driver/Src/stm32h7xx_hal_dma.c:0:10
	movs	r7, #111
	movt	r7, #16386
	.loc	2 1251 10                       @ ../Drivers/STM32H7xx_HAL_Driver/Src/stm32h7xx_hal_dma.c:1251:10
	cmp	r1, r7
	bgt	.LBB9_110
.Ltmp1232:
@ %bb.103:
	@DEBUG_VALUE: HAL_DMA_IRQHandler:tmpisr_dma <- $r6
	@DEBUG_VALUE: HAL_DMA_IRQHandler:regs_dma <- $r5
	@DEBUG_VALUE: HAL_DMA_IRQHandler:regs_bdma <- $r5
	@DEBUG_VALUE: HAL_DMA_IRQHandler:count <- [DW_OP_plus_uconst 4, DW_OP_deref] $sp
	@DEBUG_VALUE: HAL_DMA_IRQHandler:hdma <- $r0
	.loc	2 0 10                          @ ../Drivers/STM32H7xx_HAL_Driver/Src/stm32h7xx_hal_dma.c:0:10
	movs	r7, #63
	movt	r7, #16386
	.loc	2 1251 10                       @ ../Drivers/STM32H7xx_HAL_Driver/Src/stm32h7xx_hal_dma.c:1251:10
	cmp	r1, r7
	bgt	.LBB9_116
.Ltmp1233:
@ %bb.104:
	@DEBUG_VALUE: HAL_DMA_IRQHandler:tmpisr_dma <- $r6
	@DEBUG_VALUE: HAL_DMA_IRQHandler:regs_dma <- $r5
	@DEBUG_VALUE: HAL_DMA_IRQHandler:regs_bdma <- $r5
	@DEBUG_VALUE: HAL_DMA_IRQHandler:count <- [DW_OP_plus_uconst 4, DW_OP_deref] $sp
	@DEBUG_VALUE: HAL_DMA_IRQHandler:hdma <- $r0
	.loc	2 0 10                          @ ../Drivers/STM32H7xx_HAL_Driver/Src/stm32h7xx_hal_dma.c:0:10
	movs	r7, #16
	movt	r7, #16386
	.loc	2 1251 10                       @ ../Drivers/STM32H7xx_HAL_Driver/Src/stm32h7xx_hal_dma.c:1251:10
	cmp	r1, r7
	beq	.LBB9_125
.Ltmp1234:
@ %bb.105:
	@DEBUG_VALUE: HAL_DMA_IRQHandler:tmpisr_dma <- $r6
	@DEBUG_VALUE: HAL_DMA_IRQHandler:regs_dma <- $r5
	@DEBUG_VALUE: HAL_DMA_IRQHandler:regs_bdma <- $r5
	@DEBUG_VALUE: HAL_DMA_IRQHandler:count <- [DW_OP_plus_uconst 4, DW_OP_deref] $sp
	@DEBUG_VALUE: HAL_DMA_IRQHandler:hdma <- $r0
	.loc	2 0 10                          @ ../Drivers/STM32H7xx_HAL_Driver/Src/stm32h7xx_hal_dma.c:0:10
	movs	r7, #40
	b	.LBB9_124
.Ltmp1235:
	.p2align	2
.LBB9_106:
	@DEBUG_VALUE: HAL_DMA_IRQHandler:tmpisr_dma <- $r6
	@DEBUG_VALUE: HAL_DMA_IRQHandler:regs_dma <- $r5
	@DEBUG_VALUE: HAL_DMA_IRQHandler:regs_bdma <- $r5
	@DEBUG_VALUE: HAL_DMA_IRQHandler:count <- [DW_OP_plus_uconst 4, DW_OP_deref] $sp
	@DEBUG_VALUE: HAL_DMA_IRQHandler:hdma <- $r0
	.loc	2 1251 10                       @ ../Drivers/STM32H7xx_HAL_Driver/Src/stm32h7xx_hal_dma.c:1251:10
	cmp	r1, r9
	bgt	.LBB9_113
.Ltmp1236:
@ %bb.107:
	@DEBUG_VALUE: HAL_DMA_IRQHandler:tmpisr_dma <- $r6
	@DEBUG_VALUE: HAL_DMA_IRQHandler:regs_dma <- $r5
	@DEBUG_VALUE: HAL_DMA_IRQHandler:regs_bdma <- $r5
	@DEBUG_VALUE: HAL_DMA_IRQHandler:count <- [DW_OP_plus_uconst 4, DW_OP_deref] $sp
	@DEBUG_VALUE: HAL_DMA_IRQHandler:hdma <- $r0
	.loc	2 0 10                          @ ../Drivers/STM32H7xx_HAL_Driver/Src/stm32h7xx_hal_dma.c:0:10
	movw	r7, #1087
	movt	r7, #16386
	.loc	2 1251 10                       @ ../Drivers/STM32H7xx_HAL_Driver/Src/stm32h7xx_hal_dma.c:1251:10
	cmp	r1, r7
	bgt	.LBB9_118
.Ltmp1237:
@ %bb.108:
	@DEBUG_VALUE: HAL_DMA_IRQHandler:tmpisr_dma <- $r6
	@DEBUG_VALUE: HAL_DMA_IRQHandler:regs_dma <- $r5
	@DEBUG_VALUE: HAL_DMA_IRQHandler:regs_bdma <- $r5
	@DEBUG_VALUE: HAL_DMA_IRQHandler:count <- [DW_OP_plus_uconst 4, DW_OP_deref] $sp
	@DEBUG_VALUE: HAL_DMA_IRQHandler:hdma <- $r0
	.loc	2 0 10                          @ ../Drivers/STM32H7xx_HAL_Driver/Src/stm32h7xx_hal_dma.c:0:10
	movw	r7, #1040
	movt	r7, #16386
	.loc	2 1251 10                       @ ../Drivers/STM32H7xx_HAL_Driver/Src/stm32h7xx_hal_dma.c:1251:10
	cmp	r1, r7
	beq	.LBB9_125
.Ltmp1238:
@ %bb.109:
	@DEBUG_VALUE: HAL_DMA_IRQHandler:tmpisr_dma <- $r6
	@DEBUG_VALUE: HAL_DMA_IRQHandler:regs_dma <- $r5
	@DEBUG_VALUE: HAL_DMA_IRQHandler:regs_bdma <- $r5
	@DEBUG_VALUE: HAL_DMA_IRQHandler:count <- [DW_OP_plus_uconst 4, DW_OP_deref] $sp
	@DEBUG_VALUE: HAL_DMA_IRQHandler:hdma <- $r0
	.loc	2 0 10                          @ ../Drivers/STM32H7xx_HAL_Driver/Src/stm32h7xx_hal_dma.c:0:10
	movw	r7, #1064
	b	.LBB9_124
.Ltmp1239:
	.p2align	2
.LBB9_110:
	@DEBUG_VALUE: HAL_DMA_IRQHandler:tmpisr_dma <- $r6
	@DEBUG_VALUE: HAL_DMA_IRQHandler:regs_dma <- $r5
	@DEBUG_VALUE: HAL_DMA_IRQHandler:regs_bdma <- $r5
	@DEBUG_VALUE: HAL_DMA_IRQHandler:count <- [DW_OP_plus_uconst 4, DW_OP_deref] $sp
	@DEBUG_VALUE: HAL_DMA_IRQHandler:hdma <- $r0
	movs	r7, #159
	movt	r7, #16386
	.loc	2 1251 10                       @ ../Drivers/STM32H7xx_HAL_Driver/Src/stm32h7xx_hal_dma.c:1251:10
	cmp	r1, r7
	bgt	.LBB9_120
.Ltmp1240:
@ %bb.111:
	@DEBUG_VALUE: HAL_DMA_IRQHandler:tmpisr_dma <- $r6
	@DEBUG_VALUE: HAL_DMA_IRQHandler:regs_dma <- $r5
	@DEBUG_VALUE: HAL_DMA_IRQHandler:regs_bdma <- $r5
	@DEBUG_VALUE: HAL_DMA_IRQHandler:count <- [DW_OP_plus_uconst 4, DW_OP_deref] $sp
	@DEBUG_VALUE: HAL_DMA_IRQHandler:hdma <- $r0
	.loc	2 0 10                          @ ../Drivers/STM32H7xx_HAL_Driver/Src/stm32h7xx_hal_dma.c:0:10
	movs	r7, #112
	movt	r7, #16386
	.loc	2 1251 10                       @ ../Drivers/STM32H7xx_HAL_Driver/Src/stm32h7xx_hal_dma.c:1251:10
	cmp	r1, r7
	beq	.LBB9_125
.Ltmp1241:
@ %bb.112:
	@DEBUG_VALUE: HAL_DMA_IRQHandler:tmpisr_dma <- $r6
	@DEBUG_VALUE: HAL_DMA_IRQHandler:regs_dma <- $r5
	@DEBUG_VALUE: HAL_DMA_IRQHandler:regs_bdma <- $r5
	@DEBUG_VALUE: HAL_DMA_IRQHandler:count <- [DW_OP_plus_uconst 4, DW_OP_deref] $sp
	@DEBUG_VALUE: HAL_DMA_IRQHandler:hdma <- $r0
	.loc	2 0 10                          @ ../Drivers/STM32H7xx_HAL_Driver/Src/stm32h7xx_hal_dma.c:0:10
	movs	r7, #136
	b	.LBB9_124
.Ltmp1242:
	.p2align	2
.LBB9_113:
	@DEBUG_VALUE: HAL_DMA_IRQHandler:tmpisr_dma <- $r6
	@DEBUG_VALUE: HAL_DMA_IRQHandler:regs_dma <- $r5
	@DEBUG_VALUE: HAL_DMA_IRQHandler:regs_bdma <- $r5
	@DEBUG_VALUE: HAL_DMA_IRQHandler:count <- [DW_OP_plus_uconst 4, DW_OP_deref] $sp
	@DEBUG_VALUE: HAL_DMA_IRQHandler:hdma <- $r0
	movw	r7, #1183
	movt	r7, #16386
	.loc	2 1251 10                       @ ../Drivers/STM32H7xx_HAL_Driver/Src/stm32h7xx_hal_dma.c:1251:10
	cmp	r1, r7
	bgt	.LBB9_122
.Ltmp1243:
@ %bb.114:
	@DEBUG_VALUE: HAL_DMA_IRQHandler:tmpisr_dma <- $r6
	@DEBUG_VALUE: HAL_DMA_IRQHandler:regs_dma <- $r5
	@DEBUG_VALUE: HAL_DMA_IRQHandler:regs_bdma <- $r5
	@DEBUG_VALUE: HAL_DMA_IRQHandler:count <- [DW_OP_plus_uconst 4, DW_OP_deref] $sp
	@DEBUG_VALUE: HAL_DMA_IRQHandler:hdma <- $r0
	.loc	2 0 10                          @ ../Drivers/STM32H7xx_HAL_Driver/Src/stm32h7xx_hal_dma.c:0:10
	movw	r7, #1136
	movt	r7, #16386
	.loc	2 1251 10                       @ ../Drivers/STM32H7xx_HAL_Driver/Src/stm32h7xx_hal_dma.c:1251:10
	cmp	r1, r7
	beq	.LBB9_125
.Ltmp1244:
@ %bb.115:
	@DEBUG_VALUE: HAL_DMA_IRQHandler:tmpisr_dma <- $r6
	@DEBUG_VALUE: HAL_DMA_IRQHandler:regs_dma <- $r5
	@DEBUG_VALUE: HAL_DMA_IRQHandler:regs_bdma <- $r5
	@DEBUG_VALUE: HAL_DMA_IRQHandler:count <- [DW_OP_plus_uconst 4, DW_OP_deref] $sp
	@DEBUG_VALUE: HAL_DMA_IRQHandler:hdma <- $r0
	.loc	2 0 10                          @ ../Drivers/STM32H7xx_HAL_Driver/Src/stm32h7xx_hal_dma.c:0:10
	movw	r7, #1160
	b	.LBB9_124
.Ltmp1245:
	.p2align	2
.LBB9_116:
	@DEBUG_VALUE: HAL_DMA_IRQHandler:tmpisr_dma <- $r6
	@DEBUG_VALUE: HAL_DMA_IRQHandler:regs_dma <- $r5
	@DEBUG_VALUE: HAL_DMA_IRQHandler:regs_bdma <- $r5
	@DEBUG_VALUE: HAL_DMA_IRQHandler:count <- [DW_OP_plus_uconst 4, DW_OP_deref] $sp
	@DEBUG_VALUE: HAL_DMA_IRQHandler:hdma <- $r0
	movs	r7, #64
	movt	r7, #16386
	.loc	2 1251 10                       @ ../Drivers/STM32H7xx_HAL_Driver/Src/stm32h7xx_hal_dma.c:1251:10
	cmp	r1, r7
	beq	.LBB9_125
.Ltmp1246:
@ %bb.117:
	@DEBUG_VALUE: HAL_DMA_IRQHandler:tmpisr_dma <- $r6
	@DEBUG_VALUE: HAL_DMA_IRQHandler:regs_dma <- $r5
	@DEBUG_VALUE: HAL_DMA_IRQHandler:regs_bdma <- $r5
	@DEBUG_VALUE: HAL_DMA_IRQHandler:count <- [DW_OP_plus_uconst 4, DW_OP_deref] $sp
	@DEBUG_VALUE: HAL_DMA_IRQHandler:hdma <- $r0
	.loc	2 0 10                          @ ../Drivers/STM32H7xx_HAL_Driver/Src/stm32h7xx_hal_dma.c:0:10
	movs	r7, #88
	b	.LBB9_124
.Ltmp1247:
	.p2align	2
.LBB9_118:
	@DEBUG_VALUE: HAL_DMA_IRQHandler:tmpisr_dma <- $r6
	@DEBUG_VALUE: HAL_DMA_IRQHandler:regs_dma <- $r5
	@DEBUG_VALUE: HAL_DMA_IRQHandler:regs_bdma <- $r5
	@DEBUG_VALUE: HAL_DMA_IRQHandler:count <- [DW_OP_plus_uconst 4, DW_OP_deref] $sp
	@DEBUG_VALUE: HAL_DMA_IRQHandler:hdma <- $r0
	movw	r7, #1088
	movt	r7, #16386
	.loc	2 1251 10                       @ ../Drivers/STM32H7xx_HAL_Driver/Src/stm32h7xx_hal_dma.c:1251:10
	cmp	r1, r7
	beq	.LBB9_125
.Ltmp1248:
@ %bb.119:
	@DEBUG_VALUE: HAL_DMA_IRQHandler:tmpisr_dma <- $r6
	@DEBUG_VALUE: HAL_DMA_IRQHandler:regs_dma <- $r5
	@DEBUG_VALUE: HAL_DMA_IRQHandler:regs_bdma <- $r5
	@DEBUG_VALUE: HAL_DMA_IRQHandler:count <- [DW_OP_plus_uconst 4, DW_OP_deref] $sp
	@DEBUG_VALUE: HAL_DMA_IRQHandler:hdma <- $r0
	.loc	2 0 10                          @ ../Drivers/STM32H7xx_HAL_Driver/Src/stm32h7xx_hal_dma.c:0:10
	movw	r7, #1112
	b	.LBB9_124
.Ltmp1249:
	.p2align	2
.LBB9_120:
	@DEBUG_VALUE: HAL_DMA_IRQHandler:tmpisr_dma <- $r6
	@DEBUG_VALUE: HAL_DMA_IRQHandler:regs_dma <- $r5
	@DEBUG_VALUE: HAL_DMA_IRQHandler:regs_bdma <- $r5
	@DEBUG_VALUE: HAL_DMA_IRQHandler:count <- [DW_OP_plus_uconst 4, DW_OP_deref] $sp
	@DEBUG_VALUE: HAL_DMA_IRQHandler:hdma <- $r0
	movs	r7, #160
	movt	r7, #16386
	.loc	2 1251 10                       @ ../Drivers/STM32H7xx_HAL_Driver/Src/stm32h7xx_hal_dma.c:1251:10
	cmp	r1, r7
	beq	.LBB9_125
.Ltmp1250:
@ %bb.121:
	@DEBUG_VALUE: HAL_DMA_IRQHandler:tmpisr_dma <- $r6
	@DEBUG_VALUE: HAL_DMA_IRQHandler:regs_dma <- $r5
	@DEBUG_VALUE: HAL_DMA_IRQHandler:regs_bdma <- $r5
	@DEBUG_VALUE: HAL_DMA_IRQHandler:count <- [DW_OP_plus_uconst 4, DW_OP_deref] $sp
	@DEBUG_VALUE: HAL_DMA_IRQHandler:hdma <- $r0
	.loc	2 0 10                          @ ../Drivers/STM32H7xx_HAL_Driver/Src/stm32h7xx_hal_dma.c:0:10
	movs	r7, #184
	b	.LBB9_124
.Ltmp1251:
	.p2align	2
.LBB9_122:
	@DEBUG_VALUE: HAL_DMA_IRQHandler:tmpisr_dma <- $r6
	@DEBUG_VALUE: HAL_DMA_IRQHandler:regs_dma <- $r5
	@DEBUG_VALUE: HAL_DMA_IRQHandler:regs_bdma <- $r5
	@DEBUG_VALUE: HAL_DMA_IRQHandler:count <- [DW_OP_plus_uconst 4, DW_OP_deref] $sp
	@DEBUG_VALUE: HAL_DMA_IRQHandler:hdma <- $r0
	movw	r7, #1184
	movt	r7, #16386
	.loc	2 1251 10                       @ ../Drivers/STM32H7xx_HAL_Driver/Src/stm32h7xx_hal_dma.c:1251:10
	cmp	r1, r7
	beq	.LBB9_125
.Ltmp1252:
@ %bb.123:
	@DEBUG_VALUE: HAL_DMA_IRQHandler:tmpisr_dma <- $r6
	@DEBUG_VALUE: HAL_DMA_IRQHandler:regs_dma <- $r5
	@DEBUG_VALUE: HAL_DMA_IRQHandler:regs_bdma <- $r5
	@DEBUG_VALUE: HAL_DMA_IRQHandler:count <- [DW_OP_plus_uconst 4, DW_OP_deref] $sp
	@DEBUG_VALUE: HAL_DMA_IRQHandler:hdma <- $r0
	.loc	2 0 10                          @ ../Drivers/STM32H7xx_HAL_Driver/Src/stm32h7xx_hal_dma.c:0:10
	movw	r7, #1208
.Ltmp1253:
.LBB9_124:
	@DEBUG_VALUE: HAL_DMA_IRQHandler:tmpisr_dma <- $r6
	@DEBUG_VALUE: HAL_DMA_IRQHandler:regs_dma <- $r5
	@DEBUG_VALUE: HAL_DMA_IRQHandler:regs_bdma <- $r5
	@DEBUG_VALUE: HAL_DMA_IRQHandler:count <- [DW_OP_plus_uconst 4, DW_OP_deref] $sp
	@DEBUG_VALUE: HAL_DMA_IRQHandler:hdma <- $r0
	movt	r7, #16386
	.loc	2 1251 10                       @ ../Drivers/STM32H7xx_HAL_Driver/Src/stm32h7xx_hal_dma.c:1251:10
	cmp	r1, r7
	bne.w	.LBB9_219
.Ltmp1254:
.LBB9_125:
	@DEBUG_VALUE: HAL_DMA_IRQHandler:tmpisr_dma <- $r6
	@DEBUG_VALUE: HAL_DMA_IRQHandler:regs_dma <- $r5
	@DEBUG_VALUE: HAL_DMA_IRQHandler:regs_bdma <- $r5
	@DEBUG_VALUE: HAL_DMA_IRQHandler:count <- [DW_OP_plus_uconst 4, DW_OP_deref] $sp
	@DEBUG_VALUE: HAL_DMA_IRQHandler:hdma <- $r0
	ldr	r7, [r1]
.Ltmp1255:
	.loc	2 1251 10                       @ ../Drivers/STM32H7xx_HAL_Driver/Src/stm32h7xx_hal_dma.c:1251:10
	lsls	r7, r7, #30
	bpl	.LBB9_127
.Ltmp1256:
@ %bb.126:
	@DEBUG_VALUE: HAL_DMA_IRQHandler:tmpisr_dma <- $r6
	@DEBUG_VALUE: HAL_DMA_IRQHandler:regs_dma <- $r5
	@DEBUG_VALUE: HAL_DMA_IRQHandler:regs_bdma <- $r5
	@DEBUG_VALUE: HAL_DMA_IRQHandler:count <- [DW_OP_plus_uconst 4, DW_OP_deref] $sp
	@DEBUG_VALUE: HAL_DMA_IRQHandler:hdma <- $r0
	.loc	2 1254 24 is_stmt 1             @ ../Drivers/STM32H7xx_HAL_Driver/Src/stm32h7xx_hal_dma.c:1254:24
	str	r3, [r5, #8]
	.loc	2 1257 25                       @ ../Drivers/STM32H7xx_HAL_Driver/Src/stm32h7xx_hal_dma.c:1257:25
	ldr	r3, [r0, #84]
	orr	r3, r3, #4
	str	r3, [r0, #84]
.Ltmp1257:
.LBB9_127:
	@DEBUG_VALUE: HAL_DMA_IRQHandler:tmpisr_dma <- $r6
	@DEBUG_VALUE: HAL_DMA_IRQHandler:regs_dma <- $r5
	@DEBUG_VALUE: HAL_DMA_IRQHandler:regs_bdma <- $r5
	@DEBUG_VALUE: HAL_DMA_IRQHandler:count <- [DW_OP_plus_uconst 4, DW_OP_deref] $sp
	@DEBUG_VALUE: HAL_DMA_IRQHandler:hdma <- $r0
	@DEBUG_VALUE: HAL_DMA_IRQHandler:timeout <- undef
	.loc	2 0 25 is_stmt 0                @ ../Drivers/STM32H7xx_HAL_Driver/Src/stm32h7xx_hal_dma.c:0:25
	movs	r3, #16
.Ltmp1258:
	.loc	2 1261 41 is_stmt 1             @ ../Drivers/STM32H7xx_HAL_Driver/Src/stm32h7xx_hal_dma.c:1261:41
	lsl.w	r2, r3, r2
.Ltmp1259:
	.loc	2 1261 9 is_stmt 0              @ ../Drivers/STM32H7xx_HAL_Driver/Src/stm32h7xx_hal_dma.c:1261:9
	tst	r2, r6
	beq.w	.LBB9_159
.Ltmp1260:
@ %bb.128:
	@DEBUG_VALUE: HAL_DMA_IRQHandler:tmpisr_dma <- $r6
	@DEBUG_VALUE: HAL_DMA_IRQHandler:regs_dma <- $r5
	@DEBUG_VALUE: HAL_DMA_IRQHandler:regs_bdma <- $r5
	@DEBUG_VALUE: HAL_DMA_IRQHandler:count <- [DW_OP_plus_uconst 4, DW_OP_deref] $sp
	@DEBUG_VALUE: HAL_DMA_IRQHandler:hdma <- $r0
	.loc	2 1263 10 is_stmt 1             @ ../Drivers/STM32H7xx_HAL_Driver/Src/stm32h7xx_hal_dma.c:1263:10
	cmp	r1, r10
	mov.w	r3, #8
	bgt	.LBB9_133
.Ltmp1261:
@ %bb.129:
	@DEBUG_VALUE: HAL_DMA_IRQHandler:tmpisr_dma <- $r6
	@DEBUG_VALUE: HAL_DMA_IRQHandler:regs_dma <- $r5
	@DEBUG_VALUE: HAL_DMA_IRQHandler:regs_bdma <- $r5
	@DEBUG_VALUE: HAL_DMA_IRQHandler:count <- [DW_OP_plus_uconst 4, DW_OP_deref] $sp
	@DEBUG_VALUE: HAL_DMA_IRQHandler:hdma <- $r0
	.loc	2 0 10 is_stmt 0                @ ../Drivers/STM32H7xx_HAL_Driver/Src/stm32h7xx_hal_dma.c:0:10
	movs	r7, #111
	movt	r7, #16386
	.loc	2 1263 10                       @ ../Drivers/STM32H7xx_HAL_Driver/Src/stm32h7xx_hal_dma.c:1263:10
	cmp	r1, r7
	bgt	.LBB9_137
.Ltmp1262:
@ %bb.130:
	@DEBUG_VALUE: HAL_DMA_IRQHandler:tmpisr_dma <- $r6
	@DEBUG_VALUE: HAL_DMA_IRQHandler:regs_dma <- $r5
	@DEBUG_VALUE: HAL_DMA_IRQHandler:regs_bdma <- $r5
	@DEBUG_VALUE: HAL_DMA_IRQHandler:count <- [DW_OP_plus_uconst 4, DW_OP_deref] $sp
	@DEBUG_VALUE: HAL_DMA_IRQHandler:hdma <- $r0
	.loc	2 0 10                          @ ../Drivers/STM32H7xx_HAL_Driver/Src/stm32h7xx_hal_dma.c:0:10
	movs	r7, #63
	movt	r7, #16386
	.loc	2 1263 10                       @ ../Drivers/STM32H7xx_HAL_Driver/Src/stm32h7xx_hal_dma.c:1263:10
	cmp	r1, r7
	bgt	.LBB9_143
.Ltmp1263:
@ %bb.131:
	@DEBUG_VALUE: HAL_DMA_IRQHandler:tmpisr_dma <- $r6
	@DEBUG_VALUE: HAL_DMA_IRQHandler:regs_dma <- $r5
	@DEBUG_VALUE: HAL_DMA_IRQHandler:regs_bdma <- $r5
	@DEBUG_VALUE: HAL_DMA_IRQHandler:count <- [DW_OP_plus_uconst 4, DW_OP_deref] $sp
	@DEBUG_VALUE: HAL_DMA_IRQHandler:hdma <- $r0
	.loc	2 0 10                          @ ../Drivers/STM32H7xx_HAL_Driver/Src/stm32h7xx_hal_dma.c:0:10
	movs	r7, #16
	movt	r7, #16386
	.loc	2 1263 10                       @ ../Drivers/STM32H7xx_HAL_Driver/Src/stm32h7xx_hal_dma.c:1263:10
	cmp	r1, r7
	beq	.LBB9_152
.Ltmp1264:
@ %bb.132:
	@DEBUG_VALUE: HAL_DMA_IRQHandler:tmpisr_dma <- $r6
	@DEBUG_VALUE: HAL_DMA_IRQHandler:regs_dma <- $r5
	@DEBUG_VALUE: HAL_DMA_IRQHandler:regs_bdma <- $r5
	@DEBUG_VALUE: HAL_DMA_IRQHandler:count <- [DW_OP_plus_uconst 4, DW_OP_deref] $sp
	@DEBUG_VALUE: HAL_DMA_IRQHandler:hdma <- $r0
	.loc	2 0 10                          @ ../Drivers/STM32H7xx_HAL_Driver/Src/stm32h7xx_hal_dma.c:0:10
	movs	r7, #40
	b	.LBB9_151
.Ltmp1265:
	.p2align	2
.LBB9_133:
	@DEBUG_VALUE: HAL_DMA_IRQHandler:tmpisr_dma <- $r6
	@DEBUG_VALUE: HAL_DMA_IRQHandler:regs_dma <- $r5
	@DEBUG_VALUE: HAL_DMA_IRQHandler:regs_bdma <- $r5
	@DEBUG_VALUE: HAL_DMA_IRQHandler:count <- [DW_OP_plus_uconst 4, DW_OP_deref] $sp
	@DEBUG_VALUE: HAL_DMA_IRQHandler:hdma <- $r0
	.loc	2 1263 10                       @ ../Drivers/STM32H7xx_HAL_Driver/Src/stm32h7xx_hal_dma.c:1263:10
	cmp	r1, r9
	bgt	.LBB9_140
.Ltmp1266:
@ %bb.134:
	@DEBUG_VALUE: HAL_DMA_IRQHandler:tmpisr_dma <- $r6
	@DEBUG_VALUE: HAL_DMA_IRQHandler:regs_dma <- $r5
	@DEBUG_VALUE: HAL_DMA_IRQHandler:regs_bdma <- $r5
	@DEBUG_VALUE: HAL_DMA_IRQHandler:count <- [DW_OP_plus_uconst 4, DW_OP_deref] $sp
	@DEBUG_VALUE: HAL_DMA_IRQHandler:hdma <- $r0
	.loc	2 0 10                          @ ../Drivers/STM32H7xx_HAL_Driver/Src/stm32h7xx_hal_dma.c:0:10
	movw	r7, #1087
	movt	r7, #16386
	.loc	2 1263 10                       @ ../Drivers/STM32H7xx_HAL_Driver/Src/stm32h7xx_hal_dma.c:1263:10
	cmp	r1, r7
	bgt	.LBB9_145
.Ltmp1267:
@ %bb.135:
	@DEBUG_VALUE: HAL_DMA_IRQHandler:tmpisr_dma <- $r6
	@DEBUG_VALUE: HAL_DMA_IRQHandler:regs_dma <- $r5
	@DEBUG_VALUE: HAL_DMA_IRQHandler:regs_bdma <- $r5
	@DEBUG_VALUE: HAL_DMA_IRQHandler:count <- [DW_OP_plus_uconst 4, DW_OP_deref] $sp
	@DEBUG_VALUE: HAL_DMA_IRQHandler:hdma <- $r0
	.loc	2 0 10                          @ ../Drivers/STM32H7xx_HAL_Driver/Src/stm32h7xx_hal_dma.c:0:10
	movw	r7, #1040
	movt	r7, #16386
	.loc	2 1263 10                       @ ../Drivers/STM32H7xx_HAL_Driver/Src/stm32h7xx_hal_dma.c:1263:10
	cmp	r1, r7
	beq	.LBB9_152
.Ltmp1268:
@ %bb.136:
	@DEBUG_VALUE: HAL_DMA_IRQHandler:tmpisr_dma <- $r6
	@DEBUG_VALUE: HAL_DMA_IRQHandler:regs_dma <- $r5
	@DEBUG_VALUE: HAL_DMA_IRQHandler:regs_bdma <- $r5
	@DEBUG_VALUE: HAL_DMA_IRQHandler:count <- [DW_OP_plus_uconst 4, DW_OP_deref] $sp
	@DEBUG_VALUE: HAL_DMA_IRQHandler:hdma <- $r0
	.loc	2 0 10                          @ ../Drivers/STM32H7xx_HAL_Driver/Src/stm32h7xx_hal_dma.c:0:10
	movw	r7, #1064
	b	.LBB9_151
.Ltmp1269:
	.p2align	2
.LBB9_137:
	@DEBUG_VALUE: HAL_DMA_IRQHandler:tmpisr_dma <- $r6
	@DEBUG_VALUE: HAL_DMA_IRQHandler:regs_dma <- $r5
	@DEBUG_VALUE: HAL_DMA_IRQHandler:regs_bdma <- $r5
	@DEBUG_VALUE: HAL_DMA_IRQHandler:count <- [DW_OP_plus_uconst 4, DW_OP_deref] $sp
	@DEBUG_VALUE: HAL_DMA_IRQHandler:hdma <- $r0
	movs	r7, #159
	movt	r7, #16386
	.loc	2 1263 10                       @ ../Drivers/STM32H7xx_HAL_Driver/Src/stm32h7xx_hal_dma.c:1263:10
	cmp	r1, r7
	bgt	.LBB9_147
.Ltmp1270:
@ %bb.138:
	@DEBUG_VALUE: HAL_DMA_IRQHandler:tmpisr_dma <- $r6
	@DEBUG_VALUE: HAL_DMA_IRQHandler:regs_dma <- $r5
	@DEBUG_VALUE: HAL_DMA_IRQHandler:regs_bdma <- $r5
	@DEBUG_VALUE: HAL_DMA_IRQHandler:count <- [DW_OP_plus_uconst 4, DW_OP_deref] $sp
	@DEBUG_VALUE: HAL_DMA_IRQHandler:hdma <- $r0
	.loc	2 0 10                          @ ../Drivers/STM32H7xx_HAL_Driver/Src/stm32h7xx_hal_dma.c:0:10
	movs	r7, #112
	movt	r7, #16386
	.loc	2 1263 10                       @ ../Drivers/STM32H7xx_HAL_Driver/Src/stm32h7xx_hal_dma.c:1263:10
	cmp	r1, r7
	beq	.LBB9_152
.Ltmp1271:
@ %bb.139:
	@DEBUG_VALUE: HAL_DMA_IRQHandler:tmpisr_dma <- $r6
	@DEBUG_VALUE: HAL_DMA_IRQHandler:regs_dma <- $r5
	@DEBUG_VALUE: HAL_DMA_IRQHandler:regs_bdma <- $r5
	@DEBUG_VALUE: HAL_DMA_IRQHandler:count <- [DW_OP_plus_uconst 4, DW_OP_deref] $sp
	@DEBUG_VALUE: HAL_DMA_IRQHandler:hdma <- $r0
	.loc	2 0 10                          @ ../Drivers/STM32H7xx_HAL_Driver/Src/stm32h7xx_hal_dma.c:0:10
	movs	r7, #136
	b	.LBB9_151
.Ltmp1272:
	.p2align	2
.LBB9_140:
	@DEBUG_VALUE: HAL_DMA_IRQHandler:tmpisr_dma <- $r6
	@DEBUG_VALUE: HAL_DMA_IRQHandler:regs_dma <- $r5
	@DEBUG_VALUE: HAL_DMA_IRQHandler:regs_bdma <- $r5
	@DEBUG_VALUE: HAL_DMA_IRQHandler:count <- [DW_OP_plus_uconst 4, DW_OP_deref] $sp
	@DEBUG_VALUE: HAL_DMA_IRQHandler:hdma <- $r0
	movw	r7, #1183
	movt	r7, #16386
	.loc	2 1263 10                       @ ../Drivers/STM32H7xx_HAL_Driver/Src/stm32h7xx_hal_dma.c:1263:10
	cmp	r1, r7
	bgt	.LBB9_149
.Ltmp1273:
@ %bb.141:
	@DEBUG_VALUE: HAL_DMA_IRQHandler:tmpisr_dma <- $r6
	@DEBUG_VALUE: HAL_DMA_IRQHandler:regs_dma <- $r5
	@DEBUG_VALUE: HAL_DMA_IRQHandler:regs_bdma <- $r5
	@DEBUG_VALUE: HAL_DMA_IRQHandler:count <- [DW_OP_plus_uconst 4, DW_OP_deref] $sp
	@DEBUG_VALUE: HAL_DMA_IRQHandler:hdma <- $r0
	.loc	2 0 10                          @ ../Drivers/STM32H7xx_HAL_Driver/Src/stm32h7xx_hal_dma.c:0:10
	movw	r7, #1136
	movt	r7, #16386
	.loc	2 1263 10                       @ ../Drivers/STM32H7xx_HAL_Driver/Src/stm32h7xx_hal_dma.c:1263:10
	cmp	r1, r7
	beq	.LBB9_152
.Ltmp1274:
@ %bb.142:
	@DEBUG_VALUE: HAL_DMA_IRQHandler:tmpisr_dma <- $r6
	@DEBUG_VALUE: HAL_DMA_IRQHandler:regs_dma <- $r5
	@DEBUG_VALUE: HAL_DMA_IRQHandler:regs_bdma <- $r5
	@DEBUG_VALUE: HAL_DMA_IRQHandler:count <- [DW_OP_plus_uconst 4, DW_OP_deref] $sp
	@DEBUG_VALUE: HAL_DMA_IRQHandler:hdma <- $r0
	.loc	2 0 10                          @ ../Drivers/STM32H7xx_HAL_Driver/Src/stm32h7xx_hal_dma.c:0:10
	movw	r7, #1160
	b	.LBB9_151
.Ltmp1275:
	.p2align	2
.LBB9_143:
	@DEBUG_VALUE: HAL_DMA_IRQHandler:tmpisr_dma <- $r6
	@DEBUG_VALUE: HAL_DMA_IRQHandler:regs_dma <- $r5
	@DEBUG_VALUE: HAL_DMA_IRQHandler:regs_bdma <- $r5
	@DEBUG_VALUE: HAL_DMA_IRQHandler:count <- [DW_OP_plus_uconst 4, DW_OP_deref] $sp
	@DEBUG_VALUE: HAL_DMA_IRQHandler:hdma <- $r0
	movs	r7, #64
	movt	r7, #16386
	.loc	2 1263 10                       @ ../Drivers/STM32H7xx_HAL_Driver/Src/stm32h7xx_hal_dma.c:1263:10
	cmp	r1, r7
	beq	.LBB9_152
.Ltmp1276:
@ %bb.144:
	@DEBUG_VALUE: HAL_DMA_IRQHandler:tmpisr_dma <- $r6
	@DEBUG_VALUE: HAL_DMA_IRQHandler:regs_dma <- $r5
	@DEBUG_VALUE: HAL_DMA_IRQHandler:regs_bdma <- $r5
	@DEBUG_VALUE: HAL_DMA_IRQHandler:count <- [DW_OP_plus_uconst 4, DW_OP_deref] $sp
	@DEBUG_VALUE: HAL_DMA_IRQHandler:hdma <- $r0
	.loc	2 0 10                          @ ../Drivers/STM32H7xx_HAL_Driver/Src/stm32h7xx_hal_dma.c:0:10
	movs	r7, #88
	b	.LBB9_151
.Ltmp1277:
	.p2align	2
.LBB9_145:
	@DEBUG_VALUE: HAL_DMA_IRQHandler:tmpisr_dma <- $r6
	@DEBUG_VALUE: HAL_DMA_IRQHandler:regs_dma <- $r5
	@DEBUG_VALUE: HAL_DMA_IRQHandler:regs_bdma <- $r5
	@DEBUG_VALUE: HAL_DMA_IRQHandler:count <- [DW_OP_plus_uconst 4, DW_OP_deref] $sp
	@DEBUG_VALUE: HAL_DMA_IRQHandler:hdma <- $r0
	movw	r7, #1088
	movt	r7, #16386
	.loc	2 1263 10                       @ ../Drivers/STM32H7xx_HAL_Driver/Src/stm32h7xx_hal_dma.c:1263:10
	cmp	r1, r7
	beq	.LBB9_152
.Ltmp1278:
@ %bb.146:
	@DEBUG_VALUE: HAL_DMA_IRQHandler:tmpisr_dma <- $r6
	@DEBUG_VALUE: HAL_DMA_IRQHandler:regs_dma <- $r5
	@DEBUG_VALUE: HAL_DMA_IRQHandler:regs_bdma <- $r5
	@DEBUG_VALUE: HAL_DMA_IRQHandler:count <- [DW_OP_plus_uconst 4, DW_OP_deref] $sp
	@DEBUG_VALUE: HAL_DMA_IRQHandler:hdma <- $r0
	.loc	2 0 10                          @ ../Drivers/STM32H7xx_HAL_Driver/Src/stm32h7xx_hal_dma.c:0:10
	movw	r7, #1112
	b	.LBB9_151
.Ltmp1279:
	.p2align	2
.LBB9_147:
	@DEBUG_VALUE: HAL_DMA_IRQHandler:tmpisr_dma <- $r6
	@DEBUG_VALUE: HAL_DMA_IRQHandler:regs_dma <- $r5
	@DEBUG_VALUE: HAL_DMA_IRQHandler:regs_bdma <- $r5
	@DEBUG_VALUE: HAL_DMA_IRQHandler:count <- [DW_OP_plus_uconst 4, DW_OP_deref] $sp
	@DEBUG_VALUE: HAL_DMA_IRQHandler:hdma <- $r0
	movs	r7, #160
	movt	r7, #16386
	.loc	2 1263 10                       @ ../Drivers/STM32H7xx_HAL_Driver/Src/stm32h7xx_hal_dma.c:1263:10
	cmp	r1, r7
	beq	.LBB9_152
.Ltmp1280:
@ %bb.148:
	@DEBUG_VALUE: HAL_DMA_IRQHandler:tmpisr_dma <- $r6
	@DEBUG_VALUE: HAL_DMA_IRQHandler:regs_dma <- $r5
	@DEBUG_VALUE: HAL_DMA_IRQHandler:regs_bdma <- $r5
	@DEBUG_VALUE: HAL_DMA_IRQHandler:count <- [DW_OP_plus_uconst 4, DW_OP_deref] $sp
	@DEBUG_VALUE: HAL_DMA_IRQHandler:hdma <- $r0
	.loc	2 0 10                          @ ../Drivers/STM32H7xx_HAL_Driver/Src/stm32h7xx_hal_dma.c:0:10
	movs	r7, #184
	b	.LBB9_151
.Ltmp1281:
	.p2align	2
.LBB9_149:
	@DEBUG_VALUE: HAL_DMA_IRQHandler:tmpisr_dma <- $r6
	@DEBUG_VALUE: HAL_DMA_IRQHandler:regs_dma <- $r5
	@DEBUG_VALUE: HAL_DMA_IRQHandler:regs_bdma <- $r5
	@DEBUG_VALUE: HAL_DMA_IRQHandler:count <- [DW_OP_plus_uconst 4, DW_OP_deref] $sp
	@DEBUG_VALUE: HAL_DMA_IRQHandler:hdma <- $r0
	movw	r7, #1184
	movt	r7, #16386
	.loc	2 1263 10                       @ ../Drivers/STM32H7xx_HAL_Driver/Src/stm32h7xx_hal_dma.c:1263:10
	cmp	r1, r7
	beq	.LBB9_152
.Ltmp1282:
@ %bb.150:
	@DEBUG_VALUE: HAL_DMA_IRQHandler:tmpisr_dma <- $r6
	@DEBUG_VALUE: HAL_DMA_IRQHandler:regs_dma <- $r5
	@DEBUG_VALUE: HAL_DMA_IRQHandler:regs_bdma <- $r5
	@DEBUG_VALUE: HAL_DMA_IRQHandler:count <- [DW_OP_plus_uconst 4, DW_OP_deref] $sp
	@DEBUG_VALUE: HAL_DMA_IRQHandler:hdma <- $r0
	.loc	2 0 10                          @ ../Drivers/STM32H7xx_HAL_Driver/Src/stm32h7xx_hal_dma.c:0:10
	movw	r7, #1208
.Ltmp1283:
.LBB9_151:
	@DEBUG_VALUE: HAL_DMA_IRQHandler:tmpisr_dma <- $r6
	@DEBUG_VALUE: HAL_DMA_IRQHandler:regs_dma <- $r5
	@DEBUG_VALUE: HAL_DMA_IRQHandler:regs_bdma <- $r5
	@DEBUG_VALUE: HAL_DMA_IRQHandler:count <- [DW_OP_plus_uconst 4, DW_OP_deref] $sp
	@DEBUG_VALUE: HAL_DMA_IRQHandler:hdma <- $r0
	movt	r7, #16386
	.loc	2 1263 10                       @ ../Drivers/STM32H7xx_HAL_Driver/Src/stm32h7xx_hal_dma.c:1263:10
	cmp	r1, r7
	it	ne
	movne	r3, #4
.Ltmp1284:
.LBB9_152:
	@DEBUG_VALUE: HAL_DMA_IRQHandler:tmpisr_dma <- $r6
	@DEBUG_VALUE: HAL_DMA_IRQHandler:regs_dma <- $r5
	@DEBUG_VALUE: HAL_DMA_IRQHandler:regs_bdma <- $r5
	@DEBUG_VALUE: HAL_DMA_IRQHandler:count <- [DW_OP_plus_uconst 4, DW_OP_deref] $sp
	@DEBUG_VALUE: HAL_DMA_IRQHandler:hdma <- $r0
	ldr	r7, [r1]
.Ltmp1285:
	.loc	2 1263 10                       @ ../Drivers/STM32H7xx_HAL_Driver/Src/stm32h7xx_hal_dma.c:1263:10
	tst	r7, r3
	beq	.LBB9_159
.Ltmp1286:
@ %bb.153:
	@DEBUG_VALUE: HAL_DMA_IRQHandler:tmpisr_dma <- $r6
	@DEBUG_VALUE: HAL_DMA_IRQHandler:regs_dma <- $r5
	@DEBUG_VALUE: HAL_DMA_IRQHandler:regs_bdma <- $r5
	@DEBUG_VALUE: HAL_DMA_IRQHandler:count <- [DW_OP_plus_uconst 4, DW_OP_deref] $sp
	@DEBUG_VALUE: HAL_DMA_IRQHandler:hdma <- $r0
	.loc	2 1266 24 is_stmt 1             @ ../Drivers/STM32H7xx_HAL_Driver/Src/stm32h7xx_hal_dma.c:1266:24
	str	r2, [r5, #8]
.Ltmp1287:
	.loc	2 1269 56                       @ ../Drivers/STM32H7xx_HAL_Driver/Src/stm32h7xx_hal_dma.c:1269:56
	ldr	r2, [r1]
.Ltmp1288:
	.loc	2 1269 12 is_stmt 0             @ ../Drivers/STM32H7xx_HAL_Driver/Src/stm32h7xx_hal_dma.c:1269:12
	lsls	r2, r2, #13
.Ltmp1289:
	.loc	2 0 0                           @ ../Drivers/STM32H7xx_HAL_Driver/Src/stm32h7xx_hal_dma.c:0:0
	ldr	r2, [r1]
.Ltmp1290:
	.loc	2 1269 12                       @ ../Drivers/STM32H7xx_HAL_Driver/Src/stm32h7xx_hal_dma.c:1269:12
	bmi	.LBB9_156
.Ltmp1291:
@ %bb.154:
	@DEBUG_VALUE: HAL_DMA_IRQHandler:tmpisr_dma <- $r6
	@DEBUG_VALUE: HAL_DMA_IRQHandler:regs_dma <- $r5
	@DEBUG_VALUE: HAL_DMA_IRQHandler:regs_bdma <- $r5
	@DEBUG_VALUE: HAL_DMA_IRQHandler:count <- [DW_OP_plus_uconst 4, DW_OP_deref] $sp
	@DEBUG_VALUE: HAL_DMA_IRQHandler:hdma <- $r0
	.loc	2 1293 14 is_stmt 1             @ ../Drivers/STM32H7xx_HAL_Driver/Src/stm32h7xx_hal_dma.c:1293:14
	lsls	r2, r2, #23
	bmi	.LBB9_157
.Ltmp1292:
@ %bb.155:
	@DEBUG_VALUE: HAL_DMA_IRQHandler:tmpisr_dma <- $r6
	@DEBUG_VALUE: HAL_DMA_IRQHandler:regs_dma <- $r5
	@DEBUG_VALUE: HAL_DMA_IRQHandler:regs_bdma <- $r5
	@DEBUG_VALUE: HAL_DMA_IRQHandler:count <- [DW_OP_plus_uconst 4, DW_OP_deref] $sp
	@DEBUG_VALUE: HAL_DMA_IRQHandler:hdma <- $r0
	.loc	2 1296 59                       @ ../Drivers/STM32H7xx_HAL_Driver/Src/stm32h7xx_hal_dma.c:1296:59
	ldr	r2, [r1]
	bic	r2, r2, #8
	str	r2, [r1]
.Ltmp1293:
	.loc	2 0 0 is_stmt 0                 @ ../Drivers/STM32H7xx_HAL_Driver/Src/stm32h7xx_hal_dma.c:0:0
	ldr	r1, [r0, #64]
	cbnz	r1, .LBB9_158
	b	.LBB9_159
.Ltmp1294:
	.p2align	2
.LBB9_156:
	@DEBUG_VALUE: HAL_DMA_IRQHandler:tmpisr_dma <- $r6
	@DEBUG_VALUE: HAL_DMA_IRQHandler:regs_dma <- $r5
	@DEBUG_VALUE: HAL_DMA_IRQHandler:regs_bdma <- $r5
	@DEBUG_VALUE: HAL_DMA_IRQHandler:count <- [DW_OP_plus_uconst 4, DW_OP_deref] $sp
	@DEBUG_VALUE: HAL_DMA_IRQHandler:hdma <- $r0
	.loc	2 1272 14 is_stmt 1             @ ../Drivers/STM32H7xx_HAL_Driver/Src/stm32h7xx_hal_dma.c:1272:14
	lsls	r1, r2, #12
	bmi	.LBB9_175
.Ltmp1295:
.LBB9_157:
	@DEBUG_VALUE: HAL_DMA_IRQHandler:tmpisr_dma <- $r6
	@DEBUG_VALUE: HAL_DMA_IRQHandler:regs_dma <- $r5
	@DEBUG_VALUE: HAL_DMA_IRQHandler:regs_bdma <- $r5
	@DEBUG_VALUE: HAL_DMA_IRQHandler:count <- [DW_OP_plus_uconst 4, DW_OP_deref] $sp
	@DEBUG_VALUE: HAL_DMA_IRQHandler:hdma <- $r0
	.loc	2 0 0 is_stmt 0                 @ ../Drivers/STM32H7xx_HAL_Driver/Src/stm32h7xx_hal_dma.c:0:0
	ldr	r1, [r0, #64]
	cbz	r1, .LBB9_159
.Ltmp1296:
.LBB9_158:
	@DEBUG_VALUE: HAL_DMA_IRQHandler:tmpisr_dma <- $r6
	@DEBUG_VALUE: HAL_DMA_IRQHandler:regs_dma <- $r5
	@DEBUG_VALUE: HAL_DMA_IRQHandler:regs_bdma <- $r5
	@DEBUG_VALUE: HAL_DMA_IRQHandler:count <- [DW_OP_plus_uconst 4, DW_OP_deref] $sp
	@DEBUG_VALUE: HAL_DMA_IRQHandler:hdma <- $r0
	mov	r4, r0
	blx	r1
.Ltmp1297:
	@DEBUG_VALUE: HAL_DMA_IRQHandler:hdma <- [DW_OP_LLVM_entry_value 1] $r0
	mov	r0, r4
.Ltmp1298:
.LBB9_159:
	@DEBUG_VALUE: HAL_DMA_IRQHandler:tmpisr_dma <- $r6
	@DEBUG_VALUE: HAL_DMA_IRQHandler:regs_dma <- $r5
	@DEBUG_VALUE: HAL_DMA_IRQHandler:regs_bdma <- $r5
	@DEBUG_VALUE: HAL_DMA_IRQHandler:count <- [DW_OP_plus_uconst 4, DW_OP_deref] $sp
	@DEBUG_VALUE: HAL_DMA_IRQHandler:timeout <- undef
	.loc	2 1308 51 is_stmt 1             @ ../Drivers/STM32H7xx_HAL_Driver/Src/stm32h7xx_hal_dma.c:1308:51
	ldr	r1, [r0, #92]
	.loc	2 1308 63 is_stmt 0             @ ../Drivers/STM32H7xx_HAL_Driver/Src/stm32h7xx_hal_dma.c:1308:63
	and	r2, r1, #31
	movs	r1, #32
	.loc	2 1308 41                       @ ../Drivers/STM32H7xx_HAL_Driver/Src/stm32h7xx_hal_dma.c:1308:41
	lsl.w	r3, r1, r2
.Ltmp1299:
	.loc	2 1308 9                        @ ../Drivers/STM32H7xx_HAL_Driver/Src/stm32h7xx_hal_dma.c:1308:9
	tst	r3, r6
	beq.w	.LBB9_197
.Ltmp1300:
@ %bb.160:
	@DEBUG_VALUE: HAL_DMA_IRQHandler:tmpisr_dma <- $r6
	@DEBUG_VALUE: HAL_DMA_IRQHandler:regs_dma <- $r5
	@DEBUG_VALUE: HAL_DMA_IRQHandler:regs_bdma <- $r5
	@DEBUG_VALUE: HAL_DMA_IRQHandler:count <- [DW_OP_plus_uconst 4, DW_OP_deref] $sp
	.loc	2 1310 10 is_stmt 1             @ ../Drivers/STM32H7xx_HAL_Driver/Src/stm32h7xx_hal_dma.c:1310:10
	ldr	r1, [r0]
	movs	r7, #16
	cmp	r1, r10
	bgt	.LBB9_165
.Ltmp1301:
@ %bb.161:
	@DEBUG_VALUE: HAL_DMA_IRQHandler:tmpisr_dma <- $r6
	@DEBUG_VALUE: HAL_DMA_IRQHandler:regs_dma <- $r5
	@DEBUG_VALUE: HAL_DMA_IRQHandler:regs_bdma <- $r5
	@DEBUG_VALUE: HAL_DMA_IRQHandler:count <- [DW_OP_plus_uconst 4, DW_OP_deref] $sp
	.loc	2 0 10 is_stmt 0                @ ../Drivers/STM32H7xx_HAL_Driver/Src/stm32h7xx_hal_dma.c:0:10
	movs	r6, #111
.Ltmp1302:
	movt	r6, #16386
	.loc	2 1310 10                       @ ../Drivers/STM32H7xx_HAL_Driver/Src/stm32h7xx_hal_dma.c:1310:10
	cmp	r1, r6
	bgt	.LBB9_169
.Ltmp1303:
@ %bb.162:
	@DEBUG_VALUE: HAL_DMA_IRQHandler:regs_dma <- $r5
	@DEBUG_VALUE: HAL_DMA_IRQHandler:regs_bdma <- $r5
	@DEBUG_VALUE: HAL_DMA_IRQHandler:count <- [DW_OP_plus_uconst 4, DW_OP_deref] $sp
	.loc	2 0 10                          @ ../Drivers/STM32H7xx_HAL_Driver/Src/stm32h7xx_hal_dma.c:0:10
	movs	r6, #63
	movt	r6, #16386
	.loc	2 1310 10                       @ ../Drivers/STM32H7xx_HAL_Driver/Src/stm32h7xx_hal_dma.c:1310:10
	cmp	r1, r6
	bgt	.LBB9_176
.Ltmp1304:
@ %bb.163:
	@DEBUG_VALUE: HAL_DMA_IRQHandler:regs_dma <- $r5
	@DEBUG_VALUE: HAL_DMA_IRQHandler:regs_bdma <- $r5
	@DEBUG_VALUE: HAL_DMA_IRQHandler:count <- [DW_OP_plus_uconst 4, DW_OP_deref] $sp
	.loc	2 0 10                          @ ../Drivers/STM32H7xx_HAL_Driver/Src/stm32h7xx_hal_dma.c:0:10
	movs	r6, #16
	movt	r6, #16386
	.loc	2 1310 10                       @ ../Drivers/STM32H7xx_HAL_Driver/Src/stm32h7xx_hal_dma.c:1310:10
	cmp	r1, r6
	beq	.LBB9_185
.Ltmp1305:
@ %bb.164:
	@DEBUG_VALUE: HAL_DMA_IRQHandler:regs_dma <- $r5
	@DEBUG_VALUE: HAL_DMA_IRQHandler:regs_bdma <- $r5
	@DEBUG_VALUE: HAL_DMA_IRQHandler:count <- [DW_OP_plus_uconst 4, DW_OP_deref] $sp
	.loc	2 0 10                          @ ../Drivers/STM32H7xx_HAL_Driver/Src/stm32h7xx_hal_dma.c:0:10
	movs	r6, #40
	b	.LBB9_184
.Ltmp1306:
	.p2align	2
.LBB9_165:
	@DEBUG_VALUE: HAL_DMA_IRQHandler:tmpisr_dma <- $r6
	@DEBUG_VALUE: HAL_DMA_IRQHandler:regs_dma <- $r5
	@DEBUG_VALUE: HAL_DMA_IRQHandler:regs_bdma <- $r5
	@DEBUG_VALUE: HAL_DMA_IRQHandler:count <- [DW_OP_plus_uconst 4, DW_OP_deref] $sp
	.loc	2 1310 10                       @ ../Drivers/STM32H7xx_HAL_Driver/Src/stm32h7xx_hal_dma.c:1310:10
	cmp	r1, r9
	bgt	.LBB9_172
.Ltmp1307:
@ %bb.166:
	@DEBUG_VALUE: HAL_DMA_IRQHandler:tmpisr_dma <- $r6
	@DEBUG_VALUE: HAL_DMA_IRQHandler:regs_dma <- $r5
	@DEBUG_VALUE: HAL_DMA_IRQHandler:regs_bdma <- $r5
	@DEBUG_VALUE: HAL_DMA_IRQHandler:count <- [DW_OP_plus_uconst 4, DW_OP_deref] $sp
	.loc	2 0 10                          @ ../Drivers/STM32H7xx_HAL_Driver/Src/stm32h7xx_hal_dma.c:0:10
	movw	r6, #1087
.Ltmp1308:
	movt	r6, #16386
	.loc	2 1310 10                       @ ../Drivers/STM32H7xx_HAL_Driver/Src/stm32h7xx_hal_dma.c:1310:10
	cmp	r1, r6
	bgt	.LBB9_178
.Ltmp1309:
@ %bb.167:
	@DEBUG_VALUE: HAL_DMA_IRQHandler:regs_dma <- $r5
	@DEBUG_VALUE: HAL_DMA_IRQHandler:regs_bdma <- $r5
	@DEBUG_VALUE: HAL_DMA_IRQHandler:count <- [DW_OP_plus_uconst 4, DW_OP_deref] $sp
	.loc	2 0 10                          @ ../Drivers/STM32H7xx_HAL_Driver/Src/stm32h7xx_hal_dma.c:0:10
	movw	r6, #1040
	movt	r6, #16386
	.loc	2 1310 10                       @ ../Drivers/STM32H7xx_HAL_Driver/Src/stm32h7xx_hal_dma.c:1310:10
	cmp	r1, r6
	beq	.LBB9_185
.Ltmp1310:
@ %bb.168:
	@DEBUG_VALUE: HAL_DMA_IRQHandler:regs_dma <- $r5
	@DEBUG_VALUE: HAL_DMA_IRQHandler:regs_bdma <- $r5
	@DEBUG_VALUE: HAL_DMA_IRQHandler:count <- [DW_OP_plus_uconst 4, DW_OP_deref] $sp
	.loc	2 0 10                          @ ../Drivers/STM32H7xx_HAL_Driver/Src/stm32h7xx_hal_dma.c:0:10
	movw	r6, #1064
	b	.LBB9_184
.Ltmp1311:
	.p2align	2
.LBB9_169:
	@DEBUG_VALUE: HAL_DMA_IRQHandler:regs_dma <- $r5
	@DEBUG_VALUE: HAL_DMA_IRQHandler:regs_bdma <- $r5
	@DEBUG_VALUE: HAL_DMA_IRQHandler:count <- [DW_OP_plus_uconst 4, DW_OP_deref] $sp
	movs	r6, #159
	movt	r6, #16386
	.loc	2 1310 10                       @ ../Drivers/STM32H7xx_HAL_Driver/Src/stm32h7xx_hal_dma.c:1310:10
	cmp	r1, r6
	bgt	.LBB9_180
.Ltmp1312:
@ %bb.170:
	@DEBUG_VALUE: HAL_DMA_IRQHandler:regs_dma <- $r5
	@DEBUG_VALUE: HAL_DMA_IRQHandler:regs_bdma <- $r5
	@DEBUG_VALUE: HAL_DMA_IRQHandler:count <- [DW_OP_plus_uconst 4, DW_OP_deref] $sp
	.loc	2 0 10                          @ ../Drivers/STM32H7xx_HAL_Driver/Src/stm32h7xx_hal_dma.c:0:10
	movs	r6, #112
	movt	r6, #16386
	.loc	2 1310 10                       @ ../Drivers/STM32H7xx_HAL_Driver/Src/stm32h7xx_hal_dma.c:1310:10
	cmp	r1, r6
	beq	.LBB9_185
.Ltmp1313:
@ %bb.171:
	@DEBUG_VALUE: HAL_DMA_IRQHandler:regs_dma <- $r5
	@DEBUG_VALUE: HAL_DMA_IRQHandler:regs_bdma <- $r5
	@DEBUG_VALUE: HAL_DMA_IRQHandler:count <- [DW_OP_plus_uconst 4, DW_OP_deref] $sp
	.loc	2 0 10                          @ ../Drivers/STM32H7xx_HAL_Driver/Src/stm32h7xx_hal_dma.c:0:10
	movs	r6, #136
	b	.LBB9_184
.Ltmp1314:
	.p2align	2
.LBB9_172:
	@DEBUG_VALUE: HAL_DMA_IRQHandler:tmpisr_dma <- $r6
	@DEBUG_VALUE: HAL_DMA_IRQHandler:regs_dma <- $r5
	@DEBUG_VALUE: HAL_DMA_IRQHandler:regs_bdma <- $r5
	@DEBUG_VALUE: HAL_DMA_IRQHandler:count <- [DW_OP_plus_uconst 4, DW_OP_deref] $sp
	movw	r6, #1183
.Ltmp1315:
	movt	r6, #16386
	.loc	2 1310 10                       @ ../Drivers/STM32H7xx_HAL_Driver/Src/stm32h7xx_hal_dma.c:1310:10
	cmp	r1, r6
	bgt	.LBB9_182
.Ltmp1316:
@ %bb.173:
	@DEBUG_VALUE: HAL_DMA_IRQHandler:regs_dma <- $r5
	@DEBUG_VALUE: HAL_DMA_IRQHandler:regs_bdma <- $r5
	@DEBUG_VALUE: HAL_DMA_IRQHandler:count <- [DW_OP_plus_uconst 4, DW_OP_deref] $sp
	.loc	2 0 10                          @ ../Drivers/STM32H7xx_HAL_Driver/Src/stm32h7xx_hal_dma.c:0:10
	movw	r6, #1136
	movt	r6, #16386
	.loc	2 1310 10                       @ ../Drivers/STM32H7xx_HAL_Driver/Src/stm32h7xx_hal_dma.c:1310:10
	cmp	r1, r6
	beq	.LBB9_185
.Ltmp1317:
@ %bb.174:
	@DEBUG_VALUE: HAL_DMA_IRQHandler:regs_dma <- $r5
	@DEBUG_VALUE: HAL_DMA_IRQHandler:regs_bdma <- $r5
	@DEBUG_VALUE: HAL_DMA_IRQHandler:count <- [DW_OP_plus_uconst 4, DW_OP_deref] $sp
	.loc	2 0 10                          @ ../Drivers/STM32H7xx_HAL_Driver/Src/stm32h7xx_hal_dma.c:0:10
	movw	r6, #1160
	b	.LBB9_184
.Ltmp1318:
	.p2align	2
.LBB9_175:
	@DEBUG_VALUE: HAL_DMA_IRQHandler:tmpisr_dma <- $r6
	@DEBUG_VALUE: HAL_DMA_IRQHandler:regs_dma <- $r5
	@DEBUG_VALUE: HAL_DMA_IRQHandler:regs_bdma <- $r5
	@DEBUG_VALUE: HAL_DMA_IRQHandler:count <- [DW_OP_plus_uconst 4, DW_OP_deref] $sp
	@DEBUG_VALUE: HAL_DMA_IRQHandler:hdma <- $r0
	.loc	2 1283 22 is_stmt 1             @ ../Drivers/STM32H7xx_HAL_Driver/Src/stm32h7xx_hal_dma.c:1283:22
	ldr	r1, [r0, #72]
.Ltmp1319:
	.loc	2 0 0 is_stmt 0                 @ ../Drivers/STM32H7xx_HAL_Driver/Src/stm32h7xx_hal_dma.c:0:0
	cmp	r1, #0
	bne	.LBB9_158
	b	.LBB9_159
.Ltmp1320:
	.p2align	2
.LBB9_176:
	@DEBUG_VALUE: HAL_DMA_IRQHandler:regs_dma <- $r5
	@DEBUG_VALUE: HAL_DMA_IRQHandler:regs_bdma <- $r5
	@DEBUG_VALUE: HAL_DMA_IRQHandler:count <- [DW_OP_plus_uconst 4, DW_OP_deref] $sp
	movs	r6, #64
	movt	r6, #16386
.Ltmp1321:
	.loc	2 1310 10 is_stmt 1             @ ../Drivers/STM32H7xx_HAL_Driver/Src/stm32h7xx_hal_dma.c:1310:10
	cmp	r1, r6
	beq	.LBB9_185
.Ltmp1322:
@ %bb.177:
	@DEBUG_VALUE: HAL_DMA_IRQHandler:regs_dma <- $r5
	@DEBUG_VALUE: HAL_DMA_IRQHandler:regs_bdma <- $r5
	@DEBUG_VALUE: HAL_DMA_IRQHandler:count <- [DW_OP_plus_uconst 4, DW_OP_deref] $sp
	.loc	2 0 10 is_stmt 0                @ ../Drivers/STM32H7xx_HAL_Driver/Src/stm32h7xx_hal_dma.c:0:10
	movs	r6, #88
	b	.LBB9_184
.Ltmp1323:
	.p2align	2
.LBB9_178:
	@DEBUG_VALUE: HAL_DMA_IRQHandler:regs_dma <- $r5
	@DEBUG_VALUE: HAL_DMA_IRQHandler:regs_bdma <- $r5
	@DEBUG_VALUE: HAL_DMA_IRQHandler:count <- [DW_OP_plus_uconst 4, DW_OP_deref] $sp
	movw	r6, #1088
	movt	r6, #16386
	.loc	2 1310 10                       @ ../Drivers/STM32H7xx_HAL_Driver/Src/stm32h7xx_hal_dma.c:1310:10
	cmp	r1, r6
	beq	.LBB9_185
.Ltmp1324:
@ %bb.179:
	@DEBUG_VALUE: HAL_DMA_IRQHandler:regs_dma <- $r5
	@DEBUG_VALUE: HAL_DMA_IRQHandler:regs_bdma <- $r5
	@DEBUG_VALUE: HAL_DMA_IRQHandler:count <- [DW_OP_plus_uconst 4, DW_OP_deref] $sp
	.loc	2 0 10                          @ ../Drivers/STM32H7xx_HAL_Driver/Src/stm32h7xx_hal_dma.c:0:10
	movw	r6, #1112
	b	.LBB9_184
.Ltmp1325:
	.p2align	2
.LBB9_180:
	@DEBUG_VALUE: HAL_DMA_IRQHandler:regs_dma <- $r5
	@DEBUG_VALUE: HAL_DMA_IRQHandler:regs_bdma <- $r5
	@DEBUG_VALUE: HAL_DMA_IRQHandler:count <- [DW_OP_plus_uconst 4, DW_OP_deref] $sp
	movs	r6, #160
	movt	r6, #16386
	.loc	2 1310 10                       @ ../Drivers/STM32H7xx_HAL_Driver/Src/stm32h7xx_hal_dma.c:1310:10
	cmp	r1, r6
	beq	.LBB9_185
.Ltmp1326:
@ %bb.181:
	@DEBUG_VALUE: HAL_DMA_IRQHandler:regs_dma <- $r5
	@DEBUG_VALUE: HAL_DMA_IRQHandler:regs_bdma <- $r5
	@DEBUG_VALUE: HAL_DMA_IRQHandler:count <- [DW_OP_plus_uconst 4, DW_OP_deref] $sp
	.loc	2 0 10                          @ ../Drivers/STM32H7xx_HAL_Driver/Src/stm32h7xx_hal_dma.c:0:10
	movs	r6, #184
	b	.LBB9_184
.Ltmp1327:
	.p2align	2
.LBB9_182:
	@DEBUG_VALUE: HAL_DMA_IRQHandler:regs_dma <- $r5
	@DEBUG_VALUE: HAL_DMA_IRQHandler:regs_bdma <- $r5
	@DEBUG_VALUE: HAL_DMA_IRQHandler:count <- [DW_OP_plus_uconst 4, DW_OP_deref] $sp
	movw	r6, #1184
	movt	r6, #16386
	.loc	2 1310 10                       @ ../Drivers/STM32H7xx_HAL_Driver/Src/stm32h7xx_hal_dma.c:1310:10
	cmp	r1, r6
	beq	.LBB9_185
.Ltmp1328:
@ %bb.183:
	@DEBUG_VALUE: HAL_DMA_IRQHandler:regs_dma <- $r5
	@DEBUG_VALUE: HAL_DMA_IRQHandler:regs_bdma <- $r5
	@DEBUG_VALUE: HAL_DMA_IRQHandler:count <- [DW_OP_plus_uconst 4, DW_OP_deref] $sp
	.loc	2 0 10                          @ ../Drivers/STM32H7xx_HAL_Driver/Src/stm32h7xx_hal_dma.c:0:10
	movw	r6, #1208
.Ltmp1329:
.LBB9_184:
	@DEBUG_VALUE: HAL_DMA_IRQHandler:regs_dma <- $r5
	@DEBUG_VALUE: HAL_DMA_IRQHandler:regs_bdma <- $r5
	@DEBUG_VALUE: HAL_DMA_IRQHandler:count <- [DW_OP_plus_uconst 4, DW_OP_deref] $sp
	movt	r6, #16386
	.loc	2 1310 10                       @ ../Drivers/STM32H7xx_HAL_Driver/Src/stm32h7xx_hal_dma.c:1310:10
	cmp	r1, r6
	it	ne
	movne	r7, #2
.Ltmp1330:
.LBB9_185:
	@DEBUG_VALUE: HAL_DMA_IRQHandler:regs_dma <- $r5
	@DEBUG_VALUE: HAL_DMA_IRQHandler:regs_bdma <- $r5
	@DEBUG_VALUE: HAL_DMA_IRQHandler:count <- [DW_OP_plus_uconst 4, DW_OP_deref] $sp
	ldr	r6, [r1]
.Ltmp1331:
	.loc	2 1310 10                       @ ../Drivers/STM32H7xx_HAL_Driver/Src/stm32h7xx_hal_dma.c:1310:10
	tst	r6, r7
	beq	.LBB9_197
.Ltmp1332:
@ %bb.186:
	@DEBUG_VALUE: HAL_DMA_IRQHandler:regs_dma <- $r5
	@DEBUG_VALUE: HAL_DMA_IRQHandler:regs_bdma <- $r5
	@DEBUG_VALUE: HAL_DMA_IRQHandler:count <- [DW_OP_plus_uconst 4, DW_OP_deref] $sp
	.loc	2 1313 24 is_stmt 1             @ ../Drivers/STM32H7xx_HAL_Driver/Src/stm32h7xx_hal_dma.c:1313:24
	str	r3, [r5, #8]
.Ltmp1333:
	.loc	2 1315 41                       @ ../Drivers/STM32H7xx_HAL_Driver/Src/stm32h7xx_hal_dma.c:1315:41
	ldrb.w	r3, [r0, #53]
.Ltmp1334:
	.loc	2 1315 12 is_stmt 0             @ ../Drivers/STM32H7xx_HAL_Driver/Src/stm32h7xx_hal_dma.c:1315:12
	cmp	r3, #4
	.loc	2 0 0                           @ ../Drivers/STM32H7xx_HAL_Driver/Src/stm32h7xx_hal_dma.c:0:0
	ldr	r3, [r1]
	.loc	2 1315 12                       @ ../Drivers/STM32H7xx_HAL_Driver/Src/stm32h7xx_hal_dma.c:1315:12
	bne	.LBB9_191
.Ltmp1335:
@ %bb.187:
	@DEBUG_VALUE: HAL_DMA_IRQHandler:regs_dma <- $r5
	@DEBUG_VALUE: HAL_DMA_IRQHandler:regs_bdma <- $r5
	@DEBUG_VALUE: HAL_DMA_IRQHandler:count <- [DW_OP_plus_uconst 4, DW_OP_deref] $sp
	.loc	2 1318 57 is_stmt 1             @ ../Drivers/STM32H7xx_HAL_Driver/Src/stm32h7xx_hal_dma.c:1318:57
	bic	r3, r3, #22
	str	r3, [r1]
	.loc	2 1319 57                       @ ../Drivers/STM32H7xx_HAL_Driver/Src/stm32h7xx_hal_dma.c:1319:57
	ldr	r3, [r1, #20]
	bic	r3, r3, #128
	str	r3, [r1, #20]
.Ltmp1336:
	.loc	2 1321 21                       @ ../Drivers/STM32H7xx_HAL_Driver/Src/stm32h7xx_hal_dma.c:1321:21
	ldr	r3, [r0, #64]
	.loc	2 1321 51 is_stmt 0             @ ../Drivers/STM32H7xx_HAL_Driver/Src/stm32h7xx_hal_dma.c:1321:51
	cbnz	r3, .LBB9_189
.Ltmp1337:
@ %bb.188:
	@DEBUG_VALUE: HAL_DMA_IRQHandler:regs_dma <- $r5
	@DEBUG_VALUE: HAL_DMA_IRQHandler:regs_bdma <- $r5
	@DEBUG_VALUE: HAL_DMA_IRQHandler:count <- [DW_OP_plus_uconst 4, DW_OP_deref] $sp
	.loc	2 1321 61                       @ ../Drivers/STM32H7xx_HAL_Driver/Src/stm32h7xx_hal_dma.c:1321:61
	ldr	r3, [r0, #72]
.Ltmp1338:
	.loc	2 1321 14                       @ ../Drivers/STM32H7xx_HAL_Driver/Src/stm32h7xx_hal_dma.c:1321:14
	cbz	r3, .LBB9_190
.Ltmp1339:
.LBB9_189:
	@DEBUG_VALUE: HAL_DMA_IRQHandler:regs_dma <- $r5
	@DEBUG_VALUE: HAL_DMA_IRQHandler:regs_bdma <- $r5
	@DEBUG_VALUE: HAL_DMA_IRQHandler:count <- [DW_OP_plus_uconst 4, DW_OP_deref] $sp
	.loc	2 1323 59 is_stmt 1             @ ../Drivers/STM32H7xx_HAL_Driver/Src/stm32h7xx_hal_dma.c:1323:59
	ldr	r3, [r1]
	bic	r3, r3, #8
	str	r3, [r1]
.Ltmp1340:
.LBB9_190:
	@DEBUG_VALUE: HAL_DMA_IRQHandler:regs_dma <- $r5
	@DEBUG_VALUE: HAL_DMA_IRQHandler:regs_bdma <- $r5
	@DEBUG_VALUE: HAL_DMA_IRQHandler:count <- [DW_OP_plus_uconst 4, DW_OP_deref] $sp
	.loc	2 0 59 is_stmt 0                @ ../Drivers/STM32H7xx_HAL_Driver/Src/stm32h7xx_hal_dma.c:0:59
	movs	r1, #63
	.loc	2 1327 35 is_stmt 1             @ ../Drivers/STM32H7xx_HAL_Driver/Src/stm32h7xx_hal_dma.c:1327:35
	lsls	r1, r2
	.loc	2 1327 26 is_stmt 0             @ ../Drivers/STM32H7xx_HAL_Driver/Src/stm32h7xx_hal_dma.c:1327:26
	str	r1, [r5, #8]
	movs	r1, #1
	.loc	2 1330 23 is_stmt 1             @ ../Drivers/STM32H7xx_HAL_Driver/Src/stm32h7xx_hal_dma.c:1330:23
	strb.w	r1, [r0, #53]
.Ltmp1341:
	.loc	2 1335 20                       @ ../Drivers/STM32H7xx_HAL_Driver/Src/stm32h7xx_hal_dma.c:1335:20
	ldr	r1, [r0, #80]
.Ltmp1342:
	.loc	2 0 0 is_stmt 0                 @ ../Drivers/STM32H7xx_HAL_Driver/Src/stm32h7xx_hal_dma.c:0:0
	cmp	r1, #0
	mov.w	r2, #0
	strb.w	r2, [r0, #52]
	bne	.LBB9_211
	b	.LBB9_212
.Ltmp1343:
	.p2align	2
.LBB9_191:
	@DEBUG_VALUE: HAL_DMA_IRQHandler:regs_dma <- $r5
	@DEBUG_VALUE: HAL_DMA_IRQHandler:regs_bdma <- $r5
	@DEBUG_VALUE: HAL_DMA_IRQHandler:count <- [DW_OP_plus_uconst 4, DW_OP_deref] $sp
	.loc	2 1342 12 is_stmt 1             @ ../Drivers/STM32H7xx_HAL_Driver/Src/stm32h7xx_hal_dma.c:1342:12
	lsls	r2, r3, #13
.Ltmp1344:
	.loc	2 0 0 is_stmt 0                 @ ../Drivers/STM32H7xx_HAL_Driver/Src/stm32h7xx_hal_dma.c:0:0
	ldr	r2, [r1]
.Ltmp1345:
	.loc	2 1342 12                       @ ../Drivers/STM32H7xx_HAL_Driver/Src/stm32h7xx_hal_dma.c:1342:12
	bmi	.LBB9_194
.Ltmp1346:
@ %bb.192:
	@DEBUG_VALUE: HAL_DMA_IRQHandler:regs_dma <- $r5
	@DEBUG_VALUE: HAL_DMA_IRQHandler:regs_bdma <- $r5
	@DEBUG_VALUE: HAL_DMA_IRQHandler:count <- [DW_OP_plus_uconst 4, DW_OP_deref] $sp
	.loc	2 1366 14 is_stmt 1             @ ../Drivers/STM32H7xx_HAL_Driver/Src/stm32h7xx_hal_dma.c:1366:14
	lsls	r2, r2, #23
	bmi	.LBB9_195
.Ltmp1347:
@ %bb.193:
	@DEBUG_VALUE: HAL_DMA_IRQHandler:regs_dma <- $r5
	@DEBUG_VALUE: HAL_DMA_IRQHandler:regs_bdma <- $r5
	@DEBUG_VALUE: HAL_DMA_IRQHandler:count <- [DW_OP_plus_uconst 4, DW_OP_deref] $sp
	.loc	2 1369 59                       @ ../Drivers/STM32H7xx_HAL_Driver/Src/stm32h7xx_hal_dma.c:1369:59
	ldr	r2, [r1]
	bic	r2, r2, #16
	str	r2, [r1]
	movs	r1, #1
	.loc	2 1372 25                       @ ../Drivers/STM32H7xx_HAL_Driver/Src/stm32h7xx_hal_dma.c:1372:25
	strb.w	r1, [r0, #53]
	movs	r1, #0
.Ltmp1348:
	.loc	2 1375 13                       @ ../Drivers/STM32H7xx_HAL_Driver/Src/stm32h7xx_hal_dma.c:1375:13
	strb.w	r1, [r0, #52]
.Ltmp1349:
	.loc	2 0 0 is_stmt 0                 @ ../Drivers/STM32H7xx_HAL_Driver/Src/stm32h7xx_hal_dma.c:0:0
	ldr	r1, [r0, #60]
	cbnz	r1, .LBB9_196
	b	.LBB9_197
.Ltmp1350:
	.p2align	2
.LBB9_194:
	@DEBUG_VALUE: HAL_DMA_IRQHandler:regs_dma <- $r5
	@DEBUG_VALUE: HAL_DMA_IRQHandler:regs_bdma <- $r5
	@DEBUG_VALUE: HAL_DMA_IRQHandler:count <- [DW_OP_plus_uconst 4, DW_OP_deref] $sp
	.loc	2 1345 14 is_stmt 1             @ ../Drivers/STM32H7xx_HAL_Driver/Src/stm32h7xx_hal_dma.c:1345:14
	lsls	r1, r2, #12
	bmi	.LBB9_217
.Ltmp1351:
.LBB9_195:
	@DEBUG_VALUE: HAL_DMA_IRQHandler:regs_dma <- $r5
	@DEBUG_VALUE: HAL_DMA_IRQHandler:regs_bdma <- $r5
	@DEBUG_VALUE: HAL_DMA_IRQHandler:count <- [DW_OP_plus_uconst 4, DW_OP_deref] $sp
	.loc	2 0 0 is_stmt 0                 @ ../Drivers/STM32H7xx_HAL_Driver/Src/stm32h7xx_hal_dma.c:0:0
	ldr	r1, [r0, #60]
	cbz	r1, .LBB9_197
.Ltmp1352:
.LBB9_196:
	@DEBUG_VALUE: HAL_DMA_IRQHandler:regs_dma <- $r5
	@DEBUG_VALUE: HAL_DMA_IRQHandler:regs_bdma <- $r5
	@DEBUG_VALUE: HAL_DMA_IRQHandler:count <- [DW_OP_plus_uconst 4, DW_OP_deref] $sp
	mov	r4, r0
	blx	r1
.Ltmp1353:
	mov	r0, r4
.Ltmp1354:
.LBB9_197:
	@DEBUG_VALUE: HAL_DMA_IRQHandler:regs_dma <- $r5
	@DEBUG_VALUE: HAL_DMA_IRQHandler:regs_bdma <- $r5
	@DEBUG_VALUE: HAL_DMA_IRQHandler:count <- [DW_OP_plus_uconst 4, DW_OP_deref] $sp
	@DEBUG_VALUE: HAL_DMA_IRQHandler:timeout <- undef
	.loc	2 1388 14 is_stmt 1             @ ../Drivers/STM32H7xx_HAL_Driver/Src/stm32h7xx_hal_dma.c:1388:14
	ldr	r1, [r0, #84]
.Ltmp1355:
	.loc	2 1388 8 is_stmt 0              @ ../Drivers/STM32H7xx_HAL_Driver/Src/stm32h7xx_hal_dma.c:1388:8
	cmp	r1, #0
	beq	.LBB9_212
.Ltmp1356:
@ %bb.198:
	@DEBUG_VALUE: HAL_DMA_IRQHandler:regs_dma <- $r5
	@DEBUG_VALUE: HAL_DMA_IRQHandler:regs_bdma <- $r5
	@DEBUG_VALUE: HAL_DMA_IRQHandler:count <- [DW_OP_plus_uconst 4, DW_OP_deref] $sp
	@DEBUG_VALUE: HAL_DMA_IRQHandler:timeout <- undef
	.loc	2 1390 17 is_stmt 1             @ ../Drivers/STM32H7xx_HAL_Driver/Src/stm32h7xx_hal_dma.c:1390:17
	ldr	r1, [r0, #84]
.Ltmp1357:
	.loc	2 1390 10 is_stmt 0             @ ../Drivers/STM32H7xx_HAL_Driver/Src/stm32h7xx_hal_dma.c:1390:10
	lsls	r1, r1, #31
	beq	.LBB9_209
.Ltmp1358:
@ %bb.199:
	@DEBUG_VALUE: HAL_DMA_IRQHandler:regs_dma <- $r5
	@DEBUG_VALUE: HAL_DMA_IRQHandler:regs_bdma <- $r5
	@DEBUG_VALUE: HAL_DMA_IRQHandler:count <- [DW_OP_plus_uconst 4, DW_OP_deref] $sp
	.loc	2 0 10                          @ ../Drivers/STM32H7xx_HAL_Driver/Src/stm32h7xx_hal_dma.c:0:10
	movs	r1, #4
.Ltmp1359:
	.loc	2 1392 21 is_stmt 1             @ ../Drivers/STM32H7xx_HAL_Driver/Src/stm32h7xx_hal_dma.c:1392:21
	strb.w	r1, [r0, #53]
	.loc	2 1395 9                        @ ../Drivers/STM32H7xx_HAL_Driver/Src/stm32h7xx_hal_dma.c:1395:9
	ldr	r1, [r0]
	lsr.w	r2, r8, #10
.Ltmp1360:
	@DEBUG_VALUE: HAL_DMA_IRQHandler:timeout <- $r2
	ldr	r3, [r1]
	bic	r3, r3, #1
	str	r3, [r1]
.Ltmp1361:
.LBB9_200:                              @ =>This Inner Loop Header: Depth=1
	@DEBUG_VALUE: HAL_DMA_IRQHandler:timeout <- $r2
	@DEBUG_VALUE: HAL_DMA_IRQHandler:regs_dma <- $r5
	@DEBUG_VALUE: HAL_DMA_IRQHandler:regs_bdma <- $r5
	@DEBUG_VALUE: HAL_DMA_IRQHandler:count <- [DW_OP_plus_uconst 4, DW_OP_deref] $sp
	.loc	2 1399 15                       @ ../Drivers/STM32H7xx_HAL_Driver/Src/stm32h7xx_hal_dma.c:1399:15
	ldr	r3, [sp, #4]
	adds	r3, #1
	str	r3, [sp, #4]
.Ltmp1362:
	.loc	2 1399 15 is_stmt 0             @ ../Drivers/STM32H7xx_HAL_Driver/Src/stm32h7xx_hal_dma.c:1399:15
	cmp	r3, r2
.Ltmp1363:
	@DEBUG_VALUE: HAL_DMA_IRQHandler:count <- [DW_OP_plus_uconst 1, DW_OP_stack_value] undef
	bhi	.LBB9_208
.Ltmp1364:
@ %bb.201:                              @   in Loop: Header=BB9_200 Depth=1
	@DEBUG_VALUE: HAL_DMA_IRQHandler:timeout <- $r2
	@DEBUG_VALUE: HAL_DMA_IRQHandler:regs_dma <- $r5
	@DEBUG_VALUE: HAL_DMA_IRQHandler:regs_bdma <- $r5
	.loc	2 1404 58 is_stmt 1             @ ../Drivers/STM32H7xx_HAL_Driver/Src/stm32h7xx_hal_dma.c:1404:58
	ldr	r3, [r1]
.Ltmp1365:
	.loc	2 1403 9                        @ ../Drivers/STM32H7xx_HAL_Driver/Src/stm32h7xx_hal_dma.c:1403:9
	lsls	r3, r3, #31
	beq	.LBB9_208
.Ltmp1366:
@ %bb.202:                              @   in Loop: Header=BB9_200 Depth=1
	@DEBUG_VALUE: HAL_DMA_IRQHandler:timeout <- $r2
	@DEBUG_VALUE: HAL_DMA_IRQHandler:regs_dma <- $r5
	@DEBUG_VALUE: HAL_DMA_IRQHandler:regs_bdma <- $r5
	.loc	2 1399 15                       @ ../Drivers/STM32H7xx_HAL_Driver/Src/stm32h7xx_hal_dma.c:1399:15
	ldr	r3, [sp, #4]
	adds	r3, #1
	str	r3, [sp, #4]
.Ltmp1367:
	.loc	2 1399 15 is_stmt 0             @ ../Drivers/STM32H7xx_HAL_Driver/Src/stm32h7xx_hal_dma.c:1399:15
	cmp	r3, r2
.Ltmp1368:
	@DEBUG_VALUE: HAL_DMA_IRQHandler:count <- [DW_OP_plus_uconst 1, DW_OP_stack_value] undef
	bhi	.LBB9_208
.Ltmp1369:
@ %bb.203:                              @   in Loop: Header=BB9_200 Depth=1
	@DEBUG_VALUE: HAL_DMA_IRQHandler:timeout <- $r2
	@DEBUG_VALUE: HAL_DMA_IRQHandler:regs_dma <- $r5
	@DEBUG_VALUE: HAL_DMA_IRQHandler:regs_bdma <- $r5
	.loc	2 1404 58 is_stmt 1             @ ../Drivers/STM32H7xx_HAL_Driver/Src/stm32h7xx_hal_dma.c:1404:58
	ldr	r3, [r1]
.Ltmp1370:
	.loc	2 1403 9                        @ ../Drivers/STM32H7xx_HAL_Driver/Src/stm32h7xx_hal_dma.c:1403:9
	lsls	r3, r3, #31
	beq	.LBB9_208
.Ltmp1371:
@ %bb.204:                              @   in Loop: Header=BB9_200 Depth=1
	@DEBUG_VALUE: HAL_DMA_IRQHandler:timeout <- $r2
	@DEBUG_VALUE: HAL_DMA_IRQHandler:regs_dma <- $r5
	@DEBUG_VALUE: HAL_DMA_IRQHandler:regs_bdma <- $r5
	.loc	2 1399 15                       @ ../Drivers/STM32H7xx_HAL_Driver/Src/stm32h7xx_hal_dma.c:1399:15
	ldr	r3, [sp, #4]
	adds	r3, #1
	str	r3, [sp, #4]
.Ltmp1372:
	.loc	2 1399 15 is_stmt 0             @ ../Drivers/STM32H7xx_HAL_Driver/Src/stm32h7xx_hal_dma.c:1399:15
	cmp	r3, r2
.Ltmp1373:
	@DEBUG_VALUE: HAL_DMA_IRQHandler:count <- [DW_OP_plus_uconst 1, DW_OP_stack_value] undef
	bhi	.LBB9_208
.Ltmp1374:
@ %bb.205:                              @   in Loop: Header=BB9_200 Depth=1
	@DEBUG_VALUE: HAL_DMA_IRQHandler:timeout <- $r2
	@DEBUG_VALUE: HAL_DMA_IRQHandler:regs_dma <- $r5
	@DEBUG_VALUE: HAL_DMA_IRQHandler:regs_bdma <- $r5
	.loc	2 1404 58 is_stmt 1             @ ../Drivers/STM32H7xx_HAL_Driver/Src/stm32h7xx_hal_dma.c:1404:58
	ldr	r3, [r1]
.Ltmp1375:
	.loc	2 1403 9                        @ ../Drivers/STM32H7xx_HAL_Driver/Src/stm32h7xx_hal_dma.c:1403:9
	lsls	r3, r3, #31
	beq	.LBB9_208
.Ltmp1376:
@ %bb.206:                              @   in Loop: Header=BB9_200 Depth=1
	@DEBUG_VALUE: HAL_DMA_IRQHandler:timeout <- $r2
	@DEBUG_VALUE: HAL_DMA_IRQHandler:regs_dma <- $r5
	@DEBUG_VALUE: HAL_DMA_IRQHandler:regs_bdma <- $r5
	.loc	2 1399 15                       @ ../Drivers/STM32H7xx_HAL_Driver/Src/stm32h7xx_hal_dma.c:1399:15
	ldr	r3, [sp, #4]
	adds	r3, #1
	str	r3, [sp, #4]
.Ltmp1377:
	@DEBUG_VALUE: HAL_DMA_IRQHandler:count <- [DW_OP_plus_uconst 4, DW_OP_deref] $sp
	.loc	2 1399 15 is_stmt 0             @ ../Drivers/STM32H7xx_HAL_Driver/Src/stm32h7xx_hal_dma.c:1399:15
	cmp	r3, r2
	bhi	.LBB9_208
.Ltmp1378:
@ %bb.207:                              @   in Loop: Header=BB9_200 Depth=1
	@DEBUG_VALUE: HAL_DMA_IRQHandler:timeout <- $r2
	@DEBUG_VALUE: HAL_DMA_IRQHandler:regs_dma <- $r5
	@DEBUG_VALUE: HAL_DMA_IRQHandler:regs_bdma <- $r5
	@DEBUG_VALUE: HAL_DMA_IRQHandler:count <- [DW_OP_plus_uconst 4, DW_OP_deref] $sp
	.loc	2 1404 58 is_stmt 1             @ ../Drivers/STM32H7xx_HAL_Driver/Src/stm32h7xx_hal_dma.c:1404:58
	ldr	r3, [r1]
.Ltmp1379:
	.loc	2 1403 9                        @ ../Drivers/STM32H7xx_HAL_Driver/Src/stm32h7xx_hal_dma.c:1403:9
	lsls	r3, r3, #31
	bne	.LBB9_200
.Ltmp1380:
.LBB9_208:
	@DEBUG_VALUE: HAL_DMA_IRQHandler:timeout <- $r2
	@DEBUG_VALUE: HAL_DMA_IRQHandler:regs_dma <- $r5
	@DEBUG_VALUE: HAL_DMA_IRQHandler:regs_bdma <- $r5
	.loc	2 1406 55                       @ ../Drivers/STM32H7xx_HAL_Driver/Src/stm32h7xx_hal_dma.c:1406:55
	ldr	r1, [r1]
	lsls	r1, r1, #31
	mov.w	r1, #3
	it	eq
	moveq	r1, #1
	.loc	2 0 0 is_stmt 0                 @ ../Drivers/STM32H7xx_HAL_Driver/Src/stm32h7xx_hal_dma.c:0:0
	strb.w	r1, [r0, #53]
	movs	r1, #0
.Ltmp1381:
	.loc	2 1418 9 is_stmt 1              @ ../Drivers/STM32H7xx_HAL_Driver/Src/stm32h7xx_hal_dma.c:1418:9
	strb.w	r1, [r0, #52]
.Ltmp1382:
.LBB9_209:
	@DEBUG_VALUE: HAL_DMA_IRQHandler:regs_dma <- $r5
	@DEBUG_VALUE: HAL_DMA_IRQHandler:regs_bdma <- $r5
	.loc	2 1421 16                       @ ../Drivers/STM32H7xx_HAL_Driver/Src/stm32h7xx_hal_dma.c:1421:16
	ldr	r1, [r0, #76]
.Ltmp1383:
.LBB9_210:
	@DEBUG_VALUE: HAL_DMA_IRQHandler:regs_dma <- $r5
	@DEBUG_VALUE: HAL_DMA_IRQHandler:regs_bdma <- $r5
	.loc	2 0 0 is_stmt 0                 @ ../Drivers/STM32H7xx_HAL_Driver/Src/stm32h7xx_hal_dma.c:0:0
	cbz	r1, .LBB9_212
.Ltmp1384:
.LBB9_211:
	@DEBUG_VALUE: HAL_DMA_IRQHandler:regs_dma <- $r5
	@DEBUG_VALUE: HAL_DMA_IRQHandler:regs_bdma <- $r5
	add	sp, #8
	pop.w	{r4, r5, r6, r7, r8, r9, r10, lr}
.Ltmp1385:
	bx	r1
.Ltmp1386:
	.p2align	2
.LBB9_212:
	@DEBUG_VALUE: HAL_DMA_IRQHandler:regs_dma <- $r5
	@DEBUG_VALUE: HAL_DMA_IRQHandler:regs_bdma <- $r5
	.loc	2 1563 1 epilogue_begin is_stmt 1 @ ../Drivers/STM32H7xx_HAL_Driver/Src/stm32h7xx_hal_dma.c:1563:1
	add	sp, #8
	pop.w	{r4, r5, r6, r7, r8, r9, r10, pc}
.Ltmp1387:
	.loc	2 0 1 is_stmt 0                 @ :0:1
.Ltmp1388:
	.p2align	2
.LBB9_213:
	@DEBUG_VALUE: HAL_DMA_IRQHandler:ccr_reg <- $r3
	@DEBUG_VALUE: HAL_DMA_IRQHandler:regs_dma <- $r5
	@DEBUG_VALUE: HAL_DMA_IRQHandler:regs_bdma <- $r5
	@DEBUG_VALUE: HAL_DMA_IRQHandler:count <- [DW_OP_plus_uconst 4, DW_OP_deref] $sp
	@DEBUG_VALUE: HAL_DMA_IRQHandler:hdma <- $r0
	.loc	2 1489 12 is_stmt 1             @ ../Drivers/STM32H7xx_HAL_Driver/Src/stm32h7xx_hal_dma.c:1489:12
	lsls	r1, r3, #15
	bmi	.LBB9_215
.Ltmp1389:
@ %bb.214:
	@DEBUG_VALUE: HAL_DMA_IRQHandler:ccr_reg <- $r3
	@DEBUG_VALUE: HAL_DMA_IRQHandler:regs_dma <- $r5
	@DEBUG_VALUE: HAL_DMA_IRQHandler:regs_bdma <- $r5
	@DEBUG_VALUE: HAL_DMA_IRQHandler:count <- [DW_OP_plus_uconst 4, DW_OP_deref] $sp
	@DEBUG_VALUE: HAL_DMA_IRQHandler:hdma <- $r0
	.loc	2 1491 20                       @ ../Drivers/STM32H7xx_HAL_Driver/Src/stm32h7xx_hal_dma.c:1491:20
	ldr	r1, [r0, #68]
.Ltmp1390:
	.loc	2 1491 14 is_stmt 0             @ ../Drivers/STM32H7xx_HAL_Driver/Src/stm32h7xx_hal_dma.c:1491:14
	b	.LBB9_210
.Ltmp1391:
	.loc	2 0 14                          @ :0:14
.Ltmp1392:
	.p2align	2
.LBB9_215:
	@DEBUG_VALUE: HAL_DMA_IRQHandler:ccr_reg <- $r3
	@DEBUG_VALUE: HAL_DMA_IRQHandler:regs_dma <- $r5
	@DEBUG_VALUE: HAL_DMA_IRQHandler:regs_bdma <- $r5
	@DEBUG_VALUE: HAL_DMA_IRQHandler:count <- [DW_OP_plus_uconst 4, DW_OP_deref] $sp
	@DEBUG_VALUE: HAL_DMA_IRQHandler:hdma <- $r0
	ldr	r1, [r0, #60]
	b	.LBB9_210
.Ltmp1393:
	.p2align	2
.LBB9_216:
	@DEBUG_VALUE: HAL_DMA_IRQHandler:ccr_reg <- $r3
	@DEBUG_VALUE: HAL_DMA_IRQHandler:regs_dma <- $r5
	@DEBUG_VALUE: HAL_DMA_IRQHandler:regs_bdma <- $r5
	@DEBUG_VALUE: HAL_DMA_IRQHandler:count <- [DW_OP_plus_uconst 4, DW_OP_deref] $sp
	@DEBUG_VALUE: HAL_DMA_IRQHandler:hdma <- $r0
	.loc	2 1444 20 is_stmt 1             @ ../Drivers/STM32H7xx_HAL_Driver/Src/stm32h7xx_hal_dma.c:1444:20
	ldr	r1, [r0, #72]
.Ltmp1394:
	.loc	2 1444 14 is_stmt 0             @ ../Drivers/STM32H7xx_HAL_Driver/Src/stm32h7xx_hal_dma.c:1444:14
	b	.LBB9_210
.Ltmp1395:
	.loc	2 0 14                          @ :0:14
.Ltmp1396:
	.p2align	2
.LBB9_217:
	@DEBUG_VALUE: HAL_DMA_IRQHandler:regs_dma <- $r5
	@DEBUG_VALUE: HAL_DMA_IRQHandler:regs_bdma <- $r5
	@DEBUG_VALUE: HAL_DMA_IRQHandler:count <- [DW_OP_plus_uconst 4, DW_OP_deref] $sp
	.loc	2 1347 22 is_stmt 1             @ ../Drivers/STM32H7xx_HAL_Driver/Src/stm32h7xx_hal_dma.c:1347:22
	ldr	r1, [r0, #68]
.Ltmp1397:
	.loc	2 0 0 is_stmt 0                 @ ../Drivers/STM32H7xx_HAL_Driver/Src/stm32h7xx_hal_dma.c:0:0
	cmp	r1, #0
	bne	.LBB9_196
	b	.LBB9_197
.Ltmp1398:
	.p2align	2
.LBB9_218:
	@DEBUG_VALUE: HAL_DMA_IRQHandler:tmpisr_dma <- $r6
	@DEBUG_VALUE: HAL_DMA_IRQHandler:regs_dma <- $r5
	@DEBUG_VALUE: HAL_DMA_IRQHandler:regs_bdma <- $r5
	@DEBUG_VALUE: HAL_DMA_IRQHandler:count <- [DW_OP_plus_uconst 4, DW_OP_deref] $sp
	@DEBUG_VALUE: HAL_DMA_IRQHandler:hdma <- $r0
	.loc	2 1239 10 is_stmt 1             @ ../Drivers/STM32H7xx_HAL_Driver/Src/stm32h7xx_hal_dma.c:1239:10
	ldr	r3, [r1]
.Ltmp1399:
	@DEBUG_VALUE: HAL_DMA_IRQHandler:timeout <- undef
	.loc	2 0 10 is_stmt 0                @ ../Drivers/STM32H7xx_HAL_Driver/Src/stm32h7xx_hal_dma.c:0:10
	movs	r3, #4
.Ltmp1400:
	.loc	2 1249 42 is_stmt 1             @ ../Drivers/STM32H7xx_HAL_Driver/Src/stm32h7xx_hal_dma.c:1249:42
	lsls	r3, r2
.Ltmp1401:
	.loc	2 1249 9 is_stmt 0              @ ../Drivers/STM32H7xx_HAL_Driver/Src/stm32h7xx_hal_dma.c:1249:9
	tst	r3, r6
	bne.w	.LBB9_101
	b	.LBB9_127
.Ltmp1402:
	.loc	2 0 9                           @ :0:9
.Ltmp1403:
	.p2align	2
.LBB9_219:
	@DEBUG_VALUE: HAL_DMA_IRQHandler:tmpisr_dma <- $r6
	@DEBUG_VALUE: HAL_DMA_IRQHandler:regs_dma <- $r5
	@DEBUG_VALUE: HAL_DMA_IRQHandler:regs_bdma <- $r5
	@DEBUG_VALUE: HAL_DMA_IRQHandler:count <- [DW_OP_plus_uconst 4, DW_OP_deref] $sp
	@DEBUG_VALUE: HAL_DMA_IRQHandler:hdma <- $r0
	.loc	2 1251 10 is_stmt 1             @ ../Drivers/STM32H7xx_HAL_Driver/Src/stm32h7xx_hal_dma.c:1251:10
	ldr	r3, [r1]
.Ltmp1404:
	.loc	2 1251 10 is_stmt 0             @ ../Drivers/STM32H7xx_HAL_Driver/Src/stm32h7xx_hal_dma.c:1251:10
	b	.LBB9_127
.Ltmp1405:
.Lfunc_end9:
	.size	HAL_DMA_IRQHandler, .Lfunc_end9-HAL_DMA_IRQHandler
	.cfi_endproc
	.cantunwind
	.fnend
                                        @ -- End function
	.section	.text.HAL_DMA_RegisterCallback,"ax",%progbits
	.hidden	HAL_DMA_RegisterCallback        @ -- Begin function HAL_DMA_RegisterCallback
	.globl	HAL_DMA_RegisterCallback
	.p2align	3
	.type	HAL_DMA_RegisterCallback,%function
	.code	16                              @ @HAL_DMA_RegisterCallback
	.thumb_func
HAL_DMA_RegisterCallback:
.Lfunc_begin10:
	.fnstart
	.cfi_startproc
@ %bb.0:
	@DEBUG_VALUE: HAL_DMA_RegisterCallback:hdma <- $r0
	@DEBUG_VALUE: HAL_DMA_RegisterCallback:CallbackID <- undef
	@DEBUG_VALUE: HAL_DMA_RegisterCallback:pCallback <- $r2
	@DEBUG_VALUE: HAL_DMA_RegisterCallback:status <- 0
	@DEBUG_VALUE: HAL_DMA_RegisterCallback:CallbackID <- $r1
	.loc	2 1581 6 prologue_end is_stmt 1 @ ../Drivers/STM32H7xx_HAL_Driver/Src/stm32h7xx_hal_dma.c:1581:6
	cbz	r0, .LBB10_3
.Ltmp1406:
@ %bb.1:
	@DEBUG_VALUE: HAL_DMA_RegisterCallback:CallbackID <- $r1
	@DEBUG_VALUE: HAL_DMA_RegisterCallback:status <- 0
	@DEBUG_VALUE: HAL_DMA_RegisterCallback:pCallback <- $r2
	@DEBUG_VALUE: HAL_DMA_RegisterCallback:hdma <- $r0
	.loc	2 1587 3                        @ ../Drivers/STM32H7xx_HAL_Driver/Src/stm32h7xx_hal_dma.c:1587:3
	ldrb.w	r3, [r0, #52]
.Ltmp1407:
	.loc	2 1587 3 is_stmt 0              @ ../Drivers/STM32H7xx_HAL_Driver/Src/stm32h7xx_hal_dma.c:1587:3
	cmp	r3, #1
	bne	.LBB10_4
.Ltmp1408:
@ %bb.2:
	@DEBUG_VALUE: HAL_DMA_RegisterCallback:CallbackID <- $r1
	@DEBUG_VALUE: HAL_DMA_RegisterCallback:status <- 0
	@DEBUG_VALUE: HAL_DMA_RegisterCallback:pCallback <- $r2
	@DEBUG_VALUE: HAL_DMA_RegisterCallback:hdma <- $r0
	.loc	2 0 3                           @ ../Drivers/STM32H7xx_HAL_Driver/Src/stm32h7xx_hal_dma.c:0:3
	movs	r0, #2
.Ltmp1409:
	@DEBUG_VALUE: HAL_DMA_RegisterCallback:hdma <- [DW_OP_LLVM_entry_value 1] $r0
	.loc	2 1632 1 is_stmt 1              @ ../Drivers/STM32H7xx_HAL_Driver/Src/stm32h7xx_hal_dma.c:1632:1
	bx	lr
.Ltmp1410:
	.loc	2 0 1 is_stmt 0                 @ :0:1
.Ltmp1411:
	.p2align	2
.LBB10_3:
	@DEBUG_VALUE: HAL_DMA_RegisterCallback:CallbackID <- $r1
	@DEBUG_VALUE: HAL_DMA_RegisterCallback:status <- 0
	@DEBUG_VALUE: HAL_DMA_RegisterCallback:pCallback <- $r2
	@DEBUG_VALUE: HAL_DMA_RegisterCallback:hdma <- $r0
	movs	r0, #1
.Ltmp1412:
	@DEBUG_VALUE: HAL_DMA_RegisterCallback:hdma <- [DW_OP_LLVM_entry_value 1] $r0
	.loc	2 1632 1                        @ ../Drivers/STM32H7xx_HAL_Driver/Src/stm32h7xx_hal_dma.c:1632:1
	bx	lr
.Ltmp1413:
	.loc	2 0 1                           @ :0:1
.Ltmp1414:
	.p2align	2
.LBB10_4:
	@DEBUG_VALUE: HAL_DMA_RegisterCallback:CallbackID <- $r1
	@DEBUG_VALUE: HAL_DMA_RegisterCallback:status <- 0
	@DEBUG_VALUE: HAL_DMA_RegisterCallback:pCallback <- $r2
	@DEBUG_VALUE: HAL_DMA_RegisterCallback:hdma <- $r0
	.loc	2 1589 35 is_stmt 1             @ ../Drivers/STM32H7xx_HAL_Driver/Src/stm32h7xx_hal_dma.c:1589:35
	ldrb.w	r3, [r0, #53]
.Ltmp1415:
	.loc	2 1589 6 is_stmt 0              @ ../Drivers/STM32H7xx_HAL_Driver/Src/stm32h7xx_hal_dma.c:1589:6
	cmp	r3, #1
	mov.w	r3, #1
	bne	.LBB10_7
.Ltmp1416:
@ %bb.5:
	@DEBUG_VALUE: HAL_DMA_RegisterCallback:CallbackID <- $r1
	@DEBUG_VALUE: HAL_DMA_RegisterCallback:status <- 0
	@DEBUG_VALUE: HAL_DMA_RegisterCallback:pCallback <- $r2
	@DEBUG_VALUE: HAL_DMA_RegisterCallback:hdma <- $r0
	cmp	r1, #5
	bhi	.LBB10_7
.Ltmp1417:
@ %bb.6:
	@DEBUG_VALUE: HAL_DMA_RegisterCallback:CallbackID <- $r1
	@DEBUG_VALUE: HAL_DMA_RegisterCallback:status <- 0
	@DEBUG_VALUE: HAL_DMA_RegisterCallback:pCallback <- $r2
	@DEBUG_VALUE: HAL_DMA_RegisterCallback:hdma <- $r0
	.loc	2 0 0                           @ ../Drivers/STM32H7xx_HAL_Driver/Src/stm32h7xx_hal_dma.c:0:0
	and	r1, r1, #63
.Ltmp1418:
	@DEBUG_VALUE: HAL_DMA_RegisterCallback:CallbackID <- [DW_OP_LLVM_entry_value 1] $r1
	movs	r3, #0
	add.w	r1, r0, r1, lsl #2
	str	r2, [r1, #60]
.Ltmp1419:
.LBB10_7:
	@DEBUG_VALUE: HAL_DMA_RegisterCallback:status <- 0
	@DEBUG_VALUE: HAL_DMA_RegisterCallback:pCallback <- $r2
	@DEBUG_VALUE: HAL_DMA_RegisterCallback:hdma <- $r0
	@DEBUG_VALUE: HAL_DMA_RegisterCallback:status <- $r3
	movs	r1, #0
.Ltmp1420:
	.loc	2 1629 3 is_stmt 1              @ ../Drivers/STM32H7xx_HAL_Driver/Src/stm32h7xx_hal_dma.c:1629:3
	strb.w	r1, [r0, #52]
.Ltmp1421:
	.loc	2 1632 1                        @ ../Drivers/STM32H7xx_HAL_Driver/Src/stm32h7xx_hal_dma.c:1632:1
	mov	r0, r3
.Ltmp1422:
	@DEBUG_VALUE: HAL_DMA_RegisterCallback:hdma <- [DW_OP_LLVM_entry_value 1] $r0
	bx	lr
.Ltmp1423:
.Lfunc_end10:
	.size	HAL_DMA_RegisterCallback, .Lfunc_end10-HAL_DMA_RegisterCallback
	.cfi_endproc
	.cantunwind
	.fnend
                                        @ -- End function
	.section	.text.HAL_DMA_UnRegisterCallback,"ax",%progbits
	.hidden	HAL_DMA_UnRegisterCallback      @ -- Begin function HAL_DMA_UnRegisterCallback
	.globl	HAL_DMA_UnRegisterCallback
	.p2align	3
	.type	HAL_DMA_UnRegisterCallback,%function
	.code	16                              @ @HAL_DMA_UnRegisterCallback
	.thumb_func
HAL_DMA_UnRegisterCallback:
.Lfunc_begin11:
	.fnstart
	.cfi_startproc
@ %bb.0:
	@DEBUG_VALUE: HAL_DMA_UnRegisterCallback:hdma <- $r0
	@DEBUG_VALUE: HAL_DMA_UnRegisterCallback:CallbackID <- undef
	@DEBUG_VALUE: HAL_DMA_UnRegisterCallback:status <- 0
	@DEBUG_VALUE: HAL_DMA_UnRegisterCallback:CallbackID <- $r1
	.loc	2 1647 6 prologue_end           @ ../Drivers/STM32H7xx_HAL_Driver/Src/stm32h7xx_hal_dma.c:1647:6
	cbz	r0, .LBB11_3
.Ltmp1424:
@ %bb.1:
	@DEBUG_VALUE: HAL_DMA_UnRegisterCallback:CallbackID <- $r1
	@DEBUG_VALUE: HAL_DMA_UnRegisterCallback:status <- 0
	@DEBUG_VALUE: HAL_DMA_UnRegisterCallback:hdma <- $r0
	@DEBUG_VALUE: HAL_DMA_UnRegisterCallback:CallbackID <- $r1
	.loc	2 1653 3                        @ ../Drivers/STM32H7xx_HAL_Driver/Src/stm32h7xx_hal_dma.c:1653:3
	ldrb.w	r2, [r0, #52]
.Ltmp1425:
	.loc	2 1653 3 is_stmt 0              @ ../Drivers/STM32H7xx_HAL_Driver/Src/stm32h7xx_hal_dma.c:1653:3
	cmp	r2, #1
	bne	.LBB11_4
.Ltmp1426:
@ %bb.2:
	@DEBUG_VALUE: HAL_DMA_UnRegisterCallback:CallbackID <- $r1
	@DEBUG_VALUE: HAL_DMA_UnRegisterCallback:status <- 0
	@DEBUG_VALUE: HAL_DMA_UnRegisterCallback:hdma <- $r0
	.loc	2 0 3                           @ ../Drivers/STM32H7xx_HAL_Driver/Src/stm32h7xx_hal_dma.c:0:3
	movs	r0, #2
.Ltmp1427:
	@DEBUG_VALUE: HAL_DMA_UnRegisterCallback:hdma <- [DW_OP_LLVM_entry_value 1] $r0
	.loc	2 1706 1 is_stmt 1              @ ../Drivers/STM32H7xx_HAL_Driver/Src/stm32h7xx_hal_dma.c:1706:1
	bx	lr
.Ltmp1428:
	.loc	2 0 1 is_stmt 0                 @ :0:1
.Ltmp1429:
	.p2align	2
.LBB11_3:
	@DEBUG_VALUE: HAL_DMA_UnRegisterCallback:CallbackID <- $r1
	@DEBUG_VALUE: HAL_DMA_UnRegisterCallback:status <- 0
	@DEBUG_VALUE: HAL_DMA_UnRegisterCallback:hdma <- $r0
	movs	r0, #1
.Ltmp1430:
	@DEBUG_VALUE: HAL_DMA_UnRegisterCallback:hdma <- [DW_OP_LLVM_entry_value 1] $r0
	.loc	2 1706 1                        @ ../Drivers/STM32H7xx_HAL_Driver/Src/stm32h7xx_hal_dma.c:1706:1
	bx	lr
.Ltmp1431:
	.loc	2 0 1                           @ :0:1
.Ltmp1432:
	.p2align	2
.LBB11_4:
	@DEBUG_VALUE: HAL_DMA_UnRegisterCallback:CallbackID <- $r1
	@DEBUG_VALUE: HAL_DMA_UnRegisterCallback:status <- 0
	@DEBUG_VALUE: HAL_DMA_UnRegisterCallback:hdma <- $r0
	@DEBUG_VALUE: HAL_DMA_UnRegisterCallback:CallbackID <- $r1
	.loc	2 1655 35 is_stmt 1             @ ../Drivers/STM32H7xx_HAL_Driver/Src/stm32h7xx_hal_dma.c:1655:35
	ldrb.w	r2, [r0, #53]
.Ltmp1433:
	.loc	2 1655 6 is_stmt 0              @ ../Drivers/STM32H7xx_HAL_Driver/Src/stm32h7xx_hal_dma.c:1655:6
	cmp	r2, #1
	bne	.LBB11_9
.Ltmp1434:
@ %bb.5:
	@DEBUG_VALUE: HAL_DMA_UnRegisterCallback:CallbackID <- $r1
	@DEBUG_VALUE: HAL_DMA_UnRegisterCallback:status <- 0
	@DEBUG_VALUE: HAL_DMA_UnRegisterCallback:hdma <- $r0
	@DEBUG_VALUE: HAL_DMA_UnRegisterCallback:CallbackID <- $r1
	.loc	2 1657 5 is_stmt 1              @ ../Drivers/STM32H7xx_HAL_Driver/Src/stm32h7xx_hal_dma.c:1657:5
	cmp	r1, #6
	bhi	.LBB11_9
.Ltmp1435:
@ %bb.6:
	@DEBUG_VALUE: HAL_DMA_UnRegisterCallback:CallbackID <- $r1
	@DEBUG_VALUE: HAL_DMA_UnRegisterCallback:status <- 0
	@DEBUG_VALUE: HAL_DMA_UnRegisterCallback:hdma <- $r0
	@DEBUG_VALUE: HAL_DMA_UnRegisterCallback:CallbackID <- $r1
.LCPI11_0:
	tbb	[pc, r1]
.Ltmp1436:
@ %bb.7:
	.loc	2 0 5 is_stmt 0                 @ ../Drivers/STM32H7xx_HAL_Driver/Src/stm32h7xx_hal_dma.c:0:5
.LJTI11_0:
	.byte	(.LBB11_8-(.LCPI11_0+4))/2
	.byte	(.LBB11_13-(.LCPI11_0+4))/2
	.byte	(.LBB11_11-(.LCPI11_0+4))/2
	.byte	(.LBB11_12-(.LCPI11_0+4))/2
	.byte	(.LBB11_10-(.LCPI11_0+4))/2
	.byte	(.LBB11_14-(.LCPI11_0+4))/2
	.byte	(.LBB11_15-(.LCPI11_0+4))/2
	.p2align	1
	.p2align	2
.LBB11_8:
.Ltmp1437:
	@DEBUG_VALUE: HAL_DMA_UnRegisterCallback:CallbackID <- $r1
	@DEBUG_VALUE: HAL_DMA_UnRegisterCallback:status <- 0
	@DEBUG_VALUE: HAL_DMA_UnRegisterCallback:hdma <- $r0
	movs	r2, #0
	movs	r1, #0
.Ltmp1438:
	.loc	2 1660 30 is_stmt 1             @ ../Drivers/STM32H7xx_HAL_Driver/Src/stm32h7xx_hal_dma.c:1660:30
	str	r2, [r0, #60]
.Ltmp1439:
	@DEBUG_VALUE: HAL_DMA_UnRegisterCallback:status <- $r1
	.loc	2 0 30 is_stmt 0                @ ../Drivers/STM32H7xx_HAL_Driver/Src/stm32h7xx_hal_dma.c:0:30
	movs	r2, #0
.Ltmp1440:
	.loc	2 1703 3 is_stmt 1              @ ../Drivers/STM32H7xx_HAL_Driver/Src/stm32h7xx_hal_dma.c:1703:3
	strb.w	r2, [r0, #52]
	mov	r0, r1
.Ltmp1441:
	@DEBUG_VALUE: HAL_DMA_UnRegisterCallback:hdma <- [DW_OP_LLVM_entry_value 1] $r0
	@DEBUG_VALUE: HAL_DMA_UnRegisterCallback:status <- $r0
	.loc	2 1706 1                        @ ../Drivers/STM32H7xx_HAL_Driver/Src/stm32h7xx_hal_dma.c:1706:1
	bx	lr
.Ltmp1442:
	.loc	2 0 1 is_stmt 0                 @ :0:1
.Ltmp1443:
	.p2align	2
.LBB11_9:
	@DEBUG_VALUE: HAL_DMA_UnRegisterCallback:CallbackID <- $r1
	@DEBUG_VALUE: HAL_DMA_UnRegisterCallback:status <- 0
	@DEBUG_VALUE: HAL_DMA_UnRegisterCallback:hdma <- $r0
	movs	r1, #1
.Ltmp1444:
	@DEBUG_VALUE: HAL_DMA_UnRegisterCallback:status <- $r1
	movs	r2, #0
.Ltmp1445:
	.loc	2 1703 3 is_stmt 1              @ ../Drivers/STM32H7xx_HAL_Driver/Src/stm32h7xx_hal_dma.c:1703:3
	strb.w	r2, [r0, #52]
	mov	r0, r1
.Ltmp1446:
	@DEBUG_VALUE: HAL_DMA_UnRegisterCallback:hdma <- [DW_OP_LLVM_entry_value 1] $r0
	@DEBUG_VALUE: HAL_DMA_UnRegisterCallback:status <- $r0
	.loc	2 1706 1                        @ ../Drivers/STM32H7xx_HAL_Driver/Src/stm32h7xx_hal_dma.c:1706:1
	bx	lr
.Ltmp1447:
	.loc	2 0 1 is_stmt 0                 @ :0:1
.Ltmp1448:
	.p2align	2
.LBB11_10:
	@DEBUG_VALUE: HAL_DMA_UnRegisterCallback:CallbackID <- $r1
	@DEBUG_VALUE: HAL_DMA_UnRegisterCallback:status <- 0
	@DEBUG_VALUE: HAL_DMA_UnRegisterCallback:hdma <- $r0
	movs	r2, #0
	movs	r1, #0
.Ltmp1449:
	.loc	2 1676 31 is_stmt 1             @ ../Drivers/STM32H7xx_HAL_Driver/Src/stm32h7xx_hal_dma.c:1676:31
	str	r2, [r0, #76]
.Ltmp1450:
	@DEBUG_VALUE: HAL_DMA_UnRegisterCallback:status <- $r1
	.loc	2 0 31 is_stmt 0                @ ../Drivers/STM32H7xx_HAL_Driver/Src/stm32h7xx_hal_dma.c:0:31
	movs	r2, #0
.Ltmp1451:
	.loc	2 1703 3 is_stmt 1              @ ../Drivers/STM32H7xx_HAL_Driver/Src/stm32h7xx_hal_dma.c:1703:3
	strb.w	r2, [r0, #52]
	mov	r0, r1
.Ltmp1452:
	@DEBUG_VALUE: HAL_DMA_UnRegisterCallback:hdma <- [DW_OP_LLVM_entry_value 1] $r0
	@DEBUG_VALUE: HAL_DMA_UnRegisterCallback:status <- $r0
	.loc	2 1706 1                        @ ../Drivers/STM32H7xx_HAL_Driver/Src/stm32h7xx_hal_dma.c:1706:1
	bx	lr
.Ltmp1453:
	.loc	2 0 1 is_stmt 0                 @ :0:1
.Ltmp1454:
	.p2align	2
.LBB11_11:
	@DEBUG_VALUE: HAL_DMA_UnRegisterCallback:CallbackID <- $r1
	@DEBUG_VALUE: HAL_DMA_UnRegisterCallback:status <- 0
	@DEBUG_VALUE: HAL_DMA_UnRegisterCallback:hdma <- $r0
	movs	r2, #0
	movs	r1, #0
.Ltmp1455:
	.loc	2 1668 32 is_stmt 1             @ ../Drivers/STM32H7xx_HAL_Driver/Src/stm32h7xx_hal_dma.c:1668:32
	str	r2, [r0, #68]
.Ltmp1456:
	@DEBUG_VALUE: HAL_DMA_UnRegisterCallback:status <- $r1
	.loc	2 0 32 is_stmt 0                @ ../Drivers/STM32H7xx_HAL_Driver/Src/stm32h7xx_hal_dma.c:0:32
	movs	r2, #0
.Ltmp1457:
	.loc	2 1703 3 is_stmt 1              @ ../Drivers/STM32H7xx_HAL_Driver/Src/stm32h7xx_hal_dma.c:1703:3
	strb.w	r2, [r0, #52]
	mov	r0, r1
.Ltmp1458:
	@DEBUG_VALUE: HAL_DMA_UnRegisterCallback:hdma <- [DW_OP_LLVM_entry_value 1] $r0
	@DEBUG_VALUE: HAL_DMA_UnRegisterCallback:status <- $r0
	.loc	2 1706 1                        @ ../Drivers/STM32H7xx_HAL_Driver/Src/stm32h7xx_hal_dma.c:1706:1
	bx	lr
.Ltmp1459:
	.loc	2 0 1 is_stmt 0                 @ :0:1
.Ltmp1460:
	.p2align	2
.LBB11_12:
	@DEBUG_VALUE: HAL_DMA_UnRegisterCallback:CallbackID <- $r1
	@DEBUG_VALUE: HAL_DMA_UnRegisterCallback:status <- 0
	@DEBUG_VALUE: HAL_DMA_UnRegisterCallback:hdma <- $r0
	movs	r2, #0
	movs	r1, #0
.Ltmp1461:
	.loc	2 1672 36 is_stmt 1             @ ../Drivers/STM32H7xx_HAL_Driver/Src/stm32h7xx_hal_dma.c:1672:36
	str	r2, [r0, #72]
.Ltmp1462:
	@DEBUG_VALUE: HAL_DMA_UnRegisterCallback:status <- $r1
	.loc	2 0 36 is_stmt 0                @ ../Drivers/STM32H7xx_HAL_Driver/Src/stm32h7xx_hal_dma.c:0:36
	movs	r2, #0
.Ltmp1463:
	.loc	2 1703 3 is_stmt 1              @ ../Drivers/STM32H7xx_HAL_Driver/Src/stm32h7xx_hal_dma.c:1703:3
	strb.w	r2, [r0, #52]
	mov	r0, r1
.Ltmp1464:
	@DEBUG_VALUE: HAL_DMA_UnRegisterCallback:hdma <- [DW_OP_LLVM_entry_value 1] $r0
	@DEBUG_VALUE: HAL_DMA_UnRegisterCallback:status <- $r0
	.loc	2 1706 1                        @ ../Drivers/STM32H7xx_HAL_Driver/Src/stm32h7xx_hal_dma.c:1706:1
	bx	lr
.Ltmp1465:
	.loc	2 0 1 is_stmt 0                 @ :0:1
.Ltmp1466:
	.p2align	2
.LBB11_13:
	@DEBUG_VALUE: HAL_DMA_UnRegisterCallback:CallbackID <- $r1
	@DEBUG_VALUE: HAL_DMA_UnRegisterCallback:status <- 0
	@DEBUG_VALUE: HAL_DMA_UnRegisterCallback:hdma <- $r0
	movs	r2, #0
	movs	r1, #0
.Ltmp1467:
	.loc	2 1664 34 is_stmt 1             @ ../Drivers/STM32H7xx_HAL_Driver/Src/stm32h7xx_hal_dma.c:1664:34
	str	r2, [r0, #64]
.Ltmp1468:
	@DEBUG_VALUE: HAL_DMA_UnRegisterCallback:status <- $r1
	.loc	2 0 34 is_stmt 0                @ ../Drivers/STM32H7xx_HAL_Driver/Src/stm32h7xx_hal_dma.c:0:34
	movs	r2, #0
.Ltmp1469:
	.loc	2 1703 3 is_stmt 1              @ ../Drivers/STM32H7xx_HAL_Driver/Src/stm32h7xx_hal_dma.c:1703:3
	strb.w	r2, [r0, #52]
	mov	r0, r1
.Ltmp1470:
	@DEBUG_VALUE: HAL_DMA_UnRegisterCallback:hdma <- [DW_OP_LLVM_entry_value 1] $r0
	@DEBUG_VALUE: HAL_DMA_UnRegisterCallback:status <- $r0
	.loc	2 1706 1                        @ ../Drivers/STM32H7xx_HAL_Driver/Src/stm32h7xx_hal_dma.c:1706:1
	bx	lr
.Ltmp1471:
	.loc	2 0 1 is_stmt 0                 @ :0:1
.Ltmp1472:
	.p2align	2
.LBB11_14:
	@DEBUG_VALUE: HAL_DMA_UnRegisterCallback:CallbackID <- $r1
	@DEBUG_VALUE: HAL_DMA_UnRegisterCallback:status <- 0
	@DEBUG_VALUE: HAL_DMA_UnRegisterCallback:hdma <- $r0
	movs	r2, #0
	b	.LBB11_16
.Ltmp1473:
	.p2align	2
.LBB11_15:
	@DEBUG_VALUE: HAL_DMA_UnRegisterCallback:CallbackID <- $r1
	@DEBUG_VALUE: HAL_DMA_UnRegisterCallback:status <- 0
	@DEBUG_VALUE: HAL_DMA_UnRegisterCallback:hdma <- $r0
	movs	r2, #0
.Ltmp1474:
	.loc	2 1685 34 is_stmt 1             @ ../Drivers/STM32H7xx_HAL_Driver/Src/stm32h7xx_hal_dma.c:1685:34
	str	r2, [r0, #76]
	strd	r2, r2, [r0, #60]
	strd	r2, r2, [r0, #68]
.Ltmp1475:
.LBB11_16:
	@DEBUG_VALUE: HAL_DMA_UnRegisterCallback:CallbackID <- $r1
	@DEBUG_VALUE: HAL_DMA_UnRegisterCallback:status <- 0
	@DEBUG_VALUE: HAL_DMA_UnRegisterCallback:hdma <- $r0
	.loc	2 0 34 is_stmt 0                @ ../Drivers/STM32H7xx_HAL_Driver/Src/stm32h7xx_hal_dma.c:0:34
	movs	r1, #0
.Ltmp1476:
	str	r2, [r0, #80]
.Ltmp1477:
	@DEBUG_VALUE: HAL_DMA_UnRegisterCallback:status <- $r1
	movs	r2, #0
.Ltmp1478:
	.loc	2 1703 3 is_stmt 1              @ ../Drivers/STM32H7xx_HAL_Driver/Src/stm32h7xx_hal_dma.c:1703:3
	strb.w	r2, [r0, #52]
	mov	r0, r1
.Ltmp1479:
	@DEBUG_VALUE: HAL_DMA_UnRegisterCallback:hdma <- [DW_OP_LLVM_entry_value 1] $r0
	@DEBUG_VALUE: HAL_DMA_UnRegisterCallback:status <- $r0
	.loc	2 1706 1                        @ ../Drivers/STM32H7xx_HAL_Driver/Src/stm32h7xx_hal_dma.c:1706:1
	bx	lr
.Ltmp1480:
.Lfunc_end11:
	.size	HAL_DMA_UnRegisterCallback, .Lfunc_end11-HAL_DMA_UnRegisterCallback
	.cfi_endproc
	.cantunwind
	.fnend
                                        @ -- End function
	.section	.text.HAL_DMA_GetState,"ax",%progbits
	.hidden	HAL_DMA_GetState                @ -- Begin function HAL_DMA_GetState
	.globl	HAL_DMA_GetState
	.p2align	3
	.type	HAL_DMA_GetState,%function
	.code	16                              @ @HAL_DMA_GetState
	.thumb_func
HAL_DMA_GetState:
.Lfunc_begin12:
	.fnstart
	.cfi_startproc
@ %bb.0:
	@DEBUG_VALUE: HAL_DMA_GetState:hdma <- $r0
	.loc	2 1735 16 prologue_end          @ ../Drivers/STM32H7xx_HAL_Driver/Src/stm32h7xx_hal_dma.c:1735:16
	ldrb.w	r0, [r0, #53]
.Ltmp1481:
	@DEBUG_VALUE: HAL_DMA_GetState:hdma <- [DW_OP_LLVM_entry_value 1] $r0
	.loc	2 1735 3 is_stmt 0              @ ../Drivers/STM32H7xx_HAL_Driver/Src/stm32h7xx_hal_dma.c:1735:3
	bx	lr
.Ltmp1482:
.Lfunc_end12:
	.size	HAL_DMA_GetState, .Lfunc_end12-HAL_DMA_GetState
	.cfi_endproc
	.cantunwind
	.fnend
                                        @ -- End function
	.section	.text.HAL_DMA_GetError,"ax",%progbits
	.hidden	HAL_DMA_GetError                @ -- Begin function HAL_DMA_GetError
	.globl	HAL_DMA_GetError
	.p2align	3
	.type	HAL_DMA_GetError,%function
	.code	16                              @ @HAL_DMA_GetError
	.thumb_func
HAL_DMA_GetError:
.Lfunc_begin13:
	.fnstart
	.cfi_startproc
@ %bb.0:
	@DEBUG_VALUE: HAL_DMA_GetError:hdma <- $r0
	.loc	2 1746 16 prologue_end is_stmt 1 @ ../Drivers/STM32H7xx_HAL_Driver/Src/stm32h7xx_hal_dma.c:1746:16
	ldr	r0, [r0, #84]
.Ltmp1483:
	@DEBUG_VALUE: HAL_DMA_GetError:hdma <- [DW_OP_LLVM_entry_value 1] $r0
	.loc	2 1746 3 is_stmt 0              @ ../Drivers/STM32H7xx_HAL_Driver/Src/stm32h7xx_hal_dma.c:1746:3
	bx	lr
.Ltmp1484:
.Lfunc_end13:
	.size	HAL_DMA_GetError, .Lfunc_end13-HAL_DMA_GetError
	.cfi_endproc
	.cantunwind
	.fnend
                                        @ -- End function
	.section	.debug_loc,"",%progbits
.Ldebug_loc0:
	.long	-1
	.long	.Lfunc_begin0                   @   base address
	.long	.Lfunc_begin0-.Lfunc_begin0
	.long	.Ltmp0-.Lfunc_begin0
	.short	1                               @ Loc expr size
	.byte	80                              @ DW_OP_reg0
	.long	.Ltmp0-.Lfunc_begin0
	.long	.Ltmp116-.Lfunc_begin0
	.short	1                               @ Loc expr size
	.byte	84                              @ DW_OP_reg4
	.long	.Ltmp117-.Lfunc_begin0
	.long	.Lfunc_end0-.Lfunc_begin0
	.short	1                               @ Loc expr size
	.byte	84                              @ DW_OP_reg4
	.long	0
	.long	0
.Ldebug_loc1:
	.long	-1
	.long	.Lfunc_begin0                   @   base address
	.long	.Ltmp1-.Lfunc_begin0
	.long	.Ltmp3-.Lfunc_begin0
	.short	1                               @ Loc expr size
	.byte	80                              @ DW_OP_reg0
	.long	.Ltmp3-.Lfunc_begin0
	.long	.Ltmp9-.Lfunc_begin0
	.short	1                               @ Loc expr size
	.byte	85                              @ DW_OP_reg5
	.long	.Ltmp9-.Lfunc_begin0
	.long	.Ltmp10-.Lfunc_begin0
	.short	1                               @ Loc expr size
	.byte	80                              @ DW_OP_reg0
	.long	.Ltmp11-.Lfunc_begin0
	.long	.Ltmp53-.Lfunc_begin0
	.short	1                               @ Loc expr size
	.byte	85                              @ DW_OP_reg5
	.long	.Ltmp75-.Lfunc_begin0
	.long	.Ltmp84-.Lfunc_begin0
	.short	1                               @ Loc expr size
	.byte	85                              @ DW_OP_reg5
	.long	.Ltmp110-.Lfunc_begin0
	.long	.Ltmp113-.Lfunc_begin0
	.short	1                               @ Loc expr size
	.byte	85                              @ DW_OP_reg5
	.long	0
	.long	0
.Ldebug_loc2:
	.long	-1
	.long	.Lfunc_begin0                   @   base address
	.long	.Ltmp51-.Lfunc_begin0
	.long	.Ltmp54-.Lfunc_begin0
	.short	1                               @ Loc expr size
	.byte	81                              @ DW_OP_reg1
	.long	.Ltmp57-.Lfunc_begin0
	.long	.Ltmp67-.Lfunc_begin0
	.short	1                               @ Loc expr size
	.byte	83                              @ DW_OP_reg3
	.long	.Ltmp67-.Lfunc_begin0
	.long	.Ltmp75-.Lfunc_begin0
	.short	1                               @ Loc expr size
	.byte	81                              @ DW_OP_reg1
	.long	.Ltmp83-.Lfunc_begin0
	.long	.Ltmp86-.Lfunc_begin0
	.short	1                               @ Loc expr size
	.byte	81                              @ DW_OP_reg1
	.long	.Ltmp87-.Lfunc_begin0
	.long	.Ltmp88-.Lfunc_begin0
	.short	1                               @ Loc expr size
	.byte	81                              @ DW_OP_reg1
	.long	.Ltmp113-.Lfunc_begin0
	.long	.Ltmp116-.Lfunc_begin0
	.short	1                               @ Loc expr size
	.byte	81                              @ DW_OP_reg1
	.long	.Ltmp117-.Lfunc_begin0
	.long	.Ltmp129-.Lfunc_begin0
	.short	1                               @ Loc expr size
	.byte	81                              @ DW_OP_reg1
	.long	.Ltmp206-.Lfunc_begin0
	.long	.Ltmp209-.Lfunc_begin0
	.short	1                               @ Loc expr size
	.byte	83                              @ DW_OP_reg3
	.long	0
	.long	0
.Ldebug_loc3:
	.long	-1
	.long	.Lfunc_begin0                   @   base address
	.long	.Ltmp70-.Lfunc_begin0
	.long	.Ltmp75-.Lfunc_begin0
	.short	1                               @ Loc expr size
	.byte	84                              @ DW_OP_reg4
	.long	.Ltmp113-.Lfunc_begin0
	.long	.Ltmp116-.Lfunc_begin0
	.short	1                               @ Loc expr size
	.byte	84                              @ DW_OP_reg4
	.long	.Ltmp117-.Lfunc_begin0
	.long	.Ltmp123-.Lfunc_begin0
	.short	1                               @ Loc expr size
	.byte	84                              @ DW_OP_reg4
	.long	0
	.long	0
.Ldebug_loc4:
	.long	-1
	.long	.Lfunc_begin0                   @   base address
	.long	.Ltmp70-.Lfunc_begin0
	.long	.Ltmp75-.Lfunc_begin0
	.short	2                               @ Loc expr size
	.byte	48                              @ DW_OP_lit0
	.byte	159                             @ DW_OP_stack_value
	.long	.Ltmp113-.Lfunc_begin0
	.long	.Ltmp116-.Lfunc_begin0
	.short	2                               @ Loc expr size
	.byte	48                              @ DW_OP_lit0
	.byte	159                             @ DW_OP_stack_value
	.long	.Ltmp117-.Lfunc_begin0
	.long	.Ltmp123-.Lfunc_begin0
	.short	2                               @ Loc expr size
	.byte	48                              @ DW_OP_lit0
	.byte	159                             @ DW_OP_stack_value
	.long	0
	.long	0
.Ldebug_loc5:
	.long	-1
	.long	.Lfunc_begin0                   @   base address
	.long	.Ltmp89-.Lfunc_begin0
	.long	.Ltmp91-.Lfunc_begin0
	.short	1                               @ Loc expr size
	.byte	80                              @ DW_OP_reg0
	.long	0
	.long	0
.Ldebug_loc6:
	.long	-1
	.long	.Lfunc_begin0                   @   base address
	.long	.Ltmp129-.Lfunc_begin0
	.long	.Ltmp131-.Lfunc_begin0
	.short	1                               @ Loc expr size
	.byte	80                              @ DW_OP_reg0
	.long	0
	.long	0
.Ldebug_loc7:
	.long	-1
	.long	.Lfunc_begin0                   @   base address
	.long	.Ltmp151-.Lfunc_begin0
	.long	.Ltmp169-.Lfunc_begin0
	.short	1                               @ Loc expr size
	.byte	80                              @ DW_OP_reg0
	.long	.Ltmp187-.Lfunc_begin0
	.long	.Ltmp191-.Lfunc_begin0
	.short	1                               @ Loc expr size
	.byte	80                              @ DW_OP_reg0
	.long	0
	.long	0
.Ldebug_loc8:
	.long	-1
	.long	.Lfunc_begin0                   @   base address
	.long	.Ltmp151-.Lfunc_begin0
	.long	.Ltmp169-.Lfunc_begin0
	.short	1                               @ Loc expr size
	.byte	84                              @ DW_OP_reg4
	.long	.Ltmp187-.Lfunc_begin0
	.long	.Ltmp191-.Lfunc_begin0
	.short	1                               @ Loc expr size
	.byte	84                              @ DW_OP_reg4
	.long	0
	.long	0
.Ldebug_loc9:
	.long	-1
	.long	.Lfunc_begin0                   @   base address
	.long	.Ltmp164-.Lfunc_begin0
	.long	.Ltmp169-.Lfunc_begin0
	.short	1                               @ Loc expr size
	.byte	83                              @ DW_OP_reg3
	.long	.Ltmp189-.Lfunc_begin0
	.long	.Ltmp190-.Lfunc_begin0
	.short	1                               @ Loc expr size
	.byte	81                              @ DW_OP_reg1
	.long	.Ltmp190-.Lfunc_begin0
	.long	.Ltmp191-.Lfunc_begin0
	.short	1                               @ Loc expr size
	.byte	83                              @ DW_OP_reg3
	.long	0
	.long	0
.Ldebug_loc10:
	.long	-1
	.long	.Lfunc_begin0                   @   base address
	.long	.Ltmp177-.Lfunc_begin0
	.long	.Ltmp181-.Lfunc_begin0
	.short	1                               @ Loc expr size
	.byte	84                              @ DW_OP_reg4
	.long	.Ltmp184-.Lfunc_begin0
	.long	.Ltmp187-.Lfunc_begin0
	.short	1                               @ Loc expr size
	.byte	84                              @ DW_OP_reg4
	.long	.Ltmp191-.Lfunc_begin0
	.long	.Ltmp204-.Lfunc_begin0
	.short	1                               @ Loc expr size
	.byte	84                              @ DW_OP_reg4
	.long	0
	.long	0
.Ldebug_loc11:
	.long	-1
	.long	.Lfunc_begin0                   @   base address
	.long	.Ltmp177-.Lfunc_begin0
	.long	.Ltmp181-.Lfunc_begin0
	.short	7                               @ Loc expr size
	.byte	115                             @ DW_OP_breg3
	.byte	0                               @ 0
	.byte	16                              @ DW_OP_constu
	.byte	255                             @ 255
	.byte	1                               @ 
	.byte	26                              @ DW_OP_and
	.byte	159                             @ DW_OP_stack_value
	.long	.Ltmp184-.Lfunc_begin0
	.long	.Ltmp187-.Lfunc_begin0
	.short	7                               @ Loc expr size
	.byte	115                             @ DW_OP_breg3
	.byte	0                               @ 0
	.byte	16                              @ DW_OP_constu
	.byte	255                             @ 255
	.byte	1                               @ 
	.byte	26                              @ DW_OP_and
	.byte	159                             @ DW_OP_stack_value
	.long	.Ltmp191-.Lfunc_begin0
	.long	.Ltmp204-.Lfunc_begin0
	.short	7                               @ Loc expr size
	.byte	115                             @ DW_OP_breg3
	.byte	0                               @ 0
	.byte	16                              @ DW_OP_constu
	.byte	255                             @ 255
	.byte	1                               @ 
	.byte	26                              @ DW_OP_and
	.byte	159                             @ DW_OP_stack_value
	.long	0
	.long	0
.Ldebug_loc12:
	.long	-1
	.long	.Lfunc_begin1                   @   base address
	.long	.Lfunc_begin1-.Lfunc_begin1
	.long	.Ltmp241-.Lfunc_begin1
	.short	1                               @ Loc expr size
	.byte	80                              @ DW_OP_reg0
	.long	.Ltmp241-.Lfunc_begin1
	.long	.Ltmp242-.Lfunc_begin1
	.short	4                               @ Loc expr size
	.byte	243                             @ DW_OP_GNU_entry_value
	.byte	1                               @ 1
	.byte	80                              @ DW_OP_reg0
	.byte	159                             @ DW_OP_stack_value
	.long	.Ltmp242-.Lfunc_begin1
	.long	.Ltmp246-.Lfunc_begin1
	.short	1                               @ Loc expr size
	.byte	80                              @ DW_OP_reg0
	.long	.Ltmp246-.Lfunc_begin1
	.long	.Ltmp247-.Lfunc_begin1
	.short	4                               @ Loc expr size
	.byte	243                             @ DW_OP_GNU_entry_value
	.byte	1                               @ 1
	.byte	80                              @ DW_OP_reg0
	.byte	159                             @ DW_OP_stack_value
	.long	0
	.long	0
.Ldebug_loc13:
	.long	-1
	.long	.Lfunc_begin2                   @   base address
	.long	.Lfunc_begin2-.Lfunc_begin2
	.long	.Ltmp251-.Lfunc_begin2
	.short	1                               @ Loc expr size
	.byte	80                              @ DW_OP_reg0
	.long	.Ltmp251-.Lfunc_begin2
	.long	.Ltmp260-.Lfunc_begin2
	.short	1                               @ Loc expr size
	.byte	84                              @ DW_OP_reg4
	.long	.Ltmp260-.Lfunc_begin2
	.long	.Ltmp261-.Lfunc_begin2
	.short	1                               @ Loc expr size
	.byte	80                              @ DW_OP_reg0
	.long	.Ltmp263-.Lfunc_begin2
	.long	.Lfunc_end2-.Lfunc_begin2
	.short	1                               @ Loc expr size
	.byte	84                              @ DW_OP_reg4
	.long	0
	.long	0
.Ldebug_loc14:
	.long	-1
	.long	.Lfunc_begin2                   @   base address
	.long	.Ltmp296-.Lfunc_begin2
	.long	.Ltmp323-.Lfunc_begin2
	.short	1                               @ Loc expr size
	.byte	84                              @ DW_OP_reg4
	.long	.Ltmp342-.Lfunc_begin2
	.long	.Ltmp346-.Lfunc_begin2
	.short	1                               @ Loc expr size
	.byte	84                              @ DW_OP_reg4
	.long	0
	.long	0
.Ldebug_loc15:
	.long	-1
	.long	.Lfunc_begin2                   @   base address
	.long	.Ltmp296-.Lfunc_begin2
	.long	.Ltmp303-.Lfunc_begin2
	.short	1                               @ Loc expr size
	.byte	80                              @ DW_OP_reg0
	.long	.Ltmp306-.Lfunc_begin2
	.long	.Ltmp308-.Lfunc_begin2
	.short	1                               @ Loc expr size
	.byte	80                              @ DW_OP_reg0
	.long	0
	.long	0
.Ldebug_loc16:
	.long	-1
	.long	.Lfunc_begin2                   @   base address
	.long	.Ltmp298-.Lfunc_begin2
	.long	.Ltmp323-.Lfunc_begin2
	.short	1                               @ Loc expr size
	.byte	81                              @ DW_OP_reg1
	.long	.Ltmp342-.Lfunc_begin2
	.long	.Ltmp346-.Lfunc_begin2
	.short	1                               @ Loc expr size
	.byte	81                              @ DW_OP_reg1
	.long	0
	.long	0
.Ldebug_loc17:
	.long	-1
	.long	.Lfunc_begin2                   @   base address
	.long	.Ltmp318-.Lfunc_begin2
	.long	.Ltmp322-.Lfunc_begin2
	.short	1                               @ Loc expr size
	.byte	80                              @ DW_OP_reg0
	.long	.Ltmp344-.Lfunc_begin2
	.long	.Ltmp345-.Lfunc_begin2
	.short	1                               @ Loc expr size
	.byte	87                              @ DW_OP_reg7
	.long	.Ltmp345-.Lfunc_begin2
	.long	.Ltmp346-.Lfunc_begin2
	.short	1                               @ Loc expr size
	.byte	80                              @ DW_OP_reg0
	.long	0
	.long	0
.Ldebug_loc18:
	.long	-1
	.long	.Lfunc_begin3                   @   base address
	.long	.Lfunc_begin3-.Lfunc_begin3
	.long	.Ltmp351-.Lfunc_begin3
	.short	1                               @ Loc expr size
	.byte	80                              @ DW_OP_reg0
	.long	.Ltmp351-.Lfunc_begin3
	.long	.Ltmp352-.Lfunc_begin3
	.short	4                               @ Loc expr size
	.byte	243                             @ DW_OP_GNU_entry_value
	.byte	1                               @ 1
	.byte	80                              @ DW_OP_reg0
	.byte	159                             @ DW_OP_stack_value
	.long	.Ltmp352-.Lfunc_begin3
	.long	.Ltmp353-.Lfunc_begin3
	.short	1                               @ Loc expr size
	.byte	80                              @ DW_OP_reg0
	.long	.Ltmp353-.Lfunc_begin3
	.long	.Ltmp354-.Lfunc_begin3
	.short	4                               @ Loc expr size
	.byte	243                             @ DW_OP_GNU_entry_value
	.byte	1                               @ 1
	.byte	80                              @ DW_OP_reg0
	.byte	159                             @ DW_OP_stack_value
	.long	.Ltmp354-.Lfunc_begin3
	.long	.Ltmp361-.Lfunc_begin3
	.short	1                               @ Loc expr size
	.byte	80                              @ DW_OP_reg0
	.long	.Ltmp361-.Lfunc_begin3
	.long	.Ltmp366-.Lfunc_begin3
	.short	4                               @ Loc expr size
	.byte	243                             @ DW_OP_GNU_entry_value
	.byte	1                               @ 1
	.byte	80                              @ DW_OP_reg0
	.byte	159                             @ DW_OP_stack_value
	.long	.Ltmp366-.Lfunc_begin3
	.long	.Ltmp369-.Lfunc_begin3
	.short	1                               @ Loc expr size
	.byte	80                              @ DW_OP_reg0
	.long	.Ltmp369-.Lfunc_begin3
	.long	.Lfunc_end3-.Lfunc_begin3
	.short	4                               @ Loc expr size
	.byte	243                             @ DW_OP_GNU_entry_value
	.byte	1                               @ 1
	.byte	80                              @ DW_OP_reg0
	.byte	159                             @ DW_OP_stack_value
	.long	0
	.long	0
.Ldebug_loc19:
	.long	-1
	.long	.Lfunc_begin3                   @   base address
	.long	.Lfunc_begin3-.Lfunc_begin3
	.long	.Ltmp361-.Lfunc_begin3
	.short	1                               @ Loc expr size
	.byte	81                              @ DW_OP_reg1
	.long	.Ltmp361-.Lfunc_begin3
	.long	.Ltmp366-.Lfunc_begin3
	.short	4                               @ Loc expr size
	.byte	243                             @ DW_OP_GNU_entry_value
	.byte	1                               @ 1
	.byte	81                              @ DW_OP_reg1
	.byte	159                             @ DW_OP_stack_value
	.long	.Ltmp366-.Lfunc_begin3
	.long	.Ltmp367-.Lfunc_begin3
	.short	1                               @ Loc expr size
	.byte	81                              @ DW_OP_reg1
	.long	.Ltmp367-.Lfunc_begin3
	.long	.Lfunc_end3-.Lfunc_begin3
	.short	4                               @ Loc expr size
	.byte	243                             @ DW_OP_GNU_entry_value
	.byte	1                               @ 1
	.byte	81                              @ DW_OP_reg1
	.byte	159                             @ DW_OP_stack_value
	.long	0
	.long	0
.Ldebug_loc20:
	.long	-1
	.long	.Lfunc_begin3                   @   base address
	.long	.Lfunc_begin3-.Lfunc_begin3
	.long	.Ltmp361-.Lfunc_begin3
	.short	1                               @ Loc expr size
	.byte	82                              @ DW_OP_reg2
	.long	.Ltmp361-.Lfunc_begin3
	.long	.Ltmp366-.Lfunc_begin3
	.short	4                               @ Loc expr size
	.byte	243                             @ DW_OP_GNU_entry_value
	.byte	1                               @ 1
	.byte	82                              @ DW_OP_reg2
	.byte	159                             @ DW_OP_stack_value
	.long	.Ltmp366-.Lfunc_begin3
	.long	.Ltmp370-.Lfunc_begin3
	.short	1                               @ Loc expr size
	.byte	82                              @ DW_OP_reg2
	.long	.Ltmp370-.Lfunc_begin3
	.long	.Lfunc_end3-.Lfunc_begin3
	.short	4                               @ Loc expr size
	.byte	243                             @ DW_OP_GNU_entry_value
	.byte	1                               @ 1
	.byte	82                              @ DW_OP_reg2
	.byte	159                             @ DW_OP_stack_value
	.long	0
	.long	0
.Ldebug_loc21:
	.long	-1
	.long	.Lfunc_begin3                   @   base address
	.long	.Lfunc_begin3-.Lfunc_begin3
	.long	.Ltmp361-.Lfunc_begin3
	.short	1                               @ Loc expr size
	.byte	83                              @ DW_OP_reg3
	.long	.Ltmp361-.Lfunc_begin3
	.long	.Ltmp366-.Lfunc_begin3
	.short	4                               @ Loc expr size
	.byte	243                             @ DW_OP_GNU_entry_value
	.byte	1                               @ 1
	.byte	83                              @ DW_OP_reg3
	.byte	159                             @ DW_OP_stack_value
	.long	.Ltmp366-.Lfunc_begin3
	.long	.Ltmp370-.Lfunc_begin3
	.short	1                               @ Loc expr size
	.byte	83                              @ DW_OP_reg3
	.long	.Ltmp370-.Lfunc_begin3
	.long	.Lfunc_end3-.Lfunc_begin3
	.short	4                               @ Loc expr size
	.byte	243                             @ DW_OP_GNU_entry_value
	.byte	1                               @ 1
	.byte	83                              @ DW_OP_reg3
	.byte	159                             @ DW_OP_stack_value
	.long	0
	.long	0
.Ldebug_loc22:
	.long	-1
	.long	.Lfunc_begin3                   @   base address
	.long	.Lfunc_begin3-.Lfunc_begin3
	.long	.Ltmp369-.Lfunc_begin3
	.short	2                               @ Loc expr size
	.byte	48                              @ DW_OP_lit0
	.byte	159                             @ DW_OP_stack_value
	.long	.Ltmp369-.Lfunc_begin3
	.long	.Ltmp370-.Lfunc_begin3
	.short	2                               @ Loc expr size
	.byte	49                              @ DW_OP_lit1
	.byte	159                             @ DW_OP_stack_value
	.long	.Ltmp370-.Lfunc_begin3
	.long	.Lfunc_end3-.Lfunc_begin3
	.short	2                               @ Loc expr size
	.byte	48                              @ DW_OP_lit0
	.byte	159                             @ DW_OP_stack_value
	.long	0
	.long	0
.Ldebug_loc23:
	.long	-1
	.long	.Lfunc_begin4                   @   base address
	.long	.Lfunc_begin4-.Lfunc_begin4
	.long	.Ltmp467-.Lfunc_begin4
	.short	1                               @ Loc expr size
	.byte	80                              @ DW_OP_reg0
	.long	.Ltmp467-.Lfunc_begin4
	.long	.Ltmp471-.Lfunc_begin4
	.short	4                               @ Loc expr size
	.byte	243                             @ DW_OP_GNU_entry_value
	.byte	1                               @ 1
	.byte	80                              @ DW_OP_reg0
	.byte	159                             @ DW_OP_stack_value
	.long	.Ltmp471-.Lfunc_begin4
	.long	.Ltmp479-.Lfunc_begin4
	.short	1                               @ Loc expr size
	.byte	80                              @ DW_OP_reg0
	.long	.Ltmp479-.Lfunc_begin4
	.long	.Ltmp482-.Lfunc_begin4
	.short	4                               @ Loc expr size
	.byte	243                             @ DW_OP_GNU_entry_value
	.byte	1                               @ 1
	.byte	80                              @ DW_OP_reg0
	.byte	159                             @ DW_OP_stack_value
	.long	0
	.long	0
.Ldebug_loc24:
	.long	-1
	.long	.Lfunc_begin4                   @   base address
	.long	.Ltmp394-.Lfunc_begin4
	.long	.Lfunc_end4-.Lfunc_begin4
	.short	1                               @ Loc expr size
	.byte	94                              @ DW_OP_reg14
	.long	0
	.long	0
.Ldebug_loc25:
	.long	-1
	.long	.Lfunc_begin4                   @   base address
	.long	.Ltmp394-.Lfunc_begin4
	.long	.Lfunc_end4-.Lfunc_begin4
	.short	1                               @ Loc expr size
	.byte	94                              @ DW_OP_reg14
	.long	0
	.long	0
.Ldebug_loc26:
	.long	-1
	.long	.Lfunc_begin5                   @   base address
	.long	.Lfunc_begin5-.Lfunc_begin5
	.long	.Ltmp488-.Lfunc_begin5
	.short	1                               @ Loc expr size
	.byte	80                              @ DW_OP_reg0
	.long	.Ltmp488-.Lfunc_begin5
	.long	.Ltmp489-.Lfunc_begin5
	.short	4                               @ Loc expr size
	.byte	243                             @ DW_OP_GNU_entry_value
	.byte	1                               @ 1
	.byte	80                              @ DW_OP_reg0
	.byte	159                             @ DW_OP_stack_value
	.long	.Ltmp489-.Lfunc_begin5
	.long	.Ltmp490-.Lfunc_begin5
	.short	1                               @ Loc expr size
	.byte	80                              @ DW_OP_reg0
	.long	.Ltmp490-.Lfunc_begin5
	.long	.Ltmp491-.Lfunc_begin5
	.short	4                               @ Loc expr size
	.byte	243                             @ DW_OP_GNU_entry_value
	.byte	1                               @ 1
	.byte	80                              @ DW_OP_reg0
	.byte	159                             @ DW_OP_stack_value
	.long	.Ltmp491-.Lfunc_begin5
	.long	.Ltmp498-.Lfunc_begin5
	.short	1                               @ Loc expr size
	.byte	80                              @ DW_OP_reg0
	.long	.Ltmp498-.Lfunc_begin5
	.long	.Ltmp504-.Lfunc_begin5
	.short	4                               @ Loc expr size
	.byte	243                             @ DW_OP_GNU_entry_value
	.byte	1                               @ 1
	.byte	80                              @ DW_OP_reg0
	.byte	159                             @ DW_OP_stack_value
	.long	.Ltmp504-.Lfunc_begin5
	.long	.Ltmp507-.Lfunc_begin5
	.short	1                               @ Loc expr size
	.byte	80                              @ DW_OP_reg0
	.long	.Ltmp507-.Lfunc_begin5
	.long	.Lfunc_end5-.Lfunc_begin5
	.short	4                               @ Loc expr size
	.byte	243                             @ DW_OP_GNU_entry_value
	.byte	1                               @ 1
	.byte	80                              @ DW_OP_reg0
	.byte	159                             @ DW_OP_stack_value
	.long	0
	.long	0
.Ldebug_loc27:
	.long	-1
	.long	.Lfunc_begin5                   @   base address
	.long	.Lfunc_begin5-.Lfunc_begin5
	.long	.Ltmp498-.Lfunc_begin5
	.short	1                               @ Loc expr size
	.byte	81                              @ DW_OP_reg1
	.long	.Ltmp498-.Lfunc_begin5
	.long	.Ltmp504-.Lfunc_begin5
	.short	4                               @ Loc expr size
	.byte	243                             @ DW_OP_GNU_entry_value
	.byte	1                               @ 1
	.byte	81                              @ DW_OP_reg1
	.byte	159                             @ DW_OP_stack_value
	.long	.Ltmp504-.Lfunc_begin5
	.long	.Ltmp505-.Lfunc_begin5
	.short	1                               @ Loc expr size
	.byte	81                              @ DW_OP_reg1
	.long	.Ltmp505-.Lfunc_begin5
	.long	.Lfunc_end5-.Lfunc_begin5
	.short	4                               @ Loc expr size
	.byte	243                             @ DW_OP_GNU_entry_value
	.byte	1                               @ 1
	.byte	81                              @ DW_OP_reg1
	.byte	159                             @ DW_OP_stack_value
	.long	0
	.long	0
.Ldebug_loc28:
	.long	-1
	.long	.Lfunc_begin5                   @   base address
	.long	.Lfunc_begin5-.Lfunc_begin5
	.long	.Ltmp498-.Lfunc_begin5
	.short	1                               @ Loc expr size
	.byte	82                              @ DW_OP_reg2
	.long	.Ltmp498-.Lfunc_begin5
	.long	.Ltmp504-.Lfunc_begin5
	.short	4                               @ Loc expr size
	.byte	243                             @ DW_OP_GNU_entry_value
	.byte	1                               @ 1
	.byte	82                              @ DW_OP_reg2
	.byte	159                             @ DW_OP_stack_value
	.long	.Ltmp504-.Lfunc_begin5
	.long	.Ltmp508-.Lfunc_begin5
	.short	1                               @ Loc expr size
	.byte	82                              @ DW_OP_reg2
	.long	.Ltmp508-.Lfunc_begin5
	.long	.Lfunc_end5-.Lfunc_begin5
	.short	4                               @ Loc expr size
	.byte	243                             @ DW_OP_GNU_entry_value
	.byte	1                               @ 1
	.byte	82                              @ DW_OP_reg2
	.byte	159                             @ DW_OP_stack_value
	.long	0
	.long	0
.Ldebug_loc29:
	.long	-1
	.long	.Lfunc_begin5                   @   base address
	.long	.Lfunc_begin5-.Lfunc_begin5
	.long	.Ltmp498-.Lfunc_begin5
	.short	1                               @ Loc expr size
	.byte	83                              @ DW_OP_reg3
	.long	.Ltmp498-.Lfunc_begin5
	.long	.Ltmp504-.Lfunc_begin5
	.short	4                               @ Loc expr size
	.byte	243                             @ DW_OP_GNU_entry_value
	.byte	1                               @ 1
	.byte	83                              @ DW_OP_reg3
	.byte	159                             @ DW_OP_stack_value
	.long	.Ltmp504-.Lfunc_begin5
	.long	.Ltmp508-.Lfunc_begin5
	.short	1                               @ Loc expr size
	.byte	83                              @ DW_OP_reg3
	.long	.Ltmp508-.Lfunc_begin5
	.long	.Lfunc_end5-.Lfunc_begin5
	.short	4                               @ Loc expr size
	.byte	243                             @ DW_OP_GNU_entry_value
	.byte	1                               @ 1
	.byte	83                              @ DW_OP_reg3
	.byte	159                             @ DW_OP_stack_value
	.long	0
	.long	0
.Ldebug_loc30:
	.long	-1
	.long	.Lfunc_begin5                   @   base address
	.long	.Lfunc_begin5-.Lfunc_begin5
	.long	.Ltmp507-.Lfunc_begin5
	.short	2                               @ Loc expr size
	.byte	48                              @ DW_OP_lit0
	.byte	159                             @ DW_OP_stack_value
	.long	.Ltmp507-.Lfunc_begin5
	.long	.Ltmp508-.Lfunc_begin5
	.short	2                               @ Loc expr size
	.byte	49                              @ DW_OP_lit1
	.byte	159                             @ DW_OP_stack_value
	.long	.Ltmp508-.Lfunc_begin5
	.long	.Lfunc_end5-.Lfunc_begin5
	.short	2                               @ Loc expr size
	.byte	48                              @ DW_OP_lit0
	.byte	159                             @ DW_OP_stack_value
	.long	0
	.long	0
.Ldebug_loc31:
	.long	-1
	.long	.Lfunc_begin6                   @   base address
	.long	.Lfunc_begin6-.Lfunc_begin6
	.long	.Ltmp606-.Lfunc_begin6
	.short	1                               @ Loc expr size
	.byte	80                              @ DW_OP_reg0
	.long	.Ltmp606-.Lfunc_begin6
	.long	.Lfunc_end6-.Lfunc_begin6
	.short	1                               @ Loc expr size
	.byte	84                              @ DW_OP_reg4
	.long	0
	.long	0
.Ldebug_loc32:
	.long	-1
	.long	.Lfunc_begin6                   @   base address
	.long	.Ltmp607-.Lfunc_begin6
	.long	.Ltmp609-.Lfunc_begin6
	.short	1                               @ Loc expr size
	.byte	80                              @ DW_OP_reg0
	.long	.Ltmp609-.Lfunc_begin6
	.long	.Ltmp619-.Lfunc_begin6
	.short	1                               @ Loc expr size
	.byte	85                              @ DW_OP_reg5
	.long	.Ltmp619-.Lfunc_begin6
	.long	.Ltmp620-.Lfunc_begin6
	.short	1                               @ Loc expr size
	.byte	80                              @ DW_OP_reg0
	.long	.Ltmp621-.Lfunc_begin6
	.long	.Lfunc_end6-.Lfunc_begin6
	.short	1                               @ Loc expr size
	.byte	85                              @ DW_OP_reg5
	.long	0
	.long	0
.Ldebug_loc33:
	.long	-1
	.long	.Lfunc_begin6                   @   base address
	.long	.Ltmp650-.Lfunc_begin6
	.long	.Ltmp724-.Lfunc_begin6
	.short	1                               @ Loc expr size
	.byte	87                              @ DW_OP_reg7
	.long	.Ltmp772-.Lfunc_begin6
	.long	.Lfunc_end6-.Lfunc_begin6
	.short	1                               @ Loc expr size
	.byte	87                              @ DW_OP_reg7
	.long	0
	.long	0
.Ldebug_loc34:
	.long	-1
	.long	.Lfunc_begin7                   @   base address
	.long	.Lfunc_begin7-.Lfunc_begin7
	.long	.Ltmp785-.Lfunc_begin7
	.short	1                               @ Loc expr size
	.byte	80                              @ DW_OP_reg0
	.long	.Ltmp785-.Lfunc_begin7
	.long	.Ltmp786-.Lfunc_begin7
	.short	4                               @ Loc expr size
	.byte	243                             @ DW_OP_GNU_entry_value
	.byte	1                               @ 1
	.byte	80                              @ DW_OP_reg0
	.byte	159                             @ DW_OP_stack_value
	.long	.Ltmp786-.Lfunc_begin7
	.long	.Ltmp809-.Lfunc_begin7
	.short	1                               @ Loc expr size
	.byte	80                              @ DW_OP_reg0
	.long	.Ltmp809-.Lfunc_begin7
	.long	.Ltmp813-.Lfunc_begin7
	.short	4                               @ Loc expr size
	.byte	243                             @ DW_OP_GNU_entry_value
	.byte	1                               @ 1
	.byte	80                              @ DW_OP_reg0
	.byte	159                             @ DW_OP_stack_value
	.long	.Ltmp813-.Lfunc_begin7
	.long	.Ltmp814-.Lfunc_begin7
	.short	1                               @ Loc expr size
	.byte	80                              @ DW_OP_reg0
	.long	.Ltmp814-.Lfunc_begin7
	.long	.Ltmp834-.Lfunc_begin7
	.short	4                               @ Loc expr size
	.byte	243                             @ DW_OP_GNU_entry_value
	.byte	1                               @ 1
	.byte	80                              @ DW_OP_reg0
	.byte	159                             @ DW_OP_stack_value
	.long	.Ltmp835-.Lfunc_begin7
	.long	.Ltmp861-.Lfunc_begin7
	.short	1                               @ Loc expr size
	.byte	80                              @ DW_OP_reg0
	.long	.Ltmp861-.Lfunc_begin7
	.long	.Lfunc_end7-.Lfunc_begin7
	.short	4                               @ Loc expr size
	.byte	243                             @ DW_OP_GNU_entry_value
	.byte	1                               @ 1
	.byte	80                              @ DW_OP_reg0
	.byte	159                             @ DW_OP_stack_value
	.long	0
	.long	0
.Ldebug_loc35:
	.long	-1
	.long	.Lfunc_begin7                   @   base address
	.long	.Ltmp850-.Lfunc_begin7
	.long	.Ltmp851-.Lfunc_begin7
	.short	1                               @ Loc expr size
	.byte	94                              @ DW_OP_reg14
	.long	0
	.long	0
.Ldebug_loc36:
	.long	-1
	.long	.Lfunc_begin8                   @   base address
	.long	.Lfunc_begin8-.Lfunc_begin8
	.long	.Ltmp865-.Lfunc_begin8
	.short	1                               @ Loc expr size
	.byte	80                              @ DW_OP_reg0
	.long	.Ltmp865-.Lfunc_begin8
	.long	.Lfunc_end8-.Lfunc_begin8
	.short	1                               @ Loc expr size
	.byte	84                              @ DW_OP_reg4
	.long	0
	.long	0
.Ldebug_loc37:
	.long	-1
	.long	.Lfunc_begin8                   @   base address
	.long	.Lfunc_begin8-.Lfunc_begin8
	.long	.Ltmp864-.Lfunc_begin8
	.short	1                               @ Loc expr size
	.byte	81                              @ DW_OP_reg1
	.long	.Ltmp864-.Lfunc_begin8
	.long	.Ltmp904-.Lfunc_begin8
	.short	1                               @ Loc expr size
	.byte	85                              @ DW_OP_reg5
	.long	.Ltmp904-.Lfunc_begin8
	.long	.Ltmp910-.Lfunc_begin8
	.short	2                               @ Loc expr size
	.byte	125                             @ DW_OP_breg13
	.byte	0                               @ 0
	.long	.Ltmp910-.Lfunc_begin8
	.long	.Ltmp913-.Lfunc_begin8
	.short	1                               @ Loc expr size
	.byte	81                              @ DW_OP_reg1
	.long	.Ltmp913-.Lfunc_begin8
	.long	.Ltmp917-.Lfunc_begin8
	.short	4                               @ Loc expr size
	.byte	243                             @ DW_OP_GNU_entry_value
	.byte	1                               @ 1
	.byte	81                              @ DW_OP_reg1
	.byte	159                             @ DW_OP_stack_value
	.long	.Ltmp917-.Lfunc_begin8
	.long	.Ltmp1019-.Lfunc_begin8
	.short	2                               @ Loc expr size
	.byte	125                             @ DW_OP_breg13
	.byte	0                               @ 0
	.long	.Ltmp1019-.Lfunc_begin8
	.long	.Ltmp1021-.Lfunc_begin8
	.short	1                               @ Loc expr size
	.byte	81                              @ DW_OP_reg1
	.long	.Ltmp1021-.Lfunc_begin8
	.long	.Ltmp1026-.Lfunc_begin8
	.short	4                               @ Loc expr size
	.byte	243                             @ DW_OP_GNU_entry_value
	.byte	1                               @ 1
	.byte	81                              @ DW_OP_reg1
	.byte	159                             @ DW_OP_stack_value
	.long	.Ltmp1026-.Lfunc_begin8
	.long	.Ltmp1027-.Lfunc_begin8
	.short	1                               @ Loc expr size
	.byte	81                              @ DW_OP_reg1
	.long	.Ltmp1027-.Lfunc_begin8
	.long	.Ltmp1037-.Lfunc_begin8
	.short	4                               @ Loc expr size
	.byte	243                             @ DW_OP_GNU_entry_value
	.byte	1                               @ 1
	.byte	81                              @ DW_OP_reg1
	.byte	159                             @ DW_OP_stack_value
	.long	.Ltmp1037-.Lfunc_begin8
	.long	.Ltmp1040-.Lfunc_begin8
	.short	2                               @ Loc expr size
	.byte	125                             @ DW_OP_breg13
	.byte	0                               @ 0
	.long	.Ltmp1040-.Lfunc_begin8
	.long	.Ltmp1048-.Lfunc_begin8
	.short	4                               @ Loc expr size
	.byte	243                             @ DW_OP_GNU_entry_value
	.byte	1                               @ 1
	.byte	81                              @ DW_OP_reg1
	.byte	159                             @ DW_OP_stack_value
	.long	.Ltmp1048-.Lfunc_begin8
	.long	.Ltmp1051-.Lfunc_begin8
	.short	1                               @ Loc expr size
	.byte	85                              @ DW_OP_reg5
	.long	.Ltmp1051-.Lfunc_begin8
	.long	.Ltmp1053-.Lfunc_begin8
	.short	2                               @ Loc expr size
	.byte	125                             @ DW_OP_breg13
	.byte	0                               @ 0
	.long	.Ltmp1053-.Lfunc_begin8
	.long	.Ltmp1055-.Lfunc_begin8
	.short	1                               @ Loc expr size
	.byte	85                              @ DW_OP_reg5
	.long	.Ltmp1055-.Lfunc_begin8
	.long	.Ltmp1060-.Lfunc_begin8
	.short	2                               @ Loc expr size
	.byte	125                             @ DW_OP_breg13
	.byte	0                               @ 0
	.long	.Ltmp1060-.Lfunc_begin8
	.long	.Lfunc_end8-.Lfunc_begin8
	.short	4                               @ Loc expr size
	.byte	243                             @ DW_OP_GNU_entry_value
	.byte	1                               @ 1
	.byte	81                              @ DW_OP_reg1
	.byte	159                             @ DW_OP_stack_value
	.long	0
	.long	0
.Ldebug_loc38:
	.long	-1
	.long	.Lfunc_begin8                   @   base address
	.long	.Lfunc_begin8-.Lfunc_begin8
	.long	.Ltmp863-.Lfunc_begin8
	.short	1                               @ Loc expr size
	.byte	82                              @ DW_OP_reg2
	.long	.Ltmp863-.Lfunc_begin8
	.long	.Lfunc_end8-.Lfunc_begin8
	.short	1                               @ Loc expr size
	.byte	88                              @ DW_OP_reg8
	.long	0
	.long	0
.Ldebug_loc39:
	.long	-1
	.long	.Lfunc_begin8                   @   base address
	.long	.Ltmp866-.Lfunc_begin8
	.long	.Ltmp868-.Lfunc_begin8
	.short	1                               @ Loc expr size
	.byte	80                              @ DW_OP_reg0
	.long	.Ltmp868-.Lfunc_begin8
	.long	.Ltmp879-.Lfunc_begin8
	.short	1                               @ Loc expr size
	.byte	90                              @ DW_OP_reg10
	.long	.Ltmp880-.Lfunc_begin8
	.long	.Lfunc_end8-.Lfunc_begin8
	.short	1                               @ Loc expr size
	.byte	90                              @ DW_OP_reg10
	.long	0
	.long	0
.Ldebug_loc40:
	.long	-1
	.long	.Lfunc_begin8                   @   base address
	.long	.Ltmp908-.Lfunc_begin8
	.long	.Ltmp1048-.Lfunc_begin8
	.short	6                               @ Loc expr size
	.byte	117                             @ DW_OP_breg5
	.byte	0                               @ 0
	.byte	121                             @ DW_OP_breg9
	.byte	0                               @ 0
	.byte	34                              @ DW_OP_plus
	.byte	159                             @ DW_OP_stack_value
	.long	.Ltmp1055-.Lfunc_begin8
	.long	.Lfunc_end8-.Lfunc_begin8
	.short	6                               @ Loc expr size
	.byte	117                             @ DW_OP_breg5
	.byte	0                               @ 0
	.byte	121                             @ DW_OP_breg9
	.byte	0                               @ 0
	.byte	34                              @ DW_OP_plus
	.byte	159                             @ DW_OP_stack_value
	.long	0
	.long	0
.Ldebug_loc41:
	.long	-1
	.long	.Lfunc_begin8                   @   base address
	.long	.Ltmp907-.Lfunc_begin8
	.long	.Ltmp1048-.Lfunc_begin8
	.short	1                               @ Loc expr size
	.byte	91                              @ DW_OP_reg11
	.long	.Ltmp1055-.Lfunc_begin8
	.long	.Lfunc_end8-.Lfunc_begin8
	.short	1                               @ Loc expr size
	.byte	91                              @ DW_OP_reg11
	.long	0
	.long	0
.Ldebug_loc42:
	.long	-1
	.long	.Lfunc_begin8                   @   base address
	.long	.Ltmp908-.Lfunc_begin8
	.long	.Ltmp1048-.Lfunc_begin8
	.short	1                               @ Loc expr size
	.byte	85                              @ DW_OP_reg5
	.long	.Ltmp1055-.Lfunc_begin8
	.long	.Lfunc_end8-.Lfunc_begin8
	.short	1                               @ Loc expr size
	.byte	85                              @ DW_OP_reg5
	.long	0
	.long	0
.Ldebug_loc43:
	.long	-1
	.long	.Lfunc_begin9                   @   base address
	.long	.Lfunc_begin9-.Lfunc_begin9
	.long	.Ltmp1297-.Lfunc_begin9
	.short	1                               @ Loc expr size
	.byte	80                              @ DW_OP_reg0
	.long	.Ltmp1297-.Lfunc_begin9
	.long	.Ltmp1298-.Lfunc_begin9
	.short	4                               @ Loc expr size
	.byte	243                             @ DW_OP_GNU_entry_value
	.byte	1                               @ 1
	.byte	80                              @ DW_OP_reg0
	.byte	159                             @ DW_OP_stack_value
	.long	.Ltmp1318-.Lfunc_begin9
	.long	.Ltmp1320-.Lfunc_begin9
	.short	1                               @ Loc expr size
	.byte	80                              @ DW_OP_reg0
	.long	.Ltmp1387-.Lfunc_begin9
	.long	.Ltmp1395-.Lfunc_begin9
	.short	1                               @ Loc expr size
	.byte	80                              @ DW_OP_reg0
	.long	.Ltmp1398-.Lfunc_begin9
	.long	.Lfunc_end9-.Lfunc_begin9
	.short	1                               @ Loc expr size
	.byte	80                              @ DW_OP_reg0
	.long	0
	.long	0
.Ldebug_loc44:
	.long	-1
	.long	.Lfunc_begin9                   @   base address
	.long	.Ltmp1100-.Lfunc_begin9
	.long	.Ltmp1363-.Lfunc_begin9
	.short	2                               @ Loc expr size
	.byte	125                             @ DW_OP_breg13
	.byte	4                               @ 4
	.long	.Ltmp1377-.Lfunc_begin9
	.long	.Ltmp1380-.Lfunc_begin9
	.short	2                               @ Loc expr size
	.byte	125                             @ DW_OP_breg13
	.byte	4                               @ 4
	.long	.Ltmp1387-.Lfunc_begin9
	.long	.Lfunc_end9-.Lfunc_begin9
	.short	2                               @ Loc expr size
	.byte	125                             @ DW_OP_breg13
	.byte	4                               @ 4
	.long	0
	.long	0
.Ldebug_loc45:
	.long	-1
	.long	.Lfunc_begin9                   @   base address
	.long	.Ltmp1101-.Lfunc_begin9
	.long	.Ltmp1385-.Lfunc_begin9
	.short	1                               @ Loc expr size
	.byte	85                              @ DW_OP_reg5
	.long	.Ltmp1386-.Lfunc_begin9
	.long	.Lfunc_end9-.Lfunc_begin9
	.short	1                               @ Loc expr size
	.byte	85                              @ DW_OP_reg5
	.long	0
	.long	0
.Ldebug_loc46:
	.long	-1
	.long	.Lfunc_begin9                   @   base address
	.long	.Ltmp1101-.Lfunc_begin9
	.long	.Ltmp1385-.Lfunc_begin9
	.short	1                               @ Loc expr size
	.byte	85                              @ DW_OP_reg5
	.long	.Ltmp1386-.Lfunc_begin9
	.long	.Lfunc_end9-.Lfunc_begin9
	.short	1                               @ Loc expr size
	.byte	85                              @ DW_OP_reg5
	.long	0
	.long	0
.Ldebug_loc47:
	.long	-1
	.long	.Lfunc_begin9                   @   base address
	.long	.Ltmp1104-.Lfunc_begin9
	.long	.Ltmp1155-.Lfunc_begin9
	.short	1                               @ Loc expr size
	.byte	86                              @ DW_OP_reg6
	.long	.Ltmp1168-.Lfunc_begin9
	.long	.Ltmp1176-.Lfunc_begin9
	.short	1                               @ Loc expr size
	.byte	86                              @ DW_OP_reg6
	.long	.Ltmp1184-.Lfunc_begin9
	.long	.Ltmp1302-.Lfunc_begin9
	.short	1                               @ Loc expr size
	.byte	86                              @ DW_OP_reg6
	.long	.Ltmp1306-.Lfunc_begin9
	.long	.Ltmp1308-.Lfunc_begin9
	.short	1                               @ Loc expr size
	.byte	86                              @ DW_OP_reg6
	.long	.Ltmp1314-.Lfunc_begin9
	.long	.Ltmp1315-.Lfunc_begin9
	.short	1                               @ Loc expr size
	.byte	86                              @ DW_OP_reg6
	.long	.Ltmp1318-.Lfunc_begin9
	.long	.Ltmp1320-.Lfunc_begin9
	.short	1                               @ Loc expr size
	.byte	86                              @ DW_OP_reg6
	.long	.Ltmp1398-.Lfunc_begin9
	.long	.Lfunc_end9-.Lfunc_begin9
	.short	1                               @ Loc expr size
	.byte	86                              @ DW_OP_reg6
	.long	0
	.long	0
.Ldebug_loc48:
	.long	-1
	.long	.Lfunc_begin9                   @   base address
	.long	.Ltmp1360-.Lfunc_begin9
	.long	.Ltmp1382-.Lfunc_begin9
	.short	1                               @ Loc expr size
	.byte	82                              @ DW_OP_reg2
	.long	0
	.long	0
.Ldebug_loc49:
	.long	-1
	.long	.Lfunc_begin9                   @   base address
	.long	.Ltmp1107-.Lfunc_begin9
	.long	.Ltmp1109-.Lfunc_begin9
	.short	1                               @ Loc expr size
	.byte	82                              @ DW_OP_reg2
	.long	.Ltmp1114-.Lfunc_begin9
	.long	.Ltmp1117-.Lfunc_begin9
	.short	1                               @ Loc expr size
	.byte	82                              @ DW_OP_reg2
	.long	.Ltmp1124-.Lfunc_begin9
	.long	.Ltmp1128-.Lfunc_begin9
	.short	1                               @ Loc expr size
	.byte	82                              @ DW_OP_reg2
	.long	.Ltmp1131-.Lfunc_begin9
	.long	.Ltmp1134-.Lfunc_begin9
	.short	1                               @ Loc expr size
	.byte	82                              @ DW_OP_reg2
	.long	.Ltmp1149-.Lfunc_begin9
	.long	.Ltmp1159-.Lfunc_begin9
	.short	1                               @ Loc expr size
	.byte	82                              @ DW_OP_reg2
	.long	.Ltmp1164-.Lfunc_begin9
	.long	.Ltmp1165-.Lfunc_begin9
	.short	1                               @ Loc expr size
	.byte	82                              @ DW_OP_reg2
	.long	.Ltmp1176-.Lfunc_begin9
	.long	.Ltmp1177-.Lfunc_begin9
	.short	1                               @ Loc expr size
	.byte	82                              @ DW_OP_reg2
	.long	0
	.long	0
.Ldebug_loc50:
	.long	-1
	.long	.Lfunc_begin9                   @   base address
	.long	.Ltmp1154-.Lfunc_begin9
	.long	.Ltmp1168-.Lfunc_begin9
	.short	1                               @ Loc expr size
	.byte	83                              @ DW_OP_reg3
	.long	.Ltmp1176-.Lfunc_begin9
	.long	.Ltmp1184-.Lfunc_begin9
	.short	1                               @ Loc expr size
	.byte	83                              @ DW_OP_reg3
	.long	.Ltmp1387-.Lfunc_begin9
	.long	.Ltmp1395-.Lfunc_begin9
	.short	1                               @ Loc expr size
	.byte	83                              @ DW_OP_reg3
	.long	0
	.long	0
.Ldebug_loc51:
	.long	-1
	.long	.Lfunc_begin10                  @   base address
	.long	.Lfunc_begin10-.Lfunc_begin10
	.long	.Ltmp1409-.Lfunc_begin10
	.short	1                               @ Loc expr size
	.byte	80                              @ DW_OP_reg0
	.long	.Ltmp1409-.Lfunc_begin10
	.long	.Ltmp1410-.Lfunc_begin10
	.short	4                               @ Loc expr size
	.byte	243                             @ DW_OP_GNU_entry_value
	.byte	1                               @ 1
	.byte	80                              @ DW_OP_reg0
	.byte	159                             @ DW_OP_stack_value
	.long	.Ltmp1410-.Lfunc_begin10
	.long	.Ltmp1412-.Lfunc_begin10
	.short	1                               @ Loc expr size
	.byte	80                              @ DW_OP_reg0
	.long	.Ltmp1412-.Lfunc_begin10
	.long	.Ltmp1413-.Lfunc_begin10
	.short	4                               @ Loc expr size
	.byte	243                             @ DW_OP_GNU_entry_value
	.byte	1                               @ 1
	.byte	80                              @ DW_OP_reg0
	.byte	159                             @ DW_OP_stack_value
	.long	.Ltmp1413-.Lfunc_begin10
	.long	.Ltmp1422-.Lfunc_begin10
	.short	1                               @ Loc expr size
	.byte	80                              @ DW_OP_reg0
	.long	.Ltmp1422-.Lfunc_begin10
	.long	.Lfunc_end10-.Lfunc_begin10
	.short	4                               @ Loc expr size
	.byte	243                             @ DW_OP_GNU_entry_value
	.byte	1                               @ 1
	.byte	80                              @ DW_OP_reg0
	.byte	159                             @ DW_OP_stack_value
	.long	0
	.long	0
.Ldebug_loc52:
	.long	-1
	.long	.Lfunc_begin10                  @   base address
	.long	.Lfunc_begin10-.Lfunc_begin10
	.long	.Ltmp1418-.Lfunc_begin10
	.short	1                               @ Loc expr size
	.byte	81                              @ DW_OP_reg1
	.long	.Ltmp1418-.Lfunc_begin10
	.long	.Ltmp1419-.Lfunc_begin10
	.short	4                               @ Loc expr size
	.byte	243                             @ DW_OP_GNU_entry_value
	.byte	1                               @ 1
	.byte	81                              @ DW_OP_reg1
	.byte	159                             @ DW_OP_stack_value
	.long	0
	.long	0
.Ldebug_loc53:
	.long	-1
	.long	.Lfunc_begin10                  @   base address
	.long	.Lfunc_begin10-.Lfunc_begin10
	.long	.Ltmp1419-.Lfunc_begin10
	.short	2                               @ Loc expr size
	.byte	48                              @ DW_OP_lit0
	.byte	159                             @ DW_OP_stack_value
	.long	.Ltmp1419-.Lfunc_begin10
	.long	.Lfunc_end10-.Lfunc_begin10
	.short	1                               @ Loc expr size
	.byte	83                              @ DW_OP_reg3
	.long	0
	.long	0
.Ldebug_loc54:
	.long	-1
	.long	.Lfunc_begin11                  @   base address
	.long	.Lfunc_begin11-.Lfunc_begin11
	.long	.Ltmp1427-.Lfunc_begin11
	.short	1                               @ Loc expr size
	.byte	80                              @ DW_OP_reg0
	.long	.Ltmp1427-.Lfunc_begin11
	.long	.Ltmp1428-.Lfunc_begin11
	.short	4                               @ Loc expr size
	.byte	243                             @ DW_OP_GNU_entry_value
	.byte	1                               @ 1
	.byte	80                              @ DW_OP_reg0
	.byte	159                             @ DW_OP_stack_value
	.long	.Ltmp1428-.Lfunc_begin11
	.long	.Ltmp1430-.Lfunc_begin11
	.short	1                               @ Loc expr size
	.byte	80                              @ DW_OP_reg0
	.long	.Ltmp1430-.Lfunc_begin11
	.long	.Ltmp1431-.Lfunc_begin11
	.short	4                               @ Loc expr size
	.byte	243                             @ DW_OP_GNU_entry_value
	.byte	1                               @ 1
	.byte	80                              @ DW_OP_reg0
	.byte	159                             @ DW_OP_stack_value
	.long	.Ltmp1431-.Lfunc_begin11
	.long	.Ltmp1436-.Lfunc_begin11
	.short	1                               @ Loc expr size
	.byte	80                              @ DW_OP_reg0
	.long	.Ltmp1437-.Lfunc_begin11
	.long	.Ltmp1441-.Lfunc_begin11
	.short	1                               @ Loc expr size
	.byte	80                              @ DW_OP_reg0
	.long	.Ltmp1441-.Lfunc_begin11
	.long	.Ltmp1442-.Lfunc_begin11
	.short	4                               @ Loc expr size
	.byte	243                             @ DW_OP_GNU_entry_value
	.byte	1                               @ 1
	.byte	80                              @ DW_OP_reg0
	.byte	159                             @ DW_OP_stack_value
	.long	.Ltmp1442-.Lfunc_begin11
	.long	.Ltmp1446-.Lfunc_begin11
	.short	1                               @ Loc expr size
	.byte	80                              @ DW_OP_reg0
	.long	.Ltmp1446-.Lfunc_begin11
	.long	.Ltmp1447-.Lfunc_begin11
	.short	4                               @ Loc expr size
	.byte	243                             @ DW_OP_GNU_entry_value
	.byte	1                               @ 1
	.byte	80                              @ DW_OP_reg0
	.byte	159                             @ DW_OP_stack_value
	.long	.Ltmp1447-.Lfunc_begin11
	.long	.Ltmp1452-.Lfunc_begin11
	.short	1                               @ Loc expr size
	.byte	80                              @ DW_OP_reg0
	.long	.Ltmp1452-.Lfunc_begin11
	.long	.Ltmp1453-.Lfunc_begin11
	.short	4                               @ Loc expr size
	.byte	243                             @ DW_OP_GNU_entry_value
	.byte	1                               @ 1
	.byte	80                              @ DW_OP_reg0
	.byte	159                             @ DW_OP_stack_value
	.long	.Ltmp1453-.Lfunc_begin11
	.long	.Ltmp1458-.Lfunc_begin11
	.short	1                               @ Loc expr size
	.byte	80                              @ DW_OP_reg0
	.long	.Ltmp1458-.Lfunc_begin11
	.long	.Ltmp1459-.Lfunc_begin11
	.short	4                               @ Loc expr size
	.byte	243                             @ DW_OP_GNU_entry_value
	.byte	1                               @ 1
	.byte	80                              @ DW_OP_reg0
	.byte	159                             @ DW_OP_stack_value
	.long	.Ltmp1459-.Lfunc_begin11
	.long	.Ltmp1464-.Lfunc_begin11
	.short	1                               @ Loc expr size
	.byte	80                              @ DW_OP_reg0
	.long	.Ltmp1464-.Lfunc_begin11
	.long	.Ltmp1465-.Lfunc_begin11
	.short	4                               @ Loc expr size
	.byte	243                             @ DW_OP_GNU_entry_value
	.byte	1                               @ 1
	.byte	80                              @ DW_OP_reg0
	.byte	159                             @ DW_OP_stack_value
	.long	.Ltmp1465-.Lfunc_begin11
	.long	.Ltmp1470-.Lfunc_begin11
	.short	1                               @ Loc expr size
	.byte	80                              @ DW_OP_reg0
	.long	.Ltmp1470-.Lfunc_begin11
	.long	.Ltmp1471-.Lfunc_begin11
	.short	4                               @ Loc expr size
	.byte	243                             @ DW_OP_GNU_entry_value
	.byte	1                               @ 1
	.byte	80                              @ DW_OP_reg0
	.byte	159                             @ DW_OP_stack_value
	.long	.Ltmp1471-.Lfunc_begin11
	.long	.Ltmp1479-.Lfunc_begin11
	.short	1                               @ Loc expr size
	.byte	80                              @ DW_OP_reg0
	.long	.Ltmp1479-.Lfunc_begin11
	.long	.Lfunc_end11-.Lfunc_begin11
	.short	4                               @ Loc expr size
	.byte	243                             @ DW_OP_GNU_entry_value
	.byte	1                               @ 1
	.byte	80                              @ DW_OP_reg0
	.byte	159                             @ DW_OP_stack_value
	.long	0
	.long	0
.Ldebug_loc55:
	.long	-1
	.long	.Lfunc_begin11                  @   base address
	.long	.Lfunc_begin11-.Lfunc_begin11
	.long	.Ltmp1436-.Lfunc_begin11
	.short	1                               @ Loc expr size
	.byte	81                              @ DW_OP_reg1
	.long	.Ltmp1437-.Lfunc_begin11
	.long	.Ltmp1438-.Lfunc_begin11
	.short	1                               @ Loc expr size
	.byte	81                              @ DW_OP_reg1
	.long	.Ltmp1442-.Lfunc_begin11
	.long	.Ltmp1444-.Lfunc_begin11
	.short	1                               @ Loc expr size
	.byte	81                              @ DW_OP_reg1
	.long	.Ltmp1447-.Lfunc_begin11
	.long	.Ltmp1449-.Lfunc_begin11
	.short	1                               @ Loc expr size
	.byte	81                              @ DW_OP_reg1
	.long	.Ltmp1453-.Lfunc_begin11
	.long	.Ltmp1455-.Lfunc_begin11
	.short	1                               @ Loc expr size
	.byte	81                              @ DW_OP_reg1
	.long	.Ltmp1459-.Lfunc_begin11
	.long	.Ltmp1461-.Lfunc_begin11
	.short	1                               @ Loc expr size
	.byte	81                              @ DW_OP_reg1
	.long	.Ltmp1465-.Lfunc_begin11
	.long	.Ltmp1467-.Lfunc_begin11
	.short	1                               @ Loc expr size
	.byte	81                              @ DW_OP_reg1
	.long	.Ltmp1471-.Lfunc_begin11
	.long	.Ltmp1476-.Lfunc_begin11
	.short	1                               @ Loc expr size
	.byte	81                              @ DW_OP_reg1
	.long	0
	.long	0
.Ldebug_loc56:
	.long	-1
	.long	.Lfunc_begin11                  @   base address
	.long	.Lfunc_begin11-.Lfunc_begin11
	.long	.Ltmp1436-.Lfunc_begin11
	.short	2                               @ Loc expr size
	.byte	48                              @ DW_OP_lit0
	.byte	159                             @ DW_OP_stack_value
	.long	.Ltmp1437-.Lfunc_begin11
	.long	.Ltmp1439-.Lfunc_begin11
	.short	2                               @ Loc expr size
	.byte	48                              @ DW_OP_lit0
	.byte	159                             @ DW_OP_stack_value
	.long	.Ltmp1439-.Lfunc_begin11
	.long	.Ltmp1441-.Lfunc_begin11
	.short	1                               @ Loc expr size
	.byte	81                              @ DW_OP_reg1
	.long	.Ltmp1441-.Lfunc_begin11
	.long	.Ltmp1442-.Lfunc_begin11
	.short	1                               @ Loc expr size
	.byte	80                              @ DW_OP_reg0
	.long	.Ltmp1442-.Lfunc_begin11
	.long	.Ltmp1444-.Lfunc_begin11
	.short	2                               @ Loc expr size
	.byte	48                              @ DW_OP_lit0
	.byte	159                             @ DW_OP_stack_value
	.long	.Ltmp1444-.Lfunc_begin11
	.long	.Ltmp1446-.Lfunc_begin11
	.short	1                               @ Loc expr size
	.byte	81                              @ DW_OP_reg1
	.long	.Ltmp1446-.Lfunc_begin11
	.long	.Ltmp1447-.Lfunc_begin11
	.short	1                               @ Loc expr size
	.byte	80                              @ DW_OP_reg0
	.long	.Ltmp1447-.Lfunc_begin11
	.long	.Ltmp1450-.Lfunc_begin11
	.short	2                               @ Loc expr size
	.byte	48                              @ DW_OP_lit0
	.byte	159                             @ DW_OP_stack_value
	.long	.Ltmp1450-.Lfunc_begin11
	.long	.Ltmp1452-.Lfunc_begin11
	.short	1                               @ Loc expr size
	.byte	81                              @ DW_OP_reg1
	.long	.Ltmp1452-.Lfunc_begin11
	.long	.Ltmp1453-.Lfunc_begin11
	.short	1                               @ Loc expr size
	.byte	80                              @ DW_OP_reg0
	.long	.Ltmp1453-.Lfunc_begin11
	.long	.Ltmp1456-.Lfunc_begin11
	.short	2                               @ Loc expr size
	.byte	48                              @ DW_OP_lit0
	.byte	159                             @ DW_OP_stack_value
	.long	.Ltmp1456-.Lfunc_begin11
	.long	.Ltmp1458-.Lfunc_begin11
	.short	1                               @ Loc expr size
	.byte	81                              @ DW_OP_reg1
	.long	.Ltmp1458-.Lfunc_begin11
	.long	.Ltmp1459-.Lfunc_begin11
	.short	1                               @ Loc expr size
	.byte	80                              @ DW_OP_reg0
	.long	.Ltmp1459-.Lfunc_begin11
	.long	.Ltmp1462-.Lfunc_begin11
	.short	2                               @ Loc expr size
	.byte	48                              @ DW_OP_lit0
	.byte	159                             @ DW_OP_stack_value
	.long	.Ltmp1462-.Lfunc_begin11
	.long	.Ltmp1464-.Lfunc_begin11
	.short	1                               @ Loc expr size
	.byte	81                              @ DW_OP_reg1
	.long	.Ltmp1464-.Lfunc_begin11
	.long	.Ltmp1465-.Lfunc_begin11
	.short	1                               @ Loc expr size
	.byte	80                              @ DW_OP_reg0
	.long	.Ltmp1465-.Lfunc_begin11
	.long	.Ltmp1468-.Lfunc_begin11
	.short	2                               @ Loc expr size
	.byte	48                              @ DW_OP_lit0
	.byte	159                             @ DW_OP_stack_value
	.long	.Ltmp1468-.Lfunc_begin11
	.long	.Ltmp1470-.Lfunc_begin11
	.short	1                               @ Loc expr size
	.byte	81                              @ DW_OP_reg1
	.long	.Ltmp1470-.Lfunc_begin11
	.long	.Ltmp1471-.Lfunc_begin11
	.short	1                               @ Loc expr size
	.byte	80                              @ DW_OP_reg0
	.long	.Ltmp1471-.Lfunc_begin11
	.long	.Ltmp1477-.Lfunc_begin11
	.short	2                               @ Loc expr size
	.byte	48                              @ DW_OP_lit0
	.byte	159                             @ DW_OP_stack_value
	.long	.Ltmp1477-.Lfunc_begin11
	.long	.Ltmp1479-.Lfunc_begin11
	.short	1                               @ Loc expr size
	.byte	81                              @ DW_OP_reg1
	.long	.Ltmp1479-.Lfunc_begin11
	.long	.Lfunc_end11-.Lfunc_begin11
	.short	1                               @ Loc expr size
	.byte	80                              @ DW_OP_reg0
	.long	0
	.long	0
.Ldebug_loc57:
	.long	-1
	.long	.Lfunc_begin12                  @   base address
	.long	.Lfunc_begin12-.Lfunc_begin12
	.long	.Ltmp1481-.Lfunc_begin12
	.short	1                               @ Loc expr size
	.byte	80                              @ DW_OP_reg0
	.long	.Ltmp1481-.Lfunc_begin12
	.long	.Lfunc_end12-.Lfunc_begin12
	.short	4                               @ Loc expr size
	.byte	243                             @ DW_OP_GNU_entry_value
	.byte	1                               @ 1
	.byte	80                              @ DW_OP_reg0
	.byte	159                             @ DW_OP_stack_value
	.long	0
	.long	0
.Ldebug_loc58:
	.long	-1
	.long	.Lfunc_begin13                  @   base address
	.long	.Lfunc_begin13-.Lfunc_begin13
	.long	.Ltmp1483-.Lfunc_begin13
	.short	1                               @ Loc expr size
	.byte	80                              @ DW_OP_reg0
	.long	.Ltmp1483-.Lfunc_begin13
	.long	.Lfunc_end13-.Lfunc_begin13
	.short	4                               @ Loc expr size
	.byte	243                             @ DW_OP_GNU_entry_value
	.byte	1                               @ 1
	.byte	80                              @ DW_OP_reg0
	.byte	159                             @ DW_OP_stack_value
	.long	0
	.long	0
	.section	.debug_abbrev,"",%progbits
	.byte	1                               @ Abbreviation Code
	.byte	17                              @ DW_TAG_compile_unit
	.byte	1                               @ DW_CHILDREN_yes
	.byte	37                              @ DW_AT_producer
	.byte	14                              @ DW_FORM_strp
	.byte	19                              @ DW_AT_language
	.byte	5                               @ DW_FORM_data2
	.byte	3                               @ DW_AT_name
	.byte	14                              @ DW_FORM_strp
	.byte	16                              @ DW_AT_stmt_list
	.byte	23                              @ DW_FORM_sec_offset
	.byte	27                              @ DW_AT_comp_dir
	.byte	14                              @ DW_FORM_strp
	.byte	17                              @ DW_AT_low_pc
	.byte	1                               @ DW_FORM_addr
	.byte	85                              @ DW_AT_ranges
	.byte	23                              @ DW_FORM_sec_offset
	.byte	0                               @ EOM(1)
	.byte	0                               @ EOM(2)
	.byte	2                               @ Abbreviation Code
	.byte	46                              @ DW_TAG_subprogram
	.byte	1                               @ DW_CHILDREN_yes
	.byte	17                              @ DW_AT_low_pc
	.byte	1                               @ DW_FORM_addr
	.byte	18                              @ DW_AT_high_pc
	.byte	6                               @ DW_FORM_data4
	.byte	64                              @ DW_AT_frame_base
	.byte	24                              @ DW_FORM_exprloc
	.ascii	"\227B"                         @ DW_AT_GNU_all_call_sites
	.byte	25                              @ DW_FORM_flag_present
	.byte	3                               @ DW_AT_name
	.byte	14                              @ DW_FORM_strp
	.byte	58                              @ DW_AT_decl_file
	.byte	11                              @ DW_FORM_data1
	.byte	59                              @ DW_AT_decl_line
	.byte	5                               @ DW_FORM_data2
	.byte	39                              @ DW_AT_prototyped
	.byte	25                              @ DW_FORM_flag_present
	.byte	73                              @ DW_AT_type
	.byte	19                              @ DW_FORM_ref4
	.byte	0                               @ EOM(1)
	.byte	0                               @ EOM(2)
	.byte	3                               @ Abbreviation Code
	.byte	52                              @ DW_TAG_variable
	.byte	0                               @ DW_CHILDREN_no
	.byte	3                               @ DW_AT_name
	.byte	14                              @ DW_FORM_strp
	.byte	73                              @ DW_AT_type
	.byte	19                              @ DW_FORM_ref4
	.byte	58                              @ DW_AT_decl_file
	.byte	11                              @ DW_FORM_data1
	.byte	59                              @ DW_AT_decl_line
	.byte	5                               @ DW_FORM_data2
	.byte	2                               @ DW_AT_location
	.byte	24                              @ DW_FORM_exprloc
	.byte	0                               @ EOM(1)
	.byte	0                               @ EOM(2)
	.byte	4                               @ Abbreviation Code
	.byte	5                               @ DW_TAG_formal_parameter
	.byte	0                               @ DW_CHILDREN_no
	.byte	2                               @ DW_AT_location
	.byte	23                              @ DW_FORM_sec_offset
	.byte	3                               @ DW_AT_name
	.byte	14                              @ DW_FORM_strp
	.byte	58                              @ DW_AT_decl_file
	.byte	11                              @ DW_FORM_data1
	.byte	59                              @ DW_AT_decl_line
	.byte	5                               @ DW_FORM_data2
	.byte	73                              @ DW_AT_type
	.byte	19                              @ DW_FORM_ref4
	.byte	0                               @ EOM(1)
	.byte	0                               @ EOM(2)
	.byte	5                               @ Abbreviation Code
	.byte	11                              @ DW_TAG_lexical_block
	.byte	1                               @ DW_CHILDREN_yes
	.byte	17                              @ DW_AT_low_pc
	.byte	1                               @ DW_FORM_addr
	.byte	18                              @ DW_AT_high_pc
	.byte	6                               @ DW_FORM_data4
	.byte	0                               @ EOM(1)
	.byte	0                               @ EOM(2)
	.byte	6                               @ Abbreviation Code
	.byte	52                              @ DW_TAG_variable
	.byte	0                               @ DW_CHILDREN_no
	.byte	3                               @ DW_AT_name
	.byte	14                              @ DW_FORM_strp
	.byte	58                              @ DW_AT_decl_file
	.byte	11                              @ DW_FORM_data1
	.byte	59                              @ DW_AT_decl_line
	.byte	5                               @ DW_FORM_data2
	.byte	73                              @ DW_AT_type
	.byte	19                              @ DW_FORM_ref4
	.byte	0                               @ EOM(1)
	.byte	0                               @ EOM(2)
	.byte	7                               @ Abbreviation Code
	.byte	1                               @ DW_TAG_array_type
	.byte	1                               @ DW_CHILDREN_yes
	.byte	73                              @ DW_AT_type
	.byte	19                              @ DW_FORM_ref4
	.byte	0                               @ EOM(1)
	.byte	0                               @ EOM(2)
	.byte	8                               @ Abbreviation Code
	.byte	33                              @ DW_TAG_subrange_type
	.byte	0                               @ DW_CHILDREN_no
	.byte	73                              @ DW_AT_type
	.byte	19                              @ DW_FORM_ref4
	.byte	55                              @ DW_AT_count
	.byte	11                              @ DW_FORM_data1
	.byte	0                               @ EOM(1)
	.byte	0                               @ EOM(2)
	.byte	9                               @ Abbreviation Code
	.byte	38                              @ DW_TAG_const_type
	.byte	0                               @ DW_CHILDREN_no
	.byte	73                              @ DW_AT_type
	.byte	19                              @ DW_FORM_ref4
	.byte	0                               @ EOM(1)
	.byte	0                               @ EOM(2)
	.byte	10                              @ Abbreviation Code
	.byte	22                              @ DW_TAG_typedef
	.byte	0                               @ DW_CHILDREN_no
	.byte	73                              @ DW_AT_type
	.byte	19                              @ DW_FORM_ref4
	.byte	3                               @ DW_AT_name
	.byte	14                              @ DW_FORM_strp
	.byte	58                              @ DW_AT_decl_file
	.byte	11                              @ DW_FORM_data1
	.byte	59                              @ DW_AT_decl_line
	.byte	11                              @ DW_FORM_data1
	.byte	0                               @ EOM(1)
	.byte	0                               @ EOM(2)
	.byte	11                              @ Abbreviation Code
	.byte	36                              @ DW_TAG_base_type
	.byte	0                               @ DW_CHILDREN_no
	.byte	3                               @ DW_AT_name
	.byte	14                              @ DW_FORM_strp
	.byte	62                              @ DW_AT_encoding
	.byte	11                              @ DW_FORM_data1
	.byte	11                              @ DW_AT_byte_size
	.byte	11                              @ DW_FORM_data1
	.byte	0                               @ EOM(1)
	.byte	0                               @ EOM(2)
	.byte	12                              @ Abbreviation Code
	.byte	36                              @ DW_TAG_base_type
	.byte	0                               @ DW_CHILDREN_no
	.byte	3                               @ DW_AT_name
	.byte	14                              @ DW_FORM_strp
	.byte	11                              @ DW_AT_byte_size
	.byte	11                              @ DW_FORM_data1
	.byte	62                              @ DW_AT_encoding
	.byte	11                              @ DW_FORM_data1
	.byte	0                               @ EOM(1)
	.byte	0                               @ EOM(2)
	.byte	13                              @ Abbreviation Code
	.byte	4                               @ DW_TAG_enumeration_type
	.byte	1                               @ DW_CHILDREN_yes
	.byte	73                              @ DW_AT_type
	.byte	19                              @ DW_FORM_ref4
	.byte	11                              @ DW_AT_byte_size
	.byte	11                              @ DW_FORM_data1
	.byte	58                              @ DW_AT_decl_file
	.byte	11                              @ DW_FORM_data1
	.byte	59                              @ DW_AT_decl_line
	.byte	11                              @ DW_FORM_data1
	.byte	0                               @ EOM(1)
	.byte	0                               @ EOM(2)
	.byte	14                              @ Abbreviation Code
	.byte	40                              @ DW_TAG_enumerator
	.byte	0                               @ DW_CHILDREN_no
	.byte	3                               @ DW_AT_name
	.byte	14                              @ DW_FORM_strp
	.byte	28                              @ DW_AT_const_value
	.byte	15                              @ DW_FORM_udata
	.byte	0                               @ EOM(1)
	.byte	0                               @ EOM(2)
	.byte	15                              @ Abbreviation Code
	.byte	15                              @ DW_TAG_pointer_type
	.byte	0                               @ DW_CHILDREN_no
	.byte	73                              @ DW_AT_type
	.byte	19                              @ DW_FORM_ref4
	.byte	0                               @ EOM(1)
	.byte	0                               @ EOM(2)
	.byte	16                              @ Abbreviation Code
	.byte	22                              @ DW_TAG_typedef
	.byte	0                               @ DW_CHILDREN_no
	.byte	73                              @ DW_AT_type
	.byte	19                              @ DW_FORM_ref4
	.byte	3                               @ DW_AT_name
	.byte	14                              @ DW_FORM_strp
	.byte	58                              @ DW_AT_decl_file
	.byte	11                              @ DW_FORM_data1
	.byte	59                              @ DW_AT_decl_line
	.byte	5                               @ DW_FORM_data2
	.byte	0                               @ EOM(1)
	.byte	0                               @ EOM(2)
	.byte	17                              @ Abbreviation Code
	.byte	19                              @ DW_TAG_structure_type
	.byte	1                               @ DW_CHILDREN_yes
	.byte	11                              @ DW_AT_byte_size
	.byte	11                              @ DW_FORM_data1
	.byte	58                              @ DW_AT_decl_file
	.byte	11                              @ DW_FORM_data1
	.byte	59                              @ DW_AT_decl_line
	.byte	5                               @ DW_FORM_data2
	.byte	0                               @ EOM(1)
	.byte	0                               @ EOM(2)
	.byte	18                              @ Abbreviation Code
	.byte	13                              @ DW_TAG_member
	.byte	0                               @ DW_CHILDREN_no
	.byte	3                               @ DW_AT_name
	.byte	14                              @ DW_FORM_strp
	.byte	73                              @ DW_AT_type
	.byte	19                              @ DW_FORM_ref4
	.byte	58                              @ DW_AT_decl_file
	.byte	11                              @ DW_FORM_data1
	.byte	59                              @ DW_AT_decl_line
	.byte	5                               @ DW_FORM_data2
	.byte	56                              @ DW_AT_data_member_location
	.byte	11                              @ DW_FORM_data1
	.byte	0                               @ EOM(1)
	.byte	0                               @ EOM(2)
	.byte	19                              @ Abbreviation Code
	.byte	53                              @ DW_TAG_volatile_type
	.byte	0                               @ DW_CHILDREN_no
	.byte	73                              @ DW_AT_type
	.byte	19                              @ DW_FORM_ref4
	.byte	0                               @ EOM(1)
	.byte	0                               @ EOM(2)
	.byte	20                              @ Abbreviation Code
	.byte	19                              @ DW_TAG_structure_type
	.byte	1                               @ DW_CHILDREN_yes
	.byte	11                              @ DW_AT_byte_size
	.byte	11                              @ DW_FORM_data1
	.byte	58                              @ DW_AT_decl_file
	.byte	11                              @ DW_FORM_data1
	.byte	59                              @ DW_AT_decl_line
	.byte	11                              @ DW_FORM_data1
	.byte	0                               @ EOM(1)
	.byte	0                               @ EOM(2)
	.byte	21                              @ Abbreviation Code
	.byte	13                              @ DW_TAG_member
	.byte	0                               @ DW_CHILDREN_no
	.byte	3                               @ DW_AT_name
	.byte	14                              @ DW_FORM_strp
	.byte	73                              @ DW_AT_type
	.byte	19                              @ DW_FORM_ref4
	.byte	58                              @ DW_AT_decl_file
	.byte	11                              @ DW_FORM_data1
	.byte	59                              @ DW_AT_decl_line
	.byte	11                              @ DW_FORM_data1
	.byte	56                              @ DW_AT_data_member_location
	.byte	11                              @ DW_FORM_data1
	.byte	0                               @ EOM(1)
	.byte	0                               @ EOM(2)
	.byte	22                              @ Abbreviation Code
	.byte	46                              @ DW_TAG_subprogram
	.byte	1                               @ DW_CHILDREN_yes
	.byte	3                               @ DW_AT_name
	.byte	14                              @ DW_FORM_strp
	.byte	58                              @ DW_AT_decl_file
	.byte	11                              @ DW_FORM_data1
	.byte	59                              @ DW_AT_decl_line
	.byte	5                               @ DW_FORM_data2
	.byte	39                              @ DW_AT_prototyped
	.byte	25                              @ DW_FORM_flag_present
	.byte	73                              @ DW_AT_type
	.byte	19                              @ DW_FORM_ref4
	.byte	32                              @ DW_AT_inline
	.byte	11                              @ DW_FORM_data1
	.byte	0                               @ EOM(1)
	.byte	0                               @ EOM(2)
	.byte	23                              @ Abbreviation Code
	.byte	5                               @ DW_TAG_formal_parameter
	.byte	0                               @ DW_CHILDREN_no
	.byte	3                               @ DW_AT_name
	.byte	14                              @ DW_FORM_strp
	.byte	58                              @ DW_AT_decl_file
	.byte	11                              @ DW_FORM_data1
	.byte	59                              @ DW_AT_decl_line
	.byte	5                               @ DW_FORM_data2
	.byte	73                              @ DW_AT_type
	.byte	19                              @ DW_FORM_ref4
	.byte	0                               @ EOM(1)
	.byte	0                               @ EOM(2)
	.byte	24                              @ Abbreviation Code
	.byte	19                              @ DW_TAG_structure_type
	.byte	1                               @ DW_CHILDREN_yes
	.byte	3                               @ DW_AT_name
	.byte	14                              @ DW_FORM_strp
	.byte	11                              @ DW_AT_byte_size
	.byte	11                              @ DW_FORM_data1
	.byte	58                              @ DW_AT_decl_file
	.byte	11                              @ DW_FORM_data1
	.byte	59                              @ DW_AT_decl_line
	.byte	11                              @ DW_FORM_data1
	.byte	0                               @ EOM(1)
	.byte	0                               @ EOM(2)
	.byte	25                              @ Abbreviation Code
	.byte	15                              @ DW_TAG_pointer_type
	.byte	0                               @ DW_CHILDREN_no
	.byte	0                               @ EOM(1)
	.byte	0                               @ EOM(2)
	.byte	26                              @ Abbreviation Code
	.byte	21                              @ DW_TAG_subroutine_type
	.byte	1                               @ DW_CHILDREN_yes
	.byte	39                              @ DW_AT_prototyped
	.byte	25                              @ DW_FORM_flag_present
	.byte	0                               @ EOM(1)
	.byte	0                               @ EOM(2)
	.byte	27                              @ Abbreviation Code
	.byte	5                               @ DW_TAG_formal_parameter
	.byte	0                               @ DW_CHILDREN_no
	.byte	73                              @ DW_AT_type
	.byte	19                              @ DW_FORM_ref4
	.byte	0                               @ EOM(1)
	.byte	0                               @ EOM(2)
	.byte	28                              @ Abbreviation Code
	.byte	46                              @ DW_TAG_subprogram
	.byte	1                               @ DW_CHILDREN_yes
	.byte	3                               @ DW_AT_name
	.byte	14                              @ DW_FORM_strp
	.byte	58                              @ DW_AT_decl_file
	.byte	11                              @ DW_FORM_data1
	.byte	59                              @ DW_AT_decl_line
	.byte	5                               @ DW_FORM_data2
	.byte	39                              @ DW_AT_prototyped
	.byte	25                              @ DW_FORM_flag_present
	.byte	32                              @ DW_AT_inline
	.byte	11                              @ DW_FORM_data1
	.byte	0                               @ EOM(1)
	.byte	0                               @ EOM(2)
	.byte	29                              @ Abbreviation Code
	.byte	46                              @ DW_TAG_subprogram
	.byte	1                               @ DW_CHILDREN_yes
	.byte	17                              @ DW_AT_low_pc
	.byte	1                               @ DW_FORM_addr
	.byte	18                              @ DW_AT_high_pc
	.byte	6                               @ DW_FORM_data4
	.byte	64                              @ DW_AT_frame_base
	.byte	24                              @ DW_FORM_exprloc
	.ascii	"\227B"                         @ DW_AT_GNU_all_call_sites
	.byte	25                              @ DW_FORM_flag_present
	.byte	3                               @ DW_AT_name
	.byte	14                              @ DW_FORM_strp
	.byte	58                              @ DW_AT_decl_file
	.byte	11                              @ DW_FORM_data1
	.byte	59                              @ DW_AT_decl_line
	.byte	11                              @ DW_FORM_data1
	.byte	39                              @ DW_AT_prototyped
	.byte	25                              @ DW_FORM_flag_present
	.byte	73                              @ DW_AT_type
	.byte	19                              @ DW_FORM_ref4
	.byte	63                              @ DW_AT_external
	.byte	25                              @ DW_FORM_flag_present
	.byte	0                               @ EOM(1)
	.byte	0                               @ EOM(2)
	.byte	30                              @ Abbreviation Code
	.byte	5                               @ DW_TAG_formal_parameter
	.byte	0                               @ DW_CHILDREN_no
	.byte	2                               @ DW_AT_location
	.byte	23                              @ DW_FORM_sec_offset
	.byte	3                               @ DW_AT_name
	.byte	14                              @ DW_FORM_strp
	.byte	58                              @ DW_AT_decl_file
	.byte	11                              @ DW_FORM_data1
	.byte	59                              @ DW_AT_decl_line
	.byte	11                              @ DW_FORM_data1
	.byte	73                              @ DW_AT_type
	.byte	19                              @ DW_FORM_ref4
	.byte	0                               @ EOM(1)
	.byte	0                               @ EOM(2)
	.byte	31                              @ Abbreviation Code
	.byte	52                              @ DW_TAG_variable
	.byte	0                               @ DW_CHILDREN_no
	.byte	2                               @ DW_AT_location
	.byte	23                              @ DW_FORM_sec_offset
	.byte	3                               @ DW_AT_name
	.byte	14                              @ DW_FORM_strp
	.byte	58                              @ DW_AT_decl_file
	.byte	11                              @ DW_FORM_data1
	.byte	59                              @ DW_AT_decl_line
	.byte	11                              @ DW_FORM_data1
	.byte	73                              @ DW_AT_type
	.byte	19                              @ DW_FORM_ref4
	.byte	0                               @ EOM(1)
	.byte	0                               @ EOM(2)
	.byte	32                              @ Abbreviation Code
	.byte	29                              @ DW_TAG_inlined_subroutine
	.byte	1                               @ DW_CHILDREN_yes
	.byte	49                              @ DW_AT_abstract_origin
	.byte	19                              @ DW_FORM_ref4
	.byte	85                              @ DW_AT_ranges
	.byte	23                              @ DW_FORM_sec_offset
	.byte	88                              @ DW_AT_call_file
	.byte	11                              @ DW_FORM_data1
	.byte	89                              @ DW_AT_call_line
	.byte	5                               @ DW_FORM_data2
	.byte	87                              @ DW_AT_call_column
	.byte	11                              @ DW_FORM_data1
	.byte	0                               @ EOM(1)
	.byte	0                               @ EOM(2)
	.byte	33                              @ Abbreviation Code
	.byte	5                               @ DW_TAG_formal_parameter
	.byte	0                               @ DW_CHILDREN_no
	.byte	2                               @ DW_AT_location
	.byte	23                              @ DW_FORM_sec_offset
	.byte	49                              @ DW_AT_abstract_origin
	.byte	19                              @ DW_FORM_ref4
	.byte	0                               @ EOM(1)
	.byte	0                               @ EOM(2)
	.byte	34                              @ Abbreviation Code
	.byte	52                              @ DW_TAG_variable
	.byte	0                               @ DW_CHILDREN_no
	.byte	2                               @ DW_AT_location
	.byte	23                              @ DW_FORM_sec_offset
	.byte	49                              @ DW_AT_abstract_origin
	.byte	19                              @ DW_FORM_ref4
	.byte	0                               @ EOM(1)
	.byte	0                               @ EOM(2)
	.byte	35                              @ Abbreviation Code
	.byte	46                              @ DW_TAG_subprogram
	.byte	1                               @ DW_CHILDREN_yes
	.byte	17                              @ DW_AT_low_pc
	.byte	1                               @ DW_FORM_addr
	.byte	18                              @ DW_AT_high_pc
	.byte	6                               @ DW_FORM_data4
	.byte	64                              @ DW_AT_frame_base
	.byte	24                              @ DW_FORM_exprloc
	.ascii	"\227B"                         @ DW_AT_GNU_all_call_sites
	.byte	25                              @ DW_FORM_flag_present
	.byte	3                               @ DW_AT_name
	.byte	14                              @ DW_FORM_strp
	.byte	58                              @ DW_AT_decl_file
	.byte	11                              @ DW_FORM_data1
	.byte	59                              @ DW_AT_decl_line
	.byte	5                               @ DW_FORM_data2
	.byte	39                              @ DW_AT_prototyped
	.byte	25                              @ DW_FORM_flag_present
	.byte	73                              @ DW_AT_type
	.byte	19                              @ DW_FORM_ref4
	.byte	63                              @ DW_AT_external
	.byte	25                              @ DW_FORM_flag_present
	.byte	0                               @ EOM(1)
	.byte	0                               @ EOM(2)
	.byte	36                              @ Abbreviation Code
	.byte	52                              @ DW_TAG_variable
	.byte	0                               @ DW_CHILDREN_no
	.byte	2                               @ DW_AT_location
	.byte	23                              @ DW_FORM_sec_offset
	.byte	3                               @ DW_AT_name
	.byte	14                              @ DW_FORM_strp
	.byte	58                              @ DW_AT_decl_file
	.byte	11                              @ DW_FORM_data1
	.byte	59                              @ DW_AT_decl_line
	.byte	5                               @ DW_FORM_data2
	.byte	73                              @ DW_AT_type
	.byte	19                              @ DW_FORM_ref4
	.byte	0                               @ EOM(1)
	.byte	0                               @ EOM(2)
	.byte	37                              @ Abbreviation Code
	.byte	5                               @ DW_TAG_formal_parameter
	.byte	0                               @ DW_CHILDREN_no
	.byte	2                               @ DW_AT_location
	.byte	24                              @ DW_FORM_exprloc
	.byte	49                              @ DW_AT_abstract_origin
	.byte	19                              @ DW_FORM_ref4
	.byte	0                               @ EOM(1)
	.byte	0                               @ EOM(2)
	.byte	38                              @ Abbreviation Code
	.byte	52                              @ DW_TAG_variable
	.byte	0                               @ DW_CHILDREN_no
	.byte	2                               @ DW_AT_location
	.byte	24                              @ DW_FORM_exprloc
	.byte	49                              @ DW_AT_abstract_origin
	.byte	19                              @ DW_FORM_ref4
	.byte	0                               @ EOM(1)
	.byte	0                               @ EOM(2)
	.byte	39                              @ Abbreviation Code
	.byte	46                              @ DW_TAG_subprogram
	.byte	1                               @ DW_CHILDREN_yes
	.byte	17                              @ DW_AT_low_pc
	.byte	1                               @ DW_FORM_addr
	.byte	18                              @ DW_AT_high_pc
	.byte	6                               @ DW_FORM_data4
	.byte	64                              @ DW_AT_frame_base
	.byte	24                              @ DW_FORM_exprloc
	.ascii	"\227B"                         @ DW_AT_GNU_all_call_sites
	.byte	25                              @ DW_FORM_flag_present
	.byte	3                               @ DW_AT_name
	.byte	14                              @ DW_FORM_strp
	.byte	58                              @ DW_AT_decl_file
	.byte	11                              @ DW_FORM_data1
	.byte	59                              @ DW_AT_decl_line
	.byte	5                               @ DW_FORM_data2
	.byte	39                              @ DW_AT_prototyped
	.byte	25                              @ DW_FORM_flag_present
	.byte	0                               @ EOM(1)
	.byte	0                               @ EOM(2)
	.byte	40                              @ Abbreviation Code
	.byte	5                               @ DW_TAG_formal_parameter
	.byte	0                               @ DW_CHILDREN_no
	.byte	2                               @ DW_AT_location
	.byte	24                              @ DW_FORM_exprloc
	.byte	3                               @ DW_AT_name
	.byte	14                              @ DW_FORM_strp
	.byte	58                              @ DW_AT_decl_file
	.byte	11                              @ DW_FORM_data1
	.byte	59                              @ DW_AT_decl_line
	.byte	5                               @ DW_FORM_data2
	.byte	73                              @ DW_AT_type
	.byte	19                              @ DW_FORM_ref4
	.byte	0                               @ EOM(1)
	.byte	0                               @ EOM(2)
	.byte	41                              @ Abbreviation Code
	.byte	52                              @ DW_TAG_variable
	.byte	0                               @ DW_CHILDREN_no
	.byte	28                              @ DW_AT_const_value
	.byte	15                              @ DW_FORM_udata
	.byte	3                               @ DW_AT_name
	.byte	14                              @ DW_FORM_strp
	.byte	58                              @ DW_AT_decl_file
	.byte	11                              @ DW_FORM_data1
	.byte	59                              @ DW_AT_decl_line
	.byte	5                               @ DW_FORM_data2
	.byte	73                              @ DW_AT_type
	.byte	19                              @ DW_FORM_ref4
	.byte	0                               @ EOM(1)
	.byte	0                               @ EOM(2)
	.byte	42                              @ Abbreviation Code
	.byte	46                              @ DW_TAG_subprogram
	.byte	1                               @ DW_CHILDREN_yes
	.byte	17                              @ DW_AT_low_pc
	.byte	1                               @ DW_FORM_addr
	.byte	18                              @ DW_AT_high_pc
	.byte	6                               @ DW_FORM_data4
	.byte	64                              @ DW_AT_frame_base
	.byte	24                              @ DW_FORM_exprloc
	.ascii	"\227B"                         @ DW_AT_GNU_all_call_sites
	.byte	25                              @ DW_FORM_flag_present
	.byte	3                               @ DW_AT_name
	.byte	14                              @ DW_FORM_strp
	.byte	58                              @ DW_AT_decl_file
	.byte	11                              @ DW_FORM_data1
	.byte	59                              @ DW_AT_decl_line
	.byte	5                               @ DW_FORM_data2
	.byte	39                              @ DW_AT_prototyped
	.byte	25                              @ DW_FORM_flag_present
	.byte	63                              @ DW_AT_external
	.byte	25                              @ DW_FORM_flag_present
	.byte	0                               @ EOM(1)
	.byte	0                               @ EOM(2)
	.byte	43                              @ Abbreviation Code
	.ascii	"\211\202\001"                  @ DW_TAG_GNU_call_site
	.byte	0                               @ DW_CHILDREN_no
	.ascii	"\223B"                         @ DW_AT_GNU_call_site_target
	.byte	24                              @ DW_FORM_exprloc
	.ascii	"\225B"                         @ DW_AT_GNU_tail_call
	.byte	25                              @ DW_FORM_flag_present
	.byte	17                              @ DW_AT_low_pc
	.byte	1                               @ DW_FORM_addr
	.byte	0                               @ EOM(1)
	.byte	0                               @ EOM(2)
	.byte	0                               @ EOM(3)
	.section	.debug_info,"",%progbits
.Lcu_begin0:
	.long	.Ldebug_info_end0-.Ldebug_info_start0 @ Length of Unit
.Ldebug_info_start0:
	.short	4                               @ DWARF version number
	.long	.debug_abbrev                   @ Offset Into Abbrev. Section
	.byte	4                               @ Address Size (in bytes)
	.byte	1                               @ Abbrev [1] 0xb:0xbaf DW_TAG_compile_unit
	.long	.Linfo_string0                  @ DW_AT_producer
	.short	12                              @ DW_AT_language
	.long	.Linfo_string1                  @ DW_AT_name
	.long	.Lline_table_start0             @ DW_AT_stmt_list
	.long	.Linfo_string2                  @ DW_AT_comp_dir
	.long	0                               @ DW_AT_low_pc
	.long	.Ldebug_ranges5                 @ DW_AT_ranges
	.byte	2                               @ Abbrev [2] 0x26:0x4f DW_TAG_subprogram
	.long	.Lfunc_begin1                   @ DW_AT_low_pc
	.long	.Lfunc_end1-.Lfunc_begin1       @ DW_AT_high_pc
	.byte	1                               @ DW_AT_frame_base
	.byte	93
                                        @ DW_AT_GNU_all_call_sites
	.long	.Linfo_string115                @ DW_AT_name
	.byte	2                               @ DW_AT_decl_file
	.short	1857                            @ DW_AT_decl_line
                                        @ DW_AT_prototyped
	.long	430                             @ DW_AT_type
	.byte	3                               @ Abbrev [3] 0x3c:0x12 DW_TAG_variable
	.long	.Linfo_string3                  @ DW_AT_name
	.long	117                             @ DW_AT_type
	.byte	2                               @ DW_AT_decl_file
	.short	1864                            @ DW_AT_decl_line
	.byte	5                               @ DW_AT_location
	.byte	3
	.long	DMA_CalcBaseAndBitshift.flagBitshiftOffset
	.byte	4                               @ Abbrev [4] 0x4e:0x10 DW_TAG_formal_parameter
	.long	.Ldebug_loc12                   @ DW_AT_location
	.long	.Linfo_string70                 @ DW_AT_name
	.byte	2                               @ DW_AT_decl_file
	.short	1857                            @ DW_AT_decl_line
	.long	1579                            @ DW_AT_type
	.byte	5                               @ Abbrev [5] 0x5e:0x16 DW_TAG_lexical_block
	.long	.Ltmp235                        @ DW_AT_low_pc
	.long	.Ltmp239-.Ltmp235               @ DW_AT_high_pc
	.byte	6                               @ Abbrev [6] 0x67:0xc DW_TAG_variable
	.long	.Linfo_string111                @ DW_AT_name
	.byte	2                               @ DW_AT_decl_file
	.short	1861                            @ DW_AT_decl_line
	.long	430                             @ DW_AT_type
	.byte	0                               @ End Of Children Mark
	.byte	0                               @ End Of Children Mark
	.byte	7                               @ Abbrev [7] 0x75:0xc DW_TAG_array_type
	.long	129                             @ DW_AT_type
	.byte	8                               @ Abbrev [8] 0x7a:0x6 DW_TAG_subrange_type
	.long	152                             @ DW_AT_type
	.byte	8                               @ DW_AT_count
	.byte	0                               @ End Of Children Mark
	.byte	9                               @ Abbrev [9] 0x81:0x5 DW_TAG_const_type
	.long	134                             @ DW_AT_type
	.byte	10                              @ Abbrev [10] 0x86:0xb DW_TAG_typedef
	.long	145                             @ DW_AT_type
	.long	.Linfo_string5                  @ DW_AT_name
	.byte	1                               @ DW_AT_decl_file
	.byte	62                              @ DW_AT_decl_line
	.byte	11                              @ Abbrev [11] 0x91:0x7 DW_TAG_base_type
	.long	.Linfo_string4                  @ DW_AT_name
	.byte	8                               @ DW_AT_encoding
	.byte	1                               @ DW_AT_byte_size
	.byte	12                              @ Abbrev [12] 0x98:0x7 DW_TAG_base_type
	.long	.Linfo_string6                  @ DW_AT_name
	.byte	8                               @ DW_AT_byte_size
	.byte	7                               @ DW_AT_encoding
	.byte	13                              @ Abbrev [13] 0x9f:0x21 DW_TAG_enumeration_type
	.long	145                             @ DW_AT_type
	.byte	1                               @ DW_AT_byte_size
	.byte	3                               @ DW_AT_decl_file
	.byte	39                              @ DW_AT_decl_line
	.byte	14                              @ Abbrev [14] 0xa7:0x6 DW_TAG_enumerator
	.long	.Linfo_string7                  @ DW_AT_name
	.byte	0                               @ DW_AT_const_value
	.byte	14                              @ Abbrev [14] 0xad:0x6 DW_TAG_enumerator
	.long	.Linfo_string8                  @ DW_AT_name
	.byte	1                               @ DW_AT_const_value
	.byte	14                              @ Abbrev [14] 0xb3:0x6 DW_TAG_enumerator
	.long	.Linfo_string9                  @ DW_AT_name
	.byte	2                               @ DW_AT_const_value
	.byte	14                              @ Abbrev [14] 0xb9:0x6 DW_TAG_enumerator
	.long	.Linfo_string10                 @ DW_AT_name
	.byte	3                               @ DW_AT_const_value
	.byte	0                               @ End Of Children Mark
	.byte	13                              @ Abbrev [13] 0xc0:0x15 DW_TAG_enumeration_type
	.long	145                             @ DW_AT_type
	.byte	1                               @ DW_AT_byte_size
	.byte	3                               @ DW_AT_decl_file
	.byte	50                              @ DW_AT_decl_line
	.byte	14                              @ Abbrev [14] 0xc8:0x6 DW_TAG_enumerator
	.long	.Linfo_string11                 @ DW_AT_name
	.byte	0                               @ DW_AT_const_value
	.byte	14                              @ Abbrev [14] 0xce:0x6 DW_TAG_enumerator
	.long	.Linfo_string12                 @ DW_AT_name
	.byte	1                               @ DW_AT_const_value
	.byte	0                               @ End Of Children Mark
	.byte	13                              @ Abbrev [13] 0xd5:0x27 DW_TAG_enumeration_type
	.long	145                             @ DW_AT_type
	.byte	1                               @ DW_AT_byte_size
	.byte	4                               @ DW_AT_decl_file
	.byte	101                             @ DW_AT_decl_line
	.byte	14                              @ Abbrev [14] 0xdd:0x6 DW_TAG_enumerator
	.long	.Linfo_string13                 @ DW_AT_name
	.byte	0                               @ DW_AT_const_value
	.byte	14                              @ Abbrev [14] 0xe3:0x6 DW_TAG_enumerator
	.long	.Linfo_string14                 @ DW_AT_name
	.byte	1                               @ DW_AT_const_value
	.byte	14                              @ Abbrev [14] 0xe9:0x6 DW_TAG_enumerator
	.long	.Linfo_string15                 @ DW_AT_name
	.byte	2                               @ DW_AT_const_value
	.byte	14                              @ Abbrev [14] 0xef:0x6 DW_TAG_enumerator
	.long	.Linfo_string16                 @ DW_AT_name
	.byte	3                               @ DW_AT_const_value
	.byte	14                              @ Abbrev [14] 0xf5:0x6 DW_TAG_enumerator
	.long	.Linfo_string17                 @ DW_AT_name
	.byte	4                               @ DW_AT_const_value
	.byte	0                               @ End Of Children Mark
	.byte	13                              @ Abbrev [13] 0xfc:0x15 DW_TAG_enumeration_type
	.long	145                             @ DW_AT_type
	.byte	1                               @ DW_AT_byte_size
	.byte	4                               @ DW_AT_decl_file
	.byte	113                             @ DW_AT_decl_line
	.byte	14                              @ Abbrev [14] 0x104:0x6 DW_TAG_enumerator
	.long	.Linfo_string18                 @ DW_AT_name
	.byte	0                               @ DW_AT_const_value
	.byte	14                              @ Abbrev [14] 0x10a:0x6 DW_TAG_enumerator
	.long	.Linfo_string19                 @ DW_AT_name
	.byte	1                               @ DW_AT_const_value
	.byte	0                               @ End Of Children Mark
	.byte	13                              @ Abbrev [13] 0x111:0x33 DW_TAG_enumeration_type
	.long	145                             @ DW_AT_type
	.byte	1                               @ DW_AT_byte_size
	.byte	4                               @ DW_AT_decl_file
	.byte	122                             @ DW_AT_decl_line
	.byte	14                              @ Abbrev [14] 0x119:0x6 DW_TAG_enumerator
	.long	.Linfo_string20                 @ DW_AT_name
	.byte	0                               @ DW_AT_const_value
	.byte	14                              @ Abbrev [14] 0x11f:0x6 DW_TAG_enumerator
	.long	.Linfo_string21                 @ DW_AT_name
	.byte	1                               @ DW_AT_const_value
	.byte	14                              @ Abbrev [14] 0x125:0x6 DW_TAG_enumerator
	.long	.Linfo_string22                 @ DW_AT_name
	.byte	2                               @ DW_AT_const_value
	.byte	14                              @ Abbrev [14] 0x12b:0x6 DW_TAG_enumerator
	.long	.Linfo_string23                 @ DW_AT_name
	.byte	3                               @ DW_AT_const_value
	.byte	14                              @ Abbrev [14] 0x131:0x6 DW_TAG_enumerator
	.long	.Linfo_string24                 @ DW_AT_name
	.byte	4                               @ DW_AT_const_value
	.byte	14                              @ Abbrev [14] 0x137:0x6 DW_TAG_enumerator
	.long	.Linfo_string25                 @ DW_AT_name
	.byte	5                               @ DW_AT_const_value
	.byte	14                              @ Abbrev [14] 0x13d:0x6 DW_TAG_enumerator
	.long	.Linfo_string26                 @ DW_AT_name
	.byte	6                               @ DW_AT_const_value
	.byte	0                               @ End Of Children Mark
	.byte	15                              @ Abbrev [15] 0x144:0x5 DW_TAG_pointer_type
	.long	329                             @ DW_AT_type
	.byte	16                              @ Abbrev [16] 0x149:0xc DW_TAG_typedef
	.long	341                             @ DW_AT_type
	.long	.Linfo_string35                 @ DW_AT_name
	.byte	5                               @ DW_AT_decl_file
	.short	567                             @ DW_AT_decl_line
	.byte	17                              @ Abbrev [17] 0x155:0x54 DW_TAG_structure_type
	.byte	24                              @ DW_AT_byte_size
	.byte	5                               @ DW_AT_decl_file
	.short	559                             @ DW_AT_decl_line
	.byte	18                              @ Abbrev [18] 0x15a:0xd DW_TAG_member
	.long	.Linfo_string27                 @ DW_AT_name
	.long	425                             @ DW_AT_type
	.byte	5                               @ DW_AT_decl_file
	.short	561                             @ DW_AT_decl_line
	.byte	0                               @ DW_AT_data_member_location
	.byte	18                              @ Abbrev [18] 0x167:0xd DW_TAG_member
	.long	.Linfo_string30                 @ DW_AT_name
	.long	425                             @ DW_AT_type
	.byte	5                               @ DW_AT_decl_file
	.short	562                             @ DW_AT_decl_line
	.byte	4                               @ DW_AT_data_member_location
	.byte	18                              @ Abbrev [18] 0x174:0xd DW_TAG_member
	.long	.Linfo_string31                 @ DW_AT_name
	.long	425                             @ DW_AT_type
	.byte	5                               @ DW_AT_decl_file
	.short	563                             @ DW_AT_decl_line
	.byte	8                               @ DW_AT_data_member_location
	.byte	18                              @ Abbrev [18] 0x181:0xd DW_TAG_member
	.long	.Linfo_string32                 @ DW_AT_name
	.long	425                             @ DW_AT_type
	.byte	5                               @ DW_AT_decl_file
	.short	564                             @ DW_AT_decl_line
	.byte	12                              @ DW_AT_data_member_location
	.byte	18                              @ Abbrev [18] 0x18e:0xd DW_TAG_member
	.long	.Linfo_string33                 @ DW_AT_name
	.long	425                             @ DW_AT_type
	.byte	5                               @ DW_AT_decl_file
	.short	565                             @ DW_AT_decl_line
	.byte	16                              @ DW_AT_data_member_location
	.byte	18                              @ Abbrev [18] 0x19b:0xd DW_TAG_member
	.long	.Linfo_string34                 @ DW_AT_name
	.long	425                             @ DW_AT_type
	.byte	5                               @ DW_AT_decl_file
	.short	566                             @ DW_AT_decl_line
	.byte	20                              @ DW_AT_data_member_location
	.byte	0                               @ End Of Children Mark
	.byte	19                              @ Abbrev [19] 0x1a9:0x5 DW_TAG_volatile_type
	.long	430                             @ DW_AT_type
	.byte	10                              @ Abbrev [10] 0x1ae:0xb DW_TAG_typedef
	.long	441                             @ DW_AT_type
	.long	.Linfo_string29                 @ DW_AT_name
	.byte	1                               @ DW_AT_decl_file
	.byte	64                              @ DW_AT_decl_line
	.byte	11                              @ Abbrev [11] 0x1b9:0x7 DW_TAG_base_type
	.long	.Linfo_string28                 @ DW_AT_name
	.byte	7                               @ DW_AT_encoding
	.byte	4                               @ DW_AT_byte_size
	.byte	15                              @ Abbrev [15] 0x1c0:0x5 DW_TAG_pointer_type
	.long	453                             @ DW_AT_type
	.byte	16                              @ Abbrev [16] 0x1c5:0xc DW_TAG_typedef
	.long	465                             @ DW_AT_type
	.long	.Linfo_string41                 @ DW_AT_name
	.byte	5                               @ DW_AT_decl_file
	.short	584                             @ DW_AT_decl_line
	.byte	17                              @ Abbrev [17] 0x1d1:0x47 DW_TAG_structure_type
	.byte	20                              @ DW_AT_byte_size
	.byte	5                               @ DW_AT_decl_file
	.short	577                             @ DW_AT_decl_line
	.byte	18                              @ Abbrev [18] 0x1d6:0xd DW_TAG_member
	.long	.Linfo_string36                 @ DW_AT_name
	.long	425                             @ DW_AT_type
	.byte	5                               @ DW_AT_decl_file
	.short	579                             @ DW_AT_decl_line
	.byte	0                               @ DW_AT_data_member_location
	.byte	18                              @ Abbrev [18] 0x1e3:0xd DW_TAG_member
	.long	.Linfo_string37                 @ DW_AT_name
	.long	425                             @ DW_AT_type
	.byte	5                               @ DW_AT_decl_file
	.short	580                             @ DW_AT_decl_line
	.byte	4                               @ DW_AT_data_member_location
	.byte	18                              @ Abbrev [18] 0x1f0:0xd DW_TAG_member
	.long	.Linfo_string38                 @ DW_AT_name
	.long	425                             @ DW_AT_type
	.byte	5                               @ DW_AT_decl_file
	.short	581                             @ DW_AT_decl_line
	.byte	8                               @ DW_AT_data_member_location
	.byte	18                              @ Abbrev [18] 0x1fd:0xd DW_TAG_member
	.long	.Linfo_string39                 @ DW_AT_name
	.long	425                             @ DW_AT_type
	.byte	5                               @ DW_AT_decl_file
	.short	582                             @ DW_AT_decl_line
	.byte	12                              @ DW_AT_data_member_location
	.byte	18                              @ Abbrev [18] 0x20a:0xd DW_TAG_member
	.long	.Linfo_string40                 @ DW_AT_name
	.long	425                             @ DW_AT_type
	.byte	5                               @ DW_AT_decl_file
	.short	583                             @ DW_AT_decl_line
	.byte	16                              @ DW_AT_data_member_location
	.byte	0                               @ End Of Children Mark
	.byte	15                              @ Abbrev [15] 0x218:0x5 DW_TAG_pointer_type
	.long	541                             @ DW_AT_type
	.byte	16                              @ Abbrev [16] 0x21d:0xc DW_TAG_typedef
	.long	553                             @ DW_AT_type
	.long	.Linfo_string53                 @ DW_AT_name
	.byte	5                               @ DW_AT_decl_file
	.short	535                             @ DW_AT_decl_line
	.byte	17                              @ Abbrev [17] 0x229:0xa2 DW_TAG_structure_type
	.byte	88                              @ DW_AT_byte_size
	.byte	5                               @ DW_AT_decl_file
	.short	521                             @ DW_AT_decl_line
	.byte	18                              @ Abbrev [18] 0x22e:0xd DW_TAG_member
	.long	.Linfo_string42                 @ DW_AT_name
	.long	425                             @ DW_AT_type
	.byte	5                               @ DW_AT_decl_file
	.short	523                             @ DW_AT_decl_line
	.byte	0                               @ DW_AT_data_member_location
	.byte	18                              @ Abbrev [18] 0x23b:0xd DW_TAG_member
	.long	.Linfo_string27                 @ DW_AT_name
	.long	425                             @ DW_AT_type
	.byte	5                               @ DW_AT_decl_file
	.short	524                             @ DW_AT_decl_line
	.byte	4                               @ DW_AT_data_member_location
	.byte	18                              @ Abbrev [18] 0x248:0xd DW_TAG_member
	.long	.Linfo_string43                 @ DW_AT_name
	.long	715                             @ DW_AT_type
	.byte	5                               @ DW_AT_decl_file
	.short	525                             @ DW_AT_decl_line
	.byte	8                               @ DW_AT_data_member_location
	.byte	18                              @ Abbrev [18] 0x255:0xd DW_TAG_member
	.long	.Linfo_string44                 @ DW_AT_name
	.long	425                             @ DW_AT_type
	.byte	5                               @ DW_AT_decl_file
	.short	526                             @ DW_AT_decl_line
	.byte	52                              @ DW_AT_data_member_location
	.byte	18                              @ Abbrev [18] 0x262:0xd DW_TAG_member
	.long	.Linfo_string45                 @ DW_AT_name
	.long	430                             @ DW_AT_type
	.byte	5                               @ DW_AT_decl_file
	.short	527                             @ DW_AT_decl_line
	.byte	56                              @ DW_AT_data_member_location
	.byte	18                              @ Abbrev [18] 0x26f:0xd DW_TAG_member
	.long	.Linfo_string46                 @ DW_AT_name
	.long	425                             @ DW_AT_type
	.byte	5                               @ DW_AT_decl_file
	.short	528                             @ DW_AT_decl_line
	.byte	60                              @ DW_AT_data_member_location
	.byte	18                              @ Abbrev [18] 0x27c:0xd DW_TAG_member
	.long	.Linfo_string47                 @ DW_AT_name
	.long	430                             @ DW_AT_type
	.byte	5                               @ DW_AT_decl_file
	.short	529                             @ DW_AT_decl_line
	.byte	64                              @ DW_AT_data_member_location
	.byte	18                              @ Abbrev [18] 0x289:0xd DW_TAG_member
	.long	.Linfo_string48                 @ DW_AT_name
	.long	425                             @ DW_AT_type
	.byte	5                               @ DW_AT_decl_file
	.short	530                             @ DW_AT_decl_line
	.byte	68                              @ DW_AT_data_member_location
	.byte	18                              @ Abbrev [18] 0x296:0xd DW_TAG_member
	.long	.Linfo_string49                 @ DW_AT_name
	.long	430                             @ DW_AT_type
	.byte	5                               @ DW_AT_decl_file
	.short	531                             @ DW_AT_decl_line
	.byte	72                              @ DW_AT_data_member_location
	.byte	18                              @ Abbrev [18] 0x2a3:0xd DW_TAG_member
	.long	.Linfo_string50                 @ DW_AT_name
	.long	425                             @ DW_AT_type
	.byte	5                               @ DW_AT_decl_file
	.short	532                             @ DW_AT_decl_line
	.byte	76                              @ DW_AT_data_member_location
	.byte	18                              @ Abbrev [18] 0x2b0:0xd DW_TAG_member
	.long	.Linfo_string51                 @ DW_AT_name
	.long	430                             @ DW_AT_type
	.byte	5                               @ DW_AT_decl_file
	.short	533                             @ DW_AT_decl_line
	.byte	80                              @ DW_AT_data_member_location
	.byte	18                              @ Abbrev [18] 0x2bd:0xd DW_TAG_member
	.long	.Linfo_string52                 @ DW_AT_name
	.long	425                             @ DW_AT_type
	.byte	5                               @ DW_AT_decl_file
	.short	534                             @ DW_AT_decl_line
	.byte	84                              @ DW_AT_data_member_location
	.byte	0                               @ End Of Children Mark
	.byte	7                               @ Abbrev [7] 0x2cb:0xc DW_TAG_array_type
	.long	430                             @ DW_AT_type
	.byte	8                               @ Abbrev [8] 0x2d0:0x6 DW_TAG_subrange_type
	.long	152                             @ DW_AT_type
	.byte	11                              @ DW_AT_count
	.byte	0                               @ End Of Children Mark
	.byte	15                              @ Abbrev [15] 0x2d7:0x5 DW_TAG_pointer_type
	.long	732                             @ DW_AT_type
	.byte	10                              @ Abbrev [10] 0x2dc:0xb DW_TAG_typedef
	.long	743                             @ DW_AT_type
	.long	.Linfo_string57                 @ DW_AT_name
	.byte	2                               @ DW_AT_decl_file
	.byte	117                             @ DW_AT_decl_line
	.byte	20                              @ Abbrev [20] 0x2e7:0x29 DW_TAG_structure_type
	.byte	12                              @ DW_AT_byte_size
	.byte	2                               @ DW_AT_decl_file
	.byte	112                             @ DW_AT_decl_line
	.byte	21                              @ Abbrev [21] 0x2eb:0xc DW_TAG_member
	.long	.Linfo_string54                 @ DW_AT_name
	.long	425                             @ DW_AT_type
	.byte	2                               @ DW_AT_decl_file
	.byte	114                             @ DW_AT_decl_line
	.byte	0                               @ DW_AT_data_member_location
	.byte	21                              @ Abbrev [21] 0x2f7:0xc DW_TAG_member
	.long	.Linfo_string55                 @ DW_AT_name
	.long	425                             @ DW_AT_type
	.byte	2                               @ DW_AT_decl_file
	.byte	115                             @ DW_AT_decl_line
	.byte	4                               @ DW_AT_data_member_location
	.byte	21                              @ Abbrev [21] 0x303:0xc DW_TAG_member
	.long	.Linfo_string56                 @ DW_AT_name
	.long	425                             @ DW_AT_type
	.byte	2                               @ DW_AT_decl_file
	.byte	116                             @ DW_AT_decl_line
	.byte	8                               @ DW_AT_data_member_location
	.byte	0                               @ End Of Children Mark
	.byte	15                              @ Abbrev [15] 0x310:0x5 DW_TAG_pointer_type
	.long	430                             @ DW_AT_type
	.byte	15                              @ Abbrev [15] 0x315:0x5 DW_TAG_pointer_type
	.long	794                             @ DW_AT_type
	.byte	10                              @ Abbrev [10] 0x31a:0xb DW_TAG_typedef
	.long	805                             @ DW_AT_type
	.long	.Linfo_string58                 @ DW_AT_name
	.byte	2                               @ DW_AT_decl_file
	.byte	123                             @ DW_AT_decl_line
	.byte	20                              @ Abbrev [20] 0x325:0x1d DW_TAG_structure_type
	.byte	8                               @ DW_AT_byte_size
	.byte	2                               @ DW_AT_decl_file
	.byte	119                             @ DW_AT_decl_line
	.byte	21                              @ Abbrev [21] 0x329:0xc DW_TAG_member
	.long	.Linfo_string54                 @ DW_AT_name
	.long	425                             @ DW_AT_type
	.byte	2                               @ DW_AT_decl_file
	.byte	121                             @ DW_AT_decl_line
	.byte	0                               @ DW_AT_data_member_location
	.byte	21                              @ Abbrev [21] 0x335:0xc DW_TAG_member
	.long	.Linfo_string56                 @ DW_AT_name
	.long	425                             @ DW_AT_type
	.byte	2                               @ DW_AT_decl_file
	.byte	122                             @ DW_AT_decl_line
	.byte	4                               @ DW_AT_data_member_location
	.byte	0                               @ End Of Children Mark
	.byte	15                              @ Abbrev [15] 0x342:0x5 DW_TAG_pointer_type
	.long	425                             @ DW_AT_type
	.byte	15                              @ Abbrev [15] 0x347:0x5 DW_TAG_pointer_type
	.long	844                             @ DW_AT_type
	.byte	16                              @ Abbrev [16] 0x34c:0xc DW_TAG_typedef
	.long	856                             @ DW_AT_type
	.long	.Linfo_string59                 @ DW_AT_name
	.byte	5                               @ DW_AT_decl_file
	.short	595                             @ DW_AT_decl_line
	.byte	17                              @ Abbrev [17] 0x358:0x13 DW_TAG_structure_type
	.byte	4                               @ DW_AT_byte_size
	.byte	5                               @ DW_AT_decl_file
	.short	592                             @ DW_AT_decl_line
	.byte	18                              @ Abbrev [18] 0x35d:0xd DW_TAG_member
	.long	.Linfo_string36                 @ DW_AT_name
	.long	425                             @ DW_AT_type
	.byte	5                               @ DW_AT_decl_file
	.short	594                             @ DW_AT_decl_line
	.byte	0                               @ DW_AT_data_member_location
	.byte	0                               @ End Of Children Mark
	.byte	15                              @ Abbrev [15] 0x36b:0x5 DW_TAG_pointer_type
	.long	880                             @ DW_AT_type
	.byte	16                              @ Abbrev [16] 0x370:0xc DW_TAG_typedef
	.long	892                             @ DW_AT_type
	.long	.Linfo_string62                 @ DW_AT_name
	.byte	5                               @ DW_AT_decl_file
	.short	601                             @ DW_AT_decl_line
	.byte	17                              @ Abbrev [17] 0x37c:0x20 DW_TAG_structure_type
	.byte	8                               @ DW_AT_byte_size
	.byte	5                               @ DW_AT_decl_file
	.short	597                             @ DW_AT_decl_line
	.byte	18                              @ Abbrev [18] 0x381:0xd DW_TAG_member
	.long	.Linfo_string60                 @ DW_AT_name
	.long	425                             @ DW_AT_type
	.byte	5                               @ DW_AT_decl_file
	.short	599                             @ DW_AT_decl_line
	.byte	0                               @ DW_AT_data_member_location
	.byte	18                              @ Abbrev [18] 0x38e:0xd DW_TAG_member
	.long	.Linfo_string61                 @ DW_AT_name
	.long	425                             @ DW_AT_type
	.byte	5                               @ DW_AT_decl_file
	.short	600                             @ DW_AT_decl_line
	.byte	4                               @ DW_AT_data_member_location
	.byte	0                               @ End Of Children Mark
	.byte	15                              @ Abbrev [15] 0x39c:0x5 DW_TAG_pointer_type
	.long	929                             @ DW_AT_type
	.byte	16                              @ Abbrev [16] 0x3a1:0xc DW_TAG_typedef
	.long	941                             @ DW_AT_type
	.long	.Linfo_string64                 @ DW_AT_name
	.byte	5                               @ DW_AT_decl_file
	.short	606                             @ DW_AT_decl_line
	.byte	17                              @ Abbrev [17] 0x3ad:0x13 DW_TAG_structure_type
	.byte	4                               @ DW_AT_byte_size
	.byte	5                               @ DW_AT_decl_file
	.short	603                             @ DW_AT_decl_line
	.byte	18                              @ Abbrev [18] 0x3b2:0xd DW_TAG_member
	.long	.Linfo_string63                 @ DW_AT_name
	.long	425                             @ DW_AT_type
	.byte	5                               @ DW_AT_decl_file
	.short	605                             @ DW_AT_decl_line
	.byte	0                               @ DW_AT_data_member_location
	.byte	0                               @ End Of Children Mark
	.byte	15                              @ Abbrev [15] 0x3c0:0x5 DW_TAG_pointer_type
	.long	965                             @ DW_AT_type
	.byte	16                              @ Abbrev [16] 0x3c5:0xc DW_TAG_typedef
	.long	977                             @ DW_AT_type
	.long	.Linfo_string67                 @ DW_AT_name
	.byte	5                               @ DW_AT_decl_file
	.short	612                             @ DW_AT_decl_line
	.byte	17                              @ Abbrev [17] 0x3d1:0x20 DW_TAG_structure_type
	.byte	8                               @ DW_AT_byte_size
	.byte	5                               @ DW_AT_decl_file
	.short	608                             @ DW_AT_decl_line
	.byte	18                              @ Abbrev [18] 0x3d6:0xd DW_TAG_member
	.long	.Linfo_string65                 @ DW_AT_name
	.long	425                             @ DW_AT_type
	.byte	5                               @ DW_AT_decl_file
	.short	610                             @ DW_AT_decl_line
	.byte	0                               @ DW_AT_data_member_location
	.byte	18                              @ Abbrev [18] 0x3e3:0xd DW_TAG_member
	.long	.Linfo_string66                 @ DW_AT_name
	.long	425                             @ DW_AT_type
	.byte	5                               @ DW_AT_decl_file
	.short	611                             @ DW_AT_decl_line
	.byte	4                               @ DW_AT_data_member_location
	.byte	0                               @ End Of Children Mark
	.byte	22                              @ Abbrev [22] 0x3f1:0x26 DW_TAG_subprogram
	.long	.Linfo_string68                 @ DW_AT_name
	.byte	2                               @ DW_AT_decl_file
	.short	1893                            @ DW_AT_decl_line
                                        @ DW_AT_prototyped
	.long	1047                            @ DW_AT_type
	.byte	1                               @ DW_AT_inline
	.byte	23                              @ Abbrev [23] 0x3fe:0xc DW_TAG_formal_parameter
	.long	.Linfo_string70                 @ DW_AT_name
	.byte	2                               @ DW_AT_decl_file
	.short	1893                            @ DW_AT_decl_line
	.long	1058                            @ DW_AT_type
	.byte	6                               @ Abbrev [6] 0x40a:0xc DW_TAG_variable
	.long	.Linfo_string108                @ DW_AT_name
	.byte	2                               @ DW_AT_decl_file
	.short	1895                            @ DW_AT_decl_line
	.long	1047                            @ DW_AT_type
	.byte	0                               @ End Of Children Mark
	.byte	10                              @ Abbrev [10] 0x417:0xb DW_TAG_typedef
	.long	159                             @ DW_AT_type
	.long	.Linfo_string69                 @ DW_AT_name
	.byte	3                               @ DW_AT_decl_file
	.byte	45                              @ DW_AT_decl_line
	.byte	15                              @ Abbrev [15] 0x422:0x5 DW_TAG_pointer_type
	.long	1063                            @ DW_AT_type
	.byte	9                               @ Abbrev [9] 0x427:0x5 DW_TAG_const_type
	.long	1068                            @ DW_AT_type
	.byte	10                              @ Abbrev [10] 0x42c:0xb DW_TAG_typedef
	.long	1079                            @ DW_AT_type
	.long	.Linfo_string107                @ DW_AT_name
	.byte	4                               @ DW_AT_decl_file
	.byte	179                             @ DW_AT_decl_line
	.byte	24                              @ Abbrev [24] 0x437:0xf9 DW_TAG_structure_type
	.long	.Linfo_string106                @ DW_AT_name
	.byte	120                             @ DW_AT_byte_size
	.byte	4                               @ DW_AT_decl_file
	.byte	136                             @ DW_AT_decl_line
	.byte	21                              @ Abbrev [21] 0x43f:0xc DW_TAG_member
	.long	.Linfo_string71                 @ DW_AT_name
	.long	1328                            @ DW_AT_type
	.byte	4                               @ DW_AT_decl_file
	.byte	138                             @ DW_AT_decl_line
	.byte	0                               @ DW_AT_data_member_location
	.byte	21                              @ Abbrev [21] 0x44b:0xc DW_TAG_member
	.long	.Linfo_string72                 @ DW_AT_name
	.long	1329                            @ DW_AT_type
	.byte	4                               @ DW_AT_decl_file
	.byte	140                             @ DW_AT_decl_line
	.byte	4                               @ DW_AT_data_member_location
	.byte	21                              @ Abbrev [21] 0x457:0xc DW_TAG_member
	.long	.Linfo_string86                 @ DW_AT_name
	.long	1489                            @ DW_AT_type
	.byte	4                               @ DW_AT_decl_file
	.byte	142                             @ DW_AT_decl_line
	.byte	52                              @ DW_AT_data_member_location
	.byte	21                              @ Abbrev [21] 0x463:0xc DW_TAG_member
	.long	.Linfo_string88                 @ DW_AT_name
	.long	1500                            @ DW_AT_type
	.byte	4                               @ DW_AT_decl_file
	.byte	144                             @ DW_AT_decl_line
	.byte	53                              @ DW_AT_data_member_location
	.byte	21                              @ Abbrev [21] 0x46f:0xc DW_TAG_member
	.long	.Linfo_string90                 @ DW_AT_name
	.long	1328                            @ DW_AT_type
	.byte	4                               @ DW_AT_decl_file
	.byte	146                             @ DW_AT_decl_line
	.byte	56                              @ DW_AT_data_member_location
	.byte	21                              @ Abbrev [21] 0x47b:0xc DW_TAG_member
	.long	.Linfo_string91                 @ DW_AT_name
	.long	1516                            @ DW_AT_type
	.byte	4                               @ DW_AT_decl_file
	.byte	148                             @ DW_AT_decl_line
	.byte	60                              @ DW_AT_data_member_location
	.byte	21                              @ Abbrev [21] 0x487:0xc DW_TAG_member
	.long	.Linfo_string92                 @ DW_AT_name
	.long	1516                            @ DW_AT_type
	.byte	4                               @ DW_AT_decl_file
	.byte	150                             @ DW_AT_decl_line
	.byte	64                              @ DW_AT_data_member_location
	.byte	21                              @ Abbrev [21] 0x493:0xc DW_TAG_member
	.long	.Linfo_string93                 @ DW_AT_name
	.long	1516                            @ DW_AT_type
	.byte	4                               @ DW_AT_decl_file
	.byte	152                             @ DW_AT_decl_line
	.byte	68                              @ DW_AT_data_member_location
	.byte	21                              @ Abbrev [21] 0x49f:0xc DW_TAG_member
	.long	.Linfo_string94                 @ DW_AT_name
	.long	1516                            @ DW_AT_type
	.byte	4                               @ DW_AT_decl_file
	.byte	154                             @ DW_AT_decl_line
	.byte	72                              @ DW_AT_data_member_location
	.byte	21                              @ Abbrev [21] 0x4ab:0xc DW_TAG_member
	.long	.Linfo_string95                 @ DW_AT_name
	.long	1516                            @ DW_AT_type
	.byte	4                               @ DW_AT_decl_file
	.byte	156                             @ DW_AT_decl_line
	.byte	76                              @ DW_AT_data_member_location
	.byte	21                              @ Abbrev [21] 0x4b7:0xc DW_TAG_member
	.long	.Linfo_string96                 @ DW_AT_name
	.long	1516                            @ DW_AT_type
	.byte	4                               @ DW_AT_decl_file
	.byte	158                             @ DW_AT_decl_line
	.byte	80                              @ DW_AT_data_member_location
	.byte	21                              @ Abbrev [21] 0x4c3:0xc DW_TAG_member
	.long	.Linfo_string97                 @ DW_AT_name
	.long	425                             @ DW_AT_type
	.byte	4                               @ DW_AT_decl_file
	.byte	160                             @ DW_AT_decl_line
	.byte	84                              @ DW_AT_data_member_location
	.byte	21                              @ Abbrev [21] 0x4cf:0xc DW_TAG_member
	.long	.Linfo_string98                 @ DW_AT_name
	.long	430                             @ DW_AT_type
	.byte	4                               @ DW_AT_decl_file
	.byte	162                             @ DW_AT_decl_line
	.byte	88                              @ DW_AT_data_member_location
	.byte	21                              @ Abbrev [21] 0x4db:0xc DW_TAG_member
	.long	.Linfo_string99                 @ DW_AT_name
	.long	430                             @ DW_AT_type
	.byte	4                               @ DW_AT_decl_file
	.byte	164                             @ DW_AT_decl_line
	.byte	92                              @ DW_AT_data_member_location
	.byte	21                              @ Abbrev [21] 0x4e7:0xc DW_TAG_member
	.long	.Linfo_string100                @ DW_AT_name
	.long	839                             @ DW_AT_type
	.byte	4                               @ DW_AT_decl_file
	.byte	166                             @ DW_AT_decl_line
	.byte	96                              @ DW_AT_data_member_location
	.byte	21                              @ Abbrev [21] 0x4f3:0xc DW_TAG_member
	.long	.Linfo_string101                @ DW_AT_name
	.long	875                             @ DW_AT_type
	.byte	4                               @ DW_AT_decl_file
	.byte	168                             @ DW_AT_decl_line
	.byte	100                             @ DW_AT_data_member_location
	.byte	21                              @ Abbrev [21] 0x4ff:0xc DW_TAG_member
	.long	.Linfo_string102                @ DW_AT_name
	.long	430                             @ DW_AT_type
	.byte	4                               @ DW_AT_decl_file
	.byte	170                             @ DW_AT_decl_line
	.byte	104                             @ DW_AT_data_member_location
	.byte	21                              @ Abbrev [21] 0x50b:0xc DW_TAG_member
	.long	.Linfo_string103                @ DW_AT_name
	.long	924                             @ DW_AT_type
	.byte	4                               @ DW_AT_decl_file
	.byte	173                             @ DW_AT_decl_line
	.byte	108                             @ DW_AT_data_member_location
	.byte	21                              @ Abbrev [21] 0x517:0xc DW_TAG_member
	.long	.Linfo_string104                @ DW_AT_name
	.long	960                             @ DW_AT_type
	.byte	4                               @ DW_AT_decl_file
	.byte	175                             @ DW_AT_decl_line
	.byte	112                             @ DW_AT_data_member_location
	.byte	21                              @ Abbrev [21] 0x523:0xc DW_TAG_member
	.long	.Linfo_string105                @ DW_AT_name
	.long	430                             @ DW_AT_type
	.byte	4                               @ DW_AT_decl_file
	.byte	177                             @ DW_AT_decl_line
	.byte	116                             @ DW_AT_data_member_location
	.byte	0                               @ End Of Children Mark
	.byte	25                              @ Abbrev [25] 0x530:0x1 DW_TAG_pointer_type
	.byte	10                              @ Abbrev [10] 0x531:0xb DW_TAG_typedef
	.long	1340                            @ DW_AT_type
	.long	.Linfo_string85                 @ DW_AT_name
	.byte	4                               @ DW_AT_decl_file
	.byte	96                              @ DW_AT_decl_line
	.byte	20                              @ Abbrev [20] 0x53c:0x95 DW_TAG_structure_type
	.byte	48                              @ DW_AT_byte_size
	.byte	4                               @ DW_AT_decl_file
	.byte	48                              @ DW_AT_decl_line
	.byte	21                              @ Abbrev [21] 0x540:0xc DW_TAG_member
	.long	.Linfo_string73                 @ DW_AT_name
	.long	430                             @ DW_AT_type
	.byte	4                               @ DW_AT_decl_file
	.byte	50                              @ DW_AT_decl_line
	.byte	0                               @ DW_AT_data_member_location
	.byte	21                              @ Abbrev [21] 0x54c:0xc DW_TAG_member
	.long	.Linfo_string74                 @ DW_AT_name
	.long	430                             @ DW_AT_type
	.byte	4                               @ DW_AT_decl_file
	.byte	53                              @ DW_AT_decl_line
	.byte	4                               @ DW_AT_data_member_location
	.byte	21                              @ Abbrev [21] 0x558:0xc DW_TAG_member
	.long	.Linfo_string75                 @ DW_AT_name
	.long	430                             @ DW_AT_type
	.byte	4                               @ DW_AT_decl_file
	.byte	57                              @ DW_AT_decl_line
	.byte	8                               @ DW_AT_data_member_location
	.byte	21                              @ Abbrev [21] 0x564:0xc DW_TAG_member
	.long	.Linfo_string76                 @ DW_AT_name
	.long	430                             @ DW_AT_type
	.byte	4                               @ DW_AT_decl_file
	.byte	60                              @ DW_AT_decl_line
	.byte	12                              @ DW_AT_data_member_location
	.byte	21                              @ Abbrev [21] 0x570:0xc DW_TAG_member
	.long	.Linfo_string77                 @ DW_AT_name
	.long	430                             @ DW_AT_type
	.byte	4                               @ DW_AT_decl_file
	.byte	63                              @ DW_AT_decl_line
	.byte	16                              @ DW_AT_data_member_location
	.byte	21                              @ Abbrev [21] 0x57c:0xc DW_TAG_member
	.long	.Linfo_string78                 @ DW_AT_name
	.long	430                             @ DW_AT_type
	.byte	4                               @ DW_AT_decl_file
	.byte	66                              @ DW_AT_decl_line
	.byte	20                              @ DW_AT_data_member_location
	.byte	21                              @ Abbrev [21] 0x588:0xc DW_TAG_member
	.long	.Linfo_string79                 @ DW_AT_name
	.long	430                             @ DW_AT_type
	.byte	4                               @ DW_AT_decl_file
	.byte	69                              @ DW_AT_decl_line
	.byte	24                              @ DW_AT_data_member_location
	.byte	21                              @ Abbrev [21] 0x594:0xc DW_TAG_member
	.long	.Linfo_string80                 @ DW_AT_name
	.long	430                             @ DW_AT_type
	.byte	4                               @ DW_AT_decl_file
	.byte	74                              @ DW_AT_decl_line
	.byte	28                              @ DW_AT_data_member_location
	.byte	21                              @ Abbrev [21] 0x5a0:0xc DW_TAG_member
	.long	.Linfo_string81                 @ DW_AT_name
	.long	430                             @ DW_AT_type
	.byte	4                               @ DW_AT_decl_file
	.byte	77                              @ DW_AT_decl_line
	.byte	32                              @ DW_AT_data_member_location
	.byte	21                              @ Abbrev [21] 0x5ac:0xc DW_TAG_member
	.long	.Linfo_string82                 @ DW_AT_name
	.long	430                             @ DW_AT_type
	.byte	4                               @ DW_AT_decl_file
	.byte	82                              @ DW_AT_decl_line
	.byte	36                              @ DW_AT_data_member_location
	.byte	21                              @ Abbrev [21] 0x5b8:0xc DW_TAG_member
	.long	.Linfo_string83                 @ DW_AT_name
	.long	430                             @ DW_AT_type
	.byte	4                               @ DW_AT_decl_file
	.byte	85                              @ DW_AT_decl_line
	.byte	40                              @ DW_AT_data_member_location
	.byte	21                              @ Abbrev [21] 0x5c4:0xc DW_TAG_member
	.long	.Linfo_string84                 @ DW_AT_name
	.long	430                             @ DW_AT_type
	.byte	4                               @ DW_AT_decl_file
	.byte	91                              @ DW_AT_decl_line
	.byte	44                              @ DW_AT_data_member_location
	.byte	0                               @ End Of Children Mark
	.byte	10                              @ Abbrev [10] 0x5d1:0xb DW_TAG_typedef
	.long	192                             @ DW_AT_type
	.long	.Linfo_string87                 @ DW_AT_name
	.byte	3                               @ DW_AT_decl_file
	.byte	54                              @ DW_AT_decl_line
	.byte	19                              @ Abbrev [19] 0x5dc:0x5 DW_TAG_volatile_type
	.long	1505                            @ DW_AT_type
	.byte	10                              @ Abbrev [10] 0x5e1:0xb DW_TAG_typedef
	.long	213                             @ DW_AT_type
	.long	.Linfo_string89                 @ DW_AT_name
	.byte	4                               @ DW_AT_decl_file
	.byte	108                             @ DW_AT_decl_line
	.byte	15                              @ Abbrev [15] 0x5ec:0x5 DW_TAG_pointer_type
	.long	1521                            @ DW_AT_type
	.byte	26                              @ Abbrev [26] 0x5f1:0x7 DW_TAG_subroutine_type
                                        @ DW_AT_prototyped
	.byte	27                              @ Abbrev [27] 0x5f2:0x5 DW_TAG_formal_parameter
	.long	1528                            @ DW_AT_type
	.byte	0                               @ End Of Children Mark
	.byte	15                              @ Abbrev [15] 0x5f8:0x5 DW_TAG_pointer_type
	.long	1079                            @ DW_AT_type
	.byte	28                              @ Abbrev [28] 0x5fd:0x2e DW_TAG_subprogram
	.long	.Linfo_string109                @ DW_AT_name
	.byte	2                               @ DW_AT_decl_file
	.short	1987                            @ DW_AT_decl_line
                                        @ DW_AT_prototyped
	.byte	1                               @ DW_AT_inline
	.byte	23                              @ Abbrev [23] 0x606:0xc DW_TAG_formal_parameter
	.long	.Linfo_string70                 @ DW_AT_name
	.byte	2                               @ DW_AT_decl_file
	.short	1987                            @ DW_AT_decl_line
	.long	1579                            @ DW_AT_type
	.byte	6                               @ Abbrev [6] 0x612:0xc DW_TAG_variable
	.long	.Linfo_string110                @ DW_AT_name
	.byte	2                               @ DW_AT_decl_file
	.short	1990                            @ DW_AT_decl_line
	.long	430                             @ DW_AT_type
	.byte	6                               @ Abbrev [6] 0x61e:0xc DW_TAG_variable
	.long	.Linfo_string111                @ DW_AT_name
	.byte	2                               @ DW_AT_decl_file
	.short	1989                            @ DW_AT_decl_line
	.long	430                             @ DW_AT_type
	.byte	0                               @ End Of Children Mark
	.byte	15                              @ Abbrev [15] 0x62b:0x5 DW_TAG_pointer_type
	.long	1068                            @ DW_AT_type
	.byte	28                              @ Abbrev [28] 0x630:0x22 DW_TAG_subprogram
	.long	.Linfo_string112                @ DW_AT_name
	.byte	2                               @ DW_AT_decl_file
	.short	2022                            @ DW_AT_decl_line
                                        @ DW_AT_prototyped
	.byte	1                               @ DW_AT_inline
	.byte	23                              @ Abbrev [23] 0x639:0xc DW_TAG_formal_parameter
	.long	.Linfo_string70                 @ DW_AT_name
	.byte	2                               @ DW_AT_decl_file
	.short	2022                            @ DW_AT_decl_line
	.long	1579                            @ DW_AT_type
	.byte	6                               @ Abbrev [6] 0x645:0xc DW_TAG_variable
	.long	.Linfo_string113                @ DW_AT_name
	.byte	2                               @ DW_AT_decl_file
	.short	2024                            @ DW_AT_decl_line
	.long	430                             @ DW_AT_type
	.byte	0                               @ End Of Children Mark
	.byte	29                              @ Abbrev [29] 0x652:0xca DW_TAG_subprogram
	.long	.Lfunc_begin0                   @ DW_AT_low_pc
	.long	.Lfunc_end0-.Lfunc_begin0       @ DW_AT_high_pc
	.byte	1                               @ DW_AT_frame_base
	.byte	93
                                        @ DW_AT_GNU_all_call_sites
	.long	.Linfo_string114                @ DW_AT_name
	.byte	2                               @ DW_AT_decl_file
	.byte	216                             @ DW_AT_decl_line
                                        @ DW_AT_prototyped
	.long	1047                            @ DW_AT_type
                                        @ DW_AT_external
	.byte	30                              @ Abbrev [30] 0x667:0xf DW_TAG_formal_parameter
	.long	.Ldebug_loc0                    @ DW_AT_location
	.long	.Linfo_string70                 @ DW_AT_name
	.byte	2                               @ DW_AT_decl_file
	.byte	216                             @ DW_AT_decl_line
	.long	1579                            @ DW_AT_type
	.byte	31                              @ Abbrev [31] 0x676:0xf DW_TAG_variable
	.long	.Ldebug_loc1                    @ DW_AT_location
	.long	.Linfo_string128                @ DW_AT_name
	.byte	2                               @ DW_AT_decl_file
	.byte	219                             @ DW_AT_decl_line
	.long	430                             @ DW_AT_type
	.byte	31                              @ Abbrev [31] 0x685:0xf DW_TAG_variable
	.long	.Ldebug_loc2                    @ DW_AT_location
	.long	.Linfo_string129                @ DW_AT_name
	.byte	2                               @ DW_AT_decl_file
	.byte	218                             @ DW_AT_decl_line
	.long	430                             @ DW_AT_type
	.byte	31                              @ Abbrev [31] 0x694:0xf DW_TAG_variable
	.long	.Ldebug_loc5                    @ DW_AT_location
	.long	.Linfo_string130                @ DW_AT_name
	.byte	2                               @ DW_AT_decl_file
	.byte	221                             @ DW_AT_decl_line
	.long	789                             @ DW_AT_type
	.byte	31                              @ Abbrev [31] 0x6a3:0xf DW_TAG_variable
	.long	.Ldebug_loc6                    @ DW_AT_location
	.long	.Linfo_string131                @ DW_AT_name
	.byte	2                               @ DW_AT_decl_file
	.byte	220                             @ DW_AT_decl_line
	.long	727                             @ DW_AT_type
	.byte	32                              @ Abbrev [32] 0x6b2:0x20 DW_TAG_inlined_subroutine
	.long	1009                            @ DW_AT_abstract_origin
	.long	.Ldebug_ranges0                 @ DW_AT_ranges
	.byte	2                               @ DW_AT_call_file
	.short	332                             @ DW_AT_call_line
	.byte	13                              @ DW_AT_call_column
	.byte	33                              @ Abbrev [33] 0x6bf:0x9 DW_TAG_formal_parameter
	.long	.Ldebug_loc3                    @ DW_AT_location
	.long	1022                            @ DW_AT_abstract_origin
	.byte	34                              @ Abbrev [34] 0x6c8:0x9 DW_TAG_variable
	.long	.Ldebug_loc4                    @ DW_AT_location
	.long	1034                            @ DW_AT_abstract_origin
	.byte	0                               @ End Of Children Mark
	.byte	32                              @ Abbrev [32] 0x6d2:0x29 DW_TAG_inlined_subroutine
	.long	1533                            @ DW_AT_abstract_origin
	.long	.Ldebug_ranges1                 @ DW_AT_ranges
	.byte	2                               @ DW_AT_call_file
	.short	413                             @ DW_AT_call_line
	.byte	5                               @ DW_AT_call_column
	.byte	33                              @ Abbrev [33] 0x6df:0x9 DW_TAG_formal_parameter
	.long	.Ldebug_loc8                    @ DW_AT_location
	.long	1542                            @ DW_AT_abstract_origin
	.byte	34                              @ Abbrev [34] 0x6e8:0x9 DW_TAG_variable
	.long	.Ldebug_loc7                    @ DW_AT_location
	.long	1554                            @ DW_AT_abstract_origin
	.byte	34                              @ Abbrev [34] 0x6f1:0x9 DW_TAG_variable
	.long	.Ldebug_loc9                    @ DW_AT_location
	.long	1566                            @ DW_AT_abstract_origin
	.byte	0                               @ End Of Children Mark
	.byte	32                              @ Abbrev [32] 0x6fb:0x20 DW_TAG_inlined_subroutine
	.long	1584                            @ DW_AT_abstract_origin
	.long	.Ldebug_ranges2                 @ DW_AT_ranges
	.byte	2                               @ DW_AT_call_file
	.short	434                             @ DW_AT_call_line
	.byte	7                               @ DW_AT_call_column
	.byte	33                              @ Abbrev [33] 0x708:0x9 DW_TAG_formal_parameter
	.long	.Ldebug_loc10                   @ DW_AT_location
	.long	1593                            @ DW_AT_abstract_origin
	.byte	34                              @ Abbrev [34] 0x711:0x9 DW_TAG_variable
	.long	.Ldebug_loc11                   @ DW_AT_location
	.long	1605                            @ DW_AT_abstract_origin
	.byte	0                               @ End Of Children Mark
	.byte	0                               @ End Of Children Mark
	.byte	35                              @ Abbrev [35] 0x71c:0x88 DW_TAG_subprogram
	.long	.Lfunc_begin2                   @ DW_AT_low_pc
	.long	.Lfunc_end2-.Lfunc_begin2       @ DW_AT_high_pc
	.byte	1                               @ DW_AT_frame_base
	.byte	93
                                        @ DW_AT_GNU_all_call_sites
	.long	.Linfo_string116                @ DW_AT_name
	.byte	2                               @ DW_AT_decl_file
	.short	465                             @ DW_AT_decl_line
                                        @ DW_AT_prototyped
	.long	1047                            @ DW_AT_type
                                        @ DW_AT_external
	.byte	4                               @ Abbrev [4] 0x732:0x10 DW_TAG_formal_parameter
	.long	.Ldebug_loc13                   @ DW_AT_location
	.long	.Linfo_string70                 @ DW_AT_name
	.byte	2                               @ DW_AT_decl_file
	.short	465                             @ DW_AT_decl_line
	.long	1579                            @ DW_AT_type
	.byte	36                              @ Abbrev [36] 0x742:0x10 DW_TAG_variable
	.long	.Ldebug_loc15                   @ DW_AT_location
	.long	.Linfo_string131                @ DW_AT_name
	.byte	2                               @ DW_AT_decl_file
	.short	467                             @ DW_AT_decl_line
	.long	727                             @ DW_AT_type
	.byte	6                               @ Abbrev [6] 0x752:0xc DW_TAG_variable
	.long	.Linfo_string130                @ DW_AT_name
	.byte	2                               @ DW_AT_decl_file
	.short	468                             @ DW_AT_decl_line
	.long	789                             @ DW_AT_type
	.byte	32                              @ Abbrev [32] 0x75e:0x29 DW_TAG_inlined_subroutine
	.long	1533                            @ DW_AT_abstract_origin
	.long	.Ldebug_ranges3                 @ DW_AT_ranges
	.byte	2                               @ DW_AT_call_file
	.short	540                             @ DW_AT_call_line
	.byte	5                               @ DW_AT_call_column
	.byte	33                              @ Abbrev [33] 0x76b:0x9 DW_TAG_formal_parameter
	.long	.Ldebug_loc14                   @ DW_AT_location
	.long	1542                            @ DW_AT_abstract_origin
	.byte	34                              @ Abbrev [34] 0x774:0x9 DW_TAG_variable
	.long	.Ldebug_loc16                   @ DW_AT_location
	.long	1554                            @ DW_AT_abstract_origin
	.byte	34                              @ Abbrev [34] 0x77d:0x9 DW_TAG_variable
	.long	.Ldebug_loc17                   @ DW_AT_location
	.long	1566                            @ DW_AT_abstract_origin
	.byte	0                               @ End Of Children Mark
	.byte	32                              @ Abbrev [32] 0x787:0x1c DW_TAG_inlined_subroutine
	.long	1584                            @ DW_AT_abstract_origin
	.long	.Ldebug_ranges4                 @ DW_AT_ranges
	.byte	2                               @ DW_AT_call_file
	.short	555                             @ DW_AT_call_line
	.byte	7                               @ DW_AT_call_column
	.byte	37                              @ Abbrev [37] 0x794:0x7 DW_TAG_formal_parameter
	.byte	1                               @ DW_AT_location
	.byte	84
	.long	1593                            @ DW_AT_abstract_origin
	.byte	38                              @ Abbrev [38] 0x79b:0x7 DW_TAG_variable
	.byte	1                               @ DW_AT_location
	.byte	80
	.long	1605                            @ DW_AT_abstract_origin
	.byte	0                               @ End Of Children Mark
	.byte	0                               @ End Of Children Mark
	.byte	35                              @ Abbrev [35] 0x7a4:0x67 DW_TAG_subprogram
	.long	.Lfunc_begin3                   @ DW_AT_low_pc
	.long	.Lfunc_end3-.Lfunc_begin3       @ DW_AT_high_pc
	.byte	1                               @ DW_AT_frame_base
	.byte	93
                                        @ DW_AT_GNU_all_call_sites
	.long	.Linfo_string117                @ DW_AT_name
	.byte	2                               @ DW_AT_decl_file
	.short	622                             @ DW_AT_decl_line
                                        @ DW_AT_prototyped
	.long	1047                            @ DW_AT_type
                                        @ DW_AT_external
	.byte	4                               @ Abbrev [4] 0x7ba:0x10 DW_TAG_formal_parameter
	.long	.Ldebug_loc18                   @ DW_AT_location
	.long	.Linfo_string70                 @ DW_AT_name
	.byte	2                               @ DW_AT_decl_file
	.short	622                             @ DW_AT_decl_line
	.long	1579                            @ DW_AT_type
	.byte	4                               @ Abbrev [4] 0x7ca:0x10 DW_TAG_formal_parameter
	.long	.Ldebug_loc19                   @ DW_AT_location
	.long	.Linfo_string132                @ DW_AT_name
	.byte	2                               @ DW_AT_decl_file
	.short	622                             @ DW_AT_decl_line
	.long	430                             @ DW_AT_type
	.byte	4                               @ Abbrev [4] 0x7da:0x10 DW_TAG_formal_parameter
	.long	.Ldebug_loc20                   @ DW_AT_location
	.long	.Linfo_string133                @ DW_AT_name
	.byte	2                               @ DW_AT_decl_file
	.short	622                             @ DW_AT_decl_line
	.long	430                             @ DW_AT_type
	.byte	4                               @ Abbrev [4] 0x7ea:0x10 DW_TAG_formal_parameter
	.long	.Ldebug_loc21                   @ DW_AT_location
	.long	.Linfo_string134                @ DW_AT_name
	.byte	2                               @ DW_AT_decl_file
	.short	622                             @ DW_AT_decl_line
	.long	430                             @ DW_AT_type
	.byte	36                              @ Abbrev [36] 0x7fa:0x10 DW_TAG_variable
	.long	.Ldebug_loc22                   @ DW_AT_location
	.long	.Linfo_string108                @ DW_AT_name
	.byte	2                               @ DW_AT_decl_file
	.short	624                             @ DW_AT_decl_line
	.long	1047                            @ DW_AT_type
	.byte	0                               @ End Of Children Mark
	.byte	39                              @ Abbrev [39] 0x80b:0x6d DW_TAG_subprogram
	.long	.Lfunc_begin4                   @ DW_AT_low_pc
	.long	.Lfunc_end4-.Lfunc_begin4       @ DW_AT_high_pc
	.byte	1                               @ DW_AT_frame_base
	.byte	93
                                        @ DW_AT_GNU_all_call_sites
	.long	.Linfo_string118                @ DW_AT_name
	.byte	2                               @ DW_AT_decl_file
	.short	1770                            @ DW_AT_decl_line
                                        @ DW_AT_prototyped
	.byte	4                               @ Abbrev [4] 0x81d:0x10 DW_TAG_formal_parameter
	.long	.Ldebug_loc23                   @ DW_AT_location
	.long	.Linfo_string70                 @ DW_AT_name
	.byte	2                               @ DW_AT_decl_file
	.short	1770                            @ DW_AT_decl_line
	.long	1579                            @ DW_AT_type
	.byte	40                              @ Abbrev [40] 0x82d:0xe DW_TAG_formal_parameter
	.byte	1                               @ DW_AT_location
	.byte	81
	.long	.Linfo_string132                @ DW_AT_name
	.byte	2                               @ DW_AT_decl_file
	.short	1770                            @ DW_AT_decl_line
	.long	430                             @ DW_AT_type
	.byte	40                              @ Abbrev [40] 0x83b:0xe DW_TAG_formal_parameter
	.byte	1                               @ DW_AT_location
	.byte	82
	.long	.Linfo_string133                @ DW_AT_name
	.byte	2                               @ DW_AT_decl_file
	.short	1770                            @ DW_AT_decl_line
	.long	430                             @ DW_AT_type
	.byte	40                              @ Abbrev [40] 0x849:0xe DW_TAG_formal_parameter
	.byte	1                               @ DW_AT_location
	.byte	83
	.long	.Linfo_string134                @ DW_AT_name
	.byte	2                               @ DW_AT_decl_file
	.short	1770                            @ DW_AT_decl_line
	.long	430                             @ DW_AT_type
	.byte	36                              @ Abbrev [36] 0x857:0x10 DW_TAG_variable
	.long	.Ldebug_loc24                   @ DW_AT_location
	.long	.Linfo_string130                @ DW_AT_name
	.byte	2                               @ DW_AT_decl_file
	.short	1774                            @ DW_AT_decl_line
	.long	789                             @ DW_AT_type
	.byte	36                              @ Abbrev [36] 0x867:0x10 DW_TAG_variable
	.long	.Ldebug_loc25                   @ DW_AT_location
	.long	.Linfo_string131                @ DW_AT_name
	.byte	2                               @ DW_AT_decl_file
	.short	1773                            @ DW_AT_decl_line
	.long	727                             @ DW_AT_type
	.byte	0                               @ End Of Children Mark
	.byte	35                              @ Abbrev [35] 0x878:0x67 DW_TAG_subprogram
	.long	.Lfunc_begin5                   @ DW_AT_low_pc
	.long	.Lfunc_end5-.Lfunc_begin5       @ DW_AT_high_pc
	.byte	1                               @ DW_AT_frame_base
	.byte	93
                                        @ DW_AT_GNU_all_call_sites
	.long	.Linfo_string119                @ DW_AT_name
	.byte	2                               @ DW_AT_decl_file
	.short	678                             @ DW_AT_decl_line
                                        @ DW_AT_prototyped
	.long	1047                            @ DW_AT_type
                                        @ DW_AT_external
	.byte	4                               @ Abbrev [4] 0x88e:0x10 DW_TAG_formal_parameter
	.long	.Ldebug_loc26                   @ DW_AT_location
	.long	.Linfo_string70                 @ DW_AT_name
	.byte	2                               @ DW_AT_decl_file
	.short	678                             @ DW_AT_decl_line
	.long	1579                            @ DW_AT_type
	.byte	4                               @ Abbrev [4] 0x89e:0x10 DW_TAG_formal_parameter
	.long	.Ldebug_loc27                   @ DW_AT_location
	.long	.Linfo_string132                @ DW_AT_name
	.byte	2                               @ DW_AT_decl_file
	.short	678                             @ DW_AT_decl_line
	.long	430                             @ DW_AT_type
	.byte	4                               @ Abbrev [4] 0x8ae:0x10 DW_TAG_formal_parameter
	.long	.Ldebug_loc28                   @ DW_AT_location
	.long	.Linfo_string133                @ DW_AT_name
	.byte	2                               @ DW_AT_decl_file
	.short	678                             @ DW_AT_decl_line
	.long	430                             @ DW_AT_type
	.byte	4                               @ Abbrev [4] 0x8be:0x10 DW_TAG_formal_parameter
	.long	.Ldebug_loc29                   @ DW_AT_location
	.long	.Linfo_string134                @ DW_AT_name
	.byte	2                               @ DW_AT_decl_file
	.short	678                             @ DW_AT_decl_line
	.long	430                             @ DW_AT_type
	.byte	36                              @ Abbrev [36] 0x8ce:0x10 DW_TAG_variable
	.long	.Ldebug_loc30                   @ DW_AT_location
	.long	.Linfo_string108                @ DW_AT_name
	.byte	2                               @ DW_AT_decl_file
	.short	680                             @ DW_AT_decl_line
	.long	1047                            @ DW_AT_type
	.byte	0                               @ End Of Children Mark
	.byte	35                              @ Abbrev [35] 0x8df:0x5f DW_TAG_subprogram
	.long	.Lfunc_begin6                   @ DW_AT_low_pc
	.long	.Lfunc_end6-.Lfunc_begin6       @ DW_AT_high_pc
	.byte	1                               @ DW_AT_frame_base
	.byte	93
                                        @ DW_AT_GNU_all_call_sites
	.long	.Linfo_string120                @ DW_AT_name
	.byte	2                               @ DW_AT_decl_file
	.short	778                             @ DW_AT_decl_line
                                        @ DW_AT_prototyped
	.long	1047                            @ DW_AT_type
                                        @ DW_AT_external
	.byte	4                               @ Abbrev [4] 0x8f5:0x10 DW_TAG_formal_parameter
	.long	.Ldebug_loc31                   @ DW_AT_location
	.long	.Linfo_string70                 @ DW_AT_name
	.byte	2                               @ DW_AT_decl_file
	.short	778                             @ DW_AT_decl_line
	.long	1579                            @ DW_AT_type
	.byte	36                              @ Abbrev [36] 0x905:0x10 DW_TAG_variable
	.long	.Ldebug_loc32                   @ DW_AT_location
	.long	.Linfo_string128                @ DW_AT_name
	.byte	2                               @ DW_AT_decl_file
	.short	785                             @ DW_AT_decl_line
	.long	430                             @ DW_AT_type
	.byte	36                              @ Abbrev [36] 0x915:0x10 DW_TAG_variable
	.long	.Ldebug_loc33                   @ DW_AT_location
	.long	.Linfo_string135                @ DW_AT_name
	.byte	2                               @ DW_AT_decl_file
	.short	783                             @ DW_AT_decl_line
	.long	2957                            @ DW_AT_type
	.byte	6                               @ Abbrev [6] 0x925:0xc DW_TAG_variable
	.long	.Linfo_string131                @ DW_AT_name
	.byte	2                               @ DW_AT_decl_file
	.short	781                             @ DW_AT_decl_line
	.long	727                             @ DW_AT_type
	.byte	6                               @ Abbrev [6] 0x931:0xc DW_TAG_variable
	.long	.Linfo_string130                @ DW_AT_name
	.byte	2                               @ DW_AT_decl_file
	.short	782                             @ DW_AT_decl_line
	.long	789                             @ DW_AT_type
	.byte	0                               @ End Of Children Mark
	.byte	35                              @ Abbrev [35] 0x93e:0x37 DW_TAG_subprogram
	.long	.Lfunc_begin7                   @ DW_AT_low_pc
	.long	.Lfunc_end7-.Lfunc_begin7       @ DW_AT_high_pc
	.byte	1                               @ DW_AT_frame_base
	.byte	93
                                        @ DW_AT_GNU_all_call_sites
	.long	.Linfo_string121                @ DW_AT_name
	.byte	2                               @ DW_AT_decl_file
	.short	894                             @ DW_AT_decl_line
                                        @ DW_AT_prototyped
	.long	1047                            @ DW_AT_type
                                        @ DW_AT_external
	.byte	4                               @ Abbrev [4] 0x954:0x10 DW_TAG_formal_parameter
	.long	.Ldebug_loc34                   @ DW_AT_location
	.long	.Linfo_string70                 @ DW_AT_name
	.byte	2                               @ DW_AT_decl_file
	.short	894                             @ DW_AT_decl_line
	.long	1579                            @ DW_AT_type
	.byte	36                              @ Abbrev [36] 0x964:0x10 DW_TAG_variable
	.long	.Ldebug_loc35                   @ DW_AT_location
	.long	.Linfo_string130                @ DW_AT_name
	.byte	2                               @ DW_AT_decl_file
	.short	896                             @ DW_AT_decl_line
	.long	789                             @ DW_AT_type
	.byte	0                               @ End Of Children Mark
	.byte	35                              @ Abbrev [35] 0x975:0x94 DW_TAG_subprogram
	.long	.Lfunc_begin8                   @ DW_AT_low_pc
	.long	.Lfunc_end8-.Lfunc_begin8       @ DW_AT_high_pc
	.byte	1                               @ DW_AT_frame_base
	.byte	93
                                        @ DW_AT_GNU_all_call_sites
	.long	.Linfo_string122                @ DW_AT_name
	.byte	2                               @ DW_AT_decl_file
	.short	978                             @ DW_AT_decl_line
                                        @ DW_AT_prototyped
	.long	1047                            @ DW_AT_type
                                        @ DW_AT_external
	.byte	4                               @ Abbrev [4] 0x98b:0x10 DW_TAG_formal_parameter
	.long	.Ldebug_loc36                   @ DW_AT_location
	.long	.Linfo_string70                 @ DW_AT_name
	.byte	2                               @ DW_AT_decl_file
	.short	978                             @ DW_AT_decl_line
	.long	1579                            @ DW_AT_type
	.byte	4                               @ Abbrev [4] 0x99b:0x10 DW_TAG_formal_parameter
	.long	.Ldebug_loc37                   @ DW_AT_location
	.long	.Linfo_string136                @ DW_AT_name
	.byte	2                               @ DW_AT_decl_file
	.short	978                             @ DW_AT_decl_line
	.long	2967                            @ DW_AT_type
	.byte	4                               @ Abbrev [4] 0x9ab:0x10 DW_TAG_formal_parameter
	.long	.Ldebug_loc38                   @ DW_AT_location
	.long	.Linfo_string138                @ DW_AT_name
	.byte	2                               @ DW_AT_decl_file
	.short	978                             @ DW_AT_decl_line
	.long	430                             @ DW_AT_type
	.byte	41                              @ Abbrev [41] 0x9bb:0xd DW_TAG_variable
	.byte	0                               @ DW_AT_const_value
	.long	.Linfo_string108                @ DW_AT_name
	.byte	2                               @ DW_AT_decl_file
	.short	980                             @ DW_AT_decl_line
	.long	1047                            @ DW_AT_type
	.byte	36                              @ Abbrev [36] 0x9c8:0x10 DW_TAG_variable
	.long	.Ldebug_loc39                   @ DW_AT_location
	.long	.Linfo_string128                @ DW_AT_name
	.byte	2                               @ DW_AT_decl_file
	.short	982                             @ DW_AT_decl_line
	.long	430                             @ DW_AT_type
	.byte	36                              @ Abbrev [36] 0x9d8:0x10 DW_TAG_variable
	.long	.Ldebug_loc40                   @ DW_AT_location
	.long	.Linfo_string139                @ DW_AT_name
	.byte	2                               @ DW_AT_decl_file
	.short	987                             @ DW_AT_decl_line
	.long	834                             @ DW_AT_type
	.byte	36                              @ Abbrev [36] 0x9e8:0x10 DW_TAG_variable
	.long	.Ldebug_loc41                   @ DW_AT_location
	.long	.Linfo_string140                @ DW_AT_name
	.byte	2                               @ DW_AT_decl_file
	.short	981                             @ DW_AT_decl_line
	.long	430                             @ DW_AT_type
	.byte	36                              @ Abbrev [36] 0x9f8:0x10 DW_TAG_variable
	.long	.Ldebug_loc42                   @ DW_AT_location
	.long	.Linfo_string141                @ DW_AT_name
	.byte	2                               @ DW_AT_decl_file
	.short	985                             @ DW_AT_decl_line
	.long	834                             @ DW_AT_type
	.byte	0                               @ End Of Children Mark
	.byte	42                              @ Abbrev [42] 0xa09:0x9a DW_TAG_subprogram
	.long	.Lfunc_begin9                   @ DW_AT_low_pc
	.long	.Lfunc_end9-.Lfunc_begin9       @ DW_AT_high_pc
	.byte	1                               @ DW_AT_frame_base
	.byte	93
                                        @ DW_AT_GNU_all_call_sites
	.long	.Linfo_string123                @ DW_AT_name
	.byte	2                               @ DW_AT_decl_file
	.short	1205                            @ DW_AT_decl_line
                                        @ DW_AT_prototyped
                                        @ DW_AT_external
	.byte	4                               @ Abbrev [4] 0xa1b:0x10 DW_TAG_formal_parameter
	.long	.Ldebug_loc43                   @ DW_AT_location
	.long	.Linfo_string70                 @ DW_AT_name
	.byte	2                               @ DW_AT_decl_file
	.short	1205                            @ DW_AT_decl_line
	.long	1579                            @ DW_AT_type
	.byte	36                              @ Abbrev [36] 0xa2b:0x10 DW_TAG_variable
	.long	.Ldebug_loc44                   @ DW_AT_location
	.long	.Linfo_string142                @ DW_AT_name
	.byte	2                               @ DW_AT_decl_file
	.short	1209                            @ DW_AT_decl_line
	.long	425                             @ DW_AT_type
	.byte	36                              @ Abbrev [36] 0xa3b:0x10 DW_TAG_variable
	.long	.Ldebug_loc45                   @ DW_AT_location
	.long	.Linfo_string130                @ DW_AT_name
	.byte	2                               @ DW_AT_decl_file
	.short	1214                            @ DW_AT_decl_line
	.long	789                             @ DW_AT_type
	.byte	36                              @ Abbrev [36] 0xa4b:0x10 DW_TAG_variable
	.long	.Ldebug_loc46                   @ DW_AT_location
	.long	.Linfo_string131                @ DW_AT_name
	.byte	2                               @ DW_AT_decl_file
	.short	1213                            @ DW_AT_decl_line
	.long	727                             @ DW_AT_type
	.byte	36                              @ Abbrev [36] 0xa5b:0x10 DW_TAG_variable
	.long	.Ldebug_loc47                   @ DW_AT_location
	.long	.Linfo_string143                @ DW_AT_name
	.byte	2                               @ DW_AT_decl_file
	.short	1207                            @ DW_AT_decl_line
	.long	430                             @ DW_AT_type
	.byte	36                              @ Abbrev [36] 0xa6b:0x10 DW_TAG_variable
	.long	.Ldebug_loc48                   @ DW_AT_location
	.long	.Linfo_string144                @ DW_AT_name
	.byte	2                               @ DW_AT_decl_file
	.short	1210                            @ DW_AT_decl_line
	.long	430                             @ DW_AT_type
	.byte	36                              @ Abbrev [36] 0xa7b:0x10 DW_TAG_variable
	.long	.Ldebug_loc49                   @ DW_AT_location
	.long	.Linfo_string145                @ DW_AT_name
	.byte	2                               @ DW_AT_decl_file
	.short	1207                            @ DW_AT_decl_line
	.long	430                             @ DW_AT_type
	.byte	36                              @ Abbrev [36] 0xa8b:0x10 DW_TAG_variable
	.long	.Ldebug_loc50                   @ DW_AT_location
	.long	.Linfo_string146                @ DW_AT_name
	.byte	2                               @ DW_AT_decl_file
	.short	1208                            @ DW_AT_decl_line
	.long	430                             @ DW_AT_type
	.byte	43                              @ Abbrev [43] 0xa9b:0x7 DW_TAG_GNU_call_site
	.byte	1                               @ DW_AT_GNU_call_site_target
	.byte	81
                                        @ DW_AT_GNU_tail_call
	.long	.Ltmp1386                       @ DW_AT_low_pc
	.byte	0                               @ End Of Children Mark
	.byte	35                              @ Abbrev [35] 0xaa3:0x55 DW_TAG_subprogram
	.long	.Lfunc_begin10                  @ DW_AT_low_pc
	.long	.Lfunc_end10-.Lfunc_begin10     @ DW_AT_high_pc
	.byte	1                               @ DW_AT_frame_base
	.byte	93
                                        @ DW_AT_GNU_all_call_sites
	.long	.Linfo_string124                @ DW_AT_name
	.byte	2                               @ DW_AT_decl_file
	.short	1575                            @ DW_AT_decl_line
                                        @ DW_AT_prototyped
	.long	1047                            @ DW_AT_type
                                        @ DW_AT_external
	.byte	4                               @ Abbrev [4] 0xab9:0x10 DW_TAG_formal_parameter
	.long	.Ldebug_loc51                   @ DW_AT_location
	.long	.Linfo_string70                 @ DW_AT_name
	.byte	2                               @ DW_AT_decl_file
	.short	1575                            @ DW_AT_decl_line
	.long	1579                            @ DW_AT_type
	.byte	4                               @ Abbrev [4] 0xac9:0x10 DW_TAG_formal_parameter
	.long	.Ldebug_loc52                   @ DW_AT_location
	.long	.Linfo_string147                @ DW_AT_name
	.byte	2                               @ DW_AT_decl_file
	.short	1575                            @ DW_AT_decl_line
	.long	2978                            @ DW_AT_type
	.byte	40                              @ Abbrev [40] 0xad9:0xe DW_TAG_formal_parameter
	.byte	1                               @ DW_AT_location
	.byte	82
	.long	.Linfo_string149                @ DW_AT_name
	.byte	2                               @ DW_AT_decl_file
	.short	1575                            @ DW_AT_decl_line
	.long	2989                            @ DW_AT_type
	.byte	36                              @ Abbrev [36] 0xae7:0x10 DW_TAG_variable
	.long	.Ldebug_loc53                   @ DW_AT_location
	.long	.Linfo_string108                @ DW_AT_name
	.byte	2                               @ DW_AT_decl_file
	.short	1578                            @ DW_AT_decl_line
	.long	1047                            @ DW_AT_type
	.byte	0                               @ End Of Children Mark
	.byte	35                              @ Abbrev [35] 0xaf8:0x47 DW_TAG_subprogram
	.long	.Lfunc_begin11                  @ DW_AT_low_pc
	.long	.Lfunc_end11-.Lfunc_begin11     @ DW_AT_high_pc
	.byte	1                               @ DW_AT_frame_base
	.byte	93
                                        @ DW_AT_GNU_all_call_sites
	.long	.Linfo_string125                @ DW_AT_name
	.byte	2                               @ DW_AT_decl_file
	.short	1642                            @ DW_AT_decl_line
                                        @ DW_AT_prototyped
	.long	1047                            @ DW_AT_type
                                        @ DW_AT_external
	.byte	4                               @ Abbrev [4] 0xb0e:0x10 DW_TAG_formal_parameter
	.long	.Ldebug_loc54                   @ DW_AT_location
	.long	.Linfo_string70                 @ DW_AT_name
	.byte	2                               @ DW_AT_decl_file
	.short	1642                            @ DW_AT_decl_line
	.long	1579                            @ DW_AT_type
	.byte	4                               @ Abbrev [4] 0xb1e:0x10 DW_TAG_formal_parameter
	.long	.Ldebug_loc55                   @ DW_AT_location
	.long	.Linfo_string147                @ DW_AT_name
	.byte	2                               @ DW_AT_decl_file
	.short	1642                            @ DW_AT_decl_line
	.long	2978                            @ DW_AT_type
	.byte	36                              @ Abbrev [36] 0xb2e:0x10 DW_TAG_variable
	.long	.Ldebug_loc56                   @ DW_AT_location
	.long	.Linfo_string108                @ DW_AT_name
	.byte	2                               @ DW_AT_decl_file
	.short	1644                            @ DW_AT_decl_line
	.long	1047                            @ DW_AT_type
	.byte	0                               @ End Of Children Mark
	.byte	35                              @ Abbrev [35] 0xb3f:0x27 DW_TAG_subprogram
	.long	.Lfunc_begin12                  @ DW_AT_low_pc
	.long	.Lfunc_end12-.Lfunc_begin12     @ DW_AT_high_pc
	.byte	1                               @ DW_AT_frame_base
	.byte	93
                                        @ DW_AT_GNU_all_call_sites
	.long	.Linfo_string126                @ DW_AT_name
	.byte	2                               @ DW_AT_decl_file
	.short	1733                            @ DW_AT_decl_line
                                        @ DW_AT_prototyped
	.long	1505                            @ DW_AT_type
                                        @ DW_AT_external
	.byte	4                               @ Abbrev [4] 0xb55:0x10 DW_TAG_formal_parameter
	.long	.Ldebug_loc57                   @ DW_AT_location
	.long	.Linfo_string70                 @ DW_AT_name
	.byte	2                               @ DW_AT_decl_file
	.short	1733                            @ DW_AT_decl_line
	.long	1058                            @ DW_AT_type
	.byte	0                               @ End Of Children Mark
	.byte	35                              @ Abbrev [35] 0xb66:0x27 DW_TAG_subprogram
	.long	.Lfunc_begin13                  @ DW_AT_low_pc
	.long	.Lfunc_end13-.Lfunc_begin13     @ DW_AT_high_pc
	.byte	1                               @ DW_AT_frame_base
	.byte	93
                                        @ DW_AT_GNU_all_call_sites
	.long	.Linfo_string127                @ DW_AT_name
	.byte	2                               @ DW_AT_decl_file
	.short	1744                            @ DW_AT_decl_line
                                        @ DW_AT_prototyped
	.long	430                             @ DW_AT_type
                                        @ DW_AT_external
	.byte	4                               @ Abbrev [4] 0xb7c:0x10 DW_TAG_formal_parameter
	.long	.Ldebug_loc58                   @ DW_AT_location
	.long	.Linfo_string70                 @ DW_AT_name
	.byte	2                               @ DW_AT_decl_file
	.short	1744                            @ DW_AT_decl_line
	.long	1058                            @ DW_AT_type
	.byte	0                               @ End Of Children Mark
	.byte	15                              @ Abbrev [15] 0xb8d:0x5 DW_TAG_pointer_type
	.long	2962                            @ DW_AT_type
	.byte	9                               @ Abbrev [9] 0xb92:0x5 DW_TAG_const_type
	.long	425                             @ DW_AT_type
	.byte	10                              @ Abbrev [10] 0xb97:0xb DW_TAG_typedef
	.long	252                             @ DW_AT_type
	.long	.Linfo_string137                @ DW_AT_name
	.byte	4                               @ DW_AT_decl_file
	.byte	117                             @ DW_AT_decl_line
	.byte	10                              @ Abbrev [10] 0xba2:0xb DW_TAG_typedef
	.long	273                             @ DW_AT_type
	.long	.Linfo_string148                @ DW_AT_name
	.byte	4                               @ DW_AT_decl_file
	.byte	131                             @ DW_AT_decl_line
	.byte	15                              @ Abbrev [15] 0xbad:0x5 DW_TAG_pointer_type
	.long	2994                            @ DW_AT_type
	.byte	26                              @ Abbrev [26] 0xbb2:0x7 DW_TAG_subroutine_type
                                        @ DW_AT_prototyped
	.byte	27                              @ Abbrev [27] 0xbb3:0x5 DW_TAG_formal_parameter
	.long	1579                            @ DW_AT_type
	.byte	0                               @ End Of Children Mark
	.byte	0                               @ End Of Children Mark
.Ldebug_info_end0:
	.section	.debug_ranges,"",%progbits
.Ldebug_ranges0:
	.long	.Ltmp70
	.long	.Ltmp75
	.long	.Ltmp113
	.long	.Ltmp123
	.long	0
	.long	0
.Ldebug_ranges1:
	.long	.Ltmp151
	.long	.Ltmp164
	.long	.Ltmp165
	.long	.Ltmp166
	.long	.Ltmp167
	.long	.Ltmp168
	.long	.Ltmp187
	.long	.Ltmp191
	.long	0
	.long	0
.Ldebug_ranges2:
	.long	.Ltmp177
	.long	.Ltmp181
	.long	.Ltmp186
	.long	.Ltmp187
	.long	.Ltmp192
	.long	.Ltmp204
	.long	0
	.long	0
.Ldebug_ranges3:
	.long	.Ltmp297
	.long	.Ltmp298
	.long	.Ltmp299
	.long	.Ltmp300
	.long	.Ltmp301
	.long	.Ltmp320
	.long	.Ltmp342
	.long	.Ltmp346
	.long	0
	.long	0
.Ldebug_ranges4:
	.long	.Ltmp323
	.long	.Ltmp335
	.long	.Ltmp336
	.long	.Ltmp337
	.long	0
	.long	0
.Ldebug_ranges5:
	.long	.Lfunc_begin0
	.long	.Lfunc_end0
	.long	.Lfunc_begin1
	.long	.Lfunc_end1
	.long	.Lfunc_begin2
	.long	.Lfunc_end2
	.long	.Lfunc_begin3
	.long	.Lfunc_end3
	.long	.Lfunc_begin4
	.long	.Lfunc_end4
	.long	.Lfunc_begin5
	.long	.Lfunc_end5
	.long	.Lfunc_begin6
	.long	.Lfunc_end6
	.long	.Lfunc_begin7
	.long	.Lfunc_end7
	.long	.Lfunc_begin8
	.long	.Lfunc_end8
	.long	.Lfunc_begin9
	.long	.Lfunc_end9
	.long	.Lfunc_begin10
	.long	.Lfunc_end10
	.long	.Lfunc_begin11
	.long	.Lfunc_end11
	.long	.Lfunc_begin12
	.long	.Lfunc_end12
	.long	.Lfunc_begin13
	.long	.Lfunc_end13
	.long	0
	.long	0
	.section	.debug_str,"MS",%progbits,1
.Linfo_string0:
	.asciz	"Component: Arm Compiler for Embedded 6.24 Tool: armclang [5f371800]" @ string offset=0
.Linfo_string1:
	.asciz	"../Drivers/STM32H7xx_HAL_Driver/Src\\stm32h7xx_hal_dma.c" @ string offset=68
.Linfo_string2:
	.asciz	"D:\\EV\\testadc\\MDK-ARM"      @ string offset=124
.Linfo_string3:
	.asciz	"flagBitshiftOffset"            @ string offset=146
.Linfo_string4:
	.asciz	"unsigned char"                 @ string offset=165
.Linfo_string5:
	.asciz	"uint8_t"                       @ string offset=179
.Linfo_string6:
	.asciz	"__ARRAY_SIZE_TYPE__"           @ string offset=187
.Linfo_string7:
	.asciz	"HAL_OK"                        @ string offset=207
.Linfo_string8:
	.asciz	"HAL_ERROR"                     @ string offset=214
.Linfo_string9:
	.asciz	"HAL_BUSY"                      @ string offset=224
.Linfo_string10:
	.asciz	"HAL_TIMEOUT"                   @ string offset=233
.Linfo_string11:
	.asciz	"HAL_UNLOCKED"                  @ string offset=245
.Linfo_string12:
	.asciz	"HAL_LOCKED"                    @ string offset=258
.Linfo_string13:
	.asciz	"HAL_DMA_STATE_RESET"           @ string offset=269
.Linfo_string14:
	.asciz	"HAL_DMA_STATE_READY"           @ string offset=289
.Linfo_string15:
	.asciz	"HAL_DMA_STATE_BUSY"            @ string offset=309
.Linfo_string16:
	.asciz	"HAL_DMA_STATE_ERROR"           @ string offset=328
.Linfo_string17:
	.asciz	"HAL_DMA_STATE_ABORT"           @ string offset=348
.Linfo_string18:
	.asciz	"HAL_DMA_FULL_TRANSFER"         @ string offset=368
.Linfo_string19:
	.asciz	"HAL_DMA_HALF_TRANSFER"         @ string offset=390
.Linfo_string20:
	.asciz	"HAL_DMA_XFER_CPLT_CB_ID"       @ string offset=412
.Linfo_string21:
	.asciz	"HAL_DMA_XFER_HALFCPLT_CB_ID"   @ string offset=436
.Linfo_string22:
	.asciz	"HAL_DMA_XFER_M1CPLT_CB_ID"     @ string offset=464
.Linfo_string23:
	.asciz	"HAL_DMA_XFER_M1HALFCPLT_CB_ID" @ string offset=490
.Linfo_string24:
	.asciz	"HAL_DMA_XFER_ERROR_CB_ID"      @ string offset=520
.Linfo_string25:
	.asciz	"HAL_DMA_XFER_ABORT_CB_ID"      @ string offset=545
.Linfo_string26:
	.asciz	"HAL_DMA_XFER_ALL_CB_ID"        @ string offset=570
.Linfo_string27:
	.asciz	"CR"                            @ string offset=593
.Linfo_string28:
	.asciz	"unsigned int"                  @ string offset=596
.Linfo_string29:
	.asciz	"uint32_t"                      @ string offset=609
.Linfo_string30:
	.asciz	"NDTR"                          @ string offset=618
.Linfo_string31:
	.asciz	"PAR"                           @ string offset=623
.Linfo_string32:
	.asciz	"M0AR"                          @ string offset=627
.Linfo_string33:
	.asciz	"M1AR"                          @ string offset=632
.Linfo_string34:
	.asciz	"FCR"                           @ string offset=637
.Linfo_string35:
	.asciz	"DMA_Stream_TypeDef"            @ string offset=641
.Linfo_string36:
	.asciz	"CCR"                           @ string offset=660
.Linfo_string37:
	.asciz	"CNDTR"                         @ string offset=664
.Linfo_string38:
	.asciz	"CPAR"                          @ string offset=670
.Linfo_string39:
	.asciz	"CM0AR"                         @ string offset=675
.Linfo_string40:
	.asciz	"CM1AR"                         @ string offset=681
.Linfo_string41:
	.asciz	"BDMA_Channel_TypeDef"          @ string offset=687
.Linfo_string42:
	.asciz	"IDCODE"                        @ string offset=708
.Linfo_string43:
	.asciz	"RESERVED4"                     @ string offset=715
.Linfo_string44:
	.asciz	"APB3FZ1"                       @ string offset=725
.Linfo_string45:
	.asciz	"RESERVED5"                     @ string offset=733
.Linfo_string46:
	.asciz	"APB1LFZ1"                      @ string offset=743
.Linfo_string47:
	.asciz	"RESERVED6"                     @ string offset=752
.Linfo_string48:
	.asciz	"APB1HFZ1"                      @ string offset=762
.Linfo_string49:
	.asciz	"RESERVED7"                     @ string offset=771
.Linfo_string50:
	.asciz	"APB2FZ1"                       @ string offset=781
.Linfo_string51:
	.asciz	"RESERVED8"                     @ string offset=789
.Linfo_string52:
	.asciz	"APB4FZ1"                       @ string offset=799
.Linfo_string53:
	.asciz	"DBGMCU_TypeDef"                @ string offset=807
.Linfo_string54:
	.asciz	"ISR"                           @ string offset=822
.Linfo_string55:
	.asciz	"Reserved0"                     @ string offset=826
.Linfo_string56:
	.asciz	"IFCR"                          @ string offset=836
.Linfo_string57:
	.asciz	"DMA_Base_Registers"            @ string offset=841
.Linfo_string58:
	.asciz	"BDMA_Base_Registers"           @ string offset=860
.Linfo_string59:
	.asciz	"DMAMUX_Channel_TypeDef"        @ string offset=880
.Linfo_string60:
	.asciz	"CSR"                           @ string offset=903
.Linfo_string61:
	.asciz	"CFR"                           @ string offset=907
.Linfo_string62:
	.asciz	"DMAMUX_ChannelStatus_TypeDef"  @ string offset=911
.Linfo_string63:
	.asciz	"RGCR"                          @ string offset=940
.Linfo_string64:
	.asciz	"DMAMUX_RequestGen_TypeDef"     @ string offset=945
.Linfo_string65:
	.asciz	"RGSR"                          @ string offset=971
.Linfo_string66:
	.asciz	"RGCFR"                         @ string offset=976
.Linfo_string67:
	.asciz	"DMAMUX_RequestGenStatus_TypeDef" @ string offset=982
.Linfo_string68:
	.asciz	"DMA_CheckFifoParam"            @ string offset=1014
.Linfo_string69:
	.asciz	"HAL_StatusTypeDef"             @ string offset=1033
.Linfo_string70:
	.asciz	"hdma"                          @ string offset=1051
.Linfo_string71:
	.asciz	"Instance"                      @ string offset=1056
.Linfo_string72:
	.asciz	"Init"                          @ string offset=1065
.Linfo_string73:
	.asciz	"Request"                       @ string offset=1070
.Linfo_string74:
	.asciz	"Direction"                     @ string offset=1078
.Linfo_string75:
	.asciz	"PeriphInc"                     @ string offset=1088
.Linfo_string76:
	.asciz	"MemInc"                        @ string offset=1098
.Linfo_string77:
	.asciz	"PeriphDataAlignment"           @ string offset=1105
.Linfo_string78:
	.asciz	"MemDataAlignment"              @ string offset=1125
.Linfo_string79:
	.asciz	"Mode"                          @ string offset=1142
.Linfo_string80:
	.asciz	"Priority"                      @ string offset=1147
.Linfo_string81:
	.asciz	"FIFOMode"                      @ string offset=1156
.Linfo_string82:
	.asciz	"FIFOThreshold"                 @ string offset=1165
.Linfo_string83:
	.asciz	"MemBurst"                      @ string offset=1179
.Linfo_string84:
	.asciz	"PeriphBurst"                   @ string offset=1188
.Linfo_string85:
	.asciz	"DMA_InitTypeDef"               @ string offset=1200
.Linfo_string86:
	.asciz	"Lock"                          @ string offset=1216
.Linfo_string87:
	.asciz	"HAL_LockTypeDef"               @ string offset=1221
.Linfo_string88:
	.asciz	"State"                         @ string offset=1237
.Linfo_string89:
	.asciz	"HAL_DMA_StateTypeDef"          @ string offset=1243
.Linfo_string90:
	.asciz	"Parent"                        @ string offset=1264
.Linfo_string91:
	.asciz	"XferCpltCallback"              @ string offset=1271
.Linfo_string92:
	.asciz	"XferHalfCpltCallback"          @ string offset=1288
.Linfo_string93:
	.asciz	"XferM1CpltCallback"            @ string offset=1309
.Linfo_string94:
	.asciz	"XferM1HalfCpltCallback"        @ string offset=1328
.Linfo_string95:
	.asciz	"XferErrorCallback"             @ string offset=1351
.Linfo_string96:
	.asciz	"XferAbortCallback"             @ string offset=1369
.Linfo_string97:
	.asciz	"ErrorCode"                     @ string offset=1387
.Linfo_string98:
	.asciz	"StreamBaseAddress"             @ string offset=1397
.Linfo_string99:
	.asciz	"StreamIndex"                   @ string offset=1415
.Linfo_string100:
	.asciz	"DMAmuxChannel"                 @ string offset=1427
.Linfo_string101:
	.asciz	"DMAmuxChannelStatus"           @ string offset=1441
.Linfo_string102:
	.asciz	"DMAmuxChannelStatusMask"       @ string offset=1461
.Linfo_string103:
	.asciz	"DMAmuxRequestGen"              @ string offset=1485
.Linfo_string104:
	.asciz	"DMAmuxRequestGenStatus"        @ string offset=1502
.Linfo_string105:
	.asciz	"DMAmuxRequestGenStatusMask"    @ string offset=1525
.Linfo_string106:
	.asciz	"__DMA_HandleTypeDef"           @ string offset=1552
.Linfo_string107:
	.asciz	"DMA_HandleTypeDef"             @ string offset=1572
.Linfo_string108:
	.asciz	"status"                        @ string offset=1590
.Linfo_string109:
	.asciz	"DMA_CalcDMAMUXChannelBaseAndMask" @ string offset=1597
.Linfo_string110:
	.asciz	"stream_baseaddress"            @ string offset=1630
.Linfo_string111:
	.asciz	"stream_number"                 @ string offset=1649
.Linfo_string112:
	.asciz	"DMA_CalcDMAMUXRequestGenBaseAndMask" @ string offset=1663
.Linfo_string113:
	.asciz	"request"                       @ string offset=1699
.Linfo_string114:
	.asciz	"HAL_DMA_Init"                  @ string offset=1707
.Linfo_string115:
	.asciz	"DMA_CalcBaseAndBitshift"       @ string offset=1720
.Linfo_string116:
	.asciz	"HAL_DMA_DeInit"                @ string offset=1744
.Linfo_string117:
	.asciz	"HAL_DMA_Start"                 @ string offset=1759
.Linfo_string118:
	.asciz	"DMA_SetConfig"                 @ string offset=1773
.Linfo_string119:
	.asciz	"HAL_DMA_Start_IT"              @ string offset=1787
.Linfo_string120:
	.asciz	"HAL_DMA_Abort"                 @ string offset=1804
.Linfo_string121:
	.asciz	"HAL_DMA_Abort_IT"              @ string offset=1818
.Linfo_string122:
	.asciz	"HAL_DMA_PollForTransfer"       @ string offset=1835
.Linfo_string123:
	.asciz	"HAL_DMA_IRQHandler"            @ string offset=1859
.Linfo_string124:
	.asciz	"HAL_DMA_RegisterCallback"      @ string offset=1878
.Linfo_string125:
	.asciz	"HAL_DMA_UnRegisterCallback"    @ string offset=1903
.Linfo_string126:
	.asciz	"HAL_DMA_GetState"              @ string offset=1930
.Linfo_string127:
	.asciz	"HAL_DMA_GetError"              @ string offset=1947
.Linfo_string128:
	.asciz	"tickstart"                     @ string offset=1964
.Linfo_string129:
	.asciz	"registerValue"                 @ string offset=1974
.Linfo_string130:
	.asciz	"regs_bdma"                     @ string offset=1988
.Linfo_string131:
	.asciz	"regs_dma"                      @ string offset=1998
.Linfo_string132:
	.asciz	"SrcAddress"                    @ string offset=2007
.Linfo_string133:
	.asciz	"DstAddress"                    @ string offset=2018
.Linfo_string134:
	.asciz	"DataLength"                    @ string offset=2029
.Linfo_string135:
	.asciz	"enableRegister"                @ string offset=2040
.Linfo_string136:
	.asciz	"CompleteLevel"                 @ string offset=2055
.Linfo_string137:
	.asciz	"HAL_DMA_LevelCompleteTypeDef"  @ string offset=2069
.Linfo_string138:
	.asciz	"Timeout"                       @ string offset=2098
.Linfo_string139:
	.asciz	"ifcr_reg"                      @ string offset=2106
.Linfo_string140:
	.asciz	"cpltlevel_mask"                @ string offset=2115
.Linfo_string141:
	.asciz	"isr_reg"                       @ string offset=2130
.Linfo_string142:
	.asciz	"count"                         @ string offset=2138
.Linfo_string143:
	.asciz	"tmpisr_dma"                    @ string offset=2144
.Linfo_string144:
	.asciz	"timeout"                       @ string offset=2155
.Linfo_string145:
	.asciz	"tmpisr_bdma"                   @ string offset=2163
.Linfo_string146:
	.asciz	"ccr_reg"                       @ string offset=2175
.Linfo_string147:
	.asciz	"CallbackID"                    @ string offset=2183
.Linfo_string148:
	.asciz	"HAL_DMA_CallbackIDTypeDef"     @ string offset=2194
.Linfo_string149:
	.asciz	"pCallback"                     @ string offset=2220
	.ident	"Component: Arm Compiler for Embedded 6.24 Tool: armclang [5f371800]"
	.section	".note.GNU-stack","",%progbits
	.eabi_attribute	30, 2	@ Tag_ABI_optimization_goals
	.ARM_attribute	16, 1	@ Tag_AV_eba
	.section	.debug_line,"",%progbits
.Lline_table_start0:
