	.text
	.syntax unified
	.eabi_attribute	67, "2.09"	@ Tag_conformance
	.cpu	cortex-m7
	.eabi_attribute	6, 13	@ Tag_CPU_arch
	.eabi_attribute	7, 77	@ Tag_CPU_arch_profile
	.eabi_attribute	8, 0	@ Tag_ARM_ISA_use
	.eabi_attribute	9, 2	@ Tag_THUMB_ISA_use
	.fpu	fpv5-d16
	.eabi_attribute	36, 1	@ Tag_FP_HP_extension
	.eabi_attribute	34, 1	@ Tag_CPU_unaligned_access
	.eabi_attribute	17, 1	@ Tag_ABI_PCS_GOT_use
	.eabi_attribute	20, 2	@ Tag_ABI_FP_denormal
	.eabi_attribute	21, 0	@ Tag_ABI_FP_exceptions
	.eabi_attribute	23, 1	@ Tag_ABI_FP_number_model
	.eabi_attribute	24, 1	@ Tag_ABI_align_needed
	.eabi_attribute	25, 1	@ Tag_ABI_align_preserved
	.eabi_attribute	28, 1	@ Tag_ABI_VFP_args
	.eabi_attribute	38, 1	@ Tag_ABI_FP_16bit_format
	.eabi_attribute	18, 2	@ Tag_ABI_PCS_wchar_t
	.eabi_attribute	26, 1	@ Tag_ABI_enum_size
	.eabi_attribute	14, 0	@ Tag_ABI_PCS_R9_use
	.file	"stm32h7xx_hal_adc.c"
	.file	1 "D:\\EV\\testadc\\MDK-ARM" "../Drivers/STM32H7xx_HAL_Driver/Inc\\stm32h7xx_hal_def.h"
	.file	2 "D:\\EV\\testadc\\MDK-ARM" "../Drivers/CMSIS/Device/ST/STM32H7xx/Include\\stm32h7xx.h"
	.file	3 "D:\\EV\\testadc\\MDK-ARM" "../Drivers/STM32H7xx_HAL_Driver/Inc\\stm32h7xx_hal_dma.h"
	.file	4 "D:\\Keil_v5\\Core\\ARM\\ARMCLANG\\bin\\..\\include" "stdint.h"
	.file	5 "D:\\EV\\testadc\\MDK-ARM" "../Drivers/CMSIS/Device/ST/STM32H7xx/Include\\stm32h743xx.h"
	.file	6 "D:\\EV\\testadc\\MDK-ARM" "../Drivers/STM32H7xx_HAL_Driver/Inc\\stm32h7xx_hal_adc.h"
	.section	.text.HAL_ADC_Init,"ax",%progbits
	.hidden	HAL_ADC_Init                    @ -- Begin function HAL_ADC_Init
	.globl	HAL_ADC_Init
	.p2align	3
	.type	HAL_ADC_Init,%function
	.code	16                              @ @HAL_ADC_Init
	.thumb_func
HAL_ADC_Init:
.Lfunc_begin0:
	.file	7 "D:\\EV\\testadc\\MDK-ARM" "../Drivers/STM32H7xx_HAL_Driver/Src/stm32h7xx_hal_adc.c"
	.loc	7 408 0                         @ ../Drivers/STM32H7xx_HAL_Driver/Src/stm32h7xx_hal_adc.c:408:0
	.fnstart
	.cfi_sections .debug_frame
	.cfi_startproc
@ %bb.0:
	@DEBUG_VALUE: HAL_ADC_Init:hadc <- $r0
	.save	{r4, r5, r6, lr}
	push	{r4, r5, r6, lr}
	.cfi_def_cfa_offset 16
	.cfi_offset lr, -4
	.cfi_offset r6, -8
	.cfi_offset r5, -12
	.cfi_offset r4, -16
	.pad	#8
	sub	sp, #8
	.cfi_def_cfa_offset 24
	mov	r4, r0
.Ltmp0:
	@DEBUG_VALUE: HAL_ADC_Init:tmp_hal_status <- 0
	@DEBUG_VALUE: HAL_ADC_Init:wait_loop_index <- [DW_OP_plus_uconst 4, DW_OP_deref] $sp
	@DEBUG_VALUE: HAL_ADC_Init:hadc <- $r4
	.loc	7 417 7 prologue_end            @ ../Drivers/STM32H7xx_HAL_Driver/Src/stm32h7xx_hal_adc.c:417:7
	cmp	r0, #0
	mov.w	r0, #0
	.loc	7 412 17                        @ ../Drivers/STM32H7xx_HAL_Driver/Src/stm32h7xx_hal_adc.c:412:17
	str	r0, [sp, #4]
	.loc	7 417 7                         @ ../Drivers/STM32H7xx_HAL_Driver/Src/stm32h7xx_hal_adc.c:417:7
	beq	.LBB0_7
.Ltmp1:
@ %bb.1:
	@DEBUG_VALUE: HAL_ADC_Init:hadc <- $r4
	@DEBUG_VALUE: HAL_ADC_Init:wait_loop_index <- [DW_OP_plus_uconst 4, DW_OP_deref] $sp
	@DEBUG_VALUE: HAL_ADC_Init:tmp_hal_status <- 0
	.loc	7 452 13                        @ ../Drivers/STM32H7xx_HAL_Driver/Src/stm32h7xx_hal_adc.c:452:13
	ldr	r0, [r4, #84]
.Ltmp2:
	.loc	7 452 7 is_stmt 0               @ ../Drivers/STM32H7xx_HAL_Driver/Src/stm32h7xx_hal_adc.c:452:7
	cbnz	r0, .LBB0_3
.Ltmp3:
@ %bb.2:
	@DEBUG_VALUE: HAL_ADC_Init:hadc <- $r4
	@DEBUG_VALUE: HAL_ADC_Init:wait_loop_index <- [DW_OP_plus_uconst 4, DW_OP_deref] $sp
	@DEBUG_VALUE: HAL_ADC_Init:tmp_hal_status <- 0
	.loc	7 475 5 is_stmt 1               @ ../Drivers/STM32H7xx_HAL_Driver/Src/stm32h7xx_hal_adc.c:475:5
	mov	r0, r4
	bl	HAL_ADC_MspInit
.Ltmp4:
	.loc	7 0 5 is_stmt 0                 @ ../Drivers/STM32H7xx_HAL_Driver/Src/stm32h7xx_hal_adc.c:0:5
	movs	r0, #0
	.loc	7 479 5 is_stmt 1               @ ../Drivers/STM32H7xx_HAL_Driver/Src/stm32h7xx_hal_adc.c:479:5
	str	r0, [r4, #88]
	.loc	7 482 16                        @ ../Drivers/STM32H7xx_HAL_Driver/Src/stm32h7xx_hal_adc.c:482:16
	strb.w	r0, [r4, #80]
.Ltmp5:
.LBB0_3:
	@DEBUG_VALUE: HAL_ADC_Init:hadc <- $r4
	@DEBUG_VALUE: HAL_ADC_Init:wait_loop_index <- [DW_OP_plus_uconst 4, DW_OP_deref] $sp
	@DEBUG_VALUE: HAL_ADC_Init:tmp_hal_status <- 0
	.loc	7 486 43                        @ ../Drivers/STM32H7xx_HAL_Driver/Src/stm32h7xx_hal_adc.c:486:43
	ldr	r0, [r4]
.Ltmp6:
	@DEBUG_VALUE: LL_ADC_IsDeepPowerDownEnabled:ADCx <- $r0
	.file	8 "D:\\EV\\testadc\\MDK-ARM" "../Drivers/STM32H7xx_HAL_Driver/Inc\\stm32h7xx_ll_adc.h"
	.loc	8 6834 12                       @ ../Drivers/STM32H7xx_HAL_Driver/Inc\stm32h7xx_ll_adc.h:6834:12
	ldr	r1, [r0, #8]
.Ltmp7:
	.loc	7 486 7                         @ ../Drivers/STM32H7xx_HAL_Driver/Src/stm32h7xx_hal_adc.c:486:7
	lsls	r1, r1, #2
	movw	r1, #65472
	movt	r1, #24575
	bpl	.LBB0_5
.Ltmp8:
@ %bb.4:
	@DEBUG_VALUE: HAL_ADC_Init:hadc <- $r4
	@DEBUG_VALUE: HAL_ADC_Init:wait_loop_index <- [DW_OP_plus_uconst 4, DW_OP_deref] $sp
	@DEBUG_VALUE: HAL_ADC_Init:tmp_hal_status <- 0
	@DEBUG_VALUE: LL_ADC_DisableDeepPowerDown:ADCx <- $r0
	.loc	8 6823 3                        @ ../Drivers/STM32H7xx_HAL_Driver/Inc\stm32h7xx_ll_adc.h:6823:3
	ldr	r2, [r0, #8]
	ands	r2, r1
	str	r2, [r0, #8]
.Ltmp9:
.LBB0_5:
	@DEBUG_VALUE: HAL_ADC_Init:hadc <- $r4
	@DEBUG_VALUE: HAL_ADC_Init:wait_loop_index <- [DW_OP_plus_uconst 4, DW_OP_deref] $sp
	@DEBUG_VALUE: HAL_ADC_Init:tmp_hal_status <- 0
	@DEBUG_VALUE: LL_ADC_IsInternalRegulatorEnabled:ADCx <- $r0
	.loc	8 6883 12                       @ ../Drivers/STM32H7xx_HAL_Driver/Inc\stm32h7xx_ll_adc.h:6883:12
	ldr	r2, [r0, #8]
.Ltmp10:
	.loc	7 496 7                         @ ../Drivers/STM32H7xx_HAL_Driver/Src/stm32h7xx_hal_adc.c:496:7
	lsls	r2, r2, #3
	bmi	.LBB0_12
.Ltmp11:
@ %bb.6:
	@DEBUG_VALUE: HAL_ADC_Init:hadc <- $r4
	@DEBUG_VALUE: HAL_ADC_Init:wait_loop_index <- [DW_OP_plus_uconst 4, DW_OP_deref] $sp
	@DEBUG_VALUE: HAL_ADC_Init:tmp_hal_status <- 0
	@DEBUG_VALUE: LL_ADC_EnableInternalRegulator:ADCx <- $r0
	.loc	8 6856 3                        @ ../Drivers/STM32H7xx_HAL_Driver/Inc\stm32h7xx_ll_adc.h:6856:3
	ldr	r2, [r0, #8]
	add.w	r1, r1, #268435456
	ands	r1, r2
	movw	r2, #11619
	orr	r1, r1, #268435456
	str	r1, [r0, #8]
.Ltmp12:
	.loc	7 504 73                        @ ../Drivers/STM32H7xx_HAL_Driver/Src/stm32h7xx_hal_adc.c:504:73
	movw	r1, :lower16:SystemCoreClock
	movt	r2, #1342
	movt	r1, :upper16:SystemCoreClock
	ldr	r1, [r1]
	.loc	7 504 89 is_stmt 0              @ ../Drivers/STM32H7xx_HAL_Driver/Src/stm32h7xx_hal_adc.c:504:89
	lsrs	r1, r1, #6
	umull	r1, r2, r1, r2
	movs	r1, #1
	.loc	7 504 109                       @ ../Drivers/STM32H7xx_HAL_Driver/Src/stm32h7xx_hal_adc.c:504:109
	add.w	r1, r1, r2, lsr #6
	b	.LBB0_9
.Ltmp13:
	.loc	7 0 109                         @ :0:109
.Ltmp14:
	.p2align	2
.LBB0_7:
	@DEBUG_VALUE: HAL_ADC_Init:hadc <- $r4
	@DEBUG_VALUE: HAL_ADC_Init:wait_loop_index <- [DW_OP_plus_uconst 4, DW_OP_deref] $sp
	@DEBUG_VALUE: HAL_ADC_Init:tmp_hal_status <- 0
	movs	r6, #1
	.loc	7 822 1 is_stmt 1               @ ../Drivers/STM32H7xx_HAL_Driver/Src/stm32h7xx_hal_adc.c:822:1
	mov	r0, r6
	.loc	7 822 1 epilogue_begin is_stmt 0 @ ../Drivers/STM32H7xx_HAL_Driver/Src/stm32h7xx_hal_adc.c:822:1
	add	sp, #8
	pop	{r4, r5, r6, pc}
.Ltmp15:
	.loc	7 0 1                           @ :0:1
.Ltmp16:
	.p2align	2
.LBB0_8:                                @   in Loop: Header=BB0_9 Depth=1
	@DEBUG_VALUE: HAL_ADC_Init:hadc <- $r4
	@DEBUG_VALUE: HAL_ADC_Init:tmp_hal_status <- 0
	.loc	7 507 22 is_stmt 1              @ ../Drivers/STM32H7xx_HAL_Driver/Src/stm32h7xx_hal_adc.c:507:22
	ldr	r1, [sp, #4]
	subs	r1, #1
.Ltmp17:
.LBB0_9:                                @ =>This Inner Loop Header: Depth=1
	@DEBUG_VALUE: HAL_ADC_Init:hadc <- $r4
	@DEBUG_VALUE: HAL_ADC_Init:tmp_hal_status <- 0
	.loc	7 0 0 is_stmt 0                 @ ../Drivers/STM32H7xx_HAL_Driver/Src/stm32h7xx_hal_adc.c:0:0
	str	r1, [sp, #4]
.Ltmp18:
	@DEBUG_VALUE: HAL_ADC_Init:wait_loop_index <- [DW_OP_plus_uconst 4, DW_OP_deref] $sp
	.loc	7 505 12 is_stmt 1              @ ../Drivers/STM32H7xx_HAL_Driver/Src/stm32h7xx_hal_adc.c:505:12
	ldr	r1, [sp, #4]
	.loc	7 505 5 is_stmt 0               @ ../Drivers/STM32H7xx_HAL_Driver/Src/stm32h7xx_hal_adc.c:505:5
	cbz	r1, .LBB0_12
.Ltmp19:
@ %bb.10:                               @   in Loop: Header=BB0_9 Depth=1
	@DEBUG_VALUE: HAL_ADC_Init:hadc <- $r4
	@DEBUG_VALUE: HAL_ADC_Init:wait_loop_index <- [DW_OP_plus_uconst 4, DW_OP_deref] $sp
	@DEBUG_VALUE: HAL_ADC_Init:tmp_hal_status <- 0
	.loc	7 507 22 is_stmt 1              @ ../Drivers/STM32H7xx_HAL_Driver/Src/stm32h7xx_hal_adc.c:507:22
	ldr	r1, [sp, #4]
	subs	r1, #1
	str	r1, [sp, #4]
.Ltmp20:
	.loc	7 505 12                        @ ../Drivers/STM32H7xx_HAL_Driver/Src/stm32h7xx_hal_adc.c:505:12
	ldr	r1, [sp, #4]
.Ltmp21:
	@DEBUG_VALUE: HAL_ADC_Init:wait_loop_index <- [DW_OP_constu 1, DW_OP_minus, DW_OP_stack_value] undef
	.loc	7 505 5 is_stmt 0               @ ../Drivers/STM32H7xx_HAL_Driver/Src/stm32h7xx_hal_adc.c:505:5
	cbz	r1, .LBB0_12
.Ltmp22:
@ %bb.11:                               @   in Loop: Header=BB0_9 Depth=1
	@DEBUG_VALUE: HAL_ADC_Init:hadc <- $r4
	@DEBUG_VALUE: HAL_ADC_Init:tmp_hal_status <- 0
	.loc	7 507 22 is_stmt 1              @ ../Drivers/STM32H7xx_HAL_Driver/Src/stm32h7xx_hal_adc.c:507:22
	ldr	r1, [sp, #4]
	subs	r1, #1
	str	r1, [sp, #4]
.Ltmp23:
	.loc	7 505 12                        @ ../Drivers/STM32H7xx_HAL_Driver/Src/stm32h7xx_hal_adc.c:505:12
	ldr	r1, [sp, #4]
	.loc	7 505 5 is_stmt 0               @ ../Drivers/STM32H7xx_HAL_Driver/Src/stm32h7xx_hal_adc.c:505:5
	cmp	r1, #0
.Ltmp24:
	@DEBUG_VALUE: HAL_ADC_Init:wait_loop_index <- [DW_OP_constu 1, DW_OP_minus, DW_OP_stack_value] undef
	.loc	7 507 22 is_stmt 1              @ ../Drivers/STM32H7xx_HAL_Driver/Src/stm32h7xx_hal_adc.c:507:22
	itttt	ne
	ldrne	r1, [sp, #4]
	subne	r1, #1
	strne	r1, [sp, #4]
.Ltmp25:
	.loc	7 505 12                        @ ../Drivers/STM32H7xx_HAL_Driver/Src/stm32h7xx_hal_adc.c:505:12
	ldrne	r1, [sp, #4]
	.loc	7 505 5 is_stmt 0               @ ../Drivers/STM32H7xx_HAL_Driver/Src/stm32h7xx_hal_adc.c:505:5
	it	ne
	cmpne	r1, #0
	@DEBUG_VALUE: HAL_ADC_Init:wait_loop_index <- [DW_OP_constu 1, DW_OP_minus, DW_OP_stack_value] undef
	bne	.LBB0_8
.Ltmp26:
.LBB0_12:
	@DEBUG_VALUE: HAL_ADC_Init:hadc <- $r4
	@DEBUG_VALUE: HAL_ADC_Init:tmp_hal_status <- 0
	@DEBUG_VALUE: LL_ADC_IsInternalRegulatorEnabled:ADCx <- $r0
	.loc	8 6883 12 is_stmt 1             @ ../Drivers/STM32H7xx_HAL_Driver/Inc\stm32h7xx_ll_adc.h:6883:12
	ldr	r1, [r0, #8]
.Ltmp27:
	.loc	7 514 7                         @ ../Drivers/STM32H7xx_HAL_Driver/Src/stm32h7xx_hal_adc.c:514:7
	lsls	r1, r1, #3
	bmi	.LBB0_14
.Ltmp28:
@ %bb.13:
	@DEBUG_VALUE: HAL_ADC_Init:hadc <- $r4
	@DEBUG_VALUE: HAL_ADC_Init:tmp_hal_status <- 0
	.loc	7 517 5                         @ ../Drivers/STM32H7xx_HAL_Driver/Src/stm32h7xx_hal_adc.c:517:5
	ldr	r1, [r4, #84]
	movs	r6, #1
.Ltmp29:
	@DEBUG_VALUE: HAL_ADC_Init:tmp_hal_status <- 1
	orr	r1, r1, #16
	str	r1, [r4, #84]
	.loc	7 520 5                         @ ../Drivers/STM32H7xx_HAL_Driver/Src/stm32h7xx_hal_adc.c:520:5
	ldr	r1, [r4, #88]
	orr	r1, r1, #1
	str	r1, [r4, #88]
	b	.LBB0_15
.Ltmp30:
	.loc	7 0 5 is_stmt 0                 @ :0:5
.Ltmp31:
	.p2align	2
.LBB0_14:
	@DEBUG_VALUE: LL_ADC_IsInternalRegulatorEnabled:ADCx <- $r0
	@DEBUG_VALUE: HAL_ADC_Init:hadc <- $r4
	@DEBUG_VALUE: HAL_ADC_Init:tmp_hal_status <- 0
	movs	r6, #0
.Ltmp32:
.LBB0_15:
	@DEBUG_VALUE: HAL_ADC_Init:hadc <- $r4
	@DEBUG_VALUE: HAL_ADC_Init:tmp_hal_status <- $r6
	@DEBUG_VALUE: LL_ADC_REG_IsConversionOngoing:ADCx <- $r0
	.loc	8 7075 12 is_stmt 1             @ ../Drivers/STM32H7xx_HAL_Driver/Inc\stm32h7xx_ll_adc.h:7075:12
	ldr	r1, [r0, #8]
.Ltmp33:
	@DEBUG_VALUE: HAL_ADC_Init:tmp_adc_reg_is_conversion_on_going <- [DW_OP_constu 2, DW_OP_shr, DW_OP_constu 1, DW_OP_and, DW_OP_stack_value] $r1
	.loc	7 531 15                        @ ../Drivers/STM32H7xx_HAL_Driver/Src/stm32h7xx_hal_adc.c:531:15
	ldr	r2, [r4, #84]
	.loc	7 531 21 is_stmt 0              @ ../Drivers/STM32H7xx_HAL_Driver/Src/stm32h7xx_hal_adc.c:531:21
	and	r2, r2, #16
	and	r1, r1, #4
.Ltmp34:
	.loc	7 531 53                        @ ../Drivers/STM32H7xx_HAL_Driver/Src/stm32h7xx_hal_adc.c:531:53
	adds	r1, r1, r2
	.loc	7 0 0                           @ ../Drivers/STM32H7xx_HAL_Driver/Src/stm32h7xx_hal_adc.c:0:0
	ldr	r1, [r4, #84]
	.loc	7 532 7 is_stmt 1               @ ../Drivers/STM32H7xx_HAL_Driver/Src/stm32h7xx_hal_adc.c:532:7
	bne.w	.LBB0_27
.Ltmp35:
@ %bb.16:
	@DEBUG_VALUE: HAL_ADC_Init:tmp_hal_status <- $r6
	@DEBUG_VALUE: HAL_ADC_Init:hadc <- $r4
	.loc	7 536 5                         @ ../Drivers/STM32H7xx_HAL_Driver/Src/stm32h7xx_hal_adc.c:536:5
	bic	r1, r1, #258
	adds	r1, #2
	str	r1, [r4, #84]
.Ltmp36:
	@DEBUG_VALUE: LL_ADC_IsEnabled:ADCx <- $r0
	.loc	8 6943 12                       @ ../Drivers/STM32H7xx_HAL_Driver/Inc\stm32h7xx_ll_adc.h:6943:12
	ldr	r1, [r0, #8]
.Ltmp37:
	.loc	7 545 9                         @ ../Drivers/STM32H7xx_HAL_Driver/Src/stm32h7xx_hal_adc.c:545:9
	lsls	r1, r1, #31
	bne	.LBB0_20
.Ltmp38:
@ %bb.17:
	@DEBUG_VALUE: HAL_ADC_Init:tmp_hal_status <- $r6
	@DEBUG_VALUE: HAL_ADC_Init:hadc <- $r4
	.loc	7 0 9 is_stmt 0                 @ ../Drivers/STM32H7xx_HAL_Driver/Src/stm32h7xx_hal_adc.c:0:9
	movw	r2, #8448
.Ltmp39:
	.loc	7 547 11 is_stmt 1              @ ../Drivers/STM32H7xx_HAL_Driver/Src/stm32h7xx_hal_adc.c:547:11
	orr	r1, r0, #256
	movt	r2, #16386
	cmp	r1, r2
	movw	r1, #8192
	movt	r1, #16386
	bne.w	.LBB0_33
.Ltmp40:
@ %bb.18:
	@DEBUG_VALUE: HAL_ADC_Init:tmp_hal_status <- $r6
	@DEBUG_VALUE: HAL_ADC_Init:hadc <- $r4
	@DEBUG_VALUE: LL_ADC_IsEnabled:ADCx <- 1073881088
	.loc	8 6943 12                       @ ../Drivers/STM32H7xx_HAL_Driver/Inc\stm32h7xx_ll_adc.h:6943:12
	ldr	r2, [r1, #8]
.Ltmp41:
	@DEBUG_VALUE: LL_ADC_IsEnabled:ADCx <- 1073881344
	.loc	8 6943 12 is_stmt 0             @ ../Drivers/STM32H7xx_HAL_Driver/Inc\stm32h7xx_ll_adc.h:6943:12
	ldr.w	r3, [r1, #264]
.Ltmp42:
	.loc	7 547 11 is_stmt 1              @ ../Drivers/STM32H7xx_HAL_Driver/Src/stm32h7xx_hal_adc.c:547:11
	orrs	r2, r3
.Ltmp43:
	.loc	7 547 11 is_stmt 0              @ ../Drivers/STM32H7xx_HAL_Driver/Src/stm32h7xx_hal_adc.c:547:11
	lsls	r2, r2, #31
	bne	.LBB0_20
.Ltmp44:
.LBB0_19:
	@DEBUG_VALUE: HAL_ADC_Init:tmp_hal_status <- $r6
	@DEBUG_VALUE: HAL_ADC_Init:hadc <- $r4
	.loc	7 0 11                          @ ../Drivers/STM32H7xx_HAL_Driver/Src/stm32h7xx_hal_adc.c:0:11
	add.w	r2, r1, #256
.Ltmp45:
	.loc	8 2665 3 is_stmt 1              @ ../Drivers/STM32H7xx_HAL_Driver/Inc\stm32h7xx_ll_adc.h:2665:3
	add.w	r3, r1, #776
	movw	r12, #24584
	cmp	r0, r2
	movt	r12, #22530
	mov	r2, r3
	it	ne
	addne.w	r2, r12, #768
	cmp	r0, r1
	it	eq
	moveq	r2, r3
.Ltmp46:
	.loc	7 566 84                        @ ../Drivers/STM32H7xx_HAL_Driver/Src/stm32h7xx_hal_adc.c:566:84
	ldr	r0, [r4, #4]
.Ltmp47:
	@DEBUG_VALUE: LL_ADC_SetCommonClock:ADCxy_COMMON <- undef
	@DEBUG_VALUE: LL_ADC_SetCommonClock:CommonClock <- $r0
	.loc	8 2665 3                        @ ../Drivers/STM32H7xx_HAL_Driver/Inc\stm32h7xx_ll_adc.h:2665:3
	ldr	r1, [r2]
	bic	r1, r1, #4128768
	orrs	r0, r1
.Ltmp48:
	str	r0, [r2]
.Ltmp49:
.LBB0_20:
	@DEBUG_VALUE: HAL_ADC_Init:tmp_hal_status <- $r6
	@DEBUG_VALUE: HAL_ADC_Init:hadc <- $r4
	.loc	7 604 10                        @ ../Drivers/STM32H7xx_HAL_Driver/Src/stm32h7xx_hal_adc.c:604:10
	bl	HAL_GetREVID
.Ltmp50:
	.loc	7 0 10 is_stmt 0                @ ../Drivers/STM32H7xx_HAL_Driver/Src/stm32h7xx_hal_adc.c:0:10
	movw	r1, #4099
	movs	r2, #0
	.loc	7 604 25                        @ ../Drivers/STM32H7xx_HAL_Driver/Src/stm32h7xx_hal_adc.c:604:25
	cmp	r0, r1
	.loc	7 0 0                           @ ../Drivers/STM32H7xx_HAL_Driver/Src/stm32h7xx_hal_adc.c:0:0
	ldr	r0, [r4, #8]
	sub.w	r1, r0, #16
	.loc	7 604 25                        @ ../Drivers/STM32H7xx_HAL_Driver/Src/stm32h7xx_hal_adc.c:604:25
	it	hi
	movhi	r2, #1
	clz	r1, r1
	.loc	7 0 0                           @ ../Drivers/STM32H7xx_HAL_Driver/Src/stm32h7xx_hal_adc.c:0:0
	ldrb	r3, [r4, #28]
	lsrs	r1, r1, #5
	.loc	7 604 37                        @ ../Drivers/STM32H7xx_HAL_Driver/Src/stm32h7xx_hal_adc.c:604:37
	ands	r1, r2
	.loc	7 0 0                           @ ../Drivers/STM32H7xx_HAL_Driver/Src/stm32h7xx_hal_adc.c:0:0
	ldr	r2, [r4, #48]
	ldrb	r1, [r4, #21]
	mov	r5, r2
	itet	ne
	lslne	r5, r1, #13
	lsleq	r2, r1, #13
	movne	r0, #28
.Ltmp51:
	.loc	7 623 9 is_stmt 1               @ ../Drivers/STM32H7xx_HAL_Driver/Src/stm32h7xx_hal_adc.c:623:9
	cmp	r3, #1
.Ltmp52:
	.loc	7 0 0 is_stmt 0                 @ ../Drivers/STM32H7xx_HAL_Driver/Src/stm32h7xx_hal_adc.c:0:0
	orr.w	r1, r5, r3, lsl #16
	orr.w	r1, r1, r2
	orr.w	r1, r1, r0
.Ltmp53:
	@DEBUG_VALUE: HAL_ADC_Init:tmpCFGR <- $r1
	.loc	7 623 9                         @ ../Drivers/STM32H7xx_HAL_Driver/Src/stm32h7xx_hal_adc.c:623:9
	bne	.LBB0_22
.Ltmp54:
@ %bb.21:
	@DEBUG_VALUE: HAL_ADC_Init:tmpCFGR <- $r1
	@DEBUG_VALUE: HAL_ADC_Init:tmp_hal_status <- $r6
	@DEBUG_VALUE: HAL_ADC_Init:hadc <- $r4
	.loc	7 625 18 is_stmt 1              @ ../Drivers/STM32H7xx_HAL_Driver/Src/stm32h7xx_hal_adc.c:625:18
	ldr	r0, [r4, #32]
	movs	r2, #0
	movt	r2, #65534
	add.w	r0, r2, r0, lsl #17
	.loc	7 625 15 is_stmt 0              @ ../Drivers/STM32H7xx_HAL_Driver/Src/stm32h7xx_hal_adc.c:625:15
	orrs	r1, r0
.Ltmp55:
	@DEBUG_VALUE: HAL_ADC_Init:tmpCFGR <- $r1
.LBB0_22:
	@DEBUG_VALUE: HAL_ADC_Init:tmpCFGR <- $r1
	@DEBUG_VALUE: HAL_ADC_Init:tmp_hal_status <- $r6
	@DEBUG_VALUE: HAL_ADC_Init:hadc <- $r4
	@DEBUG_VALUE: HAL_ADC_Init:tmpCFGR <- $r1
	.loc	7 633 20 is_stmt 1              @ ../Drivers/STM32H7xx_HAL_Driver/Src/stm32h7xx_hal_adc.c:633:20
	ldr	r0, [r4, #36]
.Ltmp56:
	.loc	7 633 9 is_stmt 0               @ ../Drivers/STM32H7xx_HAL_Driver/Src/stm32h7xx_hal_adc.c:633:9
	cbz	r0, .LBB0_24
.Ltmp57:
@ %bb.23:
	@DEBUG_VALUE: HAL_ADC_Init:tmpCFGR <- $r1
	@DEBUG_VALUE: HAL_ADC_Init:tmp_hal_status <- $r6
	@DEBUG_VALUE: HAL_ADC_Init:hadc <- $r4
	.loc	7 635 48 is_stmt 1              @ ../Drivers/STM32H7xx_HAL_Driver/Src/stm32h7xx_hal_adc.c:635:48
	and	r0, r0, #992
	.loc	7 636 32                        @ ../Drivers/STM32H7xx_HAL_Driver/Src/stm32h7xx_hal_adc.c:636:32
	ldr	r2, [r4, #40]
	.loc	7 635 15                        @ ../Drivers/STM32H7xx_HAL_Driver/Src/stm32h7xx_hal_adc.c:635:15
	orrs	r0, r2
	orrs	r1, r0
.Ltmp58:
	@DEBUG_VALUE: HAL_ADC_Init:tmpCFGR <- $r1
.LBB0_24:
	@DEBUG_VALUE: HAL_ADC_Init:tmpCFGR <- $r1
	@DEBUG_VALUE: HAL_ADC_Init:tmp_hal_status <- $r6
	@DEBUG_VALUE: HAL_ADC_Init:hadc <- $r4
	@DEBUG_VALUE: HAL_ADC_Init:tmpCFGR <- $r1
	.loc	7 656 5                         @ ../Drivers/STM32H7xx_HAL_Driver/Src/stm32h7xx_hal_adc.c:656:5
	ldr	r0, [r4]
	movw	r3, #49155
	movt	r3, #65520
	ldr	r2, [r0, #12]
	ands	r2, r3
	orrs	r1, r2
.Ltmp59:
	str	r1, [r0, #12]
.Ltmp60:
	@DEBUG_VALUE: LL_ADC_REG_IsConversionOngoing:ADCx <- $r0
	.loc	8 7075 12                       @ ../Drivers/STM32H7xx_HAL_Driver/Inc\stm32h7xx_ll_adc.h:7075:12
	ldr	r1, [r0, #8]
.Ltmp61:
	@DEBUG_VALUE: LL_ADC_INJ_IsConversionOngoing:ADCx <- $r0
	@DEBUG_VALUE: HAL_ADC_Init:tmp_adc_is_conversion_on_going_regular <- [DW_OP_constu 2, DW_OP_shr, DW_OP_constu 1, DW_OP_and, DW_OP_stack_value] $r1
	.loc	8 7270 12                       @ ../Drivers/STM32H7xx_HAL_Driver/Inc\stm32h7xx_ll_adc.h:7270:12
	ldr	r2, [r0, #8]
.Ltmp62:
	@DEBUG_VALUE: HAL_ADC_Init:tmp_adc_is_conversion_on_going_injected <- [DW_OP_constu 3, DW_OP_shr, DW_OP_constu 1, DW_OP_and, DW_OP_stack_value] $r2
	.loc	7 667 49                        @ ../Drivers/STM32H7xx_HAL_Driver/Src/stm32h7xx_hal_adc.c:667:49
	and	r1, r1, #4
.Ltmp63:
	.loc	7 0 49 is_stmt 0                @ ../Drivers/STM32H7xx_HAL_Driver/Src/stm32h7xx_hal_adc.c:0:49
	and	r2, r2, #8
.Ltmp64:
	.loc	7 667 49                        @ ../Drivers/STM32H7xx_HAL_Driver/Src/stm32h7xx_hal_adc.c:667:49
	adds	r1, r1, r2
	.loc	7 668 9 is_stmt 1               @ ../Drivers/STM32H7xx_HAL_Driver/Src/stm32h7xx_hal_adc.c:668:9
	bne	.LBB0_30
.Ltmp65:
@ %bb.25:
	@DEBUG_VALUE: HAL_ADC_Init:tmp_hal_status <- $r6
	@DEBUG_VALUE: HAL_ADC_Init:hadc <- $r4
	.loc	7 686 19                        @ ../Drivers/STM32H7xx_HAL_Driver/Src/stm32h7xx_hal_adc.c:686:19
	ldrb	r1, [r4, #20]
	movw	r5, #16387
	.loc	7 687 19                        @ ../Drivers/STM32H7xx_HAL_Driver/Src/stm32h7xx_hal_adc.c:687:19
	ldr	r2, [r4, #44]
	.loc	7 690 7                         @ ../Drivers/STM32H7xx_HAL_Driver/Src/stm32h7xx_hal_adc.c:690:7
	ldr	r3, [r0, #12]
	.loc	7 686 83                        @ ../Drivers/STM32H7xx_HAL_Driver/Src/stm32h7xx_hal_adc.c:686:83
	orr.w	r1, r2, r1, lsl #14
.Ltmp66:
	@DEBUG_VALUE: HAL_ADC_Init:tmpCFGR <- $r1
	.loc	7 690 7                         @ ../Drivers/STM32H7xx_HAL_Driver/Src/stm32h7xx_hal_adc.c:690:7
	bic.w	r2, r3, r5
	orrs	r1, r2
.Ltmp67:
	str	r1, [r0, #12]
.Ltmp68:
	.loc	7 692 22                        @ ../Drivers/STM32H7xx_HAL_Driver/Src/stm32h7xx_hal_adc.c:692:22
	ldrb.w	r1, [r4, #56]
.Ltmp69:
	.loc	7 692 11 is_stmt 0              @ ../Drivers/STM32H7xx_HAL_Driver/Src/stm32h7xx_hal_adc.c:692:11
	cmp	r1, #1
.Ltmp70:
	.loc	7 0 0                           @ ../Drivers/STM32H7xx_HAL_Driver/Src/stm32h7xx_hal_adc.c:0:0
	ldr	r1, [r0, #16]
.Ltmp71:
	.loc	7 692 11                        @ ../Drivers/STM32H7xx_HAL_Driver/Src/stm32h7xx_hal_adc.c:692:11
	bne	.LBB0_28
.Ltmp72:
@ %bb.26:
	@DEBUG_VALUE: HAL_ADC_Init:tmp_hal_status <- $r6
	@DEBUG_VALUE: HAL_ADC_Init:hadc <- $r4
	.loc	7 0 11                          @ ../Drivers/STM32H7xx_HAL_Driver/Src/stm32h7xx_hal_adc.c:0:11
	movw	r2, #63518
	movs	r5, #1
	movt	r2, #64512
	movt	r5, #65535
.Ltmp73:
	.loc	7 760 9 is_stmt 1               @ ../Drivers/STM32H7xx_HAL_Driver/Src/stm32h7xx_hal_adc.c:760:9
	ands	r1, r2
	ldrd	r2, r3, [r4, #60]
	orrs	r1, r3
	ldr	r3, [r4, #68]
	add.w	r2, r5, r2, lsl #16
	orrs	r1, r2
	ldr	r2, [r4, #72]
	orrs	r1, r3
	orrs	r1, r2
	.loc	7 768 7                         @ ../Drivers/STM32H7xx_HAL_Driver/Src/stm32h7xx_hal_adc.c:768:7
	b	.LBB0_29
.Ltmp74:
	.loc	7 0 7 is_stmt 0                 @ :0:7
.Ltmp75:
	.p2align	2
.LBB0_27:
	@DEBUG_VALUE: HAL_ADC_Init:tmp_hal_status <- $r6
	@DEBUG_VALUE: HAL_ADC_Init:hadc <- $r4
	.loc	7 815 5 is_stmt 1               @ ../Drivers/STM32H7xx_HAL_Driver/Src/stm32h7xx_hal_adc.c:815:5
	orr	r0, r1, #16
	movs	r6, #1
.Ltmp76:
	@DEBUG_VALUE: HAL_ADC_Init:tmp_hal_status <- 1
	.loc	7 0 0 is_stmt 0                 @ ../Drivers/STM32H7xx_HAL_Driver/Src/stm32h7xx_hal_adc.c:0:0
	str	r0, [r4, #84]
.Ltmp77:
	.loc	7 822 1 is_stmt 1               @ ../Drivers/STM32H7xx_HAL_Driver/Src/stm32h7xx_hal_adc.c:822:1
	mov	r0, r6
	.loc	7 822 1 epilogue_begin is_stmt 0 @ ../Drivers/STM32H7xx_HAL_Driver/Src/stm32h7xx_hal_adc.c:822:1
	add	sp, #8
	pop	{r4, r5, r6, pc}
.Ltmp78:
	.loc	7 0 1                           @ :0:1
.Ltmp79:
	.p2align	2
.LBB0_28:
	@DEBUG_VALUE: HAL_ADC_Init:tmp_hal_status <- $r6
	@DEBUG_VALUE: HAL_ADC_Init:hadc <- $r4
	.loc	7 772 9 is_stmt 1               @ ../Drivers/STM32H7xx_HAL_Driver/Src/stm32h7xx_hal_adc.c:772:9
	bic	r1, r1, #1
.Ltmp80:
.LBB0_29:
	@DEBUG_VALUE: HAL_ADC_Init:tmp_hal_status <- $r6
	@DEBUG_VALUE: HAL_ADC_Init:hadc <- $r4
	.loc	7 0 0 is_stmt 0                 @ ../Drivers/STM32H7xx_HAL_Driver/Src/stm32h7xx_hal_adc.c:0:0
	str	r1, [r0, #16]
.Ltmp81:
	.loc	7 776 7 is_stmt 1               @ ../Drivers/STM32H7xx_HAL_Driver/Src/stm32h7xx_hal_adc.c:776:7
	ldr	r1, [r0, #16]
	ldr	r2, [r4, #52]
	bic	r1, r1, #-268435456
	orrs	r1, r2
	str	r1, [r0, #16]
	.loc	7 785 7                         @ ../Drivers/STM32H7xx_HAL_Driver/Src/stm32h7xx_hal_adc.c:785:7
	mov	r0, r4
	bl	ADC_ConfigureBoostMode
.Ltmp82:
.LBB0_30:
	@DEBUG_VALUE: HAL_ADC_Init:tmp_hal_status <- $r6
	@DEBUG_VALUE: HAL_ADC_Init:hadc <- $r4
	.loc	7 0 0 is_stmt 0                 @ ../Drivers/STM32H7xx_HAL_Driver/Src/stm32h7xx_hal_adc.c:0:0
	ldr	r0, [r4]
	.loc	7 798 20 is_stmt 1              @ ../Drivers/STM32H7xx_HAL_Driver/Src/stm32h7xx_hal_adc.c:798:20
	ldr	r1, [r4, #12]
.Ltmp83:
	.loc	7 798 9 is_stmt 0               @ ../Drivers/STM32H7xx_HAL_Driver/Src/stm32h7xx_hal_adc.c:798:9
	cmp	r1, #1
.Ltmp84:
	.loc	7 0 0                           @ ../Drivers/STM32H7xx_HAL_Driver/Src/stm32h7xx_hal_adc.c:0:0
	ldr	r2, [r0, #48]
	bic	r1, r2, #15
.Ltmp85:
	.loc	7 798 9                         @ ../Drivers/STM32H7xx_HAL_Driver/Src/stm32h7xx_hal_adc.c:798:9
	bne	.LBB0_32
.Ltmp86:
@ %bb.31:
	@DEBUG_VALUE: HAL_ADC_Init:tmp_hal_status <- $r6
	@DEBUG_VALUE: HAL_ADC_Init:hadc <- $r4
	.loc	7 801 7 is_stmt 1               @ ../Drivers/STM32H7xx_HAL_Driver/Src/stm32h7xx_hal_adc.c:801:7
	ldr	r2, [r4, #24]
	subs	r2, #1
	orrs	r1, r2
.Ltmp87:
.LBB0_32:
	@DEBUG_VALUE: HAL_ADC_Init:tmp_hal_status <- $r6
	@DEBUG_VALUE: HAL_ADC_Init:hadc <- $r4
	.loc	7 0 0 is_stmt 0                 @ ../Drivers/STM32H7xx_HAL_Driver/Src/stm32h7xx_hal_adc.c:0:0
	str	r1, [r0, #48]
	movs	r1, #1
.Ltmp88:
	.loc	7 810 5 is_stmt 1               @ ../Drivers/STM32H7xx_HAL_Driver/Src/stm32h7xx_hal_adc.c:810:5
	ldr	r0, [r4, #84]
	bfi	r0, r1, #0, #2
.Ltmp89:
	.loc	7 0 0 is_stmt 0                 @ ../Drivers/STM32H7xx_HAL_Driver/Src/stm32h7xx_hal_adc.c:0:0
	str	r0, [r4, #84]
.Ltmp90:
	.loc	7 822 1 is_stmt 1               @ ../Drivers/STM32H7xx_HAL_Driver/Src/stm32h7xx_hal_adc.c:822:1
	mov	r0, r6
	.loc	7 822 1 epilogue_begin is_stmt 0 @ ../Drivers/STM32H7xx_HAL_Driver/Src/stm32h7xx_hal_adc.c:822:1
	add	sp, #8
	pop	{r4, r5, r6, pc}
.Ltmp91:
	.loc	7 0 1                           @ :0:1
.Ltmp92:
	.p2align	2
.LBB0_33:
	@DEBUG_VALUE: HAL_ADC_Init:tmp_hal_status <- $r6
	@DEBUG_VALUE: HAL_ADC_Init:hadc <- $r4
	movw	r2, #24584
	movt	r2, #22530
.Ltmp93:
	@DEBUG_VALUE: LL_ADC_IsEnabled:ADCx <- 1476550656
	.loc	8 6943 12 is_stmt 1             @ ../Drivers/STM32H7xx_HAL_Driver/Inc\stm32h7xx_ll_adc.h:6943:12
	ldr	r2, [r2]
.Ltmp94:
	.loc	7 547 11                        @ ../Drivers/STM32H7xx_HAL_Driver/Src/stm32h7xx_hal_adc.c:547:11
	lsls	r2, r2, #31
	beq.w	.LBB0_19
	b	.LBB0_20
.Ltmp95:
.Lfunc_end0:
	.size	HAL_ADC_Init, .Lfunc_end0-HAL_ADC_Init
	.cfi_endproc
	.cantunwind
	.fnend
                                        @ -- End function
	.section	.text.HAL_ADC_MspInit,"ax",%progbits
	.hidden	HAL_ADC_MspInit                 @ -- Begin function HAL_ADC_MspInit
	.weak	HAL_ADC_MspInit
	.p2align	3
	.type	HAL_ADC_MspInit,%function
	.code	16                              @ @HAL_ADC_MspInit
	.thumb_func
HAL_ADC_MspInit:
.Lfunc_begin1:
	.fnstart
	.cfi_startproc
@ %bb.0:
	@DEBUG_VALUE: HAL_ADC_MspInit:hadc <- $r0
	.loc	7 1103 1 prologue_end           @ ../Drivers/STM32H7xx_HAL_Driver/Src/stm32h7xx_hal_adc.c:1103:1
	bx	lr
.Ltmp96:
.Lfunc_end1:
	.size	HAL_ADC_MspInit, .Lfunc_end1-HAL_ADC_MspInit
	.cfi_endproc
	.cantunwind
	.fnend
                                        @ -- End function
	.section	.text.ADC_ConfigureBoostMode,"ax",%progbits
	.hidden	ADC_ConfigureBoostMode          @ -- Begin function ADC_ConfigureBoostMode
	.globl	ADC_ConfigureBoostMode
	.p2align	3
	.type	ADC_ConfigureBoostMode,%function
	.code	16                              @ @ADC_ConfigureBoostMode
	.thumb_func
ADC_ConfigureBoostMode:
.Lfunc_begin2:
	.loc	7 3940 0                        @ ../Drivers/STM32H7xx_HAL_Driver/Src/stm32h7xx_hal_adc.c:3940:0
	.fnstart
	.cfi_startproc
@ %bb.0:
	@DEBUG_VALUE: ADC_ConfigureBoostMode:hadc <- $r0
	.save	{r4, r5, r7, lr}
	push	{r4, r5, r7, lr}
	.cfi_def_cfa_offset 16
	.cfi_offset lr, -4
	.cfi_offset r7, -8
	.cfi_offset r5, -12
	.cfi_offset r4, -16
	mov	r4, r0
.Ltmp97:
	@DEBUG_VALUE: ADC_ConfigureBoostMode:hadc <- $r4
	.loc	7 3942 7 prologue_end           @ ../Drivers/STM32H7xx_HAL_Driver/Src/stm32h7xx_hal_adc.c:3942:7
	ldr	r0, [r0]
	movw	r1, #8448
	orr	r0, r0, #256
	movt	r1, #16386
	cmp	r0, r1
	bne	.LBB2_6
.Ltmp98:
@ %bb.1:
	@DEBUG_VALUE: ADC_ConfigureBoostMode:hadc <- $r4
	.loc	7 0 7 is_stmt 0                 @ ../Drivers/STM32H7xx_HAL_Driver/Src/stm32h7xx_hal_adc.c:0:7
	movw	r0, #8968
	movt	r0, #16386
	.loc	7 3942 7                        @ ../Drivers/STM32H7xx_HAL_Driver/Src/stm32h7xx_hal_adc.c:3942:7
	ldr	r0, [r0]
.Ltmp99:
	.loc	7 3942 7                        @ ../Drivers/STM32H7xx_HAL_Driver/Src/stm32h7xx_hal_adc.c:3942:7
	tst.w	r0, #196608
	beq	.LBB2_7
.Ltmp100:
.LBB2_2:
	@DEBUG_VALUE: ADC_ConfigureBoostMode:hadc <- $r4
	.loc	7 3944 12 is_stmt 1             @ ../Drivers/STM32H7xx_HAL_Driver/Src/stm32h7xx_hal_adc.c:3944:12
	bl	HAL_RCC_GetHCLKFreq
.Ltmp101:
	.loc	7 3945 24                       @ ../Drivers/STM32H7xx_HAL_Driver/Src/stm32h7xx_hal_adc.c:3945:24
	ldr	r1, [r4, #4]
	.loc	7 3944 12                       @ ../Drivers/STM32H7xx_HAL_Driver/Src/stm32h7xx_hal_adc.c:3944:12
	mov	r5, r0
.Ltmp102:
	@DEBUG_VALUE: ADC_ConfigureBoostMode:freq <- $r5
	.loc	7 3945 5                        @ ../Drivers/STM32H7xx_HAL_Driver/Src/stm32h7xx_hal_adc.c:3945:5
	cmp.w	r1, #65536
	beq	.LBB2_5
.Ltmp103:
@ %bb.3:
	@DEBUG_VALUE: ADC_ConfigureBoostMode:freq <- $r5
	@DEBUG_VALUE: ADC_ConfigureBoostMode:hadc <- $r4
	cmp.w	r1, #196608
	beq	.LBB2_11
.Ltmp104:
@ %bb.4:
	@DEBUG_VALUE: ADC_ConfigureBoostMode:freq <- $r5
	@DEBUG_VALUE: ADC_ConfigureBoostMode:hadc <- $r4
	cmp.w	r1, #131072
	bne	.LBB2_12
.Ltmp105:
.LBB2_5:
	@DEBUG_VALUE: ADC_ConfigureBoostMode:freq <- $r5
	@DEBUG_VALUE: ADC_ConfigureBoostMode:hadc <- $r4
	.loc	7 3949 44                       @ ../Drivers/STM32H7xx_HAL_Driver/Src/stm32h7xx_hal_adc.c:3949:44
	lsrs	r0, r1, #16
	.loc	7 3949 14 is_stmt 0             @ ../Drivers/STM32H7xx_HAL_Driver/Src/stm32h7xx_hal_adc.c:3949:14
	udiv	r5, r5, r0
.Ltmp106:
	@DEBUG_VALUE: ADC_ConfigureBoostMode:freq <- $r5
	.loc	7 3970 9 is_stmt 1              @ ../Drivers/STM32H7xx_HAL_Driver/Src/stm32h7xx_hal_adc.c:3970:9
	b	.LBB2_12
.Ltmp107:
	.loc	7 0 9 is_stmt 0                 @ :0:9
.Ltmp108:
	.p2align	2
.LBB2_6:
	@DEBUG_VALUE: ADC_ConfigureBoostMode:hadc <- $r4
	movw	r0, #25352
	movt	r0, #22530
	.loc	7 3942 7 is_stmt 1              @ ../Drivers/STM32H7xx_HAL_Driver/Src/stm32h7xx_hal_adc.c:3942:7
	ldr	r0, [r0]
.Ltmp109:
	.loc	7 3942 7 is_stmt 0              @ ../Drivers/STM32H7xx_HAL_Driver/Src/stm32h7xx_hal_adc.c:3942:7
	tst.w	r0, #196608
	bne	.LBB2_2
.Ltmp110:
.LBB2_7:
	@DEBUG_VALUE: ADC_ConfigureBoostMode:hadc <- $r4
	.loc	7 3960 12 is_stmt 1             @ ../Drivers/STM32H7xx_HAL_Driver/Src/stm32h7xx_hal_adc.c:3960:12
	mov.w	r0, #524288
	movs	r1, #0
	bl	HAL_RCCEx_GetPeriphCLKFreq
.Ltmp111:
	.loc	7 3961 24                       @ ../Drivers/STM32H7xx_HAL_Driver/Src/stm32h7xx_hal_adc.c:3961:24
	ldr	r1, [r4, #4]
	.loc	7 3960 12                       @ ../Drivers/STM32H7xx_HAL_Driver/Src/stm32h7xx_hal_adc.c:3960:12
	mov	r5, r0
.Ltmp112:
	@DEBUG_VALUE: ADC_ConfigureBoostMode:freq <- $r5
	.loc	7 3961 5                        @ ../Drivers/STM32H7xx_HAL_Driver/Src/stm32h7xx_hal_adc.c:3961:5
	sub.w	r2, r1, #262144
	ror.w	r2, r2, #18
	cmp	r2, #10
	bhi	.LBB2_12
.Ltmp113:
@ %bb.8:
	@DEBUG_VALUE: ADC_ConfigureBoostMode:freq <- $r5
	@DEBUG_VALUE: ADC_ConfigureBoostMode:hadc <- $r4
.LCPI2_0:
	tbb	[pc, r2]
.Ltmp114:
@ %bb.9:
	.loc	7 0 5 is_stmt 0                 @ ../Drivers/STM32H7xx_HAL_Driver/Src/stm32h7xx_hal_adc.c:0:5
.LJTI2_0:
	.byte	(.LBB2_10-(.LCPI2_0+4))/2
	.byte	(.LBB2_10-(.LCPI2_0+4))/2
	.byte	(.LBB2_10-(.LCPI2_0+4))/2
	.byte	(.LBB2_10-(.LCPI2_0+4))/2
	.byte	(.LBB2_10-(.LCPI2_0+4))/2
	.byte	(.LBB2_10-(.LCPI2_0+4))/2
	.byte	(.LBB2_23-(.LCPI2_0+4))/2
	.byte	(.LBB2_22-(.LCPI2_0+4))/2
	.byte	(.LBB2_25-(.LCPI2_0+4))/2
	.byte	(.LBB2_21-(.LCPI2_0+4))/2
	.byte	(.LBB2_24-(.LCPI2_0+4))/2
	.p2align	1
	.p2align	2
.LBB2_10:
.Ltmp115:
	@DEBUG_VALUE: ADC_ConfigureBoostMode:freq <- $r5
	@DEBUG_VALUE: ADC_ConfigureBoostMode:hadc <- $r4
	mvn	r0, #1
.Ltmp116:
	.loc	7 3969 67 is_stmt 1             @ ../Drivers/STM32H7xx_HAL_Driver/Src/stm32h7xx_hal_adc.c:3969:67
	and.w	r0, r0, r1, lsr #17
	.loc	7 3969 14 is_stmt 0             @ ../Drivers/STM32H7xx_HAL_Driver/Src/stm32h7xx_hal_adc.c:3969:14
	udiv	r5, r5, r0
.Ltmp117:
	@DEBUG_VALUE: ADC_ConfigureBoostMode:freq <- $r5
	.loc	7 3970 9 is_stmt 1              @ ../Drivers/STM32H7xx_HAL_Driver/Src/stm32h7xx_hal_adc.c:3970:9
	b	.LBB2_12
.Ltmp118:
	.loc	7 0 9 is_stmt 0                 @ :0:9
.Ltmp119:
	.p2align	2
.LBB2_11:
	@DEBUG_VALUE: ADC_ConfigureBoostMode:freq <- $r5
	@DEBUG_VALUE: ADC_ConfigureBoostMode:hadc <- $r4
	.loc	7 3952 14 is_stmt 1             @ ../Drivers/STM32H7xx_HAL_Driver/Src/stm32h7xx_hal_adc.c:3952:14
	lsrs	r5, r5, #2
.Ltmp120:
	@DEBUG_VALUE: ADC_ConfigureBoostMode:freq <- $r5
.LBB2_12:
	@DEBUG_VALUE: ADC_ConfigureBoostMode:freq <- $r5
	@DEBUG_VALUE: ADC_ConfigureBoostMode:hadc <- $r4
	@DEBUG_VALUE: ADC_ConfigureBoostMode:freq <- $r5
	.loc	7 4010 7                        @ ../Drivers/STM32H7xx_HAL_Driver/Src/stm32h7xx_hal_adc.c:4010:7
	bl	HAL_GetREVID
.Ltmp121:
	.loc	7 0 7 is_stmt 0                 @ ../Drivers/STM32H7xx_HAL_Driver/Src/stm32h7xx_hal_adc.c:0:7
	movw	r1, #4099
.Ltmp122:
	.loc	7 4010 7                        @ ../Drivers/STM32H7xx_HAL_Driver/Src/stm32h7xx_hal_adc.c:4010:7
	cmp	r0, r1
	bhi	.LBB2_14
.Ltmp123:
@ %bb.13:
	@DEBUG_VALUE: ADC_ConfigureBoostMode:freq <- $r5
	@DEBUG_VALUE: ADC_ConfigureBoostMode:hadc <- $r4
	.loc	7 0 0                           @ ../Drivers/STM32H7xx_HAL_Driver/Src/stm32h7xx_hal_adc.c:0:0
	ldr	r0, [r4]
	movw	r1, #11521
	movt	r1, #305
.Ltmp124:
	.loc	7 4012 9 is_stmt 1              @ ../Drivers/STM32H7xx_HAL_Driver/Src/stm32h7xx_hal_adc.c:4012:9
	cmp	r5, r1
.Ltmp125:
	.loc	7 0 0 is_stmt 0                 @ ../Drivers/STM32H7xx_HAL_Driver/Src/stm32h7xx_hal_adc.c:0:0
	ldr	r1, [r0, #8]
.Ltmp126:
	.loc	7 4014 7 is_stmt 1              @ ../Drivers/STM32H7xx_HAL_Driver/Src/stm32h7xx_hal_adc.c:4014:7
	ite	hs
	orrhs	r1, r1, #256
.Ltmp127:
	.loc	7 4018 7                        @ ../Drivers/STM32H7xx_HAL_Driver/Src/stm32h7xx_hal_adc.c:4018:7
	biclo	r1, r1, #256
.Ltmp128:
	.loc	7 0 0 is_stmt 0                 @ ../Drivers/STM32H7xx_HAL_Driver/Src/stm32h7xx_hal_adc.c:0:0
	str	r1, [r0, #8]
.Ltmp129:
	.loc	7 4043 1 epilogue_begin is_stmt 1 @ ../Drivers/STM32H7xx_HAL_Driver/Src/stm32h7xx_hal_adc.c:4043:1
	pop	{r4, r5, r7, pc}
.Ltmp130:
	.loc	7 0 1 is_stmt 0                 @ :0:1
.Ltmp131:
	.p2align	2
.LBB2_14:
	@DEBUG_VALUE: ADC_ConfigureBoostMode:freq <- $r5
	@DEBUG_VALUE: ADC_ConfigureBoostMode:hadc <- $r4
	@DEBUG_VALUE: ADC_ConfigureBoostMode:freq <- [DW_OP_constu 1, DW_OP_shr, DW_OP_stack_value] $r5
	movw	r0, #48161
	movt	r0, #190
.Ltmp132:
	.loc	7 4025 9 is_stmt 1              @ ../Drivers/STM32H7xx_HAL_Driver/Src/stm32h7xx_hal_adc.c:4025:9
	cmp	r5, r0
	bhi	.LBB2_16
.Ltmp133:
@ %bb.15:
	@DEBUG_VALUE: ADC_ConfigureBoostMode:freq <- [DW_OP_constu 1, DW_OP_shr, DW_OP_stack_value] $r5
	@DEBUG_VALUE: ADC_ConfigureBoostMode:hadc <- $r4
	.loc	7 4027 7                        @ ../Drivers/STM32H7xx_HAL_Driver/Src/stm32h7xx_hal_adc.c:4027:7
	ldr	r0, [r4]
	ldr	r1, [r0, #8]
	bic	r1, r1, #768
.Ltmp134:
	.loc	7 0 0 is_stmt 0                 @ ../Drivers/STM32H7xx_HAL_Driver/Src/stm32h7xx_hal_adc.c:0:0
	str	r1, [r0, #8]
.Ltmp135:
	.loc	7 4043 1 epilogue_begin is_stmt 1 @ ../Drivers/STM32H7xx_HAL_Driver/Src/stm32h7xx_hal_adc.c:4043:1
	pop	{r4, r5, r7, pc}
.Ltmp136:
	.loc	7 0 1 is_stmt 0                 @ :0:1
.Ltmp137:
	.p2align	2
.LBB2_16:
	@DEBUG_VALUE: ADC_ConfigureBoostMode:freq <- [DW_OP_constu 1, DW_OP_shr, DW_OP_stack_value] $r5
	@DEBUG_VALUE: ADC_ConfigureBoostMode:hadc <- $r4
	movw	r0, #30785
	movt	r0, #381
.Ltmp138:
	.loc	7 4029 14 is_stmt 1             @ ../Drivers/STM32H7xx_HAL_Driver/Src/stm32h7xx_hal_adc.c:4029:14
	cmp	r5, r0
	bhi	.LBB2_18
.Ltmp139:
@ %bb.17:
	@DEBUG_VALUE: ADC_ConfigureBoostMode:freq <- [DW_OP_constu 1, DW_OP_shr, DW_OP_stack_value] $r5
	@DEBUG_VALUE: ADC_ConfigureBoostMode:hadc <- $r4
	.loc	7 4031 7                        @ ../Drivers/STM32H7xx_HAL_Driver/Src/stm32h7xx_hal_adc.c:4031:7
	ldr	r0, [r4]
	movs	r2, #1
	ldr	r1, [r0, #8]
.Ltmp140:
	.loc	7 0 0 is_stmt 0                 @ ../Drivers/STM32H7xx_HAL_Driver/Src/stm32h7xx_hal_adc.c:0:0
	bfi	r1, r2, #8, #2
.Ltmp141:
	str	r1, [r0, #8]
.Ltmp142:
	.loc	7 4043 1 epilogue_begin is_stmt 1 @ ../Drivers/STM32H7xx_HAL_Driver/Src/stm32h7xx_hal_adc.c:4043:1
	pop	{r4, r5, r7, pc}
.Ltmp143:
	.loc	7 0 1 is_stmt 0                 @ :0:1
.Ltmp144:
	.p2align	2
.LBB2_18:
	@DEBUG_VALUE: ADC_ConfigureBoostMode:freq <- [DW_OP_constu 1, DW_OP_shr, DW_OP_stack_value] $r5
	@DEBUG_VALUE: ADC_ConfigureBoostMode:hadc <- $r4
	ldr	r0, [r4]
	movw	r1, #61569
	movt	r1, #762
.Ltmp145:
	.loc	7 4033 14 is_stmt 1             @ ../Drivers/STM32H7xx_HAL_Driver/Src/stm32h7xx_hal_adc.c:4033:14
	cmp	r5, r1
.Ltmp146:
	.loc	7 0 0 is_stmt 0                 @ ../Drivers/STM32H7xx_HAL_Driver/Src/stm32h7xx_hal_adc.c:0:0
	ldr	r1, [r0, #8]
.Ltmp147:
	.loc	7 4033 14                       @ ../Drivers/STM32H7xx_HAL_Driver/Src/stm32h7xx_hal_adc.c:4033:14
	bhi	.LBB2_20
.Ltmp148:
@ %bb.19:
	@DEBUG_VALUE: ADC_ConfigureBoostMode:freq <- [DW_OP_constu 1, DW_OP_shr, DW_OP_stack_value] $r5
	@DEBUG_VALUE: ADC_ConfigureBoostMode:hadc <- $r4
	.loc	7 0 14                          @ ../Drivers/STM32H7xx_HAL_Driver/Src/stm32h7xx_hal_adc.c:0:14
	movs	r2, #2
	bfi	r1, r2, #8, #2
.Ltmp149:
	str	r1, [r0, #8]
.Ltmp150:
	.loc	7 4043 1 epilogue_begin is_stmt 1 @ ../Drivers/STM32H7xx_HAL_Driver/Src/stm32h7xx_hal_adc.c:4043:1
	pop	{r4, r5, r7, pc}
.Ltmp151:
	.loc	7 0 1 is_stmt 0                 @ :0:1
.Ltmp152:
	.p2align	2
.LBB2_20:
	@DEBUG_VALUE: ADC_ConfigureBoostMode:freq <- [DW_OP_constu 1, DW_OP_shr, DW_OP_stack_value] $r5
	@DEBUG_VALUE: ADC_ConfigureBoostMode:hadc <- $r4
	.loc	7 4039 7 is_stmt 1              @ ../Drivers/STM32H7xx_HAL_Driver/Src/stm32h7xx_hal_adc.c:4039:7
	orr	r1, r1, #768
.Ltmp153:
	.loc	7 0 0 is_stmt 0                 @ ../Drivers/STM32H7xx_HAL_Driver/Src/stm32h7xx_hal_adc.c:0:0
	str	r1, [r0, #8]
.Ltmp154:
	.loc	7 4043 1 epilogue_begin is_stmt 1 @ ../Drivers/STM32H7xx_HAL_Driver/Src/stm32h7xx_hal_adc.c:4043:1
	pop	{r4, r5, r7, pc}
.Ltmp155:
	.loc	7 0 1 is_stmt 0                 @ :0:1
.Ltmp156:
	.p2align	2
.LBB2_21:
	@DEBUG_VALUE: ADC_ConfigureBoostMode:freq <- $r5
	@DEBUG_VALUE: ADC_ConfigureBoostMode:hadc <- $r4
	.loc	7 3981 14 is_stmt 1             @ ../Drivers/STM32H7xx_HAL_Driver/Src/stm32h7xx_hal_adc.c:3981:14
	lsrs	r5, r5, #7
.Ltmp157:
	@DEBUG_VALUE: ADC_ConfigureBoostMode:freq <- $r5
	.loc	7 3982 9                        @ ../Drivers/STM32H7xx_HAL_Driver/Src/stm32h7xx_hal_adc.c:3982:9
	b	.LBB2_12
.Ltmp158:
	.loc	7 0 9 is_stmt 0                 @ :0:9
.Ltmp159:
	.p2align	2
.LBB2_22:
	@DEBUG_VALUE: ADC_ConfigureBoostMode:freq <- $r5
	@DEBUG_VALUE: ADC_ConfigureBoostMode:hadc <- $r4
	.loc	7 3975 14 is_stmt 1             @ ../Drivers/STM32H7xx_HAL_Driver/Src/stm32h7xx_hal_adc.c:3975:14
	lsrs	r5, r5, #5
.Ltmp160:
	@DEBUG_VALUE: ADC_ConfigureBoostMode:freq <- $r5
	.loc	7 3976 9                        @ ../Drivers/STM32H7xx_HAL_Driver/Src/stm32h7xx_hal_adc.c:3976:9
	b	.LBB2_12
.Ltmp161:
	.loc	7 0 9 is_stmt 0                 @ :0:9
.Ltmp162:
	.p2align	2
.LBB2_23:
	@DEBUG_VALUE: ADC_ConfigureBoostMode:freq <- $r5
	@DEBUG_VALUE: ADC_ConfigureBoostMode:hadc <- $r4
	.loc	7 3972 14 is_stmt 1             @ ../Drivers/STM32H7xx_HAL_Driver/Src/stm32h7xx_hal_adc.c:3972:14
	lsrs	r5, r5, #4
.Ltmp163:
	@DEBUG_VALUE: ADC_ConfigureBoostMode:freq <- $r5
	.loc	7 3973 9                        @ ../Drivers/STM32H7xx_HAL_Driver/Src/stm32h7xx_hal_adc.c:3973:9
	b	.LBB2_12
.Ltmp164:
	.loc	7 0 9 is_stmt 0                 @ :0:9
.Ltmp165:
	.p2align	2
.LBB2_24:
	@DEBUG_VALUE: ADC_ConfigureBoostMode:freq <- $r5
	@DEBUG_VALUE: ADC_ConfigureBoostMode:hadc <- $r4
	.loc	7 3984 14 is_stmt 1             @ ../Drivers/STM32H7xx_HAL_Driver/Src/stm32h7xx_hal_adc.c:3984:14
	lsrs	r5, r5, #8
.Ltmp166:
	@DEBUG_VALUE: ADC_ConfigureBoostMode:freq <- $r5
	.loc	7 0 14 is_stmt 0                @ ../Drivers/STM32H7xx_HAL_Driver/Src/stm32h7xx_hal_adc.c:0:14
	b	.LBB2_12
.Ltmp167:
	.p2align	2
.LBB2_25:
	@DEBUG_VALUE: ADC_ConfigureBoostMode:freq <- $r5
	@DEBUG_VALUE: ADC_ConfigureBoostMode:hadc <- $r4
	.loc	7 3978 14 is_stmt 1             @ ../Drivers/STM32H7xx_HAL_Driver/Src/stm32h7xx_hal_adc.c:3978:14
	lsrs	r5, r5, #6
.Ltmp168:
	@DEBUG_VALUE: ADC_ConfigureBoostMode:freq <- $r5
	.loc	7 3979 9                        @ ../Drivers/STM32H7xx_HAL_Driver/Src/stm32h7xx_hal_adc.c:3979:9
	b	.LBB2_12
.Ltmp169:
.Lfunc_end2:
	.size	ADC_ConfigureBoostMode, .Lfunc_end2-ADC_ConfigureBoostMode
	.cfi_endproc
	.cantunwind
	.fnend
                                        @ -- End function
	.section	.text.HAL_ADC_DeInit,"ax",%progbits
	.hidden	HAL_ADC_DeInit                  @ -- Begin function HAL_ADC_DeInit
	.globl	HAL_ADC_DeInit
	.p2align	3
	.type	HAL_ADC_DeInit,%function
	.code	16                              @ @HAL_ADC_DeInit
	.thumb_func
HAL_ADC_DeInit:
.Lfunc_begin3:
	.fnstart
	.cfi_startproc
@ %bb.0:
	@DEBUG_VALUE: HAL_ADC_DeInit:hadc <- $r0
	@DEBUG_VALUE: HAL_ADC_DeInit:hadc <- $r0
	.loc	7 847 7 prologue_end            @ ../Drivers/STM32H7xx_HAL_Driver/Src/stm32h7xx_hal_adc.c:847:7
	cbz	r0, .LBB3_3
.Ltmp170:
@ %bb.1:
	@DEBUG_VALUE: HAL_ADC_DeInit:hadc <- $r0
	.save	{r4, r5, r7, lr}
	push	{r4, r5, r7, lr}
	.cfi_def_cfa_offset 16
	.cfi_offset lr, -4
	.cfi_offset r7, -8
	.cfi_offset r5, -12
	.cfi_offset r4, -16
	mov	r4, r0
.Ltmp171:
	@DEBUG_VALUE: HAL_ADC_DeInit:hadc <- $r4
	.loc	7 856 3                         @ ../Drivers/STM32H7xx_HAL_Driver/Src/stm32h7xx_hal_adc.c:856:3
	ldr	r0, [r0, #84]
	orr	r0, r0, #2
	.loc	7 859 20                        @ ../Drivers/STM32H7xx_HAL_Driver/Src/stm32h7xx_hal_adc.c:859:20
	movs	r1, #3
	.loc	7 856 3                         @ ../Drivers/STM32H7xx_HAL_Driver/Src/stm32h7xx_hal_adc.c:856:3
	str	r0, [r4, #84]
	.loc	7 859 20                        @ ../Drivers/STM32H7xx_HAL_Driver/Src/stm32h7xx_hal_adc.c:859:20
	mov	r0, r4
	bl	ADC_ConversionStop
.Ltmp172:
	.loc	7 867 3                         @ ../Drivers/STM32H7xx_HAL_Driver/Src/stm32h7xx_hal_adc.c:867:3
	ldr	r1, [r4]
.Ltmp173:
	@DEBUG_VALUE: HAL_ADC_DeInit:tmp_hal_status <- $r0
	.loc	7 870 7                         @ ../Drivers/STM32H7xx_HAL_Driver/Src/stm32h7xx_hal_adc.c:870:7
	cmp	r0, #0
	.loc	7 867 3                         @ ../Drivers/STM32H7xx_HAL_Driver/Src/stm32h7xx_hal_adc.c:867:3
	ldr	r2, [r1, #12]
	orr	r0, r2, #2097152
.Ltmp174:
	str	r0, [r1, #12]
	.loc	7 870 7                         @ ../Drivers/STM32H7xx_HAL_Driver/Src/stm32h7xx_hal_adc.c:870:7
	beq	.LBB3_4
.Ltmp175:
.LBB3_2:
	@DEBUG_VALUE: HAL_ADC_DeInit:hadc <- $r4
	.loc	7 0 7 is_stmt 0                 @ ../Drivers/STM32H7xx_HAL_Driver/Src/stm32h7xx_hal_adc.c:0:7
	movs	r0, #1
.Ltmp176:
	@DEBUG_VALUE: HAL_ADC_DeInit:tmp_hal_status <- 1
	b	.LBB3_9
.Ltmp177:
	.p2align	2
.LBB3_3:
	@DEBUG_VALUE: HAL_ADC_DeInit:hadc <- $r0
	movs	r0, #1
.Ltmp178:
	@DEBUG_VALUE: HAL_ADC_DeInit:hadc <- [DW_OP_LLVM_entry_value 1] $r0
	.loc	7 1088 1 is_stmt 1              @ ../Drivers/STM32H7xx_HAL_Driver/Src/stm32h7xx_hal_adc.c:1088:1
	bx	lr
.Ltmp179:
	.loc	7 0 1 is_stmt 0                 @ :0:1
.Ltmp180:
	.p2align	2
.LBB3_4:
	@DEBUG_VALUE: HAL_ADC_DeInit:hadc <- $r4
	@DEBUG_VALUE: ADC_Disable:hadc <- $r4
	@DEBUG_VALUE: LL_ADC_IsDisableOngoing:ADCx <- $r1
	.loc	8 6954 12 is_stmt 1             @ ../Drivers/STM32H7xx_HAL_Driver/Inc\stm32h7xx_ll_adc.h:6954:12
	ldr	r0, [r1, #8]
.Ltmp181:
	@DEBUG_VALUE: LL_ADC_IsEnabled:ADCx <- $r1
	@DEBUG_VALUE: ADC_Disable:tmp_adc_is_disable_on_going <- [DW_OP_constu 1, DW_OP_shr, DW_OP_constu 1, DW_OP_and, DW_OP_stack_value] $r0
	.loc	8 6943 12                       @ ../Drivers/STM32H7xx_HAL_Driver/Inc\stm32h7xx_ll_adc.h:6943:12
	ldr	r2, [r1, #8]
.Ltmp182:
	.loc	7 3764 7                        @ ../Drivers/STM32H7xx_HAL_Driver/Src/stm32h7xx_hal_adc.c:3764:7
	lsls	r2, r2, #31
	beq	.LBB3_8
.Ltmp183:
@ %bb.5:
	@DEBUG_VALUE: ADC_Disable:tmp_adc_is_disable_on_going <- [DW_OP_constu 1, DW_OP_shr, DW_OP_constu 1, DW_OP_and, DW_OP_stack_value] $r0
	@DEBUG_VALUE: ADC_Disable:hadc <- $r4
	@DEBUG_VALUE: HAL_ADC_DeInit:hadc <- $r4
	.loc	7 0 7 is_stmt 0                 @ ../Drivers/STM32H7xx_HAL_Driver/Src/stm32h7xx_hal_adc.c:0:7
	ands	r0, r0, #2
.Ltmp184:
	.loc	7 3764 7                        @ ../Drivers/STM32H7xx_HAL_Driver/Src/stm32h7xx_hal_adc.c:3764:7
	bne	.LBB3_8
.Ltmp185:
@ %bb.6:
	@DEBUG_VALUE: ADC_Disable:hadc <- $r4
	@DEBUG_VALUE: HAL_ADC_DeInit:hadc <- $r4
	.loc	7 3768 26 is_stmt 1             @ ../Drivers/STM32H7xx_HAL_Driver/Src/stm32h7xx_hal_adc.c:3768:26
	ldr	r0, [r1, #8]
	.loc	7 3768 29 is_stmt 0             @ ../Drivers/STM32H7xx_HAL_Driver/Src/stm32h7xx_hal_adc.c:3768:29
	and	r0, r0, #13
.Ltmp186:
	.loc	7 3768 9                        @ ../Drivers/STM32H7xx_HAL_Driver/Src/stm32h7xx_hal_adc.c:3768:9
	cmp	r0, #1
	bne.w	.LBB3_18
.Ltmp187:
@ %bb.7:
	@DEBUG_VALUE: ADC_Disable:hadc <- $r4
	@DEBUG_VALUE: HAL_ADC_DeInit:hadc <- $r4
	@DEBUG_VALUE: LL_ADC_Disable:ADCx <- $r1
	.loc	7 0 9                           @ ../Drivers/STM32H7xx_HAL_Driver/Src/stm32h7xx_hal_adc.c:0:9
	movw	r2, #65472
.Ltmp188:
	.loc	8 6927 3 is_stmt 1              @ ../Drivers/STM32H7xx_HAL_Driver/Inc\stm32h7xx_ll_adc.h:6927:3
	ldr	r0, [r1, #8]
	movt	r2, #32767
	ands	r0, r2
	adds	r0, #2
	str	r0, [r1, #8]
	movs	r0, #3
.Ltmp189:
	.loc	7 3772 7                        @ ../Drivers/STM32H7xx_HAL_Driver/Src/stm32h7xx_hal_adc.c:3772:7
	str	r0, [r1]
.Ltmp190:
	.loc	7 3787 17                       @ ../Drivers/STM32H7xx_HAL_Driver/Src/stm32h7xx_hal_adc.c:3787:17
	bl	HAL_GetTick
.Ltmp191:
	.loc	7 3789 19                       @ ../Drivers/STM32H7xx_HAL_Driver/Src/stm32h7xx_hal_adc.c:3789:19
	ldr	r1, [r4]
	.loc	7 3789 29 is_stmt 0             @ ../Drivers/STM32H7xx_HAL_Driver/Src/stm32h7xx_hal_adc.c:3789:29
	ldr	r2, [r1, #8]
	.loc	7 3789 5                        @ ../Drivers/STM32H7xx_HAL_Driver/Src/stm32h7xx_hal_adc.c:3789:5
	lsls	r2, r2, #31
.Ltmp192:
	@DEBUG_VALUE: ADC_Disable:tickstart <- $r0
	bne.w	.LBB3_14
.Ltmp193:
.LBB3_8:
	@DEBUG_VALUE: HAL_ADC_DeInit:hadc <- $r4
	@DEBUG_VALUE: HAL_ADC_DeInit:tmp_hal_status <- 0
	.loc	7 0 5                           @ ../Drivers/STM32H7xx_HAL_Driver/Src/stm32h7xx_hal_adc.c:0:5
	movs	r0, #1
.Ltmp194:
	.loc	7 879 19 is_stmt 1              @ ../Drivers/STM32H7xx_HAL_Driver/Src/stm32h7xx_hal_adc.c:879:19
	str	r0, [r4, #84]
	movs	r0, #0
.Ltmp195:
.LBB3_9:
	@DEBUG_VALUE: HAL_ADC_DeInit:hadc <- $r4
	.loc	7 891 3                         @ ../Drivers/STM32H7xx_HAL_Driver/Src/stm32h7xx_hal_adc.c:891:3
	ldr	r2, [r1, #4]
	movw	r3, #2047
	bics	r2, r3
	str	r2, [r1, #4]
	.loc	7 898 3                         @ ../Drivers/STM32H7xx_HAL_Driver/Src/stm32h7xx_hal_adc.c:898:3
	str	r3, [r1]
	movw	r3, #63516
	.loc	7 909 3                         @ ../Drivers/STM32H7xx_HAL_Driver/Src/stm32h7xx_hal_adc.c:909:3
	ldr	r2, [r1, #8]
	movt	r3, #64512
	bic	r2, r2, #1342177280
	str	r2, [r1, #8]
	.loc	7 910 3                         @ ../Drivers/STM32H7xx_HAL_Driver/Src/stm32h7xx_hal_adc.c:910:3
	ldr	r2, [r1, #8]
	movw	r12, #8192
	orr	r2, r2, #536870912
	str	r2, [r1, #8]
	.loc	7 913 3                         @ ../Drivers/STM32H7xx_HAL_Driver/Src/stm32h7xx_hal_adc.c:913:3
	ldr	r2, [r1, #12]
	movt	r12, #16386
.Ltmp196:
	@DEBUG_VALUE: HAL_ADC_DeInit:tmp_hal_status <- $r0
	and	r2, r2, #-2147450880
	str	r2, [r1, #12]
	.loc	7 919 3                         @ ../Drivers/STM32H7xx_HAL_Driver/Src/stm32h7xx_hal_adc.c:919:3
	ldr	r2, [r1, #12]
	orr	r2, r2, #-2147483648
	str	r2, [r1, #12]
	.loc	7 922 3                         @ ../Drivers/STM32H7xx_HAL_Driver/Src/stm32h7xx_hal_adc.c:922:3
	ldr	r2, [r1, #16]
	ands	r2, r3
	str	r2, [r1, #16]
	.loc	7 926 3                         @ ../Drivers/STM32H7xx_HAL_Driver/Src/stm32h7xx_hal_adc.c:926:3
	ldr	r2, [r1, #20]
	and	r2, r2, #-1073741824
	str	r2, [r1, #20]
	.loc	7 929 3                         @ ../Drivers/STM32H7xx_HAL_Driver/Src/stm32h7xx_hal_adc.c:929:3
	ldr	r2, [r1, #24]
	and	r2, r2, #-134217728
	str	r2, [r1, #24]
	.loc	7 958 3                         @ ../Drivers/STM32H7xx_HAL_Driver/Src/stm32h7xx_hal_adc.c:958:3
	ldr	r2, [r1, #32]
	and	r2, r2, #-67108864
	str	r2, [r1, #32]
	.loc	7 959 3                         @ ../Drivers/STM32H7xx_HAL_Driver/Src/stm32h7xx_hal_adc.c:959:3
	ldr	r2, [r1, #36]
	and	r2, r2, #-67108864
	str	r2, [r1, #36]
	.loc	7 962 3                         @ ../Drivers/STM32H7xx_HAL_Driver/Src/stm32h7xx_hal_adc.c:962:3
	ldr.w	r2, [r1, #176]
	and	r2, r2, #-67108864
	str.w	r2, [r1, #176]
	.loc	7 963 3                         @ ../Drivers/STM32H7xx_HAL_Driver/Src/stm32h7xx_hal_adc.c:963:3
	ldr.w	r2, [r1, #180]
	and	r2, r2, #-67108864
	str.w	r2, [r1, #180]
	.loc	7 966 3                         @ ../Drivers/STM32H7xx_HAL_Driver/Src/stm32h7xx_hal_adc.c:966:3
	ldr.w	r2, [r1, #184]
	and	r2, r2, #-67108864
	str.w	r2, [r1, #184]
	.loc	7 967 3                         @ ../Drivers/STM32H7xx_HAL_Driver/Src/stm32h7xx_hal_adc.c:967:3
	ldr.w	r2, [r1, #188]
	and	r2, r2, #-67108864
	str.w	r2, [r1, #188]
	movw	r2, #2080
	.loc	7 972 3                         @ ../Drivers/STM32H7xx_HAL_Driver/Src/stm32h7xx_hal_adc.c:972:3
	ldr	r3, [r1, #48]
	movt	r2, #57474
	add.w	r5, r2, #16
	ands	r3, r5
	str	r3, [r1, #48]
	.loc	7 976 3                         @ ../Drivers/STM32H7xx_HAL_Driver/Src/stm32h7xx_hal_adc.c:976:3
	ldr	r3, [r1, #52]
	movw	r5, #8448
	ands	r3, r2
	str	r3, [r1, #52]
	.loc	7 980 3                         @ ../Drivers/STM32H7xx_HAL_Driver/Src/stm32h7xx_hal_adc.c:980:3
	ldr	r3, [r1, #56]
	movt	r5, #16386
	ands	r2, r3
	str	r2, [r1, #56]
	.loc	7 984 3                         @ ../Drivers/STM32H7xx_HAL_Driver/Src/stm32h7xx_hal_adc.c:984:3
	ldr	r2, [r1, #60]
	movw	r3, #2015
	bics	r2, r3
	str	r2, [r1, #60]
	.loc	7 992 3                         @ ../Drivers/STM32H7xx_HAL_Driver/Src/stm32h7xx_hal_adc.c:992:3
	ldr	r2, [r1, #96]
	movs	r2, #0
	str	r2, [r1, #96]
	.loc	7 994 3                         @ ../Drivers/STM32H7xx_HAL_Driver/Src/stm32h7xx_hal_adc.c:994:3
	ldr	r3, [r1, #100]
	str	r2, [r1, #100]
	.loc	7 996 3                         @ ../Drivers/STM32H7xx_HAL_Driver/Src/stm32h7xx_hal_adc.c:996:3
	ldr	r3, [r1, #104]
	str	r2, [r1, #104]
	.loc	7 998 3                         @ ../Drivers/STM32H7xx_HAL_Driver/Src/stm32h7xx_hal_adc.c:998:3
	ldr	r3, [r1, #108]
	str	r2, [r1, #108]
	.loc	7 1004 3                        @ ../Drivers/STM32H7xx_HAL_Driver/Src/stm32h7xx_hal_adc.c:1004:3
	ldr.w	r2, [r1, #160]
	bfc	r2, #0, #20
	str.w	r2, [r1, #160]
	.loc	7 1007 3                        @ ../Drivers/STM32H7xx_HAL_Driver/Src/stm32h7xx_hal_adc.c:1007:3
	ldr.w	r2, [r1, #164]
	bfc	r2, #0, #20
	str.w	r2, [r1, #164]
	.loc	7 1028 3                        @ ../Drivers/STM32H7xx_HAL_Driver/Src/stm32h7xx_hal_adc.c:1028:3
	ldr.w	r3, [r1, #192]
	bfc	r3, #0, #20
	str.w	r3, [r1, #192]
.Ltmp197:
	.loc	7 1038 7                        @ ../Drivers/STM32H7xx_HAL_Driver/Src/stm32h7xx_hal_adc.c:1038:7
	orr	r3, r1, #256
.Ltmp198:
	.loc	7 1031 3                        @ ../Drivers/STM32H7xx_HAL_Driver/Src/stm32h7xx_hal_adc.c:1031:3
	ldr.w	r2, [r1, #196]
.Ltmp199:
	.loc	7 1038 7                        @ ../Drivers/STM32H7xx_HAL_Driver/Src/stm32h7xx_hal_adc.c:1038:7
	cmp	r3, r5
.Ltmp200:
	.loc	7 1031 3                        @ ../Drivers/STM32H7xx_HAL_Driver/Src/stm32h7xx_hal_adc.c:1031:3
	and	r2, r2, #-134154240
	str.w	r2, [r1, #196]
.Ltmp201:
	.loc	7 1038 7                        @ ../Drivers/STM32H7xx_HAL_Driver/Src/stm32h7xx_hal_adc.c:1038:7
	bne	.LBB3_13
.Ltmp202:
@ %bb.10:
	@DEBUG_VALUE: HAL_ADC_DeInit:tmp_hal_status <- $r0
	@DEBUG_VALUE: HAL_ADC_DeInit:hadc <- $r4
	@DEBUG_VALUE: LL_ADC_IsEnabled:ADCx <- 1073881088
	.loc	8 6943 12                       @ ../Drivers/STM32H7xx_HAL_Driver/Inc\stm32h7xx_ll_adc.h:6943:12
	ldr.w	r1, [r12, #8]
.Ltmp203:
	@DEBUG_VALUE: LL_ADC_IsEnabled:ADCx <- 1073881344
	.loc	8 6943 12 is_stmt 0             @ ../Drivers/STM32H7xx_HAL_Driver/Inc\stm32h7xx_ll_adc.h:6943:12
	ldr.w	r2, [r12, #264]
.Ltmp204:
	.loc	7 1038 7 is_stmt 1              @ ../Drivers/STM32H7xx_HAL_Driver/Src/stm32h7xx_hal_adc.c:1038:7
	orrs	r1, r2
.Ltmp205:
	.loc	7 1038 7 is_stmt 0              @ ../Drivers/STM32H7xx_HAL_Driver/Src/stm32h7xx_hal_adc.c:1038:7
	lsls	r1, r1, #31
	bne	.LBB3_12
.Ltmp206:
.LBB3_11:
	@DEBUG_VALUE: HAL_ADC_DeInit:tmp_hal_status <- $r0
	@DEBUG_VALUE: HAL_ADC_DeInit:hadc <- $r4
	.loc	7 1047 5 is_stmt 1              @ ../Drivers/STM32H7xx_HAL_Driver/Src/stm32h7xx_hal_adc.c:1047:5
	ldr	r1, [r4]
	add.w	r2, r12, #256
	add.w	r3, r12, #776
	movw	r5, #24584
	movt	r5, #22530
	cmp	r1, r2
	mov	r2, r3
	it	ne
	addne.w	r2, r5, #768
	cmp	r1, r12
	mov	r5, r0
.Ltmp207:
	@DEBUG_VALUE: HAL_ADC_DeInit:tmp_hal_status <- $r5
	it	eq
	moveq	r2, r3
	movw	r3, #12512
	.loc	7 1068 5                        @ ../Drivers/STM32H7xx_HAL_Driver/Src/stm32h7xx_hal_adc.c:1068:5
	mov	r0, r4
	.loc	7 1047 5                        @ ../Drivers/STM32H7xx_HAL_Driver/Src/stm32h7xx_hal_adc.c:1047:5
	ldr	r1, [r2]
	movt	r3, #65024
	ands	r1, r3
	str	r1, [r2]
	.loc	7 1068 5                        @ ../Drivers/STM32H7xx_HAL_Driver/Src/stm32h7xx_hal_adc.c:1068:5
	bl	HAL_ADC_MspDeInit
.Ltmp208:
	.loc	7 0 5 is_stmt 0                 @ ../Drivers/STM32H7xx_HAL_Driver/Src/stm32h7xx_hal_adc.c:0:5
	mov	r0, r5
.Ltmp209:
.LBB3_12:
	@DEBUG_VALUE: HAL_ADC_DeInit:hadc <- $r4
	movs	r1, #0
	.loc	7 1074 3 is_stmt 1              @ ../Drivers/STM32H7xx_HAL_Driver/Src/stm32h7xx_hal_adc.c:1074:3
	str	r1, [r4, #88]
	.loc	7 1077 38                       @ ../Drivers/STM32H7xx_HAL_Driver/Src/stm32h7xx_hal_adc.c:1077:38
	strd	r1, r1, [r4, #92]
	.loc	7 1081 15                       @ ../Drivers/STM32H7xx_HAL_Driver/Src/stm32h7xx_hal_adc.c:1081:15
	str	r1, [r4, #84]
.Ltmp210:
	.loc	7 1084 3                        @ ../Drivers/STM32H7xx_HAL_Driver/Src/stm32h7xx_hal_adc.c:1084:3
	strb.w	r1, [r4, #80]
	pop	{r4, r5, r7, pc}
.Ltmp211:
	.loc	7 0 3 is_stmt 0                 @ :0:3
.Ltmp212:
	.p2align	2
.LBB3_13:
	@DEBUG_VALUE: HAL_ADC_DeInit:tmp_hal_status <- $r0
	@DEBUG_VALUE: HAL_ADC_DeInit:hadc <- $r4
	movw	r1, #24584
	movt	r1, #22530
.Ltmp213:
	@DEBUG_VALUE: LL_ADC_IsEnabled:ADCx <- 1476550656
	.loc	8 6943 12 is_stmt 1             @ ../Drivers/STM32H7xx_HAL_Driver/Inc\stm32h7xx_ll_adc.h:6943:12
	ldr	r1, [r1]
.Ltmp214:
	.loc	7 1038 7                        @ ../Drivers/STM32H7xx_HAL_Driver/Src/stm32h7xx_hal_adc.c:1038:7
	lsls	r1, r1, #31
	beq	.LBB3_11
	b	.LBB3_12
.Ltmp215:
	.loc	7 0 7 is_stmt 0                 @ :0:7
.Ltmp216:
	.p2align	2
.LBB3_14:
	@DEBUG_VALUE: ADC_Disable:tickstart <- $r0
	@DEBUG_VALUE: ADC_Disable:hadc <- $r4
	@DEBUG_VALUE: HAL_ADC_DeInit:hadc <- $r4
	mov	r5, r0
	@DEBUG_VALUE: ADC_Disable:tickstart <- $r5
	@DEBUG_VALUE: ADC_Disable:tickstart <- $r5
	b	.LBB3_16
.Ltmp217:
	.p2align	2
.LBB3_15:                               @   in Loop: Header=BB3_16 Depth=1
	@DEBUG_VALUE: ADC_Disable:tickstart <- $r5
	@DEBUG_VALUE: ADC_Disable:hadc <- $r4
	@DEBUG_VALUE: HAL_ADC_DeInit:hadc <- $r4
	.loc	7 3789 29 is_stmt 1             @ ../Drivers/STM32H7xx_HAL_Driver/Src/stm32h7xx_hal_adc.c:3789:29
	ldr	r0, [r1, #8]
	.loc	7 3789 5 is_stmt 0              @ ../Drivers/STM32H7xx_HAL_Driver/Src/stm32h7xx_hal_adc.c:3789:5
	lsls	r0, r0, #31
	beq.w	.LBB3_8
.Ltmp218:
.LBB3_16:                               @ =>This Inner Loop Header: Depth=1
	@DEBUG_VALUE: ADC_Disable:tickstart <- $r5
	@DEBUG_VALUE: ADC_Disable:hadc <- $r4
	@DEBUG_VALUE: HAL_ADC_DeInit:hadc <- $r4
	.loc	7 3791 12 is_stmt 1             @ ../Drivers/STM32H7xx_HAL_Driver/Src/stm32h7xx_hal_adc.c:3791:12
	bl	HAL_GetTick
.Ltmp219:
	.loc	7 3791 26 is_stmt 0             @ ../Drivers/STM32H7xx_HAL_Driver/Src/stm32h7xx_hal_adc.c:3791:26
	subs	r0, r0, r5
.Ltmp220:
	.loc	7 3789 19 is_stmt 1             @ ../Drivers/STM32H7xx_HAL_Driver/Src/stm32h7xx_hal_adc.c:3789:19
	ldr	r1, [r4]
.Ltmp221:
	.loc	7 3791 11                       @ ../Drivers/STM32H7xx_HAL_Driver/Src/stm32h7xx_hal_adc.c:3791:11
	cmp	r0, #3
	blo	.LBB3_15
.Ltmp222:
@ %bb.17:                               @   in Loop: Header=BB3_16 Depth=1
	@DEBUG_VALUE: ADC_Disable:tickstart <- $r5
	@DEBUG_VALUE: ADC_Disable:hadc <- $r4
	@DEBUG_VALUE: HAL_ADC_DeInit:hadc <- $r4
	.loc	7 3794 30                       @ ../Drivers/STM32H7xx_HAL_Driver/Src/stm32h7xx_hal_adc.c:3794:30
	ldr	r0, [r1, #8]
.Ltmp223:
	.loc	7 3794 13 is_stmt 0             @ ../Drivers/STM32H7xx_HAL_Driver/Src/stm32h7xx_hal_adc.c:3794:13
	lsls	r0, r0, #31
	beq	.LBB3_15
.Ltmp224:
.LBB3_18:
	@DEBUG_VALUE: ADC_Disable:hadc <- $r4
	@DEBUG_VALUE: HAL_ADC_DeInit:hadc <- $r4
	.loc	7 0 0                           @ ../Drivers/STM32H7xx_HAL_Driver/Src/stm32h7xx_hal_adc.c:0:0
	ldr	r0, [r4, #84]
	orr	r0, r0, #16
	str	r0, [r4, #84]
	ldr	r0, [r4, #88]
	orr	r0, r0, #1
	str	r0, [r4, #88]
	b	.LBB3_2
.Ltmp225:
.Lfunc_end3:
	.size	HAL_ADC_DeInit, .Lfunc_end3-HAL_ADC_DeInit
	.cfi_endproc
	.cantunwind
	.fnend
                                        @ -- End function
	.section	.text.ADC_ConversionStop,"ax",%progbits
	.hidden	ADC_ConversionStop              @ -- Begin function ADC_ConversionStop
	.globl	ADC_ConversionStop
	.p2align	3
	.type	ADC_ConversionStop,%function
	.code	16                              @ @ADC_ConversionStop
	.thumb_func
ADC_ConversionStop:
.Lfunc_begin4:
	.loc	7 3543 0 is_stmt 1              @ ../Drivers/STM32H7xx_HAL_Driver/Src/stm32h7xx_hal_adc.c:3543:0
	.fnstart
	.cfi_startproc
@ %bb.0:
	@DEBUG_VALUE: ADC_ConversionStop:hadc <- $r0
	@DEBUG_VALUE: ADC_ConversionStop:ConversionGroup <- $r1
	.save	{r4, r5, r6, lr}
	push	{r4, r5, r6, lr}
	.cfi_def_cfa_offset 16
	.cfi_offset lr, -4
	.cfi_offset r6, -8
	.cfi_offset r5, -12
	.cfi_offset r4, -16
.Ltmp226:
	@DEBUG_VALUE: ADC_ConversionStop:conversion_group_reassigned <- $r1
	mov	r4, r0
.Ltmp227:
	@DEBUG_VALUE: ADC_ConversionStop:Conversion_Timeout_CPU_cycles <- 0
	@DEBUG_VALUE: ADC_ConversionStop:hadc <- $r4
	.loc	7 3557 81 prologue_end          @ ../Drivers/STM32H7xx_HAL_Driver/Src/stm32h7xx_hal_adc.c:3557:81
	ldr	r0, [r0]
.Ltmp228:
	@DEBUG_VALUE: LL_ADC_REG_IsConversionOngoing:ADCx <- $r0
	.loc	8 7075 12                       @ ../Drivers/STM32H7xx_HAL_Driver/Inc\stm32h7xx_ll_adc.h:7075:12
	ldr	r2, [r0, #8]
.Ltmp229:
	@DEBUG_VALUE: LL_ADC_INJ_IsConversionOngoing:ADCx <- $r0
	@DEBUG_VALUE: ADC_ConversionStop:tmp_adc_is_conversion_on_going_regular <- [DW_OP_constu 2, DW_OP_shr, DW_OP_constu 1, DW_OP_and, DW_OP_stack_value] $r2
	.loc	8 7270 12                       @ ../Drivers/STM32H7xx_HAL_Driver/Inc\stm32h7xx_ll_adc.h:7270:12
	ldr	r3, [r0, #8]
.Ltmp230:
	@DEBUG_VALUE: ADC_ConversionStop:tmp_adc_is_conversion_on_going_injected <- [DW_OP_constu 3, DW_OP_shr, DW_OP_constu 1, DW_OP_and, DW_OP_stack_value] $r3
	.loc	7 3559 47                       @ ../Drivers/STM32H7xx_HAL_Driver/Src/stm32h7xx_hal_adc.c:3559:47
	and	r2, r2, #4
.Ltmp231:
	.loc	7 0 47 is_stmt 0                @ ../Drivers/STM32H7xx_HAL_Driver/Src/stm32h7xx_hal_adc.c:0:47
	and	r3, r3, #8
.Ltmp232:
	.loc	7 3559 47                       @ ../Drivers/STM32H7xx_HAL_Driver/Src/stm32h7xx_hal_adc.c:3559:47
	adds	r2, r2, r3
	.loc	7 3560 7 is_stmt 1              @ ../Drivers/STM32H7xx_HAL_Driver/Src/stm32h7xx_hal_adc.c:3560:7
	beq	.LBB4_26
.Ltmp233:
@ %bb.1:
	@DEBUG_VALUE: ADC_ConversionStop:hadc <- $r4
	@DEBUG_VALUE: ADC_ConversionStop:Conversion_Timeout_CPU_cycles <- 0
	@DEBUG_VALUE: ADC_ConversionStop:conversion_group_reassigned <- $r1
	@DEBUG_VALUE: ADC_ConversionStop:ConversionGroup <- $r1
	.loc	7 3569 27                       @ ../Drivers/STM32H7xx_HAL_Driver/Src/stm32h7xx_hal_adc.c:3569:27
	ldr	r2, [r0, #12]
	.loc	7 3570 9                        @ ../Drivers/STM32H7xx_HAL_Driver/Src/stm32h7xx_hal_adc.c:3570:9
	lsls	r2, r2, #6
	bpl	.LBB4_10
.Ltmp234:
@ %bb.2:
	@DEBUG_VALUE: ADC_ConversionStop:hadc <- $r4
	@DEBUG_VALUE: ADC_ConversionStop:Conversion_Timeout_CPU_cycles <- 0
	@DEBUG_VALUE: ADC_ConversionStop:conversion_group_reassigned <- $r1
	@DEBUG_VALUE: ADC_ConversionStop:ConversionGroup <- $r1
	.loc	7 3570 24 is_stmt 0             @ ../Drivers/STM32H7xx_HAL_Driver/Src/stm32h7xx_hal_adc.c:3570:24
	ldrb	r2, [r4, #21]
	.loc	7 3571 9 is_stmt 1              @ ../Drivers/STM32H7xx_HAL_Driver/Src/stm32h7xx_hal_adc.c:3571:9
	cmp	r2, #1
	bne	.LBB4_10
.Ltmp235:
@ %bb.3:
	@DEBUG_VALUE: ADC_ConversionStop:hadc <- $r4
	@DEBUG_VALUE: ADC_ConversionStop:Conversion_Timeout_CPU_cycles <- 0
	@DEBUG_VALUE: ADC_ConversionStop:conversion_group_reassigned <- $r1
	@DEBUG_VALUE: ADC_ConversionStop:ConversionGroup <- $r1
	.loc	7 3571 24 is_stmt 0             @ ../Drivers/STM32H7xx_HAL_Driver/Src/stm32h7xx_hal_adc.c:3571:24
	ldrb	r2, [r4, #20]
.Ltmp236:
	.loc	7 3569 9 is_stmt 1              @ ../Drivers/STM32H7xx_HAL_Driver/Src/stm32h7xx_hal_adc.c:3569:9
	cmp	r2, #1
	bne	.LBB4_10
.Ltmp237:
@ %bb.4:
	@DEBUG_VALUE: ADC_ConversionStop:hadc <- $r4
	@DEBUG_VALUE: ADC_ConversionStop:Conversion_Timeout_CPU_cycles <- 0
	@DEBUG_VALUE: ADC_ConversionStop:conversion_group_reassigned <- $r1
	@DEBUG_VALUE: ADC_ConversionStop:ConversionGroup <- $r1
	@DEBUG_VALUE: ADC_ConversionStop:Conversion_Timeout_CPU_cycles <- 0
	.loc	7 3578 14                       @ ../Drivers/STM32H7xx_HAL_Driver/Src/stm32h7xx_hal_adc.c:3578:14
	ldr	r1, [r0]
.Ltmp238:
	@DEBUG_VALUE: ADC_ConversionStop:ConversionGroup <- [DW_OP_LLVM_entry_value 1] $r1
	.loc	7 3578 7 is_stmt 0              @ ../Drivers/STM32H7xx_HAL_Driver/Src/stm32h7xx_hal_adc.c:3578:7
	lsls	r1, r1, #25
	bmi	.LBB4_9
.Ltmp239:
@ %bb.5:
	@DEBUG_VALUE: ADC_ConversionStop:ConversionGroup <- [DW_OP_LLVM_entry_value 1] $r1
	@DEBUG_VALUE: ADC_ConversionStop:hadc <- $r4
	@DEBUG_VALUE: ADC_ConversionStop:Conversion_Timeout_CPU_cycles <- 0
	.loc	7 0 7                           @ ../Drivers/STM32H7xx_HAL_Driver/Src/stm32h7xx_hal_adc.c:0:7
	movw	r1, #56324
	movt	r1, #12
.Ltmp240:
.LBB4_6:                                @ =>This Inner Loop Header: Depth=1
	@DEBUG_VALUE: ADC_ConversionStop:ConversionGroup <- [DW_OP_LLVM_entry_value 1] $r1
	@DEBUG_VALUE: ADC_ConversionStop:hadc <- $r4
	@DEBUG_VALUE: ADC_ConversionStop:Conversion_Timeout_CPU_cycles <- [DW_OP_plus_uconst 1, DW_OP_stack_value] $r1
	.loc	7 3580 43 is_stmt 1             @ ../Drivers/STM32H7xx_HAL_Driver/Src/stm32h7xx_hal_adc.c:3580:43
	subs	r1, #4
.Ltmp241:
	.loc	7 3580 13 is_stmt 0             @ ../Drivers/STM32H7xx_HAL_Driver/Src/stm32h7xx_hal_adc.c:3580:13
	beq	.LBB4_25
.Ltmp242:
@ %bb.7:                                @   in Loop: Header=BB4_6 Depth=1
	@DEBUG_VALUE: ADC_ConversionStop:ConversionGroup <- [DW_OP_LLVM_entry_value 1] $r1
	@DEBUG_VALUE: ADC_ConversionStop:hadc <- $r4
	@DEBUG_VALUE: ADC_ConversionStop:Conversion_Timeout_CPU_cycles <- [DW_OP_plus_uconst 1, DW_OP_stack_value] $r1
	.loc	7 3578 14 is_stmt 1             @ ../Drivers/STM32H7xx_HAL_Driver/Src/stm32h7xx_hal_adc.c:3578:14
	ldr	r2, [r0]
	.loc	7 3578 7 is_stmt 0              @ ../Drivers/STM32H7xx_HAL_Driver/Src/stm32h7xx_hal_adc.c:3578:7
	lsls	r2, r2, #25
.Ltmp243:
	@DEBUG_VALUE: ADC_ConversionStop:Conversion_Timeout_CPU_cycles <- [DW_OP_plus_uconst 2, DW_OP_stack_value] $r1
	.loc	7 3578 14                       @ ../Drivers/STM32H7xx_HAL_Driver/Src/stm32h7xx_hal_adc.c:3578:14
	itt	pl
	ldrpl	r2, [r0]
	.loc	7 3578 7                        @ ../Drivers/STM32H7xx_HAL_Driver/Src/stm32h7xx_hal_adc.c:3578:7
	lslspl.w	r2, r2, #25
	bmi	.LBB4_9
.Ltmp244:
@ %bb.8:                                @   in Loop: Header=BB4_6 Depth=1
	@DEBUG_VALUE: ADC_ConversionStop:Conversion_Timeout_CPU_cycles <- [DW_OP_plus_uconst 2, DW_OP_stack_value] $r1
	@DEBUG_VALUE: ADC_ConversionStop:ConversionGroup <- [DW_OP_LLVM_entry_value 1] $r1
	@DEBUG_VALUE: ADC_ConversionStop:hadc <- $r4
	@DEBUG_VALUE: ADC_ConversionStop:Conversion_Timeout_CPU_cycles <- [DW_OP_plus_uconst 3, DW_OP_stack_value] $r1
	.loc	7 3578 14                       @ ../Drivers/STM32H7xx_HAL_Driver/Src/stm32h7xx_hal_adc.c:3578:14
	ldr	r2, [r0]
	.loc	7 3578 7                        @ ../Drivers/STM32H7xx_HAL_Driver/Src/stm32h7xx_hal_adc.c:3578:7
	lsls	r2, r2, #25
.Ltmp245:
	@DEBUG_VALUE: ADC_ConversionStop:Conversion_Timeout_CPU_cycles <- [DW_OP_consts 842756, DW_OP_minus, DW_OP_consts 18446744073709551612, DW_OP_div, DW_OP_consts 4, DW_OP_mul, DW_OP_consts 4, DW_OP_plus, DW_OP_stack_value] $r1
	.loc	7 3578 14                       @ ../Drivers/STM32H7xx_HAL_Driver/Src/stm32h7xx_hal_adc.c:3578:14
	itt	pl
	ldrpl	r2, [r0]
	.loc	7 3578 7                        @ ../Drivers/STM32H7xx_HAL_Driver/Src/stm32h7xx_hal_adc.c:3578:7
	lslspl.w	r2, r2, #25
	bpl	.LBB4_6
.Ltmp246:
.LBB4_9:
	@DEBUG_VALUE: ADC_ConversionStop:ConversionGroup <- [DW_OP_LLVM_entry_value 1] $r1
	@DEBUG_VALUE: ADC_ConversionStop:hadc <- $r4
	.loc	7 0 7                           @ ../Drivers/STM32H7xx_HAL_Driver/Src/stm32h7xx_hal_adc.c:0:7
	movs	r1, #64
	.loc	7 3594 7 is_stmt 1              @ ../Drivers/STM32H7xx_HAL_Driver/Src/stm32h7xx_hal_adc.c:3594:7
	str	r1, [r0]
	movs	r1, #1
.Ltmp247:
	@DEBUG_VALUE: ADC_ConversionStop:conversion_group_reassigned <- 1
	.loc	7 0 7 is_stmt 0                 @ ../Drivers/STM32H7xx_HAL_Driver/Src/stm32h7xx_hal_adc.c:0:7
	b	.LBB4_12
.Ltmp248:
	.p2align	2
.LBB4_10:
	@DEBUG_VALUE: ADC_ConversionStop:hadc <- $r4
	@DEBUG_VALUE: ADC_ConversionStop:Conversion_Timeout_CPU_cycles <- 0
	@DEBUG_VALUE: ADC_ConversionStop:conversion_group_reassigned <- $r1
	@DEBUG_VALUE: ADC_ConversionStop:ConversionGroup <- $r1
	@DEBUG_VALUE: ADC_ConversionStop:conversion_group_reassigned <- $r1
	.loc	7 3598 9 is_stmt 1              @ ../Drivers/STM32H7xx_HAL_Driver/Src/stm32h7xx_hal_adc.c:3598:9
	cmp	r1, #2
	bne	.LBB4_12
.Ltmp249:
@ %bb.11:
	@DEBUG_VALUE: ADC_ConversionStop:hadc <- $r4
	@DEBUG_VALUE: ADC_ConversionStop:Conversion_Timeout_CPU_cycles <- 0
	@DEBUG_VALUE: ADC_ConversionStop:conversion_group_reassigned <- $r1
	@DEBUG_VALUE: ADC_ConversionStop:ConversionGroup <- $r1
	.loc	7 0 9 is_stmt 0                 @ ../Drivers/STM32H7xx_HAL_Driver/Src/stm32h7xx_hal_adc.c:0:9
	movs	r1, #2
.Ltmp250:
	@DEBUG_VALUE: ADC_ConversionStop:ConversionGroup <- [DW_OP_LLVM_entry_value 1] $r1
	movs	r6, #8
	.loc	7 3598 9                        @ ../Drivers/STM32H7xx_HAL_Driver/Src/stm32h7xx_hal_adc.c:3598:9
	b	.LBB4_16
.Ltmp251:
	.loc	7 0 9                           @ :0:9
.Ltmp252:
	.p2align	2
.LBB4_12:
	@DEBUG_VALUE: ADC_ConversionStop:hadc <- $r4
	@DEBUG_VALUE: LL_ADC_REG_IsConversionOngoing:ADCx <- $r0
	.loc	8 7075 12 is_stmt 1             @ ../Drivers/STM32H7xx_HAL_Driver/Inc\stm32h7xx_ll_adc.h:7075:12
	ldr	r2, [r0, #8]
.Ltmp253:
	.loc	7 3601 11                       @ ../Drivers/STM32H7xx_HAL_Driver/Src/stm32h7xx_hal_adc.c:3601:11
	lsls	r2, r2, #29
	bpl	.LBB4_15
.Ltmp254:
@ %bb.13:
	@DEBUG_VALUE: ADC_ConversionStop:hadc <- $r4
	@DEBUG_VALUE: LL_ADC_IsDisableOngoing:ADCx <- $r0
	.loc	8 6954 12                       @ ../Drivers/STM32H7xx_HAL_Driver/Inc\stm32h7xx_ll_adc.h:6954:12
	ldr	r2, [r0, #8]
.Ltmp255:
	.loc	7 3603 13                       @ ../Drivers/STM32H7xx_HAL_Driver/Src/stm32h7xx_hal_adc.c:3603:13
	lsls	r2, r2, #30
	bmi	.LBB4_15
.Ltmp256:
@ %bb.14:
	@DEBUG_VALUE: ADC_ConversionStop:hadc <- $r4
	@DEBUG_VALUE: LL_ADC_REG_StopConversion:ADCx <- $r0
	.loc	7 0 13 is_stmt 0                @ ../Drivers/STM32H7xx_HAL_Driver/Src/stm32h7xx_hal_adc.c:0:13
	movw	r3, #65472
.Ltmp257:
	.loc	8 7062 3 is_stmt 1              @ ../Drivers/STM32H7xx_HAL_Driver/Inc\stm32h7xx_ll_adc.h:7062:3
	ldr	r2, [r0, #8]
	movt	r3, #32767
	ands	r2, r3
	adds	r2, #16
	str	r2, [r0, #8]
.Ltmp258:
.LBB4_15:
	@DEBUG_VALUE: ADC_ConversionStop:hadc <- $r4
	.loc	7 3612 9                        @ ../Drivers/STM32H7xx_HAL_Driver/Src/stm32h7xx_hal_adc.c:3612:9
	cmp	r1, #1
	mov.w	r6, #4
	beq	.LBB4_20
.Ltmp259:
.LBB4_16:
	@DEBUG_VALUE: ADC_ConversionStop:hadc <- $r4
	@DEBUG_VALUE: LL_ADC_INJ_IsConversionOngoing:ADCx <- $r0
	.loc	8 7270 12                       @ ../Drivers/STM32H7xx_HAL_Driver/Inc\stm32h7xx_ll_adc.h:7270:12
	ldr	r2, [r0, #8]
.Ltmp260:
	.loc	7 3615 11                       @ ../Drivers/STM32H7xx_HAL_Driver/Src/stm32h7xx_hal_adc.c:3615:11
	lsls	r2, r2, #28
	bpl	.LBB4_19
.Ltmp261:
@ %bb.17:
	@DEBUG_VALUE: ADC_ConversionStop:hadc <- $r4
	@DEBUG_VALUE: LL_ADC_IsDisableOngoing:ADCx <- $r0
	.loc	8 6954 12                       @ ../Drivers/STM32H7xx_HAL_Driver/Inc\stm32h7xx_ll_adc.h:6954:12
	ldr	r2, [r0, #8]
.Ltmp262:
	.loc	7 3617 13                       @ ../Drivers/STM32H7xx_HAL_Driver/Src/stm32h7xx_hal_adc.c:3617:13
	lsls	r2, r2, #30
	bmi	.LBB4_19
.Ltmp263:
@ %bb.18:
	@DEBUG_VALUE: ADC_ConversionStop:hadc <- $r4
	@DEBUG_VALUE: LL_ADC_INJ_StopConversion:ADCx <- $r0
	.loc	7 0 13 is_stmt 0                @ ../Drivers/STM32H7xx_HAL_Driver/Src/stm32h7xx_hal_adc.c:0:13
	movw	r3, #65472
.Ltmp264:
	.loc	8 7257 3 is_stmt 1              @ ../Drivers/STM32H7xx_HAL_Driver/Inc\stm32h7xx_ll_adc.h:7257:3
	ldr	r2, [r0, #8]
	movt	r3, #32767
	ands	r2, r3
	adds	r2, #32
	str	r2, [r0, #8]
.Ltmp265:
.LBB4_19:
	@DEBUG_VALUE: ADC_ConversionStop:hadc <- $r4
	.loc	7 3626 5                        @ ../Drivers/STM32H7xx_HAL_Driver/Src/stm32h7xx_hal_adc.c:3626:5
	cmp	r1, #3
	it	eq
	moveq	r6, #12
.Ltmp266:
.LBB4_20:
	@DEBUG_VALUE: ADC_ConversionStop:hadc <- $r4
	@DEBUG_VALUE: ADC_ConversionStop:tmp_ADC_CR_ADSTART_JADSTART <- $r6
	.loc	7 3641 17                       @ ../Drivers/STM32H7xx_HAL_Driver/Src/stm32h7xx_hal_adc.c:3641:17
	bl	HAL_GetTick
.Ltmp267:
	.loc	7 3643 19                       @ ../Drivers/STM32H7xx_HAL_Driver/Src/stm32h7xx_hal_adc.c:3643:19
	ldr	r1, [r4]
	.loc	7 3643 29 is_stmt 0             @ ../Drivers/STM32H7xx_HAL_Driver/Src/stm32h7xx_hal_adc.c:3643:29
	ldr	r1, [r1, #8]
	.loc	7 3643 5                        @ ../Drivers/STM32H7xx_HAL_Driver/Src/stm32h7xx_hal_adc.c:3643:5
	tst	r1, r6
.Ltmp268:
	@DEBUG_VALUE: ADC_ConversionStop:tickstart <- $r0
	beq	.LBB4_26
.Ltmp269:
@ %bb.21:
	@DEBUG_VALUE: ADC_ConversionStop:tickstart <- $r0
	@DEBUG_VALUE: ADC_ConversionStop:tmp_ADC_CR_ADSTART_JADSTART <- $r6
	@DEBUG_VALUE: ADC_ConversionStop:hadc <- $r4
	.loc	7 0 5                           @ ../Drivers/STM32H7xx_HAL_Driver/Src/stm32h7xx_hal_adc.c:0:5
	mov	r5, r0
.Ltmp270:
	@DEBUG_VALUE: ADC_ConversionStop:tickstart <- $r5
	@DEBUG_VALUE: ADC_ConversionStop:tickstart <- $r5
	b	.LBB4_23
.Ltmp271:
	.p2align	2
.LBB4_22:                               @   in Loop: Header=BB4_23 Depth=1
	@DEBUG_VALUE: ADC_ConversionStop:tickstart <- $r5
	@DEBUG_VALUE: ADC_ConversionStop:tmp_ADC_CR_ADSTART_JADSTART <- $r6
	@DEBUG_VALUE: ADC_ConversionStop:hadc <- $r4
	.loc	7 3643 29                       @ ../Drivers/STM32H7xx_HAL_Driver/Src/stm32h7xx_hal_adc.c:3643:29
	ldr	r0, [r0, #8]
	.loc	7 3643 5                        @ ../Drivers/STM32H7xx_HAL_Driver/Src/stm32h7xx_hal_adc.c:3643:5
	tst	r0, r6
	beq	.LBB4_26
.Ltmp272:
.LBB4_23:                               @ =>This Inner Loop Header: Depth=1
	@DEBUG_VALUE: ADC_ConversionStop:tickstart <- $r5
	@DEBUG_VALUE: ADC_ConversionStop:tmp_ADC_CR_ADSTART_JADSTART <- $r6
	@DEBUG_VALUE: ADC_ConversionStop:hadc <- $r4
	.loc	7 3645 12 is_stmt 1             @ ../Drivers/STM32H7xx_HAL_Driver/Src/stm32h7xx_hal_adc.c:3645:12
	bl	HAL_GetTick
.Ltmp273:
	.loc	7 3645 26 is_stmt 0             @ ../Drivers/STM32H7xx_HAL_Driver/Src/stm32h7xx_hal_adc.c:3645:26
	subs	r0, r0, r5
.Ltmp274:
	.loc	7 3645 11                       @ ../Drivers/STM32H7xx_HAL_Driver/Src/stm32h7xx_hal_adc.c:3645:11
	cmp	r0, #6
.Ltmp275:
	.loc	7 3643 19 is_stmt 1             @ ../Drivers/STM32H7xx_HAL_Driver/Src/stm32h7xx_hal_adc.c:3643:19
	ldr	r0, [r4]
.Ltmp276:
	.loc	7 3645 11                       @ ../Drivers/STM32H7xx_HAL_Driver/Src/stm32h7xx_hal_adc.c:3645:11
	blo	.LBB4_22
.Ltmp277:
@ %bb.24:                               @   in Loop: Header=BB4_23 Depth=1
	@DEBUG_VALUE: ADC_ConversionStop:tickstart <- $r5
	@DEBUG_VALUE: ADC_ConversionStop:tmp_ADC_CR_ADSTART_JADSTART <- $r6
	@DEBUG_VALUE: ADC_ConversionStop:hadc <- $r4
	.loc	7 3648 29                       @ ../Drivers/STM32H7xx_HAL_Driver/Src/stm32h7xx_hal_adc.c:3648:29
	ldr	r1, [r0, #8]
.Ltmp278:
	.loc	7 3648 12 is_stmt 0             @ ../Drivers/STM32H7xx_HAL_Driver/Src/stm32h7xx_hal_adc.c:3648:12
	tst	r1, r6
	beq	.LBB4_22
.Ltmp279:
.LBB4_25:
	@DEBUG_VALUE: ADC_ConversionStop:hadc <- $r4
	.loc	7 0 0                           @ ../Drivers/STM32H7xx_HAL_Driver/Src/stm32h7xx_hal_adc.c:0:0
	ldr	r0, [r4, #84]
	orr	r0, r0, #16
	str	r0, [r4, #84]
	ldr	r0, [r4, #88]
	orr	r0, r0, #1
	str	r0, [r4, #88]
	movs	r0, #1
.Ltmp280:
	.loc	7 3665 1 epilogue_begin is_stmt 1 @ ../Drivers/STM32H7xx_HAL_Driver/Src/stm32h7xx_hal_adc.c:3665:1
	pop	{r4, r5, r6, pc}
.Ltmp281:
	.loc	7 0 1 is_stmt 0                 @ :0:1
.Ltmp282:
	.p2align	2
.LBB4_26:
	@DEBUG_VALUE: ADC_ConversionStop:hadc <- $r4
	movs	r0, #0
	.loc	7 3665 1 epilogue_begin         @ ../Drivers/STM32H7xx_HAL_Driver/Src/stm32h7xx_hal_adc.c:3665:1
	pop	{r4, r5, r6, pc}
.Ltmp283:
.Lfunc_end4:
	.size	ADC_ConversionStop, .Lfunc_end4-ADC_ConversionStop
	.cfi_endproc
	.cantunwind
	.fnend
                                        @ -- End function
	.section	.text.ADC_Disable,"ax",%progbits
	.hidden	ADC_Disable                     @ -- Begin function ADC_Disable
	.globl	ADC_Disable
	.p2align	3
	.type	ADC_Disable,%function
	.code	16                              @ @ADC_Disable
	.thumb_func
ADC_Disable:
.Lfunc_begin5:
	.loc	7 3756 0 is_stmt 1              @ ../Drivers/STM32H7xx_HAL_Driver/Src/stm32h7xx_hal_adc.c:3756:0
	.fnstart
	.cfi_startproc
@ %bb.0:
	@DEBUG_VALUE: ADC_Disable:hadc <- $r0
	.save	{r4, r5, r7, lr}
	push	{r4, r5, r7, lr}
	.cfi_def_cfa_offset 16
	.cfi_offset lr, -4
	.cfi_offset r7, -8
	.cfi_offset r5, -12
	.cfi_offset r4, -16
.Ltmp284:
	.loc	7 3758 78 prologue_end          @ ../Drivers/STM32H7xx_HAL_Driver/Src/stm32h7xx_hal_adc.c:3758:78
	ldr	r1, [r0]
.Ltmp285:
	@DEBUG_VALUE: LL_ADC_IsDisableOngoing:ADCx <- $r1
	.loc	7 0 78 is_stmt 0                @ ../Drivers/STM32H7xx_HAL_Driver/Src/stm32h7xx_hal_adc.c:0:78
	mov	r4, r0
.Ltmp286:
	@DEBUG_VALUE: ADC_Disable:hadc <- $r4
	@DEBUG_VALUE: ADC_Disable:hadc <- $r4
	.loc	8 6954 12 is_stmt 1             @ ../Drivers/STM32H7xx_HAL_Driver/Inc\stm32h7xx_ll_adc.h:6954:12
	ldr	r2, [r1, #8]
.Ltmp287:
	@DEBUG_VALUE: LL_ADC_IsEnabled:ADCx <- $r1
	@DEBUG_VALUE: ADC_Disable:tmp_adc_is_disable_on_going <- [DW_OP_constu 1, DW_OP_shr, DW_OP_constu 1, DW_OP_and, DW_OP_stack_value] $r2
	.loc	8 6943 12                       @ ../Drivers/STM32H7xx_HAL_Driver/Inc\stm32h7xx_ll_adc.h:6943:12
	ldr	r0, [r1, #8]
.Ltmp288:
	.loc	7 3764 7                        @ ../Drivers/STM32H7xx_HAL_Driver/Src/stm32h7xx_hal_adc.c:3764:7
	lsls	r0, r0, #31
	mov.w	r0, #0
	beq	.LBB5_10
.Ltmp289:
@ %bb.1:
	@DEBUG_VALUE: ADC_Disable:tmp_adc_is_disable_on_going <- [DW_OP_constu 1, DW_OP_shr, DW_OP_constu 1, DW_OP_and, DW_OP_stack_value] $r2
	@DEBUG_VALUE: ADC_Disable:hadc <- $r4
	.loc	7 0 7 is_stmt 0                 @ ../Drivers/STM32H7xx_HAL_Driver/Src/stm32h7xx_hal_adc.c:0:7
	ands	r2, r2, #2
.Ltmp290:
	.loc	7 3810 1 is_stmt 1              @ ../Drivers/STM32H7xx_HAL_Driver/Src/stm32h7xx_hal_adc.c:3810:1
	it	ne
	.loc	7 3810 1 epilogue_begin is_stmt 0 @ ../Drivers/STM32H7xx_HAL_Driver/Src/stm32h7xx_hal_adc.c:3810:1
	popne	{r4, r5, r7, pc}
.Ltmp291:
.LBB5_2:
	.loc	7 3768 26 is_stmt 1             @ ../Drivers/STM32H7xx_HAL_Driver/Src/stm32h7xx_hal_adc.c:3768:26
	ldr	r0, [r1, #8]
	.loc	7 3768 29 is_stmt 0             @ ../Drivers/STM32H7xx_HAL_Driver/Src/stm32h7xx_hal_adc.c:3768:29
	and	r0, r0, #13
.Ltmp292:
	.loc	7 3768 9                        @ ../Drivers/STM32H7xx_HAL_Driver/Src/stm32h7xx_hal_adc.c:3768:9
	cmp	r0, #1
	bne	.LBB5_9
@ %bb.3:
.Ltmp293:
	@DEBUG_VALUE: LL_ADC_Disable:ADCx <- $r1
	.loc	7 0 9                           @ ../Drivers/STM32H7xx_HAL_Driver/Src/stm32h7xx_hal_adc.c:0:9
	movw	r2, #65472
.Ltmp294:
	.loc	8 6927 3 is_stmt 1              @ ../Drivers/STM32H7xx_HAL_Driver/Inc\stm32h7xx_ll_adc.h:6927:3
	ldr	r0, [r1, #8]
	movt	r2, #32767
	ands	r0, r2
	adds	r0, #2
	str	r0, [r1, #8]
	movs	r0, #3
.Ltmp295:
	.loc	7 3772 7                        @ ../Drivers/STM32H7xx_HAL_Driver/Src/stm32h7xx_hal_adc.c:3772:7
	str	r0, [r1]
.Ltmp296:
	.loc	7 3787 17                       @ ../Drivers/STM32H7xx_HAL_Driver/Src/stm32h7xx_hal_adc.c:3787:17
	bl	HAL_GetTick
.Ltmp297:
	.loc	7 3789 19                       @ ../Drivers/STM32H7xx_HAL_Driver/Src/stm32h7xx_hal_adc.c:3789:19
	ldr	r1, [r4]
	.loc	7 3789 29 is_stmt 0             @ ../Drivers/STM32H7xx_HAL_Driver/Src/stm32h7xx_hal_adc.c:3789:29
	ldr	r1, [r1, #8]
	.loc	7 3789 5                        @ ../Drivers/STM32H7xx_HAL_Driver/Src/stm32h7xx_hal_adc.c:3789:5
	lsls	r1, r1, #31
.Ltmp298:
	@DEBUG_VALUE: ADC_Disable:tickstart <- $r0
	bne	.LBB5_5
.Ltmp299:
.LBB5_4:
	.loc	7 0 5                           @ ../Drivers/STM32H7xx_HAL_Driver/Src/stm32h7xx_hal_adc.c:0:5
	movs	r0, #0
	.loc	7 3810 1 epilogue_begin is_stmt 1 @ ../Drivers/STM32H7xx_HAL_Driver/Src/stm32h7xx_hal_adc.c:3810:1
	pop	{r4, r5, r7, pc}
	.loc	7 0 1 is_stmt 0                 @ :0:1
.Ltmp300:
	.p2align	2
.LBB5_5:
.Ltmp301:
	@DEBUG_VALUE: ADC_Disable:tickstart <- $r0
	mov	r5, r0
.Ltmp302:
	@DEBUG_VALUE: ADC_Disable:tickstart <- $r5
	@DEBUG_VALUE: ADC_Disable:tickstart <- $r5
	b	.LBB5_7
.Ltmp303:
	.p2align	2
.LBB5_6:                                @   in Loop: Header=BB5_7 Depth=1
	@DEBUG_VALUE: ADC_Disable:tickstart <- $r5
	.loc	7 3789 29 is_stmt 1             @ ../Drivers/STM32H7xx_HAL_Driver/Src/stm32h7xx_hal_adc.c:3789:29
	ldr	r0, [r0, #8]
	.loc	7 3789 5 is_stmt 0              @ ../Drivers/STM32H7xx_HAL_Driver/Src/stm32h7xx_hal_adc.c:3789:5
	lsls	r0, r0, #31
	beq	.LBB5_4
.Ltmp304:
.LBB5_7:                                @ =>This Inner Loop Header: Depth=1
	@DEBUG_VALUE: ADC_Disable:tickstart <- $r5
	.loc	7 3791 12 is_stmt 1             @ ../Drivers/STM32H7xx_HAL_Driver/Src/stm32h7xx_hal_adc.c:3791:12
	bl	HAL_GetTick
.Ltmp305:
	.loc	7 3791 26 is_stmt 0             @ ../Drivers/STM32H7xx_HAL_Driver/Src/stm32h7xx_hal_adc.c:3791:26
	subs	r0, r0, r5
.Ltmp306:
	.loc	7 3791 11                       @ ../Drivers/STM32H7xx_HAL_Driver/Src/stm32h7xx_hal_adc.c:3791:11
	cmp	r0, #3
.Ltmp307:
	.loc	7 3789 19 is_stmt 1             @ ../Drivers/STM32H7xx_HAL_Driver/Src/stm32h7xx_hal_adc.c:3789:19
	ldr	r0, [r4]
.Ltmp308:
	.loc	7 3791 11                       @ ../Drivers/STM32H7xx_HAL_Driver/Src/stm32h7xx_hal_adc.c:3791:11
	blo	.LBB5_6
.Ltmp309:
@ %bb.8:                                @   in Loop: Header=BB5_7 Depth=1
	@DEBUG_VALUE: ADC_Disable:tickstart <- $r5
	.loc	7 3794 30                       @ ../Drivers/STM32H7xx_HAL_Driver/Src/stm32h7xx_hal_adc.c:3794:30
	ldr	r1, [r0, #8]
.Ltmp310:
	.loc	7 3794 13 is_stmt 0             @ ../Drivers/STM32H7xx_HAL_Driver/Src/stm32h7xx_hal_adc.c:3794:13
	lsls	r1, r1, #31
	beq	.LBB5_6
.Ltmp311:
.LBB5_9:
	.loc	7 0 0                           @ ../Drivers/STM32H7xx_HAL_Driver/Src/stm32h7xx_hal_adc.c:0:0
	ldr	r0, [r4, #84]
	orr	r0, r0, #16
	str	r0, [r4, #84]
	ldr	r0, [r4, #88]
	orr	r0, r0, #1
	str	r0, [r4, #88]
	movs	r0, #1
.Ltmp312:
.LBB5_10:
	.loc	7 3810 1 epilogue_begin is_stmt 1 @ ../Drivers/STM32H7xx_HAL_Driver/Src/stm32h7xx_hal_adc.c:3810:1
	pop	{r4, r5, r7, pc}
.Ltmp313:
.Lfunc_end5:
	.size	ADC_Disable, .Lfunc_end5-ADC_Disable
	.cfi_endproc
	.cantunwind
	.fnend
                                        @ -- End function
	.section	.text.HAL_ADC_MspDeInit,"ax",%progbits
	.hidden	HAL_ADC_MspDeInit               @ -- Begin function HAL_ADC_MspDeInit
	.weak	HAL_ADC_MspDeInit
	.p2align	3
	.type	HAL_ADC_MspDeInit,%function
	.code	16                              @ @HAL_ADC_MspDeInit
	.thumb_func
HAL_ADC_MspDeInit:
.Lfunc_begin6:
	.fnstart
	.cfi_startproc
@ %bb.0:
	@DEBUG_VALUE: HAL_ADC_MspDeInit:hadc <- $r0
	.loc	7 1120 1 prologue_end           @ ../Drivers/STM32H7xx_HAL_Driver/Src/stm32h7xx_hal_adc.c:1120:1
	bx	lr
.Ltmp314:
.Lfunc_end6:
	.size	HAL_ADC_MspDeInit, .Lfunc_end6-HAL_ADC_MspDeInit
	.cfi_endproc
	.cantunwind
	.fnend
                                        @ -- End function
	.section	.text.HAL_ADC_Start,"ax",%progbits
	.hidden	HAL_ADC_Start                   @ -- Begin function HAL_ADC_Start
	.globl	HAL_ADC_Start
	.p2align	3
	.type	HAL_ADC_Start,%function
	.code	16                              @ @HAL_ADC_Start
	.thumb_func
HAL_ADC_Start:
.Lfunc_begin7:
	.loc	7 1398 0                        @ ../Drivers/STM32H7xx_HAL_Driver/Src/stm32h7xx_hal_adc.c:1398:0
	.fnstart
	.cfi_startproc
@ %bb.0:
	@DEBUG_VALUE: HAL_ADC_Start:hadc <- $r0
	.save	{r4, r5, r6, lr}
	push	{r4, r5, r6, lr}
	.cfi_def_cfa_offset 16
	.cfi_offset lr, -4
	.cfi_offset r6, -8
	.cfi_offset r5, -12
	.cfi_offset r4, -16
	movw	r4, #8192
	movw	r6, #25352
	movt	r4, #16386
.Ltmp315:
	.loc	7 1401 55 prologue_end          @ ../Drivers/STM32H7xx_HAL_Driver/Src/stm32h7xx_hal_adc.c:1401:55
	ldr	r1, [r0]
	add.w	r2, r4, #256
.Ltmp316:
	.loc	8 6603 21                       @ ../Drivers/STM32H7xx_HAL_Driver/Inc\stm32h7xx_ll_adc.h:6603:21
	add.w	r3, r4, #776
	movt	r6, #22530
	cmp	r1, r2
	it	eq
	moveq	r6, r3
	cmp	r1, r4
	it	eq
	moveq	r6, r3
	ldr	r5, [r6]
.Ltmp317:
	@DEBUG_VALUE: LL_ADC_REG_IsConversionOngoing:ADCx <- $r1
	@DEBUG_VALUE: HAL_ADC_Start:tmp_multimode_config <- undef
	.loc	8 7075 12                       @ ../Drivers/STM32H7xx_HAL_Driver/Inc\stm32h7xx_ll_adc.h:7075:12
	ldr	r1, [r1, #8]
.Ltmp318:
	.loc	7 1407 7                        @ ../Drivers/STM32H7xx_HAL_Driver/Src/stm32h7xx_hal_adc.c:1407:7
	lsls	r1, r1, #29
	bmi	.LBB7_2
.Ltmp319:
@ %bb.1:
	@DEBUG_VALUE: HAL_ADC_Start:hadc <- $r0
	@DEBUG_VALUE: HAL_ADC_Start:tmp_multimode_config <- undef
	.loc	7 1410 5                        @ ../Drivers/STM32H7xx_HAL_Driver/Src/stm32h7xx_hal_adc.c:1410:5
	ldrb.w	r1, [r0, #80]
.Ltmp320:
	.loc	7 1410 5 is_stmt 0              @ ../Drivers/STM32H7xx_HAL_Driver/Src/stm32h7xx_hal_adc.c:1410:5
	cmp	r1, #1
	bne	.LBB7_3
.Ltmp321:
.LBB7_2:
	@DEBUG_VALUE: HAL_ADC_Start:hadc <- $r0
	.loc	7 0 5                           @ ../Drivers/STM32H7xx_HAL_Driver/Src/stm32h7xx_hal_adc.c:0:5
	movs	r0, #2
.Ltmp322:
	@DEBUG_VALUE: HAL_ADC_Start:hadc <- [DW_OP_LLVM_entry_value 1] $r0
	.loc	7 1507 1 epilogue_begin is_stmt 1 @ ../Drivers/STM32H7xx_HAL_Driver/Src/stm32h7xx_hal_adc.c:1507:1
	pop	{r4, r5, r6, pc}
.Ltmp323:
	.loc	7 0 1 is_stmt 0                 @ :0:1
.Ltmp324:
	.p2align	2
.LBB7_3:
	@DEBUG_VALUE: HAL_ADC_Start:hadc <- $r0
	@DEBUG_VALUE: HAL_ADC_Start:tmp_multimode_config <- undef
	movs	r1, #1
.Ltmp325:
	.loc	7 1410 5 is_stmt 1              @ ../Drivers/STM32H7xx_HAL_Driver/Src/stm32h7xx_hal_adc.c:1410:5
	strb.w	r1, [r0, #80]
	mov	r6, r0
.Ltmp326:
	.loc	7 1413 22                       @ ../Drivers/STM32H7xx_HAL_Driver/Src/stm32h7xx_hal_adc.c:1413:22
	bl	ADC_Enable
.Ltmp327:
	@DEBUG_VALUE: HAL_ADC_Start:hadc <- [DW_OP_LLVM_entry_value 1] $r0
	@DEBUG_VALUE: HAL_ADC_Start:tmp_hal_status <- $r0
	.loc	7 1416 9                        @ ../Drivers/STM32H7xx_HAL_Driver/Src/stm32h7xx_hal_adc.c:1416:9
	cbz	r0, .LBB7_5
.Ltmp328:
@ %bb.4:
	@DEBUG_VALUE: HAL_ADC_Start:tmp_hal_status <- $r0
	@DEBUG_VALUE: HAL_ADC_Start:hadc <- [DW_OP_LLVM_entry_value 1] $r0
	.loc	7 0 9 is_stmt 0                 @ ../Drivers/STM32H7xx_HAL_Driver/Src/stm32h7xx_hal_adc.c:0:9
	movs	r0, #0
.Ltmp329:
	.loc	7 1497 7 is_stmt 1              @ ../Drivers/STM32H7xx_HAL_Driver/Src/stm32h7xx_hal_adc.c:1497:7
	strb.w	r0, [r6, #80]
	movs	r0, #1
.Ltmp330:
	.loc	7 1507 1 epilogue_begin         @ ../Drivers/STM32H7xx_HAL_Driver/Src/stm32h7xx_hal_adc.c:1507:1
	pop	{r4, r5, r6, pc}
.Ltmp331:
	.loc	7 0 1 is_stmt 0                 @ :0:1
.Ltmp332:
	.p2align	2
.LBB7_5:
	@DEBUG_VALUE: HAL_ADC_Start:tmp_hal_status <- $r0
	@DEBUG_VALUE: HAL_ADC_Start:hadc <- [DW_OP_LLVM_entry_value 1] $r0
	.loc	7 1428 12 is_stmt 1             @ ../Drivers/STM32H7xx_HAL_Driver/Src/stm32h7xx_hal_adc.c:1428:12
	ldr	r1, [r6]
	add.w	r3, r4, #256
.Ltmp333:
	.loc	7 1421 7                        @ ../Drivers/STM32H7xx_HAL_Driver/Src/stm32h7xx_hal_adc.c:1421:7
	ldr	r2, [r6, #84]
.Ltmp334:
	.loc	7 1428 12                       @ ../Drivers/STM32H7xx_HAL_Driver/Src/stm32h7xx_hal_adc.c:1428:12
	cmp	r1, r3
	movw	r3, #3841
	mov	r0, r6
.Ltmp335:
	it	ne
	movne	r4, r1
.Ltmp336:
	.loc	7 1421 7                        @ ../Drivers/STM32H7xx_HAL_Driver/Src/stm32h7xx_hal_adc.c:1421:7
	bic.w	r3, r2, r3
	and	r2, r5, #31
.Ltmp337:
	@DEBUG_VALUE: HAL_ADC_Start:tmp_multimode_config <- $r2
	add.w	r3, r3, #256
	str	r3, [r6, #84]
.Ltmp338:
	.loc	7 1428 59                       @ ../Drivers/STM32H7xx_HAL_Driver/Src/stm32h7xx_hal_adc.c:1428:59
	subs	r3, r4, r1
	clz	r3, r3
	.loc	7 1429 11                       @ ../Drivers/STM32H7xx_HAL_Driver/Src/stm32h7xx_hal_adc.c:1429:11
	it	ne
	cmpne	r2, #0
	bne	.LBB7_7
.Ltmp339:
@ %bb.6:
	@DEBUG_VALUE: HAL_ADC_Start:tmp_multimode_config <- $r2
	@DEBUG_VALUE: HAL_ADC_Start:hadc <- [DW_OP_LLVM_entry_value 1] $r0
	.loc	7 1432 9                        @ ../Drivers/STM32H7xx_HAL_Driver/Src/stm32h7xx_hal_adc.c:1432:9
	ldr	r6, [r0, #84]
	bic	r6, r6, #1048576
	str	r6, [r0, #84]
.Ltmp340:
.LBB7_7:
	@DEBUG_VALUE: HAL_ADC_Start:tmp_multimode_config <- $r2
	@DEBUG_VALUE: HAL_ADC_Start:hadc <- [DW_OP_LLVM_entry_value 1] $r0
	.loc	7 1437 11                       @ ../Drivers/STM32H7xx_HAL_Driver/Src/stm32h7xx_hal_adc.c:1437:11
	ldr	r6, [r0, #84]
.Ltmp341:
	.loc	7 0 0 is_stmt 0                 @ ../Drivers/STM32H7xx_HAL_Driver/Src/stm32h7xx_hal_adc.c:0:0
	lsrs	r3, r3, #5
	.loc	7 1437 11                       @ ../Drivers/STM32H7xx_HAL_Driver/Src/stm32h7xx_hal_adc.c:1437:11
	lsls	r6, r6, #19
	mov.w	r6, #0
.Ltmp342:
	.loc	7 1440 9 is_stmt 1              @ ../Drivers/STM32H7xx_HAL_Driver/Src/stm32h7xx_hal_adc.c:1440:9
	itt	mi
	ldrmi	r6, [r0, #88]
	bicmi	r6, r6, #6
	mov.w	r5, #0
.Ltmp343:
	.loc	7 0 0 is_stmt 0                 @ ../Drivers/STM32H7xx_HAL_Driver/Src/stm32h7xx_hal_adc.c:0:0
	str	r6, [r0, #88]
	mov.w	r6, #28
.Ltmp344:
	.loc	7 1450 7 is_stmt 1              @ ../Drivers/STM32H7xx_HAL_Driver/Src/stm32h7xx_hal_adc.c:1450:7
	str	r6, [r1]
.Ltmp345:
	.loc	7 1455 7                        @ ../Drivers/STM32H7xx_HAL_Driver/Src/stm32h7xx_hal_adc.c:1455:7
	strb.w	r5, [r0, #80]
.Ltmp346:
	.loc	7 1466 11                       @ ../Drivers/STM32H7xx_HAL_Driver/Src/stm32h7xx_hal_adc.c:1466:11
	cbnz	r3, .LBB7_10
.Ltmp347:
@ %bb.8:
	@DEBUG_VALUE: HAL_ADC_Start:tmp_multimode_config <- $r2
	@DEBUG_VALUE: HAL_ADC_Start:hadc <- [DW_OP_LLVM_entry_value 1] $r0
	cmp	r2, #9
	bhi	.LBB7_13
.Ltmp348:
@ %bb.9:
	@DEBUG_VALUE: HAL_ADC_Start:tmp_multimode_config <- $r2
	@DEBUG_VALUE: HAL_ADC_Start:hadc <- [DW_OP_LLVM_entry_value 1] $r0
	.loc	7 0 11 is_stmt 0                @ ../Drivers/STM32H7xx_HAL_Driver/Src/stm32h7xx_hal_adc.c:0:11
	movs	r3, #1
	lsl.w	r2, r3, r2
.Ltmp349:
	movw	r3, #545
	tst	r2, r3
	beq	.LBB7_13
.Ltmp350:
.LBB7_10:
	@DEBUG_VALUE: HAL_ADC_Start:hadc <- [DW_OP_LLVM_entry_value 1] $r0
	.loc	7 1472 13 is_stmt 1             @ ../Drivers/STM32H7xx_HAL_Driver/Src/stm32h7xx_hal_adc.c:1472:13
	ldr	r2, [r1, #12]
.Ltmp351:
	.loc	7 1472 13 is_stmt 0             @ ../Drivers/STM32H7xx_HAL_Driver/Src/stm32h7xx_hal_adc.c:1472:13
	lsls	r2, r2, #6
	bpl	.LBB7_12
.Ltmp352:
@ %bb.11:
	@DEBUG_VALUE: HAL_ADC_Start:hadc <- [DW_OP_LLVM_entry_value 1] $r0
	.loc	7 1474 11 is_stmt 1             @ ../Drivers/STM32H7xx_HAL_Driver/Src/stm32h7xx_hal_adc.c:1474:11
	ldr	r2, [r0, #84]
	movs	r3, #1
	bfi	r2, r3, #12, #2
	str	r2, [r0, #84]
.Ltmp353:
.LBB7_12:
	@DEBUG_VALUE: HAL_ADC_Start:hadc <- [DW_OP_LLVM_entry_value 1] $r0
	@DEBUG_VALUE: LL_ADC_REG_StartConversion:ADCx <- $r1
	.loc	7 0 11 is_stmt 0                @ ../Drivers/STM32H7xx_HAL_Driver/Src/stm32h7xx_hal_adc.c:0:11
	movw	r2, #65472
.Ltmp354:
	.loc	8 7042 3 is_stmt 1              @ ../Drivers/STM32H7xx_HAL_Driver/Inc\stm32h7xx_ll_adc.h:7042:3
	ldr	r0, [r1, #8]
	movt	r2, #32767
	ands	r0, r2
	adds	r0, #4
	str	r0, [r1, #8]
	movs	r0, #0
.Ltmp355:
	.loc	7 1507 1 epilogue_begin         @ ../Drivers/STM32H7xx_HAL_Driver/Src/stm32h7xx_hal_adc.c:1507:1
	pop	{r4, r5, r6, pc}
.Ltmp356:
	.loc	7 0 1 is_stmt 0                 @ :0:1
.Ltmp357:
	.p2align	2
.LBB7_13:
	@DEBUG_VALUE: HAL_ADC_Start:hadc <- [DW_OP_LLVM_entry_value 1] $r0
	.loc	7 1483 9 is_stmt 1              @ ../Drivers/STM32H7xx_HAL_Driver/Src/stm32h7xx_hal_adc.c:1483:9
	ldr	r1, [r0, #84]
	orr	r1, r1, #1048576
	str	r1, [r0, #84]
.Ltmp358:
	@DEBUG_VALUE: HAL_ADC_Start:tmpADC_Master <- $r4
	.loc	7 1487 13                       @ ../Drivers/STM32H7xx_HAL_Driver/Src/stm32h7xx_hal_adc.c:1487:13
	ldr	r1, [r4, #12]
.Ltmp359:
	.loc	7 1487 13 is_stmt 0             @ ../Drivers/STM32H7xx_HAL_Driver/Src/stm32h7xx_hal_adc.c:1487:13
	lsls	r1, r1, #6
	bmi	.LBB7_15
.Ltmp360:
@ %bb.14:
	@DEBUG_VALUE: HAL_ADC_Start:tmpADC_Master <- $r4
	@DEBUG_VALUE: HAL_ADC_Start:hadc <- [DW_OP_LLVM_entry_value 1] $r0
	.loc	7 0 13                          @ ../Drivers/STM32H7xx_HAL_Driver/Src/stm32h7xx_hal_adc.c:0:13
	movs	r0, #0
	.loc	7 1507 1 epilogue_begin is_stmt 1 @ ../Drivers/STM32H7xx_HAL_Driver/Src/stm32h7xx_hal_adc.c:1507:1
	pop	{r4, r5, r6, pc}
.Ltmp361:
	.loc	7 0 1 is_stmt 0                 @ :0:1
.Ltmp362:
	.p2align	2
.LBB7_15:
	@DEBUG_VALUE: HAL_ADC_Start:tmpADC_Master <- $r4
	@DEBUG_VALUE: HAL_ADC_Start:hadc <- [DW_OP_LLVM_entry_value 1] $r0
	.loc	7 1489 11 is_stmt 1             @ ../Drivers/STM32H7xx_HAL_Driver/Src/stm32h7xx_hal_adc.c:1489:11
	ldr	r1, [r0, #84]
	movs	r2, #1
	bfi	r1, r2, #12, #2
	str	r1, [r0, #84]
	movs	r0, #0
.Ltmp363:
	.loc	7 1507 1 epilogue_begin         @ ../Drivers/STM32H7xx_HAL_Driver/Src/stm32h7xx_hal_adc.c:1507:1
	pop	{r4, r5, r6, pc}
.Ltmp364:
.Lfunc_end7:
	.size	HAL_ADC_Start, .Lfunc_end7-HAL_ADC_Start
	.cfi_endproc
	.cantunwind
	.fnend
                                        @ -- End function
	.section	.text.ADC_Enable,"ax",%progbits
	.hidden	ADC_Enable                      @ -- Begin function ADC_Enable
	.globl	ADC_Enable
	.p2align	3
	.type	ADC_Enable,%function
	.code	16                              @ @ADC_Enable
	.thumb_func
ADC_Enable:
.Lfunc_begin8:
	.loc	7 3677 0                        @ ../Drivers/STM32H7xx_HAL_Driver/Src/stm32h7xx_hal_adc.c:3677:0
	.fnstart
	.cfi_startproc
@ %bb.0:
	@DEBUG_VALUE: ADC_Enable:hadc <- $r0
	.save	{r4, r5, r6, r7, lr}
	push	{r4, r5, r6, r7, lr}
	.cfi_def_cfa_offset 20
	.cfi_offset lr, -4
	.cfi_offset r7, -8
	.cfi_offset r6, -12
	.cfi_offset r5, -16
	.cfi_offset r4, -20
	.pad	#4
	sub	sp, #4
	.cfi_def_cfa_offset 24
	mov	r4, r0
.Ltmp365:
	@DEBUG_VALUE: ADC_Enable:hadc <- $r4
	.loc	7 3684 30 prologue_end          @ ../Drivers/STM32H7xx_HAL_Driver/Src/stm32h7xx_hal_adc.c:3684:30
	ldr	r0, [r0]
.Ltmp366:
	@DEBUG_VALUE: LL_ADC_IsEnabled:ADCx <- $r0
	.loc	8 6943 12                       @ ../Drivers/STM32H7xx_HAL_Driver/Inc\stm32h7xx_ll_adc.h:6943:12
	ldr	r1, [r0, #8]
.Ltmp367:
	.loc	7 3684 7                        @ ../Drivers/STM32H7xx_HAL_Driver/Src/stm32h7xx_hal_adc.c:3684:7
	lsls	r1, r1, #31
	bne	.LBB8_10
.Ltmp368:
@ %bb.1:
	@DEBUG_VALUE: ADC_Enable:hadc <- $r4
	.loc	7 0 7 is_stmt 0                 @ ../Drivers/STM32H7xx_HAL_Driver/Src/stm32h7xx_hal_adc.c:0:7
	movw	r7, #65472
.Ltmp369:
	.loc	7 3687 26 is_stmt 1             @ ../Drivers/STM32H7xx_HAL_Driver/Src/stm32h7xx_hal_adc.c:3687:26
	ldr	r1, [r0, #8]
	movt	r7, #32767
	.loc	7 3687 29 is_stmt 0             @ ../Drivers/STM32H7xx_HAL_Driver/Src/stm32h7xx_hal_adc.c:3687:29
	add.w	r2, r7, #127
.Ltmp370:
	.loc	7 3687 9                        @ ../Drivers/STM32H7xx_HAL_Driver/Src/stm32h7xx_hal_adc.c:3687:9
	tst	r1, r2
	beq	.LBB8_3
.Ltmp371:
.LBB8_2:
	@DEBUG_VALUE: ADC_Enable:hadc <- $r4
	.loc	7 0 0                           @ ../Drivers/STM32H7xx_HAL_Driver/Src/stm32h7xx_hal_adc.c:0:0
	ldr	r0, [r4, #84]
	orr	r0, r0, #16
	str	r0, [r4, #84]
	ldr	r0, [r4, #88]
	orr	r0, r0, #1
	str	r0, [r4, #88]
	movs	r0, #1
.Ltmp372:
	.loc	7 3746 1 epilogue_begin is_stmt 1 @ ../Drivers/STM32H7xx_HAL_Driver/Src/stm32h7xx_hal_adc.c:3746:1
	add	sp, #4
	pop	{r4, r5, r6, r7, pc}
.Ltmp373:
	.loc	7 0 1 is_stmt 0                 @ :0:1
.Ltmp374:
	.p2align	2
.LBB8_3:
	@DEBUG_VALUE: ADC_Enable:hadc <- $r4
	@DEBUG_VALUE: LL_ADC_Enable:ADCx <- $r0
	.loc	8 6907 3 is_stmt 1              @ ../Drivers/STM32H7xx_HAL_Driver/Inc\stm32h7xx_ll_adc.h:6907:3
	ldr	r1, [r0, #8]
	ands	r1, r7
	orr	r1, r1, #1
	str	r1, [r0, #8]
.Ltmp375:
	.loc	7 3702 17                       @ ../Drivers/STM32H7xx_HAL_Driver/Src/stm32h7xx_hal_adc.c:3702:17
	bl	HAL_GetTick
.Ltmp376:
	.loc	7 0 17 is_stmt 0                @ ../Drivers/STM32H7xx_HAL_Driver/Src/stm32h7xx_hal_adc.c:0:17
	movw	r2, #8192
	movw	r6, #25352
	movt	r2, #16386
	.loc	7 3706 57 is_stmt 1             @ ../Drivers/STM32H7xx_HAL_Driver/Src/stm32h7xx_hal_adc.c:3706:57
	ldr	r1, [r4]
	add.w	r3, r2, #256
.Ltmp377:
	@DEBUG_VALUE: LL_ADC_GetMultimode:ADCxy_COMMON <- undef
	.loc	8 6603 21                       @ ../Drivers/STM32H7xx_HAL_Driver/Inc\stm32h7xx_ll_adc.h:6603:21
	add.w	r5, r2, #776
	movt	r6, #22530
	cmp	r1, r3
	it	eq
	moveq	r6, r5
	cmp	r1, r2
	it	eq
	moveq	r6, r5
.Ltmp378:
	.loc	7 3708 9                        @ ../Drivers/STM32H7xx_HAL_Driver/Src/stm32h7xx_hal_adc.c:3708:9
	cmp	r1, r3
.Ltmp379:
	.loc	7 3702 17                       @ ../Drivers/STM32H7xx_HAL_Driver/Src/stm32h7xx_hal_adc.c:3702:17
	mov	r5, r0
.Ltmp380:
	@DEBUG_VALUE: ADC_Enable:tickstart <- $r5
	.loc	8 6603 21                       @ ../Drivers/STM32H7xx_HAL_Driver/Inc\stm32h7xx_ll_adc.h:6603:21
	ldr	r0, [r6]
.Ltmp381:
	@DEBUG_VALUE: tmp_multimode_config <- undef
	.loc	7 3708 9                        @ ../Drivers/STM32H7xx_HAL_Driver/Src/stm32h7xx_hal_adc.c:3708:9
	bne	.LBB8_9
.Ltmp382:
@ %bb.4:
	@DEBUG_VALUE: ADC_Enable:tickstart <- $r5
	@DEBUG_VALUE: ADC_Enable:hadc <- $r4
	.loc	7 0 9 is_stmt 0                 @ ../Drivers/STM32H7xx_HAL_Driver/Src/stm32h7xx_hal_adc.c:0:9
	ands	r0, r0, #31
.Ltmp383:
	@DEBUG_VALUE: tmp_multimode_config <- $r0
	bne	.LBB8_10
	b	.LBB8_9
.Ltmp384:
	.p2align	2
.LBB8_5:                                @   in Loop: Header=BB8_9 Depth=1
	@DEBUG_VALUE: ADC_Enable:tickstart <- $r5
	@DEBUG_VALUE: ADC_Enable:hadc <- $r4
	@DEBUG_VALUE: LL_ADC_IsEnabled:ADCx <- $r1
	.loc	8 6943 12 is_stmt 1             @ ../Drivers/STM32H7xx_HAL_Driver/Inc\stm32h7xx_ll_adc.h:6943:12
	ldr	r0, [r1, #8]
.Ltmp385:
	.loc	7 3721 13                       @ ../Drivers/STM32H7xx_HAL_Driver/Src/stm32h7xx_hal_adc.c:3721:13
	lsls	r0, r0, #31
	bne	.LBB8_7
.Ltmp386:
@ %bb.6:                                @   in Loop: Header=BB8_9 Depth=1
	@DEBUG_VALUE: ADC_Enable:tickstart <- $r5
	@DEBUG_VALUE: ADC_Enable:hadc <- $r4
	@DEBUG_VALUE: LL_ADC_Enable:ADCx <- undef
	.loc	8 6907 3                        @ ../Drivers/STM32H7xx_HAL_Driver/Inc\stm32h7xx_ll_adc.h:6907:3
	ldr	r0, [r1, #8]
	ands	r0, r7
	orr	r0, r0, #1
	str	r0, [r1, #8]
.Ltmp387:
.LBB8_7:                                @   in Loop: Header=BB8_9 Depth=1
	@DEBUG_VALUE: ADC_Enable:tickstart <- $r5
	@DEBUG_VALUE: ADC_Enable:hadc <- $r4
	.loc	7 3726 14                       @ ../Drivers/STM32H7xx_HAL_Driver/Src/stm32h7xx_hal_adc.c:3726:14
	bl	HAL_GetTick
.Ltmp388:
	.loc	7 3726 28 is_stmt 0             @ ../Drivers/STM32H7xx_HAL_Driver/Src/stm32h7xx_hal_adc.c:3726:28
	subs	r0, r0, r5
.Ltmp389:
	.loc	7 3711 14 is_stmt 1             @ ../Drivers/STM32H7xx_HAL_Driver/Src/stm32h7xx_hal_adc.c:3711:14
	ldr	r1, [r4]
.Ltmp390:
	.loc	7 3726 13                       @ ../Drivers/STM32H7xx_HAL_Driver/Src/stm32h7xx_hal_adc.c:3726:13
	cmp	r0, #3
	blo	.LBB8_9
.Ltmp391:
@ %bb.8:                                @   in Loop: Header=BB8_9 Depth=1
	@DEBUG_VALUE: ADC_Enable:tickstart <- $r5
	@DEBUG_VALUE: ADC_Enable:hadc <- $r4
	.loc	7 3729 15                       @ ../Drivers/STM32H7xx_HAL_Driver/Src/stm32h7xx_hal_adc.c:3729:15
	ldr	r0, [r1]
.Ltmp392:
	.loc	7 3729 15 is_stmt 0             @ ../Drivers/STM32H7xx_HAL_Driver/Src/stm32h7xx_hal_adc.c:3729:15
	lsls	r0, r0, #31
	beq	.LBB8_2
.Ltmp393:
.LBB8_9:                                @ =>This Inner Loop Header: Depth=1
	@DEBUG_VALUE: ADC_Enable:tickstart <- $r5
	@DEBUG_VALUE: ADC_Enable:hadc <- $r4
	.loc	7 3711 14 is_stmt 1             @ ../Drivers/STM32H7xx_HAL_Driver/Src/stm32h7xx_hal_adc.c:3711:14
	ldr	r0, [r1]
	.loc	7 3711 7 is_stmt 0              @ ../Drivers/STM32H7xx_HAL_Driver/Src/stm32h7xx_hal_adc.c:3711:7
	lsls	r0, r0, #31
	beq	.LBB8_5
.Ltmp394:
.LBB8_10:
	@DEBUG_VALUE: ADC_Enable:hadc <- $r4
	.loc	7 0 7                           @ ../Drivers/STM32H7xx_HAL_Driver/Src/stm32h7xx_hal_adc.c:0:7
	movs	r0, #0
	.loc	7 3746 1 epilogue_begin is_stmt 1 @ ../Drivers/STM32H7xx_HAL_Driver/Src/stm32h7xx_hal_adc.c:3746:1
	add	sp, #4
	pop	{r4, r5, r6, r7, pc}
.Ltmp395:
.Lfunc_end8:
	.size	ADC_Enable, .Lfunc_end8-ADC_Enable
	.cfi_endproc
	.cantunwind
	.fnend
                                        @ -- End function
	.section	.text.HAL_ADC_Stop,"ax",%progbits
	.hidden	HAL_ADC_Stop                    @ -- Begin function HAL_ADC_Stop
	.globl	HAL_ADC_Stop
	.p2align	3
	.type	HAL_ADC_Stop,%function
	.code	16                              @ @HAL_ADC_Stop
	.thumb_func
HAL_ADC_Stop:
.Lfunc_begin9:
	.loc	7 1519 0                        @ ../Drivers/STM32H7xx_HAL_Driver/Src/stm32h7xx_hal_adc.c:1519:0
	.fnstart
	.cfi_startproc
@ %bb.0:
	@DEBUG_VALUE: HAL_ADC_Stop:hadc <- $r0
	.save	{r4, r5, r7, lr}
	push	{r4, r5, r7, lr}
	.cfi_def_cfa_offset 16
	.cfi_offset lr, -4
	.cfi_offset r7, -8
	.cfi_offset r5, -12
	.cfi_offset r4, -16
	mov	r4, r0
.Ltmp396:
	@DEBUG_VALUE: HAL_ADC_Stop:hadc <- $r4
	.loc	7 1526 3 prologue_end           @ ../Drivers/STM32H7xx_HAL_Driver/Src/stm32h7xx_hal_adc.c:1526:3
	ldrb.w	r0, [r0, #80]
.Ltmp397:
	.loc	7 1526 3 is_stmt 0              @ ../Drivers/STM32H7xx_HAL_Driver/Src/stm32h7xx_hal_adc.c:1526:3
	cmp	r0, #1
	bne	.LBB9_2
.Ltmp398:
@ %bb.1:
	@DEBUG_VALUE: HAL_ADC_Stop:hadc <- $r4
	.loc	7 0 3                           @ ../Drivers/STM32H7xx_HAL_Driver/Src/stm32h7xx_hal_adc.c:0:3
	movs	r0, #2
	.loc	7 1552 1 epilogue_begin is_stmt 1 @ ../Drivers/STM32H7xx_HAL_Driver/Src/stm32h7xx_hal_adc.c:1552:1
	pop	{r4, r5, r7, pc}
.Ltmp399:
	.loc	7 0 1 is_stmt 0                 @ :0:1
.Ltmp400:
	.p2align	2
.LBB9_2:
	@DEBUG_VALUE: HAL_ADC_Stop:hadc <- $r4
	.loc	7 1529 20 is_stmt 1             @ ../Drivers/STM32H7xx_HAL_Driver/Src/stm32h7xx_hal_adc.c:1529:20
	movs	r1, #3
	mov	r0, r4
	movs	r5, #1
.Ltmp401:
	.loc	7 1526 3                        @ ../Drivers/STM32H7xx_HAL_Driver/Src/stm32h7xx_hal_adc.c:1526:3
	strb.w	r5, [r4, #80]
.Ltmp402:
	.loc	7 1529 20                       @ ../Drivers/STM32H7xx_HAL_Driver/Src/stm32h7xx_hal_adc.c:1529:20
	bl	ADC_ConversionStop
.Ltmp403:
	@DEBUG_VALUE: HAL_ADC_Stop:tmp_hal_status <- $r0
	.loc	7 1532 7                        @ ../Drivers/STM32H7xx_HAL_Driver/Src/stm32h7xx_hal_adc.c:1532:7
	cbz	r0, .LBB9_4
.Ltmp404:
@ %bb.3:
	@DEBUG_VALUE: HAL_ADC_Stop:tmp_hal_status <- $r0
	@DEBUG_VALUE: HAL_ADC_Stop:hadc <- $r4
	@DEBUG_VALUE: HAL_ADC_Stop:tmp_hal_status <- $r5
	.loc	7 0 7 is_stmt 0                 @ ../Drivers/STM32H7xx_HAL_Driver/Src/stm32h7xx_hal_adc.c:0:7
	movs	r0, #0
.Ltmp405:
	.loc	7 1548 3 is_stmt 1              @ ../Drivers/STM32H7xx_HAL_Driver/Src/stm32h7xx_hal_adc.c:1548:3
	strb.w	r0, [r4, #80]
.Ltmp406:
	.loc	7 1552 1                        @ ../Drivers/STM32H7xx_HAL_Driver/Src/stm32h7xx_hal_adc.c:1552:1
	mov	r0, r5
	.loc	7 1552 1 epilogue_begin is_stmt 0 @ ../Drivers/STM32H7xx_HAL_Driver/Src/stm32h7xx_hal_adc.c:1552:1
	pop	{r4, r5, r7, pc}
.Ltmp407:
	.loc	7 0 1                           @ :0:1
.Ltmp408:
	.p2align	2
.LBB9_4:
	@DEBUG_VALUE: HAL_ADC_Stop:tmp_hal_status <- $r0
	@DEBUG_VALUE: HAL_ADC_Stop:hadc <- $r4
	@DEBUG_VALUE: ADC_Disable:hadc <- $r4
	.loc	7 3758 78 is_stmt 1             @ ../Drivers/STM32H7xx_HAL_Driver/Src/stm32h7xx_hal_adc.c:3758:78
	ldr	r0, [r4]
.Ltmp409:
	@DEBUG_VALUE: LL_ADC_IsDisableOngoing:ADCx <- $r0
	.loc	8 6954 12                       @ ../Drivers/STM32H7xx_HAL_Driver/Inc\stm32h7xx_ll_adc.h:6954:12
	ldr	r1, [r0, #8]
.Ltmp410:
	@DEBUG_VALUE: LL_ADC_IsEnabled:ADCx <- $r0
	@DEBUG_VALUE: ADC_Disable:tmp_adc_is_disable_on_going <- [DW_OP_constu 1, DW_OP_shr, DW_OP_constu 1, DW_OP_and, DW_OP_stack_value] $r1
	.loc	8 6943 12                       @ ../Drivers/STM32H7xx_HAL_Driver/Inc\stm32h7xx_ll_adc.h:6943:12
	ldr	r2, [r0, #8]
.Ltmp411:
	.loc	7 3764 7                        @ ../Drivers/STM32H7xx_HAL_Driver/Src/stm32h7xx_hal_adc.c:3764:7
	lsls	r2, r2, #31
	beq	.LBB9_8
.Ltmp412:
@ %bb.5:
	@DEBUG_VALUE: ADC_Disable:tmp_adc_is_disable_on_going <- [DW_OP_constu 1, DW_OP_shr, DW_OP_constu 1, DW_OP_and, DW_OP_stack_value] $r1
	@DEBUG_VALUE: ADC_Disable:hadc <- $r4
	@DEBUG_VALUE: HAL_ADC_Stop:hadc <- $r4
	.loc	7 0 7 is_stmt 0                 @ ../Drivers/STM32H7xx_HAL_Driver/Src/stm32h7xx_hal_adc.c:0:7
	ands	r1, r1, #2
.Ltmp413:
	.loc	7 3764 7                        @ ../Drivers/STM32H7xx_HAL_Driver/Src/stm32h7xx_hal_adc.c:3764:7
	bne	.LBB9_8
.Ltmp414:
@ %bb.6:
	@DEBUG_VALUE: ADC_Disable:hadc <- $r4
	@DEBUG_VALUE: HAL_ADC_Stop:hadc <- $r4
	.loc	7 3768 26 is_stmt 1             @ ../Drivers/STM32H7xx_HAL_Driver/Src/stm32h7xx_hal_adc.c:3768:26
	ldr	r1, [r0, #8]
	.loc	7 3768 29 is_stmt 0             @ ../Drivers/STM32H7xx_HAL_Driver/Src/stm32h7xx_hal_adc.c:3768:29
	and	r1, r1, #13
.Ltmp415:
	.loc	7 3768 9                        @ ../Drivers/STM32H7xx_HAL_Driver/Src/stm32h7xx_hal_adc.c:3768:9
	cmp	r1, #1
	bne	.LBB9_13
.Ltmp416:
@ %bb.7:
	@DEBUG_VALUE: ADC_Disable:hadc <- $r4
	@DEBUG_VALUE: HAL_ADC_Stop:hadc <- $r4
	@DEBUG_VALUE: LL_ADC_Disable:ADCx <- $r0
	.loc	7 0 9                           @ ../Drivers/STM32H7xx_HAL_Driver/Src/stm32h7xx_hal_adc.c:0:9
	movw	r2, #65472
.Ltmp417:
	.loc	8 6927 3 is_stmt 1              @ ../Drivers/STM32H7xx_HAL_Driver/Inc\stm32h7xx_ll_adc.h:6927:3
	ldr	r1, [r0, #8]
	movt	r2, #32767
	ands	r1, r2
	adds	r1, #2
	str	r1, [r0, #8]
	movs	r1, #3
.Ltmp418:
	.loc	7 3772 7                        @ ../Drivers/STM32H7xx_HAL_Driver/Src/stm32h7xx_hal_adc.c:3772:7
	str	r1, [r0]
.Ltmp419:
	.loc	7 3787 17                       @ ../Drivers/STM32H7xx_HAL_Driver/Src/stm32h7xx_hal_adc.c:3787:17
	bl	HAL_GetTick
.Ltmp420:
	.loc	7 3789 19                       @ ../Drivers/STM32H7xx_HAL_Driver/Src/stm32h7xx_hal_adc.c:3789:19
	ldr	r1, [r4]
	.loc	7 3789 29 is_stmt 0             @ ../Drivers/STM32H7xx_HAL_Driver/Src/stm32h7xx_hal_adc.c:3789:29
	ldr	r1, [r1, #8]
	.loc	7 3789 5                        @ ../Drivers/STM32H7xx_HAL_Driver/Src/stm32h7xx_hal_adc.c:3789:5
	lsls	r1, r1, #31
.Ltmp421:
	@DEBUG_VALUE: ADC_Disable:tickstart <- $r0
	bne	.LBB9_9
.Ltmp422:
.LBB9_8:
	@DEBUG_VALUE: HAL_ADC_Stop:hadc <- $r4
	@DEBUG_VALUE: HAL_ADC_Stop:tmp_hal_status <- 0
	.loc	7 1541 7 is_stmt 1              @ ../Drivers/STM32H7xx_HAL_Driver/Src/stm32h7xx_hal_adc.c:1541:7
	mov	r0, r4
	movw	r2, #4353
	movs	r5, #0
	ldr	r1, [r0, #84]!
	bics	r1, r2
	b	.LBB9_14
.Ltmp423:
	.loc	7 0 7 is_stmt 0                 @ :0:7
.Ltmp424:
	.p2align	2
.LBB9_9:
	@DEBUG_VALUE: ADC_Disable:tickstart <- $r0
	@DEBUG_VALUE: ADC_Disable:hadc <- $r4
	@DEBUG_VALUE: HAL_ADC_Stop:hadc <- $r4
	mov	r5, r0
	@DEBUG_VALUE: ADC_Disable:tickstart <- $r5
	@DEBUG_VALUE: ADC_Disable:tickstart <- $r5
	b	.LBB9_11
.Ltmp425:
	.p2align	2
.LBB9_10:                               @   in Loop: Header=BB9_11 Depth=1
	@DEBUG_VALUE: ADC_Disable:tickstart <- $r5
	@DEBUG_VALUE: ADC_Disable:hadc <- $r4
	@DEBUG_VALUE: HAL_ADC_Stop:hadc <- $r4
	.loc	7 3789 29 is_stmt 1             @ ../Drivers/STM32H7xx_HAL_Driver/Src/stm32h7xx_hal_adc.c:3789:29
	ldr	r0, [r0, #8]
	.loc	7 3789 5 is_stmt 0              @ ../Drivers/STM32H7xx_HAL_Driver/Src/stm32h7xx_hal_adc.c:3789:5
	lsls	r0, r0, #31
	beq	.LBB9_8
.Ltmp426:
.LBB9_11:                               @ =>This Inner Loop Header: Depth=1
	@DEBUG_VALUE: ADC_Disable:tickstart <- $r5
	@DEBUG_VALUE: ADC_Disable:hadc <- $r4
	@DEBUG_VALUE: HAL_ADC_Stop:hadc <- $r4
	.loc	7 3791 12 is_stmt 1             @ ../Drivers/STM32H7xx_HAL_Driver/Src/stm32h7xx_hal_adc.c:3791:12
	bl	HAL_GetTick
.Ltmp427:
	.loc	7 3791 26 is_stmt 0             @ ../Drivers/STM32H7xx_HAL_Driver/Src/stm32h7xx_hal_adc.c:3791:26
	subs	r0, r0, r5
.Ltmp428:
	.loc	7 3791 11                       @ ../Drivers/STM32H7xx_HAL_Driver/Src/stm32h7xx_hal_adc.c:3791:11
	cmp	r0, #3
.Ltmp429:
	.loc	7 3789 19 is_stmt 1             @ ../Drivers/STM32H7xx_HAL_Driver/Src/stm32h7xx_hal_adc.c:3789:19
	ldr	r0, [r4]
.Ltmp430:
	.loc	7 3791 11                       @ ../Drivers/STM32H7xx_HAL_Driver/Src/stm32h7xx_hal_adc.c:3791:11
	blo	.LBB9_10
.Ltmp431:
@ %bb.12:                               @   in Loop: Header=BB9_11 Depth=1
	@DEBUG_VALUE: ADC_Disable:tickstart <- $r5
	@DEBUG_VALUE: ADC_Disable:hadc <- $r4
	@DEBUG_VALUE: HAL_ADC_Stop:hadc <- $r4
	.loc	7 3794 30                       @ ../Drivers/STM32H7xx_HAL_Driver/Src/stm32h7xx_hal_adc.c:3794:30
	ldr	r1, [r0, #8]
.Ltmp432:
	.loc	7 3794 13 is_stmt 0             @ ../Drivers/STM32H7xx_HAL_Driver/Src/stm32h7xx_hal_adc.c:3794:13
	lsls	r1, r1, #31
	beq	.LBB9_10
.Ltmp433:
.LBB9_13:
	@DEBUG_VALUE: ADC_Disable:hadc <- $r4
	@DEBUG_VALUE: HAL_ADC_Stop:hadc <- $r4
	.loc	7 0 0                           @ ../Drivers/STM32H7xx_HAL_Driver/Src/stm32h7xx_hal_adc.c:0:0
	ldr	r0, [r4, #84]
	movs	r5, #1
.Ltmp434:
	@DEBUG_VALUE: HAL_ADC_Stop:tmp_hal_status <- 1
	orr	r0, r0, #16
	str	r0, [r4, #84]
	mov	r0, r4
	ldr	r1, [r0, #88]!
.Ltmp435:
.LBB9_14:
	@DEBUG_VALUE: HAL_ADC_Stop:hadc <- $r4
	orr	r1, r1, #1
	str	r1, [r0]
.Ltmp436:
	@DEBUG_VALUE: HAL_ADC_Stop:tmp_hal_status <- $r5
	movs	r0, #0
.Ltmp437:
	.loc	7 1548 3 is_stmt 1              @ ../Drivers/STM32H7xx_HAL_Driver/Src/stm32h7xx_hal_adc.c:1548:3
	strb.w	r0, [r4, #80]
.Ltmp438:
	.loc	7 1552 1                        @ ../Drivers/STM32H7xx_HAL_Driver/Src/stm32h7xx_hal_adc.c:1552:1
	mov	r0, r5
	.loc	7 1552 1 epilogue_begin is_stmt 0 @ ../Drivers/STM32H7xx_HAL_Driver/Src/stm32h7xx_hal_adc.c:1552:1
	pop	{r4, r5, r7, pc}
.Ltmp439:
.Lfunc_end9:
	.size	HAL_ADC_Stop, .Lfunc_end9-HAL_ADC_Stop
	.cfi_endproc
	.cantunwind
	.fnend
                                        @ -- End function
	.section	.text.HAL_ADC_PollForConversion,"ax",%progbits
	.hidden	HAL_ADC_PollForConversion       @ -- Begin function HAL_ADC_PollForConversion
	.globl	HAL_ADC_PollForConversion
	.p2align	3
	.type	HAL_ADC_PollForConversion,%function
	.code	16                              @ @HAL_ADC_PollForConversion
	.thumb_func
HAL_ADC_PollForConversion:
.Lfunc_begin10:
	.loc	7 1573 0 is_stmt 1              @ ../Drivers/STM32H7xx_HAL_Driver/Src/stm32h7xx_hal_adc.c:1573:0
	.fnstart
	.cfi_startproc
@ %bb.0:
	@DEBUG_VALUE: HAL_ADC_PollForConversion:hadc <- $r0
	@DEBUG_VALUE: HAL_ADC_PollForConversion:Timeout <- $r1
	.save	{r4, r5, r6, r7, r8, r9, r10, r11, lr}
	push.w	{r4, r5, r6, r7, r8, r9, r10, r11, lr}
	.cfi_def_cfa_offset 36
	.cfi_offset lr, -4
	.cfi_offset r11, -8
	.cfi_offset r10, -12
	.cfi_offset r9, -16
	.cfi_offset r8, -20
	.cfi_offset r7, -24
	.cfi_offset r6, -28
	.cfi_offset r5, -32
	.cfi_offset r4, -36
	.pad	#4
	sub	sp, #4
	.cfi_def_cfa_offset 40
	movw	r11, #8192
	movw	r2, #25352
	movt	r11, #16386
	mov	r4, r0
.Ltmp440:
	@DEBUG_VALUE: HAL_ADC_PollForConversion:hadc <- $r4
	.loc	7 1578 55 prologue_end          @ ../Drivers/STM32H7xx_HAL_Driver/Src/stm32h7xx_hal_adc.c:1578:55
	ldr	r0, [r0]
	add.w	r9, r11, #256
.Ltmp441:
	.loc	8 6603 21                       @ ../Drivers/STM32H7xx_HAL_Driver/Inc\stm32h7xx_ll_adc.h:6603:21
	add.w	r3, r11, #776
	movt	r2, #22530
	cmp	r0, r9
	mov	r5, r1
.Ltmp442:
	@DEBUG_VALUE: HAL_ADC_PollForConversion:Timeout <- $r5
	@DEBUG_VALUE: HAL_ADC_PollForConversion:Timeout <- $r5
	it	eq
	moveq	r2, r3
	cmp	r0, r11
	it	eq
	moveq	r2, r3
.Ltmp443:
	.loc	7 1584 18                       @ ../Drivers/STM32H7xx_HAL_Driver/Src/stm32h7xx_hal_adc.c:1584:18
	ldr.w	r8, [r4, #16]
.Ltmp444:
	.loc	8 6603 21                       @ ../Drivers/STM32H7xx_HAL_Driver/Inc\stm32h7xx_ll_adc.h:6603:21
	ldr	r3, [r2]
.Ltmp445:
	.loc	7 1584 7                        @ ../Drivers/STM32H7xx_HAL_Driver/Src/stm32h7xx_hal_adc.c:1584:7
	cmp.w	r8, #8
.Ltmp446:
	.loc	8 6603 21                       @ ../Drivers/STM32H7xx_HAL_Driver/Inc\stm32h7xx_ll_adc.h:6603:21
	and	r10, r3, #31
.Ltmp447:
	@DEBUG_VALUE: HAL_ADC_PollForConversion:tmp_multimode_config <- $r10
	.loc	7 1584 7                        @ ../Drivers/STM32H7xx_HAL_Driver/Src/stm32h7xx_hal_adc.c:1584:7
	bne	.LBB10_2
.Ltmp448:
@ %bb.1:
	@DEBUG_VALUE: HAL_ADC_PollForConversion:tmp_multimode_config <- $r10
	@DEBUG_VALUE: HAL_ADC_PollForConversion:Timeout <- $r5
	@DEBUG_VALUE: HAL_ADC_PollForConversion:hadc <- $r4
	.loc	7 0 7 is_stmt 0                 @ ../Drivers/STM32H7xx_HAL_Driver/Src/stm32h7xx_hal_adc.c:0:7
	movs	r7, #8
	.loc	7 1584 7                        @ ../Drivers/STM32H7xx_HAL_Driver/Src/stm32h7xx_hal_adc.c:1584:7
	b	.LBB10_6
.Ltmp449:
	.loc	7 0 7                           @ :0:7
.Ltmp450:
	.p2align	2
.LBB10_2:
	@DEBUG_VALUE: HAL_ADC_PollForConversion:tmp_multimode_config <- $r10
	@DEBUG_VALUE: HAL_ADC_PollForConversion:Timeout <- $r5
	@DEBUG_VALUE: HAL_ADC_PollForConversion:hadc <- $r4
	.loc	7 1598 9 is_stmt 1              @ ../Drivers/STM32H7xx_HAL_Driver/Src/stm32h7xx_hal_adc.c:1598:9
	cmp.w	r10, #9
	bhi	.LBB10_15
.Ltmp451:
@ %bb.3:
	@DEBUG_VALUE: HAL_ADC_PollForConversion:tmp_multimode_config <- $r10
	@DEBUG_VALUE: HAL_ADC_PollForConversion:Timeout <- $r5
	@DEBUG_VALUE: HAL_ADC_PollForConversion:hadc <- $r4
	.loc	7 0 9 is_stmt 0                 @ ../Drivers/STM32H7xx_HAL_Driver/Src/stm32h7xx_hal_adc.c:0:9
	movs	r1, #1
	movw	r3, #545
	lsl.w	r1, r1, r10
	tst	r1, r3
	beq	.LBB10_15
.Ltmp452:
@ %bb.4:
	@DEBUG_VALUE: HAL_ADC_PollForConversion:tmp_multimode_config <- $r10
	@DEBUG_VALUE: HAL_ADC_PollForConversion:Timeout <- $r5
	@DEBUG_VALUE: HAL_ADC_PollForConversion:hadc <- $r4
	.loc	7 1603 11 is_stmt 1             @ ../Drivers/STM32H7xx_HAL_Driver/Src/stm32h7xx_hal_adc.c:1603:11
	ldr	r0, [r0, #12]
.Ltmp453:
	.loc	7 1603 11 is_stmt 0             @ ../Drivers/STM32H7xx_HAL_Driver/Src/stm32h7xx_hal_adc.c:1603:11
	lsls	r0, r0, #31
	bne	.LBB10_16
.Ltmp454:
.LBB10_5:
	@DEBUG_VALUE: HAL_ADC_PollForConversion:tmp_multimode_config <- $r10
	@DEBUG_VALUE: HAL_ADC_PollForConversion:Timeout <- $r5
	@DEBUG_VALUE: HAL_ADC_PollForConversion:hadc <- $r4
	.loc	7 0 11                          @ ../Drivers/STM32H7xx_HAL_Driver/Src/stm32h7xx_hal_adc.c:0:11
	movs	r7, #4
.Ltmp455:
.LBB10_6:
	@DEBUG_VALUE: HAL_ADC_PollForConversion:tmp_multimode_config <- $r10
	@DEBUG_VALUE: HAL_ADC_PollForConversion:Timeout <- $r5
	@DEBUG_VALUE: HAL_ADC_PollForConversion:hadc <- $r4
	@DEBUG_VALUE: HAL_ADC_PollForConversion:tmp_Flag_End <- $r7
	.loc	7 1629 15 is_stmt 1             @ ../Drivers/STM32H7xx_HAL_Driver/Src/stm32h7xx_hal_adc.c:1629:15
	bl	HAL_GetTick
.Ltmp456:
	.loc	7 1632 17                       @ ../Drivers/STM32H7xx_HAL_Driver/Src/stm32h7xx_hal_adc.c:1632:17
	ldr	r1, [r4]
	.loc	7 1632 27 is_stmt 0             @ ../Drivers/STM32H7xx_HAL_Driver/Src/stm32h7xx_hal_adc.c:1632:27
	ldr	r2, [r1]
	.loc	7 1632 3                        @ ../Drivers/STM32H7xx_HAL_Driver/Src/stm32h7xx_hal_adc.c:1632:3
	tst	r2, r7
.Ltmp457:
	@DEBUG_VALUE: HAL_ADC_PollForConversion:tickstart <- $r0
	bne	.LBB10_20
.Ltmp458:
@ %bb.7:
	@DEBUG_VALUE: HAL_ADC_PollForConversion:tickstart <- $r0
	@DEBUG_VALUE: HAL_ADC_PollForConversion:tmp_Flag_End <- $r7
	@DEBUG_VALUE: HAL_ADC_PollForConversion:tmp_multimode_config <- $r10
	@DEBUG_VALUE: HAL_ADC_PollForConversion:Timeout <- $r5
	@DEBUG_VALUE: HAL_ADC_PollForConversion:hadc <- $r4
	.loc	7 0 3                           @ ../Drivers/STM32H7xx_HAL_Driver/Src/stm32h7xx_hal_adc.c:0:3
	mov	r6, r0
.Ltmp459:
	@DEBUG_VALUE: HAL_ADC_PollForConversion:tickstart <- $r6
	@DEBUG_VALUE: HAL_ADC_PollForConversion:tickstart <- $r6
	adds	r0, r5, #1
	beq	.LBB10_18
.Ltmp460:
@ %bb.8:
	@DEBUG_VALUE: HAL_ADC_PollForConversion:tickstart <- $r6
	@DEBUG_VALUE: HAL_ADC_PollForConversion:tmp_Flag_End <- $r7
	@DEBUG_VALUE: HAL_ADC_PollForConversion:tmp_multimode_config <- $r10
	@DEBUG_VALUE: HAL_ADC_PollForConversion:Timeout <- $r5
	@DEBUG_VALUE: HAL_ADC_PollForConversion:hadc <- $r4
	cbnz	r5, .LBB10_12
.Ltmp461:
	.p2align	2
.LBB10_9:                               @ =>This Inner Loop Header: Depth=1
	@DEBUG_VALUE: HAL_ADC_PollForConversion:tickstart <- $r6
	@DEBUG_VALUE: HAL_ADC_PollForConversion:tmp_Flag_End <- $r7
	@DEBUG_VALUE: HAL_ADC_PollForConversion:tmp_multimode_config <- $r10
	@DEBUG_VALUE: HAL_ADC_PollForConversion:Timeout <- $r5
	@DEBUG_VALUE: HAL_ADC_PollForConversion:hadc <- $r4
	.loc	7 1637 13 is_stmt 1             @ ../Drivers/STM32H7xx_HAL_Driver/Src/stm32h7xx_hal_adc.c:1637:13
	bl	HAL_GetTick
.Ltmp462:
	.loc	7 1640 19                       @ ../Drivers/STM32H7xx_HAL_Driver/Src/stm32h7xx_hal_adc.c:1640:19
	ldr	r1, [r4]
	.loc	7 1640 29 is_stmt 0             @ ../Drivers/STM32H7xx_HAL_Driver/Src/stm32h7xx_hal_adc.c:1640:29
	ldr	r0, [r1]
.Ltmp463:
	.loc	7 1640 12                       @ ../Drivers/STM32H7xx_HAL_Driver/Src/stm32h7xx_hal_adc.c:1640:12
	tst	r0, r7
	beq	.LBB10_14
.Ltmp464:
@ %bb.10:                               @   in Loop: Header=BB10_9 Depth=1
	@DEBUG_VALUE: HAL_ADC_PollForConversion:tickstart <- $r6
	@DEBUG_VALUE: HAL_ADC_PollForConversion:tmp_Flag_End <- $r7
	@DEBUG_VALUE: HAL_ADC_PollForConversion:tmp_multimode_config <- $r10
	@DEBUG_VALUE: HAL_ADC_PollForConversion:Timeout <- $r5
	@DEBUG_VALUE: HAL_ADC_PollForConversion:hadc <- $r4
	.loc	7 1632 27 is_stmt 1             @ ../Drivers/STM32H7xx_HAL_Driver/Src/stm32h7xx_hal_adc.c:1632:27
	ldr	r0, [r1]
	.loc	7 1632 3 is_stmt 0              @ ../Drivers/STM32H7xx_HAL_Driver/Src/stm32h7xx_hal_adc.c:1632:3
	tst	r0, r7
	beq	.LBB10_9
	b	.LBB10_20
.Ltmp465:
	.loc	7 0 3                           @ :0:3
.Ltmp466:
	.p2align	2
.LBB10_11:                              @   in Loop: Header=BB10_12 Depth=1
	@DEBUG_VALUE: HAL_ADC_PollForConversion:tickstart <- $r6
	@DEBUG_VALUE: HAL_ADC_PollForConversion:tmp_Flag_End <- $r7
	@DEBUG_VALUE: HAL_ADC_PollForConversion:tmp_multimode_config <- $r10
	@DEBUG_VALUE: HAL_ADC_PollForConversion:Timeout <- $r5
	@DEBUG_VALUE: HAL_ADC_PollForConversion:hadc <- $r4
	.loc	7 1632 27                       @ ../Drivers/STM32H7xx_HAL_Driver/Src/stm32h7xx_hal_adc.c:1632:27
	ldr	r0, [r1]
	.loc	7 1632 3                        @ ../Drivers/STM32H7xx_HAL_Driver/Src/stm32h7xx_hal_adc.c:1632:3
	tst	r0, r7
	bne	.LBB10_20
.Ltmp467:
.LBB10_12:                              @ =>This Inner Loop Header: Depth=1
	@DEBUG_VALUE: HAL_ADC_PollForConversion:tickstart <- $r6
	@DEBUG_VALUE: HAL_ADC_PollForConversion:tmp_Flag_End <- $r7
	@DEBUG_VALUE: HAL_ADC_PollForConversion:tmp_multimode_config <- $r10
	@DEBUG_VALUE: HAL_ADC_PollForConversion:Timeout <- $r5
	@DEBUG_VALUE: HAL_ADC_PollForConversion:hadc <- $r4
	.loc	7 1637 13 is_stmt 1             @ ../Drivers/STM32H7xx_HAL_Driver/Src/stm32h7xx_hal_adc.c:1637:13
	bl	HAL_GetTick
.Ltmp468:
	.loc	7 1637 27 is_stmt 0             @ ../Drivers/STM32H7xx_HAL_Driver/Src/stm32h7xx_hal_adc.c:1637:27
	subs	r0, r0, r6
.Ltmp469:
	.loc	7 1632 17 is_stmt 1             @ ../Drivers/STM32H7xx_HAL_Driver/Src/stm32h7xx_hal_adc.c:1632:17
	ldr	r1, [r4]
.Ltmp470:
	.loc	7 1637 51                       @ ../Drivers/STM32H7xx_HAL_Driver/Src/stm32h7xx_hal_adc.c:1637:51
	cmp	r0, r5
	bls	.LBB10_11
.Ltmp471:
@ %bb.13:                               @   in Loop: Header=BB10_12 Depth=1
	@DEBUG_VALUE: HAL_ADC_PollForConversion:tickstart <- $r6
	@DEBUG_VALUE: HAL_ADC_PollForConversion:tmp_Flag_End <- $r7
	@DEBUG_VALUE: HAL_ADC_PollForConversion:tmp_multimode_config <- $r10
	@DEBUG_VALUE: HAL_ADC_PollForConversion:Timeout <- $r5
	@DEBUG_VALUE: HAL_ADC_PollForConversion:hadc <- $r4
	.loc	7 1640 29                       @ ../Drivers/STM32H7xx_HAL_Driver/Src/stm32h7xx_hal_adc.c:1640:29
	ldr	r0, [r1]
.Ltmp472:
	.loc	7 1640 12 is_stmt 0             @ ../Drivers/STM32H7xx_HAL_Driver/Src/stm32h7xx_hal_adc.c:1640:12
	tst	r0, r7
	bne	.LBB10_11
.Ltmp473:
.LBB10_14:
	@DEBUG_VALUE: HAL_ADC_PollForConversion:tickstart <- $r6
	@DEBUG_VALUE: HAL_ADC_PollForConversion:tmp_Flag_End <- $r7
	@DEBUG_VALUE: HAL_ADC_PollForConversion:tmp_multimode_config <- $r10
	@DEBUG_VALUE: HAL_ADC_PollForConversion:Timeout <- $r5
	@DEBUG_VALUE: HAL_ADC_PollForConversion:hadc <- $r4
	.loc	7 1643 11 is_stmt 1             @ ../Drivers/STM32H7xx_HAL_Driver/Src/stm32h7xx_hal_adc.c:1643:11
	ldr	r0, [r4, #84]
	orr	r0, r0, #4
	str	r0, [r4, #84]
	movs	r0, #0
.Ltmp474:
	.loc	7 1646 11                       @ ../Drivers/STM32H7xx_HAL_Driver/Src/stm32h7xx_hal_adc.c:1646:11
	strb.w	r0, [r4, #80]
	movs	r0, #3
.Ltmp475:
	.loc	7 1713 1 epilogue_begin         @ ../Drivers/STM32H7xx_HAL_Driver/Src/stm32h7xx_hal_adc.c:1713:1
	add	sp, #4
	pop.w	{r4, r5, r6, r7, r8, r9, r10, r11, pc}
.Ltmp476:
	.loc	7 0 1 is_stmt 0                 @ :0:1
.Ltmp477:
	.p2align	2
.LBB10_15:
	@DEBUG_VALUE: HAL_ADC_PollForConversion:tmp_multimode_config <- $r10
	@DEBUG_VALUE: HAL_ADC_PollForConversion:Timeout <- $r5
	@DEBUG_VALUE: HAL_ADC_PollForConversion:hadc <- $r4
	@DEBUG_VALUE: LL_ADC_GetMultiDMATransfer:ADCxy_COMMON <- undef
	.loc	8 6694 21 is_stmt 1             @ ../Drivers/STM32H7xx_HAL_Driver/Inc\stm32h7xx_ll_adc.h:6694:21
	ldr	r0, [r2]
.Ltmp478:
	.loc	7 1616 11                       @ ../Drivers/STM32H7xx_HAL_Driver/Src/stm32h7xx_hal_adc.c:1616:11
	tst.w	r0, #49152
	beq	.LBB10_5
.Ltmp479:
.LBB10_16:
	@DEBUG_VALUE: HAL_ADC_PollForConversion:tmp_multimode_config <- $r10
	@DEBUG_VALUE: HAL_ADC_PollForConversion:Timeout <- $r5
	@DEBUG_VALUE: HAL_ADC_PollForConversion:hadc <- $r4
	.loc	7 0 0 is_stmt 0                 @ ../Drivers/STM32H7xx_HAL_Driver/Src/stm32h7xx_hal_adc.c:0:0
	ldr	r0, [r4, #84]
	orr	r0, r0, #32
	str	r0, [r4, #84]
	movs	r0, #1
.Ltmp480:
	.loc	7 1713 1 epilogue_begin is_stmt 1 @ ../Drivers/STM32H7xx_HAL_Driver/Src/stm32h7xx_hal_adc.c:1713:1
	add	sp, #4
	pop.w	{r4, r5, r6, r7, r8, r9, r10, r11, pc}
.Ltmp481:
	.loc	7 0 1 is_stmt 0                 @ :0:1
.Ltmp482:
	.p2align	2
.LBB10_17:                              @   in Loop: Header=BB10_18 Depth=1
	@DEBUG_VALUE: HAL_ADC_PollForConversion:tickstart <- $r6
	@DEBUG_VALUE: HAL_ADC_PollForConversion:tmp_Flag_End <- $r7
	@DEBUG_VALUE: HAL_ADC_PollForConversion:tmp_multimode_config <- $r10
	@DEBUG_VALUE: HAL_ADC_PollForConversion:Timeout <- $r5
	@DEBUG_VALUE: HAL_ADC_PollForConversion:hadc <- $r4
	.loc	7 1632 27 is_stmt 1             @ ../Drivers/STM32H7xx_HAL_Driver/Src/stm32h7xx_hal_adc.c:1632:27
	ldr	r0, [r1]
	.loc	7 1632 3 is_stmt 0              @ ../Drivers/STM32H7xx_HAL_Driver/Src/stm32h7xx_hal_adc.c:1632:3
	tst	r0, r7
	bne	.LBB10_20
.Ltmp483:
.LBB10_18:                              @ =>This Inner Loop Header: Depth=1
	@DEBUG_VALUE: HAL_ADC_PollForConversion:tickstart <- $r6
	@DEBUG_VALUE: HAL_ADC_PollForConversion:tmp_Flag_End <- $r7
	@DEBUG_VALUE: HAL_ADC_PollForConversion:tmp_multimode_config <- $r10
	@DEBUG_VALUE: HAL_ADC_PollForConversion:Timeout <- $r5
	@DEBUG_VALUE: HAL_ADC_PollForConversion:hadc <- $r4
	.loc	7 1632 27                       @ ../Drivers/STM32H7xx_HAL_Driver/Src/stm32h7xx_hal_adc.c:1632:27
	ldr	r0, [r1]
	.loc	7 1632 3                        @ ../Drivers/STM32H7xx_HAL_Driver/Src/stm32h7xx_hal_adc.c:1632:3
	tst	r0, r7
	bne	.LBB10_20
.Ltmp484:
@ %bb.19:                               @   in Loop: Header=BB10_18 Depth=1
	@DEBUG_VALUE: HAL_ADC_PollForConversion:tickstart <- $r6
	@DEBUG_VALUE: HAL_ADC_PollForConversion:tmp_Flag_End <- $r7
	@DEBUG_VALUE: HAL_ADC_PollForConversion:tmp_multimode_config <- $r10
	@DEBUG_VALUE: HAL_ADC_PollForConversion:Timeout <- $r5
	@DEBUG_VALUE: HAL_ADC_PollForConversion:hadc <- $r4
	.loc	7 1632 27                       @ ../Drivers/STM32H7xx_HAL_Driver/Src/stm32h7xx_hal_adc.c:1632:27
	ldr	r0, [r1]
	.loc	7 1632 3                        @ ../Drivers/STM32H7xx_HAL_Driver/Src/stm32h7xx_hal_adc.c:1632:3
	tst	r0, r7
	.loc	7 1632 27                       @ ../Drivers/STM32H7xx_HAL_Driver/Src/stm32h7xx_hal_adc.c:1632:27
	itt	eq
	ldreq	r0, [r1]
	.loc	7 1632 3                        @ ../Drivers/STM32H7xx_HAL_Driver/Src/stm32h7xx_hal_adc.c:1632:3
	tsteq	r0, r7
	beq	.LBB10_17
.Ltmp485:
.LBB10_20:
	@DEBUG_VALUE: HAL_ADC_PollForConversion:tmp_Flag_End <- $r7
	@DEBUG_VALUE: HAL_ADC_PollForConversion:tmp_multimode_config <- $r10
	@DEBUG_VALUE: HAL_ADC_PollForConversion:Timeout <- $r5
	@DEBUG_VALUE: HAL_ADC_PollForConversion:hadc <- $r4
	.loc	7 1655 3 is_stmt 1              @ ../Drivers/STM32H7xx_HAL_Driver/Src/stm32h7xx_hal_adc.c:1655:3
	ldr	r0, [r4, #84]
	orr	r0, r0, #512
	str	r0, [r4, #84]
.Ltmp486:
	@DEBUG_VALUE: LL_ADC_REG_IsTriggerSourceSWStart:ADCx <- $r1
	.loc	8 3930 12                       @ ../Drivers/STM32H7xx_HAL_Driver/Inc\stm32h7xx_ll_adc.h:3930:12
	ldr	r0, [r1, #12]
.Ltmp487:
	.loc	7 1660 7                        @ ../Drivers/STM32H7xx_HAL_Driver/Src/stm32h7xx_hal_adc.c:1660:7
	tst.w	r0, #3072
	bne	.LBB10_25
.Ltmp488:
@ %bb.21:
	@DEBUG_VALUE: HAL_ADC_PollForConversion:tmp_Flag_End <- $r7
	@DEBUG_VALUE: HAL_ADC_PollForConversion:tmp_multimode_config <- $r10
	@DEBUG_VALUE: HAL_ADC_PollForConversion:Timeout <- $r5
	@DEBUG_VALUE: HAL_ADC_PollForConversion:hadc <- $r4
	.loc	7 1660 22 is_stmt 0             @ ../Drivers/STM32H7xx_HAL_Driver/Src/stm32h7xx_hal_adc.c:1660:22
	ldrb	r0, [r4, #21]
.Ltmp489:
	.loc	7 1659 7 is_stmt 1              @ ../Drivers/STM32H7xx_HAL_Driver/Src/stm32h7xx_hal_adc.c:1659:7
	cbnz	r0, .LBB10_25
.Ltmp490:
@ %bb.22:
	@DEBUG_VALUE: HAL_ADC_PollForConversion:tmp_Flag_End <- $r7
	@DEBUG_VALUE: HAL_ADC_PollForConversion:tmp_multimode_config <- $r10
	@DEBUG_VALUE: HAL_ADC_PollForConversion:Timeout <- $r5
	@DEBUG_VALUE: HAL_ADC_PollForConversion:hadc <- $r4
	.loc	7 1664 9                        @ ../Drivers/STM32H7xx_HAL_Driver/Src/stm32h7xx_hal_adc.c:1664:9
	ldr	r0, [r1]
.Ltmp491:
	.loc	7 1664 9 is_stmt 0              @ ../Drivers/STM32H7xx_HAL_Driver/Src/stm32h7xx_hal_adc.c:1664:9
	lsls	r0, r0, #28
	bpl	.LBB10_25
.Ltmp492:
@ %bb.23:
	@DEBUG_VALUE: HAL_ADC_PollForConversion:tmp_Flag_End <- $r7
	@DEBUG_VALUE: HAL_ADC_PollForConversion:tmp_multimode_config <- $r10
	@DEBUG_VALUE: HAL_ADC_PollForConversion:Timeout <- $r5
	@DEBUG_VALUE: HAL_ADC_PollForConversion:hadc <- $r4
	.loc	7 1667 7 is_stmt 1              @ ../Drivers/STM32H7xx_HAL_Driver/Src/stm32h7xx_hal_adc.c:1667:7
	ldr	r0, [r4, #84]
	bic	r0, r0, #256
	str	r0, [r4, #84]
.Ltmp493:
	.loc	7 1669 18                       @ ../Drivers/STM32H7xx_HAL_Driver/Src/stm32h7xx_hal_adc.c:1669:18
	ldr	r0, [r4, #84]
.Ltmp494:
	.loc	7 1669 11 is_stmt 0             @ ../Drivers/STM32H7xx_HAL_Driver/Src/stm32h7xx_hal_adc.c:1669:11
	lsls	r0, r0, #19
	bmi	.LBB10_25
.Ltmp495:
@ %bb.24:
	@DEBUG_VALUE: HAL_ADC_PollForConversion:tmp_Flag_End <- $r7
	@DEBUG_VALUE: HAL_ADC_PollForConversion:tmp_multimode_config <- $r10
	@DEBUG_VALUE: HAL_ADC_PollForConversion:Timeout <- $r5
	@DEBUG_VALUE: HAL_ADC_PollForConversion:hadc <- $r4
	.loc	7 1671 9 is_stmt 1              @ ../Drivers/STM32H7xx_HAL_Driver/Src/stm32h7xx_hal_adc.c:1671:9
	ldr	r0, [r4, #84]
	orr	r0, r0, #1
	str	r0, [r4, #84]
.Ltmp496:
.LBB10_25:
	@DEBUG_VALUE: HAL_ADC_PollForConversion:tmp_Flag_End <- $r7
	@DEBUG_VALUE: HAL_ADC_PollForConversion:tmp_multimode_config <- $r10
	@DEBUG_VALUE: HAL_ADC_PollForConversion:Timeout <- $r5
	@DEBUG_VALUE: HAL_ADC_PollForConversion:hadc <- $r4
	.loc	7 0 9 is_stmt 0                 @ ../Drivers/STM32H7xx_HAL_Driver/Src/stm32h7xx_hal_adc.c:0:9
	clz	r0, r10
	sub.w	r2, r10, #5
	clz	r2, r2
	sub.w	r3, r10, #9
	clz	r3, r3
	lsrs	r0, r0, #5
	lsrs	r2, r2, #5
.Ltmp497:
	.loc	7 1679 8 is_stmt 1              @ ../Drivers/STM32H7xx_HAL_Driver/Src/stm32h7xx_hal_adc.c:1679:8
	cmp	r1, r9
	it	ne
	movne	r11, r1
	.loc	7 1680 7                        @ ../Drivers/STM32H7xx_HAL_Driver/Src/stm32h7xx_hal_adc.c:1680:7
	orrs	r0, r2
	lsrs	r2, r3, #5
	orrs	r0, r2
	lsls	r0, r0, #31
	mov	r0, r11
	it	ne
	movne	r0, r1
	cmp	r11, r1
	it	eq
	moveq	r0, r11
.Ltmp498:
	.loc	7 1696 7                        @ ../Drivers/STM32H7xx_HAL_Driver/Src/stm32h7xx_hal_adc.c:1696:7
	cmp.w	r8, #8
.Ltmp499:
	.loc	7 0 0 is_stmt 0                 @ ../Drivers/STM32H7xx_HAL_Driver/Src/stm32h7xx_hal_adc.c:0:0
	ldr	r0, [r0, #12]
.Ltmp500:
	@DEBUG_VALUE: HAL_ADC_PollForConversion:tmp_cfgr <- $r0
	.loc	7 1696 7                        @ ../Drivers/STM32H7xx_HAL_Driver/Src/stm32h7xx_hal_adc.c:1696:7
	bne	.LBB10_27
.Ltmp501:
@ %bb.26:
	@DEBUG_VALUE: HAL_ADC_PollForConversion:tmp_cfgr <- $r0
	@DEBUG_VALUE: HAL_ADC_PollForConversion:tmp_Flag_End <- $r7
	@DEBUG_VALUE: HAL_ADC_PollForConversion:tmp_multimode_config <- $r10
	@DEBUG_VALUE: HAL_ADC_PollForConversion:Timeout <- $r5
	@DEBUG_VALUE: HAL_ADC_PollForConversion:hadc <- $r4
	.loc	7 0 7                           @ ../Drivers/STM32H7xx_HAL_Driver/Src/stm32h7xx_hal_adc.c:0:7
	movs	r0, #8
.Ltmp502:
	.loc	7 1698 5 is_stmt 1              @ ../Drivers/STM32H7xx_HAL_Driver/Src/stm32h7xx_hal_adc.c:1698:5
	b	.LBB10_29
.Ltmp503:
	.loc	7 0 5 is_stmt 0                 @ :0:5
.Ltmp504:
	.p2align	2
.LBB10_27:
	@DEBUG_VALUE: HAL_ADC_PollForConversion:tmp_cfgr <- $r0
	@DEBUG_VALUE: HAL_ADC_PollForConversion:tmp_Flag_End <- $r7
	@DEBUG_VALUE: HAL_ADC_PollForConversion:tmp_multimode_config <- $r10
	@DEBUG_VALUE: HAL_ADC_PollForConversion:Timeout <- $r5
	@DEBUG_VALUE: HAL_ADC_PollForConversion:hadc <- $r4
	.loc	7 1705 9 is_stmt 1              @ ../Drivers/STM32H7xx_HAL_Driver/Src/stm32h7xx_hal_adc.c:1705:9
	lsls	r0, r0, #17
.Ltmp505:
	bmi	.LBB10_30
.Ltmp506:
@ %bb.28:
	@DEBUG_VALUE: HAL_ADC_PollForConversion:tmp_Flag_End <- $r7
	@DEBUG_VALUE: HAL_ADC_PollForConversion:tmp_multimode_config <- $r10
	@DEBUG_VALUE: HAL_ADC_PollForConversion:Timeout <- $r5
	@DEBUG_VALUE: HAL_ADC_PollForConversion:hadc <- $r4
	.loc	7 0 9 is_stmt 0                 @ ../Drivers/STM32H7xx_HAL_Driver/Src/stm32h7xx_hal_adc.c:0:9
	movs	r0, #12
.Ltmp507:
.LBB10_29:
	@DEBUG_VALUE: HAL_ADC_PollForConversion:tmp_Flag_End <- $r7
	@DEBUG_VALUE: HAL_ADC_PollForConversion:tmp_multimode_config <- $r10
	@DEBUG_VALUE: HAL_ADC_PollForConversion:Timeout <- $r5
	@DEBUG_VALUE: HAL_ADC_PollForConversion:hadc <- $r4
	str	r0, [r1]
.Ltmp508:
.LBB10_30:
	@DEBUG_VALUE: HAL_ADC_PollForConversion:tmp_Flag_End <- $r7
	@DEBUG_VALUE: HAL_ADC_PollForConversion:tmp_multimode_config <- $r10
	@DEBUG_VALUE: HAL_ADC_PollForConversion:Timeout <- $r5
	@DEBUG_VALUE: HAL_ADC_PollForConversion:hadc <- $r4
	movs	r0, #0
	.loc	7 1713 1 epilogue_begin is_stmt 1 @ ../Drivers/STM32H7xx_HAL_Driver/Src/stm32h7xx_hal_adc.c:1713:1
	add	sp, #4
	pop.w	{r4, r5, r6, r7, r8, r9, r10, r11, pc}
.Ltmp509:
.Lfunc_end10:
	.size	HAL_ADC_PollForConversion, .Lfunc_end10-HAL_ADC_PollForConversion
	.cfi_endproc
	.cantunwind
	.fnend
                                        @ -- End function
	.section	.text.HAL_ADC_PollForEvent,"ax",%progbits
	.hidden	HAL_ADC_PollForEvent            @ -- Begin function HAL_ADC_PollForEvent
	.globl	HAL_ADC_PollForEvent
	.p2align	3
	.type	HAL_ADC_PollForEvent,%function
	.code	16                              @ @HAL_ADC_PollForEvent
	.thumb_func
HAL_ADC_PollForEvent:
.Lfunc_begin11:
	.loc	7 1736 0                        @ ../Drivers/STM32H7xx_HAL_Driver/Src/stm32h7xx_hal_adc.c:1736:0
	.fnstart
	.cfi_startproc
@ %bb.0:
	@DEBUG_VALUE: HAL_ADC_PollForEvent:hadc <- $r0
	@DEBUG_VALUE: HAL_ADC_PollForEvent:EventType <- $r1
	@DEBUG_VALUE: HAL_ADC_PollForEvent:Timeout <- $r2
	.save	{r4, r5, r6, r7, lr}
	push	{r4, r5, r6, r7, lr}
	.cfi_def_cfa_offset 20
	.cfi_offset lr, -4
	.cfi_offset r7, -8
	.cfi_offset r6, -12
	.cfi_offset r5, -16
	.cfi_offset r4, -20
	.pad	#4
	sub	sp, #4
	.cfi_def_cfa_offset 24
	mov	r6, r2
.Ltmp510:
	@DEBUG_VALUE: HAL_ADC_PollForEvent:Timeout <- $r6
	@DEBUG_VALUE: HAL_ADC_PollForEvent:Timeout <- $r6
	mov	r5, r1
.Ltmp511:
	@DEBUG_VALUE: HAL_ADC_PollForEvent:EventType <- $r5
	@DEBUG_VALUE: HAL_ADC_PollForEvent:EventType <- $r5
	mov	r4, r0
.Ltmp512:
	@DEBUG_VALUE: HAL_ADC_PollForEvent:hadc <- $r4
	@DEBUG_VALUE: HAL_ADC_PollForEvent:hadc <- $r4
	.loc	7 1744 15 prologue_end          @ ../Drivers/STM32H7xx_HAL_Driver/Src/stm32h7xx_hal_adc.c:1744:15
	bl	HAL_GetTick
.Ltmp513:
	.loc	7 1747 10                       @ ../Drivers/STM32H7xx_HAL_Driver/Src/stm32h7xx_hal_adc.c:1747:10
	ldr	r1, [r4]
	ldr	r2, [r1]
	ands	r2, r5
	.loc	7 1747 3 is_stmt 0              @ ../Drivers/STM32H7xx_HAL_Driver/Src/stm32h7xx_hal_adc.c:1747:3
	cmp	r2, r5
.Ltmp514:
	@DEBUG_VALUE: HAL_ADC_PollForEvent:tickstart <- $r0
	beq	.LBB11_12
.Ltmp515:
@ %bb.1:
	@DEBUG_VALUE: HAL_ADC_PollForEvent:tickstart <- $r0
	@DEBUG_VALUE: HAL_ADC_PollForEvent:hadc <- $r4
	@DEBUG_VALUE: HAL_ADC_PollForEvent:EventType <- $r5
	@DEBUG_VALUE: HAL_ADC_PollForEvent:Timeout <- $r6
	.loc	7 0 3                           @ ../Drivers/STM32H7xx_HAL_Driver/Src/stm32h7xx_hal_adc.c:0:3
	mov	r7, r0
.Ltmp516:
	@DEBUG_VALUE: HAL_ADC_PollForEvent:tickstart <- $r7
	@DEBUG_VALUE: HAL_ADC_PollForEvent:tickstart <- $r7
	adds	r0, r6, #1
	beq	.LBB11_10
.Ltmp517:
@ %bb.2:
	@DEBUG_VALUE: HAL_ADC_PollForEvent:tickstart <- $r7
	@DEBUG_VALUE: HAL_ADC_PollForEvent:hadc <- $r4
	@DEBUG_VALUE: HAL_ADC_PollForEvent:EventType <- $r5
	@DEBUG_VALUE: HAL_ADC_PollForEvent:Timeout <- $r6
	cbnz	r6, .LBB11_6
.Ltmp518:
	.p2align	2
.LBB11_3:                               @ =>This Inner Loop Header: Depth=1
	@DEBUG_VALUE: HAL_ADC_PollForEvent:tickstart <- $r7
	@DEBUG_VALUE: HAL_ADC_PollForEvent:hadc <- $r4
	@DEBUG_VALUE: HAL_ADC_PollForEvent:EventType <- $r5
	@DEBUG_VALUE: HAL_ADC_PollForEvent:Timeout <- $r6
	.loc	7 1752 13 is_stmt 1             @ ../Drivers/STM32H7xx_HAL_Driver/Src/stm32h7xx_hal_adc.c:1752:13
	bl	HAL_GetTick
.Ltmp519:
	.loc	7 1755 12                       @ ../Drivers/STM32H7xx_HAL_Driver/Src/stm32h7xx_hal_adc.c:1755:12
	ldr	r1, [r4]
	ldr	r0, [r1]
	ands	r0, r5
.Ltmp520:
	.loc	7 1755 12 is_stmt 0             @ ../Drivers/STM32H7xx_HAL_Driver/Src/stm32h7xx_hal_adc.c:1755:12
	cmp	r0, r5
	bne	.LBB11_8
.Ltmp521:
@ %bb.4:                                @   in Loop: Header=BB11_3 Depth=1
	@DEBUG_VALUE: HAL_ADC_PollForEvent:tickstart <- $r7
	@DEBUG_VALUE: HAL_ADC_PollForEvent:hadc <- $r4
	@DEBUG_VALUE: HAL_ADC_PollForEvent:EventType <- $r5
	@DEBUG_VALUE: HAL_ADC_PollForEvent:Timeout <- $r6
	.loc	7 1747 10 is_stmt 1             @ ../Drivers/STM32H7xx_HAL_Driver/Src/stm32h7xx_hal_adc.c:1747:10
	ldr	r0, [r1]
	ands	r0, r5
	.loc	7 1747 3 is_stmt 0              @ ../Drivers/STM32H7xx_HAL_Driver/Src/stm32h7xx_hal_adc.c:1747:3
	cmp	r0, r5
	bne	.LBB11_3
	b	.LBB11_12
.Ltmp522:
	.loc	7 0 3                           @ :0:3
.Ltmp523:
	.p2align	2
.LBB11_5:                               @   in Loop: Header=BB11_6 Depth=1
	@DEBUG_VALUE: HAL_ADC_PollForEvent:tickstart <- $r7
	@DEBUG_VALUE: HAL_ADC_PollForEvent:hadc <- $r4
	@DEBUG_VALUE: HAL_ADC_PollForEvent:EventType <- $r5
	@DEBUG_VALUE: HAL_ADC_PollForEvent:Timeout <- $r6
	.loc	7 1747 10                       @ ../Drivers/STM32H7xx_HAL_Driver/Src/stm32h7xx_hal_adc.c:1747:10
	ldr	r0, [r1]
	ands	r0, r5
	.loc	7 1747 3                        @ ../Drivers/STM32H7xx_HAL_Driver/Src/stm32h7xx_hal_adc.c:1747:3
	cmp	r0, r5
	beq	.LBB11_12
.Ltmp524:
.LBB11_6:                               @ =>This Inner Loop Header: Depth=1
	@DEBUG_VALUE: HAL_ADC_PollForEvent:tickstart <- $r7
	@DEBUG_VALUE: HAL_ADC_PollForEvent:hadc <- $r4
	@DEBUG_VALUE: HAL_ADC_PollForEvent:EventType <- $r5
	@DEBUG_VALUE: HAL_ADC_PollForEvent:Timeout <- $r6
	.loc	7 1752 13 is_stmt 1             @ ../Drivers/STM32H7xx_HAL_Driver/Src/stm32h7xx_hal_adc.c:1752:13
	bl	HAL_GetTick
.Ltmp525:
	.loc	7 1752 27 is_stmt 0             @ ../Drivers/STM32H7xx_HAL_Driver/Src/stm32h7xx_hal_adc.c:1752:27
	subs	r0, r0, r7
.Ltmp526:
	.loc	7 1747 10 is_stmt 1             @ ../Drivers/STM32H7xx_HAL_Driver/Src/stm32h7xx_hal_adc.c:1747:10
	ldr	r1, [r4]
.Ltmp527:
	.loc	7 1752 51                       @ ../Drivers/STM32H7xx_HAL_Driver/Src/stm32h7xx_hal_adc.c:1752:51
	cmp	r0, r6
	bls	.LBB11_5
.Ltmp528:
@ %bb.7:                                @   in Loop: Header=BB11_6 Depth=1
	@DEBUG_VALUE: HAL_ADC_PollForEvent:tickstart <- $r7
	@DEBUG_VALUE: HAL_ADC_PollForEvent:hadc <- $r4
	@DEBUG_VALUE: HAL_ADC_PollForEvent:EventType <- $r5
	@DEBUG_VALUE: HAL_ADC_PollForEvent:Timeout <- $r6
	.loc	7 1755 12                       @ ../Drivers/STM32H7xx_HAL_Driver/Src/stm32h7xx_hal_adc.c:1755:12
	ldr	r0, [r1]
	ands	r0, r5
.Ltmp529:
	.loc	7 1755 12 is_stmt 0             @ ../Drivers/STM32H7xx_HAL_Driver/Src/stm32h7xx_hal_adc.c:1755:12
	cmp	r0, r5
	beq	.LBB11_5
.Ltmp530:
.LBB11_8:
	@DEBUG_VALUE: HAL_ADC_PollForEvent:tickstart <- $r7
	@DEBUG_VALUE: HAL_ADC_PollForEvent:hadc <- $r4
	@DEBUG_VALUE: HAL_ADC_PollForEvent:EventType <- $r5
	@DEBUG_VALUE: HAL_ADC_PollForEvent:Timeout <- $r6
	.loc	7 1758 11 is_stmt 1             @ ../Drivers/STM32H7xx_HAL_Driver/Src/stm32h7xx_hal_adc.c:1758:11
	ldr	r0, [r4, #84]
	orr	r0, r0, #4
	str	r0, [r4, #84]
	movs	r0, #0
.Ltmp531:
	.loc	7 1761 11                       @ ../Drivers/STM32H7xx_HAL_Driver/Src/stm32h7xx_hal_adc.c:1761:11
	strb.w	r0, [r4, #80]
	movs	r0, #3
.Ltmp532:
	.loc	7 1859 1 epilogue_begin         @ ../Drivers/STM32H7xx_HAL_Driver/Src/stm32h7xx_hal_adc.c:1859:1
	add	sp, #4
	pop	{r4, r5, r6, r7, pc}
.Ltmp533:
	.loc	7 0 1 is_stmt 0                 @ :0:1
.Ltmp534:
	.p2align	2
.LBB11_9:                               @   in Loop: Header=BB11_10 Depth=1
	@DEBUG_VALUE: HAL_ADC_PollForEvent:tickstart <- $r7
	@DEBUG_VALUE: HAL_ADC_PollForEvent:hadc <- $r4
	@DEBUG_VALUE: HAL_ADC_PollForEvent:EventType <- $r5
	@DEBUG_VALUE: HAL_ADC_PollForEvent:Timeout <- $r6
	.loc	7 1747 10 is_stmt 1             @ ../Drivers/STM32H7xx_HAL_Driver/Src/stm32h7xx_hal_adc.c:1747:10
	ldr	r0, [r1]
	ands	r0, r5
	.loc	7 1747 3 is_stmt 0              @ ../Drivers/STM32H7xx_HAL_Driver/Src/stm32h7xx_hal_adc.c:1747:3
	cmp	r0, r5
	beq	.LBB11_12
.Ltmp535:
.LBB11_10:                              @ =>This Inner Loop Header: Depth=1
	@DEBUG_VALUE: HAL_ADC_PollForEvent:tickstart <- $r7
	@DEBUG_VALUE: HAL_ADC_PollForEvent:hadc <- $r4
	@DEBUG_VALUE: HAL_ADC_PollForEvent:EventType <- $r5
	@DEBUG_VALUE: HAL_ADC_PollForEvent:Timeout <- $r6
	.loc	7 1747 10                       @ ../Drivers/STM32H7xx_HAL_Driver/Src/stm32h7xx_hal_adc.c:1747:10
	ldr	r0, [r1]
	ands	r0, r5
	.loc	7 1747 3                        @ ../Drivers/STM32H7xx_HAL_Driver/Src/stm32h7xx_hal_adc.c:1747:3
	cmp	r0, r5
	beq	.LBB11_12
.Ltmp536:
@ %bb.11:                               @   in Loop: Header=BB11_10 Depth=1
	@DEBUG_VALUE: HAL_ADC_PollForEvent:tickstart <- $r7
	@DEBUG_VALUE: HAL_ADC_PollForEvent:hadc <- $r4
	@DEBUG_VALUE: HAL_ADC_PollForEvent:EventType <- $r5
	@DEBUG_VALUE: HAL_ADC_PollForEvent:Timeout <- $r6
	.loc	7 1747 10                       @ ../Drivers/STM32H7xx_HAL_Driver/Src/stm32h7xx_hal_adc.c:1747:10
	ldr	r0, [r1]
	ands	r0, r5
	.loc	7 1747 3                        @ ../Drivers/STM32H7xx_HAL_Driver/Src/stm32h7xx_hal_adc.c:1747:3
	cmp	r0, r5
	.loc	7 1747 10                       @ ../Drivers/STM32H7xx_HAL_Driver/Src/stm32h7xx_hal_adc.c:1747:10
	ittt	ne
	ldrne	r0, [r1]
	andne	r0, r5
	.loc	7 1747 3                        @ ../Drivers/STM32H7xx_HAL_Driver/Src/stm32h7xx_hal_adc.c:1747:3
	cmpne	r0, r5
	bne	.LBB11_9
.Ltmp537:
.LBB11_12:
	@DEBUG_VALUE: HAL_ADC_PollForEvent:hadc <- $r4
	@DEBUG_VALUE: HAL_ADC_PollForEvent:EventType <- $r5
	@DEBUG_VALUE: HAL_ADC_PollForEvent:Timeout <- $r6
	.loc	7 1769 3 is_stmt 1              @ ../Drivers/STM32H7xx_HAL_Driver/Src/stm32h7xx_hal_adc.c:1769:3
	cmp	r5, #255
	ble	.LBB11_17
.Ltmp538:
@ %bb.13:
	@DEBUG_VALUE: HAL_ADC_PollForEvent:hadc <- $r4
	@DEBUG_VALUE: HAL_ADC_PollForEvent:EventType <- $r5
	@DEBUG_VALUE: HAL_ADC_PollForEvent:Timeout <- $r6
	cmp.w	r5, #256
	beq	.LBB11_20
.Ltmp539:
@ %bb.14:
	@DEBUG_VALUE: HAL_ADC_PollForEvent:hadc <- $r4
	@DEBUG_VALUE: HAL_ADC_PollForEvent:EventType <- $r5
	@DEBUG_VALUE: HAL_ADC_PollForEvent:Timeout <- $r6
	cmp.w	r5, #512
	beq	.LBB11_21
.Ltmp540:
@ %bb.15:
	@DEBUG_VALUE: HAL_ADC_PollForEvent:hadc <- $r4
	@DEBUG_VALUE: HAL_ADC_PollForEvent:EventType <- $r5
	@DEBUG_VALUE: HAL_ADC_PollForEvent:Timeout <- $r6
	cmp.w	r5, #1024
	bne	.LBB11_23
.Ltmp541:
@ %bb.16:
	@DEBUG_VALUE: HAL_ADC_PollForEvent:hadc <- $r4
	@DEBUG_VALUE: HAL_ADC_PollForEvent:EventType <- $r5
	@DEBUG_VALUE: HAL_ADC_PollForEvent:Timeout <- $r6
	.loc	7 1823 7                        @ ../Drivers/STM32H7xx_HAL_Driver/Src/stm32h7xx_hal_adc.c:1823:7
	ldr	r0, [r4, #84]
	orr	r0, r0, #16384
	str	r0, [r4, #84]
	.loc	7 1826 7                        @ ../Drivers/STM32H7xx_HAL_Driver/Src/stm32h7xx_hal_adc.c:1826:7
	ldr	r0, [r4, #88]
	orr	r0, r0, #8
	str	r0, [r4, #88]
	mov.w	r0, #1024
	.loc	7 0 0 is_stmt 0                 @ ../Drivers/STM32H7xx_HAL_Driver/Src/stm32h7xx_hal_adc.c:0:0
	str	r0, [r1]
	movs	r0, #0
.Ltmp542:
	.loc	7 1859 1 epilogue_begin is_stmt 1 @ ../Drivers/STM32H7xx_HAL_Driver/Src/stm32h7xx_hal_adc.c:1859:1
	add	sp, #4
	pop	{r4, r5, r6, r7, pc}
.Ltmp543:
	.loc	7 0 1 is_stmt 0                 @ :0:1
.Ltmp544:
	.p2align	2
.LBB11_17:
	@DEBUG_VALUE: HAL_ADC_PollForEvent:hadc <- $r4
	@DEBUG_VALUE: HAL_ADC_PollForEvent:EventType <- $r5
	@DEBUG_VALUE: HAL_ADC_PollForEvent:Timeout <- $r6
	.loc	7 1769 3 is_stmt 1              @ ../Drivers/STM32H7xx_HAL_Driver/Src/stm32h7xx_hal_adc.c:1769:3
	cmp	r5, #2
	beq	.LBB11_22
.Ltmp545:
@ %bb.18:
	@DEBUG_VALUE: HAL_ADC_PollForEvent:hadc <- $r4
	@DEBUG_VALUE: HAL_ADC_PollForEvent:EventType <- $r5
	@DEBUG_VALUE: HAL_ADC_PollForEvent:Timeout <- $r6
	cmp	r5, #128
	bne	.LBB11_23
.Ltmp546:
@ %bb.19:
	@DEBUG_VALUE: HAL_ADC_PollForEvent:hadc <- $r4
	@DEBUG_VALUE: HAL_ADC_PollForEvent:EventType <- $r5
	@DEBUG_VALUE: HAL_ADC_PollForEvent:Timeout <- $r6
	.loc	7 1793 7                        @ ../Drivers/STM32H7xx_HAL_Driver/Src/stm32h7xx_hal_adc.c:1793:7
	ldr	r0, [r4, #84]
	orr	r0, r0, #65536
	str	r0, [r4, #84]
	movs	r0, #128
	.loc	7 0 0 is_stmt 0                 @ ../Drivers/STM32H7xx_HAL_Driver/Src/stm32h7xx_hal_adc.c:0:0
	str	r0, [r1]
	movs	r0, #0
.Ltmp547:
	.loc	7 1859 1 epilogue_begin is_stmt 1 @ ../Drivers/STM32H7xx_HAL_Driver/Src/stm32h7xx_hal_adc.c:1859:1
	add	sp, #4
	pop	{r4, r5, r6, r7, pc}
.Ltmp548:
	.loc	7 0 1 is_stmt 0                 @ :0:1
.Ltmp549:
	.p2align	2
.LBB11_20:
	@DEBUG_VALUE: HAL_ADC_PollForEvent:hadc <- $r4
	@DEBUG_VALUE: HAL_ADC_PollForEvent:EventType <- $r5
	@DEBUG_VALUE: HAL_ADC_PollForEvent:Timeout <- $r6
	.loc	7 1803 7 is_stmt 1              @ ../Drivers/STM32H7xx_HAL_Driver/Src/stm32h7xx_hal_adc.c:1803:7
	ldr	r0, [r4, #84]
	orr	r0, r0, #131072
	str	r0, [r4, #84]
	mov.w	r0, #256
	.loc	7 0 0 is_stmt 0                 @ ../Drivers/STM32H7xx_HAL_Driver/Src/stm32h7xx_hal_adc.c:0:0
	str	r0, [r1]
	movs	r0, #0
.Ltmp550:
	.loc	7 1859 1 epilogue_begin is_stmt 1 @ ../Drivers/STM32H7xx_HAL_Driver/Src/stm32h7xx_hal_adc.c:1859:1
	add	sp, #4
	pop	{r4, r5, r6, r7, pc}
.Ltmp551:
	.loc	7 0 1 is_stmt 0                 @ :0:1
.Ltmp552:
	.p2align	2
.LBB11_21:
	@DEBUG_VALUE: HAL_ADC_PollForEvent:hadc <- $r4
	@DEBUG_VALUE: HAL_ADC_PollForEvent:EventType <- $r5
	@DEBUG_VALUE: HAL_ADC_PollForEvent:Timeout <- $r6
	.loc	7 1813 7 is_stmt 1              @ ../Drivers/STM32H7xx_HAL_Driver/Src/stm32h7xx_hal_adc.c:1813:7
	ldr	r0, [r4, #84]
	orr	r0, r0, #262144
	str	r0, [r4, #84]
	mov.w	r0, #512
	.loc	7 0 0 is_stmt 0                 @ ../Drivers/STM32H7xx_HAL_Driver/Src/stm32h7xx_hal_adc.c:0:0
	str	r0, [r1]
	movs	r0, #0
.Ltmp553:
	.loc	7 1859 1 epilogue_begin is_stmt 1 @ ../Drivers/STM32H7xx_HAL_Driver/Src/stm32h7xx_hal_adc.c:1859:1
	add	sp, #4
	pop	{r4, r5, r6, r7, pc}
.Ltmp554:
	.loc	7 0 1 is_stmt 0                 @ :0:1
.Ltmp555:
	.p2align	2
.LBB11_22:
	@DEBUG_VALUE: HAL_ADC_PollForEvent:hadc <- $r4
	@DEBUG_VALUE: HAL_ADC_PollForEvent:EventType <- $r5
	@DEBUG_VALUE: HAL_ADC_PollForEvent:Timeout <- $r6
	.loc	7 1774 7 is_stmt 1              @ ../Drivers/STM32H7xx_HAL_Driver/Src/stm32h7xx_hal_adc.c:1774:7
	ldr	r0, [r4, #84]
	orr	r0, r0, #2048
	str	r0, [r4, #84]
	movs	r0, #2
	.loc	7 0 0 is_stmt 0                 @ ../Drivers/STM32H7xx_HAL_Driver/Src/stm32h7xx_hal_adc.c:0:0
	str	r0, [r1]
	movs	r0, #0
.Ltmp556:
	.loc	7 1859 1 epilogue_begin is_stmt 1 @ ../Drivers/STM32H7xx_HAL_Driver/Src/stm32h7xx_hal_adc.c:1859:1
	add	sp, #4
	pop	{r4, r5, r6, r7, pc}
.Ltmp557:
	.loc	7 0 1 is_stmt 0                 @ :0:1
.Ltmp558:
	.p2align	2
.LBB11_23:
	@DEBUG_VALUE: HAL_ADC_PollForEvent:hadc <- $r4
	@DEBUG_VALUE: HAL_ADC_PollForEvent:EventType <- $r5
	@DEBUG_VALUE: HAL_ADC_PollForEvent:Timeout <- $r6
	.loc	7 1839 22 is_stmt 1             @ ../Drivers/STM32H7xx_HAL_Driver/Src/stm32h7xx_hal_adc.c:1839:22
	ldr	r0, [r4, #48]
.Ltmp559:
	.loc	7 1839 11 is_stmt 0             @ ../Drivers/STM32H7xx_HAL_Driver/Src/stm32h7xx_hal_adc.c:1839:11
	cbz	r0, .LBB11_25
.Ltmp560:
@ %bb.24:
	@DEBUG_VALUE: HAL_ADC_PollForEvent:hadc <- $r4
	@DEBUG_VALUE: HAL_ADC_PollForEvent:EventType <- $r5
	@DEBUG_VALUE: HAL_ADC_PollForEvent:Timeout <- $r6
	.loc	7 0 11                          @ ../Drivers/STM32H7xx_HAL_Driver/Src/stm32h7xx_hal_adc.c:0:11
	movs	r0, #16
	str	r0, [r1]
	movs	r0, #0
.Ltmp561:
	.loc	7 1859 1 epilogue_begin is_stmt 1 @ ../Drivers/STM32H7xx_HAL_Driver/Src/stm32h7xx_hal_adc.c:1859:1
	add	sp, #4
	pop	{r4, r5, r6, r7, pc}
.Ltmp562:
	.loc	7 0 1 is_stmt 0                 @ :0:1
.Ltmp563:
	.p2align	2
.LBB11_25:
	@DEBUG_VALUE: HAL_ADC_PollForEvent:hadc <- $r4
	@DEBUG_VALUE: HAL_ADC_PollForEvent:EventType <- $r5
	@DEBUG_VALUE: HAL_ADC_PollForEvent:Timeout <- $r6
	.loc	7 1842 9 is_stmt 1              @ ../Drivers/STM32H7xx_HAL_Driver/Src/stm32h7xx_hal_adc.c:1842:9
	ldr	r0, [r4, #84]
	orr	r0, r0, #1024
	str	r0, [r4, #84]
	.loc	7 1845 9                        @ ../Drivers/STM32H7xx_HAL_Driver/Src/stm32h7xx_hal_adc.c:1845:9
	ldr	r0, [r4, #88]
	orr	r0, r0, #2
	str	r0, [r4, #88]
	movs	r0, #0
.Ltmp564:
	.loc	7 1859 1 epilogue_begin         @ ../Drivers/STM32H7xx_HAL_Driver/Src/stm32h7xx_hal_adc.c:1859:1
	add	sp, #4
	pop	{r4, r5, r6, r7, pc}
.Ltmp565:
.Lfunc_end11:
	.size	HAL_ADC_PollForEvent, .Lfunc_end11-HAL_ADC_PollForEvent
	.cfi_endproc
	.cantunwind
	.fnend
                                        @ -- End function
	.section	.text.HAL_ADC_Start_IT,"ax",%progbits
	.hidden	HAL_ADC_Start_IT                @ -- Begin function HAL_ADC_Start_IT
	.globl	HAL_ADC_Start_IT
	.p2align	3
	.type	HAL_ADC_Start_IT,%function
	.code	16                              @ @HAL_ADC_Start_IT
	.thumb_func
HAL_ADC_Start_IT:
.Lfunc_begin12:
	.loc	7 1885 0                        @ ../Drivers/STM32H7xx_HAL_Driver/Src/stm32h7xx_hal_adc.c:1885:0
	.fnstart
	.cfi_startproc
@ %bb.0:
	@DEBUG_VALUE: HAL_ADC_Start_IT:hadc <- $r0
	.save	{r4, r5, r6, lr}
	push	{r4, r5, r6, lr}
	.cfi_def_cfa_offset 16
	.cfi_offset lr, -4
	.cfi_offset r6, -8
	.cfi_offset r5, -12
	.cfi_offset r4, -16
	movw	r4, #8192
	movw	r6, #25352
	movt	r4, #16386
.Ltmp566:
	.loc	7 1888 55 prologue_end          @ ../Drivers/STM32H7xx_HAL_Driver/Src/stm32h7xx_hal_adc.c:1888:55
	ldr	r1, [r0]
	add.w	r2, r4, #256
.Ltmp567:
	.loc	8 6603 21                       @ ../Drivers/STM32H7xx_HAL_Driver/Inc\stm32h7xx_ll_adc.h:6603:21
	add.w	r3, r4, #776
	movt	r6, #22530
	cmp	r1, r2
	it	eq
	moveq	r6, r3
	cmp	r1, r4
	it	eq
	moveq	r6, r3
	ldr	r5, [r6]
.Ltmp568:
	@DEBUG_VALUE: LL_ADC_REG_IsConversionOngoing:ADCx <- $r1
	@DEBUG_VALUE: HAL_ADC_Start_IT:tmp_multimode_config <- undef
	.loc	8 7075 12                       @ ../Drivers/STM32H7xx_HAL_Driver/Inc\stm32h7xx_ll_adc.h:7075:12
	ldr	r1, [r1, #8]
.Ltmp569:
	.loc	7 1894 7                        @ ../Drivers/STM32H7xx_HAL_Driver/Src/stm32h7xx_hal_adc.c:1894:7
	lsls	r1, r1, #29
	bmi	.LBB12_2
.Ltmp570:
@ %bb.1:
	@DEBUG_VALUE: HAL_ADC_Start_IT:hadc <- $r0
	@DEBUG_VALUE: HAL_ADC_Start_IT:tmp_multimode_config <- undef
	.loc	7 1897 5                        @ ../Drivers/STM32H7xx_HAL_Driver/Src/stm32h7xx_hal_adc.c:1897:5
	ldrb.w	r1, [r0, #80]
.Ltmp571:
	.loc	7 1897 5 is_stmt 0              @ ../Drivers/STM32H7xx_HAL_Driver/Src/stm32h7xx_hal_adc.c:1897:5
	cmp	r1, #1
	bne	.LBB12_3
.Ltmp572:
.LBB12_2:
	@DEBUG_VALUE: HAL_ADC_Start_IT:hadc <- $r0
	.loc	7 0 5                           @ ../Drivers/STM32H7xx_HAL_Driver/Src/stm32h7xx_hal_adc.c:0:5
	movs	r0, #2
.Ltmp573:
	@DEBUG_VALUE: HAL_ADC_Start_IT:hadc <- [DW_OP_LLVM_entry_value 1] $r0
	.loc	7 2050 1 epilogue_begin is_stmt 1 @ ../Drivers/STM32H7xx_HAL_Driver/Src/stm32h7xx_hal_adc.c:2050:1
	pop	{r4, r5, r6, pc}
.Ltmp574:
	.loc	7 0 1 is_stmt 0                 @ :0:1
.Ltmp575:
	.p2align	2
.LBB12_3:
	@DEBUG_VALUE: HAL_ADC_Start_IT:hadc <- $r0
	@DEBUG_VALUE: HAL_ADC_Start_IT:tmp_multimode_config <- undef
	movs	r1, #1
.Ltmp576:
	.loc	7 1897 5 is_stmt 1              @ ../Drivers/STM32H7xx_HAL_Driver/Src/stm32h7xx_hal_adc.c:1897:5
	strb.w	r1, [r0, #80]
	mov	r6, r0
.Ltmp577:
	.loc	7 1900 22                       @ ../Drivers/STM32H7xx_HAL_Driver/Src/stm32h7xx_hal_adc.c:1900:22
	bl	ADC_Enable
.Ltmp578:
	@DEBUG_VALUE: HAL_ADC_Start_IT:hadc <- [DW_OP_LLVM_entry_value 1] $r0
	@DEBUG_VALUE: HAL_ADC_Start_IT:tmp_hal_status <- $r0
	.loc	7 1903 9                        @ ../Drivers/STM32H7xx_HAL_Driver/Src/stm32h7xx_hal_adc.c:1903:9
	cbz	r0, .LBB12_5
.Ltmp579:
@ %bb.4:
	@DEBUG_VALUE: HAL_ADC_Start_IT:tmp_hal_status <- $r0
	@DEBUG_VALUE: HAL_ADC_Start_IT:hadc <- [DW_OP_LLVM_entry_value 1] $r0
	.loc	7 0 9 is_stmt 0                 @ ../Drivers/STM32H7xx_HAL_Driver/Src/stm32h7xx_hal_adc.c:0:9
	movs	r0, #0
.Ltmp580:
	.loc	7 2039 7 is_stmt 1              @ ../Drivers/STM32H7xx_HAL_Driver/Src/stm32h7xx_hal_adc.c:2039:7
	strb.w	r0, [r6, #80]
	movs	r0, #1
.Ltmp581:
	.loc	7 2050 1 epilogue_begin         @ ../Drivers/STM32H7xx_HAL_Driver/Src/stm32h7xx_hal_adc.c:2050:1
	pop	{r4, r5, r6, pc}
.Ltmp582:
	.loc	7 0 1 is_stmt 0                 @ :0:1
.Ltmp583:
	.p2align	2
.LBB12_5:
	@DEBUG_VALUE: HAL_ADC_Start_IT:tmp_hal_status <- $r0
	@DEBUG_VALUE: HAL_ADC_Start_IT:hadc <- [DW_OP_LLVM_entry_value 1] $r0
	.loc	7 1915 12 is_stmt 1             @ ../Drivers/STM32H7xx_HAL_Driver/Src/stm32h7xx_hal_adc.c:1915:12
	ldr	r0, [r6]
.Ltmp584:
	add.w	r2, r4, #256
	cmp	r0, r2
	mov	r1, r6
	it	ne
	movne	r4, r0
.Ltmp585:
	.loc	7 1908 7                        @ ../Drivers/STM32H7xx_HAL_Driver/Src/stm32h7xx_hal_adc.c:1908:7
	ldr	r3, [r6, #84]
	movw	r6, #3841
	and	r12, r5, #31
.Ltmp586:
	@DEBUG_VALUE: HAL_ADC_Start_IT:tmp_multimode_config <- $r12
	bic.w	r6, r3, r6
.Ltmp587:
	.loc	7 1915 59                       @ ../Drivers/STM32H7xx_HAL_Driver/Src/stm32h7xx_hal_adc.c:1915:59
	subs	r3, r4, r0
.Ltmp588:
	.loc	7 1908 7                        @ ../Drivers/STM32H7xx_HAL_Driver/Src/stm32h7xx_hal_adc.c:1908:7
	add.w	r6, r6, #256
	str	r6, [r1, #84]
.Ltmp589:
	.loc	7 1916 11                       @ ../Drivers/STM32H7xx_HAL_Driver/Src/stm32h7xx_hal_adc.c:1916:11
	it	ne
	cmpne.w	r12, #0
	bne	.LBB12_7
.Ltmp590:
@ %bb.6:
	@DEBUG_VALUE: HAL_ADC_Start_IT:tmp_multimode_config <- $r12
	@DEBUG_VALUE: HAL_ADC_Start_IT:hadc <- [DW_OP_LLVM_entry_value 1] $r0
	.loc	7 1919 9                        @ ../Drivers/STM32H7xx_HAL_Driver/Src/stm32h7xx_hal_adc.c:1919:9
	ldr	r6, [r1, #84]
	bic	r6, r6, #1048576
	str	r6, [r1, #84]
.Ltmp591:
.LBB12_7:
	@DEBUG_VALUE: HAL_ADC_Start_IT:tmp_multimode_config <- $r12
	@DEBUG_VALUE: HAL_ADC_Start_IT:hadc <- [DW_OP_LLVM_entry_value 1] $r0
	.loc	7 0 0 is_stmt 0                 @ ../Drivers/STM32H7xx_HAL_Driver/Src/stm32h7xx_hal_adc.c:0:0
	clz	r5, r3
.Ltmp592:
	.loc	7 1924 18 is_stmt 1             @ ../Drivers/STM32H7xx_HAL_Driver/Src/stm32h7xx_hal_adc.c:1924:18
	ldr	r6, [r1, #84]
.Ltmp593:
	.loc	7 1924 11 is_stmt 0             @ ../Drivers/STM32H7xx_HAL_Driver/Src/stm32h7xx_hal_adc.c:1924:11
	lsls	r3, r6, #19
	mov.w	r6, #0
.Ltmp594:
	.loc	7 1927 9 is_stmt 1              @ ../Drivers/STM32H7xx_HAL_Driver/Src/stm32h7xx_hal_adc.c:1927:9
	itt	mi
	ldrmi	r6, [r1, #88]
	bicmi	r6, r6, #6
	movs	r3, #0
.Ltmp595:
	.loc	7 0 0 is_stmt 0                 @ ../Drivers/STM32H7xx_HAL_Driver/Src/stm32h7xx_hal_adc.c:0:0
	lsrs	r5, r5, #5
.Ltmp596:
	str	r6, [r1, #88]
	movs	r6, #28
.Ltmp597:
	.loc	7 1937 7 is_stmt 1              @ ../Drivers/STM32H7xx_HAL_Driver/Src/stm32h7xx_hal_adc.c:1937:7
	str	r6, [r0]
.Ltmp598:
	.loc	7 1942 7                        @ ../Drivers/STM32H7xx_HAL_Driver/Src/stm32h7xx_hal_adc.c:1942:7
	strb.w	r3, [r1, #80]
.Ltmp599:
	.loc	7 1945 7                        @ ../Drivers/STM32H7xx_HAL_Driver/Src/stm32h7xx_hal_adc.c:1945:7
	ldr	r3, [r0, #4]
	bic	r3, r3, #28
	str	r3, [r0, #4]
	.loc	7 1948 26                       @ ../Drivers/STM32H7xx_HAL_Driver/Src/stm32h7xx_hal_adc.c:1948:26
	ldr.w	lr, [r1, #16]
.Ltmp600:
	.loc	7 0 0 is_stmt 0                 @ ../Drivers/STM32H7xx_HAL_Driver/Src/stm32h7xx_hal_adc.c:0:0
	mov	r3, lr
	cmp.w	lr, #8
.Ltmp601:
	.loc	7 1963 22 is_stmt 1             @ ../Drivers/STM32H7xx_HAL_Driver/Src/stm32h7xx_hal_adc.c:1963:22
	ldr	r6, [r1, #48]
.Ltmp602:
	.loc	7 0 0 is_stmt 0                 @ ../Drivers/STM32H7xx_HAL_Driver/Src/stm32h7xx_hal_adc.c:0:0
	it	ne
	movne	r3, #4
	ldr	r2, [r0, #4]
	orr.w	r2, r2, r3
	str	r2, [r0, #4]
.Ltmp603:
	.loc	7 1963 11                       @ ../Drivers/STM32H7xx_HAL_Driver/Src/stm32h7xx_hal_adc.c:1963:11
	cbz	r6, .LBB12_9
.Ltmp604:
@ %bb.8:
	@DEBUG_VALUE: HAL_ADC_Start_IT:tmp_multimode_config <- $r12
	@DEBUG_VALUE: HAL_ADC_Start_IT:hadc <- [DW_OP_LLVM_entry_value 1] $r0
	.loc	7 1977 11 is_stmt 1             @ ../Drivers/STM32H7xx_HAL_Driver/Src/stm32h7xx_hal_adc.c:1977:11
	cbz	r5, .LBB12_10
	b	.LBB12_12
.Ltmp605:
	.loc	7 0 11 is_stmt 0                @ :0:11
.Ltmp606:
	.p2align	2
.LBB12_9:
	@DEBUG_VALUE: HAL_ADC_Start_IT:tmp_multimode_config <- $r12
	@DEBUG_VALUE: HAL_ADC_Start_IT:hadc <- [DW_OP_LLVM_entry_value 1] $r0
	.loc	7 1965 9 is_stmt 1              @ ../Drivers/STM32H7xx_HAL_Driver/Src/stm32h7xx_hal_adc.c:1965:9
	ldr	r2, [r0, #4]
	orr	r2, r2, #16
	str	r2, [r0, #4]
.Ltmp607:
	.loc	7 1977 11                       @ ../Drivers/STM32H7xx_HAL_Driver/Src/stm32h7xx_hal_adc.c:1977:11
	cbnz	r5, .LBB12_12
.Ltmp608:
.LBB12_10:
	@DEBUG_VALUE: HAL_ADC_Start_IT:tmp_multimode_config <- $r12
	@DEBUG_VALUE: HAL_ADC_Start_IT:hadc <- [DW_OP_LLVM_entry_value 1] $r0
	cmp.w	r12, #9
	bhi	.LBB12_15
.Ltmp609:
@ %bb.11:
	@DEBUG_VALUE: HAL_ADC_Start_IT:tmp_multimode_config <- $r12
	@DEBUG_VALUE: HAL_ADC_Start_IT:hadc <- [DW_OP_LLVM_entry_value 1] $r0
	.loc	7 0 11 is_stmt 0                @ ../Drivers/STM32H7xx_HAL_Driver/Src/stm32h7xx_hal_adc.c:0:11
	movs	r2, #1
	movw	r3, #545
	lsl.w	r2, r2, r12
	tst	r2, r3
	beq	.LBB12_15
.Ltmp610:
.LBB12_12:
	@DEBUG_VALUE: HAL_ADC_Start_IT:tmp_multimode_config <- $r12
	@DEBUG_VALUE: HAL_ADC_Start_IT:hadc <- [DW_OP_LLVM_entry_value 1] $r0
	.loc	7 1983 13 is_stmt 1             @ ../Drivers/STM32H7xx_HAL_Driver/Src/stm32h7xx_hal_adc.c:1983:13
	ldr	r2, [r0, #12]
.Ltmp611:
	.loc	7 1983 13 is_stmt 0             @ ../Drivers/STM32H7xx_HAL_Driver/Src/stm32h7xx_hal_adc.c:1983:13
	lsls	r2, r2, #6
	bpl	.LBB12_14
.Ltmp612:
@ %bb.13:
	@DEBUG_VALUE: HAL_ADC_Start_IT:tmp_multimode_config <- $r12
	@DEBUG_VALUE: HAL_ADC_Start_IT:hadc <- [DW_OP_LLVM_entry_value 1] $r0
	.loc	7 1985 11 is_stmt 1             @ ../Drivers/STM32H7xx_HAL_Driver/Src/stm32h7xx_hal_adc.c:1985:11
	ldr	r2, [r1, #84]
	movs	r3, #1
	bfi	r2, r3, #12, #2
	str	r2, [r1, #84]
	mvn	r1, #64
.Ltmp613:
	.loc	7 0 0 is_stmt 0                 @ ../Drivers/STM32H7xx_HAL_Driver/Src/stm32h7xx_hal_adc.c:0:0
	cmp.w	lr, #8
	it	eq
	mvneq	r1, #32
	mov.w	r2, #32
	ldr	r3, [r0, #4]
	it	eq
	moveq	r2, #64
	ands	r1, r3
	str	r1, [r0, #4]
	ldr	r1, [r0, #4]
	orrs	r1, r2
	str	r1, [r0, #4]
.Ltmp614:
.LBB12_14:
	@DEBUG_VALUE: HAL_ADC_Start_IT:tmp_multimode_config <- $r12
	@DEBUG_VALUE: HAL_ADC_Start_IT:hadc <- [DW_OP_LLVM_entry_value 1] $r0
	@DEBUG_VALUE: LL_ADC_REG_StartConversion:ADCx <- $r0
	movw	r2, #65472
.Ltmp615:
	.loc	8 7042 3 is_stmt 1              @ ../Drivers/STM32H7xx_HAL_Driver/Inc\stm32h7xx_ll_adc.h:7042:3
	ldr	r1, [r0, #8]
	movt	r2, #32767
	ands	r1, r2
	adds	r1, #4
	str	r1, [r0, #8]
	movs	r0, #0
.Ltmp616:
	.loc	7 2050 1 epilogue_begin         @ ../Drivers/STM32H7xx_HAL_Driver/Src/stm32h7xx_hal_adc.c:2050:1
	pop	{r4, r5, r6, pc}
.Ltmp617:
	.loc	7 0 1 is_stmt 0                 @ :0:1
.Ltmp618:
	.p2align	2
.LBB12_15:
	@DEBUG_VALUE: HAL_ADC_Start_IT:tmp_multimode_config <- $r12
	@DEBUG_VALUE: HAL_ADC_Start_IT:hadc <- [DW_OP_LLVM_entry_value 1] $r0
	.loc	7 2011 9 is_stmt 1              @ ../Drivers/STM32H7xx_HAL_Driver/Src/stm32h7xx_hal_adc.c:2011:9
	ldr	r2, [r1, #84]
	orr	r2, r2, #1048576
	str	r2, [r1, #84]
.Ltmp619:
	@DEBUG_VALUE: HAL_ADC_Start_IT:tmpADC_Master <- $r4
	.loc	7 2015 13                       @ ../Drivers/STM32H7xx_HAL_Driver/Src/stm32h7xx_hal_adc.c:2015:13
	ldr	r2, [r4, #12]
.Ltmp620:
	.loc	7 2015 13 is_stmt 0             @ ../Drivers/STM32H7xx_HAL_Driver/Src/stm32h7xx_hal_adc.c:2015:13
	lsls	r2, r2, #6
	bmi	.LBB12_17
.Ltmp621:
@ %bb.16:
	@DEBUG_VALUE: HAL_ADC_Start_IT:tmpADC_Master <- $r4
	@DEBUG_VALUE: HAL_ADC_Start_IT:tmp_multimode_config <- $r12
	@DEBUG_VALUE: HAL_ADC_Start_IT:hadc <- [DW_OP_LLVM_entry_value 1] $r0
	.loc	7 0 13                          @ ../Drivers/STM32H7xx_HAL_Driver/Src/stm32h7xx_hal_adc.c:0:13
	movs	r0, #0
	.loc	7 2050 1 epilogue_begin is_stmt 1 @ ../Drivers/STM32H7xx_HAL_Driver/Src/stm32h7xx_hal_adc.c:2050:1
	pop	{r4, r5, r6, pc}
.Ltmp622:
	.loc	7 0 1 is_stmt 0                 @ :0:1
.Ltmp623:
	.p2align	2
.LBB12_17:
	@DEBUG_VALUE: HAL_ADC_Start_IT:tmpADC_Master <- $r4
	@DEBUG_VALUE: HAL_ADC_Start_IT:tmp_multimode_config <- $r12
	@DEBUG_VALUE: HAL_ADC_Start_IT:hadc <- [DW_OP_LLVM_entry_value 1] $r0
	.loc	7 2019 11 is_stmt 1             @ ../Drivers/STM32H7xx_HAL_Driver/Src/stm32h7xx_hal_adc.c:2019:11
	ldr	r2, [r1, #84]
	movs	r3, #1
	bfi	r2, r3, #12, #2
	str	r2, [r1, #84]
	.loc	7 2021 11                       @ ../Drivers/STM32H7xx_HAL_Driver/Src/stm32h7xx_hal_adc.c:2021:11
	cmp.w	lr, #8
.Ltmp624:
	.loc	7 0 0 is_stmt 0                 @ ../Drivers/STM32H7xx_HAL_Driver/Src/stm32h7xx_hal_adc.c:0:0
	ldr	r1, [r0, #4]
.Ltmp625:
	.loc	7 2021 11                       @ ../Drivers/STM32H7xx_HAL_Driver/Src/stm32h7xx_hal_adc.c:2021:11
	bne	.LBB12_19
.Ltmp626:
@ %bb.18:
	@DEBUG_VALUE: HAL_ADC_Start_IT:tmpADC_Master <- $r4
	@DEBUG_VALUE: HAL_ADC_Start_IT:tmp_multimode_config <- $r12
	@DEBUG_VALUE: HAL_ADC_Start_IT:hadc <- [DW_OP_LLVM_entry_value 1] $r0
	.loc	7 2024 15 is_stmt 1             @ ../Drivers/STM32H7xx_HAL_Driver/Src/stm32h7xx_hal_adc.c:2024:15
	bic	r1, r1, #32
	str	r1, [r0, #4]
	.loc	7 2025 15                       @ ../Drivers/STM32H7xx_HAL_Driver/Src/stm32h7xx_hal_adc.c:2025:15
	ldr	r1, [r0, #4]
	orr	r1, r1, #64
	.loc	7 0 0 is_stmt 0                 @ ../Drivers/STM32H7xx_HAL_Driver/Src/stm32h7xx_hal_adc.c:0:0
	str	r1, [r0, #4]
	movs	r0, #0
.Ltmp627:
	.loc	7 2050 1 epilogue_begin is_stmt 1 @ ../Drivers/STM32H7xx_HAL_Driver/Src/stm32h7xx_hal_adc.c:2050:1
	pop	{r4, r5, r6, pc}
.Ltmp628:
	.loc	7 0 1 is_stmt 0                 @ :0:1
.Ltmp629:
	.p2align	2
.LBB12_19:
	@DEBUG_VALUE: HAL_ADC_Start_IT:tmpADC_Master <- $r4
	@DEBUG_VALUE: HAL_ADC_Start_IT:tmp_multimode_config <- $r12
	@DEBUG_VALUE: HAL_ADC_Start_IT:hadc <- [DW_OP_LLVM_entry_value 1] $r0
	.loc	7 2029 15 is_stmt 1             @ ../Drivers/STM32H7xx_HAL_Driver/Src/stm32h7xx_hal_adc.c:2029:15
	bic	r1, r1, #64
	str	r1, [r0, #4]
	.loc	7 2030 15                       @ ../Drivers/STM32H7xx_HAL_Driver/Src/stm32h7xx_hal_adc.c:2030:15
	ldr	r1, [r0, #4]
	orr	r1, r1, #32
	.loc	7 0 0 is_stmt 0                 @ ../Drivers/STM32H7xx_HAL_Driver/Src/stm32h7xx_hal_adc.c:0:0
	str	r1, [r0, #4]
	movs	r0, #0
.Ltmp630:
	.loc	7 2050 1 epilogue_begin is_stmt 1 @ ../Drivers/STM32H7xx_HAL_Driver/Src/stm32h7xx_hal_adc.c:2050:1
	pop	{r4, r5, r6, pc}
.Ltmp631:
.Lfunc_end12:
	.size	HAL_ADC_Start_IT, .Lfunc_end12-HAL_ADC_Start_IT
	.cfi_endproc
	.cantunwind
	.fnend
                                        @ -- End function
	.section	.text.HAL_ADC_Stop_IT,"ax",%progbits
	.hidden	HAL_ADC_Stop_IT                 @ -- Begin function HAL_ADC_Stop_IT
	.globl	HAL_ADC_Stop_IT
	.p2align	3
	.type	HAL_ADC_Stop_IT,%function
	.code	16                              @ @HAL_ADC_Stop_IT
	.thumb_func
HAL_ADC_Stop_IT:
.Lfunc_begin13:
	.loc	7 2060 0                        @ ../Drivers/STM32H7xx_HAL_Driver/Src/stm32h7xx_hal_adc.c:2060:0
	.fnstart
	.cfi_startproc
@ %bb.0:
	@DEBUG_VALUE: HAL_ADC_Stop_IT:hadc <- $r0
	.save	{r4, r5, r7, lr}
	push	{r4, r5, r7, lr}
	.cfi_def_cfa_offset 16
	.cfi_offset lr, -4
	.cfi_offset r7, -8
	.cfi_offset r5, -12
	.cfi_offset r4, -16
	mov	r4, r0
.Ltmp632:
	@DEBUG_VALUE: HAL_ADC_Stop_IT:hadc <- $r4
	.loc	7 2067 3 prologue_end           @ ../Drivers/STM32H7xx_HAL_Driver/Src/stm32h7xx_hal_adc.c:2067:3
	ldrb.w	r0, [r0, #80]
.Ltmp633:
	.loc	7 2067 3 is_stmt 0              @ ../Drivers/STM32H7xx_HAL_Driver/Src/stm32h7xx_hal_adc.c:2067:3
	cmp	r0, #1
	bne	.LBB13_2
.Ltmp634:
@ %bb.1:
	@DEBUG_VALUE: HAL_ADC_Stop_IT:hadc <- $r4
	.loc	7 0 3                           @ ../Drivers/STM32H7xx_HAL_Driver/Src/stm32h7xx_hal_adc.c:0:3
	movs	r0, #2
	.loc	7 2097 1 epilogue_begin is_stmt 1 @ ../Drivers/STM32H7xx_HAL_Driver/Src/stm32h7xx_hal_adc.c:2097:1
	pop	{r4, r5, r7, pc}
.Ltmp635:
	.loc	7 0 1 is_stmt 0                 @ :0:1
.Ltmp636:
	.p2align	2
.LBB13_2:
	@DEBUG_VALUE: HAL_ADC_Stop_IT:hadc <- $r4
	.loc	7 2070 20 is_stmt 1             @ ../Drivers/STM32H7xx_HAL_Driver/Src/stm32h7xx_hal_adc.c:2070:20
	movs	r1, #3
	mov	r0, r4
	movs	r5, #1
.Ltmp637:
	.loc	7 2067 3                        @ ../Drivers/STM32H7xx_HAL_Driver/Src/stm32h7xx_hal_adc.c:2067:3
	strb.w	r5, [r4, #80]
.Ltmp638:
	.loc	7 2070 20                       @ ../Drivers/STM32H7xx_HAL_Driver/Src/stm32h7xx_hal_adc.c:2070:20
	bl	ADC_ConversionStop
.Ltmp639:
	@DEBUG_VALUE: HAL_ADC_Stop_IT:tmp_hal_status <- $r0
	.loc	7 2073 7                        @ ../Drivers/STM32H7xx_HAL_Driver/Src/stm32h7xx_hal_adc.c:2073:7
	cbz	r0, .LBB13_4
.Ltmp640:
@ %bb.3:
	@DEBUG_VALUE: HAL_ADC_Stop_IT:tmp_hal_status <- $r0
	@DEBUG_VALUE: HAL_ADC_Stop_IT:hadc <- $r4
	@DEBUG_VALUE: HAL_ADC_Stop_IT:tmp_hal_status <- $r5
	.loc	7 0 7 is_stmt 0                 @ ../Drivers/STM32H7xx_HAL_Driver/Src/stm32h7xx_hal_adc.c:0:7
	movs	r0, #0
.Ltmp641:
	.loc	7 2093 3 is_stmt 1              @ ../Drivers/STM32H7xx_HAL_Driver/Src/stm32h7xx_hal_adc.c:2093:3
	strb.w	r0, [r4, #80]
.Ltmp642:
	.loc	7 2097 1                        @ ../Drivers/STM32H7xx_HAL_Driver/Src/stm32h7xx_hal_adc.c:2097:1
	mov	r0, r5
	.loc	7 2097 1 epilogue_begin is_stmt 0 @ ../Drivers/STM32H7xx_HAL_Driver/Src/stm32h7xx_hal_adc.c:2097:1
	pop	{r4, r5, r7, pc}
.Ltmp643:
	.loc	7 0 1                           @ :0:1
.Ltmp644:
	.p2align	2
.LBB13_4:
	@DEBUG_VALUE: HAL_ADC_Stop_IT:tmp_hal_status <- $r0
	@DEBUG_VALUE: HAL_ADC_Stop_IT:hadc <- $r4
	.loc	7 2077 5 is_stmt 1              @ ../Drivers/STM32H7xx_HAL_Driver/Src/stm32h7xx_hal_adc.c:2077:5
	ldr	r0, [r4]
.Ltmp645:
	ldr	r1, [r0, #4]
	bic	r1, r1, #28
	str	r1, [r0, #4]
.Ltmp646:
	@DEBUG_VALUE: LL_ADC_IsDisableOngoing:ADCx <- $r0
	@DEBUG_VALUE: ADC_Disable:hadc <- $r4
	.loc	8 6954 12                       @ ../Drivers/STM32H7xx_HAL_Driver/Inc\stm32h7xx_ll_adc.h:6954:12
	ldr	r1, [r0, #8]
.Ltmp647:
	@DEBUG_VALUE: LL_ADC_IsEnabled:ADCx <- $r0
	@DEBUG_VALUE: ADC_Disable:tmp_adc_is_disable_on_going <- [DW_OP_constu 1, DW_OP_shr, DW_OP_constu 1, DW_OP_and, DW_OP_stack_value] $r1
	.loc	8 6943 12                       @ ../Drivers/STM32H7xx_HAL_Driver/Inc\stm32h7xx_ll_adc.h:6943:12
	ldr	r2, [r0, #8]
.Ltmp648:
	.loc	7 3764 7                        @ ../Drivers/STM32H7xx_HAL_Driver/Src/stm32h7xx_hal_adc.c:3764:7
	lsls	r2, r2, #31
	beq	.LBB13_8
.Ltmp649:
@ %bb.5:
	@DEBUG_VALUE: ADC_Disable:tmp_adc_is_disable_on_going <- [DW_OP_constu 1, DW_OP_shr, DW_OP_constu 1, DW_OP_and, DW_OP_stack_value] $r1
	@DEBUG_VALUE: ADC_Disable:hadc <- $r4
	@DEBUG_VALUE: HAL_ADC_Stop_IT:hadc <- $r4
	.loc	7 0 7 is_stmt 0                 @ ../Drivers/STM32H7xx_HAL_Driver/Src/stm32h7xx_hal_adc.c:0:7
	ands	r1, r1, #2
.Ltmp650:
	.loc	7 3764 7                        @ ../Drivers/STM32H7xx_HAL_Driver/Src/stm32h7xx_hal_adc.c:3764:7
	bne	.LBB13_8
.Ltmp651:
@ %bb.6:
	@DEBUG_VALUE: ADC_Disable:hadc <- $r4
	@DEBUG_VALUE: HAL_ADC_Stop_IT:hadc <- $r4
	.loc	7 3768 26 is_stmt 1             @ ../Drivers/STM32H7xx_HAL_Driver/Src/stm32h7xx_hal_adc.c:3768:26
	ldr	r1, [r0, #8]
	.loc	7 3768 29 is_stmt 0             @ ../Drivers/STM32H7xx_HAL_Driver/Src/stm32h7xx_hal_adc.c:3768:29
	and	r1, r1, #13
.Ltmp652:
	.loc	7 3768 9                        @ ../Drivers/STM32H7xx_HAL_Driver/Src/stm32h7xx_hal_adc.c:3768:9
	cmp	r1, #1
	bne	.LBB13_13
.Ltmp653:
@ %bb.7:
	@DEBUG_VALUE: ADC_Disable:hadc <- $r4
	@DEBUG_VALUE: HAL_ADC_Stop_IT:hadc <- $r4
	@DEBUG_VALUE: LL_ADC_Disable:ADCx <- $r0
	.loc	7 0 9                           @ ../Drivers/STM32H7xx_HAL_Driver/Src/stm32h7xx_hal_adc.c:0:9
	movw	r2, #65472
.Ltmp654:
	.loc	8 6927 3 is_stmt 1              @ ../Drivers/STM32H7xx_HAL_Driver/Inc\stm32h7xx_ll_adc.h:6927:3
	ldr	r1, [r0, #8]
	movt	r2, #32767
	ands	r1, r2
	adds	r1, #2
	str	r1, [r0, #8]
	movs	r1, #3
.Ltmp655:
	.loc	7 3772 7                        @ ../Drivers/STM32H7xx_HAL_Driver/Src/stm32h7xx_hal_adc.c:3772:7
	str	r1, [r0]
.Ltmp656:
	.loc	7 3787 17                       @ ../Drivers/STM32H7xx_HAL_Driver/Src/stm32h7xx_hal_adc.c:3787:17
	bl	HAL_GetTick
.Ltmp657:
	.loc	7 3789 19                       @ ../Drivers/STM32H7xx_HAL_Driver/Src/stm32h7xx_hal_adc.c:3789:19
	ldr	r1, [r4]
	.loc	7 3789 29 is_stmt 0             @ ../Drivers/STM32H7xx_HAL_Driver/Src/stm32h7xx_hal_adc.c:3789:29
	ldr	r1, [r1, #8]
	.loc	7 3789 5                        @ ../Drivers/STM32H7xx_HAL_Driver/Src/stm32h7xx_hal_adc.c:3789:5
	lsls	r1, r1, #31
.Ltmp658:
	@DEBUG_VALUE: ADC_Disable:tickstart <- $r0
	bne	.LBB13_9
.Ltmp659:
.LBB13_8:
	@DEBUG_VALUE: HAL_ADC_Stop_IT:hadc <- $r4
	@DEBUG_VALUE: HAL_ADC_Stop_IT:tmp_hal_status <- 0
	.loc	7 2086 7 is_stmt 1              @ ../Drivers/STM32H7xx_HAL_Driver/Src/stm32h7xx_hal_adc.c:2086:7
	mov	r0, r4
	movw	r2, #4353
	movs	r5, #0
	ldr	r1, [r0, #84]!
	bics	r1, r2
	b	.LBB13_14
.Ltmp660:
	.loc	7 0 7 is_stmt 0                 @ :0:7
.Ltmp661:
	.p2align	2
.LBB13_9:
	@DEBUG_VALUE: ADC_Disable:tickstart <- $r0
	@DEBUG_VALUE: ADC_Disable:hadc <- $r4
	@DEBUG_VALUE: HAL_ADC_Stop_IT:hadc <- $r4
	mov	r5, r0
	@DEBUG_VALUE: ADC_Disable:tickstart <- $r5
	@DEBUG_VALUE: ADC_Disable:tickstart <- $r5
	b	.LBB13_11
.Ltmp662:
	.p2align	2
.LBB13_10:                              @   in Loop: Header=BB13_11 Depth=1
	@DEBUG_VALUE: ADC_Disable:tickstart <- $r5
	@DEBUG_VALUE: ADC_Disable:hadc <- $r4
	@DEBUG_VALUE: HAL_ADC_Stop_IT:hadc <- $r4
	.loc	7 3789 29 is_stmt 1             @ ../Drivers/STM32H7xx_HAL_Driver/Src/stm32h7xx_hal_adc.c:3789:29
	ldr	r0, [r0, #8]
	.loc	7 3789 5 is_stmt 0              @ ../Drivers/STM32H7xx_HAL_Driver/Src/stm32h7xx_hal_adc.c:3789:5
	lsls	r0, r0, #31
	beq	.LBB13_8
.Ltmp663:
.LBB13_11:                              @ =>This Inner Loop Header: Depth=1
	@DEBUG_VALUE: ADC_Disable:tickstart <- $r5
	@DEBUG_VALUE: ADC_Disable:hadc <- $r4
	@DEBUG_VALUE: HAL_ADC_Stop_IT:hadc <- $r4
	.loc	7 3791 12 is_stmt 1             @ ../Drivers/STM32H7xx_HAL_Driver/Src/stm32h7xx_hal_adc.c:3791:12
	bl	HAL_GetTick
.Ltmp664:
	.loc	7 3791 26 is_stmt 0             @ ../Drivers/STM32H7xx_HAL_Driver/Src/stm32h7xx_hal_adc.c:3791:26
	subs	r0, r0, r5
.Ltmp665:
	.loc	7 3791 11                       @ ../Drivers/STM32H7xx_HAL_Driver/Src/stm32h7xx_hal_adc.c:3791:11
	cmp	r0, #3
.Ltmp666:
	.loc	7 3789 19 is_stmt 1             @ ../Drivers/STM32H7xx_HAL_Driver/Src/stm32h7xx_hal_adc.c:3789:19
	ldr	r0, [r4]
.Ltmp667:
	.loc	7 3791 11                       @ ../Drivers/STM32H7xx_HAL_Driver/Src/stm32h7xx_hal_adc.c:3791:11
	blo	.LBB13_10
.Ltmp668:
@ %bb.12:                               @   in Loop: Header=BB13_11 Depth=1
	@DEBUG_VALUE: ADC_Disable:tickstart <- $r5
	@DEBUG_VALUE: ADC_Disable:hadc <- $r4
	@DEBUG_VALUE: HAL_ADC_Stop_IT:hadc <- $r4
	.loc	7 3794 30                       @ ../Drivers/STM32H7xx_HAL_Driver/Src/stm32h7xx_hal_adc.c:3794:30
	ldr	r1, [r0, #8]
.Ltmp669:
	.loc	7 3794 13 is_stmt 0             @ ../Drivers/STM32H7xx_HAL_Driver/Src/stm32h7xx_hal_adc.c:3794:13
	lsls	r1, r1, #31
	beq	.LBB13_10
.Ltmp670:
.LBB13_13:
	@DEBUG_VALUE: ADC_Disable:hadc <- $r4
	@DEBUG_VALUE: HAL_ADC_Stop_IT:hadc <- $r4
	.loc	7 0 0                           @ ../Drivers/STM32H7xx_HAL_Driver/Src/stm32h7xx_hal_adc.c:0:0
	ldr	r0, [r4, #84]
	movs	r5, #1
.Ltmp671:
	@DEBUG_VALUE: HAL_ADC_Stop_IT:tmp_hal_status <- 1
	orr	r0, r0, #16
	str	r0, [r4, #84]
	mov	r0, r4
	ldr	r1, [r0, #88]!
.Ltmp672:
.LBB13_14:
	@DEBUG_VALUE: HAL_ADC_Stop_IT:hadc <- $r4
	orr	r1, r1, #1
	str	r1, [r0]
.Ltmp673:
	@DEBUG_VALUE: HAL_ADC_Stop_IT:tmp_hal_status <- $r5
	movs	r0, #0
.Ltmp674:
	.loc	7 2093 3 is_stmt 1              @ ../Drivers/STM32H7xx_HAL_Driver/Src/stm32h7xx_hal_adc.c:2093:3
	strb.w	r0, [r4, #80]
.Ltmp675:
	.loc	7 2097 1                        @ ../Drivers/STM32H7xx_HAL_Driver/Src/stm32h7xx_hal_adc.c:2097:1
	mov	r0, r5
	.loc	7 2097 1 epilogue_begin is_stmt 0 @ ../Drivers/STM32H7xx_HAL_Driver/Src/stm32h7xx_hal_adc.c:2097:1
	pop	{r4, r5, r7, pc}
.Ltmp676:
.Lfunc_end13:
	.size	HAL_ADC_Stop_IT, .Lfunc_end13-HAL_ADC_Stop_IT
	.cfi_endproc
	.cantunwind
	.fnend
                                        @ -- End function
	.section	.text.HAL_ADC_Start_DMA,"ax",%progbits
	.hidden	HAL_ADC_Start_DMA               @ -- Begin function HAL_ADC_Start_DMA
	.globl	HAL_ADC_Start_DMA
	.p2align	3
	.type	HAL_ADC_Start_DMA,%function
	.code	16                              @ @HAL_ADC_Start_DMA
	.thumb_func
HAL_ADC_Start_DMA:
.Lfunc_begin14:
	.loc	7 2113 0 is_stmt 1              @ ../Drivers/STM32H7xx_HAL_Driver/Src/stm32h7xx_hal_adc.c:2113:0
	.fnstart
	.cfi_startproc
@ %bb.0:
	@DEBUG_VALUE: HAL_ADC_Start_DMA:hadc <- $r0
	@DEBUG_VALUE: HAL_ADC_Start_DMA:pData <- $r1
	@DEBUG_VALUE: HAL_ADC_Start_DMA:Length <- $r2
	.save	{r4, r5, r6, r7, r8, lr}
	push.w	{r4, r5, r6, r7, r8, lr}
	.cfi_def_cfa_offset 24
	.cfi_offset lr, -4
	.cfi_offset r8, -8
	.cfi_offset r7, -12
	.cfi_offset r6, -16
	.cfi_offset r5, -20
	.cfi_offset r4, -24
	movw	r6, #8448
	movw	r4, #25352
	movt	r6, #16386
.Ltmp677:
	.loc	7 2115 55 prologue_end          @ ../Drivers/STM32H7xx_HAL_Driver/Src/stm32h7xx_hal_adc.c:2115:55
	ldr	r7, [r0]
.Ltmp678:
	.loc	8 6603 21                       @ ../Drivers/STM32H7xx_HAL_Driver/Inc\stm32h7xx_ll_adc.h:6603:21
	add.w	r5, r6, #520
	movt	r4, #22530
.Ltmp679:
	.loc	7 2115 55                       @ ../Drivers/STM32H7xx_HAL_Driver/Src/stm32h7xx_hal_adc.c:2115:55
	sub.w	r3, r6, #256
.Ltmp680:
	.loc	8 6603 21                       @ ../Drivers/STM32H7xx_HAL_Driver/Inc\stm32h7xx_ll_adc.h:6603:21
	cmp	r7, r6
	it	eq
	moveq	r4, r5
	cmp	r7, r3
	it	eq
	moveq	r4, r5
	ldr	r3, [r4]
.Ltmp681:
	@DEBUG_VALUE: LL_ADC_REG_IsConversionOngoing:ADCx <- $r7
	@DEBUG_VALUE: HAL_ADC_Start_DMA:tmp_multimode_config <- undef
	.loc	8 7075 12                       @ ../Drivers/STM32H7xx_HAL_Driver/Inc\stm32h7xx_ll_adc.h:7075:12
	ldr	r7, [r7, #8]
.Ltmp682:
	.loc	7 2121 7                        @ ../Drivers/STM32H7xx_HAL_Driver/Src/stm32h7xx_hal_adc.c:2121:7
	lsls	r7, r7, #29
	bmi	.LBB14_2
.Ltmp683:
@ %bb.1:
	@DEBUG_VALUE: HAL_ADC_Start_DMA:Length <- $r2
	@DEBUG_VALUE: HAL_ADC_Start_DMA:pData <- $r1
	@DEBUG_VALUE: HAL_ADC_Start_DMA:hadc <- $r0
	@DEBUG_VALUE: HAL_ADC_Start_DMA:tmp_multimode_config <- undef
	.loc	7 2124 5                        @ ../Drivers/STM32H7xx_HAL_Driver/Src/stm32h7xx_hal_adc.c:2124:5
	ldrb.w	r7, [r0, #80]
.Ltmp684:
	.loc	7 2124 5 is_stmt 0              @ ../Drivers/STM32H7xx_HAL_Driver/Src/stm32h7xx_hal_adc.c:2124:5
	cmp	r7, #1
	bne	.LBB14_3
.Ltmp685:
.LBB14_2:
	@DEBUG_VALUE: HAL_ADC_Start_DMA:Length <- $r2
	@DEBUG_VALUE: HAL_ADC_Start_DMA:pData <- $r1
	@DEBUG_VALUE: HAL_ADC_Start_DMA:hadc <- $r0
	.loc	7 0 5                           @ ../Drivers/STM32H7xx_HAL_Driver/Src/stm32h7xx_hal_adc.c:0:5
	movs	r0, #2
.Ltmp686:
	@DEBUG_VALUE: HAL_ADC_Start_DMA:hadc <- [DW_OP_LLVM_entry_value 1] $r0
	.loc	7 2244 1 epilogue_begin is_stmt 1 @ ../Drivers/STM32H7xx_HAL_Driver/Src/stm32h7xx_hal_adc.c:2244:1
	pop.w	{r4, r5, r6, r7, r8, pc}
.Ltmp687:
	.loc	7 0 1 is_stmt 0                 @ :0:1
.Ltmp688:
	.p2align	2
.LBB14_3:
	@DEBUG_VALUE: HAL_ADC_Start_DMA:Length <- $r2
	@DEBUG_VALUE: HAL_ADC_Start_DMA:pData <- $r1
	@DEBUG_VALUE: HAL_ADC_Start_DMA:hadc <- $r0
	and	r7, r3, #31
.Ltmp689:
	@DEBUG_VALUE: HAL_ADC_Start_DMA:tmp_multimode_config <- $r7
	movs	r3, #1
.Ltmp690:
	.loc	7 2129 9 is_stmt 1              @ ../Drivers/STM32H7xx_HAL_Driver/Src/stm32h7xx_hal_adc.c:2129:9
	cmp	r7, #9
.Ltmp691:
	.loc	7 2124 5                        @ ../Drivers/STM32H7xx_HAL_Driver/Src/stm32h7xx_hal_adc.c:2124:5
	strb.w	r3, [r0, #80]
.Ltmp692:
	.loc	7 2129 9                        @ ../Drivers/STM32H7xx_HAL_Driver/Src/stm32h7xx_hal_adc.c:2129:9
	bhi	.LBB14_11
.Ltmp693:
@ %bb.4:
	@DEBUG_VALUE: HAL_ADC_Start_DMA:tmp_multimode_config <- $r7
	@DEBUG_VALUE: HAL_ADC_Start_DMA:Length <- $r2
	@DEBUG_VALUE: HAL_ADC_Start_DMA:pData <- $r1
	@DEBUG_VALUE: HAL_ADC_Start_DMA:hadc <- $r0
	.loc	7 0 9 is_stmt 0                 @ ../Drivers/STM32H7xx_HAL_Driver/Src/stm32h7xx_hal_adc.c:0:9
	lsls	r3, r7
	movw	r5, #545
	tst	r3, r5
	beq	.LBB14_11
.Ltmp694:
@ %bb.5:
	@DEBUG_VALUE: HAL_ADC_Start_DMA:tmp_multimode_config <- $r7
	@DEBUG_VALUE: HAL_ADC_Start_DMA:Length <- $r2
	@DEBUG_VALUE: HAL_ADC_Start_DMA:pData <- $r1
	@DEBUG_VALUE: HAL_ADC_Start_DMA:hadc <- $r0
	mov	r5, r1
.Ltmp695:
	@DEBUG_VALUE: HAL_ADC_Start_DMA:pData <- $r5
	mov	r8, r2
.Ltmp696:
	@DEBUG_VALUE: HAL_ADC_Start_DMA:Length <- $r8
	mov	r4, r0
.Ltmp697:
	.loc	7 2134 24 is_stmt 1             @ ../Drivers/STM32H7xx_HAL_Driver/Src/stm32h7xx_hal_adc.c:2134:24
	bl	ADC_Enable
.Ltmp698:
	@DEBUG_VALUE: HAL_ADC_Start_DMA:hadc <- [DW_OP_LLVM_entry_value 1] $r0
	@DEBUG_VALUE: HAL_ADC_Start_DMA:tmp_hal_status <- $r0
	.loc	7 2137 11                       @ ../Drivers/STM32H7xx_HAL_Driver/Src/stm32h7xx_hal_adc.c:2137:11
	cbz	r0, .LBB14_7
.Ltmp699:
@ %bb.6:
	@DEBUG_VALUE: HAL_ADC_Start_DMA:tmp_hal_status <- $r0
	@DEBUG_VALUE: HAL_ADC_Start_DMA:hadc <- [DW_OP_LLVM_entry_value 1] $r0
	@DEBUG_VALUE: HAL_ADC_Start_DMA:Length <- $r8
	@DEBUG_VALUE: HAL_ADC_Start_DMA:pData <- $r5
	@DEBUG_VALUE: HAL_ADC_Start_DMA:tmp_multimode_config <- $r7
	.loc	7 0 11 is_stmt 0                @ ../Drivers/STM32H7xx_HAL_Driver/Src/stm32h7xx_hal_adc.c:0:11
	movs	r0, #0
.Ltmp700:
	.loc	7 2226 9 is_stmt 1              @ ../Drivers/STM32H7xx_HAL_Driver/Src/stm32h7xx_hal_adc.c:2226:9
	strb.w	r0, [r4, #80]
	movs	r0, #1
.Ltmp701:
	.loc	7 2244 1 epilogue_begin         @ ../Drivers/STM32H7xx_HAL_Driver/Src/stm32h7xx_hal_adc.c:2244:1
	pop.w	{r4, r5, r6, r7, r8, pc}
.Ltmp702:
	.loc	7 0 1 is_stmt 0                 @ :0:1
.Ltmp703:
	.p2align	2
.LBB14_7:
	@DEBUG_VALUE: HAL_ADC_Start_DMA:tmp_hal_status <- $r0
	@DEBUG_VALUE: HAL_ADC_Start_DMA:hadc <- [DW_OP_LLVM_entry_value 1] $r0
	@DEBUG_VALUE: HAL_ADC_Start_DMA:Length <- $r8
	@DEBUG_VALUE: HAL_ADC_Start_DMA:pData <- $r5
	@DEBUG_VALUE: HAL_ADC_Start_DMA:tmp_multimode_config <- $r7
	.loc	7 2149 14 is_stmt 1             @ ../Drivers/STM32H7xx_HAL_Driver/Src/stm32h7xx_hal_adc.c:2149:14
	ldr	r1, [r4]
.Ltmp704:
	.loc	7 2142 9                        @ ../Drivers/STM32H7xx_HAL_Driver/Src/stm32h7xx_hal_adc.c:2142:9
	ldr	r0, [r4, #84]
.Ltmp705:
	.loc	7 0 9 is_stmt 0                 @ ../Drivers/STM32H7xx_HAL_Driver/Src/stm32h7xx_hal_adc.c:0:9
	movw	r3, #3841
	mov	r2, r4
	.loc	7 2142 9                        @ ../Drivers/STM32H7xx_HAL_Driver/Src/stm32h7xx_hal_adc.c:2142:9
	bics	r0, r3
	add.w	r0, r0, #256
	str	r0, [r4, #84]
.Ltmp706:
	.loc	7 2150 13 is_stmt 1             @ ../Drivers/STM32H7xx_HAL_Driver/Src/stm32h7xx_hal_adc.c:2150:13
	cbz	r7, .LBB14_9
.Ltmp707:
@ %bb.8:
	@DEBUG_VALUE: HAL_ADC_Start_DMA:hadc <- [DW_OP_LLVM_entry_value 1] $r0
	@DEBUG_VALUE: HAL_ADC_Start_DMA:Length <- $r8
	@DEBUG_VALUE: HAL_ADC_Start_DMA:pData <- $r5
	@DEBUG_VALUE: HAL_ADC_Start_DMA:tmp_multimode_config <- $r7
	cmp	r1, r6
	beq	.LBB14_10
.Ltmp708:
.LBB14_9:
	@DEBUG_VALUE: HAL_ADC_Start_DMA:hadc <- [DW_OP_LLVM_entry_value 1] $r0
	@DEBUG_VALUE: HAL_ADC_Start_DMA:Length <- $r8
	@DEBUG_VALUE: HAL_ADC_Start_DMA:pData <- $r5
	@DEBUG_VALUE: HAL_ADC_Start_DMA:tmp_multimode_config <- $r7
	.loc	7 2153 11                       @ ../Drivers/STM32H7xx_HAL_Driver/Src/stm32h7xx_hal_adc.c:2153:11
	ldr	r0, [r2, #84]
	bic	r0, r0, #1048576
	str	r0, [r2, #84]
.Ltmp709:
.LBB14_10:
	@DEBUG_VALUE: HAL_ADC_Start_DMA:hadc <- [DW_OP_LLVM_entry_value 1] $r0
	@DEBUG_VALUE: HAL_ADC_Start_DMA:Length <- $r8
	@DEBUG_VALUE: HAL_ADC_Start_DMA:pData <- $r5
	@DEBUG_VALUE: HAL_ADC_Start_DMA:tmp_multimode_config <- $r7
	.loc	7 2157 20                       @ ../Drivers/STM32H7xx_HAL_Driver/Src/stm32h7xx_hal_adc.c:2157:20
	ldr	r0, [r2, #84]
.Ltmp710:
	.loc	7 2169 44                       @ ../Drivers/STM32H7xx_HAL_Driver/Src/stm32h7xx_hal_adc.c:2169:44
	movw	r7, :lower16:ADC_DMAConvCplt
.Ltmp711:
	.loc	7 2157 13                       @ ../Drivers/STM32H7xx_HAL_Driver/Src/stm32h7xx_hal_adc.c:2157:13
	lsls	r0, r0, #19
	mov.w	r0, #0
.Ltmp712:
	.loc	7 2160 11                       @ ../Drivers/STM32H7xx_HAL_Driver/Src/stm32h7xx_hal_adc.c:2160:11
	itt	mi
	ldrmi	r0, [r2, #88]
	bicmi	r0, r0, #6
.Ltmp713:
	.loc	7 2172 48                       @ ../Drivers/STM32H7xx_HAL_Driver/Src/stm32h7xx_hal_adc.c:2172:48
	movw	r6, :lower16:ADC_DMAHalfConvCplt
	.loc	7 2169 44                       @ ../Drivers/STM32H7xx_HAL_Driver/Src/stm32h7xx_hal_adc.c:2169:44
	movt	r7, :upper16:ADC_DMAConvCplt
.Ltmp714:
	.loc	7 0 0 is_stmt 0                 @ ../Drivers/STM32H7xx_HAL_Driver/Src/stm32h7xx_hal_adc.c:0:0
	str	r0, [r2, #88]
.Ltmp715:
	.loc	7 2172 48 is_stmt 1             @ ../Drivers/STM32H7xx_HAL_Driver/Src/stm32h7xx_hal_adc.c:2172:48
	movt	r6, :upper16:ADC_DMAHalfConvCplt
	.loc	7 2169 15                       @ ../Drivers/STM32H7xx_HAL_Driver/Src/stm32h7xx_hal_adc.c:2169:15
	ldr	r0, [r2, #76]
	movs	r3, #0
	mov	r4, r2
	.loc	7 2169 44 is_stmt 0             @ ../Drivers/STM32H7xx_HAL_Driver/Src/stm32h7xx_hal_adc.c:2169:44
	strd	r7, r6, [r0, #60]
	.loc	7 2175 45 is_stmt 1             @ ../Drivers/STM32H7xx_HAL_Driver/Src/stm32h7xx_hal_adc.c:2175:45
	movw	r7, :lower16:ADC_DMAError
	.loc	7 2209 77                       @ ../Drivers/STM32H7xx_HAL_Driver/Src/stm32h7xx_hal_adc.c:2209:77
	ldr	r6, [r2, #44]
	.loc	7 2175 45                       @ ../Drivers/STM32H7xx_HAL_Driver/Src/stm32h7xx_hal_adc.c:2175:45
	movt	r7, :upper16:ADC_DMAError
	str	r7, [r0, #76]
	movs	r7, #28
	.loc	7 2184 9                        @ ../Drivers/STM32H7xx_HAL_Driver/Src/stm32h7xx_hal_adc.c:2184:9
	str	r7, [r1]
.Ltmp716:
	.loc	7 2189 9                        @ ../Drivers/STM32H7xx_HAL_Driver/Src/stm32h7xx_hal_adc.c:2189:9
	strb.w	r3, [r2, #80]
.Ltmp717:
	.loc	7 2214 26                       @ ../Drivers/STM32H7xx_HAL_Driver/Src/stm32h7xx_hal_adc.c:2214:26
	mov	r2, r5
	.loc	7 2194 9                        @ ../Drivers/STM32H7xx_HAL_Driver/Src/stm32h7xx_hal_adc.c:2194:9
	ldr	r3, [r1, #4]
	orr	r3, r3, #16
	str	r3, [r1, #4]
.Ltmp718:
	@DEBUG_VALUE: LL_ADC_REG_SetDataTransferMode:ADCx <- $r1
	@DEBUG_VALUE: LL_ADC_REG_SetDataTransferMode:DataTransferMode <- $r6
	.loc	8 4421 3                        @ ../Drivers/STM32H7xx_HAL_Driver/Inc\stm32h7xx_ll_adc.h:4421:3
	ldr	r3, [r1, #12]
	bic	r3, r3, #3
	orrs	r3, r6
	str	r3, [r1, #12]
.Ltmp719:
	.loc	7 2214 88                       @ ../Drivers/STM32H7xx_HAL_Driver/Src/stm32h7xx_hal_adc.c:2214:88
	adds	r1, #64
.Ltmp720:
	.loc	7 2214 26 is_stmt 0             @ ../Drivers/STM32H7xx_HAL_Driver/Src/stm32h7xx_hal_adc.c:2214:26
	mov	r3, r8
	bl	HAL_DMA_Start_IT
.Ltmp721:
	.loc	7 2221 42 is_stmt 1             @ ../Drivers/STM32H7xx_HAL_Driver/Src/stm32h7xx_hal_adc.c:2221:42
	ldr	r1, [r4]
.Ltmp722:
	@DEBUG_VALUE: LL_ADC_REG_StartConversion:ADCx <- $r1
	.loc	7 0 42 is_stmt 0                @ ../Drivers/STM32H7xx_HAL_Driver/Src/stm32h7xx_hal_adc.c:0:42
	movw	r3, #65472
	movt	r3, #32767
.Ltmp723:
	@DEBUG_VALUE: HAL_ADC_Start_DMA:tmp_hal_status <- $r0
	.loc	8 7042 3 is_stmt 1              @ ../Drivers/STM32H7xx_HAL_Driver/Inc\stm32h7xx_ll_adc.h:7042:3
	ldr	r2, [r1, #8]
	ands	r2, r3
	adds	r2, #4
	str	r2, [r1, #8]
.Ltmp724:
	.loc	7 2244 1 epilogue_begin         @ ../Drivers/STM32H7xx_HAL_Driver/Src/stm32h7xx_hal_adc.c:2244:1
	pop.w	{r4, r5, r6, r7, r8, pc}
.Ltmp725:
	.loc	7 0 1 is_stmt 0                 @ :0:1
.Ltmp726:
	.p2align	2
.LBB14_11:
	@DEBUG_VALUE: HAL_ADC_Start_DMA:tmp_multimode_config <- $r7
	@DEBUG_VALUE: HAL_ADC_Start_DMA:Length <- $r2
	@DEBUG_VALUE: HAL_ADC_Start_DMA:pData <- $r1
	@DEBUG_VALUE: HAL_ADC_Start_DMA:hadc <- $r0
	@DEBUG_VALUE: HAL_ADC_Start_DMA:tmp_hal_status <- 1
	movs	r1, #0
.Ltmp727:
	@DEBUG_VALUE: HAL_ADC_Start_DMA:pData <- [DW_OP_LLVM_entry_value 1] $r1
	.loc	7 2234 7 is_stmt 1              @ ../Drivers/STM32H7xx_HAL_Driver/Src/stm32h7xx_hal_adc.c:2234:7
	strb.w	r1, [r0, #80]
	movs	r0, #1
.Ltmp728:
	@DEBUG_VALUE: HAL_ADC_Start_DMA:hadc <- [DW_OP_LLVM_entry_value 1] $r0
	.loc	7 2244 1 epilogue_begin         @ ../Drivers/STM32H7xx_HAL_Driver/Src/stm32h7xx_hal_adc.c:2244:1
	pop.w	{r4, r5, r6, r7, r8, pc}
.Ltmp729:
.Lfunc_end14:
	.size	HAL_ADC_Start_DMA, .Lfunc_end14-HAL_ADC_Start_DMA
	.cfi_endproc
	.cantunwind
	.fnend
                                        @ -- End function
	.section	.text.ADC_DMAConvCplt,"ax",%progbits
	.hidden	ADC_DMAConvCplt                 @ -- Begin function ADC_DMAConvCplt
	.globl	ADC_DMAConvCplt
	.p2align	3
	.type	ADC_DMAConvCplt,%function
	.code	16                              @ @ADC_DMAConvCplt
	.thumb_func
ADC_DMAConvCplt:
.Lfunc_begin15:
	.loc	7 3818 0                        @ ../Drivers/STM32H7xx_HAL_Driver/Src/stm32h7xx_hal_adc.c:3818:0
	.fnstart
	.cfi_startproc
@ %bb.0:
	@DEBUG_VALUE: ADC_DMAConvCplt:hdma <- $r0
	mov	r1, r0
.Ltmp730:
	@DEBUG_VALUE: ADC_DMAConvCplt:hdma <- $r1
	.loc	7 3820 79 prologue_end          @ ../Drivers/STM32H7xx_HAL_Driver/Src/stm32h7xx_hal_adc.c:3820:79
	ldr	r0, [r0, #56]
.Ltmp731:
	@DEBUG_VALUE: ADC_DMAConvCplt:hadc <- $r0
	.loc	7 3823 14                       @ ../Drivers/STM32H7xx_HAL_Driver/Src/stm32h7xx_hal_adc.c:3823:14
	ldr	r2, [r0, #84]
.Ltmp732:
	.loc	7 3823 7 is_stmt 0              @ ../Drivers/STM32H7xx_HAL_Driver/Src/stm32h7xx_hal_adc.c:3823:7
	tst.w	r2, #80
.Ltmp733:
	.loc	7 0 0                           @ ../Drivers/STM32H7xx_HAL_Driver/Src/stm32h7xx_hal_adc.c:0:0
	ldr	r2, [r0, #84]
.Ltmp734:
	.loc	7 3823 7                        @ ../Drivers/STM32H7xx_HAL_Driver/Src/stm32h7xx_hal_adc.c:3823:7
	beq	.LBB15_3
.Ltmp735:
@ %bb.1:
	@DEBUG_VALUE: ADC_DMAConvCplt:hadc <- $r0
	@DEBUG_VALUE: ADC_DMAConvCplt:hdma <- $r1
	.loc	7 3873 9 is_stmt 1              @ ../Drivers/STM32H7xx_HAL_Driver/Src/stm32h7xx_hal_adc.c:3873:9
	lsls	r2, r2, #27
	bmi	.LBB15_6
.Ltmp736:
@ %bb.2:
	@DEBUG_VALUE: ADC_DMAConvCplt:hadc <- $r0
	@DEBUG_VALUE: ADC_DMAConvCplt:hdma <- $r1
	.loc	7 3885 13                       @ ../Drivers/STM32H7xx_HAL_Driver/Src/stm32h7xx_hal_adc.c:3885:13
	ldr	r0, [r0, #76]
.Ltmp737:
	.loc	7 3885 25 is_stmt 0             @ ../Drivers/STM32H7xx_HAL_Driver/Src/stm32h7xx_hal_adc.c:3885:25
	ldr	r2, [r0, #76]
	.loc	7 3885 7                        @ ../Drivers/STM32H7xx_HAL_Driver/Src/stm32h7xx_hal_adc.c:3885:7
	mov	r0, r1
.Ltmp738:
	bx	r2
.Ltmp739:
	.loc	7 0 7                           @ :0:7
.Ltmp740:
	.p2align	2
.LBB15_3:
	@DEBUG_VALUE: ADC_DMAConvCplt:hadc <- $r0
	@DEBUG_VALUE: ADC_DMAConvCplt:hdma <- $r1
	.loc	7 3826 5 is_stmt 1              @ ../Drivers/STM32H7xx_HAL_Driver/Src/stm32h7xx_hal_adc.c:3826:5
	orr	r1, r2, #512
.Ltmp741:
	str	r1, [r0, #84]
.Ltmp742:
	.loc	7 3832 16                       @ ../Drivers/STM32H7xx_HAL_Driver/Src/stm32h7xx_hal_adc.c:3832:16
	ldr	r1, [r0]
	.loc	7 3832 26 is_stmt 0             @ ../Drivers/STM32H7xx_HAL_Driver/Src/stm32h7xx_hal_adc.c:3832:26
	ldr	r2, [r1]
.Ltmp743:
	.loc	7 3832 9                        @ ../Drivers/STM32H7xx_HAL_Driver/Src/stm32h7xx_hal_adc.c:3832:9
	lsls	r2, r2, #28
.Ltmp744:
	.loc	7 0 0                           @ ../Drivers/STM32H7xx_HAL_Driver/Src/stm32h7xx_hal_adc.c:0:0
	ldr	r2, [r1, #12]
.Ltmp745:
	.loc	7 3832 9                        @ ../Drivers/STM32H7xx_HAL_Driver/Src/stm32h7xx_hal_adc.c:3832:9
	bmi	.LBB15_7
.Ltmp746:
@ %bb.4:
	@DEBUG_VALUE: ADC_DMAConvCplt:hadc <- $r0
	.loc	7 3853 11 is_stmt 1             @ ../Drivers/STM32H7xx_HAL_Driver/Src/stm32h7xx_hal_adc.c:3853:11
	lsls	r1, r2, #30
	beq	.LBB15_9
.Ltmp747:
.LBB15_5:
	@DEBUG_VALUE: ADC_DMAConvCplt:hadc <- $r0
	.loc	7 3868 5                        @ ../Drivers/STM32H7xx_HAL_Driver/Src/stm32h7xx_hal_adc.c:3868:5
	b	HAL_ADC_ConvCpltCallback
.Ltmp748:
	.loc	7 0 5 is_stmt 0                 @ :0:5
.Ltmp749:
	.p2align	2
.LBB15_6:
	@DEBUG_VALUE: ADC_DMAConvCplt:hadc <- $r0
	@DEBUG_VALUE: ADC_DMAConvCplt:hdma <- $r1
	.loc	7 3879 7 is_stmt 1              @ ../Drivers/STM32H7xx_HAL_Driver/Src/stm32h7xx_hal_adc.c:3879:7
	b	HAL_ADC_ErrorCallback
.Ltmp750:
	.loc	7 0 7 is_stmt 0                 @ :0:7
.Ltmp751:
	.p2align	2
.LBB15_7:
	@DEBUG_VALUE: ADC_DMAConvCplt:hadc <- $r0
	@DEBUG_VALUE: LL_ADC_REG_IsTriggerSourceSWStart:ADCx <- $r1
	.loc	7 3835 11 is_stmt 1             @ ../Drivers/STM32H7xx_HAL_Driver/Src/stm32h7xx_hal_adc.c:3835:11
	tst.w	r2, #3072
	bne	.LBB15_5
.Ltmp752:
@ %bb.8:
	@DEBUG_VALUE: ADC_DMAConvCplt:hadc <- $r0
	.loc	7 3838 13                       @ ../Drivers/STM32H7xx_HAL_Driver/Src/stm32h7xx_hal_adc.c:3838:13
	ldr	r1, [r1, #12]
.Ltmp753:
	.loc	7 3838 13 is_stmt 0             @ ../Drivers/STM32H7xx_HAL_Driver/Src/stm32h7xx_hal_adc.c:3838:13
	lsls	r1, r1, #18
	bmi	.LBB15_5
.Ltmp754:
.LBB15_9:
	@DEBUG_VALUE: ADC_DMAConvCplt:hadc <- $r0
	.loc	7 0 0                           @ ../Drivers/STM32H7xx_HAL_Driver/Src/stm32h7xx_hal_adc.c:0:0
	ldr	r1, [r0, #84]
	bic	r1, r1, #256
	str	r1, [r0, #84]
	ldr	r1, [r0, #84]
	lsls	r1, r1, #19
	bmi	.LBB15_5
.Ltmp755:
@ %bb.10:
	@DEBUG_VALUE: ADC_DMAConvCplt:hadc <- $r0
	ldr	r1, [r0, #84]
	orr	r1, r1, #1
	str	r1, [r0, #84]
.Ltmp756:
	.loc	7 3868 5 is_stmt 1              @ ../Drivers/STM32H7xx_HAL_Driver/Src/stm32h7xx_hal_adc.c:3868:5
	b	HAL_ADC_ConvCpltCallback
.Ltmp757:
.Lfunc_end15:
	.size	ADC_DMAConvCplt, .Lfunc_end15-ADC_DMAConvCplt
	.cfi_endproc
	.cantunwind
	.fnend
                                        @ -- End function
	.section	.text.ADC_DMAHalfConvCplt,"ax",%progbits
	.hidden	ADC_DMAHalfConvCplt             @ -- Begin function ADC_DMAHalfConvCplt
	.globl	ADC_DMAHalfConvCplt
	.p2align	3
	.type	ADC_DMAHalfConvCplt,%function
	.code	16                              @ @ADC_DMAHalfConvCplt
	.thumb_func
ADC_DMAHalfConvCplt:
.Lfunc_begin16:
	.fnstart
	.cfi_startproc
@ %bb.0:
	@DEBUG_VALUE: ADC_DMAHalfConvCplt:hdma <- $r0
	.loc	7 3898 79 prologue_end          @ ../Drivers/STM32H7xx_HAL_Driver/Src/stm32h7xx_hal_adc.c:3898:79
	ldr	r0, [r0, #56]
.Ltmp758:
	@DEBUG_VALUE: ADC_DMAHalfConvCplt:hdma <- [DW_OP_LLVM_entry_value 1] $r0
	@DEBUG_VALUE: ADC_DMAHalfConvCplt:hadc <- $r0
	.loc	7 3904 3                        @ ../Drivers/STM32H7xx_HAL_Driver/Src/stm32h7xx_hal_adc.c:3904:3
	b	HAL_ADC_ConvHalfCpltCallback
.Ltmp759:
.Lfunc_end16:
	.size	ADC_DMAHalfConvCplt, .Lfunc_end16-ADC_DMAHalfConvCplt
	.cfi_endproc
	.cantunwind
	.fnend
                                        @ -- End function
	.section	.text.ADC_DMAError,"ax",%progbits
	.hidden	ADC_DMAError                    @ -- Begin function ADC_DMAError
	.globl	ADC_DMAError
	.p2align	3
	.type	ADC_DMAError,%function
	.code	16                              @ @ADC_DMAError
	.thumb_func
ADC_DMAError:
.Lfunc_begin17:
	.fnstart
	.cfi_startproc
@ %bb.0:
	@DEBUG_VALUE: ADC_DMAError:hdma <- $r0
	.loc	7 3916 79 prologue_end          @ ../Drivers/STM32H7xx_HAL_Driver/Src/stm32h7xx_hal_adc.c:3916:79
	ldr	r0, [r0, #56]
.Ltmp760:
	@DEBUG_VALUE: ADC_DMAError:hdma <- [DW_OP_LLVM_entry_value 1] $r0
	@DEBUG_VALUE: ADC_DMAError:hadc <- $r0
	.loc	7 3919 3                        @ ../Drivers/STM32H7xx_HAL_Driver/Src/stm32h7xx_hal_adc.c:3919:3
	ldr	r1, [r0, #84]
	orr	r1, r1, #64
	str	r1, [r0, #84]
	.loc	7 3922 3                        @ ../Drivers/STM32H7xx_HAL_Driver/Src/stm32h7xx_hal_adc.c:3922:3
	ldr	r1, [r0, #88]
	orr	r1, r1, #4
	str	r1, [r0, #88]
.Ltmp761:
	.loc	7 3928 3                        @ ../Drivers/STM32H7xx_HAL_Driver/Src/stm32h7xx_hal_adc.c:3928:3
	b	HAL_ADC_ErrorCallback
.Ltmp762:
.Lfunc_end17:
	.size	ADC_DMAError, .Lfunc_end17-ADC_DMAError
	.cfi_endproc
	.cantunwind
	.fnend
                                        @ -- End function
	.section	.text.HAL_ADC_Stop_DMA,"ax",%progbits
	.hidden	HAL_ADC_Stop_DMA                @ -- Begin function HAL_ADC_Stop_DMA
	.globl	HAL_ADC_Stop_DMA
	.p2align	3
	.type	HAL_ADC_Stop_DMA,%function
	.code	16                              @ @HAL_ADC_Stop_DMA
	.thumb_func
HAL_ADC_Stop_DMA:
.Lfunc_begin18:
	.loc	7 2260 0                        @ ../Drivers/STM32H7xx_HAL_Driver/Src/stm32h7xx_hal_adc.c:2260:0
	.fnstart
	.cfi_startproc
@ %bb.0:
	@DEBUG_VALUE: HAL_ADC_Stop_DMA:hadc <- $r0
	.save	{r4, r5, r6, lr}
	push	{r4, r5, r6, lr}
	.cfi_def_cfa_offset 16
	.cfi_offset lr, -4
	.cfi_offset r6, -8
	.cfi_offset r5, -12
	.cfi_offset r4, -16
	mov	r4, r0
.Ltmp763:
	@DEBUG_VALUE: HAL_ADC_Stop_DMA:hadc <- $r4
	.loc	7 2267 3 prologue_end           @ ../Drivers/STM32H7xx_HAL_Driver/Src/stm32h7xx_hal_adc.c:2267:3
	ldrb.w	r0, [r0, #80]
.Ltmp764:
	.loc	7 2267 3 is_stmt 0              @ ../Drivers/STM32H7xx_HAL_Driver/Src/stm32h7xx_hal_adc.c:2267:3
	cmp	r0, #1
	bne	.LBB18_2
.Ltmp765:
@ %bb.1:
	@DEBUG_VALUE: HAL_ADC_Stop_DMA:hadc <- $r4
	.loc	7 0 3                           @ ../Drivers/STM32H7xx_HAL_Driver/Src/stm32h7xx_hal_adc.c:0:3
	movs	r0, #2
	.loc	7 2323 1 epilogue_begin is_stmt 1 @ ../Drivers/STM32H7xx_HAL_Driver/Src/stm32h7xx_hal_adc.c:2323:1
	pop	{r4, r5, r6, pc}
.Ltmp766:
	.loc	7 0 1 is_stmt 0                 @ :0:1
.Ltmp767:
	.p2align	2
.LBB18_2:
	@DEBUG_VALUE: HAL_ADC_Stop_DMA:hadc <- $r4
	.loc	7 2270 20 is_stmt 1             @ ../Drivers/STM32H7xx_HAL_Driver/Src/stm32h7xx_hal_adc.c:2270:20
	movs	r1, #3
	mov	r0, r4
	movs	r5, #1
.Ltmp768:
	.loc	7 2267 3                        @ ../Drivers/STM32H7xx_HAL_Driver/Src/stm32h7xx_hal_adc.c:2267:3
	strb.w	r5, [r4, #80]
.Ltmp769:
	.loc	7 2270 20                       @ ../Drivers/STM32H7xx_HAL_Driver/Src/stm32h7xx_hal_adc.c:2270:20
	bl	ADC_ConversionStop
.Ltmp770:
	@DEBUG_VALUE: HAL_ADC_Stop_DMA:tmp_hal_status <- $r0
	.loc	7 2273 7                        @ ../Drivers/STM32H7xx_HAL_Driver/Src/stm32h7xx_hal_adc.c:2273:7
	cbz	r0, .LBB18_4
.Ltmp771:
.LBB18_3:
	@DEBUG_VALUE: HAL_ADC_Stop_DMA:hadc <- $r4
	@DEBUG_VALUE: HAL_ADC_Stop_DMA:tmp_hal_status <- $r5
	.loc	7 0 7 is_stmt 0                 @ ../Drivers/STM32H7xx_HAL_Driver/Src/stm32h7xx_hal_adc.c:0:7
	movs	r0, #0
.Ltmp772:
	.loc	7 2319 3 is_stmt 1              @ ../Drivers/STM32H7xx_HAL_Driver/Src/stm32h7xx_hal_adc.c:2319:3
	strb.w	r0, [r4, #80]
.Ltmp773:
	.loc	7 2323 1                        @ ../Drivers/STM32H7xx_HAL_Driver/Src/stm32h7xx_hal_adc.c:2323:1
	mov	r0, r5
	.loc	7 2323 1 epilogue_begin is_stmt 0 @ ../Drivers/STM32H7xx_HAL_Driver/Src/stm32h7xx_hal_adc.c:2323:1
	pop	{r4, r5, r6, pc}
.Ltmp774:
	.loc	7 0 1                           @ :0:1
.Ltmp775:
	.p2align	2
.LBB18_4:
	@DEBUG_VALUE: HAL_ADC_Stop_DMA:tmp_hal_status <- $r0
	@DEBUG_VALUE: HAL_ADC_Stop_DMA:hadc <- $r4
	.loc	7 2276 5 is_stmt 1              @ ../Drivers/STM32H7xx_HAL_Driver/Src/stm32h7xx_hal_adc.c:2276:5
	ldr	r1, [r4]
.Ltmp776:
	.loc	7 2280 15                       @ ../Drivers/STM32H7xx_HAL_Driver/Src/stm32h7xx_hal_adc.c:2280:15
	ldr	r0, [r4, #76]
.Ltmp777:
	.loc	7 2276 5                        @ ../Drivers/STM32H7xx_HAL_Driver/Src/stm32h7xx_hal_adc.c:2276:5
	ldr	r2, [r1, #12]
	bic	r2, r2, #3
	str	r2, [r1, #12]
.Ltmp778:
	.loc	7 2280 27                       @ ../Drivers/STM32H7xx_HAL_Driver/Src/stm32h7xx_hal_adc.c:2280:27
	ldrb.w	r2, [r0, #53]
.Ltmp779:
	.loc	7 2280 9 is_stmt 0              @ ../Drivers/STM32H7xx_HAL_Driver/Src/stm32h7xx_hal_adc.c:2280:9
	cmp	r2, #2
	bne	.LBB18_16
.Ltmp780:
@ %bb.5:
	@DEBUG_VALUE: HAL_ADC_Stop_DMA:hadc <- $r4
	.loc	7 2282 24 is_stmt 1             @ ../Drivers/STM32H7xx_HAL_Driver/Src/stm32h7xx_hal_adc.c:2282:24
	bl	HAL_DMA_Abort
.Ltmp781:
	@DEBUG_VALUE: HAL_ADC_Stop_DMA:tmp_hal_status <- $r0
	.loc	7 2285 11                       @ ../Drivers/STM32H7xx_HAL_Driver/Src/stm32h7xx_hal_adc.c:2285:11
	cbz	r0, .LBB18_15
.Ltmp782:
@ %bb.6:
	@DEBUG_VALUE: HAL_ADC_Stop_DMA:tmp_hal_status <- $r0
	@DEBUG_VALUE: HAL_ADC_Stop_DMA:hadc <- $r4
	.loc	7 0 0 is_stmt 0                 @ ../Drivers/STM32H7xx_HAL_Driver/Src/stm32h7xx_hal_adc.c:0:0
	mov	r5, r0
.Ltmp783:
	@DEBUG_VALUE: HAL_ADC_Stop_DMA:tmp_hal_status <- $r5
	@DEBUG_VALUE: HAL_ADC_Stop_DMA:tmp_hal_status <- $r5
	@DEBUG_VALUE: HAL_ADC_Stop_DMA:tmp_hal_status <- $r5
	.loc	7 2293 5 is_stmt 1              @ ../Drivers/STM32H7xx_HAL_Driver/Src/stm32h7xx_hal_adc.c:2293:5
	ldr	r0, [r4]
.Ltmp784:
	.loc	7 2288 9                        @ ../Drivers/STM32H7xx_HAL_Driver/Src/stm32h7xx_hal_adc.c:2288:9
	ldr	r1, [r4, #84]
	orr	r1, r1, #64
	str	r1, [r4, #84]
.Ltmp785:
	.loc	7 2293 5                        @ ../Drivers/STM32H7xx_HAL_Driver/Src/stm32h7xx_hal_adc.c:2293:5
	ldr	r1, [r0, #4]
	bic	r1, r1, #16
	str	r1, [r0, #4]
.Ltmp786:
	@DEBUG_VALUE: LL_ADC_IsDisableOngoing:ADCx <- $r0
	@DEBUG_VALUE: ADC_Disable:hadc <- $r4
	.loc	8 6954 12                       @ ../Drivers/STM32H7xx_HAL_Driver/Inc\stm32h7xx_ll_adc.h:6954:12
	ldr	r1, [r0, #8]
.Ltmp787:
	@DEBUG_VALUE: LL_ADC_IsEnabled:ADCx <- $r0
	@DEBUG_VALUE: ADC_Disable:tmp_adc_is_disable_on_going <- [DW_OP_constu 1, DW_OP_shr, DW_OP_constu 1, DW_OP_and, DW_OP_stack_value] $r1
	.loc	8 6943 12                       @ ../Drivers/STM32H7xx_HAL_Driver/Inc\stm32h7xx_ll_adc.h:6943:12
	ldr	r2, [r0, #8]
.Ltmp788:
	.loc	7 3764 7                        @ ../Drivers/STM32H7xx_HAL_Driver/Src/stm32h7xx_hal_adc.c:3764:7
	lsls	r2, r2, #31
	beq	.LBB18_3
.Ltmp789:
@ %bb.7:
	@DEBUG_VALUE: ADC_Disable:tmp_adc_is_disable_on_going <- [DW_OP_constu 1, DW_OP_shr, DW_OP_constu 1, DW_OP_and, DW_OP_stack_value] $r1
	@DEBUG_VALUE: ADC_Disable:hadc <- $r4
	@DEBUG_VALUE: HAL_ADC_Stop_DMA:tmp_hal_status <- $r5
	@DEBUG_VALUE: HAL_ADC_Stop_DMA:hadc <- $r4
	.loc	7 0 7 is_stmt 0                 @ ../Drivers/STM32H7xx_HAL_Driver/Src/stm32h7xx_hal_adc.c:0:7
	ands	r1, r1, #2
.Ltmp790:
	.loc	7 3764 7                        @ ../Drivers/STM32H7xx_HAL_Driver/Src/stm32h7xx_hal_adc.c:3764:7
	bne	.LBB18_3
.Ltmp791:
@ %bb.8:
	@DEBUG_VALUE: ADC_Disable:hadc <- $r4
	@DEBUG_VALUE: HAL_ADC_Stop_DMA:tmp_hal_status <- $r5
	@DEBUG_VALUE: HAL_ADC_Stop_DMA:hadc <- $r4
	.loc	7 3768 26 is_stmt 1             @ ../Drivers/STM32H7xx_HAL_Driver/Src/stm32h7xx_hal_adc.c:3768:26
	ldr	r1, [r0, #8]
	.loc	7 3768 29 is_stmt 0             @ ../Drivers/STM32H7xx_HAL_Driver/Src/stm32h7xx_hal_adc.c:3768:29
	and	r1, r1, #13
.Ltmp792:
	.loc	7 3768 9                        @ ../Drivers/STM32H7xx_HAL_Driver/Src/stm32h7xx_hal_adc.c:3768:9
	cmp	r1, #1
	bne	.LBB18_14
.Ltmp793:
@ %bb.9:
	@DEBUG_VALUE: ADC_Disable:hadc <- $r4
	@DEBUG_VALUE: HAL_ADC_Stop_DMA:tmp_hal_status <- $r5
	@DEBUG_VALUE: HAL_ADC_Stop_DMA:hadc <- $r4
	@DEBUG_VALUE: LL_ADC_Disable:ADCx <- $r0
	.loc	7 0 9                           @ ../Drivers/STM32H7xx_HAL_Driver/Src/stm32h7xx_hal_adc.c:0:9
	movw	r2, #65472
.Ltmp794:
	.loc	8 6927 3 is_stmt 1              @ ../Drivers/STM32H7xx_HAL_Driver/Inc\stm32h7xx_ll_adc.h:6927:3
	ldr	r1, [r0, #8]
	movt	r2, #32767
	ands	r1, r2
	adds	r1, #2
	str	r1, [r0, #8]
	movs	r1, #3
.Ltmp795:
	.loc	7 3772 7                        @ ../Drivers/STM32H7xx_HAL_Driver/Src/stm32h7xx_hal_adc.c:3772:7
	str	r1, [r0]
.Ltmp796:
	.loc	7 3787 17                       @ ../Drivers/STM32H7xx_HAL_Driver/Src/stm32h7xx_hal_adc.c:3787:17
	bl	HAL_GetTick
.Ltmp797:
	.loc	7 3789 19                       @ ../Drivers/STM32H7xx_HAL_Driver/Src/stm32h7xx_hal_adc.c:3789:19
	ldr	r1, [r4]
	.loc	7 3789 29 is_stmt 0             @ ../Drivers/STM32H7xx_HAL_Driver/Src/stm32h7xx_hal_adc.c:3789:29
	ldr	r1, [r1, #8]
	.loc	7 3789 5                        @ ../Drivers/STM32H7xx_HAL_Driver/Src/stm32h7xx_hal_adc.c:3789:5
	lsls	r1, r1, #31
.Ltmp798:
	@DEBUG_VALUE: ADC_Disable:tickstart <- $r0
	beq	.LBB18_3
.Ltmp799:
@ %bb.10:
	@DEBUG_VALUE: ADC_Disable:tickstart <- $r0
	@DEBUG_VALUE: ADC_Disable:hadc <- $r4
	@DEBUG_VALUE: HAL_ADC_Stop_DMA:tmp_hal_status <- $r5
	@DEBUG_VALUE: HAL_ADC_Stop_DMA:hadc <- $r4
	.loc	7 0 5                           @ ../Drivers/STM32H7xx_HAL_Driver/Src/stm32h7xx_hal_adc.c:0:5
	mov	r6, r0
.Ltmp800:
	@DEBUG_VALUE: ADC_Disable:tickstart <- $r6
	@DEBUG_VALUE: ADC_Disable:tickstart <- $r6
	b	.LBB18_12
.Ltmp801:
	.p2align	2
.LBB18_11:                              @   in Loop: Header=BB18_12 Depth=1
	@DEBUG_VALUE: ADC_Disable:tickstart <- $r6
	@DEBUG_VALUE: ADC_Disable:hadc <- $r4
	@DEBUG_VALUE: HAL_ADC_Stop_DMA:tmp_hal_status <- $r5
	@DEBUG_VALUE: HAL_ADC_Stop_DMA:hadc <- $r4
	.loc	7 3789 29                       @ ../Drivers/STM32H7xx_HAL_Driver/Src/stm32h7xx_hal_adc.c:3789:29
	ldr	r0, [r0, #8]
	.loc	7 3789 5                        @ ../Drivers/STM32H7xx_HAL_Driver/Src/stm32h7xx_hal_adc.c:3789:5
	lsls	r0, r0, #31
	beq	.LBB18_3
.Ltmp802:
.LBB18_12:                              @ =>This Inner Loop Header: Depth=1
	@DEBUG_VALUE: ADC_Disable:tickstart <- $r6
	@DEBUG_VALUE: ADC_Disable:hadc <- $r4
	@DEBUG_VALUE: HAL_ADC_Stop_DMA:tmp_hal_status <- $r5
	@DEBUG_VALUE: HAL_ADC_Stop_DMA:hadc <- $r4
	.loc	7 3791 12 is_stmt 1             @ ../Drivers/STM32H7xx_HAL_Driver/Src/stm32h7xx_hal_adc.c:3791:12
	bl	HAL_GetTick
.Ltmp803:
	.loc	7 3791 26 is_stmt 0             @ ../Drivers/STM32H7xx_HAL_Driver/Src/stm32h7xx_hal_adc.c:3791:26
	subs	r0, r0, r6
.Ltmp804:
	.loc	7 3791 11                       @ ../Drivers/STM32H7xx_HAL_Driver/Src/stm32h7xx_hal_adc.c:3791:11
	cmp	r0, #3
.Ltmp805:
	.loc	7 3789 19 is_stmt 1             @ ../Drivers/STM32H7xx_HAL_Driver/Src/stm32h7xx_hal_adc.c:3789:19
	ldr	r0, [r4]
.Ltmp806:
	.loc	7 3791 11                       @ ../Drivers/STM32H7xx_HAL_Driver/Src/stm32h7xx_hal_adc.c:3791:11
	blo	.LBB18_11
.Ltmp807:
@ %bb.13:                               @   in Loop: Header=BB18_12 Depth=1
	@DEBUG_VALUE: ADC_Disable:tickstart <- $r6
	@DEBUG_VALUE: ADC_Disable:hadc <- $r4
	@DEBUG_VALUE: HAL_ADC_Stop_DMA:tmp_hal_status <- $r5
	@DEBUG_VALUE: HAL_ADC_Stop_DMA:hadc <- $r4
	.loc	7 3794 30                       @ ../Drivers/STM32H7xx_HAL_Driver/Src/stm32h7xx_hal_adc.c:3794:30
	ldr	r1, [r0, #8]
.Ltmp808:
	.loc	7 3794 13 is_stmt 0             @ ../Drivers/STM32H7xx_HAL_Driver/Src/stm32h7xx_hal_adc.c:3794:13
	lsls	r1, r1, #31
	beq	.LBB18_11
.Ltmp809:
.LBB18_14:
	@DEBUG_VALUE: ADC_Disable:hadc <- $r4
	@DEBUG_VALUE: HAL_ADC_Stop_DMA:tmp_hal_status <- $r5
	@DEBUG_VALUE: HAL_ADC_Stop_DMA:hadc <- $r4
	.loc	7 0 0                           @ ../Drivers/STM32H7xx_HAL_Driver/Src/stm32h7xx_hal_adc.c:0:0
	ldr	r0, [r4, #84]
	b	.LBB18_26
.Ltmp810:
	.p2align	2
.LBB18_15:
	@DEBUG_VALUE: HAL_ADC_Stop_DMA:tmp_hal_status <- $r0
	@DEBUG_VALUE: HAL_ADC_Stop_DMA:hadc <- $r4
	.loc	7 2293 5 is_stmt 1              @ ../Drivers/STM32H7xx_HAL_Driver/Src/stm32h7xx_hal_adc.c:2293:5
	ldr	r1, [r4]
.Ltmp811:
.LBB18_16:
	@DEBUG_VALUE: HAL_ADC_Stop_DMA:hadc <- $r4
	@DEBUG_VALUE: HAL_ADC_Stop_DMA:tmp_hal_status <- undef
	ldr	r0, [r1, #4]
	bic	r0, r0, #16
	str	r0, [r1, #4]
.Ltmp812:
	@DEBUG_VALUE: LL_ADC_IsDisableOngoing:ADCx <- $r1
	@DEBUG_VALUE: ADC_Disable:hadc <- $r4
	.loc	8 6954 12                       @ ../Drivers/STM32H7xx_HAL_Driver/Inc\stm32h7xx_ll_adc.h:6954:12
	ldr	r0, [r1, #8]
.Ltmp813:
	@DEBUG_VALUE: LL_ADC_IsEnabled:ADCx <- $r1
	@DEBUG_VALUE: ADC_Disable:tmp_adc_is_disable_on_going <- [DW_OP_constu 1, DW_OP_shr, DW_OP_constu 1, DW_OP_and, DW_OP_stack_value] $r0
	.loc	8 6943 12                       @ ../Drivers/STM32H7xx_HAL_Driver/Inc\stm32h7xx_ll_adc.h:6943:12
	ldr	r2, [r1, #8]
.Ltmp814:
	.loc	7 3764 7                        @ ../Drivers/STM32H7xx_HAL_Driver/Src/stm32h7xx_hal_adc.c:3764:7
	lsls	r2, r2, #31
	beq	.LBB18_20
.Ltmp815:
@ %bb.17:
	@DEBUG_VALUE: ADC_Disable:tmp_adc_is_disable_on_going <- [DW_OP_constu 1, DW_OP_shr, DW_OP_constu 1, DW_OP_and, DW_OP_stack_value] $r0
	@DEBUG_VALUE: ADC_Disable:hadc <- $r4
	@DEBUG_VALUE: HAL_ADC_Stop_DMA:hadc <- $r4
	.loc	7 0 7 is_stmt 0                 @ ../Drivers/STM32H7xx_HAL_Driver/Src/stm32h7xx_hal_adc.c:0:7
	ands	r0, r0, #2
.Ltmp816:
	.loc	7 3764 7                        @ ../Drivers/STM32H7xx_HAL_Driver/Src/stm32h7xx_hal_adc.c:3764:7
	bne	.LBB18_20
.Ltmp817:
@ %bb.18:
	@DEBUG_VALUE: ADC_Disable:hadc <- $r4
	@DEBUG_VALUE: HAL_ADC_Stop_DMA:hadc <- $r4
	.loc	7 3768 26 is_stmt 1             @ ../Drivers/STM32H7xx_HAL_Driver/Src/stm32h7xx_hal_adc.c:3768:26
	ldr	r0, [r1, #8]
	.loc	7 3768 29 is_stmt 0             @ ../Drivers/STM32H7xx_HAL_Driver/Src/stm32h7xx_hal_adc.c:3768:29
	and	r0, r0, #13
.Ltmp818:
	.loc	7 3768 9                        @ ../Drivers/STM32H7xx_HAL_Driver/Src/stm32h7xx_hal_adc.c:3768:9
	cmp	r0, #1
	bne	.LBB18_25
.Ltmp819:
@ %bb.19:
	@DEBUG_VALUE: ADC_Disable:hadc <- $r4
	@DEBUG_VALUE: HAL_ADC_Stop_DMA:hadc <- $r4
	@DEBUG_VALUE: LL_ADC_Disable:ADCx <- $r1
	.loc	7 0 9                           @ ../Drivers/STM32H7xx_HAL_Driver/Src/stm32h7xx_hal_adc.c:0:9
	movw	r2, #65472
.Ltmp820:
	.loc	8 6927 3 is_stmt 1              @ ../Drivers/STM32H7xx_HAL_Driver/Inc\stm32h7xx_ll_adc.h:6927:3
	ldr	r0, [r1, #8]
	movt	r2, #32767
	ands	r0, r2
	adds	r0, #2
	str	r0, [r1, #8]
	movs	r0, #3
.Ltmp821:
	.loc	7 3772 7                        @ ../Drivers/STM32H7xx_HAL_Driver/Src/stm32h7xx_hal_adc.c:3772:7
	str	r0, [r1]
.Ltmp822:
	.loc	7 3787 17                       @ ../Drivers/STM32H7xx_HAL_Driver/Src/stm32h7xx_hal_adc.c:3787:17
	bl	HAL_GetTick
.Ltmp823:
	.loc	7 3789 19                       @ ../Drivers/STM32H7xx_HAL_Driver/Src/stm32h7xx_hal_adc.c:3789:19
	ldr	r1, [r4]
	.loc	7 3789 29 is_stmt 0             @ ../Drivers/STM32H7xx_HAL_Driver/Src/stm32h7xx_hal_adc.c:3789:29
	ldr	r1, [r1, #8]
	.loc	7 3789 5                        @ ../Drivers/STM32H7xx_HAL_Driver/Src/stm32h7xx_hal_adc.c:3789:5
	lsls	r1, r1, #31
.Ltmp824:
	@DEBUG_VALUE: ADC_Disable:tickstart <- $r0
	bne	.LBB18_21
.Ltmp825:
.LBB18_20:
	@DEBUG_VALUE: HAL_ADC_Stop_DMA:hadc <- $r4
	.loc	7 2311 7 is_stmt 1              @ ../Drivers/STM32H7xx_HAL_Driver/Src/stm32h7xx_hal_adc.c:2311:7
	mov	r0, r4
	movw	r2, #4353
	movs	r5, #0
	ldr	r1, [r0, #84]!
	bics	r1, r2
	b	.LBB18_27
.Ltmp826:
	.loc	7 0 7 is_stmt 0                 @ :0:7
.Ltmp827:
	.p2align	2
.LBB18_21:
	@DEBUG_VALUE: ADC_Disable:tickstart <- $r0
	@DEBUG_VALUE: ADC_Disable:hadc <- $r4
	@DEBUG_VALUE: HAL_ADC_Stop_DMA:hadc <- $r4
	mov	r5, r0
	@DEBUG_VALUE: ADC_Disable:tickstart <- $r5
	@DEBUG_VALUE: ADC_Disable:tickstart <- $r5
	b	.LBB18_23
.Ltmp828:
	.p2align	2
.LBB18_22:                              @   in Loop: Header=BB18_23 Depth=1
	@DEBUG_VALUE: ADC_Disable:tickstart <- $r5
	@DEBUG_VALUE: ADC_Disable:hadc <- $r4
	@DEBUG_VALUE: HAL_ADC_Stop_DMA:hadc <- $r4
	.loc	7 3789 29 is_stmt 1             @ ../Drivers/STM32H7xx_HAL_Driver/Src/stm32h7xx_hal_adc.c:3789:29
	ldr	r0, [r0, #8]
	.loc	7 3789 5 is_stmt 0              @ ../Drivers/STM32H7xx_HAL_Driver/Src/stm32h7xx_hal_adc.c:3789:5
	lsls	r0, r0, #31
	beq	.LBB18_20
.Ltmp829:
.LBB18_23:                              @ =>This Inner Loop Header: Depth=1
	@DEBUG_VALUE: ADC_Disable:tickstart <- $r5
	@DEBUG_VALUE: ADC_Disable:hadc <- $r4
	@DEBUG_VALUE: HAL_ADC_Stop_DMA:hadc <- $r4
	.loc	7 3791 12 is_stmt 1             @ ../Drivers/STM32H7xx_HAL_Driver/Src/stm32h7xx_hal_adc.c:3791:12
	bl	HAL_GetTick
.Ltmp830:
	.loc	7 3791 26 is_stmt 0             @ ../Drivers/STM32H7xx_HAL_Driver/Src/stm32h7xx_hal_adc.c:3791:26
	subs	r0, r0, r5
.Ltmp831:
	.loc	7 3791 11                       @ ../Drivers/STM32H7xx_HAL_Driver/Src/stm32h7xx_hal_adc.c:3791:11
	cmp	r0, #3
.Ltmp832:
	.loc	7 3789 19 is_stmt 1             @ ../Drivers/STM32H7xx_HAL_Driver/Src/stm32h7xx_hal_adc.c:3789:19
	ldr	r0, [r4]
.Ltmp833:
	.loc	7 3791 11                       @ ../Drivers/STM32H7xx_HAL_Driver/Src/stm32h7xx_hal_adc.c:3791:11
	blo	.LBB18_22
.Ltmp834:
@ %bb.24:                               @   in Loop: Header=BB18_23 Depth=1
	@DEBUG_VALUE: ADC_Disable:tickstart <- $r5
	@DEBUG_VALUE: ADC_Disable:hadc <- $r4
	@DEBUG_VALUE: HAL_ADC_Stop_DMA:hadc <- $r4
	.loc	7 3794 30                       @ ../Drivers/STM32H7xx_HAL_Driver/Src/stm32h7xx_hal_adc.c:3794:30
	ldr	r1, [r0, #8]
.Ltmp835:
	.loc	7 3794 13 is_stmt 0             @ ../Drivers/STM32H7xx_HAL_Driver/Src/stm32h7xx_hal_adc.c:3794:13
	lsls	r1, r1, #31
	beq	.LBB18_22
.Ltmp836:
.LBB18_25:
	@DEBUG_VALUE: ADC_Disable:hadc <- $r4
	@DEBUG_VALUE: HAL_ADC_Stop_DMA:hadc <- $r4
	.loc	7 0 0                           @ ../Drivers/STM32H7xx_HAL_Driver/Src/stm32h7xx_hal_adc.c:0:0
	ldr	r0, [r4, #84]
	movs	r5, #1
.Ltmp837:
.LBB18_26:
	@DEBUG_VALUE: HAL_ADC_Stop_DMA:hadc <- $r4
	orr	r0, r0, #16
	str	r0, [r4, #84]
	mov	r0, r4
	ldr	r1, [r0, #88]!
.Ltmp838:
.LBB18_27:
	@DEBUG_VALUE: HAL_ADC_Stop_DMA:hadc <- $r4
	orr	r1, r1, #1
	str	r1, [r0]
.Ltmp839:
	@DEBUG_VALUE: HAL_ADC_Stop_DMA:tmp_hal_status <- $r5
	movs	r0, #0
.Ltmp840:
	.loc	7 2319 3 is_stmt 1              @ ../Drivers/STM32H7xx_HAL_Driver/Src/stm32h7xx_hal_adc.c:2319:3
	strb.w	r0, [r4, #80]
.Ltmp841:
	.loc	7 2323 1                        @ ../Drivers/STM32H7xx_HAL_Driver/Src/stm32h7xx_hal_adc.c:2323:1
	mov	r0, r5
	.loc	7 2323 1 epilogue_begin is_stmt 0 @ ../Drivers/STM32H7xx_HAL_Driver/Src/stm32h7xx_hal_adc.c:2323:1
	pop	{r4, r5, r6, pc}
.Ltmp842:
.Lfunc_end18:
	.size	HAL_ADC_Stop_DMA, .Lfunc_end18-HAL_ADC_Stop_DMA
	.cfi_endproc
	.cantunwind
	.fnend
                                        @ -- End function
	.section	.text.HAL_ADC_GetValue,"ax",%progbits
	.hidden	HAL_ADC_GetValue                @ -- Begin function HAL_ADC_GetValue
	.globl	HAL_ADC_GetValue
	.p2align	3
	.type	HAL_ADC_GetValue,%function
	.code	16                              @ @HAL_ADC_GetValue
	.thumb_func
HAL_ADC_GetValue:
.Lfunc_begin19:
	.fnstart
	.cfi_startproc
@ %bb.0:
	@DEBUG_VALUE: HAL_ADC_GetValue:hadc <- $r0
	.loc	7 2353 16 prologue_end is_stmt 1 @ ../Drivers/STM32H7xx_HAL_Driver/Src/stm32h7xx_hal_adc.c:2353:16
	ldr	r0, [r0]
.Ltmp843:
	@DEBUG_VALUE: HAL_ADC_GetValue:hadc <- [DW_OP_LLVM_entry_value 1] $r0
	.loc	7 2353 26 is_stmt 0             @ ../Drivers/STM32H7xx_HAL_Driver/Src/stm32h7xx_hal_adc.c:2353:26
	ldr	r0, [r0, #64]
	.loc	7 2353 3                        @ ../Drivers/STM32H7xx_HAL_Driver/Src/stm32h7xx_hal_adc.c:2353:3
	bx	lr
.Ltmp844:
.Lfunc_end19:
	.size	HAL_ADC_GetValue, .Lfunc_end19-HAL_ADC_GetValue
	.cfi_endproc
	.cantunwind
	.fnend
                                        @ -- End function
	.section	.text.HAL_ADC_IRQHandler,"ax",%progbits
	.hidden	HAL_ADC_IRQHandler              @ -- Begin function HAL_ADC_IRQHandler
	.globl	HAL_ADC_IRQHandler
	.p2align	3
	.type	HAL_ADC_IRQHandler,%function
	.code	16                              @ @HAL_ADC_IRQHandler
	.thumb_func
HAL_ADC_IRQHandler:
.Lfunc_begin20:
	.loc	7 2362 0 is_stmt 1              @ ../Drivers/STM32H7xx_HAL_Driver/Src/stm32h7xx_hal_adc.c:2362:0
	.fnstart
	.cfi_startproc
@ %bb.0:
	@DEBUG_VALUE: HAL_ADC_IRQHandler:hadc <- $r0
	.save	{r4, r5, r6, r7, r8, r9, r10, r11, lr}
	push.w	{r4, r5, r6, r7, r8, r9, r10, r11, lr}
	.cfi_def_cfa_offset 36
	.cfi_offset lr, -4
	.cfi_offset r11, -8
	.cfi_offset r10, -12
	.cfi_offset r9, -16
	.cfi_offset r8, -20
	.cfi_offset r7, -24
	.cfi_offset r6, -28
	.cfi_offset r5, -32
	.cfi_offset r4, -36
	.pad	#4
	sub	sp, #4
	.cfi_def_cfa_offset 40
	mov	r4, r0
.Ltmp845:
	@DEBUG_VALUE: HAL_ADC_IRQHandler:hadc <- $r4
	@DEBUG_VALUE: HAL_ADC_IRQHandler:hadc <- $r4
	movw	r0, #8192
	movw	r1, #25352
	movt	r0, #16386
.Ltmp846:
	@DEBUG_VALUE: HAL_ADC_IRQHandler:overrun_error <- 0
	movt	r1, #22530
.Ltmp847:
	.loc	7 2364 28 prologue_end          @ ../Drivers/STM32H7xx_HAL_Driver/Src/stm32h7xx_hal_adc.c:2364:28
	ldr	r7, [r4]
	add.w	r10, r0, #256
.Ltmp848:
	.loc	8 6603 21                       @ ../Drivers/STM32H7xx_HAL_Driver/Inc\stm32h7xx_ll_adc.h:6603:21
	add.w	r9, r0, #776
	cmp	r7, r10
	it	eq
	moveq	r1, r9
	cmp	r7, r0
	it	eq
	moveq	r1, r9
.Ltmp849:
	.loc	7 2364 38                       @ ../Drivers/STM32H7xx_HAL_Driver/Src/stm32h7xx_hal_adc.c:2364:38
	ldr	r6, [r7]
.Ltmp850:
	@DEBUG_VALUE: HAL_ADC_IRQHandler:tmp_isr <- $r6
	.loc	7 2365 38                       @ ../Drivers/STM32H7xx_HAL_Driver/Src/stm32h7xx_hal_adc.c:2365:38
	ldr	r5, [r7, #4]
.Ltmp851:
	@DEBUG_VALUE: HAL_ADC_IRQHandler:tmp_ier <- $r5
	.loc	7 2377 54                       @ ../Drivers/STM32H7xx_HAL_Driver/Src/stm32h7xx_hal_adc.c:2377:54
	lsls	r2, r6, #30
.Ltmp852:
	.loc	8 6603 21                       @ ../Drivers/STM32H7xx_HAL_Driver/Inc\stm32h7xx_ll_adc.h:6603:21
	ldr.w	r8, [r1]
.Ltmp853:
	@DEBUG_VALUE: HAL_ADC_IRQHandler:tmp_multimode_config <- undef
	.loc	7 2377 54                       @ ../Drivers/STM32H7xx_HAL_Driver/Src/stm32h7xx_hal_adc.c:2377:54
	bpl	.LBB20_5
.Ltmp854:
@ %bb.1:
	@DEBUG_VALUE: HAL_ADC_IRQHandler:tmp_ier <- $r5
	@DEBUG_VALUE: HAL_ADC_IRQHandler:tmp_isr <- $r6
	@DEBUG_VALUE: HAL_ADC_IRQHandler:overrun_error <- 0
	@DEBUG_VALUE: HAL_ADC_IRQHandler:hadc <- $r4
	.loc	7 0 54 is_stmt 0                @ ../Drivers/STM32H7xx_HAL_Driver/Src/stm32h7xx_hal_adc.c:0:54
	ands	r1, r5, #2
	.loc	7 2377 54                       @ ../Drivers/STM32H7xx_HAL_Driver/Src/stm32h7xx_hal_adc.c:2377:54
	beq	.LBB20_5
.Ltmp855:
@ %bb.2:
	@DEBUG_VALUE: HAL_ADC_IRQHandler:tmp_ier <- $r5
	@DEBUG_VALUE: HAL_ADC_IRQHandler:tmp_isr <- $r6
	@DEBUG_VALUE: HAL_ADC_IRQHandler:overrun_error <- 0
	@DEBUG_VALUE: HAL_ADC_IRQHandler:hadc <- $r4
	.loc	7 2380 16 is_stmt 1             @ ../Drivers/STM32H7xx_HAL_Driver/Src/stm32h7xx_hal_adc.c:2380:16
	ldr	r0, [r4, #84]
.Ltmp856:
	.loc	7 2380 9 is_stmt 0              @ ../Drivers/STM32H7xx_HAL_Driver/Src/stm32h7xx_hal_adc.c:2380:9
	lsls	r0, r0, #27
	bmi	.LBB20_4
.Ltmp857:
@ %bb.3:
	@DEBUG_VALUE: HAL_ADC_IRQHandler:tmp_ier <- $r5
	@DEBUG_VALUE: HAL_ADC_IRQHandler:tmp_isr <- $r6
	@DEBUG_VALUE: HAL_ADC_IRQHandler:overrun_error <- 0
	@DEBUG_VALUE: HAL_ADC_IRQHandler:hadc <- $r4
	.loc	7 2383 7 is_stmt 1              @ ../Drivers/STM32H7xx_HAL_Driver/Src/stm32h7xx_hal_adc.c:2383:7
	ldr	r0, [r4, #84]
	orr	r0, r0, #2048
	str	r0, [r4, #84]
.Ltmp858:
.LBB20_4:
	@DEBUG_VALUE: HAL_ADC_IRQHandler:tmp_ier <- $r5
	@DEBUG_VALUE: HAL_ADC_IRQHandler:tmp_isr <- $r6
	@DEBUG_VALUE: HAL_ADC_IRQHandler:overrun_error <- 0
	@DEBUG_VALUE: HAL_ADC_IRQHandler:hadc <- $r4
	.loc	7 2390 5                        @ ../Drivers/STM32H7xx_HAL_Driver/Src/stm32h7xx_hal_adc.c:2390:5
	mov	r0, r4
	bl	HAL_ADCEx_EndOfSamplingCallback
.Ltmp859:
	.loc	7 2394 5                        @ ../Drivers/STM32H7xx_HAL_Driver/Src/stm32h7xx_hal_adc.c:2394:5
	ldr	r7, [r4]
	movs	r1, #2
	str	r1, [r7]
.Ltmp860:
.LBB20_5:
	@DEBUG_VALUE: HAL_ADC_IRQHandler:tmp_ier <- $r5
	@DEBUG_VALUE: HAL_ADC_IRQHandler:tmp_isr <- $r6
	@DEBUG_VALUE: HAL_ADC_IRQHandler:overrun_error <- 0
	@DEBUG_VALUE: HAL_ADC_IRQHandler:hadc <- $r4
	.loc	7 2398 51                       @ ../Drivers/STM32H7xx_HAL_Driver/Src/stm32h7xx_hal_adc.c:2398:51
	lsls	r1, r6, #29
.Ltmp861:
	.loc	7 0 0 is_stmt 0                 @ ../Drivers/STM32H7xx_HAL_Driver/Src/stm32h7xx_hal_adc.c:0:0
	and	r11, r8, #31
.Ltmp862:
	@DEBUG_VALUE: HAL_ADC_IRQHandler:tmp_multimode_config <- $r11
	.loc	7 2398 51                       @ ../Drivers/STM32H7xx_HAL_Driver/Src/stm32h7xx_hal_adc.c:2398:51
	bpl	.LBB20_7
.Ltmp863:
@ %bb.6:
	@DEBUG_VALUE: HAL_ADC_IRQHandler:tmp_multimode_config <- $r11
	@DEBUG_VALUE: HAL_ADC_IRQHandler:tmp_ier <- $r5
	@DEBUG_VALUE: HAL_ADC_IRQHandler:tmp_isr <- $r6
	@DEBUG_VALUE: HAL_ADC_IRQHandler:overrun_error <- 0
	@DEBUG_VALUE: HAL_ADC_IRQHandler:hadc <- $r4
	.loc	7 0 51                          @ ../Drivers/STM32H7xx_HAL_Driver/Src/stm32h7xx_hal_adc.c:0:51
	ands	r1, r5, #4
	.loc	7 2398 51                       @ ../Drivers/STM32H7xx_HAL_Driver/Src/stm32h7xx_hal_adc.c:2398:51
	bne	.LBB20_9
.Ltmp864:
.LBB20_7:
	@DEBUG_VALUE: HAL_ADC_IRQHandler:tmp_multimode_config <- $r11
	@DEBUG_VALUE: HAL_ADC_IRQHandler:tmp_ier <- $r5
	@DEBUG_VALUE: HAL_ADC_IRQHandler:tmp_isr <- $r6
	@DEBUG_VALUE: HAL_ADC_IRQHandler:overrun_error <- 0
	@DEBUG_VALUE: HAL_ADC_IRQHandler:hadc <- $r4
	.loc	7 2399 51 is_stmt 1             @ ../Drivers/STM32H7xx_HAL_Driver/Src/stm32h7xx_hal_adc.c:2399:51
	lsls	r1, r6, #28
	bpl	.LBB20_19
.Ltmp865:
@ %bb.8:
	@DEBUG_VALUE: HAL_ADC_IRQHandler:tmp_multimode_config <- $r11
	@DEBUG_VALUE: HAL_ADC_IRQHandler:tmp_ier <- $r5
	@DEBUG_VALUE: HAL_ADC_IRQHandler:tmp_isr <- $r6
	@DEBUG_VALUE: HAL_ADC_IRQHandler:overrun_error <- 0
	@DEBUG_VALUE: HAL_ADC_IRQHandler:hadc <- $r4
	.loc	7 0 51 is_stmt 0                @ ../Drivers/STM32H7xx_HAL_Driver/Src/stm32h7xx_hal_adc.c:0:51
	ands	r1, r5, #8
	.loc	7 2399 51                       @ ../Drivers/STM32H7xx_HAL_Driver/Src/stm32h7xx_hal_adc.c:2399:51
	beq	.LBB20_19
.Ltmp866:
.LBB20_9:
	@DEBUG_VALUE: HAL_ADC_IRQHandler:tmp_multimode_config <- $r11
	@DEBUG_VALUE: HAL_ADC_IRQHandler:tmp_ier <- $r5
	@DEBUG_VALUE: HAL_ADC_IRQHandler:tmp_isr <- $r6
	@DEBUG_VALUE: HAL_ADC_IRQHandler:overrun_error <- 0
	@DEBUG_VALUE: HAL_ADC_IRQHandler:hadc <- $r4
	.loc	7 2402 16 is_stmt 1             @ ../Drivers/STM32H7xx_HAL_Driver/Src/stm32h7xx_hal_adc.c:2402:16
	mov	r1, r4
	ldr	r2, [r1, #84]!
.Ltmp867:
	.loc	7 2402 9 is_stmt 0              @ ../Drivers/STM32H7xx_HAL_Driver/Src/stm32h7xx_hal_adc.c:2402:9
	lsls	r2, r2, #27
	bmi	.LBB20_11
.Ltmp868:
@ %bb.10:
	@DEBUG_VALUE: HAL_ADC_IRQHandler:tmp_multimode_config <- $r11
	@DEBUG_VALUE: HAL_ADC_IRQHandler:tmp_ier <- $r5
	@DEBUG_VALUE: HAL_ADC_IRQHandler:tmp_isr <- $r6
	@DEBUG_VALUE: HAL_ADC_IRQHandler:overrun_error <- 0
	@DEBUG_VALUE: HAL_ADC_IRQHandler:hadc <- $r4
	.loc	7 2405 7 is_stmt 1              @ ../Drivers/STM32H7xx_HAL_Driver/Src/stm32h7xx_hal_adc.c:2405:7
	ldr	r2, [r1]
	orr	r2, r2, #512
	str	r2, [r1]
.Ltmp869:
.LBB20_11:
	@DEBUG_VALUE: HAL_ADC_IRQHandler:tmp_multimode_config <- $r11
	@DEBUG_VALUE: HAL_ADC_IRQHandler:tmp_ier <- $r5
	@DEBUG_VALUE: HAL_ADC_IRQHandler:tmp_isr <- $r6
	@DEBUG_VALUE: HAL_ADC_IRQHandler:overrun_error <- 0
	@DEBUG_VALUE: HAL_ADC_IRQHandler:hadc <- $r4
	@DEBUG_VALUE: LL_ADC_REG_IsTriggerSourceSWStart:ADCx <- $r7
	.loc	8 3930 12                       @ ../Drivers/STM32H7xx_HAL_Driver/Inc\stm32h7xx_ll_adc.h:3930:12
	ldr	r2, [r7, #12]
.Ltmp870:
	.loc	7 2411 9                        @ ../Drivers/STM32H7xx_HAL_Driver/Src/stm32h7xx_hal_adc.c:2411:9
	tst.w	r2, #3072
	bne	.LBB20_18
.Ltmp871:
@ %bb.12:
	@DEBUG_VALUE: HAL_ADC_IRQHandler:tmp_multimode_config <- $r11
	@DEBUG_VALUE: HAL_ADC_IRQHandler:tmp_ier <- $r5
	@DEBUG_VALUE: HAL_ADC_IRQHandler:tmp_isr <- $r6
	@DEBUG_VALUE: HAL_ADC_IRQHandler:overrun_error <- 0
	@DEBUG_VALUE: HAL_ADC_IRQHandler:hadc <- $r4
	.loc	7 0 9 is_stmt 0                 @ ../Drivers/STM32H7xx_HAL_Driver/Src/stm32h7xx_hal_adc.c:0:9
	clz	r2, r11
	sub.w	r3, r11, #5
	clz	r3, r3
	lsrs	r2, r2, #5
	lsrs	r3, r3, #5
.Ltmp872:
	.loc	7 2416 12 is_stmt 1             @ ../Drivers/STM32H7xx_HAL_Driver/Src/stm32h7xx_hal_adc.c:2416:12
	mov	r0, r7
	.loc	7 2417 11                       @ ../Drivers/STM32H7xx_HAL_Driver/Src/stm32h7xx_hal_adc.c:2417:11
	orr.w	r12, r2, r3
	sub.w	r3, r11, #9
	clz	r3, r3
	.loc	7 2416 12                       @ ../Drivers/STM32H7xx_HAL_Driver/Src/stm32h7xx_hal_adc.c:2416:12
	movw	r2, #8192
	movt	r2, #16386
	cmp	r7, r10
	it	eq
	moveq	r0, r2
	lsrs	r3, r3, #5
	.loc	7 2417 11                       @ ../Drivers/STM32H7xx_HAL_Driver/Src/stm32h7xx_hal_adc.c:2417:11
	orr.w	r2, r3, r12
	lsls	r2, r2, #31
	mov	r2, r0
	it	ne
	movne	r2, r7
	cmp	r0, r7
	it	eq
	moveq	r2, r0
	.loc	7 0 0 is_stmt 0                 @ ../Drivers/STM32H7xx_HAL_Driver/Src/stm32h7xx_hal_adc.c:0:0
	ldr	r2, [r2, #12]
.Ltmp873:
	@DEBUG_VALUE: HAL_ADC_IRQHandler:tmp_cfgr <- $r2
	.loc	7 2433 11 is_stmt 1             @ ../Drivers/STM32H7xx_HAL_Driver/Src/stm32h7xx_hal_adc.c:2433:11
	lsls	r2, r2, #18
.Ltmp874:
	bmi	.LBB20_18
.Ltmp875:
@ %bb.13:
	@DEBUG_VALUE: HAL_ADC_IRQHandler:tmp_multimode_config <- $r11
	@DEBUG_VALUE: HAL_ADC_IRQHandler:tmp_ier <- $r5
	@DEBUG_VALUE: HAL_ADC_IRQHandler:tmp_isr <- $r6
	@DEBUG_VALUE: HAL_ADC_IRQHandler:overrun_error <- 0
	@DEBUG_VALUE: HAL_ADC_IRQHandler:hadc <- $r4
	.loc	7 2436 13                       @ ../Drivers/STM32H7xx_HAL_Driver/Src/stm32h7xx_hal_adc.c:2436:13
	ldr	r2, [r7]
.Ltmp876:
	.loc	7 2436 13 is_stmt 0             @ ../Drivers/STM32H7xx_HAL_Driver/Src/stm32h7xx_hal_adc.c:2436:13
	lsls	r2, r2, #28
	bpl	.LBB20_18
.Ltmp877:
@ %bb.14:
	@DEBUG_VALUE: HAL_ADC_IRQHandler:tmp_multimode_config <- $r11
	@DEBUG_VALUE: HAL_ADC_IRQHandler:tmp_ier <- $r5
	@DEBUG_VALUE: HAL_ADC_IRQHandler:tmp_isr <- $r6
	@DEBUG_VALUE: HAL_ADC_IRQHandler:overrun_error <- 0
	@DEBUG_VALUE: HAL_ADC_IRQHandler:hadc <- $r4
	@DEBUG_VALUE: LL_ADC_REG_IsConversionOngoing:ADCx <- $r7
	.loc	8 7075 12 is_stmt 1             @ ../Drivers/STM32H7xx_HAL_Driver/Inc\stm32h7xx_ll_adc.h:7075:12
	ldr	r2, [r7, #8]
.Ltmp878:
	.loc	7 2440 15                       @ ../Drivers/STM32H7xx_HAL_Driver/Src/stm32h7xx_hal_adc.c:2440:15
	lsls	r2, r2, #29
	bmi	.LBB20_16
.Ltmp879:
@ %bb.15:
	@DEBUG_VALUE: HAL_ADC_IRQHandler:tmp_multimode_config <- $r11
	@DEBUG_VALUE: HAL_ADC_IRQHandler:tmp_ier <- $r5
	@DEBUG_VALUE: HAL_ADC_IRQHandler:tmp_isr <- $r6
	@DEBUG_VALUE: HAL_ADC_IRQHandler:overrun_error <- 0
	@DEBUG_VALUE: HAL_ADC_IRQHandler:hadc <- $r4
	.loc	7 2446 13                       @ ../Drivers/STM32H7xx_HAL_Driver/Src/stm32h7xx_hal_adc.c:2446:13
	ldr	r2, [r7, #4]
	bic	r2, r2, #12
	str	r2, [r7, #4]
	.loc	7 2449 13                       @ ../Drivers/STM32H7xx_HAL_Driver/Src/stm32h7xx_hal_adc.c:2449:13
	ldr	r0, [r1]
	bic	r0, r0, #256
	str	r0, [r1]
.Ltmp880:
	.loc	7 2451 24                       @ ../Drivers/STM32H7xx_HAL_Driver/Src/stm32h7xx_hal_adc.c:2451:24
	ldr	r0, [r1]
.Ltmp881:
	.loc	7 2451 17 is_stmt 0             @ ../Drivers/STM32H7xx_HAL_Driver/Src/stm32h7xx_hal_adc.c:2451:17
	lsls	r0, r0, #19
	bpl	.LBB20_17
	b	.LBB20_18
.Ltmp882:
	.loc	7 0 17                          @ :0:17
.Ltmp883:
	.p2align	2
.LBB20_16:
	@DEBUG_VALUE: HAL_ADC_IRQHandler:tmp_multimode_config <- $r11
	@DEBUG_VALUE: HAL_ADC_IRQHandler:tmp_ier <- $r5
	@DEBUG_VALUE: HAL_ADC_IRQHandler:tmp_isr <- $r6
	@DEBUG_VALUE: HAL_ADC_IRQHandler:overrun_error <- 0
	@DEBUG_VALUE: HAL_ADC_IRQHandler:hadc <- $r4
	.loc	7 2459 13 is_stmt 1             @ ../Drivers/STM32H7xx_HAL_Driver/Src/stm32h7xx_hal_adc.c:2459:13
	ldr	r0, [r4, #84]
	.loc	7 2462 13                       @ ../Drivers/STM32H7xx_HAL_Driver/Src/stm32h7xx_hal_adc.c:2462:13
	add.w	r1, r4, #88
	.loc	7 2459 13                       @ ../Drivers/STM32H7xx_HAL_Driver/Src/stm32h7xx_hal_adc.c:2459:13
	orr	r0, r0, #16
	str	r0, [r4, #84]
.Ltmp884:
.LBB20_17:
	@DEBUG_VALUE: HAL_ADC_IRQHandler:tmp_multimode_config <- $r11
	@DEBUG_VALUE: HAL_ADC_IRQHandler:tmp_ier <- $r5
	@DEBUG_VALUE: HAL_ADC_IRQHandler:tmp_isr <- $r6
	@DEBUG_VALUE: HAL_ADC_IRQHandler:overrun_error <- 0
	@DEBUG_VALUE: HAL_ADC_IRQHandler:hadc <- $r4
	.loc	7 0 0 is_stmt 0                 @ ../Drivers/STM32H7xx_HAL_Driver/Src/stm32h7xx_hal_adc.c:0:0
	ldr	r0, [r1]
	orr	r0, r0, #1
	str	r0, [r1]
.Ltmp885:
.LBB20_18:
	@DEBUG_VALUE: HAL_ADC_IRQHandler:tmp_multimode_config <- $r11
	@DEBUG_VALUE: HAL_ADC_IRQHandler:tmp_ier <- $r5
	@DEBUG_VALUE: HAL_ADC_IRQHandler:tmp_isr <- $r6
	@DEBUG_VALUE: HAL_ADC_IRQHandler:overrun_error <- 0
	@DEBUG_VALUE: HAL_ADC_IRQHandler:hadc <- $r4
	.loc	7 2476 5 is_stmt 1              @ ../Drivers/STM32H7xx_HAL_Driver/Src/stm32h7xx_hal_adc.c:2476:5
	mov	r0, r4
	bl	HAL_ADC_ConvCpltCallback
.Ltmp886:
	.loc	7 2484 5                        @ ../Drivers/STM32H7xx_HAL_Driver/Src/stm32h7xx_hal_adc.c:2484:5
	ldr	r7, [r4]
	movs	r1, #12
	str	r1, [r7]
.Ltmp887:
.LBB20_19:
	@DEBUG_VALUE: HAL_ADC_IRQHandler:tmp_multimode_config <- $r11
	@DEBUG_VALUE: HAL_ADC_IRQHandler:tmp_ier <- $r5
	@DEBUG_VALUE: HAL_ADC_IRQHandler:tmp_isr <- $r6
	@DEBUG_VALUE: HAL_ADC_IRQHandler:overrun_error <- 0
	@DEBUG_VALUE: HAL_ADC_IRQHandler:hadc <- $r4
	.loc	7 2488 53                       @ ../Drivers/STM32H7xx_HAL_Driver/Src/stm32h7xx_hal_adc.c:2488:53
	lsls	r1, r6, #26
	bpl	.LBB20_21
.Ltmp888:
@ %bb.20:
	@DEBUG_VALUE: HAL_ADC_IRQHandler:tmp_multimode_config <- $r11
	@DEBUG_VALUE: HAL_ADC_IRQHandler:tmp_ier <- $r5
	@DEBUG_VALUE: HAL_ADC_IRQHandler:tmp_isr <- $r6
	@DEBUG_VALUE: HAL_ADC_IRQHandler:overrun_error <- 0
	@DEBUG_VALUE: HAL_ADC_IRQHandler:hadc <- $r4
	.loc	7 0 53 is_stmt 0                @ ../Drivers/STM32H7xx_HAL_Driver/Src/stm32h7xx_hal_adc.c:0:53
	ands	r1, r5, #32
	.loc	7 2488 53                       @ ../Drivers/STM32H7xx_HAL_Driver/Src/stm32h7xx_hal_adc.c:2488:53
	bne	.LBB20_23
.Ltmp889:
.LBB20_21:
	@DEBUG_VALUE: HAL_ADC_IRQHandler:tmp_multimode_config <- $r11
	@DEBUG_VALUE: HAL_ADC_IRQHandler:tmp_ier <- $r5
	@DEBUG_VALUE: HAL_ADC_IRQHandler:tmp_isr <- $r6
	@DEBUG_VALUE: HAL_ADC_IRQHandler:overrun_error <- 0
	@DEBUG_VALUE: HAL_ADC_IRQHandler:hadc <- $r4
	.loc	7 2489 53 is_stmt 1             @ ../Drivers/STM32H7xx_HAL_Driver/Src/stm32h7xx_hal_adc.c:2489:53
	lsls	r1, r6, #25
	bpl	.LBB20_27
.Ltmp890:
@ %bb.22:
	@DEBUG_VALUE: HAL_ADC_IRQHandler:tmp_multimode_config <- $r11
	@DEBUG_VALUE: HAL_ADC_IRQHandler:tmp_ier <- $r5
	@DEBUG_VALUE: HAL_ADC_IRQHandler:tmp_isr <- $r6
	@DEBUG_VALUE: HAL_ADC_IRQHandler:overrun_error <- 0
	@DEBUG_VALUE: HAL_ADC_IRQHandler:hadc <- $r4
	.loc	7 0 53 is_stmt 0                @ ../Drivers/STM32H7xx_HAL_Driver/Src/stm32h7xx_hal_adc.c:0:53
	ands	r1, r5, #64
	.loc	7 2489 53                       @ ../Drivers/STM32H7xx_HAL_Driver/Src/stm32h7xx_hal_adc.c:2489:53
	beq	.LBB20_27
.Ltmp891:
.LBB20_23:
	@DEBUG_VALUE: HAL_ADC_IRQHandler:tmp_multimode_config <- $r11
	@DEBUG_VALUE: HAL_ADC_IRQHandler:tmp_ier <- $r5
	@DEBUG_VALUE: HAL_ADC_IRQHandler:tmp_isr <- $r6
	@DEBUG_VALUE: HAL_ADC_IRQHandler:overrun_error <- 0
	@DEBUG_VALUE: HAL_ADC_IRQHandler:hadc <- $r4
	.loc	7 2492 16 is_stmt 1             @ ../Drivers/STM32H7xx_HAL_Driver/Src/stm32h7xx_hal_adc.c:2492:16
	mov	r1, r4
	ldr	r2, [r1, #84]!
.Ltmp892:
	.loc	7 2492 9 is_stmt 0              @ ../Drivers/STM32H7xx_HAL_Driver/Src/stm32h7xx_hal_adc.c:2492:9
	lsls	r2, r2, #27
	bmi	.LBB20_25
.Ltmp893:
@ %bb.24:
	@DEBUG_VALUE: HAL_ADC_IRQHandler:tmp_multimode_config <- $r11
	@DEBUG_VALUE: HAL_ADC_IRQHandler:tmp_ier <- $r5
	@DEBUG_VALUE: HAL_ADC_IRQHandler:tmp_isr <- $r6
	@DEBUG_VALUE: HAL_ADC_IRQHandler:overrun_error <- 0
	@DEBUG_VALUE: HAL_ADC_IRQHandler:hadc <- $r4
	.loc	7 2495 7 is_stmt 1              @ ../Drivers/STM32H7xx_HAL_Driver/Src/stm32h7xx_hal_adc.c:2495:7
	ldr	r2, [r1]
	orr	r2, r2, #8192
	str	r2, [r1]
.Ltmp894:
.LBB20_25:
	@DEBUG_VALUE: HAL_ADC_IRQHandler:tmp_multimode_config <- $r11
	@DEBUG_VALUE: HAL_ADC_IRQHandler:tmp_ier <- $r5
	@DEBUG_VALUE: HAL_ADC_IRQHandler:tmp_isr <- $r6
	@DEBUG_VALUE: HAL_ADC_IRQHandler:overrun_error <- 0
	@DEBUG_VALUE: HAL_ADC_IRQHandler:hadc <- $r4
	.loc	7 2504 10                       @ ../Drivers/STM32H7xx_HAL_Driver/Src/stm32h7xx_hal_adc.c:2504:10
	movw	r2, #8192
	mov	r0, r7
	movt	r2, #16386
	cmp	r7, r10
	it	eq
	moveq	r0, r2
	.loc	7 2505 9                        @ ../Drivers/STM32H7xx_HAL_Driver/Src/stm32h7xx_hal_adc.c:2505:9
	and	r3, r8, #30
	mov	r2, r0
	cmp	r3, #6
	it	eq
	moveq	r2, r7
	cmp.w	r11, #0
	it	eq
	moveq	r2, r7
	cmp	r0, r7
	it	eq
	moveq	r2, r0
.Ltmp895:
	@DEBUG_VALUE: LL_ADC_INJ_IsTriggerSourceSWStart:ADCx <- $r7
	.loc	8 4717 12                       @ ../Drivers/STM32H7xx_HAL_Driver/Inc\stm32h7xx_ll_adc.h:4717:12
	ldr	r0, [r7, #76]
.Ltmp896:
	@DEBUG_VALUE: HAL_ADC_IRQHandler:tmp_adc_inj_is_trigger_source_sw_start <- undef
	.loc	7 2523 9                        @ ../Drivers/STM32H7xx_HAL_Driver/Src/stm32h7xx_hal_adc.c:2523:9
	tst.w	r0, #384
.Ltmp897:
	@DEBUG_VALUE: LL_ADC_REG_IsTriggerSourceSWStart:ADCx <- $r7
	.loc	8 3930 12                       @ ../Drivers/STM32H7xx_HAL_Driver/Inc\stm32h7xx_ll_adc.h:3930:12
	ldr	r3, [r7, #12]
.Ltmp898:
	@DEBUG_VALUE: HAL_ADC_IRQHandler:tmp_adc_reg_is_trigger_source_sw_start <- undef
	.loc	7 0 0 is_stmt 0                 @ ../Drivers/STM32H7xx_HAL_Driver/Src/stm32h7xx_hal_adc.c:0:0
	ldr	r2, [r2, #12]
.Ltmp899:
	@DEBUG_VALUE: HAL_ADC_IRQHandler:tmp_cfgr <- $r2
	.loc	7 2523 9 is_stmt 1              @ ../Drivers/STM32H7xx_HAL_Driver/Src/stm32h7xx_hal_adc.c:2523:9
	beq	.LBB20_47
.Ltmp900:
.LBB20_26:
	@DEBUG_VALUE: HAL_ADC_IRQHandler:tmp_cfgr <- $r2
	@DEBUG_VALUE: HAL_ADC_IRQHandler:tmp_multimode_config <- $r11
	@DEBUG_VALUE: HAL_ADC_IRQHandler:tmp_ier <- $r5
	@DEBUG_VALUE: HAL_ADC_IRQHandler:tmp_isr <- $r6
	@DEBUG_VALUE: HAL_ADC_IRQHandler:overrun_error <- 0
	@DEBUG_VALUE: HAL_ADC_IRQHandler:hadc <- $r4
	.loc	7 2577 5                        @ ../Drivers/STM32H7xx_HAL_Driver/Src/stm32h7xx_hal_adc.c:2577:5
	mov	r0, r4
	bl	HAL_ADCEx_InjectedConvCpltCallback
.Ltmp901:
	.loc	7 2581 5                        @ ../Drivers/STM32H7xx_HAL_Driver/Src/stm32h7xx_hal_adc.c:2581:5
	ldr	r7, [r4]
	movs	r0, #96
	str	r0, [r7]
.Ltmp902:
.LBB20_27:
	@DEBUG_VALUE: HAL_ADC_IRQHandler:tmp_multimode_config <- $r11
	@DEBUG_VALUE: HAL_ADC_IRQHandler:tmp_ier <- $r5
	@DEBUG_VALUE: HAL_ADC_IRQHandler:tmp_isr <- $r6
	@DEBUG_VALUE: HAL_ADC_IRQHandler:overrun_error <- 0
	@DEBUG_VALUE: HAL_ADC_IRQHandler:hadc <- $r4
	.loc	7 2585 52                       @ ../Drivers/STM32H7xx_HAL_Driver/Src/stm32h7xx_hal_adc.c:2585:52
	lsls	r0, r6, #24
	bpl	.LBB20_30
.Ltmp903:
@ %bb.28:
	@DEBUG_VALUE: HAL_ADC_IRQHandler:tmp_multimode_config <- $r11
	@DEBUG_VALUE: HAL_ADC_IRQHandler:tmp_ier <- $r5
	@DEBUG_VALUE: HAL_ADC_IRQHandler:tmp_isr <- $r6
	@DEBUG_VALUE: HAL_ADC_IRQHandler:overrun_error <- 0
	@DEBUG_VALUE: HAL_ADC_IRQHandler:hadc <- $r4
	.loc	7 0 52 is_stmt 0                @ ../Drivers/STM32H7xx_HAL_Driver/Src/stm32h7xx_hal_adc.c:0:52
	ands	r0, r5, #128
	.loc	7 2585 52                       @ ../Drivers/STM32H7xx_HAL_Driver/Src/stm32h7xx_hal_adc.c:2585:52
	beq	.LBB20_30
.Ltmp904:
@ %bb.29:
	@DEBUG_VALUE: HAL_ADC_IRQHandler:tmp_multimode_config <- $r11
	@DEBUG_VALUE: HAL_ADC_IRQHandler:tmp_ier <- $r5
	@DEBUG_VALUE: HAL_ADC_IRQHandler:tmp_isr <- $r6
	@DEBUG_VALUE: HAL_ADC_IRQHandler:overrun_error <- 0
	@DEBUG_VALUE: HAL_ADC_IRQHandler:hadc <- $r4
	.loc	7 2588 5 is_stmt 1              @ ../Drivers/STM32H7xx_HAL_Driver/Src/stm32h7xx_hal_adc.c:2588:5
	ldr	r0, [r4, #84]
	orr	r0, r0, #65536
	str	r0, [r4, #84]
	.loc	7 2594 5                        @ ../Drivers/STM32H7xx_HAL_Driver/Src/stm32h7xx_hal_adc.c:2594:5
	mov	r0, r4
	bl	HAL_ADC_LevelOutOfWindowCallback
.Ltmp905:
	.loc	7 2598 5                        @ ../Drivers/STM32H7xx_HAL_Driver/Src/stm32h7xx_hal_adc.c:2598:5
	ldr	r7, [r4]
	movs	r0, #128
	str	r0, [r7]
.Ltmp906:
.LBB20_30:
	@DEBUG_VALUE: HAL_ADC_IRQHandler:tmp_multimode_config <- $r11
	@DEBUG_VALUE: HAL_ADC_IRQHandler:tmp_ier <- $r5
	@DEBUG_VALUE: HAL_ADC_IRQHandler:tmp_isr <- $r6
	@DEBUG_VALUE: HAL_ADC_IRQHandler:overrun_error <- 0
	@DEBUG_VALUE: HAL_ADC_IRQHandler:hadc <- $r4
	.loc	7 2602 52                       @ ../Drivers/STM32H7xx_HAL_Driver/Src/stm32h7xx_hal_adc.c:2602:52
	lsls	r0, r6, #23
	bpl	.LBB20_33
.Ltmp907:
@ %bb.31:
	@DEBUG_VALUE: HAL_ADC_IRQHandler:tmp_multimode_config <- $r11
	@DEBUG_VALUE: HAL_ADC_IRQHandler:tmp_ier <- $r5
	@DEBUG_VALUE: HAL_ADC_IRQHandler:tmp_isr <- $r6
	@DEBUG_VALUE: HAL_ADC_IRQHandler:overrun_error <- 0
	@DEBUG_VALUE: HAL_ADC_IRQHandler:hadc <- $r4
	.loc	7 0 52 is_stmt 0                @ ../Drivers/STM32H7xx_HAL_Driver/Src/stm32h7xx_hal_adc.c:0:52
	ands	r0, r5, #256
	.loc	7 2602 52                       @ ../Drivers/STM32H7xx_HAL_Driver/Src/stm32h7xx_hal_adc.c:2602:52
	beq	.LBB20_33
.Ltmp908:
@ %bb.32:
	@DEBUG_VALUE: HAL_ADC_IRQHandler:tmp_multimode_config <- $r11
	@DEBUG_VALUE: HAL_ADC_IRQHandler:tmp_ier <- $r5
	@DEBUG_VALUE: HAL_ADC_IRQHandler:tmp_isr <- $r6
	@DEBUG_VALUE: HAL_ADC_IRQHandler:overrun_error <- 0
	@DEBUG_VALUE: HAL_ADC_IRQHandler:hadc <- $r4
	.loc	7 2605 5 is_stmt 1              @ ../Drivers/STM32H7xx_HAL_Driver/Src/stm32h7xx_hal_adc.c:2605:5
	ldr	r0, [r4, #84]
	orr	r0, r0, #131072
	str	r0, [r4, #84]
	.loc	7 2611 5                        @ ../Drivers/STM32H7xx_HAL_Driver/Src/stm32h7xx_hal_adc.c:2611:5
	mov	r0, r4
	bl	HAL_ADCEx_LevelOutOfWindow2Callback
.Ltmp909:
	.loc	7 2615 5                        @ ../Drivers/STM32H7xx_HAL_Driver/Src/stm32h7xx_hal_adc.c:2615:5
	ldr	r7, [r4]
	mov.w	r0, #256
	str	r0, [r7]
.Ltmp910:
.LBB20_33:
	@DEBUG_VALUE: HAL_ADC_IRQHandler:tmp_multimode_config <- $r11
	@DEBUG_VALUE: HAL_ADC_IRQHandler:tmp_ier <- $r5
	@DEBUG_VALUE: HAL_ADC_IRQHandler:tmp_isr <- $r6
	@DEBUG_VALUE: HAL_ADC_IRQHandler:overrun_error <- 0
	@DEBUG_VALUE: HAL_ADC_IRQHandler:hadc <- $r4
	.loc	7 2619 52                       @ ../Drivers/STM32H7xx_HAL_Driver/Src/stm32h7xx_hal_adc.c:2619:52
	lsls	r0, r6, #22
	bpl	.LBB20_36
.Ltmp911:
@ %bb.34:
	@DEBUG_VALUE: HAL_ADC_IRQHandler:tmp_multimode_config <- $r11
	@DEBUG_VALUE: HAL_ADC_IRQHandler:tmp_ier <- $r5
	@DEBUG_VALUE: HAL_ADC_IRQHandler:tmp_isr <- $r6
	@DEBUG_VALUE: HAL_ADC_IRQHandler:overrun_error <- 0
	@DEBUG_VALUE: HAL_ADC_IRQHandler:hadc <- $r4
	.loc	7 0 52 is_stmt 0                @ ../Drivers/STM32H7xx_HAL_Driver/Src/stm32h7xx_hal_adc.c:0:52
	ands	r0, r5, #512
	.loc	7 2619 52                       @ ../Drivers/STM32H7xx_HAL_Driver/Src/stm32h7xx_hal_adc.c:2619:52
	beq	.LBB20_36
.Ltmp912:
@ %bb.35:
	@DEBUG_VALUE: HAL_ADC_IRQHandler:tmp_multimode_config <- $r11
	@DEBUG_VALUE: HAL_ADC_IRQHandler:tmp_ier <- $r5
	@DEBUG_VALUE: HAL_ADC_IRQHandler:tmp_isr <- $r6
	@DEBUG_VALUE: HAL_ADC_IRQHandler:overrun_error <- 0
	@DEBUG_VALUE: HAL_ADC_IRQHandler:hadc <- $r4
	.loc	7 2622 5 is_stmt 1              @ ../Drivers/STM32H7xx_HAL_Driver/Src/stm32h7xx_hal_adc.c:2622:5
	ldr	r0, [r4, #84]
	orr	r0, r0, #262144
	str	r0, [r4, #84]
	.loc	7 2628 5                        @ ../Drivers/STM32H7xx_HAL_Driver/Src/stm32h7xx_hal_adc.c:2628:5
	mov	r0, r4
	bl	HAL_ADCEx_LevelOutOfWindow3Callback
.Ltmp913:
	.loc	7 2632 5                        @ ../Drivers/STM32H7xx_HAL_Driver/Src/stm32h7xx_hal_adc.c:2632:5
	ldr	r7, [r4]
	mov.w	r0, #512
	str	r0, [r7]
.Ltmp914:
.LBB20_36:
	@DEBUG_VALUE: HAL_ADC_IRQHandler:tmp_multimode_config <- $r11
	@DEBUG_VALUE: HAL_ADC_IRQHandler:tmp_ier <- $r5
	@DEBUG_VALUE: HAL_ADC_IRQHandler:tmp_isr <- $r6
	@DEBUG_VALUE: HAL_ADC_IRQHandler:overrun_error <- 0
	@DEBUG_VALUE: HAL_ADC_IRQHandler:hadc <- $r4
	.loc	7 2636 50                       @ ../Drivers/STM32H7xx_HAL_Driver/Src/stm32h7xx_hal_adc.c:2636:50
	lsls	r0, r6, #27
	bpl	.LBB20_43
.Ltmp915:
@ %bb.37:
	@DEBUG_VALUE: HAL_ADC_IRQHandler:tmp_multimode_config <- $r11
	@DEBUG_VALUE: HAL_ADC_IRQHandler:tmp_ier <- $r5
	@DEBUG_VALUE: HAL_ADC_IRQHandler:tmp_isr <- $r6
	@DEBUG_VALUE: HAL_ADC_IRQHandler:overrun_error <- 0
	@DEBUG_VALUE: HAL_ADC_IRQHandler:hadc <- $r4
	.loc	7 0 50 is_stmt 0                @ ../Drivers/STM32H7xx_HAL_Driver/Src/stm32h7xx_hal_adc.c:0:50
	ands	r0, r5, #16
	.loc	7 2636 50                       @ ../Drivers/STM32H7xx_HAL_Driver/Src/stm32h7xx_hal_adc.c:2636:50
	beq	.LBB20_43
.Ltmp916:
@ %bb.38:
	@DEBUG_VALUE: HAL_ADC_IRQHandler:tmp_multimode_config <- $r11
	@DEBUG_VALUE: HAL_ADC_IRQHandler:tmp_ier <- $r5
	@DEBUG_VALUE: HAL_ADC_IRQHandler:tmp_isr <- $r6
	@DEBUG_VALUE: HAL_ADC_IRQHandler:overrun_error <- 0
	@DEBUG_VALUE: HAL_ADC_IRQHandler:hadc <- $r4
	.loc	7 2644 20 is_stmt 1             @ ../Drivers/STM32H7xx_HAL_Driver/Src/stm32h7xx_hal_adc.c:2644:20
	ldr	r0, [r4, #48]
.Ltmp917:
	.loc	7 2644 9 is_stmt 0              @ ../Drivers/STM32H7xx_HAL_Driver/Src/stm32h7xx_hal_adc.c:2644:9
	cbz	r0, .LBB20_41
.Ltmp918:
@ %bb.39:
	@DEBUG_VALUE: HAL_ADC_IRQHandler:tmp_multimode_config <- $r11
	@DEBUG_VALUE: HAL_ADC_IRQHandler:tmp_ier <- $r5
	@DEBUG_VALUE: HAL_ADC_IRQHandler:tmp_isr <- $r6
	@DEBUG_VALUE: HAL_ADC_IRQHandler:overrun_error <- 0
	@DEBUG_VALUE: HAL_ADC_IRQHandler:hadc <- $r4
	.loc	7 2651 11 is_stmt 1             @ ../Drivers/STM32H7xx_HAL_Driver/Src/stm32h7xx_hal_adc.c:2651:11
	cmp.w	r11, #0
	beq	.LBB20_53
.Ltmp919:
@ %bb.40:
	@DEBUG_VALUE: HAL_ADC_IRQHandler:tmp_multimode_config <- $r11
	@DEBUG_VALUE: HAL_ADC_IRQHandler:tmp_ier <- $r5
	@DEBUG_VALUE: HAL_ADC_IRQHandler:tmp_isr <- $r6
	@DEBUG_VALUE: HAL_ADC_IRQHandler:overrun_error <- 0
	@DEBUG_VALUE: HAL_ADC_IRQHandler:hadc <- $r4
	@DEBUG_VALUE: LL_ADC_GetMultiDMATransfer:ADCxy_COMMON <- undef
	.loc	7 0 11 is_stmt 0                @ ../Drivers/STM32H7xx_HAL_Driver/Src/stm32h7xx_hal_adc.c:0:11
	movw	r0, #25352
.Ltmp920:
	.loc	8 6694 21 is_stmt 1             @ ../Drivers/STM32H7xx_HAL_Driver/Inc\stm32h7xx_ll_adc.h:6694:21
	movw	r1, #8192
	movt	r0, #22530
	cmp	r7, r10
	it	eq
	moveq	r0, r9
	movt	r1, #16386
	cmp	r7, r1
	it	eq
	moveq	r0, r9
	ldr	r0, [r0]
.Ltmp921:
	.loc	7 2655 13                       @ ../Drivers/STM32H7xx_HAL_Driver/Src/stm32h7xx_hal_adc.c:2655:13
	tst.w	r0, #49152
.Ltmp922:
	.loc	7 2670 9                        @ ../Drivers/STM32H7xx_HAL_Driver/Src/stm32h7xx_hal_adc.c:2670:9
	beq	.LBB20_42
.Ltmp923:
.LBB20_41:
	@DEBUG_VALUE: HAL_ADC_IRQHandler:tmp_multimode_config <- $r11
	@DEBUG_VALUE: HAL_ADC_IRQHandler:tmp_ier <- $r5
	@DEBUG_VALUE: HAL_ADC_IRQHandler:tmp_isr <- $r6
	@DEBUG_VALUE: HAL_ADC_IRQHandler:hadc <- $r4
	.loc	7 2673 7                        @ ../Drivers/STM32H7xx_HAL_Driver/Src/stm32h7xx_hal_adc.c:2673:7
	ldr	r0, [r4, #84]
	orr	r0, r0, #1024
	str	r0, [r4, #84]
	.loc	7 2676 7                        @ ../Drivers/STM32H7xx_HAL_Driver/Src/stm32h7xx_hal_adc.c:2676:7
	ldr	r0, [r4, #88]
	orr	r0, r0, #2
	str	r0, [r4, #88]
	.loc	7 2686 7                        @ ../Drivers/STM32H7xx_HAL_Driver/Src/stm32h7xx_hal_adc.c:2686:7
	mov	r0, r4
	bl	HAL_ADC_ErrorCallback
.Ltmp924:
	.loc	7 2691 5                        @ ../Drivers/STM32H7xx_HAL_Driver/Src/stm32h7xx_hal_adc.c:2691:5
	ldr	r7, [r4]
.Ltmp925:
.LBB20_42:
	@DEBUG_VALUE: HAL_ADC_IRQHandler:tmp_multimode_config <- $r11
	@DEBUG_VALUE: HAL_ADC_IRQHandler:tmp_ier <- $r5
	@DEBUG_VALUE: HAL_ADC_IRQHandler:tmp_isr <- $r6
	@DEBUG_VALUE: HAL_ADC_IRQHandler:hadc <- $r4
	.loc	7 0 5 is_stmt 0                 @ ../Drivers/STM32H7xx_HAL_Driver/Src/stm32h7xx_hal_adc.c:0:5
	movs	r0, #16
	.loc	7 2691 5                        @ ../Drivers/STM32H7xx_HAL_Driver/Src/stm32h7xx_hal_adc.c:2691:5
	str	r0, [r7]
.Ltmp926:
.LBB20_43:
	@DEBUG_VALUE: HAL_ADC_IRQHandler:tmp_multimode_config <- $r11
	@DEBUG_VALUE: HAL_ADC_IRQHandler:tmp_ier <- $r5
	@DEBUG_VALUE: HAL_ADC_IRQHandler:tmp_isr <- $r6
	@DEBUG_VALUE: HAL_ADC_IRQHandler:hadc <- $r4
	.loc	7 2695 54 is_stmt 1             @ ../Drivers/STM32H7xx_HAL_Driver/Src/stm32h7xx_hal_adc.c:2695:54
	lsls	r0, r6, #21
	bpl	.LBB20_46
.Ltmp927:
@ %bb.44:
	@DEBUG_VALUE: HAL_ADC_IRQHandler:tmp_multimode_config <- $r11
	@DEBUG_VALUE: HAL_ADC_IRQHandler:tmp_ier <- $r5
	@DEBUG_VALUE: HAL_ADC_IRQHandler:tmp_isr <- $r6
	@DEBUG_VALUE: HAL_ADC_IRQHandler:hadc <- $r4
	.loc	7 0 54 is_stmt 0                @ ../Drivers/STM32H7xx_HAL_Driver/Src/stm32h7xx_hal_adc.c:0:54
	ands	r0, r5, #1024
	.loc	7 2695 54                       @ ../Drivers/STM32H7xx_HAL_Driver/Src/stm32h7xx_hal_adc.c:2695:54
	beq	.LBB20_46
.Ltmp928:
@ %bb.45:
	@DEBUG_VALUE: HAL_ADC_IRQHandler:tmp_multimode_config <- $r11
	@DEBUG_VALUE: HAL_ADC_IRQHandler:tmp_ier <- $r5
	@DEBUG_VALUE: HAL_ADC_IRQHandler:tmp_isr <- $r6
	@DEBUG_VALUE: HAL_ADC_IRQHandler:hadc <- $r4
	.loc	7 2698 5 is_stmt 1              @ ../Drivers/STM32H7xx_HAL_Driver/Src/stm32h7xx_hal_adc.c:2698:5
	ldr	r0, [r4, #84]
	orr	r0, r0, #16384
	str	r0, [r4, #84]
	.loc	7 2701 5                        @ ../Drivers/STM32H7xx_HAL_Driver/Src/stm32h7xx_hal_adc.c:2701:5
	ldr	r0, [r4, #88]
	orr	r0, r0, #8
	str	r0, [r4, #88]
	mov.w	r0, #1024
	.loc	7 2704 5                        @ ../Drivers/STM32H7xx_HAL_Driver/Src/stm32h7xx_hal_adc.c:2704:5
	str	r0, [r7]
	.loc	7 2710 5                        @ ../Drivers/STM32H7xx_HAL_Driver/Src/stm32h7xx_hal_adc.c:2710:5
	mov	r0, r4
	.loc	7 2710 5 epilogue_begin is_stmt 0 @ ../Drivers/STM32H7xx_HAL_Driver/Src/stm32h7xx_hal_adc.c:2710:5
	add	sp, #4
	pop.w	{r4, r5, r6, r7, r8, r9, r10, r11, lr}
.Ltmp929:
	@DEBUG_VALUE: HAL_ADC_IRQHandler:hadc <- [DW_OP_LLVM_entry_value 1] $r0
	b	HAL_ADCEx_InjectedQueueOverflowCallback
.Ltmp930:
	.loc	7 0 5                           @ :0:5
.Ltmp931:
	.p2align	2
.LBB20_46:
	@DEBUG_VALUE: HAL_ADC_IRQHandler:tmp_multimode_config <- $r11
	@DEBUG_VALUE: HAL_ADC_IRQHandler:tmp_ier <- $r5
	@DEBUG_VALUE: HAL_ADC_IRQHandler:tmp_isr <- $r6
	@DEBUG_VALUE: HAL_ADC_IRQHandler:hadc <- $r4
	.loc	7 2714 1 epilogue_begin is_stmt 1 @ ../Drivers/STM32H7xx_HAL_Driver/Src/stm32h7xx_hal_adc.c:2714:1
	add	sp, #4
	pop.w	{r4, r5, r6, r7, r8, r9, r10, r11, pc}
.Ltmp932:
	.loc	7 0 1 is_stmt 0                 @ :0:1
.Ltmp933:
	.p2align	2
.LBB20_47:
	@DEBUG_VALUE: HAL_ADC_IRQHandler:tmp_cfgr <- $r2
	@DEBUG_VALUE: HAL_ADC_IRQHandler:tmp_multimode_config <- $r11
	@DEBUG_VALUE: HAL_ADC_IRQHandler:tmp_ier <- $r5
	@DEBUG_VALUE: HAL_ADC_IRQHandler:tmp_isr <- $r6
	@DEBUG_VALUE: HAL_ADC_IRQHandler:overrun_error <- 0
	@DEBUG_VALUE: HAL_ADC_IRQHandler:hadc <- $r4
	.loc	7 2525 55 is_stmt 1             @ ../Drivers/STM32H7xx_HAL_Driver/Src/stm32h7xx_hal_adc.c:2525:55
	lsls	r0, r2, #6
	bpl	.LBB20_49
.Ltmp934:
@ %bb.48:
	@DEBUG_VALUE: HAL_ADC_IRQHandler:tmp_cfgr <- $r2
	@DEBUG_VALUE: HAL_ADC_IRQHandler:tmp_multimode_config <- $r11
	@DEBUG_VALUE: HAL_ADC_IRQHandler:tmp_ier <- $r5
	@DEBUG_VALUE: HAL_ADC_IRQHandler:tmp_isr <- $r6
	@DEBUG_VALUE: HAL_ADC_IRQHandler:overrun_error <- 0
	@DEBUG_VALUE: HAL_ADC_IRQHandler:hadc <- $r4
	.loc	8 3930 12                       @ ../Drivers/STM32H7xx_HAL_Driver/Inc\stm32h7xx_ll_adc.h:3930:12
	and	r0, r3, #3072
	and	r3, r2, #8192
	.loc	8 3930 49 is_stmt 0             @ ../Drivers/STM32H7xx_HAL_Driver/Inc\stm32h7xx_ll_adc.h:3930:49
	adds	r0, r0, r3
.Ltmp935:
	.loc	7 2526 60 is_stmt 1             @ ../Drivers/STM32H7xx_HAL_Driver/Src/stm32h7xx_hal_adc.c:2526:60
	bne.w	.LBB20_26
.Ltmp936:
.LBB20_49:
	@DEBUG_VALUE: HAL_ADC_IRQHandler:tmp_cfgr <- $r2
	@DEBUG_VALUE: HAL_ADC_IRQHandler:tmp_multimode_config <- $r11
	@DEBUG_VALUE: HAL_ADC_IRQHandler:tmp_ier <- $r5
	@DEBUG_VALUE: HAL_ADC_IRQHandler:tmp_isr <- $r6
	@DEBUG_VALUE: HAL_ADC_IRQHandler:overrun_error <- 0
	@DEBUG_VALUE: HAL_ADC_IRQHandler:hadc <- $r4
	.loc	7 2530 13                       @ ../Drivers/STM32H7xx_HAL_Driver/Src/stm32h7xx_hal_adc.c:2530:13
	ldr	r0, [r7]
.Ltmp937:
	.loc	7 2530 13 is_stmt 0             @ ../Drivers/STM32H7xx_HAL_Driver/Src/stm32h7xx_hal_adc.c:2530:13
	lsls	r0, r0, #25
	bpl.w	.LBB20_26
.Ltmp938:
@ %bb.50:
	@DEBUG_VALUE: HAL_ADC_IRQHandler:tmp_cfgr <- $r2
	@DEBUG_VALUE: HAL_ADC_IRQHandler:tmp_multimode_config <- $r11
	@DEBUG_VALUE: HAL_ADC_IRQHandler:tmp_ier <- $r5
	@DEBUG_VALUE: HAL_ADC_IRQHandler:tmp_isr <- $r6
	@DEBUG_VALUE: HAL_ADC_IRQHandler:overrun_error <- 0
	@DEBUG_VALUE: HAL_ADC_IRQHandler:hadc <- $r4
	.loc	7 0 13                          @ ../Drivers/STM32H7xx_HAL_Driver/Src/stm32h7xx_hal_adc.c:0:13
	ands	r0, r2, #2097152
	.loc	7 2530 13                       @ ../Drivers/STM32H7xx_HAL_Driver/Src/stm32h7xx_hal_adc.c:2530:13
	bne.w	.LBB20_26
.Ltmp939:
@ %bb.51:
	@DEBUG_VALUE: HAL_ADC_IRQHandler:tmp_cfgr <- $r2
	@DEBUG_VALUE: HAL_ADC_IRQHandler:tmp_multimode_config <- $r11
	@DEBUG_VALUE: HAL_ADC_IRQHandler:tmp_ier <- $r5
	@DEBUG_VALUE: HAL_ADC_IRQHandler:tmp_isr <- $r6
	@DEBUG_VALUE: HAL_ADC_IRQHandler:overrun_error <- 0
	@DEBUG_VALUE: HAL_ADC_IRQHandler:hadc <- $r4
	@DEBUG_VALUE: LL_ADC_INJ_IsConversionOngoing:ADCx <- $r7
	.loc	8 7270 12 is_stmt 1             @ ../Drivers/STM32H7xx_HAL_Driver/Inc\stm32h7xx_ll_adc.h:7270:12
	ldr	r0, [r7, #8]
.Ltmp940:
	.loc	7 2542 17                       @ ../Drivers/STM32H7xx_HAL_Driver/Src/stm32h7xx_hal_adc.c:2542:17
	lsls	r0, r0, #28
	bmi	.LBB20_54
.Ltmp941:
@ %bb.52:
	@DEBUG_VALUE: HAL_ADC_IRQHandler:tmp_cfgr <- $r2
	@DEBUG_VALUE: HAL_ADC_IRQHandler:tmp_multimode_config <- $r11
	@DEBUG_VALUE: HAL_ADC_IRQHandler:tmp_ier <- $r5
	@DEBUG_VALUE: HAL_ADC_IRQHandler:tmp_isr <- $r6
	@DEBUG_VALUE: HAL_ADC_IRQHandler:overrun_error <- 0
	@DEBUG_VALUE: HAL_ADC_IRQHandler:hadc <- $r4
	.loc	7 2545 15                       @ ../Drivers/STM32H7xx_HAL_Driver/Src/stm32h7xx_hal_adc.c:2545:15
	ldr	r0, [r7, #4]
	bic	r0, r0, #96
	str	r0, [r7, #4]
	.loc	7 2548 15                       @ ../Drivers/STM32H7xx_HAL_Driver/Src/stm32h7xx_hal_adc.c:2548:15
	ldr	r0, [r1]
	bic	r0, r0, #4096
	str	r0, [r1]
.Ltmp942:
	.loc	7 2550 26                       @ ../Drivers/STM32H7xx_HAL_Driver/Src/stm32h7xx_hal_adc.c:2550:26
	ldr	r0, [r1]
.Ltmp943:
	.loc	7 2550 19 is_stmt 0             @ ../Drivers/STM32H7xx_HAL_Driver/Src/stm32h7xx_hal_adc.c:2550:19
	lsls	r0, r0, #23
	bmi.w	.LBB20_26
	b	.LBB20_55
.Ltmp944:
	.loc	7 0 19                          @ :0:19
.Ltmp945:
	.p2align	2
.LBB20_53:
	@DEBUG_VALUE: HAL_ADC_IRQHandler:tmp_multimode_config <- $r11
	@DEBUG_VALUE: HAL_ADC_IRQHandler:tmp_ier <- $r5
	@DEBUG_VALUE: HAL_ADC_IRQHandler:tmp_isr <- $r6
	@DEBUG_VALUE: HAL_ADC_IRQHandler:overrun_error <- 0
	@DEBUG_VALUE: HAL_ADC_IRQHandler:hadc <- $r4
	.loc	7 2663 30 is_stmt 1             @ ../Drivers/STM32H7xx_HAL_Driver/Src/stm32h7xx_hal_adc.c:2663:30
	ldr	r0, [r7, #12]
.Ltmp946:
	@DEBUG_VALUE: HAL_ADC_IRQHandler:overrun_error <- undef
	.loc	7 2670 9                        @ ../Drivers/STM32H7xx_HAL_Driver/Src/stm32h7xx_hal_adc.c:2670:9
	lsls	r0, r0, #30
	bne	.LBB20_41
	b	.LBB20_42
.Ltmp947:
	.loc	7 0 9 is_stmt 0                 @ :0:9
.Ltmp948:
	.p2align	2
.LBB20_54:
	@DEBUG_VALUE: HAL_ADC_IRQHandler:tmp_cfgr <- $r2
	@DEBUG_VALUE: HAL_ADC_IRQHandler:tmp_multimode_config <- $r11
	@DEBUG_VALUE: HAL_ADC_IRQHandler:tmp_ier <- $r5
	@DEBUG_VALUE: HAL_ADC_IRQHandler:tmp_isr <- $r6
	@DEBUG_VALUE: HAL_ADC_IRQHandler:overrun_error <- 0
	@DEBUG_VALUE: HAL_ADC_IRQHandler:hadc <- $r4
	.loc	7 2558 15 is_stmt 1             @ ../Drivers/STM32H7xx_HAL_Driver/Src/stm32h7xx_hal_adc.c:2558:15
	ldr	r0, [r4, #84]
	.loc	7 2561 15                       @ ../Drivers/STM32H7xx_HAL_Driver/Src/stm32h7xx_hal_adc.c:2561:15
	add.w	r1, r4, #88
	.loc	7 2558 15                       @ ../Drivers/STM32H7xx_HAL_Driver/Src/stm32h7xx_hal_adc.c:2558:15
	orr	r0, r0, #16
	str	r0, [r4, #84]
.Ltmp949:
.LBB20_55:
	@DEBUG_VALUE: HAL_ADC_IRQHandler:tmp_cfgr <- $r2
	@DEBUG_VALUE: HAL_ADC_IRQHandler:tmp_multimode_config <- $r11
	@DEBUG_VALUE: HAL_ADC_IRQHandler:tmp_ier <- $r5
	@DEBUG_VALUE: HAL_ADC_IRQHandler:tmp_isr <- $r6
	@DEBUG_VALUE: HAL_ADC_IRQHandler:overrun_error <- 0
	@DEBUG_VALUE: HAL_ADC_IRQHandler:hadc <- $r4
	.loc	7 0 0 is_stmt 0                 @ ../Drivers/STM32H7xx_HAL_Driver/Src/stm32h7xx_hal_adc.c:0:0
	ldr	r0, [r1]
	orr	r0, r0, #1
	str	r0, [r1]
	b	.LBB20_26
.Ltmp950:
.Lfunc_end20:
	.size	HAL_ADC_IRQHandler, .Lfunc_end20-HAL_ADC_IRQHandler
	.cfi_endproc
	.file	9 "D:\\EV\\testadc\\MDK-ARM" "../Drivers/STM32H7xx_HAL_Driver/Inc\\stm32h7xx_hal_adc_ex.h"
	.cantunwind
	.fnend
                                        @ -- End function
	.section	.text.HAL_ADC_ConvCpltCallback,"ax",%progbits
	.hidden	HAL_ADC_ConvCpltCallback        @ -- Begin function HAL_ADC_ConvCpltCallback
	.weak	HAL_ADC_ConvCpltCallback
	.p2align	3
	.type	HAL_ADC_ConvCpltCallback,%function
	.code	16                              @ @HAL_ADC_ConvCpltCallback
	.thumb_func
HAL_ADC_ConvCpltCallback:
.Lfunc_begin21:
	.fnstart
	.cfi_startproc
@ %bb.0:
	@DEBUG_VALUE: HAL_ADC_ConvCpltCallback:hadc <- $r0
	.loc	7 2729 1 prologue_end is_stmt 1 @ ../Drivers/STM32H7xx_HAL_Driver/Src/stm32h7xx_hal_adc.c:2729:1
	bx	lr
.Ltmp951:
.Lfunc_end21:
	.size	HAL_ADC_ConvCpltCallback, .Lfunc_end21-HAL_ADC_ConvCpltCallback
	.cfi_endproc
	.cantunwind
	.fnend
                                        @ -- End function
	.section	.text.HAL_ADC_LevelOutOfWindowCallback,"ax",%progbits
	.hidden	HAL_ADC_LevelOutOfWindowCallback @ -- Begin function HAL_ADC_LevelOutOfWindowCallback
	.weak	HAL_ADC_LevelOutOfWindowCallback
	.p2align	3
	.type	HAL_ADC_LevelOutOfWindowCallback,%function
	.code	16                              @ @HAL_ADC_LevelOutOfWindowCallback
	.thumb_func
HAL_ADC_LevelOutOfWindowCallback:
.Lfunc_begin22:
	.fnstart
	.cfi_startproc
@ %bb.0:
	@DEBUG_VALUE: HAL_ADC_LevelOutOfWindowCallback:hadc <- $r0
	.loc	7 2759 1 prologue_end           @ ../Drivers/STM32H7xx_HAL_Driver/Src/stm32h7xx_hal_adc.c:2759:1
	bx	lr
.Ltmp952:
.Lfunc_end22:
	.size	HAL_ADC_LevelOutOfWindowCallback, .Lfunc_end22-HAL_ADC_LevelOutOfWindowCallback
	.cfi_endproc
	.cantunwind
	.fnend
                                        @ -- End function
	.section	.text.HAL_ADC_ErrorCallback,"ax",%progbits
	.hidden	HAL_ADC_ErrorCallback           @ -- Begin function HAL_ADC_ErrorCallback
	.weak	HAL_ADC_ErrorCallback
	.p2align	3
	.type	HAL_ADC_ErrorCallback,%function
	.code	16                              @ @HAL_ADC_ErrorCallback
	.thumb_func
HAL_ADC_ErrorCallback:
.Lfunc_begin23:
	.fnstart
	.cfi_startproc
@ %bb.0:
	@DEBUG_VALUE: HAL_ADC_ErrorCallback:hadc <- $r0
	.loc	7 2781 1 prologue_end           @ ../Drivers/STM32H7xx_HAL_Driver/Src/stm32h7xx_hal_adc.c:2781:1
	bx	lr
.Ltmp953:
.Lfunc_end23:
	.size	HAL_ADC_ErrorCallback, .Lfunc_end23-HAL_ADC_ErrorCallback
	.cfi_endproc
	.cantunwind
	.fnend
                                        @ -- End function
	.section	.text.HAL_ADC_ConvHalfCpltCallback,"ax",%progbits
	.hidden	HAL_ADC_ConvHalfCpltCallback    @ -- Begin function HAL_ADC_ConvHalfCpltCallback
	.weak	HAL_ADC_ConvHalfCpltCallback
	.p2align	3
	.type	HAL_ADC_ConvHalfCpltCallback,%function
	.code	16                              @ @HAL_ADC_ConvHalfCpltCallback
	.thumb_func
HAL_ADC_ConvHalfCpltCallback:
.Lfunc_begin24:
	.fnstart
	.cfi_startproc
@ %bb.0:
	@DEBUG_VALUE: HAL_ADC_ConvHalfCpltCallback:hadc <- $r0
	.loc	7 2744 1 prologue_end           @ ../Drivers/STM32H7xx_HAL_Driver/Src/stm32h7xx_hal_adc.c:2744:1
	bx	lr
.Ltmp954:
.Lfunc_end24:
	.size	HAL_ADC_ConvHalfCpltCallback, .Lfunc_end24-HAL_ADC_ConvHalfCpltCallback
	.cfi_endproc
	.cantunwind
	.fnend
                                        @ -- End function
	.section	.text.HAL_ADC_ConfigChannel,"ax",%progbits
	.hidden	HAL_ADC_ConfigChannel           @ -- Begin function HAL_ADC_ConfigChannel
	.globl	HAL_ADC_ConfigChannel
	.p2align	3
	.type	HAL_ADC_ConfigChannel,%function
	.code	16                              @ @HAL_ADC_ConfigChannel
	.thumb_func
HAL_ADC_ConfigChannel:
.Lfunc_begin25:
	.loc	7 2820 0                        @ ../Drivers/STM32H7xx_HAL_Driver/Src/stm32h7xx_hal_adc.c:2820:0
	.fnstart
	.cfi_startproc
@ %bb.0:
	@DEBUG_VALUE: HAL_ADC_ConfigChannel:hadc <- $r0
	@DEBUG_VALUE: HAL_ADC_ConfigChannel:sConfig <- $r1
	.save	{r4, r5, r6, r7, lr}
	push	{r4, r5, r6, r7, lr}
	.cfi_def_cfa_offset 20
	.cfi_offset lr, -4
	.cfi_offset r7, -8
	.cfi_offset r6, -12
	.cfi_offset r5, -16
	.cfi_offset r4, -20
	.pad	#4
	sub	sp, #4
	.cfi_def_cfa_offset 24
	movs	r2, #0
.Ltmp955:
	.loc	7 2824 17 prologue_end          @ ../Drivers/STM32H7xx_HAL_Driver/Src/stm32h7xx_hal_adc.c:2824:17
	str	r2, [sp]
.Ltmp956:
	@DEBUG_VALUE: HAL_ADC_ConfigChannel:tmp_hal_status <- 0
	@DEBUG_VALUE: HAL_ADC_ConfigChannel:wait_loop_index <- [DW_OP_deref] $sp
	.loc	7 2886 3                        @ ../Drivers/STM32H7xx_HAL_Driver/Src/stm32h7xx_hal_adc.c:2886:3
	ldrb.w	r2, [r0, #80]
.Ltmp957:
	.loc	7 2886 3 is_stmt 0              @ ../Drivers/STM32H7xx_HAL_Driver/Src/stm32h7xx_hal_adc.c:2886:3
	cmp	r2, #1
	bne	.LBB25_2
.Ltmp958:
@ %bb.1:
	@DEBUG_VALUE: HAL_ADC_ConfigChannel:wait_loop_index <- [DW_OP_deref] $sp
	@DEBUG_VALUE: HAL_ADC_ConfigChannel:tmp_hal_status <- 0
	@DEBUG_VALUE: HAL_ADC_ConfigChannel:sConfig <- $r1
	@DEBUG_VALUE: HAL_ADC_ConfigChannel:hadc <- $r0
	.loc	7 0 3                           @ ../Drivers/STM32H7xx_HAL_Driver/Src/stm32h7xx_hal_adc.c:0:3
	movs	r1, #2
.Ltmp959:
	@DEBUG_VALUE: HAL_ADC_ConfigChannel:sConfig <- [DW_OP_LLVM_entry_value 1] $r1
	.loc	7 3118 1 is_stmt 1              @ ../Drivers/STM32H7xx_HAL_Driver/Src/stm32h7xx_hal_adc.c:3118:1
	mov	r0, r1
.Ltmp960:
	@DEBUG_VALUE: HAL_ADC_ConfigChannel:hadc <- [DW_OP_LLVM_entry_value 1] $r0
	.loc	7 3118 1 epilogue_begin is_stmt 0 @ ../Drivers/STM32H7xx_HAL_Driver/Src/stm32h7xx_hal_adc.c:3118:1
	add	sp, #4
	pop	{r4, r5, r6, r7, pc}
.Ltmp961:
	.loc	7 0 1                           @ :0:1
.Ltmp962:
	.p2align	2
.LBB25_2:
	@DEBUG_VALUE: HAL_ADC_ConfigChannel:wait_loop_index <- [DW_OP_deref] $sp
	@DEBUG_VALUE: HAL_ADC_ConfigChannel:tmp_hal_status <- 0
	@DEBUG_VALUE: HAL_ADC_ConfigChannel:sConfig <- $r1
	@DEBUG_VALUE: HAL_ADC_ConfigChannel:hadc <- $r0
	.loc	7 2893 44 is_stmt 1             @ ../Drivers/STM32H7xx_HAL_Driver/Src/stm32h7xx_hal_adc.c:2893:44
	ldr	r7, [r0]
	movs	r3, #1
.Ltmp963:
	.loc	7 2886 3                        @ ../Drivers/STM32H7xx_HAL_Driver/Src/stm32h7xx_hal_adc.c:2886:3
	strb.w	r3, [r0, #80]
.Ltmp964:
	@DEBUG_VALUE: LL_ADC_REG_IsConversionOngoing:ADCx <- $r7
	.loc	8 7075 12                       @ ../Drivers/STM32H7xx_HAL_Driver/Inc\stm32h7xx_ll_adc.h:7075:12
	ldr	r3, [r7, #8]
.Ltmp965:
	.loc	7 2893 7                        @ ../Drivers/STM32H7xx_HAL_Driver/Src/stm32h7xx_hal_adc.c:2893:7
	lsls	r3, r3, #29
	bmi.w	.LBB25_47
.Ltmp966:
@ %bb.3:
	@DEBUG_VALUE: HAL_ADC_ConfigChannel:wait_loop_index <- [DW_OP_deref] $sp
	@DEBUG_VALUE: HAL_ADC_ConfigChannel:tmp_hal_status <- 0
	@DEBUG_VALUE: HAL_ADC_ConfigChannel:sConfig <- $r1
	@DEBUG_VALUE: HAL_ADC_ConfigChannel:hadc <- $r0
	.loc	7 2895 11                       @ ../Drivers/STM32H7xx_HAL_Driver/Src/stm32h7xx_hal_adc.c:2895:11
	ldr	r4, [r1]
	movw	r12, #65535
.Ltmp967:
	.loc	7 2895 9 is_stmt 0              @ ../Drivers/STM32H7xx_HAL_Driver/Src/stm32h7xx_hal_adc.c:2895:9
	cmp.w	r4, #-1
	movt	r12, #15
	lsr.w	r3, r4, #26
	ble	.LBB25_5
.Ltmp968:
@ %bb.4:
	@DEBUG_VALUE: HAL_ADC_ConfigChannel:wait_loop_index <- [DW_OP_deref] $sp
	@DEBUG_VALUE: HAL_ADC_ConfigChannel:tmp_hal_status <- 0
	@DEBUG_VALUE: HAL_ADC_ConfigChannel:sConfig <- $r1
	@DEBUG_VALUE: HAL_ADC_ConfigChannel:hadc <- $r0
	.loc	7 2905 41 is_stmt 1             @ ../Drivers/STM32H7xx_HAL_Driver/Src/stm32h7xx_hal_adc.c:2905:41
	rbit	r2, r4
	tst.w	r4, r12
	clz	r2, r2
	it	eq
	lsreq	r2, r4, #26
	movs	r4, #1
	.loc	7 2905 100 is_stmt 0            @ ../Drivers/STM32H7xx_HAL_Driver/Src/stm32h7xx_hal_adc.c:2905:100
	and	r2, r2, #31
	.loc	7 2905 37                       @ ../Drivers/STM32H7xx_HAL_Driver/Src/stm32h7xx_hal_adc.c:2905:37
	lsl.w	r2, r4, r2
	.loc	7 2905 29                       @ ../Drivers/STM32H7xx_HAL_Driver/Src/stm32h7xx_hal_adc.c:2905:29
	ldr	r4, [r7, #28]
	orrs	r2, r4
	str	r2, [r7, #28]
.Ltmp969:
.LBB25_5:
	@DEBUG_VALUE: HAL_ADC_ConfigChannel:wait_loop_index <- [DW_OP_deref] $sp
	@DEBUG_VALUE: HAL_ADC_ConfigChannel:tmp_hal_status <- 0
	@DEBUG_VALUE: HAL_ADC_ConfigChannel:sConfig <- $r1
	@DEBUG_VALUE: HAL_ADC_ConfigChannel:hadc <- $r0
	.loc	7 2910 59 is_stmt 1             @ ../Drivers/STM32H7xx_HAL_Driver/Src/stm32h7xx_hal_adc.c:2910:59
	ldr	r2, [r1, #4]
.Ltmp970:
	@DEBUG_VALUE: LL_ADC_REG_SetSequencerRanks:Rank <- $r2
	.loc	7 0 59 is_stmt 0                @ ../Drivers/STM32H7xx_HAL_Driver/Src/stm32h7xx_hal_adc.c:0:59
	movs	r6, #31
.Ltmp971:
	.loc	8 4263 3 is_stmt 1              @ ../Drivers/STM32H7xx_HAL_Driver/Inc\stm32h7xx_ll_adc.h:4263:3
	and	r3, r3, #31
	.loc	8 4261 25                       @ ../Drivers/STM32H7xx_HAL_Driver/Inc\stm32h7xx_ll_adc.h:4261:25
	ubfx	r4, r2, #8, #2
.Ltmp972:
	@DEBUG_VALUE: LL_ADC_REG_SetSequencerRanks:Channel <- undef
	@DEBUG_VALUE: LL_ADC_REG_SetSequencerRanks:ADCx <- $r7
	.loc	8 4263 3                        @ ../Drivers/STM32H7xx_HAL_Driver/Inc\stm32h7xx_ll_adc.h:4263:3
	and	r2, r2, #31
.Ltmp973:
	lsls	r6, r2
	.loc	8 4261 25                       @ ../Drivers/STM32H7xx_HAL_Driver/Inc\stm32h7xx_ll_adc.h:4261:25
	add.w	r4, r7, r4, lsl #2
.Ltmp974:
	@DEBUG_VALUE: LL_ADC_REG_SetSequencerRanks:preg <- [DW_OP_plus_uconst 48, DW_OP_stack_value] $r4
	.loc	8 4263 3                        @ ../Drivers/STM32H7xx_HAL_Driver/Inc\stm32h7xx_ll_adc.h:4263:3
	lsl.w	r2, r3, r2
	ldr	r5, [r4, #48]
	bic.w	r6, r5, r6
	orrs	r2, r6
	str	r2, [r4, #48]
.Ltmp975:
	@DEBUG_VALUE: LL_ADC_REG_IsConversionOngoing:ADCx <- $r7
	.loc	8 7075 12                       @ ../Drivers/STM32H7xx_HAL_Driver/Inc\stm32h7xx_ll_adc.h:7075:12
	ldr	r2, [r7, #8]
.Ltmp976:
	@DEBUG_VALUE: LL_ADC_INJ_IsConversionOngoing:ADCx <- $r7
	@DEBUG_VALUE: HAL_ADC_ConfigChannel:tmp_adc_is_conversion_on_going_regular <- [DW_OP_constu 2, DW_OP_shr, DW_OP_constu 1, DW_OP_and, DW_OP_stack_value] $r2
	.loc	8 7270 12                       @ ../Drivers/STM32H7xx_HAL_Driver/Inc\stm32h7xx_ll_adc.h:7270:12
	ldr	r3, [r7, #8]
.Ltmp977:
	@DEBUG_VALUE: HAL_ADC_ConfigChannel:tmp_adc_is_conversion_on_going_injected <- [DW_OP_constu 3, DW_OP_shr, DW_OP_constu 1, DW_OP_and, DW_OP_stack_value] $r3
	.loc	7 2919 49                       @ ../Drivers/STM32H7xx_HAL_Driver/Src/stm32h7xx_hal_adc.c:2919:49
	and	r2, r2, #4
.Ltmp978:
	.loc	7 0 49 is_stmt 0                @ ../Drivers/STM32H7xx_HAL_Driver/Src/stm32h7xx_hal_adc.c:0:49
	and	r3, r3, #8
.Ltmp979:
	.loc	7 2919 49                       @ ../Drivers/STM32H7xx_HAL_Driver/Src/stm32h7xx_hal_adc.c:2919:49
	adds	r2, r2, r3
	.loc	7 2920 9 is_stmt 1              @ ../Drivers/STM32H7xx_HAL_Driver/Src/stm32h7xx_hal_adc.c:2920:9
	bne.w	.LBB25_21
.Ltmp980:
@ %bb.6:
	@DEBUG_VALUE: HAL_ADC_ConfigChannel:wait_loop_index <- [DW_OP_deref] $sp
	@DEBUG_VALUE: HAL_ADC_ConfigChannel:tmp_hal_status <- 0
	@DEBUG_VALUE: HAL_ADC_ConfigChannel:sConfig <- $r1
	@DEBUG_VALUE: HAL_ADC_ConfigChannel:hadc <- $r0
	.loc	7 2924 62                       @ ../Drivers/STM32H7xx_HAL_Driver/Src/stm32h7xx_hal_adc.c:2924:62
	ldr	r2, [r1]
	movs	r5, #7
	.loc	7 2924 80 is_stmt 0             @ ../Drivers/STM32H7xx_HAL_Driver/Src/stm32h7xx_hal_adc.c:2924:80
	ldr	r6, [r1, #8]
.Ltmp981:
	@DEBUG_VALUE: LL_ADC_SetChannelSamplingTime:SamplingTime <- $r6
	.loc	8 5415 25 is_stmt 1             @ ../Drivers/STM32H7xx_HAL_Driver/Inc\stm32h7xx_ll_adc.h:5415:25
	ubfx	r3, r2, #25, #1
.Ltmp982:
	@DEBUG_VALUE: LL_ADC_SetChannelSamplingTime:Channel <- $r2
	@DEBUG_VALUE: LL_ADC_SetChannelSamplingTime:ADCx <- $r7
	.loc	8 5417 3                        @ ../Drivers/STM32H7xx_HAL_Driver/Inc\stm32h7xx_ll_adc.h:5417:3
	ubfx	r2, r2, #20, #5
.Ltmp983:
	.loc	8 5415 25                       @ ../Drivers/STM32H7xx_HAL_Driver/Inc\stm32h7xx_ll_adc.h:5415:25
	add.w	r3, r7, r3, lsl #2
.Ltmp984:
	@DEBUG_VALUE: LL_ADC_SetChannelSamplingTime:preg <- [DW_OP_plus_uconst 20, DW_OP_stack_value] $r3
	.loc	8 5417 3                        @ ../Drivers/STM32H7xx_HAL_Driver/Inc\stm32h7xx_ll_adc.h:5417:3
	lsls	r5, r2
	ldr	r4, [r3, #20]
	lsl.w	r2, r6, r2
	bic.w	r5, r4, r5
	orrs	r2, r5
	str	r2, [r3, #20]
	movw	r2, #4096
	movt	r2, #23552
.Ltmp985:
	.loc	7 2938 28                       @ ../Drivers/STM32H7xx_HAL_Driver/Src/stm32h7xx_hal_adc.c:2938:28
	ldr	r2, [r2]
	and	r2, r2, #-268435456
	cmp.w	r2, #268435456
	bne	.LBB25_9
.Ltmp986:
@ %bb.7:
	@DEBUG_VALUE: HAL_ADC_ConfigChannel:wait_loop_index <- [DW_OP_deref] $sp
	@DEBUG_VALUE: HAL_ADC_ConfigChannel:tmp_hal_status <- 0
	@DEBUG_VALUE: HAL_ADC_ConfigChannel:sConfig <- $r1
	@DEBUG_VALUE: HAL_ADC_ConfigChannel:hadc <- $r0
	ldr	r2, [r1, #20]
	ldr	r3, [r7, #12]
	movs	r6, #14
	and.w	r3, r6, r3, lsr #1
	lsl.w	r3, r2, r3
.Ltmp987:
	@DEBUG_VALUE: HAL_ADC_ConfigChannel:tmpOffsetShifted <- $r3
	.loc	7 2941 20                       @ ../Drivers/STM32H7xx_HAL_Driver/Src/stm32h7xx_hal_adc.c:2941:20
	ldr	r4, [r1, #16]
.Ltmp988:
	.loc	7 2941 11 is_stmt 0             @ ../Drivers/STM32H7xx_HAL_Driver/Src/stm32h7xx_hal_adc.c:2941:11
	cmp	r4, #4
	beq	.LBB25_13
.Ltmp989:
.LBB25_8:
	@DEBUG_VALUE: HAL_ADC_ConfigChannel:tmpOffsetShifted <- $r3
	@DEBUG_VALUE: HAL_ADC_ConfigChannel:wait_loop_index <- [DW_OP_deref] $sp
	@DEBUG_VALUE: HAL_ADC_ConfigChannel:tmp_hal_status <- 0
	@DEBUG_VALUE: HAL_ADC_ConfigChannel:sConfig <- $r1
	@DEBUG_VALUE: HAL_ADC_ConfigChannel:hadc <- $r0
	.loc	8 3381 25 is_stmt 1             @ ../Drivers/STM32H7xx_HAL_Driver/Inc\stm32h7xx_ll_adc.h:3381:25
	add.w	r2, r7, #96
.Ltmp990:
	@DEBUG_VALUE: LL_ADC_SetOffset:preg <- undef
	.loc	7 2944 74                       @ ../Drivers/STM32H7xx_HAL_Driver/Src/stm32h7xx_hal_adc.c:2944:74
	ldr	r6, [r1]
.Ltmp991:
	@DEBUG_VALUE: LL_ADC_SetOffset:OffsetLevel <- $r3
	@DEBUG_VALUE: LL_ADC_SetOffset:Offsety <- $r4
	@DEBUG_VALUE: LL_ADC_SetOffset:ADCx <- $r7
	@DEBUG_VALUE: LL_ADC_SetOffset:Channel <- $r6
	.loc	8 3392 5                        @ ../Drivers/STM32H7xx_HAL_Driver/Inc\stm32h7xx_ll_adc.h:3392:5
	and	r6, r6, #2080374784
.Ltmp992:
	ldr.w	r5, [r2, r4, lsl #2]
	orrs	r3, r6
.Ltmp993:
	and	r5, r5, #-2147483648
	orrs	r3, r5
	str.w	r3, [r2, r4, lsl #2]
.Ltmp994:
	.loc	7 2960 69                       @ ../Drivers/STM32H7xx_HAL_Driver/Src/stm32h7xx_hal_adc.c:2960:69
	ldr	r3, [r1, #16]
	.loc	7 2960 93 is_stmt 0             @ ../Drivers/STM32H7xx_HAL_Driver/Src/stm32h7xx_hal_adc.c:2960:93
	ldrb	r6, [r1, #25]
.Ltmp995:
	@DEBUG_VALUE: preg <- undef
	@DEBUG_VALUE: LL_ADC_SetOffsetSignedSaturation:OffsetSignedSaturation <- undef
	@DEBUG_VALUE: LL_ADC_SetOffsetSignedSaturation:Offsety <- $r3
	@DEBUG_VALUE: LL_ADC_SetOffsetSignedSaturation:ADCx <- $r7
	.loc	8 3563 5 is_stmt 1              @ ../Drivers/STM32H7xx_HAL_Driver/Inc\stm32h7xx_ll_adc.h:3563:5
	ldr.w	r5, [r2, r3, lsl #2]
	cmp	r6, #1
	bic	r5, r5, #-2147483648
	it	eq
	addeq.w	r5, r5, #-2147483648
	str.w	r5, [r2, r3, lsl #2]
.Ltmp996:
	.loc	7 2964 85                       @ ../Drivers/STM32H7xx_HAL_Driver/Src/stm32h7xx_hal_adc.c:2964:85
	ldrb	r2, [r1, #24]
	.loc	7 2964 61 is_stmt 0             @ ../Drivers/STM32H7xx_HAL_Driver/Src/stm32h7xx_hal_adc.c:2964:61
	ldr	r3, [r1, #16]
.Ltmp997:
	.loc	8 3512 3 is_stmt 1              @ ../Drivers/STM32H7xx_HAL_Driver/Inc\stm32h7xx_ll_adc.h:3512:3
	ldr	r6, [r7, #16]
.Ltmp998:
	.loc	7 2964 85                       @ ../Drivers/STM32H7xx_HAL_Driver/Src/stm32h7xx_hal_adc.c:2964:85
	subs	r2, #1
.Ltmp999:
	.loc	8 3512 3                        @ ../Drivers/STM32H7xx_HAL_Driver/Inc\stm32h7xx_ll_adc.h:3512:3
	and	r3, r3, #31
.Ltmp1000:
	.loc	7 2964 85                       @ ../Drivers/STM32H7xx_HAL_Driver/Src/stm32h7xx_hal_adc.c:2964:85
	clz	r2, r2
.Ltmp1001:
	.loc	8 3512 3                        @ ../Drivers/STM32H7xx_HAL_Driver/Inc\stm32h7xx_ll_adc.h:3512:3
	bic	r6, r6, #30720
.Ltmp1002:
	.loc	7 2964 85                       @ ../Drivers/STM32H7xx_HAL_Driver/Src/stm32h7xx_hal_adc.c:2964:85
	lsrs	r2, r2, #5
	.loc	7 2964 75 is_stmt 0             @ ../Drivers/STM32H7xx_HAL_Driver/Src/stm32h7xx_hal_adc.c:2964:75
	lsls	r2, r2, #11
.Ltmp1003:
	@DEBUG_VALUE: LL_ADC_SetDataRightShift:Offsety <- $r3
	@DEBUG_VALUE: LL_ADC_SetDataRightShift:ADCx <- $r7
	@DEBUG_VALUE: LL_ADC_SetDataRightShift:RigthShift <- $r2
	.loc	8 3512 3 is_stmt 1              @ ../Drivers/STM32H7xx_HAL_Driver/Inc\stm32h7xx_ll_adc.h:3512:3
	lsls	r2, r3
.Ltmp1004:
	orrs	r2, r6
	str	r2, [r7, #16]
.Ltmp1005:
	.loc	7 2967 7                        @ ../Drivers/STM32H7xx_HAL_Driver/Src/stm32h7xx_hal_adc.c:2967:7
	b	.LBB25_21
.Ltmp1006:
	.loc	7 0 7 is_stmt 0                 @ :0:7
.Ltmp1007:
	.p2align	2
.LBB25_9:
	@DEBUG_VALUE: HAL_ADC_ConfigChannel:wait_loop_index <- [DW_OP_deref] $sp
	@DEBUG_VALUE: HAL_ADC_ConfigChannel:tmp_hal_status <- 0
	@DEBUG_VALUE: HAL_ADC_ConfigChannel:sConfig <- $r1
	@DEBUG_VALUE: HAL_ADC_ConfigChannel:hadc <- $r0
	.loc	7 2938 28 is_stmt 1             @ ../Drivers/STM32H7xx_HAL_Driver/Src/stm32h7xx_hal_adc.c:2938:28
	ldr	r2, [r7, #12]
	ldr	r3, [r1, #20]
	ldr	r6, [r7, #12]
	lsls	r2, r2, #27
	lsr.w	r4, r6, #1
	bmi	.LBB25_11
.Ltmp1008:
@ %bb.10:
	@DEBUG_VALUE: HAL_ADC_ConfigChannel:wait_loop_index <- [DW_OP_deref] $sp
	@DEBUG_VALUE: HAL_ADC_ConfigChannel:tmp_hal_status <- 0
	@DEBUG_VALUE: HAL_ADC_ConfigChannel:sConfig <- $r1
	@DEBUG_VALUE: HAL_ADC_ConfigChannel:hadc <- $r0
	and	r2, r4, #14
	b	.LBB25_12
.Ltmp1009:
	.loc	7 0 28 is_stmt 0                @ :0:28
.Ltmp1010:
	.p2align	2
.LBB25_11:
	@DEBUG_VALUE: HAL_ADC_ConfigChannel:wait_loop_index <- [DW_OP_deref] $sp
	@DEBUG_VALUE: HAL_ADC_ConfigChannel:tmp_hal_status <- 0
	@DEBUG_VALUE: HAL_ADC_ConfigChannel:sConfig <- $r1
	@DEBUG_VALUE: HAL_ADC_ConfigChannel:hadc <- $r0
	.loc	7 2938 28                       @ ../Drivers/STM32H7xx_HAL_Driver/Src/stm32h7xx_hal_adc.c:2938:28
	and	r2, r4, #8
.Ltmp1011:
.LBB25_12:
	@DEBUG_VALUE: HAL_ADC_ConfigChannel:wait_loop_index <- [DW_OP_deref] $sp
	@DEBUG_VALUE: HAL_ADC_ConfigChannel:tmp_hal_status <- 0
	@DEBUG_VALUE: HAL_ADC_ConfigChannel:sConfig <- $r1
	@DEBUG_VALUE: HAL_ADC_ConfigChannel:hadc <- $r0
	lsls	r3, r2
.Ltmp1012:
	@DEBUG_VALUE: HAL_ADC_ConfigChannel:tmpOffsetShifted <- $r3
	.loc	7 2941 20 is_stmt 1             @ ../Drivers/STM32H7xx_HAL_Driver/Src/stm32h7xx_hal_adc.c:2941:20
	ldr	r4, [r1, #16]
.Ltmp1013:
	.loc	7 2941 11 is_stmt 0             @ ../Drivers/STM32H7xx_HAL_Driver/Src/stm32h7xx_hal_adc.c:2941:11
	cmp	r4, #4
	bne	.LBB25_8
.Ltmp1014:
.LBB25_13:
	@DEBUG_VALUE: HAL_ADC_ConfigChannel:tmpOffsetShifted <- $r3
	@DEBUG_VALUE: HAL_ADC_ConfigChannel:wait_loop_index <- [DW_OP_deref] $sp
	@DEBUG_VALUE: HAL_ADC_ConfigChannel:tmp_hal_status <- 0
	@DEBUG_VALUE: HAL_ADC_ConfigChannel:sConfig <- $r1
	@DEBUG_VALUE: HAL_ADC_ConfigChannel:hadc <- $r0
	.loc	7 2996 33 is_stmt 1             @ ../Drivers/STM32H7xx_HAL_Driver/Src/stm32h7xx_hal_adc.c:2996:33
	ldr	r2, [r7, #96]
	.loc	7 2996 65 is_stmt 0             @ ../Drivers/STM32H7xx_HAL_Driver/Src/stm32h7xx_hal_adc.c:2996:65
	ldr	r3, [r1]
.Ltmp1015:
	.loc	7 2996 39                       @ ../Drivers/STM32H7xx_HAL_Driver/Src/stm32h7xx_hal_adc.c:2996:39
	and	r2, r2, #2080374784
	.loc	7 2996 65                       @ ../Drivers/STM32H7xx_HAL_Driver/Src/stm32h7xx_hal_adc.c:2996:65
	lsls	r3, r3, #26
.Ltmp1016:
	.loc	7 2996 15                       @ ../Drivers/STM32H7xx_HAL_Driver/Src/stm32h7xx_hal_adc.c:2996:15
	cmp	r2, r3
	bne	.LBB25_17
.Ltmp1017:
@ %bb.14:
	@DEBUG_VALUE: HAL_ADC_ConfigChannel:wait_loop_index <- [DW_OP_deref] $sp
	@DEBUG_VALUE: HAL_ADC_ConfigChannel:tmp_hal_status <- 0
	@DEBUG_VALUE: HAL_ADC_ConfigChannel:sConfig <- $r1
	@DEBUG_VALUE: HAL_ADC_ConfigChannel:hadc <- $r0
	.loc	7 2998 13 is_stmt 1             @ ../Drivers/STM32H7xx_HAL_Driver/Src/stm32h7xx_hal_adc.c:2998:13
	ldr	r2, [r7, #96]
	bic	r2, r2, #-2147483648
	str	r2, [r7, #96]
.Ltmp1018:
	.loc	7 3000 33                       @ ../Drivers/STM32H7xx_HAL_Driver/Src/stm32h7xx_hal_adc.c:3000:33
	ldr	r2, [r7, #100]
	.loc	7 3000 39 is_stmt 0             @ ../Drivers/STM32H7xx_HAL_Driver/Src/stm32h7xx_hal_adc.c:3000:39
	and	r2, r2, #2080374784
.Ltmp1019:
	.loc	7 3000 15                       @ ../Drivers/STM32H7xx_HAL_Driver/Src/stm32h7xx_hal_adc.c:3000:15
	cmp	r2, r3
	beq	.LBB25_18
.Ltmp1020:
.LBB25_15:
	@DEBUG_VALUE: HAL_ADC_ConfigChannel:wait_loop_index <- [DW_OP_deref] $sp
	@DEBUG_VALUE: HAL_ADC_ConfigChannel:tmp_hal_status <- 0
	@DEBUG_VALUE: HAL_ADC_ConfigChannel:sConfig <- $r1
	@DEBUG_VALUE: HAL_ADC_ConfigChannel:hadc <- $r0
	.loc	7 3004 33 is_stmt 1             @ ../Drivers/STM32H7xx_HAL_Driver/Src/stm32h7xx_hal_adc.c:3004:33
	ldr	r2, [r7, #104]
	.loc	7 3004 39 is_stmt 0             @ ../Drivers/STM32H7xx_HAL_Driver/Src/stm32h7xx_hal_adc.c:3004:39
	and	r2, r2, #2080374784
.Ltmp1021:
	.loc	7 3004 15                       @ ../Drivers/STM32H7xx_HAL_Driver/Src/stm32h7xx_hal_adc.c:3004:15
	cmp	r2, r3
	bne	.LBB25_19
.Ltmp1022:
.LBB25_16:
	@DEBUG_VALUE: HAL_ADC_ConfigChannel:wait_loop_index <- [DW_OP_deref] $sp
	@DEBUG_VALUE: HAL_ADC_ConfigChannel:tmp_hal_status <- 0
	@DEBUG_VALUE: HAL_ADC_ConfigChannel:sConfig <- $r1
	@DEBUG_VALUE: HAL_ADC_ConfigChannel:hadc <- $r0
	.loc	7 3006 13 is_stmt 1             @ ../Drivers/STM32H7xx_HAL_Driver/Src/stm32h7xx_hal_adc.c:3006:13
	ldr	r2, [r7, #104]
	bic	r2, r2, #-2147483648
	str	r2, [r7, #104]
.Ltmp1023:
	.loc	7 3008 33                       @ ../Drivers/STM32H7xx_HAL_Driver/Src/stm32h7xx_hal_adc.c:3008:33
	ldr	r2, [r7, #108]
	.loc	7 3008 39 is_stmt 0             @ ../Drivers/STM32H7xx_HAL_Driver/Src/stm32h7xx_hal_adc.c:3008:39
	and	r2, r2, #2080374784
.Ltmp1024:
	.loc	7 3008 15                       @ ../Drivers/STM32H7xx_HAL_Driver/Src/stm32h7xx_hal_adc.c:3008:15
	cmp	r2, r3
	beq	.LBB25_20
	b	.LBB25_21
.Ltmp1025:
	.loc	7 0 15                          @ :0:15
.Ltmp1026:
	.p2align	2
.LBB25_17:
	@DEBUG_VALUE: HAL_ADC_ConfigChannel:wait_loop_index <- [DW_OP_deref] $sp
	@DEBUG_VALUE: HAL_ADC_ConfigChannel:tmp_hal_status <- 0
	@DEBUG_VALUE: HAL_ADC_ConfigChannel:sConfig <- $r1
	@DEBUG_VALUE: HAL_ADC_ConfigChannel:hadc <- $r0
	.loc	7 3000 33 is_stmt 1             @ ../Drivers/STM32H7xx_HAL_Driver/Src/stm32h7xx_hal_adc.c:3000:33
	ldr	r2, [r7, #100]
	.loc	7 3000 39 is_stmt 0             @ ../Drivers/STM32H7xx_HAL_Driver/Src/stm32h7xx_hal_adc.c:3000:39
	and	r2, r2, #2080374784
.Ltmp1027:
	.loc	7 3000 15                       @ ../Drivers/STM32H7xx_HAL_Driver/Src/stm32h7xx_hal_adc.c:3000:15
	cmp	r2, r3
	bne	.LBB25_15
.Ltmp1028:
.LBB25_18:
	@DEBUG_VALUE: HAL_ADC_ConfigChannel:wait_loop_index <- [DW_OP_deref] $sp
	@DEBUG_VALUE: HAL_ADC_ConfigChannel:tmp_hal_status <- 0
	@DEBUG_VALUE: HAL_ADC_ConfigChannel:sConfig <- $r1
	@DEBUG_VALUE: HAL_ADC_ConfigChannel:hadc <- $r0
	.loc	7 3002 13 is_stmt 1             @ ../Drivers/STM32H7xx_HAL_Driver/Src/stm32h7xx_hal_adc.c:3002:13
	ldr	r2, [r7, #100]
	bic	r2, r2, #-2147483648
	str	r2, [r7, #100]
.Ltmp1029:
	.loc	7 3004 33                       @ ../Drivers/STM32H7xx_HAL_Driver/Src/stm32h7xx_hal_adc.c:3004:33
	ldr	r2, [r7, #104]
	.loc	7 3004 39 is_stmt 0             @ ../Drivers/STM32H7xx_HAL_Driver/Src/stm32h7xx_hal_adc.c:3004:39
	and	r2, r2, #2080374784
.Ltmp1030:
	.loc	7 3004 15                       @ ../Drivers/STM32H7xx_HAL_Driver/Src/stm32h7xx_hal_adc.c:3004:15
	cmp	r2, r3
	beq	.LBB25_16
.Ltmp1031:
.LBB25_19:
	@DEBUG_VALUE: HAL_ADC_ConfigChannel:wait_loop_index <- [DW_OP_deref] $sp
	@DEBUG_VALUE: HAL_ADC_ConfigChannel:tmp_hal_status <- 0
	@DEBUG_VALUE: HAL_ADC_ConfigChannel:sConfig <- $r1
	@DEBUG_VALUE: HAL_ADC_ConfigChannel:hadc <- $r0
	.loc	7 3008 33 is_stmt 1             @ ../Drivers/STM32H7xx_HAL_Driver/Src/stm32h7xx_hal_adc.c:3008:33
	ldr	r2, [r7, #108]
	.loc	7 3008 39 is_stmt 0             @ ../Drivers/STM32H7xx_HAL_Driver/Src/stm32h7xx_hal_adc.c:3008:39
	and	r2, r2, #2080374784
.Ltmp1032:
	.loc	7 3008 15                       @ ../Drivers/STM32H7xx_HAL_Driver/Src/stm32h7xx_hal_adc.c:3008:15
	cmp	r2, r3
	bne	.LBB25_21
.Ltmp1033:
.LBB25_20:
	@DEBUG_VALUE: HAL_ADC_ConfigChannel:wait_loop_index <- [DW_OP_deref] $sp
	@DEBUG_VALUE: HAL_ADC_ConfigChannel:tmp_hal_status <- 0
	@DEBUG_VALUE: HAL_ADC_ConfigChannel:sConfig <- $r1
	@DEBUG_VALUE: HAL_ADC_ConfigChannel:hadc <- $r0
	.loc	7 3010 13 is_stmt 1             @ ../Drivers/STM32H7xx_HAL_Driver/Src/stm32h7xx_hal_adc.c:3010:13
	ldr	r2, [r7, #108]
	bic	r2, r2, #-2147483648
	str	r2, [r7, #108]
.Ltmp1034:
.LBB25_21:
	@DEBUG_VALUE: HAL_ADC_ConfigChannel:wait_loop_index <- [DW_OP_deref] $sp
	@DEBUG_VALUE: HAL_ADC_ConfigChannel:tmp_hal_status <- 0
	@DEBUG_VALUE: HAL_ADC_ConfigChannel:sConfig <- $r1
	@DEBUG_VALUE: HAL_ADC_ConfigChannel:hadc <- $r0
	@DEBUG_VALUE: LL_ADC_IsEnabled:ADCx <- $r7
	.loc	8 6943 12                       @ ../Drivers/STM32H7xx_HAL_Driver/Inc\stm32h7xx_ll_adc.h:6943:12
	ldr	r2, [r7, #8]
.Ltmp1035:
	.loc	7 3021 9                        @ ../Drivers/STM32H7xx_HAL_Driver/Src/stm32h7xx_hal_adc.c:3021:9
	lsls	r2, r2, #31
	bne	.LBB25_38
.Ltmp1036:
@ %bb.22:
	@DEBUG_VALUE: HAL_ADC_ConfigChannel:wait_loop_index <- [DW_OP_deref] $sp
	@DEBUG_VALUE: HAL_ADC_ConfigChannel:tmp_hal_status <- 0
	@DEBUG_VALUE: HAL_ADC_ConfigChannel:sConfig <- $r1
	@DEBUG_VALUE: HAL_ADC_ConfigChannel:hadc <- $r0
	.loc	7 3024 60                       @ ../Drivers/STM32H7xx_HAL_Driver/Src/stm32h7xx_hal_adc.c:3024:60
	ldr.w	lr, [r1]
	movs	r3, #0
	.loc	7 3024 78 is_stmt 0             @ ../Drivers/STM32H7xx_HAL_Driver/Src/stm32h7xx_hal_adc.c:3024:78
	ldr	r1, [r1, #12]
.Ltmp1037:
	@DEBUG_VALUE: HAL_ADC_ConfigChannel:sConfig <- [DW_OP_LLVM_entry_value 1] $r1
	@DEBUG_VALUE: LL_ADC_SetChannelSingleDiff:Channel <- $lr
	@DEBUG_VALUE: LL_ADC_SetChannelSingleDiff:ADCx <- $r7
	@DEBUG_VALUE: LL_ADC_SetChannelSingleDiff:SingleDiff <- $r1
	.loc	8 5577 3 is_stmt 1              @ ../Drivers/STM32H7xx_HAL_Driver/Inc\stm32h7xx_ll_adc.h:5577:3
	ldr.w	r2, [r7, #192]
	and.w	r4, lr, r12
	movt	r3, #18258
	bics	r2, r4
	and	r4, r1, #24
	lsr.w	r6, r12, r4
.Ltmp1038:
	.loc	7 3027 31                       @ ../Drivers/STM32H7xx_HAL_Driver/Src/stm32h7xx_hal_adc.c:3027:31
	add.w	r5, r3, #11337728
.Ltmp1039:
	.loc	8 5577 3                        @ ../Drivers/STM32H7xx_HAL_Driver/Inc\stm32h7xx_ll_adc.h:5577:3
	and.w	r6, r6, lr
.Ltmp1040:
	.loc	7 3027 11                       @ ../Drivers/STM32H7xx_HAL_Driver/Src/stm32h7xx_hal_adc.c:3027:11
	cmp	r1, r5
.Ltmp1041:
	.loc	8 5577 3                        @ ../Drivers/STM32H7xx_HAL_Driver/Inc\stm32h7xx_ll_adc.h:5577:3
	orr.w	r1, r6, r2
.Ltmp1042:
	str.w	r1, [r7, #192]
.Ltmp1043:
	.loc	7 3027 11                       @ ../Drivers/STM32H7xx_HAL_Driver/Src/stm32h7xx_hal_adc.c:3027:11
	bne	.LBB25_37
.Ltmp1044:
@ %bb.23:
	@DEBUG_VALUE: HAL_ADC_ConfigChannel:sConfig <- [DW_OP_LLVM_entry_value 1] $r1
	@DEBUG_VALUE: HAL_ADC_ConfigChannel:wait_loop_index <- [DW_OP_deref] $sp
	@DEBUG_VALUE: HAL_ADC_ConfigChannel:tmp_hal_status <- 0
	@DEBUG_VALUE: HAL_ADC_ConfigChannel:hadc <- $r0
	.loc	7 0 11 is_stmt 0                @ ../Drivers/STM32H7xx_HAL_Driver/Src/stm32h7xx_hal_adc.c:0:11
	movw	r1, #8448
	movt	r1, #16386
.Ltmp1045:
	.loc	7 3030 55 is_stmt 1             @ ../Drivers/STM32H7xx_HAL_Driver/Src/stm32h7xx_hal_adc.c:3030:55
	cmp	r7, r1
	beq	.LBB25_30
.Ltmp1046:
@ %bb.24:
	@DEBUG_VALUE: HAL_ADC_ConfigChannel:sConfig <- [DW_OP_LLVM_entry_value 1] $r1
	@DEBUG_VALUE: HAL_ADC_ConfigChannel:wait_loop_index <- [DW_OP_deref] $sp
	@DEBUG_VALUE: HAL_ADC_ConfigChannel:tmp_hal_status <- 0
	@DEBUG_VALUE: HAL_ADC_ConfigChannel:hadc <- $r0
	.loc	7 0 55 is_stmt 0                @ ../Drivers/STM32H7xx_HAL_Driver/Src/stm32h7xx_hal_adc.c:0:55
	movw	r1, #8192
	movt	r1, #16386
	.loc	7 3030 55                       @ ../Drivers/STM32H7xx_HAL_Driver/Src/stm32h7xx_hal_adc.c:3030:55
	cmp	r7, r1
	bne	.LBB25_35
.Ltmp1047:
@ %bb.25:
	@DEBUG_VALUE: HAL_ADC_ConfigChannel:sConfig <- [DW_OP_LLVM_entry_value 1] $r1
	@DEBUG_VALUE: HAL_ADC_ConfigChannel:wait_loop_index <- [DW_OP_deref] $sp
	@DEBUG_VALUE: HAL_ADC_ConfigChannel:tmp_hal_status <- 0
	@DEBUG_VALUE: HAL_ADC_ConfigChannel:hadc <- $r0
	.loc	7 0 55                          @ ../Drivers/STM32H7xx_HAL_Driver/Src/stm32h7xx_hal_adc.c:0:55
	movs	r1, #31
	movt	r1, #5360
	.loc	7 3030 55                       @ ../Drivers/STM32H7xx_HAL_Driver/Src/stm32h7xx_hal_adc.c:3030:55
	cmp	lr, r1
	ble.w	.LBB25_53
.Ltmp1048:
@ %bb.26:
	@DEBUG_VALUE: HAL_ADC_ConfigChannel:sConfig <- [DW_OP_LLVM_entry_value 1] $r1
	@DEBUG_VALUE: HAL_ADC_ConfigChannel:wait_loop_index <- [DW_OP_deref] $sp
	@DEBUG_VALUE: HAL_ADC_ConfigChannel:tmp_hal_status <- 0
	@DEBUG_VALUE: HAL_ADC_ConfigChannel:hadc <- $r0
	.loc	7 0 55                          @ ../Drivers/STM32H7xx_HAL_Driver/Src/stm32h7xx_hal_adc.c:0:55
	movw	r1, #2047
	movt	r1, #11824
	.loc	7 3030 55                       @ ../Drivers/STM32H7xx_HAL_Driver/Src/stm32h7xx_hal_adc.c:3030:55
	cmp	lr, r1
	ble.w	.LBB25_50
.Ltmp1049:
@ %bb.27:
	@DEBUG_VALUE: HAL_ADC_ConfigChannel:sConfig <- [DW_OP_LLVM_entry_value 1] $r1
	@DEBUG_VALUE: HAL_ADC_ConfigChannel:wait_loop_index <- [DW_OP_deref] $sp
	@DEBUG_VALUE: HAL_ADC_ConfigChannel:tmp_hal_status <- 0
	@DEBUG_VALUE: HAL_ADC_ConfigChannel:hadc <- $r0
	.loc	7 0 55                          @ ../Drivers/STM32H7xx_HAL_Driver/Src/stm32h7xx_hal_adc.c:0:55
	movw	r1, #2048
	movt	r1, #11824
	.loc	7 3030 55                       @ ../Drivers/STM32H7xx_HAL_Driver/Src/stm32h7xx_hal_adc.c:3030:55
	cmp	lr, r1
	beq.w	.LBB25_73
.Ltmp1050:
@ %bb.28:
	@DEBUG_VALUE: HAL_ADC_ConfigChannel:sConfig <- [DW_OP_LLVM_entry_value 1] $r1
	@DEBUG_VALUE: HAL_ADC_ConfigChannel:wait_loop_index <- [DW_OP_deref] $sp
	@DEBUG_VALUE: HAL_ADC_ConfigChannel:tmp_hal_status <- 0
	@DEBUG_VALUE: HAL_ADC_ConfigChannel:hadc <- $r0
	.loc	7 0 55                          @ ../Drivers/STM32H7xx_HAL_Driver/Src/stm32h7xx_hal_adc.c:0:55
	movw	r1, #4096
	movt	r1, #12896
	.loc	7 3030 55                       @ ../Drivers/STM32H7xx_HAL_Driver/Src/stm32h7xx_hal_adc.c:3030:55
	cmp	lr, r1
	beq.w	.LBB25_71
.Ltmp1051:
@ %bb.29:
	@DEBUG_VALUE: HAL_ADC_ConfigChannel:sConfig <- [DW_OP_LLVM_entry_value 1] $r1
	@DEBUG_VALUE: HAL_ADC_ConfigChannel:wait_loop_index <- [DW_OP_deref] $sp
	@DEBUG_VALUE: HAL_ADC_ConfigChannel:tmp_hal_status <- 0
	@DEBUG_VALUE: HAL_ADC_ConfigChannel:hadc <- $r0
	.loc	7 0 55                          @ ../Drivers/STM32H7xx_HAL_Driver/Src/stm32h7xx_hal_adc.c:0:55
	movs	r1, #0
	movt	r1, #17185
	.loc	7 3030 55                       @ ../Drivers/STM32H7xx_HAL_Driver/Src/stm32h7xx_hal_adc.c:3030:55
	cmp	lr, r1
	beq	.LBB25_36
	b	.LBB25_75
.Ltmp1052:
	.loc	7 0 55                          @ :0:55
.Ltmp1053:
	.p2align	2
.LBB25_30:
	@DEBUG_VALUE: HAL_ADC_ConfigChannel:sConfig <- [DW_OP_LLVM_entry_value 1] $r1
	@DEBUG_VALUE: HAL_ADC_ConfigChannel:wait_loop_index <- [DW_OP_deref] $sp
	@DEBUG_VALUE: HAL_ADC_ConfigChannel:tmp_hal_status <- 0
	@DEBUG_VALUE: HAL_ADC_ConfigChannel:hadc <- $r0
	movs	r1, #31
	movt	r1, #5360
	.loc	7 3030 55                       @ ../Drivers/STM32H7xx_HAL_Driver/Src/stm32h7xx_hal_adc.c:3030:55
	cmp	lr, r1
	bgt.w	.LBB25_49
.Ltmp1054:
@ %bb.31:
	@DEBUG_VALUE: HAL_ADC_ConfigChannel:sConfig <- [DW_OP_LLVM_entry_value 1] $r1
	@DEBUG_VALUE: HAL_ADC_ConfigChannel:wait_loop_index <- [DW_OP_deref] $sp
	@DEBUG_VALUE: HAL_ADC_ConfigChannel:tmp_hal_status <- 0
	@DEBUG_VALUE: HAL_ADC_ConfigChannel:hadc <- $r0
	.loc	7 0 55                          @ ../Drivers/STM32H7xx_HAL_Driver/Src/stm32h7xx_hal_adc.c:0:55
	movs	r1, #7
	movt	r1, #3216
	.loc	7 3030 55                       @ ../Drivers/STM32H7xx_HAL_Driver/Src/stm32h7xx_hal_adc.c:3030:55
	cmp	lr, r1
	bgt.w	.LBB25_56
.Ltmp1055:
@ %bb.32:
	@DEBUG_VALUE: HAL_ADC_ConfigChannel:sConfig <- [DW_OP_LLVM_entry_value 1] $r1
	@DEBUG_VALUE: HAL_ADC_ConfigChannel:wait_loop_index <- [DW_OP_deref] $sp
	@DEBUG_VALUE: HAL_ADC_ConfigChannel:tmp_hal_status <- 0
	@DEBUG_VALUE: HAL_ADC_ConfigChannel:hadc <- $r0
	.loc	7 0 55                          @ ../Drivers/STM32H7xx_HAL_Driver/Src/stm32h7xx_hal_adc.c:0:55
	movs	r1, #2
	movt	r1, #1072
	.loc	7 3030 55                       @ ../Drivers/STM32H7xx_HAL_Driver/Src/stm32h7xx_hal_adc.c:3030:55
	cmp	lr, r1
	beq.w	.LBB25_55
.Ltmp1056:
.LBB25_33:
	@DEBUG_VALUE: HAL_ADC_ConfigChannel:sConfig <- [DW_OP_LLVM_entry_value 1] $r1
	@DEBUG_VALUE: HAL_ADC_ConfigChannel:wait_loop_index <- [DW_OP_deref] $sp
	@DEBUG_VALUE: HAL_ADC_ConfigChannel:tmp_hal_status <- 0
	@DEBUG_VALUE: HAL_ADC_ConfigChannel:hadc <- $r0
	.loc	7 0 55                          @ ../Drivers/STM32H7xx_HAL_Driver/Src/stm32h7xx_hal_adc.c:0:55
	movs	r1, #4
	movt	r1, #2144
	.loc	7 3030 55                       @ ../Drivers/STM32H7xx_HAL_Driver/Src/stm32h7xx_hal_adc.c:3030:55
	cmp	lr, r1
	bne.w	.LBB25_75
.Ltmp1057:
@ %bb.34:
	@DEBUG_VALUE: HAL_ADC_ConfigChannel:sConfig <- [DW_OP_LLVM_entry_value 1] $r1
	@DEBUG_VALUE: HAL_ADC_ConfigChannel:wait_loop_index <- [DW_OP_deref] $sp
	@DEBUG_VALUE: HAL_ADC_ConfigChannel:tmp_hal_status <- 0
	@DEBUG_VALUE: HAL_ADC_ConfigChannel:hadc <- $r0
	.loc	7 0 55                          @ ../Drivers/STM32H7xx_HAL_Driver/Src/stm32h7xx_hal_adc.c:0:55
	movs	r3, #64
	movt	r3, #6432
	.loc	7 3030 9                        @ ../Drivers/STM32H7xx_HAL_Driver/Src/stm32h7xx_hal_adc.c:3030:9
	b	.LBB25_36
.Ltmp1058:
	.loc	7 0 9                           @ :0:9
.Ltmp1059:
	.p2align	2
.LBB25_35:
	@DEBUG_VALUE: HAL_ADC_ConfigChannel:sConfig <- [DW_OP_LLVM_entry_value 1] $r1
	@DEBUG_VALUE: HAL_ADC_ConfigChannel:wait_loop_index <- [DW_OP_deref] $sp
	@DEBUG_VALUE: HAL_ADC_ConfigChannel:tmp_hal_status <- 0
	@DEBUG_VALUE: HAL_ADC_ConfigChannel:hadc <- $r0
	movs	r3, #0
.Ltmp1060:
.LBB25_36:
	@DEBUG_VALUE: HAL_ADC_ConfigChannel:sConfig <- [DW_OP_LLVM_entry_value 1] $r1
	@DEBUG_VALUE: HAL_ADC_ConfigChannel:wait_loop_index <- [DW_OP_deref] $sp
	@DEBUG_VALUE: HAL_ADC_ConfigChannel:tmp_hal_status <- 0
	@DEBUG_VALUE: HAL_ADC_ConfigChannel:hadc <- $r0
	@DEBUG_VALUE: LL_ADC_SetChannelPreselection:ADCx <- $r7
	@DEBUG_VALUE: LL_ADC_SetChannelPreselection:Channel <- $r3
	.loc	8 3253 29 is_stmt 1             @ ../Drivers/STM32H7xx_HAL_Driver/Inc\stm32h7xx_ll_adc.h:3253:29
	rbit	r1, r3
	movw	r2, #15297
	clz	r1, r1
	movt	r2, #10
	tst	r3, r2
	mov.w	r2, #1
	it	eq
	lsreq	r1, r3, #26
	and	r1, r1, #31
	.loc	8 3253 25 is_stmt 0             @ ../Drivers/STM32H7xx_HAL_Driver/Inc\stm32h7xx_ll_adc.h:3253:25
	lsl.w	r1, r2, r1
	.loc	8 3253 17                       @ ../Drivers/STM32H7xx_HAL_Driver/Inc\stm32h7xx_ll_adc.h:3253:17
	ldr	r2, [r7, #28]
	orrs	r1, r2
	str	r1, [r7, #28]
.Ltmp1061:
.LBB25_37:
	@DEBUG_VALUE: HAL_ADC_ConfigChannel:sConfig <- [DW_OP_LLVM_entry_value 1] $r1
	@DEBUG_VALUE: HAL_ADC_ConfigChannel:wait_loop_index <- [DW_OP_deref] $sp
	@DEBUG_VALUE: HAL_ADC_ConfigChannel:tmp_hal_status <- 0
	@DEBUG_VALUE: HAL_ADC_ConfigChannel:hadc <- $r0
	.loc	7 3039 11 is_stmt 1             @ ../Drivers/STM32H7xx_HAL_Driver/Src/stm32h7xx_hal_adc.c:3039:11
	cmp.w	lr, #-1
	ble	.LBB25_39
.Ltmp1062:
.LBB25_38:
	@DEBUG_VALUE: HAL_ADC_ConfigChannel:tmp_hal_status <- 0
	@DEBUG_VALUE: HAL_ADC_ConfigChannel:hadc <- $r0
	.loc	7 0 11 is_stmt 0                @ ../Drivers/STM32H7xx_HAL_Driver/Src/stm32h7xx_hal_adc.c:0:11
	movs	r1, #0
.Ltmp1063:
	.loc	7 3074 13 is_stmt 1             @ ../Drivers/STM32H7xx_HAL_Driver/Src/stm32h7xx_hal_adc.c:3074:13
	b	.LBB25_48
.Ltmp1064:
	.loc	7 0 13 is_stmt 0                @ :0:13
.Ltmp1065:
	.p2align	2
.LBB25_39:
	@DEBUG_VALUE: HAL_ADC_ConfigChannel:sConfig <- [DW_OP_LLVM_entry_value 1] $r1
	@DEBUG_VALUE: HAL_ADC_ConfigChannel:wait_loop_index <- [DW_OP_deref] $sp
	@DEBUG_VALUE: HAL_ADC_ConfigChannel:tmp_hal_status <- 0
	@DEBUG_VALUE: HAL_ADC_ConfigChannel:hadc <- $r0
	movw	r1, #8192
	movw	r12, #25352
	movt	r1, #16386
	movt	r12, #22530
	add.w	r2, r1, #256
.Ltmp1066:
	@DEBUG_VALUE: LL_ADC_GetCommonPathInternalCh:ADCxy_COMMON <- undef
	.loc	8 2755 21 is_stmt 1             @ ../Drivers/STM32H7xx_HAL_Driver/Inc\stm32h7xx_ll_adc.h:2755:21
	add.w	r3, r1, #776
	cmp	r7, r2
	mov	r2, r12
	it	eq
	moveq	r2, r3
	cmp	r7, r1
	movw	r4, #8448
	it	eq
	moveq	r2, r3
.Ltmp1067:
	.loc	7 3047 13                       @ ../Drivers/STM32H7xx_HAL_Driver/Src/stm32h7xx_hal_adc.c:3047:13
	orr	r3, r7, #256
	movt	r4, #16386
	cmp	r3, r4
.Ltmp1068:
	.loc	8 2755 21                       @ ../Drivers/STM32H7xx_HAL_Driver/Inc\stm32h7xx_ll_adc.h:2755:21
	ldr	r3, [r2]
.Ltmp1069:
	@DEBUG_VALUE: HAL_ADC_ConfigChannel:tmp_config_internal_channel <- undef
	.loc	7 3047 13                       @ ../Drivers/STM32H7xx_HAL_Driver/Src/stm32h7xx_hal_adc.c:3047:13
	bne	.LBB25_46
.Ltmp1070:
@ %bb.40:
	@DEBUG_VALUE: HAL_ADC_ConfigChannel:sConfig <- [DW_OP_LLVM_entry_value 1] $r1
	@DEBUG_VALUE: HAL_ADC_ConfigChannel:wait_loop_index <- [DW_OP_deref] $sp
	@DEBUG_VALUE: HAL_ADC_ConfigChannel:tmp_hal_status <- 0
	@DEBUG_VALUE: HAL_ADC_ConfigChannel:hadc <- $r0
	@DEBUG_VALUE: LL_ADC_IsEnabled:ADCx <- 1073881088
	.loc	8 6943 12                       @ ../Drivers/STM32H7xx_HAL_Driver/Inc\stm32h7xx_ll_adc.h:6943:12
	ldr	r2, [r1, #8]
.Ltmp1071:
	@DEBUG_VALUE: LL_ADC_IsEnabled:ADCx <- 1073881344
	.loc	8 6943 12 is_stmt 0             @ ../Drivers/STM32H7xx_HAL_Driver/Inc\stm32h7xx_ll_adc.h:6943:12
	ldr.w	r1, [r1, #264]
.Ltmp1072:
	.loc	7 3047 13 is_stmt 1             @ ../Drivers/STM32H7xx_HAL_Driver/Src/stm32h7xx_hal_adc.c:3047:13
	orrs	r1, r2
.Ltmp1073:
	@DEBUG_VALUE: HAL_ADC_ConfigChannel:tmp_config_internal_channel <- undef
	.loc	7 3047 13 is_stmt 0             @ ../Drivers/STM32H7xx_HAL_Driver/Src/stm32h7xx_hal_adc.c:3047:13
	lsls	r1, r1, #31
	bne	.LBB25_47
.Ltmp1074:
.LBB25_41:
	@DEBUG_VALUE: HAL_ADC_ConfigChannel:sConfig <- [DW_OP_LLVM_entry_value 1] $r1
	@DEBUG_VALUE: HAL_ADC_ConfigChannel:wait_loop_index <- [DW_OP_deref] $sp
	@DEBUG_VALUE: HAL_ADC_ConfigChannel:tmp_hal_status <- 0
	@DEBUG_VALUE: HAL_ADC_ConfigChannel:hadc <- $r0
	.loc	7 0 13                          @ ../Drivers/STM32H7xx_HAL_Driver/Src/stm32h7xx_hal_adc.c:0:13
	movs	r1, #0
	and	r4, r3, #29360128
.Ltmp1075:
	@DEBUG_VALUE: HAL_ADC_ConfigChannel:tmp_config_internal_channel <- $r4
	movt	r1, #52100
.Ltmp1076:
	.loc	7 3051 60 is_stmt 1             @ ../Drivers/STM32H7xx_HAL_Driver/Src/stm32h7xx_hal_adc.c:3051:60
	cmp	lr, r1
	it	eq
	andseq	r1, r3, #8388608
	beq	.LBB25_59
.Ltmp1077:
@ %bb.42:
	@DEBUG_VALUE: HAL_ADC_ConfigChannel:tmp_config_internal_channel <- $r4
	@DEBUG_VALUE: HAL_ADC_ConfigChannel:sConfig <- [DW_OP_LLVM_entry_value 1] $r1
	@DEBUG_VALUE: HAL_ADC_ConfigChannel:wait_loop_index <- [DW_OP_deref] $sp
	@DEBUG_VALUE: HAL_ADC_ConfigChannel:tmp_hal_status <- 0
	@DEBUG_VALUE: HAL_ADC_ConfigChannel:hadc <- $r0
	.loc	7 0 60 is_stmt 0                @ ../Drivers/STM32H7xx_HAL_Driver/Src/stm32h7xx_hal_adc.c:0:60
	movs	r1, #0
	movt	r1, #51026
.Ltmp1078:
	.loc	7 3069 59 is_stmt 1             @ ../Drivers/STM32H7xx_HAL_Driver/Src/stm32h7xx_hal_adc.c:3069:59
	cmp	lr, r1
	bne.w	.LBB25_65
.Ltmp1079:
@ %bb.43:
	@DEBUG_VALUE: HAL_ADC_ConfigChannel:tmp_config_internal_channel <- $r4
	@DEBUG_VALUE: HAL_ADC_ConfigChannel:sConfig <- [DW_OP_LLVM_entry_value 1] $r1
	@DEBUG_VALUE: HAL_ADC_ConfigChannel:wait_loop_index <- [DW_OP_deref] $sp
	@DEBUG_VALUE: HAL_ADC_ConfigChannel:tmp_hal_status <- 0
	@DEBUG_VALUE: HAL_ADC_ConfigChannel:hadc <- $r0
	.loc	7 0 59 is_stmt 0                @ ../Drivers/STM32H7xx_HAL_Driver/Src/stm32h7xx_hal_adc.c:0:59
	movs	r1, #0
	.loc	7 3069 59                       @ ../Drivers/STM32H7xx_HAL_Driver/Src/stm32h7xx_hal_adc.c:3069:59
	cmp.w	r1, r4, lsr #24
	bne.w	.LBB25_65
.Ltmp1080:
@ %bb.44:
	@DEBUG_VALUE: HAL_ADC_ConfigChannel:tmp_config_internal_channel <- $r4
	@DEBUG_VALUE: HAL_ADC_ConfigChannel:sConfig <- [DW_OP_LLVM_entry_value 1] $r1
	@DEBUG_VALUE: HAL_ADC_ConfigChannel:wait_loop_index <- [DW_OP_deref] $sp
	@DEBUG_VALUE: HAL_ADC_ConfigChannel:tmp_hal_status <- 0
	@DEBUG_VALUE: HAL_ADC_ConfigChannel:hadc <- $r0
	.loc	7 3071 17 is_stmt 1             @ ../Drivers/STM32H7xx_HAL_Driver/Src/stm32h7xx_hal_adc.c:3071:17
	sub.w	r1, r12, #776
.Ltmp1081:
	.loc	7 3071 17 is_stmt 0             @ ../Drivers/STM32H7xx_HAL_Driver/Src/stm32h7xx_hal_adc.c:3071:17
	cmp	r7, r1
	bne	.LBB25_38
.Ltmp1082:
@ %bb.45:
	@DEBUG_VALUE: HAL_ADC_ConfigChannel:tmp_config_internal_channel <- $r4
	@DEBUG_VALUE: HAL_ADC_ConfigChannel:sConfig <- [DW_OP_LLVM_entry_value 1] $r1
	@DEBUG_VALUE: HAL_ADC_ConfigChannel:wait_loop_index <- [DW_OP_deref] $sp
	@DEBUG_VALUE: HAL_ADC_ConfigChannel:tmp_hal_status <- 0
	@DEBUG_VALUE: HAL_ADC_ConfigChannel:hadc <- $r0
	@DEBUG_VALUE: LL_ADC_SetCommonPathInternalCh:ADCxy_COMMON <- 1476551424
	@DEBUG_VALUE: LL_ADC_SetCommonPathInternalCh:PathInternal <- [DW_OP_constu 16777216, DW_OP_or, DW_OP_stack_value] $r4
	.loc	8 2733 3 is_stmt 1              @ ../Drivers/STM32H7xx_HAL_Driver/Inc\stm32h7xx_ll_adc.h:2733:3
	ldr.w	r1, [r12]
	bic	r1, r1, #29360128
	orrs	r1, r4
	orr	r1, r1, #16777216
	b	.LBB25_68
.Ltmp1083:
	.loc	8 0 3 is_stmt 0                 @ :0:3
.Ltmp1084:
	.p2align	2
.LBB25_46:
	@DEBUG_VALUE: HAL_ADC_ConfigChannel:sConfig <- [DW_OP_LLVM_entry_value 1] $r1
	@DEBUG_VALUE: HAL_ADC_ConfigChannel:wait_loop_index <- [DW_OP_deref] $sp
	@DEBUG_VALUE: HAL_ADC_ConfigChannel:tmp_hal_status <- 0
	@DEBUG_VALUE: HAL_ADC_ConfigChannel:hadc <- $r0
	movw	r1, #64768
	movt	r1, #65535
.Ltmp1085:
	@DEBUG_VALUE: LL_ADC_IsEnabled:ADCx <- 1476550656
	.loc	8 6943 12 is_stmt 1             @ ../Drivers/STM32H7xx_HAL_Driver/Inc\stm32h7xx_ll_adc.h:6943:12
	ldr.w	r1, [r12, r1]
.Ltmp1086:
	@DEBUG_VALUE: HAL_ADC_ConfigChannel:tmp_config_internal_channel <- undef
	.loc	7 3047 13                       @ ../Drivers/STM32H7xx_HAL_Driver/Src/stm32h7xx_hal_adc.c:3047:13
	lsls	r1, r1, #31
	beq	.LBB25_41
.Ltmp1087:
.LBB25_47:
	@DEBUG_VALUE: HAL_ADC_ConfigChannel:wait_loop_index <- [DW_OP_deref] $sp
	@DEBUG_VALUE: HAL_ADC_ConfigChannel:tmp_hal_status <- 0
	@DEBUG_VALUE: HAL_ADC_ConfigChannel:hadc <- $r0
	.loc	7 0 0 is_stmt 0                 @ ../Drivers/STM32H7xx_HAL_Driver/Src/stm32h7xx_hal_adc.c:0:0
	ldr	r1, [r0, #84]
	orr	r1, r1, #32
	str	r1, [r0, #84]
	movs	r1, #1
.Ltmp1088:
	@DEBUG_VALUE: HAL_ADC_ConfigChannel:tmp_hal_status <- 1
.LBB25_48:
	@DEBUG_VALUE: HAL_ADC_ConfigChannel:hadc <- $r0
	@DEBUG_VALUE: HAL_ADC_ConfigChannel:tmp_hal_status <- $r1
	movs	r2, #0
.Ltmp1089:
	.loc	7 3114 3 is_stmt 1              @ ../Drivers/STM32H7xx_HAL_Driver/Src/stm32h7xx_hal_adc.c:3114:3
	strb.w	r2, [r0, #80]
.Ltmp1090:
	.loc	7 3118 1                        @ ../Drivers/STM32H7xx_HAL_Driver/Src/stm32h7xx_hal_adc.c:3118:1
	mov	r0, r1
.Ltmp1091:
	@DEBUG_VALUE: HAL_ADC_ConfigChannel:hadc <- [DW_OP_LLVM_entry_value 1] $r0
	.loc	7 3118 1 epilogue_begin is_stmt 0 @ ../Drivers/STM32H7xx_HAL_Driver/Src/stm32h7xx_hal_adc.c:3118:1
	add	sp, #4
	pop	{r4, r5, r6, r7, pc}
.Ltmp1092:
	.loc	7 0 1                           @ :0:1
.Ltmp1093:
	.p2align	2
.LBB25_49:
	@DEBUG_VALUE: HAL_ADC_ConfigChannel:sConfig <- [DW_OP_LLVM_entry_value 1] $r1
	@DEBUG_VALUE: HAL_ADC_ConfigChannel:wait_loop_index <- [DW_OP_deref] $sp
	@DEBUG_VALUE: HAL_ADC_ConfigChannel:tmp_hal_status <- 0
	@DEBUG_VALUE: HAL_ADC_ConfigChannel:hadc <- $r0
	movw	r1, #2047
	movt	r1, #11824
.Ltmp1094:
	.loc	7 3030 55 is_stmt 1             @ ../Drivers/STM32H7xx_HAL_Driver/Src/stm32h7xx_hal_adc.c:3030:55
	cmp	lr, r1
	bgt.w	.LBB25_69
.Ltmp1095:
.LBB25_50:
	@DEBUG_VALUE: HAL_ADC_ConfigChannel:sConfig <- [DW_OP_LLVM_entry_value 1] $r1
	@DEBUG_VALUE: HAL_ADC_ConfigChannel:wait_loop_index <- [DW_OP_deref] $sp
	@DEBUG_VALUE: HAL_ADC_ConfigChannel:tmp_hal_status <- 0
	@DEBUG_VALUE: HAL_ADC_ConfigChannel:hadc <- $r0
	.loc	7 0 55 is_stmt 0                @ ../Drivers/STM32H7xx_HAL_Driver/Src/stm32h7xx_hal_adc.c:0:55
	movs	r1, #32
	movt	r1, #5360
	.loc	7 3030 55                       @ ../Drivers/STM32H7xx_HAL_Driver/Src/stm32h7xx_hal_adc.c:3030:55
	cmp	lr, r1
	beq.w	.LBB25_74
.Ltmp1096:
@ %bb.51:
	@DEBUG_VALUE: HAL_ADC_ConfigChannel:sConfig <- [DW_OP_LLVM_entry_value 1] $r1
	@DEBUG_VALUE: HAL_ADC_ConfigChannel:wait_loop_index <- [DW_OP_deref] $sp
	@DEBUG_VALUE: HAL_ADC_ConfigChannel:tmp_hal_status <- 0
	@DEBUG_VALUE: HAL_ADC_ConfigChannel:hadc <- $r0
	.loc	7 0 55                          @ ../Drivers/STM32H7xx_HAL_Driver/Src/stm32h7xx_hal_adc.c:0:55
	movw	r1, #1024
	movt	r1, #10752
	.loc	7 3030 55                       @ ../Drivers/STM32H7xx_HAL_Driver/Src/stm32h7xx_hal_adc.c:3030:55
	cmp	lr, r1
	bne.w	.LBB25_75
.Ltmp1097:
@ %bb.52:
	@DEBUG_VALUE: HAL_ADC_ConfigChannel:sConfig <- [DW_OP_LLVM_entry_value 1] $r1
	@DEBUG_VALUE: HAL_ADC_ConfigChannel:wait_loop_index <- [DW_OP_deref] $sp
	@DEBUG_VALUE: HAL_ADC_ConfigChannel:tmp_hal_status <- 0
	@DEBUG_VALUE: HAL_ADC_ConfigChannel:hadc <- $r0
	.loc	7 0 55                          @ ../Drivers/STM32H7xx_HAL_Driver/Src/stm32h7xx_hal_adc.c:0:55
	movw	r3, #2048
	movt	r3, #11824
	.loc	7 3030 9                        @ ../Drivers/STM32H7xx_HAL_Driver/Src/stm32h7xx_hal_adc.c:3030:9
	b	.LBB25_36
.Ltmp1098:
	.loc	7 0 9                           @ :0:9
.Ltmp1099:
	.p2align	2
.LBB25_53:
	@DEBUG_VALUE: HAL_ADC_ConfigChannel:sConfig <- [DW_OP_LLVM_entry_value 1] $r1
	@DEBUG_VALUE: HAL_ADC_ConfigChannel:wait_loop_index <- [DW_OP_deref] $sp
	@DEBUG_VALUE: HAL_ADC_ConfigChannel:tmp_hal_status <- 0
	@DEBUG_VALUE: HAL_ADC_ConfigChannel:hadc <- $r0
	movs	r1, #7
	movt	r1, #3216
	.loc	7 3030 55                       @ ../Drivers/STM32H7xx_HAL_Driver/Src/stm32h7xx_hal_adc.c:3030:55
	cmp	lr, r1
	bgt	.LBB25_56
.Ltmp1100:
@ %bb.54:
	@DEBUG_VALUE: HAL_ADC_ConfigChannel:sConfig <- [DW_OP_LLVM_entry_value 1] $r1
	@DEBUG_VALUE: HAL_ADC_ConfigChannel:wait_loop_index <- [DW_OP_deref] $sp
	@DEBUG_VALUE: HAL_ADC_ConfigChannel:tmp_hal_status <- 0
	@DEBUG_VALUE: HAL_ADC_ConfigChannel:hadc <- $r0
	.loc	7 0 55                          @ ../Drivers/STM32H7xx_HAL_Driver/Src/stm32h7xx_hal_adc.c:0:55
	movs	r1, #2
	movt	r1, #1072
	.loc	7 3030 55                       @ ../Drivers/STM32H7xx_HAL_Driver/Src/stm32h7xx_hal_adc.c:3030:55
	cmp	lr, r1
	bne.w	.LBB25_33
.Ltmp1101:
.LBB25_55:
	@DEBUG_VALUE: HAL_ADC_ConfigChannel:sConfig <- [DW_OP_LLVM_entry_value 1] $r1
	@DEBUG_VALUE: HAL_ADC_ConfigChannel:wait_loop_index <- [DW_OP_deref] $sp
	@DEBUG_VALUE: HAL_ADC_ConfigChannel:tmp_hal_status <- 0
	@DEBUG_VALUE: HAL_ADC_ConfigChannel:hadc <- $r0
	.loc	7 0 55                          @ ../Drivers/STM32H7xx_HAL_Driver/Src/stm32h7xx_hal_adc.c:0:55
	movs	r3, #1
	.loc	7 3030 55                       @ ../Drivers/STM32H7xx_HAL_Driver/Src/stm32h7xx_hal_adc.c:3030:55
	b	.LBB25_36
.Ltmp1102:
	.loc	7 0 55                          @ :0:55
.Ltmp1103:
	.p2align	2
.LBB25_56:
	@DEBUG_VALUE: HAL_ADC_ConfigChannel:sConfig <- [DW_OP_LLVM_entry_value 1] $r1
	@DEBUG_VALUE: HAL_ADC_ConfigChannel:wait_loop_index <- [DW_OP_deref] $sp
	@DEBUG_VALUE: HAL_ADC_ConfigChannel:tmp_hal_status <- 0
	@DEBUG_VALUE: HAL_ADC_ConfigChannel:hadc <- $r0
	movs	r1, #8
	movt	r1, #3216
	.loc	7 3030 55                       @ ../Drivers/STM32H7xx_HAL_Driver/Src/stm32h7xx_hal_adc.c:3030:55
	cmp	lr, r1
	beq	.LBB25_72
.Ltmp1104:
@ %bb.57:
	@DEBUG_VALUE: HAL_ADC_ConfigChannel:sConfig <- [DW_OP_LLVM_entry_value 1] $r1
	@DEBUG_VALUE: HAL_ADC_ConfigChannel:wait_loop_index <- [DW_OP_deref] $sp
	@DEBUG_VALUE: HAL_ADC_ConfigChannel:tmp_hal_status <- 0
	@DEBUG_VALUE: HAL_ADC_ConfigChannel:hadc <- $r0
	.loc	7 0 55                          @ ../Drivers/STM32H7xx_HAL_Driver/Src/stm32h7xx_hal_adc.c:0:55
	movs	r1, #16
	movt	r1, #4288
	.loc	7 3030 55                       @ ../Drivers/STM32H7xx_HAL_Driver/Src/stm32h7xx_hal_adc.c:3030:55
	cmp	lr, r1
	bne.w	.LBB25_75
.Ltmp1105:
@ %bb.58:
	@DEBUG_VALUE: HAL_ADC_ConfigChannel:sConfig <- [DW_OP_LLVM_entry_value 1] $r1
	@DEBUG_VALUE: HAL_ADC_ConfigChannel:wait_loop_index <- [DW_OP_deref] $sp
	@DEBUG_VALUE: HAL_ADC_ConfigChannel:tmp_hal_status <- 0
	@DEBUG_VALUE: HAL_ADC_ConfigChannel:hadc <- $r0
	.loc	7 0 55                          @ ../Drivers/STM32H7xx_HAL_Driver/Src/stm32h7xx_hal_adc.c:0:55
	movw	r3, #256
	movt	r3, #8576
	.loc	7 3030 9                        @ ../Drivers/STM32H7xx_HAL_Driver/Src/stm32h7xx_hal_adc.c:3030:9
	b	.LBB25_36
.Ltmp1106:
	.loc	7 0 9                           @ :0:9
.Ltmp1107:
	.p2align	2
.LBB25_59:
	@DEBUG_VALUE: HAL_ADC_ConfigChannel:tmp_config_internal_channel <- $r4
	@DEBUG_VALUE: HAL_ADC_ConfigChannel:sConfig <- [DW_OP_LLVM_entry_value 1] $r1
	@DEBUG_VALUE: HAL_ADC_ConfigChannel:wait_loop_index <- [DW_OP_deref] $sp
	@DEBUG_VALUE: HAL_ADC_ConfigChannel:tmp_hal_status <- 0
	@DEBUG_VALUE: HAL_ADC_ConfigChannel:hadc <- $r0
	.loc	7 3053 17 is_stmt 1             @ ../Drivers/STM32H7xx_HAL_Driver/Src/stm32h7xx_hal_adc.c:3053:17
	sub.w	r1, r12, #776
.Ltmp1108:
	.loc	7 3053 17 is_stmt 0             @ ../Drivers/STM32H7xx_HAL_Driver/Src/stm32h7xx_hal_adc.c:3053:17
	cmp	r7, r1
	bne.w	.LBB25_38
.Ltmp1109:
@ %bb.60:
	@DEBUG_VALUE: HAL_ADC_ConfigChannel:tmp_config_internal_channel <- $r4
	@DEBUG_VALUE: HAL_ADC_ConfigChannel:sConfig <- [DW_OP_LLVM_entry_value 1] $r1
	@DEBUG_VALUE: HAL_ADC_ConfigChannel:wait_loop_index <- [DW_OP_deref] $sp
	@DEBUG_VALUE: HAL_ADC_ConfigChannel:tmp_hal_status <- 0
	@DEBUG_VALUE: HAL_ADC_ConfigChannel:hadc <- $r0
	@DEBUG_VALUE: LL_ADC_SetCommonPathInternalCh:ADCxy_COMMON <- 1476551424
	@DEBUG_VALUE: LL_ADC_SetCommonPathInternalCh:PathInternal <- [DW_OP_constu 8388608, DW_OP_or, DW_OP_stack_value] $r4
	.loc	8 2733 3 is_stmt 1              @ ../Drivers/STM32H7xx_HAL_Driver/Inc\stm32h7xx_ll_adc.h:2733:3
	ldr.w	r1, [r12]
	movw	r2, #11619
	bic	r1, r1, #29360128
	movt	r2, #1342
	orrs	r1, r4
	orr	r1, r1, #8388608
	str.w	r1, [r12]
.Ltmp1110:
	.loc	7 3062 79                       @ ../Drivers/STM32H7xx_HAL_Driver/Src/stm32h7xx_hal_adc.c:3062:79
	movw	r1, :lower16:SystemCoreClock
	movt	r1, :upper16:SystemCoreClock
	ldr	r1, [r1]
	.loc	7 3062 95 is_stmt 0             @ ../Drivers/STM32H7xx_HAL_Driver/Src/stm32h7xx_hal_adc.c:3062:95
	lsrs	r1, r1, #6
	umull	r1, r2, r1, r2
	.loc	7 3062 75                       @ ../Drivers/STM32H7xx_HAL_Driver/Src/stm32h7xx_hal_adc.c:3062:75
	lsrs	r1, r2, #6
	movs	r2, #2
	add.w	r1, r2, r1, lsl #1
	.loc	7 3062 31                       @ ../Drivers/STM32H7xx_HAL_Driver/Src/stm32h7xx_hal_adc.c:3062:31
	str	r1, [sp]
	@DEBUG_VALUE: HAL_ADC_ConfigChannel:wait_loop_index <- [DW_OP_deref] $sp
	.loc	7 3063 22 is_stmt 1             @ ../Drivers/STM32H7xx_HAL_Driver/Src/stm32h7xx_hal_adc.c:3063:22
	ldr	r1, [sp]
	.loc	7 3063 15 is_stmt 0             @ ../Drivers/STM32H7xx_HAL_Driver/Src/stm32h7xx_hal_adc.c:3063:15
	cmp	r1, #0
	beq.w	.LBB25_38
.Ltmp1111:
.LBB25_61:                              @ =>This Inner Loop Header: Depth=1
	@DEBUG_VALUE: HAL_ADC_ConfigChannel:tmp_config_internal_channel <- $r4
	@DEBUG_VALUE: HAL_ADC_ConfigChannel:sConfig <- [DW_OP_LLVM_entry_value 1] $r1
	@DEBUG_VALUE: HAL_ADC_ConfigChannel:wait_loop_index <- [DW_OP_deref] $sp
	@DEBUG_VALUE: HAL_ADC_ConfigChannel:tmp_hal_status <- 0
	@DEBUG_VALUE: HAL_ADC_ConfigChannel:hadc <- $r0
	.loc	7 3065 32 is_stmt 1             @ ../Drivers/STM32H7xx_HAL_Driver/Src/stm32h7xx_hal_adc.c:3065:32
	ldr	r1, [sp]
	subs	r1, #1
	str	r1, [sp]
.Ltmp1112:
	.loc	7 3063 22                       @ ../Drivers/STM32H7xx_HAL_Driver/Src/stm32h7xx_hal_adc.c:3063:22
	ldr	r1, [sp]
	.loc	7 3063 15 is_stmt 0             @ ../Drivers/STM32H7xx_HAL_Driver/Src/stm32h7xx_hal_adc.c:3063:15
	cmp	r1, #0
.Ltmp1113:
	@DEBUG_VALUE: HAL_ADC_ConfigChannel:wait_loop_index <- [DW_OP_constu 1, DW_OP_minus, DW_OP_stack_value] undef
	.loc	7 0 15                          @ ../Drivers/STM32H7xx_HAL_Driver/Src/stm32h7xx_hal_adc.c:0:15
	beq.w	.LBB25_38
.Ltmp1114:
@ %bb.62:                               @   in Loop: Header=BB25_61 Depth=1
	@DEBUG_VALUE: HAL_ADC_ConfigChannel:tmp_config_internal_channel <- $r4
	@DEBUG_VALUE: HAL_ADC_ConfigChannel:sConfig <- [DW_OP_LLVM_entry_value 1] $r1
	@DEBUG_VALUE: HAL_ADC_ConfigChannel:tmp_hal_status <- 0
	@DEBUG_VALUE: HAL_ADC_ConfigChannel:hadc <- $r0
	.loc	7 3065 32 is_stmt 1             @ ../Drivers/STM32H7xx_HAL_Driver/Src/stm32h7xx_hal_adc.c:3065:32
	ldr	r1, [sp]
	subs	r1, #1
	str	r1, [sp]
.Ltmp1115:
	.loc	7 3063 22                       @ ../Drivers/STM32H7xx_HAL_Driver/Src/stm32h7xx_hal_adc.c:3063:22
	ldr	r1, [sp]
	.loc	7 3063 15 is_stmt 0             @ ../Drivers/STM32H7xx_HAL_Driver/Src/stm32h7xx_hal_adc.c:3063:15
	cmp	r1, #0
.Ltmp1116:
	@DEBUG_VALUE: HAL_ADC_ConfigChannel:wait_loop_index <- [DW_OP_constu 1, DW_OP_minus, DW_OP_stack_value] undef
	.loc	7 0 15                          @ ../Drivers/STM32H7xx_HAL_Driver/Src/stm32h7xx_hal_adc.c:0:15
	beq.w	.LBB25_38
.Ltmp1117:
@ %bb.63:                               @   in Loop: Header=BB25_61 Depth=1
	@DEBUG_VALUE: HAL_ADC_ConfigChannel:tmp_config_internal_channel <- $r4
	@DEBUG_VALUE: HAL_ADC_ConfigChannel:sConfig <- [DW_OP_LLVM_entry_value 1] $r1
	@DEBUG_VALUE: HAL_ADC_ConfigChannel:tmp_hal_status <- 0
	@DEBUG_VALUE: HAL_ADC_ConfigChannel:hadc <- $r0
	.loc	7 3065 32 is_stmt 1             @ ../Drivers/STM32H7xx_HAL_Driver/Src/stm32h7xx_hal_adc.c:3065:32
	ldr	r1, [sp]
	subs	r1, #1
	str	r1, [sp]
.Ltmp1118:
	.loc	7 3063 22                       @ ../Drivers/STM32H7xx_HAL_Driver/Src/stm32h7xx_hal_adc.c:3063:22
	ldr	r1, [sp]
	.loc	7 3063 15 is_stmt 0             @ ../Drivers/STM32H7xx_HAL_Driver/Src/stm32h7xx_hal_adc.c:3063:15
	cmp	r1, #0
.Ltmp1119:
	@DEBUG_VALUE: HAL_ADC_ConfigChannel:wait_loop_index <- [DW_OP_constu 1, DW_OP_minus, DW_OP_stack_value] undef
	.loc	7 0 15                          @ ../Drivers/STM32H7xx_HAL_Driver/Src/stm32h7xx_hal_adc.c:0:15
	beq.w	.LBB25_38
.Ltmp1120:
@ %bb.64:                               @   in Loop: Header=BB25_61 Depth=1
	@DEBUG_VALUE: HAL_ADC_ConfigChannel:tmp_config_internal_channel <- $r4
	@DEBUG_VALUE: HAL_ADC_ConfigChannel:sConfig <- [DW_OP_LLVM_entry_value 1] $r1
	@DEBUG_VALUE: HAL_ADC_ConfigChannel:tmp_hal_status <- 0
	@DEBUG_VALUE: HAL_ADC_ConfigChannel:hadc <- $r0
	.loc	7 3065 32 is_stmt 1             @ ../Drivers/STM32H7xx_HAL_Driver/Src/stm32h7xx_hal_adc.c:3065:32
	ldr	r1, [sp]
	subs	r1, #1
	str	r1, [sp]
.Ltmp1121:
	@DEBUG_VALUE: HAL_ADC_ConfigChannel:wait_loop_index <- [DW_OP_deref] $sp
	.loc	7 3063 22                       @ ../Drivers/STM32H7xx_HAL_Driver/Src/stm32h7xx_hal_adc.c:3063:22
	ldr	r1, [sp]
	.loc	7 3063 15 is_stmt 0             @ ../Drivers/STM32H7xx_HAL_Driver/Src/stm32h7xx_hal_adc.c:3063:15
	cmp	r1, #0
	mov.w	r1, #0
	bne	.LBB25_61
	b	.LBB25_48
.Ltmp1122:
	.loc	7 0 15                          @ :0:15
.Ltmp1123:
	.p2align	2
.LBB25_65:
	@DEBUG_VALUE: HAL_ADC_ConfigChannel:tmp_config_internal_channel <- $r4
	@DEBUG_VALUE: HAL_ADC_ConfigChannel:sConfig <- [DW_OP_LLVM_entry_value 1] $r1
	@DEBUG_VALUE: HAL_ADC_ConfigChannel:wait_loop_index <- [DW_OP_deref] $sp
	@DEBUG_VALUE: HAL_ADC_ConfigChannel:tmp_hal_status <- 0
	@DEBUG_VALUE: HAL_ADC_ConfigChannel:hadc <- $r0
	sub.w	r1, r12, #776
.Ltmp1124:
	.loc	7 3076 62 is_stmt 1             @ ../Drivers/STM32H7xx_HAL_Driver/Src/stm32h7xx_hal_adc.c:3076:62
	cmp	r7, r1
	mov.w	r1, #0
	bne.w	.LBB25_48
.Ltmp1125:
@ %bb.66:
	@DEBUG_VALUE: HAL_ADC_ConfigChannel:tmp_config_internal_channel <- $r4
	@DEBUG_VALUE: HAL_ADC_ConfigChannel:sConfig <- [DW_OP_LLVM_entry_value 1] $r1
	@DEBUG_VALUE: HAL_ADC_ConfigChannel:wait_loop_index <- [DW_OP_deref] $sp
	@DEBUG_VALUE: HAL_ADC_ConfigChannel:tmp_hal_status <- 0
	@DEBUG_VALUE: HAL_ADC_ConfigChannel:hadc <- $r0
	.loc	7 0 62 is_stmt 0                @ ../Drivers/STM32H7xx_HAL_Driver/Src/stm32h7xx_hal_adc.c:0:62
	movs	r2, #0
	movt	r2, #53176
	.loc	7 3076 62                       @ ../Drivers/STM32H7xx_HAL_Driver/Src/stm32h7xx_hal_adc.c:3076:62
	cmp	lr, r2
	it	eq
	andseq	r2, r3, #4194304
	bne.w	.LBB25_48
.Ltmp1126:
@ %bb.67:
	@DEBUG_VALUE: HAL_ADC_ConfigChannel:tmp_config_internal_channel <- $r4
	@DEBUG_VALUE: HAL_ADC_ConfigChannel:sConfig <- [DW_OP_LLVM_entry_value 1] $r1
	@DEBUG_VALUE: HAL_ADC_ConfigChannel:wait_loop_index <- [DW_OP_deref] $sp
	@DEBUG_VALUE: HAL_ADC_ConfigChannel:tmp_hal_status <- 0
	@DEBUG_VALUE: HAL_ADC_ConfigChannel:hadc <- $r0
	@DEBUG_VALUE: LL_ADC_SetCommonPathInternalCh:ADCxy_COMMON <- 1476551424
	@DEBUG_VALUE: LL_ADC_SetCommonPathInternalCh:PathInternal <- [DW_OP_constu 4194304, DW_OP_or, DW_OP_stack_value] $r4
	.loc	8 2733 3 is_stmt 1              @ ../Drivers/STM32H7xx_HAL_Driver/Inc\stm32h7xx_ll_adc.h:2733:3
	ldr.w	r1, [r12]
	bic	r1, r1, #29360128
	orrs	r1, r4
	orr	r1, r1, #4194304
.Ltmp1127:
.LBB25_68:
	@DEBUG_VALUE: HAL_ADC_ConfigChannel:tmp_config_internal_channel <- $r4
	@DEBUG_VALUE: HAL_ADC_ConfigChannel:sConfig <- [DW_OP_LLVM_entry_value 1] $r1
	@DEBUG_VALUE: HAL_ADC_ConfigChannel:wait_loop_index <- [DW_OP_deref] $sp
	@DEBUG_VALUE: HAL_ADC_ConfigChannel:tmp_hal_status <- 0
	@DEBUG_VALUE: HAL_ADC_ConfigChannel:hadc <- $r0
	.loc	8 2733 3 is_stmt 0              @ ../Drivers/STM32H7xx_HAL_Driver/Inc\stm32h7xx_ll_adc.h:2733:3
	str.w	r1, [r12]
	movs	r1, #0
.Ltmp1128:
	.loc	7 3074 13 is_stmt 1             @ ../Drivers/STM32H7xx_HAL_Driver/Src/stm32h7xx_hal_adc.c:3074:13
	b	.LBB25_48
.Ltmp1129:
	.loc	7 0 13 is_stmt 0                @ :0:13
.Ltmp1130:
	.p2align	2
.LBB25_69:
	@DEBUG_VALUE: HAL_ADC_ConfigChannel:sConfig <- [DW_OP_LLVM_entry_value 1] $r1
	@DEBUG_VALUE: HAL_ADC_ConfigChannel:wait_loop_index <- [DW_OP_deref] $sp
	@DEBUG_VALUE: HAL_ADC_ConfigChannel:tmp_hal_status <- 0
	@DEBUG_VALUE: HAL_ADC_ConfigChannel:hadc <- $r0
	movw	r1, #2048
	movt	r1, #11824
.Ltmp1131:
	.loc	7 3030 55 is_stmt 1             @ ../Drivers/STM32H7xx_HAL_Driver/Src/stm32h7xx_hal_adc.c:3030:55
	cmp	lr, r1
	beq	.LBB25_73
.Ltmp1132:
@ %bb.70:
	@DEBUG_VALUE: HAL_ADC_ConfigChannel:sConfig <- [DW_OP_LLVM_entry_value 1] $r1
	@DEBUG_VALUE: HAL_ADC_ConfigChannel:wait_loop_index <- [DW_OP_deref] $sp
	@DEBUG_VALUE: HAL_ADC_ConfigChannel:tmp_hal_status <- 0
	@DEBUG_VALUE: HAL_ADC_ConfigChannel:hadc <- $r0
	.loc	7 0 55 is_stmt 0                @ ../Drivers/STM32H7xx_HAL_Driver/Src/stm32h7xx_hal_adc.c:0:55
	movw	r1, #4096
	movt	r1, #12896
	.loc	7 3030 55                       @ ../Drivers/STM32H7xx_HAL_Driver/Src/stm32h7xx_hal_adc.c:3030:55
	cmp	lr, r1
	bne	.LBB25_75
.Ltmp1133:
.LBB25_71:
	@DEBUG_VALUE: HAL_ADC_ConfigChannel:sConfig <- [DW_OP_LLVM_entry_value 1] $r1
	@DEBUG_VALUE: HAL_ADC_ConfigChannel:wait_loop_index <- [DW_OP_deref] $sp
	@DEBUG_VALUE: HAL_ADC_ConfigChannel:tmp_hal_status <- 0
	@DEBUG_VALUE: HAL_ADC_ConfigChannel:hadc <- $r0
	.loc	7 0 55                          @ ../Drivers/STM32H7xx_HAL_Driver/Src/stm32h7xx_hal_adc.c:0:55
	movw	r3, #8192
	movt	r3, #13968
	b	.LBB25_36
.Ltmp1134:
	.p2align	2
.LBB25_72:
	@DEBUG_VALUE: HAL_ADC_ConfigChannel:sConfig <- [DW_OP_LLVM_entry_value 1] $r1
	@DEBUG_VALUE: HAL_ADC_ConfigChannel:wait_loop_index <- [DW_OP_deref] $sp
	@DEBUG_VALUE: HAL_ADC_ConfigChannel:tmp_hal_status <- 0
	@DEBUG_VALUE: HAL_ADC_ConfigChannel:hadc <- $r0
	movs	r3, #128
	movt	r3, #7504
	.loc	7 3030 9                        @ ../Drivers/STM32H7xx_HAL_Driver/Src/stm32h7xx_hal_adc.c:3030:9
	b	.LBB25_36
.Ltmp1135:
	.loc	7 0 9                           @ :0:9
.Ltmp1136:
	.p2align	2
.LBB25_73:
	@DEBUG_VALUE: HAL_ADC_ConfigChannel:sConfig <- [DW_OP_LLVM_entry_value 1] $r1
	@DEBUG_VALUE: HAL_ADC_ConfigChannel:wait_loop_index <- [DW_OP_deref] $sp
	@DEBUG_VALUE: HAL_ADC_ConfigChannel:tmp_hal_status <- 0
	@DEBUG_VALUE: HAL_ADC_ConfigChannel:hadc <- $r0
	movw	r3, #4096
	movt	r3, #12896
	b	.LBB25_36
.Ltmp1137:
	.p2align	2
.LBB25_74:
	@DEBUG_VALUE: HAL_ADC_ConfigChannel:sConfig <- [DW_OP_LLVM_entry_value 1] $r1
	@DEBUG_VALUE: HAL_ADC_ConfigChannel:wait_loop_index <- [DW_OP_deref] $sp
	@DEBUG_VALUE: HAL_ADC_ConfigChannel:tmp_hal_status <- 0
	@DEBUG_VALUE: HAL_ADC_ConfigChannel:hadc <- $r0
	movw	r3, #512
	movt	r3, #9648
	.loc	7 3030 9                        @ ../Drivers/STM32H7xx_HAL_Driver/Src/stm32h7xx_hal_adc.c:3030:9
	b	.LBB25_36
.Ltmp1138:
	.loc	7 0 9                           @ :0:9
.Ltmp1139:
	.p2align	2
.LBB25_75:
	@DEBUG_VALUE: HAL_ADC_ConfigChannel:sConfig <- [DW_OP_LLVM_entry_value 1] $r1
	@DEBUG_VALUE: HAL_ADC_ConfigChannel:wait_loop_index <- [DW_OP_deref] $sp
	@DEBUG_VALUE: HAL_ADC_ConfigChannel:tmp_hal_status <- 0
	@DEBUG_VALUE: HAL_ADC_ConfigChannel:hadc <- $r0
	movs	r1, #0
	movs	r3, #0
	movt	r1, #19332
	.loc	7 3030 55                       @ ../Drivers/STM32H7xx_HAL_Driver/Src/stm32h7xx_hal_adc.c:3030:55
	cmp	lr, r1
	itt	eq
	moveq	r3, #0
	movteq	r3, #20408
	b	.LBB25_36
.Ltmp1140:
.Lfunc_end25:
	.size	HAL_ADC_ConfigChannel, .Lfunc_end25-HAL_ADC_ConfigChannel
	.cfi_endproc
	.cantunwind
	.fnend
                                        @ -- End function
	.section	.text.HAL_ADC_AnalogWDGConfig,"ax",%progbits
	.hidden	HAL_ADC_AnalogWDGConfig         @ -- Begin function HAL_ADC_AnalogWDGConfig
	.globl	HAL_ADC_AnalogWDGConfig
	.p2align	3
	.type	HAL_ADC_AnalogWDGConfig,%function
	.code	16                              @ @HAL_ADC_AnalogWDGConfig
	.thumb_func
HAL_ADC_AnalogWDGConfig:
.Lfunc_begin26:
	.fnstart
	.cfi_startproc
@ %bb.0:
	@DEBUG_VALUE: HAL_ADC_AnalogWDGConfig:hadc <- $r0
	@DEBUG_VALUE: HAL_ADC_AnalogWDGConfig:AnalogWDGConfig <- $r1
	@DEBUG_VALUE: HAL_ADC_AnalogWDGConfig:tmp_hal_status <- 0
	.loc	7 3196 3 prologue_end is_stmt 1 @ ../Drivers/STM32H7xx_HAL_Driver/Src/stm32h7xx_hal_adc.c:3196:3
	ldrb.w	r2, [r0, #80]
.Ltmp1141:
	.loc	7 3196 3 is_stmt 0              @ ../Drivers/STM32H7xx_HAL_Driver/Src/stm32h7xx_hal_adc.c:3196:3
	cmp	r2, #1
	bne	.LBB26_2
.Ltmp1142:
@ %bb.1:
	@DEBUG_VALUE: HAL_ADC_AnalogWDGConfig:tmp_hal_status <- 0
	@DEBUG_VALUE: HAL_ADC_AnalogWDGConfig:AnalogWDGConfig <- $r1
	@DEBUG_VALUE: HAL_ADC_AnalogWDGConfig:hadc <- $r0
	.loc	7 0 3                           @ ../Drivers/STM32H7xx_HAL_Driver/Src/stm32h7xx_hal_adc.c:0:3
	movs	r0, #2
.Ltmp1143:
	@DEBUG_VALUE: HAL_ADC_AnalogWDGConfig:hadc <- [DW_OP_LLVM_entry_value 1] $r0
	.loc	7 3464 1 is_stmt 1              @ ../Drivers/STM32H7xx_HAL_Driver/Src/stm32h7xx_hal_adc.c:3464:1
	bx	lr
.Ltmp1144:
	.loc	7 0 1 is_stmt 0                 @ :0:1
.Ltmp1145:
	.p2align	2
.LBB26_2:
	@DEBUG_VALUE: HAL_ADC_AnalogWDGConfig:tmp_hal_status <- 0
	@DEBUG_VALUE: HAL_ADC_AnalogWDGConfig:AnalogWDGConfig <- $r1
	@DEBUG_VALUE: HAL_ADC_AnalogWDGConfig:hadc <- $r0
	.save	{r4, r5, r6, r7, lr}
	push	{r4, r5, r6, r7, lr}
	.cfi_def_cfa_offset 20
	.cfi_offset lr, -4
	.cfi_offset r7, -8
	.cfi_offset r6, -12
	.cfi_offset r5, -16
	.cfi_offset r4, -20
	.loc	7 3203 81 is_stmt 1             @ ../Drivers/STM32H7xx_HAL_Driver/Src/stm32h7xx_hal_adc.c:3203:81
	ldr	r2, [r0]
	movs	r3, #1
.Ltmp1146:
	.loc	7 3196 3                        @ ../Drivers/STM32H7xx_HAL_Driver/Src/stm32h7xx_hal_adc.c:3196:3
	strb.w	r3, [r0, #80]
.Ltmp1147:
	@DEBUG_VALUE: LL_ADC_REG_IsConversionOngoing:ADCx <- $r2
	.loc	8 7075 12                       @ ../Drivers/STM32H7xx_HAL_Driver/Inc\stm32h7xx_ll_adc.h:7075:12
	ldr	r3, [r2, #8]
.Ltmp1148:
	@DEBUG_VALUE: LL_ADC_INJ_IsConversionOngoing:ADCx <- $r2
	@DEBUG_VALUE: HAL_ADC_AnalogWDGConfig:tmp_adc_is_conversion_on_going_regular <- [DW_OP_constu 2, DW_OP_shr, DW_OP_constu 1, DW_OP_and, DW_OP_stack_value] $r3
	.loc	8 7270 12                       @ ../Drivers/STM32H7xx_HAL_Driver/Inc\stm32h7xx_ll_adc.h:7270:12
	ldr	r5, [r2, #8]
.Ltmp1149:
	@DEBUG_VALUE: HAL_ADC_AnalogWDGConfig:tmp_adc_is_conversion_on_going_injected <- [DW_OP_constu 3, DW_OP_shr, DW_OP_constu 1, DW_OP_and, DW_OP_stack_value] $r5
	.loc	7 3205 47                       @ ../Drivers/STM32H7xx_HAL_Driver/Src/stm32h7xx_hal_adc.c:3205:47
	and	r3, r3, #4
.Ltmp1150:
	.loc	7 0 47 is_stmt 0                @ ../Drivers/STM32H7xx_HAL_Driver/Src/stm32h7xx_hal_adc.c:0:47
	and	r5, r5, #8
.Ltmp1151:
	.loc	7 3205 47                       @ ../Drivers/STM32H7xx_HAL_Driver/Src/stm32h7xx_hal_adc.c:3205:47
	adds	r3, r3, r5
	.loc	7 3206 7 is_stmt 1              @ ../Drivers/STM32H7xx_HAL_Driver/Src/stm32h7xx_hal_adc.c:3206:7
	bne	.LBB26_8
.Ltmp1152:
@ %bb.3:
	@DEBUG_VALUE: HAL_ADC_AnalogWDGConfig:tmp_hal_status <- 0
	@DEBUG_VALUE: HAL_ADC_AnalogWDGConfig:AnalogWDGConfig <- $r1
	@DEBUG_VALUE: HAL_ADC_AnalogWDGConfig:hadc <- $r0
	.loc	7 3210 26                       @ ../Drivers/STM32H7xx_HAL_Driver/Src/stm32h7xx_hal_adc.c:3210:26
	ldrd	r3, r5, [r1]
	movs	r4, #0
	.loc	7 0 0 is_stmt 0                 @ ../Drivers/STM32H7xx_HAL_Driver/Src/stm32h7xx_hal_adc.c:0:0
	sub.w	r5, r5, #8388608
	movt	r4, #32192
	movw	lr, #4096
.Ltmp1153:
	.loc	7 3210 9                        @ ../Drivers/STM32H7xx_HAL_Driver/Src/stm32h7xx_hal_adc.c:3210:9
	cmp	r3, r4
	movt	lr, #23552
.Ltmp1154:
	.loc	7 0 0                           @ ../Drivers/STM32H7xx_HAL_Driver/Src/stm32h7xx_hal_adc.c:0:0
	ror.w	r5, r5, #22
.Ltmp1155:
	.loc	7 3210 9                        @ ../Drivers/STM32H7xx_HAL_Driver/Src/stm32h7xx_hal_adc.c:3210:9
	bne	.LBB26_9
.Ltmp1156:
@ %bb.4:
	@DEBUG_VALUE: HAL_ADC_AnalogWDGConfig:tmp_hal_status <- 0
	@DEBUG_VALUE: HAL_ADC_AnalogWDGConfig:AnalogWDGConfig <- $r1
	@DEBUG_VALUE: HAL_ADC_AnalogWDGConfig:hadc <- $r0
	.loc	7 3215 7 is_stmt 1              @ ../Drivers/STM32H7xx_HAL_Driver/Src/stm32h7xx_hal_adc.c:3215:7
	cmp	r5, #5
	bhi.w	.LBB26_19
.Ltmp1157:
@ %bb.5:
	@DEBUG_VALUE: HAL_ADC_AnalogWDGConfig:tmp_hal_status <- 0
	@DEBUG_VALUE: HAL_ADC_AnalogWDGConfig:AnalogWDGConfig <- $r1
	@DEBUG_VALUE: HAL_ADC_AnalogWDGConfig:hadc <- $r0
.LCPI26_0:
	tbb	[pc, r5]
.Ltmp1158:
@ %bb.6:
	.loc	7 0 7 is_stmt 0                 @ ../Drivers/STM32H7xx_HAL_Driver/Src/stm32h7xx_hal_adc.c:0:7
.LJTI26_0:
	.byte	(.LBB26_7-(.LCPI26_0+4))/2
	.byte	(.LBB26_17-(.LCPI26_0+4))/2
	.byte	(.LBB26_15-(.LCPI26_0+4))/2
	.byte	(.LBB26_16-(.LCPI26_0+4))/2
	.byte	(.LBB26_14-(.LCPI26_0+4))/2
	.byte	(.LBB26_18-(.LCPI26_0+4))/2
	.p2align	1
	.p2align	2
.LBB26_7:
.Ltmp1159:
	@DEBUG_VALUE: HAL_ADC_AnalogWDGConfig:tmp_hal_status <- 0
	@DEBUG_VALUE: HAL_ADC_AnalogWDGConfig:AnalogWDGConfig <- $r1
	@DEBUG_VALUE: HAL_ADC_AnalogWDGConfig:hadc <- $r0
	@DEBUG_VALUE: LL_ADC_SetAnalogWDMonitChannels:ADCx <- $r2
	@DEBUG_VALUE: LL_ADC_SetAnalogWDMonitChannels:AWDy <- 2109734912
	@DEBUG_VALUE: LL_ADC_SetAnalogWDMonitChannels:AWDChannelGroup <- 9437183
	@DEBUG_VALUE: LL_ADC_SetAnalogWDMonitChannels:preg <- [DW_OP_plus_uconst 12, DW_OP_stack_value] $r2
	movw	r5, #65535
.Ltmp1160:
	.loc	8 5783 3 is_stmt 1              @ ../Drivers/STM32H7xx_HAL_Driver/Inc\stm32h7xx_ll_adc.h:5783:3
	ldr	r3, [r2, #12]
	movt	r5, #33343
	ands	r3, r5
	add.w	r3, r3, #8388608
	b	.LBB26_20
.Ltmp1161:
	.loc	8 0 3 is_stmt 0                 @ :0:3
.Ltmp1162:
	.p2align	2
.LBB26_8:
	@DEBUG_VALUE: HAL_ADC_AnalogWDGConfig:tmp_hal_status <- 0
	@DEBUG_VALUE: HAL_ADC_AnalogWDGConfig:AnalogWDGConfig <- $r1
	@DEBUG_VALUE: HAL_ADC_AnalogWDGConfig:hadc <- $r0
	.loc	7 3455 5 is_stmt 1              @ ../Drivers/STM32H7xx_HAL_Driver/Src/stm32h7xx_hal_adc.c:3455:5
	ldr	r1, [r0, #84]
.Ltmp1163:
	@DEBUG_VALUE: HAL_ADC_AnalogWDGConfig:AnalogWDGConfig <- [DW_OP_LLVM_entry_value 1] $r1
	orr	r1, r1, #32
	str	r1, [r0, #84]
	movs	r1, #1
.Ltmp1164:
	@DEBUG_VALUE: HAL_ADC_AnalogWDGConfig:tmp_hal_status <- 1
	.loc	7 0 5 is_stmt 0                 @ ../Drivers/STM32H7xx_HAL_Driver/Src/stm32h7xx_hal_adc.c:0:5
	b	.LBB26_50
.Ltmp1165:
	.p2align	2
.LBB26_9:
	@DEBUG_VALUE: HAL_ADC_AnalogWDGConfig:tmp_hal_status <- 0
	@DEBUG_VALUE: HAL_ADC_AnalogWDGConfig:AnalogWDGConfig <- $r1
	@DEBUG_VALUE: HAL_ADC_AnalogWDGConfig:hadc <- $r0
	movw	r12, #65535
.Ltmp1166:
	.loc	7 3298 7 is_stmt 1              @ ../Drivers/STM32H7xx_HAL_Driver/Src/stm32h7xx_hal_adc.c:3298:7
	cmp	r5, #5
	movt	r12, #31
	bhi.w	.LBB26_33
.Ltmp1167:
@ %bb.10:
	@DEBUG_VALUE: HAL_ADC_AnalogWDGConfig:tmp_hal_status <- 0
	@DEBUG_VALUE: HAL_ADC_AnalogWDGConfig:AnalogWDGConfig <- $r1
	@DEBUG_VALUE: HAL_ADC_AnalogWDGConfig:hadc <- $r0
	.loc	7 0 7 is_stmt 0                 @ ../Drivers/STM32H7xx_HAL_Driver/Src/stm32h7xx_hal_adc.c:0:7
	movs	r4, #1
.Ltmp1168:
	sub.w	r6, r12, #1048576
	lsl.w	r5, r4, r5
	tst.w	r5, #21
	ldr	r5, [r1, #8]
	tst	r5, r6
	rbit	r7, r5
	clz	r7, r7
	it	eq
	lsreq	r7, r5, #26
	cmp	r3, r12
	and	r5, r7, #31
	lsl.w	r3, r4, r5
	bne	.LBB26_12
.Ltmp1169:
@ %bb.11:
	@DEBUG_VALUE: HAL_ADC_AnalogWDGConfig:tmp_hal_status <- 0
	@DEBUG_VALUE: HAL_ADC_AnalogWDGConfig:AnalogWDGConfig <- $r1
	@DEBUG_VALUE: HAL_ADC_AnalogWDGConfig:hadc <- $r0
	ldr.w	r4, [r2, #160]
	orrs	r3, r4
	str.w	r3, [r2, #160]
.Ltmp1170:
	.loc	7 3351 36 is_stmt 1             @ ../Drivers/STM32H7xx_HAL_Driver/Src/stm32h7xx_hal_adc.c:3351:36
	ldr.w	r3, [lr]
	and	r3, r3, #-268435456
	cmp.w	r3, #268435456
	beq	.LBB26_13
	b	.LBB26_34
.Ltmp1171:
	.loc	7 0 36 is_stmt 0                @ :0:36
.Ltmp1172:
	.p2align	2
.LBB26_12:
	@DEBUG_VALUE: HAL_ADC_AnalogWDGConfig:tmp_hal_status <- 0
	@DEBUG_VALUE: HAL_ADC_AnalogWDGConfig:AnalogWDGConfig <- $r1
	@DEBUG_VALUE: HAL_ADC_AnalogWDGConfig:hadc <- $r0
	ldr.w	r4, [r2, #164]
	orrs	r3, r4
	str.w	r3, [r2, #164]
.Ltmp1173:
	.loc	7 3351 36                       @ ../Drivers/STM32H7xx_HAL_Driver/Src/stm32h7xx_hal_adc.c:3351:36
	ldr.w	r3, [lr]
	and	r3, r3, #-268435456
	cmp.w	r3, #268435456
	bne.w	.LBB26_34
.Ltmp1174:
.LBB26_13:
	@DEBUG_VALUE: HAL_ADC_AnalogWDGConfig:tmp_hal_status <- 0
	@DEBUG_VALUE: HAL_ADC_AnalogWDGConfig:AnalogWDGConfig <- $r1
	@DEBUG_VALUE: HAL_ADC_AnalogWDGConfig:hadc <- $r0
	ldr	r3, [r1, #16]
	ldr	r4, [r2, #12]
	movs	r5, #14
	and.w	r4, r5, r4, lsr #1
	b	.LBB26_37
.Ltmp1175:
	.loc	7 0 36                          @ :0:36
.Ltmp1176:
	.p2align	2
.LBB26_14:
	@DEBUG_VALUE: HAL_ADC_AnalogWDGConfig:tmp_hal_status <- 0
	@DEBUG_VALUE: HAL_ADC_AnalogWDGConfig:AnalogWDGConfig <- $r1
	@DEBUG_VALUE: HAL_ADC_AnalogWDGConfig:hadc <- $r0
	@DEBUG_VALUE: LL_ADC_SetAnalogWDMonitChannels:ADCx <- $r2
	@DEBUG_VALUE: LL_ADC_SetAnalogWDMonitChannels:AWDy <- 2109734912
	@DEBUG_VALUE: LL_ADC_SetAnalogWDMonitChannels:AWDChannelGroup <- 26214399
	@DEBUG_VALUE: LL_ADC_SetAnalogWDMonitChannels:preg <- [DW_OP_plus_uconst 12, DW_OP_stack_value] $r2
	movw	r5, #65535
.Ltmp1177:
	.loc	8 5783 3 is_stmt 1              @ ../Drivers/STM32H7xx_HAL_Driver/Inc\stm32h7xx_ll_adc.h:5783:3
	ldr	r3, [r2, #12]
	movt	r5, #33343
	ands	r3, r5
	add.w	r3, r3, #25165824
	b	.LBB26_20
.Ltmp1178:
	.loc	8 0 3 is_stmt 0                 @ :0:3
.Ltmp1179:
	.p2align	2
.LBB26_15:
	@DEBUG_VALUE: HAL_ADC_AnalogWDGConfig:tmp_hal_status <- 0
	@DEBUG_VALUE: HAL_ADC_AnalogWDGConfig:AnalogWDGConfig <- $r1
	@DEBUG_VALUE: HAL_ADC_AnalogWDGConfig:hadc <- $r0
	@DEBUG_VALUE: LL_ADC_SetAnalogWDMonitChannels:ADCx <- $r2
	@DEBUG_VALUE: LL_ADC_SetAnalogWDMonitChannels:AWDy <- 2109734912
	@DEBUG_VALUE: LL_ADC_SetAnalogWDMonitChannels:AWDChannelGroup <- 17825791
	@DEBUG_VALUE: LL_ADC_SetAnalogWDMonitChannels:preg <- [DW_OP_plus_uconst 12, DW_OP_stack_value] $r2
	movw	r5, #65535
.Ltmp1180:
	.loc	8 5783 3                        @ ../Drivers/STM32H7xx_HAL_Driver/Inc\stm32h7xx_ll_adc.h:5783:3
	ldr	r3, [r2, #12]
	movt	r5, #33343
	ands	r3, r5
	add.w	r3, r3, #16777216
	b	.LBB26_20
.Ltmp1181:
	.loc	8 0 3                           @ :0:3
.Ltmp1182:
	.p2align	2
.LBB26_16:
	@DEBUG_VALUE: HAL_ADC_AnalogWDGConfig:tmp_hal_status <- 0
	@DEBUG_VALUE: HAL_ADC_AnalogWDGConfig:AnalogWDGConfig <- $r1
	@DEBUG_VALUE: HAL_ADC_AnalogWDGConfig:hadc <- $r0
	movw	r4, #65535
	.loc	7 3223 72 is_stmt 1             @ ../Drivers/STM32H7xx_HAL_Driver/Src/stm32h7xx_hal_adc.c:3223:72
	ldr	r3, [r1, #8]
.Ltmp1183:
	.loc	8 5783 3                        @ ../Drivers/STM32H7xx_HAL_Driver/Inc\stm32h7xx_ll_adc.h:5783:3
	ldr	r5, [r2, #12]
	movt	r4, #33343
.Ltmp1184:
	.loc	7 3223 72                       @ ../Drivers/STM32H7xx_HAL_Driver/Src/stm32h7xx_hal_adc.c:3223:72
	and	r3, r3, #2080374784
.Ltmp1185:
	@DEBUG_VALUE: LL_ADC_SetAnalogWDMonitChannels:preg <- [DW_OP_plus_uconst 12, DW_OP_stack_value] $r2
	@DEBUG_VALUE: LL_ADC_SetAnalogWDMonitChannels:AWDy <- 2109734912
	@DEBUG_VALUE: LL_ADC_SetAnalogWDMonitChannels:ADCx <- $r2
	@DEBUG_VALUE: LL_ADC_SetAnalogWDMonitChannels:AWDChannelGroup <- [DW_OP_constu 20971520, DW_OP_or, DW_OP_stack_value] $r3
	.loc	8 5783 3                        @ ../Drivers/STM32H7xx_HAL_Driver/Inc\stm32h7xx_ll_adc.h:5783:3
	ands	r5, r4
	add	r3, r5
.Ltmp1186:
	add.w	r3, r3, #20971520
	b	.LBB26_20
.Ltmp1187:
	.loc	8 0 3 is_stmt 0                 @ :0:3
.Ltmp1188:
	.p2align	2
.LBB26_17:
	@DEBUG_VALUE: HAL_ADC_AnalogWDGConfig:tmp_hal_status <- 0
	@DEBUG_VALUE: HAL_ADC_AnalogWDGConfig:AnalogWDGConfig <- $r1
	@DEBUG_VALUE: HAL_ADC_AnalogWDGConfig:hadc <- $r0
	movw	r4, #65535
	.loc	7 3218 72 is_stmt 1             @ ../Drivers/STM32H7xx_HAL_Driver/Src/stm32h7xx_hal_adc.c:3218:72
	ldr	r3, [r1, #8]
.Ltmp1189:
	.loc	8 5783 3                        @ ../Drivers/STM32H7xx_HAL_Driver/Inc\stm32h7xx_ll_adc.h:5783:3
	ldr	r5, [r2, #12]
	movt	r4, #33343
.Ltmp1190:
	.loc	7 3218 72                       @ ../Drivers/STM32H7xx_HAL_Driver/Src/stm32h7xx_hal_adc.c:3218:72
	and	r3, r3, #2080374784
.Ltmp1191:
	@DEBUG_VALUE: LL_ADC_SetAnalogWDMonitChannels:preg <- [DW_OP_plus_uconst 12, DW_OP_stack_value] $r2
	@DEBUG_VALUE: LL_ADC_SetAnalogWDMonitChannels:AWDy <- 2109734912
	@DEBUG_VALUE: LL_ADC_SetAnalogWDMonitChannels:ADCx <- $r2
	@DEBUG_VALUE: LL_ADC_SetAnalogWDMonitChannels:AWDChannelGroup <- [DW_OP_constu 12582912, DW_OP_or, DW_OP_stack_value] $r3
	.loc	8 5783 3                        @ ../Drivers/STM32H7xx_HAL_Driver/Inc\stm32h7xx_ll_adc.h:5783:3
	ands	r5, r4
	add	r3, r5
.Ltmp1192:
	add.w	r3, r3, #12582912
	b	.LBB26_20
.Ltmp1193:
	.loc	8 0 3 is_stmt 0                 @ :0:3
.Ltmp1194:
	.p2align	2
.LBB26_18:
	@DEBUG_VALUE: HAL_ADC_AnalogWDGConfig:tmp_hal_status <- 0
	@DEBUG_VALUE: HAL_ADC_AnalogWDGConfig:AnalogWDGConfig <- $r1
	@DEBUG_VALUE: HAL_ADC_AnalogWDGConfig:hadc <- $r0
	movw	r4, #65535
	.loc	7 3228 72 is_stmt 1             @ ../Drivers/STM32H7xx_HAL_Driver/Src/stm32h7xx_hal_adc.c:3228:72
	ldr	r3, [r1, #8]
.Ltmp1195:
	@DEBUG_VALUE: LL_ADC_SetAnalogWDMonitChannels:preg <- [DW_OP_plus_uconst 12, DW_OP_stack_value] $r2
	@DEBUG_VALUE: LL_ADC_SetAnalogWDMonitChannels:AWDy <- 2109734912
	@DEBUG_VALUE: LL_ADC_SetAnalogWDMonitChannels:ADCx <- $r2
	@DEBUG_VALUE: LL_ADC_SetAnalogWDMonitChannels:AWDChannelGroup <- [DW_OP_constu 29360128, DW_OP_or, DW_OP_stack_value] $r3
	.loc	8 5783 3                        @ ../Drivers/STM32H7xx_HAL_Driver/Inc\stm32h7xx_ll_adc.h:5783:3
	ldr	r5, [r2, #12]
	movt	r4, #33343
	ands	r5, r4
	and	r3, r3, #2080374784
.Ltmp1196:
	add	r3, r5
	add.w	r3, r3, #29360128
	b	.LBB26_20
.Ltmp1197:
	.loc	8 0 3 is_stmt 0                 @ :0:3
.Ltmp1198:
	.p2align	2
.LBB26_19:
	@DEBUG_VALUE: HAL_ADC_AnalogWDGConfig:tmp_hal_status <- 0
	@DEBUG_VALUE: HAL_ADC_AnalogWDGConfig:AnalogWDGConfig <- $r1
	@DEBUG_VALUE: HAL_ADC_AnalogWDGConfig:hadc <- $r0
	@DEBUG_VALUE: LL_ADC_SetAnalogWDMonitChannels:ADCx <- $r2
	@DEBUG_VALUE: LL_ADC_SetAnalogWDMonitChannels:AWDy <- 2109734912
	@DEBUG_VALUE: LL_ADC_SetAnalogWDMonitChannels:AWDChannelGroup <- 0
	@DEBUG_VALUE: LL_ADC_SetAnalogWDMonitChannels:preg <- [DW_OP_plus_uconst 12, DW_OP_stack_value] $r2
	movw	r5, #65535
.Ltmp1199:
	.loc	8 5783 3                        @ ../Drivers/STM32H7xx_HAL_Driver/Inc\stm32h7xx_ll_adc.h:5783:3
	ldr	r3, [r2, #12]
	movt	r5, #33343
	ands	r3, r5
.Ltmp1200:
.LBB26_20:
	@DEBUG_VALUE: HAL_ADC_AnalogWDGConfig:tmp_hal_status <- 0
	@DEBUG_VALUE: HAL_ADC_AnalogWDGConfig:AnalogWDGConfig <- $r1
	@DEBUG_VALUE: HAL_ADC_AnalogWDGConfig:hadc <- $r0
	.loc	8 5783 3                        @ ../Drivers/STM32H7xx_HAL_Driver/Inc\stm32h7xx_ll_adc.h:5783:3
	str	r3, [r2, #12]
.Ltmp1201:
	.loc	7 3252 36 is_stmt 1             @ ../Drivers/STM32H7xx_HAL_Driver/Src/stm32h7xx_hal_adc.c:3252:36
	ldr.w	r3, [lr]
	and	r3, r3, #-268435456
	cmp.w	r3, #268435456
	bne	.LBB26_22
.Ltmp1202:
@ %bb.21:
	@DEBUG_VALUE: HAL_ADC_AnalogWDGConfig:tmp_hal_status <- 0
	@DEBUG_VALUE: HAL_ADC_AnalogWDGConfig:AnalogWDGConfig <- $r1
	@DEBUG_VALUE: HAL_ADC_AnalogWDGConfig:hadc <- $r0
	ldr	r3, [r1, #16]
	ldr	r5, [r2, #12]
	movs	r4, #14
	and.w	r5, r4, r5, lsr #1
	b	.LBB26_25
.Ltmp1203:
	.loc	7 0 36 is_stmt 0                @ :0:36
.Ltmp1204:
	.p2align	2
.LBB26_22:
	@DEBUG_VALUE: HAL_ADC_AnalogWDGConfig:tmp_hal_status <- 0
	@DEBUG_VALUE: HAL_ADC_AnalogWDGConfig:AnalogWDGConfig <- $r1
	@DEBUG_VALUE: HAL_ADC_AnalogWDGConfig:hadc <- $r0
	.loc	7 3252 36                       @ ../Drivers/STM32H7xx_HAL_Driver/Src/stm32h7xx_hal_adc.c:3252:36
	ldr	r5, [r2, #12]
	ldr	r3, [r1, #16]
	ldr	r4, [r2, #12]
	lsls	r5, r5, #27
	lsr.w	r5, r4, #1
	bmi	.LBB26_24
.Ltmp1205:
@ %bb.23:
	@DEBUG_VALUE: HAL_ADC_AnalogWDGConfig:tmp_hal_status <- 0
	@DEBUG_VALUE: HAL_ADC_AnalogWDGConfig:AnalogWDGConfig <- $r1
	@DEBUG_VALUE: HAL_ADC_AnalogWDGConfig:hadc <- $r0
	and	r5, r5, #14
	b	.LBB26_25
.Ltmp1206:
	.loc	7 0 36                          @ :0:36
.Ltmp1207:
	.p2align	2
.LBB26_24:
	@DEBUG_VALUE: HAL_ADC_AnalogWDGConfig:tmp_hal_status <- 0
	@DEBUG_VALUE: HAL_ADC_AnalogWDGConfig:AnalogWDGConfig <- $r1
	@DEBUG_VALUE: HAL_ADC_AnalogWDGConfig:hadc <- $r0
	.loc	7 3252 36                       @ ../Drivers/STM32H7xx_HAL_Driver/Src/stm32h7xx_hal_adc.c:3252:36
	and	r5, r5, #8
.Ltmp1208:
.LBB26_25:
	@DEBUG_VALUE: HAL_ADC_AnalogWDGConfig:tmp_hal_status <- 0
	@DEBUG_VALUE: HAL_ADC_AnalogWDGConfig:AnalogWDGConfig <- $r1
	@DEBUG_VALUE: HAL_ADC_AnalogWDGConfig:hadc <- $r0
	lsl.w	r12, r3, r5
.Ltmp1209:
	@DEBUG_VALUE: HAL_ADC_AnalogWDGConfig:tmpAWDHighThresholdShifted <- $r12
	.loc	7 3253 36 is_stmt 1             @ ../Drivers/STM32H7xx_HAL_Driver/Src/stm32h7xx_hal_adc.c:3253:36
	ldr.w	r5, [lr]
	and	r5, r5, #-268435456
	cmp.w	r5, #268435456
	bne	.LBB26_27
.Ltmp1210:
@ %bb.26:
	@DEBUG_VALUE: HAL_ADC_AnalogWDGConfig:tmpAWDHighThresholdShifted <- $r12
	@DEBUG_VALUE: HAL_ADC_AnalogWDGConfig:tmp_hal_status <- 0
	@DEBUG_VALUE: HAL_ADC_AnalogWDGConfig:AnalogWDGConfig <- $r1
	@DEBUG_VALUE: HAL_ADC_AnalogWDGConfig:hadc <- $r0
	ldr	r5, [r1, #20]
	ldr	r4, [r2, #12]
	movs	r3, #14
	and.w	r3, r3, r4, lsr #1
	b	.LBB26_30
.Ltmp1211:
	.loc	7 0 36 is_stmt 0                @ :0:36
.Ltmp1212:
	.p2align	2
.LBB26_27:
	@DEBUG_VALUE: HAL_ADC_AnalogWDGConfig:tmpAWDHighThresholdShifted <- $r12
	@DEBUG_VALUE: HAL_ADC_AnalogWDGConfig:tmp_hal_status <- 0
	@DEBUG_VALUE: HAL_ADC_AnalogWDGConfig:AnalogWDGConfig <- $r1
	@DEBUG_VALUE: HAL_ADC_AnalogWDGConfig:hadc <- $r0
	.loc	7 3253 36                       @ ../Drivers/STM32H7xx_HAL_Driver/Src/stm32h7xx_hal_adc.c:3253:36
	ldr	r3, [r2, #12]
	ldr	r5, [r1, #20]
	ldr	r4, [r2, #12]
	lsls	r3, r3, #27
	lsr.w	r4, r4, #1
	bmi	.LBB26_29
.Ltmp1213:
@ %bb.28:
	@DEBUG_VALUE: HAL_ADC_AnalogWDGConfig:tmpAWDHighThresholdShifted <- $r12
	@DEBUG_VALUE: HAL_ADC_AnalogWDGConfig:tmp_hal_status <- 0
	@DEBUG_VALUE: HAL_ADC_AnalogWDGConfig:AnalogWDGConfig <- $r1
	@DEBUG_VALUE: HAL_ADC_AnalogWDGConfig:hadc <- $r0
	and	r3, r4, #14
	b	.LBB26_30
.Ltmp1214:
	.loc	7 0 36                          @ :0:36
.Ltmp1215:
	.p2align	2
.LBB26_29:
	@DEBUG_VALUE: HAL_ADC_AnalogWDGConfig:tmpAWDHighThresholdShifted <- $r12
	@DEBUG_VALUE: HAL_ADC_AnalogWDGConfig:tmp_hal_status <- 0
	@DEBUG_VALUE: HAL_ADC_AnalogWDGConfig:AnalogWDGConfig <- $r1
	@DEBUG_VALUE: HAL_ADC_AnalogWDGConfig:hadc <- $r0
	.loc	7 3253 36                       @ ../Drivers/STM32H7xx_HAL_Driver/Src/stm32h7xx_hal_adc.c:3253:36
	and	r3, r4, #8
.Ltmp1216:
.LBB26_30:
	@DEBUG_VALUE: HAL_ADC_AnalogWDGConfig:tmpAWDHighThresholdShifted <- $r12
	@DEBUG_VALUE: HAL_ADC_AnalogWDGConfig:tmp_hal_status <- 0
	@DEBUG_VALUE: HAL_ADC_AnalogWDGConfig:AnalogWDGConfig <- $r1
	@DEBUG_VALUE: HAL_ADC_AnalogWDGConfig:hadc <- $r0
	lsls	r5, r3
.Ltmp1217:
	@DEBUG_VALUE: HAL_ADC_AnalogWDGConfig:tmpAWDLowThresholdShifted <- $r5
	.loc	7 3272 7 is_stmt 1              @ ../Drivers/STM32H7xx_HAL_Driver/Src/stm32h7xx_hal_adc.c:3272:7
	ldr	r3, [r2, #32]
	and	r3, r3, #-67108864
	orrs	r3, r5
	str	r3, [r2, #32]
	.loc	7 3273 7                        @ ../Drivers/STM32H7xx_HAL_Driver/Src/stm32h7xx_hal_adc.c:3273:7
	ldr	r3, [r2, #36]
	and	r3, r3, #-67108864
	orr.w	r3, r3, r12
	str	r3, [r2, #36]
	.loc	7 3277 7                        @ ../Drivers/STM32H7xx_HAL_Driver/Src/stm32h7xx_hal_adc.c:3277:7
	ldr	r3, [r0, #84]
	bic	r3, r3, #65536
	str	r3, [r0, #84]
	movs	r3, #128
.Ltmp1218:
	@DEBUG_VALUE: LL_ADC_ClearFlag_AWD1:ADCx <- $r2
	.loc	8 7687 3                        @ ../Drivers/STM32H7xx_HAL_Driver/Inc\stm32h7xx_ll_adc.h:7687:3
	str	r3, [r2]
.Ltmp1219:
	.loc	7 3286 28                       @ ../Drivers/STM32H7xx_HAL_Driver/Src/stm32h7xx_hal_adc.c:3286:28
	ldrb	r1, [r1, #12]
.Ltmp1220:
	@DEBUG_VALUE: HAL_ADC_AnalogWDGConfig:AnalogWDGConfig <- [DW_OP_LLVM_entry_value 1] $r1
	.loc	7 3286 11 is_stmt 0             @ ../Drivers/STM32H7xx_HAL_Driver/Src/stm32h7xx_hal_adc.c:3286:11
	cmp	r1, #1
.Ltmp1221:
	.loc	7 0 0                           @ ../Drivers/STM32H7xx_HAL_Driver/Src/stm32h7xx_hal_adc.c:0:0
	ldr	r1, [r2, #4]
.Ltmp1222:
	.loc	7 3286 11                       @ ../Drivers/STM32H7xx_HAL_Driver/Src/stm32h7xx_hal_adc.c:3286:11
	bne	.LBB26_32
.Ltmp1223:
@ %bb.31:
	@DEBUG_VALUE: HAL_ADC_AnalogWDGConfig:tmpAWDLowThresholdShifted <- $r5
	@DEBUG_VALUE: HAL_ADC_AnalogWDGConfig:tmpAWDHighThresholdShifted <- $r12
	@DEBUG_VALUE: HAL_ADC_AnalogWDGConfig:AnalogWDGConfig <- [DW_OP_LLVM_entry_value 1] $r1
	@DEBUG_VALUE: HAL_ADC_AnalogWDGConfig:tmp_hal_status <- 0
	@DEBUG_VALUE: HAL_ADC_AnalogWDGConfig:hadc <- $r0
	@DEBUG_VALUE: LL_ADC_EnableIT_AWD1:ADCx <- $r2
	.loc	8 8080 3 is_stmt 1              @ ../Drivers/STM32H7xx_HAL_Driver/Inc\stm32h7xx_ll_adc.h:8080:3
	orr	r1, r1, #128
	b	.LBB26_49
.Ltmp1224:
	.loc	8 0 3 is_stmt 0                 @ :0:3
.Ltmp1225:
	.p2align	2
.LBB26_32:
	@DEBUG_VALUE: HAL_ADC_AnalogWDGConfig:tmpAWDLowThresholdShifted <- $r5
	@DEBUG_VALUE: HAL_ADC_AnalogWDGConfig:tmpAWDHighThresholdShifted <- $r12
	@DEBUG_VALUE: HAL_ADC_AnalogWDGConfig:AnalogWDGConfig <- [DW_OP_LLVM_entry_value 1] $r1
	@DEBUG_VALUE: HAL_ADC_AnalogWDGConfig:tmp_hal_status <- 0
	@DEBUG_VALUE: HAL_ADC_AnalogWDGConfig:hadc <- $r0
	@DEBUG_VALUE: LL_ADC_DisableIT_AWD1:ADCx <- $r2
	.loc	8 8201 3 is_stmt 1              @ ../Drivers/STM32H7xx_HAL_Driver/Inc\stm32h7xx_ll_adc.h:8201:3
	bic	r1, r1, #128
	b	.LBB26_49
.Ltmp1226:
	.loc	8 0 3 is_stmt 0                 @ :0:3
.Ltmp1227:
	.p2align	2
.LBB26_33:
	@DEBUG_VALUE: HAL_ADC_AnalogWDGConfig:tmp_hal_status <- 0
	@DEBUG_VALUE: HAL_ADC_AnalogWDGConfig:AnalogWDGConfig <- $r1
	@DEBUG_VALUE: HAL_ADC_AnalogWDGConfig:hadc <- $r0
	@DEBUG_VALUE: LL_ADC_SetAnalogWDMonitChannels:ADCx <- $r2
	@DEBUG_VALUE: LL_ADC_SetAnalogWDMonitChannels:AWDy <- $r3
	@DEBUG_VALUE: LL_ADC_SetAnalogWDMonitChannels:AWDChannelGroup <- 0
	.loc	8 5780 25 is_stmt 1             @ ../Drivers/STM32H7xx_HAL_Driver/Inc\stm32h7xx_ll_adc.h:5780:25
	ubfx	r4, r3, #20, #2
	movw	r5, #65535
	bfi	r4, r3, #2, #1
	movt	r5, #33343
	bfi	r4, r3, #5, #1
	.loc	8 5783 3                        @ ../Drivers/STM32H7xx_HAL_Driver/Inc\stm32h7xx_ll_adc.h:5783:3
	sub.w	r5, r5, #74448896
	ands	r3, r5
.Ltmp1228:
	.loc	8 5780 25                       @ ../Drivers/STM32H7xx_HAL_Driver/Inc\stm32h7xx_ll_adc.h:5780:25
	add.w	r4, r2, r4, lsl #2
.Ltmp1229:
	@DEBUG_VALUE: LL_ADC_SetAnalogWDMonitChannels:preg <- [DW_OP_plus_uconst 12, DW_OP_stack_value] $r4
	.loc	8 5783 3                        @ ../Drivers/STM32H7xx_HAL_Driver/Inc\stm32h7xx_ll_adc.h:5783:3
	ldr	r6, [r4, #12]
	bic.w	r3, r6, r3
	str	r3, [r4, #12]
.Ltmp1230:
	.loc	7 3351 36                       @ ../Drivers/STM32H7xx_HAL_Driver/Src/stm32h7xx_hal_adc.c:3351:36
	ldr.w	r3, [lr]
	and	r3, r3, #-268435456
	cmp.w	r3, #268435456
	beq.w	.LBB26_13
.Ltmp1231:
.LBB26_34:
	@DEBUG_VALUE: HAL_ADC_AnalogWDGConfig:tmp_hal_status <- 0
	@DEBUG_VALUE: HAL_ADC_AnalogWDGConfig:AnalogWDGConfig <- $r1
	@DEBUG_VALUE: HAL_ADC_AnalogWDGConfig:hadc <- $r0
	ldr	r4, [r2, #12]
	ldr	r3, [r1, #16]
	ldr	r5, [r2, #12]
	lsls	r4, r4, #27
	lsr.w	r4, r5, #1
	bmi	.LBB26_36
.Ltmp1232:
@ %bb.35:
	@DEBUG_VALUE: HAL_ADC_AnalogWDGConfig:tmp_hal_status <- 0
	@DEBUG_VALUE: HAL_ADC_AnalogWDGConfig:AnalogWDGConfig <- $r1
	@DEBUG_VALUE: HAL_ADC_AnalogWDGConfig:hadc <- $r0
	and	r4, r4, #14
	b	.LBB26_37
.Ltmp1233:
	.loc	7 0 36 is_stmt 0                @ :0:36
.Ltmp1234:
	.p2align	2
.LBB26_36:
	@DEBUG_VALUE: HAL_ADC_AnalogWDGConfig:tmp_hal_status <- 0
	@DEBUG_VALUE: HAL_ADC_AnalogWDGConfig:AnalogWDGConfig <- $r1
	@DEBUG_VALUE: HAL_ADC_AnalogWDGConfig:hadc <- $r0
	.loc	7 3351 36                       @ ../Drivers/STM32H7xx_HAL_Driver/Src/stm32h7xx_hal_adc.c:3351:36
	and	r4, r4, #8
.Ltmp1235:
.LBB26_37:
	@DEBUG_VALUE: HAL_ADC_AnalogWDGConfig:tmp_hal_status <- 0
	@DEBUG_VALUE: HAL_ADC_AnalogWDGConfig:AnalogWDGConfig <- $r1
	@DEBUG_VALUE: HAL_ADC_AnalogWDGConfig:hadc <- $r0
	.loc	7 3352 36 is_stmt 1             @ ../Drivers/STM32H7xx_HAL_Driver/Src/stm32h7xx_hal_adc.c:3352:36
	ldr.w	r7, [lr]
	.loc	7 3351 36                       @ ../Drivers/STM32H7xx_HAL_Driver/Src/stm32h7xx_hal_adc.c:3351:36
	lsls	r3, r4
.Ltmp1236:
	@DEBUG_VALUE: HAL_ADC_AnalogWDGConfig:tmpAWDHighThresholdShifted <- $r3
	.loc	7 3352 36                       @ ../Drivers/STM32H7xx_HAL_Driver/Src/stm32h7xx_hal_adc.c:3352:36
	and	r7, r7, #-268435456
	cmp.w	r7, #268435456
	bne	.LBB26_41
.Ltmp1237:
@ %bb.38:
	@DEBUG_VALUE: HAL_ADC_AnalogWDGConfig:tmpAWDHighThresholdShifted <- $r3
	@DEBUG_VALUE: HAL_ADC_AnalogWDGConfig:tmp_hal_status <- 0
	@DEBUG_VALUE: HAL_ADC_AnalogWDGConfig:AnalogWDGConfig <- $r1
	@DEBUG_VALUE: HAL_ADC_AnalogWDGConfig:hadc <- $r0
	ldr	r7, [r1, #20]
	ldr	r6, [r2, #12]
	movs	r5, #14
	and.w	r6, r5, r6, lsr #1
	lsl.w	r4, r7, r6
.Ltmp1238:
	@DEBUG_VALUE: HAL_ADC_AnalogWDGConfig:tmpAWDLowThresholdShifted <- $r4
	.loc	7 3390 28                       @ ../Drivers/STM32H7xx_HAL_Driver/Src/stm32h7xx_hal_adc.c:3390:28
	ldr	r7, [r1]
.Ltmp1239:
	.loc	7 3390 11 is_stmt 0             @ ../Drivers/STM32H7xx_HAL_Driver/Src/stm32h7xx_hal_adc.c:3390:11
	cmp	r7, r12
	beq	.LBB26_46
.Ltmp1240:
.LBB26_39:
	@DEBUG_VALUE: HAL_ADC_AnalogWDGConfig:tmpAWDLowThresholdShifted <- $r4
	@DEBUG_VALUE: HAL_ADC_AnalogWDGConfig:tmpAWDHighThresholdShifted <- $r3
	@DEBUG_VALUE: HAL_ADC_AnalogWDGConfig:tmp_hal_status <- 0
	@DEBUG_VALUE: HAL_ADC_AnalogWDGConfig:AnalogWDGConfig <- $r1
	@DEBUG_VALUE: HAL_ADC_AnalogWDGConfig:hadc <- $r0
	.loc	7 3399 9 is_stmt 1              @ ../Drivers/STM32H7xx_HAL_Driver/Src/stm32h7xx_hal_adc.c:3399:9
	ldr.w	r7, [r2, #184]
	and	r7, r7, #-67108864
	orrs	r7, r4
	str.w	r7, [r2, #184]
	.loc	7 3400 9                        @ ../Drivers/STM32H7xx_HAL_Driver/Src/stm32h7xx_hal_adc.c:3400:9
	ldr.w	r7, [r2, #188]
	and	r7, r7, #-67108864
	orrs	r3, r7
.Ltmp1241:
	str.w	r3, [r2, #188]
.Ltmp1242:
	.loc	7 3429 9                        @ ../Drivers/STM32H7xx_HAL_Driver/Src/stm32h7xx_hal_adc.c:3429:9
	ldr	r3, [r0, #84]
	bic	r3, r3, #262144
	str	r3, [r0, #84]
	mov.w	r3, #512
.Ltmp1243:
	@DEBUG_VALUE: LL_ADC_ClearFlag_AWD3:ADCx <- $r2
	.loc	8 7709 3                        @ ../Drivers/STM32H7xx_HAL_Driver/Inc\stm32h7xx_ll_adc.h:7709:3
	str	r3, [r2]
.Ltmp1244:
	.loc	7 3438 30                       @ ../Drivers/STM32H7xx_HAL_Driver/Src/stm32h7xx_hal_adc.c:3438:30
	ldrb	r1, [r1, #12]
.Ltmp1245:
	@DEBUG_VALUE: HAL_ADC_AnalogWDGConfig:AnalogWDGConfig <- [DW_OP_LLVM_entry_value 1] $r1
	.loc	7 3438 13 is_stmt 0             @ ../Drivers/STM32H7xx_HAL_Driver/Src/stm32h7xx_hal_adc.c:3438:13
	cmp	r1, #1
.Ltmp1246:
	.loc	7 0 0                           @ ../Drivers/STM32H7xx_HAL_Driver/Src/stm32h7xx_hal_adc.c:0:0
	ldr	r1, [r2, #4]
.Ltmp1247:
	.loc	7 3438 13                       @ ../Drivers/STM32H7xx_HAL_Driver/Src/stm32h7xx_hal_adc.c:3438:13
	bne	.LBB26_43
.Ltmp1248:
@ %bb.40:
	@DEBUG_VALUE: HAL_ADC_AnalogWDGConfig:tmpAWDLowThresholdShifted <- $r4
	@DEBUG_VALUE: HAL_ADC_AnalogWDGConfig:AnalogWDGConfig <- [DW_OP_LLVM_entry_value 1] $r1
	@DEBUG_VALUE: HAL_ADC_AnalogWDGConfig:tmp_hal_status <- 0
	@DEBUG_VALUE: HAL_ADC_AnalogWDGConfig:hadc <- $r0
	@DEBUG_VALUE: LL_ADC_EnableIT_AWD3:ADCx <- $r2
	.loc	8 8102 3 is_stmt 1              @ ../Drivers/STM32H7xx_HAL_Driver/Inc\stm32h7xx_ll_adc.h:8102:3
	orr	r1, r1, #512
	b	.LBB26_49
.Ltmp1249:
	.loc	8 0 3 is_stmt 0                 @ :0:3
.Ltmp1250:
	.p2align	2
.LBB26_41:
	@DEBUG_VALUE: HAL_ADC_AnalogWDGConfig:tmpAWDHighThresholdShifted <- $r3
	@DEBUG_VALUE: HAL_ADC_AnalogWDGConfig:tmp_hal_status <- 0
	@DEBUG_VALUE: HAL_ADC_AnalogWDGConfig:AnalogWDGConfig <- $r1
	@DEBUG_VALUE: HAL_ADC_AnalogWDGConfig:hadc <- $r0
	.loc	7 3352 36 is_stmt 1             @ ../Drivers/STM32H7xx_HAL_Driver/Src/stm32h7xx_hal_adc.c:3352:36
	ldr	r7, [r2, #12]
	ldr	r5, [r1, #20]
	ldr	r6, [r2, #12]
	lsls	r7, r7, #27
	lsr.w	r4, r6, #1
	bmi	.LBB26_44
.Ltmp1251:
@ %bb.42:
	@DEBUG_VALUE: HAL_ADC_AnalogWDGConfig:tmpAWDHighThresholdShifted <- $r3
	@DEBUG_VALUE: HAL_ADC_AnalogWDGConfig:tmp_hal_status <- 0
	@DEBUG_VALUE: HAL_ADC_AnalogWDGConfig:AnalogWDGConfig <- $r1
	@DEBUG_VALUE: HAL_ADC_AnalogWDGConfig:hadc <- $r0
	and	r7, r4, #14
	b	.LBB26_45
.Ltmp1252:
	.loc	7 0 36 is_stmt 0                @ :0:36
.Ltmp1253:
	.p2align	2
.LBB26_43:
	@DEBUG_VALUE: HAL_ADC_AnalogWDGConfig:tmpAWDLowThresholdShifted <- $r4
	@DEBUG_VALUE: HAL_ADC_AnalogWDGConfig:AnalogWDGConfig <- [DW_OP_LLVM_entry_value 1] $r1
	@DEBUG_VALUE: HAL_ADC_AnalogWDGConfig:tmp_hal_status <- 0
	@DEBUG_VALUE: HAL_ADC_AnalogWDGConfig:hadc <- $r0
	@DEBUG_VALUE: LL_ADC_DisableIT_AWD3:ADCx <- $r2
	.loc	8 8223 3 is_stmt 1              @ ../Drivers/STM32H7xx_HAL_Driver/Inc\stm32h7xx_ll_adc.h:8223:3
	bic	r1, r1, #512
	b	.LBB26_49
.Ltmp1254:
	.loc	8 0 3 is_stmt 0                 @ :0:3
.Ltmp1255:
	.p2align	2
.LBB26_44:
	@DEBUG_VALUE: HAL_ADC_AnalogWDGConfig:tmpAWDHighThresholdShifted <- $r3
	@DEBUG_VALUE: HAL_ADC_AnalogWDGConfig:tmp_hal_status <- 0
	@DEBUG_VALUE: HAL_ADC_AnalogWDGConfig:AnalogWDGConfig <- $r1
	@DEBUG_VALUE: HAL_ADC_AnalogWDGConfig:hadc <- $r0
	.loc	7 3352 36 is_stmt 1             @ ../Drivers/STM32H7xx_HAL_Driver/Src/stm32h7xx_hal_adc.c:3352:36
	and	r7, r4, #8
.Ltmp1256:
.LBB26_45:
	@DEBUG_VALUE: HAL_ADC_AnalogWDGConfig:tmpAWDHighThresholdShifted <- $r3
	@DEBUG_VALUE: HAL_ADC_AnalogWDGConfig:tmp_hal_status <- 0
	@DEBUG_VALUE: HAL_ADC_AnalogWDGConfig:AnalogWDGConfig <- $r1
	@DEBUG_VALUE: HAL_ADC_AnalogWDGConfig:hadc <- $r0
	lsl.w	r4, r5, r7
.Ltmp1257:
	@DEBUG_VALUE: HAL_ADC_AnalogWDGConfig:tmpAWDLowThresholdShifted <- $r4
	.loc	7 3390 28                       @ ../Drivers/STM32H7xx_HAL_Driver/Src/stm32h7xx_hal_adc.c:3390:28
	ldr	r7, [r1]
.Ltmp1258:
	.loc	7 3390 11 is_stmt 0             @ ../Drivers/STM32H7xx_HAL_Driver/Src/stm32h7xx_hal_adc.c:3390:11
	cmp	r7, r12
	bne	.LBB26_39
.Ltmp1259:
.LBB26_46:
	@DEBUG_VALUE: HAL_ADC_AnalogWDGConfig:tmpAWDLowThresholdShifted <- $r4
	@DEBUG_VALUE: HAL_ADC_AnalogWDGConfig:tmpAWDHighThresholdShifted <- $r3
	@DEBUG_VALUE: HAL_ADC_AnalogWDGConfig:tmp_hal_status <- 0
	@DEBUG_VALUE: HAL_ADC_AnalogWDGConfig:AnalogWDGConfig <- $r1
	@DEBUG_VALUE: HAL_ADC_AnalogWDGConfig:hadc <- $r0
	.loc	7 3393 9 is_stmt 1              @ ../Drivers/STM32H7xx_HAL_Driver/Src/stm32h7xx_hal_adc.c:3393:9
	ldr.w	r7, [r2, #176]
	and	r7, r7, #-67108864
	orrs	r7, r4
	str.w	r7, [r2, #176]
	.loc	7 3394 9                        @ ../Drivers/STM32H7xx_HAL_Driver/Src/stm32h7xx_hal_adc.c:3394:9
	ldr.w	r7, [r2, #180]
	and	r7, r7, #-67108864
	orrs	r3, r7
.Ltmp1260:
	str.w	r3, [r2, #180]
.Ltmp1261:
	.loc	7 3407 9                        @ ../Drivers/STM32H7xx_HAL_Driver/Src/stm32h7xx_hal_adc.c:3407:9
	ldr	r3, [r0, #84]
	bic	r3, r3, #131072
	str	r3, [r0, #84]
	mov.w	r3, #256
.Ltmp1262:
	@DEBUG_VALUE: LL_ADC_ClearFlag_AWD2:ADCx <- $r2
	.loc	8 7698 3                        @ ../Drivers/STM32H7xx_HAL_Driver/Inc\stm32h7xx_ll_adc.h:7698:3
	str	r3, [r2]
.Ltmp1263:
	.loc	7 3416 30                       @ ../Drivers/STM32H7xx_HAL_Driver/Src/stm32h7xx_hal_adc.c:3416:30
	ldrb	r1, [r1, #12]
.Ltmp1264:
	@DEBUG_VALUE: HAL_ADC_AnalogWDGConfig:AnalogWDGConfig <- [DW_OP_LLVM_entry_value 1] $r1
	.loc	7 3416 13 is_stmt 0             @ ../Drivers/STM32H7xx_HAL_Driver/Src/stm32h7xx_hal_adc.c:3416:13
	cmp	r1, #1
.Ltmp1265:
	.loc	7 0 0                           @ ../Drivers/STM32H7xx_HAL_Driver/Src/stm32h7xx_hal_adc.c:0:0
	ldr	r1, [r2, #4]
.Ltmp1266:
	.loc	7 3416 13                       @ ../Drivers/STM32H7xx_HAL_Driver/Src/stm32h7xx_hal_adc.c:3416:13
	bne	.LBB26_48
.Ltmp1267:
@ %bb.47:
	@DEBUG_VALUE: HAL_ADC_AnalogWDGConfig:tmpAWDLowThresholdShifted <- $r4
	@DEBUG_VALUE: HAL_ADC_AnalogWDGConfig:AnalogWDGConfig <- [DW_OP_LLVM_entry_value 1] $r1
	@DEBUG_VALUE: HAL_ADC_AnalogWDGConfig:tmp_hal_status <- 0
	@DEBUG_VALUE: HAL_ADC_AnalogWDGConfig:hadc <- $r0
	@DEBUG_VALUE: LL_ADC_EnableIT_AWD2:ADCx <- $r2
	.loc	8 8091 3 is_stmt 1              @ ../Drivers/STM32H7xx_HAL_Driver/Inc\stm32h7xx_ll_adc.h:8091:3
	orr	r1, r1, #256
	b	.LBB26_49
.Ltmp1268:
	.loc	8 0 3 is_stmt 0                 @ :0:3
.Ltmp1269:
	.p2align	2
.LBB26_48:
	@DEBUG_VALUE: HAL_ADC_AnalogWDGConfig:tmpAWDLowThresholdShifted <- $r4
	@DEBUG_VALUE: HAL_ADC_AnalogWDGConfig:AnalogWDGConfig <- [DW_OP_LLVM_entry_value 1] $r1
	@DEBUG_VALUE: HAL_ADC_AnalogWDGConfig:tmp_hal_status <- 0
	@DEBUG_VALUE: HAL_ADC_AnalogWDGConfig:hadc <- $r0
	@DEBUG_VALUE: LL_ADC_DisableIT_AWD2:ADCx <- $r2
	.loc	8 8212 3 is_stmt 1              @ ../Drivers/STM32H7xx_HAL_Driver/Inc\stm32h7xx_ll_adc.h:8212:3
	bic	r1, r1, #256
.Ltmp1270:
.LBB26_49:
	@DEBUG_VALUE: HAL_ADC_AnalogWDGConfig:AnalogWDGConfig <- [DW_OP_LLVM_entry_value 1] $r1
	@DEBUG_VALUE: HAL_ADC_AnalogWDGConfig:tmp_hal_status <- 0
	@DEBUG_VALUE: HAL_ADC_AnalogWDGConfig:hadc <- $r0
	.loc	7 0 0 is_stmt 0                 @ ../Drivers/STM32H7xx_HAL_Driver/Src/stm32h7xx_hal_adc.c:0:0
	str	r1, [r2, #4]
	movs	r1, #0
.Ltmp1271:
.LBB26_50:
	@DEBUG_VALUE: HAL_ADC_AnalogWDGConfig:AnalogWDGConfig <- [DW_OP_LLVM_entry_value 1] $r1
	@DEBUG_VALUE: HAL_ADC_AnalogWDGConfig:hadc <- $r0
	@DEBUG_VALUE: HAL_ADC_AnalogWDGConfig:tmp_hal_status <- $r1
	movs	r2, #0
.Ltmp1272:
	.loc	7 3460 3 is_stmt 1              @ ../Drivers/STM32H7xx_HAL_Driver/Src/stm32h7xx_hal_adc.c:3460:3
	strb.w	r2, [r0, #80]
	pop.w	{r4, r5, r6, r7, lr}
.Ltmp1273:
	.loc	7 3464 1                        @ ../Drivers/STM32H7xx_HAL_Driver/Src/stm32h7xx_hal_adc.c:3464:1
	mov	r0, r1
.Ltmp1274:
	@DEBUG_VALUE: HAL_ADC_AnalogWDGConfig:hadc <- [DW_OP_LLVM_entry_value 1] $r0
	bx	lr
.Ltmp1275:
.Lfunc_end26:
	.size	HAL_ADC_AnalogWDGConfig, .Lfunc_end26-HAL_ADC_AnalogWDGConfig
	.cfi_endproc
	.cantunwind
	.fnend
                                        @ -- End function
	.section	.text.HAL_ADC_GetState,"ax",%progbits
	.hidden	HAL_ADC_GetState                @ -- Begin function HAL_ADC_GetState
	.globl	HAL_ADC_GetState
	.p2align	3
	.type	HAL_ADC_GetState,%function
	.code	16                              @ @HAL_ADC_GetState
	.thumb_func
HAL_ADC_GetState:
.Lfunc_begin27:
	.fnstart
	.cfi_startproc
@ %bb.0:
	@DEBUG_VALUE: HAL_ADC_GetState:hadc <- $r0
	.loc	7 3504 16 prologue_end          @ ../Drivers/STM32H7xx_HAL_Driver/Src/stm32h7xx_hal_adc.c:3504:16
	ldr	r0, [r0, #84]
.Ltmp1276:
	@DEBUG_VALUE: HAL_ADC_GetState:hadc <- [DW_OP_LLVM_entry_value 1] $r0
	.loc	7 3504 3 is_stmt 0              @ ../Drivers/STM32H7xx_HAL_Driver/Src/stm32h7xx_hal_adc.c:3504:3
	bx	lr
.Ltmp1277:
.Lfunc_end27:
	.size	HAL_ADC_GetState, .Lfunc_end27-HAL_ADC_GetState
	.cfi_endproc
	.cantunwind
	.fnend
                                        @ -- End function
	.section	.text.HAL_ADC_GetError,"ax",%progbits
	.hidden	HAL_ADC_GetError                @ -- Begin function HAL_ADC_GetError
	.globl	HAL_ADC_GetError
	.p2align	3
	.type	HAL_ADC_GetError,%function
	.code	16                              @ @HAL_ADC_GetError
	.thumb_func
HAL_ADC_GetError:
.Lfunc_begin28:
	.fnstart
	.cfi_startproc
@ %bb.0:
	@DEBUG_VALUE: HAL_ADC_GetError:hadc <- $r0
	.loc	7 3517 16 prologue_end is_stmt 1 @ ../Drivers/STM32H7xx_HAL_Driver/Src/stm32h7xx_hal_adc.c:3517:16
	ldr	r0, [r0, #88]
.Ltmp1278:
	@DEBUG_VALUE: HAL_ADC_GetError:hadc <- [DW_OP_LLVM_entry_value 1] $r0
	.loc	7 3517 3 is_stmt 0              @ ../Drivers/STM32H7xx_HAL_Driver/Src/stm32h7xx_hal_adc.c:3517:3
	bx	lr
.Ltmp1279:
.Lfunc_end28:
	.size	HAL_ADC_GetError, .Lfunc_end28-HAL_ADC_GetError
	.cfi_endproc
	.cantunwind
	.fnend
                                        @ -- End function
	.section	.debug_loc,"",%progbits
.Ldebug_loc0:
	.long	-1
	.long	.Lfunc_begin0                   @   base address
	.long	.Lfunc_begin0-.Lfunc_begin0
	.long	.Ltmp0-.Lfunc_begin0
	.short	1                               @ Loc expr size
	.byte	80                              @ DW_OP_reg0
	.long	.Ltmp0-.Lfunc_begin0
	.long	.Lfunc_end0-.Lfunc_begin0
	.short	1                               @ Loc expr size
	.byte	84                              @ DW_OP_reg4
	.long	0
	.long	0
.Ldebug_loc1:
	.long	-1
	.long	.Lfunc_begin0                   @   base address
	.long	.Ltmp0-.Lfunc_begin0
	.long	.Ltmp29-.Lfunc_begin0
	.short	2                               @ Loc expr size
	.byte	48                              @ DW_OP_lit0
	.byte	159                             @ DW_OP_stack_value
	.long	.Ltmp29-.Lfunc_begin0
	.long	.Ltmp30-.Lfunc_begin0
	.short	2                               @ Loc expr size
	.byte	49                              @ DW_OP_lit1
	.byte	159                             @ DW_OP_stack_value
	.long	.Ltmp30-.Lfunc_begin0
	.long	.Ltmp32-.Lfunc_begin0
	.short	2                               @ Loc expr size
	.byte	48                              @ DW_OP_lit0
	.byte	159                             @ DW_OP_stack_value
	.long	.Ltmp32-.Lfunc_begin0
	.long	.Ltmp76-.Lfunc_begin0
	.short	1                               @ Loc expr size
	.byte	86                              @ DW_OP_reg6
	.long	.Ltmp76-.Lfunc_begin0
	.long	.Ltmp78-.Lfunc_begin0
	.short	2                               @ Loc expr size
	.byte	49                              @ DW_OP_lit1
	.byte	159                             @ DW_OP_stack_value
	.long	.Ltmp78-.Lfunc_begin0
	.long	.Lfunc_end0-.Lfunc_begin0
	.short	1                               @ Loc expr size
	.byte	86                              @ DW_OP_reg6
	.long	0
	.long	0
.Ldebug_loc2:
	.long	-1
	.long	.Lfunc_begin0                   @   base address
	.long	.Ltmp0-.Lfunc_begin0
	.long	.Ltmp15-.Lfunc_begin0
	.short	2                               @ Loc expr size
	.byte	125                             @ DW_OP_breg13
	.byte	4                               @ 4
	.long	.Ltmp18-.Lfunc_begin0
	.long	.Ltmp21-.Lfunc_begin0
	.short	2                               @ Loc expr size
	.byte	125                             @ DW_OP_breg13
	.byte	4                               @ 4
	.long	0
	.long	0
.Ldebug_loc3:
	.long	-1
	.long	.Lfunc_begin0                   @   base address
	.long	.Ltmp33-.Lfunc_begin0
	.long	.Ltmp34-.Lfunc_begin0
	.short	7                               @ Loc expr size
	.byte	113                             @ DW_OP_breg1
	.byte	0                               @ 0
	.byte	50                              @ DW_OP_lit2
	.byte	37                              @ DW_OP_shr
	.byte	49                              @ DW_OP_lit1
	.byte	26                              @ DW_OP_and
	.byte	159                             @ DW_OP_stack_value
	.long	0
	.long	0
.Ldebug_loc4:
	.long	-1
	.long	.Lfunc_begin0                   @   base address
	.long	.Ltmp47-.Lfunc_begin0
	.long	.Ltmp48-.Lfunc_begin0
	.short	1                               @ Loc expr size
	.byte	80                              @ DW_OP_reg0
	.long	0
	.long	0
.Ldebug_loc5:
	.long	-1
	.long	.Lfunc_begin0                   @   base address
	.long	.Ltmp53-.Lfunc_begin0
	.long	.Ltmp59-.Lfunc_begin0
	.short	1                               @ Loc expr size
	.byte	81                              @ DW_OP_reg1
	.long	.Ltmp66-.Lfunc_begin0
	.long	.Ltmp67-.Lfunc_begin0
	.short	1                               @ Loc expr size
	.byte	81                              @ DW_OP_reg1
	.long	0
	.long	0
.Ldebug_loc6:
	.long	-1
	.long	.Lfunc_begin0                   @   base address
	.long	.Ltmp61-.Lfunc_begin0
	.long	.Ltmp63-.Lfunc_begin0
	.short	7                               @ Loc expr size
	.byte	113                             @ DW_OP_breg1
	.byte	0                               @ 0
	.byte	50                              @ DW_OP_lit2
	.byte	37                              @ DW_OP_shr
	.byte	49                              @ DW_OP_lit1
	.byte	26                              @ DW_OP_and
	.byte	159                             @ DW_OP_stack_value
	.long	0
	.long	0
.Ldebug_loc7:
	.long	-1
	.long	.Lfunc_begin0                   @   base address
	.long	.Ltmp62-.Lfunc_begin0
	.long	.Ltmp64-.Lfunc_begin0
	.short	7                               @ Loc expr size
	.byte	114                             @ DW_OP_breg2
	.byte	0                               @ 0
	.byte	51                              @ DW_OP_lit3
	.byte	37                              @ DW_OP_shr
	.byte	49                              @ DW_OP_lit1
	.byte	26                              @ DW_OP_and
	.byte	159                             @ DW_OP_stack_value
	.long	0
	.long	0
.Ldebug_loc8:
	.long	-1
	.long	.Lfunc_begin2                   @   base address
	.long	.Lfunc_begin2-.Lfunc_begin2
	.long	.Ltmp97-.Lfunc_begin2
	.short	1                               @ Loc expr size
	.byte	80                              @ DW_OP_reg0
	.long	.Ltmp97-.Lfunc_begin2
	.long	.Ltmp114-.Lfunc_begin2
	.short	1                               @ Loc expr size
	.byte	84                              @ DW_OP_reg4
	.long	.Ltmp115-.Lfunc_begin2
	.long	.Lfunc_end2-.Lfunc_begin2
	.short	1                               @ Loc expr size
	.byte	84                              @ DW_OP_reg4
	.long	0
	.long	0
.Ldebug_loc9:
	.long	-1
	.long	.Lfunc_begin2                   @   base address
	.long	.Ltmp102-.Lfunc_begin2
	.long	.Ltmp107-.Lfunc_begin2
	.short	1                               @ Loc expr size
	.byte	85                              @ DW_OP_reg5
	.long	.Ltmp112-.Lfunc_begin2
	.long	.Ltmp114-.Lfunc_begin2
	.short	1                               @ Loc expr size
	.byte	85                              @ DW_OP_reg5
	.long	.Ltmp115-.Lfunc_begin2
	.long	.Ltmp130-.Lfunc_begin2
	.short	1                               @ Loc expr size
	.byte	85                              @ DW_OP_reg5
	.long	.Ltmp130-.Lfunc_begin2
	.long	.Ltmp155-.Lfunc_begin2
	.short	5                               @ Loc expr size
	.byte	117                             @ DW_OP_breg5
	.byte	0                               @ 0
	.byte	49                              @ DW_OP_lit1
	.byte	37                              @ DW_OP_shr
	.byte	159                             @ DW_OP_stack_value
	.long	.Ltmp155-.Lfunc_begin2
	.long	.Lfunc_end2-.Lfunc_begin2
	.short	1                               @ Loc expr size
	.byte	85                              @ DW_OP_reg5
	.long	0
	.long	0
.Ldebug_loc10:
	.long	-1
	.long	.Lfunc_begin3                   @   base address
	.long	.Lfunc_begin3-.Lfunc_begin3
	.long	.Ltmp171-.Lfunc_begin3
	.short	1                               @ Loc expr size
	.byte	80                              @ DW_OP_reg0
	.long	.Ltmp171-.Lfunc_begin3
	.long	.Ltmp177-.Lfunc_begin3
	.short	1                               @ Loc expr size
	.byte	84                              @ DW_OP_reg4
	.long	.Ltmp177-.Lfunc_begin3
	.long	.Ltmp178-.Lfunc_begin3
	.short	1                               @ Loc expr size
	.byte	80                              @ DW_OP_reg0
	.long	.Ltmp178-.Lfunc_begin3
	.long	.Ltmp179-.Lfunc_begin3
	.short	4                               @ Loc expr size
	.byte	243                             @ DW_OP_GNU_entry_value
	.byte	1                               @ 1
	.byte	80                              @ DW_OP_reg0
	.byte	159                             @ DW_OP_stack_value
	.long	.Ltmp179-.Lfunc_begin3
	.long	.Lfunc_end3-.Lfunc_begin3
	.short	1                               @ Loc expr size
	.byte	84                              @ DW_OP_reg4
	.long	0
	.long	0
.Ldebug_loc11:
	.long	-1
	.long	.Lfunc_begin3                   @   base address
	.long	.Ltmp173-.Lfunc_begin3
	.long	.Ltmp174-.Lfunc_begin3
	.short	1                               @ Loc expr size
	.byte	80                              @ DW_OP_reg0
	.long	.Ltmp176-.Lfunc_begin3
	.long	.Ltmp177-.Lfunc_begin3
	.short	2                               @ Loc expr size
	.byte	49                              @ DW_OP_lit1
	.byte	159                             @ DW_OP_stack_value
	.long	.Ltmp193-.Lfunc_begin3
	.long	.Ltmp195-.Lfunc_begin3
	.short	2                               @ Loc expr size
	.byte	48                              @ DW_OP_lit0
	.byte	159                             @ DW_OP_stack_value
	.long	.Ltmp196-.Lfunc_begin3
	.long	.Ltmp207-.Lfunc_begin3
	.short	1                               @ Loc expr size
	.byte	80                              @ DW_OP_reg0
	.long	.Ltmp207-.Lfunc_begin3
	.long	.Ltmp209-.Lfunc_begin3
	.short	1                               @ Loc expr size
	.byte	85                              @ DW_OP_reg5
	.long	.Ltmp211-.Lfunc_begin3
	.long	.Ltmp215-.Lfunc_begin3
	.short	1                               @ Loc expr size
	.byte	80                              @ DW_OP_reg0
	.long	0
	.long	0
.Ldebug_loc12:
	.long	-1
	.long	.Lfunc_begin3                   @   base address
	.long	.Ltmp179-.Lfunc_begin3
	.long	.Ltmp193-.Lfunc_begin3
	.short	1                               @ Loc expr size
	.byte	84                              @ DW_OP_reg4
	.long	.Ltmp217-.Lfunc_begin3
	.long	.Lfunc_end3-.Lfunc_begin3
	.short	1                               @ Loc expr size
	.byte	84                              @ DW_OP_reg4
	.long	0
	.long	0
.Ldebug_loc13:
	.long	-1
	.long	.Lfunc_begin3                   @   base address
	.long	.Ltmp181-.Lfunc_begin3
	.long	.Ltmp184-.Lfunc_begin3
	.short	7                               @ Loc expr size
	.byte	112                             @ DW_OP_breg0
	.byte	0                               @ 0
	.byte	49                              @ DW_OP_lit1
	.byte	37                              @ DW_OP_shr
	.byte	49                              @ DW_OP_lit1
	.byte	26                              @ DW_OP_and
	.byte	159                             @ DW_OP_stack_value
	.long	0
	.long	0
.Ldebug_loc14:
	.long	-1
	.long	.Lfunc_begin3                   @   base address
	.long	.Ltmp192-.Lfunc_begin3
	.long	.Ltmp193-.Lfunc_begin3
	.short	1                               @ Loc expr size
	.byte	80                              @ DW_OP_reg0
	.long	.Ltmp217-.Lfunc_begin3
	.long	.Ltmp224-.Lfunc_begin3
	.short	1                               @ Loc expr size
	.byte	85                              @ DW_OP_reg5
	.long	0
	.long	0
.Ldebug_loc15:
	.long	-1
	.long	.Lfunc_begin4                   @   base address
	.long	.Lfunc_begin4-.Lfunc_begin4
	.long	.Ltmp227-.Lfunc_begin4
	.short	1                               @ Loc expr size
	.byte	80                              @ DW_OP_reg0
	.long	.Ltmp227-.Lfunc_begin4
	.long	.Ltmp283-.Lfunc_begin4
	.short	1                               @ Loc expr size
	.byte	84                              @ DW_OP_reg4
	.long	0
	.long	0
.Ldebug_loc16:
	.long	-1
	.long	.Lfunc_begin4                   @   base address
	.long	.Lfunc_begin4-.Lfunc_begin4
	.long	.Ltmp238-.Lfunc_begin4
	.short	1                               @ Loc expr size
	.byte	81                              @ DW_OP_reg1
	.long	.Ltmp238-.Lfunc_begin4
	.long	.Ltmp248-.Lfunc_begin4
	.short	4                               @ Loc expr size
	.byte	243                             @ DW_OP_GNU_entry_value
	.byte	1                               @ 1
	.byte	81                              @ DW_OP_reg1
	.byte	159                             @ DW_OP_stack_value
	.long	.Ltmp248-.Lfunc_begin4
	.long	.Ltmp250-.Lfunc_begin4
	.short	1                               @ Loc expr size
	.byte	81                              @ DW_OP_reg1
	.long	.Ltmp250-.Lfunc_begin4
	.long	.Ltmp251-.Lfunc_begin4
	.short	4                               @ Loc expr size
	.byte	243                             @ DW_OP_GNU_entry_value
	.byte	1                               @ 1
	.byte	81                              @ DW_OP_reg1
	.byte	159                             @ DW_OP_stack_value
	.long	0
	.long	0
.Ldebug_loc17:
	.long	-1
	.long	.Lfunc_begin4                   @   base address
	.long	.Ltmp226-.Lfunc_begin4
	.long	.Ltmp238-.Lfunc_begin4
	.short	1                               @ Loc expr size
	.byte	81                              @ DW_OP_reg1
	.long	.Ltmp247-.Lfunc_begin4
	.long	.Ltmp248-.Lfunc_begin4
	.short	2                               @ Loc expr size
	.byte	49                              @ DW_OP_lit1
	.byte	159                             @ DW_OP_stack_value
	.long	.Ltmp248-.Lfunc_begin4
	.long	.Ltmp250-.Lfunc_begin4
	.short	1                               @ Loc expr size
	.byte	81                              @ DW_OP_reg1
	.long	0
	.long	0
.Ldebug_loc18:
	.long	-1
	.long	.Lfunc_begin4                   @   base address
	.long	.Ltmp227-.Lfunc_begin4
	.long	.Ltmp240-.Lfunc_begin4
	.short	2                               @ Loc expr size
	.byte	48                              @ DW_OP_lit0
	.byte	159                             @ DW_OP_stack_value
	.long	.Ltmp240-.Lfunc_begin4
	.long	.Ltmp241-.Lfunc_begin4
	.short	3                               @ Loc expr size
	.byte	113                             @ DW_OP_breg1
	.byte	1                               @ 1
	.byte	159                             @ DW_OP_stack_value
	.long	.Ltmp242-.Lfunc_begin4
	.long	.Ltmp243-.Lfunc_begin4
	.short	3                               @ Loc expr size
	.byte	113                             @ DW_OP_breg1
	.byte	1                               @ 1
	.byte	159                             @ DW_OP_stack_value
	.long	.Ltmp243-.Lfunc_begin4
	.long	.Ltmp244-.Lfunc_begin4
	.short	3                               @ Loc expr size
	.byte	113                             @ DW_OP_breg1
	.byte	2                               @ 2
	.byte	159                             @ DW_OP_stack_value
	.long	.Ltmp244-.Lfunc_begin4
	.long	.Ltmp245-.Lfunc_begin4
	.short	3                               @ Loc expr size
	.byte	113                             @ DW_OP_breg1
	.byte	3                               @ 3
	.byte	159                             @ DW_OP_stack_value
	.long	.Ltmp245-.Lfunc_begin4
	.long	.Ltmp246-.Lfunc_begin4
	.short	17                              @ Loc expr size
	.byte	113                             @ DW_OP_breg1
	.byte	0                               @ 0
	.byte	17                              @ DW_OP_consts
	.byte	132                             @ 842756
	.byte	184                             @ 
	.byte	51                              @ 
	.byte	28                              @ DW_OP_minus
	.byte	17                              @ DW_OP_consts
	.byte	124                             @ -4
	.byte	27                              @ DW_OP_div
	.byte	17                              @ DW_OP_consts
	.byte	4                               @ 4
	.byte	30                              @ DW_OP_mul
	.byte	17                              @ DW_OP_consts
	.byte	4                               @ 4
	.byte	34                              @ DW_OP_plus
	.byte	159                             @ DW_OP_stack_value
	.long	.Ltmp248-.Lfunc_begin4
	.long	.Ltmp251-.Lfunc_begin4
	.short	2                               @ Loc expr size
	.byte	48                              @ DW_OP_lit0
	.byte	159                             @ DW_OP_stack_value
	.long	0
	.long	0
.Ldebug_loc19:
	.long	-1
	.long	.Lfunc_begin4                   @   base address
	.long	.Ltmp229-.Lfunc_begin4
	.long	.Ltmp231-.Lfunc_begin4
	.short	7                               @ Loc expr size
	.byte	114                             @ DW_OP_breg2
	.byte	0                               @ 0
	.byte	50                              @ DW_OP_lit2
	.byte	37                              @ DW_OP_shr
	.byte	49                              @ DW_OP_lit1
	.byte	26                              @ DW_OP_and
	.byte	159                             @ DW_OP_stack_value
	.long	0
	.long	0
.Ldebug_loc20:
	.long	-1
	.long	.Lfunc_begin4                   @   base address
	.long	.Ltmp230-.Lfunc_begin4
	.long	.Ltmp232-.Lfunc_begin4
	.short	7                               @ Loc expr size
	.byte	115                             @ DW_OP_breg3
	.byte	0                               @ 0
	.byte	51                              @ DW_OP_lit3
	.byte	37                              @ DW_OP_shr
	.byte	49                              @ DW_OP_lit1
	.byte	26                              @ DW_OP_and
	.byte	159                             @ DW_OP_stack_value
	.long	0
	.long	0
.Ldebug_loc21:
	.long	-1
	.long	.Lfunc_begin4                   @   base address
	.long	.Ltmp266-.Lfunc_begin4
	.long	.Ltmp279-.Lfunc_begin4
	.short	1                               @ Loc expr size
	.byte	86                              @ DW_OP_reg6
	.long	0
	.long	0
.Ldebug_loc22:
	.long	-1
	.long	.Lfunc_begin4                   @   base address
	.long	.Ltmp268-.Lfunc_begin4
	.long	.Ltmp270-.Lfunc_begin4
	.short	1                               @ Loc expr size
	.byte	80                              @ DW_OP_reg0
	.long	.Ltmp270-.Lfunc_begin4
	.long	.Ltmp279-.Lfunc_begin4
	.short	1                               @ Loc expr size
	.byte	85                              @ DW_OP_reg5
	.long	0
	.long	0
.Ldebug_loc23:
	.long	-1
	.long	.Lfunc_begin5                   @   base address
	.long	.Lfunc_begin5-.Lfunc_begin5
	.long	.Ltmp286-.Lfunc_begin5
	.short	1                               @ Loc expr size
	.byte	80                              @ DW_OP_reg0
	.long	.Ltmp286-.Lfunc_begin5
	.long	.Ltmp291-.Lfunc_begin5
	.short	1                               @ Loc expr size
	.byte	84                              @ DW_OP_reg4
	.long	0
	.long	0
.Ldebug_loc24:
	.long	-1
	.long	.Lfunc_begin5                   @   base address
	.long	.Ltmp287-.Lfunc_begin5
	.long	.Ltmp290-.Lfunc_begin5
	.short	7                               @ Loc expr size
	.byte	114                             @ DW_OP_breg2
	.byte	0                               @ 0
	.byte	49                              @ DW_OP_lit1
	.byte	37                              @ DW_OP_shr
	.byte	49                              @ DW_OP_lit1
	.byte	26                              @ DW_OP_and
	.byte	159                             @ DW_OP_stack_value
	.long	0
	.long	0
.Ldebug_loc25:
	.long	-1
	.long	.Lfunc_begin5                   @   base address
	.long	.Ltmp298-.Lfunc_begin5
	.long	.Ltmp299-.Lfunc_begin5
	.short	1                               @ Loc expr size
	.byte	80                              @ DW_OP_reg0
	.long	.Ltmp301-.Lfunc_begin5
	.long	.Ltmp302-.Lfunc_begin5
	.short	1                               @ Loc expr size
	.byte	80                              @ DW_OP_reg0
	.long	.Ltmp302-.Lfunc_begin5
	.long	.Ltmp311-.Lfunc_begin5
	.short	1                               @ Loc expr size
	.byte	85                              @ DW_OP_reg5
	.long	0
	.long	0
.Ldebug_loc26:
	.long	-1
	.long	.Lfunc_begin7                   @   base address
	.long	.Lfunc_begin7-.Lfunc_begin7
	.long	.Ltmp322-.Lfunc_begin7
	.short	1                               @ Loc expr size
	.byte	80                              @ DW_OP_reg0
	.long	.Ltmp322-.Lfunc_begin7
	.long	.Ltmp323-.Lfunc_begin7
	.short	4                               @ Loc expr size
	.byte	243                             @ DW_OP_GNU_entry_value
	.byte	1                               @ 1
	.byte	80                              @ DW_OP_reg0
	.byte	159                             @ DW_OP_stack_value
	.long	.Ltmp323-.Lfunc_begin7
	.long	.Ltmp327-.Lfunc_begin7
	.short	1                               @ Loc expr size
	.byte	80                              @ DW_OP_reg0
	.long	.Ltmp327-.Lfunc_begin7
	.long	.Lfunc_end7-.Lfunc_begin7
	.short	4                               @ Loc expr size
	.byte	243                             @ DW_OP_GNU_entry_value
	.byte	1                               @ 1
	.byte	80                              @ DW_OP_reg0
	.byte	159                             @ DW_OP_stack_value
	.long	0
	.long	0
.Ldebug_loc27:
	.long	-1
	.long	.Lfunc_begin7                   @   base address
	.long	.Ltmp337-.Lfunc_begin7
	.long	.Ltmp349-.Lfunc_begin7
	.short	1                               @ Loc expr size
	.byte	82                              @ DW_OP_reg2
	.long	0
	.long	0
.Ldebug_loc28:
	.long	-1
	.long	.Lfunc_begin7                   @   base address
	.long	.Ltmp327-.Lfunc_begin7
	.long	.Ltmp329-.Lfunc_begin7
	.short	1                               @ Loc expr size
	.byte	80                              @ DW_OP_reg0
	.long	.Ltmp331-.Lfunc_begin7
	.long	.Ltmp335-.Lfunc_begin7
	.short	1                               @ Loc expr size
	.byte	80                              @ DW_OP_reg0
	.long	0
	.long	0
.Ldebug_loc29:
	.long	-1
	.long	.Lfunc_begin7                   @   base address
	.long	.Ltmp358-.Lfunc_begin7
	.long	.Ltmp364-.Lfunc_begin7
	.short	1                               @ Loc expr size
	.byte	84                              @ DW_OP_reg4
	.long	0
	.long	0
.Ldebug_loc30:
	.long	-1
	.long	.Lfunc_begin8                   @   base address
	.long	.Lfunc_begin8-.Lfunc_begin8
	.long	.Ltmp365-.Lfunc_begin8
	.short	1                               @ Loc expr size
	.byte	80                              @ DW_OP_reg0
	.long	.Ltmp365-.Lfunc_begin8
	.long	.Ltmp395-.Lfunc_begin8
	.short	1                               @ Loc expr size
	.byte	84                              @ DW_OP_reg4
	.long	0
	.long	0
.Ldebug_loc31:
	.long	-1
	.long	.Lfunc_begin8                   @   base address
	.long	.Ltmp380-.Lfunc_begin8
	.long	.Ltmp394-.Lfunc_begin8
	.short	1                               @ Loc expr size
	.byte	85                              @ DW_OP_reg5
	.long	0
	.long	0
.Ldebug_loc32:
	.long	-1
	.long	.Lfunc_begin8                   @   base address
	.long	.Ltmp383-.Lfunc_begin8
	.long	.Ltmp384-.Lfunc_begin8
	.short	1                               @ Loc expr size
	.byte	80                              @ DW_OP_reg0
	.long	0
	.long	0
.Ldebug_loc33:
	.long	-1
	.long	.Lfunc_begin9                   @   base address
	.long	.Lfunc_begin9-.Lfunc_begin9
	.long	.Ltmp396-.Lfunc_begin9
	.short	1                               @ Loc expr size
	.byte	80                              @ DW_OP_reg0
	.long	.Ltmp396-.Lfunc_begin9
	.long	.Ltmp439-.Lfunc_begin9
	.short	1                               @ Loc expr size
	.byte	84                              @ DW_OP_reg4
	.long	0
	.long	0
.Ldebug_loc34:
	.long	-1
	.long	.Lfunc_begin9                   @   base address
	.long	.Ltmp403-.Lfunc_begin9
	.long	.Ltmp404-.Lfunc_begin9
	.short	1                               @ Loc expr size
	.byte	80                              @ DW_OP_reg0
	.long	.Ltmp404-.Lfunc_begin9
	.long	.Ltmp407-.Lfunc_begin9
	.short	1                               @ Loc expr size
	.byte	85                              @ DW_OP_reg5
	.long	.Ltmp407-.Lfunc_begin9
	.long	.Ltmp409-.Lfunc_begin9
	.short	1                               @ Loc expr size
	.byte	80                              @ DW_OP_reg0
	.long	.Ltmp422-.Lfunc_begin9
	.long	.Ltmp423-.Lfunc_begin9
	.short	2                               @ Loc expr size
	.byte	48                              @ DW_OP_lit0
	.byte	159                             @ DW_OP_stack_value
	.long	.Ltmp434-.Lfunc_begin9
	.long	.Ltmp435-.Lfunc_begin9
	.short	2                               @ Loc expr size
	.byte	49                              @ DW_OP_lit1
	.byte	159                             @ DW_OP_stack_value
	.long	.Ltmp436-.Lfunc_begin9
	.long	.Ltmp439-.Lfunc_begin9
	.short	1                               @ Loc expr size
	.byte	85                              @ DW_OP_reg5
	.long	0
	.long	0
.Ldebug_loc35:
	.long	-1
	.long	.Lfunc_begin9                   @   base address
	.long	.Ltmp407-.Lfunc_begin9
	.long	.Ltmp422-.Lfunc_begin9
	.short	1                               @ Loc expr size
	.byte	84                              @ DW_OP_reg4
	.long	.Ltmp425-.Lfunc_begin9
	.long	.Ltmp435-.Lfunc_begin9
	.short	1                               @ Loc expr size
	.byte	84                              @ DW_OP_reg4
	.long	0
	.long	0
.Ldebug_loc36:
	.long	-1
	.long	.Lfunc_begin9                   @   base address
	.long	.Ltmp410-.Lfunc_begin9
	.long	.Ltmp413-.Lfunc_begin9
	.short	7                               @ Loc expr size
	.byte	113                             @ DW_OP_breg1
	.byte	0                               @ 0
	.byte	49                              @ DW_OP_lit1
	.byte	37                              @ DW_OP_shr
	.byte	49                              @ DW_OP_lit1
	.byte	26                              @ DW_OP_and
	.byte	159                             @ DW_OP_stack_value
	.long	0
	.long	0
.Ldebug_loc37:
	.long	-1
	.long	.Lfunc_begin9                   @   base address
	.long	.Ltmp421-.Lfunc_begin9
	.long	.Ltmp422-.Lfunc_begin9
	.short	1                               @ Loc expr size
	.byte	80                              @ DW_OP_reg0
	.long	.Ltmp425-.Lfunc_begin9
	.long	.Ltmp433-.Lfunc_begin9
	.short	1                               @ Loc expr size
	.byte	85                              @ DW_OP_reg5
	.long	0
	.long	0
.Ldebug_loc38:
	.long	-1
	.long	.Lfunc_begin10                  @   base address
	.long	.Lfunc_begin10-.Lfunc_begin10
	.long	.Ltmp440-.Lfunc_begin10
	.short	1                               @ Loc expr size
	.byte	80                              @ DW_OP_reg0
	.long	.Ltmp440-.Lfunc_begin10
	.long	.Ltmp509-.Lfunc_begin10
	.short	1                               @ Loc expr size
	.byte	84                              @ DW_OP_reg4
	.long	0
	.long	0
.Ldebug_loc39:
	.long	-1
	.long	.Lfunc_begin10                  @   base address
	.long	.Lfunc_begin10-.Lfunc_begin10
	.long	.Ltmp442-.Lfunc_begin10
	.short	1                               @ Loc expr size
	.byte	81                              @ DW_OP_reg1
	.long	.Ltmp442-.Lfunc_begin10
	.long	.Ltmp509-.Lfunc_begin10
	.short	1                               @ Loc expr size
	.byte	85                              @ DW_OP_reg5
	.long	0
	.long	0
.Ldebug_loc40:
	.long	-1
	.long	.Lfunc_begin10                  @   base address
	.long	.Ltmp447-.Lfunc_begin10
	.long	.Ltmp509-.Lfunc_begin10
	.short	1                               @ Loc expr size
	.byte	90                              @ DW_OP_reg10
	.long	0
	.long	0
.Ldebug_loc41:
	.long	-1
	.long	.Lfunc_begin10                  @   base address
	.long	.Ltmp455-.Lfunc_begin10
	.long	.Ltmp476-.Lfunc_begin10
	.short	1                               @ Loc expr size
	.byte	87                              @ DW_OP_reg7
	.long	.Ltmp481-.Lfunc_begin10
	.long	.Ltmp509-.Lfunc_begin10
	.short	1                               @ Loc expr size
	.byte	87                              @ DW_OP_reg7
	.long	0
	.long	0
.Ldebug_loc42:
	.long	-1
	.long	.Lfunc_begin10                  @   base address
	.long	.Ltmp457-.Lfunc_begin10
	.long	.Ltmp459-.Lfunc_begin10
	.short	1                               @ Loc expr size
	.byte	80                              @ DW_OP_reg0
	.long	.Ltmp459-.Lfunc_begin10
	.long	.Ltmp476-.Lfunc_begin10
	.short	1                               @ Loc expr size
	.byte	86                              @ DW_OP_reg6
	.long	.Ltmp481-.Lfunc_begin10
	.long	.Ltmp485-.Lfunc_begin10
	.short	1                               @ Loc expr size
	.byte	86                              @ DW_OP_reg6
	.long	0
	.long	0
.Ldebug_loc43:
	.long	-1
	.long	.Lfunc_begin10                  @   base address
	.long	.Ltmp500-.Lfunc_begin10
	.long	.Ltmp502-.Lfunc_begin10
	.short	1                               @ Loc expr size
	.byte	80                              @ DW_OP_reg0
	.long	.Ltmp503-.Lfunc_begin10
	.long	.Ltmp505-.Lfunc_begin10
	.short	1                               @ Loc expr size
	.byte	80                              @ DW_OP_reg0
	.long	0
	.long	0
.Ldebug_loc44:
	.long	-1
	.long	.Lfunc_begin11                  @   base address
	.long	.Lfunc_begin11-.Lfunc_begin11
	.long	.Ltmp512-.Lfunc_begin11
	.short	1                               @ Loc expr size
	.byte	80                              @ DW_OP_reg0
	.long	.Ltmp512-.Lfunc_begin11
	.long	.Ltmp565-.Lfunc_begin11
	.short	1                               @ Loc expr size
	.byte	84                              @ DW_OP_reg4
	.long	0
	.long	0
.Ldebug_loc45:
	.long	-1
	.long	.Lfunc_begin11                  @   base address
	.long	.Lfunc_begin11-.Lfunc_begin11
	.long	.Ltmp511-.Lfunc_begin11
	.short	1                               @ Loc expr size
	.byte	81                              @ DW_OP_reg1
	.long	.Ltmp511-.Lfunc_begin11
	.long	.Ltmp565-.Lfunc_begin11
	.short	1                               @ Loc expr size
	.byte	85                              @ DW_OP_reg5
	.long	0
	.long	0
.Ldebug_loc46:
	.long	-1
	.long	.Lfunc_begin11                  @   base address
	.long	.Lfunc_begin11-.Lfunc_begin11
	.long	.Ltmp510-.Lfunc_begin11
	.short	1                               @ Loc expr size
	.byte	82                              @ DW_OP_reg2
	.long	.Ltmp510-.Lfunc_begin11
	.long	.Ltmp565-.Lfunc_begin11
	.short	1                               @ Loc expr size
	.byte	86                              @ DW_OP_reg6
	.long	0
	.long	0
.Ldebug_loc47:
	.long	-1
	.long	.Lfunc_begin11                  @   base address
	.long	.Ltmp514-.Lfunc_begin11
	.long	.Ltmp516-.Lfunc_begin11
	.short	1                               @ Loc expr size
	.byte	80                              @ DW_OP_reg0
	.long	.Ltmp516-.Lfunc_begin11
	.long	.Ltmp537-.Lfunc_begin11
	.short	1                               @ Loc expr size
	.byte	87                              @ DW_OP_reg7
	.long	0
	.long	0
.Ldebug_loc48:
	.long	-1
	.long	.Lfunc_begin12                  @   base address
	.long	.Lfunc_begin12-.Lfunc_begin12
	.long	.Ltmp573-.Lfunc_begin12
	.short	1                               @ Loc expr size
	.byte	80                              @ DW_OP_reg0
	.long	.Ltmp573-.Lfunc_begin12
	.long	.Ltmp574-.Lfunc_begin12
	.short	4                               @ Loc expr size
	.byte	243                             @ DW_OP_GNU_entry_value
	.byte	1                               @ 1
	.byte	80                              @ DW_OP_reg0
	.byte	159                             @ DW_OP_stack_value
	.long	.Ltmp574-.Lfunc_begin12
	.long	.Ltmp578-.Lfunc_begin12
	.short	1                               @ Loc expr size
	.byte	80                              @ DW_OP_reg0
	.long	.Ltmp578-.Lfunc_begin12
	.long	.Lfunc_end12-.Lfunc_begin12
	.short	4                               @ Loc expr size
	.byte	243                             @ DW_OP_GNU_entry_value
	.byte	1                               @ 1
	.byte	80                              @ DW_OP_reg0
	.byte	159                             @ DW_OP_stack_value
	.long	0
	.long	0
.Ldebug_loc49:
	.long	-1
	.long	.Lfunc_begin12                  @   base address
	.long	.Ltmp586-.Lfunc_begin12
	.long	.Lfunc_end12-.Lfunc_begin12
	.short	1                               @ Loc expr size
	.byte	92                              @ DW_OP_reg12
	.long	0
	.long	0
.Ldebug_loc50:
	.long	-1
	.long	.Lfunc_begin12                  @   base address
	.long	.Ltmp578-.Lfunc_begin12
	.long	.Ltmp580-.Lfunc_begin12
	.short	1                               @ Loc expr size
	.byte	80                              @ DW_OP_reg0
	.long	.Ltmp582-.Lfunc_begin12
	.long	.Ltmp584-.Lfunc_begin12
	.short	1                               @ Loc expr size
	.byte	80                              @ DW_OP_reg0
	.long	0
	.long	0
.Ldebug_loc51:
	.long	-1
	.long	.Lfunc_begin12                  @   base address
	.long	.Ltmp619-.Lfunc_begin12
	.long	.Ltmp631-.Lfunc_begin12
	.short	1                               @ Loc expr size
	.byte	84                              @ DW_OP_reg4
	.long	0
	.long	0
.Ldebug_loc52:
	.long	-1
	.long	.Lfunc_begin13                  @   base address
	.long	.Lfunc_begin13-.Lfunc_begin13
	.long	.Ltmp632-.Lfunc_begin13
	.short	1                               @ Loc expr size
	.byte	80                              @ DW_OP_reg0
	.long	.Ltmp632-.Lfunc_begin13
	.long	.Ltmp676-.Lfunc_begin13
	.short	1                               @ Loc expr size
	.byte	84                              @ DW_OP_reg4
	.long	0
	.long	0
.Ldebug_loc53:
	.long	-1
	.long	.Lfunc_begin13                  @   base address
	.long	.Ltmp639-.Lfunc_begin13
	.long	.Ltmp640-.Lfunc_begin13
	.short	1                               @ Loc expr size
	.byte	80                              @ DW_OP_reg0
	.long	.Ltmp640-.Lfunc_begin13
	.long	.Ltmp643-.Lfunc_begin13
	.short	1                               @ Loc expr size
	.byte	85                              @ DW_OP_reg5
	.long	.Ltmp643-.Lfunc_begin13
	.long	.Ltmp645-.Lfunc_begin13
	.short	1                               @ Loc expr size
	.byte	80                              @ DW_OP_reg0
	.long	.Ltmp659-.Lfunc_begin13
	.long	.Ltmp660-.Lfunc_begin13
	.short	2                               @ Loc expr size
	.byte	48                              @ DW_OP_lit0
	.byte	159                             @ DW_OP_stack_value
	.long	.Ltmp671-.Lfunc_begin13
	.long	.Ltmp672-.Lfunc_begin13
	.short	2                               @ Loc expr size
	.byte	49                              @ DW_OP_lit1
	.byte	159                             @ DW_OP_stack_value
	.long	.Ltmp673-.Lfunc_begin13
	.long	.Ltmp676-.Lfunc_begin13
	.short	1                               @ Loc expr size
	.byte	85                              @ DW_OP_reg5
	.long	0
	.long	0
.Ldebug_loc54:
	.long	-1
	.long	.Lfunc_begin13                  @   base address
	.long	.Ltmp646-.Lfunc_begin13
	.long	.Ltmp659-.Lfunc_begin13
	.short	1                               @ Loc expr size
	.byte	84                              @ DW_OP_reg4
	.long	.Ltmp662-.Lfunc_begin13
	.long	.Ltmp672-.Lfunc_begin13
	.short	1                               @ Loc expr size
	.byte	84                              @ DW_OP_reg4
	.long	0
	.long	0
.Ldebug_loc55:
	.long	-1
	.long	.Lfunc_begin13                  @   base address
	.long	.Ltmp647-.Lfunc_begin13
	.long	.Ltmp650-.Lfunc_begin13
	.short	7                               @ Loc expr size
	.byte	113                             @ DW_OP_breg1
	.byte	0                               @ 0
	.byte	49                              @ DW_OP_lit1
	.byte	37                              @ DW_OP_shr
	.byte	49                              @ DW_OP_lit1
	.byte	26                              @ DW_OP_and
	.byte	159                             @ DW_OP_stack_value
	.long	0
	.long	0
.Ldebug_loc56:
	.long	-1
	.long	.Lfunc_begin13                  @   base address
	.long	.Ltmp658-.Lfunc_begin13
	.long	.Ltmp659-.Lfunc_begin13
	.short	1                               @ Loc expr size
	.byte	80                              @ DW_OP_reg0
	.long	.Ltmp662-.Lfunc_begin13
	.long	.Ltmp670-.Lfunc_begin13
	.short	1                               @ Loc expr size
	.byte	85                              @ DW_OP_reg5
	.long	0
	.long	0
.Ldebug_loc57:
	.long	-1
	.long	.Lfunc_begin14                  @   base address
	.long	.Lfunc_begin14-.Lfunc_begin14
	.long	.Ltmp686-.Lfunc_begin14
	.short	1                               @ Loc expr size
	.byte	80                              @ DW_OP_reg0
	.long	.Ltmp686-.Lfunc_begin14
	.long	.Ltmp687-.Lfunc_begin14
	.short	4                               @ Loc expr size
	.byte	243                             @ DW_OP_GNU_entry_value
	.byte	1                               @ 1
	.byte	80                              @ DW_OP_reg0
	.byte	159                             @ DW_OP_stack_value
	.long	.Ltmp687-.Lfunc_begin14
	.long	.Ltmp698-.Lfunc_begin14
	.short	1                               @ Loc expr size
	.byte	80                              @ DW_OP_reg0
	.long	.Ltmp698-.Lfunc_begin14
	.long	.Ltmp725-.Lfunc_begin14
	.short	4                               @ Loc expr size
	.byte	243                             @ DW_OP_GNU_entry_value
	.byte	1                               @ 1
	.byte	80                              @ DW_OP_reg0
	.byte	159                             @ DW_OP_stack_value
	.long	.Ltmp725-.Lfunc_begin14
	.long	.Ltmp728-.Lfunc_begin14
	.short	1                               @ Loc expr size
	.byte	80                              @ DW_OP_reg0
	.long	.Ltmp728-.Lfunc_begin14
	.long	.Lfunc_end14-.Lfunc_begin14
	.short	4                               @ Loc expr size
	.byte	243                             @ DW_OP_GNU_entry_value
	.byte	1                               @ 1
	.byte	80                              @ DW_OP_reg0
	.byte	159                             @ DW_OP_stack_value
	.long	0
	.long	0
.Ldebug_loc58:
	.long	-1
	.long	.Lfunc_begin14                  @   base address
	.long	.Lfunc_begin14-.Lfunc_begin14
	.long	.Ltmp695-.Lfunc_begin14
	.short	1                               @ Loc expr size
	.byte	81                              @ DW_OP_reg1
	.long	.Ltmp695-.Lfunc_begin14
	.long	.Ltmp725-.Lfunc_begin14
	.short	1                               @ Loc expr size
	.byte	85                              @ DW_OP_reg5
	.long	.Ltmp725-.Lfunc_begin14
	.long	.Ltmp727-.Lfunc_begin14
	.short	1                               @ Loc expr size
	.byte	81                              @ DW_OP_reg1
	.long	.Ltmp727-.Lfunc_begin14
	.long	.Lfunc_end14-.Lfunc_begin14
	.short	4                               @ Loc expr size
	.byte	243                             @ DW_OP_GNU_entry_value
	.byte	1                               @ 1
	.byte	81                              @ DW_OP_reg1
	.byte	159                             @ DW_OP_stack_value
	.long	0
	.long	0
.Ldebug_loc59:
	.long	-1
	.long	.Lfunc_begin14                  @   base address
	.long	.Lfunc_begin14-.Lfunc_begin14
	.long	.Ltmp696-.Lfunc_begin14
	.short	1                               @ Loc expr size
	.byte	82                              @ DW_OP_reg2
	.long	.Ltmp696-.Lfunc_begin14
	.long	.Ltmp725-.Lfunc_begin14
	.short	1                               @ Loc expr size
	.byte	88                              @ DW_OP_reg8
	.long	.Ltmp725-.Lfunc_begin14
	.long	.Lfunc_end14-.Lfunc_begin14
	.short	1                               @ Loc expr size
	.byte	82                              @ DW_OP_reg2
	.long	0
	.long	0
.Ldebug_loc60:
	.long	-1
	.long	.Lfunc_begin14                  @   base address
	.long	.Ltmp689-.Lfunc_begin14
	.long	.Ltmp711-.Lfunc_begin14
	.short	1                               @ Loc expr size
	.byte	87                              @ DW_OP_reg7
	.long	.Ltmp725-.Lfunc_begin14
	.long	.Ltmp729-.Lfunc_begin14
	.short	1                               @ Loc expr size
	.byte	87                              @ DW_OP_reg7
	.long	0
	.long	0
.Ldebug_loc61:
	.long	-1
	.long	.Lfunc_begin14                  @   base address
	.long	.Ltmp698-.Lfunc_begin14
	.long	.Ltmp700-.Lfunc_begin14
	.short	1                               @ Loc expr size
	.byte	80                              @ DW_OP_reg0
	.long	.Ltmp702-.Lfunc_begin14
	.long	.Ltmp705-.Lfunc_begin14
	.short	1                               @ Loc expr size
	.byte	80                              @ DW_OP_reg0
	.long	.Ltmp723-.Lfunc_begin14
	.long	.Ltmp725-.Lfunc_begin14
	.short	1                               @ Loc expr size
	.byte	80                              @ DW_OP_reg0
	.long	.Ltmp725-.Lfunc_begin14
	.long	.Lfunc_end14-.Lfunc_begin14
	.short	2                               @ Loc expr size
	.byte	49                              @ DW_OP_lit1
	.byte	159                             @ DW_OP_stack_value
	.long	0
	.long	0
.Ldebug_loc62:
	.long	-1
	.long	.Lfunc_begin15                  @   base address
	.long	.Lfunc_begin15-.Lfunc_begin15
	.long	.Ltmp730-.Lfunc_begin15
	.short	1                               @ Loc expr size
	.byte	80                              @ DW_OP_reg0
	.long	.Ltmp730-.Lfunc_begin15
	.long	.Ltmp741-.Lfunc_begin15
	.short	1                               @ Loc expr size
	.byte	81                              @ DW_OP_reg1
	.long	.Ltmp748-.Lfunc_begin15
	.long	.Ltmp750-.Lfunc_begin15
	.short	1                               @ Loc expr size
	.byte	81                              @ DW_OP_reg1
	.long	0
	.long	0
.Ldebug_loc63:
	.long	-1
	.long	.Lfunc_begin15                  @   base address
	.long	.Ltmp731-.Lfunc_begin15
	.long	.Ltmp737-.Lfunc_begin15
	.short	1                               @ Loc expr size
	.byte	80                              @ DW_OP_reg0
	.long	.Ltmp739-.Lfunc_begin15
	.long	.Ltmp757-.Lfunc_begin15
	.short	1                               @ Loc expr size
	.byte	80                              @ DW_OP_reg0
	.long	0
	.long	0
.Ldebug_loc64:
	.long	-1
	.long	.Lfunc_begin16                  @   base address
	.long	.Lfunc_begin16-.Lfunc_begin16
	.long	.Ltmp758-.Lfunc_begin16
	.short	1                               @ Loc expr size
	.byte	80                              @ DW_OP_reg0
	.long	.Ltmp758-.Lfunc_begin16
	.long	.Lfunc_end16-.Lfunc_begin16
	.short	4                               @ Loc expr size
	.byte	243                             @ DW_OP_GNU_entry_value
	.byte	1                               @ 1
	.byte	80                              @ DW_OP_reg0
	.byte	159                             @ DW_OP_stack_value
	.long	0
	.long	0
.Ldebug_loc65:
	.long	-1
	.long	.Lfunc_begin16                  @   base address
	.long	.Ltmp758-.Lfunc_begin16
	.long	.Ltmp759-.Lfunc_begin16
	.short	1                               @ Loc expr size
	.byte	80                              @ DW_OP_reg0
	.long	0
	.long	0
.Ldebug_loc66:
	.long	-1
	.long	.Lfunc_begin17                  @   base address
	.long	.Lfunc_begin17-.Lfunc_begin17
	.long	.Ltmp760-.Lfunc_begin17
	.short	1                               @ Loc expr size
	.byte	80                              @ DW_OP_reg0
	.long	.Ltmp760-.Lfunc_begin17
	.long	.Lfunc_end17-.Lfunc_begin17
	.short	4                               @ Loc expr size
	.byte	243                             @ DW_OP_GNU_entry_value
	.byte	1                               @ 1
	.byte	80                              @ DW_OP_reg0
	.byte	159                             @ DW_OP_stack_value
	.long	0
	.long	0
.Ldebug_loc67:
	.long	-1
	.long	.Lfunc_begin17                  @   base address
	.long	.Ltmp760-.Lfunc_begin17
	.long	.Ltmp762-.Lfunc_begin17
	.short	1                               @ Loc expr size
	.byte	80                              @ DW_OP_reg0
	.long	0
	.long	0
.Ldebug_loc68:
	.long	-1
	.long	.Lfunc_begin18                  @   base address
	.long	.Lfunc_begin18-.Lfunc_begin18
	.long	.Ltmp763-.Lfunc_begin18
	.short	1                               @ Loc expr size
	.byte	80                              @ DW_OP_reg0
	.long	.Ltmp763-.Lfunc_begin18
	.long	.Ltmp842-.Lfunc_begin18
	.short	1                               @ Loc expr size
	.byte	84                              @ DW_OP_reg4
	.long	0
	.long	0
.Ldebug_loc69:
	.long	-1
	.long	.Lfunc_begin18                  @   base address
	.long	.Ltmp770-.Lfunc_begin18
	.long	.Ltmp771-.Lfunc_begin18
	.short	1                               @ Loc expr size
	.byte	80                              @ DW_OP_reg0
	.long	.Ltmp771-.Lfunc_begin18
	.long	.Ltmp774-.Lfunc_begin18
	.short	1                               @ Loc expr size
	.byte	85                              @ DW_OP_reg5
	.long	.Ltmp774-.Lfunc_begin18
	.long	.Ltmp777-.Lfunc_begin18
	.short	1                               @ Loc expr size
	.byte	80                              @ DW_OP_reg0
	.long	.Ltmp781-.Lfunc_begin18
	.long	.Ltmp783-.Lfunc_begin18
	.short	1                               @ Loc expr size
	.byte	80                              @ DW_OP_reg0
	.long	.Ltmp783-.Lfunc_begin18
	.long	.Ltmp810-.Lfunc_begin18
	.short	1                               @ Loc expr size
	.byte	85                              @ DW_OP_reg5
	.long	.Ltmp810-.Lfunc_begin18
	.long	.Ltmp811-.Lfunc_begin18
	.short	1                               @ Loc expr size
	.byte	80                              @ DW_OP_reg0
	.long	.Ltmp839-.Lfunc_begin18
	.long	.Ltmp842-.Lfunc_begin18
	.short	1                               @ Loc expr size
	.byte	85                              @ DW_OP_reg5
	.long	0
	.long	0
.Ldebug_loc70:
	.long	-1
	.long	.Lfunc_begin18                  @   base address
	.long	.Ltmp787-.Lfunc_begin18
	.long	.Ltmp790-.Lfunc_begin18
	.short	7                               @ Loc expr size
	.byte	113                             @ DW_OP_breg1
	.byte	0                               @ 0
	.byte	49                              @ DW_OP_lit1
	.byte	37                              @ DW_OP_shr
	.byte	49                              @ DW_OP_lit1
	.byte	26                              @ DW_OP_and
	.byte	159                             @ DW_OP_stack_value
	.long	0
	.long	0
.Ldebug_loc71:
	.long	-1
	.long	.Lfunc_begin18                  @   base address
	.long	.Ltmp798-.Lfunc_begin18
	.long	.Ltmp800-.Lfunc_begin18
	.short	1                               @ Loc expr size
	.byte	80                              @ DW_OP_reg0
	.long	.Ltmp800-.Lfunc_begin18
	.long	.Ltmp809-.Lfunc_begin18
	.short	1                               @ Loc expr size
	.byte	86                              @ DW_OP_reg6
	.long	0
	.long	0
.Ldebug_loc72:
	.long	-1
	.long	.Lfunc_begin18                  @   base address
	.long	.Ltmp812-.Lfunc_begin18
	.long	.Ltmp825-.Lfunc_begin18
	.short	1                               @ Loc expr size
	.byte	84                              @ DW_OP_reg4
	.long	.Ltmp828-.Lfunc_begin18
	.long	.Ltmp837-.Lfunc_begin18
	.short	1                               @ Loc expr size
	.byte	84                              @ DW_OP_reg4
	.long	0
	.long	0
.Ldebug_loc73:
	.long	-1
	.long	.Lfunc_begin18                  @   base address
	.long	.Ltmp813-.Lfunc_begin18
	.long	.Ltmp816-.Lfunc_begin18
	.short	7                               @ Loc expr size
	.byte	112                             @ DW_OP_breg0
	.byte	0                               @ 0
	.byte	49                              @ DW_OP_lit1
	.byte	37                              @ DW_OP_shr
	.byte	49                              @ DW_OP_lit1
	.byte	26                              @ DW_OP_and
	.byte	159                             @ DW_OP_stack_value
	.long	0
	.long	0
.Ldebug_loc74:
	.long	-1
	.long	.Lfunc_begin18                  @   base address
	.long	.Ltmp824-.Lfunc_begin18
	.long	.Ltmp825-.Lfunc_begin18
	.short	1                               @ Loc expr size
	.byte	80                              @ DW_OP_reg0
	.long	.Ltmp828-.Lfunc_begin18
	.long	.Ltmp836-.Lfunc_begin18
	.short	1                               @ Loc expr size
	.byte	85                              @ DW_OP_reg5
	.long	0
	.long	0
.Ldebug_loc75:
	.long	-1
	.long	.Lfunc_begin19                  @   base address
	.long	.Lfunc_begin19-.Lfunc_begin19
	.long	.Ltmp843-.Lfunc_begin19
	.short	1                               @ Loc expr size
	.byte	80                              @ DW_OP_reg0
	.long	.Ltmp843-.Lfunc_begin19
	.long	.Lfunc_end19-.Lfunc_begin19
	.short	4                               @ Loc expr size
	.byte	243                             @ DW_OP_GNU_entry_value
	.byte	1                               @ 1
	.byte	80                              @ DW_OP_reg0
	.byte	159                             @ DW_OP_stack_value
	.long	0
	.long	0
.Ldebug_loc76:
	.long	-1
	.long	.Lfunc_begin20                  @   base address
	.long	.Lfunc_begin20-.Lfunc_begin20
	.long	.Ltmp845-.Lfunc_begin20
	.short	1                               @ Loc expr size
	.byte	80                              @ DW_OP_reg0
	.long	.Ltmp845-.Lfunc_begin20
	.long	.Ltmp929-.Lfunc_begin20
	.short	1                               @ Loc expr size
	.byte	84                              @ DW_OP_reg4
	.long	.Ltmp929-.Lfunc_begin20
	.long	.Ltmp930-.Lfunc_begin20
	.short	4                               @ Loc expr size
	.byte	243                             @ DW_OP_GNU_entry_value
	.byte	1                               @ 1
	.byte	80                              @ DW_OP_reg0
	.byte	159                             @ DW_OP_stack_value
	.long	.Ltmp930-.Lfunc_begin20
	.long	.Lfunc_end20-.Lfunc_begin20
	.short	1                               @ Loc expr size
	.byte	84                              @ DW_OP_reg4
	.long	0
	.long	0
.Ldebug_loc77:
	.long	-1
	.long	.Lfunc_begin20                  @   base address
	.long	.Ltmp846-.Lfunc_begin20
	.long	.Ltmp923-.Lfunc_begin20
	.short	2                               @ Loc expr size
	.byte	48                              @ DW_OP_lit0
	.byte	159                             @ DW_OP_stack_value
	.long	.Ltmp932-.Lfunc_begin20
	.long	.Ltmp946-.Lfunc_begin20
	.short	2                               @ Loc expr size
	.byte	48                              @ DW_OP_lit0
	.byte	159                             @ DW_OP_stack_value
	.long	.Ltmp947-.Lfunc_begin20
	.long	.Lfunc_end20-.Lfunc_begin20
	.short	2                               @ Loc expr size
	.byte	48                              @ DW_OP_lit0
	.byte	159                             @ DW_OP_stack_value
	.long	0
	.long	0
.Ldebug_loc78:
	.long	-1
	.long	.Lfunc_begin20                  @   base address
	.long	.Ltmp850-.Lfunc_begin20
	.long	.Ltmp929-.Lfunc_begin20
	.short	1                               @ Loc expr size
	.byte	86                              @ DW_OP_reg6
	.long	.Ltmp930-.Lfunc_begin20
	.long	.Lfunc_end20-.Lfunc_begin20
	.short	1                               @ Loc expr size
	.byte	86                              @ DW_OP_reg6
	.long	0
	.long	0
.Ldebug_loc79:
	.long	-1
	.long	.Lfunc_begin20                  @   base address
	.long	.Ltmp851-.Lfunc_begin20
	.long	.Ltmp929-.Lfunc_begin20
	.short	1                               @ Loc expr size
	.byte	85                              @ DW_OP_reg5
	.long	.Ltmp930-.Lfunc_begin20
	.long	.Lfunc_end20-.Lfunc_begin20
	.short	1                               @ Loc expr size
	.byte	85                              @ DW_OP_reg5
	.long	0
	.long	0
.Ldebug_loc80:
	.long	-1
	.long	.Lfunc_begin20                  @   base address
	.long	.Ltmp862-.Lfunc_begin20
	.long	.Ltmp929-.Lfunc_begin20
	.short	1                               @ Loc expr size
	.byte	91                              @ DW_OP_reg11
	.long	.Ltmp930-.Lfunc_begin20
	.long	.Lfunc_end20-.Lfunc_begin20
	.short	1                               @ Loc expr size
	.byte	91                              @ DW_OP_reg11
	.long	0
	.long	0
.Ldebug_loc81:
	.long	-1
	.long	.Lfunc_begin20                  @   base address
	.long	.Ltmp873-.Lfunc_begin20
	.long	.Ltmp874-.Lfunc_begin20
	.short	1                               @ Loc expr size
	.byte	82                              @ DW_OP_reg2
	.long	.Ltmp899-.Lfunc_begin20
	.long	.Ltmp901-.Lfunc_begin20
	.short	1                               @ Loc expr size
	.byte	82                              @ DW_OP_reg2
	.long	.Ltmp932-.Lfunc_begin20
	.long	.Ltmp944-.Lfunc_begin20
	.short	1                               @ Loc expr size
	.byte	82                              @ DW_OP_reg2
	.long	.Ltmp947-.Lfunc_begin20
	.long	.Lfunc_end20-.Lfunc_begin20
	.short	1                               @ Loc expr size
	.byte	82                              @ DW_OP_reg2
	.long	0
	.long	0
.Ldebug_loc82:
	.long	-1
	.long	.Lfunc_begin20                  @   base address
	.long	.Ltmp897-.Lfunc_begin20
	.long	.Ltmp900-.Lfunc_begin20
	.short	1                               @ Loc expr size
	.byte	87                              @ DW_OP_reg7
	.long	0
	.long	0
.Ldebug_loc83:
	.long	-1
	.long	.Lfunc_begin25                  @   base address
	.long	.Lfunc_begin25-.Lfunc_begin25
	.long	.Ltmp960-.Lfunc_begin25
	.short	1                               @ Loc expr size
	.byte	80                              @ DW_OP_reg0
	.long	.Ltmp960-.Lfunc_begin25
	.long	.Ltmp961-.Lfunc_begin25
	.short	4                               @ Loc expr size
	.byte	243                             @ DW_OP_GNU_entry_value
	.byte	1                               @ 1
	.byte	80                              @ DW_OP_reg0
	.byte	159                             @ DW_OP_stack_value
	.long	.Ltmp961-.Lfunc_begin25
	.long	.Ltmp1091-.Lfunc_begin25
	.short	1                               @ Loc expr size
	.byte	80                              @ DW_OP_reg0
	.long	.Ltmp1091-.Lfunc_begin25
	.long	.Ltmp1092-.Lfunc_begin25
	.short	4                               @ Loc expr size
	.byte	243                             @ DW_OP_GNU_entry_value
	.byte	1                               @ 1
	.byte	80                              @ DW_OP_reg0
	.byte	159                             @ DW_OP_stack_value
	.long	.Ltmp1092-.Lfunc_begin25
	.long	.Lfunc_end25-.Lfunc_begin25
	.short	1                               @ Loc expr size
	.byte	80                              @ DW_OP_reg0
	.long	0
	.long	0
.Ldebug_loc84:
	.long	-1
	.long	.Lfunc_begin25                  @   base address
	.long	.Lfunc_begin25-.Lfunc_begin25
	.long	.Ltmp959-.Lfunc_begin25
	.short	1                               @ Loc expr size
	.byte	81                              @ DW_OP_reg1
	.long	.Ltmp959-.Lfunc_begin25
	.long	.Ltmp961-.Lfunc_begin25
	.short	4                               @ Loc expr size
	.byte	243                             @ DW_OP_GNU_entry_value
	.byte	1                               @ 1
	.byte	81                              @ DW_OP_reg1
	.byte	159                             @ DW_OP_stack_value
	.long	.Ltmp961-.Lfunc_begin25
	.long	.Ltmp1037-.Lfunc_begin25
	.short	1                               @ Loc expr size
	.byte	81                              @ DW_OP_reg1
	.long	.Ltmp1037-.Lfunc_begin25
	.long	.Ltmp1062-.Lfunc_begin25
	.short	4                               @ Loc expr size
	.byte	243                             @ DW_OP_GNU_entry_value
	.byte	1                               @ 1
	.byte	81                              @ DW_OP_reg1
	.byte	159                             @ DW_OP_stack_value
	.long	.Ltmp1064-.Lfunc_begin25
	.long	.Ltmp1087-.Lfunc_begin25
	.short	4                               @ Loc expr size
	.byte	243                             @ DW_OP_GNU_entry_value
	.byte	1                               @ 1
	.byte	81                              @ DW_OP_reg1
	.byte	159                             @ DW_OP_stack_value
	.long	.Ltmp1092-.Lfunc_begin25
	.long	.Lfunc_end25-.Lfunc_begin25
	.short	4                               @ Loc expr size
	.byte	243                             @ DW_OP_GNU_entry_value
	.byte	1                               @ 1
	.byte	81                              @ DW_OP_reg1
	.byte	159                             @ DW_OP_stack_value
	.long	0
	.long	0
.Ldebug_loc85:
	.long	-1
	.long	.Lfunc_begin25                  @   base address
	.long	.Ltmp956-.Lfunc_begin25
	.long	.Ltmp1088-.Lfunc_begin25
	.short	2                               @ Loc expr size
	.byte	48                              @ DW_OP_lit0
	.byte	159                             @ DW_OP_stack_value
	.long	.Ltmp1088-.Lfunc_begin25
	.long	.Ltmp1092-.Lfunc_begin25
	.short	1                               @ Loc expr size
	.byte	81                              @ DW_OP_reg1
	.long	.Ltmp1092-.Lfunc_begin25
	.long	.Lfunc_end25-.Lfunc_begin25
	.short	2                               @ Loc expr size
	.byte	48                              @ DW_OP_lit0
	.byte	159                             @ DW_OP_stack_value
	.long	0
	.long	0
.Ldebug_loc86:
	.long	-1
	.long	.Lfunc_begin25                  @   base address
	.long	.Ltmp956-.Lfunc_begin25
	.long	.Ltmp1062-.Lfunc_begin25
	.short	2                               @ Loc expr size
	.byte	125                             @ DW_OP_breg13
	.byte	0                               @ 0
	.long	.Ltmp1064-.Lfunc_begin25
	.long	.Ltmp1088-.Lfunc_begin25
	.short	2                               @ Loc expr size
	.byte	125                             @ DW_OP_breg13
	.byte	0                               @ 0
	.long	.Ltmp1092-.Lfunc_begin25
	.long	.Ltmp1113-.Lfunc_begin25
	.short	2                               @ Loc expr size
	.byte	125                             @ DW_OP_breg13
	.byte	0                               @ 0
	.long	.Ltmp1121-.Lfunc_begin25
	.long	.Lfunc_end25-.Lfunc_begin25
	.short	2                               @ Loc expr size
	.byte	125                             @ DW_OP_breg13
	.byte	0                               @ 0
	.long	0
	.long	0
.Ldebug_loc87:
	.long	-1
	.long	.Lfunc_begin25                  @   base address
	.long	.Ltmp970-.Lfunc_begin25
	.long	.Ltmp973-.Lfunc_begin25
	.short	1                               @ Loc expr size
	.byte	82                              @ DW_OP_reg2
	.long	0
	.long	0
.Ldebug_loc88:
	.long	-1
	.long	.Lfunc_begin25                  @   base address
	.long	.Ltmp972-.Lfunc_begin25
	.long	.Ltmp980-.Lfunc_begin25
	.short	1                               @ Loc expr size
	.byte	87                              @ DW_OP_reg7
	.long	0
	.long	0
.Ldebug_loc89:
	.long	-1
	.long	.Lfunc_begin25                  @   base address
	.long	.Ltmp974-.Lfunc_begin25
	.long	.Ltmp980-.Lfunc_begin25
	.short	3                               @ Loc expr size
	.byte	116                             @ DW_OP_breg4
	.byte	48                              @ 48
	.byte	159                             @ DW_OP_stack_value
	.long	0
	.long	0
.Ldebug_loc90:
	.long	-1
	.long	.Lfunc_begin25                  @   base address
	.long	.Ltmp976-.Lfunc_begin25
	.long	.Ltmp978-.Lfunc_begin25
	.short	7                               @ Loc expr size
	.byte	114                             @ DW_OP_breg2
	.byte	0                               @ 0
	.byte	50                              @ DW_OP_lit2
	.byte	37                              @ DW_OP_shr
	.byte	49                              @ DW_OP_lit1
	.byte	26                              @ DW_OP_and
	.byte	159                             @ DW_OP_stack_value
	.long	0
	.long	0
.Ldebug_loc91:
	.long	-1
	.long	.Lfunc_begin25                  @   base address
	.long	.Ltmp977-.Lfunc_begin25
	.long	.Ltmp979-.Lfunc_begin25
	.short	7                               @ Loc expr size
	.byte	115                             @ DW_OP_breg3
	.byte	0                               @ 0
	.byte	51                              @ DW_OP_lit3
	.byte	37                              @ DW_OP_shr
	.byte	49                              @ DW_OP_lit1
	.byte	26                              @ DW_OP_and
	.byte	159                             @ DW_OP_stack_value
	.long	0
	.long	0
.Ldebug_loc92:
	.long	-1
	.long	.Lfunc_begin25                  @   base address
	.long	.Ltmp982-.Lfunc_begin25
	.long	.Ltmp983-.Lfunc_begin25
	.short	1                               @ Loc expr size
	.byte	82                              @ DW_OP_reg2
	.long	0
	.long	0
.Ldebug_loc93:
	.long	-1
	.long	.Lfunc_begin25                  @   base address
	.long	.Ltmp982-.Lfunc_begin25
	.long	.Ltmp986-.Lfunc_begin25
	.short	1                               @ Loc expr size
	.byte	87                              @ DW_OP_reg7
	.long	0
	.long	0
.Ldebug_loc94:
	.long	-1
	.long	.Lfunc_begin25                  @   base address
	.long	.Ltmp984-.Lfunc_begin25
	.long	.Ltmp986-.Lfunc_begin25
	.short	3                               @ Loc expr size
	.byte	115                             @ DW_OP_breg3
	.byte	20                              @ 20
	.byte	159                             @ DW_OP_stack_value
	.long	0
	.long	0
.Ldebug_loc95:
	.long	-1
	.long	.Lfunc_begin25                  @   base address
	.long	.Ltmp987-.Lfunc_begin25
	.long	.Ltmp993-.Lfunc_begin25
	.short	1                               @ Loc expr size
	.byte	83                              @ DW_OP_reg3
	.long	.Ltmp1012-.Lfunc_begin25
	.long	.Ltmp1015-.Lfunc_begin25
	.short	1                               @ Loc expr size
	.byte	83                              @ DW_OP_reg3
	.long	0
	.long	0
.Ldebug_loc96:
	.long	-1
	.long	.Lfunc_begin25                  @   base address
	.long	.Ltmp991-.Lfunc_begin25
	.long	.Ltmp993-.Lfunc_begin25
	.short	1                               @ Loc expr size
	.byte	83                              @ DW_OP_reg3
	.long	0
	.long	0
.Ldebug_loc97:
	.long	-1
	.long	.Lfunc_begin25                  @   base address
	.long	.Ltmp991-.Lfunc_begin25
	.long	.Ltmp1006-.Lfunc_begin25
	.short	1                               @ Loc expr size
	.byte	84                              @ DW_OP_reg4
	.long	0
	.long	0
.Ldebug_loc98:
	.long	-1
	.long	.Lfunc_begin25                  @   base address
	.long	.Ltmp991-.Lfunc_begin25
	.long	.Ltmp1006-.Lfunc_begin25
	.short	1                               @ Loc expr size
	.byte	87                              @ DW_OP_reg7
	.long	0
	.long	0
.Ldebug_loc99:
	.long	-1
	.long	.Lfunc_begin25                  @   base address
	.long	.Ltmp991-.Lfunc_begin25
	.long	.Ltmp992-.Lfunc_begin25
	.short	1                               @ Loc expr size
	.byte	86                              @ DW_OP_reg6
	.long	0
	.long	0
.Ldebug_loc100:
	.long	-1
	.long	.Lfunc_begin25                  @   base address
	.long	.Ltmp1003-.Lfunc_begin25
	.long	.Ltmp1006-.Lfunc_begin25
	.short	1                               @ Loc expr size
	.byte	83                              @ DW_OP_reg3
	.long	0
	.long	0
.Ldebug_loc101:
	.long	-1
	.long	.Lfunc_begin25                  @   base address
	.long	.Ltmp1003-.Lfunc_begin25
	.long	.Ltmp1006-.Lfunc_begin25
	.short	1                               @ Loc expr size
	.byte	87                              @ DW_OP_reg7
	.long	0
	.long	0
.Ldebug_loc102:
	.long	-1
	.long	.Lfunc_begin25                  @   base address
	.long	.Ltmp1003-.Lfunc_begin25
	.long	.Ltmp1004-.Lfunc_begin25
	.short	1                               @ Loc expr size
	.byte	82                              @ DW_OP_reg2
	.long	0
	.long	0
.Ldebug_loc103:
	.long	-1
	.long	.Lfunc_begin25                  @   base address
	.long	.Ltmp1037-.Lfunc_begin25
	.long	.Ltmp1042-.Lfunc_begin25
	.short	1                               @ Loc expr size
	.byte	81                              @ DW_OP_reg1
	.long	0
	.long	0
.Ldebug_loc104:
	.long	-1
	.long	.Lfunc_begin25                  @   base address
	.long	.Ltmp1075-.Lfunc_begin25
	.long	.Ltmp1083-.Lfunc_begin25
	.short	1                               @ Loc expr size
	.byte	84                              @ DW_OP_reg4
	.long	.Ltmp1106-.Lfunc_begin25
	.long	.Ltmp1129-.Lfunc_begin25
	.short	1                               @ Loc expr size
	.byte	84                              @ DW_OP_reg4
	.long	0
	.long	0
.Ldebug_loc105:
	.long	-1
	.long	.Lfunc_begin26                  @   base address
	.long	.Lfunc_begin26-.Lfunc_begin26
	.long	.Ltmp1143-.Lfunc_begin26
	.short	1                               @ Loc expr size
	.byte	80                              @ DW_OP_reg0
	.long	.Ltmp1143-.Lfunc_begin26
	.long	.Ltmp1144-.Lfunc_begin26
	.short	4                               @ Loc expr size
	.byte	243                             @ DW_OP_GNU_entry_value
	.byte	1                               @ 1
	.byte	80                              @ DW_OP_reg0
	.byte	159                             @ DW_OP_stack_value
	.long	.Ltmp1144-.Lfunc_begin26
	.long	.Ltmp1158-.Lfunc_begin26
	.short	1                               @ Loc expr size
	.byte	80                              @ DW_OP_reg0
	.long	.Ltmp1159-.Lfunc_begin26
	.long	.Ltmp1274-.Lfunc_begin26
	.short	1                               @ Loc expr size
	.byte	80                              @ DW_OP_reg0
	.long	.Ltmp1274-.Lfunc_begin26
	.long	.Lfunc_end26-.Lfunc_begin26
	.short	4                               @ Loc expr size
	.byte	243                             @ DW_OP_GNU_entry_value
	.byte	1                               @ 1
	.byte	80                              @ DW_OP_reg0
	.byte	159                             @ DW_OP_stack_value
	.long	0
	.long	0
.Ldebug_loc106:
	.long	-1
	.long	.Lfunc_begin26                  @   base address
	.long	.Lfunc_begin26-.Lfunc_begin26
	.long	.Ltmp1158-.Lfunc_begin26
	.short	1                               @ Loc expr size
	.byte	81                              @ DW_OP_reg1
	.long	.Ltmp1159-.Lfunc_begin26
	.long	.Ltmp1163-.Lfunc_begin26
	.short	1                               @ Loc expr size
	.byte	81                              @ DW_OP_reg1
	.long	.Ltmp1163-.Lfunc_begin26
	.long	.Ltmp1165-.Lfunc_begin26
	.short	4                               @ Loc expr size
	.byte	243                             @ DW_OP_GNU_entry_value
	.byte	1                               @ 1
	.byte	81                              @ DW_OP_reg1
	.byte	159                             @ DW_OP_stack_value
	.long	.Ltmp1165-.Lfunc_begin26
	.long	.Ltmp1220-.Lfunc_begin26
	.short	1                               @ Loc expr size
	.byte	81                              @ DW_OP_reg1
	.long	.Ltmp1220-.Lfunc_begin26
	.long	.Ltmp1226-.Lfunc_begin26
	.short	4                               @ Loc expr size
	.byte	243                             @ DW_OP_GNU_entry_value
	.byte	1                               @ 1
	.byte	81                              @ DW_OP_reg1
	.byte	159                             @ DW_OP_stack_value
	.long	.Ltmp1226-.Lfunc_begin26
	.long	.Ltmp1245-.Lfunc_begin26
	.short	1                               @ Loc expr size
	.byte	81                              @ DW_OP_reg1
	.long	.Ltmp1245-.Lfunc_begin26
	.long	.Ltmp1249-.Lfunc_begin26
	.short	4                               @ Loc expr size
	.byte	243                             @ DW_OP_GNU_entry_value
	.byte	1                               @ 1
	.byte	81                              @ DW_OP_reg1
	.byte	159                             @ DW_OP_stack_value
	.long	.Ltmp1249-.Lfunc_begin26
	.long	.Ltmp1252-.Lfunc_begin26
	.short	1                               @ Loc expr size
	.byte	81                              @ DW_OP_reg1
	.long	.Ltmp1252-.Lfunc_begin26
	.long	.Ltmp1254-.Lfunc_begin26
	.short	4                               @ Loc expr size
	.byte	243                             @ DW_OP_GNU_entry_value
	.byte	1                               @ 1
	.byte	81                              @ DW_OP_reg1
	.byte	159                             @ DW_OP_stack_value
	.long	.Ltmp1254-.Lfunc_begin26
	.long	.Ltmp1264-.Lfunc_begin26
	.short	1                               @ Loc expr size
	.byte	81                              @ DW_OP_reg1
	.long	.Ltmp1264-.Lfunc_begin26
	.long	.Lfunc_end26-.Lfunc_begin26
	.short	4                               @ Loc expr size
	.byte	243                             @ DW_OP_GNU_entry_value
	.byte	1                               @ 1
	.byte	81                              @ DW_OP_reg1
	.byte	159                             @ DW_OP_stack_value
	.long	0
	.long	0
.Ldebug_loc107:
	.long	-1
	.long	.Lfunc_begin26                  @   base address
	.long	.Lfunc_begin26-.Lfunc_begin26
	.long	.Ltmp1158-.Lfunc_begin26
	.short	2                               @ Loc expr size
	.byte	48                              @ DW_OP_lit0
	.byte	159                             @ DW_OP_stack_value
	.long	.Ltmp1159-.Lfunc_begin26
	.long	.Ltmp1164-.Lfunc_begin26
	.short	2                               @ Loc expr size
	.byte	48                              @ DW_OP_lit0
	.byte	159                             @ DW_OP_stack_value
	.long	.Ltmp1164-.Lfunc_begin26
	.long	.Ltmp1165-.Lfunc_begin26
	.short	2                               @ Loc expr size
	.byte	49                              @ DW_OP_lit1
	.byte	159                             @ DW_OP_stack_value
	.long	.Ltmp1165-.Lfunc_begin26
	.long	.Ltmp1271-.Lfunc_begin26
	.short	2                               @ Loc expr size
	.byte	48                              @ DW_OP_lit0
	.byte	159                             @ DW_OP_stack_value
	.long	.Ltmp1271-.Lfunc_begin26
	.long	.Lfunc_end26-.Lfunc_begin26
	.short	1                               @ Loc expr size
	.byte	81                              @ DW_OP_reg1
	.long	0
	.long	0
.Ldebug_loc108:
	.long	-1
	.long	.Lfunc_begin26                  @   base address
	.long	.Ltmp1148-.Lfunc_begin26
	.long	.Ltmp1150-.Lfunc_begin26
	.short	7                               @ Loc expr size
	.byte	115                             @ DW_OP_breg3
	.byte	0                               @ 0
	.byte	50                              @ DW_OP_lit2
	.byte	37                              @ DW_OP_shr
	.byte	49                              @ DW_OP_lit1
	.byte	26                              @ DW_OP_and
	.byte	159                             @ DW_OP_stack_value
	.long	0
	.long	0
.Ldebug_loc109:
	.long	-1
	.long	.Lfunc_begin26                  @   base address
	.long	.Ltmp1149-.Lfunc_begin26
	.long	.Ltmp1151-.Lfunc_begin26
	.short	7                               @ Loc expr size
	.byte	117                             @ DW_OP_breg5
	.byte	0                               @ 0
	.byte	51                              @ DW_OP_lit3
	.byte	37                              @ DW_OP_shr
	.byte	49                              @ DW_OP_lit1
	.byte	26                              @ DW_OP_and
	.byte	159                             @ DW_OP_stack_value
	.long	0
	.long	0
.Ldebug_loc110:
	.long	-1
	.long	.Lfunc_begin26                  @   base address
	.long	.Ltmp1185-.Lfunc_begin26
	.long	.Ltmp1187-.Lfunc_begin26
	.short	3                               @ Loc expr size
	.byte	114                             @ DW_OP_breg2
	.byte	12                              @ 12
	.byte	159                             @ DW_OP_stack_value
	.long	0
	.long	0
.Ldebug_loc111:
	.long	-1
	.long	.Lfunc_begin26                  @   base address
	.long	.Ltmp1185-.Lfunc_begin26
	.long	.Ltmp1187-.Lfunc_begin26
	.short	7                               @ Loc expr size
	.byte	16                              @ DW_OP_constu
	.byte	128                             @ 2109734912
	.byte	128                             @ 
	.byte	128                             @ 
	.byte	238                             @ 
	.byte	7                               @ 
	.byte	159                             @ DW_OP_stack_value
	.long	0
	.long	0
.Ldebug_loc112:
	.long	-1
	.long	.Lfunc_begin26                  @   base address
	.long	.Ltmp1185-.Lfunc_begin26
	.long	.Ltmp1187-.Lfunc_begin26
	.short	1                               @ Loc expr size
	.byte	82                              @ DW_OP_reg2
	.long	0
	.long	0
.Ldebug_loc113:
	.long	-1
	.long	.Lfunc_begin26                  @   base address
	.long	.Ltmp1185-.Lfunc_begin26
	.long	.Ltmp1186-.Lfunc_begin26
	.short	9                               @ Loc expr size
	.byte	115                             @ DW_OP_breg3
	.byte	0                               @ 0
	.byte	16                              @ DW_OP_constu
	.byte	128                             @ 20971520
	.byte	128                             @ 
	.byte	128                             @ 
	.byte	10                              @ 
	.byte	33                              @ DW_OP_or
	.byte	159                             @ DW_OP_stack_value
	.long	0
	.long	0
.Ldebug_loc114:
	.long	-1
	.long	.Lfunc_begin26                  @   base address
	.long	.Ltmp1191-.Lfunc_begin26
	.long	.Ltmp1193-.Lfunc_begin26
	.short	3                               @ Loc expr size
	.byte	114                             @ DW_OP_breg2
	.byte	12                              @ 12
	.byte	159                             @ DW_OP_stack_value
	.long	0
	.long	0
.Ldebug_loc115:
	.long	-1
	.long	.Lfunc_begin26                  @   base address
	.long	.Ltmp1191-.Lfunc_begin26
	.long	.Ltmp1193-.Lfunc_begin26
	.short	7                               @ Loc expr size
	.byte	16                              @ DW_OP_constu
	.byte	128                             @ 2109734912
	.byte	128                             @ 
	.byte	128                             @ 
	.byte	238                             @ 
	.byte	7                               @ 
	.byte	159                             @ DW_OP_stack_value
	.long	0
	.long	0
.Ldebug_loc116:
	.long	-1
	.long	.Lfunc_begin26                  @   base address
	.long	.Ltmp1191-.Lfunc_begin26
	.long	.Ltmp1193-.Lfunc_begin26
	.short	1                               @ Loc expr size
	.byte	82                              @ DW_OP_reg2
	.long	0
	.long	0
.Ldebug_loc117:
	.long	-1
	.long	.Lfunc_begin26                  @   base address
	.long	.Ltmp1191-.Lfunc_begin26
	.long	.Ltmp1192-.Lfunc_begin26
	.short	9                               @ Loc expr size
	.byte	115                             @ DW_OP_breg3
	.byte	0                               @ 0
	.byte	16                              @ DW_OP_constu
	.byte	128                             @ 12582912
	.byte	128                             @ 
	.byte	128                             @ 
	.byte	6                               @ 
	.byte	33                              @ DW_OP_or
	.byte	159                             @ DW_OP_stack_value
	.long	0
	.long	0
.Ldebug_loc118:
	.long	-1
	.long	.Lfunc_begin26                  @   base address
	.long	.Ltmp1195-.Lfunc_begin26
	.long	.Ltmp1196-.Lfunc_begin26
	.short	9                               @ Loc expr size
	.byte	115                             @ DW_OP_breg3
	.byte	0                               @ 0
	.byte	16                              @ DW_OP_constu
	.byte	128                             @ 29360128
	.byte	128                             @ 
	.byte	128                             @ 
	.byte	14                              @ 
	.byte	33                              @ DW_OP_or
	.byte	159                             @ DW_OP_stack_value
	.long	0
	.long	0
.Ldebug_loc119:
	.long	-1
	.long	.Lfunc_begin26                  @   base address
	.long	.Ltmp1209-.Lfunc_begin26
	.long	.Ltmp1226-.Lfunc_begin26
	.short	1                               @ Loc expr size
	.byte	92                              @ DW_OP_reg12
	.long	.Ltmp1236-.Lfunc_begin26
	.long	.Ltmp1241-.Lfunc_begin26
	.short	1                               @ Loc expr size
	.byte	83                              @ DW_OP_reg3
	.long	.Ltmp1249-.Lfunc_begin26
	.long	.Ltmp1252-.Lfunc_begin26
	.short	1                               @ Loc expr size
	.byte	83                              @ DW_OP_reg3
	.long	.Ltmp1254-.Lfunc_begin26
	.long	.Ltmp1260-.Lfunc_begin26
	.short	1                               @ Loc expr size
	.byte	83                              @ DW_OP_reg3
	.long	0
	.long	0
.Ldebug_loc120:
	.long	-1
	.long	.Lfunc_begin26                  @   base address
	.long	.Ltmp1217-.Lfunc_begin26
	.long	.Ltmp1226-.Lfunc_begin26
	.short	1                               @ Loc expr size
	.byte	85                              @ DW_OP_reg5
	.long	.Ltmp1238-.Lfunc_begin26
	.long	.Ltmp1249-.Lfunc_begin26
	.short	1                               @ Loc expr size
	.byte	84                              @ DW_OP_reg4
	.long	.Ltmp1252-.Lfunc_begin26
	.long	.Ltmp1254-.Lfunc_begin26
	.short	1                               @ Loc expr size
	.byte	84                              @ DW_OP_reg4
	.long	.Ltmp1257-.Lfunc_begin26
	.long	.Ltmp1270-.Lfunc_begin26
	.short	1                               @ Loc expr size
	.byte	84                              @ DW_OP_reg4
	.long	0
	.long	0
.Ldebug_loc121:
	.long	-1
	.long	.Lfunc_begin26                  @   base address
	.long	.Ltmp1226-.Lfunc_begin26
	.long	.Ltmp1228-.Lfunc_begin26
	.short	1                               @ Loc expr size
	.byte	83                              @ DW_OP_reg3
	.long	0
	.long	0
.Ldebug_loc122:
	.long	-1
	.long	.Lfunc_begin26                  @   base address
	.long	.Ltmp1229-.Lfunc_begin26
	.long	.Ltmp1231-.Lfunc_begin26
	.short	3                               @ Loc expr size
	.byte	116                             @ DW_OP_breg4
	.byte	12                              @ 12
	.byte	159                             @ DW_OP_stack_value
	.long	0
	.long	0
.Ldebug_loc123:
	.long	-1
	.long	.Lfunc_begin27                  @   base address
	.long	.Lfunc_begin27-.Lfunc_begin27
	.long	.Ltmp1276-.Lfunc_begin27
	.short	1                               @ Loc expr size
	.byte	80                              @ DW_OP_reg0
	.long	.Ltmp1276-.Lfunc_begin27
	.long	.Lfunc_end27-.Lfunc_begin27
	.short	4                               @ Loc expr size
	.byte	243                             @ DW_OP_GNU_entry_value
	.byte	1                               @ 1
	.byte	80                              @ DW_OP_reg0
	.byte	159                             @ DW_OP_stack_value
	.long	0
	.long	0
.Ldebug_loc124:
	.long	-1
	.long	.Lfunc_begin28                  @   base address
	.long	.Lfunc_begin28-.Lfunc_begin28
	.long	.Ltmp1278-.Lfunc_begin28
	.short	1                               @ Loc expr size
	.byte	80                              @ DW_OP_reg0
	.long	.Ltmp1278-.Lfunc_begin28
	.long	.Lfunc_end28-.Lfunc_begin28
	.short	4                               @ Loc expr size
	.byte	243                             @ DW_OP_GNU_entry_value
	.byte	1                               @ 1
	.byte	80                              @ DW_OP_reg0
	.byte	159                             @ DW_OP_stack_value
	.long	0
	.long	0
	.section	.debug_abbrev,"",%progbits
	.byte	1                               @ Abbreviation Code
	.byte	17                              @ DW_TAG_compile_unit
	.byte	1                               @ DW_CHILDREN_yes
	.byte	37                              @ DW_AT_producer
	.byte	14                              @ DW_FORM_strp
	.byte	19                              @ DW_AT_language
	.byte	5                               @ DW_FORM_data2
	.byte	3                               @ DW_AT_name
	.byte	14                              @ DW_FORM_strp
	.byte	16                              @ DW_AT_stmt_list
	.byte	23                              @ DW_FORM_sec_offset
	.byte	27                              @ DW_AT_comp_dir
	.byte	14                              @ DW_FORM_strp
	.byte	17                              @ DW_AT_low_pc
	.byte	1                               @ DW_FORM_addr
	.byte	85                              @ DW_AT_ranges
	.byte	23                              @ DW_FORM_sec_offset
	.byte	0                               @ EOM(1)
	.byte	0                               @ EOM(2)
	.byte	2                               @ Abbreviation Code
	.byte	4                               @ DW_TAG_enumeration_type
	.byte	1                               @ DW_CHILDREN_yes
	.byte	73                              @ DW_AT_type
	.byte	19                              @ DW_FORM_ref4
	.byte	11                              @ DW_AT_byte_size
	.byte	11                              @ DW_FORM_data1
	.byte	58                              @ DW_AT_decl_file
	.byte	11                              @ DW_FORM_data1
	.byte	59                              @ DW_AT_decl_line
	.byte	11                              @ DW_FORM_data1
	.byte	0                               @ EOM(1)
	.byte	0                               @ EOM(2)
	.byte	3                               @ Abbreviation Code
	.byte	40                              @ DW_TAG_enumerator
	.byte	0                               @ DW_CHILDREN_no
	.byte	3                               @ DW_AT_name
	.byte	14                              @ DW_FORM_strp
	.byte	28                              @ DW_AT_const_value
	.byte	15                              @ DW_FORM_udata
	.byte	0                               @ EOM(1)
	.byte	0                               @ EOM(2)
	.byte	4                               @ Abbreviation Code
	.byte	36                              @ DW_TAG_base_type
	.byte	0                               @ DW_CHILDREN_no
	.byte	3                               @ DW_AT_name
	.byte	14                              @ DW_FORM_strp
	.byte	62                              @ DW_AT_encoding
	.byte	11                              @ DW_FORM_data1
	.byte	11                              @ DW_AT_byte_size
	.byte	11                              @ DW_FORM_data1
	.byte	0                               @ EOM(1)
	.byte	0                               @ EOM(2)
	.byte	5                               @ Abbreviation Code
	.byte	15                              @ DW_TAG_pointer_type
	.byte	0                               @ DW_CHILDREN_no
	.byte	73                              @ DW_AT_type
	.byte	19                              @ DW_FORM_ref4
	.byte	0                               @ EOM(1)
	.byte	0                               @ EOM(2)
	.byte	6                               @ Abbreviation Code
	.byte	22                              @ DW_TAG_typedef
	.byte	0                               @ DW_CHILDREN_no
	.byte	73                              @ DW_AT_type
	.byte	19                              @ DW_FORM_ref4
	.byte	3                               @ DW_AT_name
	.byte	14                              @ DW_FORM_strp
	.byte	58                              @ DW_AT_decl_file
	.byte	11                              @ DW_FORM_data1
	.byte	59                              @ DW_AT_decl_line
	.byte	5                               @ DW_FORM_data2
	.byte	0                               @ EOM(1)
	.byte	0                               @ EOM(2)
	.byte	7                               @ Abbreviation Code
	.byte	19                              @ DW_TAG_structure_type
	.byte	1                               @ DW_CHILDREN_yes
	.byte	11                              @ DW_AT_byte_size
	.byte	11                              @ DW_FORM_data1
	.byte	58                              @ DW_AT_decl_file
	.byte	11                              @ DW_FORM_data1
	.byte	59                              @ DW_AT_decl_line
	.byte	11                              @ DW_FORM_data1
	.byte	0                               @ EOM(1)
	.byte	0                               @ EOM(2)
	.byte	8                               @ Abbreviation Code
	.byte	13                              @ DW_TAG_member
	.byte	0                               @ DW_CHILDREN_no
	.byte	3                               @ DW_AT_name
	.byte	14                              @ DW_FORM_strp
	.byte	73                              @ DW_AT_type
	.byte	19                              @ DW_FORM_ref4
	.byte	58                              @ DW_AT_decl_file
	.byte	11                              @ DW_FORM_data1
	.byte	59                              @ DW_AT_decl_line
	.byte	11                              @ DW_FORM_data1
	.byte	56                              @ DW_AT_data_member_location
	.byte	11                              @ DW_FORM_data1
	.byte	0                               @ EOM(1)
	.byte	0                               @ EOM(2)
	.byte	9                               @ Abbreviation Code
	.byte	13                              @ DW_TAG_member
	.byte	0                               @ DW_CHILDREN_no
	.byte	3                               @ DW_AT_name
	.byte	14                              @ DW_FORM_strp
	.byte	73                              @ DW_AT_type
	.byte	19                              @ DW_FORM_ref4
	.byte	58                              @ DW_AT_decl_file
	.byte	11                              @ DW_FORM_data1
	.byte	59                              @ DW_AT_decl_line
	.byte	5                               @ DW_FORM_data2
	.byte	56                              @ DW_AT_data_member_location
	.byte	11                              @ DW_FORM_data1
	.byte	0                               @ EOM(1)
	.byte	0                               @ EOM(2)
	.byte	10                              @ Abbreviation Code
	.byte	53                              @ DW_TAG_volatile_type
	.byte	0                               @ DW_CHILDREN_no
	.byte	73                              @ DW_AT_type
	.byte	19                              @ DW_FORM_ref4
	.byte	0                               @ EOM(1)
	.byte	0                               @ EOM(2)
	.byte	11                              @ Abbreviation Code
	.byte	22                              @ DW_TAG_typedef
	.byte	0                               @ DW_CHILDREN_no
	.byte	73                              @ DW_AT_type
	.byte	19                              @ DW_FORM_ref4
	.byte	3                               @ DW_AT_name
	.byte	14                              @ DW_FORM_strp
	.byte	58                              @ DW_AT_decl_file
	.byte	11                              @ DW_FORM_data1
	.byte	59                              @ DW_AT_decl_line
	.byte	11                              @ DW_FORM_data1
	.byte	0                               @ EOM(1)
	.byte	0                               @ EOM(2)
	.byte	12                              @ Abbreviation Code
	.byte	1                               @ DW_TAG_array_type
	.byte	1                               @ DW_CHILDREN_yes
	.byte	73                              @ DW_AT_type
	.byte	19                              @ DW_FORM_ref4
	.byte	0                               @ EOM(1)
	.byte	0                               @ EOM(2)
	.byte	13                              @ Abbreviation Code
	.byte	33                              @ DW_TAG_subrange_type
	.byte	0                               @ DW_CHILDREN_no
	.byte	73                              @ DW_AT_type
	.byte	19                              @ DW_FORM_ref4
	.byte	55                              @ DW_AT_count
	.byte	11                              @ DW_FORM_data1
	.byte	0                               @ EOM(1)
	.byte	0                               @ EOM(2)
	.byte	14                              @ Abbreviation Code
	.byte	36                              @ DW_TAG_base_type
	.byte	0                               @ DW_CHILDREN_no
	.byte	3                               @ DW_AT_name
	.byte	14                              @ DW_FORM_strp
	.byte	11                              @ DW_AT_byte_size
	.byte	11                              @ DW_FORM_data1
	.byte	62                              @ DW_AT_encoding
	.byte	11                              @ DW_FORM_data1
	.byte	0                               @ EOM(1)
	.byte	0                               @ EOM(2)
	.byte	15                              @ Abbreviation Code
	.byte	19                              @ DW_TAG_structure_type
	.byte	1                               @ DW_CHILDREN_yes
	.byte	11                              @ DW_AT_byte_size
	.byte	11                              @ DW_FORM_data1
	.byte	58                              @ DW_AT_decl_file
	.byte	11                              @ DW_FORM_data1
	.byte	59                              @ DW_AT_decl_line
	.byte	5                               @ DW_FORM_data2
	.byte	0                               @ EOM(1)
	.byte	0                               @ EOM(2)
	.byte	16                              @ Abbreviation Code
	.byte	19                              @ DW_TAG_structure_type
	.byte	1                               @ DW_CHILDREN_yes
	.byte	3                               @ DW_AT_name
	.byte	14                              @ DW_FORM_strp
	.byte	11                              @ DW_AT_byte_size
	.byte	11                              @ DW_FORM_data1
	.byte	58                              @ DW_AT_decl_file
	.byte	11                              @ DW_FORM_data1
	.byte	59                              @ DW_AT_decl_line
	.byte	11                              @ DW_FORM_data1
	.byte	0                               @ EOM(1)
	.byte	0                               @ EOM(2)
	.byte	17                              @ Abbreviation Code
	.byte	15                              @ DW_TAG_pointer_type
	.byte	0                               @ DW_CHILDREN_no
	.byte	0                               @ EOM(1)
	.byte	0                               @ EOM(2)
	.byte	18                              @ Abbreviation Code
	.byte	21                              @ DW_TAG_subroutine_type
	.byte	1                               @ DW_CHILDREN_yes
	.byte	39                              @ DW_AT_prototyped
	.byte	25                              @ DW_FORM_flag_present
	.byte	0                               @ EOM(1)
	.byte	0                               @ EOM(2)
	.byte	19                              @ Abbreviation Code
	.byte	5                               @ DW_TAG_formal_parameter
	.byte	0                               @ DW_CHILDREN_no
	.byte	73                              @ DW_AT_type
	.byte	19                              @ DW_FORM_ref4
	.byte	0                               @ EOM(1)
	.byte	0                               @ EOM(2)
	.byte	20                              @ Abbreviation Code
	.byte	46                              @ DW_TAG_subprogram
	.byte	1                               @ DW_CHILDREN_yes
	.byte	3                               @ DW_AT_name
	.byte	14                              @ DW_FORM_strp
	.byte	58                              @ DW_AT_decl_file
	.byte	11                              @ DW_FORM_data1
	.byte	59                              @ DW_AT_decl_line
	.byte	5                               @ DW_FORM_data2
	.byte	39                              @ DW_AT_prototyped
	.byte	25                              @ DW_FORM_flag_present
	.byte	73                              @ DW_AT_type
	.byte	19                              @ DW_FORM_ref4
	.byte	32                              @ DW_AT_inline
	.byte	11                              @ DW_FORM_data1
	.byte	0                               @ EOM(1)
	.byte	0                               @ EOM(2)
	.byte	21                              @ Abbreviation Code
	.byte	5                               @ DW_TAG_formal_parameter
	.byte	0                               @ DW_CHILDREN_no
	.byte	3                               @ DW_AT_name
	.byte	14                              @ DW_FORM_strp
	.byte	58                              @ DW_AT_decl_file
	.byte	11                              @ DW_FORM_data1
	.byte	59                              @ DW_AT_decl_line
	.byte	5                               @ DW_FORM_data2
	.byte	73                              @ DW_AT_type
	.byte	19                              @ DW_FORM_ref4
	.byte	0                               @ EOM(1)
	.byte	0                               @ EOM(2)
	.byte	22                              @ Abbreviation Code
	.byte	38                              @ DW_TAG_const_type
	.byte	0                               @ DW_CHILDREN_no
	.byte	73                              @ DW_AT_type
	.byte	19                              @ DW_FORM_ref4
	.byte	0                               @ EOM(1)
	.byte	0                               @ EOM(2)
	.byte	23                              @ Abbreviation Code
	.byte	46                              @ DW_TAG_subprogram
	.byte	1                               @ DW_CHILDREN_yes
	.byte	3                               @ DW_AT_name
	.byte	14                              @ DW_FORM_strp
	.byte	58                              @ DW_AT_decl_file
	.byte	11                              @ DW_FORM_data1
	.byte	59                              @ DW_AT_decl_line
	.byte	5                               @ DW_FORM_data2
	.byte	39                              @ DW_AT_prototyped
	.byte	25                              @ DW_FORM_flag_present
	.byte	32                              @ DW_AT_inline
	.byte	11                              @ DW_FORM_data1
	.byte	0                               @ EOM(1)
	.byte	0                               @ EOM(2)
	.byte	24                              @ Abbreviation Code
	.byte	46                              @ DW_TAG_subprogram
	.byte	1                               @ DW_CHILDREN_yes
	.byte	17                              @ DW_AT_low_pc
	.byte	1                               @ DW_FORM_addr
	.byte	18                              @ DW_AT_high_pc
	.byte	6                               @ DW_FORM_data4
	.byte	64                              @ DW_AT_frame_base
	.byte	24                              @ DW_FORM_exprloc
	.ascii	"\227B"                         @ DW_AT_GNU_all_call_sites
	.byte	25                              @ DW_FORM_flag_present
	.byte	3                               @ DW_AT_name
	.byte	14                              @ DW_FORM_strp
	.byte	58                              @ DW_AT_decl_file
	.byte	11                              @ DW_FORM_data1
	.byte	59                              @ DW_AT_decl_line
	.byte	5                               @ DW_FORM_data2
	.byte	39                              @ DW_AT_prototyped
	.byte	25                              @ DW_FORM_flag_present
	.byte	73                              @ DW_AT_type
	.byte	19                              @ DW_FORM_ref4
	.byte	63                              @ DW_AT_external
	.byte	25                              @ DW_FORM_flag_present
	.byte	0                               @ EOM(1)
	.byte	0                               @ EOM(2)
	.byte	25                              @ Abbreviation Code
	.byte	5                               @ DW_TAG_formal_parameter
	.byte	0                               @ DW_CHILDREN_no
	.byte	2                               @ DW_AT_location
	.byte	23                              @ DW_FORM_sec_offset
	.byte	3                               @ DW_AT_name
	.byte	14                              @ DW_FORM_strp
	.byte	58                              @ DW_AT_decl_file
	.byte	11                              @ DW_FORM_data1
	.byte	59                              @ DW_AT_decl_line
	.byte	5                               @ DW_FORM_data2
	.byte	73                              @ DW_AT_type
	.byte	19                              @ DW_FORM_ref4
	.byte	0                               @ EOM(1)
	.byte	0                               @ EOM(2)
	.byte	26                              @ Abbreviation Code
	.byte	52                              @ DW_TAG_variable
	.byte	0                               @ DW_CHILDREN_no
	.byte	2                               @ DW_AT_location
	.byte	23                              @ DW_FORM_sec_offset
	.byte	3                               @ DW_AT_name
	.byte	14                              @ DW_FORM_strp
	.byte	58                              @ DW_AT_decl_file
	.byte	11                              @ DW_FORM_data1
	.byte	59                              @ DW_AT_decl_line
	.byte	5                               @ DW_FORM_data2
	.byte	73                              @ DW_AT_type
	.byte	19                              @ DW_FORM_ref4
	.byte	0                               @ EOM(1)
	.byte	0                               @ EOM(2)
	.byte	27                              @ Abbreviation Code
	.byte	29                              @ DW_TAG_inlined_subroutine
	.byte	1                               @ DW_CHILDREN_yes
	.byte	49                              @ DW_AT_abstract_origin
	.byte	19                              @ DW_FORM_ref4
	.byte	17                              @ DW_AT_low_pc
	.byte	1                               @ DW_FORM_addr
	.byte	18                              @ DW_AT_high_pc
	.byte	6                               @ DW_FORM_data4
	.byte	88                              @ DW_AT_call_file
	.byte	11                              @ DW_FORM_data1
	.byte	89                              @ DW_AT_call_line
	.byte	5                               @ DW_FORM_data2
	.byte	87                              @ DW_AT_call_column
	.byte	11                              @ DW_FORM_data1
	.byte	0                               @ EOM(1)
	.byte	0                               @ EOM(2)
	.byte	28                              @ Abbreviation Code
	.byte	5                               @ DW_TAG_formal_parameter
	.byte	0                               @ DW_CHILDREN_no
	.byte	2                               @ DW_AT_location
	.byte	24                              @ DW_FORM_exprloc
	.byte	49                              @ DW_AT_abstract_origin
	.byte	19                              @ DW_FORM_ref4
	.byte	0                               @ EOM(1)
	.byte	0                               @ EOM(2)
	.byte	29                              @ Abbreviation Code
	.byte	5                               @ DW_TAG_formal_parameter
	.byte	0                               @ DW_CHILDREN_no
	.byte	28                              @ DW_AT_const_value
	.byte	15                              @ DW_FORM_udata
	.byte	49                              @ DW_AT_abstract_origin
	.byte	19                              @ DW_FORM_ref4
	.byte	0                               @ EOM(1)
	.byte	0                               @ EOM(2)
	.byte	30                              @ Abbreviation Code
	.byte	29                              @ DW_TAG_inlined_subroutine
	.byte	1                               @ DW_CHILDREN_yes
	.byte	49                              @ DW_AT_abstract_origin
	.byte	19                              @ DW_FORM_ref4
	.byte	85                              @ DW_AT_ranges
	.byte	23                              @ DW_FORM_sec_offset
	.byte	88                              @ DW_AT_call_file
	.byte	11                              @ DW_FORM_data1
	.byte	89                              @ DW_AT_call_line
	.byte	5                               @ DW_FORM_data2
	.byte	87                              @ DW_AT_call_column
	.byte	11                              @ DW_FORM_data1
	.byte	0                               @ EOM(1)
	.byte	0                               @ EOM(2)
	.byte	31                              @ Abbreviation Code
	.byte	5                               @ DW_TAG_formal_parameter
	.byte	0                               @ DW_CHILDREN_no
	.byte	2                               @ DW_AT_location
	.byte	23                              @ DW_FORM_sec_offset
	.byte	49                              @ DW_AT_abstract_origin
	.byte	19                              @ DW_FORM_ref4
	.byte	0                               @ EOM(1)
	.byte	0                               @ EOM(2)
	.byte	32                              @ Abbreviation Code
	.byte	46                              @ DW_TAG_subprogram
	.byte	1                               @ DW_CHILDREN_yes
	.byte	17                              @ DW_AT_low_pc
	.byte	1                               @ DW_FORM_addr
	.byte	18                              @ DW_AT_high_pc
	.byte	6                               @ DW_FORM_data4
	.byte	64                              @ DW_AT_frame_base
	.byte	24                              @ DW_FORM_exprloc
	.ascii	"\227B"                         @ DW_AT_GNU_all_call_sites
	.byte	25                              @ DW_FORM_flag_present
	.byte	3                               @ DW_AT_name
	.byte	14                              @ DW_FORM_strp
	.byte	58                              @ DW_AT_decl_file
	.byte	11                              @ DW_FORM_data1
	.byte	59                              @ DW_AT_decl_line
	.byte	5                               @ DW_FORM_data2
	.byte	39                              @ DW_AT_prototyped
	.byte	25                              @ DW_FORM_flag_present
	.byte	63                              @ DW_AT_external
	.byte	25                              @ DW_FORM_flag_present
	.byte	0                               @ EOM(1)
	.byte	0                               @ EOM(2)
	.byte	33                              @ Abbreviation Code
	.byte	5                               @ DW_TAG_formal_parameter
	.byte	0                               @ DW_CHILDREN_no
	.byte	2                               @ DW_AT_location
	.byte	24                              @ DW_FORM_exprloc
	.byte	3                               @ DW_AT_name
	.byte	14                              @ DW_FORM_strp
	.byte	58                              @ DW_AT_decl_file
	.byte	11                              @ DW_FORM_data1
	.byte	59                              @ DW_AT_decl_line
	.byte	5                               @ DW_FORM_data2
	.byte	73                              @ DW_AT_type
	.byte	19                              @ DW_FORM_ref4
	.byte	0                               @ EOM(1)
	.byte	0                               @ EOM(2)
	.byte	34                              @ Abbreviation Code
	.byte	46                              @ DW_TAG_subprogram
	.byte	1                               @ DW_CHILDREN_yes
	.byte	3                               @ DW_AT_name
	.byte	14                              @ DW_FORM_strp
	.byte	58                              @ DW_AT_decl_file
	.byte	11                              @ DW_FORM_data1
	.byte	59                              @ DW_AT_decl_line
	.byte	5                               @ DW_FORM_data2
	.byte	39                              @ DW_AT_prototyped
	.byte	25                              @ DW_FORM_flag_present
	.byte	73                              @ DW_AT_type
	.byte	19                              @ DW_FORM_ref4
	.byte	63                              @ DW_AT_external
	.byte	25                              @ DW_FORM_flag_present
	.byte	32                              @ DW_AT_inline
	.byte	11                              @ DW_FORM_data1
	.byte	0                               @ EOM(1)
	.byte	0                               @ EOM(2)
	.byte	35                              @ Abbreviation Code
	.byte	52                              @ DW_TAG_variable
	.byte	0                               @ DW_CHILDREN_no
	.byte	3                               @ DW_AT_name
	.byte	14                              @ DW_FORM_strp
	.byte	58                              @ DW_AT_decl_file
	.byte	11                              @ DW_FORM_data1
	.byte	59                              @ DW_AT_decl_line
	.byte	5                               @ DW_FORM_data2
	.byte	73                              @ DW_AT_type
	.byte	19                              @ DW_FORM_ref4
	.byte	0                               @ EOM(1)
	.byte	0                               @ EOM(2)
	.byte	36                              @ Abbreviation Code
	.byte	52                              @ DW_TAG_variable
	.byte	0                               @ DW_CHILDREN_no
	.byte	2                               @ DW_AT_location
	.byte	23                              @ DW_FORM_sec_offset
	.byte	49                              @ DW_AT_abstract_origin
	.byte	19                              @ DW_FORM_ref4
	.byte	0                               @ EOM(1)
	.byte	0                               @ EOM(2)
	.byte	37                              @ Abbreviation Code
	.byte	46                              @ DW_TAG_subprogram
	.byte	1                               @ DW_CHILDREN_yes
	.byte	17                              @ DW_AT_low_pc
	.byte	1                               @ DW_FORM_addr
	.byte	18                              @ DW_AT_high_pc
	.byte	6                               @ DW_FORM_data4
	.byte	64                              @ DW_AT_frame_base
	.byte	24                              @ DW_FORM_exprloc
	.ascii	"\227B"                         @ DW_AT_GNU_all_call_sites
	.byte	25                              @ DW_FORM_flag_present
	.byte	49                              @ DW_AT_abstract_origin
	.byte	19                              @ DW_FORM_ref4
	.byte	0                               @ EOM(1)
	.byte	0                               @ EOM(2)
	.byte	38                              @ Abbreviation Code
	.byte	29                              @ DW_TAG_inlined_subroutine
	.byte	0                               @ DW_CHILDREN_no
	.byte	49                              @ DW_AT_abstract_origin
	.byte	19                              @ DW_FORM_ref4
	.byte	17                              @ DW_AT_low_pc
	.byte	1                               @ DW_FORM_addr
	.byte	18                              @ DW_AT_high_pc
	.byte	6                               @ DW_FORM_data4
	.byte	88                              @ DW_AT_call_file
	.byte	11                              @ DW_FORM_data1
	.byte	89                              @ DW_AT_call_line
	.byte	5                               @ DW_FORM_data2
	.byte	87                              @ DW_AT_call_column
	.byte	11                              @ DW_FORM_data1
	.byte	0                               @ EOM(1)
	.byte	0                               @ EOM(2)
	.byte	39                              @ Abbreviation Code
	.byte	11                              @ DW_TAG_lexical_block
	.byte	1                               @ DW_CHILDREN_yes
	.byte	85                              @ DW_AT_ranges
	.byte	23                              @ DW_FORM_sec_offset
	.byte	0                               @ EOM(1)
	.byte	0                               @ EOM(2)
	.byte	40                              @ Abbreviation Code
	.byte	29                              @ DW_TAG_inlined_subroutine
	.byte	0                               @ DW_CHILDREN_no
	.byte	49                              @ DW_AT_abstract_origin
	.byte	19                              @ DW_FORM_ref4
	.byte	85                              @ DW_AT_ranges
	.byte	23                              @ DW_FORM_sec_offset
	.byte	88                              @ DW_AT_call_file
	.byte	11                              @ DW_FORM_data1
	.byte	89                              @ DW_AT_call_line
	.byte	5                               @ DW_FORM_data2
	.byte	87                              @ DW_AT_call_column
	.byte	11                              @ DW_FORM_data1
	.byte	0                               @ EOM(1)
	.byte	0                               @ EOM(2)
	.byte	41                              @ Abbreviation Code
	.ascii	"\211\202\001"                  @ DW_TAG_GNU_call_site
	.byte	0                               @ DW_CHILDREN_no
	.ascii	"\223B"                         @ DW_AT_GNU_call_site_target
	.byte	24                              @ DW_FORM_exprloc
	.ascii	"\225B"                         @ DW_AT_GNU_tail_call
	.byte	25                              @ DW_FORM_flag_present
	.byte	17                              @ DW_AT_low_pc
	.byte	1                               @ DW_FORM_addr
	.byte	0                               @ EOM(1)
	.byte	0                               @ EOM(2)
	.byte	42                              @ Abbreviation Code
	.ascii	"\211\202\001"                  @ DW_TAG_GNU_call_site
	.byte	0                               @ DW_CHILDREN_no
	.byte	49                              @ DW_AT_abstract_origin
	.byte	19                              @ DW_FORM_ref4
	.ascii	"\225B"                         @ DW_AT_GNU_tail_call
	.byte	25                              @ DW_FORM_flag_present
	.byte	17                              @ DW_AT_low_pc
	.byte	1                               @ DW_FORM_addr
	.byte	0                               @ EOM(1)
	.byte	0                               @ EOM(2)
	.byte	43                              @ Abbreviation Code
	.byte	29                              @ DW_TAG_inlined_subroutine
	.byte	0                               @ DW_CHILDREN_no
	.byte	49                              @ DW_AT_abstract_origin
	.byte	19                              @ DW_FORM_ref4
	.byte	17                              @ DW_AT_low_pc
	.byte	1                               @ DW_FORM_addr
	.byte	18                              @ DW_AT_high_pc
	.byte	6                               @ DW_FORM_data4
	.byte	88                              @ DW_AT_call_file
	.byte	11                              @ DW_FORM_data1
	.byte	89                              @ DW_AT_call_line
	.byte	11                              @ DW_FORM_data1
	.byte	0                               @ EOM(1)
	.byte	0                               @ EOM(2)
	.byte	44                              @ Abbreviation Code
	.byte	46                              @ DW_TAG_subprogram
	.byte	1                               @ DW_CHILDREN_yes
	.byte	3                               @ DW_AT_name
	.byte	14                              @ DW_FORM_strp
	.byte	58                              @ DW_AT_decl_file
	.byte	11                              @ DW_FORM_data1
	.byte	59                              @ DW_AT_decl_line
	.byte	5                               @ DW_FORM_data2
	.byte	39                              @ DW_AT_prototyped
	.byte	25                              @ DW_FORM_flag_present
	.byte	60                              @ DW_AT_declaration
	.byte	25                              @ DW_FORM_flag_present
	.byte	63                              @ DW_AT_external
	.byte	25                              @ DW_FORM_flag_present
	.byte	0                               @ EOM(1)
	.byte	0                               @ EOM(2)
	.byte	45                              @ Abbreviation Code
	.byte	11                              @ DW_TAG_lexical_block
	.byte	1                               @ DW_CHILDREN_yes
	.byte	0                               @ EOM(1)
	.byte	0                               @ EOM(2)
	.byte	46                              @ Abbreviation Code
	.byte	52                              @ DW_TAG_variable
	.byte	0                               @ DW_CHILDREN_no
	.byte	2                               @ DW_AT_location
	.byte	24                              @ DW_FORM_exprloc
	.byte	49                              @ DW_AT_abstract_origin
	.byte	19                              @ DW_FORM_ref4
	.byte	0                               @ EOM(1)
	.byte	0                               @ EOM(2)
	.byte	0                               @ EOM(3)
	.section	.debug_info,"",%progbits
.Lcu_begin0:
	.long	.Ldebug_info_end0-.Ldebug_info_start0 @ Length of Unit
.Ldebug_info_start0:
	.short	4                               @ DWARF version number
	.long	.debug_abbrev                   @ Offset Into Abbrev. Section
	.byte	4                               @ Address Size (in bytes)
	.byte	1                               @ Abbrev [1] 0xb:0x22f3 DW_TAG_compile_unit
	.long	.Linfo_string0                  @ DW_AT_producer
	.short	12                              @ DW_AT_language
	.long	.Linfo_string1                  @ DW_AT_name
	.long	.Lline_table_start0             @ DW_AT_stmt_list
	.long	.Linfo_string2                  @ DW_AT_comp_dir
	.long	0                               @ DW_AT_low_pc
	.long	.Ldebug_ranges17                @ DW_AT_ranges
	.byte	2                               @ Abbrev [2] 0x26:0x21 DW_TAG_enumeration_type
	.long	71                              @ DW_AT_type
	.byte	1                               @ DW_AT_byte_size
	.byte	1                               @ DW_AT_decl_file
	.byte	39                              @ DW_AT_decl_line
	.byte	3                               @ Abbrev [3] 0x2e:0x6 DW_TAG_enumerator
	.long	.Linfo_string4                  @ DW_AT_name
	.byte	0                               @ DW_AT_const_value
	.byte	3                               @ Abbrev [3] 0x34:0x6 DW_TAG_enumerator
	.long	.Linfo_string5                  @ DW_AT_name
	.byte	1                               @ DW_AT_const_value
	.byte	3                               @ Abbrev [3] 0x3a:0x6 DW_TAG_enumerator
	.long	.Linfo_string6                  @ DW_AT_name
	.byte	2                               @ DW_AT_const_value
	.byte	3                               @ Abbrev [3] 0x40:0x6 DW_TAG_enumerator
	.long	.Linfo_string7                  @ DW_AT_name
	.byte	3                               @ DW_AT_const_value
	.byte	0                               @ End Of Children Mark
	.byte	4                               @ Abbrev [4] 0x47:0x7 DW_TAG_base_type
	.long	.Linfo_string3                  @ DW_AT_name
	.byte	8                               @ DW_AT_encoding
	.byte	1                               @ DW_AT_byte_size
	.byte	2                               @ Abbrev [2] 0x4e:0x15 DW_TAG_enumeration_type
	.long	71                              @ DW_AT_type
	.byte	1                               @ DW_AT_byte_size
	.byte	2                               @ DW_AT_decl_file
	.byte	186                             @ DW_AT_decl_line
	.byte	3                               @ Abbrev [3] 0x56:0x6 DW_TAG_enumerator
	.long	.Linfo_string8                  @ DW_AT_name
	.byte	0                               @ DW_AT_const_value
	.byte	3                               @ Abbrev [3] 0x5c:0x6 DW_TAG_enumerator
	.long	.Linfo_string9                  @ DW_AT_name
	.byte	1                               @ DW_AT_const_value
	.byte	0                               @ End Of Children Mark
	.byte	2                               @ Abbrev [2] 0x63:0x15 DW_TAG_enumeration_type
	.long	71                              @ DW_AT_type
	.byte	1                               @ DW_AT_byte_size
	.byte	1                               @ DW_AT_decl_file
	.byte	50                              @ DW_AT_decl_line
	.byte	3                               @ Abbrev [3] 0x6b:0x6 DW_TAG_enumerator
	.long	.Linfo_string10                 @ DW_AT_name
	.byte	0                               @ DW_AT_const_value
	.byte	3                               @ Abbrev [3] 0x71:0x6 DW_TAG_enumerator
	.long	.Linfo_string11                 @ DW_AT_name
	.byte	1                               @ DW_AT_const_value
	.byte	0                               @ End Of Children Mark
	.byte	2                               @ Abbrev [2] 0x78:0x27 DW_TAG_enumeration_type
	.long	71                              @ DW_AT_type
	.byte	1                               @ DW_AT_byte_size
	.byte	3                               @ DW_AT_decl_file
	.byte	101                             @ DW_AT_decl_line
	.byte	3                               @ Abbrev [3] 0x80:0x6 DW_TAG_enumerator
	.long	.Linfo_string12                 @ DW_AT_name
	.byte	0                               @ DW_AT_const_value
	.byte	3                               @ Abbrev [3] 0x86:0x6 DW_TAG_enumerator
	.long	.Linfo_string13                 @ DW_AT_name
	.byte	1                               @ DW_AT_const_value
	.byte	3                               @ Abbrev [3] 0x8c:0x6 DW_TAG_enumerator
	.long	.Linfo_string14                 @ DW_AT_name
	.byte	2                               @ DW_AT_const_value
	.byte	3                               @ Abbrev [3] 0x92:0x6 DW_TAG_enumerator
	.long	.Linfo_string15                 @ DW_AT_name
	.byte	3                               @ DW_AT_const_value
	.byte	3                               @ Abbrev [3] 0x98:0x6 DW_TAG_enumerator
	.long	.Linfo_string16                 @ DW_AT_name
	.byte	4                               @ DW_AT_const_value
	.byte	0                               @ End Of Children Mark
	.byte	5                               @ Abbrev [5] 0x9f:0x5 DW_TAG_pointer_type
	.long	164                             @ DW_AT_type
	.byte	6                               @ Abbrev [6] 0xa4:0xc DW_TAG_typedef
	.long	176                             @ DW_AT_type
	.long	.Linfo_string62                 @ DW_AT_name
	.byte	5                               @ DW_AT_decl_file
	.short	286                             @ DW_AT_decl_line
	.byte	7                               @ Abbrev [7] 0xb0:0x21b DW_TAG_structure_type
	.byte	204                             @ DW_AT_byte_size
	.byte	5                               @ DW_AT_decl_file
	.byte	242                             @ DW_AT_decl_line
	.byte	8                               @ Abbrev [8] 0xb4:0xc DW_TAG_member
	.long	.Linfo_string17                 @ DW_AT_name
	.long	715                             @ DW_AT_type
	.byte	5                               @ DW_AT_decl_file
	.byte	244                             @ DW_AT_decl_line
	.byte	0                               @ DW_AT_data_member_location
	.byte	8                               @ Abbrev [8] 0xc0:0xc DW_TAG_member
	.long	.Linfo_string20                 @ DW_AT_name
	.long	715                             @ DW_AT_type
	.byte	5                               @ DW_AT_decl_file
	.byte	245                             @ DW_AT_decl_line
	.byte	4                               @ DW_AT_data_member_location
	.byte	8                               @ Abbrev [8] 0xcc:0xc DW_TAG_member
	.long	.Linfo_string21                 @ DW_AT_name
	.long	715                             @ DW_AT_type
	.byte	5                               @ DW_AT_decl_file
	.byte	246                             @ DW_AT_decl_line
	.byte	8                               @ DW_AT_data_member_location
	.byte	8                               @ Abbrev [8] 0xd8:0xc DW_TAG_member
	.long	.Linfo_string22                 @ DW_AT_name
	.long	715                             @ DW_AT_type
	.byte	5                               @ DW_AT_decl_file
	.byte	247                             @ DW_AT_decl_line
	.byte	12                              @ DW_AT_data_member_location
	.byte	8                               @ Abbrev [8] 0xe4:0xc DW_TAG_member
	.long	.Linfo_string23                 @ DW_AT_name
	.long	715                             @ DW_AT_type
	.byte	5                               @ DW_AT_decl_file
	.byte	248                             @ DW_AT_decl_line
	.byte	16                              @ DW_AT_data_member_location
	.byte	8                               @ Abbrev [8] 0xf0:0xc DW_TAG_member
	.long	.Linfo_string24                 @ DW_AT_name
	.long	715                             @ DW_AT_type
	.byte	5                               @ DW_AT_decl_file
	.byte	249                             @ DW_AT_decl_line
	.byte	20                              @ DW_AT_data_member_location
	.byte	8                               @ Abbrev [8] 0xfc:0xc DW_TAG_member
	.long	.Linfo_string25                 @ DW_AT_name
	.long	715                             @ DW_AT_type
	.byte	5                               @ DW_AT_decl_file
	.byte	250                             @ DW_AT_decl_line
	.byte	24                              @ DW_AT_data_member_location
	.byte	8                               @ Abbrev [8] 0x108:0xc DW_TAG_member
	.long	.Linfo_string26                 @ DW_AT_name
	.long	715                             @ DW_AT_type
	.byte	5                               @ DW_AT_decl_file
	.byte	251                             @ DW_AT_decl_line
	.byte	28                              @ DW_AT_data_member_location
	.byte	8                               @ Abbrev [8] 0x114:0xc DW_TAG_member
	.long	.Linfo_string27                 @ DW_AT_name
	.long	715                             @ DW_AT_type
	.byte	5                               @ DW_AT_decl_file
	.byte	252                             @ DW_AT_decl_line
	.byte	32                              @ DW_AT_data_member_location
	.byte	8                               @ Abbrev [8] 0x120:0xc DW_TAG_member
	.long	.Linfo_string28                 @ DW_AT_name
	.long	715                             @ DW_AT_type
	.byte	5                               @ DW_AT_decl_file
	.byte	253                             @ DW_AT_decl_line
	.byte	36                              @ DW_AT_data_member_location
	.byte	8                               @ Abbrev [8] 0x12c:0xc DW_TAG_member
	.long	.Linfo_string29                 @ DW_AT_name
	.long	720                             @ DW_AT_type
	.byte	5                               @ DW_AT_decl_file
	.byte	254                             @ DW_AT_decl_line
	.byte	40                              @ DW_AT_data_member_location
	.byte	8                               @ Abbrev [8] 0x138:0xc DW_TAG_member
	.long	.Linfo_string30                 @ DW_AT_name
	.long	720                             @ DW_AT_type
	.byte	5                               @ DW_AT_decl_file
	.byte	255                             @ DW_AT_decl_line
	.byte	44                              @ DW_AT_data_member_location
	.byte	9                               @ Abbrev [9] 0x144:0xd DW_TAG_member
	.long	.Linfo_string31                 @ DW_AT_name
	.long	715                             @ DW_AT_type
	.byte	5                               @ DW_AT_decl_file
	.short	256                             @ DW_AT_decl_line
	.byte	48                              @ DW_AT_data_member_location
	.byte	9                               @ Abbrev [9] 0x151:0xd DW_TAG_member
	.long	.Linfo_string32                 @ DW_AT_name
	.long	715                             @ DW_AT_type
	.byte	5                               @ DW_AT_decl_file
	.short	257                             @ DW_AT_decl_line
	.byte	52                              @ DW_AT_data_member_location
	.byte	9                               @ Abbrev [9] 0x15e:0xd DW_TAG_member
	.long	.Linfo_string33                 @ DW_AT_name
	.long	715                             @ DW_AT_type
	.byte	5                               @ DW_AT_decl_file
	.short	258                             @ DW_AT_decl_line
	.byte	56                              @ DW_AT_data_member_location
	.byte	9                               @ Abbrev [9] 0x16b:0xd DW_TAG_member
	.long	.Linfo_string34                 @ DW_AT_name
	.long	715                             @ DW_AT_type
	.byte	5                               @ DW_AT_decl_file
	.short	259                             @ DW_AT_decl_line
	.byte	60                              @ DW_AT_data_member_location
	.byte	9                               @ Abbrev [9] 0x178:0xd DW_TAG_member
	.long	.Linfo_string35                 @ DW_AT_name
	.long	715                             @ DW_AT_type
	.byte	5                               @ DW_AT_decl_file
	.short	260                             @ DW_AT_decl_line
	.byte	64                              @ DW_AT_data_member_location
	.byte	9                               @ Abbrev [9] 0x185:0xd DW_TAG_member
	.long	.Linfo_string36                 @ DW_AT_name
	.long	720                             @ DW_AT_type
	.byte	5                               @ DW_AT_decl_file
	.short	261                             @ DW_AT_decl_line
	.byte	68                              @ DW_AT_data_member_location
	.byte	9                               @ Abbrev [9] 0x192:0xd DW_TAG_member
	.long	.Linfo_string37                 @ DW_AT_name
	.long	720                             @ DW_AT_type
	.byte	5                               @ DW_AT_decl_file
	.short	262                             @ DW_AT_decl_line
	.byte	72                              @ DW_AT_data_member_location
	.byte	9                               @ Abbrev [9] 0x19f:0xd DW_TAG_member
	.long	.Linfo_string38                 @ DW_AT_name
	.long	715                             @ DW_AT_type
	.byte	5                               @ DW_AT_decl_file
	.short	263                             @ DW_AT_decl_line
	.byte	76                              @ DW_AT_data_member_location
	.byte	9                               @ Abbrev [9] 0x1ac:0xd DW_TAG_member
	.long	.Linfo_string39                 @ DW_AT_name
	.long	738                             @ DW_AT_type
	.byte	5                               @ DW_AT_decl_file
	.short	264                             @ DW_AT_decl_line
	.byte	80                              @ DW_AT_data_member_location
	.byte	9                               @ Abbrev [9] 0x1b9:0xd DW_TAG_member
	.long	.Linfo_string41                 @ DW_AT_name
	.long	715                             @ DW_AT_type
	.byte	5                               @ DW_AT_decl_file
	.short	265                             @ DW_AT_decl_line
	.byte	96                              @ DW_AT_data_member_location
	.byte	9                               @ Abbrev [9] 0x1c6:0xd DW_TAG_member
	.long	.Linfo_string42                 @ DW_AT_name
	.long	715                             @ DW_AT_type
	.byte	5                               @ DW_AT_decl_file
	.short	266                             @ DW_AT_decl_line
	.byte	100                             @ DW_AT_data_member_location
	.byte	9                               @ Abbrev [9] 0x1d3:0xd DW_TAG_member
	.long	.Linfo_string43                 @ DW_AT_name
	.long	715                             @ DW_AT_type
	.byte	5                               @ DW_AT_decl_file
	.short	267                             @ DW_AT_decl_line
	.byte	104                             @ DW_AT_data_member_location
	.byte	9                               @ Abbrev [9] 0x1e0:0xd DW_TAG_member
	.long	.Linfo_string44                 @ DW_AT_name
	.long	715                             @ DW_AT_type
	.byte	5                               @ DW_AT_decl_file
	.short	268                             @ DW_AT_decl_line
	.byte	108                             @ DW_AT_data_member_location
	.byte	9                               @ Abbrev [9] 0x1ed:0xd DW_TAG_member
	.long	.Linfo_string45                 @ DW_AT_name
	.long	738                             @ DW_AT_type
	.byte	5                               @ DW_AT_decl_file
	.short	269                             @ DW_AT_decl_line
	.byte	112                             @ DW_AT_data_member_location
	.byte	9                               @ Abbrev [9] 0x1fa:0xd DW_TAG_member
	.long	.Linfo_string46                 @ DW_AT_name
	.long	715                             @ DW_AT_type
	.byte	5                               @ DW_AT_decl_file
	.short	270                             @ DW_AT_decl_line
	.byte	128                             @ DW_AT_data_member_location
	.byte	9                               @ Abbrev [9] 0x207:0xd DW_TAG_member
	.long	.Linfo_string47                 @ DW_AT_name
	.long	715                             @ DW_AT_type
	.byte	5                               @ DW_AT_decl_file
	.short	271                             @ DW_AT_decl_line
	.byte	132                             @ DW_AT_data_member_location
	.byte	9                               @ Abbrev [9] 0x214:0xd DW_TAG_member
	.long	.Linfo_string48                 @ DW_AT_name
	.long	715                             @ DW_AT_type
	.byte	5                               @ DW_AT_decl_file
	.short	272                             @ DW_AT_decl_line
	.byte	136                             @ DW_AT_data_member_location
	.byte	9                               @ Abbrev [9] 0x221:0xd DW_TAG_member
	.long	.Linfo_string49                 @ DW_AT_name
	.long	715                             @ DW_AT_type
	.byte	5                               @ DW_AT_decl_file
	.short	273                             @ DW_AT_decl_line
	.byte	140                             @ DW_AT_data_member_location
	.byte	9                               @ Abbrev [9] 0x22e:0xd DW_TAG_member
	.long	.Linfo_string50                 @ DW_AT_name
	.long	738                             @ DW_AT_type
	.byte	5                               @ DW_AT_decl_file
	.short	274                             @ DW_AT_decl_line
	.byte	144                             @ DW_AT_data_member_location
	.byte	9                               @ Abbrev [9] 0x23b:0xd DW_TAG_member
	.long	.Linfo_string51                 @ DW_AT_name
	.long	715                             @ DW_AT_type
	.byte	5                               @ DW_AT_decl_file
	.short	275                             @ DW_AT_decl_line
	.byte	160                             @ DW_AT_data_member_location
	.byte	9                               @ Abbrev [9] 0x248:0xd DW_TAG_member
	.long	.Linfo_string52                 @ DW_AT_name
	.long	715                             @ DW_AT_type
	.byte	5                               @ DW_AT_decl_file
	.short	276                             @ DW_AT_decl_line
	.byte	164                             @ DW_AT_data_member_location
	.byte	9                               @ Abbrev [9] 0x255:0xd DW_TAG_member
	.long	.Linfo_string53                 @ DW_AT_name
	.long	720                             @ DW_AT_type
	.byte	5                               @ DW_AT_decl_file
	.short	277                             @ DW_AT_decl_line
	.byte	168                             @ DW_AT_data_member_location
	.byte	9                               @ Abbrev [9] 0x262:0xd DW_TAG_member
	.long	.Linfo_string54                 @ DW_AT_name
	.long	720                             @ DW_AT_type
	.byte	5                               @ DW_AT_decl_file
	.short	278                             @ DW_AT_decl_line
	.byte	172                             @ DW_AT_data_member_location
	.byte	9                               @ Abbrev [9] 0x26f:0xd DW_TAG_member
	.long	.Linfo_string55                 @ DW_AT_name
	.long	715                             @ DW_AT_type
	.byte	5                               @ DW_AT_decl_file
	.short	279                             @ DW_AT_decl_line
	.byte	176                             @ DW_AT_data_member_location
	.byte	9                               @ Abbrev [9] 0x27c:0xd DW_TAG_member
	.long	.Linfo_string56                 @ DW_AT_name
	.long	715                             @ DW_AT_type
	.byte	5                               @ DW_AT_decl_file
	.short	280                             @ DW_AT_decl_line
	.byte	180                             @ DW_AT_data_member_location
	.byte	9                               @ Abbrev [9] 0x289:0xd DW_TAG_member
	.long	.Linfo_string57                 @ DW_AT_name
	.long	715                             @ DW_AT_type
	.byte	5                               @ DW_AT_decl_file
	.short	281                             @ DW_AT_decl_line
	.byte	184                             @ DW_AT_data_member_location
	.byte	9                               @ Abbrev [9] 0x296:0xd DW_TAG_member
	.long	.Linfo_string58                 @ DW_AT_name
	.long	715                             @ DW_AT_type
	.byte	5                               @ DW_AT_decl_file
	.short	282                             @ DW_AT_decl_line
	.byte	188                             @ DW_AT_data_member_location
	.byte	9                               @ Abbrev [9] 0x2a3:0xd DW_TAG_member
	.long	.Linfo_string59                 @ DW_AT_name
	.long	715                             @ DW_AT_type
	.byte	5                               @ DW_AT_decl_file
	.short	283                             @ DW_AT_decl_line
	.byte	192                             @ DW_AT_data_member_location
	.byte	9                               @ Abbrev [9] 0x2b0:0xd DW_TAG_member
	.long	.Linfo_string60                 @ DW_AT_name
	.long	715                             @ DW_AT_type
	.byte	5                               @ DW_AT_decl_file
	.short	284                             @ DW_AT_decl_line
	.byte	196                             @ DW_AT_data_member_location
	.byte	9                               @ Abbrev [9] 0x2bd:0xd DW_TAG_member
	.long	.Linfo_string61                 @ DW_AT_name
	.long	715                             @ DW_AT_type
	.byte	5                               @ DW_AT_decl_file
	.short	285                             @ DW_AT_decl_line
	.byte	200                             @ DW_AT_data_member_location
	.byte	0                               @ End Of Children Mark
	.byte	10                              @ Abbrev [10] 0x2cb:0x5 DW_TAG_volatile_type
	.long	720                             @ DW_AT_type
	.byte	11                              @ Abbrev [11] 0x2d0:0xb DW_TAG_typedef
	.long	731                             @ DW_AT_type
	.long	.Linfo_string19                 @ DW_AT_name
	.byte	4                               @ DW_AT_decl_file
	.byte	64                              @ DW_AT_decl_line
	.byte	4                               @ Abbrev [4] 0x2db:0x7 DW_TAG_base_type
	.long	.Linfo_string18                 @ DW_AT_name
	.byte	7                               @ DW_AT_encoding
	.byte	4                               @ DW_AT_byte_size
	.byte	12                              @ Abbrev [12] 0x2e2:0xc DW_TAG_array_type
	.long	720                             @ DW_AT_type
	.byte	13                              @ Abbrev [13] 0x2e7:0x6 DW_TAG_subrange_type
	.long	750                             @ DW_AT_type
	.byte	4                               @ DW_AT_count
	.byte	0                               @ End Of Children Mark
	.byte	14                              @ Abbrev [14] 0x2ee:0x7 DW_TAG_base_type
	.long	.Linfo_string40                 @ DW_AT_name
	.byte	8                               @ DW_AT_byte_size
	.byte	7                               @ DW_AT_encoding
	.byte	5                               @ Abbrev [5] 0x2f5:0x5 DW_TAG_pointer_type
	.long	762                             @ DW_AT_type
	.byte	6                               @ Abbrev [6] 0x2fa:0xc DW_TAG_typedef
	.long	774                             @ DW_AT_type
	.long	.Linfo_string68                 @ DW_AT_name
	.byte	5                               @ DW_AT_decl_file
	.short	297                             @ DW_AT_decl_line
	.byte	15                              @ Abbrev [15] 0x306:0x47 DW_TAG_structure_type
	.byte	20                              @ DW_AT_byte_size
	.byte	5                               @ DW_AT_decl_file
	.short	289                             @ DW_AT_decl_line
	.byte	9                               @ Abbrev [9] 0x30b:0xd DW_TAG_member
	.long	.Linfo_string63                 @ DW_AT_name
	.long	715                             @ DW_AT_type
	.byte	5                               @ DW_AT_decl_file
	.short	291                             @ DW_AT_decl_line
	.byte	0                               @ DW_AT_data_member_location
	.byte	9                               @ Abbrev [9] 0x318:0xd DW_TAG_member
	.long	.Linfo_string64                 @ DW_AT_name
	.long	720                             @ DW_AT_type
	.byte	5                               @ DW_AT_decl_file
	.short	292                             @ DW_AT_decl_line
	.byte	4                               @ DW_AT_data_member_location
	.byte	9                               @ Abbrev [9] 0x325:0xd DW_TAG_member
	.long	.Linfo_string65                 @ DW_AT_name
	.long	715                             @ DW_AT_type
	.byte	5                               @ DW_AT_decl_file
	.short	293                             @ DW_AT_decl_line
	.byte	8                               @ DW_AT_data_member_location
	.byte	9                               @ Abbrev [9] 0x332:0xd DW_TAG_member
	.long	.Linfo_string66                 @ DW_AT_name
	.long	715                             @ DW_AT_type
	.byte	5                               @ DW_AT_decl_file
	.short	294                             @ DW_AT_decl_line
	.byte	12                              @ DW_AT_data_member_location
	.byte	9                               @ Abbrev [9] 0x33f:0xd DW_TAG_member
	.long	.Linfo_string67                 @ DW_AT_name
	.long	715                             @ DW_AT_type
	.byte	5                               @ DW_AT_decl_file
	.short	295                             @ DW_AT_decl_line
	.byte	16                              @ DW_AT_data_member_location
	.byte	0                               @ End Of Children Mark
	.byte	11                              @ Abbrev [11] 0x34d:0xb DW_TAG_typedef
	.long	71                              @ DW_AT_type
	.long	.Linfo_string69                 @ DW_AT_name
	.byte	4                               @ DW_AT_decl_file
	.byte	62                              @ DW_AT_decl_line
	.byte	5                               @ Abbrev [5] 0x358:0x5 DW_TAG_pointer_type
	.long	861                             @ DW_AT_type
	.byte	6                               @ Abbrev [6] 0x35d:0xc DW_TAG_typedef
	.long	873                             @ DW_AT_type
	.long	.Linfo_string76                 @ DW_AT_name
	.byte	5                               @ DW_AT_decl_file
	.short	535                             @ DW_AT_decl_line
	.byte	15                              @ Abbrev [15] 0x369:0xa2 DW_TAG_structure_type
	.byte	88                              @ DW_AT_byte_size
	.byte	5                               @ DW_AT_decl_file
	.short	521                             @ DW_AT_decl_line
	.byte	9                               @ Abbrev [9] 0x36e:0xd DW_TAG_member
	.long	.Linfo_string70                 @ DW_AT_name
	.long	715                             @ DW_AT_type
	.byte	5                               @ DW_AT_decl_file
	.short	523                             @ DW_AT_decl_line
	.byte	0                               @ DW_AT_data_member_location
	.byte	9                               @ Abbrev [9] 0x37b:0xd DW_TAG_member
	.long	.Linfo_string21                 @ DW_AT_name
	.long	715                             @ DW_AT_type
	.byte	5                               @ DW_AT_decl_file
	.short	524                             @ DW_AT_decl_line
	.byte	4                               @ DW_AT_data_member_location
	.byte	9                               @ Abbrev [9] 0x388:0xd DW_TAG_member
	.long	.Linfo_string37                 @ DW_AT_name
	.long	1035                            @ DW_AT_type
	.byte	5                               @ DW_AT_decl_file
	.short	525                             @ DW_AT_decl_line
	.byte	8                               @ DW_AT_data_member_location
	.byte	9                               @ Abbrev [9] 0x395:0xd DW_TAG_member
	.long	.Linfo_string71                 @ DW_AT_name
	.long	715                             @ DW_AT_type
	.byte	5                               @ DW_AT_decl_file
	.short	526                             @ DW_AT_decl_line
	.byte	52                              @ DW_AT_data_member_location
	.byte	9                               @ Abbrev [9] 0x3a2:0xd DW_TAG_member
	.long	.Linfo_string39                 @ DW_AT_name
	.long	720                             @ DW_AT_type
	.byte	5                               @ DW_AT_decl_file
	.short	527                             @ DW_AT_decl_line
	.byte	56                              @ DW_AT_data_member_location
	.byte	9                               @ Abbrev [9] 0x3af:0xd DW_TAG_member
	.long	.Linfo_string72                 @ DW_AT_name
	.long	715                             @ DW_AT_type
	.byte	5                               @ DW_AT_decl_file
	.short	528                             @ DW_AT_decl_line
	.byte	60                              @ DW_AT_data_member_location
	.byte	9                               @ Abbrev [9] 0x3bc:0xd DW_TAG_member
	.long	.Linfo_string45                 @ DW_AT_name
	.long	720                             @ DW_AT_type
	.byte	5                               @ DW_AT_decl_file
	.short	529                             @ DW_AT_decl_line
	.byte	64                              @ DW_AT_data_member_location
	.byte	9                               @ Abbrev [9] 0x3c9:0xd DW_TAG_member
	.long	.Linfo_string73                 @ DW_AT_name
	.long	715                             @ DW_AT_type
	.byte	5                               @ DW_AT_decl_file
	.short	530                             @ DW_AT_decl_line
	.byte	68                              @ DW_AT_data_member_location
	.byte	9                               @ Abbrev [9] 0x3d6:0xd DW_TAG_member
	.long	.Linfo_string50                 @ DW_AT_name
	.long	720                             @ DW_AT_type
	.byte	5                               @ DW_AT_decl_file
	.short	531                             @ DW_AT_decl_line
	.byte	72                              @ DW_AT_data_member_location
	.byte	9                               @ Abbrev [9] 0x3e3:0xd DW_TAG_member
	.long	.Linfo_string74                 @ DW_AT_name
	.long	715                             @ DW_AT_type
	.byte	5                               @ DW_AT_decl_file
	.short	532                             @ DW_AT_decl_line
	.byte	76                              @ DW_AT_data_member_location
	.byte	9                               @ Abbrev [9] 0x3f0:0xd DW_TAG_member
	.long	.Linfo_string53                 @ DW_AT_name
	.long	720                             @ DW_AT_type
	.byte	5                               @ DW_AT_decl_file
	.short	533                             @ DW_AT_decl_line
	.byte	80                              @ DW_AT_data_member_location
	.byte	9                               @ Abbrev [9] 0x3fd:0xd DW_TAG_member
	.long	.Linfo_string75                 @ DW_AT_name
	.long	715                             @ DW_AT_type
	.byte	5                               @ DW_AT_decl_file
	.short	534                             @ DW_AT_decl_line
	.byte	84                              @ DW_AT_data_member_location
	.byte	0                               @ End Of Children Mark
	.byte	12                              @ Abbrev [12] 0x40b:0xc DW_TAG_array_type
	.long	720                             @ DW_AT_type
	.byte	13                              @ Abbrev [13] 0x410:0x6 DW_TAG_subrange_type
	.long	750                             @ DW_AT_type
	.byte	11                              @ DW_AT_count
	.byte	0                               @ End Of Children Mark
	.byte	5                               @ Abbrev [5] 0x417:0x5 DW_TAG_pointer_type
	.long	1052                            @ DW_AT_type
	.byte	6                               @ Abbrev [6] 0x41c:0xc DW_TAG_typedef
	.long	1064                            @ DW_AT_type
	.long	.Linfo_string150                @ DW_AT_name
	.byte	6                               @ DW_AT_decl_file
	.short	431                             @ DW_AT_decl_line
	.byte	15                              @ Abbrev [15] 0x428:0x61 DW_TAG_structure_type
	.byte	100                             @ DW_AT_byte_size
	.byte	6                               @ DW_AT_decl_file
	.short	408                             @ DW_AT_decl_line
	.byte	9                               @ Abbrev [9] 0x42d:0xd DW_TAG_member
	.long	.Linfo_string77                 @ DW_AT_name
	.long	159                             @ DW_AT_type
	.byte	6                               @ DW_AT_decl_file
	.short	411                             @ DW_AT_decl_line
	.byte	0                               @ DW_AT_data_member_location
	.byte	9                               @ Abbrev [9] 0x43a:0xd DW_TAG_member
	.long	.Linfo_string78                 @ DW_AT_name
	.long	1161                            @ DW_AT_type
	.byte	6                               @ DW_AT_decl_file
	.short	412                             @ DW_AT_decl_line
	.byte	4                               @ DW_AT_data_member_location
	.byte	9                               @ Abbrev [9] 0x447:0xd DW_TAG_member
	.long	.Linfo_string102                @ DW_AT_name
	.long	1444                            @ DW_AT_type
	.byte	6                               @ DW_AT_decl_file
	.short	413                             @ DW_AT_decl_line
	.byte	76                              @ DW_AT_data_member_location
	.byte	9                               @ Abbrev [9] 0x454:0xd DW_TAG_member
	.long	.Linfo_string116                @ DW_AT_name
	.long	1870                            @ DW_AT_type
	.byte	6                               @ DW_AT_decl_file
	.short	414                             @ DW_AT_decl_line
	.byte	80                              @ DW_AT_data_member_location
	.byte	9                               @ Abbrev [9] 0x461:0xd DW_TAG_member
	.long	.Linfo_string118                @ DW_AT_name
	.long	715                             @ DW_AT_type
	.byte	6                               @ DW_AT_decl_file
	.short	415                             @ DW_AT_decl_line
	.byte	84                              @ DW_AT_data_member_location
	.byte	9                               @ Abbrev [9] 0x46e:0xd DW_TAG_member
	.long	.Linfo_string127                @ DW_AT_name
	.long	715                             @ DW_AT_type
	.byte	6                               @ DW_AT_decl_file
	.short	416                             @ DW_AT_decl_line
	.byte	88                              @ DW_AT_data_member_location
	.byte	9                               @ Abbrev [9] 0x47b:0xd DW_TAG_member
	.long	.Linfo_string146                @ DW_AT_name
	.long	2084                            @ DW_AT_type
	.byte	6                               @ DW_AT_decl_file
	.short	417                             @ DW_AT_decl_line
	.byte	92                              @ DW_AT_data_member_location
	.byte	0                               @ End Of Children Mark
	.byte	11                              @ Abbrev [11] 0x489:0xb DW_TAG_typedef
	.long	1172                            @ DW_AT_type
	.long	.Linfo_string101                @ DW_AT_name
	.byte	6                               @ DW_AT_decl_file
	.byte	206                             @ DW_AT_decl_line
	.byte	7                               @ Abbrev [7] 0x494:0xc5 DW_TAG_structure_type
	.byte	72                              @ DW_AT_byte_size
	.byte	6                               @ DW_AT_decl_file
	.byte	90                              @ DW_AT_decl_line
	.byte	8                               @ Abbrev [8] 0x498:0xc DW_TAG_member
	.long	.Linfo_string79                 @ DW_AT_name
	.long	720                             @ DW_AT_type
	.byte	6                               @ DW_AT_decl_file
	.byte	92                              @ DW_AT_decl_line
	.byte	0                               @ DW_AT_data_member_location
	.byte	8                               @ Abbrev [8] 0x4a4:0xc DW_TAG_member
	.long	.Linfo_string80                 @ DW_AT_name
	.long	720                             @ DW_AT_type
	.byte	6                               @ DW_AT_decl_file
	.byte	103                             @ DW_AT_decl_line
	.byte	4                               @ DW_AT_data_member_location
	.byte	8                               @ Abbrev [8] 0x4b0:0xc DW_TAG_member
	.long	.Linfo_string81                 @ DW_AT_name
	.long	720                             @ DW_AT_type
	.byte	6                               @ DW_AT_decl_file
	.byte	113                             @ DW_AT_decl_line
	.byte	8                               @ DW_AT_data_member_location
	.byte	8                               @ Abbrev [8] 0x4bc:0xc DW_TAG_member
	.long	.Linfo_string82                 @ DW_AT_name
	.long	720                             @ DW_AT_type
	.byte	6                               @ DW_AT_decl_file
	.byte	121                             @ DW_AT_decl_line
	.byte	12                              @ DW_AT_data_member_location
	.byte	8                               @ Abbrev [8] 0x4c8:0xc DW_TAG_member
	.long	.Linfo_string83                 @ DW_AT_name
	.long	1369                            @ DW_AT_type
	.byte	6                               @ DW_AT_decl_file
	.byte	124                             @ DW_AT_decl_line
	.byte	16                              @ DW_AT_data_member_location
	.byte	8                               @ Abbrev [8] 0x4d4:0xc DW_TAG_member
	.long	.Linfo_string85                 @ DW_AT_name
	.long	1369                            @ DW_AT_type
	.byte	6                               @ DW_AT_decl_file
	.byte	136                             @ DW_AT_decl_line
	.byte	17                              @ DW_AT_data_member_location
	.byte	8                               @ Abbrev [8] 0x4e0:0xc DW_TAG_member
	.long	.Linfo_string86                 @ DW_AT_name
	.long	720                             @ DW_AT_type
	.byte	6                               @ DW_AT_decl_file
	.byte	140                             @ DW_AT_decl_line
	.byte	20                              @ DW_AT_data_member_location
	.byte	8                               @ Abbrev [8] 0x4ec:0xc DW_TAG_member
	.long	.Linfo_string87                 @ DW_AT_name
	.long	1369                            @ DW_AT_type
	.byte	6                               @ DW_AT_decl_file
	.byte	146                             @ DW_AT_decl_line
	.byte	24                              @ DW_AT_data_member_location
	.byte	8                               @ Abbrev [8] 0x4f8:0xc DW_TAG_member
	.long	.Linfo_string88                 @ DW_AT_name
	.long	720                             @ DW_AT_type
	.byte	6                               @ DW_AT_decl_file
	.byte	152                             @ DW_AT_decl_line
	.byte	28                              @ DW_AT_data_member_location
	.byte	8                               @ Abbrev [8] 0x504:0xc DW_TAG_member
	.long	.Linfo_string89                 @ DW_AT_name
	.long	720                             @ DW_AT_type
	.byte	6                               @ DW_AT_decl_file
	.byte	156                             @ DW_AT_decl_line
	.byte	32                              @ DW_AT_data_member_location
	.byte	8                               @ Abbrev [8] 0x510:0xc DW_TAG_member
	.long	.Linfo_string90                 @ DW_AT_name
	.long	720                             @ DW_AT_type
	.byte	6                               @ DW_AT_decl_file
	.byte	161                             @ DW_AT_decl_line
	.byte	36                              @ DW_AT_data_member_location
	.byte	8                               @ Abbrev [8] 0x51c:0xc DW_TAG_member
	.long	.Linfo_string91                 @ DW_AT_name
	.long	720                             @ DW_AT_type
	.byte	6                               @ DW_AT_decl_file
	.byte	165                             @ DW_AT_decl_line
	.byte	40                              @ DW_AT_data_member_location
	.byte	8                               @ Abbrev [8] 0x528:0xc DW_TAG_member
	.long	.Linfo_string92                 @ DW_AT_name
	.long	720                             @ DW_AT_type
	.byte	6                               @ DW_AT_decl_file
	.byte	186                             @ DW_AT_decl_line
	.byte	44                              @ DW_AT_data_member_location
	.byte	8                               @ Abbrev [8] 0x534:0xc DW_TAG_member
	.long	.Linfo_string93                 @ DW_AT_name
	.long	720                             @ DW_AT_type
	.byte	6                               @ DW_AT_decl_file
	.byte	197                             @ DW_AT_decl_line
	.byte	48                              @ DW_AT_data_member_location
	.byte	8                               @ Abbrev [8] 0x540:0xc DW_TAG_member
	.long	.Linfo_string94                 @ DW_AT_name
	.long	1369                            @ DW_AT_type
	.byte	6                               @ DW_AT_decl_file
	.byte	199                             @ DW_AT_decl_line
	.byte	52                              @ DW_AT_data_member_location
	.byte	8                               @ Abbrev [8] 0x54c:0xc DW_TAG_member
	.long	.Linfo_string95                 @ DW_AT_name
	.long	1380                            @ DW_AT_type
	.byte	6                               @ DW_AT_decl_file
	.byte	203                             @ DW_AT_decl_line
	.byte	56                              @ DW_AT_data_member_location
	.byte	0                               @ End Of Children Mark
	.byte	11                              @ Abbrev [11] 0x559:0xb DW_TAG_typedef
	.long	78                              @ DW_AT_type
	.long	.Linfo_string84                 @ DW_AT_name
	.byte	2                               @ DW_AT_decl_file
	.byte	190                             @ DW_AT_decl_line
	.byte	11                              @ Abbrev [11] 0x564:0xb DW_TAG_typedef
	.long	1391                            @ DW_AT_type
	.long	.Linfo_string100                @ DW_AT_name
	.byte	6                               @ DW_AT_decl_file
	.byte	72                              @ DW_AT_decl_line
	.byte	7                               @ Abbrev [7] 0x56f:0x35 DW_TAG_structure_type
	.byte	16                              @ DW_AT_byte_size
	.byte	6                               @ DW_AT_decl_file
	.byte	49                              @ DW_AT_decl_line
	.byte	8                               @ Abbrev [8] 0x573:0xc DW_TAG_member
	.long	.Linfo_string96                 @ DW_AT_name
	.long	720                             @ DW_AT_type
	.byte	6                               @ DW_AT_decl_file
	.byte	51                              @ DW_AT_decl_line
	.byte	0                               @ DW_AT_data_member_location
	.byte	8                               @ Abbrev [8] 0x57f:0xc DW_TAG_member
	.long	.Linfo_string97                 @ DW_AT_name
	.long	720                             @ DW_AT_type
	.byte	6                               @ DW_AT_decl_file
	.byte	58                              @ DW_AT_decl_line
	.byte	4                               @ DW_AT_data_member_location
	.byte	8                               @ Abbrev [8] 0x58b:0xc DW_TAG_member
	.long	.Linfo_string98                 @ DW_AT_name
	.long	720                             @ DW_AT_type
	.byte	6                               @ DW_AT_decl_file
	.byte	61                              @ DW_AT_decl_line
	.byte	8                               @ DW_AT_data_member_location
	.byte	8                               @ Abbrev [8] 0x597:0xc DW_TAG_member
	.long	.Linfo_string99                 @ DW_AT_name
	.long	720                             @ DW_AT_type
	.byte	6                               @ DW_AT_decl_file
	.byte	64                              @ DW_AT_decl_line
	.byte	12                              @ DW_AT_data_member_location
	.byte	0                               @ End Of Children Mark
	.byte	5                               @ Abbrev [5] 0x5a4:0x5 DW_TAG_pointer_type
	.long	1449                            @ DW_AT_type
	.byte	11                              @ Abbrev [11] 0x5a9:0xb DW_TAG_typedef
	.long	1460                            @ DW_AT_type
	.long	.Linfo_string145                @ DW_AT_name
	.byte	3                               @ DW_AT_decl_file
	.byte	179                             @ DW_AT_decl_line
	.byte	16                              @ Abbrev [16] 0x5b4:0xf9 DW_TAG_structure_type
	.long	.Linfo_string144                @ DW_AT_name
	.byte	120                             @ DW_AT_byte_size
	.byte	3                               @ DW_AT_decl_file
	.byte	136                             @ DW_AT_decl_line
	.byte	8                               @ Abbrev [8] 0x5bc:0xc DW_TAG_member
	.long	.Linfo_string77                 @ DW_AT_name
	.long	1709                            @ DW_AT_type
	.byte	3                               @ DW_AT_decl_file
	.byte	138                             @ DW_AT_decl_line
	.byte	0                               @ DW_AT_data_member_location
	.byte	8                               @ Abbrev [8] 0x5c8:0xc DW_TAG_member
	.long	.Linfo_string78                 @ DW_AT_name
	.long	1710                            @ DW_AT_type
	.byte	3                               @ DW_AT_decl_file
	.byte	140                             @ DW_AT_decl_line
	.byte	4                               @ DW_AT_data_member_location
	.byte	8                               @ Abbrev [8] 0x5d4:0xc DW_TAG_member
	.long	.Linfo_string116                @ DW_AT_name
	.long	1870                            @ DW_AT_type
	.byte	3                               @ DW_AT_decl_file
	.byte	142                             @ DW_AT_decl_line
	.byte	52                              @ DW_AT_data_member_location
	.byte	8                               @ Abbrev [8] 0x5e0:0xc DW_TAG_member
	.long	.Linfo_string118                @ DW_AT_name
	.long	1881                            @ DW_AT_type
	.byte	3                               @ DW_AT_decl_file
	.byte	144                             @ DW_AT_decl_line
	.byte	53                              @ DW_AT_data_member_location
	.byte	8                               @ Abbrev [8] 0x5ec:0xc DW_TAG_member
	.long	.Linfo_string120                @ DW_AT_name
	.long	1709                            @ DW_AT_type
	.byte	3                               @ DW_AT_decl_file
	.byte	146                             @ DW_AT_decl_line
	.byte	56                              @ DW_AT_data_member_location
	.byte	8                               @ Abbrev [8] 0x5f8:0xc DW_TAG_member
	.long	.Linfo_string121                @ DW_AT_name
	.long	1897                            @ DW_AT_type
	.byte	3                               @ DW_AT_decl_file
	.byte	148                             @ DW_AT_decl_line
	.byte	60                              @ DW_AT_data_member_location
	.byte	8                               @ Abbrev [8] 0x604:0xc DW_TAG_member
	.long	.Linfo_string122                @ DW_AT_name
	.long	1897                            @ DW_AT_type
	.byte	3                               @ DW_AT_decl_file
	.byte	150                             @ DW_AT_decl_line
	.byte	64                              @ DW_AT_data_member_location
	.byte	8                               @ Abbrev [8] 0x610:0xc DW_TAG_member
	.long	.Linfo_string123                @ DW_AT_name
	.long	1897                            @ DW_AT_type
	.byte	3                               @ DW_AT_decl_file
	.byte	152                             @ DW_AT_decl_line
	.byte	68                              @ DW_AT_data_member_location
	.byte	8                               @ Abbrev [8] 0x61c:0xc DW_TAG_member
	.long	.Linfo_string124                @ DW_AT_name
	.long	1897                            @ DW_AT_type
	.byte	3                               @ DW_AT_decl_file
	.byte	154                             @ DW_AT_decl_line
	.byte	72                              @ DW_AT_data_member_location
	.byte	8                               @ Abbrev [8] 0x628:0xc DW_TAG_member
	.long	.Linfo_string125                @ DW_AT_name
	.long	1897                            @ DW_AT_type
	.byte	3                               @ DW_AT_decl_file
	.byte	156                             @ DW_AT_decl_line
	.byte	76                              @ DW_AT_data_member_location
	.byte	8                               @ Abbrev [8] 0x634:0xc DW_TAG_member
	.long	.Linfo_string126                @ DW_AT_name
	.long	1897                            @ DW_AT_type
	.byte	3                               @ DW_AT_decl_file
	.byte	158                             @ DW_AT_decl_line
	.byte	80                              @ DW_AT_data_member_location
	.byte	8                               @ Abbrev [8] 0x640:0xc DW_TAG_member
	.long	.Linfo_string127                @ DW_AT_name
	.long	715                             @ DW_AT_type
	.byte	3                               @ DW_AT_decl_file
	.byte	160                             @ DW_AT_decl_line
	.byte	84                              @ DW_AT_data_member_location
	.byte	8                               @ Abbrev [8] 0x64c:0xc DW_TAG_member
	.long	.Linfo_string128                @ DW_AT_name
	.long	720                             @ DW_AT_type
	.byte	3                               @ DW_AT_decl_file
	.byte	162                             @ DW_AT_decl_line
	.byte	88                              @ DW_AT_data_member_location
	.byte	8                               @ Abbrev [8] 0x658:0xc DW_TAG_member
	.long	.Linfo_string129                @ DW_AT_name
	.long	720                             @ DW_AT_type
	.byte	3                               @ DW_AT_decl_file
	.byte	164                             @ DW_AT_decl_line
	.byte	92                              @ DW_AT_data_member_location
	.byte	8                               @ Abbrev [8] 0x664:0xc DW_TAG_member
	.long	.Linfo_string130                @ DW_AT_name
	.long	1914                            @ DW_AT_type
	.byte	3                               @ DW_AT_decl_file
	.byte	166                             @ DW_AT_decl_line
	.byte	96                              @ DW_AT_data_member_location
	.byte	8                               @ Abbrev [8] 0x670:0xc DW_TAG_member
	.long	.Linfo_string132                @ DW_AT_name
	.long	1950                            @ DW_AT_type
	.byte	3                               @ DW_AT_decl_file
	.byte	168                             @ DW_AT_decl_line
	.byte	100                             @ DW_AT_data_member_location
	.byte	8                               @ Abbrev [8] 0x67c:0xc DW_TAG_member
	.long	.Linfo_string135                @ DW_AT_name
	.long	720                             @ DW_AT_type
	.byte	3                               @ DW_AT_decl_file
	.byte	170                             @ DW_AT_decl_line
	.byte	104                             @ DW_AT_data_member_location
	.byte	8                               @ Abbrev [8] 0x688:0xc DW_TAG_member
	.long	.Linfo_string136                @ DW_AT_name
	.long	1999                            @ DW_AT_type
	.byte	3                               @ DW_AT_decl_file
	.byte	173                             @ DW_AT_decl_line
	.byte	108                             @ DW_AT_data_member_location
	.byte	8                               @ Abbrev [8] 0x694:0xc DW_TAG_member
	.long	.Linfo_string139                @ DW_AT_name
	.long	2035                            @ DW_AT_type
	.byte	3                               @ DW_AT_decl_file
	.byte	175                             @ DW_AT_decl_line
	.byte	112                             @ DW_AT_data_member_location
	.byte	8                               @ Abbrev [8] 0x6a0:0xc DW_TAG_member
	.long	.Linfo_string143                @ DW_AT_name
	.long	720                             @ DW_AT_type
	.byte	3                               @ DW_AT_decl_file
	.byte	177                             @ DW_AT_decl_line
	.byte	116                             @ DW_AT_data_member_location
	.byte	0                               @ End Of Children Mark
	.byte	17                              @ Abbrev [17] 0x6ad:0x1 DW_TAG_pointer_type
	.byte	11                              @ Abbrev [11] 0x6ae:0xb DW_TAG_typedef
	.long	1721                            @ DW_AT_type
	.long	.Linfo_string115                @ DW_AT_name
	.byte	3                               @ DW_AT_decl_file
	.byte	96                              @ DW_AT_decl_line
	.byte	7                               @ Abbrev [7] 0x6b9:0x95 DW_TAG_structure_type
	.byte	48                              @ DW_AT_byte_size
	.byte	3                               @ DW_AT_decl_file
	.byte	48                              @ DW_AT_decl_line
	.byte	8                               @ Abbrev [8] 0x6bd:0xc DW_TAG_member
	.long	.Linfo_string103                @ DW_AT_name
	.long	720                             @ DW_AT_type
	.byte	3                               @ DW_AT_decl_file
	.byte	50                              @ DW_AT_decl_line
	.byte	0                               @ DW_AT_data_member_location
	.byte	8                               @ Abbrev [8] 0x6c9:0xc DW_TAG_member
	.long	.Linfo_string104                @ DW_AT_name
	.long	720                             @ DW_AT_type
	.byte	3                               @ DW_AT_decl_file
	.byte	53                              @ DW_AT_decl_line
	.byte	4                               @ DW_AT_data_member_location
	.byte	8                               @ Abbrev [8] 0x6d5:0xc DW_TAG_member
	.long	.Linfo_string105                @ DW_AT_name
	.long	720                             @ DW_AT_type
	.byte	3                               @ DW_AT_decl_file
	.byte	57                              @ DW_AT_decl_line
	.byte	8                               @ DW_AT_data_member_location
	.byte	8                               @ Abbrev [8] 0x6e1:0xc DW_TAG_member
	.long	.Linfo_string106                @ DW_AT_name
	.long	720                             @ DW_AT_type
	.byte	3                               @ DW_AT_decl_file
	.byte	60                              @ DW_AT_decl_line
	.byte	12                              @ DW_AT_data_member_location
	.byte	8                               @ Abbrev [8] 0x6ed:0xc DW_TAG_member
	.long	.Linfo_string107                @ DW_AT_name
	.long	720                             @ DW_AT_type
	.byte	3                               @ DW_AT_decl_file
	.byte	63                              @ DW_AT_decl_line
	.byte	16                              @ DW_AT_data_member_location
	.byte	8                               @ Abbrev [8] 0x6f9:0xc DW_TAG_member
	.long	.Linfo_string108                @ DW_AT_name
	.long	720                             @ DW_AT_type
	.byte	3                               @ DW_AT_decl_file
	.byte	66                              @ DW_AT_decl_line
	.byte	20                              @ DW_AT_data_member_location
	.byte	8                               @ Abbrev [8] 0x705:0xc DW_TAG_member
	.long	.Linfo_string109                @ DW_AT_name
	.long	720                             @ DW_AT_type
	.byte	3                               @ DW_AT_decl_file
	.byte	69                              @ DW_AT_decl_line
	.byte	24                              @ DW_AT_data_member_location
	.byte	8                               @ Abbrev [8] 0x711:0xc DW_TAG_member
	.long	.Linfo_string110                @ DW_AT_name
	.long	720                             @ DW_AT_type
	.byte	3                               @ DW_AT_decl_file
	.byte	74                              @ DW_AT_decl_line
	.byte	28                              @ DW_AT_data_member_location
	.byte	8                               @ Abbrev [8] 0x71d:0xc DW_TAG_member
	.long	.Linfo_string111                @ DW_AT_name
	.long	720                             @ DW_AT_type
	.byte	3                               @ DW_AT_decl_file
	.byte	77                              @ DW_AT_decl_line
	.byte	32                              @ DW_AT_data_member_location
	.byte	8                               @ Abbrev [8] 0x729:0xc DW_TAG_member
	.long	.Linfo_string112                @ DW_AT_name
	.long	720                             @ DW_AT_type
	.byte	3                               @ DW_AT_decl_file
	.byte	82                              @ DW_AT_decl_line
	.byte	36                              @ DW_AT_data_member_location
	.byte	8                               @ Abbrev [8] 0x735:0xc DW_TAG_member
	.long	.Linfo_string113                @ DW_AT_name
	.long	720                             @ DW_AT_type
	.byte	3                               @ DW_AT_decl_file
	.byte	85                              @ DW_AT_decl_line
	.byte	40                              @ DW_AT_data_member_location
	.byte	8                               @ Abbrev [8] 0x741:0xc DW_TAG_member
	.long	.Linfo_string114                @ DW_AT_name
	.long	720                             @ DW_AT_type
	.byte	3                               @ DW_AT_decl_file
	.byte	91                              @ DW_AT_decl_line
	.byte	44                              @ DW_AT_data_member_location
	.byte	0                               @ End Of Children Mark
	.byte	11                              @ Abbrev [11] 0x74e:0xb DW_TAG_typedef
	.long	99                              @ DW_AT_type
	.long	.Linfo_string117                @ DW_AT_name
	.byte	1                               @ DW_AT_decl_file
	.byte	54                              @ DW_AT_decl_line
	.byte	10                              @ Abbrev [10] 0x759:0x5 DW_TAG_volatile_type
	.long	1886                            @ DW_AT_type
	.byte	11                              @ Abbrev [11] 0x75e:0xb DW_TAG_typedef
	.long	120                             @ DW_AT_type
	.long	.Linfo_string119                @ DW_AT_name
	.byte	3                               @ DW_AT_decl_file
	.byte	108                             @ DW_AT_decl_line
	.byte	5                               @ Abbrev [5] 0x769:0x5 DW_TAG_pointer_type
	.long	1902                            @ DW_AT_type
	.byte	18                              @ Abbrev [18] 0x76e:0x7 DW_TAG_subroutine_type
                                        @ DW_AT_prototyped
	.byte	19                              @ Abbrev [19] 0x76f:0x5 DW_TAG_formal_parameter
	.long	1909                            @ DW_AT_type
	.byte	0                               @ End Of Children Mark
	.byte	5                               @ Abbrev [5] 0x775:0x5 DW_TAG_pointer_type
	.long	1460                            @ DW_AT_type
	.byte	5                               @ Abbrev [5] 0x77a:0x5 DW_TAG_pointer_type
	.long	1919                            @ DW_AT_type
	.byte	6                               @ Abbrev [6] 0x77f:0xc DW_TAG_typedef
	.long	1931                            @ DW_AT_type
	.long	.Linfo_string131                @ DW_AT_name
	.byte	5                               @ DW_AT_decl_file
	.short	595                             @ DW_AT_decl_line
	.byte	15                              @ Abbrev [15] 0x78b:0x13 DW_TAG_structure_type
	.byte	4                               @ DW_AT_byte_size
	.byte	5                               @ DW_AT_decl_file
	.short	592                             @ DW_AT_decl_line
	.byte	9                               @ Abbrev [9] 0x790:0xd DW_TAG_member
	.long	.Linfo_string65                 @ DW_AT_name
	.long	715                             @ DW_AT_type
	.byte	5                               @ DW_AT_decl_file
	.short	594                             @ DW_AT_decl_line
	.byte	0                               @ DW_AT_data_member_location
	.byte	0                               @ End Of Children Mark
	.byte	5                               @ Abbrev [5] 0x79e:0x5 DW_TAG_pointer_type
	.long	1955                            @ DW_AT_type
	.byte	6                               @ Abbrev [6] 0x7a3:0xc DW_TAG_typedef
	.long	1967                            @ DW_AT_type
	.long	.Linfo_string134                @ DW_AT_name
	.byte	5                               @ DW_AT_decl_file
	.short	601                             @ DW_AT_decl_line
	.byte	15                              @ Abbrev [15] 0x7af:0x20 DW_TAG_structure_type
	.byte	8                               @ DW_AT_byte_size
	.byte	5                               @ DW_AT_decl_file
	.short	597                             @ DW_AT_decl_line
	.byte	9                               @ Abbrev [9] 0x7b4:0xd DW_TAG_member
	.long	.Linfo_string63                 @ DW_AT_name
	.long	715                             @ DW_AT_type
	.byte	5                               @ DW_AT_decl_file
	.short	599                             @ DW_AT_decl_line
	.byte	0                               @ DW_AT_data_member_location
	.byte	9                               @ Abbrev [9] 0x7c1:0xd DW_TAG_member
	.long	.Linfo_string133                @ DW_AT_name
	.long	715                             @ DW_AT_type
	.byte	5                               @ DW_AT_decl_file
	.short	600                             @ DW_AT_decl_line
	.byte	4                               @ DW_AT_data_member_location
	.byte	0                               @ End Of Children Mark
	.byte	5                               @ Abbrev [5] 0x7cf:0x5 DW_TAG_pointer_type
	.long	2004                            @ DW_AT_type
	.byte	6                               @ Abbrev [6] 0x7d4:0xc DW_TAG_typedef
	.long	2016                            @ DW_AT_type
	.long	.Linfo_string138                @ DW_AT_name
	.byte	5                               @ DW_AT_decl_file
	.short	606                             @ DW_AT_decl_line
	.byte	15                              @ Abbrev [15] 0x7e0:0x13 DW_TAG_structure_type
	.byte	4                               @ DW_AT_byte_size
	.byte	5                               @ DW_AT_decl_file
	.short	603                             @ DW_AT_decl_line
	.byte	9                               @ Abbrev [9] 0x7e5:0xd DW_TAG_member
	.long	.Linfo_string137                @ DW_AT_name
	.long	715                             @ DW_AT_type
	.byte	5                               @ DW_AT_decl_file
	.short	605                             @ DW_AT_decl_line
	.byte	0                               @ DW_AT_data_member_location
	.byte	0                               @ End Of Children Mark
	.byte	5                               @ Abbrev [5] 0x7f3:0x5 DW_TAG_pointer_type
	.long	2040                            @ DW_AT_type
	.byte	6                               @ Abbrev [6] 0x7f8:0xc DW_TAG_typedef
	.long	2052                            @ DW_AT_type
	.long	.Linfo_string142                @ DW_AT_name
	.byte	5                               @ DW_AT_decl_file
	.short	612                             @ DW_AT_decl_line
	.byte	15                              @ Abbrev [15] 0x804:0x20 DW_TAG_structure_type
	.byte	8                               @ DW_AT_byte_size
	.byte	5                               @ DW_AT_decl_file
	.short	608                             @ DW_AT_decl_line
	.byte	9                               @ Abbrev [9] 0x809:0xd DW_TAG_member
	.long	.Linfo_string140                @ DW_AT_name
	.long	715                             @ DW_AT_type
	.byte	5                               @ DW_AT_decl_file
	.short	610                             @ DW_AT_decl_line
	.byte	0                               @ DW_AT_data_member_location
	.byte	9                               @ Abbrev [9] 0x816:0xd DW_TAG_member
	.long	.Linfo_string141                @ DW_AT_name
	.long	715                             @ DW_AT_type
	.byte	5                               @ DW_AT_decl_file
	.short	611                             @ DW_AT_decl_line
	.byte	4                               @ DW_AT_data_member_location
	.byte	0                               @ End Of Children Mark
	.byte	6                               @ Abbrev [6] 0x824:0xc DW_TAG_typedef
	.long	2096                            @ DW_AT_type
	.long	.Linfo_string149                @ DW_AT_name
	.byte	6                               @ DW_AT_decl_file
	.short	352                             @ DW_AT_decl_line
	.byte	15                              @ Abbrev [15] 0x830:0x20 DW_TAG_structure_type
	.byte	8                               @ DW_AT_byte_size
	.byte	6                               @ DW_AT_decl_file
	.short	345                             @ DW_AT_decl_line
	.byte	9                               @ Abbrev [9] 0x835:0xd DW_TAG_member
	.long	.Linfo_string147                @ DW_AT_name
	.long	720                             @ DW_AT_type
	.byte	6                               @ DW_AT_decl_file
	.short	347                             @ DW_AT_decl_line
	.byte	0                               @ DW_AT_data_member_location
	.byte	9                               @ Abbrev [9] 0x842:0xd DW_TAG_member
	.long	.Linfo_string148                @ DW_AT_name
	.long	720                             @ DW_AT_type
	.byte	6                               @ DW_AT_decl_file
	.short	351                             @ DW_AT_decl_line
	.byte	4                               @ DW_AT_data_member_location
	.byte	0                               @ End Of Children Mark
	.byte	11                              @ Abbrev [11] 0x850:0xb DW_TAG_typedef
	.long	2139                            @ DW_AT_type
	.long	.Linfo_string152                @ DW_AT_name
	.byte	4                               @ DW_AT_decl_file
	.byte	65                              @ DW_AT_decl_line
	.byte	4                               @ Abbrev [4] 0x85b:0x7 DW_TAG_base_type
	.long	.Linfo_string151                @ DW_AT_name
	.byte	7                               @ DW_AT_encoding
	.byte	8                               @ DW_AT_byte_size
	.byte	5                               @ Abbrev [5] 0x862:0x5 DW_TAG_pointer_type
	.long	715                             @ DW_AT_type
	.byte	20                              @ Abbrev [20] 0x867:0x1a DW_TAG_subprogram
	.long	.Linfo_string153                @ DW_AT_name
	.byte	8                               @ DW_AT_decl_file
	.short	6832                            @ DW_AT_decl_line
                                        @ DW_AT_prototyped
	.long	720                             @ DW_AT_type
	.byte	1                               @ DW_AT_inline
	.byte	21                              @ Abbrev [21] 0x874:0xc DW_TAG_formal_parameter
	.long	.Linfo_string154                @ DW_AT_name
	.byte	8                               @ DW_AT_decl_file
	.short	6832                            @ DW_AT_decl_line
	.long	2177                            @ DW_AT_type
	.byte	0                               @ End Of Children Mark
	.byte	5                               @ Abbrev [5] 0x881:0x5 DW_TAG_pointer_type
	.long	2182                            @ DW_AT_type
	.byte	22                              @ Abbrev [22] 0x886:0x5 DW_TAG_const_type
	.long	164                             @ DW_AT_type
	.byte	23                              @ Abbrev [23] 0x88b:0x16 DW_TAG_subprogram
	.long	.Linfo_string155                @ DW_AT_name
	.byte	8                               @ DW_AT_decl_file
	.short	6818                            @ DW_AT_decl_line
                                        @ DW_AT_prototyped
	.byte	1                               @ DW_AT_inline
	.byte	21                              @ Abbrev [21] 0x894:0xc DW_TAG_formal_parameter
	.long	.Linfo_string154                @ DW_AT_name
	.byte	8                               @ DW_AT_decl_file
	.short	6818                            @ DW_AT_decl_line
	.long	159                             @ DW_AT_type
	.byte	0                               @ End Of Children Mark
	.byte	20                              @ Abbrev [20] 0x8a1:0x1a DW_TAG_subprogram
	.long	.Linfo_string156                @ DW_AT_name
	.byte	8                               @ DW_AT_decl_file
	.short	6881                            @ DW_AT_decl_line
                                        @ DW_AT_prototyped
	.long	720                             @ DW_AT_type
	.byte	1                               @ DW_AT_inline
	.byte	21                              @ Abbrev [21] 0x8ae:0xc DW_TAG_formal_parameter
	.long	.Linfo_string154                @ DW_AT_name
	.byte	8                               @ DW_AT_decl_file
	.short	6881                            @ DW_AT_decl_line
	.long	2177                            @ DW_AT_type
	.byte	0                               @ End Of Children Mark
	.byte	23                              @ Abbrev [23] 0x8bb:0x16 DW_TAG_subprogram
	.long	.Linfo_string157                @ DW_AT_name
	.byte	8                               @ DW_AT_decl_file
	.short	6851                            @ DW_AT_decl_line
                                        @ DW_AT_prototyped
	.byte	1                               @ DW_AT_inline
	.byte	21                              @ Abbrev [21] 0x8c4:0xc DW_TAG_formal_parameter
	.long	.Linfo_string154                @ DW_AT_name
	.byte	8                               @ DW_AT_decl_file
	.short	6851                            @ DW_AT_decl_line
	.long	159                             @ DW_AT_type
	.byte	0                               @ End Of Children Mark
	.byte	20                              @ Abbrev [20] 0x8d1:0x1a DW_TAG_subprogram
	.long	.Linfo_string158                @ DW_AT_name
	.byte	8                               @ DW_AT_decl_file
	.short	7073                            @ DW_AT_decl_line
                                        @ DW_AT_prototyped
	.long	720                             @ DW_AT_type
	.byte	1                               @ DW_AT_inline
	.byte	21                              @ Abbrev [21] 0x8de:0xc DW_TAG_formal_parameter
	.long	.Linfo_string154                @ DW_AT_name
	.byte	8                               @ DW_AT_decl_file
	.short	7073                            @ DW_AT_decl_line
	.long	2177                            @ DW_AT_type
	.byte	0                               @ End Of Children Mark
	.byte	20                              @ Abbrev [20] 0x8eb:0x1a DW_TAG_subprogram
	.long	.Linfo_string159                @ DW_AT_name
	.byte	8                               @ DW_AT_decl_file
	.short	6941                            @ DW_AT_decl_line
                                        @ DW_AT_prototyped
	.long	720                             @ DW_AT_type
	.byte	1                               @ DW_AT_inline
	.byte	21                              @ Abbrev [21] 0x8f8:0xc DW_TAG_formal_parameter
	.long	.Linfo_string154                @ DW_AT_name
	.byte	8                               @ DW_AT_decl_file
	.short	6941                            @ DW_AT_decl_line
	.long	2177                            @ DW_AT_type
	.byte	0                               @ End Of Children Mark
	.byte	23                              @ Abbrev [23] 0x905:0x22 DW_TAG_subprogram
	.long	.Linfo_string160                @ DW_AT_name
	.byte	8                               @ DW_AT_decl_file
	.short	2663                            @ DW_AT_decl_line
                                        @ DW_AT_prototyped
	.byte	1                               @ DW_AT_inline
	.byte	21                              @ Abbrev [21] 0x90e:0xc DW_TAG_formal_parameter
	.long	.Linfo_string161                @ DW_AT_name
	.byte	8                               @ DW_AT_decl_file
	.short	2663                            @ DW_AT_decl_line
	.long	757                             @ DW_AT_type
	.byte	21                              @ Abbrev [21] 0x91a:0xc DW_TAG_formal_parameter
	.long	.Linfo_string162                @ DW_AT_name
	.byte	8                               @ DW_AT_decl_file
	.short	2663                            @ DW_AT_decl_line
	.long	720                             @ DW_AT_type
	.byte	0                               @ End Of Children Mark
	.byte	20                              @ Abbrev [20] 0x927:0x1a DW_TAG_subprogram
	.long	.Linfo_string163                @ DW_AT_name
	.byte	8                               @ DW_AT_decl_file
	.short	7268                            @ DW_AT_decl_line
                                        @ DW_AT_prototyped
	.long	720                             @ DW_AT_type
	.byte	1                               @ DW_AT_inline
	.byte	21                              @ Abbrev [21] 0x934:0xc DW_TAG_formal_parameter
	.long	.Linfo_string154                @ DW_AT_name
	.byte	8                               @ DW_AT_decl_file
	.short	7268                            @ DW_AT_decl_line
	.long	2177                            @ DW_AT_type
	.byte	0                               @ End Of Children Mark
	.byte	24                              @ Abbrev [24] 0x941:0x1d3 DW_TAG_subprogram
	.long	.Lfunc_begin0                   @ DW_AT_low_pc
	.long	.Lfunc_end0-.Lfunc_begin0       @ DW_AT_high_pc
	.byte	1                               @ DW_AT_frame_base
	.byte	93
                                        @ DW_AT_GNU_all_call_sites
	.long	.Linfo_string213                @ DW_AT_name
	.byte	7                               @ DW_AT_decl_file
	.short	407                             @ DW_AT_decl_line
                                        @ DW_AT_prototyped
	.long	2996                            @ DW_AT_type
                                        @ DW_AT_external
	.byte	25                              @ Abbrev [25] 0x957:0x10 DW_TAG_formal_parameter
	.long	.Ldebug_loc0                    @ DW_AT_location
	.long	.Linfo_string167                @ DW_AT_name
	.byte	7                               @ DW_AT_decl_file
	.short	407                             @ DW_AT_decl_line
	.long	1047                            @ DW_AT_type
	.byte	26                              @ Abbrev [26] 0x967:0x10 DW_TAG_variable
	.long	.Ldebug_loc1                    @ DW_AT_location
	.long	.Linfo_string241                @ DW_AT_name
	.byte	7                               @ DW_AT_decl_file
	.short	409                             @ DW_AT_decl_line
	.long	2996                            @ DW_AT_type
	.byte	26                              @ Abbrev [26] 0x977:0x10 DW_TAG_variable
	.long	.Ldebug_loc2                    @ DW_AT_location
	.long	.Linfo_string242                @ DW_AT_name
	.byte	7                               @ DW_AT_decl_file
	.short	412                             @ DW_AT_decl_line
	.long	715                             @ DW_AT_type
	.byte	26                              @ Abbrev [26] 0x987:0x10 DW_TAG_variable
	.long	.Ldebug_loc3                    @ DW_AT_location
	.long	.Linfo_string243                @ DW_AT_name
	.byte	7                               @ DW_AT_decl_file
	.short	411                             @ DW_AT_decl_line
	.long	720                             @ DW_AT_type
	.byte	26                              @ Abbrev [26] 0x997:0x10 DW_TAG_variable
	.long	.Ldebug_loc5                    @ DW_AT_location
	.long	.Linfo_string244                @ DW_AT_name
	.byte	7                               @ DW_AT_decl_file
	.short	410                             @ DW_AT_decl_line
	.long	720                             @ DW_AT_type
	.byte	26                              @ Abbrev [26] 0x9a7:0x10 DW_TAG_variable
	.long	.Ldebug_loc6                    @ DW_AT_location
	.long	.Linfo_string245                @ DW_AT_name
	.byte	7                               @ DW_AT_decl_file
	.short	413                             @ DW_AT_decl_line
	.long	720                             @ DW_AT_type
	.byte	26                              @ Abbrev [26] 0x9b7:0x10 DW_TAG_variable
	.long	.Ldebug_loc7                    @ DW_AT_location
	.long	.Linfo_string246                @ DW_AT_name
	.byte	7                               @ DW_AT_decl_file
	.short	414                             @ DW_AT_decl_line
	.long	720                             @ DW_AT_type
	.byte	27                              @ Abbrev [27] 0x9c7:0x19 DW_TAG_inlined_subroutine
	.long	2151                            @ DW_AT_abstract_origin
	.long	.Ltmp6                          @ DW_AT_low_pc
	.long	.Ltmp7-.Ltmp6                   @ DW_AT_high_pc
	.byte	7                               @ DW_AT_call_file
	.short	486                             @ DW_AT_call_line
	.byte	7                               @ DW_AT_call_column
	.byte	28                              @ Abbrev [28] 0x9d8:0x7 DW_TAG_formal_parameter
	.byte	1                               @ DW_AT_location
	.byte	80
	.long	2164                            @ DW_AT_abstract_origin
	.byte	0                               @ End Of Children Mark
	.byte	27                              @ Abbrev [27] 0x9e0:0x19 DW_TAG_inlined_subroutine
	.long	2187                            @ DW_AT_abstract_origin
	.long	.Ltmp8                          @ DW_AT_low_pc
	.long	.Ltmp9-.Ltmp8                   @ DW_AT_high_pc
	.byte	7                               @ DW_AT_call_file
	.short	489                             @ DW_AT_call_line
	.byte	5                               @ DW_AT_call_column
	.byte	28                              @ Abbrev [28] 0x9f1:0x7 DW_TAG_formal_parameter
	.byte	1                               @ DW_AT_location
	.byte	80
	.long	2196                            @ DW_AT_abstract_origin
	.byte	0                               @ End Of Children Mark
	.byte	27                              @ Abbrev [27] 0x9f9:0x19 DW_TAG_inlined_subroutine
	.long	2209                            @ DW_AT_abstract_origin
	.long	.Ltmp9                          @ DW_AT_low_pc
	.long	.Ltmp10-.Ltmp9                  @ DW_AT_high_pc
	.byte	7                               @ DW_AT_call_file
	.short	496                             @ DW_AT_call_line
	.byte	7                               @ DW_AT_call_column
	.byte	28                              @ Abbrev [28] 0xa0a:0x7 DW_TAG_formal_parameter
	.byte	1                               @ DW_AT_location
	.byte	80
	.long	2222                            @ DW_AT_abstract_origin
	.byte	0                               @ End Of Children Mark
	.byte	27                              @ Abbrev [27] 0xa12:0x19 DW_TAG_inlined_subroutine
	.long	2235                            @ DW_AT_abstract_origin
	.long	.Ltmp11                         @ DW_AT_low_pc
	.long	.Ltmp12-.Ltmp11                 @ DW_AT_high_pc
	.byte	7                               @ DW_AT_call_file
	.short	499                             @ DW_AT_call_line
	.byte	5                               @ DW_AT_call_column
	.byte	28                              @ Abbrev [28] 0xa23:0x7 DW_TAG_formal_parameter
	.byte	1                               @ DW_AT_location
	.byte	80
	.long	2244                            @ DW_AT_abstract_origin
	.byte	0                               @ End Of Children Mark
	.byte	27                              @ Abbrev [27] 0xa2b:0x19 DW_TAG_inlined_subroutine
	.long	2209                            @ DW_AT_abstract_origin
	.long	.Ltmp26                         @ DW_AT_low_pc
	.long	.Ltmp27-.Ltmp26                 @ DW_AT_high_pc
	.byte	7                               @ DW_AT_call_file
	.short	514                             @ DW_AT_call_line
	.byte	7                               @ DW_AT_call_column
	.byte	28                              @ Abbrev [28] 0xa3c:0x7 DW_TAG_formal_parameter
	.byte	1                               @ DW_AT_location
	.byte	80
	.long	2222                            @ DW_AT_abstract_origin
	.byte	0                               @ End Of Children Mark
	.byte	27                              @ Abbrev [27] 0xa44:0x19 DW_TAG_inlined_subroutine
	.long	2257                            @ DW_AT_abstract_origin
	.long	.Ltmp32                         @ DW_AT_low_pc
	.long	.Ltmp33-.Ltmp32                 @ DW_AT_high_pc
	.byte	7                               @ DW_AT_call_file
	.short	529                             @ DW_AT_call_line
	.byte	40                              @ DW_AT_call_column
	.byte	28                              @ Abbrev [28] 0xa55:0x7 DW_TAG_formal_parameter
	.byte	1                               @ DW_AT_location
	.byte	80
	.long	2270                            @ DW_AT_abstract_origin
	.byte	0                               @ End Of Children Mark
	.byte	27                              @ Abbrev [27] 0xa5d:0x19 DW_TAG_inlined_subroutine
	.long	2283                            @ DW_AT_abstract_origin
	.long	.Ltmp36                         @ DW_AT_low_pc
	.long	.Ltmp37-.Ltmp36                 @ DW_AT_high_pc
	.byte	7                               @ DW_AT_call_file
	.short	545                             @ DW_AT_call_line
	.byte	9                               @ DW_AT_call_column
	.byte	28                              @ Abbrev [28] 0xa6e:0x7 DW_TAG_formal_parameter
	.byte	1                               @ DW_AT_location
	.byte	80
	.long	2296                            @ DW_AT_abstract_origin
	.byte	0                               @ End Of Children Mark
	.byte	27                              @ Abbrev [27] 0xa76:0x1c DW_TAG_inlined_subroutine
	.long	2283                            @ DW_AT_abstract_origin
	.long	.Ltmp40                         @ DW_AT_low_pc
	.long	.Ltmp41-.Ltmp40                 @ DW_AT_high_pc
	.byte	7                               @ DW_AT_call_file
	.short	547                             @ DW_AT_call_line
	.byte	11                              @ DW_AT_call_column
	.byte	29                              @ Abbrev [29] 0xa87:0xa DW_TAG_formal_parameter
	.ascii	"\200\300\210\200\004"          @ DW_AT_const_value
	.long	2296                            @ DW_AT_abstract_origin
	.byte	0                               @ End Of Children Mark
	.byte	27                              @ Abbrev [27] 0xa92:0x1c DW_TAG_inlined_subroutine
	.long	2283                            @ DW_AT_abstract_origin
	.long	.Ltmp41                         @ DW_AT_low_pc
	.long	.Ltmp42-.Ltmp41                 @ DW_AT_high_pc
	.byte	7                               @ DW_AT_call_file
	.short	547                             @ DW_AT_call_line
	.byte	11                              @ DW_AT_call_column
	.byte	29                              @ Abbrev [29] 0xaa3:0xa DW_TAG_formal_parameter
	.ascii	"\200\302\210\200\004"          @ DW_AT_const_value
	.long	2296                            @ DW_AT_abstract_origin
	.byte	0                               @ End Of Children Mark
	.byte	30                              @ Abbrev [30] 0xaae:0x17 DW_TAG_inlined_subroutine
	.long	2309                            @ DW_AT_abstract_origin
	.long	.Ldebug_ranges0                 @ DW_AT_ranges
	.byte	7                               @ DW_AT_call_file
	.short	566                             @ DW_AT_call_line
	.byte	9                               @ DW_AT_call_column
	.byte	31                              @ Abbrev [31] 0xabb:0x9 DW_TAG_formal_parameter
	.long	.Ldebug_loc4                    @ DW_AT_location
	.long	2330                            @ DW_AT_abstract_origin
	.byte	0                               @ End Of Children Mark
	.byte	27                              @ Abbrev [27] 0xac5:0x1c DW_TAG_inlined_subroutine
	.long	2283                            @ DW_AT_abstract_origin
	.long	.Ltmp93                         @ DW_AT_low_pc
	.long	.Ltmp94-.Ltmp93                 @ DW_AT_high_pc
	.byte	7                               @ DW_AT_call_file
	.short	547                             @ DW_AT_call_line
	.byte	11                              @ DW_AT_call_column
	.byte	29                              @ Abbrev [29] 0xad6:0xa DW_TAG_formal_parameter
	.ascii	"\200\300\211\300\005"          @ DW_AT_const_value
	.long	2296                            @ DW_AT_abstract_origin
	.byte	0                               @ End Of Children Mark
	.byte	27                              @ Abbrev [27] 0xae1:0x19 DW_TAG_inlined_subroutine
	.long	2257                            @ DW_AT_abstract_origin
	.long	.Ltmp60                         @ DW_AT_low_pc
	.long	.Ltmp61-.Ltmp60                 @ DW_AT_high_pc
	.byte	7                               @ DW_AT_call_file
	.short	665                             @ DW_AT_call_line
	.byte	46                              @ DW_AT_call_column
	.byte	28                              @ Abbrev [28] 0xaf2:0x7 DW_TAG_formal_parameter
	.byte	1                               @ DW_AT_location
	.byte	80
	.long	2270                            @ DW_AT_abstract_origin
	.byte	0                               @ End Of Children Mark
	.byte	27                              @ Abbrev [27] 0xafa:0x19 DW_TAG_inlined_subroutine
	.long	2343                            @ DW_AT_abstract_origin
	.long	.Ltmp61                         @ DW_AT_low_pc
	.long	.Ltmp62-.Ltmp61                 @ DW_AT_high_pc
	.byte	7                               @ DW_AT_call_file
	.short	666                             @ DW_AT_call_line
	.byte	47                              @ DW_AT_call_column
	.byte	28                              @ Abbrev [28] 0xb0b:0x7 DW_TAG_formal_parameter
	.byte	1                               @ DW_AT_location
	.byte	80
	.long	2356                            @ DW_AT_abstract_origin
	.byte	0                               @ End Of Children Mark
	.byte	0                               @ End Of Children Mark
	.byte	32                              @ Abbrev [32] 0xb14:0x21 DW_TAG_subprogram
	.long	.Lfunc_begin1                   @ DW_AT_low_pc
	.long	.Lfunc_end1-.Lfunc_begin1       @ DW_AT_high_pc
	.byte	1                               @ DW_AT_frame_base
	.byte	93
                                        @ DW_AT_GNU_all_call_sites
	.long	.Linfo_string214                @ DW_AT_name
	.byte	7                               @ DW_AT_decl_file
	.short	1095                            @ DW_AT_decl_line
                                        @ DW_AT_prototyped
                                        @ DW_AT_external
	.byte	33                              @ Abbrev [33] 0xb26:0xe DW_TAG_formal_parameter
	.byte	1                               @ DW_AT_location
	.byte	80
	.long	.Linfo_string167                @ DW_AT_name
	.byte	7                               @ DW_AT_decl_file
	.short	1095                            @ DW_AT_decl_line
	.long	1047                            @ DW_AT_type
	.byte	0                               @ End Of Children Mark
	.byte	32                              @ Abbrev [32] 0xb35:0x33 DW_TAG_subprogram
	.long	.Lfunc_begin2                   @ DW_AT_low_pc
	.long	.Lfunc_end2-.Lfunc_begin2       @ DW_AT_high_pc
	.byte	1                               @ DW_AT_frame_base
	.byte	93
                                        @ DW_AT_GNU_all_call_sites
	.long	.Linfo_string215                @ DW_AT_name
	.byte	7                               @ DW_AT_decl_file
	.short	3939                            @ DW_AT_decl_line
                                        @ DW_AT_prototyped
                                        @ DW_AT_external
	.byte	25                              @ Abbrev [25] 0xb47:0x10 DW_TAG_formal_parameter
	.long	.Ldebug_loc8                    @ DW_AT_location
	.long	.Linfo_string167                @ DW_AT_name
	.byte	7                               @ DW_AT_decl_file
	.short	3939                            @ DW_AT_decl_line
	.long	1047                            @ DW_AT_type
	.byte	26                              @ Abbrev [26] 0xb57:0x10 DW_TAG_variable
	.long	.Ldebug_loc9                    @ DW_AT_location
	.long	.Linfo_string247                @ DW_AT_name
	.byte	7                               @ DW_AT_decl_file
	.short	3941                            @ DW_AT_decl_line
	.long	720                             @ DW_AT_type
	.byte	0                               @ End Of Children Mark
	.byte	20                              @ Abbrev [20] 0xb68:0x1a DW_TAG_subprogram
	.long	.Linfo_string164                @ DW_AT_name
	.byte	8                               @ DW_AT_decl_file
	.short	6952                            @ DW_AT_decl_line
                                        @ DW_AT_prototyped
	.long	720                             @ DW_AT_type
	.byte	1                               @ DW_AT_inline
	.byte	21                              @ Abbrev [21] 0xb75:0xc DW_TAG_formal_parameter
	.long	.Linfo_string154                @ DW_AT_name
	.byte	8                               @ DW_AT_decl_file
	.short	6952                            @ DW_AT_decl_line
	.long	2177                            @ DW_AT_type
	.byte	0                               @ End Of Children Mark
	.byte	34                              @ Abbrev [34] 0xb82:0x32 DW_TAG_subprogram
	.long	.Linfo_string165                @ DW_AT_name
	.byte	7                               @ DW_AT_decl_file
	.short	3755                            @ DW_AT_decl_line
                                        @ DW_AT_prototyped
	.long	2996                            @ DW_AT_type
                                        @ DW_AT_external
	.byte	1                               @ DW_AT_inline
	.byte	21                              @ Abbrev [21] 0xb8f:0xc DW_TAG_formal_parameter
	.long	.Linfo_string167                @ DW_AT_name
	.byte	7                               @ DW_AT_decl_file
	.short	3755                            @ DW_AT_decl_line
	.long	1047                            @ DW_AT_type
	.byte	35                              @ Abbrev [35] 0xb9b:0xc DW_TAG_variable
	.long	.Linfo_string168                @ DW_AT_name
	.byte	7                               @ DW_AT_decl_file
	.short	3758                            @ DW_AT_decl_line
	.long	3007                            @ DW_AT_type
	.byte	35                              @ Abbrev [35] 0xba7:0xc DW_TAG_variable
	.long	.Linfo_string169                @ DW_AT_name
	.byte	7                               @ DW_AT_decl_file
	.short	3757                            @ DW_AT_decl_line
	.long	720                             @ DW_AT_type
	.byte	0                               @ End Of Children Mark
	.byte	11                              @ Abbrev [11] 0xbb4:0xb DW_TAG_typedef
	.long	38                              @ DW_AT_type
	.long	.Linfo_string166                @ DW_AT_name
	.byte	1                               @ DW_AT_decl_file
	.byte	45                              @ DW_AT_decl_line
	.byte	22                              @ Abbrev [22] 0xbbf:0x5 DW_TAG_const_type
	.long	720                             @ DW_AT_type
	.byte	23                              @ Abbrev [23] 0xbc4:0x16 DW_TAG_subprogram
	.long	.Linfo_string170                @ DW_AT_name
	.byte	8                               @ DW_AT_decl_file
	.short	6922                            @ DW_AT_decl_line
                                        @ DW_AT_prototyped
	.byte	1                               @ DW_AT_inline
	.byte	21                              @ Abbrev [21] 0xbcd:0xc DW_TAG_formal_parameter
	.long	.Linfo_string154                @ DW_AT_name
	.byte	8                               @ DW_AT_decl_file
	.short	6922                            @ DW_AT_decl_line
	.long	159                             @ DW_AT_type
	.byte	0                               @ End Of Children Mark
	.byte	24                              @ Abbrev [24] 0xbda:0xff DW_TAG_subprogram
	.long	.Lfunc_begin3                   @ DW_AT_low_pc
	.long	.Lfunc_end3-.Lfunc_begin3       @ DW_AT_high_pc
	.byte	1                               @ DW_AT_frame_base
	.byte	93
                                        @ DW_AT_GNU_all_call_sites
	.long	.Linfo_string216                @ DW_AT_name
	.byte	7                               @ DW_AT_decl_file
	.short	842                             @ DW_AT_decl_line
                                        @ DW_AT_prototyped
	.long	2996                            @ DW_AT_type
                                        @ DW_AT_external
	.byte	25                              @ Abbrev [25] 0xbf0:0x10 DW_TAG_formal_parameter
	.long	.Ldebug_loc10                   @ DW_AT_location
	.long	.Linfo_string167                @ DW_AT_name
	.byte	7                               @ DW_AT_decl_file
	.short	842                             @ DW_AT_decl_line
	.long	1047                            @ DW_AT_type
	.byte	26                              @ Abbrev [26] 0xc00:0x10 DW_TAG_variable
	.long	.Ldebug_loc11                   @ DW_AT_location
	.long	.Linfo_string241                @ DW_AT_name
	.byte	7                               @ DW_AT_decl_file
	.short	844                             @ DW_AT_decl_line
	.long	2996                            @ DW_AT_type
	.byte	30                              @ Abbrev [30] 0xc10:0x74 DW_TAG_inlined_subroutine
	.long	2946                            @ DW_AT_abstract_origin
	.long	.Ldebug_ranges1                 @ DW_AT_ranges
	.byte	7                               @ DW_AT_call_file
	.short	873                             @ DW_AT_call_line
	.byte	22                              @ DW_AT_call_column
	.byte	31                              @ Abbrev [31] 0xc1d:0x9 DW_TAG_formal_parameter
	.long	.Ldebug_loc12                   @ DW_AT_location
	.long	2959                            @ DW_AT_abstract_origin
	.byte	36                              @ Abbrev [36] 0xc26:0x9 DW_TAG_variable
	.long	.Ldebug_loc13                   @ DW_AT_location
	.long	2971                            @ DW_AT_abstract_origin
	.byte	36                              @ Abbrev [36] 0xc2f:0x9 DW_TAG_variable
	.long	.Ldebug_loc14                   @ DW_AT_location
	.long	2983                            @ DW_AT_abstract_origin
	.byte	27                              @ Abbrev [27] 0xc38:0x19 DW_TAG_inlined_subroutine
	.long	2920                            @ DW_AT_abstract_origin
	.long	.Ltmp179                        @ DW_AT_low_pc
	.long	.Ltmp181-.Ltmp179               @ DW_AT_high_pc
	.byte	7                               @ DW_AT_call_file
	.short	3758                            @ DW_AT_call_line
	.byte	48                              @ DW_AT_call_column
	.byte	28                              @ Abbrev [28] 0xc49:0x7 DW_TAG_formal_parameter
	.byte	1                               @ DW_AT_location
	.byte	81
	.long	2933                            @ DW_AT_abstract_origin
	.byte	0                               @ End Of Children Mark
	.byte	27                              @ Abbrev [27] 0xc51:0x19 DW_TAG_inlined_subroutine
	.long	2283                            @ DW_AT_abstract_origin
	.long	.Ltmp181                        @ DW_AT_low_pc
	.long	.Ltmp182-.Ltmp181               @ DW_AT_high_pc
	.byte	7                               @ DW_AT_call_file
	.short	3763                            @ DW_AT_call_line
	.byte	8                               @ DW_AT_call_column
	.byte	28                              @ Abbrev [28] 0xc62:0x7 DW_TAG_formal_parameter
	.byte	1                               @ DW_AT_location
	.byte	81
	.long	2296                            @ DW_AT_abstract_origin
	.byte	0                               @ End Of Children Mark
	.byte	27                              @ Abbrev [27] 0xc6a:0x19 DW_TAG_inlined_subroutine
	.long	3012                            @ DW_AT_abstract_origin
	.long	.Ltmp188                        @ DW_AT_low_pc
	.long	.Ltmp189-.Ltmp188               @ DW_AT_high_pc
	.byte	7                               @ DW_AT_call_file
	.short	3771                            @ DW_AT_call_line
	.byte	7                               @ DW_AT_call_column
	.byte	28                              @ Abbrev [28] 0xc7b:0x7 DW_TAG_formal_parameter
	.byte	1                               @ DW_AT_location
	.byte	81
	.long	3021                            @ DW_AT_abstract_origin
	.byte	0                               @ End Of Children Mark
	.byte	0                               @ End Of Children Mark
	.byte	27                              @ Abbrev [27] 0xc84:0x1c DW_TAG_inlined_subroutine
	.long	2283                            @ DW_AT_abstract_origin
	.long	.Ltmp202                        @ DW_AT_low_pc
	.long	.Ltmp203-.Ltmp202               @ DW_AT_high_pc
	.byte	7                               @ DW_AT_call_file
	.short	1038                            @ DW_AT_call_line
	.byte	7                               @ DW_AT_call_column
	.byte	29                              @ Abbrev [29] 0xc95:0xa DW_TAG_formal_parameter
	.ascii	"\200\300\210\200\004"          @ DW_AT_const_value
	.long	2296                            @ DW_AT_abstract_origin
	.byte	0                               @ End Of Children Mark
	.byte	27                              @ Abbrev [27] 0xca0:0x1c DW_TAG_inlined_subroutine
	.long	2283                            @ DW_AT_abstract_origin
	.long	.Ltmp203                        @ DW_AT_low_pc
	.long	.Ltmp204-.Ltmp203               @ DW_AT_high_pc
	.byte	7                               @ DW_AT_call_file
	.short	1038                            @ DW_AT_call_line
	.byte	7                               @ DW_AT_call_column
	.byte	29                              @ Abbrev [29] 0xcb1:0xa DW_TAG_formal_parameter
	.ascii	"\200\302\210\200\004"          @ DW_AT_const_value
	.long	2296                            @ DW_AT_abstract_origin
	.byte	0                               @ End Of Children Mark
	.byte	27                              @ Abbrev [27] 0xcbc:0x1c DW_TAG_inlined_subroutine
	.long	2283                            @ DW_AT_abstract_origin
	.long	.Ltmp213                        @ DW_AT_low_pc
	.long	.Ltmp214-.Ltmp213               @ DW_AT_high_pc
	.byte	7                               @ DW_AT_call_file
	.short	1038                            @ DW_AT_call_line
	.byte	7                               @ DW_AT_call_column
	.byte	29                              @ Abbrev [29] 0xccd:0xa DW_TAG_formal_parameter
	.ascii	"\200\300\211\300\005"          @ DW_AT_const_value
	.long	2296                            @ DW_AT_abstract_origin
	.byte	0                               @ End Of Children Mark
	.byte	0                               @ End Of Children Mark
	.byte	23                              @ Abbrev [23] 0xcd9:0x16 DW_TAG_subprogram
	.long	.Linfo_string171                @ DW_AT_name
	.byte	8                               @ DW_AT_decl_file
	.short	7057                            @ DW_AT_decl_line
                                        @ DW_AT_prototyped
	.byte	1                               @ DW_AT_inline
	.byte	21                              @ Abbrev [21] 0xce2:0xc DW_TAG_formal_parameter
	.long	.Linfo_string154                @ DW_AT_name
	.byte	8                               @ DW_AT_decl_file
	.short	7057                            @ DW_AT_decl_line
	.long	159                             @ DW_AT_type
	.byte	0                               @ End Of Children Mark
	.byte	23                              @ Abbrev [23] 0xcef:0x16 DW_TAG_subprogram
	.long	.Linfo_string172                @ DW_AT_name
	.byte	8                               @ DW_AT_decl_file
	.short	7252                            @ DW_AT_decl_line
                                        @ DW_AT_prototyped
	.byte	1                               @ DW_AT_inline
	.byte	21                              @ Abbrev [21] 0xcf8:0xc DW_TAG_formal_parameter
	.long	.Linfo_string154                @ DW_AT_name
	.byte	8                               @ DW_AT_decl_file
	.short	7252                            @ DW_AT_decl_line
	.long	159                             @ DW_AT_type
	.byte	0                               @ End Of Children Mark
	.byte	24                              @ Abbrev [24] 0xd05:0x15f DW_TAG_subprogram
	.long	.Lfunc_begin4                   @ DW_AT_low_pc
	.long	.Lfunc_end4-.Lfunc_begin4       @ DW_AT_high_pc
	.byte	1                               @ DW_AT_frame_base
	.byte	93
                                        @ DW_AT_GNU_all_call_sites
	.long	.Linfo_string217                @ DW_AT_name
	.byte	7                               @ DW_AT_decl_file
	.short	3542                            @ DW_AT_decl_line
                                        @ DW_AT_prototyped
	.long	2996                            @ DW_AT_type
                                        @ DW_AT_external
	.byte	25                              @ Abbrev [25] 0xd1b:0x10 DW_TAG_formal_parameter
	.long	.Ldebug_loc15                   @ DW_AT_location
	.long	.Linfo_string167                @ DW_AT_name
	.byte	7                               @ DW_AT_decl_file
	.short	3542                            @ DW_AT_decl_line
	.long	1047                            @ DW_AT_type
	.byte	25                              @ Abbrev [25] 0xd2b:0x10 DW_TAG_formal_parameter
	.long	.Ldebug_loc16                   @ DW_AT_location
	.long	.Linfo_string248                @ DW_AT_name
	.byte	7                               @ DW_AT_decl_file
	.short	3542                            @ DW_AT_decl_line
	.long	720                             @ DW_AT_type
	.byte	26                              @ Abbrev [26] 0xd3b:0x10 DW_TAG_variable
	.long	.Ldebug_loc17                   @ DW_AT_location
	.long	.Linfo_string249                @ DW_AT_name
	.byte	7                               @ DW_AT_decl_file
	.short	3546                            @ DW_AT_decl_line
	.long	720                             @ DW_AT_type
	.byte	26                              @ Abbrev [26] 0xd4b:0x10 DW_TAG_variable
	.long	.Ldebug_loc18                   @ DW_AT_location
	.long	.Linfo_string250                @ DW_AT_name
	.byte	7                               @ DW_AT_decl_file
	.short	3545                            @ DW_AT_decl_line
	.long	720                             @ DW_AT_type
	.byte	26                              @ Abbrev [26] 0xd5b:0x10 DW_TAG_variable
	.long	.Ldebug_loc19                   @ DW_AT_location
	.long	.Linfo_string245                @ DW_AT_name
	.byte	7                               @ DW_AT_decl_file
	.short	3548                            @ DW_AT_decl_line
	.long	720                             @ DW_AT_type
	.byte	26                              @ Abbrev [26] 0xd6b:0x10 DW_TAG_variable
	.long	.Ldebug_loc20                   @ DW_AT_location
	.long	.Linfo_string246                @ DW_AT_name
	.byte	7                               @ DW_AT_decl_file
	.short	3549                            @ DW_AT_decl_line
	.long	720                             @ DW_AT_type
	.byte	26                              @ Abbrev [26] 0xd7b:0x10 DW_TAG_variable
	.long	.Ldebug_loc21                   @ DW_AT_location
	.long	.Linfo_string251                @ DW_AT_name
	.byte	7                               @ DW_AT_decl_file
	.short	3547                            @ DW_AT_decl_line
	.long	720                             @ DW_AT_type
	.byte	26                              @ Abbrev [26] 0xd8b:0x10 DW_TAG_variable
	.long	.Ldebug_loc22                   @ DW_AT_location
	.long	.Linfo_string169                @ DW_AT_name
	.byte	7                               @ DW_AT_decl_file
	.short	3544                            @ DW_AT_decl_line
	.long	720                             @ DW_AT_type
	.byte	27                              @ Abbrev [27] 0xd9b:0x19 DW_TAG_inlined_subroutine
	.long	2257                            @ DW_AT_abstract_origin
	.long	.Ltmp228                        @ DW_AT_low_pc
	.long	.Ltmp229-.Ltmp228               @ DW_AT_high_pc
	.byte	7                               @ DW_AT_call_file
	.short	3557                            @ DW_AT_call_line
	.byte	44                              @ DW_AT_call_column
	.byte	28                              @ Abbrev [28] 0xdac:0x7 DW_TAG_formal_parameter
	.byte	1                               @ DW_AT_location
	.byte	80
	.long	2270                            @ DW_AT_abstract_origin
	.byte	0                               @ End Of Children Mark
	.byte	27                              @ Abbrev [27] 0xdb4:0x19 DW_TAG_inlined_subroutine
	.long	2343                            @ DW_AT_abstract_origin
	.long	.Ltmp229                        @ DW_AT_low_pc
	.long	.Ltmp230-.Ltmp229               @ DW_AT_high_pc
	.byte	7                               @ DW_AT_call_file
	.short	3558                            @ DW_AT_call_line
	.byte	45                              @ DW_AT_call_column
	.byte	28                              @ Abbrev [28] 0xdc5:0x7 DW_TAG_formal_parameter
	.byte	1                               @ DW_AT_location
	.byte	80
	.long	2356                            @ DW_AT_abstract_origin
	.byte	0                               @ End Of Children Mark
	.byte	27                              @ Abbrev [27] 0xdcd:0x19 DW_TAG_inlined_subroutine
	.long	2257                            @ DW_AT_abstract_origin
	.long	.Ltmp251                        @ DW_AT_low_pc
	.long	.Ltmp253-.Ltmp251               @ DW_AT_high_pc
	.byte	7                               @ DW_AT_call_file
	.short	3601                            @ DW_AT_call_line
	.byte	11                              @ DW_AT_call_column
	.byte	28                              @ Abbrev [28] 0xdde:0x7 DW_TAG_formal_parameter
	.byte	1                               @ DW_AT_location
	.byte	80
	.long	2270                            @ DW_AT_abstract_origin
	.byte	0                               @ End Of Children Mark
	.byte	27                              @ Abbrev [27] 0xde6:0x19 DW_TAG_inlined_subroutine
	.long	2920                            @ DW_AT_abstract_origin
	.long	.Ltmp254                        @ DW_AT_low_pc
	.long	.Ltmp255-.Ltmp254               @ DW_AT_high_pc
	.byte	7                               @ DW_AT_call_file
	.short	3603                            @ DW_AT_call_line
	.byte	13                              @ DW_AT_call_column
	.byte	28                              @ Abbrev [28] 0xdf7:0x7 DW_TAG_formal_parameter
	.byte	1                               @ DW_AT_location
	.byte	80
	.long	2933                            @ DW_AT_abstract_origin
	.byte	0                               @ End Of Children Mark
	.byte	27                              @ Abbrev [27] 0xdff:0x19 DW_TAG_inlined_subroutine
	.long	3289                            @ DW_AT_abstract_origin
	.long	.Ltmp257                        @ DW_AT_low_pc
	.long	.Ltmp258-.Ltmp257               @ DW_AT_high_pc
	.byte	7                               @ DW_AT_call_file
	.short	3606                            @ DW_AT_call_line
	.byte	11                              @ DW_AT_call_column
	.byte	28                              @ Abbrev [28] 0xe10:0x7 DW_TAG_formal_parameter
	.byte	1                               @ DW_AT_location
	.byte	80
	.long	3298                            @ DW_AT_abstract_origin
	.byte	0                               @ End Of Children Mark
	.byte	27                              @ Abbrev [27] 0xe18:0x19 DW_TAG_inlined_subroutine
	.long	2343                            @ DW_AT_abstract_origin
	.long	.Ltmp259                        @ DW_AT_low_pc
	.long	.Ltmp260-.Ltmp259               @ DW_AT_high_pc
	.byte	7                               @ DW_AT_call_file
	.short	3615                            @ DW_AT_call_line
	.byte	11                              @ DW_AT_call_column
	.byte	28                              @ Abbrev [28] 0xe29:0x7 DW_TAG_formal_parameter
	.byte	1                               @ DW_AT_location
	.byte	80
	.long	2356                            @ DW_AT_abstract_origin
	.byte	0                               @ End Of Children Mark
	.byte	27                              @ Abbrev [27] 0xe31:0x19 DW_TAG_inlined_subroutine
	.long	2920                            @ DW_AT_abstract_origin
	.long	.Ltmp261                        @ DW_AT_low_pc
	.long	.Ltmp262-.Ltmp261               @ DW_AT_high_pc
	.byte	7                               @ DW_AT_call_file
	.short	3617                            @ DW_AT_call_line
	.byte	13                              @ DW_AT_call_column
	.byte	28                              @ Abbrev [28] 0xe42:0x7 DW_TAG_formal_parameter
	.byte	1                               @ DW_AT_location
	.byte	80
	.long	2933                            @ DW_AT_abstract_origin
	.byte	0                               @ End Of Children Mark
	.byte	27                              @ Abbrev [27] 0xe4a:0x19 DW_TAG_inlined_subroutine
	.long	3311                            @ DW_AT_abstract_origin
	.long	.Ltmp264                        @ DW_AT_low_pc
	.long	.Ltmp265-.Ltmp264               @ DW_AT_high_pc
	.byte	7                               @ DW_AT_call_file
	.short	3620                            @ DW_AT_call_line
	.byte	11                              @ DW_AT_call_column
	.byte	28                              @ Abbrev [28] 0xe5b:0x7 DW_TAG_formal_parameter
	.byte	1                               @ DW_AT_location
	.byte	80
	.long	3320                            @ DW_AT_abstract_origin
	.byte	0                               @ End Of Children Mark
	.byte	0                               @ End Of Children Mark
	.byte	37                              @ Abbrev [37] 0xe64:0x76 DW_TAG_subprogram
	.long	.Lfunc_begin5                   @ DW_AT_low_pc
	.long	.Lfunc_end5-.Lfunc_begin5       @ DW_AT_high_pc
	.byte	1                               @ DW_AT_frame_base
	.byte	93
                                        @ DW_AT_GNU_all_call_sites
	.long	2946                            @ DW_AT_abstract_origin
	.byte	31                              @ Abbrev [31] 0xe73:0x9 DW_TAG_formal_parameter
	.long	.Ldebug_loc23                   @ DW_AT_location
	.long	2959                            @ DW_AT_abstract_origin
	.byte	36                              @ Abbrev [36] 0xe7c:0x9 DW_TAG_variable
	.long	.Ldebug_loc24                   @ DW_AT_location
	.long	2971                            @ DW_AT_abstract_origin
	.byte	36                              @ Abbrev [36] 0xe85:0x9 DW_TAG_variable
	.long	.Ldebug_loc25                   @ DW_AT_location
	.long	2983                            @ DW_AT_abstract_origin
	.byte	27                              @ Abbrev [27] 0xe8e:0x19 DW_TAG_inlined_subroutine
	.long	2920                            @ DW_AT_abstract_origin
	.long	.Ltmp286                        @ DW_AT_low_pc
	.long	.Ltmp287-.Ltmp286               @ DW_AT_high_pc
	.byte	7                               @ DW_AT_call_file
	.short	3758                            @ DW_AT_call_line
	.byte	48                              @ DW_AT_call_column
	.byte	28                              @ Abbrev [28] 0xe9f:0x7 DW_TAG_formal_parameter
	.byte	1                               @ DW_AT_location
	.byte	81
	.long	2933                            @ DW_AT_abstract_origin
	.byte	0                               @ End Of Children Mark
	.byte	27                              @ Abbrev [27] 0xea7:0x19 DW_TAG_inlined_subroutine
	.long	2283                            @ DW_AT_abstract_origin
	.long	.Ltmp287                        @ DW_AT_low_pc
	.long	.Ltmp288-.Ltmp287               @ DW_AT_high_pc
	.byte	7                               @ DW_AT_call_file
	.short	3763                            @ DW_AT_call_line
	.byte	8                               @ DW_AT_call_column
	.byte	28                              @ Abbrev [28] 0xeb8:0x7 DW_TAG_formal_parameter
	.byte	1                               @ DW_AT_location
	.byte	81
	.long	2296                            @ DW_AT_abstract_origin
	.byte	0                               @ End Of Children Mark
	.byte	27                              @ Abbrev [27] 0xec0:0x19 DW_TAG_inlined_subroutine
	.long	3012                            @ DW_AT_abstract_origin
	.long	.Ltmp294                        @ DW_AT_low_pc
	.long	.Ltmp295-.Ltmp294               @ DW_AT_high_pc
	.byte	7                               @ DW_AT_call_file
	.short	3771                            @ DW_AT_call_line
	.byte	7                               @ DW_AT_call_column
	.byte	28                              @ Abbrev [28] 0xed1:0x7 DW_TAG_formal_parameter
	.byte	1                               @ DW_AT_location
	.byte	81
	.long	3021                            @ DW_AT_abstract_origin
	.byte	0                               @ End Of Children Mark
	.byte	0                               @ End Of Children Mark
	.byte	32                              @ Abbrev [32] 0xeda:0x21 DW_TAG_subprogram
	.long	.Lfunc_begin6                   @ DW_AT_low_pc
	.long	.Lfunc_end6-.Lfunc_begin6       @ DW_AT_high_pc
	.byte	1                               @ DW_AT_frame_base
	.byte	93
                                        @ DW_AT_GNU_all_call_sites
	.long	.Linfo_string218                @ DW_AT_name
	.byte	7                               @ DW_AT_decl_file
	.short	1112                            @ DW_AT_decl_line
                                        @ DW_AT_prototyped
                                        @ DW_AT_external
	.byte	33                              @ Abbrev [33] 0xeec:0xe DW_TAG_formal_parameter
	.byte	1                               @ DW_AT_location
	.byte	80
	.long	.Linfo_string167                @ DW_AT_name
	.byte	7                               @ DW_AT_decl_file
	.short	1112                            @ DW_AT_decl_line
	.long	1047                            @ DW_AT_type
	.byte	0                               @ End Of Children Mark
	.byte	20                              @ Abbrev [20] 0xefb:0x1a DW_TAG_subprogram
	.long	.Linfo_string173                @ DW_AT_name
	.byte	8                               @ DW_AT_decl_file
	.short	6601                            @ DW_AT_decl_line
                                        @ DW_AT_prototyped
	.long	720                             @ DW_AT_type
	.byte	1                               @ DW_AT_inline
	.byte	21                              @ Abbrev [21] 0xf08:0xc DW_TAG_formal_parameter
	.long	.Linfo_string161                @ DW_AT_name
	.byte	8                               @ DW_AT_decl_file
	.short	6601                            @ DW_AT_decl_line
	.long	3861                            @ DW_AT_type
	.byte	0                               @ End Of Children Mark
	.byte	5                               @ Abbrev [5] 0xf15:0x5 DW_TAG_pointer_type
	.long	3866                            @ DW_AT_type
	.byte	22                              @ Abbrev [22] 0xf1a:0x5 DW_TAG_const_type
	.long	762                             @ DW_AT_type
	.byte	23                              @ Abbrev [23] 0xf1f:0x16 DW_TAG_subprogram
	.long	.Linfo_string174                @ DW_AT_name
	.byte	8                               @ DW_AT_decl_file
	.short	7037                            @ DW_AT_decl_line
                                        @ DW_AT_prototyped
	.byte	1                               @ DW_AT_inline
	.byte	21                              @ Abbrev [21] 0xf28:0xc DW_TAG_formal_parameter
	.long	.Linfo_string154                @ DW_AT_name
	.byte	8                               @ DW_AT_decl_file
	.short	7037                            @ DW_AT_decl_line
	.long	159                             @ DW_AT_type
	.byte	0                               @ End Of Children Mark
	.byte	24                              @ Abbrev [24] 0xf35:0x9a DW_TAG_subprogram
	.long	.Lfunc_begin7                   @ DW_AT_low_pc
	.long	.Lfunc_end7-.Lfunc_begin7       @ DW_AT_high_pc
	.byte	1                               @ DW_AT_frame_base
	.byte	93
                                        @ DW_AT_GNU_all_call_sites
	.long	.Linfo_string219                @ DW_AT_name
	.byte	7                               @ DW_AT_decl_file
	.short	1397                            @ DW_AT_decl_line
                                        @ DW_AT_prototyped
	.long	2996                            @ DW_AT_type
                                        @ DW_AT_external
	.byte	25                              @ Abbrev [25] 0xf4b:0x10 DW_TAG_formal_parameter
	.long	.Ldebug_loc26                   @ DW_AT_location
	.long	.Linfo_string167                @ DW_AT_name
	.byte	7                               @ DW_AT_decl_file
	.short	1397                            @ DW_AT_decl_line
	.long	1047                            @ DW_AT_type
	.byte	26                              @ Abbrev [26] 0xf5b:0x10 DW_TAG_variable
	.long	.Ldebug_loc27                   @ DW_AT_location
	.long	.Linfo_string252                @ DW_AT_name
	.byte	7                               @ DW_AT_decl_file
	.short	1401                            @ DW_AT_decl_line
	.long	720                             @ DW_AT_type
	.byte	26                              @ Abbrev [26] 0xf6b:0x10 DW_TAG_variable
	.long	.Ldebug_loc28                   @ DW_AT_location
	.long	.Linfo_string241                @ DW_AT_name
	.byte	7                               @ DW_AT_decl_file
	.short	1399                            @ DW_AT_decl_line
	.long	2996                            @ DW_AT_type
	.byte	26                              @ Abbrev [26] 0xf7b:0x10 DW_TAG_variable
	.long	.Ldebug_loc29                   @ DW_AT_location
	.long	.Linfo_string253                @ DW_AT_name
	.byte	7                               @ DW_AT_decl_file
	.short	1400                            @ DW_AT_decl_line
	.long	2177                            @ DW_AT_type
	.byte	38                              @ Abbrev [38] 0xf8b:0x11 DW_TAG_inlined_subroutine
	.long	3835                            @ DW_AT_abstract_origin
	.long	.Ltmp316                        @ DW_AT_low_pc
	.long	.Ltmp317-.Ltmp316               @ DW_AT_high_pc
	.byte	7                               @ DW_AT_call_file
	.short	1401                            @ DW_AT_call_line
	.byte	35                              @ DW_AT_call_column
	.byte	27                              @ Abbrev [27] 0xf9c:0x19 DW_TAG_inlined_subroutine
	.long	2257                            @ DW_AT_abstract_origin
	.long	.Ltmp317                        @ DW_AT_low_pc
	.long	.Ltmp318-.Ltmp317               @ DW_AT_high_pc
	.byte	7                               @ DW_AT_call_file
	.short	1407                            @ DW_AT_call_line
	.byte	7                               @ DW_AT_call_column
	.byte	28                              @ Abbrev [28] 0xfad:0x7 DW_TAG_formal_parameter
	.byte	1                               @ DW_AT_location
	.byte	81
	.long	2270                            @ DW_AT_abstract_origin
	.byte	0                               @ End Of Children Mark
	.byte	27                              @ Abbrev [27] 0xfb5:0x19 DW_TAG_inlined_subroutine
	.long	3871                            @ DW_AT_abstract_origin
	.long	.Ltmp354                        @ DW_AT_low_pc
	.long	.Ltmp355-.Ltmp354               @ DW_AT_high_pc
	.byte	7                               @ DW_AT_call_file
	.short	1478                            @ DW_AT_call_line
	.byte	9                               @ DW_AT_call_column
	.byte	28                              @ Abbrev [28] 0xfc6:0x7 DW_TAG_formal_parameter
	.byte	1                               @ DW_AT_location
	.byte	81
	.long	3880                            @ DW_AT_abstract_origin
	.byte	0                               @ End Of Children Mark
	.byte	0                               @ End Of Children Mark
	.byte	23                              @ Abbrev [23] 0xfcf:0x16 DW_TAG_subprogram
	.long	.Linfo_string175                @ DW_AT_name
	.byte	8                               @ DW_AT_decl_file
	.short	6902                            @ DW_AT_decl_line
                                        @ DW_AT_prototyped
	.byte	1                               @ DW_AT_inline
	.byte	21                              @ Abbrev [21] 0xfd8:0xc DW_TAG_formal_parameter
	.long	.Linfo_string154                @ DW_AT_name
	.byte	8                               @ DW_AT_decl_file
	.short	6902                            @ DW_AT_decl_line
	.long	159                             @ DW_AT_type
	.byte	0                               @ End Of Children Mark
	.byte	24                              @ Abbrev [24] 0xfe5:0xb6 DW_TAG_subprogram
	.long	.Lfunc_begin8                   @ DW_AT_low_pc
	.long	.Lfunc_end8-.Lfunc_begin8       @ DW_AT_high_pc
	.byte	1                               @ DW_AT_frame_base
	.byte	93
                                        @ DW_AT_GNU_all_call_sites
	.long	.Linfo_string220                @ DW_AT_name
	.byte	7                               @ DW_AT_decl_file
	.short	3676                            @ DW_AT_decl_line
                                        @ DW_AT_prototyped
	.long	2996                            @ DW_AT_type
                                        @ DW_AT_external
	.byte	25                              @ Abbrev [25] 0xffb:0x10 DW_TAG_formal_parameter
	.long	.Ldebug_loc30                   @ DW_AT_location
	.long	.Linfo_string167                @ DW_AT_name
	.byte	7                               @ DW_AT_decl_file
	.short	3676                            @ DW_AT_decl_line
	.long	1047                            @ DW_AT_type
	.byte	26                              @ Abbrev [26] 0x100b:0x10 DW_TAG_variable
	.long	.Ldebug_loc31                   @ DW_AT_location
	.long	.Linfo_string169                @ DW_AT_name
	.byte	7                               @ DW_AT_decl_file
	.short	3678                            @ DW_AT_decl_line
	.long	720                             @ DW_AT_type
	.byte	27                              @ Abbrev [27] 0x101b:0x19 DW_TAG_inlined_subroutine
	.long	2283                            @ DW_AT_abstract_origin
	.long	.Ltmp366                        @ DW_AT_low_pc
	.long	.Ltmp367-.Ltmp366               @ DW_AT_high_pc
	.byte	7                               @ DW_AT_call_file
	.short	3684                            @ DW_AT_call_line
	.byte	7                               @ DW_AT_call_column
	.byte	28                              @ Abbrev [28] 0x102c:0x7 DW_TAG_formal_parameter
	.byte	1                               @ DW_AT_location
	.byte	80
	.long	2296                            @ DW_AT_abstract_origin
	.byte	0                               @ End Of Children Mark
	.byte	39                              @ Abbrev [39] 0x1034:0x66 DW_TAG_lexical_block
	.long	.Ldebug_ranges2                 @ DW_AT_ranges
	.byte	26                              @ Abbrev [26] 0x1039:0x10 DW_TAG_variable
	.long	.Ldebug_loc32                   @ DW_AT_location
	.long	.Linfo_string252                @ DW_AT_name
	.byte	7                               @ DW_AT_decl_file
	.short	3706                            @ DW_AT_decl_line
	.long	720                             @ DW_AT_type
	.byte	27                              @ Abbrev [27] 0x1049:0x19 DW_TAG_inlined_subroutine
	.long	4047                            @ DW_AT_abstract_origin
	.long	.Ltmp373                        @ DW_AT_low_pc
	.long	.Ltmp375-.Ltmp373               @ DW_AT_high_pc
	.byte	7                               @ DW_AT_call_file
	.short	3699                            @ DW_AT_call_line
	.byte	5                               @ DW_AT_call_column
	.byte	28                              @ Abbrev [28] 0x105a:0x7 DW_TAG_formal_parameter
	.byte	1                               @ DW_AT_location
	.byte	80
	.long	4056                            @ DW_AT_abstract_origin
	.byte	0                               @ End Of Children Mark
	.byte	40                              @ Abbrev [40] 0x1062:0xd DW_TAG_inlined_subroutine
	.long	3835                            @ DW_AT_abstract_origin
	.long	.Ldebug_ranges3                 @ DW_AT_ranges
	.byte	7                               @ DW_AT_call_file
	.short	3706                            @ DW_AT_call_line
	.byte	37                              @ DW_AT_call_column
	.byte	27                              @ Abbrev [27] 0x106f:0x19 DW_TAG_inlined_subroutine
	.long	2283                            @ DW_AT_abstract_origin
	.long	.Ltmp384                        @ DW_AT_low_pc
	.long	.Ltmp385-.Ltmp384               @ DW_AT_high_pc
	.byte	7                               @ DW_AT_call_file
	.short	3721                            @ DW_AT_call_line
	.byte	13                              @ DW_AT_call_column
	.byte	28                              @ Abbrev [28] 0x1080:0x7 DW_TAG_formal_parameter
	.byte	1                               @ DW_AT_location
	.byte	81
	.long	2296                            @ DW_AT_abstract_origin
	.byte	0                               @ End Of Children Mark
	.byte	38                              @ Abbrev [38] 0x1088:0x11 DW_TAG_inlined_subroutine
	.long	4047                            @ DW_AT_abstract_origin
	.long	.Ltmp386                        @ DW_AT_low_pc
	.long	.Ltmp387-.Ltmp386               @ DW_AT_high_pc
	.byte	7                               @ DW_AT_call_file
	.short	3723                            @ DW_AT_call_line
	.byte	11                              @ DW_AT_call_column
	.byte	0                               @ End Of Children Mark
	.byte	0                               @ End Of Children Mark
	.byte	24                              @ Abbrev [24] 0x109b:0xab DW_TAG_subprogram
	.long	.Lfunc_begin9                   @ DW_AT_low_pc
	.long	.Lfunc_end9-.Lfunc_begin9       @ DW_AT_high_pc
	.byte	1                               @ DW_AT_frame_base
	.byte	93
                                        @ DW_AT_GNU_all_call_sites
	.long	.Linfo_string221                @ DW_AT_name
	.byte	7                               @ DW_AT_decl_file
	.short	1518                            @ DW_AT_decl_line
                                        @ DW_AT_prototyped
	.long	2996                            @ DW_AT_type
                                        @ DW_AT_external
	.byte	25                              @ Abbrev [25] 0x10b1:0x10 DW_TAG_formal_parameter
	.long	.Ldebug_loc33                   @ DW_AT_location
	.long	.Linfo_string167                @ DW_AT_name
	.byte	7                               @ DW_AT_decl_file
	.short	1518                            @ DW_AT_decl_line
	.long	1047                            @ DW_AT_type
	.byte	26                              @ Abbrev [26] 0x10c1:0x10 DW_TAG_variable
	.long	.Ldebug_loc34                   @ DW_AT_location
	.long	.Linfo_string241                @ DW_AT_name
	.byte	7                               @ DW_AT_decl_file
	.short	1520                            @ DW_AT_decl_line
	.long	2996                            @ DW_AT_type
	.byte	30                              @ Abbrev [30] 0x10d1:0x74 DW_TAG_inlined_subroutine
	.long	2946                            @ DW_AT_abstract_origin
	.long	.Ldebug_ranges4                 @ DW_AT_ranges
	.byte	7                               @ DW_AT_call_file
	.short	1535                            @ DW_AT_call_line
	.byte	22                              @ DW_AT_call_column
	.byte	31                              @ Abbrev [31] 0x10de:0x9 DW_TAG_formal_parameter
	.long	.Ldebug_loc35                   @ DW_AT_location
	.long	2959                            @ DW_AT_abstract_origin
	.byte	36                              @ Abbrev [36] 0x10e7:0x9 DW_TAG_variable
	.long	.Ldebug_loc36                   @ DW_AT_location
	.long	2971                            @ DW_AT_abstract_origin
	.byte	36                              @ Abbrev [36] 0x10f0:0x9 DW_TAG_variable
	.long	.Ldebug_loc37                   @ DW_AT_location
	.long	2983                            @ DW_AT_abstract_origin
	.byte	27                              @ Abbrev [27] 0x10f9:0x19 DW_TAG_inlined_subroutine
	.long	2920                            @ DW_AT_abstract_origin
	.long	.Ltmp409                        @ DW_AT_low_pc
	.long	.Ltmp410-.Ltmp409               @ DW_AT_high_pc
	.byte	7                               @ DW_AT_call_file
	.short	3758                            @ DW_AT_call_line
	.byte	48                              @ DW_AT_call_column
	.byte	28                              @ Abbrev [28] 0x110a:0x7 DW_TAG_formal_parameter
	.byte	1                               @ DW_AT_location
	.byte	80
	.long	2933                            @ DW_AT_abstract_origin
	.byte	0                               @ End Of Children Mark
	.byte	27                              @ Abbrev [27] 0x1112:0x19 DW_TAG_inlined_subroutine
	.long	2283                            @ DW_AT_abstract_origin
	.long	.Ltmp410                        @ DW_AT_low_pc
	.long	.Ltmp411-.Ltmp410               @ DW_AT_high_pc
	.byte	7                               @ DW_AT_call_file
	.short	3763                            @ DW_AT_call_line
	.byte	8                               @ DW_AT_call_column
	.byte	28                              @ Abbrev [28] 0x1123:0x7 DW_TAG_formal_parameter
	.byte	1                               @ DW_AT_location
	.byte	80
	.long	2296                            @ DW_AT_abstract_origin
	.byte	0                               @ End Of Children Mark
	.byte	27                              @ Abbrev [27] 0x112b:0x19 DW_TAG_inlined_subroutine
	.long	3012                            @ DW_AT_abstract_origin
	.long	.Ltmp417                        @ DW_AT_low_pc
	.long	.Ltmp418-.Ltmp417               @ DW_AT_high_pc
	.byte	7                               @ DW_AT_call_file
	.short	3771                            @ DW_AT_call_line
	.byte	7                               @ DW_AT_call_column
	.byte	28                              @ Abbrev [28] 0x113c:0x7 DW_TAG_formal_parameter
	.byte	1                               @ DW_AT_location
	.byte	80
	.long	3021                            @ DW_AT_abstract_origin
	.byte	0                               @ End Of Children Mark
	.byte	0                               @ End Of Children Mark
	.byte	0                               @ End Of Children Mark
	.byte	20                              @ Abbrev [20] 0x1146:0x1a DW_TAG_subprogram
	.long	.Linfo_string176                @ DW_AT_name
	.byte	8                               @ DW_AT_decl_file
	.short	6692                            @ DW_AT_decl_line
                                        @ DW_AT_prototyped
	.long	720                             @ DW_AT_type
	.byte	1                               @ DW_AT_inline
	.byte	21                              @ Abbrev [21] 0x1153:0xc DW_TAG_formal_parameter
	.long	.Linfo_string161                @ DW_AT_name
	.byte	8                               @ DW_AT_decl_file
	.short	6692                            @ DW_AT_decl_line
	.long	3861                            @ DW_AT_type
	.byte	0                               @ End Of Children Mark
	.byte	20                              @ Abbrev [20] 0x1160:0x1a DW_TAG_subprogram
	.long	.Linfo_string177                @ DW_AT_name
	.byte	8                               @ DW_AT_decl_file
	.short	3928                            @ DW_AT_decl_line
                                        @ DW_AT_prototyped
	.long	720                             @ DW_AT_type
	.byte	1                               @ DW_AT_inline
	.byte	21                              @ Abbrev [21] 0x116d:0xc DW_TAG_formal_parameter
	.long	.Linfo_string154                @ DW_AT_name
	.byte	8                               @ DW_AT_decl_file
	.short	3928                            @ DW_AT_decl_line
	.long	2177                            @ DW_AT_type
	.byte	0                               @ End Of Children Mark
	.byte	24                              @ Abbrev [24] 0x117a:0xba DW_TAG_subprogram
	.long	.Lfunc_begin10                  @ DW_AT_low_pc
	.long	.Lfunc_end10-.Lfunc_begin10     @ DW_AT_high_pc
	.byte	1                               @ DW_AT_frame_base
	.byte	93
                                        @ DW_AT_GNU_all_call_sites
	.long	.Linfo_string222                @ DW_AT_name
	.byte	7                               @ DW_AT_decl_file
	.short	1572                            @ DW_AT_decl_line
                                        @ DW_AT_prototyped
	.long	2996                            @ DW_AT_type
                                        @ DW_AT_external
	.byte	25                              @ Abbrev [25] 0x1190:0x10 DW_TAG_formal_parameter
	.long	.Ldebug_loc38                   @ DW_AT_location
	.long	.Linfo_string167                @ DW_AT_name
	.byte	7                               @ DW_AT_decl_file
	.short	1572                            @ DW_AT_decl_line
	.long	1047                            @ DW_AT_type
	.byte	25                              @ Abbrev [25] 0x11a0:0x10 DW_TAG_formal_parameter
	.long	.Ldebug_loc39                   @ DW_AT_location
	.long	.Linfo_string254                @ DW_AT_name
	.byte	7                               @ DW_AT_decl_file
	.short	1572                            @ DW_AT_decl_line
	.long	720                             @ DW_AT_type
	.byte	26                              @ Abbrev [26] 0x11b0:0x10 DW_TAG_variable
	.long	.Ldebug_loc40                   @ DW_AT_location
	.long	.Linfo_string252                @ DW_AT_name
	.byte	7                               @ DW_AT_decl_file
	.short	1578                            @ DW_AT_decl_line
	.long	720                             @ DW_AT_type
	.byte	26                              @ Abbrev [26] 0x11c0:0x10 DW_TAG_variable
	.long	.Ldebug_loc41                   @ DW_AT_location
	.long	.Linfo_string255                @ DW_AT_name
	.byte	7                               @ DW_AT_decl_file
	.short	1575                            @ DW_AT_decl_line
	.long	720                             @ DW_AT_type
	.byte	26                              @ Abbrev [26] 0x11d0:0x10 DW_TAG_variable
	.long	.Ldebug_loc42                   @ DW_AT_location
	.long	.Linfo_string169                @ DW_AT_name
	.byte	7                               @ DW_AT_decl_file
	.short	1574                            @ DW_AT_decl_line
	.long	720                             @ DW_AT_type
	.byte	26                              @ Abbrev [26] 0x11e0:0x10 DW_TAG_variable
	.long	.Ldebug_loc43                   @ DW_AT_location
	.long	.Linfo_string256                @ DW_AT_name
	.byte	7                               @ DW_AT_decl_file
	.short	1576                            @ DW_AT_decl_line
	.long	720                             @ DW_AT_type
	.byte	35                              @ Abbrev [35] 0x11f0:0xc DW_TAG_variable
	.long	.Linfo_string253                @ DW_AT_name
	.byte	7                               @ DW_AT_decl_file
	.short	1577                            @ DW_AT_decl_line
	.long	2177                            @ DW_AT_type
	.byte	40                              @ Abbrev [40] 0x11fc:0xd DW_TAG_inlined_subroutine
	.long	3835                            @ DW_AT_abstract_origin
	.long	.Ldebug_ranges5                 @ DW_AT_ranges
	.byte	7                               @ DW_AT_call_file
	.short	1578                            @ DW_AT_call_line
	.byte	35                              @ DW_AT_call_column
	.byte	38                              @ Abbrev [38] 0x1209:0x11 DW_TAG_inlined_subroutine
	.long	4422                            @ DW_AT_abstract_origin
	.long	.Ltmp476                        @ DW_AT_low_pc
	.long	.Ltmp478-.Ltmp476               @ DW_AT_high_pc
	.byte	7                               @ DW_AT_call_file
	.short	1616                            @ DW_AT_call_line
	.byte	11                              @ DW_AT_call_column
	.byte	27                              @ Abbrev [27] 0x121a:0x19 DW_TAG_inlined_subroutine
	.long	4448                            @ DW_AT_abstract_origin
	.long	.Ltmp486                        @ DW_AT_low_pc
	.long	.Ltmp487-.Ltmp486               @ DW_AT_high_pc
	.byte	7                               @ DW_AT_call_file
	.short	1659                            @ DW_AT_call_line
	.byte	8                               @ DW_AT_call_column
	.byte	28                              @ Abbrev [28] 0x122b:0x7 DW_TAG_formal_parameter
	.byte	1                               @ DW_AT_location
	.byte	81
	.long	4461                            @ DW_AT_abstract_origin
	.byte	0                               @ End Of Children Mark
	.byte	0                               @ End Of Children Mark
	.byte	24                              @ Abbrev [24] 0x1234:0x57 DW_TAG_subprogram
	.long	.Lfunc_begin11                  @ DW_AT_low_pc
	.long	.Lfunc_end11-.Lfunc_begin11     @ DW_AT_high_pc
	.byte	1                               @ DW_AT_frame_base
	.byte	93
                                        @ DW_AT_GNU_all_call_sites
	.long	.Linfo_string223                @ DW_AT_name
	.byte	7                               @ DW_AT_decl_file
	.short	1735                            @ DW_AT_decl_line
                                        @ DW_AT_prototyped
	.long	2996                            @ DW_AT_type
                                        @ DW_AT_external
	.byte	25                              @ Abbrev [25] 0x124a:0x10 DW_TAG_formal_parameter
	.long	.Ldebug_loc44                   @ DW_AT_location
	.long	.Linfo_string167                @ DW_AT_name
	.byte	7                               @ DW_AT_decl_file
	.short	1735                            @ DW_AT_decl_line
	.long	1047                            @ DW_AT_type
	.byte	25                              @ Abbrev [25] 0x125a:0x10 DW_TAG_formal_parameter
	.long	.Ldebug_loc45                   @ DW_AT_location
	.long	.Linfo_string257                @ DW_AT_name
	.byte	7                               @ DW_AT_decl_file
	.short	1735                            @ DW_AT_decl_line
	.long	720                             @ DW_AT_type
	.byte	25                              @ Abbrev [25] 0x126a:0x10 DW_TAG_formal_parameter
	.long	.Ldebug_loc46                   @ DW_AT_location
	.long	.Linfo_string254                @ DW_AT_name
	.byte	7                               @ DW_AT_decl_file
	.short	1735                            @ DW_AT_decl_line
	.long	720                             @ DW_AT_type
	.byte	26                              @ Abbrev [26] 0x127a:0x10 DW_TAG_variable
	.long	.Ldebug_loc47                   @ DW_AT_location
	.long	.Linfo_string169                @ DW_AT_name
	.byte	7                               @ DW_AT_decl_file
	.short	1737                            @ DW_AT_decl_line
	.long	720                             @ DW_AT_type
	.byte	0                               @ End Of Children Mark
	.byte	24                              @ Abbrev [24] 0x128b:0x9a DW_TAG_subprogram
	.long	.Lfunc_begin12                  @ DW_AT_low_pc
	.long	.Lfunc_end12-.Lfunc_begin12     @ DW_AT_high_pc
	.byte	1                               @ DW_AT_frame_base
	.byte	93
                                        @ DW_AT_GNU_all_call_sites
	.long	.Linfo_string224                @ DW_AT_name
	.byte	7                               @ DW_AT_decl_file
	.short	1884                            @ DW_AT_decl_line
                                        @ DW_AT_prototyped
	.long	2996                            @ DW_AT_type
                                        @ DW_AT_external
	.byte	25                              @ Abbrev [25] 0x12a1:0x10 DW_TAG_formal_parameter
	.long	.Ldebug_loc48                   @ DW_AT_location
	.long	.Linfo_string167                @ DW_AT_name
	.byte	7                               @ DW_AT_decl_file
	.short	1884                            @ DW_AT_decl_line
	.long	1047                            @ DW_AT_type
	.byte	26                              @ Abbrev [26] 0x12b1:0x10 DW_TAG_variable
	.long	.Ldebug_loc49                   @ DW_AT_location
	.long	.Linfo_string252                @ DW_AT_name
	.byte	7                               @ DW_AT_decl_file
	.short	1888                            @ DW_AT_decl_line
	.long	720                             @ DW_AT_type
	.byte	26                              @ Abbrev [26] 0x12c1:0x10 DW_TAG_variable
	.long	.Ldebug_loc50                   @ DW_AT_location
	.long	.Linfo_string241                @ DW_AT_name
	.byte	7                               @ DW_AT_decl_file
	.short	1886                            @ DW_AT_decl_line
	.long	2996                            @ DW_AT_type
	.byte	26                              @ Abbrev [26] 0x12d1:0x10 DW_TAG_variable
	.long	.Ldebug_loc51                   @ DW_AT_location
	.long	.Linfo_string253                @ DW_AT_name
	.byte	7                               @ DW_AT_decl_file
	.short	1887                            @ DW_AT_decl_line
	.long	2177                            @ DW_AT_type
	.byte	38                              @ Abbrev [38] 0x12e1:0x11 DW_TAG_inlined_subroutine
	.long	3835                            @ DW_AT_abstract_origin
	.long	.Ltmp567                        @ DW_AT_low_pc
	.long	.Ltmp568-.Ltmp567               @ DW_AT_high_pc
	.byte	7                               @ DW_AT_call_file
	.short	1888                            @ DW_AT_call_line
	.byte	35                              @ DW_AT_call_column
	.byte	27                              @ Abbrev [27] 0x12f2:0x19 DW_TAG_inlined_subroutine
	.long	2257                            @ DW_AT_abstract_origin
	.long	.Ltmp568                        @ DW_AT_low_pc
	.long	.Ltmp569-.Ltmp568               @ DW_AT_high_pc
	.byte	7                               @ DW_AT_call_file
	.short	1894                            @ DW_AT_call_line
	.byte	7                               @ DW_AT_call_column
	.byte	28                              @ Abbrev [28] 0x1303:0x7 DW_TAG_formal_parameter
	.byte	1                               @ DW_AT_location
	.byte	81
	.long	2270                            @ DW_AT_abstract_origin
	.byte	0                               @ End Of Children Mark
	.byte	27                              @ Abbrev [27] 0x130b:0x19 DW_TAG_inlined_subroutine
	.long	3871                            @ DW_AT_abstract_origin
	.long	.Ltmp615                        @ DW_AT_low_pc
	.long	.Ltmp616-.Ltmp615               @ DW_AT_high_pc
	.byte	7                               @ DW_AT_call_file
	.short	2006                            @ DW_AT_call_line
	.byte	9                               @ DW_AT_call_column
	.byte	28                              @ Abbrev [28] 0x131c:0x7 DW_TAG_formal_parameter
	.byte	1                               @ DW_AT_location
	.byte	80
	.long	3880                            @ DW_AT_abstract_origin
	.byte	0                               @ End Of Children Mark
	.byte	0                               @ End Of Children Mark
	.byte	24                              @ Abbrev [24] 0x1325:0xab DW_TAG_subprogram
	.long	.Lfunc_begin13                  @ DW_AT_low_pc
	.long	.Lfunc_end13-.Lfunc_begin13     @ DW_AT_high_pc
	.byte	1                               @ DW_AT_frame_base
	.byte	93
                                        @ DW_AT_GNU_all_call_sites
	.long	.Linfo_string225                @ DW_AT_name
	.byte	7                               @ DW_AT_decl_file
	.short	2059                            @ DW_AT_decl_line
                                        @ DW_AT_prototyped
	.long	2996                            @ DW_AT_type
                                        @ DW_AT_external
	.byte	25                              @ Abbrev [25] 0x133b:0x10 DW_TAG_formal_parameter
	.long	.Ldebug_loc52                   @ DW_AT_location
	.long	.Linfo_string167                @ DW_AT_name
	.byte	7                               @ DW_AT_decl_file
	.short	2059                            @ DW_AT_decl_line
	.long	1047                            @ DW_AT_type
	.byte	26                              @ Abbrev [26] 0x134b:0x10 DW_TAG_variable
	.long	.Ldebug_loc53                   @ DW_AT_location
	.long	.Linfo_string241                @ DW_AT_name
	.byte	7                               @ DW_AT_decl_file
	.short	2061                            @ DW_AT_decl_line
	.long	2996                            @ DW_AT_type
	.byte	30                              @ Abbrev [30] 0x135b:0x74 DW_TAG_inlined_subroutine
	.long	2946                            @ DW_AT_abstract_origin
	.long	.Ldebug_ranges6                 @ DW_AT_ranges
	.byte	7                               @ DW_AT_call_file
	.short	2080                            @ DW_AT_call_line
	.byte	22                              @ DW_AT_call_column
	.byte	31                              @ Abbrev [31] 0x1368:0x9 DW_TAG_formal_parameter
	.long	.Ldebug_loc54                   @ DW_AT_location
	.long	2959                            @ DW_AT_abstract_origin
	.byte	36                              @ Abbrev [36] 0x1371:0x9 DW_TAG_variable
	.long	.Ldebug_loc55                   @ DW_AT_location
	.long	2971                            @ DW_AT_abstract_origin
	.byte	36                              @ Abbrev [36] 0x137a:0x9 DW_TAG_variable
	.long	.Ldebug_loc56                   @ DW_AT_location
	.long	2983                            @ DW_AT_abstract_origin
	.byte	27                              @ Abbrev [27] 0x1383:0x19 DW_TAG_inlined_subroutine
	.long	2920                            @ DW_AT_abstract_origin
	.long	.Ltmp646                        @ DW_AT_low_pc
	.long	.Ltmp647-.Ltmp646               @ DW_AT_high_pc
	.byte	7                               @ DW_AT_call_file
	.short	3758                            @ DW_AT_call_line
	.byte	48                              @ DW_AT_call_column
	.byte	28                              @ Abbrev [28] 0x1394:0x7 DW_TAG_formal_parameter
	.byte	1                               @ DW_AT_location
	.byte	80
	.long	2933                            @ DW_AT_abstract_origin
	.byte	0                               @ End Of Children Mark
	.byte	27                              @ Abbrev [27] 0x139c:0x19 DW_TAG_inlined_subroutine
	.long	2283                            @ DW_AT_abstract_origin
	.long	.Ltmp647                        @ DW_AT_low_pc
	.long	.Ltmp648-.Ltmp647               @ DW_AT_high_pc
	.byte	7                               @ DW_AT_call_file
	.short	3763                            @ DW_AT_call_line
	.byte	8                               @ DW_AT_call_column
	.byte	28                              @ Abbrev [28] 0x13ad:0x7 DW_TAG_formal_parameter
	.byte	1                               @ DW_AT_location
	.byte	80
	.long	2296                            @ DW_AT_abstract_origin
	.byte	0                               @ End Of Children Mark
	.byte	27                              @ Abbrev [27] 0x13b5:0x19 DW_TAG_inlined_subroutine
	.long	3012                            @ DW_AT_abstract_origin
	.long	.Ltmp654                        @ DW_AT_low_pc
	.long	.Ltmp655-.Ltmp654               @ DW_AT_high_pc
	.byte	7                               @ DW_AT_call_file
	.short	3771                            @ DW_AT_call_line
	.byte	7                               @ DW_AT_call_column
	.byte	28                              @ Abbrev [28] 0x13c6:0x7 DW_TAG_formal_parameter
	.byte	1                               @ DW_AT_location
	.byte	80
	.long	3021                            @ DW_AT_abstract_origin
	.byte	0                               @ End Of Children Mark
	.byte	0                               @ End Of Children Mark
	.byte	0                               @ End Of Children Mark
	.byte	23                              @ Abbrev [23] 0x13d0:0x22 DW_TAG_subprogram
	.long	.Linfo_string178                @ DW_AT_name
	.byte	8                               @ DW_AT_decl_file
	.short	4419                            @ DW_AT_decl_line
                                        @ DW_AT_prototyped
	.byte	1                               @ DW_AT_inline
	.byte	21                              @ Abbrev [21] 0x13d9:0xc DW_TAG_formal_parameter
	.long	.Linfo_string154                @ DW_AT_name
	.byte	8                               @ DW_AT_decl_file
	.short	4419                            @ DW_AT_decl_line
	.long	159                             @ DW_AT_type
	.byte	21                              @ Abbrev [21] 0x13e5:0xc DW_TAG_formal_parameter
	.long	.Linfo_string179                @ DW_AT_name
	.byte	8                               @ DW_AT_decl_file
	.short	4419                            @ DW_AT_decl_line
	.long	720                             @ DW_AT_type
	.byte	0                               @ End Of Children Mark
	.byte	24                              @ Abbrev [24] 0x13f2:0xc6 DW_TAG_subprogram
	.long	.Lfunc_begin14                  @ DW_AT_low_pc
	.long	.Lfunc_end14-.Lfunc_begin14     @ DW_AT_high_pc
	.byte	1                               @ DW_AT_frame_base
	.byte	93
                                        @ DW_AT_GNU_all_call_sites
	.long	.Linfo_string226                @ DW_AT_name
	.byte	7                               @ DW_AT_decl_file
	.short	2112                            @ DW_AT_decl_line
                                        @ DW_AT_prototyped
	.long	2996                            @ DW_AT_type
                                        @ DW_AT_external
	.byte	25                              @ Abbrev [25] 0x1408:0x10 DW_TAG_formal_parameter
	.long	.Ldebug_loc57                   @ DW_AT_location
	.long	.Linfo_string167                @ DW_AT_name
	.byte	7                               @ DW_AT_decl_file
	.short	2112                            @ DW_AT_decl_line
	.long	1047                            @ DW_AT_type
	.byte	25                              @ Abbrev [25] 0x1418:0x10 DW_TAG_formal_parameter
	.long	.Ldebug_loc58                   @ DW_AT_location
	.long	.Linfo_string258                @ DW_AT_name
	.byte	7                               @ DW_AT_decl_file
	.short	2112                            @ DW_AT_decl_line
	.long	8720                            @ DW_AT_type
	.byte	25                              @ Abbrev [25] 0x1428:0x10 DW_TAG_formal_parameter
	.long	.Ldebug_loc59                   @ DW_AT_location
	.long	.Linfo_string259                @ DW_AT_name
	.byte	7                               @ DW_AT_decl_file
	.short	2112                            @ DW_AT_decl_line
	.long	720                             @ DW_AT_type
	.byte	26                              @ Abbrev [26] 0x1438:0x10 DW_TAG_variable
	.long	.Ldebug_loc60                   @ DW_AT_location
	.long	.Linfo_string252                @ DW_AT_name
	.byte	7                               @ DW_AT_decl_file
	.short	2115                            @ DW_AT_decl_line
	.long	720                             @ DW_AT_type
	.byte	26                              @ Abbrev [26] 0x1448:0x10 DW_TAG_variable
	.long	.Ldebug_loc61                   @ DW_AT_location
	.long	.Linfo_string241                @ DW_AT_name
	.byte	7                               @ DW_AT_decl_file
	.short	2114                            @ DW_AT_decl_line
	.long	2996                            @ DW_AT_type
	.byte	40                              @ Abbrev [40] 0x1458:0xd DW_TAG_inlined_subroutine
	.long	3835                            @ DW_AT_abstract_origin
	.long	.Ldebug_ranges7                 @ DW_AT_ranges
	.byte	7                               @ DW_AT_call_file
	.short	2115                            @ DW_AT_call_line
	.byte	35                              @ DW_AT_call_column
	.byte	27                              @ Abbrev [27] 0x1465:0x19 DW_TAG_inlined_subroutine
	.long	2257                            @ DW_AT_abstract_origin
	.long	.Ltmp681                        @ DW_AT_low_pc
	.long	.Ltmp682-.Ltmp681               @ DW_AT_high_pc
	.byte	7                               @ DW_AT_call_file
	.short	2121                            @ DW_AT_call_line
	.byte	7                               @ DW_AT_call_column
	.byte	28                              @ Abbrev [28] 0x1476:0x7 DW_TAG_formal_parameter
	.byte	1                               @ DW_AT_location
	.byte	87
	.long	2270                            @ DW_AT_abstract_origin
	.byte	0                               @ End Of Children Mark
	.byte	27                              @ Abbrev [27] 0x147e:0x20 DW_TAG_inlined_subroutine
	.long	5072                            @ DW_AT_abstract_origin
	.long	.Ltmp718                        @ DW_AT_low_pc
	.long	.Ltmp719-.Ltmp718               @ DW_AT_high_pc
	.byte	7                               @ DW_AT_call_file
	.short	2209                            @ DW_AT_call_line
	.byte	9                               @ DW_AT_call_column
	.byte	28                              @ Abbrev [28] 0x148f:0x7 DW_TAG_formal_parameter
	.byte	1                               @ DW_AT_location
	.byte	81
	.long	5081                            @ DW_AT_abstract_origin
	.byte	28                              @ Abbrev [28] 0x1496:0x7 DW_TAG_formal_parameter
	.byte	1                               @ DW_AT_location
	.byte	86
	.long	5093                            @ DW_AT_abstract_origin
	.byte	0                               @ End Of Children Mark
	.byte	27                              @ Abbrev [27] 0x149e:0x19 DW_TAG_inlined_subroutine
	.long	3871                            @ DW_AT_abstract_origin
	.long	.Ltmp723                        @ DW_AT_low_pc
	.long	.Ltmp724-.Ltmp723               @ DW_AT_high_pc
	.byte	7                               @ DW_AT_call_file
	.short	2221                            @ DW_AT_call_line
	.byte	9                               @ DW_AT_call_column
	.byte	28                              @ Abbrev [28] 0x14af:0x7 DW_TAG_formal_parameter
	.byte	1                               @ DW_AT_location
	.byte	81
	.long	3880                            @ DW_AT_abstract_origin
	.byte	0                               @ End Of Children Mark
	.byte	0                               @ End Of Children Mark
	.byte	32                              @ Abbrev [32] 0x14b8:0x55 DW_TAG_subprogram
	.long	.Lfunc_begin15                  @ DW_AT_low_pc
	.long	.Lfunc_end15-.Lfunc_begin15     @ DW_AT_high_pc
	.byte	1                               @ DW_AT_frame_base
	.byte	93
                                        @ DW_AT_GNU_all_call_sites
	.long	.Linfo_string227                @ DW_AT_name
	.byte	7                               @ DW_AT_decl_file
	.short	3817                            @ DW_AT_decl_line
                                        @ DW_AT_prototyped
                                        @ DW_AT_external
	.byte	25                              @ Abbrev [25] 0x14ca:0x10 DW_TAG_formal_parameter
	.long	.Ldebug_loc62                   @ DW_AT_location
	.long	.Linfo_string260                @ DW_AT_name
	.byte	7                               @ DW_AT_decl_file
	.short	3817                            @ DW_AT_decl_line
	.long	1444                            @ DW_AT_type
	.byte	26                              @ Abbrev [26] 0x14da:0x10 DW_TAG_variable
	.long	.Ldebug_loc63                   @ DW_AT_location
	.long	.Linfo_string167                @ DW_AT_name
	.byte	7                               @ DW_AT_decl_file
	.short	3820                            @ DW_AT_decl_line
	.long	1047                            @ DW_AT_type
	.byte	41                              @ Abbrev [41] 0x14ea:0x7 DW_TAG_GNU_call_site
	.byte	1                               @ DW_AT_GNU_call_site_target
	.byte	82
                                        @ DW_AT_GNU_tail_call
	.long	.Ltmp739                        @ DW_AT_low_pc
	.byte	42                              @ Abbrev [42] 0x14f1:0x9 DW_TAG_GNU_call_site
	.long	5389                            @ DW_AT_abstract_origin
                                        @ DW_AT_GNU_tail_call
	.long	.Ltmp748                        @ DW_AT_low_pc
	.byte	42                              @ Abbrev [42] 0x14fa:0x9 DW_TAG_GNU_call_site
	.long	5422                            @ DW_AT_abstract_origin
                                        @ DW_AT_GNU_tail_call
	.long	.Ltmp750                        @ DW_AT_low_pc
	.byte	42                              @ Abbrev [42] 0x1503:0x9 DW_TAG_GNU_call_site
	.long	5389                            @ DW_AT_abstract_origin
                                        @ DW_AT_GNU_tail_call
	.long	.Ltmp757                        @ DW_AT_low_pc
	.byte	0                               @ End Of Children Mark
	.byte	32                              @ Abbrev [32] 0x150d:0x21 DW_TAG_subprogram
	.long	.Lfunc_begin21                  @ DW_AT_low_pc
	.long	.Lfunc_end21-.Lfunc_begin21     @ DW_AT_high_pc
	.byte	1                               @ DW_AT_frame_base
	.byte	93
                                        @ DW_AT_GNU_all_call_sites
	.long	.Linfo_string233                @ DW_AT_name
	.byte	7                               @ DW_AT_decl_file
	.short	2721                            @ DW_AT_decl_line
                                        @ DW_AT_prototyped
                                        @ DW_AT_external
	.byte	33                              @ Abbrev [33] 0x151f:0xe DW_TAG_formal_parameter
	.byte	1                               @ DW_AT_location
	.byte	80
	.long	.Linfo_string167                @ DW_AT_name
	.byte	7                               @ DW_AT_decl_file
	.short	2721                            @ DW_AT_decl_line
	.long	1047                            @ DW_AT_type
	.byte	0                               @ End Of Children Mark
	.byte	32                              @ Abbrev [32] 0x152e:0x21 DW_TAG_subprogram
	.long	.Lfunc_begin23                  @ DW_AT_low_pc
	.long	.Lfunc_end23-.Lfunc_begin23     @ DW_AT_high_pc
	.byte	1                               @ DW_AT_frame_base
	.byte	93
                                        @ DW_AT_GNU_all_call_sites
	.long	.Linfo_string235                @ DW_AT_name
	.byte	7                               @ DW_AT_decl_file
	.short	2773                            @ DW_AT_decl_line
                                        @ DW_AT_prototyped
                                        @ DW_AT_external
	.byte	33                              @ Abbrev [33] 0x1540:0xe DW_TAG_formal_parameter
	.byte	1                               @ DW_AT_location
	.byte	80
	.long	.Linfo_string167                @ DW_AT_name
	.byte	7                               @ DW_AT_decl_file
	.short	2773                            @ DW_AT_decl_line
	.long	1047                            @ DW_AT_type
	.byte	0                               @ End Of Children Mark
	.byte	32                              @ Abbrev [32] 0x154f:0x3c DW_TAG_subprogram
	.long	.Lfunc_begin16                  @ DW_AT_low_pc
	.long	.Lfunc_end16-.Lfunc_begin16     @ DW_AT_high_pc
	.byte	1                               @ DW_AT_frame_base
	.byte	93
                                        @ DW_AT_GNU_all_call_sites
	.long	.Linfo_string228                @ DW_AT_name
	.byte	7                               @ DW_AT_decl_file
	.short	3895                            @ DW_AT_decl_line
                                        @ DW_AT_prototyped
                                        @ DW_AT_external
	.byte	25                              @ Abbrev [25] 0x1561:0x10 DW_TAG_formal_parameter
	.long	.Ldebug_loc64                   @ DW_AT_location
	.long	.Linfo_string260                @ DW_AT_name
	.byte	7                               @ DW_AT_decl_file
	.short	3895                            @ DW_AT_decl_line
	.long	1444                            @ DW_AT_type
	.byte	26                              @ Abbrev [26] 0x1571:0x10 DW_TAG_variable
	.long	.Ldebug_loc65                   @ DW_AT_location
	.long	.Linfo_string167                @ DW_AT_name
	.byte	7                               @ DW_AT_decl_file
	.short	3898                            @ DW_AT_decl_line
	.long	1047                            @ DW_AT_type
	.byte	42                              @ Abbrev [42] 0x1581:0x9 DW_TAG_GNU_call_site
	.long	5515                            @ DW_AT_abstract_origin
                                        @ DW_AT_GNU_tail_call
	.long	.Ltmp759                        @ DW_AT_low_pc
	.byte	0                               @ End Of Children Mark
	.byte	32                              @ Abbrev [32] 0x158b:0x21 DW_TAG_subprogram
	.long	.Lfunc_begin24                  @ DW_AT_low_pc
	.long	.Lfunc_end24-.Lfunc_begin24     @ DW_AT_high_pc
	.byte	1                               @ DW_AT_frame_base
	.byte	93
                                        @ DW_AT_GNU_all_call_sites
	.long	.Linfo_string236                @ DW_AT_name
	.byte	7                               @ DW_AT_decl_file
	.short	2736                            @ DW_AT_decl_line
                                        @ DW_AT_prototyped
                                        @ DW_AT_external
	.byte	33                              @ Abbrev [33] 0x159d:0xe DW_TAG_formal_parameter
	.byte	1                               @ DW_AT_location
	.byte	80
	.long	.Linfo_string167                @ DW_AT_name
	.byte	7                               @ DW_AT_decl_file
	.short	2736                            @ DW_AT_decl_line
	.long	1047                            @ DW_AT_type
	.byte	0                               @ End Of Children Mark
	.byte	32                              @ Abbrev [32] 0x15ac:0x3c DW_TAG_subprogram
	.long	.Lfunc_begin17                  @ DW_AT_low_pc
	.long	.Lfunc_end17-.Lfunc_begin17     @ DW_AT_high_pc
	.byte	1                               @ DW_AT_frame_base
	.byte	93
                                        @ DW_AT_GNU_all_call_sites
	.long	.Linfo_string229                @ DW_AT_name
	.byte	7                               @ DW_AT_decl_file
	.short	3913                            @ DW_AT_decl_line
                                        @ DW_AT_prototyped
                                        @ DW_AT_external
	.byte	25                              @ Abbrev [25] 0x15be:0x10 DW_TAG_formal_parameter
	.long	.Ldebug_loc66                   @ DW_AT_location
	.long	.Linfo_string260                @ DW_AT_name
	.byte	7                               @ DW_AT_decl_file
	.short	3913                            @ DW_AT_decl_line
	.long	1444                            @ DW_AT_type
	.byte	26                              @ Abbrev [26] 0x15ce:0x10 DW_TAG_variable
	.long	.Ldebug_loc67                   @ DW_AT_location
	.long	.Linfo_string167                @ DW_AT_name
	.byte	7                               @ DW_AT_decl_file
	.short	3916                            @ DW_AT_decl_line
	.long	1047                            @ DW_AT_type
	.byte	42                              @ Abbrev [42] 0x15de:0x9 DW_TAG_GNU_call_site
	.long	5422                            @ DW_AT_abstract_origin
                                        @ DW_AT_GNU_tail_call
	.long	.Ltmp762                        @ DW_AT_low_pc
	.byte	0                               @ End Of Children Mark
	.byte	24                              @ Abbrev [24] 0x15e8:0x130 DW_TAG_subprogram
	.long	.Lfunc_begin18                  @ DW_AT_low_pc
	.long	.Lfunc_end18-.Lfunc_begin18     @ DW_AT_high_pc
	.byte	1                               @ DW_AT_frame_base
	.byte	93
                                        @ DW_AT_GNU_all_call_sites
	.long	.Linfo_string230                @ DW_AT_name
	.byte	7                               @ DW_AT_decl_file
	.short	2259                            @ DW_AT_decl_line
                                        @ DW_AT_prototyped
	.long	2996                            @ DW_AT_type
                                        @ DW_AT_external
	.byte	25                              @ Abbrev [25] 0x15fe:0x10 DW_TAG_formal_parameter
	.long	.Ldebug_loc68                   @ DW_AT_location
	.long	.Linfo_string167                @ DW_AT_name
	.byte	7                               @ DW_AT_decl_file
	.short	2259                            @ DW_AT_decl_line
	.long	1047                            @ DW_AT_type
	.byte	26                              @ Abbrev [26] 0x160e:0x10 DW_TAG_variable
	.long	.Ldebug_loc69                   @ DW_AT_location
	.long	.Linfo_string241                @ DW_AT_name
	.byte	7                               @ DW_AT_decl_file
	.short	2261                            @ DW_AT_decl_line
	.long	2996                            @ DW_AT_type
	.byte	27                              @ Abbrev [27] 0x161e:0x76 DW_TAG_inlined_subroutine
	.long	2946                            @ DW_AT_abstract_origin
	.long	.Ltmp786                        @ DW_AT_low_pc
	.long	.Ltmp810-.Ltmp786               @ DW_AT_high_pc
	.byte	7                               @ DW_AT_call_file
	.short	2304                            @ DW_AT_call_line
	.byte	13                              @ DW_AT_call_column
	.byte	28                              @ Abbrev [28] 0x162f:0x7 DW_TAG_formal_parameter
	.byte	1                               @ DW_AT_location
	.byte	84
	.long	2959                            @ DW_AT_abstract_origin
	.byte	36                              @ Abbrev [36] 0x1636:0x9 DW_TAG_variable
	.long	.Ldebug_loc70                   @ DW_AT_location
	.long	2971                            @ DW_AT_abstract_origin
	.byte	36                              @ Abbrev [36] 0x163f:0x9 DW_TAG_variable
	.long	.Ldebug_loc71                   @ DW_AT_location
	.long	2983                            @ DW_AT_abstract_origin
	.byte	27                              @ Abbrev [27] 0x1648:0x19 DW_TAG_inlined_subroutine
	.long	2920                            @ DW_AT_abstract_origin
	.long	.Ltmp786                        @ DW_AT_low_pc
	.long	.Ltmp787-.Ltmp786               @ DW_AT_high_pc
	.byte	7                               @ DW_AT_call_file
	.short	3758                            @ DW_AT_call_line
	.byte	48                              @ DW_AT_call_column
	.byte	28                              @ Abbrev [28] 0x1659:0x7 DW_TAG_formal_parameter
	.byte	1                               @ DW_AT_location
	.byte	80
	.long	2933                            @ DW_AT_abstract_origin
	.byte	0                               @ End Of Children Mark
	.byte	27                              @ Abbrev [27] 0x1661:0x19 DW_TAG_inlined_subroutine
	.long	2283                            @ DW_AT_abstract_origin
	.long	.Ltmp787                        @ DW_AT_low_pc
	.long	.Ltmp788-.Ltmp787               @ DW_AT_high_pc
	.byte	7                               @ DW_AT_call_file
	.short	3763                            @ DW_AT_call_line
	.byte	8                               @ DW_AT_call_column
	.byte	28                              @ Abbrev [28] 0x1672:0x7 DW_TAG_formal_parameter
	.byte	1                               @ DW_AT_location
	.byte	80
	.long	2296                            @ DW_AT_abstract_origin
	.byte	0                               @ End Of Children Mark
	.byte	27                              @ Abbrev [27] 0x167a:0x19 DW_TAG_inlined_subroutine
	.long	3012                            @ DW_AT_abstract_origin
	.long	.Ltmp794                        @ DW_AT_low_pc
	.long	.Ltmp795-.Ltmp794               @ DW_AT_high_pc
	.byte	7                               @ DW_AT_call_file
	.short	3771                            @ DW_AT_call_line
	.byte	7                               @ DW_AT_call_column
	.byte	28                              @ Abbrev [28] 0x168b:0x7 DW_TAG_formal_parameter
	.byte	1                               @ DW_AT_location
	.byte	80
	.long	3021                            @ DW_AT_abstract_origin
	.byte	0                               @ End Of Children Mark
	.byte	0                               @ End Of Children Mark
	.byte	30                              @ Abbrev [30] 0x1694:0x74 DW_TAG_inlined_subroutine
	.long	2946                            @ DW_AT_abstract_origin
	.long	.Ldebug_ranges8                 @ DW_AT_ranges
	.byte	7                               @ DW_AT_call_file
	.short	2300                            @ DW_AT_call_line
	.byte	24                              @ DW_AT_call_column
	.byte	31                              @ Abbrev [31] 0x16a1:0x9 DW_TAG_formal_parameter
	.long	.Ldebug_loc72                   @ DW_AT_location
	.long	2959                            @ DW_AT_abstract_origin
	.byte	36                              @ Abbrev [36] 0x16aa:0x9 DW_TAG_variable
	.long	.Ldebug_loc73                   @ DW_AT_location
	.long	2971                            @ DW_AT_abstract_origin
	.byte	36                              @ Abbrev [36] 0x16b3:0x9 DW_TAG_variable
	.long	.Ldebug_loc74                   @ DW_AT_location
	.long	2983                            @ DW_AT_abstract_origin
	.byte	27                              @ Abbrev [27] 0x16bc:0x19 DW_TAG_inlined_subroutine
	.long	2920                            @ DW_AT_abstract_origin
	.long	.Ltmp812                        @ DW_AT_low_pc
	.long	.Ltmp813-.Ltmp812               @ DW_AT_high_pc
	.byte	7                               @ DW_AT_call_file
	.short	3758                            @ DW_AT_call_line
	.byte	48                              @ DW_AT_call_column
	.byte	28                              @ Abbrev [28] 0x16cd:0x7 DW_TAG_formal_parameter
	.byte	1                               @ DW_AT_location
	.byte	81
	.long	2933                            @ DW_AT_abstract_origin
	.byte	0                               @ End Of Children Mark
	.byte	27                              @ Abbrev [27] 0x16d5:0x19 DW_TAG_inlined_subroutine
	.long	2283                            @ DW_AT_abstract_origin
	.long	.Ltmp813                        @ DW_AT_low_pc
	.long	.Ltmp814-.Ltmp813               @ DW_AT_high_pc
	.byte	7                               @ DW_AT_call_file
	.short	3763                            @ DW_AT_call_line
	.byte	8                               @ DW_AT_call_column
	.byte	28                              @ Abbrev [28] 0x16e6:0x7 DW_TAG_formal_parameter
	.byte	1                               @ DW_AT_location
	.byte	81
	.long	2296                            @ DW_AT_abstract_origin
	.byte	0                               @ End Of Children Mark
	.byte	27                              @ Abbrev [27] 0x16ee:0x19 DW_TAG_inlined_subroutine
	.long	3012                            @ DW_AT_abstract_origin
	.long	.Ltmp820                        @ DW_AT_low_pc
	.long	.Ltmp821-.Ltmp820               @ DW_AT_high_pc
	.byte	7                               @ DW_AT_call_file
	.short	3771                            @ DW_AT_call_line
	.byte	7                               @ DW_AT_call_column
	.byte	28                              @ Abbrev [28] 0x16ff:0x7 DW_TAG_formal_parameter
	.byte	1                               @ DW_AT_location
	.byte	81
	.long	3021                            @ DW_AT_abstract_origin
	.byte	0                               @ End Of Children Mark
	.byte	0                               @ End Of Children Mark
	.byte	43                              @ Abbrev [43] 0x1708:0xf DW_TAG_inlined_subroutine
	.long	2946                            @ DW_AT_abstract_origin
	.long	.Ltmp837                        @ DW_AT_low_pc
	.long	.Ltmp838-.Ltmp837               @ DW_AT_high_pc
	.byte	7                               @ DW_AT_call_file
	.byte	0                               @ DW_AT_call_line
	.byte	0                               @ End Of Children Mark
	.byte	24                              @ Abbrev [24] 0x1718:0x27 DW_TAG_subprogram
	.long	.Lfunc_begin19                  @ DW_AT_low_pc
	.long	.Lfunc_end19-.Lfunc_begin19     @ DW_AT_high_pc
	.byte	1                               @ DW_AT_frame_base
	.byte	93
                                        @ DW_AT_GNU_all_call_sites
	.long	.Linfo_string231                @ DW_AT_name
	.byte	7                               @ DW_AT_decl_file
	.short	2344                            @ DW_AT_decl_line
                                        @ DW_AT_prototyped
	.long	720                             @ DW_AT_type
                                        @ DW_AT_external
	.byte	25                              @ Abbrev [25] 0x172e:0x10 DW_TAG_formal_parameter
	.long	.Ldebug_loc75                   @ DW_AT_location
	.long	.Linfo_string167                @ DW_AT_name
	.byte	7                               @ DW_AT_decl_file
	.short	2344                            @ DW_AT_decl_line
	.long	8725                            @ DW_AT_type
	.byte	0                               @ End Of Children Mark
	.byte	20                              @ Abbrev [20] 0x173f:0x1a DW_TAG_subprogram
	.long	.Linfo_string180                @ DW_AT_name
	.byte	8                               @ DW_AT_decl_file
	.short	4715                            @ DW_AT_decl_line
                                        @ DW_AT_prototyped
	.long	720                             @ DW_AT_type
	.byte	1                               @ DW_AT_inline
	.byte	21                              @ Abbrev [21] 0x174c:0xc DW_TAG_formal_parameter
	.long	.Linfo_string154                @ DW_AT_name
	.byte	8                               @ DW_AT_decl_file
	.short	4715                            @ DW_AT_decl_line
	.long	2177                            @ DW_AT_type
	.byte	0                               @ End Of Children Mark
	.byte	32                              @ Abbrev [32] 0x1759:0x139 DW_TAG_subprogram
	.long	.Lfunc_begin20                  @ DW_AT_low_pc
	.long	.Lfunc_end20-.Lfunc_begin20     @ DW_AT_high_pc
	.byte	1                               @ DW_AT_frame_base
	.byte	93
                                        @ DW_AT_GNU_all_call_sites
	.long	.Linfo_string232                @ DW_AT_name
	.byte	7                               @ DW_AT_decl_file
	.short	2361                            @ DW_AT_decl_line
                                        @ DW_AT_prototyped
                                        @ DW_AT_external
	.byte	25                              @ Abbrev [25] 0x176b:0x10 DW_TAG_formal_parameter
	.long	.Ldebug_loc76                   @ DW_AT_location
	.long	.Linfo_string167                @ DW_AT_name
	.byte	7                               @ DW_AT_decl_file
	.short	2361                            @ DW_AT_decl_line
	.long	1047                            @ DW_AT_type
	.byte	26                              @ Abbrev [26] 0x177b:0x10 DW_TAG_variable
	.long	.Ldebug_loc77                   @ DW_AT_location
	.long	.Linfo_string261                @ DW_AT_name
	.byte	7                               @ DW_AT_decl_file
	.short	2363                            @ DW_AT_decl_line
	.long	720                             @ DW_AT_type
	.byte	26                              @ Abbrev [26] 0x178b:0x10 DW_TAG_variable
	.long	.Ldebug_loc78                   @ DW_AT_location
	.long	.Linfo_string262                @ DW_AT_name
	.byte	7                               @ DW_AT_decl_file
	.short	2364                            @ DW_AT_decl_line
	.long	720                             @ DW_AT_type
	.byte	26                              @ Abbrev [26] 0x179b:0x10 DW_TAG_variable
	.long	.Ldebug_loc79                   @ DW_AT_location
	.long	.Linfo_string263                @ DW_AT_name
	.byte	7                               @ DW_AT_decl_file
	.short	2365                            @ DW_AT_decl_line
	.long	720                             @ DW_AT_type
	.byte	26                              @ Abbrev [26] 0x17ab:0x10 DW_TAG_variable
	.long	.Ldebug_loc80                   @ DW_AT_location
	.long	.Linfo_string252                @ DW_AT_name
	.byte	7                               @ DW_AT_decl_file
	.short	2370                            @ DW_AT_decl_line
	.long	720                             @ DW_AT_type
	.byte	26                              @ Abbrev [26] 0x17bb:0x10 DW_TAG_variable
	.long	.Ldebug_loc81                   @ DW_AT_location
	.long	.Linfo_string256                @ DW_AT_name
	.byte	7                               @ DW_AT_decl_file
	.short	2368                            @ DW_AT_decl_line
	.long	720                             @ DW_AT_type
	.byte	35                              @ Abbrev [35] 0x17cb:0xc DW_TAG_variable
	.long	.Linfo_string264                @ DW_AT_name
	.byte	7                               @ DW_AT_decl_file
	.short	2366                            @ DW_AT_decl_line
	.long	720                             @ DW_AT_type
	.byte	35                              @ Abbrev [35] 0x17d7:0xc DW_TAG_variable
	.long	.Linfo_string265                @ DW_AT_name
	.byte	7                               @ DW_AT_decl_file
	.short	2367                            @ DW_AT_decl_line
	.long	720                             @ DW_AT_type
	.byte	35                              @ Abbrev [35] 0x17e3:0xc DW_TAG_variable
	.long	.Linfo_string253                @ DW_AT_name
	.byte	7                               @ DW_AT_decl_file
	.short	2369                            @ DW_AT_decl_line
	.long	2177                            @ DW_AT_type
	.byte	40                              @ Abbrev [40] 0x17ef:0xd DW_TAG_inlined_subroutine
	.long	3835                            @ DW_AT_abstract_origin
	.long	.Ldebug_ranges9                 @ DW_AT_ranges
	.byte	7                               @ DW_AT_call_file
	.short	2370                            @ DW_AT_call_line
	.byte	35                              @ DW_AT_call_column
	.byte	27                              @ Abbrev [27] 0x17fc:0x19 DW_TAG_inlined_subroutine
	.long	4448                            @ DW_AT_abstract_origin
	.long	.Ltmp869                        @ DW_AT_low_pc
	.long	.Ltmp870-.Ltmp869               @ DW_AT_high_pc
	.byte	7                               @ DW_AT_call_file
	.short	2411                            @ DW_AT_call_line
	.byte	9                               @ DW_AT_call_column
	.byte	28                              @ Abbrev [28] 0x180d:0x7 DW_TAG_formal_parameter
	.byte	1                               @ DW_AT_location
	.byte	87
	.long	4461                            @ DW_AT_abstract_origin
	.byte	0                               @ End Of Children Mark
	.byte	27                              @ Abbrev [27] 0x1815:0x19 DW_TAG_inlined_subroutine
	.long	2257                            @ DW_AT_abstract_origin
	.long	.Ltmp877                        @ DW_AT_low_pc
	.long	.Ltmp878-.Ltmp877               @ DW_AT_high_pc
	.byte	7                               @ DW_AT_call_file
	.short	2440                            @ DW_AT_call_line
	.byte	15                              @ DW_AT_call_column
	.byte	28                              @ Abbrev [28] 0x1826:0x7 DW_TAG_formal_parameter
	.byte	1                               @ DW_AT_location
	.byte	87
	.long	2270                            @ DW_AT_abstract_origin
	.byte	0                               @ End Of Children Mark
	.byte	27                              @ Abbrev [27] 0x182e:0x19 DW_TAG_inlined_subroutine
	.long	5951                            @ DW_AT_abstract_origin
	.long	.Ltmp895                        @ DW_AT_low_pc
	.long	.Ltmp896-.Ltmp895               @ DW_AT_high_pc
	.byte	7                               @ DW_AT_call_file
	.short	2499                            @ DW_AT_call_line
	.byte	46                              @ DW_AT_call_column
	.byte	28                              @ Abbrev [28] 0x183f:0x7 DW_TAG_formal_parameter
	.byte	1                               @ DW_AT_location
	.byte	87
	.long	5964                            @ DW_AT_abstract_origin
	.byte	0                               @ End Of Children Mark
	.byte	30                              @ Abbrev [30] 0x1847:0x17 DW_TAG_inlined_subroutine
	.long	4448                            @ DW_AT_abstract_origin
	.long	.Ldebug_ranges10                @ DW_AT_ranges
	.byte	7                               @ DW_AT_call_file
	.short	2500                            @ DW_AT_call_line
	.byte	46                              @ DW_AT_call_column
	.byte	31                              @ Abbrev [31] 0x1854:0x9 DW_TAG_formal_parameter
	.long	.Ldebug_loc82                   @ DW_AT_location
	.long	4461                            @ DW_AT_abstract_origin
	.byte	0                               @ End Of Children Mark
	.byte	27                              @ Abbrev [27] 0x185e:0x19 DW_TAG_inlined_subroutine
	.long	2343                            @ DW_AT_abstract_origin
	.long	.Ltmp939                        @ DW_AT_low_pc
	.long	.Ltmp940-.Ltmp939               @ DW_AT_high_pc
	.byte	7                               @ DW_AT_call_file
	.short	2542                            @ DW_AT_call_line
	.byte	17                              @ DW_AT_call_column
	.byte	28                              @ Abbrev [28] 0x186f:0x7 DW_TAG_formal_parameter
	.byte	1                               @ DW_AT_location
	.byte	87
	.long	2356                            @ DW_AT_abstract_origin
	.byte	0                               @ End Of Children Mark
	.byte	38                              @ Abbrev [38] 0x1877:0x11 DW_TAG_inlined_subroutine
	.long	4422                            @ DW_AT_abstract_origin
	.long	.Ltmp920                        @ DW_AT_low_pc
	.long	.Ltmp921-.Ltmp920               @ DW_AT_high_pc
	.byte	7                               @ DW_AT_call_file
	.short	2655                            @ DW_AT_call_line
	.byte	13                              @ DW_AT_call_column
	.byte	42                              @ Abbrev [42] 0x1888:0x9 DW_TAG_GNU_call_site
	.long	6290                            @ DW_AT_abstract_origin
                                        @ DW_AT_GNU_tail_call
	.long	.Ltmp930                        @ DW_AT_low_pc
	.byte	0                               @ End Of Children Mark
	.byte	44                              @ Abbrev [44] 0x1892:0xe DW_TAG_subprogram
	.long	.Linfo_string181                @ DW_AT_name
	.byte	9                               @ DW_AT_decl_file
	.short	1414                            @ DW_AT_decl_line
                                        @ DW_AT_prototyped
                                        @ DW_AT_declaration
                                        @ DW_AT_external
	.byte	19                              @ Abbrev [19] 0x189a:0x5 DW_TAG_formal_parameter
	.long	1047                            @ DW_AT_type
	.byte	0                               @ End Of Children Mark
	.byte	32                              @ Abbrev [32] 0x18a0:0x21 DW_TAG_subprogram
	.long	.Lfunc_begin22                  @ DW_AT_low_pc
	.long	.Lfunc_end22-.Lfunc_begin22     @ DW_AT_high_pc
	.byte	1                               @ DW_AT_frame_base
	.byte	93
                                        @ DW_AT_GNU_all_call_sites
	.long	.Linfo_string234                @ DW_AT_name
	.byte	7                               @ DW_AT_decl_file
	.short	2751                            @ DW_AT_decl_line
                                        @ DW_AT_prototyped
                                        @ DW_AT_external
	.byte	33                              @ Abbrev [33] 0x18b2:0xe DW_TAG_formal_parameter
	.byte	1                               @ DW_AT_location
	.byte	80
	.long	.Linfo_string167                @ DW_AT_name
	.byte	7                               @ DW_AT_decl_file
	.short	2751                            @ DW_AT_decl_line
	.long	1047                            @ DW_AT_type
	.byte	0                               @ End Of Children Mark
	.byte	23                              @ Abbrev [23] 0x18c1:0x3a DW_TAG_subprogram
	.long	.Linfo_string182                @ DW_AT_name
	.byte	8                               @ DW_AT_decl_file
	.short	4255                            @ DW_AT_decl_line
                                        @ DW_AT_prototyped
	.byte	1                               @ DW_AT_inline
	.byte	21                              @ Abbrev [21] 0x18ca:0xc DW_TAG_formal_parameter
	.long	.Linfo_string154                @ DW_AT_name
	.byte	8                               @ DW_AT_decl_file
	.short	4255                            @ DW_AT_decl_line
	.long	159                             @ DW_AT_type
	.byte	21                              @ Abbrev [21] 0x18d6:0xc DW_TAG_formal_parameter
	.long	.Linfo_string183                @ DW_AT_name
	.byte	8                               @ DW_AT_decl_file
	.short	4255                            @ DW_AT_decl_line
	.long	720                             @ DW_AT_type
	.byte	21                              @ Abbrev [21] 0x18e2:0xc DW_TAG_formal_parameter
	.long	.Linfo_string184                @ DW_AT_name
	.byte	8                               @ DW_AT_decl_file
	.short	4255                            @ DW_AT_decl_line
	.long	720                             @ DW_AT_type
	.byte	35                              @ Abbrev [35] 0x18ee:0xc DW_TAG_variable
	.long	.Linfo_string185                @ DW_AT_name
	.byte	8                               @ DW_AT_decl_file
	.short	4261                            @ DW_AT_decl_line
	.long	2146                            @ DW_AT_type
	.byte	0                               @ End Of Children Mark
	.byte	23                              @ Abbrev [23] 0x18fb:0x3a DW_TAG_subprogram
	.long	.Linfo_string186                @ DW_AT_name
	.byte	8                               @ DW_AT_decl_file
	.short	5409                            @ DW_AT_decl_line
                                        @ DW_AT_prototyped
	.byte	1                               @ DW_AT_inline
	.byte	21                              @ Abbrev [21] 0x1904:0xc DW_TAG_formal_parameter
	.long	.Linfo_string154                @ DW_AT_name
	.byte	8                               @ DW_AT_decl_file
	.short	5409                            @ DW_AT_decl_line
	.long	159                             @ DW_AT_type
	.byte	21                              @ Abbrev [21] 0x1910:0xc DW_TAG_formal_parameter
	.long	.Linfo_string184                @ DW_AT_name
	.byte	8                               @ DW_AT_decl_file
	.short	5409                            @ DW_AT_decl_line
	.long	720                             @ DW_AT_type
	.byte	21                              @ Abbrev [21] 0x191c:0xc DW_TAG_formal_parameter
	.long	.Linfo_string187                @ DW_AT_name
	.byte	8                               @ DW_AT_decl_file
	.short	5409                            @ DW_AT_decl_line
	.long	720                             @ DW_AT_type
	.byte	35                              @ Abbrev [35] 0x1928:0xc DW_TAG_variable
	.long	.Linfo_string185                @ DW_AT_name
	.byte	8                               @ DW_AT_decl_file
	.short	5415                            @ DW_AT_decl_line
	.long	2146                            @ DW_AT_type
	.byte	0                               @ End Of Children Mark
	.byte	23                              @ Abbrev [23] 0x1935:0x46 DW_TAG_subprogram
	.long	.Linfo_string188                @ DW_AT_name
	.byte	8                               @ DW_AT_decl_file
	.short	3379                            @ DW_AT_decl_line
                                        @ DW_AT_prototyped
	.byte	1                               @ DW_AT_inline
	.byte	21                              @ Abbrev [21] 0x193e:0xc DW_TAG_formal_parameter
	.long	.Linfo_string154                @ DW_AT_name
	.byte	8                               @ DW_AT_decl_file
	.short	3379                            @ DW_AT_decl_line
	.long	159                             @ DW_AT_type
	.byte	21                              @ Abbrev [21] 0x194a:0xc DW_TAG_formal_parameter
	.long	.Linfo_string189                @ DW_AT_name
	.byte	8                               @ DW_AT_decl_file
	.short	3379                            @ DW_AT_decl_line
	.long	720                             @ DW_AT_type
	.byte	21                              @ Abbrev [21] 0x1956:0xc DW_TAG_formal_parameter
	.long	.Linfo_string184                @ DW_AT_name
	.byte	8                               @ DW_AT_decl_file
	.short	3379                            @ DW_AT_decl_line
	.long	720                             @ DW_AT_type
	.byte	21                              @ Abbrev [21] 0x1962:0xc DW_TAG_formal_parameter
	.long	.Linfo_string190                @ DW_AT_name
	.byte	8                               @ DW_AT_decl_file
	.short	3379                            @ DW_AT_decl_line
	.long	720                             @ DW_AT_type
	.byte	35                              @ Abbrev [35] 0x196e:0xc DW_TAG_variable
	.long	.Linfo_string185                @ DW_AT_name
	.byte	8                               @ DW_AT_decl_file
	.short	3381                            @ DW_AT_decl_line
	.long	2146                            @ DW_AT_type
	.byte	0                               @ End Of Children Mark
	.byte	23                              @ Abbrev [23] 0x197b:0x3c DW_TAG_subprogram
	.long	.Linfo_string191                @ DW_AT_name
	.byte	8                               @ DW_AT_decl_file
	.short	3552                            @ DW_AT_decl_line
                                        @ DW_AT_prototyped
	.byte	1                               @ DW_AT_inline
	.byte	21                              @ Abbrev [21] 0x1984:0xc DW_TAG_formal_parameter
	.long	.Linfo_string154                @ DW_AT_name
	.byte	8                               @ DW_AT_decl_file
	.short	3552                            @ DW_AT_decl_line
	.long	159                             @ DW_AT_type
	.byte	21                              @ Abbrev [21] 0x1990:0xc DW_TAG_formal_parameter
	.long	.Linfo_string189                @ DW_AT_name
	.byte	8                               @ DW_AT_decl_file
	.short	3552                            @ DW_AT_decl_line
	.long	720                             @ DW_AT_type
	.byte	21                              @ Abbrev [21] 0x199c:0xc DW_TAG_formal_parameter
	.long	.Linfo_string192                @ DW_AT_name
	.byte	8                               @ DW_AT_decl_file
	.short	3552                            @ DW_AT_decl_line
	.long	720                             @ DW_AT_type
	.byte	45                              @ Abbrev [45] 0x19a8:0xe DW_TAG_lexical_block
	.byte	35                              @ Abbrev [35] 0x19a9:0xc DW_TAG_variable
	.long	.Linfo_string185                @ DW_AT_name
	.byte	8                               @ DW_AT_decl_file
	.short	3562                            @ DW_AT_decl_line
	.long	2146                            @ DW_AT_type
	.byte	0                               @ End Of Children Mark
	.byte	0                               @ End Of Children Mark
	.byte	23                              @ Abbrev [23] 0x19b7:0x2e DW_TAG_subprogram
	.long	.Linfo_string193                @ DW_AT_name
	.byte	8                               @ DW_AT_decl_file
	.short	3510                            @ DW_AT_decl_line
                                        @ DW_AT_prototyped
	.byte	1                               @ DW_AT_inline
	.byte	21                              @ Abbrev [21] 0x19c0:0xc DW_TAG_formal_parameter
	.long	.Linfo_string154                @ DW_AT_name
	.byte	8                               @ DW_AT_decl_file
	.short	3510                            @ DW_AT_decl_line
	.long	159                             @ DW_AT_type
	.byte	21                              @ Abbrev [21] 0x19cc:0xc DW_TAG_formal_parameter
	.long	.Linfo_string189                @ DW_AT_name
	.byte	8                               @ DW_AT_decl_file
	.short	3510                            @ DW_AT_decl_line
	.long	720                             @ DW_AT_type
	.byte	21                              @ Abbrev [21] 0x19d8:0xc DW_TAG_formal_parameter
	.long	.Linfo_string194                @ DW_AT_name
	.byte	8                               @ DW_AT_decl_file
	.short	3510                            @ DW_AT_decl_line
	.long	720                             @ DW_AT_type
	.byte	0                               @ End Of Children Mark
	.byte	23                              @ Abbrev [23] 0x19e5:0x2e DW_TAG_subprogram
	.long	.Linfo_string195                @ DW_AT_name
	.byte	8                               @ DW_AT_decl_file
	.short	5555                            @ DW_AT_decl_line
                                        @ DW_AT_prototyped
	.byte	1                               @ DW_AT_inline
	.byte	21                              @ Abbrev [21] 0x19ee:0xc DW_TAG_formal_parameter
	.long	.Linfo_string154                @ DW_AT_name
	.byte	8                               @ DW_AT_decl_file
	.short	5555                            @ DW_AT_decl_line
	.long	159                             @ DW_AT_type
	.byte	21                              @ Abbrev [21] 0x19fa:0xc DW_TAG_formal_parameter
	.long	.Linfo_string184                @ DW_AT_name
	.byte	8                               @ DW_AT_decl_file
	.short	5555                            @ DW_AT_decl_line
	.long	720                             @ DW_AT_type
	.byte	21                              @ Abbrev [21] 0x1a06:0xc DW_TAG_formal_parameter
	.long	.Linfo_string196                @ DW_AT_name
	.byte	8                               @ DW_AT_decl_file
	.short	5555                            @ DW_AT_decl_line
	.long	720                             @ DW_AT_type
	.byte	0                               @ End Of Children Mark
	.byte	23                              @ Abbrev [23] 0x1a13:0x22 DW_TAG_subprogram
	.long	.Linfo_string197                @ DW_AT_name
	.byte	8                               @ DW_AT_decl_file
	.short	3243                            @ DW_AT_decl_line
                                        @ DW_AT_prototyped
	.byte	1                               @ DW_AT_inline
	.byte	21                              @ Abbrev [21] 0x1a1c:0xc DW_TAG_formal_parameter
	.long	.Linfo_string154                @ DW_AT_name
	.byte	8                               @ DW_AT_decl_file
	.short	3243                            @ DW_AT_decl_line
	.long	159                             @ DW_AT_type
	.byte	21                              @ Abbrev [21] 0x1a28:0xc DW_TAG_formal_parameter
	.long	.Linfo_string184                @ DW_AT_name
	.byte	8                               @ DW_AT_decl_file
	.short	3243                            @ DW_AT_decl_line
	.long	720                             @ DW_AT_type
	.byte	0                               @ End Of Children Mark
	.byte	20                              @ Abbrev [20] 0x1a35:0x1a DW_TAG_subprogram
	.long	.Linfo_string198                @ DW_AT_name
	.byte	8                               @ DW_AT_decl_file
	.short	2753                            @ DW_AT_decl_line
                                        @ DW_AT_prototyped
	.long	720                             @ DW_AT_type
	.byte	1                               @ DW_AT_inline
	.byte	21                              @ Abbrev [21] 0x1a42:0xc DW_TAG_formal_parameter
	.long	.Linfo_string161                @ DW_AT_name
	.byte	8                               @ DW_AT_decl_file
	.short	2753                            @ DW_AT_decl_line
	.long	3861                            @ DW_AT_type
	.byte	0                               @ End Of Children Mark
	.byte	23                              @ Abbrev [23] 0x1a4f:0x22 DW_TAG_subprogram
	.long	.Linfo_string199                @ DW_AT_name
	.byte	8                               @ DW_AT_decl_file
	.short	2731                            @ DW_AT_decl_line
                                        @ DW_AT_prototyped
	.byte	1                               @ DW_AT_inline
	.byte	21                              @ Abbrev [21] 0x1a58:0xc DW_TAG_formal_parameter
	.long	.Linfo_string161                @ DW_AT_name
	.byte	8                               @ DW_AT_decl_file
	.short	2731                            @ DW_AT_decl_line
	.long	757                             @ DW_AT_type
	.byte	21                              @ Abbrev [21] 0x1a64:0xc DW_TAG_formal_parameter
	.long	.Linfo_string200                @ DW_AT_name
	.byte	8                               @ DW_AT_decl_file
	.short	2731                            @ DW_AT_decl_line
	.long	720                             @ DW_AT_type
	.byte	0                               @ End Of Children Mark
	.byte	24                              @ Abbrev [24] 0x1a71:0x30d DW_TAG_subprogram
	.long	.Lfunc_begin25                  @ DW_AT_low_pc
	.long	.Lfunc_end25-.Lfunc_begin25     @ DW_AT_high_pc
	.byte	1                               @ DW_AT_frame_base
	.byte	93
                                        @ DW_AT_GNU_all_call_sites
	.long	.Linfo_string237                @ DW_AT_name
	.byte	7                               @ DW_AT_decl_file
	.short	2819                            @ DW_AT_decl_line
                                        @ DW_AT_prototyped
	.long	2996                            @ DW_AT_type
                                        @ DW_AT_external
	.byte	25                              @ Abbrev [25] 0x1a87:0x10 DW_TAG_formal_parameter
	.long	.Ldebug_loc83                   @ DW_AT_location
	.long	.Linfo_string167                @ DW_AT_name
	.byte	7                               @ DW_AT_decl_file
	.short	2819                            @ DW_AT_decl_line
	.long	1047                            @ DW_AT_type
	.byte	25                              @ Abbrev [25] 0x1a97:0x10 DW_TAG_formal_parameter
	.long	.Ldebug_loc84                   @ DW_AT_location
	.long	.Linfo_string266                @ DW_AT_name
	.byte	7                               @ DW_AT_decl_file
	.short	2819                            @ DW_AT_decl_line
	.long	8735                            @ DW_AT_type
	.byte	26                              @ Abbrev [26] 0x1aa7:0x10 DW_TAG_variable
	.long	.Ldebug_loc85                   @ DW_AT_location
	.long	.Linfo_string241                @ DW_AT_name
	.byte	7                               @ DW_AT_decl_file
	.short	2821                            @ DW_AT_decl_line
	.long	2996                            @ DW_AT_type
	.byte	26                              @ Abbrev [26] 0x1ab7:0x10 DW_TAG_variable
	.long	.Ldebug_loc86                   @ DW_AT_location
	.long	.Linfo_string242                @ DW_AT_name
	.byte	7                               @ DW_AT_decl_file
	.short	2824                            @ DW_AT_decl_line
	.long	715                             @ DW_AT_type
	.byte	26                              @ Abbrev [26] 0x1ac7:0x10 DW_TAG_variable
	.long	.Ldebug_loc90                   @ DW_AT_location
	.long	.Linfo_string245                @ DW_AT_name
	.byte	7                               @ DW_AT_decl_file
	.short	2825                            @ DW_AT_decl_line
	.long	720                             @ DW_AT_type
	.byte	26                              @ Abbrev [26] 0x1ad7:0x10 DW_TAG_variable
	.long	.Ldebug_loc91                   @ DW_AT_location
	.long	.Linfo_string246                @ DW_AT_name
	.byte	7                               @ DW_AT_decl_file
	.short	2826                            @ DW_AT_decl_line
	.long	720                             @ DW_AT_type
	.byte	26                              @ Abbrev [26] 0x1ae7:0x10 DW_TAG_variable
	.long	.Ldebug_loc95                   @ DW_AT_location
	.long	.Linfo_string271                @ DW_AT_name
	.byte	7                               @ DW_AT_decl_file
	.short	2822                            @ DW_AT_decl_line
	.long	720                             @ DW_AT_type
	.byte	26                              @ Abbrev [26] 0x1af7:0x10 DW_TAG_variable
	.long	.Ldebug_loc104                  @ DW_AT_location
	.long	.Linfo_string272                @ DW_AT_name
	.byte	7                               @ DW_AT_decl_file
	.short	2823                            @ DW_AT_decl_line
	.long	720                             @ DW_AT_type
	.byte	27                              @ Abbrev [27] 0x1b07:0x19 DW_TAG_inlined_subroutine
	.long	2257                            @ DW_AT_abstract_origin
	.long	.Ltmp964                        @ DW_AT_low_pc
	.long	.Ltmp965-.Ltmp964               @ DW_AT_high_pc
	.byte	7                               @ DW_AT_call_file
	.short	2893                            @ DW_AT_call_line
	.byte	7                               @ DW_AT_call_column
	.byte	28                              @ Abbrev [28] 0x1b18:0x7 DW_TAG_formal_parameter
	.byte	1                               @ DW_AT_location
	.byte	87
	.long	2270                            @ DW_AT_abstract_origin
	.byte	0                               @ End Of Children Mark
	.byte	27                              @ Abbrev [27] 0x1b20:0x2d DW_TAG_inlined_subroutine
	.long	6337                            @ DW_AT_abstract_origin
	.long	.Ltmp971                        @ DW_AT_low_pc
	.long	.Ltmp975-.Ltmp971               @ DW_AT_high_pc
	.byte	7                               @ DW_AT_call_file
	.short	2910                            @ DW_AT_call_line
	.byte	5                               @ DW_AT_call_column
	.byte	31                              @ Abbrev [31] 0x1b31:0x9 DW_TAG_formal_parameter
	.long	.Ldebug_loc88                   @ DW_AT_location
	.long	6346                            @ DW_AT_abstract_origin
	.byte	31                              @ Abbrev [31] 0x1b3a:0x9 DW_TAG_formal_parameter
	.long	.Ldebug_loc87                   @ DW_AT_location
	.long	6358                            @ DW_AT_abstract_origin
	.byte	36                              @ Abbrev [36] 0x1b43:0x9 DW_TAG_variable
	.long	.Ldebug_loc89                   @ DW_AT_location
	.long	6382                            @ DW_AT_abstract_origin
	.byte	0                               @ End Of Children Mark
	.byte	27                              @ Abbrev [27] 0x1b4d:0x19 DW_TAG_inlined_subroutine
	.long	2257                            @ DW_AT_abstract_origin
	.long	.Ltmp975                        @ DW_AT_low_pc
	.long	.Ltmp976-.Ltmp975               @ DW_AT_high_pc
	.byte	7                               @ DW_AT_call_file
	.short	2917                            @ DW_AT_call_line
	.byte	46                              @ DW_AT_call_column
	.byte	28                              @ Abbrev [28] 0x1b5e:0x7 DW_TAG_formal_parameter
	.byte	1                               @ DW_AT_location
	.byte	87
	.long	2270                            @ DW_AT_abstract_origin
	.byte	0                               @ End Of Children Mark
	.byte	27                              @ Abbrev [27] 0x1b66:0x19 DW_TAG_inlined_subroutine
	.long	2343                            @ DW_AT_abstract_origin
	.long	.Ltmp976                        @ DW_AT_low_pc
	.long	.Ltmp977-.Ltmp976               @ DW_AT_high_pc
	.byte	7                               @ DW_AT_call_file
	.short	2918                            @ DW_AT_call_line
	.byte	47                              @ DW_AT_call_column
	.byte	28                              @ Abbrev [28] 0x1b77:0x7 DW_TAG_formal_parameter
	.byte	1                               @ DW_AT_location
	.byte	87
	.long	2356                            @ DW_AT_abstract_origin
	.byte	0                               @ End Of Children Mark
	.byte	27                              @ Abbrev [27] 0x1b7f:0x34 DW_TAG_inlined_subroutine
	.long	6395                            @ DW_AT_abstract_origin
	.long	.Ltmp981                        @ DW_AT_low_pc
	.long	.Ltmp985-.Ltmp981               @ DW_AT_high_pc
	.byte	7                               @ DW_AT_call_file
	.short	2924                            @ DW_AT_call_line
	.byte	7                               @ DW_AT_call_column
	.byte	31                              @ Abbrev [31] 0x1b90:0x9 DW_TAG_formal_parameter
	.long	.Ldebug_loc93                   @ DW_AT_location
	.long	6404                            @ DW_AT_abstract_origin
	.byte	31                              @ Abbrev [31] 0x1b99:0x9 DW_TAG_formal_parameter
	.long	.Ldebug_loc92                   @ DW_AT_location
	.long	6416                            @ DW_AT_abstract_origin
	.byte	28                              @ Abbrev [28] 0x1ba2:0x7 DW_TAG_formal_parameter
	.byte	1                               @ DW_AT_location
	.byte	86
	.long	6428                            @ DW_AT_abstract_origin
	.byte	36                              @ Abbrev [36] 0x1ba9:0x9 DW_TAG_variable
	.long	.Ldebug_loc94                   @ DW_AT_location
	.long	6440                            @ DW_AT_abstract_origin
	.byte	0                               @ End Of Children Mark
	.byte	30                              @ Abbrev [30] 0x1bb3:0x32 DW_TAG_inlined_subroutine
	.long	6453                            @ DW_AT_abstract_origin
	.long	.Ldebug_ranges11                @ DW_AT_ranges
	.byte	7                               @ DW_AT_call_file
	.short	2944                            @ DW_AT_call_line
	.byte	9                               @ DW_AT_call_column
	.byte	31                              @ Abbrev [31] 0x1bc0:0x9 DW_TAG_formal_parameter
	.long	.Ldebug_loc98                   @ DW_AT_location
	.long	6462                            @ DW_AT_abstract_origin
	.byte	31                              @ Abbrev [31] 0x1bc9:0x9 DW_TAG_formal_parameter
	.long	.Ldebug_loc97                   @ DW_AT_location
	.long	6474                            @ DW_AT_abstract_origin
	.byte	31                              @ Abbrev [31] 0x1bd2:0x9 DW_TAG_formal_parameter
	.long	.Ldebug_loc99                   @ DW_AT_location
	.long	6486                            @ DW_AT_abstract_origin
	.byte	31                              @ Abbrev [31] 0x1bdb:0x9 DW_TAG_formal_parameter
	.long	.Ldebug_loc96                   @ DW_AT_location
	.long	6498                            @ DW_AT_abstract_origin
	.byte	0                               @ End Of Children Mark
	.byte	27                              @ Abbrev [27] 0x1be5:0x20 DW_TAG_inlined_subroutine
	.long	6523                            @ DW_AT_abstract_origin
	.long	.Ltmp995                        @ DW_AT_low_pc
	.long	.Ltmp996-.Ltmp995               @ DW_AT_high_pc
	.byte	7                               @ DW_AT_call_file
	.short	2960                            @ DW_AT_call_line
	.byte	11                              @ DW_AT_call_column
	.byte	28                              @ Abbrev [28] 0x1bf6:0x7 DW_TAG_formal_parameter
	.byte	1                               @ DW_AT_location
	.byte	87
	.long	6532                            @ DW_AT_abstract_origin
	.byte	28                              @ Abbrev [28] 0x1bfd:0x7 DW_TAG_formal_parameter
	.byte	1                               @ DW_AT_location
	.byte	83
	.long	6544                            @ DW_AT_abstract_origin
	.byte	0                               @ End Of Children Mark
	.byte	30                              @ Abbrev [30] 0x1c05:0x29 DW_TAG_inlined_subroutine
	.long	6583                            @ DW_AT_abstract_origin
	.long	.Ldebug_ranges12                @ DW_AT_ranges
	.byte	7                               @ DW_AT_call_file
	.short	2964                            @ DW_AT_call_line
	.byte	11                              @ DW_AT_call_column
	.byte	31                              @ Abbrev [31] 0x1c12:0x9 DW_TAG_formal_parameter
	.long	.Ldebug_loc101                  @ DW_AT_location
	.long	6592                            @ DW_AT_abstract_origin
	.byte	31                              @ Abbrev [31] 0x1c1b:0x9 DW_TAG_formal_parameter
	.long	.Ldebug_loc100                  @ DW_AT_location
	.long	6604                            @ DW_AT_abstract_origin
	.byte	31                              @ Abbrev [31] 0x1c24:0x9 DW_TAG_formal_parameter
	.long	.Ldebug_loc102                  @ DW_AT_location
	.long	6616                            @ DW_AT_abstract_origin
	.byte	0                               @ End Of Children Mark
	.byte	27                              @ Abbrev [27] 0x1c2e:0x19 DW_TAG_inlined_subroutine
	.long	2283                            @ DW_AT_abstract_origin
	.long	.Ltmp1034                       @ DW_AT_low_pc
	.long	.Ltmp1035-.Ltmp1034             @ DW_AT_high_pc
	.byte	7                               @ DW_AT_call_file
	.short	3021                            @ DW_AT_call_line
	.byte	9                               @ DW_AT_call_column
	.byte	28                              @ Abbrev [28] 0x1c3f:0x7 DW_TAG_formal_parameter
	.byte	1                               @ DW_AT_location
	.byte	87
	.long	2296                            @ DW_AT_abstract_origin
	.byte	0                               @ End Of Children Mark
	.byte	30                              @ Abbrev [30] 0x1c47:0x25 DW_TAG_inlined_subroutine
	.long	6629                            @ DW_AT_abstract_origin
	.long	.Ldebug_ranges13                @ DW_AT_ranges
	.byte	7                               @ DW_AT_call_file
	.short	3024                            @ DW_AT_call_line
	.byte	7                               @ DW_AT_call_column
	.byte	28                              @ Abbrev [28] 0x1c54:0x7 DW_TAG_formal_parameter
	.byte	1                               @ DW_AT_location
	.byte	87
	.long	6638                            @ DW_AT_abstract_origin
	.byte	28                              @ Abbrev [28] 0x1c5b:0x7 DW_TAG_formal_parameter
	.byte	1                               @ DW_AT_location
	.byte	94
	.long	6650                            @ DW_AT_abstract_origin
	.byte	31                              @ Abbrev [31] 0x1c62:0x9 DW_TAG_formal_parameter
	.long	.Ldebug_loc103                  @ DW_AT_location
	.long	6662                            @ DW_AT_abstract_origin
	.byte	0                               @ End Of Children Mark
	.byte	27                              @ Abbrev [27] 0x1c6c:0x20 DW_TAG_inlined_subroutine
	.long	6675                            @ DW_AT_abstract_origin
	.long	.Ltmp1060                       @ DW_AT_low_pc
	.long	.Ltmp1061-.Ltmp1060             @ DW_AT_high_pc
	.byte	7                               @ DW_AT_call_file
	.short	3030                            @ DW_AT_call_line
	.byte	9                               @ DW_AT_call_column
	.byte	28                              @ Abbrev [28] 0x1c7d:0x7 DW_TAG_formal_parameter
	.byte	1                               @ DW_AT_location
	.byte	87
	.long	6684                            @ DW_AT_abstract_origin
	.byte	28                              @ Abbrev [28] 0x1c84:0x7 DW_TAG_formal_parameter
	.byte	1                               @ DW_AT_location
	.byte	83
	.long	6696                            @ DW_AT_abstract_origin
	.byte	0                               @ End Of Children Mark
	.byte	27                              @ Abbrev [27] 0x1c8c:0x2b DW_TAG_inlined_subroutine
	.long	6735                            @ DW_AT_abstract_origin
	.long	.Ltmp1082                       @ DW_AT_low_pc
	.long	.Ltmp1083-.Ltmp1082             @ DW_AT_high_pc
	.byte	7                               @ DW_AT_call_file
	.short	3073                            @ DW_AT_call_line
	.byte	15                              @ DW_AT_call_column
	.byte	29                              @ Abbrev [29] 0x1c9d:0xa DW_TAG_formal_parameter
	.ascii	"\200\306\211\300\005"          @ DW_AT_const_value
	.long	6744                            @ DW_AT_abstract_origin
	.byte	28                              @ Abbrev [28] 0x1ca7:0xf DW_TAG_formal_parameter
	.byte	9                               @ DW_AT_location
	.byte	116
	.byte	0
	.byte	16
	.ascii	"\200\200\200\b"
	.byte	33
	.byte	159
	.long	6756                            @ DW_AT_abstract_origin
	.byte	0                               @ End Of Children Mark
	.byte	27                              @ Abbrev [27] 0x1cb7:0x2b DW_TAG_inlined_subroutine
	.long	6735                            @ DW_AT_abstract_origin
	.long	.Ltmp1126                       @ DW_AT_low_pc
	.long	.Ltmp1127-.Ltmp1126             @ DW_AT_high_pc
	.byte	7                               @ DW_AT_call_file
	.short	3080                            @ DW_AT_call_line
	.byte	15                              @ DW_AT_call_column
	.byte	29                              @ Abbrev [29] 0x1cc8:0xa DW_TAG_formal_parameter
	.ascii	"\200\306\211\300\005"          @ DW_AT_const_value
	.long	6744                            @ DW_AT_abstract_origin
	.byte	28                              @ Abbrev [28] 0x1cd2:0xf DW_TAG_formal_parameter
	.byte	9                               @ DW_AT_location
	.byte	116
	.byte	0
	.byte	16
	.ascii	"\200\200\200\002"
	.byte	33
	.byte	159
	.long	6756                            @ DW_AT_abstract_origin
	.byte	0                               @ End Of Children Mark
	.byte	43                              @ Abbrev [43] 0x1ce2:0xf DW_TAG_inlined_subroutine
	.long	6735                            @ DW_AT_abstract_origin
	.long	.Ltmp1127                       @ DW_AT_low_pc
	.long	.Ltmp1128-.Ltmp1127             @ DW_AT_high_pc
	.byte	7                               @ DW_AT_call_file
	.byte	0                               @ DW_AT_call_line
	.byte	27                              @ Abbrev [27] 0x1cf1:0x2b DW_TAG_inlined_subroutine
	.long	6735                            @ DW_AT_abstract_origin
	.long	.Ltmp1109                       @ DW_AT_low_pc
	.long	.Ltmp1110-.Ltmp1109             @ DW_AT_high_pc
	.byte	7                               @ DW_AT_call_file
	.short	3055                            @ DW_AT_call_line
	.byte	15                              @ DW_AT_call_column
	.byte	29                              @ Abbrev [29] 0x1d02:0xa DW_TAG_formal_parameter
	.ascii	"\200\306\211\300\005"          @ DW_AT_const_value
	.long	6744                            @ DW_AT_abstract_origin
	.byte	28                              @ Abbrev [28] 0x1d0c:0xf DW_TAG_formal_parameter
	.byte	9                               @ DW_AT_location
	.byte	116
	.byte	0
	.byte	16
	.ascii	"\200\200\200\004"
	.byte	33
	.byte	159
	.long	6756                            @ DW_AT_abstract_origin
	.byte	0                               @ End Of Children Mark
	.byte	27                              @ Abbrev [27] 0x1d1c:0x1c DW_TAG_inlined_subroutine
	.long	2283                            @ DW_AT_abstract_origin
	.long	.Ltmp1070                       @ DW_AT_low_pc
	.long	.Ltmp1071-.Ltmp1070             @ DW_AT_high_pc
	.byte	7                               @ DW_AT_call_file
	.short	3047                            @ DW_AT_call_line
	.byte	13                              @ DW_AT_call_column
	.byte	29                              @ Abbrev [29] 0x1d2d:0xa DW_TAG_formal_parameter
	.ascii	"\200\300\210\200\004"          @ DW_AT_const_value
	.long	2296                            @ DW_AT_abstract_origin
	.byte	0                               @ End Of Children Mark
	.byte	27                              @ Abbrev [27] 0x1d38:0x1c DW_TAG_inlined_subroutine
	.long	2283                            @ DW_AT_abstract_origin
	.long	.Ltmp1071                       @ DW_AT_low_pc
	.long	.Ltmp1072-.Ltmp1071             @ DW_AT_high_pc
	.byte	7                               @ DW_AT_call_file
	.short	3047                            @ DW_AT_call_line
	.byte	13                              @ DW_AT_call_column
	.byte	29                              @ Abbrev [29] 0x1d49:0xa DW_TAG_formal_parameter
	.ascii	"\200\302\210\200\004"          @ DW_AT_const_value
	.long	2296                            @ DW_AT_abstract_origin
	.byte	0                               @ End Of Children Mark
	.byte	27                              @ Abbrev [27] 0x1d54:0x1c DW_TAG_inlined_subroutine
	.long	2283                            @ DW_AT_abstract_origin
	.long	.Ltmp1085                       @ DW_AT_low_pc
	.long	.Ltmp1086-.Ltmp1085             @ DW_AT_high_pc
	.byte	7                               @ DW_AT_call_file
	.short	3047                            @ DW_AT_call_line
	.byte	13                              @ DW_AT_call_column
	.byte	29                              @ Abbrev [29] 0x1d65:0xa DW_TAG_formal_parameter
	.ascii	"\200\300\211\300\005"          @ DW_AT_const_value
	.long	2296                            @ DW_AT_abstract_origin
	.byte	0                               @ End Of Children Mark
	.byte	40                              @ Abbrev [40] 0x1d70:0xd DW_TAG_inlined_subroutine
	.long	6709                            @ DW_AT_abstract_origin
	.long	.Ldebug_ranges14                @ DW_AT_ranges
	.byte	7                               @ DW_AT_call_file
	.short	3043                            @ DW_AT_call_line
	.byte	39                              @ DW_AT_call_column
	.byte	0                               @ End Of Children Mark
	.byte	23                              @ Abbrev [23] 0x1d7e:0x3a DW_TAG_subprogram
	.long	.Linfo_string201                @ DW_AT_name
	.byte	8                               @ DW_AT_decl_file
	.short	5774                            @ DW_AT_decl_line
                                        @ DW_AT_prototyped
	.byte	1                               @ DW_AT_inline
	.byte	21                              @ Abbrev [21] 0x1d87:0xc DW_TAG_formal_parameter
	.long	.Linfo_string154                @ DW_AT_name
	.byte	8                               @ DW_AT_decl_file
	.short	5774                            @ DW_AT_decl_line
	.long	159                             @ DW_AT_type
	.byte	21                              @ Abbrev [21] 0x1d93:0xc DW_TAG_formal_parameter
	.long	.Linfo_string202                @ DW_AT_name
	.byte	8                               @ DW_AT_decl_file
	.short	5774                            @ DW_AT_decl_line
	.long	720                             @ DW_AT_type
	.byte	21                              @ Abbrev [21] 0x1d9f:0xc DW_TAG_formal_parameter
	.long	.Linfo_string203                @ DW_AT_name
	.byte	8                               @ DW_AT_decl_file
	.short	5774                            @ DW_AT_decl_line
	.long	720                             @ DW_AT_type
	.byte	35                              @ Abbrev [35] 0x1dab:0xc DW_TAG_variable
	.long	.Linfo_string185                @ DW_AT_name
	.byte	8                               @ DW_AT_decl_file
	.short	5780                            @ DW_AT_decl_line
	.long	2146                            @ DW_AT_type
	.byte	0                               @ End Of Children Mark
	.byte	23                              @ Abbrev [23] 0x1db8:0x16 DW_TAG_subprogram
	.long	.Linfo_string204                @ DW_AT_name
	.byte	8                               @ DW_AT_decl_file
	.short	7685                            @ DW_AT_decl_line
                                        @ DW_AT_prototyped
	.byte	1                               @ DW_AT_inline
	.byte	21                              @ Abbrev [21] 0x1dc1:0xc DW_TAG_formal_parameter
	.long	.Linfo_string154                @ DW_AT_name
	.byte	8                               @ DW_AT_decl_file
	.short	7685                            @ DW_AT_decl_line
	.long	159                             @ DW_AT_type
	.byte	0                               @ End Of Children Mark
	.byte	23                              @ Abbrev [23] 0x1dce:0x16 DW_TAG_subprogram
	.long	.Linfo_string205                @ DW_AT_name
	.byte	8                               @ DW_AT_decl_file
	.short	8078                            @ DW_AT_decl_line
                                        @ DW_AT_prototyped
	.byte	1                               @ DW_AT_inline
	.byte	21                              @ Abbrev [21] 0x1dd7:0xc DW_TAG_formal_parameter
	.long	.Linfo_string154                @ DW_AT_name
	.byte	8                               @ DW_AT_decl_file
	.short	8078                            @ DW_AT_decl_line
	.long	159                             @ DW_AT_type
	.byte	0                               @ End Of Children Mark
	.byte	23                              @ Abbrev [23] 0x1de4:0x16 DW_TAG_subprogram
	.long	.Linfo_string206                @ DW_AT_name
	.byte	8                               @ DW_AT_decl_file
	.short	8199                            @ DW_AT_decl_line
                                        @ DW_AT_prototyped
	.byte	1                               @ DW_AT_inline
	.byte	21                              @ Abbrev [21] 0x1ded:0xc DW_TAG_formal_parameter
	.long	.Linfo_string154                @ DW_AT_name
	.byte	8                               @ DW_AT_decl_file
	.short	8199                            @ DW_AT_decl_line
	.long	159                             @ DW_AT_type
	.byte	0                               @ End Of Children Mark
	.byte	23                              @ Abbrev [23] 0x1dfa:0x16 DW_TAG_subprogram
	.long	.Linfo_string207                @ DW_AT_name
	.byte	8                               @ DW_AT_decl_file
	.short	7707                            @ DW_AT_decl_line
                                        @ DW_AT_prototyped
	.byte	1                               @ DW_AT_inline
	.byte	21                              @ Abbrev [21] 0x1e03:0xc DW_TAG_formal_parameter
	.long	.Linfo_string154                @ DW_AT_name
	.byte	8                               @ DW_AT_decl_file
	.short	7707                            @ DW_AT_decl_line
	.long	159                             @ DW_AT_type
	.byte	0                               @ End Of Children Mark
	.byte	23                              @ Abbrev [23] 0x1e10:0x16 DW_TAG_subprogram
	.long	.Linfo_string208                @ DW_AT_name
	.byte	8                               @ DW_AT_decl_file
	.short	8100                            @ DW_AT_decl_line
                                        @ DW_AT_prototyped
	.byte	1                               @ DW_AT_inline
	.byte	21                              @ Abbrev [21] 0x1e19:0xc DW_TAG_formal_parameter
	.long	.Linfo_string154                @ DW_AT_name
	.byte	8                               @ DW_AT_decl_file
	.short	8100                            @ DW_AT_decl_line
	.long	159                             @ DW_AT_type
	.byte	0                               @ End Of Children Mark
	.byte	23                              @ Abbrev [23] 0x1e26:0x16 DW_TAG_subprogram
	.long	.Linfo_string209                @ DW_AT_name
	.byte	8                               @ DW_AT_decl_file
	.short	8221                            @ DW_AT_decl_line
                                        @ DW_AT_prototyped
	.byte	1                               @ DW_AT_inline
	.byte	21                              @ Abbrev [21] 0x1e2f:0xc DW_TAG_formal_parameter
	.long	.Linfo_string154                @ DW_AT_name
	.byte	8                               @ DW_AT_decl_file
	.short	8221                            @ DW_AT_decl_line
	.long	159                             @ DW_AT_type
	.byte	0                               @ End Of Children Mark
	.byte	23                              @ Abbrev [23] 0x1e3c:0x16 DW_TAG_subprogram
	.long	.Linfo_string210                @ DW_AT_name
	.byte	8                               @ DW_AT_decl_file
	.short	7696                            @ DW_AT_decl_line
                                        @ DW_AT_prototyped
	.byte	1                               @ DW_AT_inline
	.byte	21                              @ Abbrev [21] 0x1e45:0xc DW_TAG_formal_parameter
	.long	.Linfo_string154                @ DW_AT_name
	.byte	8                               @ DW_AT_decl_file
	.short	7696                            @ DW_AT_decl_line
	.long	159                             @ DW_AT_type
	.byte	0                               @ End Of Children Mark
	.byte	23                              @ Abbrev [23] 0x1e52:0x16 DW_TAG_subprogram
	.long	.Linfo_string211                @ DW_AT_name
	.byte	8                               @ DW_AT_decl_file
	.short	8089                            @ DW_AT_decl_line
                                        @ DW_AT_prototyped
	.byte	1                               @ DW_AT_inline
	.byte	21                              @ Abbrev [21] 0x1e5b:0xc DW_TAG_formal_parameter
	.long	.Linfo_string154                @ DW_AT_name
	.byte	8                               @ DW_AT_decl_file
	.short	8089                            @ DW_AT_decl_line
	.long	159                             @ DW_AT_type
	.byte	0                               @ End Of Children Mark
	.byte	23                              @ Abbrev [23] 0x1e68:0x16 DW_TAG_subprogram
	.long	.Linfo_string212                @ DW_AT_name
	.byte	8                               @ DW_AT_decl_file
	.short	8210                            @ DW_AT_decl_line
                                        @ DW_AT_prototyped
	.byte	1                               @ DW_AT_inline
	.byte	21                              @ Abbrev [21] 0x1e71:0xc DW_TAG_formal_parameter
	.long	.Linfo_string154                @ DW_AT_name
	.byte	8                               @ DW_AT_decl_file
	.short	8210                            @ DW_AT_decl_line
	.long	159                             @ DW_AT_type
	.byte	0                               @ End Of Children Mark
	.byte	24                              @ Abbrev [24] 0x1e7e:0x344 DW_TAG_subprogram
	.long	.Lfunc_begin26                  @ DW_AT_low_pc
	.long	.Lfunc_end26-.Lfunc_begin26     @ DW_AT_high_pc
	.byte	1                               @ DW_AT_frame_base
	.byte	93
                                        @ DW_AT_GNU_all_call_sites
	.long	.Linfo_string238                @ DW_AT_name
	.byte	7                               @ DW_AT_decl_file
	.short	3136                            @ DW_AT_decl_line
                                        @ DW_AT_prototyped
	.long	2996                            @ DW_AT_type
                                        @ DW_AT_external
	.byte	25                              @ Abbrev [25] 0x1e94:0x10 DW_TAG_formal_parameter
	.long	.Ldebug_loc105                  @ DW_AT_location
	.long	.Linfo_string167                @ DW_AT_name
	.byte	7                               @ DW_AT_decl_file
	.short	3136                            @ DW_AT_decl_line
	.long	1047                            @ DW_AT_type
	.byte	25                              @ Abbrev [25] 0x1ea4:0x10 DW_TAG_formal_parameter
	.long	.Ldebug_loc106                  @ DW_AT_location
	.long	.Linfo_string273                @ DW_AT_name
	.byte	7                               @ DW_AT_decl_file
	.short	3136                            @ DW_AT_decl_line
	.long	8856                            @ DW_AT_type
	.byte	26                              @ Abbrev [26] 0x1eb4:0x10 DW_TAG_variable
	.long	.Ldebug_loc107                  @ DW_AT_location
	.long	.Linfo_string241                @ DW_AT_name
	.byte	7                               @ DW_AT_decl_file
	.short	3138                            @ DW_AT_decl_line
	.long	2996                            @ DW_AT_type
	.byte	26                              @ Abbrev [26] 0x1ec4:0x10 DW_TAG_variable
	.long	.Ldebug_loc108                  @ DW_AT_location
	.long	.Linfo_string245                @ DW_AT_name
	.byte	7                               @ DW_AT_decl_file
	.short	3141                            @ DW_AT_decl_line
	.long	720                             @ DW_AT_type
	.byte	26                              @ Abbrev [26] 0x1ed4:0x10 DW_TAG_variable
	.long	.Ldebug_loc109                  @ DW_AT_location
	.long	.Linfo_string246                @ DW_AT_name
	.byte	7                               @ DW_AT_decl_file
	.short	3142                            @ DW_AT_decl_line
	.long	720                             @ DW_AT_type
	.byte	26                              @ Abbrev [26] 0x1ee4:0x10 DW_TAG_variable
	.long	.Ldebug_loc119                  @ DW_AT_location
	.long	.Linfo_string280                @ DW_AT_name
	.byte	7                               @ DW_AT_decl_file
	.short	3139                            @ DW_AT_decl_line
	.long	720                             @ DW_AT_type
	.byte	26                              @ Abbrev [26] 0x1ef4:0x10 DW_TAG_variable
	.long	.Ldebug_loc120                  @ DW_AT_location
	.long	.Linfo_string281                @ DW_AT_name
	.byte	7                               @ DW_AT_decl_file
	.short	3140                            @ DW_AT_decl_line
	.long	720                             @ DW_AT_type
	.byte	27                              @ Abbrev [27] 0x1f04:0x19 DW_TAG_inlined_subroutine
	.long	2257                            @ DW_AT_abstract_origin
	.long	.Ltmp1147                       @ DW_AT_low_pc
	.long	.Ltmp1148-.Ltmp1147             @ DW_AT_high_pc
	.byte	7                               @ DW_AT_call_file
	.short	3203                            @ DW_AT_call_line
	.byte	44                              @ DW_AT_call_column
	.byte	28                              @ Abbrev [28] 0x1f15:0x7 DW_TAG_formal_parameter
	.byte	1                               @ DW_AT_location
	.byte	82
	.long	2270                            @ DW_AT_abstract_origin
	.byte	0                               @ End Of Children Mark
	.byte	27                              @ Abbrev [27] 0x1f1d:0x19 DW_TAG_inlined_subroutine
	.long	2343                            @ DW_AT_abstract_origin
	.long	.Ltmp1148                       @ DW_AT_low_pc
	.long	.Ltmp1149-.Ltmp1148             @ DW_AT_high_pc
	.byte	7                               @ DW_AT_call_file
	.short	3204                            @ DW_AT_call_line
	.byte	45                              @ DW_AT_call_column
	.byte	28                              @ Abbrev [28] 0x1f2e:0x7 DW_TAG_formal_parameter
	.byte	1                               @ DW_AT_location
	.byte	82
	.long	2356                            @ DW_AT_abstract_origin
	.byte	0                               @ End Of Children Mark
	.byte	27                              @ Abbrev [27] 0x1f36:0x35 DW_TAG_inlined_subroutine
	.long	7550                            @ DW_AT_abstract_origin
	.long	.Ltmp1160                       @ DW_AT_low_pc
	.long	.Ltmp1161-.Ltmp1160             @ DW_AT_high_pc
	.byte	7                               @ DW_AT_call_file
	.short	3233                            @ DW_AT_call_line
	.byte	11                              @ DW_AT_call_column
	.byte	28                              @ Abbrev [28] 0x1f47:0x7 DW_TAG_formal_parameter
	.byte	1                               @ DW_AT_location
	.byte	82
	.long	7559                            @ DW_AT_abstract_origin
	.byte	29                              @ Abbrev [29] 0x1f4e:0xa DW_TAG_formal_parameter
	.ascii	"\200\200\200\356\007"          @ DW_AT_const_value
	.long	7571                            @ DW_AT_abstract_origin
	.byte	29                              @ Abbrev [29] 0x1f58:0x9 DW_TAG_formal_parameter
	.ascii	"\377\377\277\004"              @ DW_AT_const_value
	.long	7583                            @ DW_AT_abstract_origin
	.byte	46                              @ Abbrev [46] 0x1f61:0x9 DW_TAG_variable
	.byte	3                               @ DW_AT_location
	.byte	114
	.byte	12
	.byte	159
	.long	7595                            @ DW_AT_abstract_origin
	.byte	0                               @ End Of Children Mark
	.byte	27                              @ Abbrev [27] 0x1f6b:0x35 DW_TAG_inlined_subroutine
	.long	7550                            @ DW_AT_abstract_origin
	.long	.Ltmp1177                       @ DW_AT_low_pc
	.long	.Ltmp1178-.Ltmp1177             @ DW_AT_high_pc
	.byte	7                               @ DW_AT_call_file
	.short	3241                            @ DW_AT_call_line
	.byte	11                              @ DW_AT_call_column
	.byte	28                              @ Abbrev [28] 0x1f7c:0x7 DW_TAG_formal_parameter
	.byte	1                               @ DW_AT_location
	.byte	82
	.long	7559                            @ DW_AT_abstract_origin
	.byte	29                              @ Abbrev [29] 0x1f83:0xa DW_TAG_formal_parameter
	.ascii	"\200\200\200\356\007"          @ DW_AT_const_value
	.long	7571                            @ DW_AT_abstract_origin
	.byte	29                              @ Abbrev [29] 0x1f8d:0x9 DW_TAG_formal_parameter
	.ascii	"\377\377\277\f"                @ DW_AT_const_value
	.long	7583                            @ DW_AT_abstract_origin
	.byte	46                              @ Abbrev [46] 0x1f96:0x9 DW_TAG_variable
	.byte	3                               @ DW_AT_location
	.byte	114
	.byte	12
	.byte	159
	.long	7595                            @ DW_AT_abstract_origin
	.byte	0                               @ End Of Children Mark
	.byte	27                              @ Abbrev [27] 0x1fa0:0x35 DW_TAG_inlined_subroutine
	.long	7550                            @ DW_AT_abstract_origin
	.long	.Ltmp1180                       @ DW_AT_low_pc
	.long	.Ltmp1181-.Ltmp1180             @ DW_AT_high_pc
	.byte	7                               @ DW_AT_call_file
	.short	3237                            @ DW_AT_call_line
	.byte	11                              @ DW_AT_call_column
	.byte	28                              @ Abbrev [28] 0x1fb1:0x7 DW_TAG_formal_parameter
	.byte	1                               @ DW_AT_location
	.byte	82
	.long	7559                            @ DW_AT_abstract_origin
	.byte	29                              @ Abbrev [29] 0x1fb8:0xa DW_TAG_formal_parameter
	.ascii	"\200\200\200\356\007"          @ DW_AT_const_value
	.long	7571                            @ DW_AT_abstract_origin
	.byte	29                              @ Abbrev [29] 0x1fc2:0x9 DW_TAG_formal_parameter
	.ascii	"\377\377\277\b"                @ DW_AT_const_value
	.long	7583                            @ DW_AT_abstract_origin
	.byte	46                              @ Abbrev [46] 0x1fcb:0x9 DW_TAG_variable
	.byte	3                               @ DW_AT_location
	.byte	114
	.byte	12
	.byte	159
	.long	7595                            @ DW_AT_abstract_origin
	.byte	0                               @ End Of Children Mark
	.byte	30                              @ Abbrev [30] 0x1fd5:0x32 DW_TAG_inlined_subroutine
	.long	7550                            @ DW_AT_abstract_origin
	.long	.Ldebug_ranges15                @ DW_AT_ranges
	.byte	7                               @ DW_AT_call_file
	.short	3223                            @ DW_AT_call_line
	.byte	11                              @ DW_AT_call_column
	.byte	31                              @ Abbrev [31] 0x1fe2:0x9 DW_TAG_formal_parameter
	.long	.Ldebug_loc112                  @ DW_AT_location
	.long	7559                            @ DW_AT_abstract_origin
	.byte	31                              @ Abbrev [31] 0x1feb:0x9 DW_TAG_formal_parameter
	.long	.Ldebug_loc111                  @ DW_AT_location
	.long	7571                            @ DW_AT_abstract_origin
	.byte	31                              @ Abbrev [31] 0x1ff4:0x9 DW_TAG_formal_parameter
	.long	.Ldebug_loc113                  @ DW_AT_location
	.long	7583                            @ DW_AT_abstract_origin
	.byte	36                              @ Abbrev [36] 0x1ffd:0x9 DW_TAG_variable
	.long	.Ldebug_loc110                  @ DW_AT_location
	.long	7595                            @ DW_AT_abstract_origin
	.byte	0                               @ End Of Children Mark
	.byte	30                              @ Abbrev [30] 0x2007:0x32 DW_TAG_inlined_subroutine
	.long	7550                            @ DW_AT_abstract_origin
	.long	.Ldebug_ranges16                @ DW_AT_ranges
	.byte	7                               @ DW_AT_call_file
	.short	3218                            @ DW_AT_call_line
	.byte	11                              @ DW_AT_call_column
	.byte	31                              @ Abbrev [31] 0x2014:0x9 DW_TAG_formal_parameter
	.long	.Ldebug_loc116                  @ DW_AT_location
	.long	7559                            @ DW_AT_abstract_origin
	.byte	31                              @ Abbrev [31] 0x201d:0x9 DW_TAG_formal_parameter
	.long	.Ldebug_loc115                  @ DW_AT_location
	.long	7571                            @ DW_AT_abstract_origin
	.byte	31                              @ Abbrev [31] 0x2026:0x9 DW_TAG_formal_parameter
	.long	.Ldebug_loc117                  @ DW_AT_location
	.long	7583                            @ DW_AT_abstract_origin
	.byte	36                              @ Abbrev [36] 0x202f:0x9 DW_TAG_variable
	.long	.Ldebug_loc114                  @ DW_AT_location
	.long	7595                            @ DW_AT_abstract_origin
	.byte	0                               @ End Of Children Mark
	.byte	27                              @ Abbrev [27] 0x2039:0x35 DW_TAG_inlined_subroutine
	.long	7550                            @ DW_AT_abstract_origin
	.long	.Ltmp1195                       @ DW_AT_low_pc
	.long	.Ltmp1197-.Ltmp1195             @ DW_AT_high_pc
	.byte	7                               @ DW_AT_call_file
	.short	3228                            @ DW_AT_call_line
	.byte	11                              @ DW_AT_call_column
	.byte	28                              @ Abbrev [28] 0x204a:0x7 DW_TAG_formal_parameter
	.byte	1                               @ DW_AT_location
	.byte	82
	.long	7559                            @ DW_AT_abstract_origin
	.byte	29                              @ Abbrev [29] 0x2051:0xa DW_TAG_formal_parameter
	.ascii	"\200\200\200\356\007"          @ DW_AT_const_value
	.long	7571                            @ DW_AT_abstract_origin
	.byte	31                              @ Abbrev [31] 0x205b:0x9 DW_TAG_formal_parameter
	.long	.Ldebug_loc118                  @ DW_AT_location
	.long	7583                            @ DW_AT_abstract_origin
	.byte	46                              @ Abbrev [46] 0x2064:0x9 DW_TAG_variable
	.byte	3                               @ DW_AT_location
	.byte	114
	.byte	12
	.byte	159
	.long	7595                            @ DW_AT_abstract_origin
	.byte	0                               @ End Of Children Mark
	.byte	27                              @ Abbrev [27] 0x206e:0x32 DW_TAG_inlined_subroutine
	.long	7550                            @ DW_AT_abstract_origin
	.long	.Ltmp1199                       @ DW_AT_low_pc
	.long	.Ltmp1200-.Ltmp1199             @ DW_AT_high_pc
	.byte	7                               @ DW_AT_call_file
	.short	3245                            @ DW_AT_call_line
	.byte	11                              @ DW_AT_call_column
	.byte	28                              @ Abbrev [28] 0x207f:0x7 DW_TAG_formal_parameter
	.byte	1                               @ DW_AT_location
	.byte	82
	.long	7559                            @ DW_AT_abstract_origin
	.byte	29                              @ Abbrev [29] 0x2086:0xa DW_TAG_formal_parameter
	.ascii	"\200\200\200\356\007"          @ DW_AT_const_value
	.long	7571                            @ DW_AT_abstract_origin
	.byte	29                              @ Abbrev [29] 0x2090:0x6 DW_TAG_formal_parameter
	.byte	0                               @ DW_AT_const_value
	.long	7583                            @ DW_AT_abstract_origin
	.byte	46                              @ Abbrev [46] 0x2096:0x9 DW_TAG_variable
	.byte	3                               @ DW_AT_location
	.byte	114
	.byte	12
	.byte	159
	.long	7595                            @ DW_AT_abstract_origin
	.byte	0                               @ End Of Children Mark
	.byte	43                              @ Abbrev [43] 0x20a0:0xf DW_TAG_inlined_subroutine
	.long	7550                            @ DW_AT_abstract_origin
	.long	.Ltmp1200                       @ DW_AT_low_pc
	.long	.Ltmp1201-.Ltmp1200             @ DW_AT_high_pc
	.byte	7                               @ DW_AT_call_file
	.byte	0                               @ DW_AT_call_line
	.byte	27                              @ Abbrev [27] 0x20af:0x19 DW_TAG_inlined_subroutine
	.long	7608                            @ DW_AT_abstract_origin
	.long	.Ltmp1218                       @ DW_AT_low_pc
	.long	.Ltmp1219-.Ltmp1218             @ DW_AT_high_pc
	.byte	7                               @ DW_AT_call_file
	.short	3283                            @ DW_AT_call_line
	.byte	7                               @ DW_AT_call_column
	.byte	28                              @ Abbrev [28] 0x20c0:0x7 DW_TAG_formal_parameter
	.byte	1                               @ DW_AT_location
	.byte	82
	.long	7617                            @ DW_AT_abstract_origin
	.byte	0                               @ End Of Children Mark
	.byte	27                              @ Abbrev [27] 0x20c8:0x19 DW_TAG_inlined_subroutine
	.long	7630                            @ DW_AT_abstract_origin
	.long	.Ltmp1223                       @ DW_AT_low_pc
	.long	.Ltmp1224-.Ltmp1223             @ DW_AT_high_pc
	.byte	7                               @ DW_AT_call_file
	.short	3288                            @ DW_AT_call_line
	.byte	9                               @ DW_AT_call_column
	.byte	28                              @ Abbrev [28] 0x20d9:0x7 DW_TAG_formal_parameter
	.byte	1                               @ DW_AT_location
	.byte	82
	.long	7639                            @ DW_AT_abstract_origin
	.byte	0                               @ End Of Children Mark
	.byte	27                              @ Abbrev [27] 0x20e1:0x19 DW_TAG_inlined_subroutine
	.long	7652                            @ DW_AT_abstract_origin
	.long	.Ltmp1224                       @ DW_AT_low_pc
	.long	.Ltmp1226-.Ltmp1224             @ DW_AT_high_pc
	.byte	7                               @ DW_AT_call_file
	.short	3292                            @ DW_AT_call_line
	.byte	9                               @ DW_AT_call_column
	.byte	28                              @ Abbrev [28] 0x20f2:0x7 DW_TAG_formal_parameter
	.byte	1                               @ DW_AT_location
	.byte	82
	.long	7661                            @ DW_AT_abstract_origin
	.byte	0                               @ End Of Children Mark
	.byte	27                              @ Abbrev [27] 0x20fa:0x31 DW_TAG_inlined_subroutine
	.long	7550                            @ DW_AT_abstract_origin
	.long	.Ltmp1226                       @ DW_AT_low_pc
	.long	.Ltmp1230-.Ltmp1226             @ DW_AT_high_pc
	.byte	7                               @ DW_AT_call_file
	.short	3345                            @ DW_AT_call_line
	.byte	11                              @ DW_AT_call_column
	.byte	28                              @ Abbrev [28] 0x210b:0x7 DW_TAG_formal_parameter
	.byte	1                               @ DW_AT_location
	.byte	82
	.long	7559                            @ DW_AT_abstract_origin
	.byte	31                              @ Abbrev [31] 0x2112:0x9 DW_TAG_formal_parameter
	.long	.Ldebug_loc121                  @ DW_AT_location
	.long	7571                            @ DW_AT_abstract_origin
	.byte	29                              @ Abbrev [29] 0x211b:0x6 DW_TAG_formal_parameter
	.byte	0                               @ DW_AT_const_value
	.long	7583                            @ DW_AT_abstract_origin
	.byte	36                              @ Abbrev [36] 0x2121:0x9 DW_TAG_variable
	.long	.Ldebug_loc122                  @ DW_AT_location
	.long	7595                            @ DW_AT_abstract_origin
	.byte	0                               @ End Of Children Mark
	.byte	27                              @ Abbrev [27] 0x212b:0x19 DW_TAG_inlined_subroutine
	.long	7674                            @ DW_AT_abstract_origin
	.long	.Ltmp1243                       @ DW_AT_low_pc
	.long	.Ltmp1244-.Ltmp1243             @ DW_AT_high_pc
	.byte	7                               @ DW_AT_call_file
	.short	3435                            @ DW_AT_call_line
	.byte	9                               @ DW_AT_call_column
	.byte	28                              @ Abbrev [28] 0x213c:0x7 DW_TAG_formal_parameter
	.byte	1                               @ DW_AT_location
	.byte	82
	.long	7683                            @ DW_AT_abstract_origin
	.byte	0                               @ End Of Children Mark
	.byte	27                              @ Abbrev [27] 0x2144:0x19 DW_TAG_inlined_subroutine
	.long	7696                            @ DW_AT_abstract_origin
	.long	.Ltmp1248                       @ DW_AT_low_pc
	.long	.Ltmp1249-.Ltmp1248             @ DW_AT_high_pc
	.byte	7                               @ DW_AT_call_file
	.short	3440                            @ DW_AT_call_line
	.byte	11                              @ DW_AT_call_column
	.byte	28                              @ Abbrev [28] 0x2155:0x7 DW_TAG_formal_parameter
	.byte	1                               @ DW_AT_location
	.byte	82
	.long	7705                            @ DW_AT_abstract_origin
	.byte	0                               @ End Of Children Mark
	.byte	27                              @ Abbrev [27] 0x215d:0x19 DW_TAG_inlined_subroutine
	.long	7718                            @ DW_AT_abstract_origin
	.long	.Ltmp1252                       @ DW_AT_low_pc
	.long	.Ltmp1254-.Ltmp1252             @ DW_AT_high_pc
	.byte	7                               @ DW_AT_call_file
	.short	3444                            @ DW_AT_call_line
	.byte	11                              @ DW_AT_call_column
	.byte	28                              @ Abbrev [28] 0x216e:0x7 DW_TAG_formal_parameter
	.byte	1                               @ DW_AT_location
	.byte	82
	.long	7727                            @ DW_AT_abstract_origin
	.byte	0                               @ End Of Children Mark
	.byte	27                              @ Abbrev [27] 0x2176:0x19 DW_TAG_inlined_subroutine
	.long	7740                            @ DW_AT_abstract_origin
	.long	.Ltmp1262                       @ DW_AT_low_pc
	.long	.Ltmp1263-.Ltmp1262             @ DW_AT_high_pc
	.byte	7                               @ DW_AT_call_file
	.short	3413                            @ DW_AT_call_line
	.byte	9                               @ DW_AT_call_column
	.byte	28                              @ Abbrev [28] 0x2187:0x7 DW_TAG_formal_parameter
	.byte	1                               @ DW_AT_location
	.byte	82
	.long	7749                            @ DW_AT_abstract_origin
	.byte	0                               @ End Of Children Mark
	.byte	27                              @ Abbrev [27] 0x218f:0x19 DW_TAG_inlined_subroutine
	.long	7762                            @ DW_AT_abstract_origin
	.long	.Ltmp1267                       @ DW_AT_low_pc
	.long	.Ltmp1268-.Ltmp1267             @ DW_AT_high_pc
	.byte	7                               @ DW_AT_call_file
	.short	3418                            @ DW_AT_call_line
	.byte	11                              @ DW_AT_call_column
	.byte	28                              @ Abbrev [28] 0x21a0:0x7 DW_TAG_formal_parameter
	.byte	1                               @ DW_AT_location
	.byte	82
	.long	7771                            @ DW_AT_abstract_origin
	.byte	0                               @ End Of Children Mark
	.byte	27                              @ Abbrev [27] 0x21a8:0x19 DW_TAG_inlined_subroutine
	.long	7784                            @ DW_AT_abstract_origin
	.long	.Ltmp1268                       @ DW_AT_low_pc
	.long	.Ltmp1270-.Ltmp1268             @ DW_AT_high_pc
	.byte	7                               @ DW_AT_call_file
	.short	3422                            @ DW_AT_call_line
	.byte	11                              @ DW_AT_call_column
	.byte	28                              @ Abbrev [28] 0x21b9:0x7 DW_TAG_formal_parameter
	.byte	1                               @ DW_AT_location
	.byte	82
	.long	7793                            @ DW_AT_abstract_origin
	.byte	0                               @ End Of Children Mark
	.byte	0                               @ End Of Children Mark
	.byte	24                              @ Abbrev [24] 0x21c2:0x27 DW_TAG_subprogram
	.long	.Lfunc_begin27                  @ DW_AT_low_pc
	.long	.Lfunc_end27-.Lfunc_begin27     @ DW_AT_high_pc
	.byte	1                               @ DW_AT_frame_base
	.byte	93
                                        @ DW_AT_GNU_all_call_sites
	.long	.Linfo_string239                @ DW_AT_name
	.byte	7                               @ DW_AT_decl_file
	.short	3498                            @ DW_AT_decl_line
                                        @ DW_AT_prototyped
	.long	720                             @ DW_AT_type
                                        @ DW_AT_external
	.byte	25                              @ Abbrev [25] 0x21d8:0x10 DW_TAG_formal_parameter
	.long	.Ldebug_loc123                  @ DW_AT_location
	.long	.Linfo_string167                @ DW_AT_name
	.byte	7                               @ DW_AT_decl_file
	.short	3498                            @ DW_AT_decl_line
	.long	8725                            @ DW_AT_type
	.byte	0                               @ End Of Children Mark
	.byte	24                              @ Abbrev [24] 0x21e9:0x27 DW_TAG_subprogram
	.long	.Lfunc_begin28                  @ DW_AT_low_pc
	.long	.Lfunc_end28-.Lfunc_begin28     @ DW_AT_high_pc
	.byte	1                               @ DW_AT_frame_base
	.byte	93
                                        @ DW_AT_GNU_all_call_sites
	.long	.Linfo_string240                @ DW_AT_name
	.byte	7                               @ DW_AT_decl_file
	.short	3512                            @ DW_AT_decl_line
                                        @ DW_AT_prototyped
	.long	720                             @ DW_AT_type
                                        @ DW_AT_external
	.byte	25                              @ Abbrev [25] 0x21ff:0x10 DW_TAG_formal_parameter
	.long	.Ldebug_loc124                  @ DW_AT_location
	.long	.Linfo_string167                @ DW_AT_name
	.byte	7                               @ DW_AT_decl_file
	.short	3512                            @ DW_AT_decl_line
	.long	8725                            @ DW_AT_type
	.byte	0                               @ End Of Children Mark
	.byte	5                               @ Abbrev [5] 0x2210:0x5 DW_TAG_pointer_type
	.long	720                             @ DW_AT_type
	.byte	5                               @ Abbrev [5] 0x2215:0x5 DW_TAG_pointer_type
	.long	8730                            @ DW_AT_type
	.byte	22                              @ Abbrev [22] 0x221a:0x5 DW_TAG_const_type
	.long	1052                            @ DW_AT_type
	.byte	5                               @ Abbrev [5] 0x221f:0x5 DW_TAG_pointer_type
	.long	8740                            @ DW_AT_type
	.byte	6                               @ Abbrev [6] 0x2224:0xc DW_TAG_typedef
	.long	8752                            @ DW_AT_type
	.long	.Linfo_string270                @ DW_AT_name
	.byte	6                               @ DW_AT_decl_file
	.short	285                             @ DW_AT_decl_line
	.byte	7                               @ Abbrev [7] 0x2230:0x68 DW_TAG_structure_type
	.byte	28                              @ DW_AT_byte_size
	.byte	6                               @ DW_AT_decl_file
	.byte	219                             @ DW_AT_decl_line
	.byte	8                               @ Abbrev [8] 0x2234:0xc DW_TAG_member
	.long	.Linfo_string184                @ DW_AT_name
	.long	720                             @ DW_AT_type
	.byte	6                               @ DW_AT_decl_file
	.byte	221                             @ DW_AT_decl_line
	.byte	0                               @ DW_AT_data_member_location
	.byte	8                               @ Abbrev [8] 0x2240:0xc DW_TAG_member
	.long	.Linfo_string183                @ DW_AT_name
	.long	720                             @ DW_AT_type
	.byte	6                               @ DW_AT_decl_file
	.byte	225                             @ DW_AT_decl_line
	.byte	4                               @ DW_AT_data_member_location
	.byte	8                               @ Abbrev [8] 0x224c:0xc DW_TAG_member
	.long	.Linfo_string187                @ DW_AT_name
	.long	720                             @ DW_AT_type
	.byte	6                               @ DW_AT_decl_file
	.byte	230                             @ DW_AT_decl_line
	.byte	8                               @ DW_AT_data_member_location
	.byte	8                               @ Abbrev [8] 0x2258:0xc DW_TAG_member
	.long	.Linfo_string196                @ DW_AT_name
	.long	720                             @ DW_AT_type
	.byte	6                               @ DW_AT_decl_file
	.byte	241                             @ DW_AT_decl_line
	.byte	12                              @ DW_AT_data_member_location
	.byte	8                               @ Abbrev [8] 0x2264:0xc DW_TAG_member
	.long	.Linfo_string267                @ DW_AT_name
	.long	720                             @ DW_AT_type
	.byte	6                               @ DW_AT_decl_file
	.byte	253                             @ DW_AT_decl_line
	.byte	16                              @ DW_AT_data_member_location
	.byte	9                               @ Abbrev [9] 0x2270:0xd DW_TAG_member
	.long	.Linfo_string268                @ DW_AT_name
	.long	720                             @ DW_AT_type
	.byte	6                               @ DW_AT_decl_file
	.short	257                             @ DW_AT_decl_line
	.byte	20                              @ DW_AT_data_member_location
	.byte	9                               @ Abbrev [9] 0x227d:0xd DW_TAG_member
	.long	.Linfo_string269                @ DW_AT_name
	.long	1369                            @ DW_AT_type
	.byte	6                               @ DW_AT_decl_file
	.short	264                             @ DW_AT_decl_line
	.byte	24                              @ DW_AT_data_member_location
	.byte	9                               @ Abbrev [9] 0x228a:0xd DW_TAG_member
	.long	.Linfo_string192                @ DW_AT_name
	.long	1369                            @ DW_AT_type
	.byte	6                               @ DW_AT_decl_file
	.short	281                             @ DW_AT_decl_line
	.byte	25                              @ DW_AT_data_member_location
	.byte	0                               @ End Of Children Mark
	.byte	5                               @ Abbrev [5] 0x2298:0x5 DW_TAG_pointer_type
	.long	8861                            @ DW_AT_type
	.byte	6                               @ Abbrev [6] 0x229d:0xc DW_TAG_typedef
	.long	8873                            @ DW_AT_type
	.long	.Linfo_string279                @ DW_AT_name
	.byte	6                               @ DW_AT_decl_file
	.short	339                             @ DW_AT_decl_line
	.byte	15                              @ Abbrev [15] 0x22a9:0x54 DW_TAG_structure_type
	.byte	24                              @ DW_AT_byte_size
	.byte	6                               @ DW_AT_decl_file
	.short	293                             @ DW_AT_decl_line
	.byte	9                               @ Abbrev [9] 0x22ae:0xd DW_TAG_member
	.long	.Linfo_string274                @ DW_AT_name
	.long	720                             @ DW_AT_type
	.byte	6                               @ DW_AT_decl_file
	.short	295                             @ DW_AT_decl_line
	.byte	0                               @ DW_AT_data_member_location
	.byte	9                               @ Abbrev [9] 0x22bb:0xd DW_TAG_member
	.long	.Linfo_string275                @ DW_AT_name
	.long	720                             @ DW_AT_type
	.byte	6                               @ DW_AT_decl_file
	.short	300                             @ DW_AT_decl_line
	.byte	4                               @ DW_AT_data_member_location
	.byte	9                               @ Abbrev [9] 0x22c8:0xd DW_TAG_member
	.long	.Linfo_string184                @ DW_AT_name
	.long	720                             @ DW_AT_type
	.byte	6                               @ DW_AT_decl_file
	.short	305                             @ DW_AT_decl_line
	.byte	8                               @ DW_AT_data_member_location
	.byte	9                               @ Abbrev [9] 0x22d5:0xd DW_TAG_member
	.long	.Linfo_string276                @ DW_AT_name
	.long	1369                            @ DW_AT_type
	.byte	6                               @ DW_AT_decl_file
	.short	310                             @ DW_AT_decl_line
	.byte	12                              @ DW_AT_data_member_location
	.byte	9                               @ Abbrev [9] 0x22e2:0xd DW_TAG_member
	.long	.Linfo_string277                @ DW_AT_name
	.long	720                             @ DW_AT_type
	.byte	6                               @ DW_AT_decl_file
	.short	313                             @ DW_AT_decl_line
	.byte	16                              @ DW_AT_data_member_location
	.byte	9                               @ Abbrev [9] 0x22ef:0xd DW_TAG_member
	.long	.Linfo_string278                @ DW_AT_name
	.long	720                             @ DW_AT_type
	.byte	6                               @ DW_AT_decl_file
	.short	323                             @ DW_AT_decl_line
	.byte	20                              @ DW_AT_data_member_location
	.byte	0                               @ End Of Children Mark
	.byte	0                               @ End Of Children Mark
.Ldebug_info_end0:
	.section	.debug_ranges,"",%progbits
.Ldebug_ranges0:
	.long	.Ltmp45
	.long	.Ltmp46
	.long	.Ltmp47
	.long	.Ltmp49
	.long	0
	.long	0
.Ldebug_ranges1:
	.long	.Ltmp179
	.long	.Ltmp193
	.long	.Ltmp217
	.long	.Ltmp225
	.long	0
	.long	0
.Ldebug_ranges2:
	.long	.Ltmp369
	.long	.Ltmp372
	.long	.Ltmp373
	.long	.Ltmp394
	.long	0
	.long	0
.Ldebug_ranges3:
	.long	.Ltmp377
	.long	.Ltmp378
	.long	.Ltmp380
	.long	.Ltmp381
	.long	0
	.long	0
.Ldebug_ranges4:
	.long	.Ltmp407
	.long	.Ltmp422
	.long	.Ltmp425
	.long	.Ltmp435
	.long	0
	.long	0
.Ldebug_ranges5:
	.long	.Ltmp441
	.long	.Ltmp443
	.long	.Ltmp444
	.long	.Ltmp445
	.long	.Ltmp446
	.long	.Ltmp447
	.long	0
	.long	0
.Ldebug_ranges6:
	.long	.Ltmp646
	.long	.Ltmp659
	.long	.Ltmp662
	.long	.Ltmp672
	.long	0
	.long	0
.Ldebug_ranges7:
	.long	.Ltmp678
	.long	.Ltmp679
	.long	.Ltmp680
	.long	.Ltmp681
	.long	0
	.long	0
.Ldebug_ranges8:
	.long	.Ltmp812
	.long	.Ltmp825
	.long	.Ltmp828
	.long	.Ltmp837
	.long	0
	.long	0
.Ldebug_ranges9:
	.long	.Ltmp848
	.long	.Ltmp849
	.long	.Ltmp852
	.long	.Ltmp853
	.long	0
	.long	0
.Ldebug_ranges10:
	.long	.Ltmp897
	.long	.Ltmp898
	.long	.Ltmp934
	.long	.Ltmp935
	.long	0
	.long	0
.Ldebug_ranges11:
	.long	.Ltmp989
	.long	.Ltmp990
	.long	.Ltmp991
	.long	.Ltmp994
	.long	0
	.long	0
.Ldebug_ranges12:
	.long	.Ltmp997
	.long	.Ltmp998
	.long	.Ltmp999
	.long	.Ltmp1000
	.long	.Ltmp1001
	.long	.Ltmp1002
	.long	.Ltmp1003
	.long	.Ltmp1005
	.long	0
	.long	0
.Ldebug_ranges13:
	.long	.Ltmp1037
	.long	.Ltmp1038
	.long	.Ltmp1039
	.long	.Ltmp1040
	.long	.Ltmp1041
	.long	.Ltmp1043
	.long	0
	.long	0
.Ldebug_ranges14:
	.long	.Ltmp1066
	.long	.Ltmp1067
	.long	.Ltmp1068
	.long	.Ltmp1069
	.long	0
	.long	0
.Ldebug_ranges15:
	.long	.Ltmp1183
	.long	.Ltmp1184
	.long	.Ltmp1185
	.long	.Ltmp1187
	.long	0
	.long	0
.Ldebug_ranges16:
	.long	.Ltmp1189
	.long	.Ltmp1190
	.long	.Ltmp1191
	.long	.Ltmp1193
	.long	0
	.long	0
.Ldebug_ranges17:
	.long	.Lfunc_begin0
	.long	.Lfunc_end0
	.long	.Lfunc_begin1
	.long	.Lfunc_end1
	.long	.Lfunc_begin2
	.long	.Lfunc_end2
	.long	.Lfunc_begin3
	.long	.Lfunc_end3
	.long	.Lfunc_begin4
	.long	.Lfunc_end4
	.long	.Lfunc_begin5
	.long	.Lfunc_end5
	.long	.Lfunc_begin6
	.long	.Lfunc_end6
	.long	.Lfunc_begin7
	.long	.Lfunc_end7
	.long	.Lfunc_begin8
	.long	.Lfunc_end8
	.long	.Lfunc_begin9
	.long	.Lfunc_end9
	.long	.Lfunc_begin10
	.long	.Lfunc_end10
	.long	.Lfunc_begin11
	.long	.Lfunc_end11
	.long	.Lfunc_begin12
	.long	.Lfunc_end12
	.long	.Lfunc_begin13
	.long	.Lfunc_end13
	.long	.Lfunc_begin14
	.long	.Lfunc_end14
	.long	.Lfunc_begin15
	.long	.Lfunc_end15
	.long	.Lfunc_begin16
	.long	.Lfunc_end16
	.long	.Lfunc_begin17
	.long	.Lfunc_end17
	.long	.Lfunc_begin18
	.long	.Lfunc_end18
	.long	.Lfunc_begin19
	.long	.Lfunc_end19
	.long	.Lfunc_begin20
	.long	.Lfunc_end20
	.long	.Lfunc_begin21
	.long	.Lfunc_end21
	.long	.Lfunc_begin22
	.long	.Lfunc_end22
	.long	.Lfunc_begin23
	.long	.Lfunc_end23
	.long	.Lfunc_begin24
	.long	.Lfunc_end24
	.long	.Lfunc_begin25
	.long	.Lfunc_end25
	.long	.Lfunc_begin26
	.long	.Lfunc_end26
	.long	.Lfunc_begin27
	.long	.Lfunc_end27
	.long	.Lfunc_begin28
	.long	.Lfunc_end28
	.long	0
	.long	0
	.section	.debug_str,"MS",%progbits,1
.Linfo_string0:
	.asciz	"Component: Arm Compiler for Embedded 6.24 Tool: armclang [5f371800]" @ string offset=0
.Linfo_string1:
	.asciz	"../Drivers/STM32H7xx_HAL_Driver/Src\\stm32h7xx_hal_adc.c" @ string offset=68
.Linfo_string2:
	.asciz	"D:\\EV\\testadc\\MDK-ARM"      @ string offset=124
.Linfo_string3:
	.asciz	"unsigned char"                 @ string offset=146
.Linfo_string4:
	.asciz	"HAL_OK"                        @ string offset=160
.Linfo_string5:
	.asciz	"HAL_ERROR"                     @ string offset=167
.Linfo_string6:
	.asciz	"HAL_BUSY"                      @ string offset=177
.Linfo_string7:
	.asciz	"HAL_TIMEOUT"                   @ string offset=186
.Linfo_string8:
	.asciz	"DISABLE"                       @ string offset=198
.Linfo_string9:
	.asciz	"ENABLE"                        @ string offset=206
.Linfo_string10:
	.asciz	"HAL_UNLOCKED"                  @ string offset=213
.Linfo_string11:
	.asciz	"HAL_LOCKED"                    @ string offset=226
.Linfo_string12:
	.asciz	"HAL_DMA_STATE_RESET"           @ string offset=237
.Linfo_string13:
	.asciz	"HAL_DMA_STATE_READY"           @ string offset=257
.Linfo_string14:
	.asciz	"HAL_DMA_STATE_BUSY"            @ string offset=277
.Linfo_string15:
	.asciz	"HAL_DMA_STATE_ERROR"           @ string offset=296
.Linfo_string16:
	.asciz	"HAL_DMA_STATE_ABORT"           @ string offset=316
.Linfo_string17:
	.asciz	"ISR"                           @ string offset=336
.Linfo_string18:
	.asciz	"unsigned int"                  @ string offset=340
.Linfo_string19:
	.asciz	"uint32_t"                      @ string offset=353
.Linfo_string20:
	.asciz	"IER"                           @ string offset=362
.Linfo_string21:
	.asciz	"CR"                            @ string offset=366
.Linfo_string22:
	.asciz	"CFGR"                          @ string offset=369
.Linfo_string23:
	.asciz	"CFGR2"                         @ string offset=374
.Linfo_string24:
	.asciz	"SMPR1"                         @ string offset=380
.Linfo_string25:
	.asciz	"SMPR2"                         @ string offset=386
.Linfo_string26:
	.asciz	"PCSEL"                         @ string offset=392
.Linfo_string27:
	.asciz	"LTR1"                          @ string offset=398
.Linfo_string28:
	.asciz	"HTR1"                          @ string offset=403
.Linfo_string29:
	.asciz	"RESERVED1"                     @ string offset=408
.Linfo_string30:
	.asciz	"RESERVED2"                     @ string offset=418
.Linfo_string31:
	.asciz	"SQR1"                          @ string offset=428
.Linfo_string32:
	.asciz	"SQR2"                          @ string offset=433
.Linfo_string33:
	.asciz	"SQR3"                          @ string offset=438
.Linfo_string34:
	.asciz	"SQR4"                          @ string offset=443
.Linfo_string35:
	.asciz	"DR"                            @ string offset=448
.Linfo_string36:
	.asciz	"RESERVED3"                     @ string offset=451
.Linfo_string37:
	.asciz	"RESERVED4"                     @ string offset=461
.Linfo_string38:
	.asciz	"JSQR"                          @ string offset=471
.Linfo_string39:
	.asciz	"RESERVED5"                     @ string offset=476
.Linfo_string40:
	.asciz	"__ARRAY_SIZE_TYPE__"           @ string offset=486
.Linfo_string41:
	.asciz	"OFR1"                          @ string offset=506
.Linfo_string42:
	.asciz	"OFR2"                          @ string offset=511
.Linfo_string43:
	.asciz	"OFR3"                          @ string offset=516
.Linfo_string44:
	.asciz	"OFR4"                          @ string offset=521
.Linfo_string45:
	.asciz	"RESERVED6"                     @ string offset=526
.Linfo_string46:
	.asciz	"JDR1"                          @ string offset=536
.Linfo_string47:
	.asciz	"JDR2"                          @ string offset=541
.Linfo_string48:
	.asciz	"JDR3"                          @ string offset=546
.Linfo_string49:
	.asciz	"JDR4"                          @ string offset=551
.Linfo_string50:
	.asciz	"RESERVED7"                     @ string offset=556
.Linfo_string51:
	.asciz	"AWD2CR"                        @ string offset=566
.Linfo_string52:
	.asciz	"AWD3CR"                        @ string offset=573
.Linfo_string53:
	.asciz	"RESERVED8"                     @ string offset=580
.Linfo_string54:
	.asciz	"RESERVED9"                     @ string offset=590
.Linfo_string55:
	.asciz	"LTR2"                          @ string offset=600
.Linfo_string56:
	.asciz	"HTR2"                          @ string offset=605
.Linfo_string57:
	.asciz	"LTR3"                          @ string offset=610
.Linfo_string58:
	.asciz	"HTR3"                          @ string offset=615
.Linfo_string59:
	.asciz	"DIFSEL"                        @ string offset=620
.Linfo_string60:
	.asciz	"CALFACT"                       @ string offset=627
.Linfo_string61:
	.asciz	"CALFACT2"                      @ string offset=635
.Linfo_string62:
	.asciz	"ADC_TypeDef"                   @ string offset=644
.Linfo_string63:
	.asciz	"CSR"                           @ string offset=656
.Linfo_string64:
	.asciz	"RESERVED"                      @ string offset=660
.Linfo_string65:
	.asciz	"CCR"                           @ string offset=669
.Linfo_string66:
	.asciz	"CDR"                           @ string offset=673
.Linfo_string67:
	.asciz	"CDR2"                          @ string offset=677
.Linfo_string68:
	.asciz	"ADC_Common_TypeDef"            @ string offset=682
.Linfo_string69:
	.asciz	"uint8_t"                       @ string offset=701
.Linfo_string70:
	.asciz	"IDCODE"                        @ string offset=709
.Linfo_string71:
	.asciz	"APB3FZ1"                       @ string offset=716
.Linfo_string72:
	.asciz	"APB1LFZ1"                      @ string offset=724
.Linfo_string73:
	.asciz	"APB1HFZ1"                      @ string offset=733
.Linfo_string74:
	.asciz	"APB2FZ1"                       @ string offset=742
.Linfo_string75:
	.asciz	"APB4FZ1"                       @ string offset=750
.Linfo_string76:
	.asciz	"DBGMCU_TypeDef"                @ string offset=758
.Linfo_string77:
	.asciz	"Instance"                      @ string offset=773
.Linfo_string78:
	.asciz	"Init"                          @ string offset=782
.Linfo_string79:
	.asciz	"ClockPrescaler"                @ string offset=787
.Linfo_string80:
	.asciz	"Resolution"                    @ string offset=802
.Linfo_string81:
	.asciz	"ScanConvMode"                  @ string offset=813
.Linfo_string82:
	.asciz	"EOCSelection"                  @ string offset=826
.Linfo_string83:
	.asciz	"LowPowerAutoWait"              @ string offset=839
.Linfo_string84:
	.asciz	"FunctionalState"               @ string offset=856
.Linfo_string85:
	.asciz	"ContinuousConvMode"            @ string offset=872
.Linfo_string86:
	.asciz	"NbrOfConversion"               @ string offset=891
.Linfo_string87:
	.asciz	"DiscontinuousConvMode"         @ string offset=907
.Linfo_string88:
	.asciz	"NbrOfDiscConversion"           @ string offset=929
.Linfo_string89:
	.asciz	"ExternalTrigConv"              @ string offset=949
.Linfo_string90:
	.asciz	"ExternalTrigConvEdge"          @ string offset=966
.Linfo_string91:
	.asciz	"ConversionDataManagement"      @ string offset=987
.Linfo_string92:
	.asciz	"Overrun"                       @ string offset=1012
.Linfo_string93:
	.asciz	"LeftBitShift"                  @ string offset=1020
.Linfo_string94:
	.asciz	"OversamplingMode"              @ string offset=1033
.Linfo_string95:
	.asciz	"Oversampling"                  @ string offset=1050
.Linfo_string96:
	.asciz	"Ratio"                         @ string offset=1063
.Linfo_string97:
	.asciz	"RightBitShift"                 @ string offset=1069
.Linfo_string98:
	.asciz	"TriggeredMode"                 @ string offset=1083
.Linfo_string99:
	.asciz	"OversamplingStopReset"         @ string offset=1097
.Linfo_string100:
	.asciz	"ADC_OversamplingTypeDef"       @ string offset=1119
.Linfo_string101:
	.asciz	"ADC_InitTypeDef"               @ string offset=1143
.Linfo_string102:
	.asciz	"DMA_Handle"                    @ string offset=1159
.Linfo_string103:
	.asciz	"Request"                       @ string offset=1170
.Linfo_string104:
	.asciz	"Direction"                     @ string offset=1178
.Linfo_string105:
	.asciz	"PeriphInc"                     @ string offset=1188
.Linfo_string106:
	.asciz	"MemInc"                        @ string offset=1198
.Linfo_string107:
	.asciz	"PeriphDataAlignment"           @ string offset=1205
.Linfo_string108:
	.asciz	"MemDataAlignment"              @ string offset=1225
.Linfo_string109:
	.asciz	"Mode"                          @ string offset=1242
.Linfo_string110:
	.asciz	"Priority"                      @ string offset=1247
.Linfo_string111:
	.asciz	"FIFOMode"                      @ string offset=1256
.Linfo_string112:
	.asciz	"FIFOThreshold"                 @ string offset=1265
.Linfo_string113:
	.asciz	"MemBurst"                      @ string offset=1279
.Linfo_string114:
	.asciz	"PeriphBurst"                   @ string offset=1288
.Linfo_string115:
	.asciz	"DMA_InitTypeDef"               @ string offset=1300
.Linfo_string116:
	.asciz	"Lock"                          @ string offset=1316
.Linfo_string117:
	.asciz	"HAL_LockTypeDef"               @ string offset=1321
.Linfo_string118:
	.asciz	"State"                         @ string offset=1337
.Linfo_string119:
	.asciz	"HAL_DMA_StateTypeDef"          @ string offset=1343
.Linfo_string120:
	.asciz	"Parent"                        @ string offset=1364
.Linfo_string121:
	.asciz	"XferCpltCallback"              @ string offset=1371
.Linfo_string122:
	.asciz	"XferHalfCpltCallback"          @ string offset=1388
.Linfo_string123:
	.asciz	"XferM1CpltCallback"            @ string offset=1409
.Linfo_string124:
	.asciz	"XferM1HalfCpltCallback"        @ string offset=1428
.Linfo_string125:
	.asciz	"XferErrorCallback"             @ string offset=1451
.Linfo_string126:
	.asciz	"XferAbortCallback"             @ string offset=1469
.Linfo_string127:
	.asciz	"ErrorCode"                     @ string offset=1487
.Linfo_string128:
	.asciz	"StreamBaseAddress"             @ string offset=1497
.Linfo_string129:
	.asciz	"StreamIndex"                   @ string offset=1515
.Linfo_string130:
	.asciz	"DMAmuxChannel"                 @ string offset=1527
.Linfo_string131:
	.asciz	"DMAMUX_Channel_TypeDef"        @ string offset=1541
.Linfo_string132:
	.asciz	"DMAmuxChannelStatus"           @ string offset=1564
.Linfo_string133:
	.asciz	"CFR"                           @ string offset=1584
.Linfo_string134:
	.asciz	"DMAMUX_ChannelStatus_TypeDef"  @ string offset=1588
.Linfo_string135:
	.asciz	"DMAmuxChannelStatusMask"       @ string offset=1617
.Linfo_string136:
	.asciz	"DMAmuxRequestGen"              @ string offset=1641
.Linfo_string137:
	.asciz	"RGCR"                          @ string offset=1658
.Linfo_string138:
	.asciz	"DMAMUX_RequestGen_TypeDef"     @ string offset=1663
.Linfo_string139:
	.asciz	"DMAmuxRequestGenStatus"        @ string offset=1689
.Linfo_string140:
	.asciz	"RGSR"                          @ string offset=1712
.Linfo_string141:
	.asciz	"RGCFR"                         @ string offset=1717
.Linfo_string142:
	.asciz	"DMAMUX_RequestGenStatus_TypeDef" @ string offset=1723
.Linfo_string143:
	.asciz	"DMAmuxRequestGenStatusMask"    @ string offset=1755
.Linfo_string144:
	.asciz	"__DMA_HandleTypeDef"           @ string offset=1782
.Linfo_string145:
	.asciz	"DMA_HandleTypeDef"             @ string offset=1802
.Linfo_string146:
	.asciz	"InjectionConfig"               @ string offset=1820
.Linfo_string147:
	.asciz	"ContextQueue"                  @ string offset=1836
.Linfo_string148:
	.asciz	"ChannelCount"                  @ string offset=1849
.Linfo_string149:
	.asciz	"ADC_InjectionConfigTypeDef"    @ string offset=1862
.Linfo_string150:
	.asciz	"ADC_HandleTypeDef"             @ string offset=1889
.Linfo_string151:
	.asciz	"unsigned long long"            @ string offset=1907
.Linfo_string152:
	.asciz	"uint64_t"                      @ string offset=1926
.Linfo_string153:
	.asciz	"LL_ADC_IsDeepPowerDownEnabled" @ string offset=1935
.Linfo_string154:
	.asciz	"ADCx"                          @ string offset=1965
.Linfo_string155:
	.asciz	"LL_ADC_DisableDeepPowerDown"   @ string offset=1970
.Linfo_string156:
	.asciz	"LL_ADC_IsInternalRegulatorEnabled" @ string offset=1998
.Linfo_string157:
	.asciz	"LL_ADC_EnableInternalRegulator" @ string offset=2032
.Linfo_string158:
	.asciz	"LL_ADC_REG_IsConversionOngoing" @ string offset=2063
.Linfo_string159:
	.asciz	"LL_ADC_IsEnabled"              @ string offset=2094
.Linfo_string160:
	.asciz	"LL_ADC_SetCommonClock"         @ string offset=2111
.Linfo_string161:
	.asciz	"ADCxy_COMMON"                  @ string offset=2133
.Linfo_string162:
	.asciz	"CommonClock"                   @ string offset=2146
.Linfo_string163:
	.asciz	"LL_ADC_INJ_IsConversionOngoing" @ string offset=2158
.Linfo_string164:
	.asciz	"LL_ADC_IsDisableOngoing"       @ string offset=2189
.Linfo_string165:
	.asciz	"ADC_Disable"                   @ string offset=2213
.Linfo_string166:
	.asciz	"HAL_StatusTypeDef"             @ string offset=2225
.Linfo_string167:
	.asciz	"hadc"                          @ string offset=2243
.Linfo_string168:
	.asciz	"tmp_adc_is_disable_on_going"   @ string offset=2248
.Linfo_string169:
	.asciz	"tickstart"                     @ string offset=2276
.Linfo_string170:
	.asciz	"LL_ADC_Disable"                @ string offset=2286
.Linfo_string171:
	.asciz	"LL_ADC_REG_StopConversion"     @ string offset=2301
.Linfo_string172:
	.asciz	"LL_ADC_INJ_StopConversion"     @ string offset=2327
.Linfo_string173:
	.asciz	"LL_ADC_GetMultimode"           @ string offset=2353
.Linfo_string174:
	.asciz	"LL_ADC_REG_StartConversion"    @ string offset=2373
.Linfo_string175:
	.asciz	"LL_ADC_Enable"                 @ string offset=2400
.Linfo_string176:
	.asciz	"LL_ADC_GetMultiDMATransfer"    @ string offset=2414
.Linfo_string177:
	.asciz	"LL_ADC_REG_IsTriggerSourceSWStart" @ string offset=2441
.Linfo_string178:
	.asciz	"LL_ADC_REG_SetDataTransferMode" @ string offset=2475
.Linfo_string179:
	.asciz	"DataTransferMode"              @ string offset=2506
.Linfo_string180:
	.asciz	"LL_ADC_INJ_IsTriggerSourceSWStart" @ string offset=2523
.Linfo_string181:
	.asciz	"HAL_ADCEx_InjectedQueueOverflowCallback" @ string offset=2557
.Linfo_string182:
	.asciz	"LL_ADC_REG_SetSequencerRanks"  @ string offset=2597
.Linfo_string183:
	.asciz	"Rank"                          @ string offset=2626
.Linfo_string184:
	.asciz	"Channel"                       @ string offset=2631
.Linfo_string185:
	.asciz	"preg"                          @ string offset=2639
.Linfo_string186:
	.asciz	"LL_ADC_SetChannelSamplingTime" @ string offset=2644
.Linfo_string187:
	.asciz	"SamplingTime"                  @ string offset=2674
.Linfo_string188:
	.asciz	"LL_ADC_SetOffset"              @ string offset=2687
.Linfo_string189:
	.asciz	"Offsety"                       @ string offset=2704
.Linfo_string190:
	.asciz	"OffsetLevel"                   @ string offset=2712
.Linfo_string191:
	.asciz	"LL_ADC_SetOffsetSignedSaturation" @ string offset=2724
.Linfo_string192:
	.asciz	"OffsetSignedSaturation"        @ string offset=2757
.Linfo_string193:
	.asciz	"LL_ADC_SetDataRightShift"      @ string offset=2780
.Linfo_string194:
	.asciz	"RigthShift"                    @ string offset=2805
.Linfo_string195:
	.asciz	"LL_ADC_SetChannelSingleDiff"   @ string offset=2816
.Linfo_string196:
	.asciz	"SingleDiff"                    @ string offset=2844
.Linfo_string197:
	.asciz	"LL_ADC_SetChannelPreselection" @ string offset=2855
.Linfo_string198:
	.asciz	"LL_ADC_GetCommonPathInternalCh" @ string offset=2885
.Linfo_string199:
	.asciz	"LL_ADC_SetCommonPathInternalCh" @ string offset=2916
.Linfo_string200:
	.asciz	"PathInternal"                  @ string offset=2947
.Linfo_string201:
	.asciz	"LL_ADC_SetAnalogWDMonitChannels" @ string offset=2960
.Linfo_string202:
	.asciz	"AWDy"                          @ string offset=2992
.Linfo_string203:
	.asciz	"AWDChannelGroup"               @ string offset=2997
.Linfo_string204:
	.asciz	"LL_ADC_ClearFlag_AWD1"         @ string offset=3013
.Linfo_string205:
	.asciz	"LL_ADC_EnableIT_AWD1"          @ string offset=3035
.Linfo_string206:
	.asciz	"LL_ADC_DisableIT_AWD1"         @ string offset=3056
.Linfo_string207:
	.asciz	"LL_ADC_ClearFlag_AWD3"         @ string offset=3078
.Linfo_string208:
	.asciz	"LL_ADC_EnableIT_AWD3"          @ string offset=3100
.Linfo_string209:
	.asciz	"LL_ADC_DisableIT_AWD3"         @ string offset=3121
.Linfo_string210:
	.asciz	"LL_ADC_ClearFlag_AWD2"         @ string offset=3143
.Linfo_string211:
	.asciz	"LL_ADC_EnableIT_AWD2"          @ string offset=3165
.Linfo_string212:
	.asciz	"LL_ADC_DisableIT_AWD2"         @ string offset=3186
.Linfo_string213:
	.asciz	"HAL_ADC_Init"                  @ string offset=3208
.Linfo_string214:
	.asciz	"HAL_ADC_MspInit"               @ string offset=3221
.Linfo_string215:
	.asciz	"ADC_ConfigureBoostMode"        @ string offset=3237
.Linfo_string216:
	.asciz	"HAL_ADC_DeInit"                @ string offset=3260
.Linfo_string217:
	.asciz	"ADC_ConversionStop"            @ string offset=3275
.Linfo_string218:
	.asciz	"HAL_ADC_MspDeInit"             @ string offset=3294
.Linfo_string219:
	.asciz	"HAL_ADC_Start"                 @ string offset=3312
.Linfo_string220:
	.asciz	"ADC_Enable"                    @ string offset=3326
.Linfo_string221:
	.asciz	"HAL_ADC_Stop"                  @ string offset=3337
.Linfo_string222:
	.asciz	"HAL_ADC_PollForConversion"     @ string offset=3350
.Linfo_string223:
	.asciz	"HAL_ADC_PollForEvent"          @ string offset=3376
.Linfo_string224:
	.asciz	"HAL_ADC_Start_IT"              @ string offset=3397
.Linfo_string225:
	.asciz	"HAL_ADC_Stop_IT"               @ string offset=3414
.Linfo_string226:
	.asciz	"HAL_ADC_Start_DMA"             @ string offset=3430
.Linfo_string227:
	.asciz	"ADC_DMAConvCplt"               @ string offset=3448
.Linfo_string228:
	.asciz	"ADC_DMAHalfConvCplt"           @ string offset=3464
.Linfo_string229:
	.asciz	"ADC_DMAError"                  @ string offset=3484
.Linfo_string230:
	.asciz	"HAL_ADC_Stop_DMA"              @ string offset=3497
.Linfo_string231:
	.asciz	"HAL_ADC_GetValue"              @ string offset=3514
.Linfo_string232:
	.asciz	"HAL_ADC_IRQHandler"            @ string offset=3531
.Linfo_string233:
	.asciz	"HAL_ADC_ConvCpltCallback"      @ string offset=3550
.Linfo_string234:
	.asciz	"HAL_ADC_LevelOutOfWindowCallback" @ string offset=3575
.Linfo_string235:
	.asciz	"HAL_ADC_ErrorCallback"         @ string offset=3608
.Linfo_string236:
	.asciz	"HAL_ADC_ConvHalfCpltCallback"  @ string offset=3630
.Linfo_string237:
	.asciz	"HAL_ADC_ConfigChannel"         @ string offset=3659
.Linfo_string238:
	.asciz	"HAL_ADC_AnalogWDGConfig"       @ string offset=3681
.Linfo_string239:
	.asciz	"HAL_ADC_GetState"              @ string offset=3705
.Linfo_string240:
	.asciz	"HAL_ADC_GetError"              @ string offset=3722
.Linfo_string241:
	.asciz	"tmp_hal_status"                @ string offset=3739
.Linfo_string242:
	.asciz	"wait_loop_index"               @ string offset=3754
.Linfo_string243:
	.asciz	"tmp_adc_reg_is_conversion_on_going" @ string offset=3770
.Linfo_string244:
	.asciz	"tmpCFGR"                       @ string offset=3805
.Linfo_string245:
	.asciz	"tmp_adc_is_conversion_on_going_regular" @ string offset=3813
.Linfo_string246:
	.asciz	"tmp_adc_is_conversion_on_going_injected" @ string offset=3852
.Linfo_string247:
	.asciz	"freq"                          @ string offset=3892
.Linfo_string248:
	.asciz	"ConversionGroup"               @ string offset=3897
.Linfo_string249:
	.asciz	"conversion_group_reassigned"   @ string offset=3913
.Linfo_string250:
	.asciz	"Conversion_Timeout_CPU_cycles" @ string offset=3941
.Linfo_string251:
	.asciz	"tmp_ADC_CR_ADSTART_JADSTART"   @ string offset=3971
.Linfo_string252:
	.asciz	"tmp_multimode_config"          @ string offset=3999
.Linfo_string253:
	.asciz	"tmpADC_Master"                 @ string offset=4020
.Linfo_string254:
	.asciz	"Timeout"                       @ string offset=4034
.Linfo_string255:
	.asciz	"tmp_Flag_End"                  @ string offset=4042
.Linfo_string256:
	.asciz	"tmp_cfgr"                      @ string offset=4055
.Linfo_string257:
	.asciz	"EventType"                     @ string offset=4064
.Linfo_string258:
	.asciz	"pData"                         @ string offset=4074
.Linfo_string259:
	.asciz	"Length"                        @ string offset=4080
.Linfo_string260:
	.asciz	"hdma"                          @ string offset=4087
.Linfo_string261:
	.asciz	"overrun_error"                 @ string offset=4092
.Linfo_string262:
	.asciz	"tmp_isr"                       @ string offset=4106
.Linfo_string263:
	.asciz	"tmp_ier"                       @ string offset=4114
.Linfo_string264:
	.asciz	"tmp_adc_inj_is_trigger_source_sw_start" @ string offset=4122
.Linfo_string265:
	.asciz	"tmp_adc_reg_is_trigger_source_sw_start" @ string offset=4161
.Linfo_string266:
	.asciz	"sConfig"                       @ string offset=4200
.Linfo_string267:
	.asciz	"OffsetNumber"                  @ string offset=4208
.Linfo_string268:
	.asciz	"Offset"                        @ string offset=4221
.Linfo_string269:
	.asciz	"OffsetRightShift"              @ string offset=4228
.Linfo_string270:
	.asciz	"ADC_ChannelConfTypeDef"        @ string offset=4245
.Linfo_string271:
	.asciz	"tmpOffsetShifted"              @ string offset=4268
.Linfo_string272:
	.asciz	"tmp_config_internal_channel"   @ string offset=4285
.Linfo_string273:
	.asciz	"AnalogWDGConfig"               @ string offset=4313
.Linfo_string274:
	.asciz	"WatchdogNumber"                @ string offset=4329
.Linfo_string275:
	.asciz	"WatchdogMode"                  @ string offset=4344
.Linfo_string276:
	.asciz	"ITMode"                        @ string offset=4357
.Linfo_string277:
	.asciz	"HighThreshold"                 @ string offset=4364
.Linfo_string278:
	.asciz	"LowThreshold"                  @ string offset=4378
.Linfo_string279:
	.asciz	"ADC_AnalogWDGConfTypeDef"      @ string offset=4391
.Linfo_string280:
	.asciz	"tmpAWDHighThresholdShifted"    @ string offset=4416
.Linfo_string281:
	.asciz	"tmpAWDLowThresholdShifted"     @ string offset=4443
	.ident	"Component: Arm Compiler for Embedded 6.24 Tool: armclang [5f371800]"
	.section	".note.GNU-stack","",%progbits
	.eabi_attribute	30, 2	@ Tag_ABI_optimization_goals
	.ARM_attribute	16, 1	@ Tag_AV_eba
	.section	.debug_line,"",%progbits
.Lline_table_start0:
