	.text
	.syntax unified
	.eabi_attribute	67, "2.09"	@ Tag_conformance
	.cpu	cortex-m7
	.eabi_attribute	6, 13	@ Tag_CPU_arch
	.eabi_attribute	7, 77	@ Tag_CPU_arch_profile
	.eabi_attribute	8, 0	@ Tag_ARM_ISA_use
	.eabi_attribute	9, 2	@ Tag_THUMB_ISA_use
	.fpu	fpv5-d16
	.eabi_attribute	36, 1	@ Tag_FP_HP_extension
	.eabi_attribute	34, 1	@ Tag_CPU_unaligned_access
	.eabi_attribute	17, 1	@ Tag_ABI_PCS_GOT_use
	.eabi_attribute	20, 2	@ Tag_ABI_FP_denormal
	.eabi_attribute	21, 0	@ Tag_ABI_FP_exceptions
	.eabi_attribute	23, 1	@ Tag_ABI_FP_number_model
	.eabi_attribute	24, 1	@ Tag_ABI_align_needed
	.eabi_attribute	25, 1	@ Tag_ABI_align_preserved
	.eabi_attribute	28, 1	@ Tag_ABI_VFP_args
	.eabi_attribute	38, 1	@ Tag_ABI_FP_16bit_format
	.eabi_attribute	18, 2	@ Tag_ABI_PCS_wchar_t
	.eabi_attribute	26, 1	@ Tag_ABI_enum_size
	.eabi_attribute	14, 0	@ Tag_ABI_PCS_R9_use
	.file	"stm32h7xx_hal_exti.c"
	.file	1 "D:\\EV\\testadc\\MDK-ARM" "../Drivers/STM32H7xx_HAL_Driver/Inc\\stm32h7xx_hal_def.h"
	.file	2 "D:\\EV\\testadc\\MDK-ARM" "../Drivers/STM32H7xx_HAL_Driver/Inc\\stm32h7xx_hal_exti.h"
	.file	3 "D:\\Keil_v5\\Core\\ARM\\ARMCLANG\\bin\\..\\include" "stdint.h"
	.file	4 "D:\\EV\\testadc\\MDK-ARM" "../Drivers/CMSIS/Device/ST/STM32H7xx/Include\\stm32h743xx.h"
	.section	.text.HAL_EXTI_SetConfigLine,"ax",%progbits
	.hidden	HAL_EXTI_SetConfigLine          @ -- Begin function HAL_EXTI_SetConfigLine
	.globl	HAL_EXTI_SetConfigLine
	.p2align	3
	.type	HAL_EXTI_SetConfigLine,%function
	.code	16                              @ @HAL_EXTI_SetConfigLine
	.thumb_func
HAL_EXTI_SetConfigLine:
.Lfunc_begin0:
	.file	5 "D:\\EV\\testadc\\MDK-ARM" "../Drivers/STM32H7xx_HAL_Driver/Src/stm32h7xx_hal_exti.c"
	.loc	5 171 0                         @ ../Drivers/STM32H7xx_HAL_Driver/Src/stm32h7xx_hal_exti.c:171:0
	.fnstart
	.cfi_sections .debug_frame
	.cfi_startproc
@ %bb.0:
	@DEBUG_VALUE: HAL_EXTI_SetConfigLine:hexti <- $r0
	@DEBUG_VALUE: HAL_EXTI_SetConfigLine:pExtiConfig <- $r1
	mov	r2, r0
.Ltmp0:
	@DEBUG_VALUE: HAL_EXTI_SetConfigLine:hexti <- $r2
	.loc	5 180 23 prologue_end           @ ../Drivers/STM32H7xx_HAL_Driver/Src/stm32h7xx_hal_exti.c:180:23
	cmp	r0, #0
	mov.w	r0, #1
	it	ne
	cmpne	r1, #0
	bne	.LBB0_2
.Ltmp1:
@ %bb.1:
	@DEBUG_VALUE: HAL_EXTI_SetConfigLine:hexti <- $r2
	@DEBUG_VALUE: HAL_EXTI_SetConfigLine:pExtiConfig <- $r1
	.loc	5 365 1                         @ ../Drivers/STM32H7xx_HAL_Driver/Src/stm32h7xx_hal_exti.c:365:1
	bx	lr
.Ltmp2:
	.loc	5 0 1 is_stmt 0                 @ :0:1
.Ltmp3:
	.p2align	2
.LBB0_2:
	@DEBUG_VALUE: HAL_EXTI_SetConfigLine:hexti <- $r2
	@DEBUG_VALUE: HAL_EXTI_SetConfigLine:pExtiConfig <- $r1
	.save	{r4, r5, r6, r7, r8, r9, lr}
	push.w	{r4, r5, r6, r7, r8, r9, lr}
	.cfi_def_cfa_offset 28
	.cfi_offset lr, -4
	.cfi_offset r9, -8
	.cfi_offset r8, -12
	.cfi_offset r7, -16
	.cfi_offset r6, -20
	.cfi_offset r5, -24
	.cfi_offset r4, -28
	.loc	5 190 30 is_stmt 1              @ ../Drivers/STM32H7xx_HAL_Driver/Src/stm32h7xx_hal_exti.c:190:30
	ldr	r4, [r1]
	movw	r12, #4
	.loc	5 194 32                        @ ../Drivers/STM32H7xx_HAL_Driver/Src/stm32h7xx_hal_exti.c:194:32
	and	lr, r4, #31
	movs	r0, #1
.Ltmp4:
	@DEBUG_VALUE: HAL_EXTI_SetConfigLine:linepos <- [DW_OP_constu 31, DW_OP_and, DW_OP_stack_value] $r4
	.loc	5 193 49                        @ ../Drivers/STM32H7xx_HAL_Driver/Src/stm32h7xx_hal_exti.c:193:49
	ubfx	r3, r4, #16, #2
.Ltmp5:
	@DEBUG_VALUE: HAL_EXTI_SetConfigLine:offset <- $r3
	.loc	5 0 49 is_stmt 0                @ ../Drivers/STM32H7xx_HAL_Driver/Src/stm32h7xx_hal_exti.c:0:49
	movt	r12, #22528
	.loc	5 198 7 is_stmt 1               @ ../Drivers/STM32H7xx_HAL_Driver/Src/stm32h7xx_hal_exti.c:198:7
	lsls	r5, r4, #6
	.loc	5 190 15                        @ ../Drivers/STM32H7xx_HAL_Driver/Src/stm32h7xx_hal_exti.c:190:15
	str	r4, [r2]
	.loc	5 195 19                        @ ../Drivers/STM32H7xx_HAL_Driver/Src/stm32h7xx_hal_exti.c:195:19
	lsl.w	r2, r0, lr
.Ltmp6:
	@DEBUG_VALUE: HAL_EXTI_SetConfigLine:maskline <- $r2
	.loc	5 198 7                         @ ../Drivers/STM32H7xx_HAL_Driver/Src/stm32h7xx_hal_exti.c:198:7
	bmi	.LBB0_4
.Ltmp7:
@ %bb.3:
	@DEBUG_VALUE: HAL_EXTI_SetConfigLine:maskline <- $r2
	@DEBUG_VALUE: HAL_EXTI_SetConfigLine:offset <- $r3
	@DEBUG_VALUE: HAL_EXTI_SetConfigLine:linepos <- [DW_OP_constu 31, DW_OP_and, DW_OP_stack_value] $r4
	@DEBUG_VALUE: HAL_EXTI_SetConfigLine:pExtiConfig <- $r1
	.loc	5 254 7                         @ ../Drivers/STM32H7xx_HAL_Driver/Src/stm32h7xx_hal_exti.c:254:7
	mvns	r0, r2
	.loc	5 198 7                         @ ../Drivers/STM32H7xx_HAL_Driver/Src/stm32h7xx_hal_exti.c:198:7
	b	.LBB0_6
.Ltmp8:
	.loc	5 0 7 is_stmt 0                 @ :0:7
.Ltmp9:
	.p2align	2
.LBB0_4:
	@DEBUG_VALUE: HAL_EXTI_SetConfigLine:maskline <- $r2
	@DEBUG_VALUE: HAL_EXTI_SetConfigLine:offset <- $r3
	@DEBUG_VALUE: HAL_EXTI_SetConfigLine:linepos <- [DW_OP_constu 31, DW_OP_and, DW_OP_stack_value] $r4
	@DEBUG_VALUE: HAL_EXTI_SetConfigLine:pExtiConfig <- $r1
	.loc	5 203 46 is_stmt 1              @ ../Drivers/STM32H7xx_HAL_Driver/Src/stm32h7xx_hal_exti.c:203:46
	lsls	r0, r3, #5
	mov.w	r8, #1476395008
.Ltmp10:
	@DEBUG_VALUE: HAL_EXTI_SetConfigLine:regaddr <- undef
	.loc	5 204 14                        @ ../Drivers/STM32H7xx_HAL_Driver/Src/stm32h7xx_hal_exti.c:204:14
	ldr.w	r6, [r8, r0]
.Ltmp11:
	@DEBUG_VALUE: HAL_EXTI_SetConfigLine:regval <- $r6
	.loc	5 207 23                        @ ../Drivers/STM32H7xx_HAL_Driver/Src/stm32h7xx_hal_exti.c:207:23
	ldr	r7, [r1, #8]
.Ltmp12:
	.loc	5 207 9 is_stmt 0               @ ../Drivers/STM32H7xx_HAL_Driver/Src/stm32h7xx_hal_exti.c:207:9
	orr.w	r5, r6, r2
	lsls	r7, r7, #31
	it	eq
	biceq.w	r5, r6, r2
.Ltmp13:
	@DEBUG_VALUE: HAL_EXTI_SetConfigLine:regval <- $r5
	.loc	5 217 14 is_stmt 1              @ ../Drivers/STM32H7xx_HAL_Driver/Src/stm32h7xx_hal_exti.c:217:14
	str.w	r5, [r8, r0]
.Ltmp14:
	@DEBUG_VALUE: HAL_EXTI_SetConfigLine:regaddr <- [DW_OP_LLVM_arg 0, DW_OP_LLVM_arg 1, DW_OP_plus, DW_OP_stack_value] $r12, $r0
	.loc	5 221 14                        @ ../Drivers/STM32H7xx_HAL_Driver/Src/stm32h7xx_hal_exti.c:221:14
	ldr.w	r5, [r12, r0]
.Ltmp15:
	@DEBUG_VALUE: HAL_EXTI_SetConfigLine:regval <- $r5
	.loc	5 224 23                        @ ../Drivers/STM32H7xx_HAL_Driver/Src/stm32h7xx_hal_exti.c:224:23
	ldr	r6, [r1, #8]
.Ltmp16:
	.loc	5 224 9 is_stmt 0               @ ../Drivers/STM32H7xx_HAL_Driver/Src/stm32h7xx_hal_exti.c:224:9
	orr.w	r7, r5, r2
	lsls	r6, r6, #30
	it	pl
	bicpl.w	r7, r5, r2
.Ltmp17:
	@DEBUG_VALUE: HAL_EXTI_SetConfigLine:regval <- $r7
	.loc	5 234 14 is_stmt 1              @ ../Drivers/STM32H7xx_HAL_Driver/Src/stm32h7xx_hal_exti.c:234:14
	str.w	r7, [r12, r0]
.Ltmp18:
	.loc	5 237 23                        @ ../Drivers/STM32H7xx_HAL_Driver/Src/stm32h7xx_hal_exti.c:237:23
	ldr	r0, [r1]
.Ltmp19:
	.loc	5 237 28 is_stmt 0              @ ../Drivers/STM32H7xx_HAL_Driver/Src/stm32h7xx_hal_exti.c:237:28
	and	r0, r0, #100663296
.Ltmp20:
	.loc	5 237 9                         @ ../Drivers/STM32H7xx_HAL_Driver/Src/stm32h7xx_hal_exti.c:237:9
	cmp.w	r0, #100663296
	.loc	5 207 9 is_stmt 1               @ ../Drivers/STM32H7xx_HAL_Driver/Src/stm32h7xx_hal_exti.c:207:9
	mvn.w	r0, r2
	.loc	5 237 9                         @ ../Drivers/STM32H7xx_HAL_Driver/Src/stm32h7xx_hal_exti.c:237:9
	bne	.LBB0_6
.Ltmp21:
@ %bb.5:
	@DEBUG_VALUE: HAL_EXTI_SetConfigLine:regval <- $r7
	@DEBUG_VALUE: HAL_EXTI_SetConfigLine:maskline <- $r2
	@DEBUG_VALUE: HAL_EXTI_SetConfigLine:offset <- $r3
	@DEBUG_VALUE: HAL_EXTI_SetConfigLine:linepos <- [DW_OP_constu 31, DW_OP_and, DW_OP_stack_value] $r4
	@DEBUG_VALUE: HAL_EXTI_SetConfigLine:pExtiConfig <- $r1
	.loc	5 0 9 is_stmt 0                 @ ../Drivers/STM32H7xx_HAL_Driver/Src/stm32h7xx_hal_exti.c:0:9
	movw	r8, #1032
.Ltmp22:
	.loc	5 242 16 is_stmt 1              @ ../Drivers/STM32H7xx_HAL_Driver/Src/stm32h7xx_hal_exti.c:242:16
	and	r5, r4, #12
	movt	r8, #22528
	movs	r6, #12
	.loc	5 243 69                        @ ../Drivers/STM32H7xx_HAL_Driver/Src/stm32h7xx_hal_exti.c:243:69
	and.w	r4, r6, r4, lsl #2
.Ltmp23:
	.loc	5 0 69 is_stmt 0                @ ../Drivers/STM32H7xx_HAL_Driver/Src/stm32h7xx_hal_exti.c:0:69
	movs	r6, #15
	.loc	5 242 16 is_stmt 1              @ ../Drivers/STM32H7xx_HAL_Driver/Src/stm32h7xx_hal_exti.c:242:16
	ldr.w	r9, [r5, r8]
.Ltmp24:
	@DEBUG_VALUE: HAL_EXTI_SetConfigLine:regval <- $r9
	.loc	5 243 40                        @ ../Drivers/STM32H7xx_HAL_Driver/Src/stm32h7xx_hal_exti.c:243:40
	lsls	r6, r4
	.loc	5 244 31                        @ ../Drivers/STM32H7xx_HAL_Driver/Src/stm32h7xx_hal_exti.c:244:31
	ldr	r7, [r1, #12]
	.loc	5 243 14                        @ ../Drivers/STM32H7xx_HAL_Driver/Src/stm32h7xx_hal_exti.c:243:14
	bic.w	r6, r9, r6
.Ltmp25:
	@DEBUG_VALUE: HAL_EXTI_SetConfigLine:regval <- $r6
	.loc	5 244 39                        @ ../Drivers/STM32H7xx_HAL_Driver/Src/stm32h7xx_hal_exti.c:244:39
	lsl.w	r4, r7, r4
	.loc	5 244 14 is_stmt 0              @ ../Drivers/STM32H7xx_HAL_Driver/Src/stm32h7xx_hal_exti.c:244:14
	orrs	r4, r6
.Ltmp26:
	@DEBUG_VALUE: HAL_EXTI_SetConfigLine:regval <- $r4
	.loc	5 245 48 is_stmt 1              @ ../Drivers/STM32H7xx_HAL_Driver/Src/stm32h7xx_hal_exti.c:245:48
	str.w	r4, [r5, r8]
.Ltmp27:
.LBB0_6:
	@DEBUG_VALUE: HAL_EXTI_SetConfigLine:maskline <- $r2
	@DEBUG_VALUE: HAL_EXTI_SetConfigLine:offset <- $r3
	@DEBUG_VALUE: HAL_EXTI_SetConfigLine:pExtiConfig <- $r1
	@DEBUG_VALUE: HAL_EXTI_SetConfigLine:regaddr <- [DW_OP_plus_uconst 124, DW_OP_stack_value] undef
	.loc	5 250 43                        @ ../Drivers/STM32H7xx_HAL_Driver/Src/stm32h7xx_hal_exti.c:250:43
	add.w	r4, r12, r3, lsl #4
	.loc	5 251 12                        @ ../Drivers/STM32H7xx_HAL_Driver/Src/stm32h7xx_hal_exti.c:251:12
	ldr	r5, [r4, #124]
.Ltmp28:
	@DEBUG_VALUE: HAL_EXTI_SetConfigLine:regval <- $r5
	.loc	5 254 21                        @ ../Drivers/STM32H7xx_HAL_Driver/Src/stm32h7xx_hal_exti.c:254:21
	ldr	r6, [r1, #4]
.Ltmp29:
	.loc	5 254 7 is_stmt 0               @ ../Drivers/STM32H7xx_HAL_Driver/Src/stm32h7xx_hal_exti.c:254:7
	orr.w	r7, r5, r2
	lsls	r6, r6, #31
	it	eq
	andeq.w	r7, r5, r0
.Ltmp30:
	@DEBUG_VALUE: HAL_EXTI_SetConfigLine:regval <- $r7
	.loc	5 264 12 is_stmt 1              @ ../Drivers/STM32H7xx_HAL_Driver/Src/stm32h7xx_hal_exti.c:264:12
	str	r7, [r4, #124]
.Ltmp31:
	@DEBUG_VALUE: HAL_EXTI_SetConfigLine:regaddr <- [DW_OP_plus_uconst 128, DW_OP_stack_value] $r4
	.loc	5 271 12                        @ ../Drivers/STM32H7xx_HAL_Driver/Src/stm32h7xx_hal_exti.c:271:12
	ldr.w	r5, [r4, #128]
.Ltmp32:
	@DEBUG_VALUE: HAL_EXTI_SetConfigLine:regval <- $r5
	.loc	5 274 21                        @ ../Drivers/STM32H7xx_HAL_Driver/Src/stm32h7xx_hal_exti.c:274:21
	ldr	r6, [r1, #4]
.Ltmp33:
	.loc	5 274 7 is_stmt 0               @ ../Drivers/STM32H7xx_HAL_Driver/Src/stm32h7xx_hal_exti.c:274:7
	orr.w	r7, r5, r2
	lsls	r6, r6, #30
	it	pl
	andpl.w	r7, r5, r0
.Ltmp34:
	@DEBUG_VALUE: HAL_EXTI_SetConfigLine:regval <- $r7
	.loc	5 284 12 is_stmt 1              @ ../Drivers/STM32H7xx_HAL_Driver/Src/stm32h7xx_hal_exti.c:284:12
	str.w	r7, [r4, #128]
.Ltmp35:
	.loc	5 326 21                        @ ../Drivers/STM32H7xx_HAL_Driver/Src/stm32h7xx_hal_exti.c:326:21
	ldr	r4, [r1]
.Ltmp36:
	.loc	5 326 26 is_stmt 0              @ ../Drivers/STM32H7xx_HAL_Driver/Src/stm32h7xx_hal_exti.c:326:26
	and	r4, r4, #3145728
.Ltmp37:
	.loc	5 326 7                         @ ../Drivers/STM32H7xx_HAL_Driver/Src/stm32h7xx_hal_exti.c:326:7
	cmp.w	r4, #3145728
	bne	.LBB0_9
.Ltmp38:
@ %bb.7:
	@DEBUG_VALUE: HAL_EXTI_SetConfigLine:regval <- $r7
	@DEBUG_VALUE: HAL_EXTI_SetConfigLine:maskline <- $r2
	@DEBUG_VALUE: HAL_EXTI_SetConfigLine:offset <- $r3
	@DEBUG_VALUE: HAL_EXTI_SetConfigLine:pExtiConfig <- $r1
	.loc	5 331 47 is_stmt 1              @ ../Drivers/STM32H7xx_HAL_Driver/Src/stm32h7xx_hal_exti.c:331:47
	add.w	r4, r12, #8
	lsls	r5, r3, #5
.Ltmp39:
	@DEBUG_VALUE: HAL_EXTI_SetConfigLine:regaddr <- [DW_OP_LLVM_arg 0, DW_OP_LLVM_arg 1, DW_OP_plus, DW_OP_stack_value] $r4, $r5
	.loc	5 331 69 is_stmt 0              @ ../Drivers/STM32H7xx_HAL_Driver/Src/stm32h7xx_hal_exti.c:331:69
	lsls	r3, r3, #3
.Ltmp40:
	.loc	5 332 14 is_stmt 1              @ ../Drivers/STM32H7xx_HAL_Driver/Src/stm32h7xx_hal_exti.c:332:14
	ldr	r5, [r4, r5]
.Ltmp41:
	@DEBUG_VALUE: HAL_EXTI_SetConfigLine:regval <- $r5
	.loc	5 334 21                        @ ../Drivers/STM32H7xx_HAL_Driver/Src/stm32h7xx_hal_exti.c:334:21
	ldr	r6, [r1, #16]
.Ltmp42:
	.loc	5 334 8 is_stmt 0               @ ../Drivers/STM32H7xx_HAL_Driver/Src/stm32h7xx_hal_exti.c:334:8
	cbz	r6, .LBB0_10
.Ltmp43:
@ %bb.8:
	@DEBUG_VALUE: HAL_EXTI_SetConfigLine:regval <- $r5
	@DEBUG_VALUE: HAL_EXTI_SetConfigLine:maskline <- $r2
	@DEBUG_VALUE: HAL_EXTI_SetConfigLine:pExtiConfig <- $r1
	.loc	5 348 10 is_stmt 1              @ ../Drivers/STM32H7xx_HAL_Driver/Src/stm32h7xx_hal_exti.c:348:10
	add.w	r6, r12, #16
	subs.w	r0, lr, #16
	it	lo
	addlo.w	r6, r12, #12
.Ltmp44:
	@DEBUG_VALUE: HAL_EXTI_SetConfigLine:regaddr <- undef
	.loc	5 344 14                        @ ../Drivers/STM32H7xx_HAL_Driver/Src/stm32h7xx_hal_exti.c:344:14
	orr.w	r7, r5, r2
.Ltmp45:
	@DEBUG_VALUE: HAL_EXTI_SetConfigLine:regval <- $r7
	.loc	5 346 16                        @ ../Drivers/STM32H7xx_HAL_Driver/Src/stm32h7xx_hal_exti.c:346:16
	str.w	r7, [r4, r3, lsl #2]
	mov.w	r7, #1
.Ltmp46:
	.loc	5 348 10                        @ ../Drivers/STM32H7xx_HAL_Driver/Src/stm32h7xx_hal_exti.c:348:10
	ite	hs
	lslhs.w	r2, r7, r0
.Ltmp47:
	@DEBUG_VALUE: HAL_EXTI_SetConfigLine:pcrlinepos <- $r2
	.loc	5 359 42                        @ ../Drivers/STM32H7xx_HAL_Driver/Src/stm32h7xx_hal_exti.c:359:42
	movlo	r0, lr
	.loc	5 359 17 is_stmt 0              @ ../Drivers/STM32H7xx_HAL_Driver/Src/stm32h7xx_hal_exti.c:359:17
	ldr.w	r7, [r6, r3, lsl #2]
	.loc	5 359 107                       @ ../Drivers/STM32H7xx_HAL_Driver/Src/stm32h7xx_hal_exti.c:359:107
	ldr	r1, [r1, #16]
.Ltmp48:
	@DEBUG_VALUE: HAL_EXTI_SetConfigLine:pExtiConfig <- [DW_OP_LLVM_entry_value 1] $r1
	.loc	5 359 42                        @ ../Drivers/STM32H7xx_HAL_Driver/Src/stm32h7xx_hal_exti.c:359:42
	lsl.w	r0, r2, r0
	.loc	5 359 123                       @ ../Drivers/STM32H7xx_HAL_Driver/Src/stm32h7xx_hal_exti.c:359:123
	subs	r1, #1
	.loc	5 359 55                        @ ../Drivers/STM32H7xx_HAL_Driver/Src/stm32h7xx_hal_exti.c:359:55
	add.w	r2, r0, r0, lsl #1
.Ltmp49:
	.loc	5 359 91                        @ ../Drivers/STM32H7xx_HAL_Driver/Src/stm32h7xx_hal_exti.c:359:91
	muls	r0, r1, r0
	.loc	5 359 26                        @ ../Drivers/STM32H7xx_HAL_Driver/Src/stm32h7xx_hal_exti.c:359:26
	bic.w	r1, r7, r2
	.loc	5 359 64                        @ ../Drivers/STM32H7xx_HAL_Driver/Src/stm32h7xx_hal_exti.c:359:64
	orrs	r0, r1
.Ltmp50:
	@DEBUG_VALUE: HAL_EXTI_SetConfigLine:regval <- $r0
	.loc	5 360 16 is_stmt 1              @ ../Drivers/STM32H7xx_HAL_Driver/Src/stm32h7xx_hal_exti.c:360:16
	str.w	r0, [r6, r3, lsl #2]
.Ltmp51:
.LBB0_9:
	.loc	5 0 16 is_stmt 0                @ ../Drivers/STM32H7xx_HAL_Driver/Src/stm32h7xx_hal_exti.c:0:16
	movs	r0, #0
	pop.w	{r4, r5, r6, r7, r8, r9, lr}
	.loc	5 365 1 is_stmt 1               @ ../Drivers/STM32H7xx_HAL_Driver/Src/stm32h7xx_hal_exti.c:365:1
	bx	lr
	.loc	5 0 1 is_stmt 0                 @ :0:1
.Ltmp52:
	.p2align	2
.LBB0_10:
.Ltmp53:
	@DEBUG_VALUE: HAL_EXTI_SetConfigLine:regval <- $r5
	@DEBUG_VALUE: HAL_EXTI_SetConfigLine:maskline <- $r2
	@DEBUG_VALUE: HAL_EXTI_SetConfigLine:pExtiConfig <- $r1
	.loc	5 337 14 is_stmt 1              @ ../Drivers/STM32H7xx_HAL_Driver/Src/stm32h7xx_hal_exti.c:337:14
	ands	r0, r5
.Ltmp54:
	@DEBUG_VALUE: HAL_EXTI_SetConfigLine:regval <- $r0
	.loc	5 339 16                        @ ../Drivers/STM32H7xx_HAL_Driver/Src/stm32h7xx_hal_exti.c:339:16
	str.w	r0, [r4, r3, lsl #2]
	movs	r0, #0
.Ltmp55:
	.loc	5 0 16 is_stmt 0                @ ../Drivers/STM32H7xx_HAL_Driver/Src/stm32h7xx_hal_exti.c:0:16
	pop.w	{r4, r5, r6, r7, r8, r9, lr}
.Ltmp56:
	.loc	5 365 1 is_stmt 1               @ ../Drivers/STM32H7xx_HAL_Driver/Src/stm32h7xx_hal_exti.c:365:1
	bx	lr
.Ltmp57:
.Lfunc_end0:
	.size	HAL_EXTI_SetConfigLine, .Lfunc_end0-HAL_EXTI_SetConfigLine
	.cfi_endproc
	.cantunwind
	.fnend
                                        @ -- End function
	.section	.text.HAL_EXTI_GetConfigLine,"ax",%progbits
	.hidden	HAL_EXTI_GetConfigLine          @ -- Begin function HAL_EXTI_GetConfigLine
	.globl	HAL_EXTI_GetConfigLine
	.p2align	3
	.type	HAL_EXTI_GetConfigLine,%function
	.code	16                              @ @HAL_EXTI_GetConfigLine
	.thumb_func
HAL_EXTI_GetConfigLine:
.Lfunc_begin1:
	.loc	5 375 0                         @ ../Drivers/STM32H7xx_HAL_Driver/Src/stm32h7xx_hal_exti.c:375:0
	.fnstart
	.cfi_startproc
@ %bb.0:
	@DEBUG_VALUE: HAL_EXTI_GetConfigLine:hexti <- $r0
	@DEBUG_VALUE: HAL_EXTI_GetConfigLine:pExtiConfig <- $r1
	mov	r2, r0
.Ltmp58:
	@DEBUG_VALUE: HAL_EXTI_GetConfigLine:hexti <- $r2
	.loc	5 384 23 prologue_end           @ ../Drivers/STM32H7xx_HAL_Driver/Src/stm32h7xx_hal_exti.c:384:23
	cmp	r0, #0
	mov.w	r0, #1
	it	ne
	cmpne	r1, #0
	bne	.LBB1_2
.Ltmp59:
@ %bb.1:
	@DEBUG_VALUE: HAL_EXTI_GetConfigLine:hexti <- $r2
	@DEBUG_VALUE: HAL_EXTI_GetConfigLine:pExtiConfig <- $r1
	.loc	5 504 1                         @ ../Drivers/STM32H7xx_HAL_Driver/Src/stm32h7xx_hal_exti.c:504:1
	bx	lr
.Ltmp60:
	.loc	5 0 1 is_stmt 0                 @ :0:1
.Ltmp61:
	.p2align	2
.LBB1_2:
	@DEBUG_VALUE: HAL_EXTI_GetConfigLine:hexti <- $r2
	@DEBUG_VALUE: HAL_EXTI_GetConfigLine:pExtiConfig <- $r1
	.save	{r4, r5, r6, r7, lr}
	push	{r4, r5, r6, r7, lr}
	.cfi_def_cfa_offset 20
	.cfi_offset lr, -4
	.cfi_offset r7, -8
	.cfi_offset r6, -12
	.cfi_offset r5, -16
	.cfi_offset r4, -20
	.loc	5 393 30 is_stmt 1              @ ../Drivers/STM32H7xx_HAL_Driver/Src/stm32h7xx_hal_exti.c:393:30
	ldr	r4, [r2]
	movw	r12, #4
	movt	r12, #22528
	.loc	5 393 21 is_stmt 0              @ ../Drivers/STM32H7xx_HAL_Driver/Src/stm32h7xx_hal_exti.c:393:21
	str	r4, [r1]
	.loc	5 396 49 is_stmt 1              @ ../Drivers/STM32H7xx_HAL_Driver/Src/stm32h7xx_hal_exti.c:396:49
	ubfx	lr, r4, #16, #2
.Ltmp62:
	@DEBUG_VALUE: HAL_EXTI_GetConfigLine:offset <- $lr
	.loc	5 397 32                        @ ../Drivers/STM32H7xx_HAL_Driver/Src/stm32h7xx_hal_exti.c:397:32
	and	r2, r4, #31
.Ltmp63:
	.loc	5 0 32 is_stmt 0                @ ../Drivers/STM32H7xx_HAL_Driver/Src/stm32h7xx_hal_exti.c:0:32
	movs	r3, #1
.Ltmp64:
	@DEBUG_VALUE: HAL_EXTI_GetConfigLine:linepos <- [DW_OP_constu 31, DW_OP_and, DW_OP_stack_value] $r4
	.loc	5 401 43 is_stmt 1              @ ../Drivers/STM32H7xx_HAL_Driver/Src/stm32h7xx_hal_exti.c:401:43
	orr.w	r5, r12, lr, lsl #4
.Ltmp65:
	@DEBUG_VALUE: HAL_EXTI_GetConfigLine:regaddr <- [DW_OP_plus_uconst 124, DW_OP_stack_value] $r5
	.loc	5 398 19                        @ ../Drivers/STM32H7xx_HAL_Driver/Src/stm32h7xx_hal_exti.c:398:19
	lsls	r3, r2
.Ltmp66:
	@DEBUG_VALUE: HAL_EXTI_GetConfigLine:maskline <- $r3
	.loc	5 402 12                        @ ../Drivers/STM32H7xx_HAL_Driver/Src/stm32h7xx_hal_exti.c:402:12
	ldr	r0, [r5, #124]
.Ltmp67:
	@DEBUG_VALUE: HAL_EXTI_GetConfigLine:regval <- $r0
	.loc	5 407 7                         @ ../Drivers/STM32H7xx_HAL_Driver/Src/stm32h7xx_hal_exti.c:407:7
	lsrs	r0, r2
.Ltmp68:
	and	r0, r0, #1
	.loc	5 0 0 is_stmt 0                 @ ../Drivers/STM32H7xx_HAL_Driver/Src/stm32h7xx_hal_exti.c:0:0
	str	r0, [r1, #4]
.Ltmp69:
	@DEBUG_VALUE: HAL_EXTI_GetConfigLine:regaddr <- undef
	.loc	5 414 12 is_stmt 1              @ ../Drivers/STM32H7xx_HAL_Driver/Src/stm32h7xx_hal_exti.c:414:12
	ldr.w	r5, [r5, #128]
.Ltmp70:
	@DEBUG_VALUE: HAL_EXTI_GetConfigLine:regval <- $r5
	.loc	5 417 7                         @ ../Drivers/STM32H7xx_HAL_Driver/Src/stm32h7xx_hal_exti.c:417:7
	tst	r5, r3
.Ltmp71:
	.loc	5 419 23                        @ ../Drivers/STM32H7xx_HAL_Driver/Src/stm32h7xx_hal_exti.c:419:23
	itt	ne
	addne	r0, #2
	strne	r0, [r1, #4]
	movs	r0, #0
.Ltmp72:
	.loc	5 447 7                         @ ../Drivers/STM32H7xx_HAL_Driver/Src/stm32h7xx_hal_exti.c:447:7
	lsls	r5, r4, #6
.Ltmp73:
	.loc	5 443 24                        @ ../Drivers/STM32H7xx_HAL_Driver/Src/stm32h7xx_hal_exti.c:443:24
	str	r0, [r1, #8]
	.loc	5 444 24                        @ ../Drivers/STM32H7xx_HAL_Driver/Src/stm32h7xx_hal_exti.c:444:24
	str	r0, [r1, #12]
	.loc	5 447 7                         @ ../Drivers/STM32H7xx_HAL_Driver/Src/stm32h7xx_hal_exti.c:447:7
	bpl	.LBB1_8
.Ltmp74:
@ %bb.3:
	@DEBUG_VALUE: HAL_EXTI_GetConfigLine:maskline <- $r3
	@DEBUG_VALUE: HAL_EXTI_GetConfigLine:linepos <- [DW_OP_constu 31, DW_OP_and, DW_OP_stack_value] $r4
	@DEBUG_VALUE: HAL_EXTI_GetConfigLine:offset <- $lr
	@DEBUG_VALUE: HAL_EXTI_GetConfigLine:pExtiConfig <- $r1
	.loc	5 449 46                        @ ../Drivers/STM32H7xx_HAL_Driver/Src/stm32h7xx_hal_exti.c:449:46
	lsl.w	r5, lr, #5
	mov.w	r6, #1476395008
.Ltmp75:
	@DEBUG_VALUE: HAL_EXTI_GetConfigLine:regaddr <- undef
	.loc	5 450 14                        @ ../Drivers/STM32H7xx_HAL_Driver/Src/stm32h7xx_hal_exti.c:450:14
	ldr	r5, [r6, r5]
.Ltmp76:
	@DEBUG_VALUE: HAL_EXTI_GetConfigLine:regval <- $r5
	.loc	5 453 9                         @ ../Drivers/STM32H7xx_HAL_Driver/Src/stm32h7xx_hal_exti.c:453:9
	tst	r5, r3
	.loc	5 449 68                        @ ../Drivers/STM32H7xx_HAL_Driver/Src/stm32h7xx_hal_exti.c:449:68
	lsl.w	r5, lr, #3
.Ltmp77:
	.loc	5 453 9                         @ ../Drivers/STM32H7xx_HAL_Driver/Src/stm32h7xx_hal_exti.c:453:9
	beq	.LBB1_5
.Ltmp78:
@ %bb.4:
	@DEBUG_VALUE: HAL_EXTI_GetConfigLine:maskline <- $r3
	@DEBUG_VALUE: HAL_EXTI_GetConfigLine:linepos <- [DW_OP_constu 31, DW_OP_and, DW_OP_stack_value] $r4
	@DEBUG_VALUE: HAL_EXTI_GetConfigLine:offset <- $lr
	@DEBUG_VALUE: HAL_EXTI_GetConfigLine:pExtiConfig <- $r1
	.loc	5 0 9 is_stmt 0                 @ ../Drivers/STM32H7xx_HAL_Driver/Src/stm32h7xx_hal_exti.c:0:9
	movs	r6, #1
.Ltmp79:
	.loc	5 455 28 is_stmt 1              @ ../Drivers/STM32H7xx_HAL_Driver/Src/stm32h7xx_hal_exti.c:455:28
	str	r6, [r1, #8]
	movs	r6, #3
	b	.LBB1_6
.Ltmp80:
	.loc	5 0 28 is_stmt 0                @ :0:28
.Ltmp81:
	.p2align	2
.LBB1_5:
	@DEBUG_VALUE: HAL_EXTI_GetConfigLine:maskline <- $r3
	@DEBUG_VALUE: HAL_EXTI_GetConfigLine:linepos <- [DW_OP_constu 31, DW_OP_and, DW_OP_stack_value] $r4
	@DEBUG_VALUE: HAL_EXTI_GetConfigLine:offset <- $lr
	@DEBUG_VALUE: HAL_EXTI_GetConfigLine:pExtiConfig <- $r1
	movs	r6, #2
.Ltmp82:
.LBB1_6:
	@DEBUG_VALUE: HAL_EXTI_GetConfigLine:maskline <- $r3
	@DEBUG_VALUE: HAL_EXTI_GetConfigLine:linepos <- [DW_OP_constu 31, DW_OP_and, DW_OP_stack_value] $r4
	@DEBUG_VALUE: HAL_EXTI_GetConfigLine:offset <- $lr
	@DEBUG_VALUE: HAL_EXTI_GetConfigLine:pExtiConfig <- $r1
	@DEBUG_VALUE: HAL_EXTI_GetConfigLine:regaddr <- undef
	.loc	5 460 14 is_stmt 1              @ ../Drivers/STM32H7xx_HAL_Driver/Src/stm32h7xx_hal_exti.c:460:14
	ldr.w	r5, [r12, r5, lsl #2]
.Ltmp83:
	@DEBUG_VALUE: HAL_EXTI_GetConfigLine:regval <- $r5
	.loc	5 463 9                         @ ../Drivers/STM32H7xx_HAL_Driver/Src/stm32h7xx_hal_exti.c:463:9
	tst	r5, r3
.Ltmp84:
	.loc	5 469 28                        @ ../Drivers/STM32H7xx_HAL_Driver/Src/stm32h7xx_hal_exti.c:469:28
	and	r5, r4, #100663296
.Ltmp85:
	.loc	5 465 28                        @ ../Drivers/STM32H7xx_HAL_Driver/Src/stm32h7xx_hal_exti.c:465:28
	it	ne
	strne	r6, [r1, #8]
.Ltmp86:
	.loc	5 469 9                         @ ../Drivers/STM32H7xx_HAL_Driver/Src/stm32h7xx_hal_exti.c:469:9
	cmp.w	r5, #100663296
	bne	.LBB1_8
.Ltmp87:
@ %bb.7:
	@DEBUG_VALUE: HAL_EXTI_GetConfigLine:maskline <- $r3
	@DEBUG_VALUE: HAL_EXTI_GetConfigLine:linepos <- [DW_OP_constu 31, DW_OP_and, DW_OP_stack_value] $r4
	@DEBUG_VALUE: HAL_EXTI_GetConfigLine:offset <- $lr
	@DEBUG_VALUE: HAL_EXTI_GetConfigLine:pExtiConfig <- $r1
	.loc	5 0 9 is_stmt 0                 @ ../Drivers/STM32H7xx_HAL_Driver/Src/stm32h7xx_hal_exti.c:0:9
	movw	r6, #1032
.Ltmp88:
	.loc	5 473 16 is_stmt 1              @ ../Drivers/STM32H7xx_HAL_Driver/Src/stm32h7xx_hal_exti.c:473:16
	and	r5, r4, #12
	movt	r6, #22528
	movs	r7, #12
	ldr	r5, [r5, r6]
.Ltmp89:
	@DEBUG_VALUE: HAL_EXTI_GetConfigLine:regval <- $r5
	.loc	5 474 67                        @ ../Drivers/STM32H7xx_HAL_Driver/Src/stm32h7xx_hal_exti.c:474:67
	and.w	r6, r7, r4, lsl #2
	.loc	5 474 38 is_stmt 0              @ ../Drivers/STM32H7xx_HAL_Driver/Src/stm32h7xx_hal_exti.c:474:38
	lsrs	r5, r6
.Ltmp90:
	.loc	5 474 89                        @ ../Drivers/STM32H7xx_HAL_Driver/Src/stm32h7xx_hal_exti.c:474:89
	and	r5, r5, #15
	.loc	5 474 28                        @ ../Drivers/STM32H7xx_HAL_Driver/Src/stm32h7xx_hal_exti.c:474:28
	str	r5, [r1, #12]
.Ltmp91:
.LBB1_8:
	@DEBUG_VALUE: HAL_EXTI_GetConfigLine:maskline <- $r3
	@DEBUG_VALUE: HAL_EXTI_GetConfigLine:linepos <- [DW_OP_constu 31, DW_OP_and, DW_OP_stack_value] $r4
	@DEBUG_VALUE: HAL_EXTI_GetConfigLine:offset <- $lr
	@DEBUG_VALUE: HAL_EXTI_GetConfigLine:pExtiConfig <- $r1
	.loc	5 482 26 is_stmt 1              @ ../Drivers/STM32H7xx_HAL_Driver/Src/stm32h7xx_hal_exti.c:482:26
	and	r4, r4, #3145728
.Ltmp92:
	.loc	5 479 32                        @ ../Drivers/STM32H7xx_HAL_Driver/Src/stm32h7xx_hal_exti.c:479:32
	str	r0, [r1, #16]
	.loc	5 482 7                         @ ../Drivers/STM32H7xx_HAL_Driver/Src/stm32h7xx_hal_exti.c:482:7
	cmp.w	r4, #3145728
	bne	.LBB1_12
.Ltmp93:
@ %bb.9:
	@DEBUG_VALUE: HAL_EXTI_GetConfigLine:maskline <- $r3
	@DEBUG_VALUE: HAL_EXTI_GetConfigLine:offset <- $lr
	@DEBUG_VALUE: HAL_EXTI_GetConfigLine:pExtiConfig <- $r1
	.loc	5 484 47                        @ ../Drivers/STM32H7xx_HAL_Driver/Src/stm32h7xx_hal_exti.c:484:47
	add.w	r0, r12, lr, lsl #5
.Ltmp94:
	@DEBUG_VALUE: HAL_EXTI_GetConfigLine:regaddr <- [DW_OP_plus_uconst 8, DW_OP_stack_value] $r0
	.loc	5 485 10                        @ ../Drivers/STM32H7xx_HAL_Driver/Src/stm32h7xx_hal_exti.c:485:10
	ldr	r0, [r0, #8]
.Ltmp95:
	.loc	5 485 8 is_stmt 0               @ ../Drivers/STM32H7xx_HAL_Driver/Src/stm32h7xx_hal_exti.c:485:8
	tst	r0, r2
	beq	.LBB1_11
.Ltmp96:
@ %bb.10:
	@DEBUG_VALUE: HAL_EXTI_GetConfigLine:maskline <- $r3
	@DEBUG_VALUE: HAL_EXTI_GetConfigLine:offset <- $lr
	@DEBUG_VALUE: HAL_EXTI_GetConfigLine:pExtiConfig <- $r1
	.loc	5 488 10 is_stmt 1              @ ../Drivers/STM32H7xx_HAL_Driver/Src/stm32h7xx_hal_exti.c:488:10
	subs.w	r0, r2, #16
	mov.w	r4, #1
	ite	hs
	lslhs.w	r3, r4, r0
.Ltmp97:
	@DEBUG_VALUE: HAL_EXTI_GetConfigLine:pcrlinepos <- $r3
	.loc	5 499 69                        @ ../Drivers/STM32H7xx_HAL_Driver/Src/stm32h7xx_hal_exti.c:499:69
	movlo	r0, r2
	.loc	5 488 10                        @ ../Drivers/STM32H7xx_HAL_Driver/Src/stm32h7xx_hal_exti.c:488:10
	add.w	r5, r12, #16
.Ltmp98:
	.loc	5 0 0 is_stmt 0                 @ ../Drivers/STM32H7xx_HAL_Driver/Src/stm32h7xx_hal_exti.c:0:0
	lsl.w	r2, lr, #3
.Ltmp99:
	.loc	5 488 10                        @ ../Drivers/STM32H7xx_HAL_Driver/Src/stm32h7xx_hal_exti.c:488:10
	it	lo
	addlo.w	r5, r12, #12
.Ltmp100:
	@DEBUG_VALUE: HAL_EXTI_GetConfigLine:regaddr <- undef
	.loc	5 499 69 is_stmt 1              @ ../Drivers/STM32H7xx_HAL_Driver/Src/stm32h7xx_hal_exti.c:499:69
	lsls	r3, r0
.Ltmp101:
	.loc	5 499 46 is_stmt 0              @ ../Drivers/STM32H7xx_HAL_Driver/Src/stm32h7xx_hal_exti.c:499:46
	ldr.w	r2, [r5, r2, lsl #2]
	.loc	5 499 90                        @ ../Drivers/STM32H7xx_HAL_Driver/Src/stm32h7xx_hal_exti.c:499:90
	lsls	r0, r0, #1
	.loc	5 499 82                        @ ../Drivers/STM32H7xx_HAL_Driver/Src/stm32h7xx_hal_exti.c:499:82
	add.w	r3, r3, r3, lsl #1
	.loc	5 499 55                        @ ../Drivers/STM32H7xx_HAL_Driver/Src/stm32h7xx_hal_exti.c:499:55
	ands	r2, r3
	.loc	5 499 90                        @ ../Drivers/STM32H7xx_HAL_Driver/Src/stm32h7xx_hal_exti.c:499:90
	lsr.w	r0, r2, r0
	.loc	5 499 42                        @ ../Drivers/STM32H7xx_HAL_Driver/Src/stm32h7xx_hal_exti.c:499:42
	adds	r0, #1
	.loc	5 499 36                        @ ../Drivers/STM32H7xx_HAL_Driver/Src/stm32h7xx_hal_exti.c:499:36
	str	r0, [r1, #16]
.Ltmp102:
.LBB1_11:
	@DEBUG_VALUE: HAL_EXTI_GetConfigLine:offset <- $lr
	@DEBUG_VALUE: HAL_EXTI_GetConfigLine:pExtiConfig <- $r1
	.loc	5 0 36                          @ ../Drivers/STM32H7xx_HAL_Driver/Src/stm32h7xx_hal_exti.c:0:36
	movs	r0, #0
.Ltmp103:
.LBB1_12:
	@DEBUG_VALUE: HAL_EXTI_GetConfigLine:offset <- $lr
	@DEBUG_VALUE: HAL_EXTI_GetConfigLine:pExtiConfig <- $r1
	pop.w	{r4, r5, r6, r7, lr}
.Ltmp104:
	.loc	5 504 1 is_stmt 1               @ ../Drivers/STM32H7xx_HAL_Driver/Src/stm32h7xx_hal_exti.c:504:1
	bx	lr
.Ltmp105:
.Lfunc_end1:
	.size	HAL_EXTI_GetConfigLine, .Lfunc_end1-HAL_EXTI_GetConfigLine
	.cfi_endproc
	.cantunwind
	.fnend
                                        @ -- End function
	.section	.text.HAL_EXTI_ClearConfigLine,"ax",%progbits
	.hidden	HAL_EXTI_ClearConfigLine        @ -- Begin function HAL_EXTI_ClearConfigLine
	.globl	HAL_EXTI_ClearConfigLine
	.p2align	3
	.type	HAL_EXTI_ClearConfigLine,%function
	.code	16                              @ @HAL_EXTI_ClearConfigLine
	.thumb_func
HAL_EXTI_ClearConfigLine:
.Lfunc_begin2:
	.fnstart
	.cfi_startproc
@ %bb.0:
	@DEBUG_VALUE: HAL_EXTI_ClearConfigLine:hexti <- $r0
	.loc	5 522 7 prologue_end            @ ../Drivers/STM32H7xx_HAL_Driver/Src/stm32h7xx_hal_exti.c:522:7
	cmp	r0, #0
	mov.w	r1, #1
	beq	.LBB2_7
.Ltmp106:
@ %bb.1:
	@DEBUG_VALUE: HAL_EXTI_ClearConfigLine:hexti <- $r0
	.save	{r4, r5, r6, r7, r8, lr}
	push.w	{r4, r5, r6, r7, r8, lr}
	.cfi_def_cfa_offset 24
	.cfi_offset lr, -4
	.cfi_offset r8, -8
	.cfi_offset r7, -12
	.cfi_offset r6, -16
	.cfi_offset r5, -20
	.cfi_offset r4, -24
	.loc	5 531 21                        @ ../Drivers/STM32H7xx_HAL_Driver/Src/stm32h7xx_hal_exti.c:531:21
	ldr	r4, [r0]
	movw	r12, #4
	movt	r12, #22528
	.loc	5 532 26                        @ ../Drivers/STM32H7xx_HAL_Driver/Src/stm32h7xx_hal_exti.c:532:26
	and	r6, r4, #31
.Ltmp107:
	@DEBUG_VALUE: HAL_EXTI_ClearConfigLine:linepos <- [DW_OP_constu 31, DW_OP_and, DW_OP_stack_value] $r4
	.loc	5 531 43                        @ ../Drivers/STM32H7xx_HAL_Driver/Src/stm32h7xx_hal_exti.c:531:43
	ubfx	r3, r4, #16, #2
.Ltmp108:
	@DEBUG_VALUE: HAL_EXTI_ClearConfigLine:offset <- $r3
	.loc	5 533 19                        @ ../Drivers/STM32H7xx_HAL_Driver/Src/stm32h7xx_hal_exti.c:533:19
	lsls	r1, r6
.Ltmp109:
	@DEBUG_VALUE: HAL_EXTI_ClearConfigLine:maskline <- $r1
	.loc	5 536 43                        @ ../Drivers/STM32H7xx_HAL_Driver/Src/stm32h7xx_hal_exti.c:536:43
	orr.w	r5, r12, r3, lsl #4
.Ltmp110:
	@DEBUG_VALUE: HAL_EXTI_ClearConfigLine:regaddr <- [DW_OP_plus_uconst 124, DW_OP_stack_value] $r5
	.loc	5 537 24                        @ ../Drivers/STM32H7xx_HAL_Driver/Src/stm32h7xx_hal_exti.c:537:24
	mvn.w	lr, r1
	.loc	5 537 13 is_stmt 0              @ ../Drivers/STM32H7xx_HAL_Driver/Src/stm32h7xx_hal_exti.c:537:13
	ldr	r2, [r5, #124]
	.loc	5 537 22                        @ ../Drivers/STM32H7xx_HAL_Driver/Src/stm32h7xx_hal_exti.c:537:22
	bics	r2, r1
.Ltmp111:
	@DEBUG_VALUE: HAL_EXTI_ClearConfigLine:regval <- $r2
	.loc	5 538 12 is_stmt 1              @ ../Drivers/STM32H7xx_HAL_Driver/Src/stm32h7xx_hal_exti.c:538:12
	str	r2, [r5, #124]
.Ltmp112:
	@DEBUG_VALUE: HAL_EXTI_ClearConfigLine:regaddr <- undef
	.loc	5 542 13                        @ ../Drivers/STM32H7xx_HAL_Driver/Src/stm32h7xx_hal_exti.c:542:13
	ldr.w	r2, [r5, #128]
.Ltmp113:
	.loc	5 542 22 is_stmt 0              @ ../Drivers/STM32H7xx_HAL_Driver/Src/stm32h7xx_hal_exti.c:542:22
	bics	r2, r1
.Ltmp114:
	@DEBUG_VALUE: HAL_EXTI_ClearConfigLine:regval <- $r2
	.loc	5 543 12 is_stmt 1              @ ../Drivers/STM32H7xx_HAL_Driver/Src/stm32h7xx_hal_exti.c:543:12
	str.w	r2, [r5, #128]
.Ltmp115:
	.loc	5 558 15                        @ ../Drivers/STM32H7xx_HAL_Driver/Src/stm32h7xx_hal_exti.c:558:15
	ldr	r5, [r0]
.Ltmp116:
	.loc	5 558 7 is_stmt 0               @ ../Drivers/STM32H7xx_HAL_Driver/Src/stm32h7xx_hal_exti.c:558:7
	lsls	r2, r5, #6
.Ltmp117:
	bpl	.LBB2_4
.Ltmp118:
@ %bb.2:
	@DEBUG_VALUE: HAL_EXTI_ClearConfigLine:maskline <- $r1
	@DEBUG_VALUE: HAL_EXTI_ClearConfigLine:offset <- $r3
	@DEBUG_VALUE: HAL_EXTI_ClearConfigLine:linepos <- [DW_OP_constu 31, DW_OP_and, DW_OP_stack_value] $r4
	@DEBUG_VALUE: HAL_EXTI_ClearConfigLine:hexti <- $r0
	.loc	5 560 46 is_stmt 1              @ ../Drivers/STM32H7xx_HAL_Driver/Src/stm32h7xx_hal_exti.c:560:46
	lsls	r2, r3, #5
	mov.w	r5, #1476395008
.Ltmp119:
	@DEBUG_VALUE: HAL_EXTI_ClearConfigLine:regaddr <- undef
	.loc	5 561 15                        @ ../Drivers/STM32H7xx_HAL_Driver/Src/stm32h7xx_hal_exti.c:561:15
	ldr	r7, [r5, r2]
	.loc	5 561 24 is_stmt 0              @ ../Drivers/STM32H7xx_HAL_Driver/Src/stm32h7xx_hal_exti.c:561:24
	and.w	r7, r7, lr
.Ltmp120:
	@DEBUG_VALUE: HAL_EXTI_ClearConfigLine:regval <- $r7
	.loc	5 562 14 is_stmt 1              @ ../Drivers/STM32H7xx_HAL_Driver/Src/stm32h7xx_hal_exti.c:562:14
	str	r7, [r5, r2]
.Ltmp121:
	@DEBUG_VALUE: HAL_EXTI_ClearConfigLine:regaddr <- [DW_OP_LLVM_arg 0, DW_OP_LLVM_arg 1, DW_OP_plus, DW_OP_stack_value] $r12, $r2
	.loc	5 565 15                        @ ../Drivers/STM32H7xx_HAL_Driver/Src/stm32h7xx_hal_exti.c:565:15
	ldr.w	r5, [r12, r2]
	.loc	5 565 24 is_stmt 0              @ ../Drivers/STM32H7xx_HAL_Driver/Src/stm32h7xx_hal_exti.c:565:24
	and.w	r5, r5, lr
.Ltmp122:
	@DEBUG_VALUE: HAL_EXTI_ClearConfigLine:regval <- $r5
	.loc	5 566 14 is_stmt 1              @ ../Drivers/STM32H7xx_HAL_Driver/Src/stm32h7xx_hal_exti.c:566:14
	str.w	r5, [r12, r2]
.Ltmp123:
	.loc	5 569 17                        @ ../Drivers/STM32H7xx_HAL_Driver/Src/stm32h7xx_hal_exti.c:569:17
	ldr	r5, [r0]
.Ltmp124:
	.loc	5 569 22 is_stmt 0              @ ../Drivers/STM32H7xx_HAL_Driver/Src/stm32h7xx_hal_exti.c:569:22
	and	r2, r5, #100663296
.Ltmp125:
	.loc	5 569 9                         @ ../Drivers/STM32H7xx_HAL_Driver/Src/stm32h7xx_hal_exti.c:569:9
	cmp.w	r2, #100663296
	bne	.LBB2_4
.Ltmp126:
@ %bb.3:
	@DEBUG_VALUE: HAL_EXTI_ClearConfigLine:maskline <- $r1
	@DEBUG_VALUE: HAL_EXTI_ClearConfigLine:offset <- $r3
	@DEBUG_VALUE: HAL_EXTI_ClearConfigLine:linepos <- [DW_OP_constu 31, DW_OP_and, DW_OP_stack_value] $r4
	@DEBUG_VALUE: HAL_EXTI_ClearConfigLine:hexti <- $r0
	.loc	5 0 9                           @ ../Drivers/STM32H7xx_HAL_Driver/Src/stm32h7xx_hal_exti.c:0:9
	movw	r5, #1032
.Ltmp127:
	.loc	5 573 16 is_stmt 1              @ ../Drivers/STM32H7xx_HAL_Driver/Src/stm32h7xx_hal_exti.c:573:16
	and	r2, r4, #12
	movt	r5, #22528
	movs	r7, #12
	.loc	5 574 69                        @ ../Drivers/STM32H7xx_HAL_Driver/Src/stm32h7xx_hal_exti.c:574:69
	and.w	r4, r7, r4, lsl #2
.Ltmp128:
	.loc	5 0 69 is_stmt 0                @ ../Drivers/STM32H7xx_HAL_Driver/Src/stm32h7xx_hal_exti.c:0:69
	mov.w	r8, #15
	.loc	5 573 16 is_stmt 1              @ ../Drivers/STM32H7xx_HAL_Driver/Src/stm32h7xx_hal_exti.c:573:16
	ldr	r7, [r2, r5]
.Ltmp129:
	@DEBUG_VALUE: HAL_EXTI_ClearConfigLine:regval <- $r7
	.loc	5 574 40                        @ ../Drivers/STM32H7xx_HAL_Driver/Src/stm32h7xx_hal_exti.c:574:40
	lsl.w	r4, r8, r4
	.loc	5 574 14 is_stmt 0              @ ../Drivers/STM32H7xx_HAL_Driver/Src/stm32h7xx_hal_exti.c:574:14
	bic.w	r4, r7, r4
.Ltmp130:
	@DEBUG_VALUE: HAL_EXTI_ClearConfigLine:regval <- $r4
	.loc	5 575 48 is_stmt 1              @ ../Drivers/STM32H7xx_HAL_Driver/Src/stm32h7xx_hal_exti.c:575:48
	str	r4, [r2, r5]
.Ltmp131:
	.loc	5 580 15                        @ ../Drivers/STM32H7xx_HAL_Driver/Src/stm32h7xx_hal_exti.c:580:15
	ldr	r5, [r0]
.Ltmp132:
.LBB2_4:
	@DEBUG_VALUE: HAL_EXTI_ClearConfigLine:maskline <- $r1
	@DEBUG_VALUE: HAL_EXTI_ClearConfigLine:offset <- $r3
	@DEBUG_VALUE: HAL_EXTI_ClearConfigLine:hexti <- $r0
	.loc	5 580 20 is_stmt 0              @ ../Drivers/STM32H7xx_HAL_Driver/Src/stm32h7xx_hal_exti.c:580:20
	and	r0, r5, #3145728
.Ltmp133:
	@DEBUG_VALUE: HAL_EXTI_ClearConfigLine:hexti <- [DW_OP_LLVM_entry_value 1] $r0
	.loc	5 580 7                         @ ../Drivers/STM32H7xx_HAL_Driver/Src/stm32h7xx_hal_exti.c:580:7
	cmp.w	r0, #3145728
	bne	.LBB2_6
.Ltmp134:
@ %bb.5:
	@DEBUG_VALUE: HAL_EXTI_ClearConfigLine:hexti <- [DW_OP_LLVM_entry_value 1] $r0
	@DEBUG_VALUE: HAL_EXTI_ClearConfigLine:maskline <- $r1
	@DEBUG_VALUE: HAL_EXTI_ClearConfigLine:offset <- $r3
	.loc	5 585 8 is_stmt 1               @ ../Drivers/STM32H7xx_HAL_Driver/Src/stm32h7xx_hal_exti.c:585:8
	subs.w	r0, r6, #16
	mov.w	r2, #1
	it	hs
	lslhs.w	r1, r2, r0
.Ltmp135:
	@DEBUG_VALUE: HAL_EXTI_ClearConfigLine:pcrlinepos <- $r1
	.loc	5 582 47                        @ ../Drivers/STM32H7xx_HAL_Driver/Src/stm32h7xx_hal_exti.c:582:47
	add.w	r2, r12, r3, lsl #5
	.loc	5 585 8                         @ ../Drivers/STM32H7xx_HAL_Driver/Src/stm32h7xx_hal_exti.c:585:8
	add.w	r4, r12, #16
	.loc	5 597 31                        @ ../Drivers/STM32H7xx_HAL_Driver/Src/stm32h7xx_hal_exti.c:597:31
	it	lo
	movlo	r0, r6
	.loc	5 582 47                        @ ../Drivers/STM32H7xx_HAL_Driver/Src/stm32h7xx_hal_exti.c:582:47
	lsl.w	r3, r3, #5
.Ltmp136:
	@DEBUG_VALUE: HAL_EXTI_ClearConfigLine:regaddr <- [DW_OP_plus_uconst 8, DW_OP_stack_value] $r2
	.loc	5 585 8                         @ ../Drivers/STM32H7xx_HAL_Driver/Src/stm32h7xx_hal_exti.c:585:8
	it	lo
	addlo.w	r4, r12, #12
.Ltmp137:
	@DEBUG_VALUE: HAL_EXTI_ClearConfigLine:regaddr <- [DW_OP_LLVM_arg 0, DW_OP_LLVM_arg 1, DW_OP_plus, DW_OP_stack_value] $r4, $r3
	.loc	5 583 17                        @ ../Drivers/STM32H7xx_HAL_Driver/Src/stm32h7xx_hal_exti.c:583:17
	ldr	r7, [r2, #8]
	.loc	5 597 31                        @ ../Drivers/STM32H7xx_HAL_Driver/Src/stm32h7xx_hal_exti.c:597:31
	lsl.w	r0, r1, r0
	.loc	5 583 26                        @ ../Drivers/STM32H7xx_HAL_Driver/Src/stm32h7xx_hal_exti.c:583:26
	and.w	r1, r7, lr
.Ltmp138:
	.loc	5 583 14 is_stmt 0              @ ../Drivers/STM32H7xx_HAL_Driver/Src/stm32h7xx_hal_exti.c:583:14
	str	r1, [r2, #8]
	.loc	5 597 44 is_stmt 1              @ ../Drivers/STM32H7xx_HAL_Driver/Src/stm32h7xx_hal_exti.c:597:44
	add.w	r0, r0, r0, lsl #1
	.loc	5 597 14 is_stmt 0              @ ../Drivers/STM32H7xx_HAL_Driver/Src/stm32h7xx_hal_exti.c:597:14
	ldr	r1, [r4, r3]
	bic.w	r0, r1, r0
	str	r0, [r4, r3]
.Ltmp139:
.LBB2_6:
	@DEBUG_VALUE: HAL_EXTI_ClearConfigLine:hexti <- [DW_OP_LLVM_entry_value 1] $r0
	.loc	5 0 14                          @ ../Drivers/STM32H7xx_HAL_Driver/Src/stm32h7xx_hal_exti.c:0:14
	movs	r1, #0
	pop.w	{r4, r5, r6, r7, r8, lr}
.Ltmp140:
.LBB2_7:
	.loc	5 601 1 is_stmt 1               @ ../Drivers/STM32H7xx_HAL_Driver/Src/stm32h7xx_hal_exti.c:601:1
	mov	r0, r1
	bx	lr
.Ltmp141:
.Lfunc_end2:
	.size	HAL_EXTI_ClearConfigLine, .Lfunc_end2-HAL_EXTI_ClearConfigLine
	.cfi_endproc
	.cantunwind
	.fnend
                                        @ -- End function
	.section	.text.HAL_EXTI_RegisterCallback,"ax",%progbits
	.hidden	HAL_EXTI_RegisterCallback       @ -- Begin function HAL_EXTI_RegisterCallback
	.globl	HAL_EXTI_RegisterCallback
	.p2align	3
	.type	HAL_EXTI_RegisterCallback,%function
	.code	16                              @ @HAL_EXTI_RegisterCallback
	.thumb_func
HAL_EXTI_RegisterCallback:
.Lfunc_begin3:
	.loc	5 613 0                         @ ../Drivers/STM32H7xx_HAL_Driver/Src/stm32h7xx_hal_exti.c:613:0
	.fnstart
	.cfi_startproc
@ %bb.0:
	@DEBUG_VALUE: HAL_EXTI_RegisterCallback:hexti <- $r0
	@DEBUG_VALUE: HAL_EXTI_RegisterCallback:CallbackID <- $r1
	@DEBUG_VALUE: HAL_EXTI_RegisterCallback:pPendingCbfn <- $r2
	mov	r3, r0
.Ltmp142:
	@DEBUG_VALUE: HAL_EXTI_RegisterCallback:status <- 0
	@DEBUG_VALUE: HAL_EXTI_RegisterCallback:hexti <- $r3
	.loc	5 617 7 prologue_end            @ ../Drivers/STM32H7xx_HAL_Driver/Src/stm32h7xx_hal_exti.c:617:7
	cmp	r0, #0
	mov.w	r0, #1
	beq	.LBB3_2
.Ltmp143:
@ %bb.1:
	@DEBUG_VALUE: HAL_EXTI_RegisterCallback:hexti <- $r3
	@DEBUG_VALUE: HAL_EXTI_RegisterCallback:status <- 0
	@DEBUG_VALUE: HAL_EXTI_RegisterCallback:pPendingCbfn <- $r2
	@DEBUG_VALUE: HAL_EXTI_RegisterCallback:CallbackID <- $r1
	cmp	r1, #0
.Ltmp144:
	.loc	5 625 30                        @ ../Drivers/STM32H7xx_HAL_Driver/Src/stm32h7xx_hal_exti.c:625:30
	itt	eq
	streq	r2, [r3, #4]
	moveq	r0, #0
.Ltmp145:
.LBB3_2:
	@DEBUG_VALUE: HAL_EXTI_RegisterCallback:hexti <- $r3
	@DEBUG_VALUE: HAL_EXTI_RegisterCallback:status <- 0
	@DEBUG_VALUE: HAL_EXTI_RegisterCallback:pPendingCbfn <- $r2
	@DEBUG_VALUE: HAL_EXTI_RegisterCallback:CallbackID <- $r1
	.loc	5 634 1                         @ ../Drivers/STM32H7xx_HAL_Driver/Src/stm32h7xx_hal_exti.c:634:1
	bx	lr
.Ltmp146:
.Lfunc_end3:
	.size	HAL_EXTI_RegisterCallback, .Lfunc_end3-HAL_EXTI_RegisterCallback
	.cfi_endproc
	.cantunwind
	.fnend
                                        @ -- End function
	.section	.text.HAL_EXTI_GetHandle,"ax",%progbits
	.hidden	HAL_EXTI_GetHandle              @ -- Begin function HAL_EXTI_GetHandle
	.globl	HAL_EXTI_GetHandle
	.p2align	3
	.type	HAL_EXTI_GetHandle,%function
	.code	16                              @ @HAL_EXTI_GetHandle
	.thumb_func
HAL_EXTI_GetHandle:
.Lfunc_begin4:
	.fnstart
	.cfi_startproc
@ %bb.0:
	@DEBUG_VALUE: HAL_EXTI_GetHandle:hexti <- $r0
	@DEBUG_VALUE: HAL_EXTI_GetHandle:ExtiLine <- $r1
	.loc	5 650 7 prologue_end            @ ../Drivers/STM32H7xx_HAL_Driver/Src/stm32h7xx_hal_exti.c:650:7
	cbz	r0, .LBB4_2
.Ltmp147:
@ %bb.1:
	@DEBUG_VALUE: HAL_EXTI_GetHandle:ExtiLine <- $r1
	@DEBUG_VALUE: HAL_EXTI_GetHandle:hexti <- $r0
	.loc	5 657 17                        @ ../Drivers/STM32H7xx_HAL_Driver/Src/stm32h7xx_hal_exti.c:657:17
	str	r1, [r0]
	movs	r0, #0
.Ltmp148:
	@DEBUG_VALUE: HAL_EXTI_GetHandle:hexti <- [DW_OP_LLVM_entry_value 1] $r0
	.loc	5 661 1                         @ ../Drivers/STM32H7xx_HAL_Driver/Src/stm32h7xx_hal_exti.c:661:1
	bx	lr
.Ltmp149:
	.loc	5 0 1 is_stmt 0                 @ :0:1
.Ltmp150:
	.p2align	2
.LBB4_2:
	@DEBUG_VALUE: HAL_EXTI_GetHandle:ExtiLine <- $r1
	@DEBUG_VALUE: HAL_EXTI_GetHandle:hexti <- $r0
	movs	r0, #1
.Ltmp151:
	@DEBUG_VALUE: HAL_EXTI_GetHandle:hexti <- [DW_OP_LLVM_entry_value 1] $r0
	.loc	5 661 1                         @ ../Drivers/STM32H7xx_HAL_Driver/Src/stm32h7xx_hal_exti.c:661:1
	bx	lr
.Ltmp152:
.Lfunc_end4:
	.size	HAL_EXTI_GetHandle, .Lfunc_end4-HAL_EXTI_GetHandle
	.cfi_endproc
	.cantunwind
	.fnend
                                        @ -- End function
	.section	.text.HAL_EXTI_IRQHandler,"ax",%progbits
	.hidden	HAL_EXTI_IRQHandler             @ -- Begin function HAL_EXTI_IRQHandler
	.globl	HAL_EXTI_IRQHandler
	.p2align	3
	.type	HAL_EXTI_IRQHandler,%function
	.code	16                              @ @HAL_EXTI_IRQHandler
	.thumb_func
HAL_EXTI_IRQHandler:
.Lfunc_begin5:
	.loc	5 686 0 is_stmt 1               @ ../Drivers/STM32H7xx_HAL_Driver/Src/stm32h7xx_hal_exti.c:686:0
	.fnstart
	.cfi_startproc
@ %bb.0:
	@DEBUG_VALUE: HAL_EXTI_IRQHandler:hexti <- $r0
	.save	{r7, lr}
	push	{r7, lr}
	.cfi_def_cfa_offset 8
	.cfi_offset lr, -4
	.cfi_offset r7, -8
.Ltmp153:
	.loc	5 693 21 prologue_end           @ ../Drivers/STM32H7xx_HAL_Driver/Src/stm32h7xx_hal_exti.c:693:21
	ldr	r1, [r0]
.Ltmp154:
	@DEBUG_VALUE: HAL_EXTI_IRQHandler:offset <- [DW_OP_constu 16, DW_OP_shr, DW_OP_constu 3, DW_OP_and, DW_OP_stack_value] $r1
	.loc	5 0 21 is_stmt 0                @ ../Drivers/STM32H7xx_HAL_Driver/Src/stm32h7xx_hal_exti.c:0:21
	movs	r2, #12
	movw	lr, #136
	.loc	5 694 35 is_stmt 1              @ ../Drivers/STM32H7xx_HAL_Driver/Src/stm32h7xx_hal_exti.c:694:35
	and	r3, r1, #31
	.loc	5 708 62                        @ ../Drivers/STM32H7xx_HAL_Driver/Src/stm32h7xx_hal_exti.c:708:62
	and.w	r1, r2, r1, lsr #14
.Ltmp155:
	.loc	5 0 62 is_stmt 0                @ ../Drivers/STM32H7xx_HAL_Driver/Src/stm32h7xx_hal_exti.c:0:62
	movt	lr, #22528
.Ltmp156:
	@DEBUG_VALUE: HAL_EXTI_IRQHandler:regaddr <- undef
	mov.w	r12, #1
	.loc	5 694 19 is_stmt 1              @ ../Drivers/STM32H7xx_HAL_Driver/Src/stm32h7xx_hal_exti.c:694:19
	lsl.w	r3, r12, r3
.Ltmp157:
	@DEBUG_VALUE: HAL_EXTI_IRQHandler:maskline <- $r3
	.loc	5 712 13                        @ ../Drivers/STM32H7xx_HAL_Driver/Src/stm32h7xx_hal_exti.c:712:13
	ldr.w	r2, [lr, r1, lsl #2]
.Ltmp158:
	@DEBUG_VALUE: HAL_EXTI_IRQHandler:regval <- undef
	.loc	5 714 7                         @ ../Drivers/STM32H7xx_HAL_Driver/Src/stm32h7xx_hal_exti.c:714:7
	tst	r3, r2
	.loc	5 725 1                         @ ../Drivers/STM32H7xx_HAL_Driver/Src/stm32h7xx_hal_exti.c:725:1
	it	eq
	.loc	5 725 1 epilogue_begin is_stmt 0 @ ../Drivers/STM32H7xx_HAL_Driver/Src/stm32h7xx_hal_exti.c:725:1
	popeq	{r7, pc}
.Ltmp159:
.LBB5_1:
	@DEBUG_VALUE: HAL_EXTI_IRQHandler:maskline <- $r3
	@DEBUG_VALUE: HAL_EXTI_IRQHandler:hexti <- $r0
	.loc	5 717 14 is_stmt 1              @ ../Drivers/STM32H7xx_HAL_Driver/Src/stm32h7xx_hal_exti.c:717:14
	str.w	r3, [lr, r1, lsl #2]
.Ltmp160:
	.loc	5 720 16                        @ ../Drivers/STM32H7xx_HAL_Driver/Src/stm32h7xx_hal_exti.c:720:16
	ldr	r0, [r0, #4]
.Ltmp161:
	@DEBUG_VALUE: HAL_EXTI_IRQHandler:hexti <- [DW_OP_LLVM_entry_value 1] $r0
	.loc	5 720 9 is_stmt 0               @ ../Drivers/STM32H7xx_HAL_Driver/Src/stm32h7xx_hal_exti.c:720:9
	cbz	r0, .LBB5_3
.Ltmp162:
@ %bb.2:
	@DEBUG_VALUE: HAL_EXTI_IRQHandler:hexti <- [DW_OP_LLVM_entry_value 1] $r0
	@DEBUG_VALUE: HAL_EXTI_IRQHandler:maskline <- $r3
	.loc	5 722 7 epilogue_begin is_stmt 1 @ ../Drivers/STM32H7xx_HAL_Driver/Src/stm32h7xx_hal_exti.c:722:7
	pop.w	{r7, lr}
.Ltmp163:
	bx	r0
.Ltmp164:
	.loc	5 0 7 is_stmt 0                 @ :0:7
.Ltmp165:
	.p2align	2
.LBB5_3:
	@DEBUG_VALUE: HAL_EXTI_IRQHandler:hexti <- [DW_OP_LLVM_entry_value 1] $r0
	@DEBUG_VALUE: HAL_EXTI_IRQHandler:maskline <- $r3
	.loc	5 725 1 epilogue_begin is_stmt 1 @ ../Drivers/STM32H7xx_HAL_Driver/Src/stm32h7xx_hal_exti.c:725:1
	pop	{r7, pc}
.Ltmp166:
.Lfunc_end5:
	.size	HAL_EXTI_IRQHandler, .Lfunc_end5-HAL_EXTI_IRQHandler
	.cfi_endproc
	.cantunwind
	.fnend
                                        @ -- End function
	.section	.text.HAL_EXTI_GetPending,"ax",%progbits
	.hidden	HAL_EXTI_GetPending             @ -- Begin function HAL_EXTI_GetPending
	.globl	HAL_EXTI_GetPending
	.p2align	3
	.type	HAL_EXTI_GetPending,%function
	.code	16                              @ @HAL_EXTI_GetPending
	.thumb_func
HAL_EXTI_GetPending:
.Lfunc_begin6:
	.fnstart
	.cfi_startproc
@ %bb.0:
	@DEBUG_VALUE: HAL_EXTI_GetPending:hexti <- $r0
	@DEBUG_VALUE: HAL_EXTI_GetPending:Edge <- $r1
	.loc	5 754 21 prologue_end           @ ../Drivers/STM32H7xx_HAL_Driver/Src/stm32h7xx_hal_exti.c:754:21
	ldr	r0, [r0]
.Ltmp167:
	@DEBUG_VALUE: HAL_EXTI_GetPending:hexti <- [DW_OP_LLVM_entry_value 1] $r0
	@DEBUG_VALUE: HAL_EXTI_GetPending:offset <- [DW_OP_constu 16, DW_OP_shr, DW_OP_constu 3, DW_OP_and, DW_OP_stack_value] $r0
	.loc	5 0 21 is_stmt 0                @ ../Drivers/STM32H7xx_HAL_Driver/Src/stm32h7xx_hal_exti.c:0:21
	movs	r1, #48
.Ltmp168:
	@DEBUG_VALUE: HAL_EXTI_GetPending:Edge <- [DW_OP_LLVM_entry_value 1] $r1
	movs	r2, #136
	.loc	5 770 42 is_stmt 1              @ ../Drivers/STM32H7xx_HAL_Driver/Src/stm32h7xx_hal_exti.c:770:42
	and.w	r1, r1, r0, lsr #12
	movt	r2, #22528
.Ltmp169:
	@DEBUG_VALUE: HAL_EXTI_GetPending:regaddr <- undef
	.loc	5 755 26                        @ ../Drivers/STM32H7xx_HAL_Driver/Src/stm32h7xx_hal_exti.c:755:26
	and	r0, r0, #31
.Ltmp170:
	@DEBUG_VALUE: HAL_EXTI_GetPending:maskline <- [DW_OP_LLVM_arg 0, DW_OP_LLVM_arg 1, DW_OP_shl, DW_OP_stack_value] 1, $r0
	@DEBUG_VALUE: HAL_EXTI_GetPending:linepos <- $r0
	.loc	5 774 14                        @ ../Drivers/STM32H7xx_HAL_Driver/Src/stm32h7xx_hal_exti.c:774:14
	ldr	r1, [r1, r2]
	.loc	5 774 35 is_stmt 0              @ ../Drivers/STM32H7xx_HAL_Driver/Src/stm32h7xx_hal_exti.c:774:35
	lsr.w	r0, r1, r0
.Ltmp171:
	and	r0, r0, #1
.Ltmp172:
	@DEBUG_VALUE: HAL_EXTI_GetPending:regval <- $r0
	.loc	5 775 3 is_stmt 1               @ ../Drivers/STM32H7xx_HAL_Driver/Src/stm32h7xx_hal_exti.c:775:3
	bx	lr
.Ltmp173:
.Lfunc_end6:
	.size	HAL_EXTI_GetPending, .Lfunc_end6-HAL_EXTI_GetPending
	.cfi_endproc
	.cantunwind
	.fnend
                                        @ -- End function
	.section	.text.HAL_EXTI_ClearPending,"ax",%progbits
	.hidden	HAL_EXTI_ClearPending           @ -- Begin function HAL_EXTI_ClearPending
	.globl	HAL_EXTI_ClearPending
	.p2align	3
	.type	HAL_EXTI_ClearPending,%function
	.code	16                              @ @HAL_EXTI_ClearPending
	.thumb_func
HAL_EXTI_ClearPending:
.Lfunc_begin7:
	.fnstart
	.cfi_startproc
@ %bb.0:
	@DEBUG_VALUE: HAL_EXTI_ClearPending:hexti <- $r0
	@DEBUG_VALUE: HAL_EXTI_ClearPending:Edge <- $r1
	.loc	5 803 21 prologue_end           @ ../Drivers/STM32H7xx_HAL_Driver/Src/stm32h7xx_hal_exti.c:803:21
	ldr	r0, [r0]
.Ltmp174:
	@DEBUG_VALUE: HAL_EXTI_ClearPending:hexti <- [DW_OP_LLVM_entry_value 1] $r0
	@DEBUG_VALUE: HAL_EXTI_ClearPending:offset <- [DW_OP_constu 16, DW_OP_shr, DW_OP_constu 3, DW_OP_and, DW_OP_stack_value] $r0
	.loc	5 0 21 is_stmt 0                @ ../Drivers/STM32H7xx_HAL_Driver/Src/stm32h7xx_hal_exti.c:0:21
	movs	r1, #48
.Ltmp175:
	@DEBUG_VALUE: HAL_EXTI_ClearPending:Edge <- [DW_OP_LLVM_entry_value 1] $r1
	movs	r3, #136
	.loc	5 804 35 is_stmt 1              @ ../Drivers/STM32H7xx_HAL_Driver/Src/stm32h7xx_hal_exti.c:804:35
	and	r2, r0, #31
	.loc	5 818 42                        @ ../Drivers/STM32H7xx_HAL_Driver/Src/stm32h7xx_hal_exti.c:818:42
	and.w	r0, r1, r0, lsr #12
.Ltmp176:
	.loc	5 0 42 is_stmt 0                @ ../Drivers/STM32H7xx_HAL_Driver/Src/stm32h7xx_hal_exti.c:0:42
	movt	r3, #22528
.Ltmp177:
	@DEBUG_VALUE: HAL_EXTI_ClearPending:regaddr <- undef
	movs	r1, #1
	.loc	5 804 19 is_stmt 1              @ ../Drivers/STM32H7xx_HAL_Driver/Src/stm32h7xx_hal_exti.c:804:19
	lsls	r1, r2
.Ltmp178:
	@DEBUG_VALUE: HAL_EXTI_ClearPending:maskline <- $r1
	.loc	5 822 12                        @ ../Drivers/STM32H7xx_HAL_Driver/Src/stm32h7xx_hal_exti.c:822:12
	str	r1, [r0, r3]
	.loc	5 823 1                         @ ../Drivers/STM32H7xx_HAL_Driver/Src/stm32h7xx_hal_exti.c:823:1
	bx	lr
.Ltmp179:
.Lfunc_end7:
	.size	HAL_EXTI_ClearPending, .Lfunc_end7-HAL_EXTI_ClearPending
	.cfi_endproc
	.cantunwind
	.fnend
                                        @ -- End function
	.section	.text.HAL_EXTI_GenerateSWI,"ax",%progbits
	.hidden	HAL_EXTI_GenerateSWI            @ -- Begin function HAL_EXTI_GenerateSWI
	.globl	HAL_EXTI_GenerateSWI
	.p2align	3
	.type	HAL_EXTI_GenerateSWI,%function
	.code	16                              @ @HAL_EXTI_GenerateSWI
	.thumb_func
HAL_EXTI_GenerateSWI:
.Lfunc_begin8:
	.fnstart
	.cfi_startproc
@ %bb.0:
	@DEBUG_VALUE: HAL_EXTI_GenerateSWI:hexti <- $r0
	.loc	5 841 21 prologue_end           @ ../Drivers/STM32H7xx_HAL_Driver/Src/stm32h7xx_hal_exti.c:841:21
	ldr	r0, [r0]
.Ltmp180:
	@DEBUG_VALUE: HAL_EXTI_GenerateSWI:hexti <- [DW_OP_LLVM_entry_value 1] $r0
	@DEBUG_VALUE: HAL_EXTI_GenerateSWI:offset <- [DW_OP_constu 16, DW_OP_shr, DW_OP_constu 3, DW_OP_and, DW_OP_stack_value] $r0
	.loc	5 0 21 is_stmt 0                @ ../Drivers/STM32H7xx_HAL_Driver/Src/stm32h7xx_hal_exti.c:0:21
	movs	r1, #96
	movs	r3, #8
	.loc	5 842 35 is_stmt 1              @ ../Drivers/STM32H7xx_HAL_Driver/Src/stm32h7xx_hal_exti.c:842:35
	and	r2, r0, #31
	.loc	5 844 45                        @ ../Drivers/STM32H7xx_HAL_Driver/Src/stm32h7xx_hal_exti.c:844:45
	and.w	r0, r1, r0, lsr #11
.Ltmp181:
	.loc	5 0 45 is_stmt 0                @ ../Drivers/STM32H7xx_HAL_Driver/Src/stm32h7xx_hal_exti.c:0:45
	movt	r3, #22528
.Ltmp182:
	@DEBUG_VALUE: HAL_EXTI_GenerateSWI:regaddr <- undef
	movs	r1, #1
	.loc	5 842 19 is_stmt 1              @ ../Drivers/STM32H7xx_HAL_Driver/Src/stm32h7xx_hal_exti.c:842:19
	lsls	r1, r2
.Ltmp183:
	@DEBUG_VALUE: HAL_EXTI_GenerateSWI:maskline <- $r1
	.loc	5 845 12                        @ ../Drivers/STM32H7xx_HAL_Driver/Src/stm32h7xx_hal_exti.c:845:12
	str	r1, [r0, r3]
	.loc	5 846 1                         @ ../Drivers/STM32H7xx_HAL_Driver/Src/stm32h7xx_hal_exti.c:846:1
	bx	lr
.Ltmp184:
.Lfunc_end8:
	.size	HAL_EXTI_GenerateSWI, .Lfunc_end8-HAL_EXTI_GenerateSWI
	.cfi_endproc
	.cantunwind
	.fnend
                                        @ -- End function
	.section	.debug_loc,"",%progbits
.Ldebug_loc0:
	.long	-1
	.long	.Lfunc_begin0                   @   base address
	.long	.Lfunc_begin0-.Lfunc_begin0
	.long	.Ltmp0-.Lfunc_begin0
	.short	1                               @ Loc expr size
	.byte	80                              @ DW_OP_reg0
	.long	.Ltmp0-.Lfunc_begin0
	.long	.Ltmp6-.Lfunc_begin0
	.short	1                               @ Loc expr size
	.byte	82                              @ DW_OP_reg2
	.long	0
	.long	0
.Ldebug_loc1:
	.long	-1
	.long	.Lfunc_begin0                   @   base address
	.long	.Lfunc_begin0-.Lfunc_begin0
	.long	.Ltmp48-.Lfunc_begin0
	.short	1                               @ Loc expr size
	.byte	81                              @ DW_OP_reg1
	.long	.Ltmp48-.Lfunc_begin0
	.long	.Ltmp51-.Lfunc_begin0
	.short	4                               @ Loc expr size
	.byte	243                             @ DW_OP_GNU_entry_value
	.byte	1                               @ 1
	.byte	81                              @ DW_OP_reg1
	.byte	159                             @ DW_OP_stack_value
	.long	.Ltmp53-.Lfunc_begin0
	.long	.Lfunc_end0-.Lfunc_begin0
	.short	1                               @ Loc expr size
	.byte	81                              @ DW_OP_reg1
	.long	0
	.long	0
.Ldebug_loc2:
	.long	-1
	.long	.Lfunc_begin0                   @   base address
	.long	.Ltmp4-.Lfunc_begin0
	.long	.Ltmp23-.Lfunc_begin0
	.short	5                               @ Loc expr size
	.byte	116                             @ DW_OP_breg4
	.byte	0                               @ 0
	.byte	79                              @ DW_OP_lit31
	.byte	26                              @ DW_OP_and
	.byte	159                             @ DW_OP_stack_value
	.long	0
	.long	0
.Ldebug_loc3:
	.long	-1
	.long	.Lfunc_begin0                   @   base address
	.long	.Ltmp5-.Lfunc_begin0
	.long	.Ltmp40-.Lfunc_begin0
	.short	1                               @ Loc expr size
	.byte	83                              @ DW_OP_reg3
	.long	0
	.long	0
.Ldebug_loc4:
	.long	-1
	.long	.Lfunc_begin0                   @   base address
	.long	.Ltmp6-.Lfunc_begin0
	.long	.Ltmp47-.Lfunc_begin0
	.short	1                               @ Loc expr size
	.byte	82                              @ DW_OP_reg2
	.long	.Ltmp53-.Lfunc_begin0
	.long	.Lfunc_end0-.Lfunc_begin0
	.short	1                               @ Loc expr size
	.byte	82                              @ DW_OP_reg2
	.long	0
	.long	0
.Ldebug_loc5:
	.long	-1
	.long	.Lfunc_begin0                   @   base address
	.long	.Ltmp14-.Lfunc_begin0
	.long	.Ltmp19-.Lfunc_begin0
	.short	6                               @ Loc expr size
	.byte	124                             @ DW_OP_breg12
	.byte	0                               @ 0
	.byte	112                             @ DW_OP_breg0
	.byte	0                               @ 0
	.byte	34                              @ DW_OP_plus
	.byte	159                             @ DW_OP_stack_value
	.long	.Ltmp31-.Lfunc_begin0
	.long	.Ltmp36-.Lfunc_begin0
	.short	4                               @ Loc expr size
	.byte	116                             @ DW_OP_breg4
	.byte	128                             @ 128
	.byte	1                               @ 
	.byte	159                             @ DW_OP_stack_value
	.long	.Ltmp39-.Lfunc_begin0
	.long	.Ltmp41-.Lfunc_begin0
	.short	6                               @ Loc expr size
	.byte	116                             @ DW_OP_breg4
	.byte	0                               @ 0
	.byte	117                             @ DW_OP_breg5
	.byte	0                               @ 0
	.byte	34                              @ DW_OP_plus
	.byte	159                             @ DW_OP_stack_value
	.long	0
	.long	0
.Ldebug_loc6:
	.long	-1
	.long	.Lfunc_begin0                   @   base address
	.long	.Ltmp11-.Lfunc_begin0
	.long	.Ltmp13-.Lfunc_begin0
	.short	1                               @ Loc expr size
	.byte	86                              @ DW_OP_reg6
	.long	.Ltmp13-.Lfunc_begin0
	.long	.Ltmp17-.Lfunc_begin0
	.short	1                               @ Loc expr size
	.byte	85                              @ DW_OP_reg5
	.long	.Ltmp17-.Lfunc_begin0
	.long	.Ltmp24-.Lfunc_begin0
	.short	1                               @ Loc expr size
	.byte	87                              @ DW_OP_reg7
	.long	.Ltmp24-.Lfunc_begin0
	.long	.Ltmp25-.Lfunc_begin0
	.short	1                               @ Loc expr size
	.byte	89                              @ DW_OP_reg9
	.long	.Ltmp25-.Lfunc_begin0
	.long	.Ltmp26-.Lfunc_begin0
	.short	1                               @ Loc expr size
	.byte	86                              @ DW_OP_reg6
	.long	.Ltmp26-.Lfunc_begin0
	.long	.Ltmp27-.Lfunc_begin0
	.short	1                               @ Loc expr size
	.byte	84                              @ DW_OP_reg4
	.long	.Ltmp28-.Lfunc_begin0
	.long	.Ltmp30-.Lfunc_begin0
	.short	1                               @ Loc expr size
	.byte	85                              @ DW_OP_reg5
	.long	.Ltmp30-.Lfunc_begin0
	.long	.Ltmp32-.Lfunc_begin0
	.short	1                               @ Loc expr size
	.byte	87                              @ DW_OP_reg7
	.long	.Ltmp32-.Lfunc_begin0
	.long	.Ltmp34-.Lfunc_begin0
	.short	1                               @ Loc expr size
	.byte	85                              @ DW_OP_reg5
	.long	.Ltmp34-.Lfunc_begin0
	.long	.Ltmp41-.Lfunc_begin0
	.short	1                               @ Loc expr size
	.byte	87                              @ DW_OP_reg7
	.long	.Ltmp41-.Lfunc_begin0
	.long	.Ltmp45-.Lfunc_begin0
	.short	1                               @ Loc expr size
	.byte	85                              @ DW_OP_reg5
	.long	.Ltmp45-.Lfunc_begin0
	.long	.Ltmp46-.Lfunc_begin0
	.short	1                               @ Loc expr size
	.byte	87                              @ DW_OP_reg7
	.long	.Ltmp50-.Lfunc_begin0
	.long	.Ltmp51-.Lfunc_begin0
	.short	1                               @ Loc expr size
	.byte	80                              @ DW_OP_reg0
	.long	.Ltmp53-.Lfunc_begin0
	.long	.Ltmp54-.Lfunc_begin0
	.short	1                               @ Loc expr size
	.byte	85                              @ DW_OP_reg5
	.long	.Ltmp54-.Lfunc_begin0
	.long	.Ltmp55-.Lfunc_begin0
	.short	1                               @ Loc expr size
	.byte	80                              @ DW_OP_reg0
	.long	0
	.long	0
.Ldebug_loc7:
	.long	-1
	.long	.Lfunc_begin0                   @   base address
	.long	.Ltmp47-.Lfunc_begin0
	.long	.Ltmp49-.Lfunc_begin0
	.short	1                               @ Loc expr size
	.byte	82                              @ DW_OP_reg2
	.long	0
	.long	0
.Ldebug_loc8:
	.long	-1
	.long	.Lfunc_begin1                   @   base address
	.long	.Lfunc_begin1-.Lfunc_begin1
	.long	.Ltmp58-.Lfunc_begin1
	.short	1                               @ Loc expr size
	.byte	80                              @ DW_OP_reg0
	.long	.Ltmp58-.Lfunc_begin1
	.long	.Ltmp63-.Lfunc_begin1
	.short	1                               @ Loc expr size
	.byte	82                              @ DW_OP_reg2
	.long	0
	.long	0
.Ldebug_loc9:
	.long	-1
	.long	.Lfunc_begin1                   @   base address
	.long	.Ltmp62-.Lfunc_begin1
	.long	.Ltmp104-.Lfunc_begin1
	.short	1                               @ Loc expr size
	.byte	94                              @ DW_OP_reg14
	.long	0
	.long	0
.Ldebug_loc10:
	.long	-1
	.long	.Lfunc_begin1                   @   base address
	.long	.Ltmp64-.Lfunc_begin1
	.long	.Ltmp92-.Lfunc_begin1
	.short	5                               @ Loc expr size
	.byte	116                             @ DW_OP_breg4
	.byte	0                               @ 0
	.byte	79                              @ DW_OP_lit31
	.byte	26                              @ DW_OP_and
	.byte	159                             @ DW_OP_stack_value
	.long	0
	.long	0
.Ldebug_loc11:
	.long	-1
	.long	.Lfunc_begin1                   @   base address
	.long	.Ltmp65-.Lfunc_begin1
	.long	.Ltmp69-.Lfunc_begin1
	.short	4                               @ Loc expr size
	.byte	117                             @ DW_OP_breg5
	.byte	252                             @ 124
	.byte	0                               @ 
	.byte	159                             @ DW_OP_stack_value
	.long	.Ltmp94-.Lfunc_begin1
	.long	.Ltmp95-.Lfunc_begin1
	.short	3                               @ Loc expr size
	.byte	112                             @ DW_OP_breg0
	.byte	8                               @ 8
	.byte	159                             @ DW_OP_stack_value
	.long	0
	.long	0
.Ldebug_loc12:
	.long	-1
	.long	.Lfunc_begin1                   @   base address
	.long	.Ltmp66-.Lfunc_begin1
	.long	.Ltmp97-.Lfunc_begin1
	.short	1                               @ Loc expr size
	.byte	83                              @ DW_OP_reg3
	.long	0
	.long	0
.Ldebug_loc13:
	.long	-1
	.long	.Lfunc_begin1                   @   base address
	.long	.Ltmp67-.Lfunc_begin1
	.long	.Ltmp68-.Lfunc_begin1
	.short	1                               @ Loc expr size
	.byte	80                              @ DW_OP_reg0
	.long	.Ltmp70-.Lfunc_begin1
	.long	.Ltmp73-.Lfunc_begin1
	.short	1                               @ Loc expr size
	.byte	85                              @ DW_OP_reg5
	.long	.Ltmp76-.Lfunc_begin1
	.long	.Ltmp77-.Lfunc_begin1
	.short	1                               @ Loc expr size
	.byte	85                              @ DW_OP_reg5
	.long	.Ltmp83-.Lfunc_begin1
	.long	.Ltmp85-.Lfunc_begin1
	.short	1                               @ Loc expr size
	.byte	85                              @ DW_OP_reg5
	.long	.Ltmp89-.Lfunc_begin1
	.long	.Ltmp90-.Lfunc_begin1
	.short	1                               @ Loc expr size
	.byte	85                              @ DW_OP_reg5
	.long	0
	.long	0
.Ldebug_loc14:
	.long	-1
	.long	.Lfunc_begin1                   @   base address
	.long	.Ltmp97-.Lfunc_begin1
	.long	.Ltmp101-.Lfunc_begin1
	.short	1                               @ Loc expr size
	.byte	83                              @ DW_OP_reg3
	.long	0
	.long	0
.Ldebug_loc15:
	.long	-1
	.long	.Lfunc_begin2                   @   base address
	.long	.Lfunc_begin2-.Lfunc_begin2
	.long	.Ltmp133-.Lfunc_begin2
	.short	1                               @ Loc expr size
	.byte	80                              @ DW_OP_reg0
	.long	.Ltmp133-.Lfunc_begin2
	.long	.Ltmp140-.Lfunc_begin2
	.short	4                               @ Loc expr size
	.byte	243                             @ DW_OP_GNU_entry_value
	.byte	1                               @ 1
	.byte	80                              @ DW_OP_reg0
	.byte	159                             @ DW_OP_stack_value
	.long	0
	.long	0
.Ldebug_loc16:
	.long	-1
	.long	.Lfunc_begin2                   @   base address
	.long	.Ltmp107-.Lfunc_begin2
	.long	.Ltmp128-.Lfunc_begin2
	.short	5                               @ Loc expr size
	.byte	116                             @ DW_OP_breg4
	.byte	0                               @ 0
	.byte	79                              @ DW_OP_lit31
	.byte	26                              @ DW_OP_and
	.byte	159                             @ DW_OP_stack_value
	.long	0
	.long	0
.Ldebug_loc17:
	.long	-1
	.long	.Lfunc_begin2                   @   base address
	.long	.Ltmp108-.Lfunc_begin2
	.long	.Ltmp136-.Lfunc_begin2
	.short	1                               @ Loc expr size
	.byte	83                              @ DW_OP_reg3
	.long	0
	.long	0
.Ldebug_loc18:
	.long	-1
	.long	.Lfunc_begin2                   @   base address
	.long	.Ltmp109-.Lfunc_begin2
	.long	.Ltmp135-.Lfunc_begin2
	.short	1                               @ Loc expr size
	.byte	81                              @ DW_OP_reg1
	.long	0
	.long	0
.Ldebug_loc19:
	.long	-1
	.long	.Lfunc_begin2                   @   base address
	.long	.Ltmp110-.Lfunc_begin2
	.long	.Ltmp112-.Lfunc_begin2
	.short	4                               @ Loc expr size
	.byte	117                             @ DW_OP_breg5
	.byte	252                             @ 124
	.byte	0                               @ 
	.byte	159                             @ DW_OP_stack_value
	.long	.Ltmp121-.Lfunc_begin2
	.long	.Ltmp125-.Lfunc_begin2
	.short	6                               @ Loc expr size
	.byte	124                             @ DW_OP_breg12
	.byte	0                               @ 0
	.byte	114                             @ DW_OP_breg2
	.byte	0                               @ 0
	.byte	34                              @ DW_OP_plus
	.byte	159                             @ DW_OP_stack_value
	.long	.Ltmp136-.Lfunc_begin2
	.long	.Ltmp137-.Lfunc_begin2
	.short	3                               @ Loc expr size
	.byte	114                             @ DW_OP_breg2
	.byte	8                               @ 8
	.byte	159                             @ DW_OP_stack_value
	.long	.Ltmp137-.Lfunc_begin2
	.long	.Ltmp139-.Lfunc_begin2
	.short	6                               @ Loc expr size
	.byte	116                             @ DW_OP_breg4
	.byte	0                               @ 0
	.byte	115                             @ DW_OP_breg3
	.byte	0                               @ 0
	.byte	34                              @ DW_OP_plus
	.byte	159                             @ DW_OP_stack_value
	.long	0
	.long	0
.Ldebug_loc20:
	.long	-1
	.long	.Lfunc_begin2                   @   base address
	.long	.Ltmp111-.Lfunc_begin2
	.long	.Ltmp113-.Lfunc_begin2
	.short	1                               @ Loc expr size
	.byte	82                              @ DW_OP_reg2
	.long	.Ltmp114-.Lfunc_begin2
	.long	.Ltmp117-.Lfunc_begin2
	.short	1                               @ Loc expr size
	.byte	82                              @ DW_OP_reg2
	.long	.Ltmp120-.Lfunc_begin2
	.long	.Ltmp122-.Lfunc_begin2
	.short	1                               @ Loc expr size
	.byte	87                              @ DW_OP_reg7
	.long	.Ltmp122-.Lfunc_begin2
	.long	.Ltmp124-.Lfunc_begin2
	.short	1                               @ Loc expr size
	.byte	85                              @ DW_OP_reg5
	.long	.Ltmp129-.Lfunc_begin2
	.long	.Ltmp130-.Lfunc_begin2
	.short	1                               @ Loc expr size
	.byte	87                              @ DW_OP_reg7
	.long	.Ltmp130-.Lfunc_begin2
	.long	.Ltmp132-.Lfunc_begin2
	.short	1                               @ Loc expr size
	.byte	84                              @ DW_OP_reg4
	.long	0
	.long	0
.Ldebug_loc21:
	.long	-1
	.long	.Lfunc_begin2                   @   base address
	.long	.Ltmp135-.Lfunc_begin2
	.long	.Ltmp138-.Lfunc_begin2
	.short	1                               @ Loc expr size
	.byte	81                              @ DW_OP_reg1
	.long	0
	.long	0
.Ldebug_loc22:
	.long	-1
	.long	.Lfunc_begin3                   @   base address
	.long	.Lfunc_begin3-.Lfunc_begin3
	.long	.Ltmp142-.Lfunc_begin3
	.short	1                               @ Loc expr size
	.byte	80                              @ DW_OP_reg0
	.long	.Ltmp142-.Lfunc_begin3
	.long	.Lfunc_end3-.Lfunc_begin3
	.short	1                               @ Loc expr size
	.byte	83                              @ DW_OP_reg3
	.long	0
	.long	0
.Ldebug_loc23:
	.long	-1
	.long	.Lfunc_begin4                   @   base address
	.long	.Lfunc_begin4-.Lfunc_begin4
	.long	.Ltmp148-.Lfunc_begin4
	.short	1                               @ Loc expr size
	.byte	80                              @ DW_OP_reg0
	.long	.Ltmp148-.Lfunc_begin4
	.long	.Ltmp149-.Lfunc_begin4
	.short	4                               @ Loc expr size
	.byte	243                             @ DW_OP_GNU_entry_value
	.byte	1                               @ 1
	.byte	80                              @ DW_OP_reg0
	.byte	159                             @ DW_OP_stack_value
	.long	.Ltmp149-.Lfunc_begin4
	.long	.Ltmp151-.Lfunc_begin4
	.short	1                               @ Loc expr size
	.byte	80                              @ DW_OP_reg0
	.long	.Ltmp151-.Lfunc_begin4
	.long	.Lfunc_end4-.Lfunc_begin4
	.short	4                               @ Loc expr size
	.byte	243                             @ DW_OP_GNU_entry_value
	.byte	1                               @ 1
	.byte	80                              @ DW_OP_reg0
	.byte	159                             @ DW_OP_stack_value
	.long	0
	.long	0
.Ldebug_loc24:
	.long	-1
	.long	.Lfunc_begin5                   @   base address
	.long	.Lfunc_begin5-.Lfunc_begin5
	.long	.Ltmp161-.Lfunc_begin5
	.short	1                               @ Loc expr size
	.byte	80                              @ DW_OP_reg0
	.long	.Ltmp161-.Lfunc_begin5
	.long	.Lfunc_end5-.Lfunc_begin5
	.short	4                               @ Loc expr size
	.byte	243                             @ DW_OP_GNU_entry_value
	.byte	1                               @ 1
	.byte	80                              @ DW_OP_reg0
	.byte	159                             @ DW_OP_stack_value
	.long	0
	.long	0
.Ldebug_loc25:
	.long	-1
	.long	.Lfunc_begin5                   @   base address
	.long	.Ltmp154-.Lfunc_begin5
	.long	.Ltmp155-.Lfunc_begin5
	.short	7                               @ Loc expr size
	.byte	113                             @ DW_OP_breg1
	.byte	0                               @ 0
	.byte	64                              @ DW_OP_lit16
	.byte	37                              @ DW_OP_shr
	.byte	51                              @ DW_OP_lit3
	.byte	26                              @ DW_OP_and
	.byte	159                             @ DW_OP_stack_value
	.long	0
	.long	0
.Ldebug_loc26:
	.long	-1
	.long	.Lfunc_begin5                   @   base address
	.long	.Ltmp157-.Lfunc_begin5
	.long	.Lfunc_end5-.Lfunc_begin5
	.short	1                               @ Loc expr size
	.byte	83                              @ DW_OP_reg3
	.long	0
	.long	0
.Ldebug_loc27:
	.long	-1
	.long	.Lfunc_begin6                   @   base address
	.long	.Lfunc_begin6-.Lfunc_begin6
	.long	.Ltmp167-.Lfunc_begin6
	.short	1                               @ Loc expr size
	.byte	80                              @ DW_OP_reg0
	.long	.Ltmp167-.Lfunc_begin6
	.long	.Lfunc_end6-.Lfunc_begin6
	.short	4                               @ Loc expr size
	.byte	243                             @ DW_OP_GNU_entry_value
	.byte	1                               @ 1
	.byte	80                              @ DW_OP_reg0
	.byte	159                             @ DW_OP_stack_value
	.long	0
	.long	0
.Ldebug_loc28:
	.long	-1
	.long	.Lfunc_begin6                   @   base address
	.long	.Lfunc_begin6-.Lfunc_begin6
	.long	.Ltmp168-.Lfunc_begin6
	.short	1                               @ Loc expr size
	.byte	81                              @ DW_OP_reg1
	.long	.Ltmp168-.Lfunc_begin6
	.long	.Lfunc_end6-.Lfunc_begin6
	.short	4                               @ Loc expr size
	.byte	243                             @ DW_OP_GNU_entry_value
	.byte	1                               @ 1
	.byte	81                              @ DW_OP_reg1
	.byte	159                             @ DW_OP_stack_value
	.long	0
	.long	0
.Ldebug_loc29:
	.long	-1
	.long	.Lfunc_begin6                   @   base address
	.long	.Ltmp167-.Lfunc_begin6
	.long	.Ltmp170-.Lfunc_begin6
	.short	7                               @ Loc expr size
	.byte	112                             @ DW_OP_breg0
	.byte	0                               @ 0
	.byte	64                              @ DW_OP_lit16
	.byte	37                              @ DW_OP_shr
	.byte	51                              @ DW_OP_lit3
	.byte	26                              @ DW_OP_and
	.byte	159                             @ DW_OP_stack_value
	.long	0
	.long	0
.Ldebug_loc30:
	.long	-1
	.long	.Lfunc_begin6                   @   base address
	.long	.Ltmp170-.Lfunc_begin6
	.long	.Ltmp171-.Lfunc_begin6
	.short	5                               @ Loc expr size
	.byte	49                              @ DW_OP_lit1
	.byte	112                             @ DW_OP_breg0
	.byte	0                               @ 0
	.byte	36                              @ DW_OP_shl
	.byte	159                             @ DW_OP_stack_value
	.long	0
	.long	0
.Ldebug_loc31:
	.long	-1
	.long	.Lfunc_begin6                   @   base address
	.long	.Ltmp170-.Lfunc_begin6
	.long	.Ltmp171-.Lfunc_begin6
	.short	1                               @ Loc expr size
	.byte	80                              @ DW_OP_reg0
	.long	0
	.long	0
.Ldebug_loc32:
	.long	-1
	.long	.Lfunc_begin6                   @   base address
	.long	.Ltmp172-.Lfunc_begin6
	.long	.Lfunc_end6-.Lfunc_begin6
	.short	1                               @ Loc expr size
	.byte	80                              @ DW_OP_reg0
	.long	0
	.long	0
.Ldebug_loc33:
	.long	-1
	.long	.Lfunc_begin7                   @   base address
	.long	.Lfunc_begin7-.Lfunc_begin7
	.long	.Ltmp174-.Lfunc_begin7
	.short	1                               @ Loc expr size
	.byte	80                              @ DW_OP_reg0
	.long	.Ltmp174-.Lfunc_begin7
	.long	.Lfunc_end7-.Lfunc_begin7
	.short	4                               @ Loc expr size
	.byte	243                             @ DW_OP_GNU_entry_value
	.byte	1                               @ 1
	.byte	80                              @ DW_OP_reg0
	.byte	159                             @ DW_OP_stack_value
	.long	0
	.long	0
.Ldebug_loc34:
	.long	-1
	.long	.Lfunc_begin7                   @   base address
	.long	.Lfunc_begin7-.Lfunc_begin7
	.long	.Ltmp175-.Lfunc_begin7
	.short	1                               @ Loc expr size
	.byte	81                              @ DW_OP_reg1
	.long	.Ltmp175-.Lfunc_begin7
	.long	.Lfunc_end7-.Lfunc_begin7
	.short	4                               @ Loc expr size
	.byte	243                             @ DW_OP_GNU_entry_value
	.byte	1                               @ 1
	.byte	81                              @ DW_OP_reg1
	.byte	159                             @ DW_OP_stack_value
	.long	0
	.long	0
.Ldebug_loc35:
	.long	-1
	.long	.Lfunc_begin7                   @   base address
	.long	.Ltmp174-.Lfunc_begin7
	.long	.Ltmp176-.Lfunc_begin7
	.short	7                               @ Loc expr size
	.byte	112                             @ DW_OP_breg0
	.byte	0                               @ 0
	.byte	64                              @ DW_OP_lit16
	.byte	37                              @ DW_OP_shr
	.byte	51                              @ DW_OP_lit3
	.byte	26                              @ DW_OP_and
	.byte	159                             @ DW_OP_stack_value
	.long	0
	.long	0
.Ldebug_loc36:
	.long	-1
	.long	.Lfunc_begin7                   @   base address
	.long	.Ltmp178-.Lfunc_begin7
	.long	.Lfunc_end7-.Lfunc_begin7
	.short	1                               @ Loc expr size
	.byte	81                              @ DW_OP_reg1
	.long	0
	.long	0
.Ldebug_loc37:
	.long	-1
	.long	.Lfunc_begin8                   @   base address
	.long	.Lfunc_begin8-.Lfunc_begin8
	.long	.Ltmp180-.Lfunc_begin8
	.short	1                               @ Loc expr size
	.byte	80                              @ DW_OP_reg0
	.long	.Ltmp180-.Lfunc_begin8
	.long	.Lfunc_end8-.Lfunc_begin8
	.short	4                               @ Loc expr size
	.byte	243                             @ DW_OP_GNU_entry_value
	.byte	1                               @ 1
	.byte	80                              @ DW_OP_reg0
	.byte	159                             @ DW_OP_stack_value
	.long	0
	.long	0
.Ldebug_loc38:
	.long	-1
	.long	.Lfunc_begin8                   @   base address
	.long	.Ltmp180-.Lfunc_begin8
	.long	.Ltmp181-.Lfunc_begin8
	.short	7                               @ Loc expr size
	.byte	112                             @ DW_OP_breg0
	.byte	0                               @ 0
	.byte	64                              @ DW_OP_lit16
	.byte	37                              @ DW_OP_shr
	.byte	51                              @ DW_OP_lit3
	.byte	26                              @ DW_OP_and
	.byte	159                             @ DW_OP_stack_value
	.long	0
	.long	0
.Ldebug_loc39:
	.long	-1
	.long	.Lfunc_begin8                   @   base address
	.long	.Ltmp183-.Lfunc_begin8
	.long	.Lfunc_end8-.Lfunc_begin8
	.short	1                               @ Loc expr size
	.byte	81                              @ DW_OP_reg1
	.long	0
	.long	0
	.section	.debug_abbrev,"",%progbits
	.byte	1                               @ Abbreviation Code
	.byte	17                              @ DW_TAG_compile_unit
	.byte	1                               @ DW_CHILDREN_yes
	.byte	37                              @ DW_AT_producer
	.byte	14                              @ DW_FORM_strp
	.byte	19                              @ DW_AT_language
	.byte	5                               @ DW_FORM_data2
	.byte	3                               @ DW_AT_name
	.byte	14                              @ DW_FORM_strp
	.byte	16                              @ DW_AT_stmt_list
	.byte	23                              @ DW_FORM_sec_offset
	.byte	27                              @ DW_AT_comp_dir
	.byte	14                              @ DW_FORM_strp
	.byte	17                              @ DW_AT_low_pc
	.byte	1                               @ DW_FORM_addr
	.byte	85                              @ DW_AT_ranges
	.byte	23                              @ DW_FORM_sec_offset
	.byte	0                               @ EOM(1)
	.byte	0                               @ EOM(2)
	.byte	2                               @ Abbreviation Code
	.byte	4                               @ DW_TAG_enumeration_type
	.byte	1                               @ DW_CHILDREN_yes
	.byte	73                              @ DW_AT_type
	.byte	19                              @ DW_FORM_ref4
	.byte	11                              @ DW_AT_byte_size
	.byte	11                              @ DW_FORM_data1
	.byte	58                              @ DW_AT_decl_file
	.byte	11                              @ DW_FORM_data1
	.byte	59                              @ DW_AT_decl_line
	.byte	11                              @ DW_FORM_data1
	.byte	0                               @ EOM(1)
	.byte	0                               @ EOM(2)
	.byte	3                               @ Abbreviation Code
	.byte	40                              @ DW_TAG_enumerator
	.byte	0                               @ DW_CHILDREN_no
	.byte	3                               @ DW_AT_name
	.byte	14                              @ DW_FORM_strp
	.byte	28                              @ DW_AT_const_value
	.byte	15                              @ DW_FORM_udata
	.byte	0                               @ EOM(1)
	.byte	0                               @ EOM(2)
	.byte	4                               @ Abbreviation Code
	.byte	36                              @ DW_TAG_base_type
	.byte	0                               @ DW_CHILDREN_no
	.byte	3                               @ DW_AT_name
	.byte	14                              @ DW_FORM_strp
	.byte	62                              @ DW_AT_encoding
	.byte	11                              @ DW_FORM_data1
	.byte	11                              @ DW_AT_byte_size
	.byte	11                              @ DW_FORM_data1
	.byte	0                               @ EOM(1)
	.byte	0                               @ EOM(2)
	.byte	5                               @ Abbreviation Code
	.byte	15                              @ DW_TAG_pointer_type
	.byte	0                               @ DW_CHILDREN_no
	.byte	73                              @ DW_AT_type
	.byte	19                              @ DW_FORM_ref4
	.byte	0                               @ EOM(1)
	.byte	0                               @ EOM(2)
	.byte	6                               @ Abbreviation Code
	.byte	53                              @ DW_TAG_volatile_type
	.byte	0                               @ DW_CHILDREN_no
	.byte	73                              @ DW_AT_type
	.byte	19                              @ DW_FORM_ref4
	.byte	0                               @ EOM(1)
	.byte	0                               @ EOM(2)
	.byte	7                               @ Abbreviation Code
	.byte	22                              @ DW_TAG_typedef
	.byte	0                               @ DW_CHILDREN_no
	.byte	73                              @ DW_AT_type
	.byte	19                              @ DW_FORM_ref4
	.byte	3                               @ DW_AT_name
	.byte	14                              @ DW_FORM_strp
	.byte	58                              @ DW_AT_decl_file
	.byte	11                              @ DW_FORM_data1
	.byte	59                              @ DW_AT_decl_line
	.byte	11                              @ DW_FORM_data1
	.byte	0                               @ EOM(1)
	.byte	0                               @ EOM(2)
	.byte	8                               @ Abbreviation Code
	.byte	22                              @ DW_TAG_typedef
	.byte	0                               @ DW_CHILDREN_no
	.byte	73                              @ DW_AT_type
	.byte	19                              @ DW_FORM_ref4
	.byte	3                               @ DW_AT_name
	.byte	14                              @ DW_FORM_strp
	.byte	58                              @ DW_AT_decl_file
	.byte	11                              @ DW_FORM_data1
	.byte	59                              @ DW_AT_decl_line
	.byte	5                               @ DW_FORM_data2
	.byte	0                               @ EOM(1)
	.byte	0                               @ EOM(2)
	.byte	9                               @ Abbreviation Code
	.byte	19                              @ DW_TAG_structure_type
	.byte	1                               @ DW_CHILDREN_yes
	.byte	11                              @ DW_AT_byte_size
	.byte	11                              @ DW_FORM_data1
	.byte	58                              @ DW_AT_decl_file
	.byte	11                              @ DW_FORM_data1
	.byte	59                              @ DW_AT_decl_line
	.byte	5                               @ DW_FORM_data2
	.byte	0                               @ EOM(1)
	.byte	0                               @ EOM(2)
	.byte	10                              @ Abbreviation Code
	.byte	13                              @ DW_TAG_member
	.byte	0                               @ DW_CHILDREN_no
	.byte	3                               @ DW_AT_name
	.byte	14                              @ DW_FORM_strp
	.byte	73                              @ DW_AT_type
	.byte	19                              @ DW_FORM_ref4
	.byte	58                              @ DW_AT_decl_file
	.byte	11                              @ DW_FORM_data1
	.byte	59                              @ DW_AT_decl_line
	.byte	5                               @ DW_FORM_data2
	.byte	56                              @ DW_AT_data_member_location
	.byte	11                              @ DW_FORM_data1
	.byte	0                               @ EOM(1)
	.byte	0                               @ EOM(2)
	.byte	11                              @ Abbreviation Code
	.byte	1                               @ DW_TAG_array_type
	.byte	1                               @ DW_CHILDREN_yes
	.byte	73                              @ DW_AT_type
	.byte	19                              @ DW_FORM_ref4
	.byte	0                               @ EOM(1)
	.byte	0                               @ EOM(2)
	.byte	12                              @ Abbreviation Code
	.byte	33                              @ DW_TAG_subrange_type
	.byte	0                               @ DW_CHILDREN_no
	.byte	73                              @ DW_AT_type
	.byte	19                              @ DW_FORM_ref4
	.byte	55                              @ DW_AT_count
	.byte	11                              @ DW_FORM_data1
	.byte	0                               @ EOM(1)
	.byte	0                               @ EOM(2)
	.byte	13                              @ Abbreviation Code
	.byte	36                              @ DW_TAG_base_type
	.byte	0                               @ DW_CHILDREN_no
	.byte	3                               @ DW_AT_name
	.byte	14                              @ DW_FORM_strp
	.byte	11                              @ DW_AT_byte_size
	.byte	11                              @ DW_FORM_data1
	.byte	62                              @ DW_AT_encoding
	.byte	11                              @ DW_FORM_data1
	.byte	0                               @ EOM(1)
	.byte	0                               @ EOM(2)
	.byte	14                              @ Abbreviation Code
	.byte	19                              @ DW_TAG_structure_type
	.byte	1                               @ DW_CHILDREN_yes
	.byte	11                              @ DW_AT_byte_size
	.byte	5                               @ DW_FORM_data2
	.byte	58                              @ DW_AT_decl_file
	.byte	11                              @ DW_FORM_data1
	.byte	59                              @ DW_AT_decl_line
	.byte	5                               @ DW_FORM_data2
	.byte	0                               @ EOM(1)
	.byte	0                               @ EOM(2)
	.byte	15                              @ Abbreviation Code
	.byte	13                              @ DW_TAG_member
	.byte	0                               @ DW_CHILDREN_no
	.byte	3                               @ DW_AT_name
	.byte	14                              @ DW_FORM_strp
	.byte	73                              @ DW_AT_type
	.byte	19                              @ DW_FORM_ref4
	.byte	58                              @ DW_AT_decl_file
	.byte	11                              @ DW_FORM_data1
	.byte	59                              @ DW_AT_decl_line
	.byte	5                               @ DW_FORM_data2
	.byte	56                              @ DW_AT_data_member_location
	.byte	5                               @ DW_FORM_data2
	.byte	0                               @ EOM(1)
	.byte	0                               @ EOM(2)
	.byte	16                              @ Abbreviation Code
	.byte	46                              @ DW_TAG_subprogram
	.byte	1                               @ DW_CHILDREN_yes
	.byte	17                              @ DW_AT_low_pc
	.byte	1                               @ DW_FORM_addr
	.byte	18                              @ DW_AT_high_pc
	.byte	6                               @ DW_FORM_data4
	.byte	64                              @ DW_AT_frame_base
	.byte	24                              @ DW_FORM_exprloc
	.ascii	"\227B"                         @ DW_AT_GNU_all_call_sites
	.byte	25                              @ DW_FORM_flag_present
	.byte	3                               @ DW_AT_name
	.byte	14                              @ DW_FORM_strp
	.byte	58                              @ DW_AT_decl_file
	.byte	11                              @ DW_FORM_data1
	.byte	59                              @ DW_AT_decl_line
	.byte	11                              @ DW_FORM_data1
	.byte	39                              @ DW_AT_prototyped
	.byte	25                              @ DW_FORM_flag_present
	.byte	73                              @ DW_AT_type
	.byte	19                              @ DW_FORM_ref4
	.byte	63                              @ DW_AT_external
	.byte	25                              @ DW_FORM_flag_present
	.byte	0                               @ EOM(1)
	.byte	0                               @ EOM(2)
	.byte	17                              @ Abbreviation Code
	.byte	5                               @ DW_TAG_formal_parameter
	.byte	0                               @ DW_CHILDREN_no
	.byte	2                               @ DW_AT_location
	.byte	23                              @ DW_FORM_sec_offset
	.byte	3                               @ DW_AT_name
	.byte	14                              @ DW_FORM_strp
	.byte	58                              @ DW_AT_decl_file
	.byte	11                              @ DW_FORM_data1
	.byte	59                              @ DW_AT_decl_line
	.byte	11                              @ DW_FORM_data1
	.byte	73                              @ DW_AT_type
	.byte	19                              @ DW_FORM_ref4
	.byte	0                               @ EOM(1)
	.byte	0                               @ EOM(2)
	.byte	18                              @ Abbreviation Code
	.byte	52                              @ DW_TAG_variable
	.byte	0                               @ DW_CHILDREN_no
	.byte	2                               @ DW_AT_location
	.byte	23                              @ DW_FORM_sec_offset
	.byte	3                               @ DW_AT_name
	.byte	14                              @ DW_FORM_strp
	.byte	58                              @ DW_AT_decl_file
	.byte	11                              @ DW_FORM_data1
	.byte	59                              @ DW_AT_decl_line
	.byte	11                              @ DW_FORM_data1
	.byte	73                              @ DW_AT_type
	.byte	19                              @ DW_FORM_ref4
	.byte	0                               @ EOM(1)
	.byte	0                               @ EOM(2)
	.byte	19                              @ Abbreviation Code
	.byte	46                              @ DW_TAG_subprogram
	.byte	1                               @ DW_CHILDREN_yes
	.byte	17                              @ DW_AT_low_pc
	.byte	1                               @ DW_FORM_addr
	.byte	18                              @ DW_AT_high_pc
	.byte	6                               @ DW_FORM_data4
	.byte	64                              @ DW_AT_frame_base
	.byte	24                              @ DW_FORM_exprloc
	.ascii	"\227B"                         @ DW_AT_GNU_all_call_sites
	.byte	25                              @ DW_FORM_flag_present
	.byte	3                               @ DW_AT_name
	.byte	14                              @ DW_FORM_strp
	.byte	58                              @ DW_AT_decl_file
	.byte	11                              @ DW_FORM_data1
	.byte	59                              @ DW_AT_decl_line
	.byte	5                               @ DW_FORM_data2
	.byte	39                              @ DW_AT_prototyped
	.byte	25                              @ DW_FORM_flag_present
	.byte	73                              @ DW_AT_type
	.byte	19                              @ DW_FORM_ref4
	.byte	63                              @ DW_AT_external
	.byte	25                              @ DW_FORM_flag_present
	.byte	0                               @ EOM(1)
	.byte	0                               @ EOM(2)
	.byte	20                              @ Abbreviation Code
	.byte	5                               @ DW_TAG_formal_parameter
	.byte	0                               @ DW_CHILDREN_no
	.byte	2                               @ DW_AT_location
	.byte	23                              @ DW_FORM_sec_offset
	.byte	3                               @ DW_AT_name
	.byte	14                              @ DW_FORM_strp
	.byte	58                              @ DW_AT_decl_file
	.byte	11                              @ DW_FORM_data1
	.byte	59                              @ DW_AT_decl_line
	.byte	5                               @ DW_FORM_data2
	.byte	73                              @ DW_AT_type
	.byte	19                              @ DW_FORM_ref4
	.byte	0                               @ EOM(1)
	.byte	0                               @ EOM(2)
	.byte	21                              @ Abbreviation Code
	.byte	5                               @ DW_TAG_formal_parameter
	.byte	0                               @ DW_CHILDREN_no
	.byte	2                               @ DW_AT_location
	.byte	24                              @ DW_FORM_exprloc
	.byte	3                               @ DW_AT_name
	.byte	14                              @ DW_FORM_strp
	.byte	58                              @ DW_AT_decl_file
	.byte	11                              @ DW_FORM_data1
	.byte	59                              @ DW_AT_decl_line
	.byte	5                               @ DW_FORM_data2
	.byte	73                              @ DW_AT_type
	.byte	19                              @ DW_FORM_ref4
	.byte	0                               @ EOM(1)
	.byte	0                               @ EOM(2)
	.byte	22                              @ Abbreviation Code
	.byte	52                              @ DW_TAG_variable
	.byte	0                               @ DW_CHILDREN_no
	.byte	2                               @ DW_AT_location
	.byte	23                              @ DW_FORM_sec_offset
	.byte	3                               @ DW_AT_name
	.byte	14                              @ DW_FORM_strp
	.byte	58                              @ DW_AT_decl_file
	.byte	11                              @ DW_FORM_data1
	.byte	59                              @ DW_AT_decl_line
	.byte	5                               @ DW_FORM_data2
	.byte	73                              @ DW_AT_type
	.byte	19                              @ DW_FORM_ref4
	.byte	0                               @ EOM(1)
	.byte	0                               @ EOM(2)
	.byte	23                              @ Abbreviation Code
	.byte	52                              @ DW_TAG_variable
	.byte	0                               @ DW_CHILDREN_no
	.byte	28                              @ DW_AT_const_value
	.byte	15                              @ DW_FORM_udata
	.byte	3                               @ DW_AT_name
	.byte	14                              @ DW_FORM_strp
	.byte	58                              @ DW_AT_decl_file
	.byte	11                              @ DW_FORM_data1
	.byte	59                              @ DW_AT_decl_line
	.byte	5                               @ DW_FORM_data2
	.byte	73                              @ DW_AT_type
	.byte	19                              @ DW_FORM_ref4
	.byte	0                               @ EOM(1)
	.byte	0                               @ EOM(2)
	.byte	24                              @ Abbreviation Code
	.byte	46                              @ DW_TAG_subprogram
	.byte	1                               @ DW_CHILDREN_yes
	.byte	17                              @ DW_AT_low_pc
	.byte	1                               @ DW_FORM_addr
	.byte	18                              @ DW_AT_high_pc
	.byte	6                               @ DW_FORM_data4
	.byte	64                              @ DW_AT_frame_base
	.byte	24                              @ DW_FORM_exprloc
	.ascii	"\227B"                         @ DW_AT_GNU_all_call_sites
	.byte	25                              @ DW_FORM_flag_present
	.byte	3                               @ DW_AT_name
	.byte	14                              @ DW_FORM_strp
	.byte	58                              @ DW_AT_decl_file
	.byte	11                              @ DW_FORM_data1
	.byte	59                              @ DW_AT_decl_line
	.byte	5                               @ DW_FORM_data2
	.byte	39                              @ DW_AT_prototyped
	.byte	25                              @ DW_FORM_flag_present
	.byte	63                              @ DW_AT_external
	.byte	25                              @ DW_FORM_flag_present
	.byte	0                               @ EOM(1)
	.byte	0                               @ EOM(2)
	.byte	25                              @ Abbreviation Code
	.byte	52                              @ DW_TAG_variable
	.byte	0                               @ DW_CHILDREN_no
	.byte	3                               @ DW_AT_name
	.byte	14                              @ DW_FORM_strp
	.byte	58                              @ DW_AT_decl_file
	.byte	11                              @ DW_FORM_data1
	.byte	59                              @ DW_AT_decl_line
	.byte	5                               @ DW_FORM_data2
	.byte	73                              @ DW_AT_type
	.byte	19                              @ DW_FORM_ref4
	.byte	0                               @ EOM(1)
	.byte	0                               @ EOM(2)
	.byte	26                              @ Abbreviation Code
	.ascii	"\211\202\001"                  @ DW_TAG_GNU_call_site
	.byte	0                               @ DW_CHILDREN_no
	.ascii	"\223B"                         @ DW_AT_GNU_call_site_target
	.byte	24                              @ DW_FORM_exprloc
	.ascii	"\225B"                         @ DW_AT_GNU_tail_call
	.byte	25                              @ DW_FORM_flag_present
	.byte	17                              @ DW_AT_low_pc
	.byte	1                               @ DW_FORM_addr
	.byte	0                               @ EOM(1)
	.byte	0                               @ EOM(2)
	.byte	27                              @ Abbreviation Code
	.byte	19                              @ DW_TAG_structure_type
	.byte	1                               @ DW_CHILDREN_yes
	.byte	11                              @ DW_AT_byte_size
	.byte	11                              @ DW_FORM_data1
	.byte	58                              @ DW_AT_decl_file
	.byte	11                              @ DW_FORM_data1
	.byte	59                              @ DW_AT_decl_line
	.byte	11                              @ DW_FORM_data1
	.byte	0                               @ EOM(1)
	.byte	0                               @ EOM(2)
	.byte	28                              @ Abbreviation Code
	.byte	13                              @ DW_TAG_member
	.byte	0                               @ DW_CHILDREN_no
	.byte	3                               @ DW_AT_name
	.byte	14                              @ DW_FORM_strp
	.byte	73                              @ DW_AT_type
	.byte	19                              @ DW_FORM_ref4
	.byte	58                              @ DW_AT_decl_file
	.byte	11                              @ DW_FORM_data1
	.byte	59                              @ DW_AT_decl_line
	.byte	11                              @ DW_FORM_data1
	.byte	56                              @ DW_AT_data_member_location
	.byte	11                              @ DW_FORM_data1
	.byte	0                               @ EOM(1)
	.byte	0                               @ EOM(2)
	.byte	29                              @ Abbreviation Code
	.byte	21                              @ DW_TAG_subroutine_type
	.byte	0                               @ DW_CHILDREN_no
	.byte	39                              @ DW_AT_prototyped
	.byte	25                              @ DW_FORM_flag_present
	.byte	0                               @ EOM(1)
	.byte	0                               @ EOM(2)
	.byte	30                              @ Abbreviation Code
	.byte	38                              @ DW_TAG_const_type
	.byte	0                               @ DW_CHILDREN_no
	.byte	73                              @ DW_AT_type
	.byte	19                              @ DW_FORM_ref4
	.byte	0                               @ EOM(1)
	.byte	0                               @ EOM(2)
	.byte	0                               @ EOM(3)
	.section	.debug_info,"",%progbits
.Lcu_begin0:
	.long	.Ldebug_info_end0-.Ldebug_info_start0 @ Length of Unit
.Ldebug_info_start0:
	.short	4                               @ DWARF version number
	.long	.debug_abbrev                   @ Offset Into Abbrev. Section
	.byte	4                               @ Address Size (in bytes)
	.byte	1                               @ Abbrev [1] 0xb:0x88b DW_TAG_compile_unit
	.long	.Linfo_string0                  @ DW_AT_producer
	.short	12                              @ DW_AT_language
	.long	.Linfo_string1                  @ DW_AT_name
	.long	.Lline_table_start0             @ DW_AT_stmt_list
	.long	.Linfo_string2                  @ DW_AT_comp_dir
	.long	0                               @ DW_AT_low_pc
	.long	.Ldebug_ranges0                 @ DW_AT_ranges
	.byte	2                               @ Abbrev [2] 0x26:0x21 DW_TAG_enumeration_type
	.long	71                              @ DW_AT_type
	.byte	1                               @ DW_AT_byte_size
	.byte	1                               @ DW_AT_decl_file
	.byte	39                              @ DW_AT_decl_line
	.byte	3                               @ Abbrev [3] 0x2e:0x6 DW_TAG_enumerator
	.long	.Linfo_string4                  @ DW_AT_name
	.byte	0                               @ DW_AT_const_value
	.byte	3                               @ Abbrev [3] 0x34:0x6 DW_TAG_enumerator
	.long	.Linfo_string5                  @ DW_AT_name
	.byte	1                               @ DW_AT_const_value
	.byte	3                               @ Abbrev [3] 0x3a:0x6 DW_TAG_enumerator
	.long	.Linfo_string6                  @ DW_AT_name
	.byte	2                               @ DW_AT_const_value
	.byte	3                               @ Abbrev [3] 0x40:0x6 DW_TAG_enumerator
	.long	.Linfo_string7                  @ DW_AT_name
	.byte	3                               @ DW_AT_const_value
	.byte	0                               @ End Of Children Mark
	.byte	4                               @ Abbrev [4] 0x47:0x7 DW_TAG_base_type
	.long	.Linfo_string3                  @ DW_AT_name
	.byte	8                               @ DW_AT_encoding
	.byte	1                               @ DW_AT_byte_size
	.byte	2                               @ Abbrev [2] 0x4e:0xf DW_TAG_enumeration_type
	.long	71                              @ DW_AT_type
	.byte	1                               @ DW_AT_byte_size
	.byte	2                               @ DW_AT_decl_file
	.byte	44                              @ DW_AT_decl_line
	.byte	3                               @ Abbrev [3] 0x56:0x6 DW_TAG_enumerator
	.long	.Linfo_string8                  @ DW_AT_name
	.byte	0                               @ DW_AT_const_value
	.byte	0                               @ End Of Children Mark
	.byte	5                               @ Abbrev [5] 0x5d:0x5 DW_TAG_pointer_type
	.long	98                              @ DW_AT_type
	.byte	6                               @ Abbrev [6] 0x62:0x5 DW_TAG_volatile_type
	.long	103                             @ DW_AT_type
	.byte	7                               @ Abbrev [7] 0x67:0xb DW_TAG_typedef
	.long	114                             @ DW_AT_type
	.long	.Linfo_string10                 @ DW_AT_name
	.byte	3                               @ DW_AT_decl_file
	.byte	64                              @ DW_AT_decl_line
	.byte	4                               @ Abbrev [4] 0x72:0x7 DW_TAG_base_type
	.long	.Linfo_string9                  @ DW_AT_name
	.byte	7                               @ DW_AT_encoding
	.byte	4                               @ DW_AT_byte_size
	.byte	5                               @ Abbrev [5] 0x79:0x5 DW_TAG_pointer_type
	.long	126                             @ DW_AT_type
	.byte	8                               @ Abbrev [8] 0x7e:0xc DW_TAG_typedef
	.long	138                             @ DW_AT_type
	.long	.Linfo_string44                 @ DW_AT_name
	.byte	4                               @ DW_AT_decl_file
	.short	883                             @ DW_AT_decl_line
	.byte	9                               @ Abbrev [9] 0x8a:0x1a6 DW_TAG_structure_type
	.byte	172                             @ DW_AT_byte_size
	.byte	4                               @ DW_AT_decl_file
	.short	849                             @ DW_AT_decl_line
	.byte	10                              @ Abbrev [10] 0x8f:0xd DW_TAG_member
	.long	.Linfo_string11                 @ DW_AT_name
	.long	98                              @ DW_AT_type
	.byte	4                               @ DW_AT_decl_file
	.short	851                             @ DW_AT_decl_line
	.byte	0                               @ DW_AT_data_member_location
	.byte	10                              @ Abbrev [10] 0x9c:0xd DW_TAG_member
	.long	.Linfo_string12                 @ DW_AT_name
	.long	98                              @ DW_AT_type
	.byte	4                               @ DW_AT_decl_file
	.short	852                             @ DW_AT_decl_line
	.byte	4                               @ DW_AT_data_member_location
	.byte	10                              @ Abbrev [10] 0xa9:0xd DW_TAG_member
	.long	.Linfo_string13                 @ DW_AT_name
	.long	98                              @ DW_AT_type
	.byte	4                               @ DW_AT_decl_file
	.short	853                             @ DW_AT_decl_line
	.byte	8                               @ DW_AT_data_member_location
	.byte	10                              @ Abbrev [10] 0xb6:0xd DW_TAG_member
	.long	.Linfo_string14                 @ DW_AT_name
	.long	98                              @ DW_AT_type
	.byte	4                               @ DW_AT_decl_file
	.short	854                             @ DW_AT_decl_line
	.byte	12                              @ DW_AT_data_member_location
	.byte	10                              @ Abbrev [10] 0xc3:0xd DW_TAG_member
	.long	.Linfo_string15                 @ DW_AT_name
	.long	98                              @ DW_AT_type
	.byte	4                               @ DW_AT_decl_file
	.short	855                             @ DW_AT_decl_line
	.byte	16                              @ DW_AT_data_member_location
	.byte	10                              @ Abbrev [10] 0xd0:0xd DW_TAG_member
	.long	.Linfo_string16                 @ DW_AT_name
	.long	98                              @ DW_AT_type
	.byte	4                               @ DW_AT_decl_file
	.short	856                             @ DW_AT_decl_line
	.byte	20                              @ DW_AT_data_member_location
	.byte	10                              @ Abbrev [10] 0xdd:0xd DW_TAG_member
	.long	.Linfo_string17                 @ DW_AT_name
	.long	560                             @ DW_AT_type
	.byte	4                               @ DW_AT_decl_file
	.short	857                             @ DW_AT_decl_line
	.byte	24                              @ DW_AT_data_member_location
	.byte	10                              @ Abbrev [10] 0xea:0xd DW_TAG_member
	.long	.Linfo_string19                 @ DW_AT_name
	.long	98                              @ DW_AT_type
	.byte	4                               @ DW_AT_decl_file
	.short	858                             @ DW_AT_decl_line
	.byte	32                              @ DW_AT_data_member_location
	.byte	10                              @ Abbrev [10] 0xf7:0xd DW_TAG_member
	.long	.Linfo_string20                 @ DW_AT_name
	.long	98                              @ DW_AT_type
	.byte	4                               @ DW_AT_decl_file
	.short	859                             @ DW_AT_decl_line
	.byte	36                              @ DW_AT_data_member_location
	.byte	10                              @ Abbrev [10] 0x104:0xd DW_TAG_member
	.long	.Linfo_string21                 @ DW_AT_name
	.long	98                              @ DW_AT_type
	.byte	4                               @ DW_AT_decl_file
	.short	860                             @ DW_AT_decl_line
	.byte	40                              @ DW_AT_data_member_location
	.byte	10                              @ Abbrev [10] 0x111:0xd DW_TAG_member
	.long	.Linfo_string22                 @ DW_AT_name
	.long	98                              @ DW_AT_type
	.byte	4                               @ DW_AT_decl_file
	.short	861                             @ DW_AT_decl_line
	.byte	44                              @ DW_AT_data_member_location
	.byte	10                              @ Abbrev [10] 0x11e:0xd DW_TAG_member
	.long	.Linfo_string23                 @ DW_AT_name
	.long	98                              @ DW_AT_type
	.byte	4                               @ DW_AT_decl_file
	.short	862                             @ DW_AT_decl_line
	.byte	48                              @ DW_AT_data_member_location
	.byte	10                              @ Abbrev [10] 0x12b:0xd DW_TAG_member
	.long	.Linfo_string24                 @ DW_AT_name
	.long	98                              @ DW_AT_type
	.byte	4                               @ DW_AT_decl_file
	.short	863                             @ DW_AT_decl_line
	.byte	52                              @ DW_AT_data_member_location
	.byte	10                              @ Abbrev [10] 0x138:0xd DW_TAG_member
	.long	.Linfo_string25                 @ DW_AT_name
	.long	560                             @ DW_AT_type
	.byte	4                               @ DW_AT_decl_file
	.short	864                             @ DW_AT_decl_line
	.byte	56                              @ DW_AT_data_member_location
	.byte	10                              @ Abbrev [10] 0x145:0xd DW_TAG_member
	.long	.Linfo_string26                 @ DW_AT_name
	.long	98                              @ DW_AT_type
	.byte	4                               @ DW_AT_decl_file
	.short	865                             @ DW_AT_decl_line
	.byte	64                              @ DW_AT_data_member_location
	.byte	10                              @ Abbrev [10] 0x152:0xd DW_TAG_member
	.long	.Linfo_string27                 @ DW_AT_name
	.long	98                              @ DW_AT_type
	.byte	4                               @ DW_AT_decl_file
	.short	866                             @ DW_AT_decl_line
	.byte	68                              @ DW_AT_data_member_location
	.byte	10                              @ Abbrev [10] 0x15f:0xd DW_TAG_member
	.long	.Linfo_string28                 @ DW_AT_name
	.long	98                              @ DW_AT_type
	.byte	4                               @ DW_AT_decl_file
	.short	867                             @ DW_AT_decl_line
	.byte	72                              @ DW_AT_data_member_location
	.byte	10                              @ Abbrev [10] 0x16c:0xd DW_TAG_member
	.long	.Linfo_string29                 @ DW_AT_name
	.long	98                              @ DW_AT_type
	.byte	4                               @ DW_AT_decl_file
	.short	868                             @ DW_AT_decl_line
	.byte	76                              @ DW_AT_data_member_location
	.byte	10                              @ Abbrev [10] 0x179:0xd DW_TAG_member
	.long	.Linfo_string30                 @ DW_AT_name
	.long	98                              @ DW_AT_type
	.byte	4                               @ DW_AT_decl_file
	.short	869                             @ DW_AT_decl_line
	.byte	80                              @ DW_AT_data_member_location
	.byte	10                              @ Abbrev [10] 0x186:0xd DW_TAG_member
	.long	.Linfo_string31                 @ DW_AT_name
	.long	98                              @ DW_AT_type
	.byte	4                               @ DW_AT_decl_file
	.short	870                             @ DW_AT_decl_line
	.byte	84                              @ DW_AT_data_member_location
	.byte	10                              @ Abbrev [10] 0x193:0xd DW_TAG_member
	.long	.Linfo_string32                 @ DW_AT_name
	.long	579                             @ DW_AT_type
	.byte	4                               @ DW_AT_decl_file
	.short	871                             @ DW_AT_decl_line
	.byte	88                              @ DW_AT_data_member_location
	.byte	10                              @ Abbrev [10] 0x1a0:0xd DW_TAG_member
	.long	.Linfo_string33                 @ DW_AT_name
	.long	98                              @ DW_AT_type
	.byte	4                               @ DW_AT_decl_file
	.short	872                             @ DW_AT_decl_line
	.byte	128                             @ DW_AT_data_member_location
	.byte	10                              @ Abbrev [10] 0x1ad:0xd DW_TAG_member
	.long	.Linfo_string34                 @ DW_AT_name
	.long	98                              @ DW_AT_type
	.byte	4                               @ DW_AT_decl_file
	.short	873                             @ DW_AT_decl_line
	.byte	132                             @ DW_AT_data_member_location
	.byte	10                              @ Abbrev [10] 0x1ba:0xd DW_TAG_member
	.long	.Linfo_string35                 @ DW_AT_name
	.long	98                              @ DW_AT_type
	.byte	4                               @ DW_AT_decl_file
	.short	874                             @ DW_AT_decl_line
	.byte	136                             @ DW_AT_data_member_location
	.byte	10                              @ Abbrev [10] 0x1c7:0xd DW_TAG_member
	.long	.Linfo_string36                 @ DW_AT_name
	.long	103                             @ DW_AT_type
	.byte	4                               @ DW_AT_decl_file
	.short	875                             @ DW_AT_decl_line
	.byte	140                             @ DW_AT_data_member_location
	.byte	10                              @ Abbrev [10] 0x1d4:0xd DW_TAG_member
	.long	.Linfo_string37                 @ DW_AT_name
	.long	98                              @ DW_AT_type
	.byte	4                               @ DW_AT_decl_file
	.short	876                             @ DW_AT_decl_line
	.byte	144                             @ DW_AT_data_member_location
	.byte	10                              @ Abbrev [10] 0x1e1:0xd DW_TAG_member
	.long	.Linfo_string38                 @ DW_AT_name
	.long	98                              @ DW_AT_type
	.byte	4                               @ DW_AT_decl_file
	.short	877                             @ DW_AT_decl_line
	.byte	148                             @ DW_AT_data_member_location
	.byte	10                              @ Abbrev [10] 0x1ee:0xd DW_TAG_member
	.long	.Linfo_string39                 @ DW_AT_name
	.long	98                              @ DW_AT_type
	.byte	4                               @ DW_AT_decl_file
	.short	878                             @ DW_AT_decl_line
	.byte	152                             @ DW_AT_data_member_location
	.byte	10                              @ Abbrev [10] 0x1fb:0xd DW_TAG_member
	.long	.Linfo_string40                 @ DW_AT_name
	.long	103                             @ DW_AT_type
	.byte	4                               @ DW_AT_decl_file
	.short	879                             @ DW_AT_decl_line
	.byte	156                             @ DW_AT_data_member_location
	.byte	10                              @ Abbrev [10] 0x208:0xd DW_TAG_member
	.long	.Linfo_string41                 @ DW_AT_name
	.long	98                              @ DW_AT_type
	.byte	4                               @ DW_AT_decl_file
	.short	880                             @ DW_AT_decl_line
	.byte	160                             @ DW_AT_data_member_location
	.byte	10                              @ Abbrev [10] 0x215:0xd DW_TAG_member
	.long	.Linfo_string42                 @ DW_AT_name
	.long	98                              @ DW_AT_type
	.byte	4                               @ DW_AT_decl_file
	.short	881                             @ DW_AT_decl_line
	.byte	164                             @ DW_AT_data_member_location
	.byte	10                              @ Abbrev [10] 0x222:0xd DW_TAG_member
	.long	.Linfo_string43                 @ DW_AT_name
	.long	98                              @ DW_AT_type
	.byte	4                               @ DW_AT_decl_file
	.short	882                             @ DW_AT_decl_line
	.byte	168                             @ DW_AT_data_member_location
	.byte	0                               @ End Of Children Mark
	.byte	11                              @ Abbrev [11] 0x230:0xc DW_TAG_array_type
	.long	103                             @ DW_AT_type
	.byte	12                              @ Abbrev [12] 0x235:0x6 DW_TAG_subrange_type
	.long	572                             @ DW_AT_type
	.byte	2                               @ DW_AT_count
	.byte	0                               @ End Of Children Mark
	.byte	13                              @ Abbrev [13] 0x23c:0x7 DW_TAG_base_type
	.long	.Linfo_string18                 @ DW_AT_name
	.byte	8                               @ DW_AT_byte_size
	.byte	7                               @ DW_AT_encoding
	.byte	11                              @ Abbrev [11] 0x243:0xc DW_TAG_array_type
	.long	103                             @ DW_AT_type
	.byte	12                              @ Abbrev [12] 0x248:0x6 DW_TAG_subrange_type
	.long	572                             @ DW_AT_type
	.byte	10                              @ DW_AT_count
	.byte	0                               @ End Of Children Mark
	.byte	5                               @ Abbrev [5] 0x24f:0x5 DW_TAG_pointer_type
	.long	596                             @ DW_AT_type
	.byte	8                               @ Abbrev [8] 0x254:0xc DW_TAG_typedef
	.long	608                             @ DW_AT_type
	.long	.Linfo_string71                 @ DW_AT_name
	.byte	4                               @ DW_AT_decl_file
	.short	1086                            @ DW_AT_decl_line
	.byte	14                              @ Abbrev [14] 0x260:0x1a1 DW_TAG_structure_type
	.short	840                             @ DW_AT_byte_size
	.byte	4                               @ DW_AT_decl_file
	.short	1053                            @ DW_AT_decl_line
	.byte	10                              @ Abbrev [10] 0x266:0xd DW_TAG_member
	.long	.Linfo_string17                 @ DW_AT_name
	.long	103                             @ DW_AT_type
	.byte	4                               @ DW_AT_decl_file
	.short	1055                            @ DW_AT_decl_line
	.byte	0                               @ DW_AT_data_member_location
	.byte	10                              @ Abbrev [10] 0x273:0xd DW_TAG_member
	.long	.Linfo_string45                 @ DW_AT_name
	.long	98                              @ DW_AT_type
	.byte	4                               @ DW_AT_decl_file
	.short	1056                            @ DW_AT_decl_line
	.byte	4                               @ DW_AT_data_member_location
	.byte	10                              @ Abbrev [10] 0x280:0xd DW_TAG_member
	.long	.Linfo_string46                 @ DW_AT_name
	.long	1025                            @ DW_AT_type
	.byte	4                               @ DW_AT_decl_file
	.short	1057                            @ DW_AT_decl_line
	.byte	8                               @ DW_AT_data_member_location
	.byte	10                              @ Abbrev [10] 0x28d:0xd DW_TAG_member
	.long	.Linfo_string47                 @ DW_AT_name
	.long	98                              @ DW_AT_type
	.byte	4                               @ DW_AT_decl_file
	.short	1058                            @ DW_AT_decl_line
	.byte	24                              @ DW_AT_data_member_location
	.byte	10                              @ Abbrev [10] 0x29a:0xd DW_TAG_member
	.long	.Linfo_string25                 @ DW_AT_name
	.long	103                             @ DW_AT_type
	.byte	4                               @ DW_AT_decl_file
	.short	1059                            @ DW_AT_decl_line
	.byte	28                              @ DW_AT_data_member_location
	.byte	10                              @ Abbrev [10] 0x2a7:0xd DW_TAG_member
	.long	.Linfo_string48                 @ DW_AT_name
	.long	98                              @ DW_AT_type
	.byte	4                               @ DW_AT_decl_file
	.short	1060                            @ DW_AT_decl_line
	.byte	32                              @ DW_AT_data_member_location
	.byte	10                              @ Abbrev [10] 0x2b4:0xd DW_TAG_member
	.long	.Linfo_string49                 @ DW_AT_name
	.long	98                              @ DW_AT_type
	.byte	4                               @ DW_AT_decl_file
	.short	1061                            @ DW_AT_decl_line
	.byte	36                              @ DW_AT_data_member_location
	.byte	10                              @ Abbrev [10] 0x2c1:0xd DW_TAG_member
	.long	.Linfo_string50                 @ DW_AT_name
	.long	98                              @ DW_AT_type
	.byte	4                               @ DW_AT_decl_file
	.short	1062                            @ DW_AT_decl_line
	.byte	40                              @ DW_AT_data_member_location
	.byte	10                              @ Abbrev [10] 0x2ce:0xd DW_TAG_member
	.long	.Linfo_string51                 @ DW_AT_name
	.long	98                              @ DW_AT_type
	.byte	4                               @ DW_AT_decl_file
	.short	1063                            @ DW_AT_decl_line
	.byte	44                              @ DW_AT_data_member_location
	.byte	10                              @ Abbrev [10] 0x2db:0xd DW_TAG_member
	.long	.Linfo_string32                 @ DW_AT_name
	.long	1037                            @ DW_AT_type
	.byte	4                               @ DW_AT_decl_file
	.short	1064                            @ DW_AT_decl_line
	.byte	48                              @ DW_AT_data_member_location
	.byte	15                              @ Abbrev [15] 0x2e8:0xe DW_TAG_member
	.long	.Linfo_string52                 @ DW_AT_name
	.long	98                              @ DW_AT_type
	.byte	4                               @ DW_AT_decl_file
	.short	1065                            @ DW_AT_decl_line
	.short	292                             @ DW_AT_data_member_location
	.byte	15                              @ Abbrev [15] 0x2f6:0xe DW_TAG_member
	.long	.Linfo_string36                 @ DW_AT_name
	.long	1049                            @ DW_AT_type
	.byte	4                               @ DW_AT_decl_file
	.short	1066                            @ DW_AT_decl_line
	.short	296                             @ DW_AT_data_member_location
	.byte	15                              @ Abbrev [15] 0x304:0xe DW_TAG_member
	.long	.Linfo_string53                 @ DW_AT_name
	.long	98                              @ DW_AT_type
	.byte	4                               @ DW_AT_decl_file
	.short	1067                            @ DW_AT_decl_line
	.short	768                             @ DW_AT_data_member_location
	.byte	15                              @ Abbrev [15] 0x312:0xe DW_TAG_member
	.long	.Linfo_string54                 @ DW_AT_name
	.long	98                              @ DW_AT_type
	.byte	4                               @ DW_AT_decl_file
	.short	1068                            @ DW_AT_decl_line
	.short	772                             @ DW_AT_data_member_location
	.byte	15                              @ Abbrev [15] 0x320:0xe DW_TAG_member
	.long	.Linfo_string55                 @ DW_AT_name
	.long	98                              @ DW_AT_type
	.byte	4                               @ DW_AT_decl_file
	.short	1069                            @ DW_AT_decl_line
	.short	776                             @ DW_AT_data_member_location
	.byte	15                              @ Abbrev [15] 0x32e:0xe DW_TAG_member
	.long	.Linfo_string56                 @ DW_AT_name
	.long	98                              @ DW_AT_type
	.byte	4                               @ DW_AT_decl_file
	.short	1070                            @ DW_AT_decl_line
	.short	780                             @ DW_AT_data_member_location
	.byte	15                              @ Abbrev [15] 0x33c:0xe DW_TAG_member
	.long	.Linfo_string57                 @ DW_AT_name
	.long	98                              @ DW_AT_type
	.byte	4                               @ DW_AT_decl_file
	.short	1071                            @ DW_AT_decl_line
	.short	784                             @ DW_AT_data_member_location
	.byte	15                              @ Abbrev [15] 0x34a:0xe DW_TAG_member
	.long	.Linfo_string58                 @ DW_AT_name
	.long	98                              @ DW_AT_type
	.byte	4                               @ DW_AT_decl_file
	.short	1072                            @ DW_AT_decl_line
	.short	788                             @ DW_AT_data_member_location
	.byte	15                              @ Abbrev [15] 0x358:0xe DW_TAG_member
	.long	.Linfo_string59                 @ DW_AT_name
	.long	98                              @ DW_AT_type
	.byte	4                               @ DW_AT_decl_file
	.short	1073                            @ DW_AT_decl_line
	.short	792                             @ DW_AT_data_member_location
	.byte	15                              @ Abbrev [15] 0x366:0xe DW_TAG_member
	.long	.Linfo_string60                 @ DW_AT_name
	.long	98                              @ DW_AT_type
	.byte	4                               @ DW_AT_decl_file
	.short	1074                            @ DW_AT_decl_line
	.short	796                             @ DW_AT_data_member_location
	.byte	15                              @ Abbrev [15] 0x374:0xe DW_TAG_member
	.long	.Linfo_string61                 @ DW_AT_name
	.long	98                              @ DW_AT_type
	.byte	4                               @ DW_AT_decl_file
	.short	1075                            @ DW_AT_decl_line
	.short	800                             @ DW_AT_data_member_location
	.byte	15                              @ Abbrev [15] 0x382:0xe DW_TAG_member
	.long	.Linfo_string62                 @ DW_AT_name
	.long	98                              @ DW_AT_type
	.byte	4                               @ DW_AT_decl_file
	.short	1076                            @ DW_AT_decl_line
	.short	804                             @ DW_AT_data_member_location
	.byte	15                              @ Abbrev [15] 0x390:0xe DW_TAG_member
	.long	.Linfo_string63                 @ DW_AT_name
	.long	98                              @ DW_AT_type
	.byte	4                               @ DW_AT_decl_file
	.short	1077                            @ DW_AT_decl_line
	.short	808                             @ DW_AT_data_member_location
	.byte	15                              @ Abbrev [15] 0x39e:0xe DW_TAG_member
	.long	.Linfo_string64                 @ DW_AT_name
	.long	98                              @ DW_AT_type
	.byte	4                               @ DW_AT_decl_file
	.short	1078                            @ DW_AT_decl_line
	.short	812                             @ DW_AT_data_member_location
	.byte	15                              @ Abbrev [15] 0x3ac:0xe DW_TAG_member
	.long	.Linfo_string65                 @ DW_AT_name
	.long	98                              @ DW_AT_type
	.byte	4                               @ DW_AT_decl_file
	.short	1079                            @ DW_AT_decl_line
	.short	816                             @ DW_AT_data_member_location
	.byte	15                              @ Abbrev [15] 0x3ba:0xe DW_TAG_member
	.long	.Linfo_string66                 @ DW_AT_name
	.long	98                              @ DW_AT_type
	.byte	4                               @ DW_AT_decl_file
	.short	1080                            @ DW_AT_decl_line
	.short	820                             @ DW_AT_data_member_location
	.byte	15                              @ Abbrev [15] 0x3c8:0xe DW_TAG_member
	.long	.Linfo_string67                 @ DW_AT_name
	.long	98                              @ DW_AT_type
	.byte	4                               @ DW_AT_decl_file
	.short	1081                            @ DW_AT_decl_line
	.short	824                             @ DW_AT_data_member_location
	.byte	15                              @ Abbrev [15] 0x3d6:0xe DW_TAG_member
	.long	.Linfo_string68                 @ DW_AT_name
	.long	98                              @ DW_AT_type
	.byte	4                               @ DW_AT_decl_file
	.short	1082                            @ DW_AT_decl_line
	.short	828                             @ DW_AT_data_member_location
	.byte	15                              @ Abbrev [15] 0x3e4:0xe DW_TAG_member
	.long	.Linfo_string69                 @ DW_AT_name
	.long	98                              @ DW_AT_type
	.byte	4                               @ DW_AT_decl_file
	.short	1083                            @ DW_AT_decl_line
	.short	832                             @ DW_AT_data_member_location
	.byte	15                              @ Abbrev [15] 0x3f2:0xe DW_TAG_member
	.long	.Linfo_string70                 @ DW_AT_name
	.long	98                              @ DW_AT_type
	.byte	4                               @ DW_AT_decl_file
	.short	1084                            @ DW_AT_decl_line
	.short	836                             @ DW_AT_data_member_location
	.byte	0                               @ End Of Children Mark
	.byte	11                              @ Abbrev [11] 0x401:0xc DW_TAG_array_type
	.long	98                              @ DW_AT_type
	.byte	12                              @ Abbrev [12] 0x406:0x6 DW_TAG_subrange_type
	.long	572                             @ DW_AT_type
	.byte	4                               @ DW_AT_count
	.byte	0                               @ End Of Children Mark
	.byte	11                              @ Abbrev [11] 0x40d:0xc DW_TAG_array_type
	.long	103                             @ DW_AT_type
	.byte	12                              @ Abbrev [12] 0x412:0x6 DW_TAG_subrange_type
	.long	572                             @ DW_AT_type
	.byte	61                              @ DW_AT_count
	.byte	0                               @ End Of Children Mark
	.byte	11                              @ Abbrev [11] 0x419:0xc DW_TAG_array_type
	.long	103                             @ DW_AT_type
	.byte	12                              @ Abbrev [12] 0x41e:0x6 DW_TAG_subrange_type
	.long	572                             @ DW_AT_type
	.byte	118                             @ DW_AT_count
	.byte	0                               @ End Of Children Mark
	.byte	16                              @ Abbrev [16] 0x425:0x8e DW_TAG_subprogram
	.long	.Lfunc_begin0                   @ DW_AT_low_pc
	.long	.Lfunc_end0-.Lfunc_begin0       @ DW_AT_high_pc
	.byte	1                               @ DW_AT_frame_base
	.byte	93
                                        @ DW_AT_GNU_all_call_sites
	.long	.Linfo_string72                 @ DW_AT_name
	.byte	5                               @ DW_AT_decl_file
	.byte	170                             @ DW_AT_decl_line
                                        @ DW_AT_prototyped
	.long	2023                            @ DW_AT_type
                                        @ DW_AT_external
	.byte	17                              @ Abbrev [17] 0x43a:0xf DW_TAG_formal_parameter
	.long	.Ldebug_loc0                    @ DW_AT_location
	.long	.Linfo_string82                 @ DW_AT_name
	.byte	5                               @ DW_AT_decl_file
	.byte	170                             @ DW_AT_decl_line
	.long	2034                            @ DW_AT_type
	.byte	17                              @ Abbrev [17] 0x449:0xf DW_TAG_formal_parameter
	.long	.Ldebug_loc1                    @ DW_AT_location
	.long	.Linfo_string86                 @ DW_AT_name
	.byte	5                               @ DW_AT_decl_file
	.byte	170                             @ DW_AT_decl_line
	.long	2085                            @ DW_AT_type
	.byte	18                              @ Abbrev [18] 0x458:0xf DW_TAG_variable
	.long	.Ldebug_loc2                    @ DW_AT_location
	.long	.Linfo_string92                 @ DW_AT_name
	.byte	5                               @ DW_AT_decl_file
	.byte	174                             @ DW_AT_decl_line
	.long	103                             @ DW_AT_type
	.byte	18                              @ Abbrev [18] 0x467:0xf DW_TAG_variable
	.long	.Ldebug_loc3                    @ DW_AT_location
	.long	.Linfo_string93                 @ DW_AT_name
	.byte	5                               @ DW_AT_decl_file
	.byte	176                             @ DW_AT_decl_line
	.long	103                             @ DW_AT_type
	.byte	18                              @ Abbrev [18] 0x476:0xf DW_TAG_variable
	.long	.Ldebug_loc4                    @ DW_AT_location
	.long	.Linfo_string94                 @ DW_AT_name
	.byte	5                               @ DW_AT_decl_file
	.byte	175                             @ DW_AT_decl_line
	.long	103                             @ DW_AT_type
	.byte	18                              @ Abbrev [18] 0x485:0xf DW_TAG_variable
	.long	.Ldebug_loc5                    @ DW_AT_location
	.long	.Linfo_string95                 @ DW_AT_name
	.byte	5                               @ DW_AT_decl_file
	.byte	172                             @ DW_AT_decl_line
	.long	93                              @ DW_AT_type
	.byte	18                              @ Abbrev [18] 0x494:0xf DW_TAG_variable
	.long	.Ldebug_loc6                    @ DW_AT_location
	.long	.Linfo_string96                 @ DW_AT_name
	.byte	5                               @ DW_AT_decl_file
	.byte	173                             @ DW_AT_decl_line
	.long	103                             @ DW_AT_type
	.byte	18                              @ Abbrev [18] 0x4a3:0xf DW_TAG_variable
	.long	.Ldebug_loc7                    @ DW_AT_location
	.long	.Linfo_string97                 @ DW_AT_name
	.byte	5                               @ DW_AT_decl_file
	.byte	177                             @ DW_AT_decl_line
	.long	103                             @ DW_AT_type
	.byte	0                               @ End Of Children Mark
	.byte	19                              @ Abbrev [19] 0x4b3:0x95 DW_TAG_subprogram
	.long	.Lfunc_begin1                   @ DW_AT_low_pc
	.long	.Lfunc_end1-.Lfunc_begin1       @ DW_AT_high_pc
	.byte	1                               @ DW_AT_frame_base
	.byte	93
                                        @ DW_AT_GNU_all_call_sites
	.long	.Linfo_string74                 @ DW_AT_name
	.byte	5                               @ DW_AT_decl_file
	.short	374                             @ DW_AT_decl_line
                                        @ DW_AT_prototyped
	.long	2023                            @ DW_AT_type
                                        @ DW_AT_external
	.byte	20                              @ Abbrev [20] 0x4c9:0x10 DW_TAG_formal_parameter
	.long	.Ldebug_loc8                    @ DW_AT_location
	.long	.Linfo_string82                 @ DW_AT_name
	.byte	5                               @ DW_AT_decl_file
	.short	374                             @ DW_AT_decl_line
	.long	2034                            @ DW_AT_type
	.byte	21                              @ Abbrev [21] 0x4d9:0xe DW_TAG_formal_parameter
	.byte	1                               @ DW_AT_location
	.byte	81
	.long	.Linfo_string86                 @ DW_AT_name
	.byte	5                               @ DW_AT_decl_file
	.short	374                             @ DW_AT_decl_line
	.long	2085                            @ DW_AT_type
	.byte	22                              @ Abbrev [22] 0x4e7:0x10 DW_TAG_variable
	.long	.Ldebug_loc9                    @ DW_AT_location
	.long	.Linfo_string93                 @ DW_AT_name
	.byte	5                               @ DW_AT_decl_file
	.short	380                             @ DW_AT_decl_line
	.long	103                             @ DW_AT_type
	.byte	22                              @ Abbrev [22] 0x4f7:0x10 DW_TAG_variable
	.long	.Ldebug_loc10                   @ DW_AT_location
	.long	.Linfo_string92                 @ DW_AT_name
	.byte	5                               @ DW_AT_decl_file
	.short	378                             @ DW_AT_decl_line
	.long	103                             @ DW_AT_type
	.byte	22                              @ Abbrev [22] 0x507:0x10 DW_TAG_variable
	.long	.Ldebug_loc11                   @ DW_AT_location
	.long	.Linfo_string95                 @ DW_AT_name
	.byte	5                               @ DW_AT_decl_file
	.short	376                             @ DW_AT_decl_line
	.long	93                              @ DW_AT_type
	.byte	22                              @ Abbrev [22] 0x517:0x10 DW_TAG_variable
	.long	.Ldebug_loc12                   @ DW_AT_location
	.long	.Linfo_string94                 @ DW_AT_name
	.byte	5                               @ DW_AT_decl_file
	.short	379                             @ DW_AT_decl_line
	.long	103                             @ DW_AT_type
	.byte	22                              @ Abbrev [22] 0x527:0x10 DW_TAG_variable
	.long	.Ldebug_loc13                   @ DW_AT_location
	.long	.Linfo_string96                 @ DW_AT_name
	.byte	5                               @ DW_AT_decl_file
	.short	377                             @ DW_AT_decl_line
	.long	103                             @ DW_AT_type
	.byte	22                              @ Abbrev [22] 0x537:0x10 DW_TAG_variable
	.long	.Ldebug_loc14                   @ DW_AT_location
	.long	.Linfo_string97                 @ DW_AT_name
	.byte	5                               @ DW_AT_decl_file
	.short	381                             @ DW_AT_decl_line
	.long	103                             @ DW_AT_type
	.byte	0                               @ End Of Children Mark
	.byte	19                              @ Abbrev [19] 0x548:0x87 DW_TAG_subprogram
	.long	.Lfunc_begin2                   @ DW_AT_low_pc
	.long	.Lfunc_end2-.Lfunc_begin2       @ DW_AT_high_pc
	.byte	1                               @ DW_AT_frame_base
	.byte	93
                                        @ DW_AT_GNU_all_call_sites
	.long	.Linfo_string75                 @ DW_AT_name
	.byte	5                               @ DW_AT_decl_file
	.short	512                             @ DW_AT_decl_line
                                        @ DW_AT_prototyped
	.long	2023                            @ DW_AT_type
                                        @ DW_AT_external
	.byte	20                              @ Abbrev [20] 0x55e:0x10 DW_TAG_formal_parameter
	.long	.Ldebug_loc15                   @ DW_AT_location
	.long	.Linfo_string82                 @ DW_AT_name
	.byte	5                               @ DW_AT_decl_file
	.short	512                             @ DW_AT_decl_line
	.long	2166                            @ DW_AT_type
	.byte	22                              @ Abbrev [22] 0x56e:0x10 DW_TAG_variable
	.long	.Ldebug_loc16                   @ DW_AT_location
	.long	.Linfo_string92                 @ DW_AT_name
	.byte	5                               @ DW_AT_decl_file
	.short	516                             @ DW_AT_decl_line
	.long	103                             @ DW_AT_type
	.byte	22                              @ Abbrev [22] 0x57e:0x10 DW_TAG_variable
	.long	.Ldebug_loc17                   @ DW_AT_location
	.long	.Linfo_string93                 @ DW_AT_name
	.byte	5                               @ DW_AT_decl_file
	.short	518                             @ DW_AT_decl_line
	.long	103                             @ DW_AT_type
	.byte	22                              @ Abbrev [22] 0x58e:0x10 DW_TAG_variable
	.long	.Ldebug_loc18                   @ DW_AT_location
	.long	.Linfo_string94                 @ DW_AT_name
	.byte	5                               @ DW_AT_decl_file
	.short	517                             @ DW_AT_decl_line
	.long	103                             @ DW_AT_type
	.byte	22                              @ Abbrev [22] 0x59e:0x10 DW_TAG_variable
	.long	.Ldebug_loc19                   @ DW_AT_location
	.long	.Linfo_string95                 @ DW_AT_name
	.byte	5                               @ DW_AT_decl_file
	.short	514                             @ DW_AT_decl_line
	.long	93                              @ DW_AT_type
	.byte	22                              @ Abbrev [22] 0x5ae:0x10 DW_TAG_variable
	.long	.Ldebug_loc20                   @ DW_AT_location
	.long	.Linfo_string96                 @ DW_AT_name
	.byte	5                               @ DW_AT_decl_file
	.short	515                             @ DW_AT_decl_line
	.long	103                             @ DW_AT_type
	.byte	22                              @ Abbrev [22] 0x5be:0x10 DW_TAG_variable
	.long	.Ldebug_loc21                   @ DW_AT_location
	.long	.Linfo_string97                 @ DW_AT_name
	.byte	5                               @ DW_AT_decl_file
	.short	519                             @ DW_AT_decl_line
	.long	103                             @ DW_AT_type
	.byte	0                               @ End Of Children Mark
	.byte	19                              @ Abbrev [19] 0x5cf:0x50 DW_TAG_subprogram
	.long	.Lfunc_begin3                   @ DW_AT_low_pc
	.long	.Lfunc_end3-.Lfunc_begin3       @ DW_AT_high_pc
	.byte	1                               @ DW_AT_frame_base
	.byte	93
                                        @ DW_AT_GNU_all_call_sites
	.long	.Linfo_string76                 @ DW_AT_name
	.byte	5                               @ DW_AT_decl_file
	.short	612                             @ DW_AT_decl_line
                                        @ DW_AT_prototyped
	.long	2023                            @ DW_AT_type
                                        @ DW_AT_external
	.byte	20                              @ Abbrev [20] 0x5e5:0x10 DW_TAG_formal_parameter
	.long	.Ldebug_loc22                   @ DW_AT_location
	.long	.Linfo_string82                 @ DW_AT_name
	.byte	5                               @ DW_AT_decl_file
	.short	612                             @ DW_AT_decl_line
	.long	2034                            @ DW_AT_type
	.byte	21                              @ Abbrev [21] 0x5f5:0xe DW_TAG_formal_parameter
	.byte	1                               @ DW_AT_location
	.byte	81
	.long	.Linfo_string98                 @ DW_AT_name
	.byte	5                               @ DW_AT_decl_file
	.short	612                             @ DW_AT_decl_line
	.long	2176                            @ DW_AT_type
	.byte	21                              @ Abbrev [21] 0x603:0xe DW_TAG_formal_parameter
	.byte	1                               @ DW_AT_location
	.byte	82
	.long	.Linfo_string100                @ DW_AT_name
	.byte	5                               @ DW_AT_decl_file
	.short	612                             @ DW_AT_decl_line
	.long	2079                            @ DW_AT_type
	.byte	23                              @ Abbrev [23] 0x611:0xd DW_TAG_variable
	.byte	0                               @ DW_AT_const_value
	.long	.Linfo_string101                @ DW_AT_name
	.byte	5                               @ DW_AT_decl_file
	.short	614                             @ DW_AT_decl_line
	.long	2023                            @ DW_AT_type
	.byte	0                               @ End Of Children Mark
	.byte	19                              @ Abbrev [19] 0x61f:0x35 DW_TAG_subprogram
	.long	.Lfunc_begin4                   @ DW_AT_low_pc
	.long	.Lfunc_end4-.Lfunc_begin4       @ DW_AT_high_pc
	.byte	1                               @ DW_AT_frame_base
	.byte	93
                                        @ DW_AT_GNU_all_call_sites
	.long	.Linfo_string77                 @ DW_AT_name
	.byte	5                               @ DW_AT_decl_file
	.short	644                             @ DW_AT_decl_line
                                        @ DW_AT_prototyped
	.long	2023                            @ DW_AT_type
                                        @ DW_AT_external
	.byte	20                              @ Abbrev [20] 0x635:0x10 DW_TAG_formal_parameter
	.long	.Ldebug_loc23                   @ DW_AT_location
	.long	.Linfo_string82                 @ DW_AT_name
	.byte	5                               @ DW_AT_decl_file
	.short	644                             @ DW_AT_decl_line
	.long	2034                            @ DW_AT_type
	.byte	21                              @ Abbrev [21] 0x645:0xe DW_TAG_formal_parameter
	.byte	1                               @ DW_AT_location
	.byte	81
	.long	.Linfo_string102                @ DW_AT_name
	.byte	5                               @ DW_AT_decl_file
	.short	644                             @ DW_AT_decl_line
	.long	103                             @ DW_AT_type
	.byte	0                               @ End Of Children Mark
	.byte	24                              @ Abbrev [24] 0x654:0x62 DW_TAG_subprogram
	.long	.Lfunc_begin5                   @ DW_AT_low_pc
	.long	.Lfunc_end5-.Lfunc_begin5       @ DW_AT_high_pc
	.byte	1                               @ DW_AT_frame_base
	.byte	93
                                        @ DW_AT_GNU_all_call_sites
	.long	.Linfo_string78                 @ DW_AT_name
	.byte	5                               @ DW_AT_decl_file
	.short	685                             @ DW_AT_decl_line
                                        @ DW_AT_prototyped
                                        @ DW_AT_external
	.byte	20                              @ Abbrev [20] 0x666:0x10 DW_TAG_formal_parameter
	.long	.Ldebug_loc24                   @ DW_AT_location
	.long	.Linfo_string82                 @ DW_AT_name
	.byte	5                               @ DW_AT_decl_file
	.short	685                             @ DW_AT_decl_line
	.long	2166                            @ DW_AT_type
	.byte	22                              @ Abbrev [22] 0x676:0x10 DW_TAG_variable
	.long	.Ldebug_loc25                   @ DW_AT_location
	.long	.Linfo_string93                 @ DW_AT_name
	.byte	5                               @ DW_AT_decl_file
	.short	690                             @ DW_AT_decl_line
	.long	103                             @ DW_AT_type
	.byte	22                              @ Abbrev [22] 0x686:0x10 DW_TAG_variable
	.long	.Ldebug_loc26                   @ DW_AT_location
	.long	.Linfo_string94                 @ DW_AT_name
	.byte	5                               @ DW_AT_decl_file
	.short	689                             @ DW_AT_decl_line
	.long	103                             @ DW_AT_type
	.byte	25                              @ Abbrev [25] 0x696:0xc DW_TAG_variable
	.long	.Linfo_string95                 @ DW_AT_name
	.byte	5                               @ DW_AT_decl_file
	.short	687                             @ DW_AT_decl_line
	.long	93                              @ DW_AT_type
	.byte	25                              @ Abbrev [25] 0x6a2:0xc DW_TAG_variable
	.long	.Linfo_string96                 @ DW_AT_name
	.byte	5                               @ DW_AT_decl_file
	.short	688                             @ DW_AT_decl_line
	.long	103                             @ DW_AT_type
	.byte	26                              @ Abbrev [26] 0x6ae:0x7 DW_TAG_GNU_call_site
	.byte	1                               @ DW_AT_GNU_call_site_target
	.byte	80
                                        @ DW_AT_GNU_tail_call
	.long	.Ltmp164                        @ DW_AT_low_pc
	.byte	0                               @ End Of Children Mark
	.byte	19                              @ Abbrev [19] 0x6b6:0x83 DW_TAG_subprogram
	.long	.Lfunc_begin6                   @ DW_AT_low_pc
	.long	.Lfunc_end6-.Lfunc_begin6       @ DW_AT_high_pc
	.byte	1                               @ DW_AT_frame_base
	.byte	93
                                        @ DW_AT_GNU_all_call_sites
	.long	.Linfo_string79                 @ DW_AT_name
	.byte	5                               @ DW_AT_decl_file
	.short	737                             @ DW_AT_decl_line
                                        @ DW_AT_prototyped
	.long	103                             @ DW_AT_type
                                        @ DW_AT_external
	.byte	20                              @ Abbrev [20] 0x6cc:0x10 DW_TAG_formal_parameter
	.long	.Ldebug_loc27                   @ DW_AT_location
	.long	.Linfo_string82                 @ DW_AT_name
	.byte	5                               @ DW_AT_decl_file
	.short	737                             @ DW_AT_decl_line
	.long	2166                            @ DW_AT_type
	.byte	20                              @ Abbrev [20] 0x6dc:0x10 DW_TAG_formal_parameter
	.long	.Ldebug_loc28                   @ DW_AT_location
	.long	.Linfo_string103                @ DW_AT_name
	.byte	5                               @ DW_AT_decl_file
	.short	737                             @ DW_AT_decl_line
	.long	103                             @ DW_AT_type
	.byte	22                              @ Abbrev [22] 0x6ec:0x10 DW_TAG_variable
	.long	.Ldebug_loc29                   @ DW_AT_location
	.long	.Linfo_string93                 @ DW_AT_name
	.byte	5                               @ DW_AT_decl_file
	.short	743                             @ DW_AT_decl_line
	.long	103                             @ DW_AT_type
	.byte	22                              @ Abbrev [22] 0x6fc:0x10 DW_TAG_variable
	.long	.Ldebug_loc30                   @ DW_AT_location
	.long	.Linfo_string94                 @ DW_AT_name
	.byte	5                               @ DW_AT_decl_file
	.short	742                             @ DW_AT_decl_line
	.long	103                             @ DW_AT_type
	.byte	22                              @ Abbrev [22] 0x70c:0x10 DW_TAG_variable
	.long	.Ldebug_loc31                   @ DW_AT_location
	.long	.Linfo_string92                 @ DW_AT_name
	.byte	5                               @ DW_AT_decl_file
	.short	741                             @ DW_AT_decl_line
	.long	103                             @ DW_AT_type
	.byte	22                              @ Abbrev [22] 0x71c:0x10 DW_TAG_variable
	.long	.Ldebug_loc32                   @ DW_AT_location
	.long	.Linfo_string96                 @ DW_AT_name
	.byte	5                               @ DW_AT_decl_file
	.short	740                             @ DW_AT_decl_line
	.long	103                             @ DW_AT_type
	.byte	25                              @ Abbrev [25] 0x72c:0xc DW_TAG_variable
	.long	.Linfo_string95                 @ DW_AT_name
	.byte	5                               @ DW_AT_decl_file
	.short	739                             @ DW_AT_decl_line
	.long	2187                            @ DW_AT_type
	.byte	0                               @ End Of Children Mark
	.byte	24                              @ Abbrev [24] 0x739:0x5f DW_TAG_subprogram
	.long	.Lfunc_begin7                   @ DW_AT_low_pc
	.long	.Lfunc_end7-.Lfunc_begin7       @ DW_AT_high_pc
	.byte	1                               @ DW_AT_frame_base
	.byte	93
                                        @ DW_AT_GNU_all_call_sites
	.long	.Linfo_string80                 @ DW_AT_name
	.byte	5                               @ DW_AT_decl_file
	.short	788                             @ DW_AT_decl_line
                                        @ DW_AT_prototyped
                                        @ DW_AT_external
	.byte	20                              @ Abbrev [20] 0x74b:0x10 DW_TAG_formal_parameter
	.long	.Ldebug_loc33                   @ DW_AT_location
	.long	.Linfo_string82                 @ DW_AT_name
	.byte	5                               @ DW_AT_decl_file
	.short	788                             @ DW_AT_decl_line
	.long	2166                            @ DW_AT_type
	.byte	20                              @ Abbrev [20] 0x75b:0x10 DW_TAG_formal_parameter
	.long	.Ldebug_loc34                   @ DW_AT_location
	.long	.Linfo_string103                @ DW_AT_name
	.byte	5                               @ DW_AT_decl_file
	.short	788                             @ DW_AT_decl_line
	.long	103                             @ DW_AT_type
	.byte	22                              @ Abbrev [22] 0x76b:0x10 DW_TAG_variable
	.long	.Ldebug_loc35                   @ DW_AT_location
	.long	.Linfo_string93                 @ DW_AT_name
	.byte	5                               @ DW_AT_decl_file
	.short	792                             @ DW_AT_decl_line
	.long	103                             @ DW_AT_type
	.byte	22                              @ Abbrev [22] 0x77b:0x10 DW_TAG_variable
	.long	.Ldebug_loc36                   @ DW_AT_location
	.long	.Linfo_string94                 @ DW_AT_name
	.byte	5                               @ DW_AT_decl_file
	.short	791                             @ DW_AT_decl_line
	.long	103                             @ DW_AT_type
	.byte	25                              @ Abbrev [25] 0x78b:0xc DW_TAG_variable
	.long	.Linfo_string95                 @ DW_AT_name
	.byte	5                               @ DW_AT_decl_file
	.short	790                             @ DW_AT_decl_line
	.long	93                              @ DW_AT_type
	.byte	0                               @ End Of Children Mark
	.byte	24                              @ Abbrev [24] 0x798:0x4f DW_TAG_subprogram
	.long	.Lfunc_begin8                   @ DW_AT_low_pc
	.long	.Lfunc_end8-.Lfunc_begin8       @ DW_AT_high_pc
	.byte	1                               @ DW_AT_frame_base
	.byte	93
                                        @ DW_AT_GNU_all_call_sites
	.long	.Linfo_string81                 @ DW_AT_name
	.byte	5                               @ DW_AT_decl_file
	.short	830                             @ DW_AT_decl_line
                                        @ DW_AT_prototyped
                                        @ DW_AT_external
	.byte	20                              @ Abbrev [20] 0x7aa:0x10 DW_TAG_formal_parameter
	.long	.Ldebug_loc37                   @ DW_AT_location
	.long	.Linfo_string82                 @ DW_AT_name
	.byte	5                               @ DW_AT_decl_file
	.short	830                             @ DW_AT_decl_line
	.long	2166                            @ DW_AT_type
	.byte	22                              @ Abbrev [22] 0x7ba:0x10 DW_TAG_variable
	.long	.Ldebug_loc38                   @ DW_AT_location
	.long	.Linfo_string93                 @ DW_AT_name
	.byte	5                               @ DW_AT_decl_file
	.short	834                             @ DW_AT_decl_line
	.long	103                             @ DW_AT_type
	.byte	22                              @ Abbrev [22] 0x7ca:0x10 DW_TAG_variable
	.long	.Ldebug_loc39                   @ DW_AT_location
	.long	.Linfo_string94                 @ DW_AT_name
	.byte	5                               @ DW_AT_decl_file
	.short	833                             @ DW_AT_decl_line
	.long	103                             @ DW_AT_type
	.byte	25                              @ Abbrev [25] 0x7da:0xc DW_TAG_variable
	.long	.Linfo_string95                 @ DW_AT_name
	.byte	5                               @ DW_AT_decl_file
	.short	832                             @ DW_AT_decl_line
	.long	93                              @ DW_AT_type
	.byte	0                               @ End Of Children Mark
	.byte	7                               @ Abbrev [7] 0x7e7:0xb DW_TAG_typedef
	.long	38                              @ DW_AT_type
	.long	.Linfo_string73                 @ DW_AT_name
	.byte	1                               @ DW_AT_decl_file
	.byte	45                              @ DW_AT_decl_line
	.byte	5                               @ Abbrev [5] 0x7f2:0x5 DW_TAG_pointer_type
	.long	2039                            @ DW_AT_type
	.byte	7                               @ Abbrev [7] 0x7f7:0xb DW_TAG_typedef
	.long	2050                            @ DW_AT_type
	.long	.Linfo_string85                 @ DW_AT_name
	.byte	2                               @ DW_AT_decl_file
	.byte	57                              @ DW_AT_decl_line
	.byte	27                              @ Abbrev [27] 0x802:0x1d DW_TAG_structure_type
	.byte	8                               @ DW_AT_byte_size
	.byte	2                               @ DW_AT_decl_file
	.byte	53                              @ DW_AT_decl_line
	.byte	28                              @ Abbrev [28] 0x806:0xc DW_TAG_member
	.long	.Linfo_string83                 @ DW_AT_name
	.long	103                             @ DW_AT_type
	.byte	2                               @ DW_AT_decl_file
	.byte	55                              @ DW_AT_decl_line
	.byte	0                               @ DW_AT_data_member_location
	.byte	28                              @ Abbrev [28] 0x812:0xc DW_TAG_member
	.long	.Linfo_string84                 @ DW_AT_name
	.long	2079                            @ DW_AT_type
	.byte	2                               @ DW_AT_decl_file
	.byte	56                              @ DW_AT_decl_line
	.byte	4                               @ DW_AT_data_member_location
	.byte	0                               @ End Of Children Mark
	.byte	5                               @ Abbrev [5] 0x81f:0x5 DW_TAG_pointer_type
	.long	2084                            @ DW_AT_type
	.byte	29                              @ Abbrev [29] 0x824:0x1 DW_TAG_subroutine_type
                                        @ DW_AT_prototyped
	.byte	5                               @ Abbrev [5] 0x825:0x5 DW_TAG_pointer_type
	.long	2090                            @ DW_AT_type
	.byte	7                               @ Abbrev [7] 0x82a:0xb DW_TAG_typedef
	.long	2101                            @ DW_AT_type
	.long	.Linfo_string91                 @ DW_AT_name
	.byte	2                               @ DW_AT_decl_file
	.byte	78                              @ DW_AT_decl_line
	.byte	27                              @ Abbrev [27] 0x835:0x41 DW_TAG_structure_type
	.byte	20                              @ DW_AT_byte_size
	.byte	2                               @ DW_AT_decl_file
	.byte	62                              @ DW_AT_decl_line
	.byte	28                              @ Abbrev [28] 0x839:0xc DW_TAG_member
	.long	.Linfo_string83                 @ DW_AT_name
	.long	103                             @ DW_AT_type
	.byte	2                               @ DW_AT_decl_file
	.byte	64                              @ DW_AT_decl_line
	.byte	0                               @ DW_AT_data_member_location
	.byte	28                              @ Abbrev [28] 0x845:0xc DW_TAG_member
	.long	.Linfo_string87                 @ DW_AT_name
	.long	103                             @ DW_AT_type
	.byte	2                               @ DW_AT_decl_file
	.byte	66                              @ DW_AT_decl_line
	.byte	4                               @ DW_AT_data_member_location
	.byte	28                              @ Abbrev [28] 0x851:0xc DW_TAG_member
	.long	.Linfo_string88                 @ DW_AT_name
	.long	103                             @ DW_AT_type
	.byte	2                               @ DW_AT_decl_file
	.byte	68                              @ DW_AT_decl_line
	.byte	8                               @ DW_AT_data_member_location
	.byte	28                              @ Abbrev [28] 0x85d:0xc DW_TAG_member
	.long	.Linfo_string89                 @ DW_AT_name
	.long	103                             @ DW_AT_type
	.byte	2                               @ DW_AT_decl_file
	.byte	70                              @ DW_AT_decl_line
	.byte	12                              @ DW_AT_data_member_location
	.byte	28                              @ Abbrev [28] 0x869:0xc DW_TAG_member
	.long	.Linfo_string90                 @ DW_AT_name
	.long	103                             @ DW_AT_type
	.byte	2                               @ DW_AT_decl_file
	.byte	74                              @ DW_AT_decl_line
	.byte	16                              @ DW_AT_data_member_location
	.byte	0                               @ End Of Children Mark
	.byte	5                               @ Abbrev [5] 0x876:0x5 DW_TAG_pointer_type
	.long	2171                            @ DW_AT_type
	.byte	30                              @ Abbrev [30] 0x87b:0x5 DW_TAG_const_type
	.long	2039                            @ DW_AT_type
	.byte	7                               @ Abbrev [7] 0x880:0xb DW_TAG_typedef
	.long	78                              @ DW_AT_type
	.long	.Linfo_string99                 @ DW_AT_name
	.byte	2                               @ DW_AT_decl_file
	.byte	47                              @ DW_AT_decl_line
	.byte	5                               @ Abbrev [5] 0x88b:0x5 DW_TAG_pointer_type
	.long	2192                            @ DW_AT_type
	.byte	30                              @ Abbrev [30] 0x890:0x5 DW_TAG_const_type
	.long	98                              @ DW_AT_type
	.byte	0                               @ End Of Children Mark
.Ldebug_info_end0:
	.section	.debug_ranges,"",%progbits
.Ldebug_ranges0:
	.long	.Lfunc_begin0
	.long	.Lfunc_end0
	.long	.Lfunc_begin1
	.long	.Lfunc_end1
	.long	.Lfunc_begin2
	.long	.Lfunc_end2
	.long	.Lfunc_begin3
	.long	.Lfunc_end3
	.long	.Lfunc_begin4
	.long	.Lfunc_end4
	.long	.Lfunc_begin5
	.long	.Lfunc_end5
	.long	.Lfunc_begin6
	.long	.Lfunc_end6
	.long	.Lfunc_begin7
	.long	.Lfunc_end7
	.long	.Lfunc_begin8
	.long	.Lfunc_end8
	.long	0
	.long	0
	.section	.debug_str,"MS",%progbits,1
.Linfo_string0:
	.asciz	"Component: Arm Compiler for Embedded 6.24 Tool: armclang [5f371800]" @ string offset=0
.Linfo_string1:
	.asciz	"../Drivers/STM32H7xx_HAL_Driver/Src\\stm32h7xx_hal_exti.c" @ string offset=68
.Linfo_string2:
	.asciz	"D:\\EV\\testadc\\MDK-ARM"      @ string offset=125
.Linfo_string3:
	.asciz	"unsigned char"                 @ string offset=147
.Linfo_string4:
	.asciz	"HAL_OK"                        @ string offset=161
.Linfo_string5:
	.asciz	"HAL_ERROR"                     @ string offset=168
.Linfo_string6:
	.asciz	"HAL_BUSY"                      @ string offset=178
.Linfo_string7:
	.asciz	"HAL_TIMEOUT"                   @ string offset=187
.Linfo_string8:
	.asciz	"HAL_EXTI_COMMON_CB_ID"         @ string offset=199
.Linfo_string9:
	.asciz	"unsigned int"                  @ string offset=221
.Linfo_string10:
	.asciz	"uint32_t"                      @ string offset=234
.Linfo_string11:
	.asciz	"RTSR1"                         @ string offset=243
.Linfo_string12:
	.asciz	"FTSR1"                         @ string offset=249
.Linfo_string13:
	.asciz	"SWIER1"                        @ string offset=255
.Linfo_string14:
	.asciz	"D3PMR1"                        @ string offset=262
.Linfo_string15:
	.asciz	"D3PCR1L"                       @ string offset=269
.Linfo_string16:
	.asciz	"D3PCR1H"                       @ string offset=277
.Linfo_string17:
	.asciz	"RESERVED1"                     @ string offset=285
.Linfo_string18:
	.asciz	"__ARRAY_SIZE_TYPE__"           @ string offset=295
.Linfo_string19:
	.asciz	"RTSR2"                         @ string offset=315
.Linfo_string20:
	.asciz	"FTSR2"                         @ string offset=321
.Linfo_string21:
	.asciz	"SWIER2"                        @ string offset=327
.Linfo_string22:
	.asciz	"D3PMR2"                        @ string offset=334
.Linfo_string23:
	.asciz	"D3PCR2L"                       @ string offset=341
.Linfo_string24:
	.asciz	"D3PCR2H"                       @ string offset=349
.Linfo_string25:
	.asciz	"RESERVED2"                     @ string offset=357
.Linfo_string26:
	.asciz	"RTSR3"                         @ string offset=367
.Linfo_string27:
	.asciz	"FTSR3"                         @ string offset=373
.Linfo_string28:
	.asciz	"SWIER3"                        @ string offset=379
.Linfo_string29:
	.asciz	"D3PMR3"                        @ string offset=386
.Linfo_string30:
	.asciz	"D3PCR3L"                       @ string offset=393
.Linfo_string31:
	.asciz	"D3PCR3H"                       @ string offset=401
.Linfo_string32:
	.asciz	"RESERVED3"                     @ string offset=409
.Linfo_string33:
	.asciz	"IMR1"                          @ string offset=419
.Linfo_string34:
	.asciz	"EMR1"                          @ string offset=424
.Linfo_string35:
	.asciz	"PR1"                           @ string offset=429
.Linfo_string36:
	.asciz	"RESERVED4"                     @ string offset=433
.Linfo_string37:
	.asciz	"IMR2"                          @ string offset=443
.Linfo_string38:
	.asciz	"EMR2"                          @ string offset=448
.Linfo_string39:
	.asciz	"PR2"                           @ string offset=453
.Linfo_string40:
	.asciz	"RESERVED5"                     @ string offset=457
.Linfo_string41:
	.asciz	"IMR3"                          @ string offset=467
.Linfo_string42:
	.asciz	"EMR3"                          @ string offset=472
.Linfo_string43:
	.asciz	"PR3"                           @ string offset=477
.Linfo_string44:
	.asciz	"EXTI_TypeDef"                  @ string offset=481
.Linfo_string45:
	.asciz	"PMCR"                          @ string offset=494
.Linfo_string46:
	.asciz	"EXTICR"                        @ string offset=499
.Linfo_string47:
	.asciz	"CFGR"                          @ string offset=506
.Linfo_string48:
	.asciz	"CCCSR"                         @ string offset=511
.Linfo_string49:
	.asciz	"CCVR"                          @ string offset=517
.Linfo_string50:
	.asciz	"CCCR"                          @ string offset=522
.Linfo_string51:
	.asciz	"PWRCR"                         @ string offset=527
.Linfo_string52:
	.asciz	"PKGR"                          @ string offset=533
.Linfo_string53:
	.asciz	"UR0"                           @ string offset=538
.Linfo_string54:
	.asciz	"UR1"                           @ string offset=542
.Linfo_string55:
	.asciz	"UR2"                           @ string offset=546
.Linfo_string56:
	.asciz	"UR3"                           @ string offset=550
.Linfo_string57:
	.asciz	"UR4"                           @ string offset=554
.Linfo_string58:
	.asciz	"UR5"                           @ string offset=558
.Linfo_string59:
	.asciz	"UR6"                           @ string offset=562
.Linfo_string60:
	.asciz	"UR7"                           @ string offset=566
.Linfo_string61:
	.asciz	"UR8"                           @ string offset=570
.Linfo_string62:
	.asciz	"UR9"                           @ string offset=574
.Linfo_string63:
	.asciz	"UR10"                          @ string offset=578
.Linfo_string64:
	.asciz	"UR11"                          @ string offset=583
.Linfo_string65:
	.asciz	"UR12"                          @ string offset=588
.Linfo_string66:
	.asciz	"UR13"                          @ string offset=593
.Linfo_string67:
	.asciz	"UR14"                          @ string offset=598
.Linfo_string68:
	.asciz	"UR15"                          @ string offset=603
.Linfo_string69:
	.asciz	"UR16"                          @ string offset=608
.Linfo_string70:
	.asciz	"UR17"                          @ string offset=613
.Linfo_string71:
	.asciz	"SYSCFG_TypeDef"                @ string offset=618
.Linfo_string72:
	.asciz	"HAL_EXTI_SetConfigLine"        @ string offset=633
.Linfo_string73:
	.asciz	"HAL_StatusTypeDef"             @ string offset=656
.Linfo_string74:
	.asciz	"HAL_EXTI_GetConfigLine"        @ string offset=674
.Linfo_string75:
	.asciz	"HAL_EXTI_ClearConfigLine"      @ string offset=697
.Linfo_string76:
	.asciz	"HAL_EXTI_RegisterCallback"     @ string offset=722
.Linfo_string77:
	.asciz	"HAL_EXTI_GetHandle"            @ string offset=748
.Linfo_string78:
	.asciz	"HAL_EXTI_IRQHandler"           @ string offset=767
.Linfo_string79:
	.asciz	"HAL_EXTI_GetPending"           @ string offset=787
.Linfo_string80:
	.asciz	"HAL_EXTI_ClearPending"         @ string offset=807
.Linfo_string81:
	.asciz	"HAL_EXTI_GenerateSWI"          @ string offset=829
.Linfo_string82:
	.asciz	"hexti"                         @ string offset=850
.Linfo_string83:
	.asciz	"Line"                          @ string offset=856
.Linfo_string84:
	.asciz	"PendingCallback"               @ string offset=861
.Linfo_string85:
	.asciz	"EXTI_HandleTypeDef"            @ string offset=877
.Linfo_string86:
	.asciz	"pExtiConfig"                   @ string offset=896
.Linfo_string87:
	.asciz	"Mode"                          @ string offset=908
.Linfo_string88:
	.asciz	"Trigger"                       @ string offset=913
.Linfo_string89:
	.asciz	"GPIOSel"                       @ string offset=921
.Linfo_string90:
	.asciz	"PendClearSource"               @ string offset=929
.Linfo_string91:
	.asciz	"EXTI_ConfigTypeDef"            @ string offset=945
.Linfo_string92:
	.asciz	"linepos"                       @ string offset=964
.Linfo_string93:
	.asciz	"offset"                        @ string offset=972
.Linfo_string94:
	.asciz	"maskline"                      @ string offset=979
.Linfo_string95:
	.asciz	"regaddr"                       @ string offset=988
.Linfo_string96:
	.asciz	"regval"                        @ string offset=996
.Linfo_string97:
	.asciz	"pcrlinepos"                    @ string offset=1003
.Linfo_string98:
	.asciz	"CallbackID"                    @ string offset=1014
.Linfo_string99:
	.asciz	"EXTI_CallbackIDTypeDef"        @ string offset=1025
.Linfo_string100:
	.asciz	"pPendingCbfn"                  @ string offset=1048
.Linfo_string101:
	.asciz	"status"                        @ string offset=1061
.Linfo_string102:
	.asciz	"ExtiLine"                      @ string offset=1068
.Linfo_string103:
	.asciz	"Edge"                          @ string offset=1077
	.ident	"Component: Arm Compiler for Embedded 6.24 Tool: armclang [5f371800]"
	.section	".note.GNU-stack","",%progbits
	.eabi_attribute	30, 2	@ Tag_ABI_optimization_goals
	.ARM_attribute	16, 1	@ Tag_AV_eba
	.section	.debug_line,"",%progbits
.Lline_table_start0:
