	.text
	.syntax unified
	.eabi_attribute	67, "2.09"	@ Tag_conformance
	.cpu	cortex-m7
	.eabi_attribute	6, 13	@ Tag_CPU_arch
	.eabi_attribute	7, 77	@ Tag_CPU_arch_profile
	.eabi_attribute	8, 0	@ Tag_ARM_ISA_use
	.eabi_attribute	9, 2	@ Tag_THUMB_ISA_use
	.fpu	fpv5-d16
	.eabi_attribute	36, 1	@ Tag_FP_HP_extension
	.eabi_attribute	34, 1	@ Tag_CPU_unaligned_access
	.eabi_attribute	17, 1	@ Tag_ABI_PCS_GOT_use
	.eabi_attribute	20, 2	@ Tag_ABI_FP_denormal
	.eabi_attribute	21, 0	@ Tag_ABI_FP_exceptions
	.eabi_attribute	23, 1	@ Tag_ABI_FP_number_model
	.eabi_attribute	24, 1	@ Tag_ABI_align_needed
	.eabi_attribute	25, 1	@ Tag_ABI_align_preserved
	.eabi_attribute	28, 1	@ Tag_ABI_VFP_args
	.eabi_attribute	38, 1	@ Tag_ABI_FP_16bit_format
	.eabi_attribute	18, 2	@ Tag_ABI_PCS_wchar_t
	.eabi_attribute	26, 1	@ Tag_ABI_enum_size
	.eabi_attribute	14, 0	@ Tag_ABI_PCS_R9_use
	.file	"stm32h7xx_hal_cortex.c"
	.file	1 "D:\\EV\\testadc\\MDK-ARM" "../Drivers/CMSIS/Device/ST/STM32H7xx/Include\\stm32h743xx.h"
	.file	2 "D:\\Keil_v5\\Core\\ARM\\ARMCLANG\\bin\\..\\include" "stdint.h"
	.file	3 "D:\\EV\\testadc\\MDK-ARM" "../Drivers/CMSIS/Include\\core_cm7.h"
	.section	.text.HAL_NVIC_SetPriorityGrouping,"ax",%progbits
	.hidden	HAL_NVIC_SetPriorityGrouping    @ -- Begin function HAL_NVIC_SetPriorityGrouping
	.globl	HAL_NVIC_SetPriorityGrouping
	.p2align	3
	.type	HAL_NVIC_SetPriorityGrouping,%function
	.code	16                              @ @HAL_NVIC_SetPriorityGrouping
	.thumb_func
HAL_NVIC_SetPriorityGrouping:
.Lfunc_begin0:
	.file	4 "D:\\EV\\testadc\\MDK-ARM" "../Drivers/STM32H7xx_HAL_Driver/Src/stm32h7xx_hal_cortex.c"
	.loc	4 143 0                         @ ../Drivers/STM32H7xx_HAL_Driver/Src/stm32h7xx_hal_cortex.c:143:0
	.fnstart
	.cfi_sections .debug_frame
	.cfi_startproc
@ %bb.0:
	@DEBUG_VALUE: HAL_NVIC_SetPriorityGrouping:PriorityGroup <- $r0
	movw	r1, #60684
	movw	r3, #63743
.Ltmp0:
	@DEBUG_VALUE: __NVIC_SetPriorityGrouping:PriorityGroupTmp <- [DW_OP_constu 7, DW_OP_and, DW_OP_stack_value] $r0
	@DEBUG_VALUE: __NVIC_SetPriorityGrouping:PriorityGroup <- $r0
	movt	r1, #57344
.Ltmp1:
	.loc	3 1885 22 prologue_end          @ ../Drivers/CMSIS/Include\core_cm7.h:1885:22
	ldr	r2, [r1]
.Ltmp2:
	@DEBUG_VALUE: __NVIC_SetPriorityGrouping:reg_value <- $r2
	.loc	3 1886 13                       @ ../Drivers/CMSIS/Include\core_cm7.h:1886:13
	ands	r2, r3
.Ltmp3:
	@DEBUG_VALUE: __NVIC_SetPriorityGrouping:reg_value <- $r2
	.loc	3 1888 62                       @ ../Drivers/CMSIS/Include\core_cm7.h:1888:62
	bfi	r2, r0, #8, #3
.Ltmp4:
	orr	r0, r2, #67108864
.Ltmp5:
	@DEBUG_VALUE: HAL_NVIC_SetPriorityGrouping:PriorityGroup <- [DW_OP_LLVM_entry_value 1] $r0
	orr	r0, r0, #33161216
.Ltmp6:
	@DEBUG_VALUE: __NVIC_SetPriorityGrouping:reg_value <- $r0
	.loc	3 1890 14                       @ ../Drivers/CMSIS/Include\core_cm7.h:1890:14
	str	r0, [r1]
.Ltmp7:
	.loc	4 149 1                         @ ../Drivers/STM32H7xx_HAL_Driver/Src/stm32h7xx_hal_cortex.c:149:1
	bx	lr
.Ltmp8:
.Lfunc_end0:
	.size	HAL_NVIC_SetPriorityGrouping, .Lfunc_end0-HAL_NVIC_SetPriorityGrouping
	.cfi_endproc
	.cantunwind
	.fnend
                                        @ -- End function
	.section	.text.HAL_NVIC_SetPriority,"ax",%progbits
	.hidden	HAL_NVIC_SetPriority            @ -- Begin function HAL_NVIC_SetPriority
	.globl	HAL_NVIC_SetPriority
	.p2align	3
	.type	HAL_NVIC_SetPriority,%function
	.code	16                              @ @HAL_NVIC_SetPriority
	.thumb_func
HAL_NVIC_SetPriority:
.Lfunc_begin1:
	.loc	4 165 0                         @ ../Drivers/STM32H7xx_HAL_Driver/Src/stm32h7xx_hal_cortex.c:165:0
	.fnstart
	.cfi_startproc
@ %bb.0:
	@DEBUG_VALUE: HAL_NVIC_SetPriority:IRQn <- $r0
	@DEBUG_VALUE: HAL_NVIC_SetPriority:PreemptPriority <- $r1
	@DEBUG_VALUE: HAL_NVIC_SetPriority:SubPriority <- $r2
	.save	{r4, r5, r6, lr}
	push	{r4, r5, r6, lr}
	.cfi_def_cfa_offset 16
	.cfi_offset lr, -4
	.cfi_offset r6, -8
	.cfi_offset r5, -12
	.cfi_offset r4, -16
	movw	r12, #60684
	mov.w	r6, #-1
	movt	r12, #57344
.Ltmp9:
	.loc	3 2043 7 prologue_end           @ ../Drivers/CMSIS/Include\core_cm7.h:2043:7
	add.w	r5, r0, #3758096384
	add.w	r5, r5, #58368
.Ltmp10:
	.loc	3 1901 28                       @ ../Drivers/CMSIS/Include\core_cm7.h:1901:28
	ldr.w	r3, [r12]
	.loc	3 1901 60 is_stmt 0             @ ../Drivers/CMSIS/Include\core_cm7.h:1901:60
	ubfx	lr, r3, #8, #3
.Ltmp11:
	@DEBUG_VALUE: NVIC_EncodePriority:SubPriority <- undef
	@DEBUG_VALUE: NVIC_EncodePriority:PreemptPriority <- undef
	@DEBUG_VALUE: NVIC_EncodePriority:PriorityGroupTmp <- $lr
	@DEBUG_VALUE: NVIC_EncodePriority:PriorityGroup <- $lr
	@DEBUG_VALUE: HAL_NVIC_SetPriority:prioritygroup <- $lr
	.loc	3 2094 31 is_stmt 1             @ ../Drivers/CMSIS/Include\core_cm7.h:2094:31
	eor	r3, lr, #7
	.loc	3 2094 25 is_stmt 0             @ ../Drivers/CMSIS/Include\core_cm7.h:2094:25
	cmp	r3, #4
	it	hs
	movhs	r3, #4
.Ltmp12:
	@DEBUG_VALUE: NVIC_EncodePriority:PreemptPriorityBits <- $r3
	.loc	3 2095 25 is_stmt 1             @ ../Drivers/CMSIS/Include\core_cm7.h:2095:25
	subs.w	r4, lr, #3
	.loc	3 2098 74                       @ ../Drivers/CMSIS/Include\core_cm7.h:2098:74
	lsl.w	r3, r6, r3
.Ltmp13:
	.loc	3 2098 30 is_stmt 0             @ ../Drivers/CMSIS/Include\core_cm7.h:2098:30
	bic.w	r1, r1, r3
.Ltmp14:
	@DEBUG_VALUE: HAL_NVIC_SetPriority:PreemptPriority <- [DW_OP_LLVM_entry_value 1] $r1
	.loc	3 2043 7 is_stmt 1              @ ../Drivers/CMSIS/Include\core_cm7.h:2043:7
	and	r3, r0, #15
.Ltmp15:
	.loc	3 2095 25                       @ ../Drivers/CMSIS/Include\core_cm7.h:2095:25
	it	lo
	movlo	r4, #0
.Ltmp16:
	@DEBUG_VALUE: NVIC_EncodePriority:SubPriorityBits <- $r4
	.loc	3 2043 7                        @ ../Drivers/CMSIS/Include\core_cm7.h:2043:7
	subs	r3, #4
	cmp	r0, #0
	add	r3, r12
.Ltmp17:
	.loc	3 2099 74                       @ ../Drivers/CMSIS/Include\core_cm7.h:2099:74
	lsl.w	r0, r6, r4
.Ltmp18:
	@DEBUG_VALUE: HAL_NVIC_SetPriority:IRQn <- [DW_OP_LLVM_entry_value 1] $r0
	.loc	3 2043 7                        @ ../Drivers/CMSIS/Include\core_cm7.h:2043:7
	it	mi
	addmi.w	r5, r3, #12
.Ltmp19:
	.loc	3 2098 82                       @ ../Drivers/CMSIS/Include\core_cm7.h:2098:82
	lsls	r1, r4
	.loc	3 2099 30                       @ ../Drivers/CMSIS/Include\core_cm7.h:2099:30
	bic.w	r0, r2, r0
	.loc	3 2098 102                      @ ../Drivers/CMSIS/Include\core_cm7.h:2098:102
	orrs	r0, r1
.Ltmp20:
	@DEBUG_VALUE: __NVIC_SetPriority:IRQn <- undef
	@DEBUG_VALUE: __NVIC_SetPriority:priority <- $r0
	.loc	3 0 0 is_stmt 0                 @ ../Drivers/CMSIS/Include\core_cm7.h:0:0
	lsls	r0, r0, #4
.Ltmp21:
	strb	r0, [r5]
.Ltmp22:
	.loc	4 175 1 epilogue_begin is_stmt 1 @ ../Drivers/STM32H7xx_HAL_Driver/Src/stm32h7xx_hal_cortex.c:175:1
	pop	{r4, r5, r6, pc}
.Ltmp23:
.Lfunc_end1:
	.size	HAL_NVIC_SetPriority, .Lfunc_end1-HAL_NVIC_SetPriority
	.cfi_endproc
	.cantunwind
	.fnend
                                        @ -- End function
	.section	.text.HAL_NVIC_EnableIRQ,"ax",%progbits
	.hidden	HAL_NVIC_EnableIRQ              @ -- Begin function HAL_NVIC_EnableIRQ
	.globl	HAL_NVIC_EnableIRQ
	.p2align	3
	.type	HAL_NVIC_EnableIRQ,%function
	.code	16                              @ @HAL_NVIC_EnableIRQ
	.thumb_func
HAL_NVIC_EnableIRQ:
.Lfunc_begin2:
	.fnstart
	.cfi_startproc
@ %bb.0:
	@DEBUG_VALUE: HAL_NVIC_EnableIRQ:IRQn <- $r0
	@DEBUG_VALUE: __NVIC_EnableIRQ:IRQn <- $r0
	.loc	3 1913 7 prologue_end           @ ../Drivers/CMSIS/Include\core_cm7.h:1913:7
	cmp	r0, #0
.Ltmp24:
	.loc	4 193 1                         @ ../Drivers/STM32H7xx_HAL_Driver/Src/stm32h7xx_hal_cortex.c:193:1
	it	mi
	bxmi	lr
.Ltmp25:
.LBB2_1:
	@DEBUG_VALUE: __NVIC_EnableIRQ:IRQn <- $r0
	@DEBUG_VALUE: HAL_NVIC_EnableIRQ:IRQn <- $r0
	.loc	3 1916 81                       @ ../Drivers/CMSIS/Include\core_cm7.h:1916:81
	and	r1, r0, #31
	movs	r2, #1
	.loc	3 1916 60 is_stmt 0             @ ../Drivers/CMSIS/Include\core_cm7.h:1916:60
	lsl.w	r1, r2, r1
	movw	r2, #57600
	.loc	3 1916 5                        @ ../Drivers/CMSIS/Include\core_cm7.h:1916:5
	ubfx	r0, r0, #5, #11
.Ltmp26:
	@DEBUG_VALUE: HAL_NVIC_EnableIRQ:IRQn <- [DW_OP_LLVM_entry_value 1] $r0
	.loc	3 0 5                           @ ../Drivers/CMSIS/Include\core_cm7.h:0:5
	movt	r2, #57344
	.loc	3 1915 5 is_stmt 1              @ ../Drivers/CMSIS/Include\core_cm7.h:1915:5
	@APP
	@NO_APP
	.loc	3 1916 43                       @ ../Drivers/CMSIS/Include\core_cm7.h:1916:43
	str.w	r1, [r2, r0, lsl #2]
	.loc	3 1917 5                        @ ../Drivers/CMSIS/Include\core_cm7.h:1917:5
	@APP
	@NO_APP
.Ltmp27:
	.loc	4 193 1                         @ ../Drivers/STM32H7xx_HAL_Driver/Src/stm32h7xx_hal_cortex.c:193:1
	bx	lr
.Ltmp28:
.Lfunc_end2:
	.size	HAL_NVIC_EnableIRQ, .Lfunc_end2-HAL_NVIC_EnableIRQ
	.cfi_endproc
	.cantunwind
	.fnend
                                        @ -- End function
	.section	.text.HAL_NVIC_DisableIRQ,"ax",%progbits
	.hidden	HAL_NVIC_DisableIRQ             @ -- Begin function HAL_NVIC_DisableIRQ
	.globl	HAL_NVIC_DisableIRQ
	.p2align	3
	.type	HAL_NVIC_DisableIRQ,%function
	.code	16                              @ @HAL_NVIC_DisableIRQ
	.thumb_func
HAL_NVIC_DisableIRQ:
.Lfunc_begin3:
	.fnstart
	.cfi_startproc
@ %bb.0:
	@DEBUG_VALUE: HAL_NVIC_DisableIRQ:IRQn <- $r0
	@DEBUG_VALUE: __NVIC_DisableIRQ:IRQn <- $r0
	.loc	3 1951 7 prologue_end           @ ../Drivers/CMSIS/Include\core_cm7.h:1951:7
	cmp	r0, #0
.Ltmp29:
	.loc	4 209 1                         @ ../Drivers/STM32H7xx_HAL_Driver/Src/stm32h7xx_hal_cortex.c:209:1
	it	mi
	bxmi	lr
.Ltmp30:
.LBB3_1:
	@DEBUG_VALUE: __NVIC_DisableIRQ:IRQn <- $r0
	@DEBUG_VALUE: HAL_NVIC_DisableIRQ:IRQn <- $r0
	.loc	4 0 1 is_stmt 0                 @ ../Drivers/STM32H7xx_HAL_Driver/Src/stm32h7xx_hal_cortex.c:0:1
	movw	r3, #57728
.Ltmp31:
	.loc	3 1953 81 is_stmt 1             @ ../Drivers/CMSIS/Include\core_cm7.h:1953:81
	and	r1, r0, #31
	.loc	3 1953 5 is_stmt 0              @ ../Drivers/CMSIS/Include\core_cm7.h:1953:5
	ubfx	r0, r0, #5, #11
.Ltmp32:
	@DEBUG_VALUE: HAL_NVIC_DisableIRQ:IRQn <- [DW_OP_LLVM_entry_value 1] $r0
	.loc	3 0 5                           @ ../Drivers/CMSIS/Include\core_cm7.h:0:5
	movt	r3, #57344
	movs	r2, #1
	.loc	3 1953 60                       @ ../Drivers/CMSIS/Include\core_cm7.h:1953:60
	lsl.w	r1, r2, r1
	.loc	3 1953 43                       @ ../Drivers/CMSIS/Include\core_cm7.h:1953:43
	str.w	r1, [r3, r0, lsl #2]
	.loc	3 1954 5 is_stmt 1              @ ../Drivers/CMSIS/Include\core_cm7.h:1954:5
	dsb	sy
	.loc	3 1955 5                        @ ../Drivers/CMSIS/Include\core_cm7.h:1955:5
	isb	sy
.Ltmp33:
	.loc	4 209 1                         @ ../Drivers/STM32H7xx_HAL_Driver/Src/stm32h7xx_hal_cortex.c:209:1
	bx	lr
.Ltmp34:
.Lfunc_end3:
	.size	HAL_NVIC_DisableIRQ, .Lfunc_end3-HAL_NVIC_DisableIRQ
	.cfi_endproc
	.cantunwind
	.fnend
                                        @ -- End function
	.section	.text.HAL_NVIC_SystemReset,"ax",%progbits
	.hidden	HAL_NVIC_SystemReset            @ -- Begin function HAL_NVIC_SystemReset
	.globl	HAL_NVIC_SystemReset
	.p2align	3
	.type	HAL_NVIC_SystemReset,%function
	.code	16                              @ @HAL_NVIC_SystemReset
	.thumb_func
HAL_NVIC_SystemReset:
.Lfunc_begin4:
	.fnstart
	.cfi_startproc
@ %bb.0:
	.loc	4 218 3 prologue_end            @ ../Drivers/STM32H7xx_HAL_Driver/Src/stm32h7xx_hal_cortex.c:218:3
	bl	__NVIC_SystemReset
.Ltmp35:
.Lfunc_end4:
	.size	HAL_NVIC_SystemReset, .Lfunc_end4-HAL_NVIC_SystemReset
	.cfi_endproc
	.cantunwind
	.fnend
                                        @ -- End function
	.section	.text.__NVIC_SystemReset,"ax",%progbits
	.p2align	3                               @ -- Begin function __NVIC_SystemReset
	.type	__NVIC_SystemReset,%function
	.code	16                              @ @__NVIC_SystemReset
	.thumb_func
__NVIC_SystemReset:
.Lfunc_begin5:
	.loc	3 2166 0                        @ ../Drivers/CMSIS/Include\core_cm7.h:2166:0
	.fnstart
	.cfi_startproc
@ %bb.0:
	movw	r0, #60684
	movs	r2, #4
	movt	r0, #57344
	movt	r2, #1530
.Ltmp36:
	.loc	3 2167 3 prologue_end           @ ../Drivers/CMSIS/Include\core_cm7.h:2167:3
	dsb	sy
	.loc	3 2170 34                       @ ../Drivers/CMSIS/Include\core_cm7.h:2170:34
	ldr	r1, [r0]
	.loc	3 2170 40 is_stmt 0             @ ../Drivers/CMSIS/Include\core_cm7.h:2170:40
	and	r1, r1, #1792
	.loc	3 2170 66                       @ ../Drivers/CMSIS/Include\core_cm7.h:2170:66
	orrs	r1, r2
	.loc	3 2169 15 is_stmt 1             @ ../Drivers/CMSIS/Include\core_cm7.h:2169:15
	str	r1, [r0]
	.loc	3 2172 3                        @ ../Drivers/CMSIS/Include\core_cm7.h:2172:3
	dsb	sy
	.loc	3 0 3 is_stmt 0                 @ :0:3
.Ltmp37:
	.p2align	2
.LBB5_1:                                @ =>This Inner Loop Header: Depth=1
.Ltmp38:
	.loc	3 2176 5 is_stmt 1              @ ../Drivers/CMSIS/Include\core_cm7.h:2176:5
	nop
	nop
	nop
	nop
.Ltmp39:
	.loc	3 2174 3                        @ ../Drivers/CMSIS/Include\core_cm7.h:2174:3
	b	.LBB5_1
.Ltmp40:
.Lfunc_end5:
	.size	__NVIC_SystemReset, .Lfunc_end5-__NVIC_SystemReset
	.cfi_endproc
	.cantunwind
	.fnend
                                        @ -- End function
	.section	.text.HAL_SYSTICK_Config,"ax",%progbits
	.hidden	HAL_SYSTICK_Config              @ -- Begin function HAL_SYSTICK_Config
	.globl	HAL_SYSTICK_Config
	.p2align	3
	.type	HAL_SYSTICK_Config,%function
	.code	16                              @ @HAL_SYSTICK_Config
	.thumb_func
HAL_SYSTICK_Config:
.Lfunc_begin6:
	.fnstart
	.cfi_startproc
@ %bb.0:
	@DEBUG_VALUE: HAL_SYSTICK_Config:TicksNumb <- $r0
	@DEBUG_VALUE: SysTick_Config:ticks <- $r0
	.loc	3 2261 14 prologue_end          @ ../Drivers/CMSIS/Include\core_cm7.h:2261:14
	subs	r1, r0, #1
	movs	r0, #0
.Ltmp41:
	@DEBUG_VALUE: HAL_SYSTICK_Config:TicksNumb <- [DW_OP_LLVM_entry_value 1] $r0
	.loc	3 2261 7 is_stmt 0              @ ../Drivers/CMSIS/Include\core_cm7.h:2261:7
	cmp.w	r0, r1, lsr #24
	beq	.LBB6_2
.Ltmp42:
@ %bb.1:
	@DEBUG_VALUE: HAL_SYSTICK_Config:TicksNumb <- [DW_OP_LLVM_entry_value 1] $r0
	.loc	3 0 7                           @ ../Drivers/CMSIS/Include\core_cm7.h:0:7
	movs	r0, #1
	.loc	4 230 4 is_stmt 1               @ ../Drivers/STM32H7xx_HAL_Driver/Src/stm32h7xx_hal_cortex.c:230:4
	bx	lr
.Ltmp43:
	.loc	4 0 4 is_stmt 0                 @ :0:4
.Ltmp44:
	.p2align	2
.LBB6_2:
	@DEBUG_VALUE: HAL_SYSTICK_Config:TicksNumb <- [DW_OP_LLVM_entry_value 1] $r0
	movw	r2, #57360
	movs	r3, #240
.Ltmp45:
	@DEBUG_VALUE: __NVIC_SetPriority:priority <- 15
	@DEBUG_VALUE: __NVIC_SetPriority:IRQn <- -1
	movt	r2, #57344
.Ltmp46:
	.loc	3 2266 18 is_stmt 1             @ ../Drivers/CMSIS/Include\core_cm7.h:2266:18
	str	r1, [r2, #4]
	movw	r1, #60707
	movt	r1, #57344
.Ltmp47:
	.loc	3 0 0 is_stmt 0                 @ ../Drivers/CMSIS/Include\core_cm7.h:0:0
	strb	r3, [r1]
	movs	r1, #7
.Ltmp48:
	.loc	3 2268 18 is_stmt 1             @ ../Drivers/CMSIS/Include\core_cm7.h:2268:18
	str	r0, [r2, #8]
	.loc	3 2269 18                       @ ../Drivers/CMSIS/Include\core_cm7.h:2269:18
	str	r1, [r2]
.Ltmp49:
	.loc	4 230 4                         @ ../Drivers/STM32H7xx_HAL_Driver/Src/stm32h7xx_hal_cortex.c:230:4
	bx	lr
.Ltmp50:
.Lfunc_end6:
	.size	HAL_SYSTICK_Config, .Lfunc_end6-HAL_SYSTICK_Config
	.cfi_endproc
	.cantunwind
	.fnend
                                        @ -- End function
	.section	.text.HAL_MPU_Disable,"ax",%progbits
	.hidden	HAL_MPU_Disable                 @ -- Begin function HAL_MPU_Disable
	.globl	HAL_MPU_Disable
	.p2align	3
	.type	HAL_MPU_Disable,%function
	.code	16                              @ @HAL_MPU_Disable
	.thumb_func
HAL_MPU_Disable:
.Lfunc_begin7:
	.loc	4 257 0                         @ ../Drivers/STM32H7xx_HAL_Driver/Src/stm32h7xx_hal_cortex.c:257:0
	.fnstart
	.cfi_startproc
@ %bb.0:
	movw	r0, #60708
	movt	r0, #57344
.Ltmp51:
	.loc	4 259 3 prologue_end            @ ../Drivers/STM32H7xx_HAL_Driver/Src/stm32h7xx_hal_cortex.c:259:3
	dmb	sy
	.loc	4 262 14                        @ ../Drivers/STM32H7xx_HAL_Driver/Src/stm32h7xx_hal_cortex.c:262:14
	ldr	r1, [r0]
	bic	r1, r1, #65536
	str	r1, [r0]
	movs	r1, #0
	.loc	4 265 13                        @ ../Drivers/STM32H7xx_HAL_Driver/Src/stm32h7xx_hal_cortex.c:265:13
	str	r1, [r0, #112]
	.loc	4 266 1                         @ ../Drivers/STM32H7xx_HAL_Driver/Src/stm32h7xx_hal_cortex.c:266:1
	bx	lr
.Ltmp52:
.Lfunc_end7:
	.size	HAL_MPU_Disable, .Lfunc_end7-HAL_MPU_Disable
	.cfi_endproc
	.cantunwind
	.fnend
                                        @ -- End function
	.section	.text.HAL_MPU_Enable,"ax",%progbits
	.hidden	HAL_MPU_Enable                  @ -- Begin function HAL_MPU_Enable
	.globl	HAL_MPU_Enable
	.p2align	3
	.type	HAL_MPU_Enable,%function
	.code	16                              @ @HAL_MPU_Enable
	.thumb_func
HAL_MPU_Enable:
.Lfunc_begin8:
	.loc	4 280 0                         @ ../Drivers/STM32H7xx_HAL_Driver/Src/stm32h7xx_hal_cortex.c:280:0
	.fnstart
	.cfi_startproc
@ %bb.0:
	@DEBUG_VALUE: HAL_MPU_Enable:MPU_Control <- $r0
	movw	r1, #60708
.Ltmp53:
	.loc	4 282 27 prologue_end           @ ../Drivers/STM32H7xx_HAL_Driver/Src/stm32h7xx_hal_cortex.c:282:27
	orr	r0, r0, #1
.Ltmp54:
	@DEBUG_VALUE: HAL_MPU_Enable:MPU_Control <- [DW_OP_LLVM_entry_value 1] $r0
	.loc	4 0 27 is_stmt 0                @ ../Drivers/STM32H7xx_HAL_Driver/Src/stm32h7xx_hal_cortex.c:0:27
	movt	r1, #57344
	.loc	4 282 13                        @ ../Drivers/STM32H7xx_HAL_Driver/Src/stm32h7xx_hal_cortex.c:282:13
	str	r0, [r1, #112]
	.loc	4 285 14 is_stmt 1              @ ../Drivers/STM32H7xx_HAL_Driver/Src/stm32h7xx_hal_cortex.c:285:14
	ldr	r0, [r1]
	orr	r0, r0, #65536
	str	r0, [r1]
	.loc	4 288 3                         @ ../Drivers/STM32H7xx_HAL_Driver/Src/stm32h7xx_hal_cortex.c:288:3
	dsb	sy
	.loc	4 289 3                         @ ../Drivers/STM32H7xx_HAL_Driver/Src/stm32h7xx_hal_cortex.c:289:3
	isb	sy
	.loc	4 290 1                         @ ../Drivers/STM32H7xx_HAL_Driver/Src/stm32h7xx_hal_cortex.c:290:1
	bx	lr
.Ltmp55:
.Lfunc_end8:
	.size	HAL_MPU_Enable, .Lfunc_end8-HAL_MPU_Enable
	.cfi_endproc
	.cantunwind
	.fnend
                                        @ -- End function
	.section	.text.HAL_MPU_EnableRegion,"ax",%progbits
	.hidden	HAL_MPU_EnableRegion            @ -- Begin function HAL_MPU_EnableRegion
	.globl	HAL_MPU_EnableRegion
	.p2align	3
	.type	HAL_MPU_EnableRegion,%function
	.code	16                              @ @HAL_MPU_EnableRegion
	.thumb_func
HAL_MPU_EnableRegion:
.Lfunc_begin9:
	.loc	4 297 0                         @ ../Drivers/STM32H7xx_HAL_Driver/Src/stm32h7xx_hal_cortex.c:297:0
	.fnstart
	.cfi_startproc
@ %bb.0:
	@DEBUG_VALUE: HAL_MPU_EnableRegion:RegionNumber <- $r0
	movw	r1, #60832
	movt	r1, #57344
.Ltmp56:
	.loc	4 302 12 prologue_end           @ ../Drivers/STM32H7xx_HAL_Driver/Src/stm32h7xx_hal_cortex.c:302:12
	str	r0, [r1, #-8]
	.loc	4 305 3                         @ ../Drivers/STM32H7xx_HAL_Driver/Src/stm32h7xx_hal_cortex.c:305:3
	ldr	r0, [r1]
.Ltmp57:
	@DEBUG_VALUE: HAL_MPU_EnableRegion:RegionNumber <- [DW_OP_LLVM_entry_value 1] $r0
	orr	r0, r0, #1
	str	r0, [r1]
	.loc	4 306 1                         @ ../Drivers/STM32H7xx_HAL_Driver/Src/stm32h7xx_hal_cortex.c:306:1
	bx	lr
.Ltmp58:
.Lfunc_end9:
	.size	HAL_MPU_EnableRegion, .Lfunc_end9-HAL_MPU_EnableRegion
	.cfi_endproc
	.cantunwind
	.fnend
                                        @ -- End function
	.section	.text.HAL_MPU_DisableRegion,"ax",%progbits
	.hidden	HAL_MPU_DisableRegion           @ -- Begin function HAL_MPU_DisableRegion
	.globl	HAL_MPU_DisableRegion
	.p2align	3
	.type	HAL_MPU_DisableRegion,%function
	.code	16                              @ @HAL_MPU_DisableRegion
	.thumb_func
HAL_MPU_DisableRegion:
.Lfunc_begin10:
	.loc	4 313 0                         @ ../Drivers/STM32H7xx_HAL_Driver/Src/stm32h7xx_hal_cortex.c:313:0
	.fnstart
	.cfi_startproc
@ %bb.0:
	@DEBUG_VALUE: HAL_MPU_DisableRegion:RegionNumber <- $r0
	movw	r1, #60832
	movt	r1, #57344
.Ltmp59:
	.loc	4 318 12 prologue_end           @ ../Drivers/STM32H7xx_HAL_Driver/Src/stm32h7xx_hal_cortex.c:318:12
	str	r0, [r1, #-8]
	.loc	4 321 3                         @ ../Drivers/STM32H7xx_HAL_Driver/Src/stm32h7xx_hal_cortex.c:321:3
	ldr	r0, [r1]
.Ltmp60:
	@DEBUG_VALUE: HAL_MPU_DisableRegion:RegionNumber <- [DW_OP_LLVM_entry_value 1] $r0
	bic	r0, r0, #1
	str	r0, [r1]
	.loc	4 322 1                         @ ../Drivers/STM32H7xx_HAL_Driver/Src/stm32h7xx_hal_cortex.c:322:1
	bx	lr
.Ltmp61:
.Lfunc_end10:
	.size	HAL_MPU_DisableRegion, .Lfunc_end10-HAL_MPU_DisableRegion
	.cfi_endproc
	.cantunwind
	.fnend
                                        @ -- End function
	.section	.text.HAL_MPU_ConfigRegion,"ax",%progbits
	.hidden	HAL_MPU_ConfigRegion            @ -- Begin function HAL_MPU_ConfigRegion
	.globl	HAL_MPU_ConfigRegion
	.p2align	3
	.type	HAL_MPU_ConfigRegion,%function
	.code	16                              @ @HAL_MPU_ConfigRegion
	.thumb_func
HAL_MPU_ConfigRegion:
.Lfunc_begin11:
	.loc	4 331 0                         @ ../Drivers/STM32H7xx_HAL_Driver/Src/stm32h7xx_hal_cortex.c:331:0
	.fnstart
	.cfi_startproc
@ %bb.0:
	@DEBUG_VALUE: HAL_MPU_ConfigRegion:MPU_Init <- $r0
	.save	{r4, lr}
	push	{r4, lr}
	.cfi_def_cfa_offset 8
	.cfi_offset lr, -4
	.cfi_offset r4, -8
	movw	lr, #60832
.Ltmp62:
	.loc	4 345 24 prologue_end           @ ../Drivers/STM32H7xx_HAL_Driver/Src/stm32h7xx_hal_cortex.c:345:24
	ldrb	r3, [r0, #1]
	movt	lr, #57344
	.loc	4 360 36                        @ ../Drivers/STM32H7xx_HAL_Driver/Src/stm32h7xx_hal_cortex.c:360:36
	ldrb.w	r12, [r0]
	.loc	4 345 12                        @ ../Drivers/STM32H7xx_HAL_Driver/Src/stm32h7xx_hal_cortex.c:345:12
	str	r3, [lr, #-8]
	.loc	4 348 3                         @ ../Drivers/STM32H7xx_HAL_Driver/Src/stm32h7xx_hal_cortex.c:348:3
	ldr.w	r3, [lr]
	bic	r3, r3, #1
	str.w	r3, [lr]
	.loc	4 351 25                        @ ../Drivers/STM32H7xx_HAL_Driver/Src/stm32h7xx_hal_cortex.c:351:25
	ldr	r3, [r0, #4]
	.loc	4 351 13 is_stmt 0              @ ../Drivers/STM32H7xx_HAL_Driver/Src/stm32h7xx_hal_cortex.c:351:13
	str	r3, [lr, #-4]
	.loc	4 352 16 is_stmt 1              @ ../Drivers/STM32H7xx_HAL_Driver/Src/stm32h7xx_hal_cortex.c:352:16
	ldrb	r3, [r0, #12]
	.loc	4 353 16                        @ ../Drivers/STM32H7xx_HAL_Driver/Src/stm32h7xx_hal_cortex.c:353:16
	ldrb	r2, [r0, #11]
	.loc	4 354 36                        @ ../Drivers/STM32H7xx_HAL_Driver/Src/stm32h7xx_hal_cortex.c:354:36
	ldrb	r1, [r0, #10]
	.loc	4 355 36                        @ ../Drivers/STM32H7xx_HAL_Driver/Src/stm32h7xx_hal_cortex.c:355:36
	ldrb	r4, [r0, #13]
	.loc	4 353 60                        @ ../Drivers/STM32H7xx_HAL_Driver/Src/stm32h7xx_hal_cortex.c:353:60
	lsls	r2, r2, #24
	.loc	4 352 82                        @ ../Drivers/STM32H7xx_HAL_Driver/Src/stm32h7xx_hal_cortex.c:352:82
	orr.w	r2, r2, r3, lsl #28
	.loc	4 356 36                        @ ../Drivers/STM32H7xx_HAL_Driver/Src/stm32h7xx_hal_cortex.c:356:36
	ldrb	r3, [r0, #14]
	.loc	4 353 82                        @ ../Drivers/STM32H7xx_HAL_Driver/Src/stm32h7xx_hal_cortex.c:353:82
	orr.w	r1, r2, r1, lsl #19
	.loc	4 357 36                        @ ../Drivers/STM32H7xx_HAL_Driver/Src/stm32h7xx_hal_cortex.c:357:36
	ldrb	r2, [r0, #15]
	.loc	4 354 82                        @ ../Drivers/STM32H7xx_HAL_Driver/Src/stm32h7xx_hal_cortex.c:354:82
	orr.w	r1, r1, r4, lsl #18
	.loc	4 358 36                        @ ../Drivers/STM32H7xx_HAL_Driver/Src/stm32h7xx_hal_cortex.c:358:36
	ldrb	r4, [r0, #9]
	.loc	4 355 82                        @ ../Drivers/STM32H7xx_HAL_Driver/Src/stm32h7xx_hal_cortex.c:355:82
	orr.w	r1, r1, r3, lsl #17
	.loc	4 359 36                        @ ../Drivers/STM32H7xx_HAL_Driver/Src/stm32h7xx_hal_cortex.c:359:36
	ldrb	r0, [r0, #8]
.Ltmp63:
	@DEBUG_VALUE: HAL_MPU_ConfigRegion:MPU_Init <- [DW_OP_LLVM_entry_value 1] $r0
	.loc	4 356 82                        @ ../Drivers/STM32H7xx_HAL_Driver/Src/stm32h7xx_hal_cortex.c:356:82
	orr.w	r1, r1, r2, lsl #16
	.loc	4 357 82                        @ ../Drivers/STM32H7xx_HAL_Driver/Src/stm32h7xx_hal_cortex.c:357:82
	orr.w	r1, r1, r4, lsl #8
	.loc	4 358 82                        @ ../Drivers/STM32H7xx_HAL_Driver/Src/stm32h7xx_hal_cortex.c:358:82
	orr.w	r0, r1, r0, lsl #1
	.loc	4 359 82                        @ ../Drivers/STM32H7xx_HAL_Driver/Src/stm32h7xx_hal_cortex.c:359:82
	orr.w	r0, r0, r12
	.loc	4 352 13                        @ ../Drivers/STM32H7xx_HAL_Driver/Src/stm32h7xx_hal_cortex.c:352:13
	str.w	r0, [lr]
	.loc	4 361 1 epilogue_begin          @ ../Drivers/STM32H7xx_HAL_Driver/Src/stm32h7xx_hal_cortex.c:361:1
	pop	{r4, pc}
.Ltmp64:
.Lfunc_end11:
	.size	HAL_MPU_ConfigRegion, .Lfunc_end11-HAL_MPU_ConfigRegion
	.cfi_endproc
	.cantunwind
	.fnend
                                        @ -- End function
	.section	.text.HAL_NVIC_GetPriorityGrouping,"ax",%progbits
	.hidden	HAL_NVIC_GetPriorityGrouping    @ -- Begin function HAL_NVIC_GetPriorityGrouping
	.globl	HAL_NVIC_GetPriorityGrouping
	.p2align	3
	.type	HAL_NVIC_GetPriorityGrouping,%function
	.code	16                              @ @HAL_NVIC_GetPriorityGrouping
	.thumb_func
HAL_NVIC_GetPriorityGrouping:
.Lfunc_begin12:
	.loc	4 369 0                         @ ../Drivers/STM32H7xx_HAL_Driver/Src/stm32h7xx_hal_cortex.c:369:0
	.fnstart
	.cfi_startproc
@ %bb.0:
	movw	r0, #60684
	movt	r0, #57344
.Ltmp65:
	.loc	3 1901 28 prologue_end          @ ../Drivers/CMSIS/Include\core_cm7.h:1901:28
	ldr	r0, [r0]
	.loc	3 1901 60 is_stmt 0             @ ../Drivers/CMSIS/Include\core_cm7.h:1901:60
	ubfx	r0, r0, #8, #3
.Ltmp66:
	.loc	4 371 3 is_stmt 1               @ ../Drivers/STM32H7xx_HAL_Driver/Src/stm32h7xx_hal_cortex.c:371:3
	bx	lr
.Ltmp67:
.Lfunc_end12:
	.size	HAL_NVIC_GetPriorityGrouping, .Lfunc_end12-HAL_NVIC_GetPriorityGrouping
	.cfi_endproc
	.cantunwind
	.fnend
                                        @ -- End function
	.section	.text.HAL_NVIC_GetPriority,"ax",%progbits
	.hidden	HAL_NVIC_GetPriority            @ -- Begin function HAL_NVIC_GetPriority
	.globl	HAL_NVIC_GetPriority
	.p2align	3
	.type	HAL_NVIC_GetPriority,%function
	.code	16                              @ @HAL_NVIC_GetPriority
	.thumb_func
HAL_NVIC_GetPriority:
.Lfunc_begin13:
	.loc	4 396 0                         @ ../Drivers/STM32H7xx_HAL_Driver/Src/stm32h7xx_hal_cortex.c:396:0
	.fnstart
	.cfi_startproc
@ %bb.0:
	@DEBUG_VALUE: HAL_NVIC_GetPriority:IRQn <- $r0
	@DEBUG_VALUE: HAL_NVIC_GetPriority:PriorityGroup <- $r1
	@DEBUG_VALUE: HAL_NVIC_GetPriority:pPreemptPriority <- $r2
	@DEBUG_VALUE: HAL_NVIC_GetPriority:pSubPriority <- $r3
	@DEBUG_VALUE: __NVIC_GetPriority:IRQn <- $r0
	.save	{r4, lr}
	push	{r4, lr}
	.cfi_def_cfa_offset 8
	.cfi_offset lr, -4
	.cfi_offset r4, -8
.Ltmp68:
	.loc	3 2066 7 prologue_end           @ ../Drivers/CMSIS/Include\core_cm7.h:2066:7
	add.w	r12, r0, #3758096384
	movw	r4, #60692
	add.w	r12, r12, #58368
	and	lr, r0, #15
	movt	r4, #57344
	cmp	r0, #0
	it	mi
	addmi.w	r12, lr, r4
.Ltmp69:
	.loc	3 2117 46                       @ ../Drivers/CMSIS/Include\core_cm7.h:2117:46
	and	r0, r1, #7
.Ltmp70:
	@DEBUG_VALUE: HAL_NVIC_GetPriority:IRQn <- [DW_OP_LLVM_entry_value 1] $r0
	@DEBUG_VALUE: NVIC_DecodePriority:PriorityGroupTmp <- $r0
	.loc	3 0 46 is_stmt 0                @ ../Drivers/CMSIS/Include\core_cm7.h:0:46
	mov.w	lr, #-1
	.loc	3 2121 31 is_stmt 1             @ ../Drivers/CMSIS/Include\core_cm7.h:2121:31
	eor	r1, r0, #7
.Ltmp71:
	@DEBUG_VALUE: HAL_NVIC_GetPriority:PriorityGroup <- [DW_OP_LLVM_entry_value 1] $r1
	.loc	3 0 0 is_stmt 0                 @ ../Drivers/CMSIS/Include\core_cm7.h:0:0
	ldrb.w	r12, [r12]
.Ltmp72:
	.loc	3 2121 25                       @ ../Drivers/CMSIS/Include\core_cm7.h:2121:25
	cmp	r1, #4
	it	hs
	movhs	r1, #4
.Ltmp73:
	@DEBUG_VALUE: NVIC_DecodePriority:PreemptPriorityBits <- $r1
	.loc	3 2122 25 is_stmt 1             @ ../Drivers/CMSIS/Include\core_cm7.h:2122:25
	subs	r0, #3
.Ltmp74:
	.loc	3 0 0 is_stmt 0                 @ ../Drivers/CMSIS/Include\core_cm7.h:0:0
	lsr.w	r4, r12, #4
.Ltmp75:
	@DEBUG_VALUE: NVIC_DecodePriority:Priority <- $r4
	@DEBUG_VALUE: NVIC_DecodePriority:pSubPriority <- undef
	@DEBUG_VALUE: NVIC_DecodePriority:pPreemptPriority <- undef
	@DEBUG_VALUE: NVIC_DecodePriority:PriorityGroup <- undef
	.loc	3 2122 25                       @ ../Drivers/CMSIS/Include\core_cm7.h:2122:25
	it	lo
	movlo	r0, #0
.Ltmp76:
	@DEBUG_VALUE: NVIC_DecodePriority:SubPriorityBits <- $r0
	.loc	3 2124 97 is_stmt 1             @ ../Drivers/CMSIS/Include\core_cm7.h:2124:97
	lsl.w	r1, lr, r1
.Ltmp77:
	.loc	3 2124 33 is_stmt 0             @ ../Drivers/CMSIS/Include\core_cm7.h:2124:33
	lsrs	r4, r0
.Ltmp78:
	.loc	3 2125 97 is_stmt 1             @ ../Drivers/CMSIS/Include\core_cm7.h:2125:97
	lsl.w	r0, lr, r0
.Ltmp79:
	.loc	3 2124 53                       @ ../Drivers/CMSIS/Include\core_cm7.h:2124:53
	bic.w	r1, r4, r1
	.loc	3 2125 97                       @ ../Drivers/CMSIS/Include\core_cm7.h:2125:97
	mvns	r0, r0
	.loc	3 2124 21                       @ ../Drivers/CMSIS/Include\core_cm7.h:2124:21
	str	r1, [r2]
	.loc	3 2125 53                       @ ../Drivers/CMSIS/Include\core_cm7.h:2125:53
	and.w	r0, r0, r12, lsr #4
	.loc	3 2125 21 is_stmt 0             @ ../Drivers/CMSIS/Include\core_cm7.h:2125:21
	str	r0, [r3]
.Ltmp80:
	.loc	4 401 1 epilogue_begin is_stmt 1 @ ../Drivers/STM32H7xx_HAL_Driver/Src/stm32h7xx_hal_cortex.c:401:1
	pop	{r4, pc}
.Ltmp81:
.Lfunc_end13:
	.size	HAL_NVIC_GetPriority, .Lfunc_end13-HAL_NVIC_GetPriority
	.cfi_endproc
	.cantunwind
	.fnend
                                        @ -- End function
	.section	.text.HAL_NVIC_SetPendingIRQ,"ax",%progbits
	.hidden	HAL_NVIC_SetPendingIRQ          @ -- Begin function HAL_NVIC_SetPendingIRQ
	.globl	HAL_NVIC_SetPendingIRQ
	.p2align	3
	.type	HAL_NVIC_SetPendingIRQ,%function
	.code	16                              @ @HAL_NVIC_SetPendingIRQ
	.thumb_func
HAL_NVIC_SetPendingIRQ:
.Lfunc_begin14:
	.fnstart
	.cfi_startproc
@ %bb.0:
	@DEBUG_VALUE: HAL_NVIC_SetPendingIRQ:IRQn <- $r0
	@DEBUG_VALUE: __NVIC_SetPendingIRQ:IRQn <- $r0
	.loc	3 1989 7 prologue_end           @ ../Drivers/CMSIS/Include\core_cm7.h:1989:7
	cmp	r0, #0
.Ltmp82:
	.loc	4 417 1                         @ ../Drivers/STM32H7xx_HAL_Driver/Src/stm32h7xx_hal_cortex.c:417:1
	it	mi
	bxmi	lr
.Ltmp83:
.LBB14_1:
	@DEBUG_VALUE: __NVIC_SetPendingIRQ:IRQn <- $r0
	@DEBUG_VALUE: HAL_NVIC_SetPendingIRQ:IRQn <- $r0
	.loc	4 0 1 is_stmt 0                 @ ../Drivers/STM32H7xx_HAL_Driver/Src/stm32h7xx_hal_cortex.c:0:1
	movw	r3, #57856
.Ltmp84:
	.loc	3 1991 81 is_stmt 1             @ ../Drivers/CMSIS/Include\core_cm7.h:1991:81
	and	r1, r0, #31
	.loc	3 1991 5 is_stmt 0              @ ../Drivers/CMSIS/Include\core_cm7.h:1991:5
	ubfx	r0, r0, #5, #11
.Ltmp85:
	@DEBUG_VALUE: HAL_NVIC_SetPendingIRQ:IRQn <- [DW_OP_LLVM_entry_value 1] $r0
	.loc	3 0 5                           @ ../Drivers/CMSIS/Include\core_cm7.h:0:5
	movt	r3, #57344
	movs	r2, #1
	.loc	3 1991 60                       @ ../Drivers/CMSIS/Include\core_cm7.h:1991:60
	lsl.w	r1, r2, r1
	.loc	3 1991 43                       @ ../Drivers/CMSIS/Include\core_cm7.h:1991:43
	str.w	r1, [r3, r0, lsl #2]
.Ltmp86:
	.loc	4 417 1 is_stmt 1               @ ../Drivers/STM32H7xx_HAL_Driver/Src/stm32h7xx_hal_cortex.c:417:1
	bx	lr
.Ltmp87:
.Lfunc_end14:
	.size	HAL_NVIC_SetPendingIRQ, .Lfunc_end14-HAL_NVIC_SetPendingIRQ
	.cfi_endproc
	.cantunwind
	.fnend
                                        @ -- End function
	.section	.text.HAL_NVIC_GetPendingIRQ,"ax",%progbits
	.hidden	HAL_NVIC_GetPendingIRQ          @ -- Begin function HAL_NVIC_GetPendingIRQ
	.globl	HAL_NVIC_GetPendingIRQ
	.p2align	3
	.type	HAL_NVIC_GetPendingIRQ,%function
	.code	16                              @ @HAL_NVIC_GetPendingIRQ
	.thumb_func
HAL_NVIC_GetPendingIRQ:
.Lfunc_begin15:
	.fnstart
	.cfi_startproc
@ %bb.0:
	@DEBUG_VALUE: HAL_NVIC_GetPendingIRQ:IRQn <- $r0
	@DEBUG_VALUE: __NVIC_GetPendingIRQ:IRQn <- $r0
	.loc	3 1970 7 prologue_end           @ ../Drivers/CMSIS/Include\core_cm7.h:1970:7
	cmp	r0, #0
	bmi	.LBB15_2
.Ltmp88:
@ %bb.1:
	@DEBUG_VALUE: __NVIC_GetPendingIRQ:IRQn <- $r0
	@DEBUG_VALUE: HAL_NVIC_GetPendingIRQ:IRQn <- $r0
	.loc	3 1972 25                       @ ../Drivers/CMSIS/Include\core_cm7.h:1972:25
	ubfx	r1, r0, #5, #11
	movw	r2, #57856
	movt	r2, #57344
	.loc	3 1972 91 is_stmt 0             @ ../Drivers/CMSIS/Include\core_cm7.h:1972:91
	and	r0, r0, #31
.Ltmp89:
	@DEBUG_VALUE: HAL_NVIC_GetPendingIRQ:IRQn <- [DW_OP_LLVM_entry_value 1] $r0
	.loc	3 1972 25                       @ ../Drivers/CMSIS/Include\core_cm7.h:1972:25
	ldr.w	r1, [r2, r1, lsl #2]
	.loc	3 1972 23                       @ ../Drivers/CMSIS/Include\core_cm7.h:1972:23
	lsr.w	r0, r1, r0
	and	r0, r0, #1
.Ltmp90:
	.loc	4 434 3 is_stmt 1               @ ../Drivers/STM32H7xx_HAL_Driver/Src/stm32h7xx_hal_cortex.c:434:3
	bx	lr
.Ltmp91:
	.loc	4 0 3 is_stmt 0                 @ :0:3
.Ltmp92:
	.p2align	2
.LBB15_2:
	@DEBUG_VALUE: HAL_NVIC_GetPendingIRQ:IRQn <- $r0
	movs	r0, #0
.Ltmp93:
	@DEBUG_VALUE: HAL_NVIC_GetPendingIRQ:IRQn <- [DW_OP_LLVM_entry_value 1] $r0
	.loc	4 434 3                         @ ../Drivers/STM32H7xx_HAL_Driver/Src/stm32h7xx_hal_cortex.c:434:3
	bx	lr
.Ltmp94:
.Lfunc_end15:
	.size	HAL_NVIC_GetPendingIRQ, .Lfunc_end15-HAL_NVIC_GetPendingIRQ
	.cfi_endproc
	.cantunwind
	.fnend
                                        @ -- End function
	.section	.text.HAL_NVIC_ClearPendingIRQ,"ax",%progbits
	.hidden	HAL_NVIC_ClearPendingIRQ        @ -- Begin function HAL_NVIC_ClearPendingIRQ
	.globl	HAL_NVIC_ClearPendingIRQ
	.p2align	3
	.type	HAL_NVIC_ClearPendingIRQ,%function
	.code	16                              @ @HAL_NVIC_ClearPendingIRQ
	.thumb_func
HAL_NVIC_ClearPendingIRQ:
.Lfunc_begin16:
	.fnstart
	.cfi_startproc
@ %bb.0:
	@DEBUG_VALUE: HAL_NVIC_ClearPendingIRQ:IRQn <- $r0
	@DEBUG_VALUE: __NVIC_ClearPendingIRQ:IRQn <- $r0
	.loc	3 2004 7 prologue_end is_stmt 1 @ ../Drivers/CMSIS/Include\core_cm7.h:2004:7
	cmp	r0, #0
.Ltmp95:
	.loc	4 451 1                         @ ../Drivers/STM32H7xx_HAL_Driver/Src/stm32h7xx_hal_cortex.c:451:1
	it	mi
	bxmi	lr
.Ltmp96:
.LBB16_1:
	@DEBUG_VALUE: __NVIC_ClearPendingIRQ:IRQn <- $r0
	@DEBUG_VALUE: HAL_NVIC_ClearPendingIRQ:IRQn <- $r0
	.loc	4 0 1 is_stmt 0                 @ ../Drivers/STM32H7xx_HAL_Driver/Src/stm32h7xx_hal_cortex.c:0:1
	movw	r3, #57984
.Ltmp97:
	.loc	3 2006 81 is_stmt 1             @ ../Drivers/CMSIS/Include\core_cm7.h:2006:81
	and	r1, r0, #31
	.loc	3 2006 5 is_stmt 0              @ ../Drivers/CMSIS/Include\core_cm7.h:2006:5
	ubfx	r0, r0, #5, #11
.Ltmp98:
	@DEBUG_VALUE: HAL_NVIC_ClearPendingIRQ:IRQn <- [DW_OP_LLVM_entry_value 1] $r0
	.loc	3 0 5                           @ ../Drivers/CMSIS/Include\core_cm7.h:0:5
	movt	r3, #57344
	movs	r2, #1
	.loc	3 2006 60                       @ ../Drivers/CMSIS/Include\core_cm7.h:2006:60
	lsl.w	r1, r2, r1
	.loc	3 2006 43                       @ ../Drivers/CMSIS/Include\core_cm7.h:2006:43
	str.w	r1, [r3, r0, lsl #2]
.Ltmp99:
	.loc	4 451 1 is_stmt 1               @ ../Drivers/STM32H7xx_HAL_Driver/Src/stm32h7xx_hal_cortex.c:451:1
	bx	lr
.Ltmp100:
.Lfunc_end16:
	.size	HAL_NVIC_ClearPendingIRQ, .Lfunc_end16-HAL_NVIC_ClearPendingIRQ
	.cfi_endproc
	.cantunwind
	.fnend
                                        @ -- End function
	.section	.text.HAL_NVIC_GetActive,"ax",%progbits
	.hidden	HAL_NVIC_GetActive              @ -- Begin function HAL_NVIC_GetActive
	.globl	HAL_NVIC_GetActive
	.p2align	3
	.type	HAL_NVIC_GetActive,%function
	.code	16                              @ @HAL_NVIC_GetActive
	.thumb_func
HAL_NVIC_GetActive:
.Lfunc_begin17:
	.fnstart
	.cfi_startproc
@ %bb.0:
	@DEBUG_VALUE: HAL_NVIC_GetActive:IRQn <- $r0
	@DEBUG_VALUE: __NVIC_GetActive:IRQn <- $r0
	.loc	3 2021 7 prologue_end           @ ../Drivers/CMSIS/Include\core_cm7.h:2021:7
	cmp	r0, #0
	bmi	.LBB17_2
.Ltmp101:
@ %bb.1:
	@DEBUG_VALUE: __NVIC_GetActive:IRQn <- $r0
	@DEBUG_VALUE: HAL_NVIC_GetActive:IRQn <- $r0
	.loc	3 2023 25                       @ ../Drivers/CMSIS/Include\core_cm7.h:2023:25
	ubfx	r1, r0, #5, #11
	movw	r2, #58112
	movt	r2, #57344
	.loc	3 2023 91 is_stmt 0             @ ../Drivers/CMSIS/Include\core_cm7.h:2023:91
	and	r0, r0, #31
.Ltmp102:
	@DEBUG_VALUE: HAL_NVIC_GetActive:IRQn <- [DW_OP_LLVM_entry_value 1] $r0
	.loc	3 2023 25                       @ ../Drivers/CMSIS/Include\core_cm7.h:2023:25
	ldr.w	r1, [r2, r1, lsl #2]
	.loc	3 2023 23                       @ ../Drivers/CMSIS/Include\core_cm7.h:2023:23
	lsr.w	r0, r1, r0
	and	r0, r0, #1
.Ltmp103:
	.loc	4 467 3 is_stmt 1               @ ../Drivers/STM32H7xx_HAL_Driver/Src/stm32h7xx_hal_cortex.c:467:3
	bx	lr
.Ltmp104:
	.loc	4 0 3 is_stmt 0                 @ :0:3
.Ltmp105:
	.p2align	2
.LBB17_2:
	@DEBUG_VALUE: HAL_NVIC_GetActive:IRQn <- $r0
	movs	r0, #0
.Ltmp106:
	@DEBUG_VALUE: HAL_NVIC_GetActive:IRQn <- [DW_OP_LLVM_entry_value 1] $r0
	.loc	4 467 3                         @ ../Drivers/STM32H7xx_HAL_Driver/Src/stm32h7xx_hal_cortex.c:467:3
	bx	lr
.Ltmp107:
.Lfunc_end17:
	.size	HAL_NVIC_GetActive, .Lfunc_end17-HAL_NVIC_GetActive
	.cfi_endproc
	.cantunwind
	.fnend
                                        @ -- End function
	.section	.text.HAL_SYSTICK_CLKSourceConfig,"ax",%progbits
	.hidden	HAL_SYSTICK_CLKSourceConfig     @ -- Begin function HAL_SYSTICK_CLKSourceConfig
	.globl	HAL_SYSTICK_CLKSourceConfig
	.p2align	3
	.type	HAL_SYSTICK_CLKSourceConfig,%function
	.code	16                              @ @HAL_SYSTICK_CLKSourceConfig
	.thumb_func
HAL_SYSTICK_CLKSourceConfig:
.Lfunc_begin18:
	.loc	4 479 0 is_stmt 1               @ ../Drivers/STM32H7xx_HAL_Driver/Src/stm32h7xx_hal_cortex.c:479:0
	.fnstart
	.cfi_startproc
@ %bb.0:
	@DEBUG_VALUE: HAL_SYSTICK_CLKSourceConfig:CLKSource <- $r0
	movw	r1, #57360
.Ltmp108:
	.loc	4 482 7 prologue_end            @ ../Drivers/STM32H7xx_HAL_Driver/Src/stm32h7xx_hal_cortex.c:482:7
	cmp	r0, #4
	movt	r1, #57344
.Ltmp109:
	.loc	4 0 0 is_stmt 0                 @ ../Drivers/STM32H7xx_HAL_Driver/Src/stm32h7xx_hal_cortex.c:0:0
	ldr	r2, [r1]
.Ltmp110:
	.loc	4 482 7                         @ ../Drivers/STM32H7xx_HAL_Driver/Src/stm32h7xx_hal_cortex.c:482:7
	bic	r2, r2, #4
	it	eq
	addeq	r2, #4
.Ltmp111:
	.loc	4 0 0                           @ ../Drivers/STM32H7xx_HAL_Driver/Src/stm32h7xx_hal_cortex.c:0:0
	str	r2, [r1]
.Ltmp112:
	.loc	4 490 1 is_stmt 1               @ ../Drivers/STM32H7xx_HAL_Driver/Src/stm32h7xx_hal_cortex.c:490:1
	bx	lr
.Ltmp113:
.Lfunc_end18:
	.size	HAL_SYSTICK_CLKSourceConfig, .Lfunc_end18-HAL_SYSTICK_CLKSourceConfig
	.cfi_endproc
	.cantunwind
	.fnend
                                        @ -- End function
	.section	.text.HAL_SYSTICK_IRQHandler,"ax",%progbits
	.hidden	HAL_SYSTICK_IRQHandler          @ -- Begin function HAL_SYSTICK_IRQHandler
	.globl	HAL_SYSTICK_IRQHandler
	.p2align	3
	.type	HAL_SYSTICK_IRQHandler,%function
	.code	16                              @ @HAL_SYSTICK_IRQHandler
	.thumb_func
HAL_SYSTICK_IRQHandler:
.Lfunc_begin19:
	.fnstart
	.cfi_startproc
@ %bb.0:
	.loc	4 498 3 prologue_end            @ ../Drivers/STM32H7xx_HAL_Driver/Src/stm32h7xx_hal_cortex.c:498:3
	b	HAL_SYSTICK_Callback
.Ltmp114:
.Lfunc_end19:
	.size	HAL_SYSTICK_IRQHandler, .Lfunc_end19-HAL_SYSTICK_IRQHandler
	.cfi_endproc
	.cantunwind
	.fnend
                                        @ -- End function
	.section	.text.HAL_SYSTICK_Callback,"ax",%progbits
	.hidden	HAL_SYSTICK_Callback            @ -- Begin function HAL_SYSTICK_Callback
	.weak	HAL_SYSTICK_Callback
	.p2align	3
	.type	HAL_SYSTICK_Callback,%function
	.code	16                              @ @HAL_SYSTICK_Callback
	.thumb_func
HAL_SYSTICK_Callback:
.Lfunc_begin20:
	.fnstart
	.cfi_startproc
@ %bb.0:
	.loc	4 510 1 prologue_end            @ ../Drivers/STM32H7xx_HAL_Driver/Src/stm32h7xx_hal_cortex.c:510:1
	bx	lr
.Ltmp115:
.Lfunc_end20:
	.size	HAL_SYSTICK_Callback, .Lfunc_end20-HAL_SYSTICK_Callback
	.cfi_endproc
	.cantunwind
	.fnend
                                        @ -- End function
	.section	.text.HAL_GetCurrentCPUID,"ax",%progbits
	.hidden	HAL_GetCurrentCPUID             @ -- Begin function HAL_GetCurrentCPUID
	.globl	HAL_GetCurrentCPUID
	.p2align	3
	.type	HAL_GetCurrentCPUID,%function
	.code	16                              @ @HAL_GetCurrentCPUID
	.thumb_func
HAL_GetCurrentCPUID:
.Lfunc_begin21:
	.fnstart
	.cfi_startproc
@ %bb.0:
	.loc	4 538 3 prologue_end            @ ../Drivers/STM32H7xx_HAL_Driver/Src/stm32h7xx_hal_cortex.c:538:3
	movs	r0, #3
	bx	lr
.Ltmp116:
.Lfunc_end21:
	.size	HAL_GetCurrentCPUID, .Lfunc_end21-HAL_GetCurrentCPUID
	.cfi_endproc
	.cantunwind
	.fnend
                                        @ -- End function
	.file	5 "D:\\EV\\testadc\\MDK-ARM" "../Drivers/STM32H7xx_HAL_Driver/Inc\\stm32h7xx_hal_cortex.h"
	.section	.debug_loc,"",%progbits
.Ldebug_loc0:
	.long	-1
	.long	.Lfunc_begin0                   @   base address
	.long	.Lfunc_begin0-.Lfunc_begin0
	.long	.Ltmp5-.Lfunc_begin0
	.short	1                               @ Loc expr size
	.byte	80                              @ DW_OP_reg0
	.long	.Ltmp5-.Lfunc_begin0
	.long	.Lfunc_end0-.Lfunc_begin0
	.short	4                               @ Loc expr size
	.byte	243                             @ DW_OP_GNU_entry_value
	.byte	1                               @ 1
	.byte	80                              @ DW_OP_reg0
	.byte	159                             @ DW_OP_stack_value
	.long	0
	.long	0
.Ldebug_loc1:
	.long	-1
	.long	.Lfunc_begin0                   @   base address
	.long	.Ltmp0-.Lfunc_begin0
	.long	.Ltmp5-.Lfunc_begin0
	.short	5                               @ Loc expr size
	.byte	112                             @ DW_OP_breg0
	.byte	0                               @ 0
	.byte	55                              @ DW_OP_lit7
	.byte	26                              @ DW_OP_and
	.byte	159                             @ DW_OP_stack_value
	.long	0
	.long	0
.Ldebug_loc2:
	.long	-1
	.long	.Lfunc_begin0                   @   base address
	.long	.Ltmp0-.Lfunc_begin0
	.long	.Ltmp5-.Lfunc_begin0
	.short	1                               @ Loc expr size
	.byte	80                              @ DW_OP_reg0
	.long	0
	.long	0
.Ldebug_loc3:
	.long	-1
	.long	.Lfunc_begin0                   @   base address
	.long	.Ltmp2-.Lfunc_begin0
	.long	.Ltmp4-.Lfunc_begin0
	.short	1                               @ Loc expr size
	.byte	82                              @ DW_OP_reg2
	.long	.Ltmp6-.Lfunc_begin0
	.long	.Lfunc_end0-.Lfunc_begin0
	.short	1                               @ Loc expr size
	.byte	80                              @ DW_OP_reg0
	.long	0
	.long	0
.Ldebug_loc4:
	.long	-1
	.long	.Lfunc_begin1                   @   base address
	.long	.Lfunc_begin1-.Lfunc_begin1
	.long	.Ltmp18-.Lfunc_begin1
	.short	1                               @ Loc expr size
	.byte	80                              @ DW_OP_reg0
	.long	.Ltmp18-.Lfunc_begin1
	.long	.Lfunc_end1-.Lfunc_begin1
	.short	4                               @ Loc expr size
	.byte	243                             @ DW_OP_GNU_entry_value
	.byte	1                               @ 1
	.byte	80                              @ DW_OP_reg0
	.byte	159                             @ DW_OP_stack_value
	.long	0
	.long	0
.Ldebug_loc5:
	.long	-1
	.long	.Lfunc_begin1                   @   base address
	.long	.Lfunc_begin1-.Lfunc_begin1
	.long	.Ltmp14-.Lfunc_begin1
	.short	1                               @ Loc expr size
	.byte	81                              @ DW_OP_reg1
	.long	.Ltmp14-.Lfunc_begin1
	.long	.Lfunc_end1-.Lfunc_begin1
	.short	4                               @ Loc expr size
	.byte	243                             @ DW_OP_GNU_entry_value
	.byte	1                               @ 1
	.byte	81                              @ DW_OP_reg1
	.byte	159                             @ DW_OP_stack_value
	.long	0
	.long	0
.Ldebug_loc6:
	.long	-1
	.long	.Lfunc_begin1                   @   base address
	.long	.Ltmp11-.Lfunc_begin1
	.long	.Lfunc_end1-.Lfunc_begin1
	.short	1                               @ Loc expr size
	.byte	94                              @ DW_OP_reg14
	.long	0
	.long	0
.Ldebug_loc7:
	.long	-1
	.long	.Lfunc_begin1                   @   base address
	.long	.Ltmp12-.Lfunc_begin1
	.long	.Ltmp13-.Lfunc_begin1
	.short	1                               @ Loc expr size
	.byte	83                              @ DW_OP_reg3
	.long	0
	.long	0
.Ldebug_loc8:
	.long	-1
	.long	.Lfunc_begin1                   @   base address
	.long	.Ltmp16-.Lfunc_begin1
	.long	.Ltmp23-.Lfunc_begin1
	.short	1                               @ Loc expr size
	.byte	84                              @ DW_OP_reg4
	.long	0
	.long	0
.Ldebug_loc9:
	.long	-1
	.long	.Lfunc_begin1                   @   base address
	.long	.Ltmp20-.Lfunc_begin1
	.long	.Ltmp21-.Lfunc_begin1
	.short	1                               @ Loc expr size
	.byte	80                              @ DW_OP_reg0
	.long	0
	.long	0
.Ldebug_loc10:
	.long	-1
	.long	.Lfunc_begin2                   @   base address
	.long	.Lfunc_begin2-.Lfunc_begin2
	.long	.Ltmp26-.Lfunc_begin2
	.short	1                               @ Loc expr size
	.byte	80                              @ DW_OP_reg0
	.long	.Ltmp26-.Lfunc_begin2
	.long	.Lfunc_end2-.Lfunc_begin2
	.short	4                               @ Loc expr size
	.byte	243                             @ DW_OP_GNU_entry_value
	.byte	1                               @ 1
	.byte	80                              @ DW_OP_reg0
	.byte	159                             @ DW_OP_stack_value
	.long	0
	.long	0
.Ldebug_loc11:
	.long	-1
	.long	.Lfunc_begin2                   @   base address
	.long	.Lfunc_begin2-.Lfunc_begin2
	.long	.Ltmp26-.Lfunc_begin2
	.short	1                               @ Loc expr size
	.byte	80                              @ DW_OP_reg0
	.long	0
	.long	0
.Ldebug_loc12:
	.long	-1
	.long	.Lfunc_begin3                   @   base address
	.long	.Lfunc_begin3-.Lfunc_begin3
	.long	.Ltmp32-.Lfunc_begin3
	.short	1                               @ Loc expr size
	.byte	80                              @ DW_OP_reg0
	.long	.Ltmp32-.Lfunc_begin3
	.long	.Lfunc_end3-.Lfunc_begin3
	.short	4                               @ Loc expr size
	.byte	243                             @ DW_OP_GNU_entry_value
	.byte	1                               @ 1
	.byte	80                              @ DW_OP_reg0
	.byte	159                             @ DW_OP_stack_value
	.long	0
	.long	0
.Ldebug_loc13:
	.long	-1
	.long	.Lfunc_begin3                   @   base address
	.long	.Lfunc_begin3-.Lfunc_begin3
	.long	.Ltmp32-.Lfunc_begin3
	.short	1                               @ Loc expr size
	.byte	80                              @ DW_OP_reg0
	.long	0
	.long	0
.Ldebug_loc14:
	.long	-1
	.long	.Lfunc_begin6                   @   base address
	.long	.Lfunc_begin6-.Lfunc_begin6
	.long	.Ltmp41-.Lfunc_begin6
	.short	1                               @ Loc expr size
	.byte	80                              @ DW_OP_reg0
	.long	.Ltmp41-.Lfunc_begin6
	.long	.Lfunc_end6-.Lfunc_begin6
	.short	4                               @ Loc expr size
	.byte	243                             @ DW_OP_GNU_entry_value
	.byte	1                               @ 1
	.byte	80                              @ DW_OP_reg0
	.byte	159                             @ DW_OP_stack_value
	.long	0
	.long	0
.Ldebug_loc15:
	.long	-1
	.long	.Lfunc_begin6                   @   base address
	.long	.Lfunc_begin6-.Lfunc_begin6
	.long	.Ltmp41-.Lfunc_begin6
	.short	1                               @ Loc expr size
	.byte	80                              @ DW_OP_reg0
	.long	0
	.long	0
.Ldebug_loc16:
	.long	-1
	.long	.Lfunc_begin8                   @   base address
	.long	.Lfunc_begin8-.Lfunc_begin8
	.long	.Ltmp54-.Lfunc_begin8
	.short	1                               @ Loc expr size
	.byte	80                              @ DW_OP_reg0
	.long	.Ltmp54-.Lfunc_begin8
	.long	.Lfunc_end8-.Lfunc_begin8
	.short	4                               @ Loc expr size
	.byte	243                             @ DW_OP_GNU_entry_value
	.byte	1                               @ 1
	.byte	80                              @ DW_OP_reg0
	.byte	159                             @ DW_OP_stack_value
	.long	0
	.long	0
.Ldebug_loc17:
	.long	-1
	.long	.Lfunc_begin9                   @   base address
	.long	.Lfunc_begin9-.Lfunc_begin9
	.long	.Ltmp57-.Lfunc_begin9
	.short	1                               @ Loc expr size
	.byte	80                              @ DW_OP_reg0
	.long	.Ltmp57-.Lfunc_begin9
	.long	.Lfunc_end9-.Lfunc_begin9
	.short	4                               @ Loc expr size
	.byte	243                             @ DW_OP_GNU_entry_value
	.byte	1                               @ 1
	.byte	80                              @ DW_OP_reg0
	.byte	159                             @ DW_OP_stack_value
	.long	0
	.long	0
.Ldebug_loc18:
	.long	-1
	.long	.Lfunc_begin10                  @   base address
	.long	.Lfunc_begin10-.Lfunc_begin10
	.long	.Ltmp60-.Lfunc_begin10
	.short	1                               @ Loc expr size
	.byte	80                              @ DW_OP_reg0
	.long	.Ltmp60-.Lfunc_begin10
	.long	.Lfunc_end10-.Lfunc_begin10
	.short	4                               @ Loc expr size
	.byte	243                             @ DW_OP_GNU_entry_value
	.byte	1                               @ 1
	.byte	80                              @ DW_OP_reg0
	.byte	159                             @ DW_OP_stack_value
	.long	0
	.long	0
.Ldebug_loc19:
	.long	-1
	.long	.Lfunc_begin11                  @   base address
	.long	.Lfunc_begin11-.Lfunc_begin11
	.long	.Ltmp63-.Lfunc_begin11
	.short	1                               @ Loc expr size
	.byte	80                              @ DW_OP_reg0
	.long	.Ltmp63-.Lfunc_begin11
	.long	.Lfunc_end11-.Lfunc_begin11
	.short	4                               @ Loc expr size
	.byte	243                             @ DW_OP_GNU_entry_value
	.byte	1                               @ 1
	.byte	80                              @ DW_OP_reg0
	.byte	159                             @ DW_OP_stack_value
	.long	0
	.long	0
.Ldebug_loc20:
	.long	-1
	.long	.Lfunc_begin13                  @   base address
	.long	.Lfunc_begin13-.Lfunc_begin13
	.long	.Ltmp70-.Lfunc_begin13
	.short	1                               @ Loc expr size
	.byte	80                              @ DW_OP_reg0
	.long	.Ltmp70-.Lfunc_begin13
	.long	.Lfunc_end13-.Lfunc_begin13
	.short	4                               @ Loc expr size
	.byte	243                             @ DW_OP_GNU_entry_value
	.byte	1                               @ 1
	.byte	80                              @ DW_OP_reg0
	.byte	159                             @ DW_OP_stack_value
	.long	0
	.long	0
.Ldebug_loc21:
	.long	-1
	.long	.Lfunc_begin13                  @   base address
	.long	.Lfunc_begin13-.Lfunc_begin13
	.long	.Ltmp71-.Lfunc_begin13
	.short	1                               @ Loc expr size
	.byte	81                              @ DW_OP_reg1
	.long	.Ltmp71-.Lfunc_begin13
	.long	.Lfunc_end13-.Lfunc_begin13
	.short	4                               @ Loc expr size
	.byte	243                             @ DW_OP_GNU_entry_value
	.byte	1                               @ 1
	.byte	81                              @ DW_OP_reg1
	.byte	159                             @ DW_OP_stack_value
	.long	0
	.long	0
.Ldebug_loc22:
	.long	-1
	.long	.Lfunc_begin13                  @   base address
	.long	.Lfunc_begin13-.Lfunc_begin13
	.long	.Ltmp70-.Lfunc_begin13
	.short	1                               @ Loc expr size
	.byte	80                              @ DW_OP_reg0
	.long	0
	.long	0
.Ldebug_loc23:
	.long	-1
	.long	.Lfunc_begin13                  @   base address
	.long	.Ltmp70-.Lfunc_begin13
	.long	.Ltmp74-.Lfunc_begin13
	.short	1                               @ Loc expr size
	.byte	80                              @ DW_OP_reg0
	.long	0
	.long	0
.Ldebug_loc24:
	.long	-1
	.long	.Lfunc_begin13                  @   base address
	.long	.Ltmp73-.Lfunc_begin13
	.long	.Ltmp77-.Lfunc_begin13
	.short	1                               @ Loc expr size
	.byte	81                              @ DW_OP_reg1
	.long	0
	.long	0
.Ldebug_loc25:
	.long	-1
	.long	.Lfunc_begin13                  @   base address
	.long	.Ltmp75-.Lfunc_begin13
	.long	.Ltmp78-.Lfunc_begin13
	.short	1                               @ Loc expr size
	.byte	84                              @ DW_OP_reg4
	.long	0
	.long	0
.Ldebug_loc26:
	.long	-1
	.long	.Lfunc_begin13                  @   base address
	.long	.Ltmp76-.Lfunc_begin13
	.long	.Ltmp79-.Lfunc_begin13
	.short	1                               @ Loc expr size
	.byte	80                              @ DW_OP_reg0
	.long	0
	.long	0
.Ldebug_loc27:
	.long	-1
	.long	.Lfunc_begin14                  @   base address
	.long	.Lfunc_begin14-.Lfunc_begin14
	.long	.Ltmp85-.Lfunc_begin14
	.short	1                               @ Loc expr size
	.byte	80                              @ DW_OP_reg0
	.long	.Ltmp85-.Lfunc_begin14
	.long	.Lfunc_end14-.Lfunc_begin14
	.short	4                               @ Loc expr size
	.byte	243                             @ DW_OP_GNU_entry_value
	.byte	1                               @ 1
	.byte	80                              @ DW_OP_reg0
	.byte	159                             @ DW_OP_stack_value
	.long	0
	.long	0
.Ldebug_loc28:
	.long	-1
	.long	.Lfunc_begin14                  @   base address
	.long	.Lfunc_begin14-.Lfunc_begin14
	.long	.Ltmp85-.Lfunc_begin14
	.short	1                               @ Loc expr size
	.byte	80                              @ DW_OP_reg0
	.long	0
	.long	0
.Ldebug_loc29:
	.long	-1
	.long	.Lfunc_begin15                  @   base address
	.long	.Lfunc_begin15-.Lfunc_begin15
	.long	.Ltmp89-.Lfunc_begin15
	.short	1                               @ Loc expr size
	.byte	80                              @ DW_OP_reg0
	.long	.Ltmp89-.Lfunc_begin15
	.long	.Ltmp91-.Lfunc_begin15
	.short	4                               @ Loc expr size
	.byte	243                             @ DW_OP_GNU_entry_value
	.byte	1                               @ 1
	.byte	80                              @ DW_OP_reg0
	.byte	159                             @ DW_OP_stack_value
	.long	.Ltmp91-.Lfunc_begin15
	.long	.Ltmp93-.Lfunc_begin15
	.short	1                               @ Loc expr size
	.byte	80                              @ DW_OP_reg0
	.long	.Ltmp93-.Lfunc_begin15
	.long	.Lfunc_end15-.Lfunc_begin15
	.short	4                               @ Loc expr size
	.byte	243                             @ DW_OP_GNU_entry_value
	.byte	1                               @ 1
	.byte	80                              @ DW_OP_reg0
	.byte	159                             @ DW_OP_stack_value
	.long	0
	.long	0
.Ldebug_loc30:
	.long	-1
	.long	.Lfunc_begin15                  @   base address
	.long	.Lfunc_begin15-.Lfunc_begin15
	.long	.Ltmp89-.Lfunc_begin15
	.short	1                               @ Loc expr size
	.byte	80                              @ DW_OP_reg0
	.long	0
	.long	0
.Ldebug_loc31:
	.long	-1
	.long	.Lfunc_begin16                  @   base address
	.long	.Lfunc_begin16-.Lfunc_begin16
	.long	.Ltmp98-.Lfunc_begin16
	.short	1                               @ Loc expr size
	.byte	80                              @ DW_OP_reg0
	.long	.Ltmp98-.Lfunc_begin16
	.long	.Lfunc_end16-.Lfunc_begin16
	.short	4                               @ Loc expr size
	.byte	243                             @ DW_OP_GNU_entry_value
	.byte	1                               @ 1
	.byte	80                              @ DW_OP_reg0
	.byte	159                             @ DW_OP_stack_value
	.long	0
	.long	0
.Ldebug_loc32:
	.long	-1
	.long	.Lfunc_begin16                  @   base address
	.long	.Lfunc_begin16-.Lfunc_begin16
	.long	.Ltmp98-.Lfunc_begin16
	.short	1                               @ Loc expr size
	.byte	80                              @ DW_OP_reg0
	.long	0
	.long	0
.Ldebug_loc33:
	.long	-1
	.long	.Lfunc_begin17                  @   base address
	.long	.Lfunc_begin17-.Lfunc_begin17
	.long	.Ltmp102-.Lfunc_begin17
	.short	1                               @ Loc expr size
	.byte	80                              @ DW_OP_reg0
	.long	.Ltmp102-.Lfunc_begin17
	.long	.Ltmp104-.Lfunc_begin17
	.short	4                               @ Loc expr size
	.byte	243                             @ DW_OP_GNU_entry_value
	.byte	1                               @ 1
	.byte	80                              @ DW_OP_reg0
	.byte	159                             @ DW_OP_stack_value
	.long	.Ltmp104-.Lfunc_begin17
	.long	.Ltmp106-.Lfunc_begin17
	.short	1                               @ Loc expr size
	.byte	80                              @ DW_OP_reg0
	.long	.Ltmp106-.Lfunc_begin17
	.long	.Lfunc_end17-.Lfunc_begin17
	.short	4                               @ Loc expr size
	.byte	243                             @ DW_OP_GNU_entry_value
	.byte	1                               @ 1
	.byte	80                              @ DW_OP_reg0
	.byte	159                             @ DW_OP_stack_value
	.long	0
	.long	0
.Ldebug_loc34:
	.long	-1
	.long	.Lfunc_begin17                  @   base address
	.long	.Lfunc_begin17-.Lfunc_begin17
	.long	.Ltmp102-.Lfunc_begin17
	.short	1                               @ Loc expr size
	.byte	80                              @ DW_OP_reg0
	.long	0
	.long	0
	.section	.debug_abbrev,"",%progbits
	.byte	1                               @ Abbreviation Code
	.byte	17                              @ DW_TAG_compile_unit
	.byte	1                               @ DW_CHILDREN_yes
	.byte	37                              @ DW_AT_producer
	.byte	14                              @ DW_FORM_strp
	.byte	19                              @ DW_AT_language
	.byte	5                               @ DW_FORM_data2
	.byte	3                               @ DW_AT_name
	.byte	14                              @ DW_FORM_strp
	.byte	16                              @ DW_AT_stmt_list
	.byte	23                              @ DW_FORM_sec_offset
	.byte	27                              @ DW_AT_comp_dir
	.byte	14                              @ DW_FORM_strp
	.byte	17                              @ DW_AT_low_pc
	.byte	1                               @ DW_FORM_addr
	.byte	85                              @ DW_AT_ranges
	.byte	23                              @ DW_FORM_sec_offset
	.byte	0                               @ EOM(1)
	.byte	0                               @ EOM(2)
	.byte	2                               @ Abbreviation Code
	.byte	4                               @ DW_TAG_enumeration_type
	.byte	1                               @ DW_CHILDREN_yes
	.byte	73                              @ DW_AT_type
	.byte	19                              @ DW_FORM_ref4
	.byte	11                              @ DW_AT_byte_size
	.byte	11                              @ DW_FORM_data1
	.byte	58                              @ DW_AT_decl_file
	.byte	11                              @ DW_FORM_data1
	.byte	59                              @ DW_AT_decl_line
	.byte	11                              @ DW_FORM_data1
	.byte	0                               @ EOM(1)
	.byte	0                               @ EOM(2)
	.byte	3                               @ Abbreviation Code
	.byte	40                              @ DW_TAG_enumerator
	.byte	0                               @ DW_CHILDREN_no
	.byte	3                               @ DW_AT_name
	.byte	14                              @ DW_FORM_strp
	.byte	28                              @ DW_AT_const_value
	.byte	13                              @ DW_FORM_sdata
	.byte	0                               @ EOM(1)
	.byte	0                               @ EOM(2)
	.byte	4                               @ Abbreviation Code
	.byte	36                              @ DW_TAG_base_type
	.byte	0                               @ DW_CHILDREN_no
	.byte	3                               @ DW_AT_name
	.byte	14                              @ DW_FORM_strp
	.byte	62                              @ DW_AT_encoding
	.byte	11                              @ DW_FORM_data1
	.byte	11                              @ DW_AT_byte_size
	.byte	11                              @ DW_FORM_data1
	.byte	0                               @ EOM(1)
	.byte	0                               @ EOM(2)
	.byte	5                               @ Abbreviation Code
	.byte	15                              @ DW_TAG_pointer_type
	.byte	0                               @ DW_CHILDREN_no
	.byte	73                              @ DW_AT_type
	.byte	19                              @ DW_FORM_ref4
	.byte	0                               @ EOM(1)
	.byte	0                               @ EOM(2)
	.byte	6                               @ Abbreviation Code
	.byte	22                              @ DW_TAG_typedef
	.byte	0                               @ DW_CHILDREN_no
	.byte	73                              @ DW_AT_type
	.byte	19                              @ DW_FORM_ref4
	.byte	3                               @ DW_AT_name
	.byte	14                              @ DW_FORM_strp
	.byte	58                              @ DW_AT_decl_file
	.byte	11                              @ DW_FORM_data1
	.byte	59                              @ DW_AT_decl_line
	.byte	5                               @ DW_FORM_data2
	.byte	0                               @ EOM(1)
	.byte	0                               @ EOM(2)
	.byte	7                               @ Abbreviation Code
	.byte	19                              @ DW_TAG_structure_type
	.byte	1                               @ DW_CHILDREN_yes
	.byte	11                              @ DW_AT_byte_size
	.byte	5                               @ DW_FORM_data2
	.byte	58                              @ DW_AT_decl_file
	.byte	11                              @ DW_FORM_data1
	.byte	59                              @ DW_AT_decl_line
	.byte	5                               @ DW_FORM_data2
	.byte	0                               @ EOM(1)
	.byte	0                               @ EOM(2)
	.byte	8                               @ Abbreviation Code
	.byte	13                              @ DW_TAG_member
	.byte	0                               @ DW_CHILDREN_no
	.byte	3                               @ DW_AT_name
	.byte	14                              @ DW_FORM_strp
	.byte	73                              @ DW_AT_type
	.byte	19                              @ DW_FORM_ref4
	.byte	58                              @ DW_AT_decl_file
	.byte	11                              @ DW_FORM_data1
	.byte	59                              @ DW_AT_decl_line
	.byte	5                               @ DW_FORM_data2
	.byte	56                              @ DW_AT_data_member_location
	.byte	11                              @ DW_FORM_data1
	.byte	0                               @ EOM(1)
	.byte	0                               @ EOM(2)
	.byte	9                               @ Abbreviation Code
	.byte	13                              @ DW_TAG_member
	.byte	0                               @ DW_CHILDREN_no
	.byte	3                               @ DW_AT_name
	.byte	14                              @ DW_FORM_strp
	.byte	73                              @ DW_AT_type
	.byte	19                              @ DW_FORM_ref4
	.byte	58                              @ DW_AT_decl_file
	.byte	11                              @ DW_FORM_data1
	.byte	59                              @ DW_AT_decl_line
	.byte	5                               @ DW_FORM_data2
	.byte	56                              @ DW_AT_data_member_location
	.byte	5                               @ DW_FORM_data2
	.byte	0                               @ EOM(1)
	.byte	0                               @ EOM(2)
	.byte	10                              @ Abbreviation Code
	.byte	38                              @ DW_TAG_const_type
	.byte	0                               @ DW_CHILDREN_no
	.byte	73                              @ DW_AT_type
	.byte	19                              @ DW_FORM_ref4
	.byte	0                               @ EOM(1)
	.byte	0                               @ EOM(2)
	.byte	11                              @ Abbreviation Code
	.byte	53                              @ DW_TAG_volatile_type
	.byte	0                               @ DW_CHILDREN_no
	.byte	73                              @ DW_AT_type
	.byte	19                              @ DW_FORM_ref4
	.byte	0                               @ EOM(1)
	.byte	0                               @ EOM(2)
	.byte	12                              @ Abbreviation Code
	.byte	22                              @ DW_TAG_typedef
	.byte	0                               @ DW_CHILDREN_no
	.byte	73                              @ DW_AT_type
	.byte	19                              @ DW_FORM_ref4
	.byte	3                               @ DW_AT_name
	.byte	14                              @ DW_FORM_strp
	.byte	58                              @ DW_AT_decl_file
	.byte	11                              @ DW_FORM_data1
	.byte	59                              @ DW_AT_decl_line
	.byte	11                              @ DW_FORM_data1
	.byte	0                               @ EOM(1)
	.byte	0                               @ EOM(2)
	.byte	13                              @ Abbreviation Code
	.byte	1                               @ DW_TAG_array_type
	.byte	1                               @ DW_CHILDREN_yes
	.byte	73                              @ DW_AT_type
	.byte	19                              @ DW_FORM_ref4
	.byte	0                               @ EOM(1)
	.byte	0                               @ EOM(2)
	.byte	14                              @ Abbreviation Code
	.byte	33                              @ DW_TAG_subrange_type
	.byte	0                               @ DW_CHILDREN_no
	.byte	73                              @ DW_AT_type
	.byte	19                              @ DW_FORM_ref4
	.byte	55                              @ DW_AT_count
	.byte	11                              @ DW_FORM_data1
	.byte	0                               @ EOM(1)
	.byte	0                               @ EOM(2)
	.byte	15                              @ Abbreviation Code
	.byte	36                              @ DW_TAG_base_type
	.byte	0                               @ DW_CHILDREN_no
	.byte	3                               @ DW_AT_name
	.byte	14                              @ DW_FORM_strp
	.byte	11                              @ DW_AT_byte_size
	.byte	11                              @ DW_FORM_data1
	.byte	62                              @ DW_AT_encoding
	.byte	11                              @ DW_FORM_data1
	.byte	0                               @ EOM(1)
	.byte	0                               @ EOM(2)
	.byte	16                              @ Abbreviation Code
	.byte	19                              @ DW_TAG_structure_type
	.byte	1                               @ DW_CHILDREN_yes
	.byte	11                              @ DW_AT_byte_size
	.byte	11                              @ DW_FORM_data1
	.byte	58                              @ DW_AT_decl_file
	.byte	11                              @ DW_FORM_data1
	.byte	59                              @ DW_AT_decl_line
	.byte	5                               @ DW_FORM_data2
	.byte	0                               @ EOM(1)
	.byte	0                               @ EOM(2)
	.byte	17                              @ Abbreviation Code
	.byte	33                              @ DW_TAG_subrange_type
	.byte	0                               @ DW_CHILDREN_no
	.byte	73                              @ DW_AT_type
	.byte	19                              @ DW_FORM_ref4
	.byte	55                              @ DW_AT_count
	.byte	5                               @ DW_FORM_data2
	.byte	0                               @ EOM(1)
	.byte	0                               @ EOM(2)
	.byte	18                              @ Abbreviation Code
	.byte	46                              @ DW_TAG_subprogram
	.byte	1                               @ DW_CHILDREN_yes
	.byte	3                               @ DW_AT_name
	.byte	14                              @ DW_FORM_strp
	.byte	58                              @ DW_AT_decl_file
	.byte	11                              @ DW_FORM_data1
	.byte	59                              @ DW_AT_decl_line
	.byte	5                               @ DW_FORM_data2
	.byte	39                              @ DW_AT_prototyped
	.byte	25                              @ DW_FORM_flag_present
	.byte	32                              @ DW_AT_inline
	.byte	11                              @ DW_FORM_data1
	.byte	0                               @ EOM(1)
	.byte	0                               @ EOM(2)
	.byte	19                              @ Abbreviation Code
	.byte	5                               @ DW_TAG_formal_parameter
	.byte	0                               @ DW_CHILDREN_no
	.byte	3                               @ DW_AT_name
	.byte	14                              @ DW_FORM_strp
	.byte	58                              @ DW_AT_decl_file
	.byte	11                              @ DW_FORM_data1
	.byte	59                              @ DW_AT_decl_line
	.byte	5                               @ DW_FORM_data2
	.byte	73                              @ DW_AT_type
	.byte	19                              @ DW_FORM_ref4
	.byte	0                               @ EOM(1)
	.byte	0                               @ EOM(2)
	.byte	20                              @ Abbreviation Code
	.byte	52                              @ DW_TAG_variable
	.byte	0                               @ DW_CHILDREN_no
	.byte	3                               @ DW_AT_name
	.byte	14                              @ DW_FORM_strp
	.byte	58                              @ DW_AT_decl_file
	.byte	11                              @ DW_FORM_data1
	.byte	59                              @ DW_AT_decl_line
	.byte	5                               @ DW_FORM_data2
	.byte	73                              @ DW_AT_type
	.byte	19                              @ DW_FORM_ref4
	.byte	0                               @ EOM(1)
	.byte	0                               @ EOM(2)
	.byte	21                              @ Abbreviation Code
	.byte	46                              @ DW_TAG_subprogram
	.byte	1                               @ DW_CHILDREN_yes
	.byte	17                              @ DW_AT_low_pc
	.byte	1                               @ DW_FORM_addr
	.byte	18                              @ DW_AT_high_pc
	.byte	6                               @ DW_FORM_data4
	.byte	64                              @ DW_AT_frame_base
	.byte	24                              @ DW_FORM_exprloc
	.ascii	"\227B"                         @ DW_AT_GNU_all_call_sites
	.byte	25                              @ DW_FORM_flag_present
	.byte	3                               @ DW_AT_name
	.byte	14                              @ DW_FORM_strp
	.byte	58                              @ DW_AT_decl_file
	.byte	11                              @ DW_FORM_data1
	.byte	59                              @ DW_AT_decl_line
	.byte	11                              @ DW_FORM_data1
	.byte	39                              @ DW_AT_prototyped
	.byte	25                              @ DW_FORM_flag_present
	.byte	63                              @ DW_AT_external
	.byte	25                              @ DW_FORM_flag_present
	.byte	0                               @ EOM(1)
	.byte	0                               @ EOM(2)
	.byte	22                              @ Abbreviation Code
	.byte	5                               @ DW_TAG_formal_parameter
	.byte	0                               @ DW_CHILDREN_no
	.byte	2                               @ DW_AT_location
	.byte	23                              @ DW_FORM_sec_offset
	.byte	3                               @ DW_AT_name
	.byte	14                              @ DW_FORM_strp
	.byte	58                              @ DW_AT_decl_file
	.byte	11                              @ DW_FORM_data1
	.byte	59                              @ DW_AT_decl_line
	.byte	11                              @ DW_FORM_data1
	.byte	73                              @ DW_AT_type
	.byte	19                              @ DW_FORM_ref4
	.byte	0                               @ EOM(1)
	.byte	0                               @ EOM(2)
	.byte	23                              @ Abbreviation Code
	.byte	29                              @ DW_TAG_inlined_subroutine
	.byte	1                               @ DW_CHILDREN_yes
	.byte	49                              @ DW_AT_abstract_origin
	.byte	19                              @ DW_FORM_ref4
	.byte	17                              @ DW_AT_low_pc
	.byte	1                               @ DW_FORM_addr
	.byte	18                              @ DW_AT_high_pc
	.byte	6                               @ DW_FORM_data4
	.byte	88                              @ DW_AT_call_file
	.byte	11                              @ DW_FORM_data1
	.byte	89                              @ DW_AT_call_line
	.byte	11                              @ DW_FORM_data1
	.byte	87                              @ DW_AT_call_column
	.byte	11                              @ DW_FORM_data1
	.byte	0                               @ EOM(1)
	.byte	0                               @ EOM(2)
	.byte	24                              @ Abbreviation Code
	.byte	5                               @ DW_TAG_formal_parameter
	.byte	0                               @ DW_CHILDREN_no
	.byte	2                               @ DW_AT_location
	.byte	23                              @ DW_FORM_sec_offset
	.byte	49                              @ DW_AT_abstract_origin
	.byte	19                              @ DW_FORM_ref4
	.byte	0                               @ EOM(1)
	.byte	0                               @ EOM(2)
	.byte	25                              @ Abbreviation Code
	.byte	52                              @ DW_TAG_variable
	.byte	0                               @ DW_CHILDREN_no
	.byte	2                               @ DW_AT_location
	.byte	23                              @ DW_FORM_sec_offset
	.byte	49                              @ DW_AT_abstract_origin
	.byte	19                              @ DW_FORM_ref4
	.byte	0                               @ EOM(1)
	.byte	0                               @ EOM(2)
	.byte	26                              @ Abbreviation Code
	.byte	46                              @ DW_TAG_subprogram
	.byte	0                               @ DW_CHILDREN_no
	.byte	3                               @ DW_AT_name
	.byte	14                              @ DW_FORM_strp
	.byte	58                              @ DW_AT_decl_file
	.byte	11                              @ DW_FORM_data1
	.byte	59                              @ DW_AT_decl_line
	.byte	5                               @ DW_FORM_data2
	.byte	39                              @ DW_AT_prototyped
	.byte	25                              @ DW_FORM_flag_present
	.byte	73                              @ DW_AT_type
	.byte	19                              @ DW_FORM_ref4
	.byte	32                              @ DW_AT_inline
	.byte	11                              @ DW_FORM_data1
	.byte	0                               @ EOM(1)
	.byte	0                               @ EOM(2)
	.byte	27                              @ Abbreviation Code
	.byte	46                              @ DW_TAG_subprogram
	.byte	1                               @ DW_CHILDREN_yes
	.byte	3                               @ DW_AT_name
	.byte	14                              @ DW_FORM_strp
	.byte	58                              @ DW_AT_decl_file
	.byte	11                              @ DW_FORM_data1
	.byte	59                              @ DW_AT_decl_line
	.byte	5                               @ DW_FORM_data2
	.byte	39                              @ DW_AT_prototyped
	.byte	25                              @ DW_FORM_flag_present
	.byte	73                              @ DW_AT_type
	.byte	19                              @ DW_FORM_ref4
	.byte	32                              @ DW_AT_inline
	.byte	11                              @ DW_FORM_data1
	.byte	0                               @ EOM(1)
	.byte	0                               @ EOM(2)
	.byte	28                              @ Abbreviation Code
	.byte	5                               @ DW_TAG_formal_parameter
	.byte	0                               @ DW_CHILDREN_no
	.byte	2                               @ DW_AT_location
	.byte	24                              @ DW_FORM_exprloc
	.byte	3                               @ DW_AT_name
	.byte	14                              @ DW_FORM_strp
	.byte	58                              @ DW_AT_decl_file
	.byte	11                              @ DW_FORM_data1
	.byte	59                              @ DW_AT_decl_line
	.byte	11                              @ DW_FORM_data1
	.byte	73                              @ DW_AT_type
	.byte	19                              @ DW_FORM_ref4
	.byte	0                               @ EOM(1)
	.byte	0                               @ EOM(2)
	.byte	29                              @ Abbreviation Code
	.byte	52                              @ DW_TAG_variable
	.byte	0                               @ DW_CHILDREN_no
	.byte	2                               @ DW_AT_location
	.byte	23                              @ DW_FORM_sec_offset
	.byte	3                               @ DW_AT_name
	.byte	14                              @ DW_FORM_strp
	.byte	58                              @ DW_AT_decl_file
	.byte	11                              @ DW_FORM_data1
	.byte	59                              @ DW_AT_decl_line
	.byte	11                              @ DW_FORM_data1
	.byte	73                              @ DW_AT_type
	.byte	19                              @ DW_FORM_ref4
	.byte	0                               @ EOM(1)
	.byte	0                               @ EOM(2)
	.byte	30                              @ Abbreviation Code
	.byte	29                              @ DW_TAG_inlined_subroutine
	.byte	1                               @ DW_CHILDREN_yes
	.byte	49                              @ DW_AT_abstract_origin
	.byte	19                              @ DW_FORM_ref4
	.byte	85                              @ DW_AT_ranges
	.byte	23                              @ DW_FORM_sec_offset
	.byte	88                              @ DW_AT_call_file
	.byte	11                              @ DW_FORM_data1
	.byte	89                              @ DW_AT_call_line
	.byte	11                              @ DW_FORM_data1
	.byte	87                              @ DW_AT_call_column
	.byte	11                              @ DW_FORM_data1
	.byte	0                               @ EOM(1)
	.byte	0                               @ EOM(2)
	.byte	31                              @ Abbreviation Code
	.byte	29                              @ DW_TAG_inlined_subroutine
	.byte	0                               @ DW_CHILDREN_no
	.byte	49                              @ DW_AT_abstract_origin
	.byte	19                              @ DW_FORM_ref4
	.byte	17                              @ DW_AT_low_pc
	.byte	1                               @ DW_FORM_addr
	.byte	18                              @ DW_AT_high_pc
	.byte	6                               @ DW_FORM_data4
	.byte	88                              @ DW_AT_call_file
	.byte	11                              @ DW_FORM_data1
	.byte	89                              @ DW_AT_call_line
	.byte	11                              @ DW_FORM_data1
	.byte	87                              @ DW_AT_call_column
	.byte	11                              @ DW_FORM_data1
	.byte	0                               @ EOM(1)
	.byte	0                               @ EOM(2)
	.byte	32                              @ Abbreviation Code
	.byte	5                               @ DW_TAG_formal_parameter
	.byte	0                               @ DW_CHILDREN_no
	.byte	2                               @ DW_AT_location
	.byte	24                              @ DW_FORM_exprloc
	.byte	49                              @ DW_AT_abstract_origin
	.byte	19                              @ DW_FORM_ref4
	.byte	0                               @ EOM(1)
	.byte	0                               @ EOM(2)
	.byte	33                              @ Abbreviation Code
	.byte	52                              @ DW_TAG_variable
	.byte	0                               @ DW_CHILDREN_no
	.byte	2                               @ DW_AT_location
	.byte	24                              @ DW_FORM_exprloc
	.byte	49                              @ DW_AT_abstract_origin
	.byte	19                              @ DW_FORM_ref4
	.byte	0                               @ EOM(1)
	.byte	0                               @ EOM(2)
	.byte	34                              @ Abbreviation Code
	.byte	46                              @ DW_TAG_subprogram
	.byte	0                               @ DW_CHILDREN_no
	.byte	17                              @ DW_AT_low_pc
	.byte	1                               @ DW_FORM_addr
	.byte	18                              @ DW_AT_high_pc
	.byte	6                               @ DW_FORM_data4
	.byte	64                              @ DW_AT_frame_base
	.byte	24                              @ DW_FORM_exprloc
	.ascii	"\227B"                         @ DW_AT_GNU_all_call_sites
	.byte	25                              @ DW_FORM_flag_present
	.byte	3                               @ DW_AT_name
	.byte	14                              @ DW_FORM_strp
	.byte	58                              @ DW_AT_decl_file
	.byte	11                              @ DW_FORM_data1
	.byte	59                              @ DW_AT_decl_line
	.byte	11                              @ DW_FORM_data1
	.byte	39                              @ DW_AT_prototyped
	.byte	25                              @ DW_FORM_flag_present
	.byte	63                              @ DW_AT_external
	.byte	25                              @ DW_FORM_flag_present
	.byte	0                               @ EOM(1)
	.byte	0                               @ EOM(2)
	.byte	35                              @ Abbreviation Code
	.byte	46                              @ DW_TAG_subprogram
	.byte	0                               @ DW_CHILDREN_no
	.byte	17                              @ DW_AT_low_pc
	.byte	1                               @ DW_FORM_addr
	.byte	18                              @ DW_AT_high_pc
	.byte	6                               @ DW_FORM_data4
	.byte	64                              @ DW_AT_frame_base
	.byte	24                              @ DW_FORM_exprloc
	.ascii	"\227B"                         @ DW_AT_GNU_all_call_sites
	.byte	25                              @ DW_FORM_flag_present
	.byte	3                               @ DW_AT_name
	.byte	14                              @ DW_FORM_strp
	.byte	58                              @ DW_AT_decl_file
	.byte	11                              @ DW_FORM_data1
	.byte	59                              @ DW_AT_decl_line
	.byte	5                               @ DW_FORM_data2
	.byte	39                              @ DW_AT_prototyped
	.byte	25                              @ DW_FORM_flag_present
	.ascii	"\207\001"                      @ DW_AT_noreturn
	.byte	25                              @ DW_FORM_flag_present
	.byte	0                               @ EOM(1)
	.byte	0                               @ EOM(2)
	.byte	36                              @ Abbreviation Code
	.byte	46                              @ DW_TAG_subprogram
	.byte	1                               @ DW_CHILDREN_yes
	.byte	17                              @ DW_AT_low_pc
	.byte	1                               @ DW_FORM_addr
	.byte	18                              @ DW_AT_high_pc
	.byte	6                               @ DW_FORM_data4
	.byte	64                              @ DW_AT_frame_base
	.byte	24                              @ DW_FORM_exprloc
	.ascii	"\227B"                         @ DW_AT_GNU_all_call_sites
	.byte	25                              @ DW_FORM_flag_present
	.byte	3                               @ DW_AT_name
	.byte	14                              @ DW_FORM_strp
	.byte	58                              @ DW_AT_decl_file
	.byte	11                              @ DW_FORM_data1
	.byte	59                              @ DW_AT_decl_line
	.byte	11                              @ DW_FORM_data1
	.byte	39                              @ DW_AT_prototyped
	.byte	25                              @ DW_FORM_flag_present
	.byte	73                              @ DW_AT_type
	.byte	19                              @ DW_FORM_ref4
	.byte	63                              @ DW_AT_external
	.byte	25                              @ DW_FORM_flag_present
	.byte	0                               @ EOM(1)
	.byte	0                               @ EOM(2)
	.byte	37                              @ Abbreviation Code
	.byte	29                              @ DW_TAG_inlined_subroutine
	.byte	1                               @ DW_CHILDREN_yes
	.byte	49                              @ DW_AT_abstract_origin
	.byte	19                              @ DW_FORM_ref4
	.byte	17                              @ DW_AT_low_pc
	.byte	1                               @ DW_FORM_addr
	.byte	18                              @ DW_AT_high_pc
	.byte	6                               @ DW_FORM_data4
	.byte	88                              @ DW_AT_call_file
	.byte	11                              @ DW_FORM_data1
	.byte	89                              @ DW_AT_call_line
	.byte	5                               @ DW_FORM_data2
	.byte	87                              @ DW_AT_call_column
	.byte	11                              @ DW_FORM_data1
	.byte	0                               @ EOM(1)
	.byte	0                               @ EOM(2)
	.byte	38                              @ Abbreviation Code
	.byte	5                               @ DW_TAG_formal_parameter
	.byte	0                               @ DW_CHILDREN_no
	.byte	28                              @ DW_AT_const_value
	.byte	13                              @ DW_FORM_sdata
	.byte	49                              @ DW_AT_abstract_origin
	.byte	19                              @ DW_FORM_ref4
	.byte	0                               @ EOM(1)
	.byte	0                               @ EOM(2)
	.byte	39                              @ Abbreviation Code
	.byte	5                               @ DW_TAG_formal_parameter
	.byte	0                               @ DW_CHILDREN_no
	.byte	28                              @ DW_AT_const_value
	.byte	15                              @ DW_FORM_udata
	.byte	49                              @ DW_AT_abstract_origin
	.byte	19                              @ DW_FORM_ref4
	.byte	0                               @ EOM(1)
	.byte	0                               @ EOM(2)
	.byte	40                              @ Abbreviation Code
	.byte	46                              @ DW_TAG_subprogram
	.byte	0                               @ DW_CHILDREN_no
	.byte	17                              @ DW_AT_low_pc
	.byte	1                               @ DW_FORM_addr
	.byte	18                              @ DW_AT_high_pc
	.byte	6                               @ DW_FORM_data4
	.byte	64                              @ DW_AT_frame_base
	.byte	24                              @ DW_FORM_exprloc
	.ascii	"\227B"                         @ DW_AT_GNU_all_call_sites
	.byte	25                              @ DW_FORM_flag_present
	.byte	3                               @ DW_AT_name
	.byte	14                              @ DW_FORM_strp
	.byte	58                              @ DW_AT_decl_file
	.byte	11                              @ DW_FORM_data1
	.byte	59                              @ DW_AT_decl_line
	.byte	5                               @ DW_FORM_data2
	.byte	39                              @ DW_AT_prototyped
	.byte	25                              @ DW_FORM_flag_present
	.byte	63                              @ DW_AT_external
	.byte	25                              @ DW_FORM_flag_present
	.byte	0                               @ EOM(1)
	.byte	0                               @ EOM(2)
	.byte	41                              @ Abbreviation Code
	.byte	46                              @ DW_TAG_subprogram
	.byte	1                               @ DW_CHILDREN_yes
	.byte	17                              @ DW_AT_low_pc
	.byte	1                               @ DW_FORM_addr
	.byte	18                              @ DW_AT_high_pc
	.byte	6                               @ DW_FORM_data4
	.byte	64                              @ DW_AT_frame_base
	.byte	24                              @ DW_FORM_exprloc
	.ascii	"\227B"                         @ DW_AT_GNU_all_call_sites
	.byte	25                              @ DW_FORM_flag_present
	.byte	3                               @ DW_AT_name
	.byte	14                              @ DW_FORM_strp
	.byte	58                              @ DW_AT_decl_file
	.byte	11                              @ DW_FORM_data1
	.byte	59                              @ DW_AT_decl_line
	.byte	5                               @ DW_FORM_data2
	.byte	39                              @ DW_AT_prototyped
	.byte	25                              @ DW_FORM_flag_present
	.byte	63                              @ DW_AT_external
	.byte	25                              @ DW_FORM_flag_present
	.byte	0                               @ EOM(1)
	.byte	0                               @ EOM(2)
	.byte	42                              @ Abbreviation Code
	.byte	5                               @ DW_TAG_formal_parameter
	.byte	0                               @ DW_CHILDREN_no
	.byte	2                               @ DW_AT_location
	.byte	23                              @ DW_FORM_sec_offset
	.byte	3                               @ DW_AT_name
	.byte	14                              @ DW_FORM_strp
	.byte	58                              @ DW_AT_decl_file
	.byte	11                              @ DW_FORM_data1
	.byte	59                              @ DW_AT_decl_line
	.byte	5                               @ DW_FORM_data2
	.byte	73                              @ DW_AT_type
	.byte	19                              @ DW_FORM_ref4
	.byte	0                               @ EOM(1)
	.byte	0                               @ EOM(2)
	.byte	43                              @ Abbreviation Code
	.byte	46                              @ DW_TAG_subprogram
	.byte	1                               @ DW_CHILDREN_yes
	.byte	17                              @ DW_AT_low_pc
	.byte	1                               @ DW_FORM_addr
	.byte	18                              @ DW_AT_high_pc
	.byte	6                               @ DW_FORM_data4
	.byte	64                              @ DW_AT_frame_base
	.byte	24                              @ DW_FORM_exprloc
	.ascii	"\227B"                         @ DW_AT_GNU_all_call_sites
	.byte	25                              @ DW_FORM_flag_present
	.byte	3                               @ DW_AT_name
	.byte	14                              @ DW_FORM_strp
	.byte	58                              @ DW_AT_decl_file
	.byte	11                              @ DW_FORM_data1
	.byte	59                              @ DW_AT_decl_line
	.byte	5                               @ DW_FORM_data2
	.byte	39                              @ DW_AT_prototyped
	.byte	25                              @ DW_FORM_flag_present
	.byte	73                              @ DW_AT_type
	.byte	19                              @ DW_FORM_ref4
	.byte	63                              @ DW_AT_external
	.byte	25                              @ DW_FORM_flag_present
	.byte	0                               @ EOM(1)
	.byte	0                               @ EOM(2)
	.byte	44                              @ Abbreviation Code
	.byte	29                              @ DW_TAG_inlined_subroutine
	.byte	0                               @ DW_CHILDREN_no
	.byte	49                              @ DW_AT_abstract_origin
	.byte	19                              @ DW_FORM_ref4
	.byte	17                              @ DW_AT_low_pc
	.byte	1                               @ DW_FORM_addr
	.byte	18                              @ DW_AT_high_pc
	.byte	6                               @ DW_FORM_data4
	.byte	88                              @ DW_AT_call_file
	.byte	11                              @ DW_FORM_data1
	.byte	89                              @ DW_AT_call_line
	.byte	5                               @ DW_FORM_data2
	.byte	87                              @ DW_AT_call_column
	.byte	11                              @ DW_FORM_data1
	.byte	0                               @ EOM(1)
	.byte	0                               @ EOM(2)
	.byte	45                              @ Abbreviation Code
	.byte	5                               @ DW_TAG_formal_parameter
	.byte	0                               @ DW_CHILDREN_no
	.byte	2                               @ DW_AT_location
	.byte	24                              @ DW_FORM_exprloc
	.byte	3                               @ DW_AT_name
	.byte	14                              @ DW_FORM_strp
	.byte	58                              @ DW_AT_decl_file
	.byte	11                              @ DW_FORM_data1
	.byte	59                              @ DW_AT_decl_line
	.byte	5                               @ DW_FORM_data2
	.byte	73                              @ DW_AT_type
	.byte	19                              @ DW_FORM_ref4
	.byte	0                               @ EOM(1)
	.byte	0                               @ EOM(2)
	.byte	46                              @ Abbreviation Code
	.byte	29                              @ DW_TAG_inlined_subroutine
	.byte	1                               @ DW_CHILDREN_yes
	.byte	49                              @ DW_AT_abstract_origin
	.byte	19                              @ DW_FORM_ref4
	.byte	85                              @ DW_AT_ranges
	.byte	23                              @ DW_FORM_sec_offset
	.byte	88                              @ DW_AT_call_file
	.byte	11                              @ DW_FORM_data1
	.byte	89                              @ DW_AT_call_line
	.byte	5                               @ DW_FORM_data2
	.byte	87                              @ DW_AT_call_column
	.byte	11                              @ DW_FORM_data1
	.byte	0                               @ EOM(1)
	.byte	0                               @ EOM(2)
	.byte	47                              @ Abbreviation Code
	.ascii	"\211\202\001"                  @ DW_TAG_GNU_call_site
	.byte	0                               @ DW_CHILDREN_no
	.byte	49                              @ DW_AT_abstract_origin
	.byte	19                              @ DW_FORM_ref4
	.ascii	"\225B"                         @ DW_AT_GNU_tail_call
	.byte	25                              @ DW_FORM_flag_present
	.byte	17                              @ DW_AT_low_pc
	.byte	1                               @ DW_FORM_addr
	.byte	0                               @ EOM(1)
	.byte	0                               @ EOM(2)
	.byte	48                              @ Abbreviation Code
	.byte	46                              @ DW_TAG_subprogram
	.byte	0                               @ DW_CHILDREN_no
	.byte	17                              @ DW_AT_low_pc
	.byte	1                               @ DW_FORM_addr
	.byte	18                              @ DW_AT_high_pc
	.byte	6                               @ DW_FORM_data4
	.byte	64                              @ DW_AT_frame_base
	.byte	24                              @ DW_FORM_exprloc
	.ascii	"\227B"                         @ DW_AT_GNU_all_call_sites
	.byte	25                              @ DW_FORM_flag_present
	.byte	3                               @ DW_AT_name
	.byte	14                              @ DW_FORM_strp
	.byte	58                              @ DW_AT_decl_file
	.byte	11                              @ DW_FORM_data1
	.byte	59                              @ DW_AT_decl_line
	.byte	5                               @ DW_FORM_data2
	.byte	39                              @ DW_AT_prototyped
	.byte	25                              @ DW_FORM_flag_present
	.byte	73                              @ DW_AT_type
	.byte	19                              @ DW_FORM_ref4
	.byte	63                              @ DW_AT_external
	.byte	25                              @ DW_FORM_flag_present
	.byte	0                               @ EOM(1)
	.byte	0                               @ EOM(2)
	.byte	49                              @ Abbreviation Code
	.byte	19                              @ DW_TAG_structure_type
	.byte	1                               @ DW_CHILDREN_yes
	.byte	11                              @ DW_AT_byte_size
	.byte	11                              @ DW_FORM_data1
	.byte	58                              @ DW_AT_decl_file
	.byte	11                              @ DW_FORM_data1
	.byte	59                              @ DW_AT_decl_line
	.byte	11                              @ DW_FORM_data1
	.byte	0                               @ EOM(1)
	.byte	0                               @ EOM(2)
	.byte	50                              @ Abbreviation Code
	.byte	13                              @ DW_TAG_member
	.byte	0                               @ DW_CHILDREN_no
	.byte	3                               @ DW_AT_name
	.byte	14                              @ DW_FORM_strp
	.byte	73                              @ DW_AT_type
	.byte	19                              @ DW_FORM_ref4
	.byte	58                              @ DW_AT_decl_file
	.byte	11                              @ DW_FORM_data1
	.byte	59                              @ DW_AT_decl_line
	.byte	11                              @ DW_FORM_data1
	.byte	56                              @ DW_AT_data_member_location
	.byte	11                              @ DW_FORM_data1
	.byte	0                               @ EOM(1)
	.byte	0                               @ EOM(2)
	.byte	0                               @ EOM(3)
	.section	.debug_info,"",%progbits
.Lcu_begin0:
	.long	.Ldebug_info_end0-.Ldebug_info_start0 @ Length of Unit
.Ldebug_info_start0:
	.short	4                               @ DWARF version number
	.long	.debug_abbrev                   @ Offset Into Abbrev. Section
	.byte	4                               @ Address Size (in bytes)
	.byte	1                               @ Abbrev [1] 0xb:0x1071 DW_TAG_compile_unit
	.long	.Linfo_string0                  @ DW_AT_producer
	.short	12                              @ DW_AT_language
	.long	.Linfo_string1                  @ DW_AT_name
	.long	.Lline_table_start0             @ DW_AT_stmt_list
	.long	.Linfo_string2                  @ DW_AT_comp_dir
	.long	0                               @ DW_AT_low_pc
	.long	.Ldebug_ranges9                 @ DW_AT_ranges
	.byte	2                               @ Abbrev [2] 0x26:0x3cd DW_TAG_enumeration_type
	.long	1011                            @ DW_AT_type
	.byte	2                               @ DW_AT_byte_size
	.byte	1                               @ DW_AT_decl_file
	.byte	48                              @ DW_AT_decl_line
	.byte	3                               @ Abbrev [3] 0x2e:0x6 DW_TAG_enumerator
	.long	.Linfo_string4                  @ DW_AT_name
	.byte	114                             @ DW_AT_const_value
	.byte	3                               @ Abbrev [3] 0x34:0x6 DW_TAG_enumerator
	.long	.Linfo_string5                  @ DW_AT_name
	.byte	115                             @ DW_AT_const_value
	.byte	3                               @ Abbrev [3] 0x3a:0x6 DW_TAG_enumerator
	.long	.Linfo_string6                  @ DW_AT_name
	.byte	116                             @ DW_AT_const_value
	.byte	3                               @ Abbrev [3] 0x40:0x6 DW_TAG_enumerator
	.long	.Linfo_string7                  @ DW_AT_name
	.byte	117                             @ DW_AT_const_value
	.byte	3                               @ Abbrev [3] 0x46:0x6 DW_TAG_enumerator
	.long	.Linfo_string8                  @ DW_AT_name
	.byte	118                             @ DW_AT_const_value
	.byte	3                               @ Abbrev [3] 0x4c:0x6 DW_TAG_enumerator
	.long	.Linfo_string9                  @ DW_AT_name
	.byte	123                             @ DW_AT_const_value
	.byte	3                               @ Abbrev [3] 0x52:0x6 DW_TAG_enumerator
	.long	.Linfo_string10                 @ DW_AT_name
	.byte	124                             @ DW_AT_const_value
	.byte	3                               @ Abbrev [3] 0x58:0x6 DW_TAG_enumerator
	.long	.Linfo_string11                 @ DW_AT_name
	.byte	126                             @ DW_AT_const_value
	.byte	3                               @ Abbrev [3] 0x5e:0x6 DW_TAG_enumerator
	.long	.Linfo_string12                 @ DW_AT_name
	.byte	127                             @ DW_AT_const_value
	.byte	3                               @ Abbrev [3] 0x64:0x6 DW_TAG_enumerator
	.long	.Linfo_string13                 @ DW_AT_name
	.byte	0                               @ DW_AT_const_value
	.byte	3                               @ Abbrev [3] 0x6a:0x6 DW_TAG_enumerator
	.long	.Linfo_string14                 @ DW_AT_name
	.byte	1                               @ DW_AT_const_value
	.byte	3                               @ Abbrev [3] 0x70:0x6 DW_TAG_enumerator
	.long	.Linfo_string15                 @ DW_AT_name
	.byte	2                               @ DW_AT_const_value
	.byte	3                               @ Abbrev [3] 0x76:0x6 DW_TAG_enumerator
	.long	.Linfo_string16                 @ DW_AT_name
	.byte	3                               @ DW_AT_const_value
	.byte	3                               @ Abbrev [3] 0x7c:0x6 DW_TAG_enumerator
	.long	.Linfo_string17                 @ DW_AT_name
	.byte	4                               @ DW_AT_const_value
	.byte	3                               @ Abbrev [3] 0x82:0x6 DW_TAG_enumerator
	.long	.Linfo_string18                 @ DW_AT_name
	.byte	5                               @ DW_AT_const_value
	.byte	3                               @ Abbrev [3] 0x88:0x6 DW_TAG_enumerator
	.long	.Linfo_string19                 @ DW_AT_name
	.byte	6                               @ DW_AT_const_value
	.byte	3                               @ Abbrev [3] 0x8e:0x6 DW_TAG_enumerator
	.long	.Linfo_string20                 @ DW_AT_name
	.byte	7                               @ DW_AT_const_value
	.byte	3                               @ Abbrev [3] 0x94:0x6 DW_TAG_enumerator
	.long	.Linfo_string21                 @ DW_AT_name
	.byte	8                               @ DW_AT_const_value
	.byte	3                               @ Abbrev [3] 0x9a:0x6 DW_TAG_enumerator
	.long	.Linfo_string22                 @ DW_AT_name
	.byte	9                               @ DW_AT_const_value
	.byte	3                               @ Abbrev [3] 0xa0:0x6 DW_TAG_enumerator
	.long	.Linfo_string23                 @ DW_AT_name
	.byte	10                              @ DW_AT_const_value
	.byte	3                               @ Abbrev [3] 0xa6:0x6 DW_TAG_enumerator
	.long	.Linfo_string24                 @ DW_AT_name
	.byte	11                              @ DW_AT_const_value
	.byte	3                               @ Abbrev [3] 0xac:0x6 DW_TAG_enumerator
	.long	.Linfo_string25                 @ DW_AT_name
	.byte	12                              @ DW_AT_const_value
	.byte	3                               @ Abbrev [3] 0xb2:0x6 DW_TAG_enumerator
	.long	.Linfo_string26                 @ DW_AT_name
	.byte	13                              @ DW_AT_const_value
	.byte	3                               @ Abbrev [3] 0xb8:0x6 DW_TAG_enumerator
	.long	.Linfo_string27                 @ DW_AT_name
	.byte	14                              @ DW_AT_const_value
	.byte	3                               @ Abbrev [3] 0xbe:0x6 DW_TAG_enumerator
	.long	.Linfo_string28                 @ DW_AT_name
	.byte	15                              @ DW_AT_const_value
	.byte	3                               @ Abbrev [3] 0xc4:0x6 DW_TAG_enumerator
	.long	.Linfo_string29                 @ DW_AT_name
	.byte	16                              @ DW_AT_const_value
	.byte	3                               @ Abbrev [3] 0xca:0x6 DW_TAG_enumerator
	.long	.Linfo_string30                 @ DW_AT_name
	.byte	17                              @ DW_AT_const_value
	.byte	3                               @ Abbrev [3] 0xd0:0x6 DW_TAG_enumerator
	.long	.Linfo_string31                 @ DW_AT_name
	.byte	18                              @ DW_AT_const_value
	.byte	3                               @ Abbrev [3] 0xd6:0x6 DW_TAG_enumerator
	.long	.Linfo_string32                 @ DW_AT_name
	.byte	19                              @ DW_AT_const_value
	.byte	3                               @ Abbrev [3] 0xdc:0x6 DW_TAG_enumerator
	.long	.Linfo_string33                 @ DW_AT_name
	.byte	20                              @ DW_AT_const_value
	.byte	3                               @ Abbrev [3] 0xe2:0x6 DW_TAG_enumerator
	.long	.Linfo_string34                 @ DW_AT_name
	.byte	21                              @ DW_AT_const_value
	.byte	3                               @ Abbrev [3] 0xe8:0x6 DW_TAG_enumerator
	.long	.Linfo_string35                 @ DW_AT_name
	.byte	22                              @ DW_AT_const_value
	.byte	3                               @ Abbrev [3] 0xee:0x6 DW_TAG_enumerator
	.long	.Linfo_string36                 @ DW_AT_name
	.byte	23                              @ DW_AT_const_value
	.byte	3                               @ Abbrev [3] 0xf4:0x6 DW_TAG_enumerator
	.long	.Linfo_string37                 @ DW_AT_name
	.byte	24                              @ DW_AT_const_value
	.byte	3                               @ Abbrev [3] 0xfa:0x6 DW_TAG_enumerator
	.long	.Linfo_string38                 @ DW_AT_name
	.byte	25                              @ DW_AT_const_value
	.byte	3                               @ Abbrev [3] 0x100:0x6 DW_TAG_enumerator
	.long	.Linfo_string39                 @ DW_AT_name
	.byte	26                              @ DW_AT_const_value
	.byte	3                               @ Abbrev [3] 0x106:0x6 DW_TAG_enumerator
	.long	.Linfo_string40                 @ DW_AT_name
	.byte	27                              @ DW_AT_const_value
	.byte	3                               @ Abbrev [3] 0x10c:0x6 DW_TAG_enumerator
	.long	.Linfo_string41                 @ DW_AT_name
	.byte	28                              @ DW_AT_const_value
	.byte	3                               @ Abbrev [3] 0x112:0x6 DW_TAG_enumerator
	.long	.Linfo_string42                 @ DW_AT_name
	.byte	29                              @ DW_AT_const_value
	.byte	3                               @ Abbrev [3] 0x118:0x6 DW_TAG_enumerator
	.long	.Linfo_string43                 @ DW_AT_name
	.byte	30                              @ DW_AT_const_value
	.byte	3                               @ Abbrev [3] 0x11e:0x6 DW_TAG_enumerator
	.long	.Linfo_string44                 @ DW_AT_name
	.byte	31                              @ DW_AT_const_value
	.byte	3                               @ Abbrev [3] 0x124:0x6 DW_TAG_enumerator
	.long	.Linfo_string45                 @ DW_AT_name
	.byte	32                              @ DW_AT_const_value
	.byte	3                               @ Abbrev [3] 0x12a:0x6 DW_TAG_enumerator
	.long	.Linfo_string46                 @ DW_AT_name
	.byte	33                              @ DW_AT_const_value
	.byte	3                               @ Abbrev [3] 0x130:0x6 DW_TAG_enumerator
	.long	.Linfo_string47                 @ DW_AT_name
	.byte	34                              @ DW_AT_const_value
	.byte	3                               @ Abbrev [3] 0x136:0x6 DW_TAG_enumerator
	.long	.Linfo_string48                 @ DW_AT_name
	.byte	35                              @ DW_AT_const_value
	.byte	3                               @ Abbrev [3] 0x13c:0x6 DW_TAG_enumerator
	.long	.Linfo_string49                 @ DW_AT_name
	.byte	36                              @ DW_AT_const_value
	.byte	3                               @ Abbrev [3] 0x142:0x6 DW_TAG_enumerator
	.long	.Linfo_string50                 @ DW_AT_name
	.byte	37                              @ DW_AT_const_value
	.byte	3                               @ Abbrev [3] 0x148:0x6 DW_TAG_enumerator
	.long	.Linfo_string51                 @ DW_AT_name
	.byte	38                              @ DW_AT_const_value
	.byte	3                               @ Abbrev [3] 0x14e:0x6 DW_TAG_enumerator
	.long	.Linfo_string52                 @ DW_AT_name
	.byte	39                              @ DW_AT_const_value
	.byte	3                               @ Abbrev [3] 0x154:0x6 DW_TAG_enumerator
	.long	.Linfo_string53                 @ DW_AT_name
	.byte	40                              @ DW_AT_const_value
	.byte	3                               @ Abbrev [3] 0x15a:0x6 DW_TAG_enumerator
	.long	.Linfo_string54                 @ DW_AT_name
	.byte	41                              @ DW_AT_const_value
	.byte	3                               @ Abbrev [3] 0x160:0x6 DW_TAG_enumerator
	.long	.Linfo_string55                 @ DW_AT_name
	.byte	43                              @ DW_AT_const_value
	.byte	3                               @ Abbrev [3] 0x166:0x6 DW_TAG_enumerator
	.long	.Linfo_string56                 @ DW_AT_name
	.byte	44                              @ DW_AT_const_value
	.byte	3                               @ Abbrev [3] 0x16c:0x6 DW_TAG_enumerator
	.long	.Linfo_string57                 @ DW_AT_name
	.byte	45                              @ DW_AT_const_value
	.byte	3                               @ Abbrev [3] 0x172:0x6 DW_TAG_enumerator
	.long	.Linfo_string58                 @ DW_AT_name
	.byte	46                              @ DW_AT_const_value
	.byte	3                               @ Abbrev [3] 0x178:0x6 DW_TAG_enumerator
	.long	.Linfo_string59                 @ DW_AT_name
	.byte	47                              @ DW_AT_const_value
	.byte	3                               @ Abbrev [3] 0x17e:0x6 DW_TAG_enumerator
	.long	.Linfo_string60                 @ DW_AT_name
	.byte	48                              @ DW_AT_const_value
	.byte	3                               @ Abbrev [3] 0x184:0x6 DW_TAG_enumerator
	.long	.Linfo_string61                 @ DW_AT_name
	.byte	49                              @ DW_AT_const_value
	.byte	3                               @ Abbrev [3] 0x18a:0x6 DW_TAG_enumerator
	.long	.Linfo_string62                 @ DW_AT_name
	.byte	50                              @ DW_AT_const_value
	.byte	3                               @ Abbrev [3] 0x190:0x6 DW_TAG_enumerator
	.long	.Linfo_string63                 @ DW_AT_name
	.byte	51                              @ DW_AT_const_value
	.byte	3                               @ Abbrev [3] 0x196:0x6 DW_TAG_enumerator
	.long	.Linfo_string64                 @ DW_AT_name
	.byte	52                              @ DW_AT_const_value
	.byte	3                               @ Abbrev [3] 0x19c:0x6 DW_TAG_enumerator
	.long	.Linfo_string65                 @ DW_AT_name
	.byte	53                              @ DW_AT_const_value
	.byte	3                               @ Abbrev [3] 0x1a2:0x6 DW_TAG_enumerator
	.long	.Linfo_string66                 @ DW_AT_name
	.byte	54                              @ DW_AT_const_value
	.byte	3                               @ Abbrev [3] 0x1a8:0x6 DW_TAG_enumerator
	.long	.Linfo_string67                 @ DW_AT_name
	.byte	55                              @ DW_AT_const_value
	.byte	3                               @ Abbrev [3] 0x1ae:0x6 DW_TAG_enumerator
	.long	.Linfo_string68                 @ DW_AT_name
	.byte	56                              @ DW_AT_const_value
	.byte	3                               @ Abbrev [3] 0x1b4:0x6 DW_TAG_enumerator
	.long	.Linfo_string69                 @ DW_AT_name
	.byte	57                              @ DW_AT_const_value
	.byte	3                               @ Abbrev [3] 0x1ba:0x6 DW_TAG_enumerator
	.long	.Linfo_string70                 @ DW_AT_name
	.byte	58                              @ DW_AT_const_value
	.byte	3                               @ Abbrev [3] 0x1c0:0x6 DW_TAG_enumerator
	.long	.Linfo_string71                 @ DW_AT_name
	.byte	59                              @ DW_AT_const_value
	.byte	3                               @ Abbrev [3] 0x1c6:0x6 DW_TAG_enumerator
	.long	.Linfo_string72                 @ DW_AT_name
	.byte	60                              @ DW_AT_const_value
	.byte	3                               @ Abbrev [3] 0x1cc:0x6 DW_TAG_enumerator
	.long	.Linfo_string73                 @ DW_AT_name
	.byte	61                              @ DW_AT_const_value
	.byte	3                               @ Abbrev [3] 0x1d2:0x6 DW_TAG_enumerator
	.long	.Linfo_string74                 @ DW_AT_name
	.byte	62                              @ DW_AT_const_value
	.byte	3                               @ Abbrev [3] 0x1d8:0x6 DW_TAG_enumerator
	.long	.Linfo_string75                 @ DW_AT_name
	.byte	63                              @ DW_AT_const_value
	.byte	3                               @ Abbrev [3] 0x1de:0x7 DW_TAG_enumerator
	.long	.Linfo_string76                 @ DW_AT_name
	.asciz	"\304"                          @ DW_AT_const_value
	.byte	3                               @ Abbrev [3] 0x1e5:0x7 DW_TAG_enumerator
	.long	.Linfo_string77                 @ DW_AT_name
	.asciz	"\305"                          @ DW_AT_const_value
	.byte	3                               @ Abbrev [3] 0x1ec:0x7 DW_TAG_enumerator
	.long	.Linfo_string78                 @ DW_AT_name
	.asciz	"\306"                          @ DW_AT_const_value
	.byte	3                               @ Abbrev [3] 0x1f3:0x7 DW_TAG_enumerator
	.long	.Linfo_string79                 @ DW_AT_name
	.asciz	"\307"                          @ DW_AT_const_value
	.byte	3                               @ Abbrev [3] 0x1fa:0x7 DW_TAG_enumerator
	.long	.Linfo_string80                 @ DW_AT_name
	.asciz	"\310"                          @ DW_AT_const_value
	.byte	3                               @ Abbrev [3] 0x201:0x7 DW_TAG_enumerator
	.long	.Linfo_string81                 @ DW_AT_name
	.asciz	"\311"                          @ DW_AT_const_value
	.byte	3                               @ Abbrev [3] 0x208:0x7 DW_TAG_enumerator
	.long	.Linfo_string82                 @ DW_AT_name
	.asciz	"\312"                          @ DW_AT_const_value
	.byte	3                               @ Abbrev [3] 0x20f:0x7 DW_TAG_enumerator
	.long	.Linfo_string83                 @ DW_AT_name
	.asciz	"\313"                          @ DW_AT_const_value
	.byte	3                               @ Abbrev [3] 0x216:0x7 DW_TAG_enumerator
	.long	.Linfo_string84                 @ DW_AT_name
	.asciz	"\314"                          @ DW_AT_const_value
	.byte	3                               @ Abbrev [3] 0x21d:0x7 DW_TAG_enumerator
	.long	.Linfo_string85                 @ DW_AT_name
	.asciz	"\315"                          @ DW_AT_const_value
	.byte	3                               @ Abbrev [3] 0x224:0x7 DW_TAG_enumerator
	.long	.Linfo_string86                 @ DW_AT_name
	.asciz	"\316"                          @ DW_AT_const_value
	.byte	3                               @ Abbrev [3] 0x22b:0x7 DW_TAG_enumerator
	.long	.Linfo_string87                 @ DW_AT_name
	.asciz	"\320"                          @ DW_AT_const_value
	.byte	3                               @ Abbrev [3] 0x232:0x7 DW_TAG_enumerator
	.long	.Linfo_string88                 @ DW_AT_name
	.asciz	"\321"                          @ DW_AT_const_value
	.byte	3                               @ Abbrev [3] 0x239:0x7 DW_TAG_enumerator
	.long	.Linfo_string89                 @ DW_AT_name
	.asciz	"\322"                          @ DW_AT_const_value
	.byte	3                               @ Abbrev [3] 0x240:0x7 DW_TAG_enumerator
	.long	.Linfo_string90                 @ DW_AT_name
	.asciz	"\323"                          @ DW_AT_const_value
	.byte	3                               @ Abbrev [3] 0x247:0x7 DW_TAG_enumerator
	.long	.Linfo_string91                 @ DW_AT_name
	.asciz	"\324"                          @ DW_AT_const_value
	.byte	3                               @ Abbrev [3] 0x24e:0x7 DW_TAG_enumerator
	.long	.Linfo_string92                 @ DW_AT_name
	.asciz	"\325"                          @ DW_AT_const_value
	.byte	3                               @ Abbrev [3] 0x255:0x7 DW_TAG_enumerator
	.long	.Linfo_string93                 @ DW_AT_name
	.asciz	"\326"                          @ DW_AT_const_value
	.byte	3                               @ Abbrev [3] 0x25c:0x7 DW_TAG_enumerator
	.long	.Linfo_string94                 @ DW_AT_name
	.asciz	"\327"                          @ DW_AT_const_value
	.byte	3                               @ Abbrev [3] 0x263:0x7 DW_TAG_enumerator
	.long	.Linfo_string95                 @ DW_AT_name
	.asciz	"\330"                          @ DW_AT_const_value
	.byte	3                               @ Abbrev [3] 0x26a:0x7 DW_TAG_enumerator
	.long	.Linfo_string96                 @ DW_AT_name
	.asciz	"\331"                          @ DW_AT_const_value
	.byte	3                               @ Abbrev [3] 0x271:0x7 DW_TAG_enumerator
	.long	.Linfo_string97                 @ DW_AT_name
	.asciz	"\332"                          @ DW_AT_const_value
	.byte	3                               @ Abbrev [3] 0x278:0x7 DW_TAG_enumerator
	.long	.Linfo_string98                 @ DW_AT_name
	.asciz	"\333"                          @ DW_AT_const_value
	.byte	3                               @ Abbrev [3] 0x27f:0x7 DW_TAG_enumerator
	.long	.Linfo_string99                 @ DW_AT_name
	.asciz	"\334"                          @ DW_AT_const_value
	.byte	3                               @ Abbrev [3] 0x286:0x7 DW_TAG_enumerator
	.long	.Linfo_string100                @ DW_AT_name
	.asciz	"\335"                          @ DW_AT_const_value
	.byte	3                               @ Abbrev [3] 0x28d:0x7 DW_TAG_enumerator
	.long	.Linfo_string101                @ DW_AT_name
	.asciz	"\336"                          @ DW_AT_const_value
	.byte	3                               @ Abbrev [3] 0x294:0x7 DW_TAG_enumerator
	.long	.Linfo_string102                @ DW_AT_name
	.asciz	"\337"                          @ DW_AT_const_value
	.byte	3                               @ Abbrev [3] 0x29b:0x7 DW_TAG_enumerator
	.long	.Linfo_string103                @ DW_AT_name
	.asciz	"\340"                          @ DW_AT_const_value
	.byte	3                               @ Abbrev [3] 0x2a2:0x7 DW_TAG_enumerator
	.long	.Linfo_string104                @ DW_AT_name
	.asciz	"\341"                          @ DW_AT_const_value
	.byte	3                               @ Abbrev [3] 0x2a9:0x7 DW_TAG_enumerator
	.long	.Linfo_string105                @ DW_AT_name
	.asciz	"\342"                          @ DW_AT_const_value
	.byte	3                               @ Abbrev [3] 0x2b0:0x7 DW_TAG_enumerator
	.long	.Linfo_string106                @ DW_AT_name
	.asciz	"\343"                          @ DW_AT_const_value
	.byte	3                               @ Abbrev [3] 0x2b7:0x7 DW_TAG_enumerator
	.long	.Linfo_string107                @ DW_AT_name
	.asciz	"\344"                          @ DW_AT_const_value
	.byte	3                               @ Abbrev [3] 0x2be:0x7 DW_TAG_enumerator
	.long	.Linfo_string108                @ DW_AT_name
	.asciz	"\345"                          @ DW_AT_const_value
	.byte	3                               @ Abbrev [3] 0x2c5:0x7 DW_TAG_enumerator
	.long	.Linfo_string109                @ DW_AT_name
	.asciz	"\346"                          @ DW_AT_const_value
	.byte	3                               @ Abbrev [3] 0x2cc:0x7 DW_TAG_enumerator
	.long	.Linfo_string110                @ DW_AT_name
	.asciz	"\347"                          @ DW_AT_const_value
	.byte	3                               @ Abbrev [3] 0x2d3:0x7 DW_TAG_enumerator
	.long	.Linfo_string111                @ DW_AT_name
	.asciz	"\350"                          @ DW_AT_const_value
	.byte	3                               @ Abbrev [3] 0x2da:0x7 DW_TAG_enumerator
	.long	.Linfo_string112                @ DW_AT_name
	.asciz	"\351"                          @ DW_AT_const_value
	.byte	3                               @ Abbrev [3] 0x2e1:0x7 DW_TAG_enumerator
	.long	.Linfo_string113                @ DW_AT_name
	.asciz	"\352"                          @ DW_AT_const_value
	.byte	3                               @ Abbrev [3] 0x2e8:0x7 DW_TAG_enumerator
	.long	.Linfo_string114                @ DW_AT_name
	.asciz	"\353"                          @ DW_AT_const_value
	.byte	3                               @ Abbrev [3] 0x2ef:0x7 DW_TAG_enumerator
	.long	.Linfo_string115                @ DW_AT_name
	.asciz	"\354"                          @ DW_AT_const_value
	.byte	3                               @ Abbrev [3] 0x2f6:0x7 DW_TAG_enumerator
	.long	.Linfo_string116                @ DW_AT_name
	.asciz	"\355"                          @ DW_AT_const_value
	.byte	3                               @ Abbrev [3] 0x2fd:0x7 DW_TAG_enumerator
	.long	.Linfo_string117                @ DW_AT_name
	.asciz	"\356"                          @ DW_AT_const_value
	.byte	3                               @ Abbrev [3] 0x304:0x7 DW_TAG_enumerator
	.long	.Linfo_string118                @ DW_AT_name
	.asciz	"\357"                          @ DW_AT_const_value
	.byte	3                               @ Abbrev [3] 0x30b:0x7 DW_TAG_enumerator
	.long	.Linfo_string119                @ DW_AT_name
	.asciz	"\360"                          @ DW_AT_const_value
	.byte	3                               @ Abbrev [3] 0x312:0x7 DW_TAG_enumerator
	.long	.Linfo_string120                @ DW_AT_name
	.asciz	"\361"                          @ DW_AT_const_value
	.byte	3                               @ Abbrev [3] 0x319:0x7 DW_TAG_enumerator
	.long	.Linfo_string121                @ DW_AT_name
	.asciz	"\362"                          @ DW_AT_const_value
	.byte	3                               @ Abbrev [3] 0x320:0x7 DW_TAG_enumerator
	.long	.Linfo_string122                @ DW_AT_name
	.asciz	"\363"                          @ DW_AT_const_value
	.byte	3                               @ Abbrev [3] 0x327:0x7 DW_TAG_enumerator
	.long	.Linfo_string123                @ DW_AT_name
	.asciz	"\364"                          @ DW_AT_const_value
	.byte	3                               @ Abbrev [3] 0x32e:0x7 DW_TAG_enumerator
	.long	.Linfo_string124                @ DW_AT_name
	.asciz	"\365"                          @ DW_AT_const_value
	.byte	3                               @ Abbrev [3] 0x335:0x7 DW_TAG_enumerator
	.long	.Linfo_string125                @ DW_AT_name
	.asciz	"\366"                          @ DW_AT_const_value
	.byte	3                               @ Abbrev [3] 0x33c:0x7 DW_TAG_enumerator
	.long	.Linfo_string126                @ DW_AT_name
	.asciz	"\367"                          @ DW_AT_const_value
	.byte	3                               @ Abbrev [3] 0x343:0x7 DW_TAG_enumerator
	.long	.Linfo_string127                @ DW_AT_name
	.asciz	"\370"                          @ DW_AT_const_value
	.byte	3                               @ Abbrev [3] 0x34a:0x7 DW_TAG_enumerator
	.long	.Linfo_string128                @ DW_AT_name
	.asciz	"\371"                          @ DW_AT_const_value
	.byte	3                               @ Abbrev [3] 0x351:0x7 DW_TAG_enumerator
	.long	.Linfo_string129                @ DW_AT_name
	.asciz	"\372"                          @ DW_AT_const_value
	.byte	3                               @ Abbrev [3] 0x358:0x7 DW_TAG_enumerator
	.long	.Linfo_string130                @ DW_AT_name
	.asciz	"\374"                          @ DW_AT_const_value
	.byte	3                               @ Abbrev [3] 0x35f:0x7 DW_TAG_enumerator
	.long	.Linfo_string131                @ DW_AT_name
	.asciz	"\375"                          @ DW_AT_const_value
	.byte	3                               @ Abbrev [3] 0x366:0x7 DW_TAG_enumerator
	.long	.Linfo_string132                @ DW_AT_name
	.asciz	"\377"                          @ DW_AT_const_value
	.byte	3                               @ Abbrev [3] 0x36d:0x7 DW_TAG_enumerator
	.long	.Linfo_string133                @ DW_AT_name
	.ascii	"\200\001"                      @ DW_AT_const_value
	.byte	3                               @ Abbrev [3] 0x374:0x7 DW_TAG_enumerator
	.long	.Linfo_string134                @ DW_AT_name
	.ascii	"\201\001"                      @ DW_AT_const_value
	.byte	3                               @ Abbrev [3] 0x37b:0x7 DW_TAG_enumerator
	.long	.Linfo_string135                @ DW_AT_name
	.ascii	"\202\001"                      @ DW_AT_const_value
	.byte	3                               @ Abbrev [3] 0x382:0x7 DW_TAG_enumerator
	.long	.Linfo_string136                @ DW_AT_name
	.ascii	"\203\001"                      @ DW_AT_const_value
	.byte	3                               @ Abbrev [3] 0x389:0x7 DW_TAG_enumerator
	.long	.Linfo_string137                @ DW_AT_name
	.ascii	"\204\001"                      @ DW_AT_const_value
	.byte	3                               @ Abbrev [3] 0x390:0x7 DW_TAG_enumerator
	.long	.Linfo_string138                @ DW_AT_name
	.ascii	"\205\001"                      @ DW_AT_const_value
	.byte	3                               @ Abbrev [3] 0x397:0x7 DW_TAG_enumerator
	.long	.Linfo_string139                @ DW_AT_name
	.ascii	"\206\001"                      @ DW_AT_const_value
	.byte	3                               @ Abbrev [3] 0x39e:0x7 DW_TAG_enumerator
	.long	.Linfo_string140                @ DW_AT_name
	.ascii	"\207\001"                      @ DW_AT_const_value
	.byte	3                               @ Abbrev [3] 0x3a5:0x7 DW_TAG_enumerator
	.long	.Linfo_string141                @ DW_AT_name
	.ascii	"\210\001"                      @ DW_AT_const_value
	.byte	3                               @ Abbrev [3] 0x3ac:0x7 DW_TAG_enumerator
	.long	.Linfo_string142                @ DW_AT_name
	.ascii	"\211\001"                      @ DW_AT_const_value
	.byte	3                               @ Abbrev [3] 0x3b3:0x7 DW_TAG_enumerator
	.long	.Linfo_string143                @ DW_AT_name
	.ascii	"\212\001"                      @ DW_AT_const_value
	.byte	3                               @ Abbrev [3] 0x3ba:0x7 DW_TAG_enumerator
	.long	.Linfo_string144                @ DW_AT_name
	.ascii	"\213\001"                      @ DW_AT_const_value
	.byte	3                               @ Abbrev [3] 0x3c1:0x7 DW_TAG_enumerator
	.long	.Linfo_string145                @ DW_AT_name
	.ascii	"\214\001"                      @ DW_AT_const_value
	.byte	3                               @ Abbrev [3] 0x3c8:0x7 DW_TAG_enumerator
	.long	.Linfo_string146                @ DW_AT_name
	.ascii	"\215\001"                      @ DW_AT_const_value
	.byte	3                               @ Abbrev [3] 0x3cf:0x7 DW_TAG_enumerator
	.long	.Linfo_string147                @ DW_AT_name
	.ascii	"\216\001"                      @ DW_AT_const_value
	.byte	3                               @ Abbrev [3] 0x3d6:0x7 DW_TAG_enumerator
	.long	.Linfo_string148                @ DW_AT_name
	.ascii	"\220\001"                      @ DW_AT_const_value
	.byte	3                               @ Abbrev [3] 0x3dd:0x7 DW_TAG_enumerator
	.long	.Linfo_string149                @ DW_AT_name
	.ascii	"\221\001"                      @ DW_AT_const_value
	.byte	3                               @ Abbrev [3] 0x3e4:0x7 DW_TAG_enumerator
	.long	.Linfo_string150                @ DW_AT_name
	.ascii	"\222\001"                      @ DW_AT_const_value
	.byte	3                               @ Abbrev [3] 0x3eb:0x7 DW_TAG_enumerator
	.long	.Linfo_string151                @ DW_AT_name
	.ascii	"\225\001"                      @ DW_AT_const_value
	.byte	0                               @ End Of Children Mark
	.byte	4                               @ Abbrev [4] 0x3f3:0x7 DW_TAG_base_type
	.long	.Linfo_string3                  @ DW_AT_name
	.byte	5                               @ DW_AT_encoding
	.byte	2                               @ DW_AT_byte_size
	.byte	5                               @ Abbrev [5] 0x3fa:0x5 DW_TAG_pointer_type
	.long	1023                            @ DW_AT_type
	.byte	6                               @ Abbrev [6] 0x3ff:0xc DW_TAG_typedef
	.long	1035                            @ DW_AT_type
	.long	.Linfo_string208                @ DW_AT_name
	.byte	3                               @ DW_AT_decl_file
	.short	513                             @ DW_AT_decl_line
	.byte	7                               @ Abbrev [7] 0x40b:0x2b7 DW_TAG_structure_type
	.short	684                             @ DW_AT_byte_size
	.byte	3                               @ DW_AT_decl_file
	.short	460                             @ DW_AT_decl_line
	.byte	8                               @ Abbrev [8] 0x411:0xd DW_TAG_member
	.long	.Linfo_string152                @ DW_AT_name
	.long	1730                            @ DW_AT_type
	.byte	3                               @ DW_AT_decl_file
	.short	462                             @ DW_AT_decl_line
	.byte	0                               @ DW_AT_data_member_location
	.byte	8                               @ Abbrev [8] 0x41e:0xd DW_TAG_member
	.long	.Linfo_string155                @ DW_AT_name
	.long	1735                            @ DW_AT_type
	.byte	3                               @ DW_AT_decl_file
	.short	463                             @ DW_AT_decl_line
	.byte	4                               @ DW_AT_data_member_location
	.byte	8                               @ Abbrev [8] 0x42b:0xd DW_TAG_member
	.long	.Linfo_string156                @ DW_AT_name
	.long	1735                            @ DW_AT_type
	.byte	3                               @ DW_AT_decl_file
	.short	464                             @ DW_AT_decl_line
	.byte	8                               @ DW_AT_data_member_location
	.byte	8                               @ Abbrev [8] 0x438:0xd DW_TAG_member
	.long	.Linfo_string157                @ DW_AT_name
	.long	1735                            @ DW_AT_type
	.byte	3                               @ DW_AT_decl_file
	.short	465                             @ DW_AT_decl_line
	.byte	12                              @ DW_AT_data_member_location
	.byte	8                               @ Abbrev [8] 0x445:0xd DW_TAG_member
	.long	.Linfo_string158                @ DW_AT_name
	.long	1735                            @ DW_AT_type
	.byte	3                               @ DW_AT_decl_file
	.short	466                             @ DW_AT_decl_line
	.byte	16                              @ DW_AT_data_member_location
	.byte	8                               @ Abbrev [8] 0x452:0xd DW_TAG_member
	.long	.Linfo_string159                @ DW_AT_name
	.long	1735                            @ DW_AT_type
	.byte	3                               @ DW_AT_decl_file
	.short	467                             @ DW_AT_decl_line
	.byte	20                              @ DW_AT_data_member_location
	.byte	8                               @ Abbrev [8] 0x45f:0xd DW_TAG_member
	.long	.Linfo_string160                @ DW_AT_name
	.long	1758                            @ DW_AT_type
	.byte	3                               @ DW_AT_decl_file
	.short	468                             @ DW_AT_decl_line
	.byte	24                              @ DW_AT_data_member_location
	.byte	8                               @ Abbrev [8] 0x46c:0xd DW_TAG_member
	.long	.Linfo_string164                @ DW_AT_name
	.long	1735                            @ DW_AT_type
	.byte	3                               @ DW_AT_decl_file
	.short	469                             @ DW_AT_decl_line
	.byte	36                              @ DW_AT_data_member_location
	.byte	8                               @ Abbrev [8] 0x479:0xd DW_TAG_member
	.long	.Linfo_string165                @ DW_AT_name
	.long	1735                            @ DW_AT_type
	.byte	3                               @ DW_AT_decl_file
	.short	470                             @ DW_AT_decl_line
	.byte	40                              @ DW_AT_data_member_location
	.byte	8                               @ Abbrev [8] 0x486:0xd DW_TAG_member
	.long	.Linfo_string166                @ DW_AT_name
	.long	1735                            @ DW_AT_type
	.byte	3                               @ DW_AT_decl_file
	.short	471                             @ DW_AT_decl_line
	.byte	44                              @ DW_AT_data_member_location
	.byte	8                               @ Abbrev [8] 0x493:0xd DW_TAG_member
	.long	.Linfo_string167                @ DW_AT_name
	.long	1735                            @ DW_AT_type
	.byte	3                               @ DW_AT_decl_file
	.short	472                             @ DW_AT_decl_line
	.byte	48                              @ DW_AT_data_member_location
	.byte	8                               @ Abbrev [8] 0x4a0:0xd DW_TAG_member
	.long	.Linfo_string168                @ DW_AT_name
	.long	1735                            @ DW_AT_type
	.byte	3                               @ DW_AT_decl_file
	.short	473                             @ DW_AT_decl_line
	.byte	52                              @ DW_AT_data_member_location
	.byte	8                               @ Abbrev [8] 0x4ad:0xd DW_TAG_member
	.long	.Linfo_string169                @ DW_AT_name
	.long	1735                            @ DW_AT_type
	.byte	3                               @ DW_AT_decl_file
	.short	474                             @ DW_AT_decl_line
	.byte	56                              @ DW_AT_data_member_location
	.byte	8                               @ Abbrev [8] 0x4ba:0xd DW_TAG_member
	.long	.Linfo_string170                @ DW_AT_name
	.long	1735                            @ DW_AT_type
	.byte	3                               @ DW_AT_decl_file
	.short	475                             @ DW_AT_decl_line
	.byte	60                              @ DW_AT_data_member_location
	.byte	8                               @ Abbrev [8] 0x4c7:0xd DW_TAG_member
	.long	.Linfo_string171                @ DW_AT_name
	.long	1800                            @ DW_AT_type
	.byte	3                               @ DW_AT_decl_file
	.short	476                             @ DW_AT_decl_line
	.byte	64                              @ DW_AT_data_member_location
	.byte	8                               @ Abbrev [8] 0x4d4:0xd DW_TAG_member
	.long	.Linfo_string172                @ DW_AT_name
	.long	1730                            @ DW_AT_type
	.byte	3                               @ DW_AT_decl_file
	.short	477                             @ DW_AT_decl_line
	.byte	72                              @ DW_AT_data_member_location
	.byte	8                               @ Abbrev [8] 0x4e1:0xd DW_TAG_member
	.long	.Linfo_string173                @ DW_AT_name
	.long	1730                            @ DW_AT_type
	.byte	3                               @ DW_AT_decl_file
	.short	478                             @ DW_AT_decl_line
	.byte	76                              @ DW_AT_data_member_location
	.byte	8                               @ Abbrev [8] 0x4ee:0xd DW_TAG_member
	.long	.Linfo_string174                @ DW_AT_name
	.long	1812                            @ DW_AT_type
	.byte	3                               @ DW_AT_decl_file
	.short	479                             @ DW_AT_decl_line
	.byte	80                              @ DW_AT_data_member_location
	.byte	8                               @ Abbrev [8] 0x4fb:0xd DW_TAG_member
	.long	.Linfo_string175                @ DW_AT_name
	.long	1824                            @ DW_AT_type
	.byte	3                               @ DW_AT_decl_file
	.short	480                             @ DW_AT_decl_line
	.byte	96                              @ DW_AT_data_member_location
	.byte	8                               @ Abbrev [8] 0x508:0xd DW_TAG_member
	.long	.Linfo_string176                @ DW_AT_name
	.long	1836                            @ DW_AT_type
	.byte	3                               @ DW_AT_decl_file
	.short	481                             @ DW_AT_decl_line
	.byte	116                             @ DW_AT_data_member_location
	.byte	8                               @ Abbrev [8] 0x515:0xd DW_TAG_member
	.long	.Linfo_string177                @ DW_AT_name
	.long	1730                            @ DW_AT_type
	.byte	3                               @ DW_AT_decl_file
	.short	482                             @ DW_AT_decl_line
	.byte	120                             @ DW_AT_data_member_location
	.byte	8                               @ Abbrev [8] 0x522:0xd DW_TAG_member
	.long	.Linfo_string178                @ DW_AT_name
	.long	1730                            @ DW_AT_type
	.byte	3                               @ DW_AT_decl_file
	.short	483                             @ DW_AT_decl_line
	.byte	124                             @ DW_AT_data_member_location
	.byte	8                               @ Abbrev [8] 0x52f:0xd DW_TAG_member
	.long	.Linfo_string179                @ DW_AT_name
	.long	1730                            @ DW_AT_type
	.byte	3                               @ DW_AT_decl_file
	.short	484                             @ DW_AT_decl_line
	.byte	128                             @ DW_AT_data_member_location
	.byte	8                               @ Abbrev [8] 0x53c:0xd DW_TAG_member
	.long	.Linfo_string180                @ DW_AT_name
	.long	1735                            @ DW_AT_type
	.byte	3                               @ DW_AT_decl_file
	.short	485                             @ DW_AT_decl_line
	.byte	132                             @ DW_AT_data_member_location
	.byte	8                               @ Abbrev [8] 0x549:0xd DW_TAG_member
	.long	.Linfo_string181                @ DW_AT_name
	.long	1735                            @ DW_AT_type
	.byte	3                               @ DW_AT_decl_file
	.short	486                             @ DW_AT_decl_line
	.byte	136                             @ DW_AT_data_member_location
	.byte	8                               @ Abbrev [8] 0x556:0xd DW_TAG_member
	.long	.Linfo_string182                @ DW_AT_name
	.long	1848                            @ DW_AT_type
	.byte	3                               @ DW_AT_decl_file
	.short	487                             @ DW_AT_decl_line
	.byte	140                             @ DW_AT_data_member_location
	.byte	9                               @ Abbrev [9] 0x563:0xe DW_TAG_member
	.long	.Linfo_string183                @ DW_AT_name
	.long	1735                            @ DW_AT_type
	.byte	3                               @ DW_AT_decl_file
	.short	488                             @ DW_AT_decl_line
	.short	512                             @ DW_AT_data_member_location
	.byte	9                               @ Abbrev [9] 0x571:0xe DW_TAG_member
	.long	.Linfo_string184                @ DW_AT_name
	.long	1860                            @ DW_AT_type
	.byte	3                               @ DW_AT_decl_file
	.short	489                             @ DW_AT_decl_line
	.short	516                             @ DW_AT_data_member_location
	.byte	9                               @ Abbrev [9] 0x57f:0xe DW_TAG_member
	.long	.Linfo_string185                @ DW_AT_name
	.long	1730                            @ DW_AT_type
	.byte	3                               @ DW_AT_decl_file
	.short	490                             @ DW_AT_decl_line
	.short	576                             @ DW_AT_data_member_location
	.byte	9                               @ Abbrev [9] 0x58d:0xe DW_TAG_member
	.long	.Linfo_string186                @ DW_AT_name
	.long	1730                            @ DW_AT_type
	.byte	3                               @ DW_AT_decl_file
	.short	491                             @ DW_AT_decl_line
	.short	580                             @ DW_AT_data_member_location
	.byte	9                               @ Abbrev [9] 0x59b:0xe DW_TAG_member
	.long	.Linfo_string187                @ DW_AT_name
	.long	1730                            @ DW_AT_type
	.byte	3                               @ DW_AT_decl_file
	.short	492                             @ DW_AT_decl_line
	.short	584                             @ DW_AT_data_member_location
	.byte	9                               @ Abbrev [9] 0x5a9:0xe DW_TAG_member
	.long	.Linfo_string188                @ DW_AT_name
	.long	1836                            @ DW_AT_type
	.byte	3                               @ DW_AT_decl_file
	.short	493                             @ DW_AT_decl_line
	.short	588                             @ DW_AT_data_member_location
	.byte	9                               @ Abbrev [9] 0x5b7:0xe DW_TAG_member
	.long	.Linfo_string189                @ DW_AT_name
	.long	1735                            @ DW_AT_type
	.byte	3                               @ DW_AT_decl_file
	.short	494                             @ DW_AT_decl_line
	.short	592                             @ DW_AT_data_member_location
	.byte	9                               @ Abbrev [9] 0x5c5:0xe DW_TAG_member
	.long	.Linfo_string190                @ DW_AT_name
	.long	1836                            @ DW_AT_type
	.byte	3                               @ DW_AT_decl_file
	.short	495                             @ DW_AT_decl_line
	.short	596                             @ DW_AT_data_member_location
	.byte	9                               @ Abbrev [9] 0x5d3:0xe DW_TAG_member
	.long	.Linfo_string191                @ DW_AT_name
	.long	1735                            @ DW_AT_type
	.byte	3                               @ DW_AT_decl_file
	.short	496                             @ DW_AT_decl_line
	.short	600                             @ DW_AT_data_member_location
	.byte	9                               @ Abbrev [9] 0x5e1:0xe DW_TAG_member
	.long	.Linfo_string192                @ DW_AT_name
	.long	1735                            @ DW_AT_type
	.byte	3                               @ DW_AT_decl_file
	.short	497                             @ DW_AT_decl_line
	.short	604                             @ DW_AT_data_member_location
	.byte	9                               @ Abbrev [9] 0x5ef:0xe DW_TAG_member
	.long	.Linfo_string193                @ DW_AT_name
	.long	1735                            @ DW_AT_type
	.byte	3                               @ DW_AT_decl_file
	.short	498                             @ DW_AT_decl_line
	.short	608                             @ DW_AT_data_member_location
	.byte	9                               @ Abbrev [9] 0x5fd:0xe DW_TAG_member
	.long	.Linfo_string194                @ DW_AT_name
	.long	1735                            @ DW_AT_type
	.byte	3                               @ DW_AT_decl_file
	.short	499                             @ DW_AT_decl_line
	.short	612                             @ DW_AT_data_member_location
	.byte	9                               @ Abbrev [9] 0x60b:0xe DW_TAG_member
	.long	.Linfo_string195                @ DW_AT_name
	.long	1735                            @ DW_AT_type
	.byte	3                               @ DW_AT_decl_file
	.short	500                             @ DW_AT_decl_line
	.short	616                             @ DW_AT_data_member_location
	.byte	9                               @ Abbrev [9] 0x619:0xe DW_TAG_member
	.long	.Linfo_string196                @ DW_AT_name
	.long	1735                            @ DW_AT_type
	.byte	3                               @ DW_AT_decl_file
	.short	501                             @ DW_AT_decl_line
	.short	620                             @ DW_AT_data_member_location
	.byte	9                               @ Abbrev [9] 0x627:0xe DW_TAG_member
	.long	.Linfo_string197                @ DW_AT_name
	.long	1735                            @ DW_AT_type
	.byte	3                               @ DW_AT_decl_file
	.short	502                             @ DW_AT_decl_line
	.short	624                             @ DW_AT_data_member_location
	.byte	9                               @ Abbrev [9] 0x635:0xe DW_TAG_member
	.long	.Linfo_string198                @ DW_AT_name
	.long	1735                            @ DW_AT_type
	.byte	3                               @ DW_AT_decl_file
	.short	503                             @ DW_AT_decl_line
	.short	628                             @ DW_AT_data_member_location
	.byte	9                               @ Abbrev [9] 0x643:0xe DW_TAG_member
	.long	.Linfo_string199                @ DW_AT_name
	.long	1735                            @ DW_AT_type
	.byte	3                               @ DW_AT_decl_file
	.short	504                             @ DW_AT_decl_line
	.short	632                             @ DW_AT_data_member_location
	.byte	9                               @ Abbrev [9] 0x651:0xe DW_TAG_member
	.long	.Linfo_string200                @ DW_AT_name
	.long	1872                            @ DW_AT_type
	.byte	3                               @ DW_AT_decl_file
	.short	505                             @ DW_AT_decl_line
	.short	636                             @ DW_AT_data_member_location
	.byte	9                               @ Abbrev [9] 0x65f:0xe DW_TAG_member
	.long	.Linfo_string201                @ DW_AT_name
	.long	1735                            @ DW_AT_type
	.byte	3                               @ DW_AT_decl_file
	.short	506                             @ DW_AT_decl_line
	.short	656                             @ DW_AT_data_member_location
	.byte	9                               @ Abbrev [9] 0x66d:0xe DW_TAG_member
	.long	.Linfo_string202                @ DW_AT_name
	.long	1735                            @ DW_AT_type
	.byte	3                               @ DW_AT_decl_file
	.short	507                             @ DW_AT_decl_line
	.short	660                             @ DW_AT_data_member_location
	.byte	9                               @ Abbrev [9] 0x67b:0xe DW_TAG_member
	.long	.Linfo_string203                @ DW_AT_name
	.long	1735                            @ DW_AT_type
	.byte	3                               @ DW_AT_decl_file
	.short	508                             @ DW_AT_decl_line
	.short	664                             @ DW_AT_data_member_location
	.byte	9                               @ Abbrev [9] 0x689:0xe DW_TAG_member
	.long	.Linfo_string204                @ DW_AT_name
	.long	1735                            @ DW_AT_type
	.byte	3                               @ DW_AT_decl_file
	.short	509                             @ DW_AT_decl_line
	.short	668                             @ DW_AT_data_member_location
	.byte	9                               @ Abbrev [9] 0x697:0xe DW_TAG_member
	.long	.Linfo_string205                @ DW_AT_name
	.long	1735                            @ DW_AT_type
	.byte	3                               @ DW_AT_decl_file
	.short	510                             @ DW_AT_decl_line
	.short	672                             @ DW_AT_data_member_location
	.byte	9                               @ Abbrev [9] 0x6a5:0xe DW_TAG_member
	.long	.Linfo_string206                @ DW_AT_name
	.long	1836                            @ DW_AT_type
	.byte	3                               @ DW_AT_decl_file
	.short	511                             @ DW_AT_decl_line
	.short	676                             @ DW_AT_data_member_location
	.byte	9                               @ Abbrev [9] 0x6b3:0xe DW_TAG_member
	.long	.Linfo_string207                @ DW_AT_name
	.long	1735                            @ DW_AT_type
	.byte	3                               @ DW_AT_decl_file
	.short	512                             @ DW_AT_decl_line
	.short	680                             @ DW_AT_data_member_location
	.byte	0                               @ End Of Children Mark
	.byte	10                              @ Abbrev [10] 0x6c2:0x5 DW_TAG_const_type
	.long	1735                            @ DW_AT_type
	.byte	11                              @ Abbrev [11] 0x6c7:0x5 DW_TAG_volatile_type
	.long	1740                            @ DW_AT_type
	.byte	12                              @ Abbrev [12] 0x6cc:0xb DW_TAG_typedef
	.long	1751                            @ DW_AT_type
	.long	.Linfo_string154                @ DW_AT_name
	.byte	2                               @ DW_AT_decl_file
	.byte	64                              @ DW_AT_decl_line
	.byte	4                               @ Abbrev [4] 0x6d7:0x7 DW_TAG_base_type
	.long	.Linfo_string153                @ DW_AT_name
	.byte	7                               @ DW_AT_encoding
	.byte	4                               @ DW_AT_byte_size
	.byte	13                              @ Abbrev [13] 0x6de:0xc DW_TAG_array_type
	.long	1770                            @ DW_AT_type
	.byte	14                              @ Abbrev [14] 0x6e3:0x6 DW_TAG_subrange_type
	.long	1793                            @ DW_AT_type
	.byte	12                              @ DW_AT_count
	.byte	0                               @ End Of Children Mark
	.byte	11                              @ Abbrev [11] 0x6ea:0x5 DW_TAG_volatile_type
	.long	1775                            @ DW_AT_type
	.byte	12                              @ Abbrev [12] 0x6ef:0xb DW_TAG_typedef
	.long	1786                            @ DW_AT_type
	.long	.Linfo_string162                @ DW_AT_name
	.byte	2                               @ DW_AT_decl_file
	.byte	62                              @ DW_AT_decl_line
	.byte	4                               @ Abbrev [4] 0x6fa:0x7 DW_TAG_base_type
	.long	.Linfo_string161                @ DW_AT_name
	.byte	8                               @ DW_AT_encoding
	.byte	1                               @ DW_AT_byte_size
	.byte	15                              @ Abbrev [15] 0x701:0x7 DW_TAG_base_type
	.long	.Linfo_string163                @ DW_AT_name
	.byte	8                               @ DW_AT_byte_size
	.byte	7                               @ DW_AT_encoding
	.byte	13                              @ Abbrev [13] 0x708:0xc DW_TAG_array_type
	.long	1730                            @ DW_AT_type
	.byte	14                              @ Abbrev [14] 0x70d:0x6 DW_TAG_subrange_type
	.long	1793                            @ DW_AT_type
	.byte	2                               @ DW_AT_count
	.byte	0                               @ End Of Children Mark
	.byte	13                              @ Abbrev [13] 0x714:0xc DW_TAG_array_type
	.long	1730                            @ DW_AT_type
	.byte	14                              @ Abbrev [14] 0x719:0x6 DW_TAG_subrange_type
	.long	1793                            @ DW_AT_type
	.byte	4                               @ DW_AT_count
	.byte	0                               @ End Of Children Mark
	.byte	13                              @ Abbrev [13] 0x720:0xc DW_TAG_array_type
	.long	1730                            @ DW_AT_type
	.byte	14                              @ Abbrev [14] 0x725:0x6 DW_TAG_subrange_type
	.long	1793                            @ DW_AT_type
	.byte	5                               @ DW_AT_count
	.byte	0                               @ End Of Children Mark
	.byte	13                              @ Abbrev [13] 0x72c:0xc DW_TAG_array_type
	.long	1740                            @ DW_AT_type
	.byte	14                              @ Abbrev [14] 0x731:0x6 DW_TAG_subrange_type
	.long	1793                            @ DW_AT_type
	.byte	1                               @ DW_AT_count
	.byte	0                               @ End Of Children Mark
	.byte	13                              @ Abbrev [13] 0x738:0xc DW_TAG_array_type
	.long	1740                            @ DW_AT_type
	.byte	14                              @ Abbrev [14] 0x73d:0x6 DW_TAG_subrange_type
	.long	1793                            @ DW_AT_type
	.byte	93                              @ DW_AT_count
	.byte	0                               @ End Of Children Mark
	.byte	13                              @ Abbrev [13] 0x744:0xc DW_TAG_array_type
	.long	1740                            @ DW_AT_type
	.byte	14                              @ Abbrev [14] 0x749:0x6 DW_TAG_subrange_type
	.long	1793                            @ DW_AT_type
	.byte	15                              @ DW_AT_count
	.byte	0                               @ End Of Children Mark
	.byte	13                              @ Abbrev [13] 0x750:0xc DW_TAG_array_type
	.long	1740                            @ DW_AT_type
	.byte	14                              @ Abbrev [14] 0x755:0x6 DW_TAG_subrange_type
	.long	1793                            @ DW_AT_type
	.byte	5                               @ DW_AT_count
	.byte	0                               @ End Of Children Mark
	.byte	5                               @ Abbrev [5] 0x75c:0x5 DW_TAG_pointer_type
	.long	1889                            @ DW_AT_type
	.byte	6                               @ Abbrev [6] 0x761:0xc DW_TAG_typedef
	.long	1901                            @ DW_AT_type
	.long	.Linfo_string220                @ DW_AT_name
	.byte	3                               @ DW_AT_decl_file
	.short	1453                            @ DW_AT_decl_line
	.byte	16                              @ Abbrev [16] 0x76d:0x95 DW_TAG_structure_type
	.byte	44                              @ DW_AT_byte_size
	.byte	3                               @ DW_AT_decl_file
	.short	1440                            @ DW_AT_decl_line
	.byte	8                               @ Abbrev [8] 0x772:0xd DW_TAG_member
	.long	.Linfo_string209                @ DW_AT_name
	.long	1730                            @ DW_AT_type
	.byte	3                               @ DW_AT_decl_file
	.short	1442                            @ DW_AT_decl_line
	.byte	0                               @ DW_AT_data_member_location
	.byte	8                               @ Abbrev [8] 0x77f:0xd DW_TAG_member
	.long	.Linfo_string210                @ DW_AT_name
	.long	1735                            @ DW_AT_type
	.byte	3                               @ DW_AT_decl_file
	.short	1443                            @ DW_AT_decl_line
	.byte	4                               @ DW_AT_data_member_location
	.byte	8                               @ Abbrev [8] 0x78c:0xd DW_TAG_member
	.long	.Linfo_string211                @ DW_AT_name
	.long	1735                            @ DW_AT_type
	.byte	3                               @ DW_AT_decl_file
	.short	1444                            @ DW_AT_decl_line
	.byte	8                               @ DW_AT_data_member_location
	.byte	8                               @ Abbrev [8] 0x799:0xd DW_TAG_member
	.long	.Linfo_string212                @ DW_AT_name
	.long	1735                            @ DW_AT_type
	.byte	3                               @ DW_AT_decl_file
	.short	1445                            @ DW_AT_decl_line
	.byte	12                              @ DW_AT_data_member_location
	.byte	8                               @ Abbrev [8] 0x7a6:0xd DW_TAG_member
	.long	.Linfo_string213                @ DW_AT_name
	.long	1735                            @ DW_AT_type
	.byte	3                               @ DW_AT_decl_file
	.short	1446                            @ DW_AT_decl_line
	.byte	16                              @ DW_AT_data_member_location
	.byte	8                               @ Abbrev [8] 0x7b3:0xd DW_TAG_member
	.long	.Linfo_string214                @ DW_AT_name
	.long	1735                            @ DW_AT_type
	.byte	3                               @ DW_AT_decl_file
	.short	1447                            @ DW_AT_decl_line
	.byte	20                              @ DW_AT_data_member_location
	.byte	8                               @ Abbrev [8] 0x7c0:0xd DW_TAG_member
	.long	.Linfo_string215                @ DW_AT_name
	.long	1735                            @ DW_AT_type
	.byte	3                               @ DW_AT_decl_file
	.short	1448                            @ DW_AT_decl_line
	.byte	24                              @ DW_AT_data_member_location
	.byte	8                               @ Abbrev [8] 0x7cd:0xd DW_TAG_member
	.long	.Linfo_string216                @ DW_AT_name
	.long	1735                            @ DW_AT_type
	.byte	3                               @ DW_AT_decl_file
	.short	1449                            @ DW_AT_decl_line
	.byte	28                              @ DW_AT_data_member_location
	.byte	8                               @ Abbrev [8] 0x7da:0xd DW_TAG_member
	.long	.Linfo_string217                @ DW_AT_name
	.long	1735                            @ DW_AT_type
	.byte	3                               @ DW_AT_decl_file
	.short	1450                            @ DW_AT_decl_line
	.byte	32                              @ DW_AT_data_member_location
	.byte	8                               @ Abbrev [8] 0x7e7:0xd DW_TAG_member
	.long	.Linfo_string218                @ DW_AT_name
	.long	1735                            @ DW_AT_type
	.byte	3                               @ DW_AT_decl_file
	.short	1451                            @ DW_AT_decl_line
	.byte	36                              @ DW_AT_data_member_location
	.byte	8                               @ Abbrev [8] 0x7f4:0xd DW_TAG_member
	.long	.Linfo_string219                @ DW_AT_name
	.long	1735                            @ DW_AT_type
	.byte	3                               @ DW_AT_decl_file
	.short	1452                            @ DW_AT_decl_line
	.byte	40                              @ DW_AT_data_member_location
	.byte	0                               @ End Of Children Mark
	.byte	5                               @ Abbrev [5] 0x802:0x5 DW_TAG_pointer_type
	.long	2055                            @ DW_AT_type
	.byte	6                               @ Abbrev [6] 0x807:0xc DW_TAG_typedef
	.long	2067                            @ DW_AT_type
	.long	.Linfo_string224                @ DW_AT_name
	.byte	3                               @ DW_AT_decl_file
	.short	994                             @ DW_AT_decl_line
	.byte	16                              @ Abbrev [16] 0x813:0x3a DW_TAG_structure_type
	.byte	16                              @ DW_AT_byte_size
	.byte	3                               @ DW_AT_decl_file
	.short	988                             @ DW_AT_decl_line
	.byte	8                               @ Abbrev [8] 0x818:0xd DW_TAG_member
	.long	.Linfo_string210                @ DW_AT_name
	.long	1735                            @ DW_AT_type
	.byte	3                               @ DW_AT_decl_file
	.short	990                             @ DW_AT_decl_line
	.byte	0                               @ DW_AT_data_member_location
	.byte	8                               @ Abbrev [8] 0x825:0xd DW_TAG_member
	.long	.Linfo_string221                @ DW_AT_name
	.long	1735                            @ DW_AT_type
	.byte	3                               @ DW_AT_decl_file
	.short	991                             @ DW_AT_decl_line
	.byte	4                               @ DW_AT_data_member_location
	.byte	8                               @ Abbrev [8] 0x832:0xd DW_TAG_member
	.long	.Linfo_string222                @ DW_AT_name
	.long	1735                            @ DW_AT_type
	.byte	3                               @ DW_AT_decl_file
	.short	992                             @ DW_AT_decl_line
	.byte	8                               @ DW_AT_data_member_location
	.byte	8                               @ Abbrev [8] 0x83f:0xd DW_TAG_member
	.long	.Linfo_string223                @ DW_AT_name
	.long	1730                            @ DW_AT_type
	.byte	3                               @ DW_AT_decl_file
	.short	993                             @ DW_AT_decl_line
	.byte	12                              @ DW_AT_data_member_location
	.byte	0                               @ End Of Children Mark
	.byte	12                              @ Abbrev [12] 0x84d:0xb DW_TAG_typedef
	.long	2136                            @ DW_AT_type
	.long	.Linfo_string226                @ DW_AT_name
	.byte	2                               @ DW_AT_decl_file
	.byte	58                              @ DW_AT_decl_line
	.byte	4                               @ Abbrev [4] 0x858:0x7 DW_TAG_base_type
	.long	.Linfo_string225                @ DW_AT_name
	.byte	5                               @ DW_AT_encoding
	.byte	4                               @ DW_AT_byte_size
	.byte	5                               @ Abbrev [5] 0x85f:0x5 DW_TAG_pointer_type
	.long	2148                            @ DW_AT_type
	.byte	6                               @ Abbrev [6] 0x864:0xc DW_TAG_typedef
	.long	2160                            @ DW_AT_type
	.long	.Linfo_string235                @ DW_AT_name
	.byte	3                               @ DW_AT_decl_file
	.short	441                             @ DW_AT_decl_line
	.byte	7                               @ Abbrev [7] 0x870:0xb9 DW_TAG_structure_type
	.short	3588                            @ DW_AT_byte_size
	.byte	3                               @ DW_AT_decl_file
	.short	426                             @ DW_AT_decl_line
	.byte	8                               @ Abbrev [8] 0x876:0xd DW_TAG_member
	.long	.Linfo_string227                @ DW_AT_name
	.long	2345                            @ DW_AT_type
	.byte	3                               @ DW_AT_decl_file
	.short	428                             @ DW_AT_decl_line
	.byte	0                               @ DW_AT_data_member_location
	.byte	8                               @ Abbrev [8] 0x883:0xd DW_TAG_member
	.long	.Linfo_string176                @ DW_AT_name
	.long	2357                            @ DW_AT_type
	.byte	3                               @ DW_AT_decl_file
	.short	429                             @ DW_AT_decl_line
	.byte	32                              @ DW_AT_data_member_location
	.byte	8                               @ Abbrev [8] 0x890:0xd DW_TAG_member
	.long	.Linfo_string228                @ DW_AT_name
	.long	2345                            @ DW_AT_type
	.byte	3                               @ DW_AT_decl_file
	.short	430                             @ DW_AT_decl_line
	.byte	128                             @ DW_AT_data_member_location
	.byte	8                               @ Abbrev [8] 0x89d:0xd DW_TAG_member
	.long	.Linfo_string229                @ DW_AT_name
	.long	2357                            @ DW_AT_type
	.byte	3                               @ DW_AT_decl_file
	.short	431                             @ DW_AT_decl_line
	.byte	160                             @ DW_AT_data_member_location
	.byte	9                               @ Abbrev [9] 0x8aa:0xe DW_TAG_member
	.long	.Linfo_string230                @ DW_AT_name
	.long	2345                            @ DW_AT_type
	.byte	3                               @ DW_AT_decl_file
	.short	432                             @ DW_AT_decl_line
	.short	256                             @ DW_AT_data_member_location
	.byte	9                               @ Abbrev [9] 0x8b8:0xe DW_TAG_member
	.long	.Linfo_string231                @ DW_AT_name
	.long	2357                            @ DW_AT_type
	.byte	3                               @ DW_AT_decl_file
	.short	433                             @ DW_AT_decl_line
	.short	288                             @ DW_AT_data_member_location
	.byte	9                               @ Abbrev [9] 0x8c6:0xe DW_TAG_member
	.long	.Linfo_string232                @ DW_AT_name
	.long	2345                            @ DW_AT_type
	.byte	3                               @ DW_AT_decl_file
	.short	434                             @ DW_AT_decl_line
	.short	384                             @ DW_AT_data_member_location
	.byte	9                               @ Abbrev [9] 0x8d4:0xe DW_TAG_member
	.long	.Linfo_string182                @ DW_AT_name
	.long	2357                            @ DW_AT_type
	.byte	3                               @ DW_AT_decl_file
	.short	435                             @ DW_AT_decl_line
	.short	416                             @ DW_AT_data_member_location
	.byte	9                               @ Abbrev [9] 0x8e2:0xe DW_TAG_member
	.long	.Linfo_string233                @ DW_AT_name
	.long	2345                            @ DW_AT_type
	.byte	3                               @ DW_AT_decl_file
	.short	436                             @ DW_AT_decl_line
	.short	512                             @ DW_AT_data_member_location
	.byte	9                               @ Abbrev [9] 0x8f0:0xe DW_TAG_member
	.long	.Linfo_string184                @ DW_AT_name
	.long	2369                            @ DW_AT_type
	.byte	3                               @ DW_AT_decl_file
	.short	437                             @ DW_AT_decl_line
	.short	544                             @ DW_AT_data_member_location
	.byte	9                               @ Abbrev [9] 0x8fe:0xe DW_TAG_member
	.long	.Linfo_string234                @ DW_AT_name
	.long	2381                            @ DW_AT_type
	.byte	3                               @ DW_AT_decl_file
	.short	438                             @ DW_AT_decl_line
	.short	768                             @ DW_AT_data_member_location
	.byte	9                               @ Abbrev [9] 0x90c:0xe DW_TAG_member
	.long	.Linfo_string188                @ DW_AT_name
	.long	2393                            @ DW_AT_type
	.byte	3                               @ DW_AT_decl_file
	.short	439                             @ DW_AT_decl_line
	.short	1008                            @ DW_AT_data_member_location
	.byte	9                               @ Abbrev [9] 0x91a:0xe DW_TAG_member
	.long	.Linfo_string183                @ DW_AT_name
	.long	1735                            @ DW_AT_type
	.byte	3                               @ DW_AT_decl_file
	.short	440                             @ DW_AT_decl_line
	.short	3584                            @ DW_AT_data_member_location
	.byte	0                               @ End Of Children Mark
	.byte	13                              @ Abbrev [13] 0x929:0xc DW_TAG_array_type
	.long	1735                            @ DW_AT_type
	.byte	14                              @ Abbrev [14] 0x92e:0x6 DW_TAG_subrange_type
	.long	1793                            @ DW_AT_type
	.byte	8                               @ DW_AT_count
	.byte	0                               @ End Of Children Mark
	.byte	13                              @ Abbrev [13] 0x935:0xc DW_TAG_array_type
	.long	1740                            @ DW_AT_type
	.byte	14                              @ Abbrev [14] 0x93a:0x6 DW_TAG_subrange_type
	.long	1793                            @ DW_AT_type
	.byte	24                              @ DW_AT_count
	.byte	0                               @ End Of Children Mark
	.byte	13                              @ Abbrev [13] 0x941:0xc DW_TAG_array_type
	.long	1740                            @ DW_AT_type
	.byte	14                              @ Abbrev [14] 0x946:0x6 DW_TAG_subrange_type
	.long	1793                            @ DW_AT_type
	.byte	56                              @ DW_AT_count
	.byte	0                               @ End Of Children Mark
	.byte	13                              @ Abbrev [13] 0x94d:0xc DW_TAG_array_type
	.long	1770                            @ DW_AT_type
	.byte	14                              @ Abbrev [14] 0x952:0x6 DW_TAG_subrange_type
	.long	1793                            @ DW_AT_type
	.byte	240                             @ DW_AT_count
	.byte	0                               @ End Of Children Mark
	.byte	13                              @ Abbrev [13] 0x959:0xd DW_TAG_array_type
	.long	1740                            @ DW_AT_type
	.byte	17                              @ Abbrev [17] 0x95e:0x7 DW_TAG_subrange_type
	.long	1793                            @ DW_AT_type
	.short	644                             @ DW_AT_count
	.byte	0                               @ End Of Children Mark
	.byte	18                              @ Abbrev [18] 0x966:0x2e DW_TAG_subprogram
	.long	.Linfo_string236                @ DW_AT_name
	.byte	3                               @ DW_AT_decl_file
	.short	1880                            @ DW_AT_decl_line
                                        @ DW_AT_prototyped
	.byte	1                               @ DW_AT_inline
	.byte	19                              @ Abbrev [19] 0x96f:0xc DW_TAG_formal_parameter
	.long	.Linfo_string237                @ DW_AT_name
	.byte	3                               @ DW_AT_decl_file
	.short	1880                            @ DW_AT_decl_line
	.long	1740                            @ DW_AT_type
	.byte	20                              @ Abbrev [20] 0x97b:0xc DW_TAG_variable
	.long	.Linfo_string238                @ DW_AT_name
	.byte	3                               @ DW_AT_decl_file
	.short	1883                            @ DW_AT_decl_line
	.long	1740                            @ DW_AT_type
	.byte	20                              @ Abbrev [20] 0x987:0xc DW_TAG_variable
	.long	.Linfo_string239                @ DW_AT_name
	.byte	3                               @ DW_AT_decl_file
	.short	1882                            @ DW_AT_decl_line
	.long	1740                            @ DW_AT_type
	.byte	0                               @ End Of Children Mark
	.byte	21                              @ Abbrev [21] 0x994:0x4d DW_TAG_subprogram
	.long	.Lfunc_begin0                   @ DW_AT_low_pc
	.long	.Lfunc_end0-.Lfunc_begin0       @ DW_AT_high_pc
	.byte	1                               @ DW_AT_frame_base
	.byte	93
                                        @ DW_AT_GNU_all_call_sites
	.long	.Linfo_string263                @ DW_AT_name
	.byte	4                               @ DW_AT_decl_file
	.byte	142                             @ DW_AT_decl_line
                                        @ DW_AT_prototyped
                                        @ DW_AT_external
	.byte	22                              @ Abbrev [22] 0x9a5:0xf DW_TAG_formal_parameter
	.long	.Ldebug_loc0                    @ DW_AT_location
	.long	.Linfo_string237                @ DW_AT_name
	.byte	4                               @ DW_AT_decl_file
	.byte	142                             @ DW_AT_decl_line
	.long	1740                            @ DW_AT_type
	.byte	23                              @ Abbrev [23] 0x9b4:0x2c DW_TAG_inlined_subroutine
	.long	2406                            @ DW_AT_abstract_origin
	.long	.Ltmp1                          @ DW_AT_low_pc
	.long	.Ltmp7-.Ltmp1                   @ DW_AT_high_pc
	.byte	4                               @ DW_AT_call_file
	.byte	148                             @ DW_AT_call_line
	.byte	3                               @ DW_AT_call_column
	.byte	24                              @ Abbrev [24] 0x9c4:0x9 DW_TAG_formal_parameter
	.long	.Ldebug_loc2                    @ DW_AT_location
	.long	2415                            @ DW_AT_abstract_origin
	.byte	25                              @ Abbrev [25] 0x9cd:0x9 DW_TAG_variable
	.long	.Ldebug_loc1                    @ DW_AT_location
	.long	2427                            @ DW_AT_abstract_origin
	.byte	25                              @ Abbrev [25] 0x9d6:0x9 DW_TAG_variable
	.long	.Ldebug_loc3                    @ DW_AT_location
	.long	2439                            @ DW_AT_abstract_origin
	.byte	0                               @ End Of Children Mark
	.byte	0                               @ End Of Children Mark
	.byte	18                              @ Abbrev [18] 0x9e1:0x22 DW_TAG_subprogram
	.long	.Linfo_string240                @ DW_AT_name
	.byte	3                               @ DW_AT_decl_file
	.short	2041                            @ DW_AT_decl_line
                                        @ DW_AT_prototyped
	.byte	1                               @ DW_AT_inline
	.byte	19                              @ Abbrev [19] 0x9ea:0xc DW_TAG_formal_parameter
	.long	.Linfo_string241                @ DW_AT_name
	.byte	3                               @ DW_AT_decl_file
	.short	2041                            @ DW_AT_decl_line
	.long	2563                            @ DW_AT_type
	.byte	19                              @ Abbrev [19] 0x9f6:0xc DW_TAG_formal_parameter
	.long	.Linfo_string243                @ DW_AT_name
	.byte	3                               @ DW_AT_decl_file
	.short	2041                            @ DW_AT_decl_line
	.long	1740                            @ DW_AT_type
	.byte	0                               @ End Of Children Mark
	.byte	12                              @ Abbrev [12] 0xa03:0xb DW_TAG_typedef
	.long	38                              @ DW_AT_type
	.long	.Linfo_string242                @ DW_AT_name
	.byte	1                               @ DW_AT_decl_file
	.byte	200                             @ DW_AT_decl_line
	.byte	26                              @ Abbrev [26] 0xa0e:0xd DW_TAG_subprogram
	.long	.Linfo_string244                @ DW_AT_name
	.byte	3                               @ DW_AT_decl_file
	.short	1899                            @ DW_AT_decl_line
                                        @ DW_AT_prototyped
	.long	1740                            @ DW_AT_type
	.byte	1                               @ DW_AT_inline
	.byte	27                              @ Abbrev [27] 0xa1b:0x56 DW_TAG_subprogram
	.long	.Linfo_string245                @ DW_AT_name
	.byte	3                               @ DW_AT_decl_file
	.short	2088                            @ DW_AT_decl_line
                                        @ DW_AT_prototyped
	.long	1740                            @ DW_AT_type
	.byte	1                               @ DW_AT_inline
	.byte	19                              @ Abbrev [19] 0xa28:0xc DW_TAG_formal_parameter
	.long	.Linfo_string237                @ DW_AT_name
	.byte	3                               @ DW_AT_decl_file
	.short	2088                            @ DW_AT_decl_line
	.long	1740                            @ DW_AT_type
	.byte	19                              @ Abbrev [19] 0xa34:0xc DW_TAG_formal_parameter
	.long	.Linfo_string246                @ DW_AT_name
	.byte	3                               @ DW_AT_decl_file
	.short	2088                            @ DW_AT_decl_line
	.long	1740                            @ DW_AT_type
	.byte	19                              @ Abbrev [19] 0xa40:0xc DW_TAG_formal_parameter
	.long	.Linfo_string247                @ DW_AT_name
	.byte	3                               @ DW_AT_decl_file
	.short	2088                            @ DW_AT_decl_line
	.long	1740                            @ DW_AT_type
	.byte	20                              @ Abbrev [20] 0xa4c:0xc DW_TAG_variable
	.long	.Linfo_string238                @ DW_AT_name
	.byte	3                               @ DW_AT_decl_file
	.short	2090                            @ DW_AT_decl_line
	.long	1740                            @ DW_AT_type
	.byte	20                              @ Abbrev [20] 0xa58:0xc DW_TAG_variable
	.long	.Linfo_string248                @ DW_AT_name
	.byte	3                               @ DW_AT_decl_file
	.short	2091                            @ DW_AT_decl_line
	.long	1740                            @ DW_AT_type
	.byte	20                              @ Abbrev [20] 0xa64:0xc DW_TAG_variable
	.long	.Linfo_string249                @ DW_AT_name
	.byte	3                               @ DW_AT_decl_file
	.short	2092                            @ DW_AT_decl_line
	.long	1740                            @ DW_AT_type
	.byte	0                               @ End Of Children Mark
	.byte	21                              @ Abbrev [21] 0xa71:0x9f DW_TAG_subprogram
	.long	.Lfunc_begin1                   @ DW_AT_low_pc
	.long	.Lfunc_end1-.Lfunc_begin1       @ DW_AT_high_pc
	.byte	1                               @ DW_AT_frame_base
	.byte	93
                                        @ DW_AT_GNU_all_call_sites
	.long	.Linfo_string264                @ DW_AT_name
	.byte	4                               @ DW_AT_decl_file
	.byte	164                             @ DW_AT_decl_line
                                        @ DW_AT_prototyped
                                        @ DW_AT_external
	.byte	22                              @ Abbrev [22] 0xa82:0xf DW_TAG_formal_parameter
	.long	.Ldebug_loc4                    @ DW_AT_location
	.long	.Linfo_string241                @ DW_AT_name
	.byte	4                               @ DW_AT_decl_file
	.byte	164                             @ DW_AT_decl_line
	.long	2563                            @ DW_AT_type
	.byte	22                              @ Abbrev [22] 0xa91:0xf DW_TAG_formal_parameter
	.long	.Ldebug_loc5                    @ DW_AT_location
	.long	.Linfo_string246                @ DW_AT_name
	.byte	4                               @ DW_AT_decl_file
	.byte	164                             @ DW_AT_decl_line
	.long	1740                            @ DW_AT_type
	.byte	28                              @ Abbrev [28] 0xaa0:0xd DW_TAG_formal_parameter
	.byte	1                               @ DW_AT_location
	.byte	82
	.long	.Linfo_string247                @ DW_AT_name
	.byte	4                               @ DW_AT_decl_file
	.byte	164                             @ DW_AT_decl_line
	.long	1740                            @ DW_AT_type
	.byte	29                              @ Abbrev [29] 0xaad:0xf DW_TAG_variable
	.long	.Ldebug_loc6                    @ DW_AT_location
	.long	.Linfo_string285                @ DW_AT_name
	.byte	4                               @ DW_AT_decl_file
	.byte	166                             @ DW_AT_decl_line
	.long	1740                            @ DW_AT_type
	.byte	30                              @ Abbrev [30] 0xabc:0x16 DW_TAG_inlined_subroutine
	.long	2529                            @ DW_AT_abstract_origin
	.long	.Ldebug_ranges0                 @ DW_AT_ranges
	.byte	4                               @ DW_AT_call_file
	.byte	174                             @ DW_AT_call_line
	.byte	3                               @ DW_AT_call_column
	.byte	24                              @ Abbrev [24] 0xac8:0x9 DW_TAG_formal_parameter
	.long	.Ldebug_loc9                    @ DW_AT_location
	.long	2550                            @ DW_AT_abstract_origin
	.byte	0                               @ End Of Children Mark
	.byte	31                              @ Abbrev [31] 0xad2:0x10 DW_TAG_inlined_subroutine
	.long	2574                            @ DW_AT_abstract_origin
	.long	.Ltmp10                         @ DW_AT_low_pc
	.long	.Ltmp11-.Ltmp10                 @ DW_AT_high_pc
	.byte	4                               @ DW_AT_call_file
	.byte	172                             @ DW_AT_call_line
	.byte	19                              @ DW_AT_call_column
	.byte	30                              @ Abbrev [30] 0xae2:0x2d DW_TAG_inlined_subroutine
	.long	2587                            @ DW_AT_abstract_origin
	.long	.Ldebug_ranges1                 @ DW_AT_ranges
	.byte	4                               @ DW_AT_call_file
	.byte	174                             @ DW_AT_call_line
	.byte	26                              @ DW_AT_call_column
	.byte	32                              @ Abbrev [32] 0xaee:0x7 DW_TAG_formal_parameter
	.byte	1                               @ DW_AT_location
	.byte	94
	.long	2600                            @ DW_AT_abstract_origin
	.byte	33                              @ Abbrev [33] 0xaf5:0x7 DW_TAG_variable
	.byte	1                               @ DW_AT_location
	.byte	94
	.long	2636                            @ DW_AT_abstract_origin
	.byte	25                              @ Abbrev [25] 0xafc:0x9 DW_TAG_variable
	.long	.Ldebug_loc7                    @ DW_AT_location
	.long	2648                            @ DW_AT_abstract_origin
	.byte	25                              @ Abbrev [25] 0xb05:0x9 DW_TAG_variable
	.long	.Ldebug_loc8                    @ DW_AT_location
	.long	2660                            @ DW_AT_abstract_origin
	.byte	0                               @ End Of Children Mark
	.byte	0                               @ End Of Children Mark
	.byte	18                              @ Abbrev [18] 0xb10:0x16 DW_TAG_subprogram
	.long	.Linfo_string250                @ DW_AT_name
	.byte	3                               @ DW_AT_decl_file
	.short	1911                            @ DW_AT_decl_line
                                        @ DW_AT_prototyped
	.byte	1                               @ DW_AT_inline
	.byte	19                              @ Abbrev [19] 0xb19:0xc DW_TAG_formal_parameter
	.long	.Linfo_string241                @ DW_AT_name
	.byte	3                               @ DW_AT_decl_file
	.short	1911                            @ DW_AT_decl_line
	.long	2563                            @ DW_AT_type
	.byte	0                               @ End Of Children Mark
	.byte	21                              @ Abbrev [21] 0xb26:0x37 DW_TAG_subprogram
	.long	.Lfunc_begin2                   @ DW_AT_low_pc
	.long	.Lfunc_end2-.Lfunc_begin2       @ DW_AT_high_pc
	.byte	1                               @ DW_AT_frame_base
	.byte	93
                                        @ DW_AT_GNU_all_call_sites
	.long	.Linfo_string265                @ DW_AT_name
	.byte	4                               @ DW_AT_decl_file
	.byte	186                             @ DW_AT_decl_line
                                        @ DW_AT_prototyped
                                        @ DW_AT_external
	.byte	22                              @ Abbrev [22] 0xb37:0xf DW_TAG_formal_parameter
	.long	.Ldebug_loc10                   @ DW_AT_location
	.long	.Linfo_string241                @ DW_AT_name
	.byte	4                               @ DW_AT_decl_file
	.byte	186                             @ DW_AT_decl_line
	.long	2563                            @ DW_AT_type
	.byte	30                              @ Abbrev [30] 0xb46:0x16 DW_TAG_inlined_subroutine
	.long	2832                            @ DW_AT_abstract_origin
	.long	.Ldebug_ranges2                 @ DW_AT_ranges
	.byte	4                               @ DW_AT_call_file
	.byte	192                             @ DW_AT_call_line
	.byte	3                               @ DW_AT_call_column
	.byte	24                              @ Abbrev [24] 0xb52:0x9 DW_TAG_formal_parameter
	.long	.Ldebug_loc11                   @ DW_AT_location
	.long	2841                            @ DW_AT_abstract_origin
	.byte	0                               @ End Of Children Mark
	.byte	0                               @ End Of Children Mark
	.byte	18                              @ Abbrev [18] 0xb5d:0x16 DW_TAG_subprogram
	.long	.Linfo_string251                @ DW_AT_name
	.byte	3                               @ DW_AT_decl_file
	.short	1949                            @ DW_AT_decl_line
                                        @ DW_AT_prototyped
	.byte	1                               @ DW_AT_inline
	.byte	19                              @ Abbrev [19] 0xb66:0xc DW_TAG_formal_parameter
	.long	.Linfo_string241                @ DW_AT_name
	.byte	3                               @ DW_AT_decl_file
	.short	1949                            @ DW_AT_decl_line
	.long	2563                            @ DW_AT_type
	.byte	0                               @ End Of Children Mark
	.byte	21                              @ Abbrev [21] 0xb73:0x37 DW_TAG_subprogram
	.long	.Lfunc_begin3                   @ DW_AT_low_pc
	.long	.Lfunc_end3-.Lfunc_begin3       @ DW_AT_high_pc
	.byte	1                               @ DW_AT_frame_base
	.byte	93
                                        @ DW_AT_GNU_all_call_sites
	.long	.Linfo_string266                @ DW_AT_name
	.byte	4                               @ DW_AT_decl_file
	.byte	202                             @ DW_AT_decl_line
                                        @ DW_AT_prototyped
                                        @ DW_AT_external
	.byte	22                              @ Abbrev [22] 0xb84:0xf DW_TAG_formal_parameter
	.long	.Ldebug_loc12                   @ DW_AT_location
	.long	.Linfo_string241                @ DW_AT_name
	.byte	4                               @ DW_AT_decl_file
	.byte	202                             @ DW_AT_decl_line
	.long	2563                            @ DW_AT_type
	.byte	30                              @ Abbrev [30] 0xb93:0x16 DW_TAG_inlined_subroutine
	.long	2909                            @ DW_AT_abstract_origin
	.long	.Ldebug_ranges3                 @ DW_AT_ranges
	.byte	4                               @ DW_AT_call_file
	.byte	208                             @ DW_AT_call_line
	.byte	3                               @ DW_AT_call_column
	.byte	24                              @ Abbrev [24] 0xb9f:0x9 DW_TAG_formal_parameter
	.long	.Ldebug_loc13                   @ DW_AT_location
	.long	2918                            @ DW_AT_abstract_origin
	.byte	0                               @ End Of Children Mark
	.byte	0                               @ End Of Children Mark
	.byte	34                              @ Abbrev [34] 0xbaa:0x11 DW_TAG_subprogram
	.long	.Lfunc_begin4                   @ DW_AT_low_pc
	.long	.Lfunc_end4-.Lfunc_begin4       @ DW_AT_high_pc
	.byte	1                               @ DW_AT_frame_base
	.byte	93
                                        @ DW_AT_GNU_all_call_sites
	.long	.Linfo_string267                @ DW_AT_name
	.byte	4                               @ DW_AT_decl_file
	.byte	215                             @ DW_AT_decl_line
                                        @ DW_AT_prototyped
                                        @ DW_AT_external
	.byte	35                              @ Abbrev [35] 0xbbb:0x12 DW_TAG_subprogram
	.long	.Lfunc_begin5                   @ DW_AT_low_pc
	.long	.Lfunc_end5-.Lfunc_begin5       @ DW_AT_high_pc
	.byte	1                               @ DW_AT_frame_base
	.byte	93
                                        @ DW_AT_GNU_all_call_sites
	.long	.Linfo_string268                @ DW_AT_name
	.byte	3                               @ DW_AT_decl_file
	.short	2165                            @ DW_AT_decl_line
                                        @ DW_AT_prototyped
                                        @ DW_AT_noreturn
	.byte	27                              @ Abbrev [27] 0xbcd:0x1a DW_TAG_subprogram
	.long	.Linfo_string252                @ DW_AT_name
	.byte	3                               @ DW_AT_decl_file
	.short	2259                            @ DW_AT_decl_line
                                        @ DW_AT_prototyped
	.long	1740                            @ DW_AT_type
	.byte	1                               @ DW_AT_inline
	.byte	19                              @ Abbrev [19] 0xbda:0xc DW_TAG_formal_parameter
	.long	.Linfo_string253                @ DW_AT_name
	.byte	3                               @ DW_AT_decl_file
	.short	2259                            @ DW_AT_decl_line
	.long	1740                            @ DW_AT_type
	.byte	0                               @ End Of Children Mark
	.byte	36                              @ Abbrev [36] 0xbe7:0x59 DW_TAG_subprogram
	.long	.Lfunc_begin6                   @ DW_AT_low_pc
	.long	.Lfunc_end6-.Lfunc_begin6       @ DW_AT_high_pc
	.byte	1                               @ DW_AT_frame_base
	.byte	93
                                        @ DW_AT_GNU_all_call_sites
	.long	.Linfo_string269                @ DW_AT_name
	.byte	4                               @ DW_AT_decl_file
	.byte	228                             @ DW_AT_decl_line
                                        @ DW_AT_prototyped
	.long	1740                            @ DW_AT_type
                                        @ DW_AT_external
	.byte	22                              @ Abbrev [22] 0xbfc:0xf DW_TAG_formal_parameter
	.long	.Ldebug_loc14                   @ DW_AT_location
	.long	.Linfo_string286                @ DW_AT_name
	.byte	4                               @ DW_AT_decl_file
	.byte	228                             @ DW_AT_decl_line
	.long	1740                            @ DW_AT_type
	.byte	30                              @ Abbrev [30] 0xc0b:0x34 DW_TAG_inlined_subroutine
	.long	3021                            @ DW_AT_abstract_origin
	.long	.Ldebug_ranges4                 @ DW_AT_ranges
	.byte	4                               @ DW_AT_call_file
	.byte	230                             @ DW_AT_call_line
	.byte	11                              @ DW_AT_call_column
	.byte	24                              @ Abbrev [24] 0xc17:0x9 DW_TAG_formal_parameter
	.long	.Ldebug_loc15                   @ DW_AT_location
	.long	3034                            @ DW_AT_abstract_origin
	.byte	37                              @ Abbrev [37] 0xc20:0x1e DW_TAG_inlined_subroutine
	.long	2529                            @ DW_AT_abstract_origin
	.long	.Ltmp47                         @ DW_AT_low_pc
	.long	.Ltmp48-.Ltmp47                 @ DW_AT_high_pc
	.byte	3                               @ DW_AT_call_file
	.short	2267                            @ DW_AT_call_line
	.byte	3                               @ DW_AT_call_column
	.byte	38                              @ Abbrev [38] 0xc31:0x6 DW_TAG_formal_parameter
	.byte	127                             @ DW_AT_const_value
	.long	2538                            @ DW_AT_abstract_origin
	.byte	39                              @ Abbrev [39] 0xc37:0x6 DW_TAG_formal_parameter
	.byte	15                              @ DW_AT_const_value
	.long	2550                            @ DW_AT_abstract_origin
	.byte	0                               @ End Of Children Mark
	.byte	0                               @ End Of Children Mark
	.byte	0                               @ End Of Children Mark
	.byte	40                              @ Abbrev [40] 0xc40:0x12 DW_TAG_subprogram
	.long	.Lfunc_begin7                   @ DW_AT_low_pc
	.long	.Lfunc_end7-.Lfunc_begin7       @ DW_AT_high_pc
	.byte	1                               @ DW_AT_frame_base
	.byte	93
                                        @ DW_AT_GNU_all_call_sites
	.long	.Linfo_string270                @ DW_AT_name
	.byte	4                               @ DW_AT_decl_file
	.short	256                             @ DW_AT_decl_line
                                        @ DW_AT_prototyped
                                        @ DW_AT_external
	.byte	41                              @ Abbrev [41] 0xc52:0x23 DW_TAG_subprogram
	.long	.Lfunc_begin8                   @ DW_AT_low_pc
	.long	.Lfunc_end8-.Lfunc_begin8       @ DW_AT_high_pc
	.byte	1                               @ DW_AT_frame_base
	.byte	93
                                        @ DW_AT_GNU_all_call_sites
	.long	.Linfo_string271                @ DW_AT_name
	.byte	4                               @ DW_AT_decl_file
	.short	279                             @ DW_AT_decl_line
                                        @ DW_AT_prototyped
                                        @ DW_AT_external
	.byte	42                              @ Abbrev [42] 0xc64:0x10 DW_TAG_formal_parameter
	.long	.Ldebug_loc16                   @ DW_AT_location
	.long	.Linfo_string287                @ DW_AT_name
	.byte	4                               @ DW_AT_decl_file
	.short	279                             @ DW_AT_decl_line
	.long	1740                            @ DW_AT_type
	.byte	0                               @ End Of Children Mark
	.byte	41                              @ Abbrev [41] 0xc75:0x23 DW_TAG_subprogram
	.long	.Lfunc_begin9                   @ DW_AT_low_pc
	.long	.Lfunc_end9-.Lfunc_begin9       @ DW_AT_high_pc
	.byte	1                               @ DW_AT_frame_base
	.byte	93
                                        @ DW_AT_GNU_all_call_sites
	.long	.Linfo_string272                @ DW_AT_name
	.byte	4                               @ DW_AT_decl_file
	.short	296                             @ DW_AT_decl_line
                                        @ DW_AT_prototyped
                                        @ DW_AT_external
	.byte	42                              @ Abbrev [42] 0xc87:0x10 DW_TAG_formal_parameter
	.long	.Ldebug_loc17                   @ DW_AT_location
	.long	.Linfo_string288                @ DW_AT_name
	.byte	4                               @ DW_AT_decl_file
	.short	296                             @ DW_AT_decl_line
	.long	1740                            @ DW_AT_type
	.byte	0                               @ End Of Children Mark
	.byte	41                              @ Abbrev [41] 0xc98:0x23 DW_TAG_subprogram
	.long	.Lfunc_begin10                  @ DW_AT_low_pc
	.long	.Lfunc_end10-.Lfunc_begin10     @ DW_AT_high_pc
	.byte	1                               @ DW_AT_frame_base
	.byte	93
                                        @ DW_AT_GNU_all_call_sites
	.long	.Linfo_string273                @ DW_AT_name
	.byte	4                               @ DW_AT_decl_file
	.short	312                             @ DW_AT_decl_line
                                        @ DW_AT_prototyped
                                        @ DW_AT_external
	.byte	42                              @ Abbrev [42] 0xcaa:0x10 DW_TAG_formal_parameter
	.long	.Ldebug_loc18                   @ DW_AT_location
	.long	.Linfo_string288                @ DW_AT_name
	.byte	4                               @ DW_AT_decl_file
	.short	312                             @ DW_AT_decl_line
	.long	1740                            @ DW_AT_type
	.byte	0                               @ End Of Children Mark
	.byte	41                              @ Abbrev [41] 0xcbb:0x23 DW_TAG_subprogram
	.long	.Lfunc_begin11                  @ DW_AT_low_pc
	.long	.Lfunc_end11-.Lfunc_begin11     @ DW_AT_high_pc
	.byte	1                               @ DW_AT_frame_base
	.byte	93
                                        @ DW_AT_GNU_all_call_sites
	.long	.Linfo_string274                @ DW_AT_name
	.byte	4                               @ DW_AT_decl_file
	.short	330                             @ DW_AT_decl_line
                                        @ DW_AT_prototyped
                                        @ DW_AT_external
	.byte	42                              @ Abbrev [42] 0xccd:0x10 DW_TAG_formal_parameter
	.long	.Ldebug_loc19                   @ DW_AT_location
	.long	.Linfo_string289                @ DW_AT_name
	.byte	4                               @ DW_AT_decl_file
	.short	330                             @ DW_AT_decl_line
	.long	4061                            @ DW_AT_type
	.byte	0                               @ End Of Children Mark
	.byte	43                              @ Abbrev [43] 0xcde:0x28 DW_TAG_subprogram
	.long	.Lfunc_begin12                  @ DW_AT_low_pc
	.long	.Lfunc_end12-.Lfunc_begin12     @ DW_AT_high_pc
	.byte	1                               @ DW_AT_frame_base
	.byte	93
                                        @ DW_AT_GNU_all_call_sites
	.long	.Linfo_string275                @ DW_AT_name
	.byte	4                               @ DW_AT_decl_file
	.short	368                             @ DW_AT_decl_line
                                        @ DW_AT_prototyped
	.long	1740                            @ DW_AT_type
                                        @ DW_AT_external
	.byte	44                              @ Abbrev [44] 0xcf4:0x11 DW_TAG_inlined_subroutine
	.long	2574                            @ DW_AT_abstract_origin
	.long	.Ltmp65                         @ DW_AT_low_pc
	.long	.Ltmp66-.Ltmp65                 @ DW_AT_high_pc
	.byte	4                               @ DW_AT_call_file
	.short	371                             @ DW_AT_call_line
	.byte	10                              @ DW_AT_call_column
	.byte	0                               @ End Of Children Mark
	.byte	27                              @ Abbrev [27] 0xd06:0x1a DW_TAG_subprogram
	.long	.Linfo_string254                @ DW_AT_name
	.byte	3                               @ DW_AT_decl_file
	.short	2063                            @ DW_AT_decl_line
                                        @ DW_AT_prototyped
	.long	1740                            @ DW_AT_type
	.byte	1                               @ DW_AT_inline
	.byte	19                              @ Abbrev [19] 0xd13:0xc DW_TAG_formal_parameter
	.long	.Linfo_string241                @ DW_AT_name
	.byte	3                               @ DW_AT_decl_file
	.short	2063                            @ DW_AT_decl_line
	.long	2563                            @ DW_AT_type
	.byte	0                               @ End Of Children Mark
	.byte	18                              @ Abbrev [18] 0xd20:0x5e DW_TAG_subprogram
	.long	.Linfo_string255                @ DW_AT_name
	.byte	3                               @ DW_AT_decl_file
	.short	2115                            @ DW_AT_decl_line
                                        @ DW_AT_prototyped
	.byte	1                               @ DW_AT_inline
	.byte	19                              @ Abbrev [19] 0xd29:0xc DW_TAG_formal_parameter
	.long	.Linfo_string256                @ DW_AT_name
	.byte	3                               @ DW_AT_decl_file
	.short	2115                            @ DW_AT_decl_line
	.long	1740                            @ DW_AT_type
	.byte	19                              @ Abbrev [19] 0xd35:0xc DW_TAG_formal_parameter
	.long	.Linfo_string237                @ DW_AT_name
	.byte	3                               @ DW_AT_decl_file
	.short	2115                            @ DW_AT_decl_line
	.long	1740                            @ DW_AT_type
	.byte	19                              @ Abbrev [19] 0xd41:0xc DW_TAG_formal_parameter
	.long	.Linfo_string257                @ DW_AT_name
	.byte	3                               @ DW_AT_decl_file
	.short	2115                            @ DW_AT_decl_line
	.long	3454                            @ DW_AT_type
	.byte	19                              @ Abbrev [19] 0xd4d:0xc DW_TAG_formal_parameter
	.long	.Linfo_string258                @ DW_AT_name
	.byte	3                               @ DW_AT_decl_file
	.short	2115                            @ DW_AT_decl_line
	.long	3454                            @ DW_AT_type
	.byte	20                              @ Abbrev [20] 0xd59:0xc DW_TAG_variable
	.long	.Linfo_string238                @ DW_AT_name
	.byte	3                               @ DW_AT_decl_file
	.short	2117                            @ DW_AT_decl_line
	.long	1740                            @ DW_AT_type
	.byte	20                              @ Abbrev [20] 0xd65:0xc DW_TAG_variable
	.long	.Linfo_string248                @ DW_AT_name
	.byte	3                               @ DW_AT_decl_file
	.short	2118                            @ DW_AT_decl_line
	.long	1740                            @ DW_AT_type
	.byte	20                              @ Abbrev [20] 0xd71:0xc DW_TAG_variable
	.long	.Linfo_string249                @ DW_AT_name
	.byte	3                               @ DW_AT_decl_file
	.short	2119                            @ DW_AT_decl_line
	.long	1740                            @ DW_AT_type
	.byte	0                               @ End Of Children Mark
	.byte	10                              @ Abbrev [10] 0xd7e:0x5 DW_TAG_const_type
	.long	3459                            @ DW_AT_type
	.byte	5                               @ Abbrev [5] 0xd83:0x5 DW_TAG_pointer_type
	.long	1740                            @ DW_AT_type
	.byte	41                              @ Abbrev [41] 0xd88:0x98 DW_TAG_subprogram
	.long	.Lfunc_begin13                  @ DW_AT_low_pc
	.long	.Lfunc_end13-.Lfunc_begin13     @ DW_AT_high_pc
	.byte	1                               @ DW_AT_frame_base
	.byte	93
                                        @ DW_AT_GNU_all_call_sites
	.long	.Linfo_string276                @ DW_AT_name
	.byte	4                               @ DW_AT_decl_file
	.short	395                             @ DW_AT_decl_line
                                        @ DW_AT_prototyped
                                        @ DW_AT_external
	.byte	42                              @ Abbrev [42] 0xd9a:0x10 DW_TAG_formal_parameter
	.long	.Ldebug_loc20                   @ DW_AT_location
	.long	.Linfo_string241                @ DW_AT_name
	.byte	4                               @ DW_AT_decl_file
	.short	395                             @ DW_AT_decl_line
	.long	2563                            @ DW_AT_type
	.byte	42                              @ Abbrev [42] 0xdaa:0x10 DW_TAG_formal_parameter
	.long	.Ldebug_loc21                   @ DW_AT_location
	.long	.Linfo_string237                @ DW_AT_name
	.byte	4                               @ DW_AT_decl_file
	.short	395                             @ DW_AT_decl_line
	.long	1740                            @ DW_AT_type
	.byte	45                              @ Abbrev [45] 0xdba:0xe DW_TAG_formal_parameter
	.byte	1                               @ DW_AT_location
	.byte	82
	.long	.Linfo_string257                @ DW_AT_name
	.byte	4                               @ DW_AT_decl_file
	.short	395                             @ DW_AT_decl_line
	.long	3459                            @ DW_AT_type
	.byte	45                              @ Abbrev [45] 0xdc8:0xe DW_TAG_formal_parameter
	.byte	1                               @ DW_AT_location
	.byte	83
	.long	.Linfo_string258                @ DW_AT_name
	.byte	4                               @ DW_AT_decl_file
	.short	395                             @ DW_AT_decl_line
	.long	3459                            @ DW_AT_type
	.byte	46                              @ Abbrev [46] 0xdd6:0x17 DW_TAG_inlined_subroutine
	.long	3334                            @ DW_AT_abstract_origin
	.long	.Ldebug_ranges5                 @ DW_AT_ranges
	.byte	4                               @ DW_AT_call_file
	.short	400                             @ DW_AT_call_line
	.byte	23                              @ DW_AT_call_column
	.byte	24                              @ Abbrev [24] 0xde3:0x9 DW_TAG_formal_parameter
	.long	.Ldebug_loc22                   @ DW_AT_location
	.long	3347                            @ DW_AT_abstract_origin
	.byte	0                               @ End Of Children Mark
	.byte	46                              @ Abbrev [46] 0xded:0x32 DW_TAG_inlined_subroutine
	.long	3360                            @ DW_AT_abstract_origin
	.long	.Ldebug_ranges6                 @ DW_AT_ranges
	.byte	4                               @ DW_AT_call_file
	.short	400                             @ DW_AT_call_line
	.byte	3                               @ DW_AT_call_column
	.byte	24                              @ Abbrev [24] 0xdfa:0x9 DW_TAG_formal_parameter
	.long	.Ldebug_loc25                   @ DW_AT_location
	.long	3369                            @ DW_AT_abstract_origin
	.byte	25                              @ Abbrev [25] 0xe03:0x9 DW_TAG_variable
	.long	.Ldebug_loc23                   @ DW_AT_location
	.long	3417                            @ DW_AT_abstract_origin
	.byte	25                              @ Abbrev [25] 0xe0c:0x9 DW_TAG_variable
	.long	.Ldebug_loc24                   @ DW_AT_location
	.long	3429                            @ DW_AT_abstract_origin
	.byte	25                              @ Abbrev [25] 0xe15:0x9 DW_TAG_variable
	.long	.Ldebug_loc26                   @ DW_AT_location
	.long	3441                            @ DW_AT_abstract_origin
	.byte	0                               @ End Of Children Mark
	.byte	0                               @ End Of Children Mark
	.byte	18                              @ Abbrev [18] 0xe20:0x16 DW_TAG_subprogram
	.long	.Linfo_string259                @ DW_AT_name
	.byte	3                               @ DW_AT_decl_file
	.short	1987                            @ DW_AT_decl_line
                                        @ DW_AT_prototyped
	.byte	1                               @ DW_AT_inline
	.byte	19                              @ Abbrev [19] 0xe29:0xc DW_TAG_formal_parameter
	.long	.Linfo_string241                @ DW_AT_name
	.byte	3                               @ DW_AT_decl_file
	.short	1987                            @ DW_AT_decl_line
	.long	2563                            @ DW_AT_type
	.byte	0                               @ End Of Children Mark
	.byte	41                              @ Abbrev [41] 0xe36:0x3a DW_TAG_subprogram
	.long	.Lfunc_begin14                  @ DW_AT_low_pc
	.long	.Lfunc_end14-.Lfunc_begin14     @ DW_AT_high_pc
	.byte	1                               @ DW_AT_frame_base
	.byte	93
                                        @ DW_AT_GNU_all_call_sites
	.long	.Linfo_string277                @ DW_AT_name
	.byte	4                               @ DW_AT_decl_file
	.short	410                             @ DW_AT_decl_line
                                        @ DW_AT_prototyped
                                        @ DW_AT_external
	.byte	42                              @ Abbrev [42] 0xe48:0x10 DW_TAG_formal_parameter
	.long	.Ldebug_loc27                   @ DW_AT_location
	.long	.Linfo_string241                @ DW_AT_name
	.byte	4                               @ DW_AT_decl_file
	.short	410                             @ DW_AT_decl_line
	.long	2563                            @ DW_AT_type
	.byte	46                              @ Abbrev [46] 0xe58:0x17 DW_TAG_inlined_subroutine
	.long	3616                            @ DW_AT_abstract_origin
	.long	.Ldebug_ranges7                 @ DW_AT_ranges
	.byte	4                               @ DW_AT_call_file
	.short	416                             @ DW_AT_call_line
	.byte	3                               @ DW_AT_call_column
	.byte	24                              @ Abbrev [24] 0xe65:0x9 DW_TAG_formal_parameter
	.long	.Ldebug_loc28                   @ DW_AT_location
	.long	3625                            @ DW_AT_abstract_origin
	.byte	0                               @ End Of Children Mark
	.byte	0                               @ End Of Children Mark
	.byte	27                              @ Abbrev [27] 0xe70:0x1a DW_TAG_subprogram
	.long	.Linfo_string260                @ DW_AT_name
	.byte	3                               @ DW_AT_decl_file
	.short	1968                            @ DW_AT_decl_line
                                        @ DW_AT_prototyped
	.long	1740                            @ DW_AT_type
	.byte	1                               @ DW_AT_inline
	.byte	19                              @ Abbrev [19] 0xe7d:0xc DW_TAG_formal_parameter
	.long	.Linfo_string241                @ DW_AT_name
	.byte	3                               @ DW_AT_decl_file
	.short	1968                            @ DW_AT_decl_line
	.long	2563                            @ DW_AT_type
	.byte	0                               @ End Of Children Mark
	.byte	43                              @ Abbrev [43] 0xe8a:0x42 DW_TAG_subprogram
	.long	.Lfunc_begin15                  @ DW_AT_low_pc
	.long	.Lfunc_end15-.Lfunc_begin15     @ DW_AT_high_pc
	.byte	1                               @ DW_AT_frame_base
	.byte	93
                                        @ DW_AT_GNU_all_call_sites
	.long	.Linfo_string278                @ DW_AT_name
	.byte	4                               @ DW_AT_decl_file
	.short	428                             @ DW_AT_decl_line
                                        @ DW_AT_prototyped
	.long	1740                            @ DW_AT_type
                                        @ DW_AT_external
	.byte	42                              @ Abbrev [42] 0xea0:0x10 DW_TAG_formal_parameter
	.long	.Ldebug_loc29                   @ DW_AT_location
	.long	.Linfo_string241                @ DW_AT_name
	.byte	4                               @ DW_AT_decl_file
	.short	428                             @ DW_AT_decl_line
	.long	2563                            @ DW_AT_type
	.byte	37                              @ Abbrev [37] 0xeb0:0x1b DW_TAG_inlined_subroutine
	.long	3696                            @ DW_AT_abstract_origin
	.long	.Lfunc_begin15                  @ DW_AT_low_pc
	.long	.Ltmp90-.Lfunc_begin15          @ DW_AT_high_pc
	.byte	4                               @ DW_AT_call_file
	.short	434                             @ DW_AT_call_line
	.byte	10                              @ DW_AT_call_column
	.byte	24                              @ Abbrev [24] 0xec1:0x9 DW_TAG_formal_parameter
	.long	.Ldebug_loc30                   @ DW_AT_location
	.long	3709                            @ DW_AT_abstract_origin
	.byte	0                               @ End Of Children Mark
	.byte	0                               @ End Of Children Mark
	.byte	18                              @ Abbrev [18] 0xecc:0x16 DW_TAG_subprogram
	.long	.Linfo_string261                @ DW_AT_name
	.byte	3                               @ DW_AT_decl_file
	.short	2002                            @ DW_AT_decl_line
                                        @ DW_AT_prototyped
	.byte	1                               @ DW_AT_inline
	.byte	19                              @ Abbrev [19] 0xed5:0xc DW_TAG_formal_parameter
	.long	.Linfo_string241                @ DW_AT_name
	.byte	3                               @ DW_AT_decl_file
	.short	2002                            @ DW_AT_decl_line
	.long	2563                            @ DW_AT_type
	.byte	0                               @ End Of Children Mark
	.byte	41                              @ Abbrev [41] 0xee2:0x3a DW_TAG_subprogram
	.long	.Lfunc_begin16                  @ DW_AT_low_pc
	.long	.Lfunc_end16-.Lfunc_begin16     @ DW_AT_high_pc
	.byte	1                               @ DW_AT_frame_base
	.byte	93
                                        @ DW_AT_GNU_all_call_sites
	.long	.Linfo_string279                @ DW_AT_name
	.byte	4                               @ DW_AT_decl_file
	.short	444                             @ DW_AT_decl_line
                                        @ DW_AT_prototyped
                                        @ DW_AT_external
	.byte	42                              @ Abbrev [42] 0xef4:0x10 DW_TAG_formal_parameter
	.long	.Ldebug_loc31                   @ DW_AT_location
	.long	.Linfo_string241                @ DW_AT_name
	.byte	4                               @ DW_AT_decl_file
	.short	444                             @ DW_AT_decl_line
	.long	2563                            @ DW_AT_type
	.byte	46                              @ Abbrev [46] 0xf04:0x17 DW_TAG_inlined_subroutine
	.long	3788                            @ DW_AT_abstract_origin
	.long	.Ldebug_ranges8                 @ DW_AT_ranges
	.byte	4                               @ DW_AT_call_file
	.short	450                             @ DW_AT_call_line
	.byte	3                               @ DW_AT_call_column
	.byte	24                              @ Abbrev [24] 0xf11:0x9 DW_TAG_formal_parameter
	.long	.Ldebug_loc32                   @ DW_AT_location
	.long	3797                            @ DW_AT_abstract_origin
	.byte	0                               @ End Of Children Mark
	.byte	0                               @ End Of Children Mark
	.byte	27                              @ Abbrev [27] 0xf1c:0x1a DW_TAG_subprogram
	.long	.Linfo_string262                @ DW_AT_name
	.byte	3                               @ DW_AT_decl_file
	.short	2019                            @ DW_AT_decl_line
                                        @ DW_AT_prototyped
	.long	1740                            @ DW_AT_type
	.byte	1                               @ DW_AT_inline
	.byte	19                              @ Abbrev [19] 0xf29:0xc DW_TAG_formal_parameter
	.long	.Linfo_string241                @ DW_AT_name
	.byte	3                               @ DW_AT_decl_file
	.short	2019                            @ DW_AT_decl_line
	.long	2563                            @ DW_AT_type
	.byte	0                               @ End Of Children Mark
	.byte	43                              @ Abbrev [43] 0xf36:0x42 DW_TAG_subprogram
	.long	.Lfunc_begin17                  @ DW_AT_low_pc
	.long	.Lfunc_end17-.Lfunc_begin17     @ DW_AT_high_pc
	.byte	1                               @ DW_AT_frame_base
	.byte	93
                                        @ DW_AT_GNU_all_call_sites
	.long	.Linfo_string280                @ DW_AT_name
	.byte	4                               @ DW_AT_decl_file
	.short	461                             @ DW_AT_decl_line
                                        @ DW_AT_prototyped
	.long	1740                            @ DW_AT_type
                                        @ DW_AT_external
	.byte	42                              @ Abbrev [42] 0xf4c:0x10 DW_TAG_formal_parameter
	.long	.Ldebug_loc33                   @ DW_AT_location
	.long	.Linfo_string241                @ DW_AT_name
	.byte	4                               @ DW_AT_decl_file
	.short	461                             @ DW_AT_decl_line
	.long	2563                            @ DW_AT_type
	.byte	37                              @ Abbrev [37] 0xf5c:0x1b DW_TAG_inlined_subroutine
	.long	3868                            @ DW_AT_abstract_origin
	.long	.Lfunc_begin17                  @ DW_AT_low_pc
	.long	.Ltmp103-.Lfunc_begin17         @ DW_AT_high_pc
	.byte	4                               @ DW_AT_call_file
	.short	467                             @ DW_AT_call_line
	.byte	10                              @ DW_AT_call_column
	.byte	24                              @ Abbrev [24] 0xf6d:0x9 DW_TAG_formal_parameter
	.long	.Ldebug_loc34                   @ DW_AT_location
	.long	3881                            @ DW_AT_abstract_origin
	.byte	0                               @ End Of Children Mark
	.byte	0                               @ End Of Children Mark
	.byte	41                              @ Abbrev [41] 0xf78:0x21 DW_TAG_subprogram
	.long	.Lfunc_begin18                  @ DW_AT_low_pc
	.long	.Lfunc_end18-.Lfunc_begin18     @ DW_AT_high_pc
	.byte	1                               @ DW_AT_frame_base
	.byte	93
                                        @ DW_AT_GNU_all_call_sites
	.long	.Linfo_string281                @ DW_AT_name
	.byte	4                               @ DW_AT_decl_file
	.short	478                             @ DW_AT_decl_line
                                        @ DW_AT_prototyped
                                        @ DW_AT_external
	.byte	45                              @ Abbrev [45] 0xf8a:0xe DW_TAG_formal_parameter
	.byte	1                               @ DW_AT_location
	.byte	80
	.long	.Linfo_string302                @ DW_AT_name
	.byte	4                               @ DW_AT_decl_file
	.short	478                             @ DW_AT_decl_line
	.long	1740                            @ DW_AT_type
	.byte	0                               @ End Of Children Mark
	.byte	41                              @ Abbrev [41] 0xf99:0x1c DW_TAG_subprogram
	.long	.Lfunc_begin19                  @ DW_AT_low_pc
	.long	.Lfunc_end19-.Lfunc_begin19     @ DW_AT_high_pc
	.byte	1                               @ DW_AT_frame_base
	.byte	93
                                        @ DW_AT_GNU_all_call_sites
	.long	.Linfo_string282                @ DW_AT_name
	.byte	4                               @ DW_AT_decl_file
	.short	496                             @ DW_AT_decl_line
                                        @ DW_AT_prototyped
                                        @ DW_AT_external
	.byte	47                              @ Abbrev [47] 0xfab:0x9 DW_TAG_GNU_call_site
	.long	4021                            @ DW_AT_abstract_origin
                                        @ DW_AT_GNU_tail_call
	.long	.Ltmp114                        @ DW_AT_low_pc
	.byte	0                               @ End Of Children Mark
	.byte	40                              @ Abbrev [40] 0xfb5:0x12 DW_TAG_subprogram
	.long	.Lfunc_begin20                  @ DW_AT_low_pc
	.long	.Lfunc_end20-.Lfunc_begin20     @ DW_AT_high_pc
	.byte	1                               @ DW_AT_frame_base
	.byte	93
                                        @ DW_AT_GNU_all_call_sites
	.long	.Linfo_string283                @ DW_AT_name
	.byte	4                               @ DW_AT_decl_file
	.short	505                             @ DW_AT_decl_line
                                        @ DW_AT_prototyped
                                        @ DW_AT_external
	.byte	48                              @ Abbrev [48] 0xfc7:0x16 DW_TAG_subprogram
	.long	.Lfunc_begin21                  @ DW_AT_low_pc
	.long	.Lfunc_end21-.Lfunc_begin21     @ DW_AT_high_pc
	.byte	1                               @ DW_AT_frame_base
	.byte	93
                                        @ DW_AT_GNU_all_call_sites
	.long	.Linfo_string284                @ DW_AT_name
	.byte	4                               @ DW_AT_decl_file
	.short	536                             @ DW_AT_decl_line
                                        @ DW_AT_prototyped
	.long	1740                            @ DW_AT_type
                                        @ DW_AT_external
	.byte	5                               @ Abbrev [5] 0xfdd:0x5 DW_TAG_pointer_type
	.long	4066                            @ DW_AT_type
	.byte	10                              @ Abbrev [10] 0xfe2:0x5 DW_TAG_const_type
	.long	4071                            @ DW_AT_type
	.byte	12                              @ Abbrev [12] 0xfe7:0xb DW_TAG_typedef
	.long	4082                            @ DW_AT_type
	.long	.Linfo_string301                @ DW_AT_name
	.byte	5                               @ DW_AT_decl_file
	.byte	70                              @ DW_AT_decl_line
	.byte	49                              @ Abbrev [49] 0xff2:0x89 DW_TAG_structure_type
	.byte	16                              @ DW_AT_byte_size
	.byte	5                               @ DW_AT_decl_file
	.byte	47                              @ DW_AT_decl_line
	.byte	50                              @ Abbrev [50] 0xff6:0xc DW_TAG_member
	.long	.Linfo_string290                @ DW_AT_name
	.long	1775                            @ DW_AT_type
	.byte	5                               @ DW_AT_decl_file
	.byte	49                              @ DW_AT_decl_line
	.byte	0                               @ DW_AT_data_member_location
	.byte	50                              @ Abbrev [50] 0x1002:0xc DW_TAG_member
	.long	.Linfo_string291                @ DW_AT_name
	.long	1775                            @ DW_AT_type
	.byte	5                               @ DW_AT_decl_file
	.byte	51                              @ DW_AT_decl_line
	.byte	1                               @ DW_AT_data_member_location
	.byte	50                              @ Abbrev [50] 0x100e:0xc DW_TAG_member
	.long	.Linfo_string292                @ DW_AT_name
	.long	1740                            @ DW_AT_type
	.byte	5                               @ DW_AT_decl_file
	.byte	53                              @ DW_AT_decl_line
	.byte	4                               @ DW_AT_data_member_location
	.byte	50                              @ Abbrev [50] 0x101a:0xc DW_TAG_member
	.long	.Linfo_string293                @ DW_AT_name
	.long	1775                            @ DW_AT_type
	.byte	5                               @ DW_AT_decl_file
	.byte	54                              @ DW_AT_decl_line
	.byte	8                               @ DW_AT_data_member_location
	.byte	50                              @ Abbrev [50] 0x1026:0xc DW_TAG_member
	.long	.Linfo_string294                @ DW_AT_name
	.long	1775                            @ DW_AT_type
	.byte	5                               @ DW_AT_decl_file
	.byte	56                              @ DW_AT_decl_line
	.byte	9                               @ DW_AT_data_member_location
	.byte	50                              @ Abbrev [50] 0x1032:0xc DW_TAG_member
	.long	.Linfo_string295                @ DW_AT_name
	.long	1775                            @ DW_AT_type
	.byte	5                               @ DW_AT_decl_file
	.byte	58                              @ DW_AT_decl_line
	.byte	10                              @ DW_AT_data_member_location
	.byte	50                              @ Abbrev [50] 0x103e:0xc DW_TAG_member
	.long	.Linfo_string296                @ DW_AT_name
	.long	1775                            @ DW_AT_type
	.byte	5                               @ DW_AT_decl_file
	.byte	60                              @ DW_AT_decl_line
	.byte	11                              @ DW_AT_data_member_location
	.byte	50                              @ Abbrev [50] 0x104a:0xc DW_TAG_member
	.long	.Linfo_string297                @ DW_AT_name
	.long	1775                            @ DW_AT_type
	.byte	5                               @ DW_AT_decl_file
	.byte	62                              @ DW_AT_decl_line
	.byte	12                              @ DW_AT_data_member_location
	.byte	50                              @ Abbrev [50] 0x1056:0xc DW_TAG_member
	.long	.Linfo_string298                @ DW_AT_name
	.long	1775                            @ DW_AT_type
	.byte	5                               @ DW_AT_decl_file
	.byte	64                              @ DW_AT_decl_line
	.byte	13                              @ DW_AT_data_member_location
	.byte	50                              @ Abbrev [50] 0x1062:0xc DW_TAG_member
	.long	.Linfo_string299                @ DW_AT_name
	.long	1775                            @ DW_AT_type
	.byte	5                               @ DW_AT_decl_file
	.byte	66                              @ DW_AT_decl_line
	.byte	14                              @ DW_AT_data_member_location
	.byte	50                              @ Abbrev [50] 0x106e:0xc DW_TAG_member
	.long	.Linfo_string300                @ DW_AT_name
	.long	1775                            @ DW_AT_type
	.byte	5                               @ DW_AT_decl_file
	.byte	68                              @ DW_AT_decl_line
	.byte	15                              @ DW_AT_data_member_location
	.byte	0                               @ End Of Children Mark
	.byte	0                               @ End Of Children Mark
.Ldebug_info_end0:
	.section	.debug_ranges,"",%progbits
.Ldebug_ranges0:
	.long	.Ltmp9
	.long	.Ltmp10
	.long	.Ltmp14
	.long	.Ltmp15
	.long	.Ltmp16
	.long	.Ltmp17
	.long	.Ltmp18
	.long	.Ltmp19
	.long	.Ltmp20
	.long	.Ltmp22
	.long	0
	.long	0
.Ldebug_ranges1:
	.long	.Ltmp11
	.long	.Ltmp14
	.long	.Ltmp15
	.long	.Ltmp16
	.long	.Ltmp17
	.long	.Ltmp18
	.long	.Ltmp19
	.long	.Ltmp20
	.long	0
	.long	0
.Ldebug_ranges2:
	.long	.Lfunc_begin2
	.long	.Ltmp24
	.long	.Ltmp25
	.long	.Ltmp27
	.long	0
	.long	0
.Ldebug_ranges3:
	.long	.Lfunc_begin3
	.long	.Ltmp29
	.long	.Ltmp31
	.long	.Ltmp33
	.long	0
	.long	0
.Ldebug_ranges4:
	.long	.Lfunc_begin6
	.long	.Ltmp42
	.long	.Ltmp46
	.long	.Ltmp49
	.long	0
	.long	0
.Ldebug_ranges5:
	.long	.Ltmp68
	.long	.Ltmp69
	.long	.Ltmp71
	.long	.Ltmp72
	.long	.Ltmp74
	.long	.Ltmp75
	.long	0
	.long	0
.Ldebug_ranges6:
	.long	.Ltmp69
	.long	.Ltmp71
	.long	.Ltmp72
	.long	.Ltmp74
	.long	.Ltmp75
	.long	.Ltmp80
	.long	0
	.long	0
.Ldebug_ranges7:
	.long	.Lfunc_begin14
	.long	.Ltmp82
	.long	.Ltmp84
	.long	.Ltmp86
	.long	0
	.long	0
.Ldebug_ranges8:
	.long	.Lfunc_begin16
	.long	.Ltmp95
	.long	.Ltmp97
	.long	.Ltmp99
	.long	0
	.long	0
.Ldebug_ranges9:
	.long	.Lfunc_begin0
	.long	.Lfunc_end0
	.long	.Lfunc_begin1
	.long	.Lfunc_end1
	.long	.Lfunc_begin2
	.long	.Lfunc_end2
	.long	.Lfunc_begin3
	.long	.Lfunc_end3
	.long	.Lfunc_begin4
	.long	.Lfunc_end4
	.long	.Lfunc_begin5
	.long	.Lfunc_end5
	.long	.Lfunc_begin6
	.long	.Lfunc_end6
	.long	.Lfunc_begin7
	.long	.Lfunc_end7
	.long	.Lfunc_begin8
	.long	.Lfunc_end8
	.long	.Lfunc_begin9
	.long	.Lfunc_end9
	.long	.Lfunc_begin10
	.long	.Lfunc_end10
	.long	.Lfunc_begin11
	.long	.Lfunc_end11
	.long	.Lfunc_begin12
	.long	.Lfunc_end12
	.long	.Lfunc_begin13
	.long	.Lfunc_end13
	.long	.Lfunc_begin14
	.long	.Lfunc_end14
	.long	.Lfunc_begin15
	.long	.Lfunc_end15
	.long	.Lfunc_begin16
	.long	.Lfunc_end16
	.long	.Lfunc_begin17
	.long	.Lfunc_end17
	.long	.Lfunc_begin18
	.long	.Lfunc_end18
	.long	.Lfunc_begin19
	.long	.Lfunc_end19
	.long	.Lfunc_begin20
	.long	.Lfunc_end20
	.long	.Lfunc_begin21
	.long	.Lfunc_end21
	.long	0
	.long	0
	.section	.debug_str,"MS",%progbits,1
.Linfo_string0:
	.asciz	"Component: Arm Compiler for Embedded 6.24 Tool: armclang [5f371800]" @ string offset=0
.Linfo_string1:
	.asciz	"../Drivers/STM32H7xx_HAL_Driver/Src\\stm32h7xx_hal_cortex.c" @ string offset=68
.Linfo_string2:
	.asciz	"D:\\EV\\testadc\\MDK-ARM"      @ string offset=127
.Linfo_string3:
	.asciz	"short"                         @ string offset=149
.Linfo_string4:
	.asciz	"NonMaskableInt_IRQn"           @ string offset=155
.Linfo_string5:
	.asciz	"HardFault_IRQn"                @ string offset=175
.Linfo_string6:
	.asciz	"MemoryManagement_IRQn"         @ string offset=190
.Linfo_string7:
	.asciz	"BusFault_IRQn"                 @ string offset=212
.Linfo_string8:
	.asciz	"UsageFault_IRQn"               @ string offset=226
.Linfo_string9:
	.asciz	"SVCall_IRQn"                   @ string offset=242
.Linfo_string10:
	.asciz	"DebugMonitor_IRQn"             @ string offset=254
.Linfo_string11:
	.asciz	"PendSV_IRQn"                   @ string offset=272
.Linfo_string12:
	.asciz	"SysTick_IRQn"                  @ string offset=284
.Linfo_string13:
	.asciz	"WWDG_IRQn"                     @ string offset=297
.Linfo_string14:
	.asciz	"PVD_AVD_IRQn"                  @ string offset=307
.Linfo_string15:
	.asciz	"TAMP_STAMP_IRQn"               @ string offset=320
.Linfo_string16:
	.asciz	"RTC_WKUP_IRQn"                 @ string offset=336
.Linfo_string17:
	.asciz	"FLASH_IRQn"                    @ string offset=350
.Linfo_string18:
	.asciz	"RCC_IRQn"                      @ string offset=361
.Linfo_string19:
	.asciz	"EXTI0_IRQn"                    @ string offset=370
.Linfo_string20:
	.asciz	"EXTI1_IRQn"                    @ string offset=381
.Linfo_string21:
	.asciz	"EXTI2_IRQn"                    @ string offset=392
.Linfo_string22:
	.asciz	"EXTI3_IRQn"                    @ string offset=403
.Linfo_string23:
	.asciz	"EXTI4_IRQn"                    @ string offset=414
.Linfo_string24:
	.asciz	"DMA1_Stream0_IRQn"             @ string offset=425
.Linfo_string25:
	.asciz	"DMA1_Stream1_IRQn"             @ string offset=443
.Linfo_string26:
	.asciz	"DMA1_Stream2_IRQn"             @ string offset=461
.Linfo_string27:
	.asciz	"DMA1_Stream3_IRQn"             @ string offset=479
.Linfo_string28:
	.asciz	"DMA1_Stream4_IRQn"             @ string offset=497
.Linfo_string29:
	.asciz	"DMA1_Stream5_IRQn"             @ string offset=515
.Linfo_string30:
	.asciz	"DMA1_Stream6_IRQn"             @ string offset=533
.Linfo_string31:
	.asciz	"ADC_IRQn"                      @ string offset=551
.Linfo_string32:
	.asciz	"FDCAN1_IT0_IRQn"               @ string offset=560
.Linfo_string33:
	.asciz	"FDCAN2_IT0_IRQn"               @ string offset=576
.Linfo_string34:
	.asciz	"FDCAN1_IT1_IRQn"               @ string offset=592
.Linfo_string35:
	.asciz	"FDCAN2_IT1_IRQn"               @ string offset=608
.Linfo_string36:
	.asciz	"EXTI9_5_IRQn"                  @ string offset=624
.Linfo_string37:
	.asciz	"TIM1_BRK_IRQn"                 @ string offset=637
.Linfo_string38:
	.asciz	"TIM1_UP_IRQn"                  @ string offset=651
.Linfo_string39:
	.asciz	"TIM1_TRG_COM_IRQn"             @ string offset=664
.Linfo_string40:
	.asciz	"TIM1_CC_IRQn"                  @ string offset=682
.Linfo_string41:
	.asciz	"TIM2_IRQn"                     @ string offset=695
.Linfo_string42:
	.asciz	"TIM3_IRQn"                     @ string offset=705
.Linfo_string43:
	.asciz	"TIM4_IRQn"                     @ string offset=715
.Linfo_string44:
	.asciz	"I2C1_EV_IRQn"                  @ string offset=725
.Linfo_string45:
	.asciz	"I2C1_ER_IRQn"                  @ string offset=738
.Linfo_string46:
	.asciz	"I2C2_EV_IRQn"                  @ string offset=751
.Linfo_string47:
	.asciz	"I2C2_ER_IRQn"                  @ string offset=764
.Linfo_string48:
	.asciz	"SPI1_IRQn"                     @ string offset=777
.Linfo_string49:
	.asciz	"SPI2_IRQn"                     @ string offset=787
.Linfo_string50:
	.asciz	"USART1_IRQn"                   @ string offset=797
.Linfo_string51:
	.asciz	"USART2_IRQn"                   @ string offset=809
.Linfo_string52:
	.asciz	"USART3_IRQn"                   @ string offset=821
.Linfo_string53:
	.asciz	"EXTI15_10_IRQn"                @ string offset=833
.Linfo_string54:
	.asciz	"RTC_Alarm_IRQn"                @ string offset=848
.Linfo_string55:
	.asciz	"TIM8_BRK_TIM12_IRQn"           @ string offset=863
.Linfo_string56:
	.asciz	"TIM8_UP_TIM13_IRQn"            @ string offset=883
.Linfo_string57:
	.asciz	"TIM8_TRG_COM_TIM14_IRQn"       @ string offset=902
.Linfo_string58:
	.asciz	"TIM8_CC_IRQn"                  @ string offset=926
.Linfo_string59:
	.asciz	"DMA1_Stream7_IRQn"             @ string offset=939
.Linfo_string60:
	.asciz	"FMC_IRQn"                      @ string offset=957
.Linfo_string61:
	.asciz	"SDMMC1_IRQn"                   @ string offset=966
.Linfo_string62:
	.asciz	"TIM5_IRQn"                     @ string offset=978
.Linfo_string63:
	.asciz	"SPI3_IRQn"                     @ string offset=988
.Linfo_string64:
	.asciz	"UART4_IRQn"                    @ string offset=998
.Linfo_string65:
	.asciz	"UART5_IRQn"                    @ string offset=1009
.Linfo_string66:
	.asciz	"TIM6_DAC_IRQn"                 @ string offset=1020
.Linfo_string67:
	.asciz	"TIM7_IRQn"                     @ string offset=1034
.Linfo_string68:
	.asciz	"DMA2_Stream0_IRQn"             @ string offset=1044
.Linfo_string69:
	.asciz	"DMA2_Stream1_IRQn"             @ string offset=1062
.Linfo_string70:
	.asciz	"DMA2_Stream2_IRQn"             @ string offset=1080
.Linfo_string71:
	.asciz	"DMA2_Stream3_IRQn"             @ string offset=1098
.Linfo_string72:
	.asciz	"DMA2_Stream4_IRQn"             @ string offset=1116
.Linfo_string73:
	.asciz	"ETH_IRQn"                      @ string offset=1134
.Linfo_string74:
	.asciz	"ETH_WKUP_IRQn"                 @ string offset=1143
.Linfo_string75:
	.asciz	"FDCAN_CAL_IRQn"                @ string offset=1157
.Linfo_string76:
	.asciz	"DMA2_Stream5_IRQn"             @ string offset=1172
.Linfo_string77:
	.asciz	"DMA2_Stream6_IRQn"             @ string offset=1190
.Linfo_string78:
	.asciz	"DMA2_Stream7_IRQn"             @ string offset=1208
.Linfo_string79:
	.asciz	"USART6_IRQn"                   @ string offset=1226
.Linfo_string80:
	.asciz	"I2C3_EV_IRQn"                  @ string offset=1238
.Linfo_string81:
	.asciz	"I2C3_ER_IRQn"                  @ string offset=1251
.Linfo_string82:
	.asciz	"OTG_HS_EP1_OUT_IRQn"           @ string offset=1264
.Linfo_string83:
	.asciz	"OTG_HS_EP1_IN_IRQn"            @ string offset=1284
.Linfo_string84:
	.asciz	"OTG_HS_WKUP_IRQn"              @ string offset=1303
.Linfo_string85:
	.asciz	"OTG_HS_IRQn"                   @ string offset=1320
.Linfo_string86:
	.asciz	"DCMI_IRQn"                     @ string offset=1332
.Linfo_string87:
	.asciz	"RNG_IRQn"                      @ string offset=1342
.Linfo_string88:
	.asciz	"FPU_IRQn"                      @ string offset=1351
.Linfo_string89:
	.asciz	"UART7_IRQn"                    @ string offset=1360
.Linfo_string90:
	.asciz	"UART8_IRQn"                    @ string offset=1371
.Linfo_string91:
	.asciz	"SPI4_IRQn"                     @ string offset=1382
.Linfo_string92:
	.asciz	"SPI5_IRQn"                     @ string offset=1392
.Linfo_string93:
	.asciz	"SPI6_IRQn"                     @ string offset=1402
.Linfo_string94:
	.asciz	"SAI1_IRQn"                     @ string offset=1412
.Linfo_string95:
	.asciz	"LTDC_IRQn"                     @ string offset=1422
.Linfo_string96:
	.asciz	"LTDC_ER_IRQn"                  @ string offset=1432
.Linfo_string97:
	.asciz	"DMA2D_IRQn"                    @ string offset=1445
.Linfo_string98:
	.asciz	"SAI2_IRQn"                     @ string offset=1456
.Linfo_string99:
	.asciz	"QUADSPI_IRQn"                  @ string offset=1466
.Linfo_string100:
	.asciz	"LPTIM1_IRQn"                   @ string offset=1479
.Linfo_string101:
	.asciz	"CEC_IRQn"                      @ string offset=1491
.Linfo_string102:
	.asciz	"I2C4_EV_IRQn"                  @ string offset=1500
.Linfo_string103:
	.asciz	"I2C4_ER_IRQn"                  @ string offset=1513
.Linfo_string104:
	.asciz	"SPDIF_RX_IRQn"                 @ string offset=1526
.Linfo_string105:
	.asciz	"OTG_FS_EP1_OUT_IRQn"           @ string offset=1540
.Linfo_string106:
	.asciz	"OTG_FS_EP1_IN_IRQn"            @ string offset=1560
.Linfo_string107:
	.asciz	"OTG_FS_WKUP_IRQn"              @ string offset=1579
.Linfo_string108:
	.asciz	"OTG_FS_IRQn"                   @ string offset=1596
.Linfo_string109:
	.asciz	"DMAMUX1_OVR_IRQn"              @ string offset=1608
.Linfo_string110:
	.asciz	"HRTIM1_Master_IRQn"            @ string offset=1625
.Linfo_string111:
	.asciz	"HRTIM1_TIMA_IRQn"              @ string offset=1644
.Linfo_string112:
	.asciz	"HRTIM1_TIMB_IRQn"              @ string offset=1661
.Linfo_string113:
	.asciz	"HRTIM1_TIMC_IRQn"              @ string offset=1678
.Linfo_string114:
	.asciz	"HRTIM1_TIMD_IRQn"              @ string offset=1695
.Linfo_string115:
	.asciz	"HRTIM1_TIME_IRQn"              @ string offset=1712
.Linfo_string116:
	.asciz	"HRTIM1_FLT_IRQn"               @ string offset=1729
.Linfo_string117:
	.asciz	"DFSDM1_FLT0_IRQn"              @ string offset=1745
.Linfo_string118:
	.asciz	"DFSDM1_FLT1_IRQn"              @ string offset=1762
.Linfo_string119:
	.asciz	"DFSDM1_FLT2_IRQn"              @ string offset=1779
.Linfo_string120:
	.asciz	"DFSDM1_FLT3_IRQn"              @ string offset=1796
.Linfo_string121:
	.asciz	"SAI3_IRQn"                     @ string offset=1813
.Linfo_string122:
	.asciz	"SWPMI1_IRQn"                   @ string offset=1823
.Linfo_string123:
	.asciz	"TIM15_IRQn"                    @ string offset=1835
.Linfo_string124:
	.asciz	"TIM16_IRQn"                    @ string offset=1846
.Linfo_string125:
	.asciz	"TIM17_IRQn"                    @ string offset=1857
.Linfo_string126:
	.asciz	"MDIOS_WKUP_IRQn"               @ string offset=1868
.Linfo_string127:
	.asciz	"MDIOS_IRQn"                    @ string offset=1884
.Linfo_string128:
	.asciz	"JPEG_IRQn"                     @ string offset=1895
.Linfo_string129:
	.asciz	"MDMA_IRQn"                     @ string offset=1905
.Linfo_string130:
	.asciz	"SDMMC2_IRQn"                   @ string offset=1915
.Linfo_string131:
	.asciz	"HSEM1_IRQn"                    @ string offset=1927
.Linfo_string132:
	.asciz	"ADC3_IRQn"                     @ string offset=1938
.Linfo_string133:
	.asciz	"DMAMUX2_OVR_IRQn"              @ string offset=1948
.Linfo_string134:
	.asciz	"BDMA_Channel0_IRQn"            @ string offset=1965
.Linfo_string135:
	.asciz	"BDMA_Channel1_IRQn"            @ string offset=1984
.Linfo_string136:
	.asciz	"BDMA_Channel2_IRQn"            @ string offset=2003
.Linfo_string137:
	.asciz	"BDMA_Channel3_IRQn"            @ string offset=2022
.Linfo_string138:
	.asciz	"BDMA_Channel4_IRQn"            @ string offset=2041
.Linfo_string139:
	.asciz	"BDMA_Channel5_IRQn"            @ string offset=2060
.Linfo_string140:
	.asciz	"BDMA_Channel6_IRQn"            @ string offset=2079
.Linfo_string141:
	.asciz	"BDMA_Channel7_IRQn"            @ string offset=2098
.Linfo_string142:
	.asciz	"COMP_IRQn"                     @ string offset=2117
.Linfo_string143:
	.asciz	"LPTIM2_IRQn"                   @ string offset=2127
.Linfo_string144:
	.asciz	"LPTIM3_IRQn"                   @ string offset=2139
.Linfo_string145:
	.asciz	"LPTIM4_IRQn"                   @ string offset=2151
.Linfo_string146:
	.asciz	"LPTIM5_IRQn"                   @ string offset=2163
.Linfo_string147:
	.asciz	"LPUART1_IRQn"                  @ string offset=2175
.Linfo_string148:
	.asciz	"CRS_IRQn"                      @ string offset=2188
.Linfo_string149:
	.asciz	"ECC_IRQn"                      @ string offset=2197
.Linfo_string150:
	.asciz	"SAI4_IRQn"                     @ string offset=2206
.Linfo_string151:
	.asciz	"WAKEUP_PIN_IRQn"               @ string offset=2216
.Linfo_string152:
	.asciz	"CPUID"                         @ string offset=2232
.Linfo_string153:
	.asciz	"unsigned int"                  @ string offset=2238
.Linfo_string154:
	.asciz	"uint32_t"                      @ string offset=2251
.Linfo_string155:
	.asciz	"ICSR"                          @ string offset=2260
.Linfo_string156:
	.asciz	"VTOR"                          @ string offset=2265
.Linfo_string157:
	.asciz	"AIRCR"                         @ string offset=2270
.Linfo_string158:
	.asciz	"SCR"                           @ string offset=2276
.Linfo_string159:
	.asciz	"CCR"                           @ string offset=2280
.Linfo_string160:
	.asciz	"SHPR"                          @ string offset=2284
.Linfo_string161:
	.asciz	"unsigned char"                 @ string offset=2289
.Linfo_string162:
	.asciz	"uint8_t"                       @ string offset=2303
.Linfo_string163:
	.asciz	"__ARRAY_SIZE_TYPE__"           @ string offset=2311
.Linfo_string164:
	.asciz	"SHCSR"                         @ string offset=2331
.Linfo_string165:
	.asciz	"CFSR"                          @ string offset=2337
.Linfo_string166:
	.asciz	"HFSR"                          @ string offset=2342
.Linfo_string167:
	.asciz	"DFSR"                          @ string offset=2347
.Linfo_string168:
	.asciz	"MMFAR"                         @ string offset=2352
.Linfo_string169:
	.asciz	"BFAR"                          @ string offset=2358
.Linfo_string170:
	.asciz	"AFSR"                          @ string offset=2363
.Linfo_string171:
	.asciz	"ID_PFR"                        @ string offset=2368
.Linfo_string172:
	.asciz	"ID_DFR"                        @ string offset=2375
.Linfo_string173:
	.asciz	"ID_AFR"                        @ string offset=2382
.Linfo_string174:
	.asciz	"ID_MFR"                        @ string offset=2389
.Linfo_string175:
	.asciz	"ID_ISAR"                       @ string offset=2396
.Linfo_string176:
	.asciz	"RESERVED0"                     @ string offset=2404
.Linfo_string177:
	.asciz	"CLIDR"                         @ string offset=2414
.Linfo_string178:
	.asciz	"CTR"                           @ string offset=2420
.Linfo_string179:
	.asciz	"CCSIDR"                        @ string offset=2424
.Linfo_string180:
	.asciz	"CSSELR"                        @ string offset=2431
.Linfo_string181:
	.asciz	"CPACR"                         @ string offset=2438
.Linfo_string182:
	.asciz	"RESERVED3"                     @ string offset=2444
.Linfo_string183:
	.asciz	"STIR"                          @ string offset=2454
.Linfo_string184:
	.asciz	"RESERVED4"                     @ string offset=2459
.Linfo_string185:
	.asciz	"MVFR0"                         @ string offset=2469
.Linfo_string186:
	.asciz	"MVFR1"                         @ string offset=2475
.Linfo_string187:
	.asciz	"MVFR2"                         @ string offset=2481
.Linfo_string188:
	.asciz	"RESERVED5"                     @ string offset=2487
.Linfo_string189:
	.asciz	"ICIALLU"                       @ string offset=2497
.Linfo_string190:
	.asciz	"RESERVED6"                     @ string offset=2505
.Linfo_string191:
	.asciz	"ICIMVAU"                       @ string offset=2515
.Linfo_string192:
	.asciz	"DCIMVAC"                       @ string offset=2523
.Linfo_string193:
	.asciz	"DCISW"                         @ string offset=2531
.Linfo_string194:
	.asciz	"DCCMVAU"                       @ string offset=2537
.Linfo_string195:
	.asciz	"DCCMVAC"                       @ string offset=2545
.Linfo_string196:
	.asciz	"DCCSW"                         @ string offset=2553
.Linfo_string197:
	.asciz	"DCCIMVAC"                      @ string offset=2559
.Linfo_string198:
	.asciz	"DCCISW"                        @ string offset=2568
.Linfo_string199:
	.asciz	"BPIALL"                        @ string offset=2575
.Linfo_string200:
	.asciz	"RESERVED7"                     @ string offset=2582
.Linfo_string201:
	.asciz	"ITCMCR"                        @ string offset=2592
.Linfo_string202:
	.asciz	"DTCMCR"                        @ string offset=2599
.Linfo_string203:
	.asciz	"AHBPCR"                        @ string offset=2606
.Linfo_string204:
	.asciz	"CACR"                          @ string offset=2613
.Linfo_string205:
	.asciz	"AHBSCR"                        @ string offset=2618
.Linfo_string206:
	.asciz	"RESERVED8"                     @ string offset=2625
.Linfo_string207:
	.asciz	"ABFSR"                         @ string offset=2635
.Linfo_string208:
	.asciz	"SCB_Type"                      @ string offset=2641
.Linfo_string209:
	.asciz	"TYPE"                          @ string offset=2650
.Linfo_string210:
	.asciz	"CTRL"                          @ string offset=2655
.Linfo_string211:
	.asciz	"RNR"                           @ string offset=2660
.Linfo_string212:
	.asciz	"RBAR"                          @ string offset=2664
.Linfo_string213:
	.asciz	"RASR"                          @ string offset=2669
.Linfo_string214:
	.asciz	"RBAR_A1"                       @ string offset=2674
.Linfo_string215:
	.asciz	"RASR_A1"                       @ string offset=2682
.Linfo_string216:
	.asciz	"RBAR_A2"                       @ string offset=2690
.Linfo_string217:
	.asciz	"RASR_A2"                       @ string offset=2698
.Linfo_string218:
	.asciz	"RBAR_A3"                       @ string offset=2706
.Linfo_string219:
	.asciz	"RASR_A3"                       @ string offset=2714
.Linfo_string220:
	.asciz	"MPU_Type"                      @ string offset=2722
.Linfo_string221:
	.asciz	"LOAD"                          @ string offset=2731
.Linfo_string222:
	.asciz	"VAL"                           @ string offset=2736
.Linfo_string223:
	.asciz	"CALIB"                         @ string offset=2740
.Linfo_string224:
	.asciz	"SysTick_Type"                  @ string offset=2746
.Linfo_string225:
	.asciz	"int"                           @ string offset=2759
.Linfo_string226:
	.asciz	"int32_t"                       @ string offset=2763
.Linfo_string227:
	.asciz	"ISER"                          @ string offset=2771
.Linfo_string228:
	.asciz	"ICER"                          @ string offset=2776
.Linfo_string229:
	.asciz	"RESERVED1"                     @ string offset=2781
.Linfo_string230:
	.asciz	"ISPR"                          @ string offset=2791
.Linfo_string231:
	.asciz	"RESERVED2"                     @ string offset=2796
.Linfo_string232:
	.asciz	"ICPR"                          @ string offset=2806
.Linfo_string233:
	.asciz	"IABR"                          @ string offset=2811
.Linfo_string234:
	.asciz	"IP"                            @ string offset=2816
.Linfo_string235:
	.asciz	"NVIC_Type"                     @ string offset=2819
.Linfo_string236:
	.asciz	"__NVIC_SetPriorityGrouping"    @ string offset=2829
.Linfo_string237:
	.asciz	"PriorityGroup"                 @ string offset=2856
.Linfo_string238:
	.asciz	"PriorityGroupTmp"              @ string offset=2870
.Linfo_string239:
	.asciz	"reg_value"                     @ string offset=2887
.Linfo_string240:
	.asciz	"__NVIC_SetPriority"            @ string offset=2897
.Linfo_string241:
	.asciz	"IRQn"                          @ string offset=2916
.Linfo_string242:
	.asciz	"IRQn_Type"                     @ string offset=2921
.Linfo_string243:
	.asciz	"priority"                      @ string offset=2931
.Linfo_string244:
	.asciz	"__NVIC_GetPriorityGrouping"    @ string offset=2940
.Linfo_string245:
	.asciz	"NVIC_EncodePriority"           @ string offset=2967
.Linfo_string246:
	.asciz	"PreemptPriority"               @ string offset=2987
.Linfo_string247:
	.asciz	"SubPriority"                   @ string offset=3003
.Linfo_string248:
	.asciz	"PreemptPriorityBits"           @ string offset=3015
.Linfo_string249:
	.asciz	"SubPriorityBits"               @ string offset=3035
.Linfo_string250:
	.asciz	"__NVIC_EnableIRQ"              @ string offset=3051
.Linfo_string251:
	.asciz	"__NVIC_DisableIRQ"             @ string offset=3068
.Linfo_string252:
	.asciz	"SysTick_Config"                @ string offset=3086
.Linfo_string253:
	.asciz	"ticks"                         @ string offset=3101
.Linfo_string254:
	.asciz	"__NVIC_GetPriority"            @ string offset=3107
.Linfo_string255:
	.asciz	"NVIC_DecodePriority"           @ string offset=3126
.Linfo_string256:
	.asciz	"Priority"                      @ string offset=3146
.Linfo_string257:
	.asciz	"pPreemptPriority"              @ string offset=3155
.Linfo_string258:
	.asciz	"pSubPriority"                  @ string offset=3172
.Linfo_string259:
	.asciz	"__NVIC_SetPendingIRQ"          @ string offset=3185
.Linfo_string260:
	.asciz	"__NVIC_GetPendingIRQ"          @ string offset=3206
.Linfo_string261:
	.asciz	"__NVIC_ClearPendingIRQ"        @ string offset=3227
.Linfo_string262:
	.asciz	"__NVIC_GetActive"              @ string offset=3250
.Linfo_string263:
	.asciz	"HAL_NVIC_SetPriorityGrouping"  @ string offset=3267
.Linfo_string264:
	.asciz	"HAL_NVIC_SetPriority"          @ string offset=3296
.Linfo_string265:
	.asciz	"HAL_NVIC_EnableIRQ"            @ string offset=3317
.Linfo_string266:
	.asciz	"HAL_NVIC_DisableIRQ"           @ string offset=3336
.Linfo_string267:
	.asciz	"HAL_NVIC_SystemReset"          @ string offset=3356
.Linfo_string268:
	.asciz	"__NVIC_SystemReset"            @ string offset=3377
.Linfo_string269:
	.asciz	"HAL_SYSTICK_Config"            @ string offset=3396
.Linfo_string270:
	.asciz	"HAL_MPU_Disable"               @ string offset=3415
.Linfo_string271:
	.asciz	"HAL_MPU_Enable"                @ string offset=3431
.Linfo_string272:
	.asciz	"HAL_MPU_EnableRegion"          @ string offset=3446
.Linfo_string273:
	.asciz	"HAL_MPU_DisableRegion"         @ string offset=3467
.Linfo_string274:
	.asciz	"HAL_MPU_ConfigRegion"          @ string offset=3489
.Linfo_string275:
	.asciz	"HAL_NVIC_GetPriorityGrouping"  @ string offset=3510
.Linfo_string276:
	.asciz	"HAL_NVIC_GetPriority"          @ string offset=3539
.Linfo_string277:
	.asciz	"HAL_NVIC_SetPendingIRQ"        @ string offset=3560
.Linfo_string278:
	.asciz	"HAL_NVIC_GetPendingIRQ"        @ string offset=3583
.Linfo_string279:
	.asciz	"HAL_NVIC_ClearPendingIRQ"      @ string offset=3606
.Linfo_string280:
	.asciz	"HAL_NVIC_GetActive"            @ string offset=3631
.Linfo_string281:
	.asciz	"HAL_SYSTICK_CLKSourceConfig"   @ string offset=3650
.Linfo_string282:
	.asciz	"HAL_SYSTICK_IRQHandler"        @ string offset=3678
.Linfo_string283:
	.asciz	"HAL_SYSTICK_Callback"          @ string offset=3701
.Linfo_string284:
	.asciz	"HAL_GetCurrentCPUID"           @ string offset=3722
.Linfo_string285:
	.asciz	"prioritygroup"                 @ string offset=3742
.Linfo_string286:
	.asciz	"TicksNumb"                     @ string offset=3756
.Linfo_string287:
	.asciz	"MPU_Control"                   @ string offset=3766
.Linfo_string288:
	.asciz	"RegionNumber"                  @ string offset=3778
.Linfo_string289:
	.asciz	"MPU_Init"                      @ string offset=3791
.Linfo_string290:
	.asciz	"Enable"                        @ string offset=3800
.Linfo_string291:
	.asciz	"Number"                        @ string offset=3807
.Linfo_string292:
	.asciz	"BaseAddress"                   @ string offset=3814
.Linfo_string293:
	.asciz	"Size"                          @ string offset=3826
.Linfo_string294:
	.asciz	"SubRegionDisable"              @ string offset=3831
.Linfo_string295:
	.asciz	"TypeExtField"                  @ string offset=3848
.Linfo_string296:
	.asciz	"AccessPermission"              @ string offset=3861
.Linfo_string297:
	.asciz	"DisableExec"                   @ string offset=3878
.Linfo_string298:
	.asciz	"IsShareable"                   @ string offset=3890
.Linfo_string299:
	.asciz	"IsCacheable"                   @ string offset=3902
.Linfo_string300:
	.asciz	"IsBufferable"                  @ string offset=3914
.Linfo_string301:
	.asciz	"MPU_Region_InitTypeDef"        @ string offset=3927
.Linfo_string302:
	.asciz	"CLKSource"                     @ string offset=3950
	.ident	"Component: Arm Compiler for Embedded 6.24 Tool: armclang [5f371800]"
	.section	".note.GNU-stack","",%progbits
	.eabi_attribute	30, 2	@ Tag_ABI_optimization_goals
	.ARM_attribute	16, 1	@ Tag_AV_eba
	.section	.debug_line,"",%progbits
.Lline_table_start0:
