	.text
	.syntax unified
	.eabi_attribute	67, "2.09"	@ Tag_conformance
	.cpu	cortex-m7
	.eabi_attribute	6, 13	@ Tag_CPU_arch
	.eabi_attribute	7, 77	@ Tag_CPU_arch_profile
	.eabi_attribute	8, 0	@ Tag_ARM_ISA_use
	.eabi_attribute	9, 2	@ Tag_THUMB_ISA_use
	.fpu	fpv5-d16
	.eabi_attribute	36, 1	@ Tag_FP_HP_extension
	.eabi_attribute	34, 1	@ Tag_CPU_unaligned_access
	.eabi_attribute	17, 1	@ Tag_ABI_PCS_GOT_use
	.eabi_attribute	20, 2	@ Tag_ABI_FP_denormal
	.eabi_attribute	21, 0	@ Tag_ABI_FP_exceptions
	.eabi_attribute	23, 1	@ Tag_ABI_FP_number_model
	.eabi_attribute	24, 1	@ Tag_ABI_align_needed
	.eabi_attribute	25, 1	@ Tag_ABI_align_preserved
	.eabi_attribute	28, 1	@ Tag_ABI_VFP_args
	.eabi_attribute	38, 1	@ Tag_ABI_FP_16bit_format
	.eabi_attribute	18, 2	@ Tag_ABI_PCS_wchar_t
	.eabi_attribute	26, 1	@ Tag_ABI_enum_size
	.eabi_attribute	14, 0	@ Tag_ABI_PCS_R9_use
	.file	"stm32h7xx_hal_flash_ex.c"
	.file	1 "D:\\EV\\testadc\\MDK-ARM" "../Drivers/STM32H7xx_HAL_Driver/Inc\\stm32h7xx_hal_def.h"
	.file	2 "D:\\EV\\testadc\\MDK-ARM" "../Drivers/STM32H7xx_HAL_Driver/Inc\\stm32h7xx_hal_flash.h"
	.file	3 "D:\\Keil_v5\\Core\\ARM\\ARMCLANG\\bin\\..\\include" "stdint.h"
	.file	4 "D:\\EV\\testadc\\MDK-ARM" "../Drivers/CMSIS/Device/ST/STM32H7xx/Include\\stm32h743xx.h"
	.section	.text.HAL_FLASHEx_Erase,"ax",%progbits
	.hidden	HAL_FLASHEx_Erase               @ -- Begin function HAL_FLASHEx_Erase
	.globl	HAL_FLASHEx_Erase
	.p2align	3
	.type	HAL_FLASHEx_Erase,%function
	.code	16                              @ @HAL_FLASHEx_Erase
	.thumb_func
HAL_FLASHEx_Erase:
.Lfunc_begin0:
	.file	5 "D:\\EV\\testadc\\MDK-ARM" "../Drivers/STM32H7xx_HAL_Driver/Src/stm32h7xx_hal_flash_ex.c"
	.loc	5 193 0                         @ ../Drivers/STM32H7xx_HAL_Driver/Src/stm32h7xx_hal_flash_ex.c:193:0
	.fnstart
	.cfi_sections .debug_frame
	.cfi_startproc
@ %bb.0:
	@DEBUG_VALUE: HAL_FLASHEx_Erase:pEraseInit <- $r0
	@DEBUG_VALUE: HAL_FLASHEx_Erase:SectorError <- $r1
	.save	{r4, r5, r6, r7, r8, r9, r10, lr}
	push.w	{r4, r5, r6, r7, r8, r9, r10, lr}
	.cfi_def_cfa_offset 32
	.cfi_offset lr, -4
	.cfi_offset r10, -8
	.cfi_offset r9, -12
	.cfi_offset r8, -16
	.cfi_offset r7, -20
	.cfi_offset r6, -24
	.cfi_offset r5, -28
	.cfi_offset r4, -32
.Ltmp0:
	.loc	5 202 3 prologue_end            @ ../Drivers/STM32H7xx_HAL_Driver/Src/stm32h7xx_hal_flash_ex.c:202:3
	movw	r8, :lower16:pFlash
	movt	r8, :upper16:pFlash
	ldrb.w	r2, [r8, #20]
.Ltmp1:
	.loc	5 202 3 is_stmt 0               @ ../Drivers/STM32H7xx_HAL_Driver/Src/stm32h7xx_hal_flash_ex.c:202:3
	cmp	r2, #1
	@DEBUG_VALUE: HAL_FLASHEx_Erase:SectorError <- $r1
.Ltmp2:
	@DEBUG_VALUE: HAL_FLASHEx_Erase:status <- 0
	@DEBUG_VALUE: HAL_FLASHEx_Erase:pEraseInit <- $r0
	bne	.LBB0_2
.Ltmp3:
@ %bb.1:
	@DEBUG_VALUE: HAL_FLASHEx_Erase:status <- 0
	@DEBUG_VALUE: HAL_FLASHEx_Erase:SectorError <- $r1
	@DEBUG_VALUE: HAL_FLASHEx_Erase:pEraseInit <- $r0
	.loc	5 0 3                           @ ../Drivers/STM32H7xx_HAL_Driver/Src/stm32h7xx_hal_flash_ex.c:0:3
	movs	r0, #2
.Ltmp4:
	.loc	5 300 1 epilogue_begin is_stmt 1 @ ../Drivers/STM32H7xx_HAL_Driver/Src/stm32h7xx_hal_flash_ex.c:300:1
	pop.w	{r4, r5, r6, r7, r8, r9, r10, pc}
.Ltmp5:
	.loc	5 0 1 is_stmt 0                 @ :0:1
.Ltmp6:
	.p2align	2
.LBB0_2:
	@DEBUG_VALUE: HAL_FLASHEx_Erase:status <- 0
	@DEBUG_VALUE: HAL_FLASHEx_Erase:SectorError <- $r1
	@DEBUG_VALUE: HAL_FLASHEx_Erase:pEraseInit <- $r0
	mov	r4, r0
.Ltmp7:
	@DEBUG_VALUE: HAL_FLASHEx_Erase:pEraseInit <- $r4
	@DEBUG_VALUE: HAL_FLASHEx_Erase:pEraseInit <- $r4
	movs	r0, #1
.Ltmp8:
	.loc	5 202 3 is_stmt 1               @ ../Drivers/STM32H7xx_HAL_Driver/Src/stm32h7xx_hal_flash_ex.c:202:3
	strb.w	r0, [r8, #20]
	movs	r0, #0
.Ltmp9:
	.loc	5 205 20                        @ ../Drivers/STM32H7xx_HAL_Driver/Src/stm32h7xx_hal_flash_ex.c:205:20
	str.w	r0, [r8, #24]
	mov	r9, r1
.Ltmp10:
	@DEBUG_VALUE: HAL_FLASHEx_Erase:SectorError <- $r9
	@DEBUG_VALUE: HAL_FLASHEx_Erase:SectorError <- $r9
	.loc	5 208 19                        @ ../Drivers/STM32H7xx_HAL_Driver/Src/stm32h7xx_hal_flash_ex.c:208:19
	ldr	r0, [r4, #4]
.Ltmp11:
	.loc	5 208 6 is_stmt 0               @ ../Drivers/STM32H7xx_HAL_Driver/Src/stm32h7xx_hal_flash_ex.c:208:6
	lsls	r1, r0, #31
	bne	.LBB0_5
.Ltmp12:
@ %bb.3:
	@DEBUG_VALUE: HAL_FLASHEx_Erase:SectorError <- $r9
	@DEBUG_VALUE: HAL_FLASHEx_Erase:pEraseInit <- $r4
	@DEBUG_VALUE: HAL_FLASHEx_Erase:status <- 0
	@DEBUG_VALUE: HAL_FLASHEx_Erase:status <- 0
	.loc	5 218 6 is_stmt 1               @ ../Drivers/STM32H7xx_HAL_Driver/Src/stm32h7xx_hal_flash_ex.c:218:6
	lsls	r0, r0, #30
	bpl	.LBB0_10
.Ltmp13:
@ %bb.4:
	@DEBUG_VALUE: HAL_FLASHEx_Erase:SectorError <- $r9
	@DEBUG_VALUE: HAL_FLASHEx_Erase:pEraseInit <- $r4
	@DEBUG_VALUE: HAL_FLASHEx_Erase:status <- 0
	.loc	5 0 6 is_stmt 0                 @ ../Drivers/STM32H7xx_HAL_Driver/Src/stm32h7xx_hal_flash_ex.c:0:6
	movs	r5, #0
	b	.LBB0_9
.Ltmp14:
	.p2align	2
.LBB0_5:
	@DEBUG_VALUE: HAL_FLASHEx_Erase:SectorError <- $r9
	@DEBUG_VALUE: HAL_FLASHEx_Erase:pEraseInit <- $r4
	@DEBUG_VALUE: HAL_FLASHEx_Erase:status <- 0
	.loc	5 210 8 is_stmt 1               @ ../Drivers/STM32H7xx_HAL_Driver/Src/stm32h7xx_hal_flash_ex.c:210:8
	movw	r0, #50000
	movs	r1, #1
	bl	FLASH_WaitForLastOperation
.Ltmp15:
	.loc	5 218 6                         @ ../Drivers/STM32H7xx_HAL_Driver/Src/stm32h7xx_hal_flash_ex.c:218:6
	ldrb	r1, [r4, #4]
.Ltmp16:
	.loc	5 210 80                        @ ../Drivers/STM32H7xx_HAL_Driver/Src/stm32h7xx_hal_flash_ex.c:210:80
	mov	r5, r0
	cmp	r0, #0
	it	ne
	movne	r5, #1
.Ltmp17:
	@DEBUG_VALUE: HAL_FLASHEx_Erase:status <- undef
	.loc	5 218 6                         @ ../Drivers/STM32H7xx_HAL_Driver/Src/stm32h7xx_hal_flash_ex.c:218:6
	lsls	r1, r1, #30
	bmi	.LBB0_9
.Ltmp18:
@ %bb.6:
	@DEBUG_VALUE: HAL_FLASHEx_Erase:SectorError <- $r9
	@DEBUG_VALUE: HAL_FLASHEx_Erase:pEraseInit <- $r4
	@DEBUG_VALUE: HAL_FLASHEx_Erase:status <- undef
	.loc	5 0 6 is_stmt 0                 @ ../Drivers/STM32H7xx_HAL_Driver/Src/stm32h7xx_hal_flash_ex.c:0:6
	cbz	r0, .LBB0_10
.Ltmp19:
@ %bb.7:
	@DEBUG_VALUE: HAL_FLASHEx_Erase:SectorError <- $r9
	@DEBUG_VALUE: HAL_FLASHEx_Erase:pEraseInit <- $r4
	movs	r0, #1
.Ltmp20:
.LBB0_8:
	@DEBUG_VALUE: HAL_FLASHEx_Erase:SectorError <- $r9
	@DEBUG_VALUE: HAL_FLASHEx_Erase:pEraseInit <- $r4
	@DEBUG_VALUE: HAL_FLASHEx_Erase:status <- $r0
	movs	r1, #0
.Ltmp21:
	.loc	5 297 3 is_stmt 1               @ ../Drivers/STM32H7xx_HAL_Driver/Src/stm32h7xx_hal_flash_ex.c:297:3
	strb.w	r1, [r8, #20]
.Ltmp22:
	.loc	5 300 1 epilogue_begin          @ ../Drivers/STM32H7xx_HAL_Driver/Src/stm32h7xx_hal_flash_ex.c:300:1
	pop.w	{r4, r5, r6, r7, r8, r9, r10, pc}
.Ltmp23:
	.loc	5 0 1 is_stmt 0                 @ :0:1
.Ltmp24:
	.p2align	2
.LBB0_9:
	@DEBUG_VALUE: HAL_FLASHEx_Erase:SectorError <- $r9
	@DEBUG_VALUE: HAL_FLASHEx_Erase:pEraseInit <- $r4
	.loc	5 220 8 is_stmt 1               @ ../Drivers/STM32H7xx_HAL_Driver/Src/stm32h7xx_hal_flash_ex.c:220:8
	movw	r0, #50000
	movs	r1, #2
	bl	FLASH_WaitForLastOperation
.Ltmp25:
	@DEBUG_VALUE: HAL_FLASHEx_Erase:status <- $r5
	.loc	5 220 80 is_stmt 0              @ ../Drivers/STM32H7xx_HAL_Driver/Src/stm32h7xx_hal_flash_ex.c:220:80
	orrs	r0, r5
.Ltmp26:
	.loc	5 220 8                         @ ../Drivers/STM32H7xx_HAL_Driver/Src/stm32h7xx_hal_flash_ex.c:220:8
	lsls	r0, r0, #24
	bne.w	.LBB0_26
.Ltmp27:
.LBB0_10:
	@DEBUG_VALUE: HAL_FLASHEx_Erase:SectorError <- $r9
	@DEBUG_VALUE: HAL_FLASHEx_Erase:pEraseInit <- $r4
	.loc	5 229 20 is_stmt 1              @ ../Drivers/STM32H7xx_HAL_Driver/Src/stm32h7xx_hal_flash_ex.c:229:20
	ldr	r0, [r4]
.Ltmp28:
	.loc	5 229 8 is_stmt 0               @ ../Drivers/STM32H7xx_HAL_Driver/Src/stm32h7xx_hal_flash_ex.c:229:8
	cmp	r0, #1
	bne	.LBB0_13
.Ltmp29:
@ %bb.11:
	@DEBUG_VALUE: HAL_FLASHEx_Erase:SectorError <- $r9
	@DEBUG_VALUE: HAL_FLASHEx_Erase:pEraseInit <- $r4
	.loc	5 232 61 is_stmt 1              @ ../Drivers/STM32H7xx_HAL_Driver/Src/stm32h7xx_hal_flash_ex.c:232:61
	ldr	r1, [r4, #4]
.Ltmp30:
	@DEBUG_VALUE: FLASH_MassErase:Banks <- $r1
	.loc	5 0 61 is_stmt 0                @ ../Drivers/STM32H7xx_HAL_Driver/Src/stm32h7xx_hal_flash_ex.c:0:61
	movw	r5, #8204
.Ltmp31:
	.loc	5 1129 13 is_stmt 1             @ ../Drivers/STM32H7xx_HAL_Driver/Src/stm32h7xx_hal_flash_ex.c:1129:13
	and	r0, r1, #3
	movt	r5, #20992
.Ltmp32:
	.loc	5 1129 6 is_stmt 0              @ ../Drivers/STM32H7xx_HAL_Driver/Src/stm32h7xx_hal_flash_ex.c:1129:6
	cmp	r0, #3
.Ltmp33:
	.loc	5 232 35 is_stmt 1              @ ../Drivers/STM32H7xx_HAL_Driver/Src/stm32h7xx_hal_flash_ex.c:232:35
	ldr	r0, [r4, #16]
.Ltmp34:
	@DEBUG_VALUE: FLASH_MassErase:VoltageRange <- $r0
	.loc	5 1129 6                        @ ../Drivers/STM32H7xx_HAL_Driver/Src/stm32h7xx_hal_flash_ex.c:1129:6
	bne	.LBB0_27
.Ltmp35:
@ %bb.12:
	@DEBUG_VALUE: FLASH_MassErase:VoltageRange <- $r0
	@DEBUG_VALUE: FLASH_MassErase:Banks <- $r1
	@DEBUG_VALUE: HAL_FLASHEx_Erase:SectorError <- $r9
	@DEBUG_VALUE: HAL_FLASHEx_Erase:pEraseInit <- $r4
	.loc	5 1133 16                       @ ../Drivers/STM32H7xx_HAL_Driver/Src/stm32h7xx_hal_flash_ex.c:1133:16
	ldr	r1, [r5]
.Ltmp36:
	.loc	5 0 16 is_stmt 0                @ ../Drivers/STM32H7xx_HAL_Driver/Src/stm32h7xx_hal_flash_ex.c:0:16
	movs	r2, #16
	.loc	5 1133 16                       @ ../Drivers/STM32H7xx_HAL_Driver/Src/stm32h7xx_hal_flash_ex.c:1133:16
	bic	r1, r1, #48
	str	r1, [r5]
	.loc	5 1134 16 is_stmt 1             @ ../Drivers/STM32H7xx_HAL_Driver/Src/stm32h7xx_hal_flash_ex.c:1134:16
	ldr.w	r1, [r5, #256]
	bic	r1, r1, #48
	str.w	r1, [r5, #256]
	.loc	5 1137 16                       @ ../Drivers/STM32H7xx_HAL_Driver/Src/stm32h7xx_hal_flash_ex.c:1137:16
	ldr	r1, [r5]
	orrs	r1, r0
	str	r1, [r5]
	add.w	r1, r5, #12
	.loc	5 1143 3                        @ ../Drivers/STM32H7xx_HAL_Driver/Src/stm32h7xx_hal_flash_ex.c:1143:3
	b	.LBB0_34
.Ltmp37:
	.loc	5 0 3 is_stmt 0                 @ :0:3
.Ltmp38:
	.p2align	2
.LBB0_13:
	@DEBUG_VALUE: HAL_FLASHEx_Erase:SectorError <- $r9
	@DEBUG_VALUE: HAL_FLASHEx_Erase:pEraseInit <- $r4
	mov.w	r0, #-1
.Ltmp39:
	.loc	5 260 20 is_stmt 1              @ ../Drivers/STM32H7xx_HAL_Driver/Src/stm32h7xx_hal_flash_ex.c:260:20
	str.w	r0, [r9]
.Ltmp40:
	@DEBUG_VALUE: HAL_FLASHEx_Erase:sector_index <- undef
	@DEBUG_VALUE: HAL_FLASHEx_Erase:status <- 0
	.loc	5 263 38                        @ ../Drivers/STM32H7xx_HAL_Driver/Src/stm32h7xx_hal_flash_ex.c:263:38
	ldrd	r7, r0, [r4, #8]
.Ltmp41:
	.loc	5 263 84 is_stmt 0              @ ../Drivers/STM32H7xx_HAL_Driver/Src/stm32h7xx_hal_flash_ex.c:263:84
	add	r0, r7
.Ltmp42:
	.loc	5 263 7                         @ ../Drivers/STM32H7xx_HAL_Driver/Src/stm32h7xx_hal_flash_ex.c:263:7
	cmp	r7, r0
	bhs	.LBB0_25
.Ltmp43:
@ %bb.14:
	@DEBUG_VALUE: HAL_FLASHEx_Erase:SectorError <- $r9
	@DEBUG_VALUE: HAL_FLASHEx_Erase:pEraseInit <- $r4
	@DEBUG_VALUE: HAL_FLASHEx_Erase:status <- 0
	.loc	5 0 7                           @ ../Drivers/STM32H7xx_HAL_Driver/Src/stm32h7xx_hal_flash_ex.c:0:7
	movw	r6, #8204
	.loc	5 263 7                         @ ../Drivers/STM32H7xx_HAL_Driver/Src/stm32h7xx_hal_flash_ex.c:263:7
	lsls	r5, r7, #8
	movt	r6, #20992
	movw	r10, #1796
.Ltmp44:
	.loc	5 0 7                           @ :0:7
.Ltmp45:
	.p2align	2
.LBB0_15:                               @ =>This Inner Loop Header: Depth=1
	@DEBUG_VALUE: HAL_FLASHEx_Erase:SectorError <- $r9
	@DEBUG_VALUE: HAL_FLASHEx_Erase:pEraseInit <- $r4
	@DEBUG_VALUE: HAL_FLASHEx_Erase:status <- 0
	@DEBUG_VALUE: HAL_FLASHEx_Erase:sector_index <- $r7
	.loc	5 265 54 is_stmt 1              @ ../Drivers/STM32H7xx_HAL_Driver/Src/stm32h7xx_hal_flash_ex.c:265:54
	ldr	r1, [r4, #4]
	.loc	5 265 73 is_stmt 0              @ ../Drivers/STM32H7xx_HAL_Driver/Src/stm32h7xx_hal_flash_ex.c:265:73
	ldr	r2, [r4, #16]
.Ltmp46:
	@DEBUG_VALUE: FLASH_Erase_Sector:Banks <- $r1
	@DEBUG_VALUE: FLASH_Erase_Sector:Sector <- $r7
	@DEBUG_VALUE: FLASH_Erase_Sector:VoltageRange <- $r2
	.loc	5 1204 6 is_stmt 1              @ ../Drivers/STM32H7xx_HAL_Driver/Src/stm32h7xx_hal_flash_ex.c:1204:6
	lsls	r0, r1, #31
	bne	.LBB0_19
.Ltmp47:
@ %bb.16:                               @   in Loop: Header=BB0_15 Depth=1
	@DEBUG_VALUE: FLASH_Erase_Sector:VoltageRange <- $r2
	@DEBUG_VALUE: FLASH_Erase_Sector:Sector <- $r7
	@DEBUG_VALUE: FLASH_Erase_Sector:Banks <- $r1
	@DEBUG_VALUE: HAL_FLASHEx_Erase:sector_index <- $r7
	@DEBUG_VALUE: HAL_FLASHEx_Erase:SectorError <- $r9
	@DEBUG_VALUE: HAL_FLASHEx_Erase:pEraseInit <- $r4
	@DEBUG_VALUE: HAL_FLASHEx_Erase:status <- 0
	.loc	5 1220 13                       @ ../Drivers/STM32H7xx_HAL_Driver/Src/stm32h7xx_hal_flash_ex.c:1220:13
	ands	r1, r1, #2
.Ltmp48:
	.loc	5 1220 6 is_stmt 0              @ ../Drivers/STM32H7xx_HAL_Driver/Src/stm32h7xx_hal_flash_ex.c:1220:6
	bne	.LBB0_20
.Ltmp49:
.LBB0_17:                               @   in Loop: Header=BB0_15 Depth=1
	@DEBUG_VALUE: HAL_FLASHEx_Erase:sector_index <- $r7
	@DEBUG_VALUE: HAL_FLASHEx_Erase:SectorError <- $r9
	@DEBUG_VALUE: HAL_FLASHEx_Erase:pEraseInit <- $r4
	@DEBUG_VALUE: HAL_FLASHEx_Erase:status <- 0
	.loc	5 267 12 is_stmt 1              @ ../Drivers/STM32H7xx_HAL_Driver/Src/stm32h7xx_hal_flash_ex.c:267:12
	cbnz	r0, .LBB0_21
.Ltmp50:
.LBB0_18:                               @   in Loop: Header=BB0_15 Depth=1
	@DEBUG_VALUE: HAL_FLASHEx_Erase:sector_index <- $r7
	@DEBUG_VALUE: HAL_FLASHEx_Erase:SectorError <- $r9
	@DEBUG_VALUE: HAL_FLASHEx_Erase:pEraseInit <- $r4
	@DEBUG_VALUE: HAL_FLASHEx_Erase:status <- 0
	.loc	5 0 12 is_stmt 0                @ ../Drivers/STM32H7xx_HAL_Driver/Src/stm32h7xx_hal_flash_ex.c:0:12
	movs	r0, #0
.Ltmp51:
	@DEBUG_VALUE: HAL_FLASHEx_Erase:status <- $r0
	.loc	5 276 12 is_stmt 1              @ ../Drivers/STM32H7xx_HAL_Driver/Src/stm32h7xx_hal_flash_ex.c:276:12
	cbnz	r1, .LBB0_22
	b	.LBB0_23
.Ltmp52:
	.loc	5 0 12 is_stmt 0                @ :0:12
.Ltmp53:
	.p2align	2
.LBB0_19:                               @   in Loop: Header=BB0_15 Depth=1
	@DEBUG_VALUE: FLASH_Erase_Sector:VoltageRange <- $r2
	@DEBUG_VALUE: FLASH_Erase_Sector:Sector <- $r7
	@DEBUG_VALUE: FLASH_Erase_Sector:Banks <- $r1
	@DEBUG_VALUE: HAL_FLASHEx_Erase:sector_index <- $r7
	@DEBUG_VALUE: HAL_FLASHEx_Erase:SectorError <- $r9
	@DEBUG_VALUE: HAL_FLASHEx_Erase:pEraseInit <- $r4
	@DEBUG_VALUE: HAL_FLASHEx_Erase:status <- 0
	.loc	5 1208 16 is_stmt 1             @ ../Drivers/STM32H7xx_HAL_Driver/Src/stm32h7xx_hal_flash_ex.c:1208:16
	ldr	r3, [r6]
	bic	r3, r3, #1840
	str	r3, [r6]
	.loc	5 1210 16                       @ ../Drivers/STM32H7xx_HAL_Driver/Src/stm32h7xx_hal_flash_ex.c:1210:16
	ldr	r3, [r6]
	orrs	r3, r5
	orrs	r3, r2
	orr	r3, r3, #132
	str	r3, [r6]
.Ltmp54:
	.loc	5 1220 13                       @ ../Drivers/STM32H7xx_HAL_Driver/Src/stm32h7xx_hal_flash_ex.c:1220:13
	ands	r1, r1, #2
.Ltmp55:
	.loc	5 1220 6 is_stmt 0              @ ../Drivers/STM32H7xx_HAL_Driver/Src/stm32h7xx_hal_flash_ex.c:1220:6
	beq	.LBB0_17
.Ltmp56:
.LBB0_20:                               @   in Loop: Header=BB0_15 Depth=1
	@DEBUG_VALUE: FLASH_Erase_Sector:VoltageRange <- $r2
	@DEBUG_VALUE: FLASH_Erase_Sector:Sector <- $r7
	@DEBUG_VALUE: HAL_FLASHEx_Erase:sector_index <- $r7
	@DEBUG_VALUE: HAL_FLASHEx_Erase:SectorError <- $r9
	@DEBUG_VALUE: HAL_FLASHEx_Erase:pEraseInit <- $r4
	@DEBUG_VALUE: HAL_FLASHEx_Erase:status <- 0
	.loc	5 1224 16 is_stmt 1             @ ../Drivers/STM32H7xx_HAL_Driver/Src/stm32h7xx_hal_flash_ex.c:1224:16
	ldr.w	r3, [r6, #256]
	bic	r3, r3, #1840
	str.w	r3, [r6, #256]
	.loc	5 1226 16                       @ ../Drivers/STM32H7xx_HAL_Driver/Src/stm32h7xx_hal_flash_ex.c:1226:16
	ldr.w	r3, [r6, #256]
	orrs	r3, r5
	orrs	r2, r3
.Ltmp57:
	orr	r2, r2, #132
	str.w	r2, [r6, #256]
.Ltmp58:
	.loc	5 267 12                        @ ../Drivers/STM32H7xx_HAL_Driver/Src/stm32h7xx_hal_flash_ex.c:267:12
	cmp	r0, #0
	beq	.LBB0_18
.Ltmp59:
.LBB0_21:                               @   in Loop: Header=BB0_15 Depth=1
	@DEBUG_VALUE: HAL_FLASHEx_Erase:sector_index <- $r7
	@DEBUG_VALUE: HAL_FLASHEx_Erase:SectorError <- $r9
	@DEBUG_VALUE: HAL_FLASHEx_Erase:pEraseInit <- $r4
	@DEBUG_VALUE: HAL_FLASHEx_Erase:status <- 0
	.loc	5 270 20                        @ ../Drivers/STM32H7xx_HAL_Driver/Src/stm32h7xx_hal_flash_ex.c:270:20
	movw	r0, #50000
	movs	r1, #1
	bl	FLASH_WaitForLastOperation
.Ltmp60:
	.loc	5 273 22                        @ ../Drivers/STM32H7xx_HAL_Driver/Src/stm32h7xx_hal_flash_ex.c:273:22
	ldr	r1, [r6]
	bic.w	r1, r1, r10
	str	r1, [r6]
.Ltmp61:
	.loc	5 276 25                        @ ../Drivers/STM32H7xx_HAL_Driver/Src/stm32h7xx_hal_flash_ex.c:276:25
	ldr	r1, [r4, #4]
.Ltmp62:
	@DEBUG_VALUE: HAL_FLASHEx_Erase:status <- undef
	.loc	5 276 31 is_stmt 0              @ ../Drivers/STM32H7xx_HAL_Driver/Src/stm32h7xx_hal_flash_ex.c:276:31
	and	r1, r1, #2
.Ltmp63:
	@DEBUG_VALUE: HAL_FLASHEx_Erase:status <- $r0
	.loc	5 276 12                        @ ../Drivers/STM32H7xx_HAL_Driver/Src/stm32h7xx_hal_flash_ex.c:276:12
	cbz	r1, .LBB0_23
.Ltmp64:
.LBB0_22:                               @   in Loop: Header=BB0_15 Depth=1
	@DEBUG_VALUE: HAL_FLASHEx_Erase:sector_index <- $r7
	@DEBUG_VALUE: HAL_FLASHEx_Erase:status <- $r0
	@DEBUG_VALUE: HAL_FLASHEx_Erase:SectorError <- $r9
	@DEBUG_VALUE: HAL_FLASHEx_Erase:pEraseInit <- $r4
	.loc	5 279 20 is_stmt 1              @ ../Drivers/STM32H7xx_HAL_Driver/Src/stm32h7xx_hal_flash_ex.c:279:20
	movw	r0, #50000
.Ltmp65:
	movs	r1, #2
	bl	FLASH_WaitForLastOperation
.Ltmp66:
	@DEBUG_VALUE: HAL_FLASHEx_Erase:status <- undef
	.loc	5 282 22                        @ ../Drivers/STM32H7xx_HAL_Driver/Src/stm32h7xx_hal_flash_ex.c:282:22
	ldr.w	r1, [r6, #256]
	bic.w	r1, r1, r10
	str.w	r1, [r6, #256]
.Ltmp67:
.LBB0_23:                               @   in Loop: Header=BB0_15 Depth=1
	@DEBUG_VALUE: HAL_FLASHEx_Erase:sector_index <- $r7
	@DEBUG_VALUE: HAL_FLASHEx_Erase:SectorError <- $r9
	@DEBUG_VALUE: HAL_FLASHEx_Erase:pEraseInit <- $r4
	@DEBUG_VALUE: HAL_FLASHEx_Erase:status <- $r0
	.loc	5 286 12                        @ ../Drivers/STM32H7xx_HAL_Driver/Src/stm32h7xx_hal_flash_ex.c:286:12
	cbnz	r0, .LBB0_31
.Ltmp68:
@ %bb.24:                               @   in Loop: Header=BB0_15 Depth=1
	@DEBUG_VALUE: HAL_FLASHEx_Erase:sector_index <- $r7
	@DEBUG_VALUE: HAL_FLASHEx_Erase:status <- $r0
	@DEBUG_VALUE: HAL_FLASHEx_Erase:SectorError <- $r9
	@DEBUG_VALUE: HAL_FLASHEx_Erase:pEraseInit <- $r4
	.loc	5 263 98                        @ ../Drivers/STM32H7xx_HAL_Driver/Src/stm32h7xx_hal_flash_ex.c:263:98
	ldrd	r0, r1, [r4, #8]
.Ltmp69:
	.loc	5 263 119 is_stmt 0             @ ../Drivers/STM32H7xx_HAL_Driver/Src/stm32h7xx_hal_flash_ex.c:263:119
	adds	r7, #1
.Ltmp70:
	@DEBUG_VALUE: HAL_FLASHEx_Erase:sector_index <- $r7
	@DEBUG_VALUE: HAL_FLASHEx_Erase:status <- 0
	.loc	5 263 84                        @ ../Drivers/STM32H7xx_HAL_Driver/Src/stm32h7xx_hal_flash_ex.c:263:84
	add	r0, r1
.Ltmp71:
	.loc	5 263 7                         @ ../Drivers/STM32H7xx_HAL_Driver/Src/stm32h7xx_hal_flash_ex.c:263:7
	cmp	r7, r0
.Ltmp72:
	.loc	5 263 59                        @ ../Drivers/STM32H7xx_HAL_Driver/Src/stm32h7xx_hal_flash_ex.c:263:59
	add.w	r5, r5, #256
.Ltmp73:
	.loc	5 263 7                         @ ../Drivers/STM32H7xx_HAL_Driver/Src/stm32h7xx_hal_flash_ex.c:263:7
	blo	.LBB0_15
.Ltmp74:
.LBB0_25:
	@DEBUG_VALUE: HAL_FLASHEx_Erase:SectorError <- $r9
	@DEBUG_VALUE: HAL_FLASHEx_Erase:pEraseInit <- $r4
	@DEBUG_VALUE: HAL_FLASHEx_Erase:status <- 0
	.loc	5 0 7                           @ ../Drivers/STM32H7xx_HAL_Driver/Src/stm32h7xx_hal_flash_ex.c:0:7
	movs	r0, #0
.Ltmp75:
	@DEBUG_VALUE: HAL_FLASHEx_Erase:status <- $r0
	movs	r1, #0
.Ltmp76:
	.loc	5 297 3 is_stmt 1               @ ../Drivers/STM32H7xx_HAL_Driver/Src/stm32h7xx_hal_flash_ex.c:297:3
	strb.w	r1, [r8, #20]
.Ltmp77:
	.loc	5 300 1 epilogue_begin          @ ../Drivers/STM32H7xx_HAL_Driver/Src/stm32h7xx_hal_flash_ex.c:300:1
	pop.w	{r4, r5, r6, r7, r8, r9, r10, pc}
.Ltmp78:
	.loc	5 0 1 is_stmt 0                 @ :0:1
.Ltmp79:
	.p2align	2
.LBB0_26:
	@DEBUG_VALUE: HAL_FLASHEx_Erase:status <- $r5
	@DEBUG_VALUE: HAL_FLASHEx_Erase:SectorError <- $r9
	@DEBUG_VALUE: HAL_FLASHEx_Erase:pEraseInit <- $r4
	movs	r0, #1
.Ltmp80:
	@DEBUG_VALUE: HAL_FLASHEx_Erase:status <- $r0
	movs	r1, #0
.Ltmp81:
	.loc	5 297 3 is_stmt 1               @ ../Drivers/STM32H7xx_HAL_Driver/Src/stm32h7xx_hal_flash_ex.c:297:3
	strb.w	r1, [r8, #20]
.Ltmp82:
	.loc	5 300 1 epilogue_begin          @ ../Drivers/STM32H7xx_HAL_Driver/Src/stm32h7xx_hal_flash_ex.c:300:1
	pop.w	{r4, r5, r6, r7, r8, r9, r10, pc}
.Ltmp83:
	.loc	5 0 1 is_stmt 0                 @ :0:1
.Ltmp84:
	.p2align	2
.LBB0_27:
	@DEBUG_VALUE: FLASH_MassErase:VoltageRange <- $r0
	@DEBUG_VALUE: FLASH_MassErase:Banks <- $r1
	@DEBUG_VALUE: HAL_FLASHEx_Erase:SectorError <- $r9
	@DEBUG_VALUE: HAL_FLASHEx_Erase:pEraseInit <- $r4
	.loc	5 1148 15 is_stmt 1             @ ../Drivers/STM32H7xx_HAL_Driver/Src/stm32h7xx_hal_flash_ex.c:1148:15
	ands	r2, r1, #1
.Ltmp85:
	.loc	5 1148 8 is_stmt 0              @ ../Drivers/STM32H7xx_HAL_Driver/Src/stm32h7xx_hal_flash_ex.c:1148:8
	bne	.LBB0_32
.Ltmp86:
@ %bb.28:
	@DEBUG_VALUE: FLASH_MassErase:VoltageRange <- $r0
	@DEBUG_VALUE: FLASH_MassErase:Banks <- $r1
	@DEBUG_VALUE: HAL_FLASHEx_Erase:SectorError <- $r9
	@DEBUG_VALUE: HAL_FLASHEx_Erase:pEraseInit <- $r4
	.loc	5 1161 8 is_stmt 1              @ ../Drivers/STM32H7xx_HAL_Driver/Src/stm32h7xx_hal_flash_ex.c:1161:8
	lsls	r3, r1, #30
	bmi	.LBB0_33
.Ltmp87:
.LBB0_29:
	@DEBUG_VALUE: HAL_FLASHEx_Erase:SectorError <- $r9
	@DEBUG_VALUE: HAL_FLASHEx_Erase:pEraseInit <- $r4
	.loc	5 235 10                        @ ../Drivers/STM32H7xx_HAL_Driver/Src/stm32h7xx_hal_flash_ex.c:235:10
	cbz	r2, .LBB0_35
.Ltmp88:
.LBB0_30:
	@DEBUG_VALUE: HAL_FLASHEx_Erase:SectorError <- $r9
	@DEBUG_VALUE: HAL_FLASHEx_Erase:pEraseInit <- $r4
	.loc	5 237 12                        @ ../Drivers/STM32H7xx_HAL_Driver/Src/stm32h7xx_hal_flash_ex.c:237:12
	movw	r0, #50000
	movs	r1, #1
	bl	FLASH_WaitForLastOperation
.Ltmp89:
	.loc	5 242 20                        @ ../Drivers/STM32H7xx_HAL_Driver/Src/stm32h7xx_hal_flash_ex.c:242:20
	ldr	r1, [r5]
.Ltmp90:
	.loc	5 237 84                        @ ../Drivers/STM32H7xx_HAL_Driver/Src/stm32h7xx_hal_flash_ex.c:237:84
	cmp	r0, #0
.Ltmp91:
	.loc	5 242 20                        @ ../Drivers/STM32H7xx_HAL_Driver/Src/stm32h7xx_hal_flash_ex.c:242:20
	bic	r1, r1, #8
	str	r1, [r5]
.Ltmp92:
	.loc	5 237 84                        @ ../Drivers/STM32H7xx_HAL_Driver/Src/stm32h7xx_hal_flash_ex.c:237:84
	it	ne
	movne	r0, #1
.Ltmp93:
	@DEBUG_VALUE: HAL_FLASHEx_Erase:status <- undef
	.loc	5 246 23                        @ ../Drivers/STM32H7xx_HAL_Driver/Src/stm32h7xx_hal_flash_ex.c:246:23
	ldr	r1, [r4, #4]
.Ltmp94:
	@DEBUG_VALUE: HAL_FLASHEx_Erase:status <- $r0
	.loc	5 246 10 is_stmt 0              @ ../Drivers/STM32H7xx_HAL_Driver/Src/stm32h7xx_hal_flash_ex.c:246:10
	lsls	r1, r1, #30
	bpl.w	.LBB0_8
	b	.LBB0_36
.Ltmp95:
	.loc	5 0 10                          @ :0:10
.Ltmp96:
	.p2align	2
.LBB0_31:
	@DEBUG_VALUE: HAL_FLASHEx_Erase:sector_index <- $r7
	@DEBUG_VALUE: HAL_FLASHEx_Erase:status <- $r0
	@DEBUG_VALUE: HAL_FLASHEx_Erase:SectorError <- $r9
	@DEBUG_VALUE: HAL_FLASHEx_Erase:pEraseInit <- $r4
	.loc	5 289 24 is_stmt 1              @ ../Drivers/STM32H7xx_HAL_Driver/Src/stm32h7xx_hal_flash_ex.c:289:24
	str.w	r7, [r9]
	@DEBUG_VALUE: HAL_FLASHEx_Erase:status <- $r0
	movs	r1, #0
.Ltmp97:
	.loc	5 297 3                         @ ../Drivers/STM32H7xx_HAL_Driver/Src/stm32h7xx_hal_flash_ex.c:297:3
	strb.w	r1, [r8, #20]
.Ltmp98:
	.loc	5 300 1 epilogue_begin          @ ../Drivers/STM32H7xx_HAL_Driver/Src/stm32h7xx_hal_flash_ex.c:300:1
	pop.w	{r4, r5, r6, r7, r8, r9, r10, pc}
.Ltmp99:
	.loc	5 0 1 is_stmt 0                 @ :0:1
.Ltmp100:
	.p2align	2
.LBB0_32:
	@DEBUG_VALUE: FLASH_MassErase:VoltageRange <- $r0
	@DEBUG_VALUE: FLASH_MassErase:Banks <- $r1
	@DEBUG_VALUE: HAL_FLASHEx_Erase:SectorError <- $r9
	@DEBUG_VALUE: HAL_FLASHEx_Erase:pEraseInit <- $r4
	.loc	5 1152 18 is_stmt 1             @ ../Drivers/STM32H7xx_HAL_Driver/Src/stm32h7xx_hal_flash_ex.c:1152:18
	ldr	r3, [r5]
	bic	r3, r3, #48
	str	r3, [r5]
	.loc	5 1153 18                       @ ../Drivers/STM32H7xx_HAL_Driver/Src/stm32h7xx_hal_flash_ex.c:1153:18
	ldr	r3, [r5]
	orrs	r3, r0
	str	r3, [r5]
	.loc	5 1157 18                       @ ../Drivers/STM32H7xx_HAL_Driver/Src/stm32h7xx_hal_flash_ex.c:1157:18
	ldr	r3, [r5]
	orr	r3, r3, #136
	str	r3, [r5]
.Ltmp101:
	.loc	5 1161 8                        @ ../Drivers/STM32H7xx_HAL_Driver/Src/stm32h7xx_hal_flash_ex.c:1161:8
	lsls	r3, r1, #30
	bpl	.LBB0_29
.Ltmp102:
.LBB0_33:
	@DEBUG_VALUE: FLASH_MassErase:VoltageRange <- $r0
	@DEBUG_VALUE: FLASH_MassErase:Banks <- $r1
	@DEBUG_VALUE: HAL_FLASHEx_Erase:SectorError <- $r9
	@DEBUG_VALUE: HAL_FLASHEx_Erase:pEraseInit <- $r4
	.loc	5 1165 18                       @ ../Drivers/STM32H7xx_HAL_Driver/Src/stm32h7xx_hal_flash_ex.c:1165:18
	ldr.w	r2, [r5, #256]
	add.w	r1, r5, #256
.Ltmp103:
	bic	r2, r2, #48
	str.w	r2, [r5, #256]
	movs	r2, #136
.Ltmp104:
.LBB0_34:
	@DEBUG_VALUE: FLASH_MassErase:VoltageRange <- $r0
	@DEBUG_VALUE: HAL_FLASHEx_Erase:SectorError <- $r9
	@DEBUG_VALUE: HAL_FLASHEx_Erase:pEraseInit <- $r4
	.loc	5 0 0 is_stmt 0                 @ ../Drivers/STM32H7xx_HAL_Driver/Src/stm32h7xx_hal_flash_ex.c:0:0
	ldr.w	r3, [r5, #256]
	orrs	r0, r3
.Ltmp105:
	str.w	r0, [r5, #256]
	ldr	r0, [r1]
	orrs	r0, r2
	str	r0, [r1]
.Ltmp106:
	.loc	5 235 23 is_stmt 1              @ ../Drivers/STM32H7xx_HAL_Driver/Src/stm32h7xx_hal_flash_ex.c:235:23
	ldr	r1, [r4, #4]
	.loc	5 235 29 is_stmt 0              @ ../Drivers/STM32H7xx_HAL_Driver/Src/stm32h7xx_hal_flash_ex.c:235:29
	and	r2, r1, #1
.Ltmp107:
	.loc	5 235 10                        @ ../Drivers/STM32H7xx_HAL_Driver/Src/stm32h7xx_hal_flash_ex.c:235:10
	cmp	r2, #0
	bne	.LBB0_30
.Ltmp108:
.LBB0_35:
	@DEBUG_VALUE: HAL_FLASHEx_Erase:SectorError <- $r9
	@DEBUG_VALUE: HAL_FLASHEx_Erase:pEraseInit <- $r4
	.loc	5 0 10                          @ ../Drivers/STM32H7xx_HAL_Driver/Src/stm32h7xx_hal_flash_ex.c:0:10
	movs	r0, #0
.Ltmp109:
	@DEBUG_VALUE: HAL_FLASHEx_Erase:status <- $r0
	.loc	5 246 10 is_stmt 1              @ ../Drivers/STM32H7xx_HAL_Driver/Src/stm32h7xx_hal_flash_ex.c:246:10
	lsls	r1, r1, #30
	bpl.w	.LBB0_8
.Ltmp110:
.LBB0_36:
	@DEBUG_VALUE: HAL_FLASHEx_Erase:status <- $r0
	@DEBUG_VALUE: HAL_FLASHEx_Erase:SectorError <- $r9
	@DEBUG_VALUE: HAL_FLASHEx_Erase:pEraseInit <- $r4
	.loc	5 0 10 is_stmt 0                @ ../Drivers/STM32H7xx_HAL_Driver/Src/stm32h7xx_hal_flash_ex.c:0:10
	mov	r4, r0
.Ltmp111:
	@DEBUG_VALUE: HAL_FLASHEx_Erase:status <- $r4
	.loc	5 248 12 is_stmt 1              @ ../Drivers/STM32H7xx_HAL_Driver/Src/stm32h7xx_hal_flash_ex.c:248:12
	movw	r0, #50000
	movs	r1, #2
	bl	FLASH_WaitForLastOperation
.Ltmp112:
	mov	r1, r0
	mov	r0, r4
.Ltmp113:
	.loc	5 248 12 is_stmt 0              @ ../Drivers/STM32H7xx_HAL_Driver/Src/stm32h7xx_hal_flash_ex.c:248:12
	cmp	r1, #0
	it	ne
	movne	r0, #1
.Ltmp114:
	@DEBUG_VALUE: HAL_FLASHEx_Erase:status <- $r0
	.loc	5 253 20 is_stmt 1              @ ../Drivers/STM32H7xx_HAL_Driver/Src/stm32h7xx_hal_flash_ex.c:253:20
	ldr.w	r1, [r5, #256]
	bic	r1, r1, #8
	str.w	r1, [r5, #256]
	@DEBUG_VALUE: HAL_FLASHEx_Erase:status <- $r0
	movs	r1, #0
.Ltmp115:
	.loc	5 297 3                         @ ../Drivers/STM32H7xx_HAL_Driver/Src/stm32h7xx_hal_flash_ex.c:297:3
	strb.w	r1, [r8, #20]
.Ltmp116:
	.loc	5 300 1 epilogue_begin          @ ../Drivers/STM32H7xx_HAL_Driver/Src/stm32h7xx_hal_flash_ex.c:300:1
	pop.w	{r4, r5, r6, r7, r8, r9, r10, pc}
.Ltmp117:
.Lfunc_end0:
	.size	HAL_FLASHEx_Erase, .Lfunc_end0-HAL_FLASHEx_Erase
	.cfi_endproc
	.cantunwind
	.fnend
                                        @ -- End function
	.section	.text.FLASH_Erase_Sector,"ax",%progbits
	.hidden	FLASH_Erase_Sector              @ -- Begin function FLASH_Erase_Sector
	.globl	FLASH_Erase_Sector
	.p2align	3
	.type	FLASH_Erase_Sector,%function
	.code	16                              @ @FLASH_Erase_Sector
	.thumb_func
FLASH_Erase_Sector:
.Lfunc_begin1:
	.loc	5 1195 0                        @ ../Drivers/STM32H7xx_HAL_Driver/Src/stm32h7xx_hal_flash_ex.c:1195:0
	.fnstart
	.cfi_startproc
@ %bb.0:
	@DEBUG_VALUE: FLASH_Erase_Sector:Sector <- $r0
	@DEBUG_VALUE: FLASH_Erase_Sector:Banks <- $r1
	@DEBUG_VALUE: FLASH_Erase_Sector:VoltageRange <- $r2
	movw	r12, #8204
.Ltmp118:
	.loc	5 1204 6 prologue_end           @ ../Drivers/STM32H7xx_HAL_Driver/Src/stm32h7xx_hal_flash_ex.c:1204:6
	lsls	r3, r1, #31
	movt	r12, #20992
	beq	.LBB1_2
.Ltmp119:
@ %bb.1:
	@DEBUG_VALUE: FLASH_Erase_Sector:VoltageRange <- $r2
	@DEBUG_VALUE: FLASH_Erase_Sector:Banks <- $r1
	@DEBUG_VALUE: FLASH_Erase_Sector:Sector <- $r0
	.loc	5 1208 16                       @ ../Drivers/STM32H7xx_HAL_Driver/Src/stm32h7xx_hal_flash_ex.c:1208:16
	ldr.w	r3, [r12]
	bic	r3, r3, #1840
	str.w	r3, [r12]
	.loc	5 1210 16                       @ ../Drivers/STM32H7xx_HAL_Driver/Src/stm32h7xx_hal_flash_ex.c:1210:16
	ldr.w	r3, [r12]
	orr.w	r3, r3, r0, lsl #8
	orrs	r3, r2
	orr	r3, r3, #132
	str.w	r3, [r12]
.Ltmp120:
.LBB1_2:
	@DEBUG_VALUE: FLASH_Erase_Sector:VoltageRange <- $r2
	@DEBUG_VALUE: FLASH_Erase_Sector:Banks <- $r1
	@DEBUG_VALUE: FLASH_Erase_Sector:Sector <- $r0
	.loc	5 1220 6                        @ ../Drivers/STM32H7xx_HAL_Driver/Src/stm32h7xx_hal_flash_ex.c:1220:6
	lsls	r1, r1, #30
.Ltmp121:
	@DEBUG_VALUE: FLASH_Erase_Sector:Banks <- [DW_OP_LLVM_entry_value 1] $r1
	.loc	5 1235 1                        @ ../Drivers/STM32H7xx_HAL_Driver/Src/stm32h7xx_hal_flash_ex.c:1235:1
	it	pl
	bxpl	lr
.Ltmp122:
.LBB1_3:
	@DEBUG_VALUE: FLASH_Erase_Sector:Banks <- [DW_OP_LLVM_entry_value 1] $r1
	@DEBUG_VALUE: FLASH_Erase_Sector:VoltageRange <- $r2
	@DEBUG_VALUE: FLASH_Erase_Sector:Sector <- $r0
	.loc	5 1224 16                       @ ../Drivers/STM32H7xx_HAL_Driver/Src/stm32h7xx_hal_flash_ex.c:1224:16
	ldr.w	r1, [r12, #256]
	bic	r1, r1, #1840
	str.w	r1, [r12, #256]
	.loc	5 1226 16                       @ ../Drivers/STM32H7xx_HAL_Driver/Src/stm32h7xx_hal_flash_ex.c:1226:16
	ldr.w	r1, [r12, #256]
	orr.w	r0, r1, r0, lsl #8
.Ltmp123:
	@DEBUG_VALUE: FLASH_Erase_Sector:Sector <- [DW_OP_LLVM_entry_value 1] $r0
	orrs	r0, r2
	orr	r0, r0, #132
	str.w	r0, [r12, #256]
.Ltmp124:
	.loc	5 1235 1                        @ ../Drivers/STM32H7xx_HAL_Driver/Src/stm32h7xx_hal_flash_ex.c:1235:1
	bx	lr
.Ltmp125:
.Lfunc_end1:
	.size	FLASH_Erase_Sector, .Lfunc_end1-FLASH_Erase_Sector
	.cfi_endproc
	.cantunwind
	.fnend
                                        @ -- End function
	.section	.text.HAL_FLASHEx_Erase_IT,"ax",%progbits
	.hidden	HAL_FLASHEx_Erase_IT            @ -- Begin function HAL_FLASHEx_Erase_IT
	.globl	HAL_FLASHEx_Erase_IT
	.p2align	3
	.type	HAL_FLASHEx_Erase_IT,%function
	.code	16                              @ @HAL_FLASHEx_Erase_IT
	.thumb_func
HAL_FLASHEx_Erase_IT:
.Lfunc_begin2:
	.loc	5 316 0                         @ ../Drivers/STM32H7xx_HAL_Driver/Src/stm32h7xx_hal_flash_ex.c:316:0
	.fnstart
	.cfi_startproc
@ %bb.0:
	@DEBUG_VALUE: HAL_FLASHEx_Erase_IT:pEraseInit <- $r0
	.save	{r4, r5, r6, lr}
	push	{r4, r5, r6, lr}
	.cfi_def_cfa_offset 16
	.cfi_offset lr, -4
	.cfi_offset r6, -8
	.cfi_offset r5, -12
	.cfi_offset r4, -16
.Ltmp126:
	.loc	5 324 3 prologue_end            @ ../Drivers/STM32H7xx_HAL_Driver/Src/stm32h7xx_hal_flash_ex.c:324:3
	movw	r5, :lower16:pFlash
	movt	r5, :upper16:pFlash
	ldrb	r1, [r5, #20]
.Ltmp127:
	.loc	5 324 3 is_stmt 0               @ ../Drivers/STM32H7xx_HAL_Driver/Src/stm32h7xx_hal_flash_ex.c:324:3
	cmp	r1, #1
.Ltmp128:
	@DEBUG_VALUE: HAL_FLASHEx_Erase_IT:status <- 0
	@DEBUG_VALUE: HAL_FLASHEx_Erase_IT:pEraseInit <- $r0
	bne	.LBB2_2
.Ltmp129:
@ %bb.1:
	@DEBUG_VALUE: HAL_FLASHEx_Erase_IT:status <- 0
	@DEBUG_VALUE: HAL_FLASHEx_Erase_IT:pEraseInit <- $r0
	.loc	5 0 3                           @ ../Drivers/STM32H7xx_HAL_Driver/Src/stm32h7xx_hal_flash_ex.c:0:3
	movs	r0, #2
.Ltmp130:
	.loc	5 427 1 epilogue_begin is_stmt 1 @ ../Drivers/STM32H7xx_HAL_Driver/Src/stm32h7xx_hal_flash_ex.c:427:1
	pop	{r4, r5, r6, pc}
.Ltmp131:
	.loc	5 0 1 is_stmt 0                 @ :0:1
.Ltmp132:
	.p2align	2
.LBB2_2:
	@DEBUG_VALUE: HAL_FLASHEx_Erase_IT:status <- 0
	@DEBUG_VALUE: HAL_FLASHEx_Erase_IT:pEraseInit <- $r0
	mov	r4, r0
.Ltmp133:
	@DEBUG_VALUE: HAL_FLASHEx_Erase_IT:pEraseInit <- $r4
	@DEBUG_VALUE: HAL_FLASHEx_Erase_IT:pEraseInit <- $r4
	movs	r0, #1
.Ltmp134:
	.loc	5 324 3 is_stmt 1               @ ../Drivers/STM32H7xx_HAL_Driver/Src/stm32h7xx_hal_flash_ex.c:324:3
	strb	r0, [r5, #20]
	movs	r0, #0
.Ltmp135:
	.loc	5 327 20                        @ ../Drivers/STM32H7xx_HAL_Driver/Src/stm32h7xx_hal_flash_ex.c:327:20
	str	r0, [r5, #24]
.Ltmp136:
	.loc	5 330 19                        @ ../Drivers/STM32H7xx_HAL_Driver/Src/stm32h7xx_hal_flash_ex.c:330:19
	ldr	r3, [r4, #4]
.Ltmp137:
	.loc	5 330 6 is_stmt 0               @ ../Drivers/STM32H7xx_HAL_Driver/Src/stm32h7xx_hal_flash_ex.c:330:6
	lsls	r0, r3, #31
	bne	.LBB2_5
.Ltmp138:
@ %bb.3:
	@DEBUG_VALUE: HAL_FLASHEx_Erase_IT:pEraseInit <- $r4
	@DEBUG_VALUE: HAL_FLASHEx_Erase_IT:status <- 0
	@DEBUG_VALUE: HAL_FLASHEx_Erase_IT:status <- undef
	.loc	5 340 6 is_stmt 1               @ ../Drivers/STM32H7xx_HAL_Driver/Src/stm32h7xx_hal_flash_ex.c:340:6
	lsls	r0, r3, #30
	bpl	.LBB2_11
.Ltmp139:
@ %bb.4:
	@DEBUG_VALUE: HAL_FLASHEx_Erase_IT:pEraseInit <- $r4
	.loc	5 0 6 is_stmt 0                 @ ../Drivers/STM32H7xx_HAL_Driver/Src/stm32h7xx_hal_flash_ex.c:0:6
	movs	r6, #1
	b	.LBB2_8
.Ltmp140:
	.p2align	2
.LBB2_5:
	@DEBUG_VALUE: HAL_FLASHEx_Erase_IT:pEraseInit <- $r4
	@DEBUG_VALUE: HAL_FLASHEx_Erase_IT:status <- 0
	.loc	5 332 8 is_stmt 1               @ ../Drivers/STM32H7xx_HAL_Driver/Src/stm32h7xx_hal_flash_ex.c:332:8
	movw	r0, #50000
	movs	r1, #1
	bl	FLASH_WaitForLastOperation
.Ltmp141:
	.loc	5 340 19                        @ ../Drivers/STM32H7xx_HAL_Driver/Src/stm32h7xx_hal_flash_ex.c:340:19
	ldr	r3, [r4, #4]
.Ltmp142:
	@DEBUG_VALUE: HAL_FLASHEx_Erase_IT:status <- undef
	.loc	5 340 6 is_stmt 0               @ ../Drivers/STM32H7xx_HAL_Driver/Src/stm32h7xx_hal_flash_ex.c:340:6
	lsls	r1, r3, #30
	bmi	.LBB2_7
.Ltmp143:
@ %bb.6:
	@DEBUG_VALUE: HAL_FLASHEx_Erase_IT:pEraseInit <- $r4
	@DEBUG_VALUE: HAL_FLASHEx_Erase_IT:status <- undef
	.loc	5 0 6                           @ ../Drivers/STM32H7xx_HAL_Driver/Src/stm32h7xx_hal_flash_ex.c:0:6
	cbnz	r0, .LBB2_17
	b	.LBB2_11
.Ltmp144:
	.p2align	2
.LBB2_7:
	@DEBUG_VALUE: HAL_FLASHEx_Erase_IT:pEraseInit <- $r4
	clz	r0, r0
	lsrs	r6, r0, #5
.Ltmp145:
.LBB2_8:
	@DEBUG_VALUE: HAL_FLASHEx_Erase_IT:pEraseInit <- $r4
	.loc	5 342 8 is_stmt 1               @ ../Drivers/STM32H7xx_HAL_Driver/Src/stm32h7xx_hal_flash_ex.c:342:8
	movw	r0, #50000
	movs	r1, #2
	bl	FLASH_WaitForLastOperation
.Ltmp146:
	@DEBUG_VALUE: HAL_FLASHEx_Erase_IT:status <- undef
	.loc	5 342 8 is_stmt 0               @ ../Drivers/STM32H7xx_HAL_Driver/Src/stm32h7xx_hal_flash_ex.c:342:8
	cbnz	r0, .LBB2_17
.Ltmp147:
@ %bb.9:
	@DEBUG_VALUE: HAL_FLASHEx_Erase_IT:pEraseInit <- $r4
	cbz	r6, .LBB2_17
.Ltmp148:
@ %bb.10:
	@DEBUG_VALUE: HAL_FLASHEx_Erase_IT:pEraseInit <- $r4
	.loc	5 356 21 is_stmt 1              @ ../Drivers/STM32H7xx_HAL_Driver/Src/stm32h7xx_hal_flash_ex.c:356:21
	ldr	r3, [r4, #4]
.Ltmp149:
.LBB2_11:
	@DEBUG_VALUE: HAL_FLASHEx_Erase_IT:pEraseInit <- $r4
	.loc	5 0 21 is_stmt 0                @ ../Drivers/STM32H7xx_HAL_Driver/Src/stm32h7xx_hal_flash_ex.c:0:21
	movw	r0, #8204
	.loc	5 356 8                         @ ../Drivers/STM32H7xx_HAL_Driver/Src/stm32h7xx_hal_flash_ex.c:356:8
	lsls	r2, r3, #31
	movt	r0, #20992
	bne	.LBB2_18
.Ltmp150:
@ %bb.12:
	@DEBUG_VALUE: HAL_FLASHEx_Erase_IT:pEraseInit <- $r4
	.loc	5 368 8 is_stmt 1               @ ../Drivers/STM32H7xx_HAL_Driver/Src/stm32h7xx_hal_flash_ex.c:368:8
	lsls	r1, r3, #30
	bmi	.LBB2_19
.Ltmp151:
.LBB2_13:
	@DEBUG_VALUE: HAL_FLASHEx_Erase_IT:pEraseInit <- $r4
	.loc	5 381 20                        @ ../Drivers/STM32H7xx_HAL_Driver/Src/stm32h7xx_hal_flash_ex.c:381:20
	ldr	r6, [r4]
.Ltmp152:
	.loc	5 381 8 is_stmt 0               @ ../Drivers/STM32H7xx_HAL_Driver/Src/stm32h7xx_hal_flash_ex.c:381:8
	cmp	r6, #1
	bne	.LBB2_20
.Ltmp153:
.LBB2_14:
	@DEBUG_VALUE: HAL_FLASHEx_Erase_IT:pEraseInit <- $r4
	.loc	5 384 10 is_stmt 1              @ ../Drivers/STM32H7xx_HAL_Driver/Src/stm32h7xx_hal_flash_ex.c:384:10
	cmp	r3, #1
	beq	.LBB2_26
.Ltmp154:
@ %bb.15:
	@DEBUG_VALUE: HAL_FLASHEx_Erase_IT:pEraseInit <- $r4
	cmp	r3, #2
	bne	.LBB2_33
.Ltmp155:
@ %bb.16:
	@DEBUG_VALUE: HAL_FLASHEx_Erase_IT:pEraseInit <- $r4
	.loc	5 0 10 is_stmt 0                @ ../Drivers/STM32H7xx_HAL_Driver/Src/stm32h7xx_hal_flash_ex.c:0:10
	movs	r3, #5
	b	.LBB2_27
.Ltmp156:
	.p2align	2
.LBB2_17:
	@DEBUG_VALUE: HAL_FLASHEx_Erase_IT:pEraseInit <- $r4
	movs	r0, #0
.Ltmp157:
	.loc	5 352 5 is_stmt 1               @ ../Drivers/STM32H7xx_HAL_Driver/Src/stm32h7xx_hal_flash_ex.c:352:5
	strb	r0, [r5, #20]
	movs	r0, #1
.Ltmp158:
	.loc	5 427 1 epilogue_begin          @ ../Drivers/STM32H7xx_HAL_Driver/Src/stm32h7xx_hal_flash_ex.c:427:1
	pop	{r4, r5, r6, pc}
.Ltmp159:
	.loc	5 0 1 is_stmt 0                 @ :0:1
.Ltmp160:
	.p2align	2
.LBB2_18:
	@DEBUG_VALUE: HAL_FLASHEx_Erase_IT:pEraseInit <- $r4
	.loc	5 360 7 is_stmt 1               @ ../Drivers/STM32H7xx_HAL_Driver/Src/stm32h7xx_hal_flash_ex.c:360:7
	ldr	r1, [r0]
	orr	r1, r1, #7274496
	str	r1, [r0]
.Ltmp161:
	.loc	5 368 8                         @ ../Drivers/STM32H7xx_HAL_Driver/Src/stm32h7xx_hal_flash_ex.c:368:8
	lsls	r1, r3, #30
	bpl	.LBB2_13
.Ltmp162:
.LBB2_19:
	@DEBUG_VALUE: HAL_FLASHEx_Erase_IT:pEraseInit <- $r4
	.loc	5 372 7                         @ ../Drivers/STM32H7xx_HAL_Driver/Src/stm32h7xx_hal_flash_ex.c:372:7
	ldr.w	r6, [r0, #256]
	orr	r6, r6, #7274496
	str.w	r6, [r0, #256]
.Ltmp163:
	.loc	5 381 20                        @ ../Drivers/STM32H7xx_HAL_Driver/Src/stm32h7xx_hal_flash_ex.c:381:20
	ldr	r6, [r4]
.Ltmp164:
	.loc	5 381 8 is_stmt 0               @ ../Drivers/STM32H7xx_HAL_Driver/Src/stm32h7xx_hal_flash_ex.c:381:8
	cmp	r6, #1
	beq	.LBB2_14
.Ltmp165:
.LBB2_20:
	@DEBUG_VALUE: HAL_FLASHEx_Erase_IT:pEraseInit <- $r4
	@DEBUG_VALUE: FLASH_Erase_Sector:Banks <- $r3
	.loc	5 405 10 is_stmt 1              @ ../Drivers/STM32H7xx_HAL_Driver/Src/stm32h7xx_hal_flash_ex.c:405:10
	cmp	r3, #1
	bne	.LBB2_22
.Ltmp166:
@ %bb.21:
	@DEBUG_VALUE: FLASH_Erase_Sector:Banks <- $r3
	@DEBUG_VALUE: HAL_FLASHEx_Erase_IT:pEraseInit <- $r4
	.loc	5 0 10 is_stmt 0                @ ../Drivers/STM32H7xx_HAL_Driver/Src/stm32h7xx_hal_flash_ex.c:0:10
	movs	r2, #1
.Ltmp167:
	.loc	5 407 33 is_stmt 1              @ ../Drivers/STM32H7xx_HAL_Driver/Src/stm32h7xx_hal_flash_ex.c:407:33
	strb	r2, [r5]
.Ltmp168:
	.loc	5 418 35                        @ ../Drivers/STM32H7xx_HAL_Driver/Src/stm32h7xx_hal_flash_ex.c:418:35
	ldrd	r3, r2, [r4, #8]
	.loc	5 419 44                        @ ../Drivers/STM32H7xx_HAL_Driver/Src/stm32h7xx_hal_flash_ex.c:419:44
	ldr	r4, [r4, #16]
.Ltmp169:
	.loc	5 417 31                        @ ../Drivers/STM32H7xx_HAL_Driver/Src/stm32h7xx_hal_flash_ex.c:417:31
	str	r2, [r5, #4]
	.loc	5 418 21                        @ ../Drivers/STM32H7xx_HAL_Driver/Src/stm32h7xx_hal_flash_ex.c:418:21
	str	r3, [r5, #12]
	.loc	5 419 30                        @ ../Drivers/STM32H7xx_HAL_Driver/Src/stm32h7xx_hal_flash_ex.c:419:30
	str	r4, [r5, #8]
.Ltmp170:
	@DEBUG_VALUE: FLASH_Erase_Sector:Sector <- $r3
	@DEBUG_VALUE: FLASH_Erase_Sector:VoltageRange <- $r4
	.loc	5 1204 6                        @ ../Drivers/STM32H7xx_HAL_Driver/Src/stm32h7xx_hal_flash_ex.c:1204:6
	b	.LBB2_23
.Ltmp171:
	.loc	5 0 6 is_stmt 0                 @ :0:6
.Ltmp172:
	.p2align	2
.LBB2_22:
	@DEBUG_VALUE: FLASH_Erase_Sector:Banks <- $r3
	@DEBUG_VALUE: HAL_FLASHEx_Erase_IT:pEraseInit <- $r4
	movs	r3, #4
.Ltmp173:
	.loc	5 411 33 is_stmt 1              @ ../Drivers/STM32H7xx_HAL_Driver/Src/stm32h7xx_hal_flash_ex.c:411:33
	strb	r3, [r5]
.Ltmp174:
	.loc	5 418 35                        @ ../Drivers/STM32H7xx_HAL_Driver/Src/stm32h7xx_hal_flash_ex.c:418:35
	ldrd	r3, r6, [r4, #8]
	.loc	5 419 44                        @ ../Drivers/STM32H7xx_HAL_Driver/Src/stm32h7xx_hal_flash_ex.c:419:44
	ldr	r4, [r4, #16]
.Ltmp175:
	.loc	5 417 31                        @ ../Drivers/STM32H7xx_HAL_Driver/Src/stm32h7xx_hal_flash_ex.c:417:31
	str	r6, [r5, #4]
	.loc	5 418 21                        @ ../Drivers/STM32H7xx_HAL_Driver/Src/stm32h7xx_hal_flash_ex.c:418:21
	str	r3, [r5, #12]
	.loc	5 419 30                        @ ../Drivers/STM32H7xx_HAL_Driver/Src/stm32h7xx_hal_flash_ex.c:419:30
	str	r4, [r5, #8]
.Ltmp176:
	@DEBUG_VALUE: FLASH_Erase_Sector:Sector <- $r3
	@DEBUG_VALUE: FLASH_Erase_Sector:VoltageRange <- $r4
	.loc	5 1204 6                        @ ../Drivers/STM32H7xx_HAL_Driver/Src/stm32h7xx_hal_flash_ex.c:1204:6
	cbz	r2, .LBB2_24
.Ltmp177:
.LBB2_23:
	@DEBUG_VALUE: FLASH_Erase_Sector:VoltageRange <- $r4
	@DEBUG_VALUE: FLASH_Erase_Sector:Sector <- $r3
	.loc	5 1208 16                       @ ../Drivers/STM32H7xx_HAL_Driver/Src/stm32h7xx_hal_flash_ex.c:1208:16
	ldr	r2, [r0]
	bic	r2, r2, #1840
	str	r2, [r0]
	.loc	5 1210 16                       @ ../Drivers/STM32H7xx_HAL_Driver/Src/stm32h7xx_hal_flash_ex.c:1210:16
	ldr	r2, [r0]
	orr.w	r2, r2, r3, lsl #8
	orrs	r2, r4
	orr	r2, r2, #132
	str	r2, [r0]
.Ltmp178:
.LBB2_24:
	@DEBUG_VALUE: FLASH_Erase_Sector:VoltageRange <- $r4
	@DEBUG_VALUE: FLASH_Erase_Sector:Sector <- $r3
	.loc	5 1220 6                        @ ../Drivers/STM32H7xx_HAL_Driver/Src/stm32h7xx_hal_flash_ex.c:1220:6
	cmp	r1, #0
	bpl	.LBB2_31
.Ltmp179:
@ %bb.25:
	@DEBUG_VALUE: FLASH_Erase_Sector:VoltageRange <- $r4
	@DEBUG_VALUE: FLASH_Erase_Sector:Sector <- $r3
	.loc	5 1224 16                       @ ../Drivers/STM32H7xx_HAL_Driver/Src/stm32h7xx_hal_flash_ex.c:1224:16
	ldr.w	r1, [r0, #256]
	.loc	5 1226 16                       @ ../Drivers/STM32H7xx_HAL_Driver/Src/stm32h7xx_hal_flash_ex.c:1226:16
	orr.w	r2, r4, r3, lsl #8
	.loc	5 1224 16                       @ ../Drivers/STM32H7xx_HAL_Driver/Src/stm32h7xx_hal_flash_ex.c:1224:16
	bic	r1, r1, #1840
	str.w	r1, [r0, #256]
	.loc	5 1226 16                       @ ../Drivers/STM32H7xx_HAL_Driver/Src/stm32h7xx_hal_flash_ex.c:1226:16
	ldr.w	r1, [r0, #256]
	orrs	r1, r2
	orr	r1, r1, #132
	str.w	r1, [r0, #256]
	movs	r0, #0
.Ltmp180:
	.loc	5 427 1 epilogue_begin          @ ../Drivers/STM32H7xx_HAL_Driver/Src/stm32h7xx_hal_flash_ex.c:427:1
	pop	{r4, r5, r6, pc}
.Ltmp181:
	.loc	5 0 1 is_stmt 0                 @ :0:1
.Ltmp182:
	.p2align	2
.LBB2_26:
	@DEBUG_VALUE: HAL_FLASHEx_Erase_IT:pEraseInit <- $r4
	movs	r3, #2
.Ltmp183:
.LBB2_27:
	@DEBUG_VALUE: HAL_FLASHEx_Erase_IT:pEraseInit <- $r4
	strb	r3, [r5]
.Ltmp184:
	.loc	5 399 35 is_stmt 1              @ ../Drivers/STM32H7xx_HAL_Driver/Src/stm32h7xx_hal_flash_ex.c:399:35
	ldr	r3, [r4, #16]
	@DEBUG_VALUE: FLASH_MassErase:Banks <- undef
	@DEBUG_VALUE: FLASH_MassErase:VoltageRange <- $r3
.Ltmp185:
.LBB2_28:
	@DEBUG_VALUE: FLASH_MassErase:VoltageRange <- $r3
	@DEBUG_VALUE: HAL_FLASHEx_Erase_IT:pEraseInit <- $r4
	.loc	5 0 35 is_stmt 0                @ ../Drivers/STM32H7xx_HAL_Driver/Src/stm32h7xx_hal_flash_ex.c:0:35
	cbz	r2, .LBB2_30
.Ltmp186:
@ %bb.29:
	@DEBUG_VALUE: FLASH_MassErase:VoltageRange <- $r3
	@DEBUG_VALUE: HAL_FLASHEx_Erase_IT:pEraseInit <- $r4
	.loc	5 1152 18 is_stmt 1             @ ../Drivers/STM32H7xx_HAL_Driver/Src/stm32h7xx_hal_flash_ex.c:1152:18
	ldr	r2, [r0]
	bic	r2, r2, #48
	str	r2, [r0]
	.loc	5 1153 18                       @ ../Drivers/STM32H7xx_HAL_Driver/Src/stm32h7xx_hal_flash_ex.c:1153:18
	ldr	r2, [r0]
	orrs	r2, r3
	str	r2, [r0]
	.loc	5 1157 18                       @ ../Drivers/STM32H7xx_HAL_Driver/Src/stm32h7xx_hal_flash_ex.c:1157:18
	ldr	r2, [r0]
	orr	r2, r2, #136
	str	r2, [r0]
.Ltmp187:
.LBB2_30:
	@DEBUG_VALUE: FLASH_MassErase:VoltageRange <- $r3
	@DEBUG_VALUE: HAL_FLASHEx_Erase_IT:pEraseInit <- $r4
	.loc	5 1161 8                        @ ../Drivers/STM32H7xx_HAL_Driver/Src/stm32h7xx_hal_flash_ex.c:1161:8
	cmp	r1, #0
	bmi	.LBB2_32
.Ltmp188:
.LBB2_31:
	.loc	5 0 8 is_stmt 0                 @ ../Drivers/STM32H7xx_HAL_Driver/Src/stm32h7xx_hal_flash_ex.c:0:8
	movs	r0, #0
	.loc	5 427 1 epilogue_begin is_stmt 1 @ ../Drivers/STM32H7xx_HAL_Driver/Src/stm32h7xx_hal_flash_ex.c:427:1
	pop	{r4, r5, r6, pc}
	.loc	5 0 1 is_stmt 0                 @ :0:1
.Ltmp189:
	.p2align	2
.LBB2_32:
.Ltmp190:
	@DEBUG_VALUE: FLASH_MassErase:VoltageRange <- $r3
	@DEBUG_VALUE: HAL_FLASHEx_Erase_IT:pEraseInit <- $r4
	.loc	5 1165 18 is_stmt 1             @ ../Drivers/STM32H7xx_HAL_Driver/Src/stm32h7xx_hal_flash_ex.c:1165:18
	ldr.w	r2, [r0, #256]
	add.w	r1, r0, #256
	bic	r2, r2, #48
	str.w	r2, [r0, #256]
	movs	r2, #136
	b	.LBB2_35
.Ltmp191:
	.loc	5 0 18 is_stmt 0                @ :0:18
.Ltmp192:
	.p2align	2
.LBB2_33:
	@DEBUG_VALUE: HAL_FLASHEx_Erase_IT:pEraseInit <- $r4
	movs	r6, #7
	.loc	5 1129 13 is_stmt 1             @ ../Drivers/STM32H7xx_HAL_Driver/Src/stm32h7xx_hal_flash_ex.c:1129:13
	and	r3, r3, #3
.Ltmp193:
	.loc	5 396 33                        @ ../Drivers/STM32H7xx_HAL_Driver/Src/stm32h7xx_hal_flash_ex.c:396:33
	strb	r6, [r5]
.Ltmp194:
	.loc	5 1129 6                        @ ../Drivers/STM32H7xx_HAL_Driver/Src/stm32h7xx_hal_flash_ex.c:1129:6
	cmp	r3, #3
.Ltmp195:
	.loc	5 399 35                        @ ../Drivers/STM32H7xx_HAL_Driver/Src/stm32h7xx_hal_flash_ex.c:399:35
	ldr	r3, [r4, #16]
.Ltmp196:
	@DEBUG_VALUE: FLASH_MassErase:Banks <- undef
	@DEBUG_VALUE: FLASH_MassErase:VoltageRange <- $r3
	.loc	5 1129 6                        @ ../Drivers/STM32H7xx_HAL_Driver/Src/stm32h7xx_hal_flash_ex.c:1129:6
	bne	.LBB2_28
.Ltmp197:
@ %bb.34:
	@DEBUG_VALUE: FLASH_MassErase:VoltageRange <- $r3
	@DEBUG_VALUE: HAL_FLASHEx_Erase_IT:pEraseInit <- $r4
	.loc	5 1133 16                       @ ../Drivers/STM32H7xx_HAL_Driver/Src/stm32h7xx_hal_flash_ex.c:1133:16
	ldr	r1, [r0]
	movs	r2, #16
	bic	r1, r1, #48
	str	r1, [r0]
	.loc	5 1134 16                       @ ../Drivers/STM32H7xx_HAL_Driver/Src/stm32h7xx_hal_flash_ex.c:1134:16
	ldr.w	r1, [r0, #256]
	bic	r1, r1, #48
	str.w	r1, [r0, #256]
	.loc	5 1137 16                       @ ../Drivers/STM32H7xx_HAL_Driver/Src/stm32h7xx_hal_flash_ex.c:1137:16
	ldr	r1, [r0]
	orrs	r1, r3
	str	r1, [r0]
	add.w	r1, r0, #12
.Ltmp198:
.LBB2_35:
	@DEBUG_VALUE: FLASH_MassErase:VoltageRange <- $r3
	@DEBUG_VALUE: HAL_FLASHEx_Erase_IT:pEraseInit <- $r4
	.loc	5 0 0 is_stmt 0                 @ ../Drivers/STM32H7xx_HAL_Driver/Src/stm32h7xx_hal_flash_ex.c:0:0
	ldr.w	r6, [r0, #256]
	orrs	r3, r6
.Ltmp199:
	str.w	r3, [r0, #256]
	ldr	r0, [r1]
	orrs	r0, r2
	str	r0, [r1]
	movs	r0, #0
.Ltmp200:
	.loc	5 427 1 epilogue_begin is_stmt 1 @ ../Drivers/STM32H7xx_HAL_Driver/Src/stm32h7xx_hal_flash_ex.c:427:1
	pop	{r4, r5, r6, pc}
.Ltmp201:
.Lfunc_end2:
	.size	HAL_FLASHEx_Erase_IT, .Lfunc_end2-HAL_FLASHEx_Erase_IT
	.cfi_endproc
	.cantunwind
	.fnend
                                        @ -- End function
	.section	.text.HAL_FLASHEx_OBProgram,"ax",%progbits
	.hidden	HAL_FLASHEx_OBProgram           @ -- Begin function HAL_FLASHEx_OBProgram
	.globl	HAL_FLASHEx_OBProgram
	.p2align	3
	.type	HAL_FLASHEx_OBProgram,%function
	.code	16                              @ @HAL_FLASHEx_OBProgram
	.thumb_func
HAL_FLASHEx_OBProgram:
.Lfunc_begin3:
	.loc	5 437 0                         @ ../Drivers/STM32H7xx_HAL_Driver/Src/stm32h7xx_hal_flash_ex.c:437:0
	.fnstart
	.cfi_startproc
@ %bb.0:
	@DEBUG_VALUE: HAL_FLASHEx_OBProgram:pOBInit <- $r0
	.save	{r4, r5, r6, r7, r8, r9, r10, r11, lr}
	push.w	{r4, r5, r6, r7, r8, r9, r10, r11, lr}
	.cfi_def_cfa_offset 36
	.cfi_offset lr, -4
	.cfi_offset r11, -8
	.cfi_offset r10, -12
	.cfi_offset r9, -16
	.cfi_offset r8, -20
	.cfi_offset r7, -24
	.cfi_offset r6, -28
	.cfi_offset r5, -32
	.cfi_offset r4, -36
	.pad	#4
	sub	sp, #4
	.cfi_def_cfa_offset 40
.Ltmp202:
	.loc	5 444 3 prologue_end            @ ../Drivers/STM32H7xx_HAL_Driver/Src/stm32h7xx_hal_flash_ex.c:444:3
	movw	r5, :lower16:pFlash
	movt	r5, :upper16:pFlash
	ldrb	r1, [r5, #20]
.Ltmp203:
	.loc	5 444 3 is_stmt 0               @ ../Drivers/STM32H7xx_HAL_Driver/Src/stm32h7xx_hal_flash_ex.c:444:3
	cmp	r1, #1
	bne	.LBB3_2
.Ltmp204:
@ %bb.1:
	@DEBUG_VALUE: HAL_FLASHEx_OBProgram:pOBInit <- $r0
	.loc	5 0 3                           @ ../Drivers/STM32H7xx_HAL_Driver/Src/stm32h7xx_hal_flash_ex.c:0:3
	movs	r4, #2
	.loc	5 568 1 is_stmt 1               @ ../Drivers/STM32H7xx_HAL_Driver/Src/stm32h7xx_hal_flash_ex.c:568:1
	mov	r0, r4
.Ltmp205:
	@DEBUG_VALUE: HAL_FLASHEx_OBProgram:pOBInit <- [DW_OP_LLVM_entry_value 1] $r0
	.loc	5 568 1 epilogue_begin is_stmt 0 @ ../Drivers/STM32H7xx_HAL_Driver/Src/stm32h7xx_hal_flash_ex.c:568:1
	add	sp, #4
	pop.w	{r4, r5, r6, r7, r8, r9, r10, r11, pc}
.Ltmp206:
	.loc	5 0 1                           @ :0:1
.Ltmp207:
	.p2align	2
.LBB3_2:
	@DEBUG_VALUE: HAL_FLASHEx_OBProgram:pOBInit <- $r0
	mov	r7, r0
.Ltmp208:
	@DEBUG_VALUE: HAL_FLASHEx_OBProgram:pOBInit <- $r7
	.loc	5 450 6 is_stmt 1               @ ../Drivers/STM32H7xx_HAL_Driver/Src/stm32h7xx_hal_flash_ex.c:450:6
	movw	r0, #50000
	movs	r1, #1
	movs	r4, #1
.Ltmp209:
	.loc	5 444 3                         @ ../Drivers/STM32H7xx_HAL_Driver/Src/stm32h7xx_hal_flash_ex.c:444:3
	strb	r4, [r5, #20]
	mov.w	r10, #0
.Ltmp210:
	.loc	5 447 20                        @ ../Drivers/STM32H7xx_HAL_Driver/Src/stm32h7xx_hal_flash_ex.c:447:20
	str.w	r10, [r5, #24]
.Ltmp211:
	.loc	5 450 6                         @ ../Drivers/STM32H7xx_HAL_Driver/Src/stm32h7xx_hal_flash_ex.c:450:6
	bl	FLASH_WaitForLastOperation
.Ltmp212:
	.loc	5 450 6 is_stmt 0               @ ../Drivers/STM32H7xx_HAL_Driver/Src/stm32h7xx_hal_flash_ex.c:450:6
	cbz	r0, .LBB3_4
.Ltmp213:
@ %bb.3:
	@DEBUG_VALUE: HAL_FLASHEx_OBProgram:pOBInit <- $r7
	.loc	5 565 3 is_stmt 1               @ ../Drivers/STM32H7xx_HAL_Driver/Src/stm32h7xx_hal_flash_ex.c:565:3
	strb.w	r10, [r5, #20]
.Ltmp214:
	.loc	5 568 1                         @ ../Drivers/STM32H7xx_HAL_Driver/Src/stm32h7xx_hal_flash_ex.c:568:1
	mov	r0, r4
	.loc	5 568 1 epilogue_begin is_stmt 0 @ ../Drivers/STM32H7xx_HAL_Driver/Src/stm32h7xx_hal_flash_ex.c:568:1
	add	sp, #4
	pop.w	{r4, r5, r6, r7, r8, r9, r10, r11, pc}
.Ltmp215:
	.loc	5 0 1                           @ :0:1
.Ltmp216:
	.p2align	2
.LBB3_4:
	@DEBUG_VALUE: HAL_FLASHEx_OBProgram:pOBInit <- $r7
	.loc	5 455 11 is_stmt 1              @ ../Drivers/STM32H7xx_HAL_Driver/Src/stm32h7xx_hal_flash_ex.c:455:11
	movw	r0, #50000
	movs	r1, #2
	bl	FLASH_WaitForLastOperation
.Ltmp217:
	@DEBUG_VALUE: HAL_FLASHEx_OBProgram:status <- undef
	.loc	5 465 6                         @ ../Drivers/STM32H7xx_HAL_Driver/Src/stm32h7xx_hal_flash_ex.c:465:6
	cbz	r0, .LBB3_6
.Ltmp218:
@ %bb.5:
	@DEBUG_VALUE: HAL_FLASHEx_OBProgram:pOBInit <- $r7
	.loc	5 0 6 is_stmt 0                 @ ../Drivers/STM32H7xx_HAL_Driver/Src/stm32h7xx_hal_flash_ex.c:0:6
	movs	r4, #1
.Ltmp219:
	.loc	5 565 3 is_stmt 1               @ ../Drivers/STM32H7xx_HAL_Driver/Src/stm32h7xx_hal_flash_ex.c:565:3
	strb.w	r10, [r5, #20]
.Ltmp220:
	.loc	5 568 1                         @ ../Drivers/STM32H7xx_HAL_Driver/Src/stm32h7xx_hal_flash_ex.c:568:1
	mov	r0, r4
	.loc	5 568 1 epilogue_begin is_stmt 0 @ ../Drivers/STM32H7xx_HAL_Driver/Src/stm32h7xx_hal_flash_ex.c:568:1
	add	sp, #4
	pop.w	{r4, r5, r6, r7, r8, r9, r10, r11, pc}
.Ltmp221:
	.loc	5 0 1                           @ :0:1
.Ltmp222:
	.p2align	2
.LBB3_6:
	@DEBUG_VALUE: HAL_FLASHEx_OBProgram:pOBInit <- $r7
	.loc	5 468 18 is_stmt 1              @ ../Drivers/STM32H7xx_HAL_Driver/Src/stm32h7xx_hal_flash_ex.c:468:18
	ldr	r2, [r7]
	movw	r12, #8224
	mov	r1, r7
.Ltmp223:
	.loc	5 468 8 is_stmt 0               @ ../Drivers/STM32H7xx_HAL_Driver/Src/stm32h7xx_hal_flash_ex.c:468:8
	lsls	r0, r2, #31
	movt	r12, #20992
	beq	.LBB3_17
.Ltmp224:
@ %bb.7:
	@DEBUG_VALUE: HAL_FLASHEx_OBProgram:pOBInit <- $r7
	.loc	5 472 19 is_stmt 1              @ ../Drivers/STM32H7xx_HAL_Driver/Src/stm32h7xx_hal_flash_ex.c:472:19
	ldr	r3, [r1, #4]
	.loc	5 0 0 is_stmt 0                 @ ../Drivers/STM32H7xx_HAL_Driver/Src/stm32h7xx_hal_flash_ex.c:0:0
	ldrb	r0, [r1, #8]
.Ltmp225:
	.loc	5 472 10                        @ ../Drivers/STM32H7xx_HAL_Driver/Src/stm32h7xx_hal_flash_ex.c:472:10
	cmp	r3, #1
.Ltmp226:
	.loc	5 0 0                           @ ../Drivers/STM32H7xx_HAL_Driver/Src/stm32h7xx_hal_flash_ex.c:0:0
	ldr	r3, [r1, #28]
.Ltmp227:
	.loc	5 472 10                        @ ../Drivers/STM32H7xx_HAL_Driver/Src/stm32h7xx_hal_flash_ex.c:472:10
	bne	.LBB3_12
.Ltmp228:
@ %bb.8:
	@DEBUG_VALUE: HAL_FLASHEx_OBProgram:pOBInit <- $r7
	@DEBUG_VALUE: FLASH_OB_EnableWRP:WRPSector <- $r0
	@DEBUG_VALUE: FLASH_OB_EnableWRP:Banks <- $r3
	.loc	5 1257 6 is_stmt 1              @ ../Drivers/STM32H7xx_HAL_Driver/Src/stm32h7xx_hal_flash_ex.c:1257:6
	lsls	r7, r3, #31
.Ltmp229:
	@DEBUG_VALUE: HAL_FLASHEx_OBProgram:pOBInit <- [DW_OP_LLVM_entry_value 1] $r0
	beq	.LBB3_10
.Ltmp230:
@ %bb.9:
	@DEBUG_VALUE: FLASH_OB_EnableWRP:Banks <- $r3
	@DEBUG_VALUE: FLASH_OB_EnableWRP:WRPSector <- $r0
	@DEBUG_VALUE: HAL_FLASHEx_OBProgram:pOBInit <- [DW_OP_LLVM_entry_value 1] $r0
	.loc	5 1260 22                       @ ../Drivers/STM32H7xx_HAL_Driver/Src/stm32h7xx_hal_flash_ex.c:1260:22
	ldr.w	r7, [r12, #28]
	bics	r7, r0
	str.w	r7, [r12, #28]
.Ltmp231:
.LBB3_10:
	@DEBUG_VALUE: FLASH_OB_EnableWRP:Banks <- $r3
	@DEBUG_VALUE: FLASH_OB_EnableWRP:WRPSector <- $r0
	@DEBUG_VALUE: HAL_FLASHEx_OBProgram:pOBInit <- [DW_OP_LLVM_entry_value 1] $r0
	.loc	5 1264 6                        @ ../Drivers/STM32H7xx_HAL_Driver/Src/stm32h7xx_hal_flash_ex.c:1264:6
	lsls	r3, r3, #30
.Ltmp232:
	bpl	.LBB3_17
.Ltmp233:
@ %bb.11:
	@DEBUG_VALUE: FLASH_OB_EnableWRP:WRPSector <- $r0
	@DEBUG_VALUE: HAL_FLASHEx_OBProgram:pOBInit <- [DW_OP_LLVM_entry_value 1] $r0
	.loc	5 1267 22                       @ ../Drivers/STM32H7xx_HAL_Driver/Src/stm32h7xx_hal_flash_ex.c:1267:22
	ldr.w	r3, [r12, #284]
	bic.w	r0, r3, r0
.Ltmp234:
	.loc	5 1268 3                        @ ../Drivers/STM32H7xx_HAL_Driver/Src/stm32h7xx_hal_flash_ex.c:1268:3
	b	.LBB3_16
.Ltmp235:
	.loc	5 0 3 is_stmt 0                 @ :0:3
.Ltmp236:
	.p2align	2
.LBB3_12:
	@DEBUG_VALUE: HAL_FLASHEx_OBProgram:pOBInit <- $r7
	@DEBUG_VALUE: FLASH_OB_DisableWRP:WRPSector <- $r0
	@DEBUG_VALUE: FLASH_OB_DisableWRP:Banks <- $r3
	.loc	5 1292 6 is_stmt 1              @ ../Drivers/STM32H7xx_HAL_Driver/Src/stm32h7xx_hal_flash_ex.c:1292:6
	lsls	r7, r3, #31
.Ltmp237:
	@DEBUG_VALUE: HAL_FLASHEx_OBProgram:pOBInit <- [DW_OP_LLVM_entry_value 1] $r0
	beq	.LBB3_14
.Ltmp238:
@ %bb.13:
	@DEBUG_VALUE: HAL_FLASHEx_OBProgram:pOBInit <- [DW_OP_LLVM_entry_value 1] $r0
	@DEBUG_VALUE: FLASH_OB_DisableWRP:Banks <- $r3
	@DEBUG_VALUE: FLASH_OB_DisableWRP:WRPSector <- $r0
	.loc	5 1295 22                       @ ../Drivers/STM32H7xx_HAL_Driver/Src/stm32h7xx_hal_flash_ex.c:1295:22
	ldr.w	r7, [r12, #28]
	orrs	r7, r0
	str.w	r7, [r12, #28]
.Ltmp239:
.LBB3_14:
	@DEBUG_VALUE: HAL_FLASHEx_OBProgram:pOBInit <- [DW_OP_LLVM_entry_value 1] $r0
	@DEBUG_VALUE: FLASH_OB_DisableWRP:Banks <- $r3
	@DEBUG_VALUE: FLASH_OB_DisableWRP:WRPSector <- $r0
	.loc	5 1299 6                        @ ../Drivers/STM32H7xx_HAL_Driver/Src/stm32h7xx_hal_flash_ex.c:1299:6
	lsls	r3, r3, #30
.Ltmp240:
	bpl	.LBB3_17
.Ltmp241:
@ %bb.15:
	@DEBUG_VALUE: HAL_FLASHEx_OBProgram:pOBInit <- [DW_OP_LLVM_entry_value 1] $r0
	@DEBUG_VALUE: FLASH_OB_DisableWRP:WRPSector <- $r0
	.loc	5 1302 22                       @ ../Drivers/STM32H7xx_HAL_Driver/Src/stm32h7xx_hal_flash_ex.c:1302:22
	ldr.w	r3, [r12, #284]
	orrs	r0, r3
.Ltmp242:
.LBB3_16:
	@DEBUG_VALUE: HAL_FLASHEx_OBProgram:pOBInit <- [DW_OP_LLVM_entry_value 1] $r0
	.loc	5 0 0 is_stmt 0                 @ ../Drivers/STM32H7xx_HAL_Driver/Src/stm32h7xx_hal_flash_ex.c:0:0
	str.w	r0, [r12, #284]
.Ltmp243:
.LBB3_17:
	.loc	5 485 8 is_stmt 1               @ ../Drivers/STM32H7xx_HAL_Driver/Src/stm32h7xx_hal_flash_ex.c:485:8
	lsls	r0, r2, #30
	bmi	.LBB3_20
@ %bb.18:
	.loc	5 492 8                         @ ../Drivers/STM32H7xx_HAL_Driver/Src/stm32h7xx_hal_flash_ex.c:492:8
	lsls	r0, r2, #29
	bmi	.LBB3_21
.LBB3_19:
	.loc	5 499 8                         @ ../Drivers/STM32H7xx_HAL_Driver/Src/stm32h7xx_hal_flash_ex.c:499:8
	lsls	r0, r2, #28
	bmi	.LBB3_22
	b	.LBB3_26
	.loc	5 0 8 is_stmt 0                 @ :0:8
.Ltmp244:
	.p2align	2
.LBB3_20:
.Ltmp245:
	.loc	5 488 35 is_stmt 1              @ ../Drivers/STM32H7xx_HAL_Driver/Src/stm32h7xx_hal_flash_ex.c:488:35
	ldr	r0, [r1, #12]
.Ltmp246:
	@DEBUG_VALUE: FLASH_OB_RDPConfig:RDPLevel <- $r0
	.loc	5 1377 3                        @ ../Drivers/STM32H7xx_HAL_Driver/Src/stm32h7xx_hal_flash_ex.c:1377:3
	ldr.w	r3, [r12]
	bic	r3, r3, #65280
	orrs	r0, r3
.Ltmp247:
	str.w	r0, [r12]
.Ltmp248:
	.loc	5 492 8                         @ ../Drivers/STM32H7xx_HAL_Driver/Src/stm32h7xx_hal_flash_ex.c:492:8
	lsls	r0, r2, #29
	bpl	.LBB3_19
.LBB3_21:
.Ltmp249:
	@DEBUG_VALUE: FLASH_OB_UserConfig:UserConfig <- undef
	.loc	5 495 36                        @ ../Drivers/STM32H7xx_HAL_Driver/Src/stm32h7xx_hal_flash_ex.c:495:36
	ldrd	r4, r3, [r1, #20]
.Ltmp250:
	.loc	5 1482 6                        @ ../Drivers/STM32H7xx_HAL_Driver/Src/stm32h7xx_hal_flash_ex.c:1482:6
	and	r0, r4, #6
.Ltmp251:
	.loc	5 1452 16                       @ ../Drivers/STM32H7xx_HAL_Driver/Src/stm32h7xx_hal_flash_ex.c:1452:16
	ands	r9, r4, #1
.Ltmp252:
	.loc	5 1482 6                        @ ../Drivers/STM32H7xx_HAL_Driver/Src/stm32h7xx_hal_flash_ex.c:1482:6
	lsl.w	r8, r0, #5
	and	r7, r3, #16
.Ltmp253:
	@DEBUG_VALUE: FLASH_OB_UserConfig:optr_reg_mask <- undef
	@DEBUG_VALUE: FLASH_OB_UserConfig:optr_reg_val <- undef
	.loc	5 1472 6                        @ ../Drivers/STM32H7xx_HAL_Driver/Src/stm32h7xx_hal_flash_ex.c:1472:6
	and.w	r0, r3, r4, lsl #5
	and	r0, r0, #64
	.loc	5 1482 6                        @ ../Drivers/STM32H7xx_HAL_Driver/Src/stm32h7xx_hal_flash_ex.c:1482:6
	orr.w	r8, r8, r9, lsl #4
.Ltmp254:
	@DEBUG_VALUE: FLASH_OB_UserConfig:optr_reg_mask <- $r8
	.loc	5 1472 6                        @ ../Drivers/STM32H7xx_HAL_Driver/Src/stm32h7xx_hal_flash_ex.c:1472:6
	it	ne
	addne	r0, r7
.Ltmp255:
	@DEBUG_VALUE: FLASH_OB_UserConfig:optr_reg_mask <- undef
	@DEBUG_VALUE: FLASH_OB_UserConfig:optr_reg_val <- $r0
	.loc	5 1482 6                        @ ../Drivers/STM32H7xx_HAL_Driver/Src/stm32h7xx_hal_flash_ex.c:1482:6
	and	r7, r3, #128
	lsls	r6, r4, #29
.Ltmp256:
	.loc	5 1492 16                       @ ../Drivers/STM32H7xx_HAL_Driver/Src/stm32h7xx_hal_flash_ex.c:1492:16
	and	r6, r4, #8
.Ltmp257:
	.loc	5 1492 6 is_stmt 0              @ ../Drivers/STM32H7xx_HAL_Driver/Src/stm32h7xx_hal_flash_ex.c:1492:6
	and	r9, r3, #131072
	.loc	5 1482 6 is_stmt 1              @ ../Drivers/STM32H7xx_HAL_Driver/Src/stm32h7xx_hal_flash_ex.c:1482:6
	it	mi
	addmi	r0, r7
.Ltmp258:
	@DEBUG_VALUE: FLASH_OB_UserConfig:optr_reg_val <- $r0
	.loc	5 1492 6                        @ ../Drivers/STM32H7xx_HAL_Driver/Src/stm32h7xx_hal_flash_ex.c:1492:6
	cmp	r6, #0
.Ltmp259:
	.loc	5 1502 16                       @ ../Drivers/STM32H7xx_HAL_Driver/Src/stm32h7xx_hal_flash_ex.c:1502:16
	and	r7, r4, #16
.Ltmp260:
	.loc	5 1492 6                        @ ../Drivers/STM32H7xx_HAL_Driver/Src/stm32h7xx_hal_flash_ex.c:1492:6
	it	ne
	addne	r0, r9
.Ltmp261:
	@DEBUG_VALUE: FLASH_OB_UserConfig:optr_reg_val <- $r0
	.loc	5 1502 6                        @ ../Drivers/STM32H7xx_HAL_Driver/Src/stm32h7xx_hal_flash_ex.c:1502:6
	and	r9, r3, #262144
	cmp	r7, #0
	add.w	r11, r6, r7
	.loc	5 1512 6                        @ ../Drivers/STM32H7xx_HAL_Driver/Src/stm32h7xx_hal_flash_ex.c:1512:6
	and	r7, r3, #1572864
	.loc	5 1502 6                        @ ../Drivers/STM32H7xx_HAL_Driver/Src/stm32h7xx_hal_flash_ex.c:1502:6
	it	ne
	orrne.w	r0, r0, r9
.Ltmp262:
	@DEBUG_VALUE: FLASH_OB_UserConfig:optr_reg_val <- $r0
	.loc	5 1512 6                        @ ../Drivers/STM32H7xx_HAL_Driver/Src/stm32h7xx_hal_flash_ex.c:1512:6
	lsls	r6, r4, #26
	it	mi
	orrmi	r0, r7
.Ltmp263:
	@DEBUG_VALUE: FLASH_OB_UserConfig:optr_reg_val <- $r0
	.loc	5 1522 6                        @ ../Drivers/STM32H7xx_HAL_Driver/Src/stm32h7xx_hal_flash_ex.c:1522:6
	and	r7, r3, #2097152
	.loc	5 1502 6                        @ ../Drivers/STM32H7xx_HAL_Driver/Src/stm32h7xx_hal_flash_ex.c:1502:6
	orr.w	r6, r8, r11, lsl #14
.Ltmp264:
	@DEBUG_VALUE: FLASH_OB_UserConfig:optr_reg_mask <- $r6
	.loc	5 1522 16                       @ ../Drivers/STM32H7xx_HAL_Driver/Src/stm32h7xx_hal_flash_ex.c:1522:16
	ands	r8, r4, #64
.Ltmp265:
	.loc	5 495 36                        @ ../Drivers/STM32H7xx_HAL_Driver/Src/stm32h7xx_hal_flash_ex.c:495:36
	lsr.w	lr, r4, #5
.Ltmp266:
	@DEBUG_VALUE: FLASH_OB_UserConfig:optr_reg_mask <- 0
	@DEBUG_VALUE: FLASH_OB_UserConfig:optr_reg_val <- 0
	@DEBUG_VALUE: FLASH_OB_UserConfig:UserType <- $r4
	.loc	5 1522 6                        @ ../Drivers/STM32H7xx_HAL_Driver/Src/stm32h7xx_hal_flash_ex.c:1522:6
	it	ne
	orrne	r0, r7
.Ltmp267:
	@DEBUG_VALUE: FLASH_OB_UserConfig:optr_reg_mask <- undef
	@DEBUG_VALUE: FLASH_OB_UserConfig:optr_reg_val <- $r0
	.loc	5 1577 16                       @ ../Drivers/STM32H7xx_HAL_Driver/Src/stm32h7xx_hal_flash_ex.c:1577:16
	ands	r9, r4, #256
.Ltmp268:
	.loc	5 1577 6 is_stmt 0              @ ../Drivers/STM32H7xx_HAL_Driver/Src/stm32h7xx_hal_flash_ex.c:1577:6
	and	r7, r3, #-2147483648
	it	ne
	orrne	r0, r7
.Ltmp269:
	@DEBUG_VALUE: FLASH_OB_UserConfig:optr_reg_val <- $r0
	lsl.w	r7, r9, #23
.Ltmp270:
	.loc	5 1588 16 is_stmt 1             @ ../Drivers/STM32H7xx_HAL_Driver/Src/stm32h7xx_hal_flash_ex.c:1588:16
	ands	r4, r4, #128
.Ltmp271:
	.loc	5 495 36                        @ ../Drivers/STM32H7xx_HAL_Driver/Src/stm32h7xx_hal_flash_ex.c:495:36
	bfi	r6, lr, #19, #1
.Ltmp272:
	.loc	5 1588 6                        @ ../Drivers/STM32H7xx_HAL_Driver/Src/stm32h7xx_hal_flash_ex.c:1588:6
	and	r3, r3, #536870912
	.loc	5 1522 6                        @ ../Drivers/STM32H7xx_HAL_Driver/Src/stm32h7xx_hal_flash_ex.c:1522:6
	orr.w	r7, r7, r8, lsl #15
.Ltmp273:
	.loc	5 495 36                        @ ../Drivers/STM32H7xx_HAL_Driver/Src/stm32h7xx_hal_flash_ex.c:495:36
	bfi	r6, lr, #20, #1
.Ltmp274:
	@DEBUG_VALUE: FLASH_OB_UserConfig:optr_reg_mask <- $r6
	.loc	5 1588 6                        @ ../Drivers/STM32H7xx_HAL_Driver/Src/stm32h7xx_hal_flash_ex.c:1588:6
	it	ne
	orrne	r0, r3
.Ltmp275:
	@DEBUG_VALUE: FLASH_OB_UserConfig:optr_reg_val <- $r0
	.loc	5 1577 6                        @ ../Drivers/STM32H7xx_HAL_Driver/Src/stm32h7xx_hal_flash_ex.c:1577:6
	orr.w	r3, r7, r4, lsl #22
	.loc	5 1611 3                        @ ../Drivers/STM32H7xx_HAL_Driver/Src/stm32h7xx_hal_flash_ex.c:1611:3
	ldr.w	r7, [r12]
	.loc	5 1588 6                        @ ../Drivers/STM32H7xx_HAL_Driver/Src/stm32h7xx_hal_flash_ex.c:1588:6
	add	r3, r6
.Ltmp276:
	@DEBUG_VALUE: FLASH_OB_UserConfig:optr_reg_mask <- $r3
	.loc	5 1611 3                        @ ../Drivers/STM32H7xx_HAL_Driver/Src/stm32h7xx_hal_flash_ex.c:1611:3
	bic.w	r3, r7, r3
.Ltmp277:
	orrs	r0, r3
.Ltmp278:
	str.w	r0, [r12]
.Ltmp279:
	.loc	5 499 8                         @ ../Drivers/STM32H7xx_HAL_Driver/Src/stm32h7xx_hal_flash_ex.c:499:8
	lsls	r0, r2, #28
	bpl	.LBB3_26
.Ltmp280:
.LBB3_22:
	@DEBUG_VALUE: FLASH_OB_PCROPConfig:Banks <- undef
	@DEBUG_VALUE: FLASH_OB_PCROPConfig:PCROPConfig <- undef
	@DEBUG_VALUE: FLASH_OB_PCROPConfig:PCROPStartAddr <- undef
	@DEBUG_VALUE: FLASH_OB_PCROPConfig:PCROPEndAddr <- undef
	.loc	5 504 107                       @ ../Drivers/STM32H7xx_HAL_Driver/Src/stm32h7xx_hal_flash_ex.c:504:107
	ldrd	r7, r0, [r1, #28]
.Ltmp281:
	@DEBUG_VALUE: FLASH_OB_PCROPConfig:PCROPConfig <- $r0
	@DEBUG_VALUE: FLASH_OB_PCROPConfig:Banks <- $r7
	.loc	5 1672 6                        @ ../Drivers/STM32H7xx_HAL_Driver/Src/stm32h7xx_hal_flash_ex.c:1672:6
	lsls	r3, r7, #31
.Ltmp282:
	.loc	5 504 59                        @ ../Drivers/STM32H7xx_HAL_Driver/Src/stm32h7xx_hal_flash_ex.c:504:59
	ldrd	r3, r4, [r1, #36]
.Ltmp283:
	@DEBUG_VALUE: FLASH_OB_PCROPConfig:PCROPEndAddr <- $r4
	@DEBUG_VALUE: FLASH_OB_PCROPConfig:PCROPStartAddr <- $r3
	.loc	5 1672 6                        @ ../Drivers/STM32H7xx_HAL_Driver/Src/stm32h7xx_hal_flash_ex.c:1672:6
	beq	.LBB3_24
.Ltmp284:
@ %bb.23:
	@DEBUG_VALUE: FLASH_OB_PCROPConfig:PCROPStartAddr <- $r3
	@DEBUG_VALUE: FLASH_OB_PCROPConfig:PCROPEndAddr <- $r4
	@DEBUG_VALUE: FLASH_OB_PCROPConfig:Banks <- $r7
	@DEBUG_VALUE: FLASH_OB_PCROPConfig:PCROPConfig <- $r0
	.loc	5 1678 41                       @ ../Drivers/STM32H7xx_HAL_Driver/Src/stm32h7xx_hal_flash_ex.c:1678:41
	add.w	lr, r3, #-134217728
	.loc	5 1679 66                       @ ../Drivers/STM32H7xx_HAL_Driver/Src/stm32h7xx_hal_flash_ex.c:1679:66
	lsl.w	r8, r4, #8
	movw	r6, #65535
	bic.w	r6, r8, r6
	.loc	5 1679 99 is_stmt 0             @ ../Drivers/STM32H7xx_HAL_Driver/Src/stm32h7xx_hal_flash_ex.c:1679:99
	orr.w	r6, r6, lr, lsr #8
	orrs	r6, r0
	.loc	5 1678 22 is_stmt 1             @ ../Drivers/STM32H7xx_HAL_Driver/Src/stm32h7xx_hal_flash_ex.c:1678:22
	str.w	r6, [r12, #12]
.Ltmp285:
.LBB3_24:
	@DEBUG_VALUE: FLASH_OB_PCROPConfig:PCROPStartAddr <- $r3
	@DEBUG_VALUE: FLASH_OB_PCROPConfig:PCROPEndAddr <- $r4
	@DEBUG_VALUE: FLASH_OB_PCROPConfig:Banks <- $r7
	@DEBUG_VALUE: FLASH_OB_PCROPConfig:PCROPConfig <- $r0
	.loc	5 1684 6                        @ ../Drivers/STM32H7xx_HAL_Driver/Src/stm32h7xx_hal_flash_ex.c:1684:6
	lsls	r7, r7, #30
.Ltmp286:
	bpl	.LBB3_26
.Ltmp287:
@ %bb.25:
	@DEBUG_VALUE: FLASH_OB_PCROPConfig:PCROPStartAddr <- $r3
	@DEBUG_VALUE: FLASH_OB_PCROPConfig:PCROPEndAddr <- $r4
	@DEBUG_VALUE: FLASH_OB_PCROPConfig:PCROPConfig <- $r0
	.loc	5 1691 66                       @ ../Drivers/STM32H7xx_HAL_Driver/Src/stm32h7xx_hal_flash_ex.c:1691:66
	lsls	r7, r4, #8
	movw	r6, #65535
	.loc	5 1690 41                       @ ../Drivers/STM32H7xx_HAL_Driver/Src/stm32h7xx_hal_flash_ex.c:1690:41
	sub.w	r3, r3, #135266304
.Ltmp288:
	.loc	5 1691 66                       @ ../Drivers/STM32H7xx_HAL_Driver/Src/stm32h7xx_hal_flash_ex.c:1691:66
	bics	r7, r6
	add.w	r7, r7, #-268435456
	.loc	5 1691 99 is_stmt 0             @ ../Drivers/STM32H7xx_HAL_Driver/Src/stm32h7xx_hal_flash_ex.c:1691:99
	orr.w	r3, r7, r3, lsr #8
	orrs	r0, r3
.Ltmp289:
	.loc	5 1690 22 is_stmt 1             @ ../Drivers/STM32H7xx_HAL_Driver/Src/stm32h7xx_hal_flash_ex.c:1690:22
	str.w	r0, [r12, #268]
.Ltmp290:
.LBB3_26:
	.loc	5 508 8                         @ ../Drivers/STM32H7xx_HAL_Driver/Src/stm32h7xx_hal_flash_ex.c:508:8
	lsls	r0, r2, #27
	bpl	.LBB3_28
@ %bb.27:
.Ltmp291:
	.loc	5 510 41                        @ ../Drivers/STM32H7xx_HAL_Driver/Src/stm32h7xx_hal_flash_ex.c:510:41
	ldr	r0, [r1, #16]
.Ltmp292:
	@DEBUG_VALUE: FLASH_OB_BOR_LevelConfig:Level <- $r0
	.loc	5 1756 3                        @ ../Drivers/STM32H7xx_HAL_Driver/Src/stm32h7xx_hal_flash_ex.c:1756:3
	ldr.w	r3, [r12]
	bic	r3, r3, #12
	orrs	r0, r3
.Ltmp293:
	str.w	r0, [r12]
.Ltmp294:
.LBB3_28:
	.loc	5 527 8                         @ ../Drivers/STM32H7xx_HAL_Driver/Src/stm32h7xx_hal_flash_ex.c:527:8
	lsls	r0, r2, #25
	bpl	.LBB3_33
@ %bb.29:
.Ltmp295:
	.loc	5 529 39                        @ ../Drivers/STM32H7xx_HAL_Driver/Src/stm32h7xx_hal_flash_ex.c:529:39
	ldr	r3, [r1, #44]
.Ltmp296:
	.loc	5 1788 6                        @ ../Drivers/STM32H7xx_HAL_Driver/Src/stm32h7xx_hal_flash_ex.c:1788:6
	lsls	r0, r3, #31
.Ltmp297:
	.loc	5 529 80                        @ ../Drivers/STM32H7xx_HAL_Driver/Src/stm32h7xx_hal_flash_ex.c:529:80
	ldr	r0, [r1, #52]
.Ltmp298:
	@DEBUG_VALUE: FLASH_OB_BootAddConfig:BootAddress0 <- undef
	@DEBUG_VALUE: FLASH_OB_BootAddConfig:BootOption <- $r3
	@DEBUG_VALUE: FLASH_OB_BootAddConfig:BootAddress1 <- $r0
	.loc	5 1788 6                        @ ../Drivers/STM32H7xx_HAL_Driver/Src/stm32h7xx_hal_flash_ex.c:1788:6
	beq	.LBB3_31
.Ltmp299:
@ %bb.30:
	@DEBUG_VALUE: FLASH_OB_BootAddConfig:BootAddress1 <- $r0
	@DEBUG_VALUE: FLASH_OB_BootAddConfig:BootOption <- $r3
	.loc	5 529 60                        @ ../Drivers/STM32H7xx_HAL_Driver/Src/stm32h7xx_hal_flash_ex.c:529:60
	ldrh	r7, [r1, #50]
.Ltmp300:
	@DEBUG_VALUE: FLASH_OB_BootAddConfig:BootAddress0 <- undef
	.loc	5 1797 5                        @ ../Drivers/STM32H7xx_HAL_Driver/Src/stm32h7xx_hal_flash_ex.c:1797:5
	ldr.w	r6, [r12, #36]
	movw	r4, #65535
	bics	r6, r4
	add	r7, r6
	str.w	r7, [r12, #36]
.Ltmp301:
.LBB3_31:
	@DEBUG_VALUE: FLASH_OB_BootAddConfig:BootAddress1 <- $r0
	@DEBUG_VALUE: FLASH_OB_BootAddConfig:BootOption <- $r3
	.loc	5 1801 6                        @ ../Drivers/STM32H7xx_HAL_Driver/Src/stm32h7xx_hal_flash_ex.c:1801:6
	lsls	r3, r3, #30
.Ltmp302:
	bpl	.LBB3_33
.Ltmp303:
@ %bb.32:
	@DEBUG_VALUE: FLASH_OB_BootAddConfig:BootAddress1 <- $r0
	.loc	5 1810 5                        @ ../Drivers/STM32H7xx_HAL_Driver/Src/stm32h7xx_hal_flash_ex.c:1810:5
	ldr.w	r3, [r12, #36]
	uxth	r3, r3
	orrs	r0, r3
.Ltmp304:
	str.w	r0, [r12, #36]
.Ltmp305:
.LBB3_33:
	.loc	5 534 8                         @ ../Drivers/STM32H7xx_HAL_Driver/Src/stm32h7xx_hal_flash_ex.c:534:8
	lsls	r0, r2, #26
	bpl	.LBB3_38
@ %bb.34:
.Ltmp306:
	.loc	5 536 126                       @ ../Drivers/STM32H7xx_HAL_Driver/Src/stm32h7xx_hal_flash_ex.c:536:126
	ldr	r2, [r1, #28]
.Ltmp307:
	@DEBUG_VALUE: FLASH_OB_SecureAreaConfig:SecureAreaEndAddr <- undef
	@DEBUG_VALUE: FLASH_OB_SecureAreaConfig:SecureAreaStartAddr <- undef
	@DEBUG_VALUE: FLASH_OB_SecureAreaConfig:SecureAreaConfig <- undef
	.loc	5 536 42 is_stmt 0              @ ../Drivers/STM32H7xx_HAL_Driver/Src/stm32h7xx_hal_flash_ex.c:536:42
	ldr	r0, [r1, #56]
.Ltmp308:
	@DEBUG_VALUE: FLASH_OB_SecureAreaConfig:SecureAreaConfig <- $r0
	@DEBUG_VALUE: FLASH_OB_SecureAreaConfig:Banks <- $r2
	.loc	5 1911 6 is_stmt 1              @ ../Drivers/STM32H7xx_HAL_Driver/Src/stm32h7xx_hal_flash_ex.c:1911:6
	lsls	r3, r2, #31
.Ltmp309:
	.loc	5 536 69                        @ ../Drivers/STM32H7xx_HAL_Driver/Src/stm32h7xx_hal_flash_ex.c:536:69
	ldrd	r3, r1, [r1, #60]
.Ltmp310:
	@DEBUG_VALUE: FLASH_OB_SecureAreaConfig:SecureAreaEndAddr <- $r1
	@DEBUG_VALUE: FLASH_OB_SecureAreaConfig:SecureAreaStartAddr <- $r3
	.loc	5 1911 6                        @ ../Drivers/STM32H7xx_HAL_Driver/Src/stm32h7xx_hal_flash_ex.c:1911:6
	beq	.LBB3_36
.Ltmp311:
@ %bb.35:
	@DEBUG_VALUE: FLASH_OB_SecureAreaConfig:SecureAreaStartAddr <- $r3
	@DEBUG_VALUE: FLASH_OB_SecureAreaConfig:SecureAreaEndAddr <- $r1
	@DEBUG_VALUE: FLASH_OB_SecureAreaConfig:Banks <- $r2
	@DEBUG_VALUE: FLASH_OB_SecureAreaConfig:SecureAreaConfig <- $r0
	.loc	5 1918 46                       @ ../Drivers/STM32H7xx_HAL_Driver/Src/stm32h7xx_hal_flash_ex.c:1918:46
	add.w	r7, r3, #-134217728
	.loc	5 1919 71                       @ ../Drivers/STM32H7xx_HAL_Driver/Src/stm32h7xx_hal_flash_ex.c:1919:71
	lsls	r6, r1, #8
	movw	lr, #65535
	.loc	5 1920 42                       @ ../Drivers/STM32H7xx_HAL_Driver/Src/stm32h7xx_hal_flash_ex.c:1920:42
	and	r4, r0, #-2147483648
	.loc	5 1919 71                       @ ../Drivers/STM32H7xx_HAL_Driver/Src/stm32h7xx_hal_flash_ex.c:1919:71
	bic.w	r6, r6, lr
	.loc	5 1918 103                      @ ../Drivers/STM32H7xx_HAL_Driver/Src/stm32h7xx_hal_flash_ex.c:1918:103
	orr.w	r7, r4, r7, lsr #8
	.loc	5 1919 103                      @ ../Drivers/STM32H7xx_HAL_Driver/Src/stm32h7xx_hal_flash_ex.c:1919:103
	orrs	r7, r6
	.loc	5 1918 22                       @ ../Drivers/STM32H7xx_HAL_Driver/Src/stm32h7xx_hal_flash_ex.c:1918:22
	str.w	r7, [r12, #20]
.Ltmp312:
.LBB3_36:
	@DEBUG_VALUE: FLASH_OB_SecureAreaConfig:SecureAreaStartAddr <- $r3
	@DEBUG_VALUE: FLASH_OB_SecureAreaConfig:SecureAreaEndAddr <- $r1
	@DEBUG_VALUE: FLASH_OB_SecureAreaConfig:Banks <- $r2
	@DEBUG_VALUE: FLASH_OB_SecureAreaConfig:SecureAreaConfig <- $r0
	.loc	5 1924 6                        @ ../Drivers/STM32H7xx_HAL_Driver/Src/stm32h7xx_hal_flash_ex.c:1924:6
	lsls	r2, r2, #30
.Ltmp313:
	bpl	.LBB3_38
.Ltmp314:
@ %bb.37:
	@DEBUG_VALUE: FLASH_OB_SecureAreaConfig:SecureAreaStartAddr <- $r3
	@DEBUG_VALUE: FLASH_OB_SecureAreaConfig:SecureAreaEndAddr <- $r1
	@DEBUG_VALUE: FLASH_OB_SecureAreaConfig:SecureAreaConfig <- $r0
	.loc	5 1931 46                       @ ../Drivers/STM32H7xx_HAL_Driver/Src/stm32h7xx_hal_flash_ex.c:1931:46
	sub.w	r2, r3, #135266304
	.loc	5 1932 71                       @ ../Drivers/STM32H7xx_HAL_Driver/Src/stm32h7xx_hal_flash_ex.c:1932:71
	lsls	r1, r1, #8
.Ltmp315:
	.loc	5 0 71 is_stmt 0                @ ../Drivers/STM32H7xx_HAL_Driver/Src/stm32h7xx_hal_flash_ex.c:0:71
	movw	r3, #65535
.Ltmp316:
	.loc	5 1933 42 is_stmt 1             @ ../Drivers/STM32H7xx_HAL_Driver/Src/stm32h7xx_hal_flash_ex.c:1933:42
	and	r0, r0, #-2147483648
.Ltmp317:
	.loc	5 1932 71                       @ ../Drivers/STM32H7xx_HAL_Driver/Src/stm32h7xx_hal_flash_ex.c:1932:71
	bics	r1, r3
	.loc	5 1931 103                      @ ../Drivers/STM32H7xx_HAL_Driver/Src/stm32h7xx_hal_flash_ex.c:1931:103
	orr.w	r0, r0, r2, lsr #8
	.loc	5 1932 71                       @ ../Drivers/STM32H7xx_HAL_Driver/Src/stm32h7xx_hal_flash_ex.c:1932:71
	add.w	r1, r1, #-268435456
	.loc	5 1932 103 is_stmt 0            @ ../Drivers/STM32H7xx_HAL_Driver/Src/stm32h7xx_hal_flash_ex.c:1932:103
	orrs	r0, r1
	.loc	5 1931 22 is_stmt 1             @ ../Drivers/STM32H7xx_HAL_Driver/Src/stm32h7xx_hal_flash_ex.c:1931:22
	str.w	r0, [r12, #276]
.Ltmp318:
.LBB3_38:
	.loc	5 0 22 is_stmt 0                @ ../Drivers/STM32H7xx_HAL_Driver/Src/stm32h7xx_hal_flash_ex.c:0:22
	movs	r4, #0
.Ltmp319:
	.loc	5 565 3 is_stmt 1               @ ../Drivers/STM32H7xx_HAL_Driver/Src/stm32h7xx_hal_flash_ex.c:565:3
	strb.w	r10, [r5, #20]
.Ltmp320:
	.loc	5 568 1                         @ ../Drivers/STM32H7xx_HAL_Driver/Src/stm32h7xx_hal_flash_ex.c:568:1
	mov	r0, r4
	.loc	5 568 1 epilogue_begin is_stmt 0 @ ../Drivers/STM32H7xx_HAL_Driver/Src/stm32h7xx_hal_flash_ex.c:568:1
	add	sp, #4
	pop.w	{r4, r5, r6, r7, r8, r9, r10, r11, pc}
.Ltmp321:
.Lfunc_end3:
	.size	HAL_FLASHEx_OBProgram, .Lfunc_end3-HAL_FLASHEx_OBProgram
	.cfi_endproc
	.cantunwind
	.fnend
                                        @ -- End function
	.section	.text.HAL_FLASHEx_OBGetConfig,"ax",%progbits
	.hidden	HAL_FLASHEx_OBGetConfig         @ -- Begin function HAL_FLASHEx_OBGetConfig
	.globl	HAL_FLASHEx_OBGetConfig
	.p2align	3
	.type	HAL_FLASHEx_OBGetConfig,%function
	.code	16                              @ @HAL_FLASHEx_OBGetConfig
	.thumb_func
HAL_FLASHEx_OBGetConfig:
.Lfunc_begin4:
	.loc	5 580 0 is_stmt 1               @ ../Drivers/STM32H7xx_HAL_Driver/Src/stm32h7xx_hal_flash_ex.c:580:0
	.fnstart
	.cfi_startproc
@ %bb.0:
	@DEBUG_VALUE: HAL_FLASHEx_OBGetConfig:pOBInit <- $r0
	.save	{r4, r5, r6, lr}
	push	{r4, r5, r6, lr}
	.cfi_def_cfa_offset 16
	.cfi_offset lr, -4
	.cfi_offset r6, -8
	.cfi_offset r5, -12
	.cfi_offset r4, -16
	movw	r12, #8220
	movt	r12, #20992
.Ltmp322:
	.loc	5 1390 24 prologue_end          @ ../Drivers/STM32H7xx_HAL_Driver/Src/stm32h7xx_hal_flash_ex.c:1390:24
	ldr.w	r2, [r12]
	and	r2, r2, #65280
.Ltmp323:
	@DEBUG_VALUE: FLASH_OB_GetRDP:rdp_level <- $r2
	.loc	5 1392 37                       @ ../Drivers/STM32H7xx_HAL_Driver/Src/stm32h7xx_hal_flash_ex.c:1392:37
	mov	r3, r2
	cmp.w	r2, #43520
	it	ne
	movne.w	r3, #21760
	cmp.w	r2, #52224
	it	eq
	moveq	r3, r2
.Ltmp324:
	.loc	5 584 21                        @ ../Drivers/STM32H7xx_HAL_Driver/Src/stm32h7xx_hal_flash_ex.c:584:21
	str	r3, [r0, #12]
	movw	r3, #65292
.Ltmp325:
	.loc	5 1634 25                       @ ../Drivers/STM32H7xx_HAL_Driver/Src/stm32h7xx_hal_flash_ex.c:1634:25
	ldr.w	r2, [r12]
.Ltmp326:
	@DEBUG_VALUE: FLASH_OB_GetUser:userConfig <- $r2
	.loc	5 1635 14                       @ ../Drivers/STM32H7xx_HAL_Driver/Src/stm32h7xx_hal_flash_ex.c:1635:14
	bics	r2, r3
.Ltmp327:
	@DEBUG_VALUE: FLASH_OB_GetUser:userConfig <- $r2
	.loc	5 587 23                        @ ../Drivers/STM32H7xx_HAL_Driver/Src/stm32h7xx_hal_flash_ex.c:587:23
	str	r2, [r0, #24]
.Ltmp328:
	.loc	5 1770 18                       @ ../Drivers/STM32H7xx_HAL_Driver/Src/stm32h7xx_hal_flash_ex.c:1770:18
	ldr.w	r3, [r12]
.Ltmp329:
	.loc	5 593 17                        @ ../Drivers/STM32H7xx_HAL_Driver/Src/stm32h7xx_hal_flash_ex.c:593:17
	ldr.w	lr, [r0, #28]
	.loc	5 593 40 is_stmt 0              @ ../Drivers/STM32H7xx_HAL_Driver/Src/stm32h7xx_hal_flash_ex.c:593:40
	sub.w	r1, lr, #1
	cmp	r1, #1
.Ltmp330:
	.loc	5 1770 28 is_stmt 1             @ ../Drivers/STM32H7xx_HAL_Driver/Src/stm32h7xx_hal_flash_ex.c:1770:28
	and	r1, r3, #12
.Ltmp331:
	.loc	5 590 21                        @ ../Drivers/STM32H7xx_HAL_Driver/Src/stm32h7xx_hal_flash_ex.c:590:21
	str	r1, [r0, #16]
.Ltmp332:
	.loc	5 593 40                        @ ../Drivers/STM32H7xx_HAL_Driver/Src/stm32h7xx_hal_flash_ex.c:593:40
	bhi	.LBB4_2
.Ltmp333:
@ %bb.1:
	@DEBUG_VALUE: HAL_FLASHEx_OBGetConfig:pOBInit <- $r0
	.loc	5 0 40 is_stmt 0                @ ../Drivers/STM32H7xx_HAL_Driver/Src/stm32h7xx_hal_flash_ex.c:0:40
	mov.w	r1, #284
.Ltmp334:
	@DEBUG_VALUE: FLASH_OB_GetWRP:WRPSector <- [DW_OP_plus_uconst 8, DW_OP_stack_value] $r0
	@DEBUG_VALUE: FLASH_OB_GetWRP:WRPState <- [DW_OP_plus_uconst 4, DW_OP_stack_value] $r0
	@DEBUG_VALUE: FLASH_OB_GetWRP:regvalue <- 0
	@DEBUG_VALUE: FLASH_OB_GetWRP:Bank <- $lr
	.loc	5 1329 6 is_stmt 1              @ ../Drivers/STM32H7xx_HAL_Driver/Src/stm32h7xx_hal_flash_ex.c:1329:6
	cmp.w	lr, #1
	it	eq
	moveq	r1, #28
	movs	r3, #63
.Ltmp335:
	.loc	5 598 25                        @ ../Drivers/STM32H7xx_HAL_Driver/Src/stm32h7xx_hal_flash_ex.c:598:25
	str	r3, [r0]
.Ltmp336:
	.loc	5 0 0 is_stmt 0                 @ ../Drivers/STM32H7xx_HAL_Driver/Src/stm32h7xx_hal_flash_ex.c:0:0
	ldr.w	r1, [r12, r1]
	@DEBUG_VALUE: FLASH_OB_GetWRP:regvalue <- 0
	mov.w	r2, #268
.Ltmp337:
	@DEBUG_VALUE: FLASH_OB_GetPCROP:PCROPStartAddr <- [DW_OP_plus_uconst 36, DW_OP_stack_value] $r0
	@DEBUG_VALUE: FLASH_OB_GetPCROP:PCROPConfig <- [DW_OP_plus_uconst 32, DW_OP_stack_value] $r0
	@DEBUG_VALUE: FLASH_OB_GetPCROP:PCROPEndAddr <- [DW_OP_plus_uconst 40, DW_OP_stack_value] $r0
	@DEBUG_VALUE: FLASH_OB_GetPCROP:bankBase <- 0
	@DEBUG_VALUE: FLASH_OB_GetPCROP:regvalue <- 0
	@DEBUG_VALUE: FLASH_OB_GetPCROP:Bank <- $lr
	.loc	5 1341 30 is_stmt 1             @ ../Drivers/STM32H7xx_HAL_Driver/Src/stm32h7xx_hal_flash_ex.c:1341:30
	uxtb	r3, r1
.Ltmp338:
	@DEBUG_VALUE: FLASH_OB_GetWRP:regvalue <- $r3
	.loc	5 0 30 is_stmt 0                @ ../Drivers/STM32H7xx_HAL_Driver/Src/stm32h7xx_hal_flash_ex.c:0:30
	movw	r6, #65280
.Ltmp339:
	.loc	5 1343 17 is_stmt 1             @ ../Drivers/STM32H7xx_HAL_Driver/Src/stm32h7xx_hal_flash_ex.c:1343:17
	subs.w	r1, r3, #255
.Ltmp340:
	.loc	5 1341 30                       @ ../Drivers/STM32H7xx_HAL_Driver/Src/stm32h7xx_hal_flash_ex.c:1341:30
	eor	r3, r3, #255
.Ltmp341:
	@DEBUG_VALUE: FLASH_OB_GetWRP:regvalue <- $r3
	.loc	5 1343 17                       @ ../Drivers/STM32H7xx_HAL_Driver/Src/stm32h7xx_hal_flash_ex.c:1343:17
	it	ne
	movne	r1, #1
.Ltmp342:
	.loc	5 1720 6                        @ ../Drivers/STM32H7xx_HAL_Driver/Src/stm32h7xx_hal_flash_ex.c:1720:6
	cmp.w	lr, #1
	movt	r6, #15
	@DEBUG_VALUE: FLASH_OB_GetSecureArea:bankBase <- $r3
	it	eq
	moveq	r2, #12
.Ltmp343:
	@DEBUG_VALUE: FLASH_OB_GetPCROP:bankBase <- 0
	@DEBUG_VALUE: FLASH_OB_GetPCROP:regvalue <- 0
	.loc	5 1341 16                       @ ../Drivers/STM32H7xx_HAL_Driver/Src/stm32h7xx_hal_flash_ex.c:1341:16
	str	r3, [r0, #8]
	mov.w	r3, #135266304
.Ltmp344:
	.loc	5 0 0 is_stmt 0                 @ ../Drivers/STM32H7xx_HAL_Driver/Src/stm32h7xx_hal_flash_ex.c:0:0
	str	r1, [r0, #4]
	mov.w	r5, #276
.Ltmp345:
	@DEBUG_VALUE: FLASH_OB_GetSecureArea:SecureAreaStartAddr <- [DW_OP_plus_uconst 60, DW_OP_stack_value] $r0
	@DEBUG_VALUE: FLASH_OB_GetSecureArea:SecureAreaConfig <- [DW_OP_plus_uconst 56, DW_OP_stack_value] $r0
	@DEBUG_VALUE: FLASH_OB_GetSecureArea:SecureAreaEndAddr <- [DW_OP_plus_uconst 64, DW_OP_stack_value] $r0
	@DEBUG_VALUE: FLASH_OB_GetSecureArea:regvalue <- 0
	@DEBUG_VALUE: FLASH_OB_GetSecureArea:Bank <- undef
	@DEBUG_VALUE: FLASH_OB_GetSecureArea:bankBase <- 0
	.loc	5 1720 6 is_stmt 1              @ ../Drivers/STM32H7xx_HAL_Driver/Src/stm32h7xx_hal_flash_ex.c:1720:6
	it	eq
	moveq.w	r3, #134217728
	@DEBUG_VALUE: FLASH_OB_GetPCROP:bankBase <- 0
	@DEBUG_VALUE: FLASH_OB_GetPCROP:regvalue <- 0
	.loc	5 0 0 is_stmt 0                 @ ../Drivers/STM32H7xx_HAL_Driver/Src/stm32h7xx_hal_flash_ex.c:0:0
	ldr.w	r1, [r12, r2]
.Ltmp346:
	@DEBUG_VALUE: FLASH_OB_GetPCROP:regvalue <- $r1
	.loc	5 1953 6 is_stmt 1              @ ../Drivers/STM32H7xx_HAL_Driver/Src/stm32h7xx_hal_flash_ex.c:1953:6
	cmp.w	lr, #1
.Ltmp347:
	.loc	5 1736 70                       @ ../Drivers/STM32H7xx_HAL_Driver/Src/stm32h7xx_hal_flash_ex.c:1736:70
	mov	r4, r3
	.loc	5 1734 31                       @ ../Drivers/STM32H7xx_HAL_Driver/Src/stm32h7xx_hal_flash_ex.c:1734:31
	and	r2, r1, #-2147483648
	.loc	5 1736 70                       @ ../Drivers/STM32H7xx_HAL_Driver/Src/stm32h7xx_hal_flash_ex.c:1736:70
	bfi	r4, r1, #8, #12
	.loc	5 1734 18                       @ ../Drivers/STM32H7xx_HAL_Driver/Src/stm32h7xx_hal_flash_ex.c:1734:18
	str	r2, [r0, #32]
.Ltmp348:
	@DEBUG_VALUE: FLASH_OB_GetPCROP:bankBase <- $r3
	.loc	5 1953 6                        @ ../Drivers/STM32H7xx_HAL_Driver/Src/stm32h7xx_hal_flash_ex.c:1953:6
	it	eq
	moveq	r5, #20
.Ltmp349:
	@DEBUG_VALUE: FLASH_OB_GetSecureArea:regvalue <- 0
	@DEBUG_VALUE: FLASH_OB_GetSecureArea:bankBase <- 0
	.loc	5 1738 38                       @ ../Drivers/STM32H7xx_HAL_Driver/Src/stm32h7xx_hal_flash_ex.c:1738:38
	and.w	r1, r6, r1, lsr #8
.Ltmp350:
	@DEBUG_VALUE: FLASH_OB_GetPCROP:regvalue <- $r1
	.loc	5 1736 21                       @ ../Drivers/STM32H7xx_HAL_Driver/Src/stm32h7xx_hal_flash_ex.c:1736:21
	str	r4, [r0, #36]
	.loc	5 1738 44                       @ ../Drivers/STM32H7xx_HAL_Driver/Src/stm32h7xx_hal_flash_ex.c:1738:44
	add	r1, r3
.Ltmp351:
	.loc	5 1738 19 is_stmt 0             @ ../Drivers/STM32H7xx_HAL_Driver/Src/stm32h7xx_hal_flash_ex.c:1738:19
	str	r1, [r0, #40]
.Ltmp352:
	.loc	5 0 0                           @ ../Drivers/STM32H7xx_HAL_Driver/Src/stm32h7xx_hal_flash_ex.c:0:0
	ldr.w	r1, [r12, r5]
	@DEBUG_VALUE: FLASH_OB_GetSecureArea:regvalue <- 0
	@DEBUG_VALUE: FLASH_OB_GetSecureArea:bankBase <- 0
	.loc	5 1968 35 is_stmt 1             @ ../Drivers/STM32H7xx_HAL_Driver/Src/stm32h7xx_hal_flash_ex.c:1968:35
	and	r2, r1, #-2147483648
	.loc	5 1971 48                       @ ../Drivers/STM32H7xx_HAL_Driver/Src/stm32h7xx_hal_flash_ex.c:1971:48
	and.w	r6, r6, r1, lsr #8
	.loc	5 1968 23                       @ ../Drivers/STM32H7xx_HAL_Driver/Src/stm32h7xx_hal_flash_ex.c:1968:23
	str	r2, [r0, #56]
	movs	r2, #127
	.loc	5 1971 54                       @ ../Drivers/STM32H7xx_HAL_Driver/Src/stm32h7xx_hal_flash_ex.c:1971:54
	add	r6, r3
	.loc	5 1969 74                       @ ../Drivers/STM32H7xx_HAL_Driver/Src/stm32h7xx_hal_flash_ex.c:1969:74
	bfi	r3, r1, #8, #12
.Ltmp353:
	.loc	5 1969 26 is_stmt 0             @ ../Drivers/STM32H7xx_HAL_Driver/Src/stm32h7xx_hal_flash_ex.c:1969:26
	strd	r3, r6, [r0, #60]
	b	.LBB4_3
.Ltmp354:
	.loc	5 0 26                          @ :0:26
.Ltmp355:
	.p2align	2
.LBB4_2:
	@DEBUG_VALUE: FLASH_OB_GetUser:userConfig <- $r2
	@DEBUG_VALUE: HAL_FLASHEx_OBGetConfig:pOBInit <- $r0
	movs	r2, #86
.Ltmp356:
.LBB4_3:
	@DEBUG_VALUE: HAL_FLASHEx_OBGetConfig:pOBInit <- $r0
	@DEBUG_VALUE: FLASH_OB_GetBootAdd:BootAddress0 <- [DW_OP_plus_uconst 48, DW_OP_stack_value] $r0
	@DEBUG_VALUE: FLASH_OB_GetBootAdd:BootAddress1 <- [DW_OP_plus_uconst 52, DW_OP_stack_value] $r0
	.loc	5 1831 21 is_stmt 1             @ ../Drivers/STM32H7xx_HAL_Driver/Src/stm32h7xx_hal_flash_ex.c:1831:21
	ldr.w	r1, [r12, #36]
.Ltmp357:
	@DEBUG_VALUE: FLASH_OB_GetBootAdd:regvalue <- $r1
	.loc	5 0 21 is_stmt 0                @ ../Drivers/STM32H7xx_HAL_Driver/Src/stm32h7xx_hal_flash_ex.c:0:21
	movw	r3, #65535
	.loc	5 1833 50 is_stmt 1             @ ../Drivers/STM32H7xx_HAL_Driver/Src/stm32h7xx_hal_flash_ex.c:1833:50
	lsls	r6, r1, #16
	.loc	5 1834 31                       @ ../Drivers/STM32H7xx_HAL_Driver/Src/stm32h7xx_hal_flash_ex.c:1834:31
	bics	r1, r3
.Ltmp358:
	.loc	5 1833 19                       @ ../Drivers/STM32H7xx_HAL_Driver/Src/stm32h7xx_hal_flash_ex.c:1833:19
	strd	r6, r1, [r0, #48]
.Ltmp359:
	.loc	5 618 23                        @ ../Drivers/STM32H7xx_HAL_Driver/Src/stm32h7xx_hal_flash_ex.c:618:23
	str	r2, [r0]
	.loc	5 641 1 epilogue_begin          @ ../Drivers/STM32H7xx_HAL_Driver/Src/stm32h7xx_hal_flash_ex.c:641:1
	pop	{r4, r5, r6, pc}
.Ltmp360:
.Lfunc_end4:
	.size	HAL_FLASHEx_OBGetConfig, .Lfunc_end4-HAL_FLASHEx_OBGetConfig
	.cfi_endproc
	.cantunwind
	.fnend
                                        @ -- End function
	.section	.text.HAL_FLASHEx_Unlock_Bank1,"ax",%progbits
	.hidden	HAL_FLASHEx_Unlock_Bank1        @ -- Begin function HAL_FLASHEx_Unlock_Bank1
	.globl	HAL_FLASHEx_Unlock_Bank1
	.p2align	3
	.type	HAL_FLASHEx_Unlock_Bank1,%function
	.code	16                              @ @HAL_FLASHEx_Unlock_Bank1
	.thumb_func
HAL_FLASHEx_Unlock_Bank1:
.Lfunc_begin5:
	.loc	5 648 0                         @ ../Drivers/STM32H7xx_HAL_Driver/Src/stm32h7xx_hal_flash_ex.c:648:0
	.fnstart
	.cfi_startproc
@ %bb.0:
	movw	r0, #8196
	movt	r0, #20992
.Ltmp361:
	.loc	5 649 6 prologue_end            @ ../Drivers/STM32H7xx_HAL_Driver/Src/stm32h7xx_hal_flash_ex.c:649:6
	ldr	r1, [r0, #8]
.Ltmp362:
	.loc	5 649 6 is_stmt 0               @ ../Drivers/STM32H7xx_HAL_Driver/Src/stm32h7xx_hal_flash_ex.c:649:6
	lsls	r1, r1, #31
	beq	.LBB5_2
@ %bb.1:
	.loc	5 0 6                           @ ../Drivers/STM32H7xx_HAL_Driver/Src/stm32h7xx_hal_flash_ex.c:0:6
	movw	r1, #291
	movt	r1, #17767
.Ltmp363:
	.loc	5 652 5 is_stmt 1               @ ../Drivers/STM32H7xx_HAL_Driver/Src/stm32h7xx_hal_flash_ex.c:652:5
	str	r1, [r0]
	movw	r1, #35243
	movt	r1, #52719
	.loc	5 653 5                         @ ../Drivers/STM32H7xx_HAL_Driver/Src/stm32h7xx_hal_flash_ex.c:653:5
	str	r1, [r0]
.Ltmp364:
	.loc	5 656 9                         @ ../Drivers/STM32H7xx_HAL_Driver/Src/stm32h7xx_hal_flash_ex.c:656:9
	ldr	r0, [r0, #8]
.Ltmp365:
	.loc	5 656 9 is_stmt 0               @ ../Drivers/STM32H7xx_HAL_Driver/Src/stm32h7xx_hal_flash_ex.c:656:9
	lsls	r0, r0, #31
	bne	.LBB5_3
.Ltmp366:
.LBB5_2:
	.loc	5 0 9                           @ ../Drivers/STM32H7xx_HAL_Driver/Src/stm32h7xx_hal_flash_ex.c:0:9
	movs	r0, #0
	.loc	5 663 1 is_stmt 1               @ ../Drivers/STM32H7xx_HAL_Driver/Src/stm32h7xx_hal_flash_ex.c:663:1
	bx	lr
	.loc	5 0 1 is_stmt 0                 @ :0:1
.Ltmp367:
	.p2align	2
.LBB5_3:
	movs	r0, #1
	.loc	5 663 1                         @ ../Drivers/STM32H7xx_HAL_Driver/Src/stm32h7xx_hal_flash_ex.c:663:1
	bx	lr
.Ltmp368:
.Lfunc_end5:
	.size	HAL_FLASHEx_Unlock_Bank1, .Lfunc_end5-HAL_FLASHEx_Unlock_Bank1
	.cfi_endproc
	.cantunwind
	.fnend
                                        @ -- End function
	.section	.text.HAL_FLASHEx_Lock_Bank1,"ax",%progbits
	.hidden	HAL_FLASHEx_Lock_Bank1          @ -- Begin function HAL_FLASHEx_Lock_Bank1
	.globl	HAL_FLASHEx_Lock_Bank1
	.p2align	3
	.type	HAL_FLASHEx_Lock_Bank1,%function
	.code	16                              @ @HAL_FLASHEx_Lock_Bank1
	.thumb_func
HAL_FLASHEx_Lock_Bank1:
.Lfunc_begin6:
	.loc	5 670 0 is_stmt 1               @ ../Drivers/STM32H7xx_HAL_Driver/Src/stm32h7xx_hal_flash_ex.c:670:0
	.fnstart
	.cfi_startproc
@ %bb.0:
	movw	r1, #8204
.Ltmp369:
	.loc	5 673 3 prologue_end            @ ../Drivers/STM32H7xx_HAL_Driver/Src/stm32h7xx_hal_flash_ex.c:673:3
	movs	r0, #0
	movt	r1, #20992
	.loc	5 672 3                         @ ../Drivers/STM32H7xx_HAL_Driver/Src/stm32h7xx_hal_flash_ex.c:672:3
	ldr	r2, [r1]
	orr	r2, r2, #1
	str	r2, [r1]
	.loc	5 673 3                         @ ../Drivers/STM32H7xx_HAL_Driver/Src/stm32h7xx_hal_flash_ex.c:673:3
	bx	lr
.Ltmp370:
.Lfunc_end6:
	.size	HAL_FLASHEx_Lock_Bank1, .Lfunc_end6-HAL_FLASHEx_Lock_Bank1
	.cfi_endproc
	.cantunwind
	.fnend
                                        @ -- End function
	.section	.text.HAL_FLASHEx_Unlock_Bank2,"ax",%progbits
	.hidden	HAL_FLASHEx_Unlock_Bank2        @ -- Begin function HAL_FLASHEx_Unlock_Bank2
	.globl	HAL_FLASHEx_Unlock_Bank2
	.p2align	3
	.type	HAL_FLASHEx_Unlock_Bank2,%function
	.code	16                              @ @HAL_FLASHEx_Unlock_Bank2
	.thumb_func
HAL_FLASHEx_Unlock_Bank2:
.Lfunc_begin7:
	.loc	5 682 0                         @ ../Drivers/STM32H7xx_HAL_Driver/Src/stm32h7xx_hal_flash_ex.c:682:0
	.fnstart
	.cfi_startproc
@ %bb.0:
	movw	r0, #8452
	movt	r0, #20992
.Ltmp371:
	.loc	5 683 6 prologue_end            @ ../Drivers/STM32H7xx_HAL_Driver/Src/stm32h7xx_hal_flash_ex.c:683:6
	ldr	r1, [r0, #8]
.Ltmp372:
	.loc	5 683 6 is_stmt 0               @ ../Drivers/STM32H7xx_HAL_Driver/Src/stm32h7xx_hal_flash_ex.c:683:6
	lsls	r1, r1, #31
	beq	.LBB7_2
@ %bb.1:
	.loc	5 0 6                           @ ../Drivers/STM32H7xx_HAL_Driver/Src/stm32h7xx_hal_flash_ex.c:0:6
	movw	r1, #291
	movt	r1, #17767
.Ltmp373:
	.loc	5 686 5 is_stmt 1               @ ../Drivers/STM32H7xx_HAL_Driver/Src/stm32h7xx_hal_flash_ex.c:686:5
	str	r1, [r0]
	movw	r1, #35243
	movt	r1, #52719
	.loc	5 687 5                         @ ../Drivers/STM32H7xx_HAL_Driver/Src/stm32h7xx_hal_flash_ex.c:687:5
	str	r1, [r0]
.Ltmp374:
	.loc	5 690 9                         @ ../Drivers/STM32H7xx_HAL_Driver/Src/stm32h7xx_hal_flash_ex.c:690:9
	ldr	r0, [r0, #8]
.Ltmp375:
	.loc	5 690 9 is_stmt 0               @ ../Drivers/STM32H7xx_HAL_Driver/Src/stm32h7xx_hal_flash_ex.c:690:9
	lsls	r0, r0, #31
	bne	.LBB7_3
.Ltmp376:
.LBB7_2:
	.loc	5 0 9                           @ ../Drivers/STM32H7xx_HAL_Driver/Src/stm32h7xx_hal_flash_ex.c:0:9
	movs	r0, #0
	.loc	5 697 1 is_stmt 1               @ ../Drivers/STM32H7xx_HAL_Driver/Src/stm32h7xx_hal_flash_ex.c:697:1
	bx	lr
	.loc	5 0 1 is_stmt 0                 @ :0:1
.Ltmp377:
	.p2align	2
.LBB7_3:
	movs	r0, #1
	.loc	5 697 1                         @ ../Drivers/STM32H7xx_HAL_Driver/Src/stm32h7xx_hal_flash_ex.c:697:1
	bx	lr
.Ltmp378:
.Lfunc_end7:
	.size	HAL_FLASHEx_Unlock_Bank2, .Lfunc_end7-HAL_FLASHEx_Unlock_Bank2
	.cfi_endproc
	.cantunwind
	.fnend
                                        @ -- End function
	.section	.text.HAL_FLASHEx_Lock_Bank2,"ax",%progbits
	.hidden	HAL_FLASHEx_Lock_Bank2          @ -- Begin function HAL_FLASHEx_Lock_Bank2
	.globl	HAL_FLASHEx_Lock_Bank2
	.p2align	3
	.type	HAL_FLASHEx_Lock_Bank2,%function
	.code	16                              @ @HAL_FLASHEx_Lock_Bank2
	.thumb_func
HAL_FLASHEx_Lock_Bank2:
.Lfunc_begin8:
	.loc	5 704 0 is_stmt 1               @ ../Drivers/STM32H7xx_HAL_Driver/Src/stm32h7xx_hal_flash_ex.c:704:0
	.fnstart
	.cfi_startproc
@ %bb.0:
	movw	r1, #8460
.Ltmp379:
	.loc	5 707 3 prologue_end            @ ../Drivers/STM32H7xx_HAL_Driver/Src/stm32h7xx_hal_flash_ex.c:707:3
	movs	r0, #0
	movt	r1, #20992
	.loc	5 706 3                         @ ../Drivers/STM32H7xx_HAL_Driver/Src/stm32h7xx_hal_flash_ex.c:706:3
	ldr	r2, [r1]
	orr	r2, r2, #1
	str	r2, [r1]
	.loc	5 707 3                         @ ../Drivers/STM32H7xx_HAL_Driver/Src/stm32h7xx_hal_flash_ex.c:707:3
	bx	lr
.Ltmp380:
.Lfunc_end8:
	.size	HAL_FLASHEx_Lock_Bank2, .Lfunc_end8-HAL_FLASHEx_Lock_Bank2
	.cfi_endproc
	.cantunwind
	.fnend
                                        @ -- End function
	.section	.text.HAL_FLASHEx_ComputeCRC,"ax",%progbits
	.hidden	HAL_FLASHEx_ComputeCRC          @ -- Begin function HAL_FLASHEx_ComputeCRC
	.globl	HAL_FLASHEx_ComputeCRC
	.p2align	3
	.type	HAL_FLASHEx_ComputeCRC,%function
	.code	16                              @ @HAL_FLASHEx_ComputeCRC
	.thumb_func
HAL_FLASHEx_ComputeCRC:
.Lfunc_begin9:
	.loc	5 723 0                         @ ../Drivers/STM32H7xx_HAL_Driver/Src/stm32h7xx_hal_flash_ex.c:723:0
	.fnstart
	.cfi_startproc
@ %bb.0:
	@DEBUG_VALUE: HAL_FLASHEx_ComputeCRC:pCRCInit <- $r0
	@DEBUG_VALUE: HAL_FLASHEx_ComputeCRC:CRC_Result <- $r1
	.save	{r4, r5, r6, r7, r8, lr}
	push.w	{r4, r5, r6, r7, r8, lr}
	.cfi_def_cfa_offset 24
	.cfi_offset lr, -4
	.cfi_offset r8, -8
	.cfi_offset r7, -12
	.cfi_offset r6, -16
	.cfi_offset r5, -20
	.cfi_offset r4, -24
	mov	r5, r0
.Ltmp381:
	@DEBUG_VALUE: HAL_FLASHEx_ComputeCRC:pCRCInit <- $r5
	@DEBUG_VALUE: HAL_FLASHEx_ComputeCRC:pCRCInit <- $r5
	.loc	5 732 12 prologue_end           @ ../Drivers/STM32H7xx_HAL_Driver/Src/stm32h7xx_hal_flash_ex.c:732:12
	movw	r0, #50000
	mov	r8, r1
.Ltmp382:
	@DEBUG_VALUE: HAL_FLASHEx_ComputeCRC:CRC_Result <- $r8
	@DEBUG_VALUE: HAL_FLASHEx_ComputeCRC:CRC_Result <- $r8
	bl	FLASH_OB_WaitForLastOperation
.Ltmp383:
	@DEBUG_VALUE: HAL_FLASHEx_ComputeCRC:status <- $r0
	.loc	5 734 7                         @ ../Drivers/STM32H7xx_HAL_Driver/Src/stm32h7xx_hal_flash_ex.c:734:7
	cmp	r0, #0
	@DEBUG_VALUE: HAL_FLASHEx_ComputeCRC:status <- $r0
	.loc	5 838 3                         @ ../Drivers/STM32H7xx_HAL_Driver/Src/stm32h7xx_hal_flash_ex.c:838:3
	it	ne
	.loc	5 838 3 epilogue_begin is_stmt 0 @ ../Drivers/STM32H7xx_HAL_Driver/Src/stm32h7xx_hal_flash_ex.c:838:3
	popne.w	{r4, r5, r6, r7, r8, pc}
.Ltmp384:
.LBB9_1:
	@DEBUG_VALUE: HAL_FLASHEx_ComputeCRC:status <- $r0
	.loc	5 736 19 is_stmt 1              @ ../Drivers/STM32H7xx_HAL_Driver/Src/stm32h7xx_hal_flash_ex.c:736:19
	ldr	r0, [r5, #8]
.Ltmp385:
	.loc	5 0 19 is_stmt 0                @ ../Drivers/STM32H7xx_HAL_Driver/Src/stm32h7xx_hal_flash_ex.c:0:19
	movw	r6, #8272
.Ltmp386:
	.loc	5 736 9                         @ ../Drivers/STM32H7xx_HAL_Driver/Src/stm32h7xx_hal_flash_ex.c:736:9
	cmp	r0, #1
	movt	r6, #20992
	bne	.LBB9_6
@ %bb.2:
.Ltmp387:
	.loc	5 739 18 is_stmt 1              @ ../Drivers/STM32H7xx_HAL_Driver/Src/stm32h7xx_hal_flash_ex.c:739:18
	ldr	r0, [r6, #-68]
	orr	r0, r0, #32768
	str	r0, [r6, #-68]
	.loc	5 742 19                        @ ../Drivers/STM32H7xx_HAL_Driver/Src/stm32h7xx_hal_flash_ex.c:742:19
	ldr	r0, [r6, #-60]
	orr	r0, r0, #402653184
	str	r0, [r6, #-60]
	.loc	5 744 21                        @ ../Drivers/STM32H7xx_HAL_Driver/Src/stm32h7xx_hal_flash_ex.c:744:21
	ldr	r0, [r6]
	bic	r0, r0, #7340032
	str	r0, [r6]
	.loc	5 746 80                        @ ../Drivers/STM32H7xx_HAL_Driver/Src/stm32h7xx_hal_flash_ex.c:746:80
	ldrd	r0, r1, [r5]
	.loc	5 746 21 is_stmt 0              @ ../Drivers/STM32H7xx_HAL_Driver/Src/stm32h7xx_hal_flash_ex.c:746:21
	ldr	r2, [r6]
	orrs	r1, r2
	movw	r2, #256
	movt	r2, #64
	orrs	r1, r0
	.loc	5 748 11 is_stmt 1              @ ../Drivers/STM32H7xx_HAL_Driver/Src/stm32h7xx_hal_flash_ex.c:748:11
	cmp	r0, r2
	.loc	5 746 21                        @ ../Drivers/STM32H7xx_HAL_Driver/Src/stm32h7xx_hal_flash_ex.c:746:21
	orr	r1, r1, #131072
	str	r1, [r6]
	.loc	5 748 11                        @ ../Drivers/STM32H7xx_HAL_Driver/Src/stm32h7xx_hal_flash_ex.c:748:11
	beq	.LBB9_10
@ %bb.3:
	cmp.w	r0, #256
	bne.w	.LBB9_12
@ %bb.4:
.Ltmp388:
	.loc	5 751 23                        @ ../Drivers/STM32H7xx_HAL_Driver/Src/stm32h7xx_hal_flash_ex.c:751:23
	mov	r7, r6
	mov	r4, r6
	ldr	r0, [r7], #-68
	orr	r0, r0, #1024
	str	r0, [r4], #-60
.Ltmp389:
	@DEBUG_VALUE: HAL_FLASHEx_ComputeCRC:sector_index <- undef
	.loc	5 754 38                        @ ../Drivers/STM32H7xx_HAL_Driver/Src/stm32h7xx_hal_flash_ex.c:754:38
	ldrd	r0, r1, [r5, #12]
.Ltmp390:
	.loc	5 754 82 is_stmt 0              @ ../Drivers/STM32H7xx_HAL_Driver/Src/stm32h7xx_hal_flash_ex.c:754:82
	add	r1, r0
.Ltmp391:
	.loc	5 754 9                         @ ../Drivers/STM32H7xx_HAL_Driver/Src/stm32h7xx_hal_flash_ex.c:754:9
	cmp	r0, r1
	bhs	.LBB9_14
.Ltmp392:
	.loc	5 0 9                           @ :0:9
.Ltmp393:
	.p2align	2
.LBB9_5:                                @ =>This Inner Loop Header: Depth=1
	@DEBUG_VALUE: HAL_FLASHEx_ComputeCRC:sector_index <- $r0
	@DEBUG_VALUE: FLASH_CRC_AddSector:Sector <- $r0
	@DEBUG_VALUE: FLASH_CRC_AddSector:Bank <- 1
	ldr	r1, [r6]
	bic	r1, r1, #7
	str	r1, [r6]
	ldr	r1, [r6]
	orrs	r1, r0
.Ltmp394:
	.loc	5 754 115                       @ ../Drivers/STM32H7xx_HAL_Driver/Src/stm32h7xx_hal_flash_ex.c:754:115
	adds	r0, #1
.Ltmp395:
	@DEBUG_VALUE: HAL_FLASHEx_ComputeCRC:sector_index <- $r0
	.loc	5 0 0                           @ ../Drivers/STM32H7xx_HAL_Driver/Src/stm32h7xx_hal_flash_ex.c:0:0
	orr	r1, r1, #512
	str	r1, [r6]
.Ltmp396:
	.loc	5 754 94                        @ ../Drivers/STM32H7xx_HAL_Driver/Src/stm32h7xx_hal_flash_ex.c:754:94
	ldrd	r1, r2, [r5, #12]
	.loc	5 754 82                        @ ../Drivers/STM32H7xx_HAL_Driver/Src/stm32h7xx_hal_flash_ex.c:754:82
	add	r1, r2
.Ltmp397:
	.loc	5 754 9                         @ ../Drivers/STM32H7xx_HAL_Driver/Src/stm32h7xx_hal_flash_ex.c:754:9
	cmp	r0, r1
	blo	.LBB9_5
	b	.LBB9_13
.Ltmp398:
	.loc	5 0 9                           @ :0:9
.Ltmp399:
	.p2align	2
.LBB9_6:
	.loc	5 789 18 is_stmt 1              @ ../Drivers/STM32H7xx_HAL_Driver/Src/stm32h7xx_hal_flash_ex.c:789:18
	ldr.w	r0, [r6, #188]
	orr	r0, r0, #32768
	str.w	r0, [r6, #188]
	.loc	5 792 19                        @ ../Drivers/STM32H7xx_HAL_Driver/Src/stm32h7xx_hal_flash_ex.c:792:19
	ldr.w	r0, [r6, #196]
	orr	r0, r0, #402653184
	str.w	r0, [r6, #196]
	.loc	5 794 21                        @ ../Drivers/STM32H7xx_HAL_Driver/Src/stm32h7xx_hal_flash_ex.c:794:21
	ldr.w	r0, [r6, #256]
	bic	r0, r0, #7340032
	str.w	r0, [r6, #256]
	.loc	5 796 80                        @ ../Drivers/STM32H7xx_HAL_Driver/Src/stm32h7xx_hal_flash_ex.c:796:80
	ldrd	r0, r1, [r5]
	.loc	5 796 21 is_stmt 0              @ ../Drivers/STM32H7xx_HAL_Driver/Src/stm32h7xx_hal_flash_ex.c:796:21
	ldr.w	r2, [r6, #256]
	orrs	r1, r2
	movw	r2, #256
	movt	r2, #64
	orrs	r1, r0
	.loc	5 798 11 is_stmt 1              @ ../Drivers/STM32H7xx_HAL_Driver/Src/stm32h7xx_hal_flash_ex.c:798:11
	cmp	r0, r2
	.loc	5 796 21                        @ ../Drivers/STM32H7xx_HAL_Driver/Src/stm32h7xx_hal_flash_ex.c:796:21
	orr	r1, r1, #131072
	str.w	r1, [r6, #256]
	.loc	5 798 11                        @ ../Drivers/STM32H7xx_HAL_Driver/Src/stm32h7xx_hal_flash_ex.c:798:11
	beq	.LBB9_11
@ %bb.7:
	cmp.w	r0, #256
	bne	.LBB9_15
@ %bb.8:
.Ltmp400:
	.loc	5 801 23                        @ ../Drivers/STM32H7xx_HAL_Driver/Src/stm32h7xx_hal_flash_ex.c:801:23
	ldr.w	r0, [r6, #256]
	add.w	r7, r6, #188
	orr	r0, r0, #1024
	str.w	r0, [r6, #256]
.Ltmp401:
	@DEBUG_VALUE: HAL_FLASHEx_ComputeCRC:sector_index <- undef
	.loc	5 804 38                        @ ../Drivers/STM32H7xx_HAL_Driver/Src/stm32h7xx_hal_flash_ex.c:804:38
	ldrd	r1, r0, [r5, #12]
.Ltmp402:
	.loc	5 804 82 is_stmt 0              @ ../Drivers/STM32H7xx_HAL_Driver/Src/stm32h7xx_hal_flash_ex.c:804:82
	adds	r2, r1, r0
.Ltmp403:
	.loc	5 801 23 is_stmt 1              @ ../Drivers/STM32H7xx_HAL_Driver/Src/stm32h7xx_hal_flash_ex.c:801:23
	add.w	r0, r6, #256
.Ltmp404:
	.loc	5 804 9                         @ ../Drivers/STM32H7xx_HAL_Driver/Src/stm32h7xx_hal_flash_ex.c:804:9
	cmp	r1, r2
	add.w	r4, r6, #196
	bhs	.LBB9_16
.Ltmp405:
	.loc	5 0 9 is_stmt 0                 @ :0:9
.Ltmp406:
	.p2align	2
.LBB9_9:                                @ =>This Inner Loop Header: Depth=1
	@DEBUG_VALUE: HAL_FLASHEx_ComputeCRC:sector_index <- $r1
	@DEBUG_VALUE: FLASH_CRC_AddSector:Sector <- $r1
	@DEBUG_VALUE: FLASH_CRC_AddSector:Bank <- 2
	ldr.w	r2, [r6, #256]
	bic	r2, r2, #7
	str.w	r2, [r6, #256]
	ldr.w	r2, [r6, #256]
	orrs	r2, r1
.Ltmp407:
	.loc	5 804 115                       @ ../Drivers/STM32H7xx_HAL_Driver/Src/stm32h7xx_hal_flash_ex.c:804:115
	adds	r1, #1
.Ltmp408:
	@DEBUG_VALUE: HAL_FLASHEx_ComputeCRC:sector_index <- $r1
	.loc	5 0 0                           @ ../Drivers/STM32H7xx_HAL_Driver/Src/stm32h7xx_hal_flash_ex.c:0:0
	orr	r2, r2, #512
	str.w	r2, [r6, #256]
.Ltmp409:
	.loc	5 804 94                        @ ../Drivers/STM32H7xx_HAL_Driver/Src/stm32h7xx_hal_flash_ex.c:804:94
	ldrd	r2, r3, [r5, #12]
	.loc	5 804 82                        @ ../Drivers/STM32H7xx_HAL_Driver/Src/stm32h7xx_hal_flash_ex.c:804:82
	add	r2, r3
.Ltmp410:
	.loc	5 804 9                         @ ../Drivers/STM32H7xx_HAL_Driver/Src/stm32h7xx_hal_flash_ex.c:804:9
	cmp	r1, r2
	blo	.LBB9_9
	b	.LBB9_16
.Ltmp411:
	.loc	5 0 9                           @ :0:9
.Ltmp412:
	.p2align	2
.LBB9_10:
	.loc	5 762 23 is_stmt 1              @ ../Drivers/STM32H7xx_HAL_Driver/Src/stm32h7xx_hal_flash_ex.c:762:23
	mov	r7, r6
	mov	r4, r6
	ldr	r0, [r7], #-68
	orr	r0, r0, #4194304
	str	r0, [r4], #-60
	b	.LBB9_14
.Ltmp413:
	.loc	5 0 23 is_stmt 0                @ :0:23
.Ltmp414:
	.p2align	2
.LBB9_11:
	.loc	5 812 23 is_stmt 1              @ ../Drivers/STM32H7xx_HAL_Driver/Src/stm32h7xx_hal_flash_ex.c:812:23
	ldr.w	r1, [r6, #256]
	add.w	r0, r6, #256
	add.w	r7, r6, #188
	add.w	r4, r6, #196
	orr	r1, r1, #4194304
	str.w	r1, [r6, #256]
	b	.LBB9_16
.Ltmp415:
	.loc	5 0 23 is_stmt 0                @ :0:23
.Ltmp416:
	.p2align	2
.LBB9_12:
	@DEBUG_VALUE: FLASH_CRC_SelectAddress:CRCEndAddr <- undef
	@DEBUG_VALUE: FLASH_CRC_SelectAddress:CRCStartAddr <- undef
	.loc	5 767 43 is_stmt 1              @ ../Drivers/STM32H7xx_HAL_Driver/Src/stm32h7xx_hal_flash_ex.c:767:43
	ldrd	r0, r1, [r5, #20]
.Ltmp417:
	@DEBUG_VALUE: FLASH_CRC_SelectAddress:Bank <- 1
	.loc	5 0 0 is_stmt 0                 @ ../Drivers/STM32H7xx_HAL_Driver/Src/stm32h7xx_hal_flash_ex.c:0:0
	str	r0, [r6, #4]
	str	r1, [r6, #8]
.Ltmp418:
.LBB9_13:
	sub.w	r7, r6, #68
	sub.w	r4, r6, #60
.LBB9_14:
	movs	r1, #1
	mov	r0, r6
.Ltmp419:
	.loc	5 754 9 is_stmt 1               @ ../Drivers/STM32H7xx_HAL_Driver/Src/stm32h7xx_hal_flash_ex.c:754:9
	b	.LBB9_17
.Ltmp420:
	.loc	5 0 9 is_stmt 0                 @ :0:9
.Ltmp421:
	.p2align	2
.LBB9_15:
	@DEBUG_VALUE: FLASH_CRC_SelectAddress:CRCEndAddr <- undef
	@DEBUG_VALUE: FLASH_CRC_SelectAddress:CRCStartAddr <- undef
	.loc	5 817 43 is_stmt 1              @ ../Drivers/STM32H7xx_HAL_Driver/Src/stm32h7xx_hal_flash_ex.c:817:43
	ldrd	r0, r1, [r5, #20]
.Ltmp422:
	@DEBUG_VALUE: FLASH_CRC_SelectAddress:Bank <- 2
	.loc	5 0 0 is_stmt 0                 @ ../Drivers/STM32H7xx_HAL_Driver/Src/stm32h7xx_hal_flash_ex.c:0:0
	str.w	r0, [r6, #260]
	add.w	r7, r6, #188
	str.w	r1, [r6, #264]
	add.w	r4, r6, #196
	add.w	r0, r6, #256
.Ltmp423:
.LBB9_16:
	movs	r1, #2
.LBB9_17:
	ldr	r2, [r0]
	orr	r2, r2, #65536
	str	r2, [r0]
	movw	r0, #50000
	bl	FLASH_CRC_WaitForLastOperation
.Ltmp424:
	ldr	r1, [r6, #12]
	str.w	r1, [r8]
	ldr	r1, [r7]
	bic	r1, r1, #32768
	str	r1, [r7]
	mov.w	r1, #402653184
	str	r1, [r4]
.Ltmp425:
	@DEBUG_VALUE: HAL_FLASHEx_ComputeCRC:status <- $r0
	.loc	5 838 3 epilogue_begin is_stmt 1 @ ../Drivers/STM32H7xx_HAL_Driver/Src/stm32h7xx_hal_flash_ex.c:838:3
	pop.w	{r4, r5, r6, r7, r8, pc}
.Ltmp426:
.Lfunc_end9:
	.size	HAL_FLASHEx_ComputeCRC, .Lfunc_end9-HAL_FLASHEx_ComputeCRC
	.cfi_endproc
	.cantunwind
	.fnend
                                        @ -- End function
	.file	6 "D:\\EV\\testadc\\MDK-ARM" "../Drivers/STM32H7xx_HAL_Driver/Inc\\stm32h7xx_hal_flash_ex.h"
	.section	.debug_loc,"",%progbits
.Ldebug_loc0:
	.long	-1
	.long	.Lfunc_begin0                   @   base address
	.long	.Lfunc_begin0-.Lfunc_begin0
	.long	.Ltmp4-.Lfunc_begin0
	.short	1                               @ Loc expr size
	.byte	80                              @ DW_OP_reg0
	.long	.Ltmp5-.Lfunc_begin0
	.long	.Ltmp7-.Lfunc_begin0
	.short	1                               @ Loc expr size
	.byte	80                              @ DW_OP_reg0
	.long	.Ltmp7-.Lfunc_begin0
	.long	.Ltmp111-.Lfunc_begin0
	.short	1                               @ Loc expr size
	.byte	84                              @ DW_OP_reg4
	.long	0
	.long	0
.Ldebug_loc1:
	.long	-1
	.long	.Lfunc_begin0                   @   base address
	.long	.Lfunc_begin0-.Lfunc_begin0
	.long	.Ltmp10-.Lfunc_begin0
	.short	1                               @ Loc expr size
	.byte	81                              @ DW_OP_reg1
	.long	.Ltmp10-.Lfunc_begin0
	.long	.Ltmp117-.Lfunc_begin0
	.short	1                               @ Loc expr size
	.byte	89                              @ DW_OP_reg9
	.long	0
	.long	0
.Ldebug_loc2:
	.long	-1
	.long	.Lfunc_begin0                   @   base address
	.long	.Ltmp2-.Lfunc_begin0
	.long	.Ltmp17-.Lfunc_begin0
	.short	2                               @ Loc expr size
	.byte	48                              @ DW_OP_lit0
	.byte	159                             @ DW_OP_stack_value
	.long	.Ltmp20-.Lfunc_begin0
	.long	.Ltmp23-.Lfunc_begin0
	.short	1                               @ Loc expr size
	.byte	80                              @ DW_OP_reg0
	.long	.Ltmp25-.Lfunc_begin0
	.long	.Ltmp27-.Lfunc_begin0
	.short	1                               @ Loc expr size
	.byte	85                              @ DW_OP_reg5
	.long	.Ltmp40-.Lfunc_begin0
	.long	.Ltmp51-.Lfunc_begin0
	.short	2                               @ Loc expr size
	.byte	48                              @ DW_OP_lit0
	.byte	159                             @ DW_OP_stack_value
	.long	.Ltmp51-.Lfunc_begin0
	.long	.Ltmp52-.Lfunc_begin0
	.short	1                               @ Loc expr size
	.byte	80                              @ DW_OP_reg0
	.long	.Ltmp52-.Lfunc_begin0
	.long	.Ltmp62-.Lfunc_begin0
	.short	2                               @ Loc expr size
	.byte	48                              @ DW_OP_lit0
	.byte	159                             @ DW_OP_stack_value
	.long	.Ltmp63-.Lfunc_begin0
	.long	.Ltmp65-.Lfunc_begin0
	.short	1                               @ Loc expr size
	.byte	80                              @ DW_OP_reg0
	.long	.Ltmp67-.Lfunc_begin0
	.long	.Ltmp69-.Lfunc_begin0
	.short	1                               @ Loc expr size
	.byte	80                              @ DW_OP_reg0
	.long	.Ltmp70-.Lfunc_begin0
	.long	.Ltmp75-.Lfunc_begin0
	.short	2                               @ Loc expr size
	.byte	48                              @ DW_OP_lit0
	.byte	159                             @ DW_OP_stack_value
	.long	.Ltmp75-.Lfunc_begin0
	.long	.Ltmp78-.Lfunc_begin0
	.short	1                               @ Loc expr size
	.byte	80                              @ DW_OP_reg0
	.long	.Ltmp78-.Lfunc_begin0
	.long	.Ltmp80-.Lfunc_begin0
	.short	1                               @ Loc expr size
	.byte	85                              @ DW_OP_reg5
	.long	.Ltmp80-.Lfunc_begin0
	.long	.Ltmp83-.Lfunc_begin0
	.short	1                               @ Loc expr size
	.byte	80                              @ DW_OP_reg0
	.long	.Ltmp94-.Lfunc_begin0
	.long	.Ltmp99-.Lfunc_begin0
	.short	1                               @ Loc expr size
	.byte	80                              @ DW_OP_reg0
	.long	.Ltmp109-.Lfunc_begin0
	.long	.Ltmp111-.Lfunc_begin0
	.short	1                               @ Loc expr size
	.byte	80                              @ DW_OP_reg0
	.long	.Ltmp111-.Lfunc_begin0
	.long	.Ltmp114-.Lfunc_begin0
	.short	1                               @ Loc expr size
	.byte	84                              @ DW_OP_reg4
	.long	.Ltmp114-.Lfunc_begin0
	.long	.Lfunc_end0-.Lfunc_begin0
	.short	1                               @ Loc expr size
	.byte	80                              @ DW_OP_reg0
	.long	0
	.long	0
.Ldebug_loc3:
	.long	-1
	.long	.Lfunc_begin0                   @   base address
	.long	.Ltmp30-.Lfunc_begin0
	.long	.Ltmp36-.Lfunc_begin0
	.short	1                               @ Loc expr size
	.byte	81                              @ DW_OP_reg1
	.long	.Ltmp83-.Lfunc_begin0
	.long	.Ltmp87-.Lfunc_begin0
	.short	1                               @ Loc expr size
	.byte	81                              @ DW_OP_reg1
	.long	.Ltmp99-.Lfunc_begin0
	.long	.Ltmp103-.Lfunc_begin0
	.short	1                               @ Loc expr size
	.byte	81                              @ DW_OP_reg1
	.long	0
	.long	0
.Ldebug_loc4:
	.long	-1
	.long	.Lfunc_begin0                   @   base address
	.long	.Ltmp34-.Lfunc_begin0
	.long	.Ltmp37-.Lfunc_begin0
	.short	1                               @ Loc expr size
	.byte	80                              @ DW_OP_reg0
	.long	.Ltmp83-.Lfunc_begin0
	.long	.Ltmp87-.Lfunc_begin0
	.short	1                               @ Loc expr size
	.byte	80                              @ DW_OP_reg0
	.long	.Ltmp99-.Lfunc_begin0
	.long	.Ltmp105-.Lfunc_begin0
	.short	1                               @ Loc expr size
	.byte	80                              @ DW_OP_reg0
	.long	0
	.long	0
.Ldebug_loc5:
	.long	-1
	.long	.Lfunc_begin0                   @   base address
	.long	.Ltmp44-.Lfunc_begin0
	.long	.Ltmp74-.Lfunc_begin0
	.short	1                               @ Loc expr size
	.byte	87                              @ DW_OP_reg7
	.long	.Ltmp95-.Lfunc_begin0
	.long	.Ltmp99-.Lfunc_begin0
	.short	1                               @ Loc expr size
	.byte	87                              @ DW_OP_reg7
	.long	0
	.long	0
.Ldebug_loc6:
	.long	-1
	.long	.Lfunc_begin0                   @   base address
	.long	.Ltmp46-.Lfunc_begin0
	.long	.Ltmp48-.Lfunc_begin0
	.short	1                               @ Loc expr size
	.byte	81                              @ DW_OP_reg1
	.long	.Ltmp52-.Lfunc_begin0
	.long	.Ltmp55-.Lfunc_begin0
	.short	1                               @ Loc expr size
	.byte	81                              @ DW_OP_reg1
	.long	0
	.long	0
.Ldebug_loc7:
	.long	-1
	.long	.Lfunc_begin0                   @   base address
	.long	.Ltmp46-.Lfunc_begin0
	.long	.Ltmp49-.Lfunc_begin0
	.short	1                               @ Loc expr size
	.byte	87                              @ DW_OP_reg7
	.long	.Ltmp52-.Lfunc_begin0
	.long	.Ltmp59-.Lfunc_begin0
	.short	1                               @ Loc expr size
	.byte	87                              @ DW_OP_reg7
	.long	0
	.long	0
.Ldebug_loc8:
	.long	-1
	.long	.Lfunc_begin0                   @   base address
	.long	.Ltmp46-.Lfunc_begin0
	.long	.Ltmp49-.Lfunc_begin0
	.short	1                               @ Loc expr size
	.byte	82                              @ DW_OP_reg2
	.long	.Ltmp52-.Lfunc_begin0
	.long	.Ltmp57-.Lfunc_begin0
	.short	1                               @ Loc expr size
	.byte	82                              @ DW_OP_reg2
	.long	0
	.long	0
.Ldebug_loc9:
	.long	-1
	.long	.Lfunc_begin1                   @   base address
	.long	.Lfunc_begin1-.Lfunc_begin1
	.long	.Ltmp123-.Lfunc_begin1
	.short	1                               @ Loc expr size
	.byte	80                              @ DW_OP_reg0
	.long	.Ltmp123-.Lfunc_begin1
	.long	.Lfunc_end1-.Lfunc_begin1
	.short	4                               @ Loc expr size
	.byte	243                             @ DW_OP_GNU_entry_value
	.byte	1                               @ 1
	.byte	80                              @ DW_OP_reg0
	.byte	159                             @ DW_OP_stack_value
	.long	0
	.long	0
.Ldebug_loc10:
	.long	-1
	.long	.Lfunc_begin1                   @   base address
	.long	.Lfunc_begin1-.Lfunc_begin1
	.long	.Ltmp121-.Lfunc_begin1
	.short	1                               @ Loc expr size
	.byte	81                              @ DW_OP_reg1
	.long	.Ltmp121-.Lfunc_begin1
	.long	.Lfunc_end1-.Lfunc_begin1
	.short	4                               @ Loc expr size
	.byte	243                             @ DW_OP_GNU_entry_value
	.byte	1                               @ 1
	.byte	81                              @ DW_OP_reg1
	.byte	159                             @ DW_OP_stack_value
	.long	0
	.long	0
.Ldebug_loc11:
	.long	-1
	.long	.Lfunc_begin2                   @   base address
	.long	.Lfunc_begin2-.Lfunc_begin2
	.long	.Ltmp130-.Lfunc_begin2
	.short	1                               @ Loc expr size
	.byte	80                              @ DW_OP_reg0
	.long	.Ltmp131-.Lfunc_begin2
	.long	.Ltmp133-.Lfunc_begin2
	.short	1                               @ Loc expr size
	.byte	80                              @ DW_OP_reg0
	.long	.Ltmp133-.Lfunc_begin2
	.long	.Ltmp169-.Lfunc_begin2
	.short	1                               @ Loc expr size
	.byte	84                              @ DW_OP_reg4
	.long	.Ltmp171-.Lfunc_begin2
	.long	.Ltmp175-.Lfunc_begin2
	.short	1                               @ Loc expr size
	.byte	84                              @ DW_OP_reg4
	.long	.Ltmp181-.Lfunc_begin2
	.long	.Ltmp188-.Lfunc_begin2
	.short	1                               @ Loc expr size
	.byte	84                              @ DW_OP_reg4
	.long	.Ltmp190-.Lfunc_begin2
	.long	.Ltmp201-.Lfunc_begin2
	.short	1                               @ Loc expr size
	.byte	84                              @ DW_OP_reg4
	.long	0
	.long	0
.Ldebug_loc12:
	.long	-1
	.long	.Lfunc_begin2                   @   base address
	.long	.Ltmp128-.Lfunc_begin2
	.long	.Ltmp138-.Lfunc_begin2
	.short	2                               @ Loc expr size
	.byte	48                              @ DW_OP_lit0
	.byte	159                             @ DW_OP_stack_value
	.long	.Ltmp140-.Lfunc_begin2
	.long	.Ltmp142-.Lfunc_begin2
	.short	2                               @ Loc expr size
	.byte	48                              @ DW_OP_lit0
	.byte	159                             @ DW_OP_stack_value
	.long	0
	.long	0
.Ldebug_loc13:
	.long	-1
	.long	.Lfunc_begin2                   @   base address
	.long	.Ltmp170-.Lfunc_begin2
	.long	.Ltmp171-.Lfunc_begin2
	.short	1                               @ Loc expr size
	.byte	83                              @ DW_OP_reg3
	.long	.Ltmp176-.Lfunc_begin2
	.long	.Ltmp181-.Lfunc_begin2
	.short	1                               @ Loc expr size
	.byte	83                              @ DW_OP_reg3
	.long	0
	.long	0
.Ldebug_loc14:
	.long	-1
	.long	.Lfunc_begin2                   @   base address
	.long	.Ltmp170-.Lfunc_begin2
	.long	.Ltmp171-.Lfunc_begin2
	.short	1                               @ Loc expr size
	.byte	84                              @ DW_OP_reg4
	.long	.Ltmp176-.Lfunc_begin2
	.long	.Ltmp181-.Lfunc_begin2
	.short	1                               @ Loc expr size
	.byte	84                              @ DW_OP_reg4
	.long	0
	.long	0
.Ldebug_loc15:
	.long	-1
	.long	.Lfunc_begin2                   @   base address
	.long	.Ltmp186-.Lfunc_begin2
	.long	.Ltmp188-.Lfunc_begin2
	.short	1                               @ Loc expr size
	.byte	83                              @ DW_OP_reg3
	.long	.Ltmp190-.Lfunc_begin2
	.long	.Ltmp191-.Lfunc_begin2
	.short	1                               @ Loc expr size
	.byte	83                              @ DW_OP_reg3
	.long	.Ltmp196-.Lfunc_begin2
	.long	.Ltmp199-.Lfunc_begin2
	.short	1                               @ Loc expr size
	.byte	83                              @ DW_OP_reg3
	.long	0
	.long	0
.Ldebug_loc16:
	.long	-1
	.long	.Lfunc_begin3                   @   base address
	.long	.Lfunc_begin3-.Lfunc_begin3
	.long	.Ltmp205-.Lfunc_begin3
	.short	1                               @ Loc expr size
	.byte	80                              @ DW_OP_reg0
	.long	.Ltmp205-.Lfunc_begin3
	.long	.Ltmp206-.Lfunc_begin3
	.short	4                               @ Loc expr size
	.byte	243                             @ DW_OP_GNU_entry_value
	.byte	1                               @ 1
	.byte	80                              @ DW_OP_reg0
	.byte	159                             @ DW_OP_stack_value
	.long	.Ltmp206-.Lfunc_begin3
	.long	.Ltmp208-.Lfunc_begin3
	.short	1                               @ Loc expr size
	.byte	80                              @ DW_OP_reg0
	.long	.Ltmp208-.Lfunc_begin3
	.long	.Ltmp229-.Lfunc_begin3
	.short	1                               @ Loc expr size
	.byte	87                              @ DW_OP_reg7
	.long	.Ltmp229-.Lfunc_begin3
	.long	.Ltmp235-.Lfunc_begin3
	.short	4                               @ Loc expr size
	.byte	243                             @ DW_OP_GNU_entry_value
	.byte	1                               @ 1
	.byte	80                              @ DW_OP_reg0
	.byte	159                             @ DW_OP_stack_value
	.long	.Ltmp235-.Lfunc_begin3
	.long	.Ltmp237-.Lfunc_begin3
	.short	1                               @ Loc expr size
	.byte	87                              @ DW_OP_reg7
	.long	.Ltmp237-.Lfunc_begin3
	.long	.Ltmp243-.Lfunc_begin3
	.short	4                               @ Loc expr size
	.byte	243                             @ DW_OP_GNU_entry_value
	.byte	1                               @ 1
	.byte	80                              @ DW_OP_reg0
	.byte	159                             @ DW_OP_stack_value
	.long	0
	.long	0
.Ldebug_loc17:
	.long	-1
	.long	.Lfunc_begin3                   @   base address
	.long	.Ltmp228-.Lfunc_begin3
	.long	.Ltmp234-.Lfunc_begin3
	.short	1                               @ Loc expr size
	.byte	80                              @ DW_OP_reg0
	.long	0
	.long	0
.Ldebug_loc18:
	.long	-1
	.long	.Lfunc_begin3                   @   base address
	.long	.Ltmp228-.Lfunc_begin3
	.long	.Ltmp232-.Lfunc_begin3
	.short	1                               @ Loc expr size
	.byte	83                              @ DW_OP_reg3
	.long	0
	.long	0
.Ldebug_loc19:
	.long	-1
	.long	.Lfunc_begin3                   @   base address
	.long	.Ltmp235-.Lfunc_begin3
	.long	.Ltmp240-.Lfunc_begin3
	.short	1                               @ Loc expr size
	.byte	83                              @ DW_OP_reg3
	.long	0
	.long	0
.Ldebug_loc20:
	.long	-1
	.long	.Lfunc_begin3                   @   base address
	.long	.Ltmp246-.Lfunc_begin3
	.long	.Ltmp247-.Lfunc_begin3
	.short	1                               @ Loc expr size
	.byte	80                              @ DW_OP_reg0
	.long	0
	.long	0
.Ldebug_loc21:
	.long	-1
	.long	.Lfunc_begin3                   @   base address
	.long	.Ltmp254-.Lfunc_begin3
	.long	.Ltmp255-.Lfunc_begin3
	.short	1                               @ Loc expr size
	.byte	88                              @ DW_OP_reg8
	.long	.Ltmp264-.Lfunc_begin3
	.long	.Ltmp266-.Lfunc_begin3
	.short	1                               @ Loc expr size
	.byte	86                              @ DW_OP_reg6
	.long	.Ltmp266-.Lfunc_begin3
	.long	.Ltmp267-.Lfunc_begin3
	.short	2                               @ Loc expr size
	.byte	48                              @ DW_OP_lit0
	.byte	159                             @ DW_OP_stack_value
	.long	.Ltmp274-.Lfunc_begin3
	.long	.Ltmp276-.Lfunc_begin3
	.short	1                               @ Loc expr size
	.byte	86                              @ DW_OP_reg6
	.long	.Ltmp276-.Lfunc_begin3
	.long	.Ltmp277-.Lfunc_begin3
	.short	1                               @ Loc expr size
	.byte	83                              @ DW_OP_reg3
	.long	0
	.long	0
.Ldebug_loc22:
	.long	-1
	.long	.Lfunc_begin3                   @   base address
	.long	.Ltmp255-.Lfunc_begin3
	.long	.Ltmp266-.Lfunc_begin3
	.short	1                               @ Loc expr size
	.byte	80                              @ DW_OP_reg0
	.long	.Ltmp266-.Lfunc_begin3
	.long	.Ltmp267-.Lfunc_begin3
	.short	2                               @ Loc expr size
	.byte	48                              @ DW_OP_lit0
	.byte	159                             @ DW_OP_stack_value
	.long	.Ltmp267-.Lfunc_begin3
	.long	.Ltmp278-.Lfunc_begin3
	.short	1                               @ Loc expr size
	.byte	80                              @ DW_OP_reg0
	.long	0
	.long	0
.Ldebug_loc23:
	.long	-1
	.long	.Lfunc_begin3                   @   base address
	.long	.Ltmp266-.Lfunc_begin3
	.long	.Ltmp271-.Lfunc_begin3
	.short	1                               @ Loc expr size
	.byte	84                              @ DW_OP_reg4
	.long	0
	.long	0
.Ldebug_loc24:
	.long	-1
	.long	.Lfunc_begin3                   @   base address
	.long	.Ltmp281-.Lfunc_begin3
	.long	.Ltmp286-.Lfunc_begin3
	.short	1                               @ Loc expr size
	.byte	87                              @ DW_OP_reg7
	.long	0
	.long	0
.Ldebug_loc25:
	.long	-1
	.long	.Lfunc_begin3                   @   base address
	.long	.Ltmp281-.Lfunc_begin3
	.long	.Ltmp289-.Lfunc_begin3
	.short	1                               @ Loc expr size
	.byte	80                              @ DW_OP_reg0
	.long	0
	.long	0
.Ldebug_loc26:
	.long	-1
	.long	.Lfunc_begin3                   @   base address
	.long	.Ltmp283-.Lfunc_begin3
	.long	.Ltmp288-.Lfunc_begin3
	.short	1                               @ Loc expr size
	.byte	83                              @ DW_OP_reg3
	.long	0
	.long	0
.Ldebug_loc27:
	.long	-1
	.long	.Lfunc_begin3                   @   base address
	.long	.Ltmp283-.Lfunc_begin3
	.long	.Ltmp290-.Lfunc_begin3
	.short	1                               @ Loc expr size
	.byte	84                              @ DW_OP_reg4
	.long	0
	.long	0
.Ldebug_loc28:
	.long	-1
	.long	.Lfunc_begin3                   @   base address
	.long	.Ltmp292-.Lfunc_begin3
	.long	.Ltmp293-.Lfunc_begin3
	.short	1                               @ Loc expr size
	.byte	80                              @ DW_OP_reg0
	.long	0
	.long	0
.Ldebug_loc29:
	.long	-1
	.long	.Lfunc_begin3                   @   base address
	.long	.Ltmp298-.Lfunc_begin3
	.long	.Ltmp302-.Lfunc_begin3
	.short	1                               @ Loc expr size
	.byte	83                              @ DW_OP_reg3
	.long	0
	.long	0
.Ldebug_loc30:
	.long	-1
	.long	.Lfunc_begin3                   @   base address
	.long	.Ltmp298-.Lfunc_begin3
	.long	.Ltmp304-.Lfunc_begin3
	.short	1                               @ Loc expr size
	.byte	80                              @ DW_OP_reg0
	.long	0
	.long	0
.Ldebug_loc31:
	.long	-1
	.long	.Lfunc_begin3                   @   base address
	.long	.Ltmp310-.Lfunc_begin3
	.long	.Ltmp315-.Lfunc_begin3
	.short	1                               @ Loc expr size
	.byte	81                              @ DW_OP_reg1
	.long	0
	.long	0
.Ldebug_loc32:
	.long	-1
	.long	.Lfunc_begin3                   @   base address
	.long	.Ltmp310-.Lfunc_begin3
	.long	.Ltmp316-.Lfunc_begin3
	.short	1                               @ Loc expr size
	.byte	83                              @ DW_OP_reg3
	.long	0
	.long	0
.Ldebug_loc33:
	.long	-1
	.long	.Lfunc_begin3                   @   base address
	.long	.Ltmp308-.Lfunc_begin3
	.long	.Ltmp317-.Lfunc_begin3
	.short	1                               @ Loc expr size
	.byte	80                              @ DW_OP_reg0
	.long	0
	.long	0
.Ldebug_loc34:
	.long	-1
	.long	.Lfunc_begin3                   @   base address
	.long	.Ltmp308-.Lfunc_begin3
	.long	.Ltmp313-.Lfunc_begin3
	.short	1                               @ Loc expr size
	.byte	82                              @ DW_OP_reg2
	.long	0
	.long	0
.Ldebug_loc35:
	.long	-1
	.long	.Lfunc_begin4                   @   base address
	.long	.Ltmp323-.Lfunc_begin4
	.long	.Ltmp326-.Lfunc_begin4
	.short	1                               @ Loc expr size
	.byte	82                              @ DW_OP_reg2
	.long	0
	.long	0
.Ldebug_loc36:
	.long	-1
	.long	.Lfunc_begin4                   @   base address
	.long	.Ltmp326-.Lfunc_begin4
	.long	.Ltmp327-.Lfunc_begin4
	.short	1                               @ Loc expr size
	.byte	82                              @ DW_OP_reg2
	.long	0
	.long	0
.Ldebug_loc37:
	.long	-1
	.long	.Lfunc_begin4                   @   base address
	.long	.Ltmp334-.Lfunc_begin4
	.long	.Ltmp338-.Lfunc_begin4
	.short	2                               @ Loc expr size
	.byte	48                              @ DW_OP_lit0
	.byte	159                             @ DW_OP_stack_value
	.long	.Ltmp338-.Lfunc_begin4
	.long	.Ltmp344-.Lfunc_begin4
	.short	1                               @ Loc expr size
	.byte	83                              @ DW_OP_reg3
	.long	0
	.long	0
.Ldebug_loc38:
	.long	-1
	.long	.Lfunc_begin4                   @   base address
	.long	.Ltmp337-.Lfunc_begin4
	.long	.Ltmp348-.Lfunc_begin4
	.short	2                               @ Loc expr size
	.byte	48                              @ DW_OP_lit0
	.byte	159                             @ DW_OP_stack_value
	.long	.Ltmp348-.Lfunc_begin4
	.long	.Ltmp353-.Lfunc_begin4
	.short	1                               @ Loc expr size
	.byte	83                              @ DW_OP_reg3
	.long	0
	.long	0
.Ldebug_loc39:
	.long	-1
	.long	.Lfunc_begin4                   @   base address
	.long	.Ltmp337-.Lfunc_begin4
	.long	.Ltmp346-.Lfunc_begin4
	.short	2                               @ Loc expr size
	.byte	48                              @ DW_OP_lit0
	.byte	159                             @ DW_OP_stack_value
	.long	.Ltmp346-.Lfunc_begin4
	.long	.Ltmp351-.Lfunc_begin4
	.short	1                               @ Loc expr size
	.byte	81                              @ DW_OP_reg1
	.long	0
	.long	0
.Ldebug_loc40:
	.long	-1
	.long	.Lfunc_begin4                   @   base address
	.long	.Ltmp357-.Lfunc_begin4
	.long	.Ltmp358-.Lfunc_begin4
	.short	1                               @ Loc expr size
	.byte	81                              @ DW_OP_reg1
	.long	0
	.long	0
.Ldebug_loc41:
	.long	-1
	.long	.Lfunc_begin9                   @   base address
	.long	.Lfunc_begin9-.Lfunc_begin9
	.long	.Ltmp381-.Lfunc_begin9
	.short	1                               @ Loc expr size
	.byte	80                              @ DW_OP_reg0
	.long	.Ltmp381-.Lfunc_begin9
	.long	.Ltmp384-.Lfunc_begin9
	.short	1                               @ Loc expr size
	.byte	85                              @ DW_OP_reg5
	.long	0
	.long	0
.Ldebug_loc42:
	.long	-1
	.long	.Lfunc_begin9                   @   base address
	.long	.Lfunc_begin9-.Lfunc_begin9
	.long	.Ltmp382-.Lfunc_begin9
	.short	1                               @ Loc expr size
	.byte	81                              @ DW_OP_reg1
	.long	.Ltmp382-.Lfunc_begin9
	.long	.Ltmp384-.Lfunc_begin9
	.short	1                               @ Loc expr size
	.byte	88                              @ DW_OP_reg8
	.long	0
	.long	0
.Ldebug_loc43:
	.long	-1
	.long	.Lfunc_begin9                   @   base address
	.long	.Ltmp383-.Lfunc_begin9
	.long	.Ltmp385-.Lfunc_begin9
	.short	1                               @ Loc expr size
	.byte	80                              @ DW_OP_reg0
	.long	.Ltmp425-.Lfunc_begin9
	.long	.Lfunc_end9-.Lfunc_begin9
	.short	1                               @ Loc expr size
	.byte	80                              @ DW_OP_reg0
	.long	0
	.long	0
.Ldebug_loc44:
	.long	-1
	.long	.Lfunc_begin9                   @   base address
	.long	.Ltmp392-.Lfunc_begin9
	.long	.Ltmp398-.Lfunc_begin9
	.short	1                               @ Loc expr size
	.byte	80                              @ DW_OP_reg0
	.long	.Ltmp405-.Lfunc_begin9
	.long	.Ltmp411-.Lfunc_begin9
	.short	1                               @ Loc expr size
	.byte	81                              @ DW_OP_reg1
	.long	0
	.long	0
.Ldebug_loc45:
	.long	-1
	.long	.Lfunc_begin9                   @   base address
	.long	.Ltmp392-.Lfunc_begin9
	.long	.Ltmp395-.Lfunc_begin9
	.short	1                               @ Loc expr size
	.byte	80                              @ DW_OP_reg0
	.long	0
	.long	0
.Ldebug_loc46:
	.long	-1
	.long	.Lfunc_begin9                   @   base address
	.long	.Ltmp405-.Lfunc_begin9
	.long	.Ltmp408-.Lfunc_begin9
	.short	1                               @ Loc expr size
	.byte	81                              @ DW_OP_reg1
	.long	0
	.long	0
	.section	.debug_abbrev,"",%progbits
	.byte	1                               @ Abbreviation Code
	.byte	17                              @ DW_TAG_compile_unit
	.byte	1                               @ DW_CHILDREN_yes
	.byte	37                              @ DW_AT_producer
	.byte	14                              @ DW_FORM_strp
	.byte	19                              @ DW_AT_language
	.byte	5                               @ DW_FORM_data2
	.byte	3                               @ DW_AT_name
	.byte	14                              @ DW_FORM_strp
	.byte	16                              @ DW_AT_stmt_list
	.byte	23                              @ DW_FORM_sec_offset
	.byte	27                              @ DW_AT_comp_dir
	.byte	14                              @ DW_FORM_strp
	.byte	17                              @ DW_AT_low_pc
	.byte	1                               @ DW_FORM_addr
	.byte	85                              @ DW_AT_ranges
	.byte	23                              @ DW_FORM_sec_offset
	.byte	0                               @ EOM(1)
	.byte	0                               @ EOM(2)
	.byte	2                               @ Abbreviation Code
	.byte	4                               @ DW_TAG_enumeration_type
	.byte	1                               @ DW_CHILDREN_yes
	.byte	73                              @ DW_AT_type
	.byte	19                              @ DW_FORM_ref4
	.byte	11                              @ DW_AT_byte_size
	.byte	11                              @ DW_FORM_data1
	.byte	58                              @ DW_AT_decl_file
	.byte	11                              @ DW_FORM_data1
	.byte	59                              @ DW_AT_decl_line
	.byte	11                              @ DW_FORM_data1
	.byte	0                               @ EOM(1)
	.byte	0                               @ EOM(2)
	.byte	3                               @ Abbreviation Code
	.byte	40                              @ DW_TAG_enumerator
	.byte	0                               @ DW_CHILDREN_no
	.byte	3                               @ DW_AT_name
	.byte	14                              @ DW_FORM_strp
	.byte	28                              @ DW_AT_const_value
	.byte	15                              @ DW_FORM_udata
	.byte	0                               @ EOM(1)
	.byte	0                               @ EOM(2)
	.byte	4                               @ Abbreviation Code
	.byte	36                              @ DW_TAG_base_type
	.byte	0                               @ DW_CHILDREN_no
	.byte	3                               @ DW_AT_name
	.byte	14                              @ DW_FORM_strp
	.byte	62                              @ DW_AT_encoding
	.byte	11                              @ DW_FORM_data1
	.byte	11                              @ DW_AT_byte_size
	.byte	11                              @ DW_FORM_data1
	.byte	0                               @ EOM(1)
	.byte	0                               @ EOM(2)
	.byte	5                               @ Abbreviation Code
	.byte	22                              @ DW_TAG_typedef
	.byte	0                               @ DW_CHILDREN_no
	.byte	73                              @ DW_AT_type
	.byte	19                              @ DW_FORM_ref4
	.byte	3                               @ DW_AT_name
	.byte	14                              @ DW_FORM_strp
	.byte	58                              @ DW_AT_decl_file
	.byte	11                              @ DW_FORM_data1
	.byte	59                              @ DW_AT_decl_line
	.byte	11                              @ DW_FORM_data1
	.byte	0                               @ EOM(1)
	.byte	0                               @ EOM(2)
	.byte	6                               @ Abbreviation Code
	.byte	15                              @ DW_TAG_pointer_type
	.byte	0                               @ DW_CHILDREN_no
	.byte	73                              @ DW_AT_type
	.byte	19                              @ DW_FORM_ref4
	.byte	0                               @ EOM(1)
	.byte	0                               @ EOM(2)
	.byte	7                               @ Abbreviation Code
	.byte	22                              @ DW_TAG_typedef
	.byte	0                               @ DW_CHILDREN_no
	.byte	73                              @ DW_AT_type
	.byte	19                              @ DW_FORM_ref4
	.byte	3                               @ DW_AT_name
	.byte	14                              @ DW_FORM_strp
	.byte	58                              @ DW_AT_decl_file
	.byte	11                              @ DW_FORM_data1
	.byte	59                              @ DW_AT_decl_line
	.byte	5                               @ DW_FORM_data2
	.byte	0                               @ EOM(1)
	.byte	0                               @ EOM(2)
	.byte	8                               @ Abbreviation Code
	.byte	19                              @ DW_TAG_structure_type
	.byte	1                               @ DW_CHILDREN_yes
	.byte	11                              @ DW_AT_byte_size
	.byte	5                               @ DW_FORM_data2
	.byte	58                              @ DW_AT_decl_file
	.byte	11                              @ DW_FORM_data1
	.byte	59                              @ DW_AT_decl_line
	.byte	5                               @ DW_FORM_data2
	.byte	0                               @ EOM(1)
	.byte	0                               @ EOM(2)
	.byte	9                               @ Abbreviation Code
	.byte	13                              @ DW_TAG_member
	.byte	0                               @ DW_CHILDREN_no
	.byte	3                               @ DW_AT_name
	.byte	14                              @ DW_FORM_strp
	.byte	73                              @ DW_AT_type
	.byte	19                              @ DW_FORM_ref4
	.byte	58                              @ DW_AT_decl_file
	.byte	11                              @ DW_FORM_data1
	.byte	59                              @ DW_AT_decl_line
	.byte	5                               @ DW_FORM_data2
	.byte	56                              @ DW_AT_data_member_location
	.byte	11                              @ DW_FORM_data1
	.byte	0                               @ EOM(1)
	.byte	0                               @ EOM(2)
	.byte	10                              @ Abbreviation Code
	.byte	13                              @ DW_TAG_member
	.byte	0                               @ DW_CHILDREN_no
	.byte	3                               @ DW_AT_name
	.byte	14                              @ DW_FORM_strp
	.byte	73                              @ DW_AT_type
	.byte	19                              @ DW_FORM_ref4
	.byte	58                              @ DW_AT_decl_file
	.byte	11                              @ DW_FORM_data1
	.byte	59                              @ DW_AT_decl_line
	.byte	5                               @ DW_FORM_data2
	.byte	56                              @ DW_AT_data_member_location
	.byte	5                               @ DW_FORM_data2
	.byte	0                               @ EOM(1)
	.byte	0                               @ EOM(2)
	.byte	11                              @ Abbreviation Code
	.byte	53                              @ DW_TAG_volatile_type
	.byte	0                               @ DW_CHILDREN_no
	.byte	73                              @ DW_AT_type
	.byte	19                              @ DW_FORM_ref4
	.byte	0                               @ EOM(1)
	.byte	0                               @ EOM(2)
	.byte	12                              @ Abbreviation Code
	.byte	1                               @ DW_TAG_array_type
	.byte	1                               @ DW_CHILDREN_yes
	.byte	73                              @ DW_AT_type
	.byte	19                              @ DW_FORM_ref4
	.byte	0                               @ EOM(1)
	.byte	0                               @ EOM(2)
	.byte	13                              @ Abbreviation Code
	.byte	33                              @ DW_TAG_subrange_type
	.byte	0                               @ DW_CHILDREN_no
	.byte	73                              @ DW_AT_type
	.byte	19                              @ DW_FORM_ref4
	.byte	55                              @ DW_AT_count
	.byte	11                              @ DW_FORM_data1
	.byte	0                               @ EOM(1)
	.byte	0                               @ EOM(2)
	.byte	14                              @ Abbreviation Code
	.byte	36                              @ DW_TAG_base_type
	.byte	0                               @ DW_CHILDREN_no
	.byte	3                               @ DW_AT_name
	.byte	14                              @ DW_FORM_strp
	.byte	11                              @ DW_AT_byte_size
	.byte	11                              @ DW_FORM_data1
	.byte	62                              @ DW_AT_encoding
	.byte	11                              @ DW_FORM_data1
	.byte	0                               @ EOM(1)
	.byte	0                               @ EOM(2)
	.byte	15                              @ Abbreviation Code
	.byte	46                              @ DW_TAG_subprogram
	.byte	1                               @ DW_CHILDREN_yes
	.byte	3                               @ DW_AT_name
	.byte	14                              @ DW_FORM_strp
	.byte	58                              @ DW_AT_decl_file
	.byte	11                              @ DW_FORM_data1
	.byte	59                              @ DW_AT_decl_line
	.byte	5                               @ DW_FORM_data2
	.byte	39                              @ DW_AT_prototyped
	.byte	25                              @ DW_FORM_flag_present
	.byte	32                              @ DW_AT_inline
	.byte	11                              @ DW_FORM_data1
	.byte	0                               @ EOM(1)
	.byte	0                               @ EOM(2)
	.byte	16                              @ Abbreviation Code
	.byte	5                               @ DW_TAG_formal_parameter
	.byte	0                               @ DW_CHILDREN_no
	.byte	3                               @ DW_AT_name
	.byte	14                              @ DW_FORM_strp
	.byte	58                              @ DW_AT_decl_file
	.byte	11                              @ DW_FORM_data1
	.byte	59                              @ DW_AT_decl_line
	.byte	5                               @ DW_FORM_data2
	.byte	73                              @ DW_AT_type
	.byte	19                              @ DW_FORM_ref4
	.byte	0                               @ EOM(1)
	.byte	0                               @ EOM(2)
	.byte	17                              @ Abbreviation Code
	.byte	46                              @ DW_TAG_subprogram
	.byte	1                               @ DW_CHILDREN_yes
	.byte	3                               @ DW_AT_name
	.byte	14                              @ DW_FORM_strp
	.byte	58                              @ DW_AT_decl_file
	.byte	11                              @ DW_FORM_data1
	.byte	59                              @ DW_AT_decl_line
	.byte	5                               @ DW_FORM_data2
	.byte	39                              @ DW_AT_prototyped
	.byte	25                              @ DW_FORM_flag_present
	.byte	63                              @ DW_AT_external
	.byte	25                              @ DW_FORM_flag_present
	.byte	32                              @ DW_AT_inline
	.byte	11                              @ DW_FORM_data1
	.byte	0                               @ EOM(1)
	.byte	0                               @ EOM(2)
	.byte	18                              @ Abbreviation Code
	.byte	46                              @ DW_TAG_subprogram
	.byte	1                               @ DW_CHILDREN_yes
	.byte	17                              @ DW_AT_low_pc
	.byte	1                               @ DW_FORM_addr
	.byte	18                              @ DW_AT_high_pc
	.byte	6                               @ DW_FORM_data4
	.byte	64                              @ DW_AT_frame_base
	.byte	24                              @ DW_FORM_exprloc
	.ascii	"\227B"                         @ DW_AT_GNU_all_call_sites
	.byte	25                              @ DW_FORM_flag_present
	.byte	3                               @ DW_AT_name
	.byte	14                              @ DW_FORM_strp
	.byte	58                              @ DW_AT_decl_file
	.byte	11                              @ DW_FORM_data1
	.byte	59                              @ DW_AT_decl_line
	.byte	11                              @ DW_FORM_data1
	.byte	39                              @ DW_AT_prototyped
	.byte	25                              @ DW_FORM_flag_present
	.byte	73                              @ DW_AT_type
	.byte	19                              @ DW_FORM_ref4
	.byte	63                              @ DW_AT_external
	.byte	25                              @ DW_FORM_flag_present
	.byte	0                               @ EOM(1)
	.byte	0                               @ EOM(2)
	.byte	19                              @ Abbreviation Code
	.byte	5                               @ DW_TAG_formal_parameter
	.byte	0                               @ DW_CHILDREN_no
	.byte	2                               @ DW_AT_location
	.byte	23                              @ DW_FORM_sec_offset
	.byte	3                               @ DW_AT_name
	.byte	14                              @ DW_FORM_strp
	.byte	58                              @ DW_AT_decl_file
	.byte	11                              @ DW_FORM_data1
	.byte	59                              @ DW_AT_decl_line
	.byte	11                              @ DW_FORM_data1
	.byte	73                              @ DW_AT_type
	.byte	19                              @ DW_FORM_ref4
	.byte	0                               @ EOM(1)
	.byte	0                               @ EOM(2)
	.byte	20                              @ Abbreviation Code
	.byte	52                              @ DW_TAG_variable
	.byte	0                               @ DW_CHILDREN_no
	.byte	2                               @ DW_AT_location
	.byte	23                              @ DW_FORM_sec_offset
	.byte	3                               @ DW_AT_name
	.byte	14                              @ DW_FORM_strp
	.byte	58                              @ DW_AT_decl_file
	.byte	11                              @ DW_FORM_data1
	.byte	59                              @ DW_AT_decl_line
	.byte	11                              @ DW_FORM_data1
	.byte	73                              @ DW_AT_type
	.byte	19                              @ DW_FORM_ref4
	.byte	0                               @ EOM(1)
	.byte	0                               @ EOM(2)
	.byte	21                              @ Abbreviation Code
	.byte	29                              @ DW_TAG_inlined_subroutine
	.byte	1                               @ DW_CHILDREN_yes
	.byte	49                              @ DW_AT_abstract_origin
	.byte	19                              @ DW_FORM_ref4
	.byte	85                              @ DW_AT_ranges
	.byte	23                              @ DW_FORM_sec_offset
	.byte	88                              @ DW_AT_call_file
	.byte	11                              @ DW_FORM_data1
	.byte	89                              @ DW_AT_call_line
	.byte	11                              @ DW_FORM_data1
	.byte	87                              @ DW_AT_call_column
	.byte	11                              @ DW_FORM_data1
	.byte	0                               @ EOM(1)
	.byte	0                               @ EOM(2)
	.byte	22                              @ Abbreviation Code
	.byte	5                               @ DW_TAG_formal_parameter
	.byte	0                               @ DW_CHILDREN_no
	.byte	2                               @ DW_AT_location
	.byte	23                              @ DW_FORM_sec_offset
	.byte	49                              @ DW_AT_abstract_origin
	.byte	19                              @ DW_FORM_ref4
	.byte	0                               @ EOM(1)
	.byte	0                               @ EOM(2)
	.byte	23                              @ Abbreviation Code
	.byte	29                              @ DW_TAG_inlined_subroutine
	.byte	1                               @ DW_CHILDREN_yes
	.byte	49                              @ DW_AT_abstract_origin
	.byte	19                              @ DW_FORM_ref4
	.byte	85                              @ DW_AT_ranges
	.byte	23                              @ DW_FORM_sec_offset
	.byte	88                              @ DW_AT_call_file
	.byte	11                              @ DW_FORM_data1
	.byte	89                              @ DW_AT_call_line
	.byte	5                               @ DW_FORM_data2
	.byte	87                              @ DW_AT_call_column
	.byte	11                              @ DW_FORM_data1
	.byte	0                               @ EOM(1)
	.byte	0                               @ EOM(2)
	.byte	24                              @ Abbreviation Code
	.byte	46                              @ DW_TAG_subprogram
	.byte	1                               @ DW_CHILDREN_yes
	.byte	17                              @ DW_AT_low_pc
	.byte	1                               @ DW_FORM_addr
	.byte	18                              @ DW_AT_high_pc
	.byte	6                               @ DW_FORM_data4
	.byte	64                              @ DW_AT_frame_base
	.byte	24                              @ DW_FORM_exprloc
	.ascii	"\227B"                         @ DW_AT_GNU_all_call_sites
	.byte	25                              @ DW_FORM_flag_present
	.byte	49                              @ DW_AT_abstract_origin
	.byte	19                              @ DW_FORM_ref4
	.byte	0                               @ EOM(1)
	.byte	0                               @ EOM(2)
	.byte	25                              @ Abbreviation Code
	.byte	5                               @ DW_TAG_formal_parameter
	.byte	0                               @ DW_CHILDREN_no
	.byte	2                               @ DW_AT_location
	.byte	24                              @ DW_FORM_exprloc
	.byte	49                              @ DW_AT_abstract_origin
	.byte	19                              @ DW_FORM_ref4
	.byte	0                               @ EOM(1)
	.byte	0                               @ EOM(2)
	.byte	26                              @ Abbreviation Code
	.byte	46                              @ DW_TAG_subprogram
	.byte	1                               @ DW_CHILDREN_yes
	.byte	17                              @ DW_AT_low_pc
	.byte	1                               @ DW_FORM_addr
	.byte	18                              @ DW_AT_high_pc
	.byte	6                               @ DW_FORM_data4
	.byte	64                              @ DW_AT_frame_base
	.byte	24                              @ DW_FORM_exprloc
	.ascii	"\227B"                         @ DW_AT_GNU_all_call_sites
	.byte	25                              @ DW_FORM_flag_present
	.byte	3                               @ DW_AT_name
	.byte	14                              @ DW_FORM_strp
	.byte	58                              @ DW_AT_decl_file
	.byte	11                              @ DW_FORM_data1
	.byte	59                              @ DW_AT_decl_line
	.byte	5                               @ DW_FORM_data2
	.byte	39                              @ DW_AT_prototyped
	.byte	25                              @ DW_FORM_flag_present
	.byte	73                              @ DW_AT_type
	.byte	19                              @ DW_FORM_ref4
	.byte	63                              @ DW_AT_external
	.byte	25                              @ DW_FORM_flag_present
	.byte	0                               @ EOM(1)
	.byte	0                               @ EOM(2)
	.byte	27                              @ Abbreviation Code
	.byte	5                               @ DW_TAG_formal_parameter
	.byte	0                               @ DW_CHILDREN_no
	.byte	2                               @ DW_AT_location
	.byte	23                              @ DW_FORM_sec_offset
	.byte	3                               @ DW_AT_name
	.byte	14                              @ DW_FORM_strp
	.byte	58                              @ DW_AT_decl_file
	.byte	11                              @ DW_FORM_data1
	.byte	59                              @ DW_AT_decl_line
	.byte	5                               @ DW_FORM_data2
	.byte	73                              @ DW_AT_type
	.byte	19                              @ DW_FORM_ref4
	.byte	0                               @ EOM(1)
	.byte	0                               @ EOM(2)
	.byte	28                              @ Abbreviation Code
	.byte	52                              @ DW_TAG_variable
	.byte	0                               @ DW_CHILDREN_no
	.byte	2                               @ DW_AT_location
	.byte	23                              @ DW_FORM_sec_offset
	.byte	3                               @ DW_AT_name
	.byte	14                              @ DW_FORM_strp
	.byte	58                              @ DW_AT_decl_file
	.byte	11                              @ DW_FORM_data1
	.byte	59                              @ DW_AT_decl_line
	.byte	5                               @ DW_FORM_data2
	.byte	73                              @ DW_AT_type
	.byte	19                              @ DW_FORM_ref4
	.byte	0                               @ EOM(1)
	.byte	0                               @ EOM(2)
	.byte	29                              @ Abbreviation Code
	.byte	52                              @ DW_TAG_variable
	.byte	0                               @ DW_CHILDREN_no
	.byte	3                               @ DW_AT_name
	.byte	14                              @ DW_FORM_strp
	.byte	58                              @ DW_AT_decl_file
	.byte	11                              @ DW_FORM_data1
	.byte	59                              @ DW_AT_decl_line
	.byte	5                               @ DW_FORM_data2
	.byte	73                              @ DW_AT_type
	.byte	19                              @ DW_FORM_ref4
	.byte	0                               @ EOM(1)
	.byte	0                               @ EOM(2)
	.byte	30                              @ Abbreviation Code
	.byte	29                              @ DW_TAG_inlined_subroutine
	.byte	1                               @ DW_CHILDREN_yes
	.byte	49                              @ DW_AT_abstract_origin
	.byte	19                              @ DW_FORM_ref4
	.byte	17                              @ DW_AT_low_pc
	.byte	1                               @ DW_FORM_addr
	.byte	18                              @ DW_AT_high_pc
	.byte	6                               @ DW_FORM_data4
	.byte	88                              @ DW_AT_call_file
	.byte	11                              @ DW_FORM_data1
	.byte	89                              @ DW_AT_call_line
	.byte	5                               @ DW_FORM_data2
	.byte	87                              @ DW_AT_call_column
	.byte	11                              @ DW_FORM_data1
	.byte	0                               @ EOM(1)
	.byte	0                               @ EOM(2)
	.byte	31                              @ Abbreviation Code
	.byte	52                              @ DW_TAG_variable
	.byte	0                               @ DW_CHILDREN_no
	.byte	2                               @ DW_AT_location
	.byte	23                              @ DW_FORM_sec_offset
	.byte	49                              @ DW_AT_abstract_origin
	.byte	19                              @ DW_FORM_ref4
	.byte	0                               @ EOM(1)
	.byte	0                               @ EOM(2)
	.byte	32                              @ Abbreviation Code
	.byte	46                              @ DW_TAG_subprogram
	.byte	1                               @ DW_CHILDREN_yes
	.byte	3                               @ DW_AT_name
	.byte	14                              @ DW_FORM_strp
	.byte	58                              @ DW_AT_decl_file
	.byte	11                              @ DW_FORM_data1
	.byte	59                              @ DW_AT_decl_line
	.byte	5                               @ DW_FORM_data2
	.byte	39                              @ DW_AT_prototyped
	.byte	25                              @ DW_FORM_flag_present
	.byte	73                              @ DW_AT_type
	.byte	19                              @ DW_FORM_ref4
	.byte	32                              @ DW_AT_inline
	.byte	11                              @ DW_FORM_data1
	.byte	0                               @ EOM(1)
	.byte	0                               @ EOM(2)
	.byte	33                              @ Abbreviation Code
	.byte	46                              @ DW_TAG_subprogram
	.byte	0                               @ DW_CHILDREN_no
	.byte	3                               @ DW_AT_name
	.byte	14                              @ DW_FORM_strp
	.byte	58                              @ DW_AT_decl_file
	.byte	11                              @ DW_FORM_data1
	.byte	59                              @ DW_AT_decl_line
	.byte	5                               @ DW_FORM_data2
	.byte	39                              @ DW_AT_prototyped
	.byte	25                              @ DW_FORM_flag_present
	.byte	73                              @ DW_AT_type
	.byte	19                              @ DW_FORM_ref4
	.byte	32                              @ DW_AT_inline
	.byte	11                              @ DW_FORM_data1
	.byte	0                               @ EOM(1)
	.byte	0                               @ EOM(2)
	.byte	34                              @ Abbreviation Code
	.byte	46                              @ DW_TAG_subprogram
	.byte	1                               @ DW_CHILDREN_yes
	.byte	17                              @ DW_AT_low_pc
	.byte	1                               @ DW_FORM_addr
	.byte	18                              @ DW_AT_high_pc
	.byte	6                               @ DW_FORM_data4
	.byte	64                              @ DW_AT_frame_base
	.byte	24                              @ DW_FORM_exprloc
	.ascii	"\227B"                         @ DW_AT_GNU_all_call_sites
	.byte	25                              @ DW_FORM_flag_present
	.byte	3                               @ DW_AT_name
	.byte	14                              @ DW_FORM_strp
	.byte	58                              @ DW_AT_decl_file
	.byte	11                              @ DW_FORM_data1
	.byte	59                              @ DW_AT_decl_line
	.byte	5                               @ DW_FORM_data2
	.byte	39                              @ DW_AT_prototyped
	.byte	25                              @ DW_FORM_flag_present
	.byte	63                              @ DW_AT_external
	.byte	25                              @ DW_FORM_flag_present
	.byte	0                               @ EOM(1)
	.byte	0                               @ EOM(2)
	.byte	35                              @ Abbreviation Code
	.byte	5                               @ DW_TAG_formal_parameter
	.byte	0                               @ DW_CHILDREN_no
	.byte	2                               @ DW_AT_location
	.byte	24                              @ DW_FORM_exprloc
	.byte	3                               @ DW_AT_name
	.byte	14                              @ DW_FORM_strp
	.byte	58                              @ DW_AT_decl_file
	.byte	11                              @ DW_FORM_data1
	.byte	59                              @ DW_AT_decl_line
	.byte	5                               @ DW_FORM_data2
	.byte	73                              @ DW_AT_type
	.byte	19                              @ DW_FORM_ref4
	.byte	0                               @ EOM(1)
	.byte	0                               @ EOM(2)
	.byte	36                              @ Abbreviation Code
	.byte	29                              @ DW_TAG_inlined_subroutine
	.byte	0                               @ DW_CHILDREN_no
	.byte	49                              @ DW_AT_abstract_origin
	.byte	19                              @ DW_FORM_ref4
	.byte	85                              @ DW_AT_ranges
	.byte	23                              @ DW_FORM_sec_offset
	.byte	88                              @ DW_AT_call_file
	.byte	11                              @ DW_FORM_data1
	.byte	89                              @ DW_AT_call_line
	.byte	5                               @ DW_FORM_data2
	.byte	87                              @ DW_AT_call_column
	.byte	11                              @ DW_FORM_data1
	.byte	0                               @ EOM(1)
	.byte	0                               @ EOM(2)
	.byte	37                              @ Abbreviation Code
	.byte	52                              @ DW_TAG_variable
	.byte	0                               @ DW_CHILDREN_no
	.byte	28                              @ DW_AT_const_value
	.byte	15                              @ DW_FORM_udata
	.byte	49                              @ DW_AT_abstract_origin
	.byte	19                              @ DW_FORM_ref4
	.byte	0                               @ EOM(1)
	.byte	0                               @ EOM(2)
	.byte	38                              @ Abbreviation Code
	.byte	46                              @ DW_TAG_subprogram
	.byte	0                               @ DW_CHILDREN_no
	.byte	17                              @ DW_AT_low_pc
	.byte	1                               @ DW_FORM_addr
	.byte	18                              @ DW_AT_high_pc
	.byte	6                               @ DW_FORM_data4
	.byte	64                              @ DW_AT_frame_base
	.byte	24                              @ DW_FORM_exprloc
	.ascii	"\227B"                         @ DW_AT_GNU_all_call_sites
	.byte	25                              @ DW_FORM_flag_present
	.byte	3                               @ DW_AT_name
	.byte	14                              @ DW_FORM_strp
	.byte	58                              @ DW_AT_decl_file
	.byte	11                              @ DW_FORM_data1
	.byte	59                              @ DW_AT_decl_line
	.byte	5                               @ DW_FORM_data2
	.byte	39                              @ DW_AT_prototyped
	.byte	25                              @ DW_FORM_flag_present
	.byte	73                              @ DW_AT_type
	.byte	19                              @ DW_FORM_ref4
	.byte	63                              @ DW_AT_external
	.byte	25                              @ DW_FORM_flag_present
	.byte	0                               @ EOM(1)
	.byte	0                               @ EOM(2)
	.byte	39                              @ Abbreviation Code
	.byte	5                               @ DW_TAG_formal_parameter
	.byte	0                               @ DW_CHILDREN_no
	.byte	28                              @ DW_AT_const_value
	.byte	15                              @ DW_FORM_udata
	.byte	49                              @ DW_AT_abstract_origin
	.byte	19                              @ DW_FORM_ref4
	.byte	0                               @ EOM(1)
	.byte	0                               @ EOM(2)
	.byte	40                              @ Abbreviation Code
	.byte	19                              @ DW_TAG_structure_type
	.byte	1                               @ DW_CHILDREN_yes
	.byte	11                              @ DW_AT_byte_size
	.byte	11                              @ DW_FORM_data1
	.byte	58                              @ DW_AT_decl_file
	.byte	11                              @ DW_FORM_data1
	.byte	59                              @ DW_AT_decl_line
	.byte	11                              @ DW_FORM_data1
	.byte	0                               @ EOM(1)
	.byte	0                               @ EOM(2)
	.byte	41                              @ Abbreviation Code
	.byte	13                              @ DW_TAG_member
	.byte	0                               @ DW_CHILDREN_no
	.byte	3                               @ DW_AT_name
	.byte	14                              @ DW_FORM_strp
	.byte	73                              @ DW_AT_type
	.byte	19                              @ DW_FORM_ref4
	.byte	58                              @ DW_AT_decl_file
	.byte	11                              @ DW_FORM_data1
	.byte	59                              @ DW_AT_decl_line
	.byte	11                              @ DW_FORM_data1
	.byte	56                              @ DW_AT_data_member_location
	.byte	11                              @ DW_FORM_data1
	.byte	0                               @ EOM(1)
	.byte	0                               @ EOM(2)
	.byte	0                               @ EOM(3)
	.section	.debug_info,"",%progbits
.Lcu_begin0:
	.long	.Ldebug_info_end0-.Ldebug_info_start0 @ Length of Unit
.Ldebug_info_start0:
	.short	4                               @ DWARF version number
	.long	.debug_abbrev                   @ Offset Into Abbrev. Section
	.byte	4                               @ Address Size (in bytes)
	.byte	1                               @ Abbrev [1] 0xb:0xcf0 DW_TAG_compile_unit
	.long	.Linfo_string0                  @ DW_AT_producer
	.short	12                              @ DW_AT_language
	.long	.Linfo_string1                  @ DW_AT_name
	.long	.Lline_table_start0             @ DW_AT_stmt_list
	.long	.Linfo_string2                  @ DW_AT_comp_dir
	.long	0                               @ DW_AT_low_pc
	.long	.Ldebug_ranges14                @ DW_AT_ranges
	.byte	2                               @ Abbrev [2] 0x26:0x21 DW_TAG_enumeration_type
	.long	71                              @ DW_AT_type
	.byte	1                               @ DW_AT_byte_size
	.byte	1                               @ DW_AT_decl_file
	.byte	39                              @ DW_AT_decl_line
	.byte	3                               @ Abbrev [3] 0x2e:0x6 DW_TAG_enumerator
	.long	.Linfo_string4                  @ DW_AT_name
	.byte	0                               @ DW_AT_const_value
	.byte	3                               @ Abbrev [3] 0x34:0x6 DW_TAG_enumerator
	.long	.Linfo_string5                  @ DW_AT_name
	.byte	1                               @ DW_AT_const_value
	.byte	3                               @ Abbrev [3] 0x3a:0x6 DW_TAG_enumerator
	.long	.Linfo_string6                  @ DW_AT_name
	.byte	2                               @ DW_AT_const_value
	.byte	3                               @ Abbrev [3] 0x40:0x6 DW_TAG_enumerator
	.long	.Linfo_string7                  @ DW_AT_name
	.byte	3                               @ DW_AT_const_value
	.byte	0                               @ End Of Children Mark
	.byte	4                               @ Abbrev [4] 0x47:0x7 DW_TAG_base_type
	.long	.Linfo_string3                  @ DW_AT_name
	.byte	8                               @ DW_AT_encoding
	.byte	1                               @ DW_AT_byte_size
	.byte	2                               @ Abbrev [2] 0x4e:0x15 DW_TAG_enumeration_type
	.long	71                              @ DW_AT_type
	.byte	1                               @ DW_AT_byte_size
	.byte	1                               @ DW_AT_decl_file
	.byte	50                              @ DW_AT_decl_line
	.byte	3                               @ Abbrev [3] 0x56:0x6 DW_TAG_enumerator
	.long	.Linfo_string8                  @ DW_AT_name
	.byte	0                               @ DW_AT_const_value
	.byte	3                               @ Abbrev [3] 0x5c:0x6 DW_TAG_enumerator
	.long	.Linfo_string9                  @ DW_AT_name
	.byte	1                               @ DW_AT_const_value
	.byte	0                               @ End Of Children Mark
	.byte	2                               @ Abbrev [2] 0x63:0x39 DW_TAG_enumeration_type
	.long	71                              @ DW_AT_type
	.byte	1                               @ DW_AT_byte_size
	.byte	2                               @ DW_AT_decl_file
	.byte	45                              @ DW_AT_decl_line
	.byte	3                               @ Abbrev [3] 0x6b:0x6 DW_TAG_enumerator
	.long	.Linfo_string10                 @ DW_AT_name
	.byte	0                               @ DW_AT_const_value
	.byte	3                               @ Abbrev [3] 0x71:0x6 DW_TAG_enumerator
	.long	.Linfo_string11                 @ DW_AT_name
	.byte	1                               @ DW_AT_const_value
	.byte	3                               @ Abbrev [3] 0x77:0x6 DW_TAG_enumerator
	.long	.Linfo_string12                 @ DW_AT_name
	.byte	2                               @ DW_AT_const_value
	.byte	3                               @ Abbrev [3] 0x7d:0x6 DW_TAG_enumerator
	.long	.Linfo_string13                 @ DW_AT_name
	.byte	3                               @ DW_AT_const_value
	.byte	3                               @ Abbrev [3] 0x83:0x6 DW_TAG_enumerator
	.long	.Linfo_string14                 @ DW_AT_name
	.byte	4                               @ DW_AT_const_value
	.byte	3                               @ Abbrev [3] 0x89:0x6 DW_TAG_enumerator
	.long	.Linfo_string15                 @ DW_AT_name
	.byte	5                               @ DW_AT_const_value
	.byte	3                               @ Abbrev [3] 0x8f:0x6 DW_TAG_enumerator
	.long	.Linfo_string16                 @ DW_AT_name
	.byte	6                               @ DW_AT_const_value
	.byte	3                               @ Abbrev [3] 0x95:0x6 DW_TAG_enumerator
	.long	.Linfo_string17                 @ DW_AT_name
	.byte	7                               @ DW_AT_const_value
	.byte	0                               @ End Of Children Mark
	.byte	5                               @ Abbrev [5] 0x9c:0xb DW_TAG_typedef
	.long	167                             @ DW_AT_type
	.long	.Linfo_string19                 @ DW_AT_name
	.byte	3                               @ DW_AT_decl_file
	.byte	64                              @ DW_AT_decl_line
	.byte	4                               @ Abbrev [4] 0xa7:0x7 DW_TAG_base_type
	.long	.Linfo_string18                 @ DW_AT_name
	.byte	7                               @ DW_AT_encoding
	.byte	4                               @ DW_AT_byte_size
	.byte	6                               @ Abbrev [6] 0xae:0x5 DW_TAG_pointer_type
	.long	179                             @ DW_AT_type
	.byte	7                               @ Abbrev [7] 0xb3:0xc DW_TAG_typedef
	.long	191                             @ DW_AT_type
	.long	.Linfo_string64                 @ DW_AT_name
	.byte	4                               @ DW_AT_decl_file
	.short	959                             @ DW_AT_decl_line
	.byte	8                               @ Abbrev [8] 0xbf:0x248 DW_TAG_structure_type
	.short	356                             @ DW_AT_byte_size
	.byte	4                               @ DW_AT_decl_file
	.short	914                             @ DW_AT_decl_line
	.byte	9                               @ Abbrev [9] 0xc5:0xd DW_TAG_member
	.long	.Linfo_string20                 @ DW_AT_name
	.long	775                             @ DW_AT_type
	.byte	4                               @ DW_AT_decl_file
	.short	916                             @ DW_AT_decl_line
	.byte	0                               @ DW_AT_data_member_location
	.byte	9                               @ Abbrev [9] 0xd2:0xd DW_TAG_member
	.long	.Linfo_string21                 @ DW_AT_name
	.long	775                             @ DW_AT_type
	.byte	4                               @ DW_AT_decl_file
	.short	917                             @ DW_AT_decl_line
	.byte	4                               @ DW_AT_data_member_location
	.byte	9                               @ Abbrev [9] 0xdf:0xd DW_TAG_member
	.long	.Linfo_string22                 @ DW_AT_name
	.long	775                             @ DW_AT_type
	.byte	4                               @ DW_AT_decl_file
	.short	918                             @ DW_AT_decl_line
	.byte	8                               @ DW_AT_data_member_location
	.byte	9                               @ Abbrev [9] 0xec:0xd DW_TAG_member
	.long	.Linfo_string23                 @ DW_AT_name
	.long	775                             @ DW_AT_type
	.byte	4                               @ DW_AT_decl_file
	.short	919                             @ DW_AT_decl_line
	.byte	12                              @ DW_AT_data_member_location
	.byte	9                               @ Abbrev [9] 0xf9:0xd DW_TAG_member
	.long	.Linfo_string24                 @ DW_AT_name
	.long	775                             @ DW_AT_type
	.byte	4                               @ DW_AT_decl_file
	.short	920                             @ DW_AT_decl_line
	.byte	16                              @ DW_AT_data_member_location
	.byte	9                               @ Abbrev [9] 0x106:0xd DW_TAG_member
	.long	.Linfo_string25                 @ DW_AT_name
	.long	775                             @ DW_AT_type
	.byte	4                               @ DW_AT_decl_file
	.short	921                             @ DW_AT_decl_line
	.byte	20                              @ DW_AT_data_member_location
	.byte	9                               @ Abbrev [9] 0x113:0xd DW_TAG_member
	.long	.Linfo_string26                 @ DW_AT_name
	.long	775                             @ DW_AT_type
	.byte	4                               @ DW_AT_decl_file
	.short	922                             @ DW_AT_decl_line
	.byte	24                              @ DW_AT_data_member_location
	.byte	9                               @ Abbrev [9] 0x120:0xd DW_TAG_member
	.long	.Linfo_string27                 @ DW_AT_name
	.long	775                             @ DW_AT_type
	.byte	4                               @ DW_AT_decl_file
	.short	923                             @ DW_AT_decl_line
	.byte	28                              @ DW_AT_data_member_location
	.byte	9                               @ Abbrev [9] 0x12d:0xd DW_TAG_member
	.long	.Linfo_string28                 @ DW_AT_name
	.long	775                             @ DW_AT_type
	.byte	4                               @ DW_AT_decl_file
	.short	924                             @ DW_AT_decl_line
	.byte	32                              @ DW_AT_data_member_location
	.byte	9                               @ Abbrev [9] 0x13a:0xd DW_TAG_member
	.long	.Linfo_string29                 @ DW_AT_name
	.long	775                             @ DW_AT_type
	.byte	4                               @ DW_AT_decl_file
	.short	925                             @ DW_AT_decl_line
	.byte	36                              @ DW_AT_data_member_location
	.byte	9                               @ Abbrev [9] 0x147:0xd DW_TAG_member
	.long	.Linfo_string30                 @ DW_AT_name
	.long	775                             @ DW_AT_type
	.byte	4                               @ DW_AT_decl_file
	.short	926                             @ DW_AT_decl_line
	.byte	40                              @ DW_AT_data_member_location
	.byte	9                               @ Abbrev [9] 0x154:0xd DW_TAG_member
	.long	.Linfo_string31                 @ DW_AT_name
	.long	775                             @ DW_AT_type
	.byte	4                               @ DW_AT_decl_file
	.short	927                             @ DW_AT_decl_line
	.byte	44                              @ DW_AT_data_member_location
	.byte	9                               @ Abbrev [9] 0x161:0xd DW_TAG_member
	.long	.Linfo_string32                 @ DW_AT_name
	.long	775                             @ DW_AT_type
	.byte	4                               @ DW_AT_decl_file
	.short	928                             @ DW_AT_decl_line
	.byte	48                              @ DW_AT_data_member_location
	.byte	9                               @ Abbrev [9] 0x16e:0xd DW_TAG_member
	.long	.Linfo_string33                 @ DW_AT_name
	.long	775                             @ DW_AT_type
	.byte	4                               @ DW_AT_decl_file
	.short	929                             @ DW_AT_decl_line
	.byte	52                              @ DW_AT_data_member_location
	.byte	9                               @ Abbrev [9] 0x17b:0xd DW_TAG_member
	.long	.Linfo_string34                 @ DW_AT_name
	.long	775                             @ DW_AT_type
	.byte	4                               @ DW_AT_decl_file
	.short	930                             @ DW_AT_decl_line
	.byte	56                              @ DW_AT_data_member_location
	.byte	9                               @ Abbrev [9] 0x188:0xd DW_TAG_member
	.long	.Linfo_string35                 @ DW_AT_name
	.long	775                             @ DW_AT_type
	.byte	4                               @ DW_AT_decl_file
	.short	931                             @ DW_AT_decl_line
	.byte	60                              @ DW_AT_data_member_location
	.byte	9                               @ Abbrev [9] 0x195:0xd DW_TAG_member
	.long	.Linfo_string36                 @ DW_AT_name
	.long	775                             @ DW_AT_type
	.byte	4                               @ DW_AT_decl_file
	.short	932                             @ DW_AT_decl_line
	.byte	64                              @ DW_AT_data_member_location
	.byte	9                               @ Abbrev [9] 0x1a2:0xd DW_TAG_member
	.long	.Linfo_string37                 @ DW_AT_name
	.long	775                             @ DW_AT_type
	.byte	4                               @ DW_AT_decl_file
	.short	933                             @ DW_AT_decl_line
	.byte	68                              @ DW_AT_data_member_location
	.byte	9                               @ Abbrev [9] 0x1af:0xd DW_TAG_member
	.long	.Linfo_string38                 @ DW_AT_name
	.long	780                             @ DW_AT_type
	.byte	4                               @ DW_AT_decl_file
	.short	934                             @ DW_AT_decl_line
	.byte	72                              @ DW_AT_data_member_location
	.byte	9                               @ Abbrev [9] 0x1bc:0xd DW_TAG_member
	.long	.Linfo_string40                 @ DW_AT_name
	.long	775                             @ DW_AT_type
	.byte	4                               @ DW_AT_decl_file
	.short	935                             @ DW_AT_decl_line
	.byte	80                              @ DW_AT_data_member_location
	.byte	9                               @ Abbrev [9] 0x1c9:0xd DW_TAG_member
	.long	.Linfo_string41                 @ DW_AT_name
	.long	775                             @ DW_AT_type
	.byte	4                               @ DW_AT_decl_file
	.short	936                             @ DW_AT_decl_line
	.byte	84                              @ DW_AT_data_member_location
	.byte	9                               @ Abbrev [9] 0x1d6:0xd DW_TAG_member
	.long	.Linfo_string42                 @ DW_AT_name
	.long	775                             @ DW_AT_type
	.byte	4                               @ DW_AT_decl_file
	.short	937                             @ DW_AT_decl_line
	.byte	88                              @ DW_AT_data_member_location
	.byte	9                               @ Abbrev [9] 0x1e3:0xd DW_TAG_member
	.long	.Linfo_string43                 @ DW_AT_name
	.long	775                             @ DW_AT_type
	.byte	4                               @ DW_AT_decl_file
	.short	938                             @ DW_AT_decl_line
	.byte	92                              @ DW_AT_data_member_location
	.byte	9                               @ Abbrev [9] 0x1f0:0xd DW_TAG_member
	.long	.Linfo_string44                 @ DW_AT_name
	.long	775                             @ DW_AT_type
	.byte	4                               @ DW_AT_decl_file
	.short	939                             @ DW_AT_decl_line
	.byte	96                              @ DW_AT_data_member_location
	.byte	9                               @ Abbrev [9] 0x1fd:0xd DW_TAG_member
	.long	.Linfo_string45                 @ DW_AT_name
	.long	799                             @ DW_AT_type
	.byte	4                               @ DW_AT_decl_file
	.short	940                             @ DW_AT_decl_line
	.byte	100                             @ DW_AT_data_member_location
	.byte	10                              @ Abbrev [10] 0x20a:0xe DW_TAG_member
	.long	.Linfo_string46                 @ DW_AT_name
	.long	775                             @ DW_AT_type
	.byte	4                               @ DW_AT_decl_file
	.short	941                             @ DW_AT_decl_line
	.short	260                             @ DW_AT_data_member_location
	.byte	10                              @ Abbrev [10] 0x218:0xe DW_TAG_member
	.long	.Linfo_string47                 @ DW_AT_name
	.long	156                             @ DW_AT_type
	.byte	4                               @ DW_AT_decl_file
	.short	942                             @ DW_AT_decl_line
	.short	264                             @ DW_AT_data_member_location
	.byte	10                              @ Abbrev [10] 0x226:0xe DW_TAG_member
	.long	.Linfo_string48                 @ DW_AT_name
	.long	775                             @ DW_AT_type
	.byte	4                               @ DW_AT_decl_file
	.short	943                             @ DW_AT_decl_line
	.short	268                             @ DW_AT_data_member_location
	.byte	10                              @ Abbrev [10] 0x234:0xe DW_TAG_member
	.long	.Linfo_string49                 @ DW_AT_name
	.long	775                             @ DW_AT_type
	.byte	4                               @ DW_AT_decl_file
	.short	944                             @ DW_AT_decl_line
	.short	272                             @ DW_AT_data_member_location
	.byte	10                              @ Abbrev [10] 0x242:0xe DW_TAG_member
	.long	.Linfo_string50                 @ DW_AT_name
	.long	775                             @ DW_AT_type
	.byte	4                               @ DW_AT_decl_file
	.short	945                             @ DW_AT_decl_line
	.short	276                             @ DW_AT_data_member_location
	.byte	10                              @ Abbrev [10] 0x250:0xe DW_TAG_member
	.long	.Linfo_string51                 @ DW_AT_name
	.long	811                             @ DW_AT_type
	.byte	4                               @ DW_AT_decl_file
	.short	946                             @ DW_AT_decl_line
	.short	280                             @ DW_AT_data_member_location
	.byte	10                              @ Abbrev [10] 0x25e:0xe DW_TAG_member
	.long	.Linfo_string52                 @ DW_AT_name
	.long	775                             @ DW_AT_type
	.byte	4                               @ DW_AT_decl_file
	.short	947                             @ DW_AT_decl_line
	.short	296                             @ DW_AT_data_member_location
	.byte	10                              @ Abbrev [10] 0x26c:0xe DW_TAG_member
	.long	.Linfo_string53                 @ DW_AT_name
	.long	775                             @ DW_AT_type
	.byte	4                               @ DW_AT_decl_file
	.short	948                             @ DW_AT_decl_line
	.short	300                             @ DW_AT_data_member_location
	.byte	10                              @ Abbrev [10] 0x27a:0xe DW_TAG_member
	.long	.Linfo_string54                 @ DW_AT_name
	.long	775                             @ DW_AT_type
	.byte	4                               @ DW_AT_decl_file
	.short	949                             @ DW_AT_decl_line
	.short	304                             @ DW_AT_data_member_location
	.byte	10                              @ Abbrev [10] 0x288:0xe DW_TAG_member
	.long	.Linfo_string55                 @ DW_AT_name
	.long	775                             @ DW_AT_type
	.byte	4                               @ DW_AT_decl_file
	.short	950                             @ DW_AT_decl_line
	.short	308                             @ DW_AT_data_member_location
	.byte	10                              @ Abbrev [10] 0x296:0xe DW_TAG_member
	.long	.Linfo_string56                 @ DW_AT_name
	.long	775                             @ DW_AT_type
	.byte	4                               @ DW_AT_decl_file
	.short	951                             @ DW_AT_decl_line
	.short	312                             @ DW_AT_data_member_location
	.byte	10                              @ Abbrev [10] 0x2a4:0xe DW_TAG_member
	.long	.Linfo_string57                 @ DW_AT_name
	.long	775                             @ DW_AT_type
	.byte	4                               @ DW_AT_decl_file
	.short	952                             @ DW_AT_decl_line
	.short	316                             @ DW_AT_data_member_location
	.byte	10                              @ Abbrev [10] 0x2b2:0xe DW_TAG_member
	.long	.Linfo_string58                 @ DW_AT_name
	.long	811                             @ DW_AT_type
	.byte	4                               @ DW_AT_decl_file
	.short	953                             @ DW_AT_decl_line
	.short	320                             @ DW_AT_data_member_location
	.byte	10                              @ Abbrev [10] 0x2c0:0xe DW_TAG_member
	.long	.Linfo_string59                 @ DW_AT_name
	.long	775                             @ DW_AT_type
	.byte	4                               @ DW_AT_decl_file
	.short	954                             @ DW_AT_decl_line
	.short	336                             @ DW_AT_data_member_location
	.byte	10                              @ Abbrev [10] 0x2ce:0xe DW_TAG_member
	.long	.Linfo_string60                 @ DW_AT_name
	.long	775                             @ DW_AT_type
	.byte	4                               @ DW_AT_decl_file
	.short	955                             @ DW_AT_decl_line
	.short	340                             @ DW_AT_data_member_location
	.byte	10                              @ Abbrev [10] 0x2dc:0xe DW_TAG_member
	.long	.Linfo_string61                 @ DW_AT_name
	.long	775                             @ DW_AT_type
	.byte	4                               @ DW_AT_decl_file
	.short	956                             @ DW_AT_decl_line
	.short	344                             @ DW_AT_data_member_location
	.byte	10                              @ Abbrev [10] 0x2ea:0xe DW_TAG_member
	.long	.Linfo_string62                 @ DW_AT_name
	.long	775                             @ DW_AT_type
	.byte	4                               @ DW_AT_decl_file
	.short	957                             @ DW_AT_decl_line
	.short	348                             @ DW_AT_data_member_location
	.byte	10                              @ Abbrev [10] 0x2f8:0xe DW_TAG_member
	.long	.Linfo_string63                 @ DW_AT_name
	.long	775                             @ DW_AT_type
	.byte	4                               @ DW_AT_decl_file
	.short	958                             @ DW_AT_decl_line
	.short	352                             @ DW_AT_data_member_location
	.byte	0                               @ End Of Children Mark
	.byte	11                              @ Abbrev [11] 0x307:0x5 DW_TAG_volatile_type
	.long	156                             @ DW_AT_type
	.byte	12                              @ Abbrev [12] 0x30c:0xc DW_TAG_array_type
	.long	156                             @ DW_AT_type
	.byte	13                              @ Abbrev [13] 0x311:0x6 DW_TAG_subrange_type
	.long	792                             @ DW_AT_type
	.byte	2                               @ DW_AT_count
	.byte	0                               @ End Of Children Mark
	.byte	14                              @ Abbrev [14] 0x318:0x7 DW_TAG_base_type
	.long	.Linfo_string39                 @ DW_AT_name
	.byte	8                               @ DW_AT_byte_size
	.byte	7                               @ DW_AT_encoding
	.byte	12                              @ Abbrev [12] 0x31f:0xc DW_TAG_array_type
	.long	156                             @ DW_AT_type
	.byte	13                              @ Abbrev [13] 0x324:0x6 DW_TAG_subrange_type
	.long	792                             @ DW_AT_type
	.byte	40                              @ DW_AT_count
	.byte	0                               @ End Of Children Mark
	.byte	12                              @ Abbrev [12] 0x32b:0xc DW_TAG_array_type
	.long	156                             @ DW_AT_type
	.byte	13                              @ Abbrev [13] 0x330:0x6 DW_TAG_subrange_type
	.long	792                             @ DW_AT_type
	.byte	4                               @ DW_AT_count
	.byte	0                               @ End Of Children Mark
	.byte	15                              @ Abbrev [15] 0x337:0x22 DW_TAG_subprogram
	.long	.Linfo_string65                 @ DW_AT_name
	.byte	5                               @ DW_AT_decl_file
	.short	1117                            @ DW_AT_decl_line
                                        @ DW_AT_prototyped
	.byte	1                               @ DW_AT_inline
	.byte	16                              @ Abbrev [16] 0x340:0xc DW_TAG_formal_parameter
	.long	.Linfo_string66                 @ DW_AT_name
	.byte	5                               @ DW_AT_decl_file
	.short	1117                            @ DW_AT_decl_line
	.long	156                             @ DW_AT_type
	.byte	16                              @ Abbrev [16] 0x34c:0xc DW_TAG_formal_parameter
	.long	.Linfo_string67                 @ DW_AT_name
	.byte	5                               @ DW_AT_decl_file
	.short	1117                            @ DW_AT_decl_line
	.long	156                             @ DW_AT_type
	.byte	0                               @ End Of Children Mark
	.byte	17                              @ Abbrev [17] 0x359:0x2e DW_TAG_subprogram
	.long	.Linfo_string68                 @ DW_AT_name
	.byte	5                               @ DW_AT_decl_file
	.short	1194                            @ DW_AT_decl_line
                                        @ DW_AT_prototyped
                                        @ DW_AT_external
	.byte	1                               @ DW_AT_inline
	.byte	16                              @ Abbrev [16] 0x362:0xc DW_TAG_formal_parameter
	.long	.Linfo_string69                 @ DW_AT_name
	.byte	5                               @ DW_AT_decl_file
	.short	1194                            @ DW_AT_decl_line
	.long	156                             @ DW_AT_type
	.byte	16                              @ Abbrev [16] 0x36e:0xc DW_TAG_formal_parameter
	.long	.Linfo_string67                 @ DW_AT_name
	.byte	5                               @ DW_AT_decl_file
	.short	1194                            @ DW_AT_decl_line
	.long	156                             @ DW_AT_type
	.byte	16                              @ Abbrev [16] 0x37a:0xc DW_TAG_formal_parameter
	.long	.Linfo_string66                 @ DW_AT_name
	.byte	5                               @ DW_AT_decl_file
	.short	1194                            @ DW_AT_decl_line
	.long	156                             @ DW_AT_type
	.byte	0                               @ End Of Children Mark
	.byte	18                              @ Abbrev [18] 0x387:0x9a DW_TAG_subprogram
	.long	.Lfunc_begin0                   @ DW_AT_low_pc
	.long	.Lfunc_end0-.Lfunc_begin0       @ DW_AT_high_pc
	.byte	1                               @ DW_AT_frame_base
	.byte	93
                                        @ DW_AT_GNU_all_call_sites
	.long	.Linfo_string111                @ DW_AT_name
	.byte	5                               @ DW_AT_decl_file
	.byte	192                             @ DW_AT_decl_line
                                        @ DW_AT_prototyped
	.long	2900                            @ DW_AT_type
                                        @ DW_AT_external
	.byte	19                              @ Abbrev [19] 0x39c:0xf DW_TAG_formal_parameter
	.long	.Ldebug_loc0                    @ DW_AT_location
	.long	.Linfo_string121                @ DW_AT_name
	.byte	5                               @ DW_AT_decl_file
	.byte	192                             @ DW_AT_decl_line
	.long	2911                            @ DW_AT_type
	.byte	19                              @ Abbrev [19] 0x3ab:0xf DW_TAG_formal_parameter
	.long	.Ldebug_loc1                    @ DW_AT_location
	.long	.Linfo_string125                @ DW_AT_name
	.byte	5                               @ DW_AT_decl_file
	.byte	192                             @ DW_AT_decl_line
	.long	2011                            @ DW_AT_type
	.byte	20                              @ Abbrev [20] 0x3ba:0xf DW_TAG_variable
	.long	.Ldebug_loc2                    @ DW_AT_location
	.long	.Linfo_string126                @ DW_AT_name
	.byte	5                               @ DW_AT_decl_file
	.byte	194                             @ DW_AT_decl_line
	.long	2900                            @ DW_AT_type
	.byte	20                              @ Abbrev [20] 0x3c9:0xf DW_TAG_variable
	.long	.Ldebug_loc5                    @ DW_AT_location
	.long	.Linfo_string127                @ DW_AT_name
	.byte	5                               @ DW_AT_decl_file
	.byte	195                             @ DW_AT_decl_line
	.long	156                             @ DW_AT_type
	.byte	21                              @ Abbrev [21] 0x3d8:0x1f DW_TAG_inlined_subroutine
	.long	823                             @ DW_AT_abstract_origin
	.long	.Ldebug_ranges0                 @ DW_AT_ranges
	.byte	5                               @ DW_AT_call_file
	.byte	232                             @ DW_AT_call_line
	.byte	7                               @ DW_AT_call_column
	.byte	22                              @ Abbrev [22] 0x3e4:0x9 DW_TAG_formal_parameter
	.long	.Ldebug_loc4                    @ DW_AT_location
	.long	832                             @ DW_AT_abstract_origin
	.byte	22                              @ Abbrev [22] 0x3ed:0x9 DW_TAG_formal_parameter
	.long	.Ldebug_loc3                    @ DW_AT_location
	.long	844                             @ DW_AT_abstract_origin
	.byte	0                               @ End Of Children Mark
	.byte	23                              @ Abbrev [23] 0x3f7:0x29 DW_TAG_inlined_subroutine
	.long	857                             @ DW_AT_abstract_origin
	.long	.Ldebug_ranges1                 @ DW_AT_ranges
	.byte	5                               @ DW_AT_call_file
	.short	265                             @ DW_AT_call_line
	.byte	9                               @ DW_AT_call_column
	.byte	22                              @ Abbrev [22] 0x404:0x9 DW_TAG_formal_parameter
	.long	.Ldebug_loc7                    @ DW_AT_location
	.long	866                             @ DW_AT_abstract_origin
	.byte	22                              @ Abbrev [22] 0x40d:0x9 DW_TAG_formal_parameter
	.long	.Ldebug_loc6                    @ DW_AT_location
	.long	878                             @ DW_AT_abstract_origin
	.byte	22                              @ Abbrev [22] 0x416:0x9 DW_TAG_formal_parameter
	.long	.Ldebug_loc8                    @ DW_AT_location
	.long	890                             @ DW_AT_abstract_origin
	.byte	0                               @ End Of Children Mark
	.byte	0                               @ End Of Children Mark
	.byte	24                              @ Abbrev [24] 0x421:0x29 DW_TAG_subprogram
	.long	.Lfunc_begin1                   @ DW_AT_low_pc
	.long	.Lfunc_end1-.Lfunc_begin1       @ DW_AT_high_pc
	.byte	1                               @ DW_AT_frame_base
	.byte	93
                                        @ DW_AT_GNU_all_call_sites
	.long	857                             @ DW_AT_abstract_origin
	.byte	22                              @ Abbrev [22] 0x430:0x9 DW_TAG_formal_parameter
	.long	.Ldebug_loc9                    @ DW_AT_location
	.long	866                             @ DW_AT_abstract_origin
	.byte	22                              @ Abbrev [22] 0x439:0x9 DW_TAG_formal_parameter
	.long	.Ldebug_loc10                   @ DW_AT_location
	.long	878                             @ DW_AT_abstract_origin
	.byte	25                              @ Abbrev [25] 0x442:0x7 DW_TAG_formal_parameter
	.byte	1                               @ DW_AT_location
	.byte	82
	.long	890                             @ DW_AT_abstract_origin
	.byte	0                               @ End Of Children Mark
	.byte	26                              @ Abbrev [26] 0x44a:0x6e DW_TAG_subprogram
	.long	.Lfunc_begin2                   @ DW_AT_low_pc
	.long	.Lfunc_end2-.Lfunc_begin2       @ DW_AT_high_pc
	.byte	1                               @ DW_AT_frame_base
	.byte	93
                                        @ DW_AT_GNU_all_call_sites
	.long	.Linfo_string113                @ DW_AT_name
	.byte	5                               @ DW_AT_decl_file
	.short	315                             @ DW_AT_decl_line
                                        @ DW_AT_prototyped
	.long	2900                            @ DW_AT_type
                                        @ DW_AT_external
	.byte	27                              @ Abbrev [27] 0x460:0x10 DW_TAG_formal_parameter
	.long	.Ldebug_loc11                   @ DW_AT_location
	.long	.Linfo_string121                @ DW_AT_name
	.byte	5                               @ DW_AT_decl_file
	.short	315                             @ DW_AT_decl_line
	.long	2911                            @ DW_AT_type
	.byte	28                              @ Abbrev [28] 0x470:0x10 DW_TAG_variable
	.long	.Ldebug_loc12                   @ DW_AT_location
	.long	.Linfo_string126                @ DW_AT_name
	.byte	5                               @ DW_AT_decl_file
	.short	317                             @ DW_AT_decl_line
	.long	2900                            @ DW_AT_type
	.byte	23                              @ Abbrev [23] 0x480:0x17 DW_TAG_inlined_subroutine
	.long	823                             @ DW_AT_abstract_origin
	.long	.Ldebug_ranges2                 @ DW_AT_ranges
	.byte	5                               @ DW_AT_call_file
	.short	399                             @ DW_AT_call_line
	.byte	7                               @ DW_AT_call_column
	.byte	22                              @ Abbrev [22] 0x48d:0x9 DW_TAG_formal_parameter
	.long	.Ldebug_loc15                   @ DW_AT_location
	.long	832                             @ DW_AT_abstract_origin
	.byte	0                               @ End Of Children Mark
	.byte	23                              @ Abbrev [23] 0x497:0x20 DW_TAG_inlined_subroutine
	.long	857                             @ DW_AT_abstract_origin
	.long	.Ldebug_ranges3                 @ DW_AT_ranges
	.byte	5                               @ DW_AT_call_file
	.short	422                             @ DW_AT_call_line
	.byte	7                               @ DW_AT_call_column
	.byte	22                              @ Abbrev [22] 0x4a4:0x9 DW_TAG_formal_parameter
	.long	.Ldebug_loc13                   @ DW_AT_location
	.long	866                             @ DW_AT_abstract_origin
	.byte	22                              @ Abbrev [22] 0x4ad:0x9 DW_TAG_formal_parameter
	.long	.Ldebug_loc14                   @ DW_AT_location
	.long	890                             @ DW_AT_abstract_origin
	.byte	0                               @ End Of Children Mark
	.byte	0                               @ End Of Children Mark
	.byte	15                              @ Abbrev [15] 0x4b8:0x22 DW_TAG_subprogram
	.long	.Linfo_string70                 @ DW_AT_name
	.byte	5                               @ DW_AT_decl_file
	.short	1251                            @ DW_AT_decl_line
                                        @ DW_AT_prototyped
	.byte	1                               @ DW_AT_inline
	.byte	16                              @ Abbrev [16] 0x4c1:0xc DW_TAG_formal_parameter
	.long	.Linfo_string71                 @ DW_AT_name
	.byte	5                               @ DW_AT_decl_file
	.short	1251                            @ DW_AT_decl_line
	.long	156                             @ DW_AT_type
	.byte	16                              @ Abbrev [16] 0x4cd:0xc DW_TAG_formal_parameter
	.long	.Linfo_string67                 @ DW_AT_name
	.byte	5                               @ DW_AT_decl_file
	.short	1251                            @ DW_AT_decl_line
	.long	156                             @ DW_AT_type
	.byte	0                               @ End Of Children Mark
	.byte	15                              @ Abbrev [15] 0x4da:0x22 DW_TAG_subprogram
	.long	.Linfo_string72                 @ DW_AT_name
	.byte	5                               @ DW_AT_decl_file
	.short	1286                            @ DW_AT_decl_line
                                        @ DW_AT_prototyped
	.byte	1                               @ DW_AT_inline
	.byte	16                              @ Abbrev [16] 0x4e3:0xc DW_TAG_formal_parameter
	.long	.Linfo_string71                 @ DW_AT_name
	.byte	5                               @ DW_AT_decl_file
	.short	1286                            @ DW_AT_decl_line
	.long	156                             @ DW_AT_type
	.byte	16                              @ Abbrev [16] 0x4ef:0xc DW_TAG_formal_parameter
	.long	.Linfo_string67                 @ DW_AT_name
	.byte	5                               @ DW_AT_decl_file
	.short	1286                            @ DW_AT_decl_line
	.long	156                             @ DW_AT_type
	.byte	0                               @ End Of Children Mark
	.byte	15                              @ Abbrev [15] 0x4fc:0x16 DW_TAG_subprogram
	.long	.Linfo_string73                 @ DW_AT_name
	.byte	5                               @ DW_AT_decl_file
	.short	1371                            @ DW_AT_decl_line
                                        @ DW_AT_prototyped
	.byte	1                               @ DW_AT_inline
	.byte	16                              @ Abbrev [16] 0x505:0xc DW_TAG_formal_parameter
	.long	.Linfo_string74                 @ DW_AT_name
	.byte	5                               @ DW_AT_decl_file
	.short	1371                            @ DW_AT_decl_line
	.long	156                             @ DW_AT_type
	.byte	0                               @ End Of Children Mark
	.byte	15                              @ Abbrev [15] 0x512:0x3a DW_TAG_subprogram
	.long	.Linfo_string75                 @ DW_AT_name
	.byte	5                               @ DW_AT_decl_file
	.short	1444                            @ DW_AT_decl_line
                                        @ DW_AT_prototyped
	.byte	1                               @ DW_AT_inline
	.byte	16                              @ Abbrev [16] 0x51b:0xc DW_TAG_formal_parameter
	.long	.Linfo_string76                 @ DW_AT_name
	.byte	5                               @ DW_AT_decl_file
	.short	1444                            @ DW_AT_decl_line
	.long	156                             @ DW_AT_type
	.byte	16                              @ Abbrev [16] 0x527:0xc DW_TAG_formal_parameter
	.long	.Linfo_string77                 @ DW_AT_name
	.byte	5                               @ DW_AT_decl_file
	.short	1444                            @ DW_AT_decl_line
	.long	156                             @ DW_AT_type
	.byte	29                              @ Abbrev [29] 0x533:0xc DW_TAG_variable
	.long	.Linfo_string78                 @ DW_AT_name
	.byte	5                               @ DW_AT_decl_file
	.short	1447                            @ DW_AT_decl_line
	.long	156                             @ DW_AT_type
	.byte	29                              @ Abbrev [29] 0x53f:0xc DW_TAG_variable
	.long	.Linfo_string79                 @ DW_AT_name
	.byte	5                               @ DW_AT_decl_file
	.short	1446                            @ DW_AT_decl_line
	.long	156                             @ DW_AT_type
	.byte	0                               @ End Of Children Mark
	.byte	15                              @ Abbrev [15] 0x54c:0x3a DW_TAG_subprogram
	.long	.Linfo_string80                 @ DW_AT_name
	.byte	5                               @ DW_AT_decl_file
	.short	1666                            @ DW_AT_decl_line
                                        @ DW_AT_prototyped
	.byte	1                               @ DW_AT_inline
	.byte	16                              @ Abbrev [16] 0x555:0xc DW_TAG_formal_parameter
	.long	.Linfo_string81                 @ DW_AT_name
	.byte	5                               @ DW_AT_decl_file
	.short	1666                            @ DW_AT_decl_line
	.long	156                             @ DW_AT_type
	.byte	16                              @ Abbrev [16] 0x561:0xc DW_TAG_formal_parameter
	.long	.Linfo_string82                 @ DW_AT_name
	.byte	5                               @ DW_AT_decl_file
	.short	1666                            @ DW_AT_decl_line
	.long	156                             @ DW_AT_type
	.byte	16                              @ Abbrev [16] 0x56d:0xc DW_TAG_formal_parameter
	.long	.Linfo_string83                 @ DW_AT_name
	.byte	5                               @ DW_AT_decl_file
	.short	1666                            @ DW_AT_decl_line
	.long	156                             @ DW_AT_type
	.byte	16                              @ Abbrev [16] 0x579:0xc DW_TAG_formal_parameter
	.long	.Linfo_string67                 @ DW_AT_name
	.byte	5                               @ DW_AT_decl_file
	.short	1666                            @ DW_AT_decl_line
	.long	156                             @ DW_AT_type
	.byte	0                               @ End Of Children Mark
	.byte	15                              @ Abbrev [15] 0x586:0x16 DW_TAG_subprogram
	.long	.Linfo_string84                 @ DW_AT_name
	.byte	5                               @ DW_AT_decl_file
	.short	1751                            @ DW_AT_decl_line
                                        @ DW_AT_prototyped
	.byte	1                               @ DW_AT_inline
	.byte	16                              @ Abbrev [16] 0x58f:0xc DW_TAG_formal_parameter
	.long	.Linfo_string85                 @ DW_AT_name
	.byte	5                               @ DW_AT_decl_file
	.short	1751                            @ DW_AT_decl_line
	.long	156                             @ DW_AT_type
	.byte	0                               @ End Of Children Mark
	.byte	15                              @ Abbrev [15] 0x59c:0x2e DW_TAG_subprogram
	.long	.Linfo_string86                 @ DW_AT_name
	.byte	5                               @ DW_AT_decl_file
	.short	1783                            @ DW_AT_decl_line
                                        @ DW_AT_prototyped
	.byte	1                               @ DW_AT_inline
	.byte	16                              @ Abbrev [16] 0x5a5:0xc DW_TAG_formal_parameter
	.long	.Linfo_string87                 @ DW_AT_name
	.byte	5                               @ DW_AT_decl_file
	.short	1783                            @ DW_AT_decl_line
	.long	156                             @ DW_AT_type
	.byte	16                              @ Abbrev [16] 0x5b1:0xc DW_TAG_formal_parameter
	.long	.Linfo_string88                 @ DW_AT_name
	.byte	5                               @ DW_AT_decl_file
	.short	1783                            @ DW_AT_decl_line
	.long	156                             @ DW_AT_type
	.byte	16                              @ Abbrev [16] 0x5bd:0xc DW_TAG_formal_parameter
	.long	.Linfo_string89                 @ DW_AT_name
	.byte	5                               @ DW_AT_decl_file
	.short	1783                            @ DW_AT_decl_line
	.long	156                             @ DW_AT_type
	.byte	0                               @ End Of Children Mark
	.byte	15                              @ Abbrev [15] 0x5ca:0x3a DW_TAG_subprogram
	.long	.Linfo_string90                 @ DW_AT_name
	.byte	5                               @ DW_AT_decl_file
	.short	1905                            @ DW_AT_decl_line
                                        @ DW_AT_prototyped
	.byte	1                               @ DW_AT_inline
	.byte	16                              @ Abbrev [16] 0x5d3:0xc DW_TAG_formal_parameter
	.long	.Linfo_string91                 @ DW_AT_name
	.byte	5                               @ DW_AT_decl_file
	.short	1905                            @ DW_AT_decl_line
	.long	156                             @ DW_AT_type
	.byte	16                              @ Abbrev [16] 0x5df:0xc DW_TAG_formal_parameter
	.long	.Linfo_string92                 @ DW_AT_name
	.byte	5                               @ DW_AT_decl_file
	.short	1905                            @ DW_AT_decl_line
	.long	156                             @ DW_AT_type
	.byte	16                              @ Abbrev [16] 0x5eb:0xc DW_TAG_formal_parameter
	.long	.Linfo_string93                 @ DW_AT_name
	.byte	5                               @ DW_AT_decl_file
	.short	1905                            @ DW_AT_decl_line
	.long	156                             @ DW_AT_type
	.byte	16                              @ Abbrev [16] 0x5f7:0xc DW_TAG_formal_parameter
	.long	.Linfo_string67                 @ DW_AT_name
	.byte	5                               @ DW_AT_decl_file
	.short	1905                            @ DW_AT_decl_line
	.long	156                             @ DW_AT_type
	.byte	0                               @ End Of Children Mark
	.byte	26                              @ Abbrev [26] 0x604:0x15c DW_TAG_subprogram
	.long	.Lfunc_begin3                   @ DW_AT_low_pc
	.long	.Lfunc_end3-.Lfunc_begin3       @ DW_AT_high_pc
	.byte	1                               @ DW_AT_frame_base
	.byte	93
                                        @ DW_AT_GNU_all_call_sites
	.long	.Linfo_string114                @ DW_AT_name
	.byte	5                               @ DW_AT_decl_file
	.short	436                             @ DW_AT_decl_line
                                        @ DW_AT_prototyped
	.long	2900                            @ DW_AT_type
                                        @ DW_AT_external
	.byte	27                              @ Abbrev [27] 0x61a:0x10 DW_TAG_formal_parameter
	.long	.Ldebug_loc16                   @ DW_AT_location
	.long	.Linfo_string128                @ DW_AT_name
	.byte	5                               @ DW_AT_decl_file
	.short	436                             @ DW_AT_decl_line
	.long	2992                            @ DW_AT_type
	.byte	29                              @ Abbrev [29] 0x62a:0xc DW_TAG_variable
	.long	.Linfo_string126                @ DW_AT_name
	.byte	5                               @ DW_AT_decl_file
	.short	438                             @ DW_AT_decl_line
	.long	2900                            @ DW_AT_type
	.byte	30                              @ Abbrev [30] 0x636:0x24 DW_TAG_inlined_subroutine
	.long	1208                            @ DW_AT_abstract_origin
	.long	.Ltmp228                        @ DW_AT_low_pc
	.long	.Ltmp235-.Ltmp228               @ DW_AT_high_pc
	.byte	5                               @ DW_AT_call_file
	.short	475                             @ DW_AT_call_line
	.byte	9                               @ DW_AT_call_column
	.byte	22                              @ Abbrev [22] 0x647:0x9 DW_TAG_formal_parameter
	.long	.Ldebug_loc17                   @ DW_AT_location
	.long	1217                            @ DW_AT_abstract_origin
	.byte	22                              @ Abbrev [22] 0x650:0x9 DW_TAG_formal_parameter
	.long	.Ldebug_loc18                   @ DW_AT_location
	.long	1229                            @ DW_AT_abstract_origin
	.byte	0                               @ End Of Children Mark
	.byte	30                              @ Abbrev [30] 0x65a:0x22 DW_TAG_inlined_subroutine
	.long	1242                            @ DW_AT_abstract_origin
	.long	.Ltmp235                        @ DW_AT_low_pc
	.long	.Ltmp242-.Ltmp235               @ DW_AT_high_pc
	.byte	5                               @ DW_AT_call_file
	.short	480                             @ DW_AT_call_line
	.byte	9                               @ DW_AT_call_column
	.byte	25                              @ Abbrev [25] 0x66b:0x7 DW_TAG_formal_parameter
	.byte	1                               @ DW_AT_location
	.byte	80
	.long	1251                            @ DW_AT_abstract_origin
	.byte	22                              @ Abbrev [22] 0x672:0x9 DW_TAG_formal_parameter
	.long	.Ldebug_loc19                   @ DW_AT_location
	.long	1263                            @ DW_AT_abstract_origin
	.byte	0                               @ End Of Children Mark
	.byte	30                              @ Abbrev [30] 0x67c:0x1b DW_TAG_inlined_subroutine
	.long	1276                            @ DW_AT_abstract_origin
	.long	.Ltmp246                        @ DW_AT_low_pc
	.long	.Ltmp248-.Ltmp246               @ DW_AT_high_pc
	.byte	5                               @ DW_AT_call_file
	.short	488                             @ DW_AT_call_line
	.byte	7                               @ DW_AT_call_column
	.byte	22                              @ Abbrev [22] 0x68d:0x9 DW_TAG_formal_parameter
	.long	.Ldebug_loc20                   @ DW_AT_location
	.long	1285                            @ DW_AT_abstract_origin
	.byte	0                               @ End Of Children Mark
	.byte	23                              @ Abbrev [23] 0x697:0x29 DW_TAG_inlined_subroutine
	.long	1298                            @ DW_AT_abstract_origin
	.long	.Ldebug_ranges4                 @ DW_AT_ranges
	.byte	5                               @ DW_AT_call_file
	.short	495                             @ DW_AT_call_line
	.byte	7                               @ DW_AT_call_column
	.byte	22                              @ Abbrev [22] 0x6a4:0x9 DW_TAG_formal_parameter
	.long	.Ldebug_loc23                   @ DW_AT_location
	.long	1307                            @ DW_AT_abstract_origin
	.byte	31                              @ Abbrev [31] 0x6ad:0x9 DW_TAG_variable
	.long	.Ldebug_loc21                   @ DW_AT_location
	.long	1331                            @ DW_AT_abstract_origin
	.byte	31                              @ Abbrev [31] 0x6b6:0x9 DW_TAG_variable
	.long	.Ldebug_loc22                   @ DW_AT_location
	.long	1343                            @ DW_AT_abstract_origin
	.byte	0                               @ End Of Children Mark
	.byte	23                              @ Abbrev [23] 0x6c0:0x32 DW_TAG_inlined_subroutine
	.long	1356                            @ DW_AT_abstract_origin
	.long	.Ldebug_ranges5                 @ DW_AT_ranges
	.byte	5                               @ DW_AT_call_file
	.short	504                             @ DW_AT_call_line
	.byte	7                               @ DW_AT_call_column
	.byte	22                              @ Abbrev [22] 0x6cd:0x9 DW_TAG_formal_parameter
	.long	.Ldebug_loc25                   @ DW_AT_location
	.long	1365                            @ DW_AT_abstract_origin
	.byte	22                              @ Abbrev [22] 0x6d6:0x9 DW_TAG_formal_parameter
	.long	.Ldebug_loc26                   @ DW_AT_location
	.long	1377                            @ DW_AT_abstract_origin
	.byte	22                              @ Abbrev [22] 0x6df:0x9 DW_TAG_formal_parameter
	.long	.Ldebug_loc27                   @ DW_AT_location
	.long	1389                            @ DW_AT_abstract_origin
	.byte	22                              @ Abbrev [22] 0x6e8:0x9 DW_TAG_formal_parameter
	.long	.Ldebug_loc24                   @ DW_AT_location
	.long	1401                            @ DW_AT_abstract_origin
	.byte	0                               @ End Of Children Mark
	.byte	30                              @ Abbrev [30] 0x6f2:0x1b DW_TAG_inlined_subroutine
	.long	1414                            @ DW_AT_abstract_origin
	.long	.Ltmp292                        @ DW_AT_low_pc
	.long	.Ltmp294-.Ltmp292               @ DW_AT_high_pc
	.byte	5                               @ DW_AT_call_file
	.short	510                             @ DW_AT_call_line
	.byte	7                               @ DW_AT_call_column
	.byte	22                              @ Abbrev [22] 0x703:0x9 DW_TAG_formal_parameter
	.long	.Ldebug_loc28                   @ DW_AT_location
	.long	1423                            @ DW_AT_abstract_origin
	.byte	0                               @ End Of Children Mark
	.byte	23                              @ Abbrev [23] 0x70d:0x20 DW_TAG_inlined_subroutine
	.long	1436                            @ DW_AT_abstract_origin
	.long	.Ldebug_ranges6                 @ DW_AT_ranges
	.byte	5                               @ DW_AT_call_file
	.short	529                             @ DW_AT_call_line
	.byte	7                               @ DW_AT_call_column
	.byte	22                              @ Abbrev [22] 0x71a:0x9 DW_TAG_formal_parameter
	.long	.Ldebug_loc29                   @ DW_AT_location
	.long	1445                            @ DW_AT_abstract_origin
	.byte	22                              @ Abbrev [22] 0x723:0x9 DW_TAG_formal_parameter
	.long	.Ldebug_loc30                   @ DW_AT_location
	.long	1469                            @ DW_AT_abstract_origin
	.byte	0                               @ End Of Children Mark
	.byte	23                              @ Abbrev [23] 0x72d:0x32 DW_TAG_inlined_subroutine
	.long	1482                            @ DW_AT_abstract_origin
	.long	.Ldebug_ranges7                 @ DW_AT_ranges
	.byte	5                               @ DW_AT_call_file
	.short	536                             @ DW_AT_call_line
	.byte	7                               @ DW_AT_call_column
	.byte	22                              @ Abbrev [22] 0x73a:0x9 DW_TAG_formal_parameter
	.long	.Ldebug_loc33                   @ DW_AT_location
	.long	1491                            @ DW_AT_abstract_origin
	.byte	22                              @ Abbrev [22] 0x743:0x9 DW_TAG_formal_parameter
	.long	.Ldebug_loc32                   @ DW_AT_location
	.long	1503                            @ DW_AT_abstract_origin
	.byte	22                              @ Abbrev [22] 0x74c:0x9 DW_TAG_formal_parameter
	.long	.Ldebug_loc31                   @ DW_AT_location
	.long	1515                            @ DW_AT_abstract_origin
	.byte	22                              @ Abbrev [22] 0x755:0x9 DW_TAG_formal_parameter
	.long	.Ldebug_loc34                   @ DW_AT_location
	.long	1527                            @ DW_AT_abstract_origin
	.byte	0                               @ End Of Children Mark
	.byte	0                               @ End Of Children Mark
	.byte	32                              @ Abbrev [32] 0x760:0x1a DW_TAG_subprogram
	.long	.Linfo_string94                 @ DW_AT_name
	.byte	5                               @ DW_AT_decl_file
	.short	1388                            @ DW_AT_decl_line
                                        @ DW_AT_prototyped
	.long	156                             @ DW_AT_type
	.byte	1                               @ DW_AT_inline
	.byte	29                              @ Abbrev [29] 0x76d:0xc DW_TAG_variable
	.long	.Linfo_string95                 @ DW_AT_name
	.byte	5                               @ DW_AT_decl_file
	.short	1390                            @ DW_AT_decl_line
	.long	156                             @ DW_AT_type
	.byte	0                               @ End Of Children Mark
	.byte	32                              @ Abbrev [32] 0x77a:0x1a DW_TAG_subprogram
	.long	.Linfo_string96                 @ DW_AT_name
	.byte	5                               @ DW_AT_decl_file
	.short	1632                            @ DW_AT_decl_line
                                        @ DW_AT_prototyped
	.long	156                             @ DW_AT_type
	.byte	1                               @ DW_AT_inline
	.byte	29                              @ Abbrev [29] 0x787:0xc DW_TAG_variable
	.long	.Linfo_string97                 @ DW_AT_name
	.byte	5                               @ DW_AT_decl_file
	.short	1634                            @ DW_AT_decl_line
	.long	156                             @ DW_AT_type
	.byte	0                               @ End Of Children Mark
	.byte	33                              @ Abbrev [33] 0x794:0xd DW_TAG_subprogram
	.long	.Linfo_string98                 @ DW_AT_name
	.byte	5                               @ DW_AT_decl_file
	.short	1768                            @ DW_AT_decl_line
                                        @ DW_AT_prototyped
	.long	156                             @ DW_AT_type
	.byte	1                               @ DW_AT_inline
	.byte	15                              @ Abbrev [15] 0x7a1:0x3a DW_TAG_subprogram
	.long	.Linfo_string99                 @ DW_AT_name
	.byte	5                               @ DW_AT_decl_file
	.short	1325                            @ DW_AT_decl_line
                                        @ DW_AT_prototyped
	.byte	1                               @ DW_AT_inline
	.byte	16                              @ Abbrev [16] 0x7aa:0xc DW_TAG_formal_parameter
	.long	.Linfo_string100                @ DW_AT_name
	.byte	5                               @ DW_AT_decl_file
	.short	1325                            @ DW_AT_decl_line
	.long	2011                            @ DW_AT_type
	.byte	16                              @ Abbrev [16] 0x7b6:0xc DW_TAG_formal_parameter
	.long	.Linfo_string71                 @ DW_AT_name
	.byte	5                               @ DW_AT_decl_file
	.short	1325                            @ DW_AT_decl_line
	.long	2011                            @ DW_AT_type
	.byte	16                              @ Abbrev [16] 0x7c2:0xc DW_TAG_formal_parameter
	.long	.Linfo_string101                @ DW_AT_name
	.byte	5                               @ DW_AT_decl_file
	.short	1325                            @ DW_AT_decl_line
	.long	156                             @ DW_AT_type
	.byte	29                              @ Abbrev [29] 0x7ce:0xc DW_TAG_variable
	.long	.Linfo_string102                @ DW_AT_name
	.byte	5                               @ DW_AT_decl_file
	.short	1327                            @ DW_AT_decl_line
	.long	156                             @ DW_AT_type
	.byte	0                               @ End Of Children Mark
	.byte	6                               @ Abbrev [6] 0x7db:0x5 DW_TAG_pointer_type
	.long	156                             @ DW_AT_type
	.byte	15                              @ Abbrev [15] 0x7e0:0x52 DW_TAG_subprogram
	.long	.Linfo_string103                @ DW_AT_name
	.byte	5                               @ DW_AT_decl_file
	.short	1715                            @ DW_AT_decl_line
                                        @ DW_AT_prototyped
	.byte	1                               @ DW_AT_inline
	.byte	16                              @ Abbrev [16] 0x7e9:0xc DW_TAG_formal_parameter
	.long	.Linfo_string81                 @ DW_AT_name
	.byte	5                               @ DW_AT_decl_file
	.short	1715                            @ DW_AT_decl_line
	.long	2011                            @ DW_AT_type
	.byte	16                              @ Abbrev [16] 0x7f5:0xc DW_TAG_formal_parameter
	.long	.Linfo_string82                 @ DW_AT_name
	.byte	5                               @ DW_AT_decl_file
	.short	1715                            @ DW_AT_decl_line
	.long	2011                            @ DW_AT_type
	.byte	16                              @ Abbrev [16] 0x801:0xc DW_TAG_formal_parameter
	.long	.Linfo_string83                 @ DW_AT_name
	.byte	5                               @ DW_AT_decl_file
	.short	1715                            @ DW_AT_decl_line
	.long	2011                            @ DW_AT_type
	.byte	16                              @ Abbrev [16] 0x80d:0xc DW_TAG_formal_parameter
	.long	.Linfo_string101                @ DW_AT_name
	.byte	5                               @ DW_AT_decl_file
	.short	1715                            @ DW_AT_decl_line
	.long	156                             @ DW_AT_type
	.byte	29                              @ Abbrev [29] 0x819:0xc DW_TAG_variable
	.long	.Linfo_string104                @ DW_AT_name
	.byte	5                               @ DW_AT_decl_file
	.short	1718                            @ DW_AT_decl_line
	.long	156                             @ DW_AT_type
	.byte	29                              @ Abbrev [29] 0x825:0xc DW_TAG_variable
	.long	.Linfo_string102                @ DW_AT_name
	.byte	5                               @ DW_AT_decl_file
	.short	1717                            @ DW_AT_decl_line
	.long	156                             @ DW_AT_type
	.byte	0                               @ End Of Children Mark
	.byte	15                              @ Abbrev [15] 0x832:0x52 DW_TAG_subprogram
	.long	.Linfo_string105                @ DW_AT_name
	.byte	5                               @ DW_AT_decl_file
	.short	1947                            @ DW_AT_decl_line
                                        @ DW_AT_prototyped
	.byte	1                               @ DW_AT_inline
	.byte	16                              @ Abbrev [16] 0x83b:0xc DW_TAG_formal_parameter
	.long	.Linfo_string91                 @ DW_AT_name
	.byte	5                               @ DW_AT_decl_file
	.short	1947                            @ DW_AT_decl_line
	.long	2011                            @ DW_AT_type
	.byte	16                              @ Abbrev [16] 0x847:0xc DW_TAG_formal_parameter
	.long	.Linfo_string92                 @ DW_AT_name
	.byte	5                               @ DW_AT_decl_file
	.short	1947                            @ DW_AT_decl_line
	.long	2011                            @ DW_AT_type
	.byte	16                              @ Abbrev [16] 0x853:0xc DW_TAG_formal_parameter
	.long	.Linfo_string93                 @ DW_AT_name
	.byte	5                               @ DW_AT_decl_file
	.short	1947                            @ DW_AT_decl_line
	.long	2011                            @ DW_AT_type
	.byte	16                              @ Abbrev [16] 0x85f:0xc DW_TAG_formal_parameter
	.long	.Linfo_string101                @ DW_AT_name
	.byte	5                               @ DW_AT_decl_file
	.short	1947                            @ DW_AT_decl_line
	.long	156                             @ DW_AT_type
	.byte	29                              @ Abbrev [29] 0x86b:0xc DW_TAG_variable
	.long	.Linfo_string104                @ DW_AT_name
	.byte	5                               @ DW_AT_decl_file
	.short	1950                            @ DW_AT_decl_line
	.long	156                             @ DW_AT_type
	.byte	29                              @ Abbrev [29] 0x877:0xc DW_TAG_variable
	.long	.Linfo_string102                @ DW_AT_name
	.byte	5                               @ DW_AT_decl_file
	.short	1949                            @ DW_AT_decl_line
	.long	156                             @ DW_AT_type
	.byte	0                               @ End Of Children Mark
	.byte	15                              @ Abbrev [15] 0x884:0x2e DW_TAG_subprogram
	.long	.Linfo_string106                @ DW_AT_name
	.byte	5                               @ DW_AT_decl_file
	.short	1821                            @ DW_AT_decl_line
                                        @ DW_AT_prototyped
	.byte	1                               @ DW_AT_inline
	.byte	16                              @ Abbrev [16] 0x88d:0xc DW_TAG_formal_parameter
	.long	.Linfo_string88                 @ DW_AT_name
	.byte	5                               @ DW_AT_decl_file
	.short	1821                            @ DW_AT_decl_line
	.long	2011                            @ DW_AT_type
	.byte	16                              @ Abbrev [16] 0x899:0xc DW_TAG_formal_parameter
	.long	.Linfo_string89                 @ DW_AT_name
	.byte	5                               @ DW_AT_decl_file
	.short	1821                            @ DW_AT_decl_line
	.long	2011                            @ DW_AT_type
	.byte	29                              @ Abbrev [29] 0x8a5:0xc DW_TAG_variable
	.long	.Linfo_string102                @ DW_AT_name
	.byte	5                               @ DW_AT_decl_file
	.short	1823                            @ DW_AT_decl_line
	.long	156                             @ DW_AT_type
	.byte	0                               @ End Of Children Mark
	.byte	34                              @ Abbrev [34] 0x8b2:0x139 DW_TAG_subprogram
	.long	.Lfunc_begin4                   @ DW_AT_low_pc
	.long	.Lfunc_end4-.Lfunc_begin4       @ DW_AT_high_pc
	.byte	1                               @ DW_AT_frame_base
	.byte	93
                                        @ DW_AT_GNU_all_call_sites
	.long	.Linfo_string115                @ DW_AT_name
	.byte	5                               @ DW_AT_decl_file
	.short	579                             @ DW_AT_decl_line
                                        @ DW_AT_prototyped
                                        @ DW_AT_external
	.byte	35                              @ Abbrev [35] 0x8c4:0xe DW_TAG_formal_parameter
	.byte	1                               @ DW_AT_location
	.byte	80
	.long	.Linfo_string128                @ DW_AT_name
	.byte	5                               @ DW_AT_decl_file
	.short	579                             @ DW_AT_decl_line
	.long	2992                            @ DW_AT_type
	.byte	30                              @ Abbrev [30] 0x8d2:0x1b DW_TAG_inlined_subroutine
	.long	1888                            @ DW_AT_abstract_origin
	.long	.Ltmp322                        @ DW_AT_low_pc
	.long	.Ltmp324-.Ltmp322               @ DW_AT_high_pc
	.byte	5                               @ DW_AT_call_file
	.short	584                             @ DW_AT_call_line
	.byte	23                              @ DW_AT_call_column
	.byte	31                              @ Abbrev [31] 0x8e3:0x9 DW_TAG_variable
	.long	.Ldebug_loc35                   @ DW_AT_location
	.long	1901                            @ DW_AT_abstract_origin
	.byte	0                               @ End Of Children Mark
	.byte	30                              @ Abbrev [30] 0x8ed:0x1b DW_TAG_inlined_subroutine
	.long	1914                            @ DW_AT_abstract_origin
	.long	.Ltmp325                        @ DW_AT_low_pc
	.long	.Ltmp327-.Ltmp325               @ DW_AT_high_pc
	.byte	5                               @ DW_AT_call_file
	.short	587                             @ DW_AT_call_line
	.byte	25                              @ DW_AT_call_column
	.byte	31                              @ Abbrev [31] 0x8fe:0x9 DW_TAG_variable
	.long	.Ldebug_loc36                   @ DW_AT_location
	.long	1927                            @ DW_AT_abstract_origin
	.byte	0                               @ End Of Children Mark
	.byte	36                              @ Abbrev [36] 0x908:0xd DW_TAG_inlined_subroutine
	.long	1940                            @ DW_AT_abstract_origin
	.long	.Ldebug_ranges8                 @ DW_AT_ranges
	.byte	5                               @ DW_AT_call_file
	.short	590                             @ DW_AT_call_line
	.byte	23                              @ DW_AT_call_column
	.byte	23                              @ Abbrev [23] 0x915:0x30 DW_TAG_inlined_subroutine
	.long	1953                            @ DW_AT_abstract_origin
	.long	.Ldebug_ranges9                 @ DW_AT_ranges
	.byte	5                               @ DW_AT_call_file
	.short	601                             @ DW_AT_call_line
	.byte	5                               @ DW_AT_call_column
	.byte	25                              @ Abbrev [25] 0x922:0x9 DW_TAG_formal_parameter
	.byte	3                               @ DW_AT_location
	.byte	112
	.byte	4
	.byte	159
	.long	1962                            @ DW_AT_abstract_origin
	.byte	25                              @ Abbrev [25] 0x92b:0x9 DW_TAG_formal_parameter
	.byte	3                               @ DW_AT_location
	.byte	112
	.byte	8
	.byte	159
	.long	1974                            @ DW_AT_abstract_origin
	.byte	25                              @ Abbrev [25] 0x934:0x7 DW_TAG_formal_parameter
	.byte	1                               @ DW_AT_location
	.byte	94
	.long	1986                            @ DW_AT_abstract_origin
	.byte	31                              @ Abbrev [31] 0x93b:0x9 DW_TAG_variable
	.long	.Ldebug_loc37                   @ DW_AT_location
	.long	1998                            @ DW_AT_abstract_origin
	.byte	0                               @ End Of Children Mark
	.byte	23                              @ Abbrev [23] 0x945:0x42 DW_TAG_inlined_subroutine
	.long	2016                            @ DW_AT_abstract_origin
	.long	.Ldebug_ranges10                @ DW_AT_ranges
	.byte	5                               @ DW_AT_call_file
	.short	604                             @ DW_AT_call_line
	.byte	5                               @ DW_AT_call_column
	.byte	25                              @ Abbrev [25] 0x952:0x9 DW_TAG_formal_parameter
	.byte	3                               @ DW_AT_location
	.byte	112
	.byte	32
	.byte	159
	.long	2025                            @ DW_AT_abstract_origin
	.byte	25                              @ Abbrev [25] 0x95b:0x9 DW_TAG_formal_parameter
	.byte	3                               @ DW_AT_location
	.byte	112
	.byte	36
	.byte	159
	.long	2037                            @ DW_AT_abstract_origin
	.byte	25                              @ Abbrev [25] 0x964:0x9 DW_TAG_formal_parameter
	.byte	3                               @ DW_AT_location
	.byte	112
	.byte	40
	.byte	159
	.long	2049                            @ DW_AT_abstract_origin
	.byte	25                              @ Abbrev [25] 0x96d:0x7 DW_TAG_formal_parameter
	.byte	1                               @ DW_AT_location
	.byte	94
	.long	2061                            @ DW_AT_abstract_origin
	.byte	31                              @ Abbrev [31] 0x974:0x9 DW_TAG_variable
	.long	.Ldebug_loc38                   @ DW_AT_location
	.long	2073                            @ DW_AT_abstract_origin
	.byte	31                              @ Abbrev [31] 0x97d:0x9 DW_TAG_variable
	.long	.Ldebug_loc39                   @ DW_AT_location
	.long	2085                            @ DW_AT_abstract_origin
	.byte	0                               @ End Of Children Mark
	.byte	23                              @ Abbrev [23] 0x987:0x36 DW_TAG_inlined_subroutine
	.long	2098                            @ DW_AT_abstract_origin
	.long	.Ldebug_ranges11                @ DW_AT_ranges
	.byte	5                               @ DW_AT_call_file
	.short	607                             @ DW_AT_call_line
	.byte	5                               @ DW_AT_call_column
	.byte	25                              @ Abbrev [25] 0x994:0x9 DW_TAG_formal_parameter
	.byte	3                               @ DW_AT_location
	.byte	112
	.byte	56
	.byte	159
	.long	2107                            @ DW_AT_abstract_origin
	.byte	25                              @ Abbrev [25] 0x99d:0x9 DW_TAG_formal_parameter
	.byte	3                               @ DW_AT_location
	.byte	112
	.byte	60
	.byte	159
	.long	2119                            @ DW_AT_abstract_origin
	.byte	25                              @ Abbrev [25] 0x9a6:0xa DW_TAG_formal_parameter
	.byte	4                               @ DW_AT_location
	.byte	112
	.asciz	"\300"
	.byte	159
	.long	2131                            @ DW_AT_abstract_origin
	.byte	37                              @ Abbrev [37] 0x9b0:0x6 DW_TAG_variable
	.byte	0                               @ DW_AT_const_value
	.long	2155                            @ DW_AT_abstract_origin
	.byte	37                              @ Abbrev [37] 0x9b6:0x6 DW_TAG_variable
	.byte	0                               @ DW_AT_const_value
	.long	2167                            @ DW_AT_abstract_origin
	.byte	0                               @ End Of Children Mark
	.byte	30                              @ Abbrev [30] 0x9bd:0x2d DW_TAG_inlined_subroutine
	.long	2180                            @ DW_AT_abstract_origin
	.long	.Ltmp356                        @ DW_AT_low_pc
	.long	.Ltmp359-.Ltmp356               @ DW_AT_high_pc
	.byte	5                               @ DW_AT_call_file
	.short	611                             @ DW_AT_call_line
	.byte	3                               @ DW_AT_call_column
	.byte	25                              @ Abbrev [25] 0x9ce:0x9 DW_TAG_formal_parameter
	.byte	3                               @ DW_AT_location
	.byte	112
	.byte	48
	.byte	159
	.long	2189                            @ DW_AT_abstract_origin
	.byte	25                              @ Abbrev [25] 0x9d7:0x9 DW_TAG_formal_parameter
	.byte	3                               @ DW_AT_location
	.byte	112
	.byte	52
	.byte	159
	.long	2201                            @ DW_AT_abstract_origin
	.byte	31                              @ Abbrev [31] 0x9e0:0x9 DW_TAG_variable
	.long	.Ldebug_loc40                   @ DW_AT_location
	.long	2213                            @ DW_AT_abstract_origin
	.byte	0                               @ End Of Children Mark
	.byte	0                               @ End Of Children Mark
	.byte	38                              @ Abbrev [38] 0x9eb:0x16 DW_TAG_subprogram
	.long	.Lfunc_begin5                   @ DW_AT_low_pc
	.long	.Lfunc_end5-.Lfunc_begin5       @ DW_AT_high_pc
	.byte	1                               @ DW_AT_frame_base
	.byte	93
                                        @ DW_AT_GNU_all_call_sites
	.long	.Linfo_string116                @ DW_AT_name
	.byte	5                               @ DW_AT_decl_file
	.short	647                             @ DW_AT_decl_line
                                        @ DW_AT_prototyped
	.long	2900                            @ DW_AT_type
                                        @ DW_AT_external
	.byte	38                              @ Abbrev [38] 0xa01:0x16 DW_TAG_subprogram
	.long	.Lfunc_begin6                   @ DW_AT_low_pc
	.long	.Lfunc_end6-.Lfunc_begin6       @ DW_AT_high_pc
	.byte	1                               @ DW_AT_frame_base
	.byte	93
                                        @ DW_AT_GNU_all_call_sites
	.long	.Linfo_string117                @ DW_AT_name
	.byte	5                               @ DW_AT_decl_file
	.short	669                             @ DW_AT_decl_line
                                        @ DW_AT_prototyped
	.long	2900                            @ DW_AT_type
                                        @ DW_AT_external
	.byte	38                              @ Abbrev [38] 0xa17:0x16 DW_TAG_subprogram
	.long	.Lfunc_begin7                   @ DW_AT_low_pc
	.long	.Lfunc_end7-.Lfunc_begin7       @ DW_AT_high_pc
	.byte	1                               @ DW_AT_frame_base
	.byte	93
                                        @ DW_AT_GNU_all_call_sites
	.long	.Linfo_string118                @ DW_AT_name
	.byte	5                               @ DW_AT_decl_file
	.short	681                             @ DW_AT_decl_line
                                        @ DW_AT_prototyped
	.long	2900                            @ DW_AT_type
                                        @ DW_AT_external
	.byte	38                              @ Abbrev [38] 0xa2d:0x16 DW_TAG_subprogram
	.long	.Lfunc_begin8                   @ DW_AT_low_pc
	.long	.Lfunc_end8-.Lfunc_begin8       @ DW_AT_high_pc
	.byte	1                               @ DW_AT_frame_base
	.byte	93
                                        @ DW_AT_GNU_all_call_sites
	.long	.Linfo_string119                @ DW_AT_name
	.byte	5                               @ DW_AT_decl_file
	.short	703                             @ DW_AT_decl_line
                                        @ DW_AT_prototyped
	.long	2900                            @ DW_AT_type
                                        @ DW_AT_external
	.byte	15                              @ Abbrev [15] 0xa43:0x22 DW_TAG_subprogram
	.long	.Linfo_string107                @ DW_AT_name
	.byte	5                               @ DW_AT_decl_file
	.short	1980                            @ DW_AT_decl_line
                                        @ DW_AT_prototyped
	.byte	1                               @ DW_AT_inline
	.byte	16                              @ Abbrev [16] 0xa4c:0xc DW_TAG_formal_parameter
	.long	.Linfo_string69                 @ DW_AT_name
	.byte	5                               @ DW_AT_decl_file
	.short	1980                            @ DW_AT_decl_line
	.long	156                             @ DW_AT_type
	.byte	16                              @ Abbrev [16] 0xa58:0xc DW_TAG_formal_parameter
	.long	.Linfo_string101                @ DW_AT_name
	.byte	5                               @ DW_AT_decl_file
	.short	1980                            @ DW_AT_decl_line
	.long	156                             @ DW_AT_type
	.byte	0                               @ End Of Children Mark
	.byte	15                              @ Abbrev [15] 0xa65:0x2e DW_TAG_subprogram
	.long	.Linfo_string108                @ DW_AT_name
	.byte	5                               @ DW_AT_decl_file
	.short	2012                            @ DW_AT_decl_line
                                        @ DW_AT_prototyped
	.byte	1                               @ DW_AT_inline
	.byte	16                              @ Abbrev [16] 0xa6e:0xc DW_TAG_formal_parameter
	.long	.Linfo_string109                @ DW_AT_name
	.byte	5                               @ DW_AT_decl_file
	.short	2012                            @ DW_AT_decl_line
	.long	156                             @ DW_AT_type
	.byte	16                              @ Abbrev [16] 0xa7a:0xc DW_TAG_formal_parameter
	.long	.Linfo_string110                @ DW_AT_name
	.byte	5                               @ DW_AT_decl_file
	.short	2012                            @ DW_AT_decl_line
	.long	156                             @ DW_AT_type
	.byte	16                              @ Abbrev [16] 0xa86:0xc DW_TAG_formal_parameter
	.long	.Linfo_string101                @ DW_AT_name
	.byte	5                               @ DW_AT_decl_file
	.short	2012                            @ DW_AT_decl_line
	.long	156                             @ DW_AT_type
	.byte	0                               @ End Of Children Mark
	.byte	26                              @ Abbrev [26] 0xa93:0xc1 DW_TAG_subprogram
	.long	.Lfunc_begin9                   @ DW_AT_low_pc
	.long	.Lfunc_end9-.Lfunc_begin9       @ DW_AT_high_pc
	.byte	1                               @ DW_AT_frame_base
	.byte	93
                                        @ DW_AT_GNU_all_call_sites
	.long	.Linfo_string120                @ DW_AT_name
	.byte	5                               @ DW_AT_decl_file
	.short	722                             @ DW_AT_decl_line
                                        @ DW_AT_prototyped
	.long	2900                            @ DW_AT_type
                                        @ DW_AT_external
	.byte	27                              @ Abbrev [27] 0xaa9:0x10 DW_TAG_formal_parameter
	.long	.Ldebug_loc41                   @ DW_AT_location
	.long	.Linfo_string137                @ DW_AT_name
	.byte	5                               @ DW_AT_decl_file
	.short	722                             @ DW_AT_decl_line
	.long	3217                            @ DW_AT_type
	.byte	27                              @ Abbrev [27] 0xab9:0x10 DW_TAG_formal_parameter
	.long	.Ldebug_loc42                   @ DW_AT_location
	.long	.Linfo_string141                @ DW_AT_name
	.byte	5                               @ DW_AT_decl_file
	.short	722                             @ DW_AT_decl_line
	.long	2011                            @ DW_AT_type
	.byte	28                              @ Abbrev [28] 0xac9:0x10 DW_TAG_variable
	.long	.Ldebug_loc43                   @ DW_AT_location
	.long	.Linfo_string126                @ DW_AT_name
	.byte	5                               @ DW_AT_decl_file
	.short	724                             @ DW_AT_decl_line
	.long	2900                            @ DW_AT_type
	.byte	28                              @ Abbrev [28] 0xad9:0x10 DW_TAG_variable
	.long	.Ldebug_loc44                   @ DW_AT_location
	.long	.Linfo_string127                @ DW_AT_name
	.byte	5                               @ DW_AT_decl_file
	.short	725                             @ DW_AT_decl_line
	.long	156                             @ DW_AT_type
	.byte	23                              @ Abbrev [23] 0xae9:0x1d DW_TAG_inlined_subroutine
	.long	2627                            @ DW_AT_abstract_origin
	.long	.Ldebug_ranges12                @ DW_AT_ranges
	.byte	5                               @ DW_AT_call_file
	.short	756                             @ DW_AT_call_line
	.byte	11                              @ DW_AT_call_column
	.byte	22                              @ Abbrev [22] 0xaf6:0x9 DW_TAG_formal_parameter
	.long	.Ldebug_loc45                   @ DW_AT_location
	.long	2636                            @ DW_AT_abstract_origin
	.byte	39                              @ Abbrev [39] 0xaff:0x6 DW_TAG_formal_parameter
	.byte	1                               @ DW_AT_const_value
	.long	2648                            @ DW_AT_abstract_origin
	.byte	0                               @ End Of Children Mark
	.byte	30                              @ Abbrev [30] 0xb06:0x18 DW_TAG_inlined_subroutine
	.long	2661                            @ DW_AT_abstract_origin
	.long	.Ltmp417                        @ DW_AT_low_pc
	.long	.Ltmp418-.Ltmp417               @ DW_AT_high_pc
	.byte	5                               @ DW_AT_call_file
	.short	767                             @ DW_AT_call_line
	.byte	9                               @ DW_AT_call_column
	.byte	39                              @ Abbrev [39] 0xb17:0x6 DW_TAG_formal_parameter
	.byte	1                               @ DW_AT_const_value
	.long	2694                            @ DW_AT_abstract_origin
	.byte	0                               @ End Of Children Mark
	.byte	23                              @ Abbrev [23] 0xb1e:0x1d DW_TAG_inlined_subroutine
	.long	2627                            @ DW_AT_abstract_origin
	.long	.Ldebug_ranges13                @ DW_AT_ranges
	.byte	5                               @ DW_AT_call_file
	.short	806                             @ DW_AT_call_line
	.byte	11                              @ DW_AT_call_column
	.byte	22                              @ Abbrev [22] 0xb2b:0x9 DW_TAG_formal_parameter
	.long	.Ldebug_loc46                   @ DW_AT_location
	.long	2636                            @ DW_AT_abstract_origin
	.byte	39                              @ Abbrev [39] 0xb34:0x6 DW_TAG_formal_parameter
	.byte	2                               @ DW_AT_const_value
	.long	2648                            @ DW_AT_abstract_origin
	.byte	0                               @ End Of Children Mark
	.byte	30                              @ Abbrev [30] 0xb3b:0x18 DW_TAG_inlined_subroutine
	.long	2661                            @ DW_AT_abstract_origin
	.long	.Ltmp422                        @ DW_AT_low_pc
	.long	.Ltmp423-.Ltmp422               @ DW_AT_high_pc
	.byte	5                               @ DW_AT_call_file
	.short	817                             @ DW_AT_call_line
	.byte	9                               @ DW_AT_call_column
	.byte	39                              @ Abbrev [39] 0xb4c:0x6 DW_TAG_formal_parameter
	.byte	2                               @ DW_AT_const_value
	.long	2694                            @ DW_AT_abstract_origin
	.byte	0                               @ End Of Children Mark
	.byte	0                               @ End Of Children Mark
	.byte	5                               @ Abbrev [5] 0xb54:0xb DW_TAG_typedef
	.long	38                              @ DW_AT_type
	.long	.Linfo_string112                @ DW_AT_name
	.byte	1                               @ DW_AT_decl_file
	.byte	45                              @ DW_AT_decl_line
	.byte	6                               @ Abbrev [6] 0xb5f:0x5 DW_TAG_pointer_type
	.long	2916                            @ DW_AT_type
	.byte	5                               @ Abbrev [5] 0xb64:0xb DW_TAG_typedef
	.long	2927                            @ DW_AT_type
	.long	.Linfo_string124                @ DW_AT_name
	.byte	6                               @ DW_AT_decl_file
	.byte	62                              @ DW_AT_decl_line
	.byte	40                              @ Abbrev [40] 0xb6f:0x41 DW_TAG_structure_type
	.byte	20                              @ DW_AT_byte_size
	.byte	6                               @ DW_AT_decl_file
	.byte	45                              @ DW_AT_decl_line
	.byte	41                              @ Abbrev [41] 0xb73:0xc DW_TAG_member
	.long	.Linfo_string122                @ DW_AT_name
	.long	156                             @ DW_AT_type
	.byte	6                               @ DW_AT_decl_file
	.byte	47                              @ DW_AT_decl_line
	.byte	0                               @ DW_AT_data_member_location
	.byte	41                              @ Abbrev [41] 0xb7f:0xc DW_TAG_member
	.long	.Linfo_string67                 @ DW_AT_name
	.long	156                             @ DW_AT_type
	.byte	6                               @ DW_AT_decl_file
	.byte	50                              @ DW_AT_decl_line
	.byte	4                               @ DW_AT_data_member_location
	.byte	41                              @ Abbrev [41] 0xb8b:0xc DW_TAG_member
	.long	.Linfo_string69                 @ DW_AT_name
	.long	156                             @ DW_AT_type
	.byte	6                               @ DW_AT_decl_file
	.byte	53                              @ DW_AT_decl_line
	.byte	8                               @ DW_AT_data_member_location
	.byte	41                              @ Abbrev [41] 0xb97:0xc DW_TAG_member
	.long	.Linfo_string123                @ DW_AT_name
	.long	156                             @ DW_AT_type
	.byte	6                               @ DW_AT_decl_file
	.byte	56                              @ DW_AT_decl_line
	.byte	12                              @ DW_AT_data_member_location
	.byte	41                              @ Abbrev [41] 0xba3:0xc DW_TAG_member
	.long	.Linfo_string66                 @ DW_AT_name
	.long	156                             @ DW_AT_type
	.byte	6                               @ DW_AT_decl_file
	.byte	59                              @ DW_AT_decl_line
	.byte	16                              @ DW_AT_data_member_location
	.byte	0                               @ End Of Children Mark
	.byte	6                               @ Abbrev [6] 0xbb0:0x5 DW_TAG_pointer_type
	.long	2997                            @ DW_AT_type
	.byte	5                               @ Abbrev [5] 0xbb5:0xb DW_TAG_typedef
	.long	3008                            @ DW_AT_type
	.long	.Linfo_string136                @ DW_AT_name
	.byte	6                               @ DW_AT_decl_file
	.byte	149                             @ DW_AT_decl_line
	.byte	40                              @ Abbrev [40] 0xbc0:0xd1 DW_TAG_structure_type
	.byte	68                              @ DW_AT_byte_size
	.byte	6                               @ DW_AT_decl_file
	.byte	68                              @ DW_AT_decl_line
	.byte	41                              @ Abbrev [41] 0xbc4:0xc DW_TAG_member
	.long	.Linfo_string129                @ DW_AT_name
	.long	156                             @ DW_AT_type
	.byte	6                               @ DW_AT_decl_file
	.byte	70                              @ DW_AT_decl_line
	.byte	0                               @ DW_AT_data_member_location
	.byte	41                              @ Abbrev [41] 0xbd0:0xc DW_TAG_member
	.long	.Linfo_string100                @ DW_AT_name
	.long	156                             @ DW_AT_type
	.byte	6                               @ DW_AT_decl_file
	.byte	73                              @ DW_AT_decl_line
	.byte	4                               @ DW_AT_data_member_location
	.byte	41                              @ Abbrev [41] 0xbdc:0xc DW_TAG_member
	.long	.Linfo_string71                 @ DW_AT_name
	.long	156                             @ DW_AT_type
	.byte	6                               @ DW_AT_decl_file
	.byte	76                              @ DW_AT_decl_line
	.byte	8                               @ DW_AT_data_member_location
	.byte	41                              @ Abbrev [41] 0xbe8:0xc DW_TAG_member
	.long	.Linfo_string74                 @ DW_AT_name
	.long	156                             @ DW_AT_type
	.byte	6                               @ DW_AT_decl_file
	.byte	79                              @ DW_AT_decl_line
	.byte	12                              @ DW_AT_data_member_location
	.byte	41                              @ Abbrev [41] 0xbf4:0xc DW_TAG_member
	.long	.Linfo_string130                @ DW_AT_name
	.long	156                             @ DW_AT_type
	.byte	6                               @ DW_AT_decl_file
	.byte	82                              @ DW_AT_decl_line
	.byte	16                              @ DW_AT_data_member_location
	.byte	41                              @ Abbrev [41] 0xc00:0xc DW_TAG_member
	.long	.Linfo_string131                @ DW_AT_name
	.long	156                             @ DW_AT_type
	.byte	6                               @ DW_AT_decl_file
	.byte	85                              @ DW_AT_decl_line
	.byte	20                              @ DW_AT_data_member_location
	.byte	41                              @ Abbrev [41] 0xc0c:0xc DW_TAG_member
	.long	.Linfo_string132                @ DW_AT_name
	.long	156                             @ DW_AT_type
	.byte	6                               @ DW_AT_decl_file
	.byte	88                              @ DW_AT_decl_line
	.byte	24                              @ DW_AT_data_member_location
	.byte	41                              @ Abbrev [41] 0xc18:0xc DW_TAG_member
	.long	.Linfo_string67                 @ DW_AT_name
	.long	156                             @ DW_AT_type
	.byte	6                               @ DW_AT_decl_file
	.byte	91                              @ DW_AT_decl_line
	.byte	28                              @ DW_AT_data_member_location
	.byte	41                              @ Abbrev [41] 0xc24:0xc DW_TAG_member
	.long	.Linfo_string81                 @ DW_AT_name
	.long	156                             @ DW_AT_type
	.byte	6                               @ DW_AT_decl_file
	.byte	94                              @ DW_AT_decl_line
	.byte	32                              @ DW_AT_data_member_location
	.byte	41                              @ Abbrev [41] 0xc30:0xc DW_TAG_member
	.long	.Linfo_string82                 @ DW_AT_name
	.long	156                             @ DW_AT_type
	.byte	6                               @ DW_AT_decl_file
	.byte	98                              @ DW_AT_decl_line
	.byte	36                              @ DW_AT_data_member_location
	.byte	41                              @ Abbrev [41] 0xc3c:0xc DW_TAG_member
	.long	.Linfo_string83                 @ DW_AT_name
	.long	156                             @ DW_AT_type
	.byte	6                               @ DW_AT_decl_file
	.byte	101                             @ DW_AT_decl_line
	.byte	40                              @ DW_AT_data_member_location
	.byte	41                              @ Abbrev [41] 0xc48:0xc DW_TAG_member
	.long	.Linfo_string133                @ DW_AT_name
	.long	156                             @ DW_AT_type
	.byte	6                               @ DW_AT_decl_file
	.byte	104                             @ DW_AT_decl_line
	.byte	44                              @ DW_AT_data_member_location
	.byte	41                              @ Abbrev [41] 0xc54:0xc DW_TAG_member
	.long	.Linfo_string134                @ DW_AT_name
	.long	156                             @ DW_AT_type
	.byte	6                               @ DW_AT_decl_file
	.byte	107                             @ DW_AT_decl_line
	.byte	48                              @ DW_AT_data_member_location
	.byte	41                              @ Abbrev [41] 0xc60:0xc DW_TAG_member
	.long	.Linfo_string135                @ DW_AT_name
	.long	156                             @ DW_AT_type
	.byte	6                               @ DW_AT_decl_file
	.byte	110                             @ DW_AT_decl_line
	.byte	52                              @ DW_AT_data_member_location
	.byte	41                              @ Abbrev [41] 0xc6c:0xc DW_TAG_member
	.long	.Linfo_string91                 @ DW_AT_name
	.long	156                             @ DW_AT_type
	.byte	6                               @ DW_AT_decl_file
	.byte	124                             @ DW_AT_decl_line
	.byte	56                              @ DW_AT_data_member_location
	.byte	41                              @ Abbrev [41] 0xc78:0xc DW_TAG_member
	.long	.Linfo_string92                 @ DW_AT_name
	.long	156                             @ DW_AT_type
	.byte	6                               @ DW_AT_decl_file
	.byte	128                             @ DW_AT_decl_line
	.byte	60                              @ DW_AT_data_member_location
	.byte	41                              @ Abbrev [41] 0xc84:0xc DW_TAG_member
	.long	.Linfo_string93                 @ DW_AT_name
	.long	156                             @ DW_AT_type
	.byte	6                               @ DW_AT_decl_file
	.byte	131                             @ DW_AT_decl_line
	.byte	64                              @ DW_AT_data_member_location
	.byte	0                               @ End Of Children Mark
	.byte	6                               @ Abbrev [6] 0xc91:0x5 DW_TAG_pointer_type
	.long	3222                            @ DW_AT_type
	.byte	5                               @ Abbrev [5] 0xc96:0xb DW_TAG_typedef
	.long	3233                            @ DW_AT_type
	.long	.Linfo_string140                @ DW_AT_name
	.byte	6                               @ DW_AT_decl_file
	.byte	177                             @ DW_AT_decl_line
	.byte	40                              @ Abbrev [40] 0xca1:0x59 DW_TAG_structure_type
	.byte	28                              @ DW_AT_byte_size
	.byte	6                               @ DW_AT_decl_file
	.byte	154                             @ DW_AT_decl_line
	.byte	41                              @ Abbrev [41] 0xca5:0xc DW_TAG_member
	.long	.Linfo_string138                @ DW_AT_name
	.long	156                             @ DW_AT_type
	.byte	6                               @ DW_AT_decl_file
	.byte	156                             @ DW_AT_decl_line
	.byte	0                               @ DW_AT_data_member_location
	.byte	41                              @ Abbrev [41] 0xcb1:0xc DW_TAG_member
	.long	.Linfo_string139                @ DW_AT_name
	.long	156                             @ DW_AT_type
	.byte	6                               @ DW_AT_decl_file
	.byte	159                             @ DW_AT_decl_line
	.byte	4                               @ DW_AT_data_member_location
	.byte	41                              @ Abbrev [41] 0xcbd:0xc DW_TAG_member
	.long	.Linfo_string101                @ DW_AT_name
	.long	156                             @ DW_AT_type
	.byte	6                               @ DW_AT_decl_file
	.byte	162                             @ DW_AT_decl_line
	.byte	8                               @ DW_AT_data_member_location
	.byte	41                              @ Abbrev [41] 0xcc9:0xc DW_TAG_member
	.long	.Linfo_string69                 @ DW_AT_name
	.long	156                             @ DW_AT_type
	.byte	6                               @ DW_AT_decl_file
	.byte	165                             @ DW_AT_decl_line
	.byte	12                              @ DW_AT_data_member_location
	.byte	41                              @ Abbrev [41] 0xcd5:0xc DW_TAG_member
	.long	.Linfo_string123                @ DW_AT_name
	.long	156                             @ DW_AT_type
	.byte	6                               @ DW_AT_decl_file
	.byte	168                             @ DW_AT_decl_line
	.byte	16                              @ DW_AT_data_member_location
	.byte	41                              @ Abbrev [41] 0xce1:0xc DW_TAG_member
	.long	.Linfo_string109                @ DW_AT_name
	.long	156                             @ DW_AT_type
	.byte	6                               @ DW_AT_decl_file
	.byte	171                             @ DW_AT_decl_line
	.byte	20                              @ DW_AT_data_member_location
	.byte	41                              @ Abbrev [41] 0xced:0xc DW_TAG_member
	.long	.Linfo_string110                @ DW_AT_name
	.long	156                             @ DW_AT_type
	.byte	6                               @ DW_AT_decl_file
	.byte	174                             @ DW_AT_decl_line
	.byte	24                              @ DW_AT_data_member_location
	.byte	0                               @ End Of Children Mark
	.byte	0                               @ End Of Children Mark
.Ldebug_info_end0:
	.section	.debug_ranges,"",%progbits
.Ldebug_ranges0:
	.long	.Ltmp31
	.long	.Ltmp33
	.long	.Ltmp34
	.long	.Ltmp37
	.long	.Ltmp83
	.long	.Ltmp87
	.long	.Ltmp99
	.long	.Ltmp106
	.long	0
	.long	0
.Ldebug_ranges1:
	.long	.Ltmp46
	.long	.Ltmp49
	.long	.Ltmp52
	.long	.Ltmp58
	.long	0
	.long	0
.Ldebug_ranges2:
	.long	.Ltmp186
	.long	.Ltmp188
	.long	.Ltmp190
	.long	.Ltmp193
	.long	.Ltmp194
	.long	.Ltmp195
	.long	.Ltmp196
	.long	.Ltmp200
	.long	0
	.long	0
.Ldebug_ranges3:
	.long	.Ltmp170
	.long	.Ltmp171
	.long	.Ltmp176
	.long	.Ltmp180
	.long	0
	.long	0
.Ldebug_ranges4:
	.long	.Ltmp250
	.long	.Ltmp265
	.long	.Ltmp266
	.long	.Ltmp271
	.long	.Ltmp272
	.long	.Ltmp273
	.long	.Ltmp274
	.long	.Ltmp279
	.long	0
	.long	0
.Ldebug_ranges5:
	.long	.Ltmp281
	.long	.Ltmp282
	.long	.Ltmp283
	.long	.Ltmp290
	.long	0
	.long	0
.Ldebug_ranges6:
	.long	.Ltmp296
	.long	.Ltmp297
	.long	.Ltmp298
	.long	.Ltmp299
	.long	.Ltmp300
	.long	.Ltmp305
	.long	0
	.long	0
.Ldebug_ranges7:
	.long	.Ltmp308
	.long	.Ltmp309
	.long	.Ltmp310
	.long	.Ltmp318
	.long	0
	.long	0
.Ldebug_ranges8:
	.long	.Ltmp328
	.long	.Ltmp329
	.long	.Ltmp330
	.long	.Ltmp331
	.long	0
	.long	0
.Ldebug_ranges9:
	.long	.Ltmp334
	.long	.Ltmp335
	.long	.Ltmp336
	.long	.Ltmp342
	.long	.Ltmp343
	.long	.Ltmp345
	.long	0
	.long	0
.Ldebug_ranges10:
	.long	.Ltmp342
	.long	.Ltmp343
	.long	.Ltmp345
	.long	.Ltmp346
	.long	.Ltmp347
	.long	.Ltmp348
	.long	.Ltmp349
	.long	.Ltmp352
	.long	0
	.long	0
.Ldebug_ranges11:
	.long	.Ltmp346
	.long	.Ltmp347
	.long	.Ltmp348
	.long	.Ltmp349
	.long	.Ltmp352
	.long	.Ltmp354
	.long	0
	.long	0
.Ldebug_ranges12:
	.long	.Ltmp392
	.long	.Ltmp394
	.long	.Ltmp395
	.long	.Ltmp396
	.long	0
	.long	0
.Ldebug_ranges13:
	.long	.Ltmp405
	.long	.Ltmp407
	.long	.Ltmp408
	.long	.Ltmp409
	.long	0
	.long	0
.Ldebug_ranges14:
	.long	.Lfunc_begin0
	.long	.Lfunc_end0
	.long	.Lfunc_begin1
	.long	.Lfunc_end1
	.long	.Lfunc_begin2
	.long	.Lfunc_end2
	.long	.Lfunc_begin3
	.long	.Lfunc_end3
	.long	.Lfunc_begin4
	.long	.Lfunc_end4
	.long	.Lfunc_begin5
	.long	.Lfunc_end5
	.long	.Lfunc_begin6
	.long	.Lfunc_end6
	.long	.Lfunc_begin7
	.long	.Lfunc_end7
	.long	.Lfunc_begin8
	.long	.Lfunc_end8
	.long	.Lfunc_begin9
	.long	.Lfunc_end9
	.long	0
	.long	0
	.section	.debug_str,"MS",%progbits,1
.Linfo_string0:
	.asciz	"Component: Arm Compiler for Embedded 6.24 Tool: armclang [5f371800]" @ string offset=0
.Linfo_string1:
	.asciz	"../Drivers/STM32H7xx_HAL_Driver/Src\\stm32h7xx_hal_flash_ex.c" @ string offset=68
.Linfo_string2:
	.asciz	"D:\\EV\\testadc\\MDK-ARM"      @ string offset=129
.Linfo_string3:
	.asciz	"unsigned char"                 @ string offset=151
.Linfo_string4:
	.asciz	"HAL_OK"                        @ string offset=165
.Linfo_string5:
	.asciz	"HAL_ERROR"                     @ string offset=172
.Linfo_string6:
	.asciz	"HAL_BUSY"                      @ string offset=182
.Linfo_string7:
	.asciz	"HAL_TIMEOUT"                   @ string offset=191
.Linfo_string8:
	.asciz	"HAL_UNLOCKED"                  @ string offset=203
.Linfo_string9:
	.asciz	"HAL_LOCKED"                    @ string offset=216
.Linfo_string10:
	.asciz	"FLASH_PROC_NONE"               @ string offset=227
.Linfo_string11:
	.asciz	"FLASH_PROC_SECTERASE_BANK1"    @ string offset=243
.Linfo_string12:
	.asciz	"FLASH_PROC_MASSERASE_BANK1"    @ string offset=270
.Linfo_string13:
	.asciz	"FLASH_PROC_PROGRAM_BANK1"      @ string offset=297
.Linfo_string14:
	.asciz	"FLASH_PROC_SECTERASE_BANK2"    @ string offset=322
.Linfo_string15:
	.asciz	"FLASH_PROC_MASSERASE_BANK2"    @ string offset=349
.Linfo_string16:
	.asciz	"FLASH_PROC_PROGRAM_BANK2"      @ string offset=376
.Linfo_string17:
	.asciz	"FLASH_PROC_ALLBANK_MASSERASE"  @ string offset=401
.Linfo_string18:
	.asciz	"unsigned int"                  @ string offset=430
.Linfo_string19:
	.asciz	"uint32_t"                      @ string offset=443
.Linfo_string20:
	.asciz	"ACR"                           @ string offset=452
.Linfo_string21:
	.asciz	"KEYR1"                         @ string offset=456
.Linfo_string22:
	.asciz	"OPTKEYR"                       @ string offset=462
.Linfo_string23:
	.asciz	"CR1"                           @ string offset=470
.Linfo_string24:
	.asciz	"SR1"                           @ string offset=474
.Linfo_string25:
	.asciz	"CCR1"                          @ string offset=478
.Linfo_string26:
	.asciz	"OPTCR"                         @ string offset=483
.Linfo_string27:
	.asciz	"OPTSR_CUR"                     @ string offset=489
.Linfo_string28:
	.asciz	"OPTSR_PRG"                     @ string offset=499
.Linfo_string29:
	.asciz	"OPTCCR"                        @ string offset=509
.Linfo_string30:
	.asciz	"PRAR_CUR1"                     @ string offset=516
.Linfo_string31:
	.asciz	"PRAR_PRG1"                     @ string offset=526
.Linfo_string32:
	.asciz	"SCAR_CUR1"                     @ string offset=536
.Linfo_string33:
	.asciz	"SCAR_PRG1"                     @ string offset=546
.Linfo_string34:
	.asciz	"WPSN_CUR1"                     @ string offset=556
.Linfo_string35:
	.asciz	"WPSN_PRG1"                     @ string offset=566
.Linfo_string36:
	.asciz	"BOOT_CUR"                      @ string offset=576
.Linfo_string37:
	.asciz	"BOOT_PRG"                      @ string offset=585
.Linfo_string38:
	.asciz	"RESERVED0"                     @ string offset=594
.Linfo_string39:
	.asciz	"__ARRAY_SIZE_TYPE__"           @ string offset=604
.Linfo_string40:
	.asciz	"CRCCR1"                        @ string offset=624
.Linfo_string41:
	.asciz	"CRCSADD1"                      @ string offset=631
.Linfo_string42:
	.asciz	"CRCEADD1"                      @ string offset=640
.Linfo_string43:
	.asciz	"CRCDATA"                       @ string offset=649
.Linfo_string44:
	.asciz	"ECC_FA1"                       @ string offset=657
.Linfo_string45:
	.asciz	"RESERVED1"                     @ string offset=665
.Linfo_string46:
	.asciz	"KEYR2"                         @ string offset=675
.Linfo_string47:
	.asciz	"RESERVED2"                     @ string offset=681
.Linfo_string48:
	.asciz	"CR2"                           @ string offset=691
.Linfo_string49:
	.asciz	"SR2"                           @ string offset=695
.Linfo_string50:
	.asciz	"CCR2"                          @ string offset=699
.Linfo_string51:
	.asciz	"RESERVED3"                     @ string offset=704
.Linfo_string52:
	.asciz	"PRAR_CUR2"                     @ string offset=714
.Linfo_string53:
	.asciz	"PRAR_PRG2"                     @ string offset=724
.Linfo_string54:
	.asciz	"SCAR_CUR2"                     @ string offset=734
.Linfo_string55:
	.asciz	"SCAR_PRG2"                     @ string offset=744
.Linfo_string56:
	.asciz	"WPSN_CUR2"                     @ string offset=754
.Linfo_string57:
	.asciz	"WPSN_PRG2"                     @ string offset=764
.Linfo_string58:
	.asciz	"RESERVED4"                     @ string offset=774
.Linfo_string59:
	.asciz	"CRCCR2"                        @ string offset=784
.Linfo_string60:
	.asciz	"CRCSADD2"                      @ string offset=791
.Linfo_string61:
	.asciz	"CRCEADD2"                      @ string offset=800
.Linfo_string62:
	.asciz	"CRCDATA2"                      @ string offset=809
.Linfo_string63:
	.asciz	"ECC_FA2"                       @ string offset=818
.Linfo_string64:
	.asciz	"FLASH_TypeDef"                 @ string offset=826
.Linfo_string65:
	.asciz	"FLASH_MassErase"               @ string offset=840
.Linfo_string66:
	.asciz	"VoltageRange"                  @ string offset=856
.Linfo_string67:
	.asciz	"Banks"                         @ string offset=869
.Linfo_string68:
	.asciz	"FLASH_Erase_Sector"            @ string offset=875
.Linfo_string69:
	.asciz	"Sector"                        @ string offset=894
.Linfo_string70:
	.asciz	"FLASH_OB_EnableWRP"            @ string offset=901
.Linfo_string71:
	.asciz	"WRPSector"                     @ string offset=920
.Linfo_string72:
	.asciz	"FLASH_OB_DisableWRP"           @ string offset=930
.Linfo_string73:
	.asciz	"FLASH_OB_RDPConfig"            @ string offset=950
.Linfo_string74:
	.asciz	"RDPLevel"                      @ string offset=969
.Linfo_string75:
	.asciz	"FLASH_OB_UserConfig"           @ string offset=978
.Linfo_string76:
	.asciz	"UserType"                      @ string offset=998
.Linfo_string77:
	.asciz	"UserConfig"                    @ string offset=1007
.Linfo_string78:
	.asciz	"optr_reg_mask"                 @ string offset=1018
.Linfo_string79:
	.asciz	"optr_reg_val"                  @ string offset=1032
.Linfo_string80:
	.asciz	"FLASH_OB_PCROPConfig"          @ string offset=1045
.Linfo_string81:
	.asciz	"PCROPConfig"                   @ string offset=1066
.Linfo_string82:
	.asciz	"PCROPStartAddr"                @ string offset=1078
.Linfo_string83:
	.asciz	"PCROPEndAddr"                  @ string offset=1093
.Linfo_string84:
	.asciz	"FLASH_OB_BOR_LevelConfig"      @ string offset=1106
.Linfo_string85:
	.asciz	"Level"                         @ string offset=1131
.Linfo_string86:
	.asciz	"FLASH_OB_BootAddConfig"        @ string offset=1137
.Linfo_string87:
	.asciz	"BootOption"                    @ string offset=1160
.Linfo_string88:
	.asciz	"BootAddress0"                  @ string offset=1171
.Linfo_string89:
	.asciz	"BootAddress1"                  @ string offset=1184
.Linfo_string90:
	.asciz	"FLASH_OB_SecureAreaConfig"     @ string offset=1197
.Linfo_string91:
	.asciz	"SecureAreaConfig"              @ string offset=1223
.Linfo_string92:
	.asciz	"SecureAreaStartAddr"           @ string offset=1240
.Linfo_string93:
	.asciz	"SecureAreaEndAddr"             @ string offset=1260
.Linfo_string94:
	.asciz	"FLASH_OB_GetRDP"               @ string offset=1278
.Linfo_string95:
	.asciz	"rdp_level"                     @ string offset=1294
.Linfo_string96:
	.asciz	"FLASH_OB_GetUser"              @ string offset=1304
.Linfo_string97:
	.asciz	"userConfig"                    @ string offset=1321
.Linfo_string98:
	.asciz	"FLASH_OB_GetBOR"               @ string offset=1332
.Linfo_string99:
	.asciz	"FLASH_OB_GetWRP"               @ string offset=1348
.Linfo_string100:
	.asciz	"WRPState"                      @ string offset=1364
.Linfo_string101:
	.asciz	"Bank"                          @ string offset=1373
.Linfo_string102:
	.asciz	"regvalue"                      @ string offset=1378
.Linfo_string103:
	.asciz	"FLASH_OB_GetPCROP"             @ string offset=1387
.Linfo_string104:
	.asciz	"bankBase"                      @ string offset=1405
.Linfo_string105:
	.asciz	"FLASH_OB_GetSecureArea"        @ string offset=1414
.Linfo_string106:
	.asciz	"FLASH_OB_GetBootAdd"           @ string offset=1437
.Linfo_string107:
	.asciz	"FLASH_CRC_AddSector"           @ string offset=1457
.Linfo_string108:
	.asciz	"FLASH_CRC_SelectAddress"       @ string offset=1477
.Linfo_string109:
	.asciz	"CRCStartAddr"                  @ string offset=1501
.Linfo_string110:
	.asciz	"CRCEndAddr"                    @ string offset=1514
.Linfo_string111:
	.asciz	"HAL_FLASHEx_Erase"             @ string offset=1525
.Linfo_string112:
	.asciz	"HAL_StatusTypeDef"             @ string offset=1543
.Linfo_string113:
	.asciz	"HAL_FLASHEx_Erase_IT"          @ string offset=1561
.Linfo_string114:
	.asciz	"HAL_FLASHEx_OBProgram"         @ string offset=1582
.Linfo_string115:
	.asciz	"HAL_FLASHEx_OBGetConfig"       @ string offset=1604
.Linfo_string116:
	.asciz	"HAL_FLASHEx_Unlock_Bank1"      @ string offset=1628
.Linfo_string117:
	.asciz	"HAL_FLASHEx_Lock_Bank1"        @ string offset=1653
.Linfo_string118:
	.asciz	"HAL_FLASHEx_Unlock_Bank2"      @ string offset=1676
.Linfo_string119:
	.asciz	"HAL_FLASHEx_Lock_Bank2"        @ string offset=1701
.Linfo_string120:
	.asciz	"HAL_FLASHEx_ComputeCRC"        @ string offset=1724
.Linfo_string121:
	.asciz	"pEraseInit"                    @ string offset=1747
.Linfo_string122:
	.asciz	"TypeErase"                     @ string offset=1758
.Linfo_string123:
	.asciz	"NbSectors"                     @ string offset=1768
.Linfo_string124:
	.asciz	"FLASH_EraseInitTypeDef"        @ string offset=1778
.Linfo_string125:
	.asciz	"SectorError"                   @ string offset=1801
.Linfo_string126:
	.asciz	"status"                        @ string offset=1813
.Linfo_string127:
	.asciz	"sector_index"                  @ string offset=1820
.Linfo_string128:
	.asciz	"pOBInit"                       @ string offset=1833
.Linfo_string129:
	.asciz	"OptionType"                    @ string offset=1841
.Linfo_string130:
	.asciz	"BORLevel"                      @ string offset=1852
.Linfo_string131:
	.asciz	"USERType"                      @ string offset=1861
.Linfo_string132:
	.asciz	"USERConfig"                    @ string offset=1870
.Linfo_string133:
	.asciz	"BootConfig"                    @ string offset=1881
.Linfo_string134:
	.asciz	"BootAddr0"                     @ string offset=1892
.Linfo_string135:
	.asciz	"BootAddr1"                     @ string offset=1902
.Linfo_string136:
	.asciz	"FLASH_OBProgramInitTypeDef"    @ string offset=1912
.Linfo_string137:
	.asciz	"pCRCInit"                      @ string offset=1939
.Linfo_string138:
	.asciz	"TypeCRC"                       @ string offset=1948
.Linfo_string139:
	.asciz	"BurstSize"                     @ string offset=1956
.Linfo_string140:
	.asciz	"FLASH_CRCInitTypeDef"          @ string offset=1966
.Linfo_string141:
	.asciz	"CRC_Result"                    @ string offset=1987
	.ident	"Component: Arm Compiler for Embedded 6.24 Tool: armclang [5f371800]"
	.section	".note.GNU-stack","",%progbits
	.eabi_attribute	30, 2	@ Tag_ABI_optimization_goals
	.ARM_attribute	16, 1	@ Tag_AV_eba
	.section	.debug_line,"",%progbits
.Lline_table_start0:
