	.text
	.syntax unified
	.eabi_attribute	67, "2.09"	@ Tag_conformance
	.cpu	cortex-m7
	.eabi_attribute	6, 13	@ Tag_CPU_arch
	.eabi_attribute	7, 77	@ Tag_CPU_arch_profile
	.eabi_attribute	8, 0	@ Tag_ARM_ISA_use
	.eabi_attribute	9, 2	@ Tag_THUMB_ISA_use
	.fpu	fpv5-d16
	.eabi_attribute	36, 1	@ Tag_FP_HP_extension
	.eabi_attribute	34, 1	@ Tag_CPU_unaligned_access
	.eabi_attribute	17, 1	@ Tag_ABI_PCS_GOT_use
	.eabi_attribute	20, 2	@ Tag_ABI_FP_denormal
	.eabi_attribute	21, 0	@ Tag_ABI_FP_exceptions
	.eabi_attribute	23, 1	@ Tag_ABI_FP_number_model
	.eabi_attribute	24, 1	@ Tag_ABI_align_needed
	.eabi_attribute	25, 1	@ Tag_ABI_align_preserved
	.eabi_attribute	28, 1	@ Tag_ABI_VFP_args
	.eabi_attribute	38, 1	@ Tag_ABI_FP_16bit_format
	.eabi_attribute	18, 2	@ Tag_ABI_PCS_wchar_t
	.eabi_attribute	26, 1	@ Tag_ABI_enum_size
	.eabi_attribute	14, 0	@ Tag_ABI_PCS_R9_use
	.file	"stm32h7xx_hal_rcc_ex.c"
	.file	1 "D:\\EV\\testadc\\MDK-ARM" "../Drivers/STM32H7xx_HAL_Driver/Inc\\stm32h7xx_hal_def.h"
	.file	2 "D:\\Keil_v5\\Core\\ARM\\ARMCLANG\\bin\\..\\include" "stdint.h"
	.file	3 "D:\\EV\\testadc\\MDK-ARM" "../Drivers/CMSIS/Device/ST/STM32H7xx/Include\\stm32h743xx.h"
	.file	4 "D:\\Keil_v5\\Core\\ARM\\ARMCLANG\\bin\\..\\include" "math.h"
	.section	.text.HAL_RCCEx_PeriphCLKConfig,"ax",%progbits
	.hidden	HAL_RCCEx_PeriphCLKConfig       @ -- Begin function HAL_RCCEx_PeriphCLKConfig
	.globl	HAL_RCCEx_PeriphCLKConfig
	.p2align	3
	.type	HAL_RCCEx_PeriphCLKConfig,%function
	.code	16                              @ @HAL_RCCEx_PeriphCLKConfig
	.thumb_func
HAL_RCCEx_PeriphCLKConfig:
.Lfunc_begin0:
	.file	5 "D:\\EV\\testadc\\MDK-ARM" "../Drivers/STM32H7xx_HAL_Driver/Src/stm32h7xx_hal_rcc_ex.c"
	.loc	5 106 0                         @ ../Drivers/STM32H7xx_HAL_Driver/Src/stm32h7xx_hal_rcc_ex.c:106:0
	.fnstart
	.cfi_sections .debug_frame
	.cfi_startproc
@ %bb.0:
	@DEBUG_VALUE: HAL_RCCEx_PeriphCLKConfig:PeriphClkInit <- $r0
	.save	{r4, r5, r6, r7, r8, r9, r10, lr}
	push.w	{r4, r5, r6, r7, r8, r9, r10, lr}
	.cfi_def_cfa_offset 32
	.cfi_offset lr, -4
	.cfi_offset r10, -8
	.cfi_offset r9, -12
	.cfi_offset r8, -16
	.cfi_offset r7, -20
	.cfi_offset r6, -24
	.cfi_offset r5, -28
	.cfi_offset r4, -32
	mov	r4, r0
.Ltmp0:
	@DEBUG_VALUE: HAL_RCCEx_PeriphCLKConfig:PeriphClkInit <- $r4
	.loc	5 114 71 prologue_end           @ ../Drivers/STM32H7xx_HAL_Driver/Src/stm32h7xx_hal_rcc_ex.c:114:71
	ldrb	r0, [r0, #3]
	movw	r8, #17452
.Ltmp1:
	.loc	5 114 7 is_stmt 0               @ ../Drivers/STM32H7xx_HAL_Driver/Src/stm32h7xx_hal_rcc_ex.c:114:7
	lsls	r0, r0, #28
	movt	r8, #22530
.Ltmp2:
	@DEBUG_VALUE: HAL_RCCEx_PeriphCLKConfig:status <- 0
	@DEBUG_VALUE: HAL_RCCEx_PeriphCLKConfig:ret <- 0
	bpl	.LBB0_9
.Ltmp3:
@ %bb.1:
	@DEBUG_VALUE: HAL_RCCEx_PeriphCLKConfig:ret <- 0
	@DEBUG_VALUE: HAL_RCCEx_PeriphCLKConfig:status <- 0
	@DEBUG_VALUE: HAL_RCCEx_PeriphCLKConfig:PeriphClkInit <- $r4
	.loc	5 117 28 is_stmt 1              @ ../Drivers/STM32H7xx_HAL_Driver/Src/stm32h7xx_hal_rcc_ex.c:117:28
	ldr	r0, [r4, #104]
	.loc	5 117 5 is_stmt 0               @ ../Drivers/STM32H7xx_HAL_Driver/Src/stm32h7xx_hal_rcc_ex.c:117:5
	ror.w	r1, r0, #20
	cmp	r1, #3
	bhi	.LBB0_12
.Ltmp4:
@ %bb.2:
	@DEBUG_VALUE: HAL_RCCEx_PeriphCLKConfig:ret <- 0
	@DEBUG_VALUE: HAL_RCCEx_PeriphCLKConfig:status <- 0
	@DEBUG_VALUE: HAL_RCCEx_PeriphCLKConfig:PeriphClkInit <- $r4
.LCPI0_0:
	tbb	[pc, r1]
.Ltmp5:
@ %bb.3:
	.loc	5 0 5                           @ ../Drivers/STM32H7xx_HAL_Driver/Src/stm32h7xx_hal_rcc_ex.c:0:5
.LJTI0_0:
	.byte	(.LBB0_4-(.LCPI0_0+4))/2
	.byte	(.LBB0_5-(.LCPI0_0+4))/2
	.byte	(.LBB0_6-(.LCPI0_0+4))/2
	.byte	(.LBB0_8-(.LCPI0_0+4))/2
	.p2align	1
	.p2align	2
.LBB0_4:
.Ltmp6:
	@DEBUG_VALUE: HAL_RCCEx_PeriphCLKConfig:ret <- 0
	@DEBUG_VALUE: HAL_RCCEx_PeriphCLKConfig:status <- 0
	@DEBUG_VALUE: HAL_RCCEx_PeriphCLKConfig:PeriphClkInit <- $r4
	.loc	5 121 9 is_stmt 1               @ ../Drivers/STM32H7xx_HAL_Driver/Src/stm32h7xx_hal_rcc_ex.c:121:9
	ldr.w	r1, [r8]
	orr	r1, r1, #131072
	str.w	r1, [r8]
	.loc	5 124 9                         @ ../Drivers/STM32H7xx_HAL_Driver/Src/stm32h7xx_hal_rcc_ex.c:124:9
	b	.LBB0_8
.Ltmp7:
	.loc	5 0 9 is_stmt 0                 @ :0:9
.Ltmp8:
	.p2align	2
.LBB0_5:
	@DEBUG_VALUE: HAL_RCCEx_PeriphCLKConfig:ret <- 0
	@DEBUG_VALUE: HAL_RCCEx_PeriphCLKConfig:status <- 0
	@DEBUG_VALUE: HAL_RCCEx_PeriphCLKConfig:PeriphClkInit <- $r4
	.loc	5 128 50 is_stmt 1              @ ../Drivers/STM32H7xx_HAL_Driver/Src/stm32h7xx_hal_rcc_ex.c:128:50
	add.w	r0, r4, #8
	.loc	5 128 15 is_stmt 0              @ ../Drivers/STM32H7xx_HAL_Driver/Src/stm32h7xx_hal_rcc_ex.c:128:15
	movs	r1, #2
	bl	RCCEx_PLL2_Config
.Ltmp9:
	.loc	5 0 0                           @ ../Drivers/STM32H7xx_HAL_Driver/Src/stm32h7xx_hal_rcc_ex.c:0:0
	mov	r6, r0
.Ltmp10:
	@DEBUG_VALUE: HAL_RCCEx_PeriphCLKConfig:ret <- undef
	@DEBUG_VALUE: HAL_RCCEx_PeriphCLKConfig:ret <- $r6
	cbnz	r0, .LBB0_10
	b	.LBB0_7
.Ltmp11:
	.p2align	2
.LBB0_6:
	@DEBUG_VALUE: HAL_RCCEx_PeriphCLKConfig:ret <- 0
	@DEBUG_VALUE: HAL_RCCEx_PeriphCLKConfig:status <- 0
	@DEBUG_VALUE: HAL_RCCEx_PeriphCLKConfig:PeriphClkInit <- $r4
	.loc	5 134 50 is_stmt 1              @ ../Drivers/STM32H7xx_HAL_Driver/Src/stm32h7xx_hal_rcc_ex.c:134:50
	add.w	r0, r4, #40
	.loc	5 134 15 is_stmt 0              @ ../Drivers/STM32H7xx_HAL_Driver/Src/stm32h7xx_hal_rcc_ex.c:134:15
	movs	r1, #2
	bl	RCCEx_PLL3_Config
.Ltmp12:
	.loc	5 0 0                           @ ../Drivers/STM32H7xx_HAL_Driver/Src/stm32h7xx_hal_rcc_ex.c:0:0
	mov	r6, r0
.Ltmp13:
	@DEBUG_VALUE: HAL_RCCEx_PeriphCLKConfig:ret <- undef
	@DEBUG_VALUE: HAL_RCCEx_PeriphCLKConfig:ret <- $r6
	.loc	5 149 9 is_stmt 1               @ ../Drivers/STM32H7xx_HAL_Driver/Src/stm32h7xx_hal_rcc_ex.c:149:9
	cbnz	r0, .LBB0_10
.Ltmp14:
.LBB0_7:
	@DEBUG_VALUE: HAL_RCCEx_PeriphCLKConfig:ret <- $r6
	@DEBUG_VALUE: HAL_RCCEx_PeriphCLKConfig:status <- 0
	@DEBUG_VALUE: HAL_RCCEx_PeriphCLKConfig:PeriphClkInit <- $r4
	.loc	5 152 7                         @ ../Drivers/STM32H7xx_HAL_Driver/Src/stm32h7xx_hal_rcc_ex.c:152:7
	ldr	r0, [r4, #104]
.Ltmp15:
.LBB0_8:
	@DEBUG_VALUE: HAL_RCCEx_PeriphCLKConfig:status <- 0
	@DEBUG_VALUE: HAL_RCCEx_PeriphCLKConfig:PeriphClkInit <- $r4
	ldr.w	r1, [r8, #36]
	bic	r1, r1, #3145728
	orrs	r0, r1
	str.w	r0, [r8, #36]
.Ltmp16:
.LBB0_9:
	@DEBUG_VALUE: HAL_RCCEx_PeriphCLKConfig:status <- 0
	@DEBUG_VALUE: HAL_RCCEx_PeriphCLKConfig:PeriphClkInit <- $r4
	.loc	5 0 7 is_stmt 0                 @ ../Drivers/STM32H7xx_HAL_Driver/Src/stm32h7xx_hal_rcc_ex.c:0:7
	movs	r6, #0
.Ltmp17:
.LBB0_10:
	@DEBUG_VALUE: HAL_RCCEx_PeriphCLKConfig:status <- 0
	@DEBUG_VALUE: HAL_RCCEx_PeriphCLKConfig:PeriphClkInit <- $r4
	@DEBUG_VALUE: HAL_RCCEx_PeriphCLKConfig:ret <- $r6
	@DEBUG_VALUE: HAL_RCCEx_PeriphCLKConfig:status <- $r6
	.loc	5 162 68 is_stmt 1              @ ../Drivers/STM32H7xx_HAL_Driver/Src/stm32h7xx_hal_rcc_ex.c:162:68
	ldrb	r0, [r4, #1]
.Ltmp18:
	.loc	5 162 7 is_stmt 0               @ ../Drivers/STM32H7xx_HAL_Driver/Src/stm32h7xx_hal_rcc_ex.c:162:7
	lsls	r0, r0, #31
	bne	.LBB0_13
.Ltmp19:
.LBB0_11:
	@DEBUG_VALUE: HAL_RCCEx_PeriphCLKConfig:status <- $r6
	@DEBUG_VALUE: HAL_RCCEx_PeriphCLKConfig:ret <- $r6
	@DEBUG_VALUE: HAL_RCCEx_PeriphCLKConfig:PeriphClkInit <- $r4
	.loc	5 0 7                           @ ../Drivers/STM32H7xx_HAL_Driver/Src/stm32h7xx_hal_rcc_ex.c:0:7
	mov	r5, r6
	b	.LBB0_22
.Ltmp20:
	.p2align	2
.LBB0_12:
	@DEBUG_VALUE: HAL_RCCEx_PeriphCLKConfig:ret <- 0
	@DEBUG_VALUE: HAL_RCCEx_PeriphCLKConfig:status <- 0
	@DEBUG_VALUE: HAL_RCCEx_PeriphCLKConfig:PeriphClkInit <- $r4
	movs	r6, #1
.Ltmp21:
	@DEBUG_VALUE: HAL_RCCEx_PeriphCLKConfig:ret <- $r6
	@DEBUG_VALUE: HAL_RCCEx_PeriphCLKConfig:status <- $r6
	.loc	5 162 68                        @ ../Drivers/STM32H7xx_HAL_Driver/Src/stm32h7xx_hal_rcc_ex.c:162:68
	ldrb	r0, [r4, #1]
.Ltmp22:
	.loc	5 162 7                         @ ../Drivers/STM32H7xx_HAL_Driver/Src/stm32h7xx_hal_rcc_ex.c:162:7
	lsls	r0, r0, #31
	beq	.LBB0_11
.Ltmp23:
.LBB0_13:
	@DEBUG_VALUE: HAL_RCCEx_PeriphCLKConfig:status <- $r6
	@DEBUG_VALUE: HAL_RCCEx_PeriphCLKConfig:ret <- $r6
	@DEBUG_VALUE: HAL_RCCEx_PeriphCLKConfig:PeriphClkInit <- $r4
	.loc	5 164 28 is_stmt 1              @ ../Drivers/STM32H7xx_HAL_Driver/Src/stm32h7xx_hal_rcc_ex.c:164:28
	ldr	r0, [r4, #88]
	.loc	5 164 5 is_stmt 0               @ ../Drivers/STM32H7xx_HAL_Driver/Src/stm32h7xx_hal_rcc_ex.c:164:5
	cmp	r0, #4
	bhi	.LBB0_33
.Ltmp24:
@ %bb.14:
	@DEBUG_VALUE: HAL_RCCEx_PeriphCLKConfig:status <- $r6
	@DEBUG_VALUE: HAL_RCCEx_PeriphCLKConfig:ret <- $r6
	@DEBUG_VALUE: HAL_RCCEx_PeriphCLKConfig:PeriphClkInit <- $r4
	.loc	5 0 5                           @ ../Drivers/STM32H7xx_HAL_Driver/Src/stm32h7xx_hal_rcc_ex.c:0:5
	mov	r5, r6
	.loc	5 164 5                         @ ../Drivers/STM32H7xx_HAL_Driver/Src/stm32h7xx_hal_rcc_ex.c:164:5
.LCPI0_1:
	tbb	[pc, r0]
.Ltmp25:
@ %bb.15:
	.loc	5 0 5                           @ ../Drivers/STM32H7xx_HAL_Driver/Src/stm32h7xx_hal_rcc_ex.c:0:5
.LJTI0_1:
	.byte	(.LBB0_16-(.LCPI0_1+4))/2
	.byte	(.LBB0_19-(.LCPI0_1+4))/2
	.byte	(.LBB0_18-(.LCPI0_1+4))/2
	.byte	(.LBB0_17-(.LCPI0_1+4))/2
	.byte	(.LBB0_17-(.LCPI0_1+4))/2
	.p2align	1
	.p2align	2
.LBB0_16:
.Ltmp26:
	@DEBUG_VALUE: HAL_RCCEx_PeriphCLKConfig:status <- $r6
	@DEBUG_VALUE: HAL_RCCEx_PeriphCLKConfig:ret <- $r6
	@DEBUG_VALUE: HAL_RCCEx_PeriphCLKConfig:PeriphClkInit <- $r4
	.loc	5 168 9 is_stmt 1               @ ../Drivers/STM32H7xx_HAL_Driver/Src/stm32h7xx_hal_rcc_ex.c:168:9
	ldr.w	r0, [r8]
	mov	r5, r6
	orr	r0, r0, #131072
	str.w	r0, [r8]
.Ltmp27:
.LBB0_17:
	@DEBUG_VALUE: HAL_RCCEx_PeriphCLKConfig:status <- $r6
	@DEBUG_VALUE: HAL_RCCEx_PeriphCLKConfig:ret <- $r6
	@DEBUG_VALUE: HAL_RCCEx_PeriphCLKConfig:PeriphClkInit <- $r4
	@DEBUG_VALUE: HAL_RCCEx_PeriphCLKConfig:ret <- $r5
	.loc	5 0 9 is_stmt 0                 @ ../Drivers/STM32H7xx_HAL_Driver/Src/stm32h7xx_hal_rcc_ex.c:0:9
	mov	r7, r5
	cbnz	r5, .LBB0_23
	b	.LBB0_21
.Ltmp28:
	.p2align	2
.LBB0_18:
	@DEBUG_VALUE: HAL_RCCEx_PeriphCLKConfig:status <- $r6
	@DEBUG_VALUE: HAL_RCCEx_PeriphCLKConfig:ret <- $r6
	@DEBUG_VALUE: HAL_RCCEx_PeriphCLKConfig:PeriphClkInit <- $r4
	.loc	5 181 50 is_stmt 1              @ ../Drivers/STM32H7xx_HAL_Driver/Src/stm32h7xx_hal_rcc_ex.c:181:50
	add.w	r0, r4, #40
	.loc	5 181 15 is_stmt 0              @ ../Drivers/STM32H7xx_HAL_Driver/Src/stm32h7xx_hal_rcc_ex.c:181:15
	movs	r1, #0
	bl	RCCEx_PLL3_Config
.Ltmp29:
	.loc	5 0 15                          @ ../Drivers/STM32H7xx_HAL_Driver/Src/stm32h7xx_hal_rcc_ex.c:0:15
	b	.LBB0_20
.Ltmp30:
	.p2align	2
.LBB0_19:
	@DEBUG_VALUE: HAL_RCCEx_PeriphCLKConfig:status <- $r6
	@DEBUG_VALUE: HAL_RCCEx_PeriphCLKConfig:ret <- $r6
	@DEBUG_VALUE: HAL_RCCEx_PeriphCLKConfig:PeriphClkInit <- $r4
	.loc	5 175 50 is_stmt 1              @ ../Drivers/STM32H7xx_HAL_Driver/Src/stm32h7xx_hal_rcc_ex.c:175:50
	add.w	r0, r4, #8
	.loc	5 175 15 is_stmt 0              @ ../Drivers/STM32H7xx_HAL_Driver/Src/stm32h7xx_hal_rcc_ex.c:175:15
	movs	r1, #0
	bl	RCCEx_PLL2_Config
.Ltmp31:
.LBB0_20:
	@DEBUG_VALUE: HAL_RCCEx_PeriphCLKConfig:status <- $r6
	@DEBUG_VALUE: HAL_RCCEx_PeriphCLKConfig:ret <- $r6
	@DEBUG_VALUE: HAL_RCCEx_PeriphCLKConfig:PeriphClkInit <- $r4
	.loc	5 0 0                           @ ../Drivers/STM32H7xx_HAL_Driver/Src/stm32h7xx_hal_rcc_ex.c:0:0
	mov	r5, r0
.Ltmp32:
	@DEBUG_VALUE: HAL_RCCEx_PeriphCLKConfig:ret <- undef
	@DEBUG_VALUE: HAL_RCCEx_PeriphCLKConfig:ret <- $r5
	mov	r7, r5
.Ltmp33:
	.loc	5 201 9 is_stmt 1               @ ../Drivers/STM32H7xx_HAL_Driver/Src/stm32h7xx_hal_rcc_ex.c:201:9
	cbnz	r5, .LBB0_23
.Ltmp34:
.LBB0_21:
	@DEBUG_VALUE: HAL_RCCEx_PeriphCLKConfig:ret <- $r5
	@DEBUG_VALUE: HAL_RCCEx_PeriphCLKConfig:status <- $r6
	@DEBUG_VALUE: HAL_RCCEx_PeriphCLKConfig:PeriphClkInit <- $r4
	.loc	5 204 7                         @ ../Drivers/STM32H7xx_HAL_Driver/Src/stm32h7xx_hal_rcc_ex.c:204:7
	ldr.w	r0, [r8, #36]
	ldr	r1, [r4, #88]
	bic	r0, r0, #7
	movs	r5, #0
.Ltmp35:
	orrs	r0, r1
	str.w	r0, [r8, #36]
.Ltmp36:
.LBB0_22:
	@DEBUG_VALUE: HAL_RCCEx_PeriphCLKConfig:status <- $r6
	@DEBUG_VALUE: HAL_RCCEx_PeriphCLKConfig:PeriphClkInit <- $r4
	.loc	5 0 7 is_stmt 0                 @ ../Drivers/STM32H7xx_HAL_Driver/Src/stm32h7xx_hal_rcc_ex.c:0:7
	mov	r7, r6
.Ltmp37:
	@DEBUG_VALUE: HAL_RCCEx_PeriphCLKConfig:status <- $r7
.LBB0_23:
	@DEBUG_VALUE: HAL_RCCEx_PeriphCLKConfig:PeriphClkInit <- $r4
	@DEBUG_VALUE: HAL_RCCEx_PeriphCLKConfig:ret <- $r5
	@DEBUG_VALUE: HAL_RCCEx_PeriphCLKConfig:status <- $r7
	.loc	5 215 69 is_stmt 1              @ ../Drivers/STM32H7xx_HAL_Driver/Src/stm32h7xx_hal_rcc_ex.c:215:69
	ldrb	r0, [r4, #1]
.Ltmp38:
	.loc	5 215 7 is_stmt 0               @ ../Drivers/STM32H7xx_HAL_Driver/Src/stm32h7xx_hal_rcc_ex.c:215:7
	lsls	r0, r0, #30
	bpl	.LBB0_34
.Ltmp39:
.LBB0_24:
	@DEBUG_VALUE: HAL_RCCEx_PeriphCLKConfig:status <- $r7
	@DEBUG_VALUE: HAL_RCCEx_PeriphCLKConfig:ret <- $r5
	@DEBUG_VALUE: HAL_RCCEx_PeriphCLKConfig:PeriphClkInit <- $r4
	.loc	5 217 28 is_stmt 1              @ ../Drivers/STM32H7xx_HAL_Driver/Src/stm32h7xx_hal_rcc_ex.c:217:28
	ldr	r0, [r4, #92]
	.loc	5 217 5 is_stmt 0               @ ../Drivers/STM32H7xx_HAL_Driver/Src/stm32h7xx_hal_rcc_ex.c:217:5
	ror.w	r0, r0, #6
	cmp	r0, #4
	bhi	.LBB0_45
.Ltmp40:
@ %bb.25:
	@DEBUG_VALUE: HAL_RCCEx_PeriphCLKConfig:status <- $r7
	@DEBUG_VALUE: HAL_RCCEx_PeriphCLKConfig:ret <- $r5
	@DEBUG_VALUE: HAL_RCCEx_PeriphCLKConfig:PeriphClkInit <- $r4
.LCPI0_2:
	tbb	[pc, r0]
.Ltmp41:
@ %bb.26:
	.loc	5 0 5                           @ ../Drivers/STM32H7xx_HAL_Driver/Src/stm32h7xx_hal_rcc_ex.c:0:5
.LJTI0_2:
	.byte	(.LBB0_27-(.LCPI0_2+4))/2
	.byte	(.LBB0_30-(.LCPI0_2+4))/2
	.byte	(.LBB0_29-(.LCPI0_2+4))/2
	.byte	(.LBB0_28-(.LCPI0_2+4))/2
	.byte	(.LBB0_28-(.LCPI0_2+4))/2
	.p2align	1
	.p2align	2
.LBB0_27:
.Ltmp42:
	@DEBUG_VALUE: HAL_RCCEx_PeriphCLKConfig:status <- $r7
	@DEBUG_VALUE: HAL_RCCEx_PeriphCLKConfig:ret <- $r5
	@DEBUG_VALUE: HAL_RCCEx_PeriphCLKConfig:PeriphClkInit <- $r4
	.loc	5 221 9 is_stmt 1               @ ../Drivers/STM32H7xx_HAL_Driver/Src/stm32h7xx_hal_rcc_ex.c:221:9
	ldr.w	r0, [r8]
	orr	r0, r0, #131072
	str.w	r0, [r8]
.Ltmp43:
.LBB0_28:
	@DEBUG_VALUE: HAL_RCCEx_PeriphCLKConfig:status <- $r7
	@DEBUG_VALUE: HAL_RCCEx_PeriphCLKConfig:ret <- $r5
	@DEBUG_VALUE: HAL_RCCEx_PeriphCLKConfig:PeriphClkInit <- $r4
	@DEBUG_VALUE: HAL_RCCEx_PeriphCLKConfig:ret <- $r5
	.loc	5 0 9 is_stmt 0                 @ ../Drivers/STM32H7xx_HAL_Driver/Src/stm32h7xx_hal_rcc_ex.c:0:9
	mov	r6, r5
	cbnz	r5, .LBB0_35
	b	.LBB0_32
.Ltmp44:
	.p2align	2
.LBB0_29:
	@DEBUG_VALUE: HAL_RCCEx_PeriphCLKConfig:status <- $r7
	@DEBUG_VALUE: HAL_RCCEx_PeriphCLKConfig:ret <- $r5
	@DEBUG_VALUE: HAL_RCCEx_PeriphCLKConfig:PeriphClkInit <- $r4
	.loc	5 234 50 is_stmt 1              @ ../Drivers/STM32H7xx_HAL_Driver/Src/stm32h7xx_hal_rcc_ex.c:234:50
	add.w	r0, r4, #40
	.loc	5 234 15 is_stmt 0              @ ../Drivers/STM32H7xx_HAL_Driver/Src/stm32h7xx_hal_rcc_ex.c:234:15
	movs	r1, #0
	bl	RCCEx_PLL3_Config
.Ltmp45:
	.loc	5 0 15                          @ ../Drivers/STM32H7xx_HAL_Driver/Src/stm32h7xx_hal_rcc_ex.c:0:15
	b	.LBB0_31
.Ltmp46:
	.p2align	2
.LBB0_30:
	@DEBUG_VALUE: HAL_RCCEx_PeriphCLKConfig:status <- $r7
	@DEBUG_VALUE: HAL_RCCEx_PeriphCLKConfig:ret <- $r5
	@DEBUG_VALUE: HAL_RCCEx_PeriphCLKConfig:PeriphClkInit <- $r4
	.loc	5 228 50 is_stmt 1              @ ../Drivers/STM32H7xx_HAL_Driver/Src/stm32h7xx_hal_rcc_ex.c:228:50
	add.w	r0, r4, #8
	.loc	5 228 15 is_stmt 0              @ ../Drivers/STM32H7xx_HAL_Driver/Src/stm32h7xx_hal_rcc_ex.c:228:15
	movs	r1, #0
	bl	RCCEx_PLL2_Config
.Ltmp47:
.LBB0_31:
	@DEBUG_VALUE: HAL_RCCEx_PeriphCLKConfig:status <- $r7
	@DEBUG_VALUE: HAL_RCCEx_PeriphCLKConfig:ret <- $r5
	@DEBUG_VALUE: HAL_RCCEx_PeriphCLKConfig:PeriphClkInit <- $r4
	.loc	5 0 0                           @ ../Drivers/STM32H7xx_HAL_Driver/Src/stm32h7xx_hal_rcc_ex.c:0:0
	mov	r5, r0
.Ltmp48:
	@DEBUG_VALUE: HAL_RCCEx_PeriphCLKConfig:ret <- undef
	@DEBUG_VALUE: HAL_RCCEx_PeriphCLKConfig:ret <- $r5
	mov	r6, r5
.Ltmp49:
	.loc	5 254 9 is_stmt 1               @ ../Drivers/STM32H7xx_HAL_Driver/Src/stm32h7xx_hal_rcc_ex.c:254:9
	cbnz	r5, .LBB0_35
.Ltmp50:
.LBB0_32:
	@DEBUG_VALUE: HAL_RCCEx_PeriphCLKConfig:status <- $r7
	@DEBUG_VALUE: HAL_RCCEx_PeriphCLKConfig:ret <- $r5
	@DEBUG_VALUE: HAL_RCCEx_PeriphCLKConfig:PeriphClkInit <- $r4
	.loc	5 257 7                         @ ../Drivers/STM32H7xx_HAL_Driver/Src/stm32h7xx_hal_rcc_ex.c:257:7
	ldr.w	r0, [r8, #36]
	ldr	r1, [r4, #92]
	bic	r0, r0, #448
	movs	r5, #0
.Ltmp51:
	orrs	r0, r1
	str.w	r0, [r8, #36]
	b	.LBB0_34
.Ltmp52:
	.loc	5 0 7 is_stmt 0                 @ :0:7
.Ltmp53:
	.p2align	2
.LBB0_33:
	@DEBUG_VALUE: HAL_RCCEx_PeriphCLKConfig:status <- $r6
	@DEBUG_VALUE: HAL_RCCEx_PeriphCLKConfig:ret <- $r6
	@DEBUG_VALUE: HAL_RCCEx_PeriphCLKConfig:PeriphClkInit <- $r4
	movs	r5, #1
	movs	r7, #1
.Ltmp54:
	@DEBUG_VALUE: HAL_RCCEx_PeriphCLKConfig:ret <- $r5
	@DEBUG_VALUE: HAL_RCCEx_PeriphCLKConfig:status <- $r7
	.loc	5 215 69 is_stmt 1              @ ../Drivers/STM32H7xx_HAL_Driver/Src/stm32h7xx_hal_rcc_ex.c:215:69
	ldrb	r0, [r4, #1]
.Ltmp55:
	.loc	5 215 7 is_stmt 0               @ ../Drivers/STM32H7xx_HAL_Driver/Src/stm32h7xx_hal_rcc_ex.c:215:7
	lsls	r0, r0, #30
	bmi	.LBB0_24
.Ltmp56:
.LBB0_34:
	@DEBUG_VALUE: HAL_RCCEx_PeriphCLKConfig:status <- $r7
	@DEBUG_VALUE: HAL_RCCEx_PeriphCLKConfig:PeriphClkInit <- $r4
	.loc	5 0 7                           @ ../Drivers/STM32H7xx_HAL_Driver/Src/stm32h7xx_hal_rcc_ex.c:0:7
	mov	r6, r7
.Ltmp57:
	@DEBUG_VALUE: HAL_RCCEx_PeriphCLKConfig:status <- $r6
.LBB0_35:
	@DEBUG_VALUE: HAL_RCCEx_PeriphCLKConfig:PeriphClkInit <- $r4
	@DEBUG_VALUE: HAL_RCCEx_PeriphCLKConfig:ret <- $r5
	@DEBUG_VALUE: HAL_RCCEx_PeriphCLKConfig:status <- $r6
	.loc	5 389 69 is_stmt 1              @ ../Drivers/STM32H7xx_HAL_Driver/Src/stm32h7xx_hal_rcc_ex.c:389:69
	ldrb	r0, [r4, #1]
.Ltmp58:
	.loc	5 389 7 is_stmt 0               @ ../Drivers/STM32H7xx_HAL_Driver/Src/stm32h7xx_hal_rcc_ex.c:389:7
	lsls	r0, r0, #29
	bpl	.LBB0_46
.Ltmp59:
.LBB0_36:
	@DEBUG_VALUE: HAL_RCCEx_PeriphCLKConfig:ret <- $r5
	@DEBUG_VALUE: HAL_RCCEx_PeriphCLKConfig:status <- $r6
	@DEBUG_VALUE: HAL_RCCEx_PeriphCLKConfig:PeriphClkInit <- $r4
	.loc	5 391 28 is_stmt 1              @ ../Drivers/STM32H7xx_HAL_Driver/Src/stm32h7xx_hal_rcc_ex.c:391:28
	ldr.w	r0, [r4, #168]
	.loc	5 391 5 is_stmt 0               @ ../Drivers/STM32H7xx_HAL_Driver/Src/stm32h7xx_hal_rcc_ex.c:391:5
	ror.w	r0, r0, #21
	cmp	r0, #4
	bhi	.LBB0_57
.Ltmp60:
@ %bb.37:
	@DEBUG_VALUE: HAL_RCCEx_PeriphCLKConfig:ret <- $r5
	@DEBUG_VALUE: HAL_RCCEx_PeriphCLKConfig:status <- $r6
	@DEBUG_VALUE: HAL_RCCEx_PeriphCLKConfig:PeriphClkInit <- $r4
.LCPI0_3:
	tbb	[pc, r0]
.Ltmp61:
@ %bb.38:
	.loc	5 0 5                           @ ../Drivers/STM32H7xx_HAL_Driver/Src/stm32h7xx_hal_rcc_ex.c:0:5
.LJTI0_3:
	.byte	(.LBB0_39-(.LCPI0_3+4))/2
	.byte	(.LBB0_42-(.LCPI0_3+4))/2
	.byte	(.LBB0_41-(.LCPI0_3+4))/2
	.byte	(.LBB0_40-(.LCPI0_3+4))/2
	.byte	(.LBB0_40-(.LCPI0_3+4))/2
	.p2align	1
	.p2align	2
.LBB0_39:
.Ltmp62:
	@DEBUG_VALUE: HAL_RCCEx_PeriphCLKConfig:ret <- $r5
	@DEBUG_VALUE: HAL_RCCEx_PeriphCLKConfig:status <- $r6
	@DEBUG_VALUE: HAL_RCCEx_PeriphCLKConfig:PeriphClkInit <- $r4
	.loc	5 395 9 is_stmt 1               @ ../Drivers/STM32H7xx_HAL_Driver/Src/stm32h7xx_hal_rcc_ex.c:395:9
	ldr.w	r0, [r8]
	orr	r0, r0, #131072
	str.w	r0, [r8]
.Ltmp63:
.LBB0_40:
	@DEBUG_VALUE: HAL_RCCEx_PeriphCLKConfig:ret <- $r5
	@DEBUG_VALUE: HAL_RCCEx_PeriphCLKConfig:status <- $r6
	@DEBUG_VALUE: HAL_RCCEx_PeriphCLKConfig:PeriphClkInit <- $r4
	@DEBUG_VALUE: HAL_RCCEx_PeriphCLKConfig:ret <- $r5
	.loc	5 0 9 is_stmt 0                 @ ../Drivers/STM32H7xx_HAL_Driver/Src/stm32h7xx_hal_rcc_ex.c:0:9
	mov	r9, r5
	cbnz	r5, .LBB0_47
	b	.LBB0_44
.Ltmp64:
	.p2align	2
.LBB0_41:
	@DEBUG_VALUE: HAL_RCCEx_PeriphCLKConfig:ret <- $r5
	@DEBUG_VALUE: HAL_RCCEx_PeriphCLKConfig:status <- $r6
	@DEBUG_VALUE: HAL_RCCEx_PeriphCLKConfig:PeriphClkInit <- $r4
	.loc	5 408 50 is_stmt 1              @ ../Drivers/STM32H7xx_HAL_Driver/Src/stm32h7xx_hal_rcc_ex.c:408:50
	add.w	r0, r4, #40
	.loc	5 408 15 is_stmt 0              @ ../Drivers/STM32H7xx_HAL_Driver/Src/stm32h7xx_hal_rcc_ex.c:408:15
	movs	r1, #0
	bl	RCCEx_PLL3_Config
.Ltmp65:
	.loc	5 0 15                          @ ../Drivers/STM32H7xx_HAL_Driver/Src/stm32h7xx_hal_rcc_ex.c:0:15
	b	.LBB0_43
.Ltmp66:
	.p2align	2
.LBB0_42:
	@DEBUG_VALUE: HAL_RCCEx_PeriphCLKConfig:ret <- $r5
	@DEBUG_VALUE: HAL_RCCEx_PeriphCLKConfig:status <- $r6
	@DEBUG_VALUE: HAL_RCCEx_PeriphCLKConfig:PeriphClkInit <- $r4
	.loc	5 402 50 is_stmt 1              @ ../Drivers/STM32H7xx_HAL_Driver/Src/stm32h7xx_hal_rcc_ex.c:402:50
	add.w	r0, r4, #8
	.loc	5 402 15 is_stmt 0              @ ../Drivers/STM32H7xx_HAL_Driver/Src/stm32h7xx_hal_rcc_ex.c:402:15
	movs	r1, #0
	bl	RCCEx_PLL2_Config
.Ltmp67:
.LBB0_43:
	@DEBUG_VALUE: HAL_RCCEx_PeriphCLKConfig:ret <- $r5
	@DEBUG_VALUE: HAL_RCCEx_PeriphCLKConfig:status <- $r6
	@DEBUG_VALUE: HAL_RCCEx_PeriphCLKConfig:PeriphClkInit <- $r4
	.loc	5 0 0                           @ ../Drivers/STM32H7xx_HAL_Driver/Src/stm32h7xx_hal_rcc_ex.c:0:0
	mov	r5, r0
.Ltmp68:
	@DEBUG_VALUE: HAL_RCCEx_PeriphCLKConfig:ret <- undef
	@DEBUG_VALUE: HAL_RCCEx_PeriphCLKConfig:ret <- $r5
	mov	r9, r5
.Ltmp69:
	.loc	5 435 9 is_stmt 1               @ ../Drivers/STM32H7xx_HAL_Driver/Src/stm32h7xx_hal_rcc_ex.c:435:9
	cbnz	r5, .LBB0_47
.Ltmp70:
.LBB0_44:
	@DEBUG_VALUE: HAL_RCCEx_PeriphCLKConfig:ret <- $r5
	@DEBUG_VALUE: HAL_RCCEx_PeriphCLKConfig:status <- $r6
	@DEBUG_VALUE: HAL_RCCEx_PeriphCLKConfig:PeriphClkInit <- $r4
	.loc	5 438 7                         @ ../Drivers/STM32H7xx_HAL_Driver/Src/stm32h7xx_hal_rcc_ex.c:438:7
	ldr.w	r0, [r8, #44]
	ldr.w	r1, [r4, #168]
	bic	r0, r0, #14680064
	movs	r5, #0
.Ltmp71:
	orrs	r0, r1
	str.w	r0, [r8, #44]
	b	.LBB0_46
.Ltmp72:
	.loc	5 0 7 is_stmt 0                 @ :0:7
.Ltmp73:
	.p2align	2
.LBB0_45:
	@DEBUG_VALUE: HAL_RCCEx_PeriphCLKConfig:status <- $r7
	@DEBUG_VALUE: HAL_RCCEx_PeriphCLKConfig:ret <- $r5
	@DEBUG_VALUE: HAL_RCCEx_PeriphCLKConfig:PeriphClkInit <- $r4
	movs	r5, #1
.Ltmp74:
	movs	r6, #1
.Ltmp75:
	@DEBUG_VALUE: HAL_RCCEx_PeriphCLKConfig:ret <- $r5
	@DEBUG_VALUE: HAL_RCCEx_PeriphCLKConfig:status <- $r6
	.loc	5 389 69 is_stmt 1              @ ../Drivers/STM32H7xx_HAL_Driver/Src/stm32h7xx_hal_rcc_ex.c:389:69
	ldrb	r0, [r4, #1]
.Ltmp76:
	.loc	5 389 7 is_stmt 0               @ ../Drivers/STM32H7xx_HAL_Driver/Src/stm32h7xx_hal_rcc_ex.c:389:7
	lsls	r0, r0, #29
	bmi	.LBB0_36
.Ltmp77:
.LBB0_46:
	@DEBUG_VALUE: HAL_RCCEx_PeriphCLKConfig:status <- $r6
	@DEBUG_VALUE: HAL_RCCEx_PeriphCLKConfig:PeriphClkInit <- $r4
	.loc	5 0 7                           @ ../Drivers/STM32H7xx_HAL_Driver/Src/stm32h7xx_hal_rcc_ex.c:0:7
	mov	r9, r6
.Ltmp78:
	@DEBUG_VALUE: HAL_RCCEx_PeriphCLKConfig:status <- $r9
.LBB0_47:
	@DEBUG_VALUE: HAL_RCCEx_PeriphCLKConfig:PeriphClkInit <- $r4
	@DEBUG_VALUE: HAL_RCCEx_PeriphCLKConfig:ret <- $r5
	@DEBUG_VALUE: HAL_RCCEx_PeriphCLKConfig:status <- $r9
	.loc	5 447 69 is_stmt 1              @ ../Drivers/STM32H7xx_HAL_Driver/Src/stm32h7xx_hal_rcc_ex.c:447:69
	ldrb	r0, [r4, #1]
.Ltmp79:
	.loc	5 447 7 is_stmt 0               @ ../Drivers/STM32H7xx_HAL_Driver/Src/stm32h7xx_hal_rcc_ex.c:447:7
	lsls	r0, r0, #28
	bpl	.LBB0_58
.Ltmp80:
.LBB0_48:
	@DEBUG_VALUE: HAL_RCCEx_PeriphCLKConfig:status <- $r9
	@DEBUG_VALUE: HAL_RCCEx_PeriphCLKConfig:ret <- $r5
	@DEBUG_VALUE: HAL_RCCEx_PeriphCLKConfig:PeriphClkInit <- $r4
	.loc	5 449 28 is_stmt 1              @ ../Drivers/STM32H7xx_HAL_Driver/Src/stm32h7xx_hal_rcc_ex.c:449:28
	ldr.w	r0, [r4, #172]
	.loc	5 449 5 is_stmt 0               @ ../Drivers/STM32H7xx_HAL_Driver/Src/stm32h7xx_hal_rcc_ex.c:449:5
	ror.w	r0, r0, #24
	cmp	r0, #4
	bhi	.LBB0_69
.Ltmp81:
@ %bb.49:
	@DEBUG_VALUE: HAL_RCCEx_PeriphCLKConfig:status <- $r9
	@DEBUG_VALUE: HAL_RCCEx_PeriphCLKConfig:ret <- $r5
	@DEBUG_VALUE: HAL_RCCEx_PeriphCLKConfig:PeriphClkInit <- $r4
.LCPI0_4:
	tbb	[pc, r0]
.Ltmp82:
@ %bb.50:
	.loc	5 0 5                           @ ../Drivers/STM32H7xx_HAL_Driver/Src/stm32h7xx_hal_rcc_ex.c:0:5
.LJTI0_4:
	.byte	(.LBB0_51-(.LCPI0_4+4))/2
	.byte	(.LBB0_54-(.LCPI0_4+4))/2
	.byte	(.LBB0_53-(.LCPI0_4+4))/2
	.byte	(.LBB0_52-(.LCPI0_4+4))/2
	.byte	(.LBB0_52-(.LCPI0_4+4))/2
	.p2align	1
	.p2align	2
.LBB0_51:
.Ltmp83:
	@DEBUG_VALUE: HAL_RCCEx_PeriphCLKConfig:status <- $r9
	@DEBUG_VALUE: HAL_RCCEx_PeriphCLKConfig:ret <- $r5
	@DEBUG_VALUE: HAL_RCCEx_PeriphCLKConfig:PeriphClkInit <- $r4
	.loc	5 453 9 is_stmt 1               @ ../Drivers/STM32H7xx_HAL_Driver/Src/stm32h7xx_hal_rcc_ex.c:453:9
	ldr.w	r0, [r8]
	orr	r0, r0, #131072
	str.w	r0, [r8]
.Ltmp84:
.LBB0_52:
	@DEBUG_VALUE: HAL_RCCEx_PeriphCLKConfig:status <- $r9
	@DEBUG_VALUE: HAL_RCCEx_PeriphCLKConfig:ret <- $r5
	@DEBUG_VALUE: HAL_RCCEx_PeriphCLKConfig:PeriphClkInit <- $r4
	@DEBUG_VALUE: HAL_RCCEx_PeriphCLKConfig:ret <- $r5
	.loc	5 0 9 is_stmt 0                 @ ../Drivers/STM32H7xx_HAL_Driver/Src/stm32h7xx_hal_rcc_ex.c:0:9
	mov	r7, r5
	cbnz	r5, .LBB0_59
	b	.LBB0_56
.Ltmp85:
	.p2align	2
.LBB0_53:
	@DEBUG_VALUE: HAL_RCCEx_PeriphCLKConfig:status <- $r9
	@DEBUG_VALUE: HAL_RCCEx_PeriphCLKConfig:ret <- $r5
	@DEBUG_VALUE: HAL_RCCEx_PeriphCLKConfig:PeriphClkInit <- $r4
	.loc	5 466 50 is_stmt 1              @ ../Drivers/STM32H7xx_HAL_Driver/Src/stm32h7xx_hal_rcc_ex.c:466:50
	add.w	r0, r4, #40
	.loc	5 466 15 is_stmt 0              @ ../Drivers/STM32H7xx_HAL_Driver/Src/stm32h7xx_hal_rcc_ex.c:466:15
	movs	r1, #0
	bl	RCCEx_PLL3_Config
.Ltmp86:
	.loc	5 0 15                          @ ../Drivers/STM32H7xx_HAL_Driver/Src/stm32h7xx_hal_rcc_ex.c:0:15
	b	.LBB0_55
.Ltmp87:
	.p2align	2
.LBB0_54:
	@DEBUG_VALUE: HAL_RCCEx_PeriphCLKConfig:status <- $r9
	@DEBUG_VALUE: HAL_RCCEx_PeriphCLKConfig:ret <- $r5
	@DEBUG_VALUE: HAL_RCCEx_PeriphCLKConfig:PeriphClkInit <- $r4
	.loc	5 460 50 is_stmt 1              @ ../Drivers/STM32H7xx_HAL_Driver/Src/stm32h7xx_hal_rcc_ex.c:460:50
	add.w	r0, r4, #8
	.loc	5 460 15 is_stmt 0              @ ../Drivers/STM32H7xx_HAL_Driver/Src/stm32h7xx_hal_rcc_ex.c:460:15
	movs	r1, #0
	bl	RCCEx_PLL2_Config
.Ltmp88:
.LBB0_55:
	@DEBUG_VALUE: HAL_RCCEx_PeriphCLKConfig:status <- $r9
	@DEBUG_VALUE: HAL_RCCEx_PeriphCLKConfig:ret <- $r5
	@DEBUG_VALUE: HAL_RCCEx_PeriphCLKConfig:PeriphClkInit <- $r4
	.loc	5 0 0                           @ ../Drivers/STM32H7xx_HAL_Driver/Src/stm32h7xx_hal_rcc_ex.c:0:0
	mov	r5, r0
.Ltmp89:
	@DEBUG_VALUE: HAL_RCCEx_PeriphCLKConfig:ret <- undef
	@DEBUG_VALUE: HAL_RCCEx_PeriphCLKConfig:ret <- $r5
	mov	r7, r5
.Ltmp90:
	.loc	5 493 9 is_stmt 1               @ ../Drivers/STM32H7xx_HAL_Driver/Src/stm32h7xx_hal_rcc_ex.c:493:9
	cbnz	r5, .LBB0_59
.Ltmp91:
.LBB0_56:
	@DEBUG_VALUE: HAL_RCCEx_PeriphCLKConfig:status <- $r9
	@DEBUG_VALUE: HAL_RCCEx_PeriphCLKConfig:ret <- $r5
	@DEBUG_VALUE: HAL_RCCEx_PeriphCLKConfig:PeriphClkInit <- $r4
	.loc	5 496 7                         @ ../Drivers/STM32H7xx_HAL_Driver/Src/stm32h7xx_hal_rcc_ex.c:496:7
	ldr.w	r0, [r8, #44]
	ldr.w	r1, [r4, #172]
	bic	r0, r0, #117440512
	movs	r5, #0
.Ltmp92:
	orrs	r0, r1
	str.w	r0, [r8, #44]
	b	.LBB0_58
.Ltmp93:
	.loc	5 0 7 is_stmt 0                 @ :0:7
.Ltmp94:
	.p2align	2
.LBB0_57:
	@DEBUG_VALUE: HAL_RCCEx_PeriphCLKConfig:ret <- $r5
	@DEBUG_VALUE: HAL_RCCEx_PeriphCLKConfig:status <- $r6
	@DEBUG_VALUE: HAL_RCCEx_PeriphCLKConfig:PeriphClkInit <- $r4
	movs	r5, #1
.Ltmp95:
	mov.w	r9, #1
.Ltmp96:
	@DEBUG_VALUE: HAL_RCCEx_PeriphCLKConfig:ret <- $r5
	@DEBUG_VALUE: HAL_RCCEx_PeriphCLKConfig:status <- $r9
	.loc	5 447 69 is_stmt 1              @ ../Drivers/STM32H7xx_HAL_Driver/Src/stm32h7xx_hal_rcc_ex.c:447:69
	ldrb	r0, [r4, #1]
.Ltmp97:
	.loc	5 447 7 is_stmt 0               @ ../Drivers/STM32H7xx_HAL_Driver/Src/stm32h7xx_hal_rcc_ex.c:447:7
	lsls	r0, r0, #28
	bmi	.LBB0_48
.Ltmp98:
.LBB0_58:
	@DEBUG_VALUE: HAL_RCCEx_PeriphCLKConfig:status <- $r9
	@DEBUG_VALUE: HAL_RCCEx_PeriphCLKConfig:PeriphClkInit <- $r4
	.loc	5 0 7                           @ ../Drivers/STM32H7xx_HAL_Driver/Src/stm32h7xx_hal_rcc_ex.c:0:7
	mov	r7, r9
.Ltmp99:
	@DEBUG_VALUE: HAL_RCCEx_PeriphCLKConfig:status <- $r7
.LBB0_59:
	@DEBUG_VALUE: HAL_RCCEx_PeriphCLKConfig:PeriphClkInit <- $r4
	@DEBUG_VALUE: HAL_RCCEx_PeriphCLKConfig:ret <- $r5
	@DEBUG_VALUE: HAL_RCCEx_PeriphCLKConfig:status <- $r7
	.loc	5 508 68 is_stmt 1              @ ../Drivers/STM32H7xx_HAL_Driver/Src/stm32h7xx_hal_rcc_ex.c:508:68
	ldrb	r0, [r4, #3]
.Ltmp100:
	.loc	5 508 7 is_stmt 0               @ ../Drivers/STM32H7xx_HAL_Driver/Src/stm32h7xx_hal_rcc_ex.c:508:7
	lsls	r0, r0, #30
	bpl	.LBB0_70
.Ltmp101:
.LBB0_60:
	@DEBUG_VALUE: HAL_RCCEx_PeriphCLKConfig:status <- $r7
	@DEBUG_VALUE: HAL_RCCEx_PeriphCLKConfig:ret <- $r5
	@DEBUG_VALUE: HAL_RCCEx_PeriphCLKConfig:PeriphClkInit <- $r4
	.loc	5 510 28 is_stmt 1              @ ../Drivers/STM32H7xx_HAL_Driver/Src/stm32h7xx_hal_rcc_ex.c:510:28
	ldr	r0, [r4, #76]
	.loc	5 510 5 is_stmt 0               @ ../Drivers/STM32H7xx_HAL_Driver/Src/stm32h7xx_hal_rcc_ex.c:510:5
	ror.w	r0, r0, #4
	cmp	r0, #3
	bhi	.LBB0_67
.Ltmp102:
@ %bb.61:
	@DEBUG_VALUE: HAL_RCCEx_PeriphCLKConfig:status <- $r7
	@DEBUG_VALUE: HAL_RCCEx_PeriphCLKConfig:ret <- $r5
	@DEBUG_VALUE: HAL_RCCEx_PeriphCLKConfig:PeriphClkInit <- $r4
.LCPI0_5:
	tbb	[pc, r0]
.Ltmp103:
@ %bb.62:
	.loc	5 0 5                           @ ../Drivers/STM32H7xx_HAL_Driver/Src/stm32h7xx_hal_rcc_ex.c:0:5
.LJTI0_5:
	.byte	(.LBB0_64-(.LCPI0_5+4))/2
	.byte	(.LBB0_63-(.LCPI0_5+4))/2
	.byte	(.LBB0_66-(.LCPI0_5+4))/2
	.byte	(.LBB0_64-(.LCPI0_5+4))/2
	.p2align	1
	.p2align	2
.LBB0_63:
.Ltmp104:
	@DEBUG_VALUE: HAL_RCCEx_PeriphCLKConfig:status <- $r7
	@DEBUG_VALUE: HAL_RCCEx_PeriphCLKConfig:ret <- $r5
	@DEBUG_VALUE: HAL_RCCEx_PeriphCLKConfig:PeriphClkInit <- $r4
	.loc	5 514 9 is_stmt 1               @ ../Drivers/STM32H7xx_HAL_Driver/Src/stm32h7xx_hal_rcc_ex.c:514:9
	ldr.w	r0, [r8]
	orr	r0, r0, #131072
	str.w	r0, [r8]
.Ltmp105:
.LBB0_64:
	@DEBUG_VALUE: HAL_RCCEx_PeriphCLKConfig:status <- $r7
	@DEBUG_VALUE: HAL_RCCEx_PeriphCLKConfig:ret <- $r5
	@DEBUG_VALUE: HAL_RCCEx_PeriphCLKConfig:PeriphClkInit <- $r4
	@DEBUG_VALUE: HAL_RCCEx_PeriphCLKConfig:ret <- $r5
	.loc	5 0 9 is_stmt 0                 @ ../Drivers/STM32H7xx_HAL_Driver/Src/stm32h7xx_hal_rcc_ex.c:0:9
	mov	r6, r5
	.loc	5 541 9 is_stmt 1               @ ../Drivers/STM32H7xx_HAL_Driver/Src/stm32h7xx_hal_rcc_ex.c:541:9
	cbnz	r5, .LBB0_68
.Ltmp106:
.LBB0_65:
	@DEBUG_VALUE: HAL_RCCEx_PeriphCLKConfig:status <- $r7
	@DEBUG_VALUE: HAL_RCCEx_PeriphCLKConfig:ret <- $r5
	@DEBUG_VALUE: HAL_RCCEx_PeriphCLKConfig:PeriphClkInit <- $r4
	.loc	5 544 7                         @ ../Drivers/STM32H7xx_HAL_Driver/Src/stm32h7xx_hal_rcc_ex.c:544:7
	ldr.w	r0, [r8, #32]
	ldr	r1, [r4, #76]
	bic	r0, r0, #48
	movs	r5, #0
.Ltmp107:
	orrs	r0, r1
	str.w	r0, [r8, #32]
	b	.LBB0_70
.Ltmp108:
	.loc	5 0 7 is_stmt 0                 @ :0:7
.Ltmp109:
	.p2align	2
.LBB0_66:
	@DEBUG_VALUE: HAL_RCCEx_PeriphCLKConfig:status <- $r7
	@DEBUG_VALUE: HAL_RCCEx_PeriphCLKConfig:ret <- $r5
	@DEBUG_VALUE: HAL_RCCEx_PeriphCLKConfig:PeriphClkInit <- $r4
	.loc	5 521 50 is_stmt 1              @ ../Drivers/STM32H7xx_HAL_Driver/Src/stm32h7xx_hal_rcc_ex.c:521:50
	add.w	r0, r4, #8
	.loc	5 521 15 is_stmt 0              @ ../Drivers/STM32H7xx_HAL_Driver/Src/stm32h7xx_hal_rcc_ex.c:521:15
	movs	r1, #2
	bl	RCCEx_PLL2_Config
.Ltmp110:
	mov	r5, r0
.Ltmp111:
	@DEBUG_VALUE: HAL_RCCEx_PeriphCLKConfig:ret <- undef
	@DEBUG_VALUE: HAL_RCCEx_PeriphCLKConfig:ret <- $r5
	.loc	5 0 15                          @ ../Drivers/STM32H7xx_HAL_Driver/Src/stm32h7xx_hal_rcc_ex.c:0:15
	mov	r6, r5
	cbnz	r5, .LBB0_68
	b	.LBB0_65
.Ltmp112:
	.p2align	2
.LBB0_67:
	@DEBUG_VALUE: HAL_RCCEx_PeriphCLKConfig:status <- $r7
	@DEBUG_VALUE: HAL_RCCEx_PeriphCLKConfig:ret <- $r5
	@DEBUG_VALUE: HAL_RCCEx_PeriphCLKConfig:PeriphClkInit <- $r4
	movs	r5, #1
.Ltmp113:
	movs	r6, #1
.Ltmp114:
.LBB0_68:
	@DEBUG_VALUE: HAL_RCCEx_PeriphCLKConfig:status <- $r7
	@DEBUG_VALUE: HAL_RCCEx_PeriphCLKConfig:PeriphClkInit <- $r4
	@DEBUG_VALUE: HAL_RCCEx_PeriphCLKConfig:ret <- $r5
	@DEBUG_VALUE: HAL_RCCEx_PeriphCLKConfig:status <- $r6
	.loc	5 603 70 is_stmt 1              @ ../Drivers/STM32H7xx_HAL_Driver/Src/stm32h7xx_hal_rcc_ex.c:603:70
	ldrb	r0, [r4, #1]
.Ltmp115:
	.loc	5 603 7 is_stmt 0               @ ../Drivers/STM32H7xx_HAL_Driver/Src/stm32h7xx_hal_rcc_ex.c:603:7
	lsls	r0, r0, #27
	bmi	.LBB0_71
	b	.LBB0_80
.Ltmp116:
	.loc	5 0 7                           @ :0:7
.Ltmp117:
	.p2align	2
.LBB0_69:
	@DEBUG_VALUE: HAL_RCCEx_PeriphCLKConfig:status <- $r9
	@DEBUG_VALUE: HAL_RCCEx_PeriphCLKConfig:ret <- $r5
	@DEBUG_VALUE: HAL_RCCEx_PeriphCLKConfig:PeriphClkInit <- $r4
	movs	r5, #1
.Ltmp118:
	movs	r7, #1
.Ltmp119:
	@DEBUG_VALUE: HAL_RCCEx_PeriphCLKConfig:ret <- $r5
	@DEBUG_VALUE: HAL_RCCEx_PeriphCLKConfig:status <- $r7
	.loc	5 508 68 is_stmt 1              @ ../Drivers/STM32H7xx_HAL_Driver/Src/stm32h7xx_hal_rcc_ex.c:508:68
	ldrb	r0, [r4, #3]
.Ltmp120:
	.loc	5 508 7 is_stmt 0               @ ../Drivers/STM32H7xx_HAL_Driver/Src/stm32h7xx_hal_rcc_ex.c:508:7
	lsls	r0, r0, #30
	bmi	.LBB0_60
.Ltmp121:
.LBB0_70:
	@DEBUG_VALUE: HAL_RCCEx_PeriphCLKConfig:status <- $r7
	@DEBUG_VALUE: HAL_RCCEx_PeriphCLKConfig:PeriphClkInit <- $r4
	.loc	5 0 7                           @ ../Drivers/STM32H7xx_HAL_Driver/Src/stm32h7xx_hal_rcc_ex.c:0:7
	mov	r6, r7
.Ltmp122:
	@DEBUG_VALUE: HAL_RCCEx_PeriphCLKConfig:status <- $r6
	@DEBUG_VALUE: HAL_RCCEx_PeriphCLKConfig:ret <- $r5
	@DEBUG_VALUE: HAL_RCCEx_PeriphCLKConfig:status <- $r6
	.loc	5 603 70 is_stmt 1              @ ../Drivers/STM32H7xx_HAL_Driver/Src/stm32h7xx_hal_rcc_ex.c:603:70
	ldrb	r0, [r4, #1]
.Ltmp123:
	.loc	5 603 7 is_stmt 0               @ ../Drivers/STM32H7xx_HAL_Driver/Src/stm32h7xx_hal_rcc_ex.c:603:7
	lsls	r0, r0, #27
	bpl	.LBB0_80
.Ltmp124:
.LBB0_71:
	@DEBUG_VALUE: HAL_RCCEx_PeriphCLKConfig:ret <- $r5
	@DEBUG_VALUE: HAL_RCCEx_PeriphCLKConfig:status <- $r6
	@DEBUG_VALUE: HAL_RCCEx_PeriphCLKConfig:PeriphClkInit <- $r4
	.loc	5 605 28 is_stmt 1              @ ../Drivers/STM32H7xx_HAL_Driver/Src/stm32h7xx_hal_rcc_ex.c:605:28
	ldr	r0, [r4, #96]
	.loc	5 605 5 is_stmt 0               @ ../Drivers/STM32H7xx_HAL_Driver/Src/stm32h7xx_hal_rcc_ex.c:605:5
	ror.w	r0, r0, #12
	cmp	r0, #4
	bhi	.LBB0_86
.Ltmp125:
@ %bb.72:
	@DEBUG_VALUE: HAL_RCCEx_PeriphCLKConfig:ret <- $r5
	@DEBUG_VALUE: HAL_RCCEx_PeriphCLKConfig:status <- $r6
	@DEBUG_VALUE: HAL_RCCEx_PeriphCLKConfig:PeriphClkInit <- $r4
.LCPI0_6:
	tbb	[pc, r0]
.Ltmp126:
@ %bb.73:
	.loc	5 0 5                           @ ../Drivers/STM32H7xx_HAL_Driver/Src/stm32h7xx_hal_rcc_ex.c:0:5
.LJTI0_6:
	.byte	(.LBB0_74-(.LCPI0_6+4))/2
	.byte	(.LBB0_77-(.LCPI0_6+4))/2
	.byte	(.LBB0_76-(.LCPI0_6+4))/2
	.byte	(.LBB0_75-(.LCPI0_6+4))/2
	.byte	(.LBB0_75-(.LCPI0_6+4))/2
	.p2align	1
	.p2align	2
.LBB0_74:
.Ltmp127:
	@DEBUG_VALUE: HAL_RCCEx_PeriphCLKConfig:ret <- $r5
	@DEBUG_VALUE: HAL_RCCEx_PeriphCLKConfig:status <- $r6
	@DEBUG_VALUE: HAL_RCCEx_PeriphCLKConfig:PeriphClkInit <- $r4
	.loc	5 609 9 is_stmt 1               @ ../Drivers/STM32H7xx_HAL_Driver/Src/stm32h7xx_hal_rcc_ex.c:609:9
	ldr.w	r0, [r8]
	orr	r0, r0, #131072
	str.w	r0, [r8]
.Ltmp128:
.LBB0_75:
	@DEBUG_VALUE: HAL_RCCEx_PeriphCLKConfig:ret <- $r5
	@DEBUG_VALUE: HAL_RCCEx_PeriphCLKConfig:status <- $r6
	@DEBUG_VALUE: HAL_RCCEx_PeriphCLKConfig:PeriphClkInit <- $r4
	@DEBUG_VALUE: HAL_RCCEx_PeriphCLKConfig:ret <- $r5
	.loc	5 0 9 is_stmt 0                 @ ../Drivers/STM32H7xx_HAL_Driver/Src/stm32h7xx_hal_rcc_ex.c:0:9
	mov	r7, r5
	cbnz	r5, .LBB0_81
	b	.LBB0_79
.Ltmp129:
	.p2align	2
.LBB0_76:
	@DEBUG_VALUE: HAL_RCCEx_PeriphCLKConfig:ret <- $r5
	@DEBUG_VALUE: HAL_RCCEx_PeriphCLKConfig:status <- $r6
	@DEBUG_VALUE: HAL_RCCEx_PeriphCLKConfig:PeriphClkInit <- $r4
	.loc	5 621 50 is_stmt 1              @ ../Drivers/STM32H7xx_HAL_Driver/Src/stm32h7xx_hal_rcc_ex.c:621:50
	add.w	r0, r4, #40
	.loc	5 621 15 is_stmt 0              @ ../Drivers/STM32H7xx_HAL_Driver/Src/stm32h7xx_hal_rcc_ex.c:621:15
	movs	r1, #0
	bl	RCCEx_PLL3_Config
.Ltmp130:
	.loc	5 0 15                          @ ../Drivers/STM32H7xx_HAL_Driver/Src/stm32h7xx_hal_rcc_ex.c:0:15
	b	.LBB0_78
.Ltmp131:
	.p2align	2
.LBB0_77:
	@DEBUG_VALUE: HAL_RCCEx_PeriphCLKConfig:ret <- $r5
	@DEBUG_VALUE: HAL_RCCEx_PeriphCLKConfig:status <- $r6
	@DEBUG_VALUE: HAL_RCCEx_PeriphCLKConfig:PeriphClkInit <- $r4
	.loc	5 615 50 is_stmt 1              @ ../Drivers/STM32H7xx_HAL_Driver/Src/stm32h7xx_hal_rcc_ex.c:615:50
	add.w	r0, r4, #8
	.loc	5 615 15 is_stmt 0              @ ../Drivers/STM32H7xx_HAL_Driver/Src/stm32h7xx_hal_rcc_ex.c:615:15
	movs	r1, #0
	bl	RCCEx_PLL2_Config
.Ltmp132:
.LBB0_78:
	@DEBUG_VALUE: HAL_RCCEx_PeriphCLKConfig:ret <- $r5
	@DEBUG_VALUE: HAL_RCCEx_PeriphCLKConfig:status <- $r6
	@DEBUG_VALUE: HAL_RCCEx_PeriphCLKConfig:PeriphClkInit <- $r4
	.loc	5 0 0                           @ ../Drivers/STM32H7xx_HAL_Driver/Src/stm32h7xx_hal_rcc_ex.c:0:0
	mov	r5, r0
.Ltmp133:
	@DEBUG_VALUE: HAL_RCCEx_PeriphCLKConfig:ret <- undef
	@DEBUG_VALUE: HAL_RCCEx_PeriphCLKConfig:ret <- $r5
	mov	r7, r5
.Ltmp134:
	.loc	5 641 9 is_stmt 1               @ ../Drivers/STM32H7xx_HAL_Driver/Src/stm32h7xx_hal_rcc_ex.c:641:9
	cbnz	r5, .LBB0_81
.Ltmp135:
.LBB0_79:
	@DEBUG_VALUE: HAL_RCCEx_PeriphCLKConfig:ret <- $r5
	@DEBUG_VALUE: HAL_RCCEx_PeriphCLKConfig:status <- $r6
	@DEBUG_VALUE: HAL_RCCEx_PeriphCLKConfig:PeriphClkInit <- $r4
	.loc	5 644 7                         @ ../Drivers/STM32H7xx_HAL_Driver/Src/stm32h7xx_hal_rcc_ex.c:644:7
	ldr.w	r0, [r8, #36]
	ldr	r1, [r4, #96]
	bic	r0, r0, #28672
	movs	r5, #0
.Ltmp136:
	orrs	r0, r1
	str.w	r0, [r8, #36]
.Ltmp137:
.LBB0_80:
	@DEBUG_VALUE: HAL_RCCEx_PeriphCLKConfig:status <- $r6
	@DEBUG_VALUE: HAL_RCCEx_PeriphCLKConfig:PeriphClkInit <- $r4
	.loc	5 0 7 is_stmt 0                 @ ../Drivers/STM32H7xx_HAL_Driver/Src/stm32h7xx_hal_rcc_ex.c:0:7
	mov	r7, r6
.Ltmp138:
	@DEBUG_VALUE: HAL_RCCEx_PeriphCLKConfig:status <- $r7
.LBB0_81:
	@DEBUG_VALUE: HAL_RCCEx_PeriphCLKConfig:PeriphClkInit <- $r4
	@DEBUG_VALUE: HAL_RCCEx_PeriphCLKConfig:ret <- $r5
	@DEBUG_VALUE: HAL_RCCEx_PeriphCLKConfig:status <- $r7
	.loc	5 654 69 is_stmt 1              @ ../Drivers/STM32H7xx_HAL_Driver/Src/stm32h7xx_hal_rcc_ex.c:654:69
	ldrb	r0, [r4, #1]
.Ltmp139:
	.loc	5 654 7 is_stmt 0               @ ../Drivers/STM32H7xx_HAL_Driver/Src/stm32h7xx_hal_rcc_ex.c:654:7
	lsls	r0, r0, #26
	bpl	.LBB0_93
.Ltmp140:
.LBB0_82:
	@DEBUG_VALUE: HAL_RCCEx_PeriphCLKConfig:status <- $r7
	@DEBUG_VALUE: HAL_RCCEx_PeriphCLKConfig:ret <- $r5
	@DEBUG_VALUE: HAL_RCCEx_PeriphCLKConfig:PeriphClkInit <- $r4
	.loc	5 656 28 is_stmt 1              @ ../Drivers/STM32H7xx_HAL_Driver/Src/stm32h7xx_hal_rcc_ex.c:656:28
	ldr	r0, [r4, #100]
	.loc	5 656 5 is_stmt 0               @ ../Drivers/STM32H7xx_HAL_Driver/Src/stm32h7xx_hal_rcc_ex.c:656:5
	ror.w	r0, r0, #16
	cmp	r0, #5
	bhi	.LBB0_88
.Ltmp141:
@ %bb.83:
	@DEBUG_VALUE: HAL_RCCEx_PeriphCLKConfig:status <- $r7
	@DEBUG_VALUE: HAL_RCCEx_PeriphCLKConfig:ret <- $r5
	@DEBUG_VALUE: HAL_RCCEx_PeriphCLKConfig:PeriphClkInit <- $r4
.LCPI0_7:
	tbb	[pc, r0]
.Ltmp142:
@ %bb.84:
	.loc	5 0 5                           @ ../Drivers/STM32H7xx_HAL_Driver/Src/stm32h7xx_hal_rcc_ex.c:0:5
.LJTI0_7:
	.byte	(.LBB0_85-(.LCPI0_7+4))/2
	.byte	(.LBB0_89-(.LCPI0_7+4))/2
	.byte	(.LBB0_87-(.LCPI0_7+4))/2
	.byte	(.LBB0_85-(.LCPI0_7+4))/2
	.byte	(.LBB0_85-(.LCPI0_7+4))/2
	.byte	(.LBB0_85-(.LCPI0_7+4))/2
	.p2align	1
	.p2align	2
.LBB0_85:
.Ltmp143:
	@DEBUG_VALUE: HAL_RCCEx_PeriphCLKConfig:status <- $r7
	@DEBUG_VALUE: HAL_RCCEx_PeriphCLKConfig:ret <- $r5
	@DEBUG_VALUE: HAL_RCCEx_PeriphCLKConfig:PeriphClkInit <- $r4
	@DEBUG_VALUE: HAL_RCCEx_PeriphCLKConfig:ret <- $r5
	mov	r6, r5
	.loc	5 693 9 is_stmt 1               @ ../Drivers/STM32H7xx_HAL_Driver/Src/stm32h7xx_hal_rcc_ex.c:693:9
	cbnz	r5, .LBB0_91
	b	.LBB0_92
.Ltmp144:
	.loc	5 0 9 is_stmt 0                 @ :0:9
.Ltmp145:
	.p2align	2
.LBB0_86:
	@DEBUG_VALUE: HAL_RCCEx_PeriphCLKConfig:ret <- $r5
	@DEBUG_VALUE: HAL_RCCEx_PeriphCLKConfig:status <- $r6
	@DEBUG_VALUE: HAL_RCCEx_PeriphCLKConfig:PeriphClkInit <- $r4
	movs	r5, #1
.Ltmp146:
	movs	r7, #1
.Ltmp147:
	@DEBUG_VALUE: HAL_RCCEx_PeriphCLKConfig:ret <- $r5
	@DEBUG_VALUE: HAL_RCCEx_PeriphCLKConfig:status <- $r7
	.loc	5 654 69 is_stmt 1              @ ../Drivers/STM32H7xx_HAL_Driver/Src/stm32h7xx_hal_rcc_ex.c:654:69
	ldrb	r0, [r4, #1]
.Ltmp148:
	.loc	5 654 7 is_stmt 0               @ ../Drivers/STM32H7xx_HAL_Driver/Src/stm32h7xx_hal_rcc_ex.c:654:7
	lsls	r0, r0, #26
	bmi	.LBB0_82
	b	.LBB0_93
.Ltmp149:
	.loc	5 0 7                           @ :0:7
.Ltmp150:
	.p2align	2
.LBB0_87:
	@DEBUG_VALUE: HAL_RCCEx_PeriphCLKConfig:status <- $r7
	@DEBUG_VALUE: HAL_RCCEx_PeriphCLKConfig:ret <- $r5
	@DEBUG_VALUE: HAL_RCCEx_PeriphCLKConfig:PeriphClkInit <- $r4
	.loc	5 669 50 is_stmt 1              @ ../Drivers/STM32H7xx_HAL_Driver/Src/stm32h7xx_hal_rcc_ex.c:669:50
	add.w	r0, r4, #40
	.loc	5 669 15 is_stmt 0              @ ../Drivers/STM32H7xx_HAL_Driver/Src/stm32h7xx_hal_rcc_ex.c:669:15
	movs	r1, #1
	bl	RCCEx_PLL3_Config
.Ltmp151:
	.loc	5 0 15                          @ ../Drivers/STM32H7xx_HAL_Driver/Src/stm32h7xx_hal_rcc_ex.c:0:15
	b	.LBB0_90
.Ltmp152:
	.p2align	2
.LBB0_88:
	@DEBUG_VALUE: HAL_RCCEx_PeriphCLKConfig:status <- $r7
	@DEBUG_VALUE: HAL_RCCEx_PeriphCLKConfig:ret <- $r5
	@DEBUG_VALUE: HAL_RCCEx_PeriphCLKConfig:PeriphClkInit <- $r4
	movs	r5, #1
.Ltmp153:
	movs	r6, #1
.Ltmp154:
	@DEBUG_VALUE: HAL_RCCEx_PeriphCLKConfig:ret <- $r5
	@DEBUG_VALUE: HAL_RCCEx_PeriphCLKConfig:status <- $r6
	.loc	5 706 68 is_stmt 1              @ ../Drivers/STM32H7xx_HAL_Driver/Src/stm32h7xx_hal_rcc_ex.c:706:68
	ldrb	r0, [r4, #1]
.Ltmp155:
	.loc	5 706 7 is_stmt 0               @ ../Drivers/STM32H7xx_HAL_Driver/Src/stm32h7xx_hal_rcc_ex.c:706:7
	lsls	r0, r0, #25
	bmi	.LBB0_94
	b	.LBB0_104
.Ltmp156:
	.loc	5 0 7                           @ :0:7
.Ltmp157:
	.p2align	2
.LBB0_89:
	@DEBUG_VALUE: HAL_RCCEx_PeriphCLKConfig:status <- $r7
	@DEBUG_VALUE: HAL_RCCEx_PeriphCLKConfig:ret <- $r5
	@DEBUG_VALUE: HAL_RCCEx_PeriphCLKConfig:PeriphClkInit <- $r4
	.loc	5 664 50 is_stmt 1              @ ../Drivers/STM32H7xx_HAL_Driver/Src/stm32h7xx_hal_rcc_ex.c:664:50
	add.w	r0, r4, #8
	.loc	5 664 15 is_stmt 0              @ ../Drivers/STM32H7xx_HAL_Driver/Src/stm32h7xx_hal_rcc_ex.c:664:15
	movs	r1, #1
	bl	RCCEx_PLL2_Config
.Ltmp158:
.LBB0_90:
	@DEBUG_VALUE: HAL_RCCEx_PeriphCLKConfig:status <- $r7
	@DEBUG_VALUE: HAL_RCCEx_PeriphCLKConfig:ret <- $r5
	@DEBUG_VALUE: HAL_RCCEx_PeriphCLKConfig:PeriphClkInit <- $r4
	.loc	5 0 0                           @ ../Drivers/STM32H7xx_HAL_Driver/Src/stm32h7xx_hal_rcc_ex.c:0:0
	mov	r5, r0
.Ltmp159:
	@DEBUG_VALUE: HAL_RCCEx_PeriphCLKConfig:ret <- undef
	@DEBUG_VALUE: HAL_RCCEx_PeriphCLKConfig:ret <- $r5
	mov	r6, r5
.Ltmp160:
	.loc	5 693 9 is_stmt 1               @ ../Drivers/STM32H7xx_HAL_Driver/Src/stm32h7xx_hal_rcc_ex.c:693:9
	cbz	r5, .LBB0_92
.Ltmp161:
.LBB0_91:
	@DEBUG_VALUE: HAL_RCCEx_PeriphCLKConfig:status <- $r7
	@DEBUG_VALUE: HAL_RCCEx_PeriphCLKConfig:ret <- $r5
	@DEBUG_VALUE: HAL_RCCEx_PeriphCLKConfig:PeriphClkInit <- $r4
	@DEBUG_VALUE: HAL_RCCEx_PeriphCLKConfig:ret <- $r5
	@DEBUG_VALUE: HAL_RCCEx_PeriphCLKConfig:status <- $r6
	.loc	5 706 68                        @ ../Drivers/STM32H7xx_HAL_Driver/Src/stm32h7xx_hal_rcc_ex.c:706:68
	ldrb	r0, [r4, #1]
.Ltmp162:
	.loc	5 706 7 is_stmt 0               @ ../Drivers/STM32H7xx_HAL_Driver/Src/stm32h7xx_hal_rcc_ex.c:706:7
	lsls	r0, r0, #25
	bmi	.LBB0_94
	b	.LBB0_104
.Ltmp163:
	.loc	5 0 7                           @ :0:7
.Ltmp164:
	.p2align	2
.LBB0_92:
	@DEBUG_VALUE: HAL_RCCEx_PeriphCLKConfig:status <- $r7
	@DEBUG_VALUE: HAL_RCCEx_PeriphCLKConfig:ret <- $r5
	@DEBUG_VALUE: HAL_RCCEx_PeriphCLKConfig:PeriphClkInit <- $r4
	.loc	5 696 7 is_stmt 1               @ ../Drivers/STM32H7xx_HAL_Driver/Src/stm32h7xx_hal_rcc_ex.c:696:7
	ldr.w	r0, [r8, #36]
	ldr	r1, [r4, #100]
	bic	r0, r0, #458752
	movs	r5, #0
.Ltmp165:
	orrs	r0, r1
	str.w	r0, [r8, #36]
.Ltmp166:
.LBB0_93:
	@DEBUG_VALUE: HAL_RCCEx_PeriphCLKConfig:status <- $r7
	@DEBUG_VALUE: HAL_RCCEx_PeriphCLKConfig:PeriphClkInit <- $r4
	.loc	5 0 7 is_stmt 0                 @ ../Drivers/STM32H7xx_HAL_Driver/Src/stm32h7xx_hal_rcc_ex.c:0:7
	mov	r6, r7
.Ltmp167:
	@DEBUG_VALUE: HAL_RCCEx_PeriphCLKConfig:status <- $r6
	@DEBUG_VALUE: HAL_RCCEx_PeriphCLKConfig:ret <- $r5
	@DEBUG_VALUE: HAL_RCCEx_PeriphCLKConfig:status <- $r6
	.loc	5 706 68 is_stmt 1              @ ../Drivers/STM32H7xx_HAL_Driver/Src/stm32h7xx_hal_rcc_ex.c:706:68
	ldrb	r0, [r4, #1]
.Ltmp168:
	.loc	5 706 7 is_stmt 0               @ ../Drivers/STM32H7xx_HAL_Driver/Src/stm32h7xx_hal_rcc_ex.c:706:7
	lsls	r0, r0, #25
	bpl	.LBB0_104
.Ltmp169:
.LBB0_94:
	@DEBUG_VALUE: HAL_RCCEx_PeriphCLKConfig:ret <- $r5
	@DEBUG_VALUE: HAL_RCCEx_PeriphCLKConfig:status <- $r6
	@DEBUG_VALUE: HAL_RCCEx_PeriphCLKConfig:PeriphClkInit <- $r4
	.loc	5 708 28 is_stmt 1              @ ../Drivers/STM32H7xx_HAL_Driver/Src/stm32h7xx_hal_rcc_ex.c:708:28
	ldr.w	r0, [r4, #176]
	.loc	5 708 5 is_stmt 0               @ ../Drivers/STM32H7xx_HAL_Driver/Src/stm32h7xx_hal_rcc_ex.c:708:5
	ror.w	r0, r0, #28
	cmp	r0, #5
	bhi	.LBB0_99
.Ltmp170:
@ %bb.95:
	@DEBUG_VALUE: HAL_RCCEx_PeriphCLKConfig:ret <- $r5
	@DEBUG_VALUE: HAL_RCCEx_PeriphCLKConfig:status <- $r6
	@DEBUG_VALUE: HAL_RCCEx_PeriphCLKConfig:PeriphClkInit <- $r4
.LCPI0_8:
	tbb	[pc, r0]
.Ltmp171:
@ %bb.96:
	.loc	5 0 5                           @ ../Drivers/STM32H7xx_HAL_Driver/Src/stm32h7xx_hal_rcc_ex.c:0:5
.LJTI0_8:
	.byte	(.LBB0_97-(.LCPI0_8+4))/2
	.byte	(.LBB0_100-(.LCPI0_8+4))/2
	.byte	(.LBB0_98-(.LCPI0_8+4))/2
	.byte	(.LBB0_97-(.LCPI0_8+4))/2
	.byte	(.LBB0_97-(.LCPI0_8+4))/2
	.byte	(.LBB0_97-(.LCPI0_8+4))/2
	.p2align	1
	.p2align	2
.LBB0_97:
.Ltmp172:
	@DEBUG_VALUE: HAL_RCCEx_PeriphCLKConfig:ret <- $r5
	@DEBUG_VALUE: HAL_RCCEx_PeriphCLKConfig:status <- $r6
	@DEBUG_VALUE: HAL_RCCEx_PeriphCLKConfig:PeriphClkInit <- $r4
	@DEBUG_VALUE: HAL_RCCEx_PeriphCLKConfig:ret <- $r5
	mov	r7, r5
	.loc	5 751 9 is_stmt 1               @ ../Drivers/STM32H7xx_HAL_Driver/Src/stm32h7xx_hal_rcc_ex.c:751:9
	cbnz	r5, .LBB0_102
	b	.LBB0_103
.Ltmp173:
	.loc	5 0 9 is_stmt 0                 @ :0:9
.Ltmp174:
	.p2align	2
.LBB0_98:
	@DEBUG_VALUE: HAL_RCCEx_PeriphCLKConfig:ret <- $r5
	@DEBUG_VALUE: HAL_RCCEx_PeriphCLKConfig:status <- $r6
	@DEBUG_VALUE: HAL_RCCEx_PeriphCLKConfig:PeriphClkInit <- $r4
	.loc	5 721 50 is_stmt 1              @ ../Drivers/STM32H7xx_HAL_Driver/Src/stm32h7xx_hal_rcc_ex.c:721:50
	add.w	r0, r4, #40
	.loc	5 721 15 is_stmt 0              @ ../Drivers/STM32H7xx_HAL_Driver/Src/stm32h7xx_hal_rcc_ex.c:721:15
	movs	r1, #1
	bl	RCCEx_PLL3_Config
.Ltmp175:
	.loc	5 0 15                          @ ../Drivers/STM32H7xx_HAL_Driver/Src/stm32h7xx_hal_rcc_ex.c:0:15
	b	.LBB0_101
.Ltmp176:
	.p2align	2
.LBB0_99:
	@DEBUG_VALUE: HAL_RCCEx_PeriphCLKConfig:ret <- $r5
	@DEBUG_VALUE: HAL_RCCEx_PeriphCLKConfig:status <- $r6
	@DEBUG_VALUE: HAL_RCCEx_PeriphCLKConfig:PeriphClkInit <- $r4
	movs	r5, #1
.Ltmp177:
	movs	r7, #1
.Ltmp178:
	@DEBUG_VALUE: HAL_RCCEx_PeriphCLKConfig:ret <- $r5
	@DEBUG_VALUE: HAL_RCCEx_PeriphCLKConfig:status <- $r7
	.loc	5 802 69 is_stmt 1              @ ../Drivers/STM32H7xx_HAL_Driver/Src/stm32h7xx_hal_rcc_ex.c:802:69
	ldrb	r0, [r4, #1]
.Ltmp179:
	.loc	5 802 7 is_stmt 0               @ ../Drivers/STM32H7xx_HAL_Driver/Src/stm32h7xx_hal_rcc_ex.c:802:7
	lsls	r0, r0, #24
	bmi	.LBB0_105
	b	.LBB0_112
.Ltmp180:
	.loc	5 0 7                           @ :0:7
.Ltmp181:
	.p2align	2
.LBB0_100:
	@DEBUG_VALUE: HAL_RCCEx_PeriphCLKConfig:ret <- $r5
	@DEBUG_VALUE: HAL_RCCEx_PeriphCLKConfig:status <- $r6
	@DEBUG_VALUE: HAL_RCCEx_PeriphCLKConfig:PeriphClkInit <- $r4
	.loc	5 716 50 is_stmt 1              @ ../Drivers/STM32H7xx_HAL_Driver/Src/stm32h7xx_hal_rcc_ex.c:716:50
	add.w	r0, r4, #8
	.loc	5 716 15 is_stmt 0              @ ../Drivers/STM32H7xx_HAL_Driver/Src/stm32h7xx_hal_rcc_ex.c:716:15
	movs	r1, #1
	bl	RCCEx_PLL2_Config
.Ltmp182:
.LBB0_101:
	@DEBUG_VALUE: HAL_RCCEx_PeriphCLKConfig:ret <- $r5
	@DEBUG_VALUE: HAL_RCCEx_PeriphCLKConfig:status <- $r6
	@DEBUG_VALUE: HAL_RCCEx_PeriphCLKConfig:PeriphClkInit <- $r4
	.loc	5 0 0                           @ ../Drivers/STM32H7xx_HAL_Driver/Src/stm32h7xx_hal_rcc_ex.c:0:0
	mov	r5, r0
.Ltmp183:
	@DEBUG_VALUE: HAL_RCCEx_PeriphCLKConfig:ret <- undef
	@DEBUG_VALUE: HAL_RCCEx_PeriphCLKConfig:ret <- $r5
	mov	r7, r5
.Ltmp184:
	.loc	5 751 9 is_stmt 1               @ ../Drivers/STM32H7xx_HAL_Driver/Src/stm32h7xx_hal_rcc_ex.c:751:9
	cbz	r5, .LBB0_103
.Ltmp185:
.LBB0_102:
	@DEBUG_VALUE: HAL_RCCEx_PeriphCLKConfig:ret <- $r5
	@DEBUG_VALUE: HAL_RCCEx_PeriphCLKConfig:status <- $r6
	@DEBUG_VALUE: HAL_RCCEx_PeriphCLKConfig:PeriphClkInit <- $r4
	@DEBUG_VALUE: HAL_RCCEx_PeriphCLKConfig:ret <- $r5
	@DEBUG_VALUE: HAL_RCCEx_PeriphCLKConfig:status <- $r7
	.loc	5 802 69                        @ ../Drivers/STM32H7xx_HAL_Driver/Src/stm32h7xx_hal_rcc_ex.c:802:69
	ldrb	r0, [r4, #1]
.Ltmp186:
	.loc	5 802 7 is_stmt 0               @ ../Drivers/STM32H7xx_HAL_Driver/Src/stm32h7xx_hal_rcc_ex.c:802:7
	lsls	r0, r0, #24
	bmi	.LBB0_105
	b	.LBB0_112
.Ltmp187:
	.loc	5 0 7                           @ :0:7
.Ltmp188:
	.p2align	2
.LBB0_103:
	@DEBUG_VALUE: HAL_RCCEx_PeriphCLKConfig:ret <- $r5
	@DEBUG_VALUE: HAL_RCCEx_PeriphCLKConfig:status <- $r6
	@DEBUG_VALUE: HAL_RCCEx_PeriphCLKConfig:PeriphClkInit <- $r4
	.loc	5 754 7 is_stmt 1               @ ../Drivers/STM32H7xx_HAL_Driver/Src/stm32h7xx_hal_rcc_ex.c:754:7
	ldr.w	r0, [r8, #44]
	ldr.w	r1, [r4, #176]
	bic	r0, r0, #1879048192
	movs	r5, #0
.Ltmp189:
	orrs	r0, r1
	str.w	r0, [r8, #44]
.Ltmp190:
.LBB0_104:
	@DEBUG_VALUE: HAL_RCCEx_PeriphCLKConfig:status <- $r6
	@DEBUG_VALUE: HAL_RCCEx_PeriphCLKConfig:PeriphClkInit <- $r4
	.loc	5 0 7 is_stmt 0                 @ ../Drivers/STM32H7xx_HAL_Driver/Src/stm32h7xx_hal_rcc_ex.c:0:7
	mov	r7, r6
.Ltmp191:
	@DEBUG_VALUE: HAL_RCCEx_PeriphCLKConfig:status <- $r7
	@DEBUG_VALUE: HAL_RCCEx_PeriphCLKConfig:ret <- $r5
	@DEBUG_VALUE: HAL_RCCEx_PeriphCLKConfig:status <- $r7
	.loc	5 802 69 is_stmt 1              @ ../Drivers/STM32H7xx_HAL_Driver/Src/stm32h7xx_hal_rcc_ex.c:802:69
	ldrb	r0, [r4, #1]
.Ltmp192:
	.loc	5 802 7 is_stmt 0               @ ../Drivers/STM32H7xx_HAL_Driver/Src/stm32h7xx_hal_rcc_ex.c:802:7
	lsls	r0, r0, #24
	bpl	.LBB0_112
.Ltmp193:
.LBB0_105:
	@DEBUG_VALUE: HAL_RCCEx_PeriphCLKConfig:status <- $r7
	@DEBUG_VALUE: HAL_RCCEx_PeriphCLKConfig:ret <- $r5
	@DEBUG_VALUE: HAL_RCCEx_PeriphCLKConfig:PeriphClkInit <- $r4
	.loc	5 804 28 is_stmt 1              @ ../Drivers/STM32H7xx_HAL_Driver/Src/stm32h7xx_hal_rcc_ex.c:804:28
	ldr	r0, [r4, #112]
	.loc	5 804 5 is_stmt 0               @ ../Drivers/STM32H7xx_HAL_Driver/Src/stm32h7xx_hal_rcc_ex.c:804:5
	cbz	r0, .LBB0_109
.Ltmp194:
@ %bb.106:
	@DEBUG_VALUE: HAL_RCCEx_PeriphCLKConfig:status <- $r7
	@DEBUG_VALUE: HAL_RCCEx_PeriphCLKConfig:ret <- $r5
	@DEBUG_VALUE: HAL_RCCEx_PeriphCLKConfig:PeriphClkInit <- $r4
	cmp.w	r0, #536870912
	beq	.LBB0_110
.Ltmp195:
@ %bb.107:
	@DEBUG_VALUE: HAL_RCCEx_PeriphCLKConfig:status <- $r7
	@DEBUG_VALUE: HAL_RCCEx_PeriphCLKConfig:ret <- $r5
	@DEBUG_VALUE: HAL_RCCEx_PeriphCLKConfig:PeriphClkInit <- $r4
	cmp.w	r0, #268435456
	bne	.LBB0_120
.Ltmp196:
@ %bb.108:
	@DEBUG_VALUE: HAL_RCCEx_PeriphCLKConfig:status <- $r7
	@DEBUG_VALUE: HAL_RCCEx_PeriphCLKConfig:ret <- $r5
	@DEBUG_VALUE: HAL_RCCEx_PeriphCLKConfig:PeriphClkInit <- $r4
	.loc	5 808 9 is_stmt 1               @ ../Drivers/STM32H7xx_HAL_Driver/Src/stm32h7xx_hal_rcc_ex.c:808:9
	ldr.w	r0, [r8]
	orr	r0, r0, #131072
	str.w	r0, [r8]
.Ltmp197:
.LBB0_109:
	@DEBUG_VALUE: HAL_RCCEx_PeriphCLKConfig:status <- $r7
	@DEBUG_VALUE: HAL_RCCEx_PeriphCLKConfig:ret <- $r5
	@DEBUG_VALUE: HAL_RCCEx_PeriphCLKConfig:PeriphClkInit <- $r4
	@DEBUG_VALUE: HAL_RCCEx_PeriphCLKConfig:ret <- $r5
	.loc	5 0 9 is_stmt 0                 @ ../Drivers/STM32H7xx_HAL_Driver/Src/stm32h7xx_hal_rcc_ex.c:0:9
	mov	r6, r5
	cbnz	r5, .LBB0_113
	b	.LBB0_111
.Ltmp198:
	.p2align	2
.LBB0_110:
	@DEBUG_VALUE: HAL_RCCEx_PeriphCLKConfig:status <- $r7
	@DEBUG_VALUE: HAL_RCCEx_PeriphCLKConfig:ret <- $r5
	@DEBUG_VALUE: HAL_RCCEx_PeriphCLKConfig:PeriphClkInit <- $r4
	.loc	5 815 50 is_stmt 1              @ ../Drivers/STM32H7xx_HAL_Driver/Src/stm32h7xx_hal_rcc_ex.c:815:50
	add.w	r0, r4, #8
	.loc	5 815 15 is_stmt 0              @ ../Drivers/STM32H7xx_HAL_Driver/Src/stm32h7xx_hal_rcc_ex.c:815:15
	movs	r1, #1
	bl	RCCEx_PLL2_Config
.Ltmp199:
	mov	r5, r0
.Ltmp200:
	@DEBUG_VALUE: HAL_RCCEx_PeriphCLKConfig:ret <- undef
	@DEBUG_VALUE: HAL_RCCEx_PeriphCLKConfig:ret <- $r5
	.loc	5 0 15                          @ ../Drivers/STM32H7xx_HAL_Driver/Src/stm32h7xx_hal_rcc_ex.c:0:15
	mov	r6, r5
.Ltmp201:
	.loc	5 830 9 is_stmt 1               @ ../Drivers/STM32H7xx_HAL_Driver/Src/stm32h7xx_hal_rcc_ex.c:830:9
	cbnz	r5, .LBB0_113
.Ltmp202:
.LBB0_111:
	@DEBUG_VALUE: HAL_RCCEx_PeriphCLKConfig:status <- $r7
	@DEBUG_VALUE: HAL_RCCEx_PeriphCLKConfig:ret <- $r5
	@DEBUG_VALUE: HAL_RCCEx_PeriphCLKConfig:PeriphClkInit <- $r4
	.loc	5 833 7                         @ ../Drivers/STM32H7xx_HAL_Driver/Src/stm32h7xx_hal_rcc_ex.c:833:7
	ldr.w	r0, [r8, #36]
	ldr	r1, [r4, #112]
	bic	r0, r0, #805306368
	movs	r5, #0
.Ltmp203:
	orrs	r0, r1
	str.w	r0, [r8, #36]
.Ltmp204:
.LBB0_112:
	@DEBUG_VALUE: HAL_RCCEx_PeriphCLKConfig:status <- $r7
	@DEBUG_VALUE: HAL_RCCEx_PeriphCLKConfig:PeriphClkInit <- $r4
	.loc	5 0 7 is_stmt 0                 @ ../Drivers/STM32H7xx_HAL_Driver/Src/stm32h7xx_hal_rcc_ex.c:0:7
	mov	r6, r7
.Ltmp205:
	@DEBUG_VALUE: HAL_RCCEx_PeriphCLKConfig:status <- $r6
.LBB0_113:
	@DEBUG_VALUE: HAL_RCCEx_PeriphCLKConfig:PeriphClkInit <- $r4
	@DEBUG_VALUE: HAL_RCCEx_PeriphCLKConfig:ret <- $r5
	@DEBUG_VALUE: HAL_RCCEx_PeriphCLKConfig:status <- $r6
	.loc	5 844 67 is_stmt 1              @ ../Drivers/STM32H7xx_HAL_Driver/Src/stm32h7xx_hal_rcc_ex.c:844:67
	ldrb	r0, [r4, #3]
.Ltmp206:
	.loc	5 844 7 is_stmt 0               @ ../Drivers/STM32H7xx_HAL_Driver/Src/stm32h7xx_hal_rcc_ex.c:844:7
	lsls	r0, r0, #31
	beq	.LBB0_121
.Ltmp207:
.LBB0_114:
	@DEBUG_VALUE: HAL_RCCEx_PeriphCLKConfig:ret <- $r5
	@DEBUG_VALUE: HAL_RCCEx_PeriphCLKConfig:status <- $r6
	@DEBUG_VALUE: HAL_RCCEx_PeriphCLKConfig:PeriphClkInit <- $r4
	.loc	5 846 28 is_stmt 1              @ ../Drivers/STM32H7xx_HAL_Driver/Src/stm32h7xx_hal_rcc_ex.c:846:28
	ldr	r0, [r4, #72]
	.loc	5 846 5 is_stmt 0               @ ../Drivers/STM32H7xx_HAL_Driver/Src/stm32h7xx_hal_rcc_ex.c:846:5
	cmp	r0, #3
	bhi	.LBB0_135
.Ltmp208:
@ %bb.115:
	@DEBUG_VALUE: HAL_RCCEx_PeriphCLKConfig:ret <- $r5
	@DEBUG_VALUE: HAL_RCCEx_PeriphCLKConfig:status <- $r6
	@DEBUG_VALUE: HAL_RCCEx_PeriphCLKConfig:PeriphClkInit <- $r4
.LCPI0_9:
	tbb	[pc, r0]
.Ltmp209:
@ %bb.116:
	.loc	5 0 5                           @ ../Drivers/STM32H7xx_HAL_Driver/Src/stm32h7xx_hal_rcc_ex.c:0:5
.LJTI0_9:
	.byte	(.LBB0_118-(.LCPI0_9+4))/2
	.byte	(.LBB0_117-(.LCPI0_9+4))/2
	.byte	(.LBB0_134-(.LCPI0_9+4))/2
	.byte	(.LBB0_118-(.LCPI0_9+4))/2
	.p2align	1
	.p2align	2
.LBB0_117:
.Ltmp210:
	@DEBUG_VALUE: HAL_RCCEx_PeriphCLKConfig:ret <- $r5
	@DEBUG_VALUE: HAL_RCCEx_PeriphCLKConfig:status <- $r6
	@DEBUG_VALUE: HAL_RCCEx_PeriphCLKConfig:PeriphClkInit <- $r4
	.loc	5 850 9 is_stmt 1               @ ../Drivers/STM32H7xx_HAL_Driver/Src/stm32h7xx_hal_rcc_ex.c:850:9
	ldr.w	r0, [r8]
	orr	r0, r0, #131072
	str.w	r0, [r8]
.Ltmp211:
.LBB0_118:
	@DEBUG_VALUE: HAL_RCCEx_PeriphCLKConfig:ret <- $r5
	@DEBUG_VALUE: HAL_RCCEx_PeriphCLKConfig:status <- $r6
	@DEBUG_VALUE: HAL_RCCEx_PeriphCLKConfig:PeriphClkInit <- $r4
	@DEBUG_VALUE: HAL_RCCEx_PeriphCLKConfig:ret <- $r5
	.loc	5 0 9 is_stmt 0                 @ ../Drivers/STM32H7xx_HAL_Driver/Src/stm32h7xx_hal_rcc_ex.c:0:9
	mov	r9, r5
	.loc	5 877 9 is_stmt 1               @ ../Drivers/STM32H7xx_HAL_Driver/Src/stm32h7xx_hal_rcc_ex.c:877:9
	cbnz	r5, .LBB0_122
.Ltmp212:
.LBB0_119:
	@DEBUG_VALUE: HAL_RCCEx_PeriphCLKConfig:ret <- $r5
	@DEBUG_VALUE: HAL_RCCEx_PeriphCLKConfig:status <- $r6
	@DEBUG_VALUE: HAL_RCCEx_PeriphCLKConfig:PeriphClkInit <- $r4
	.loc	5 880 7                         @ ../Drivers/STM32H7xx_HAL_Driver/Src/stm32h7xx_hal_rcc_ex.c:880:7
	ldr.w	r0, [r8, #32]
	ldr	r1, [r4, #72]
	bic	r0, r0, #3
	movs	r5, #0
.Ltmp213:
	orrs	r0, r1
	str.w	r0, [r8, #32]
	b	.LBB0_121
.Ltmp214:
	.loc	5 0 7 is_stmt 0                 @ :0:7
.Ltmp215:
	.p2align	2
.LBB0_120:
	@DEBUG_VALUE: HAL_RCCEx_PeriphCLKConfig:status <- $r7
	@DEBUG_VALUE: HAL_RCCEx_PeriphCLKConfig:ret <- $r5
	@DEBUG_VALUE: HAL_RCCEx_PeriphCLKConfig:PeriphClkInit <- $r4
	movs	r5, #1
.Ltmp216:
	movs	r6, #1
.Ltmp217:
	@DEBUG_VALUE: HAL_RCCEx_PeriphCLKConfig:ret <- $r5
	@DEBUG_VALUE: HAL_RCCEx_PeriphCLKConfig:status <- $r6
	.loc	5 844 67 is_stmt 1              @ ../Drivers/STM32H7xx_HAL_Driver/Src/stm32h7xx_hal_rcc_ex.c:844:67
	ldrb	r0, [r4, #3]
.Ltmp218:
	.loc	5 844 7 is_stmt 0               @ ../Drivers/STM32H7xx_HAL_Driver/Src/stm32h7xx_hal_rcc_ex.c:844:7
	lsls	r0, r0, #31
	bne	.LBB0_114
.Ltmp219:
.LBB0_121:
	@DEBUG_VALUE: HAL_RCCEx_PeriphCLKConfig:status <- $r6
	@DEBUG_VALUE: HAL_RCCEx_PeriphCLKConfig:PeriphClkInit <- $r4
	.loc	5 0 7                           @ ../Drivers/STM32H7xx_HAL_Driver/Src/stm32h7xx_hal_rcc_ex.c:0:7
	mov	r9, r6
.Ltmp220:
	@DEBUG_VALUE: HAL_RCCEx_PeriphCLKConfig:status <- $r9
.LBB0_122:
	@DEBUG_VALUE: HAL_RCCEx_PeriphCLKConfig:PeriphClkInit <- $r4
	@DEBUG_VALUE: HAL_RCCEx_PeriphCLKConfig:ret <- $r5
	@DEBUG_VALUE: HAL_RCCEx_PeriphCLKConfig:status <- $r9
	.loc	5 890 67 is_stmt 1              @ ../Drivers/STM32H7xx_HAL_Driver/Src/stm32h7xx_hal_rcc_ex.c:890:67
	ldrb	r0, [r4, #2]
.Ltmp221:
	.loc	5 890 7 is_stmt 0               @ ../Drivers/STM32H7xx_HAL_Driver/Src/stm32h7xx_hal_rcc_ex.c:890:7
	lsls	r0, r0, #25
	bmi	.LBB0_124
.Ltmp222:
.LBB0_123:
	@DEBUG_VALUE: HAL_RCCEx_PeriphCLKConfig:status <- $r9
	@DEBUG_VALUE: HAL_RCCEx_PeriphCLKConfig:PeriphClkInit <- $r4
	.loc	5 0 7                           @ ../Drivers/STM32H7xx_HAL_Driver/Src/stm32h7xx_hal_rcc_ex.c:0:7
	mov	r7, r9
.Ltmp223:
	@DEBUG_VALUE: HAL_RCCEx_PeriphCLKConfig:status <- $r7
	b	.LBB0_129
.Ltmp224:
	.p2align	2
.LBB0_124:
	@DEBUG_VALUE: HAL_RCCEx_PeriphCLKConfig:status <- $r9
	@DEBUG_VALUE: HAL_RCCEx_PeriphCLKConfig:ret <- $r5
	@DEBUG_VALUE: HAL_RCCEx_PeriphCLKConfig:PeriphClkInit <- $r4
	.loc	5 896 5 is_stmt 1               @ ../Drivers/STM32H7xx_HAL_Driver/Src/stm32h7xx_hal_rcc_ex.c:896:5
	ldr.w	r0, [r8, #980]
	orr	r0, r0, #256
	str.w	r0, [r8, #980]
	.loc	5 899 17                        @ ../Drivers/STM32H7xx_HAL_Driver/Src/stm32h7xx_hal_rcc_ex.c:899:17
	bl	HAL_GetTick
.Ltmp225:
	mov	r6, r0
.Ltmp226:
	@DEBUG_VALUE: HAL_RCCEx_PeriphCLKConfig:tickstart <- $r6
	.loc	5 0 17 is_stmt 0                @ :0:17
.Ltmp227:
	.p2align	2
.LBB0_125:                              @ =>This Inner Loop Header: Depth=1
	@DEBUG_VALUE: HAL_RCCEx_PeriphCLKConfig:tickstart <- $r6
	@DEBUG_VALUE: HAL_RCCEx_PeriphCLKConfig:status <- $r9
	@DEBUG_VALUE: HAL_RCCEx_PeriphCLKConfig:ret <- $r5
	@DEBUG_VALUE: HAL_RCCEx_PeriphCLKConfig:PeriphClkInit <- $r4
	.loc	5 901 18 is_stmt 1              @ ../Drivers/STM32H7xx_HAL_Driver/Src/stm32h7xx_hal_rcc_ex.c:901:18
	ldr.w	r0, [r8, #980]
	.loc	5 901 5 is_stmt 0               @ ../Drivers/STM32H7xx_HAL_Driver/Src/stm32h7xx_hal_rcc_ex.c:901:5
	lsls	r0, r0, #23
	bmi	.LBB0_128
.Ltmp228:
@ %bb.126:                              @   in Loop: Header=BB0_125 Depth=1
	@DEBUG_VALUE: HAL_RCCEx_PeriphCLKConfig:tickstart <- $r6
	@DEBUG_VALUE: HAL_RCCEx_PeriphCLKConfig:status <- $r9
	@DEBUG_VALUE: HAL_RCCEx_PeriphCLKConfig:ret <- $r5
	@DEBUG_VALUE: HAL_RCCEx_PeriphCLKConfig:PeriphClkInit <- $r4
	.loc	5 903 12 is_stmt 1              @ ../Drivers/STM32H7xx_HAL_Driver/Src/stm32h7xx_hal_rcc_ex.c:903:12
	bl	HAL_GetTick
.Ltmp229:
	.loc	5 903 26 is_stmt 0              @ ../Drivers/STM32H7xx_HAL_Driver/Src/stm32h7xx_hal_rcc_ex.c:903:26
	subs	r0, r0, r6
.Ltmp230:
	.loc	5 903 11                        @ ../Drivers/STM32H7xx_HAL_Driver/Src/stm32h7xx_hal_rcc_ex.c:903:11
	cmp	r0, #100
	bls	.LBB0_125
.Ltmp231:
@ %bb.127:
	@DEBUG_VALUE: HAL_RCCEx_PeriphCLKConfig:tickstart <- $r6
	@DEBUG_VALUE: HAL_RCCEx_PeriphCLKConfig:status <- $r9
	@DEBUG_VALUE: HAL_RCCEx_PeriphCLKConfig:ret <- $r5
	@DEBUG_VALUE: HAL_RCCEx_PeriphCLKConfig:PeriphClkInit <- $r4
	.loc	5 0 11                          @ ../Drivers/STM32H7xx_HAL_Driver/Src/stm32h7xx_hal_rcc_ex.c:0:11
	movs	r5, #3
.Ltmp232:
	movs	r7, #3
	.loc	5 903 11                        @ ../Drivers/STM32H7xx_HAL_Driver/Src/stm32h7xx_hal_rcc_ex.c:903:11
	b	.LBB0_129
.Ltmp233:
	.loc	5 0 11                          @ :0:11
.Ltmp234:
	.p2align	2
.LBB0_128:
	@DEBUG_VALUE: HAL_RCCEx_PeriphCLKConfig:tickstart <- $r6
	@DEBUG_VALUE: HAL_RCCEx_PeriphCLKConfig:status <- $r9
	@DEBUG_VALUE: HAL_RCCEx_PeriphCLKConfig:ret <- $r5
	@DEBUG_VALUE: HAL_RCCEx_PeriphCLKConfig:PeriphClkInit <- $r4
	@DEBUG_VALUE: HAL_RCCEx_PeriphCLKConfig:ret <- $r5
	mov	r7, r5
	.loc	5 910 9 is_stmt 1               @ ../Drivers/STM32H7xx_HAL_Driver/Src/stm32h7xx_hal_rcc_ex.c:910:9
	cbz	r5, .LBB0_136
.Ltmp235:
.LBB0_129:
	@DEBUG_VALUE: HAL_RCCEx_PeriphCLKConfig:PeriphClkInit <- $r4
	@DEBUG_VALUE: HAL_RCCEx_PeriphCLKConfig:ret <- $r5
	@DEBUG_VALUE: HAL_RCCEx_PeriphCLKConfig:status <- $r7
	.loc	5 960 71                        @ ../Drivers/STM32H7xx_HAL_Driver/Src/stm32h7xx_hal_rcc_ex.c:960:71
	ldrb	r0, [r4]
.Ltmp236:
	.loc	5 960 7 is_stmt 0               @ ../Drivers/STM32H7xx_HAL_Driver/Src/stm32h7xx_hal_rcc_ex.c:960:7
	lsls	r0, r0, #31
	beq.w	.LBB0_148
.Ltmp237:
@ %bb.130:
	@DEBUG_VALUE: HAL_RCCEx_PeriphCLKConfig:status <- $r7
	@DEBUG_VALUE: HAL_RCCEx_PeriphCLKConfig:ret <- $r5
	@DEBUG_VALUE: HAL_RCCEx_PeriphCLKConfig:PeriphClkInit <- $r4
	.loc	5 962 28 is_stmt 1              @ ../Drivers/STM32H7xx_HAL_Driver/Src/stm32h7xx_hal_rcc_ex.c:962:28
	ldr	r0, [r4, #124]
	.loc	5 962 5 is_stmt 0               @ ../Drivers/STM32H7xx_HAL_Driver/Src/stm32h7xx_hal_rcc_ex.c:962:5
	ror.w	r0, r0, #3
	cmp	r0, #5
	bhi	.LBB0_143
.Ltmp238:
@ %bb.131:
	@DEBUG_VALUE: HAL_RCCEx_PeriphCLKConfig:status <- $r7
	@DEBUG_VALUE: HAL_RCCEx_PeriphCLKConfig:ret <- $r5
	@DEBUG_VALUE: HAL_RCCEx_PeriphCLKConfig:PeriphClkInit <- $r4
.LCPI0_10:
	tbb	[pc, r0]
.Ltmp239:
@ %bb.132:
	.loc	5 0 5                           @ ../Drivers/STM32H7xx_HAL_Driver/Src/stm32h7xx_hal_rcc_ex.c:0:5
.LJTI0_10:
	.byte	(.LBB0_133-(.LCPI0_10+4))/2
	.byte	(.LBB0_144-(.LCPI0_10+4))/2
	.byte	(.LBB0_142-(.LCPI0_10+4))/2
	.byte	(.LBB0_133-(.LCPI0_10+4))/2
	.byte	(.LBB0_133-(.LCPI0_10+4))/2
	.byte	(.LBB0_133-(.LCPI0_10+4))/2
	.p2align	1
	.p2align	2
.LBB0_133:
.Ltmp240:
	@DEBUG_VALUE: HAL_RCCEx_PeriphCLKConfig:status <- $r7
	@DEBUG_VALUE: HAL_RCCEx_PeriphCLKConfig:ret <- $r5
	@DEBUG_VALUE: HAL_RCCEx_PeriphCLKConfig:PeriphClkInit <- $r4
	@DEBUG_VALUE: HAL_RCCEx_PeriphCLKConfig:ret <- $r5
	.loc	5 998 9 is_stmt 1               @ ../Drivers/STM32H7xx_HAL_Driver/Src/stm32h7xx_hal_rcc_ex.c:998:9
	cmp	r5, #0
	mov	r6, r5
	bne	.LBB0_146
	b	.LBB0_147
.Ltmp241:
	.loc	5 0 9 is_stmt 0                 @ :0:9
.Ltmp242:
	.p2align	2
.LBB0_134:
	@DEBUG_VALUE: HAL_RCCEx_PeriphCLKConfig:ret <- $r5
	@DEBUG_VALUE: HAL_RCCEx_PeriphCLKConfig:status <- $r6
	@DEBUG_VALUE: HAL_RCCEx_PeriphCLKConfig:PeriphClkInit <- $r4
	.loc	5 857 50 is_stmt 1              @ ../Drivers/STM32H7xx_HAL_Driver/Src/stm32h7xx_hal_rcc_ex.c:857:50
	add.w	r0, r4, #8
	.loc	5 857 15 is_stmt 0              @ ../Drivers/STM32H7xx_HAL_Driver/Src/stm32h7xx_hal_rcc_ex.c:857:15
	movs	r1, #2
	bl	RCCEx_PLL2_Config
.Ltmp243:
	mov	r5, r0
.Ltmp244:
	@DEBUG_VALUE: HAL_RCCEx_PeriphCLKConfig:ret <- undef
	@DEBUG_VALUE: HAL_RCCEx_PeriphCLKConfig:ret <- $r5
	.loc	5 877 9 is_stmt 1               @ ../Drivers/STM32H7xx_HAL_Driver/Src/stm32h7xx_hal_rcc_ex.c:877:9
	cmp	r5, #0
	mov	r9, r5
	bne	.LBB0_122
	b	.LBB0_119
.Ltmp245:
	.loc	5 0 9 is_stmt 0                 @ :0:9
.Ltmp246:
	.p2align	2
.LBB0_135:
	@DEBUG_VALUE: HAL_RCCEx_PeriphCLKConfig:ret <- $r5
	@DEBUG_VALUE: HAL_RCCEx_PeriphCLKConfig:status <- $r6
	@DEBUG_VALUE: HAL_RCCEx_PeriphCLKConfig:PeriphClkInit <- $r4
	movs	r5, #1
.Ltmp247:
	mov.w	r9, #1
	.loc	5 846 5 is_stmt 1               @ ../Drivers/STM32H7xx_HAL_Driver/Src/stm32h7xx_hal_rcc_ex.c:846:5
	b	.LBB0_122
.Ltmp248:
	.loc	5 0 5 is_stmt 0                 @ :0:5
.Ltmp249:
	.p2align	2
.LBB0_136:
	@DEBUG_VALUE: HAL_RCCEx_PeriphCLKConfig:tickstart <- $r6
	@DEBUG_VALUE: HAL_RCCEx_PeriphCLKConfig:status <- $r9
	@DEBUG_VALUE: HAL_RCCEx_PeriphCLKConfig:ret <- $r5
	@DEBUG_VALUE: HAL_RCCEx_PeriphCLKConfig:PeriphClkInit <- $r4
	.loc	5 913 17 is_stmt 1              @ ../Drivers/STM32H7xx_HAL_Driver/Src/stm32h7xx_hal_rcc_ex.c:913:17
	ldr.w	r1, [r8, #68]
	.loc	5 913 60 is_stmt 0              @ ../Drivers/STM32H7xx_HAL_Driver/Src/stm32h7xx_hal_rcc_ex.c:913:60
	ldr.w	r0, [r4, #180]
	.loc	5 913 41                        @ ../Drivers/STM32H7xx_HAL_Driver/Src/stm32h7xx_hal_rcc_ex.c:913:41
	eors	r1, r0
.Ltmp250:
	.loc	5 913 11                        @ ../Drivers/STM32H7xx_HAL_Driver/Src/stm32h7xx_hal_rcc_ex.c:913:11
	tst.w	r1, #768
	beq	.LBB0_138
.Ltmp251:
@ %bb.137:
	@DEBUG_VALUE: HAL_RCCEx_PeriphCLKConfig:tickstart <- $r6
	@DEBUG_VALUE: HAL_RCCEx_PeriphCLKConfig:status <- $r9
	@DEBUG_VALUE: HAL_RCCEx_PeriphCLKConfig:ret <- $r5
	@DEBUG_VALUE: HAL_RCCEx_PeriphCLKConfig:PeriphClkInit <- $r4
	.loc	5 916 24 is_stmt 1              @ ../Drivers/STM32H7xx_HAL_Driver/Src/stm32h7xx_hal_rcc_ex.c:916:24
	ldr.w	r1, [r8, #68]
	.loc	5 918 9                         @ ../Drivers/STM32H7xx_HAL_Driver/Src/stm32h7xx_hal_rcc_ex.c:918:9
	ldr.w	r2, [r8, #68]
	orr	r2, r2, #65536
	str.w	r2, [r8, #68]
	.loc	5 919 9                         @ ../Drivers/STM32H7xx_HAL_Driver/Src/stm32h7xx_hal_rcc_ex.c:919:9
	ldr.w	r2, [r8, #68]
	.loc	5 916 29                        @ ../Drivers/STM32H7xx_HAL_Driver/Src/stm32h7xx_hal_rcc_ex.c:916:29
	bic	r1, r1, #768
.Ltmp252:
	@DEBUG_VALUE: HAL_RCCEx_PeriphCLKConfig:tmpreg <- $r1
	.loc	5 919 9                         @ ../Drivers/STM32H7xx_HAL_Driver/Src/stm32h7xx_hal_rcc_ex.c:919:9
	bic	r2, r2, #65536
	str.w	r2, [r8, #68]
	.loc	5 921 19                        @ ../Drivers/STM32H7xx_HAL_Driver/Src/stm32h7xx_hal_rcc_ex.c:921:19
	str.w	r1, [r8, #68]
.Ltmp253:
.LBB0_138:
	@DEBUG_VALUE: HAL_RCCEx_PeriphCLKConfig:tickstart <- $r6
	@DEBUG_VALUE: HAL_RCCEx_PeriphCLKConfig:status <- $r9
	@DEBUG_VALUE: HAL_RCCEx_PeriphCLKConfig:ret <- $r5
	@DEBUG_VALUE: HAL_RCCEx_PeriphCLKConfig:PeriphClkInit <- $r4
	.loc	5 925 11                        @ ../Drivers/STM32H7xx_HAL_Driver/Src/stm32h7xx_hal_rcc_ex.c:925:11
	cmp.w	r0, #256
	bne.w	.LBB0_277
.Ltmp254:
@ %bb.139:
	@DEBUG_VALUE: HAL_RCCEx_PeriphCLKConfig:tickstart <- $r6
	@DEBUG_VALUE: HAL_RCCEx_PeriphCLKConfig:status <- $r9
	@DEBUG_VALUE: HAL_RCCEx_PeriphCLKConfig:ret <- $r5
	@DEBUG_VALUE: HAL_RCCEx_PeriphCLKConfig:PeriphClkInit <- $r4
	.loc	5 928 21                        @ ../Drivers/STM32H7xx_HAL_Driver/Src/stm32h7xx_hal_rcc_ex.c:928:21
	bl	HAL_GetTick
.Ltmp255:
	mov	r6, r0
.Ltmp256:
	@DEBUG_VALUE: HAL_RCCEx_PeriphCLKConfig:tickstart <- $r6
	.loc	5 0 21 is_stmt 0                @ ../Drivers/STM32H7xx_HAL_Driver/Src/stm32h7xx_hal_rcc_ex.c:0:21
	movw	r10, #5000
	movs	r5, #3
.Ltmp257:
	movs	r7, #3
.Ltmp258:
	.p2align	2
.LBB0_140:                              @ =>This Inner Loop Header: Depth=1
	@DEBUG_VALUE: HAL_RCCEx_PeriphCLKConfig:tickstart <- $r6
	@DEBUG_VALUE: HAL_RCCEx_PeriphCLKConfig:status <- $r9
	@DEBUG_VALUE: HAL_RCCEx_PeriphCLKConfig:PeriphClkInit <- $r4
	.loc	5 931 16 is_stmt 1              @ ../Drivers/STM32H7xx_HAL_Driver/Src/stm32h7xx_hal_rcc_ex.c:931:16
	ldr.w	r0, [r8, #68]
	.loc	5 931 9 is_stmt 0               @ ../Drivers/STM32H7xx_HAL_Driver/Src/stm32h7xx_hal_rcc_ex.c:931:9
	lsls	r0, r0, #30
	bmi.w	.LBB0_276
.Ltmp259:
@ %bb.141:                              @   in Loop: Header=BB0_140 Depth=1
	@DEBUG_VALUE: HAL_RCCEx_PeriphCLKConfig:tickstart <- $r6
	@DEBUG_VALUE: HAL_RCCEx_PeriphCLKConfig:status <- $r9
	@DEBUG_VALUE: HAL_RCCEx_PeriphCLKConfig:PeriphClkInit <- $r4
	.loc	5 933 16 is_stmt 1              @ ../Drivers/STM32H7xx_HAL_Driver/Src/stm32h7xx_hal_rcc_ex.c:933:16
	bl	HAL_GetTick
.Ltmp260:
	.loc	5 933 30 is_stmt 0              @ ../Drivers/STM32H7xx_HAL_Driver/Src/stm32h7xx_hal_rcc_ex.c:933:30
	subs	r0, r0, r6
.Ltmp261:
	.loc	5 933 15                        @ ../Drivers/STM32H7xx_HAL_Driver/Src/stm32h7xx_hal_rcc_ex.c:933:15
	cmp	r0, r10
	bls	.LBB0_140
	b	.LBB0_129
.Ltmp262:
	.loc	5 0 15                          @ :0:15
.Ltmp263:
	.p2align	2
.LBB0_142:
	@DEBUG_VALUE: HAL_RCCEx_PeriphCLKConfig:status <- $r7
	@DEBUG_VALUE: HAL_RCCEx_PeriphCLKConfig:ret <- $r5
	@DEBUG_VALUE: HAL_RCCEx_PeriphCLKConfig:PeriphClkInit <- $r4
	.loc	5 974 50 is_stmt 1              @ ../Drivers/STM32H7xx_HAL_Driver/Src/stm32h7xx_hal_rcc_ex.c:974:50
	add.w	r0, r4, #40
	.loc	5 974 15 is_stmt 0              @ ../Drivers/STM32H7xx_HAL_Driver/Src/stm32h7xx_hal_rcc_ex.c:974:15
	movs	r1, #1
	bl	RCCEx_PLL3_Config
.Ltmp264:
	.loc	5 0 15                          @ ../Drivers/STM32H7xx_HAL_Driver/Src/stm32h7xx_hal_rcc_ex.c:0:15
	b	.LBB0_145
.Ltmp265:
	.p2align	2
.LBB0_143:
	@DEBUG_VALUE: HAL_RCCEx_PeriphCLKConfig:status <- $r7
	@DEBUG_VALUE: HAL_RCCEx_PeriphCLKConfig:ret <- $r5
	@DEBUG_VALUE: HAL_RCCEx_PeriphCLKConfig:PeriphClkInit <- $r4
	movs	r5, #1
.Ltmp266:
	movs	r6, #1
.Ltmp267:
	@DEBUG_VALUE: HAL_RCCEx_PeriphCLKConfig:ret <- $r5
	@DEBUG_VALUE: HAL_RCCEx_PeriphCLKConfig:status <- $r6
	.loc	5 1011 75 is_stmt 1             @ ../Drivers/STM32H7xx_HAL_Driver/Src/stm32h7xx_hal_rcc_ex.c:1011:75
	ldrb	r0, [r4]
.Ltmp268:
	.loc	5 1011 7 is_stmt 0              @ ../Drivers/STM32H7xx_HAL_Driver/Src/stm32h7xx_hal_rcc_ex.c:1011:7
	lsls	r0, r0, #30
	bmi	.LBB0_149
	b	.LBB0_159
.Ltmp269:
	.loc	5 0 7                           @ :0:7
.Ltmp270:
	.p2align	2
.LBB0_144:
	@DEBUG_VALUE: HAL_RCCEx_PeriphCLKConfig:status <- $r7
	@DEBUG_VALUE: HAL_RCCEx_PeriphCLKConfig:ret <- $r5
	@DEBUG_VALUE: HAL_RCCEx_PeriphCLKConfig:PeriphClkInit <- $r4
	.loc	5 969 50 is_stmt 1              @ ../Drivers/STM32H7xx_HAL_Driver/Src/stm32h7xx_hal_rcc_ex.c:969:50
	add.w	r0, r4, #8
	.loc	5 969 15 is_stmt 0              @ ../Drivers/STM32H7xx_HAL_Driver/Src/stm32h7xx_hal_rcc_ex.c:969:15
	movs	r1, #1
	bl	RCCEx_PLL2_Config
.Ltmp271:
.LBB0_145:
	@DEBUG_VALUE: HAL_RCCEx_PeriphCLKConfig:status <- $r7
	@DEBUG_VALUE: HAL_RCCEx_PeriphCLKConfig:ret <- $r5
	@DEBUG_VALUE: HAL_RCCEx_PeriphCLKConfig:PeriphClkInit <- $r4
	.loc	5 0 0                           @ ../Drivers/STM32H7xx_HAL_Driver/Src/stm32h7xx_hal_rcc_ex.c:0:0
	mov	r5, r0
.Ltmp272:
	@DEBUG_VALUE: HAL_RCCEx_PeriphCLKConfig:ret <- undef
	@DEBUG_VALUE: HAL_RCCEx_PeriphCLKConfig:ret <- $r5
	mov	r6, r5
.Ltmp273:
	.loc	5 998 9 is_stmt 1               @ ../Drivers/STM32H7xx_HAL_Driver/Src/stm32h7xx_hal_rcc_ex.c:998:9
	cbz	r5, .LBB0_147
.Ltmp274:
.LBB0_146:
	@DEBUG_VALUE: HAL_RCCEx_PeriphCLKConfig:status <- $r7
	@DEBUG_VALUE: HAL_RCCEx_PeriphCLKConfig:ret <- $r5
	@DEBUG_VALUE: HAL_RCCEx_PeriphCLKConfig:PeriphClkInit <- $r4
	@DEBUG_VALUE: HAL_RCCEx_PeriphCLKConfig:ret <- $r5
	@DEBUG_VALUE: HAL_RCCEx_PeriphCLKConfig:status <- $r6
	.loc	5 1011 75                       @ ../Drivers/STM32H7xx_HAL_Driver/Src/stm32h7xx_hal_rcc_ex.c:1011:75
	ldrb	r0, [r4]
.Ltmp275:
	.loc	5 1011 7 is_stmt 0              @ ../Drivers/STM32H7xx_HAL_Driver/Src/stm32h7xx_hal_rcc_ex.c:1011:7
	lsls	r0, r0, #30
	bmi	.LBB0_149
	b	.LBB0_159
.Ltmp276:
	.loc	5 0 7                           @ :0:7
.Ltmp277:
	.p2align	2
.LBB0_147:
	@DEBUG_VALUE: HAL_RCCEx_PeriphCLKConfig:status <- $r7
	@DEBUG_VALUE: HAL_RCCEx_PeriphCLKConfig:ret <- $r5
	@DEBUG_VALUE: HAL_RCCEx_PeriphCLKConfig:PeriphClkInit <- $r4
	.loc	5 1001 7 is_stmt 1              @ ../Drivers/STM32H7xx_HAL_Driver/Src/stm32h7xx_hal_rcc_ex.c:1001:7
	ldr.w	r0, [r8, #40]
	ldr	r1, [r4, #124]
	bic	r0, r0, #56
	movs	r5, #0
.Ltmp278:
	orrs	r0, r1
	str.w	r0, [r8, #40]
.Ltmp279:
.LBB0_148:
	@DEBUG_VALUE: HAL_RCCEx_PeriphCLKConfig:status <- $r7
	@DEBUG_VALUE: HAL_RCCEx_PeriphCLKConfig:PeriphClkInit <- $r4
	.loc	5 0 7 is_stmt 0                 @ ../Drivers/STM32H7xx_HAL_Driver/Src/stm32h7xx_hal_rcc_ex.c:0:7
	mov	r6, r7
.Ltmp280:
	@DEBUG_VALUE: HAL_RCCEx_PeriphCLKConfig:status <- $r6
	@DEBUG_VALUE: HAL_RCCEx_PeriphCLKConfig:ret <- $r5
	@DEBUG_VALUE: HAL_RCCEx_PeriphCLKConfig:status <- $r6
	.loc	5 1011 75 is_stmt 1             @ ../Drivers/STM32H7xx_HAL_Driver/Src/stm32h7xx_hal_rcc_ex.c:1011:75
	ldrb	r0, [r4]
.Ltmp281:
	.loc	5 1011 7 is_stmt 0              @ ../Drivers/STM32H7xx_HAL_Driver/Src/stm32h7xx_hal_rcc_ex.c:1011:7
	lsls	r0, r0, #30
	bpl	.LBB0_159
.Ltmp282:
.LBB0_149:
	@DEBUG_VALUE: HAL_RCCEx_PeriphCLKConfig:ret <- $r5
	@DEBUG_VALUE: HAL_RCCEx_PeriphCLKConfig:status <- $r6
	@DEBUG_VALUE: HAL_RCCEx_PeriphCLKConfig:PeriphClkInit <- $r4
	.loc	5 1013 28 is_stmt 1             @ ../Drivers/STM32H7xx_HAL_Driver/Src/stm32h7xx_hal_rcc_ex.c:1013:28
	ldr	r0, [r4, #120]
	.loc	5 1013 5 is_stmt 0              @ ../Drivers/STM32H7xx_HAL_Driver/Src/stm32h7xx_hal_rcc_ex.c:1013:5
	cmp	r0, #5
	bhi	.LBB0_154
.Ltmp283:
@ %bb.150:
	@DEBUG_VALUE: HAL_RCCEx_PeriphCLKConfig:ret <- $r5
	@DEBUG_VALUE: HAL_RCCEx_PeriphCLKConfig:status <- $r6
	@DEBUG_VALUE: HAL_RCCEx_PeriphCLKConfig:PeriphClkInit <- $r4
.LCPI0_11:
	tbb	[pc, r0]
.Ltmp284:
@ %bb.151:
	.loc	5 0 5                           @ ../Drivers/STM32H7xx_HAL_Driver/Src/stm32h7xx_hal_rcc_ex.c:0:5
.LJTI0_11:
	.byte	(.LBB0_152-(.LCPI0_11+4))/2
	.byte	(.LBB0_155-(.LCPI0_11+4))/2
	.byte	(.LBB0_153-(.LCPI0_11+4))/2
	.byte	(.LBB0_152-(.LCPI0_11+4))/2
	.byte	(.LBB0_152-(.LCPI0_11+4))/2
	.byte	(.LBB0_152-(.LCPI0_11+4))/2
	.p2align	1
	.p2align	2
.LBB0_152:
.Ltmp285:
	@DEBUG_VALUE: HAL_RCCEx_PeriphCLKConfig:ret <- $r5
	@DEBUG_VALUE: HAL_RCCEx_PeriphCLKConfig:status <- $r6
	@DEBUG_VALUE: HAL_RCCEx_PeriphCLKConfig:PeriphClkInit <- $r4
	@DEBUG_VALUE: HAL_RCCEx_PeriphCLKConfig:ret <- $r5
	mov	r7, r5
	.loc	5 1049 9 is_stmt 1              @ ../Drivers/STM32H7xx_HAL_Driver/Src/stm32h7xx_hal_rcc_ex.c:1049:9
	cbnz	r5, .LBB0_157
	b	.LBB0_158
.Ltmp286:
	.loc	5 0 9 is_stmt 0                 @ :0:9
.Ltmp287:
	.p2align	2
.LBB0_153:
	@DEBUG_VALUE: HAL_RCCEx_PeriphCLKConfig:ret <- $r5
	@DEBUG_VALUE: HAL_RCCEx_PeriphCLKConfig:status <- $r6
	@DEBUG_VALUE: HAL_RCCEx_PeriphCLKConfig:PeriphClkInit <- $r4
	.loc	5 1025 50 is_stmt 1             @ ../Drivers/STM32H7xx_HAL_Driver/Src/stm32h7xx_hal_rcc_ex.c:1025:50
	add.w	r0, r4, #40
	.loc	5 1025 15 is_stmt 0             @ ../Drivers/STM32H7xx_HAL_Driver/Src/stm32h7xx_hal_rcc_ex.c:1025:15
	movs	r1, #1
	bl	RCCEx_PLL3_Config
.Ltmp288:
	.loc	5 0 15                          @ ../Drivers/STM32H7xx_HAL_Driver/Src/stm32h7xx_hal_rcc_ex.c:0:15
	b	.LBB0_156
.Ltmp289:
	.p2align	2
.LBB0_154:
	@DEBUG_VALUE: HAL_RCCEx_PeriphCLKConfig:ret <- $r5
	@DEBUG_VALUE: HAL_RCCEx_PeriphCLKConfig:status <- $r6
	@DEBUG_VALUE: HAL_RCCEx_PeriphCLKConfig:PeriphClkInit <- $r4
	movs	r5, #1
.Ltmp290:
	movs	r7, #1
.Ltmp291:
	@DEBUG_VALUE: HAL_RCCEx_PeriphCLKConfig:ret <- $r5
	@DEBUG_VALUE: HAL_RCCEx_PeriphCLKConfig:status <- $r7
	.loc	5 1062 71 is_stmt 1             @ ../Drivers/STM32H7xx_HAL_Driver/Src/stm32h7xx_hal_rcc_ex.c:1062:71
	ldrb	r0, [r4]
.Ltmp292:
	.loc	5 1062 7 is_stmt 0              @ ../Drivers/STM32H7xx_HAL_Driver/Src/stm32h7xx_hal_rcc_ex.c:1062:7
	lsls	r0, r0, #29
	bmi	.LBB0_160
	b	.LBB0_170
.Ltmp293:
	.loc	5 0 7                           @ :0:7
.Ltmp294:
	.p2align	2
.LBB0_155:
	@DEBUG_VALUE: HAL_RCCEx_PeriphCLKConfig:ret <- $r5
	@DEBUG_VALUE: HAL_RCCEx_PeriphCLKConfig:status <- $r6
	@DEBUG_VALUE: HAL_RCCEx_PeriphCLKConfig:PeriphClkInit <- $r4
	.loc	5 1020 50 is_stmt 1             @ ../Drivers/STM32H7xx_HAL_Driver/Src/stm32h7xx_hal_rcc_ex.c:1020:50
	add.w	r0, r4, #8
	.loc	5 1020 15 is_stmt 0             @ ../Drivers/STM32H7xx_HAL_Driver/Src/stm32h7xx_hal_rcc_ex.c:1020:15
	movs	r1, #1
	bl	RCCEx_PLL2_Config
.Ltmp295:
.LBB0_156:
	@DEBUG_VALUE: HAL_RCCEx_PeriphCLKConfig:ret <- $r5
	@DEBUG_VALUE: HAL_RCCEx_PeriphCLKConfig:status <- $r6
	@DEBUG_VALUE: HAL_RCCEx_PeriphCLKConfig:PeriphClkInit <- $r4
	.loc	5 0 0                           @ ../Drivers/STM32H7xx_HAL_Driver/Src/stm32h7xx_hal_rcc_ex.c:0:0
	mov	r5, r0
.Ltmp296:
	@DEBUG_VALUE: HAL_RCCEx_PeriphCLKConfig:ret <- undef
	@DEBUG_VALUE: HAL_RCCEx_PeriphCLKConfig:ret <- $r5
	mov	r7, r5
.Ltmp297:
	.loc	5 1049 9 is_stmt 1              @ ../Drivers/STM32H7xx_HAL_Driver/Src/stm32h7xx_hal_rcc_ex.c:1049:9
	cbz	r5, .LBB0_158
.Ltmp298:
.LBB0_157:
	@DEBUG_VALUE: HAL_RCCEx_PeriphCLKConfig:ret <- $r5
	@DEBUG_VALUE: HAL_RCCEx_PeriphCLKConfig:status <- $r6
	@DEBUG_VALUE: HAL_RCCEx_PeriphCLKConfig:PeriphClkInit <- $r4
	@DEBUG_VALUE: HAL_RCCEx_PeriphCLKConfig:ret <- $r5
	@DEBUG_VALUE: HAL_RCCEx_PeriphCLKConfig:status <- $r7
	.loc	5 1062 71                       @ ../Drivers/STM32H7xx_HAL_Driver/Src/stm32h7xx_hal_rcc_ex.c:1062:71
	ldrb	r0, [r4]
.Ltmp299:
	.loc	5 1062 7 is_stmt 0              @ ../Drivers/STM32H7xx_HAL_Driver/Src/stm32h7xx_hal_rcc_ex.c:1062:7
	lsls	r0, r0, #29
	bmi	.LBB0_160
	b	.LBB0_170
.Ltmp300:
	.loc	5 0 7                           @ :0:7
.Ltmp301:
	.p2align	2
.LBB0_158:
	@DEBUG_VALUE: HAL_RCCEx_PeriphCLKConfig:ret <- $r5
	@DEBUG_VALUE: HAL_RCCEx_PeriphCLKConfig:status <- $r6
	@DEBUG_VALUE: HAL_RCCEx_PeriphCLKConfig:PeriphClkInit <- $r4
	.loc	5 1052 7 is_stmt 1              @ ../Drivers/STM32H7xx_HAL_Driver/Src/stm32h7xx_hal_rcc_ex.c:1052:7
	ldr.w	r0, [r8, #40]
	ldr	r1, [r4, #120]
	bic	r0, r0, #7
	movs	r5, #0
.Ltmp302:
	orrs	r0, r1
	str.w	r0, [r8, #40]
.Ltmp303:
.LBB0_159:
	@DEBUG_VALUE: HAL_RCCEx_PeriphCLKConfig:status <- $r6
	@DEBUG_VALUE: HAL_RCCEx_PeriphCLKConfig:PeriphClkInit <- $r4
	.loc	5 0 7 is_stmt 0                 @ ../Drivers/STM32H7xx_HAL_Driver/Src/stm32h7xx_hal_rcc_ex.c:0:7
	mov	r7, r6
.Ltmp304:
	@DEBUG_VALUE: HAL_RCCEx_PeriphCLKConfig:status <- $r7
	@DEBUG_VALUE: HAL_RCCEx_PeriphCLKConfig:ret <- $r5
	@DEBUG_VALUE: HAL_RCCEx_PeriphCLKConfig:status <- $r7
	.loc	5 1062 71 is_stmt 1             @ ../Drivers/STM32H7xx_HAL_Driver/Src/stm32h7xx_hal_rcc_ex.c:1062:71
	ldrb	r0, [r4]
.Ltmp305:
	.loc	5 1062 7 is_stmt 0              @ ../Drivers/STM32H7xx_HAL_Driver/Src/stm32h7xx_hal_rcc_ex.c:1062:7
	lsls	r0, r0, #29
	bpl	.LBB0_170
.Ltmp306:
.LBB0_160:
	@DEBUG_VALUE: HAL_RCCEx_PeriphCLKConfig:status <- $r7
	@DEBUG_VALUE: HAL_RCCEx_PeriphCLKConfig:ret <- $r5
	@DEBUG_VALUE: HAL_RCCEx_PeriphCLKConfig:PeriphClkInit <- $r4
	.loc	5 1064 28 is_stmt 1             @ ../Drivers/STM32H7xx_HAL_Driver/Src/stm32h7xx_hal_rcc_ex.c:1064:28
	ldr.w	r0, [r4, #148]
	.loc	5 1064 5 is_stmt 0              @ ../Drivers/STM32H7xx_HAL_Driver/Src/stm32h7xx_hal_rcc_ex.c:1064:5
	cmp	r0, #5
	bhi	.LBB0_165
.Ltmp307:
@ %bb.161:
	@DEBUG_VALUE: HAL_RCCEx_PeriphCLKConfig:status <- $r7
	@DEBUG_VALUE: HAL_RCCEx_PeriphCLKConfig:ret <- $r5
	@DEBUG_VALUE: HAL_RCCEx_PeriphCLKConfig:PeriphClkInit <- $r4
.LCPI0_12:
	tbb	[pc, r0]
.Ltmp308:
@ %bb.162:
	.loc	5 0 5                           @ ../Drivers/STM32H7xx_HAL_Driver/Src/stm32h7xx_hal_rcc_ex.c:0:5
.LJTI0_12:
	.byte	(.LBB0_163-(.LCPI0_12+4))/2
	.byte	(.LBB0_166-(.LCPI0_12+4))/2
	.byte	(.LBB0_164-(.LCPI0_12+4))/2
	.byte	(.LBB0_163-(.LCPI0_12+4))/2
	.byte	(.LBB0_163-(.LCPI0_12+4))/2
	.byte	(.LBB0_163-(.LCPI0_12+4))/2
	.p2align	1
	.p2align	2
.LBB0_163:
.Ltmp309:
	@DEBUG_VALUE: HAL_RCCEx_PeriphCLKConfig:status <- $r7
	@DEBUG_VALUE: HAL_RCCEx_PeriphCLKConfig:ret <- $r5
	@DEBUG_VALUE: HAL_RCCEx_PeriphCLKConfig:PeriphClkInit <- $r4
	@DEBUG_VALUE: HAL_RCCEx_PeriphCLKConfig:ret <- $r5
	mov	r6, r5
	.loc	5 1100 9 is_stmt 1              @ ../Drivers/STM32H7xx_HAL_Driver/Src/stm32h7xx_hal_rcc_ex.c:1100:9
	cbnz	r5, .LBB0_168
	b	.LBB0_169
.Ltmp310:
	.loc	5 0 9 is_stmt 0                 @ :0:9
.Ltmp311:
	.p2align	2
.LBB0_164:
	@DEBUG_VALUE: HAL_RCCEx_PeriphCLKConfig:status <- $r7
	@DEBUG_VALUE: HAL_RCCEx_PeriphCLKConfig:ret <- $r5
	@DEBUG_VALUE: HAL_RCCEx_PeriphCLKConfig:PeriphClkInit <- $r4
	.loc	5 1076 50 is_stmt 1             @ ../Drivers/STM32H7xx_HAL_Driver/Src/stm32h7xx_hal_rcc_ex.c:1076:50
	add.w	r0, r4, #40
	.loc	5 1076 15 is_stmt 0             @ ../Drivers/STM32H7xx_HAL_Driver/Src/stm32h7xx_hal_rcc_ex.c:1076:15
	movs	r1, #1
	bl	RCCEx_PLL3_Config
.Ltmp312:
	.loc	5 0 15                          @ ../Drivers/STM32H7xx_HAL_Driver/Src/stm32h7xx_hal_rcc_ex.c:0:15
	b	.LBB0_167
.Ltmp313:
	.p2align	2
.LBB0_165:
	@DEBUG_VALUE: HAL_RCCEx_PeriphCLKConfig:status <- $r7
	@DEBUG_VALUE: HAL_RCCEx_PeriphCLKConfig:ret <- $r5
	@DEBUG_VALUE: HAL_RCCEx_PeriphCLKConfig:PeriphClkInit <- $r4
	movs	r5, #1
.Ltmp314:
	movs	r6, #1
.Ltmp315:
	@DEBUG_VALUE: HAL_RCCEx_PeriphCLKConfig:ret <- $r5
	@DEBUG_VALUE: HAL_RCCEx_PeriphCLKConfig:status <- $r6
	.loc	5 1113 70 is_stmt 1             @ ../Drivers/STM32H7xx_HAL_Driver/Src/stm32h7xx_hal_rcc_ex.c:1113:70
	ldrb	r0, [r4]
.Ltmp316:
	.loc	5 1113 7 is_stmt 0              @ ../Drivers/STM32H7xx_HAL_Driver/Src/stm32h7xx_hal_rcc_ex.c:1113:7
	lsls	r0, r0, #26
	bmi	.LBB0_171
	b	.LBB0_181
.Ltmp317:
	.loc	5 0 7                           @ :0:7
.Ltmp318:
	.p2align	2
.LBB0_166:
	@DEBUG_VALUE: HAL_RCCEx_PeriphCLKConfig:status <- $r7
	@DEBUG_VALUE: HAL_RCCEx_PeriphCLKConfig:ret <- $r5
	@DEBUG_VALUE: HAL_RCCEx_PeriphCLKConfig:PeriphClkInit <- $r4
	.loc	5 1071 50 is_stmt 1             @ ../Drivers/STM32H7xx_HAL_Driver/Src/stm32h7xx_hal_rcc_ex.c:1071:50
	add.w	r0, r4, #8
	.loc	5 1071 15 is_stmt 0             @ ../Drivers/STM32H7xx_HAL_Driver/Src/stm32h7xx_hal_rcc_ex.c:1071:15
	movs	r1, #1
	bl	RCCEx_PLL2_Config
.Ltmp319:
.LBB0_167:
	@DEBUG_VALUE: HAL_RCCEx_PeriphCLKConfig:status <- $r7
	@DEBUG_VALUE: HAL_RCCEx_PeriphCLKConfig:ret <- $r5
	@DEBUG_VALUE: HAL_RCCEx_PeriphCLKConfig:PeriphClkInit <- $r4
	.loc	5 0 0                           @ ../Drivers/STM32H7xx_HAL_Driver/Src/stm32h7xx_hal_rcc_ex.c:0:0
	mov	r5, r0
.Ltmp320:
	@DEBUG_VALUE: HAL_RCCEx_PeriphCLKConfig:ret <- undef
	@DEBUG_VALUE: HAL_RCCEx_PeriphCLKConfig:ret <- $r5
	mov	r6, r5
.Ltmp321:
	.loc	5 1100 9 is_stmt 1              @ ../Drivers/STM32H7xx_HAL_Driver/Src/stm32h7xx_hal_rcc_ex.c:1100:9
	cbz	r5, .LBB0_169
.Ltmp322:
.LBB0_168:
	@DEBUG_VALUE: HAL_RCCEx_PeriphCLKConfig:status <- $r7
	@DEBUG_VALUE: HAL_RCCEx_PeriphCLKConfig:ret <- $r5
	@DEBUG_VALUE: HAL_RCCEx_PeriphCLKConfig:PeriphClkInit <- $r4
	@DEBUG_VALUE: HAL_RCCEx_PeriphCLKConfig:ret <- $r5
	@DEBUG_VALUE: HAL_RCCEx_PeriphCLKConfig:status <- $r6
	.loc	5 1113 70                       @ ../Drivers/STM32H7xx_HAL_Driver/Src/stm32h7xx_hal_rcc_ex.c:1113:70
	ldrb	r0, [r4]
.Ltmp323:
	.loc	5 1113 7 is_stmt 0              @ ../Drivers/STM32H7xx_HAL_Driver/Src/stm32h7xx_hal_rcc_ex.c:1113:7
	lsls	r0, r0, #26
	bmi	.LBB0_171
	b	.LBB0_181
.Ltmp324:
	.loc	5 0 7                           @ :0:7
.Ltmp325:
	.p2align	2
.LBB0_169:
	@DEBUG_VALUE: HAL_RCCEx_PeriphCLKConfig:status <- $r7
	@DEBUG_VALUE: HAL_RCCEx_PeriphCLKConfig:ret <- $r5
	@DEBUG_VALUE: HAL_RCCEx_PeriphCLKConfig:PeriphClkInit <- $r4
	.loc	5 1103 7 is_stmt 1              @ ../Drivers/STM32H7xx_HAL_Driver/Src/stm32h7xx_hal_rcc_ex.c:1103:7
	ldr.w	r0, [r8, #44]
	ldr.w	r1, [r4, #148]
	bic	r0, r0, #7
	movs	r5, #0
.Ltmp326:
	orrs	r0, r1
	str.w	r0, [r8, #44]
.Ltmp327:
.LBB0_170:
	@DEBUG_VALUE: HAL_RCCEx_PeriphCLKConfig:status <- $r7
	@DEBUG_VALUE: HAL_RCCEx_PeriphCLKConfig:PeriphClkInit <- $r4
	.loc	5 0 7 is_stmt 0                 @ ../Drivers/STM32H7xx_HAL_Driver/Src/stm32h7xx_hal_rcc_ex.c:0:7
	mov	r6, r7
.Ltmp328:
	@DEBUG_VALUE: HAL_RCCEx_PeriphCLKConfig:status <- $r6
	@DEBUG_VALUE: HAL_RCCEx_PeriphCLKConfig:ret <- $r5
	@DEBUG_VALUE: HAL_RCCEx_PeriphCLKConfig:status <- $r6
	.loc	5 1113 70 is_stmt 1             @ ../Drivers/STM32H7xx_HAL_Driver/Src/stm32h7xx_hal_rcc_ex.c:1113:70
	ldrb	r0, [r4]
.Ltmp329:
	.loc	5 1113 7 is_stmt 0              @ ../Drivers/STM32H7xx_HAL_Driver/Src/stm32h7xx_hal_rcc_ex.c:1113:7
	lsls	r0, r0, #26
	bpl	.LBB0_181
.Ltmp330:
.LBB0_171:
	@DEBUG_VALUE: HAL_RCCEx_PeriphCLKConfig:ret <- $r5
	@DEBUG_VALUE: HAL_RCCEx_PeriphCLKConfig:status <- $r6
	@DEBUG_VALUE: HAL_RCCEx_PeriphCLKConfig:PeriphClkInit <- $r4
	.loc	5 1115 28 is_stmt 1             @ ../Drivers/STM32H7xx_HAL_Driver/Src/stm32h7xx_hal_rcc_ex.c:1115:28
	ldr.w	r0, [r4, #144]
	.loc	5 1115 5 is_stmt 0              @ ../Drivers/STM32H7xx_HAL_Driver/Src/stm32h7xx_hal_rcc_ex.c:1115:5
	ror.w	r0, r0, #28
	cmp	r0, #5
	bhi	.LBB0_176
.Ltmp331:
@ %bb.172:
	@DEBUG_VALUE: HAL_RCCEx_PeriphCLKConfig:ret <- $r5
	@DEBUG_VALUE: HAL_RCCEx_PeriphCLKConfig:status <- $r6
	@DEBUG_VALUE: HAL_RCCEx_PeriphCLKConfig:PeriphClkInit <- $r4
.LCPI0_13:
	tbb	[pc, r0]
.Ltmp332:
@ %bb.173:
	.loc	5 0 5                           @ ../Drivers/STM32H7xx_HAL_Driver/Src/stm32h7xx_hal_rcc_ex.c:0:5
.LJTI0_13:
	.byte	(.LBB0_174-(.LCPI0_13+4))/2
	.byte	(.LBB0_177-(.LCPI0_13+4))/2
	.byte	(.LBB0_175-(.LCPI0_13+4))/2
	.byte	(.LBB0_174-(.LCPI0_13+4))/2
	.byte	(.LBB0_174-(.LCPI0_13+4))/2
	.byte	(.LBB0_174-(.LCPI0_13+4))/2
	.p2align	1
	.p2align	2
.LBB0_174:
.Ltmp333:
	@DEBUG_VALUE: HAL_RCCEx_PeriphCLKConfig:ret <- $r5
	@DEBUG_VALUE: HAL_RCCEx_PeriphCLKConfig:status <- $r6
	@DEBUG_VALUE: HAL_RCCEx_PeriphCLKConfig:PeriphClkInit <- $r4
	@DEBUG_VALUE: HAL_RCCEx_PeriphCLKConfig:ret <- $r5
	mov	r7, r5
	.loc	5 1153 9 is_stmt 1              @ ../Drivers/STM32H7xx_HAL_Driver/Src/stm32h7xx_hal_rcc_ex.c:1153:9
	cbnz	r5, .LBB0_179
	b	.LBB0_180
.Ltmp334:
	.loc	5 0 9 is_stmt 0                 @ :0:9
.Ltmp335:
	.p2align	2
.LBB0_175:
	@DEBUG_VALUE: HAL_RCCEx_PeriphCLKConfig:ret <- $r5
	@DEBUG_VALUE: HAL_RCCEx_PeriphCLKConfig:status <- $r6
	@DEBUG_VALUE: HAL_RCCEx_PeriphCLKConfig:PeriphClkInit <- $r4
	.loc	5 1129 50 is_stmt 1             @ ../Drivers/STM32H7xx_HAL_Driver/Src/stm32h7xx_hal_rcc_ex.c:1129:50
	add.w	r0, r4, #40
	.loc	5 1129 15 is_stmt 0             @ ../Drivers/STM32H7xx_HAL_Driver/Src/stm32h7xx_hal_rcc_ex.c:1129:15
	movs	r1, #2
	bl	RCCEx_PLL3_Config
.Ltmp336:
	.loc	5 0 15                          @ ../Drivers/STM32H7xx_HAL_Driver/Src/stm32h7xx_hal_rcc_ex.c:0:15
	b	.LBB0_178
.Ltmp337:
	.p2align	2
.LBB0_176:
	@DEBUG_VALUE: HAL_RCCEx_PeriphCLKConfig:ret <- $r5
	@DEBUG_VALUE: HAL_RCCEx_PeriphCLKConfig:status <- $r6
	@DEBUG_VALUE: HAL_RCCEx_PeriphCLKConfig:PeriphClkInit <- $r4
	movs	r5, #1
.Ltmp338:
	movs	r7, #1
.Ltmp339:
	@DEBUG_VALUE: HAL_RCCEx_PeriphCLKConfig:ret <- $r5
	@DEBUG_VALUE: HAL_RCCEx_PeriphCLKConfig:status <- $r7
	.loc	5 1166 70 is_stmt 1             @ ../Drivers/STM32H7xx_HAL_Driver/Src/stm32h7xx_hal_rcc_ex.c:1166:70
	ldrb	r0, [r4]
.Ltmp340:
	.loc	5 1166 7 is_stmt 0              @ ../Drivers/STM32H7xx_HAL_Driver/Src/stm32h7xx_hal_rcc_ex.c:1166:7
	lsls	r0, r0, #25
	bmi	.LBB0_182
	b	.LBB0_192
.Ltmp341:
	.loc	5 0 7                           @ :0:7
.Ltmp342:
	.p2align	2
.LBB0_177:
	@DEBUG_VALUE: HAL_RCCEx_PeriphCLKConfig:ret <- $r5
	@DEBUG_VALUE: HAL_RCCEx_PeriphCLKConfig:status <- $r6
	@DEBUG_VALUE: HAL_RCCEx_PeriphCLKConfig:PeriphClkInit <- $r4
	.loc	5 1123 50 is_stmt 1             @ ../Drivers/STM32H7xx_HAL_Driver/Src/stm32h7xx_hal_rcc_ex.c:1123:50
	add.w	r0, r4, #8
	.loc	5 1123 15 is_stmt 0             @ ../Drivers/STM32H7xx_HAL_Driver/Src/stm32h7xx_hal_rcc_ex.c:1123:15
	movs	r1, #0
	bl	RCCEx_PLL2_Config
.Ltmp343:
.LBB0_178:
	@DEBUG_VALUE: HAL_RCCEx_PeriphCLKConfig:ret <- $r5
	@DEBUG_VALUE: HAL_RCCEx_PeriphCLKConfig:status <- $r6
	@DEBUG_VALUE: HAL_RCCEx_PeriphCLKConfig:PeriphClkInit <- $r4
	.loc	5 0 0                           @ ../Drivers/STM32H7xx_HAL_Driver/Src/stm32h7xx_hal_rcc_ex.c:0:0
	mov	r5, r0
.Ltmp344:
	@DEBUG_VALUE: HAL_RCCEx_PeriphCLKConfig:ret <- undef
	@DEBUG_VALUE: HAL_RCCEx_PeriphCLKConfig:ret <- $r5
	mov	r7, r5
.Ltmp345:
	.loc	5 1153 9 is_stmt 1              @ ../Drivers/STM32H7xx_HAL_Driver/Src/stm32h7xx_hal_rcc_ex.c:1153:9
	cbz	r5, .LBB0_180
.Ltmp346:
.LBB0_179:
	@DEBUG_VALUE: HAL_RCCEx_PeriphCLKConfig:ret <- $r5
	@DEBUG_VALUE: HAL_RCCEx_PeriphCLKConfig:status <- $r6
	@DEBUG_VALUE: HAL_RCCEx_PeriphCLKConfig:PeriphClkInit <- $r4
	@DEBUG_VALUE: HAL_RCCEx_PeriphCLKConfig:ret <- $r5
	@DEBUG_VALUE: HAL_RCCEx_PeriphCLKConfig:status <- $r7
	.loc	5 1166 70                       @ ../Drivers/STM32H7xx_HAL_Driver/Src/stm32h7xx_hal_rcc_ex.c:1166:70
	ldrb	r0, [r4]
.Ltmp347:
	.loc	5 1166 7 is_stmt 0              @ ../Drivers/STM32H7xx_HAL_Driver/Src/stm32h7xx_hal_rcc_ex.c:1166:7
	lsls	r0, r0, #25
	bmi	.LBB0_182
	b	.LBB0_192
.Ltmp348:
	.loc	5 0 7                           @ :0:7
.Ltmp349:
	.p2align	2
.LBB0_180:
	@DEBUG_VALUE: HAL_RCCEx_PeriphCLKConfig:ret <- $r5
	@DEBUG_VALUE: HAL_RCCEx_PeriphCLKConfig:status <- $r6
	@DEBUG_VALUE: HAL_RCCEx_PeriphCLKConfig:PeriphClkInit <- $r4
	.loc	5 1156 7 is_stmt 1              @ ../Drivers/STM32H7xx_HAL_Driver/Src/stm32h7xx_hal_rcc_ex.c:1156:7
	ldr.w	r0, [r8, #40]
	ldr.w	r1, [r4, #144]
	bic	r0, r0, #1879048192
	movs	r5, #0
.Ltmp350:
	orrs	r0, r1
	str.w	r0, [r8, #40]
.Ltmp351:
.LBB0_181:
	@DEBUG_VALUE: HAL_RCCEx_PeriphCLKConfig:status <- $r6
	@DEBUG_VALUE: HAL_RCCEx_PeriphCLKConfig:PeriphClkInit <- $r4
	.loc	5 0 7 is_stmt 0                 @ ../Drivers/STM32H7xx_HAL_Driver/Src/stm32h7xx_hal_rcc_ex.c:0:7
	mov	r7, r6
.Ltmp352:
	@DEBUG_VALUE: HAL_RCCEx_PeriphCLKConfig:status <- $r7
	@DEBUG_VALUE: HAL_RCCEx_PeriphCLKConfig:ret <- $r5
	@DEBUG_VALUE: HAL_RCCEx_PeriphCLKConfig:status <- $r7
	.loc	5 1166 70 is_stmt 1             @ ../Drivers/STM32H7xx_HAL_Driver/Src/stm32h7xx_hal_rcc_ex.c:1166:70
	ldrb	r0, [r4]
.Ltmp353:
	.loc	5 1166 7 is_stmt 0              @ ../Drivers/STM32H7xx_HAL_Driver/Src/stm32h7xx_hal_rcc_ex.c:1166:7
	lsls	r0, r0, #25
	bpl	.LBB0_192
.Ltmp354:
.LBB0_182:
	@DEBUG_VALUE: HAL_RCCEx_PeriphCLKConfig:status <- $r7
	@DEBUG_VALUE: HAL_RCCEx_PeriphCLKConfig:ret <- $r5
	@DEBUG_VALUE: HAL_RCCEx_PeriphCLKConfig:PeriphClkInit <- $r4
	.loc	5 1168 28 is_stmt 1             @ ../Drivers/STM32H7xx_HAL_Driver/Src/stm32h7xx_hal_rcc_ex.c:1168:28
	ldr.w	r0, [r4, #156]
	.loc	5 1168 5 is_stmt 0              @ ../Drivers/STM32H7xx_HAL_Driver/Src/stm32h7xx_hal_rcc_ex.c:1168:5
	ror.w	r0, r0, #10
	cmp	r0, #5
	bhi	.LBB0_187
.Ltmp355:
@ %bb.183:
	@DEBUG_VALUE: HAL_RCCEx_PeriphCLKConfig:status <- $r7
	@DEBUG_VALUE: HAL_RCCEx_PeriphCLKConfig:ret <- $r5
	@DEBUG_VALUE: HAL_RCCEx_PeriphCLKConfig:PeriphClkInit <- $r4
.LCPI0_14:
	tbb	[pc, r0]
.Ltmp356:
@ %bb.184:
	.loc	5 0 5                           @ ../Drivers/STM32H7xx_HAL_Driver/Src/stm32h7xx_hal_rcc_ex.c:0:5
.LJTI0_14:
	.byte	(.LBB0_185-(.LCPI0_14+4))/2
	.byte	(.LBB0_188-(.LCPI0_14+4))/2
	.byte	(.LBB0_186-(.LCPI0_14+4))/2
	.byte	(.LBB0_185-(.LCPI0_14+4))/2
	.byte	(.LBB0_185-(.LCPI0_14+4))/2
	.byte	(.LBB0_185-(.LCPI0_14+4))/2
	.p2align	1
	.p2align	2
.LBB0_185:
.Ltmp357:
	@DEBUG_VALUE: HAL_RCCEx_PeriphCLKConfig:status <- $r7
	@DEBUG_VALUE: HAL_RCCEx_PeriphCLKConfig:ret <- $r5
	@DEBUG_VALUE: HAL_RCCEx_PeriphCLKConfig:PeriphClkInit <- $r4
	@DEBUG_VALUE: HAL_RCCEx_PeriphCLKConfig:ret <- $r5
	mov	r6, r5
	.loc	5 1206 9 is_stmt 1              @ ../Drivers/STM32H7xx_HAL_Driver/Src/stm32h7xx_hal_rcc_ex.c:1206:9
	cbnz	r5, .LBB0_190
	b	.LBB0_191
.Ltmp358:
	.loc	5 0 9 is_stmt 0                 @ :0:9
.Ltmp359:
	.p2align	2
.LBB0_186:
	@DEBUG_VALUE: HAL_RCCEx_PeriphCLKConfig:status <- $r7
	@DEBUG_VALUE: HAL_RCCEx_PeriphCLKConfig:ret <- $r5
	@DEBUG_VALUE: HAL_RCCEx_PeriphCLKConfig:PeriphClkInit <- $r4
	.loc	5 1182 50 is_stmt 1             @ ../Drivers/STM32H7xx_HAL_Driver/Src/stm32h7xx_hal_rcc_ex.c:1182:50
	add.w	r0, r4, #40
	.loc	5 1182 15 is_stmt 0             @ ../Drivers/STM32H7xx_HAL_Driver/Src/stm32h7xx_hal_rcc_ex.c:1182:15
	movs	r1, #2
	bl	RCCEx_PLL3_Config
.Ltmp360:
	.loc	5 0 15                          @ ../Drivers/STM32H7xx_HAL_Driver/Src/stm32h7xx_hal_rcc_ex.c:0:15
	b	.LBB0_189
.Ltmp361:
	.p2align	2
.LBB0_187:
	@DEBUG_VALUE: HAL_RCCEx_PeriphCLKConfig:status <- $r7
	@DEBUG_VALUE: HAL_RCCEx_PeriphCLKConfig:ret <- $r5
	@DEBUG_VALUE: HAL_RCCEx_PeriphCLKConfig:PeriphClkInit <- $r4
	movs	r5, #1
.Ltmp362:
	movs	r6, #1
.Ltmp363:
	@DEBUG_VALUE: HAL_RCCEx_PeriphCLKConfig:ret <- $r5
	@DEBUG_VALUE: HAL_RCCEx_PeriphCLKConfig:status <- $r6
	.loc	5 1219 72 is_stmt 1             @ ../Drivers/STM32H7xx_HAL_Driver/Src/stm32h7xx_hal_rcc_ex.c:1219:72
	ldrb	r0, [r4]
.Ltmp364:
	.loc	5 1219 7 is_stmt 0              @ ../Drivers/STM32H7xx_HAL_Driver/Src/stm32h7xx_hal_rcc_ex.c:1219:7
	lsls	r0, r0, #24
	bmi	.LBB0_193
	b	.LBB0_205
.Ltmp365:
	.loc	5 0 7                           @ :0:7
.Ltmp366:
	.p2align	2
.LBB0_188:
	@DEBUG_VALUE: HAL_RCCEx_PeriphCLKConfig:status <- $r7
	@DEBUG_VALUE: HAL_RCCEx_PeriphCLKConfig:ret <- $r5
	@DEBUG_VALUE: HAL_RCCEx_PeriphCLKConfig:PeriphClkInit <- $r4
	.loc	5 1176 50 is_stmt 1             @ ../Drivers/STM32H7xx_HAL_Driver/Src/stm32h7xx_hal_rcc_ex.c:1176:50
	add.w	r0, r4, #8
	.loc	5 1176 15 is_stmt 0             @ ../Drivers/STM32H7xx_HAL_Driver/Src/stm32h7xx_hal_rcc_ex.c:1176:15
	movs	r1, #0
	bl	RCCEx_PLL2_Config
.Ltmp367:
.LBB0_189:
	@DEBUG_VALUE: HAL_RCCEx_PeriphCLKConfig:status <- $r7
	@DEBUG_VALUE: HAL_RCCEx_PeriphCLKConfig:ret <- $r5
	@DEBUG_VALUE: HAL_RCCEx_PeriphCLKConfig:PeriphClkInit <- $r4
	.loc	5 0 0                           @ ../Drivers/STM32H7xx_HAL_Driver/Src/stm32h7xx_hal_rcc_ex.c:0:0
	mov	r5, r0
.Ltmp368:
	@DEBUG_VALUE: HAL_RCCEx_PeriphCLKConfig:ret <- undef
	@DEBUG_VALUE: HAL_RCCEx_PeriphCLKConfig:ret <- $r5
	mov	r6, r5
.Ltmp369:
	.loc	5 1206 9 is_stmt 1              @ ../Drivers/STM32H7xx_HAL_Driver/Src/stm32h7xx_hal_rcc_ex.c:1206:9
	cbz	r5, .LBB0_191
.Ltmp370:
.LBB0_190:
	@DEBUG_VALUE: HAL_RCCEx_PeriphCLKConfig:status <- $r7
	@DEBUG_VALUE: HAL_RCCEx_PeriphCLKConfig:ret <- $r5
	@DEBUG_VALUE: HAL_RCCEx_PeriphCLKConfig:PeriphClkInit <- $r4
	@DEBUG_VALUE: HAL_RCCEx_PeriphCLKConfig:ret <- $r5
	@DEBUG_VALUE: HAL_RCCEx_PeriphCLKConfig:status <- $r6
	.loc	5 1219 72                       @ ../Drivers/STM32H7xx_HAL_Driver/Src/stm32h7xx_hal_rcc_ex.c:1219:72
	ldrb	r0, [r4]
.Ltmp371:
	.loc	5 1219 7 is_stmt 0              @ ../Drivers/STM32H7xx_HAL_Driver/Src/stm32h7xx_hal_rcc_ex.c:1219:7
	lsls	r0, r0, #24
	bmi	.LBB0_193
	b	.LBB0_205
.Ltmp372:
	.loc	5 0 7                           @ :0:7
.Ltmp373:
	.p2align	2
.LBB0_191:
	@DEBUG_VALUE: HAL_RCCEx_PeriphCLKConfig:status <- $r7
	@DEBUG_VALUE: HAL_RCCEx_PeriphCLKConfig:ret <- $r5
	@DEBUG_VALUE: HAL_RCCEx_PeriphCLKConfig:PeriphClkInit <- $r4
	.loc	5 1209 7 is_stmt 1              @ ../Drivers/STM32H7xx_HAL_Driver/Src/stm32h7xx_hal_rcc_ex.c:1209:7
	ldr.w	r0, [r8, #44]
	ldr.w	r1, [r4, #156]
	bic	r0, r0, #7168
	movs	r5, #0
.Ltmp374:
	orrs	r0, r1
	str.w	r0, [r8, #44]
.Ltmp375:
.LBB0_192:
	@DEBUG_VALUE: HAL_RCCEx_PeriphCLKConfig:status <- $r7
	@DEBUG_VALUE: HAL_RCCEx_PeriphCLKConfig:PeriphClkInit <- $r4
	.loc	5 0 7 is_stmt 0                 @ ../Drivers/STM32H7xx_HAL_Driver/Src/stm32h7xx_hal_rcc_ex.c:0:7
	mov	r6, r7
.Ltmp376:
	@DEBUG_VALUE: HAL_RCCEx_PeriphCLKConfig:status <- $r6
	@DEBUG_VALUE: HAL_RCCEx_PeriphCLKConfig:ret <- $r5
	@DEBUG_VALUE: HAL_RCCEx_PeriphCLKConfig:status <- $r6
	.loc	5 1219 72 is_stmt 1             @ ../Drivers/STM32H7xx_HAL_Driver/Src/stm32h7xx_hal_rcc_ex.c:1219:72
	ldrb	r0, [r4]
.Ltmp377:
	.loc	5 1219 7 is_stmt 0              @ ../Drivers/STM32H7xx_HAL_Driver/Src/stm32h7xx_hal_rcc_ex.c:1219:7
	lsls	r0, r0, #24
	bpl	.LBB0_205
.Ltmp378:
.LBB0_193:
	@DEBUG_VALUE: HAL_RCCEx_PeriphCLKConfig:ret <- $r5
	@DEBUG_VALUE: HAL_RCCEx_PeriphCLKConfig:status <- $r6
	@DEBUG_VALUE: HAL_RCCEx_PeriphCLKConfig:PeriphClkInit <- $r4
	.loc	5 1221 28 is_stmt 1             @ ../Drivers/STM32H7xx_HAL_Driver/Src/stm32h7xx_hal_rcc_ex.c:1221:28
	ldr.w	r0, [r4, #160]
	.loc	5 1221 5 is_stmt 0              @ ../Drivers/STM32H7xx_HAL_Driver/Src/stm32h7xx_hal_rcc_ex.c:1221:5
	ror.w	r0, r0, #13
	cmp	r0, #5
	bhi	.LBB0_201
.Ltmp379:
@ %bb.194:
	@DEBUG_VALUE: HAL_RCCEx_PeriphCLKConfig:ret <- $r5
	@DEBUG_VALUE: HAL_RCCEx_PeriphCLKConfig:status <- $r6
	@DEBUG_VALUE: HAL_RCCEx_PeriphCLKConfig:PeriphClkInit <- $r4
.LCPI0_15:
	tbb	[pc, r0]
.Ltmp380:
@ %bb.195:
	.loc	5 0 5                           @ ../Drivers/STM32H7xx_HAL_Driver/Src/stm32h7xx_hal_rcc_ex.c:0:5
.LJTI0_15:
	.byte	(.LBB0_196-(.LCPI0_15+4))/2
	.byte	(.LBB0_202-(.LCPI0_15+4))/2
	.byte	(.LBB0_200-(.LCPI0_15+4))/2
	.byte	(.LBB0_196-(.LCPI0_15+4))/2
	.byte	(.LBB0_196-(.LCPI0_15+4))/2
	.byte	(.LBB0_196-(.LCPI0_15+4))/2
	.p2align	1
	.p2align	2
.LBB0_196:
.Ltmp381:
	@DEBUG_VALUE: HAL_RCCEx_PeriphCLKConfig:ret <- $r5
	@DEBUG_VALUE: HAL_RCCEx_PeriphCLKConfig:status <- $r6
	@DEBUG_VALUE: HAL_RCCEx_PeriphCLKConfig:PeriphClkInit <- $r4
	@DEBUG_VALUE: HAL_RCCEx_PeriphCLKConfig:ret <- $r5
	mov	r7, r5
	.loc	5 1259 9 is_stmt 1              @ ../Drivers/STM32H7xx_HAL_Driver/Src/stm32h7xx_hal_rcc_ex.c:1259:9
	cbz	r5, .LBB0_204
.Ltmp382:
.LBB0_197:
	@DEBUG_VALUE: HAL_RCCEx_PeriphCLKConfig:ret <- $r5
	@DEBUG_VALUE: HAL_RCCEx_PeriphCLKConfig:status <- $r6
	@DEBUG_VALUE: HAL_RCCEx_PeriphCLKConfig:PeriphClkInit <- $r4
	@DEBUG_VALUE: HAL_RCCEx_PeriphCLKConfig:ret <- $r5
	@DEBUG_VALUE: HAL_RCCEx_PeriphCLKConfig:status <- $r7
	.loc	5 1290 24                       @ ../Drivers/STM32H7xx_HAL_Driver/Src/stm32h7xx_hal_rcc_ex.c:1290:24
	ldr	r0, [r4]
.Ltmp383:
	.loc	5 1290 7 is_stmt 0              @ ../Drivers/STM32H7xx_HAL_Driver/Src/stm32h7xx_hal_rcc_ex.c:1290:7
	lsls	r1, r0, #28
	bmi	.LBB0_206
.Ltmp384:
.LBB0_198:
	@DEBUG_VALUE: HAL_RCCEx_PeriphCLKConfig:status <- $r7
	@DEBUG_VALUE: HAL_RCCEx_PeriphCLKConfig:ret <- $r5
	@DEBUG_VALUE: HAL_RCCEx_PeriphCLKConfig:PeriphClkInit <- $r4
	@DEBUG_VALUE: HAL_RCCEx_PeriphCLKConfig:status <- $r7
	.loc	5 1309 7 is_stmt 1              @ ../Drivers/STM32H7xx_HAL_Driver/Src/stm32h7xx_hal_rcc_ex.c:1309:7
	lsls	r1, r0, #27
	bmi	.LBB0_209
.Ltmp385:
.LBB0_199:
	@DEBUG_VALUE: HAL_RCCEx_PeriphCLKConfig:status <- $r7
	@DEBUG_VALUE: HAL_RCCEx_PeriphCLKConfig:ret <- $r5
	@DEBUG_VALUE: HAL_RCCEx_PeriphCLKConfig:PeriphClkInit <- $r4
	@DEBUG_VALUE: HAL_RCCEx_PeriphCLKConfig:status <- $r7
	.loc	5 1327 7                        @ ../Drivers/STM32H7xx_HAL_Driver/Src/stm32h7xx_hal_rcc_ex.c:1327:7
	lsls	r0, r0, #12
	bmi	.LBB0_212
	b	.LBB0_220
.Ltmp386:
	.loc	5 0 7 is_stmt 0                 @ :0:7
.Ltmp387:
	.p2align	2
.LBB0_200:
	@DEBUG_VALUE: HAL_RCCEx_PeriphCLKConfig:ret <- $r5
	@DEBUG_VALUE: HAL_RCCEx_PeriphCLKConfig:status <- $r6
	@DEBUG_VALUE: HAL_RCCEx_PeriphCLKConfig:PeriphClkInit <- $r4
	.loc	5 1235 50 is_stmt 1             @ ../Drivers/STM32H7xx_HAL_Driver/Src/stm32h7xx_hal_rcc_ex.c:1235:50
	add.w	r0, r4, #40
	.loc	5 1235 15 is_stmt 0             @ ../Drivers/STM32H7xx_HAL_Driver/Src/stm32h7xx_hal_rcc_ex.c:1235:15
	movs	r1, #2
	bl	RCCEx_PLL3_Config
.Ltmp388:
	.loc	5 0 15                          @ ../Drivers/STM32H7xx_HAL_Driver/Src/stm32h7xx_hal_rcc_ex.c:0:15
	b	.LBB0_203
.Ltmp389:
	.p2align	2
.LBB0_201:
	@DEBUG_VALUE: HAL_RCCEx_PeriphCLKConfig:ret <- $r5
	@DEBUG_VALUE: HAL_RCCEx_PeriphCLKConfig:status <- $r6
	@DEBUG_VALUE: HAL_RCCEx_PeriphCLKConfig:PeriphClkInit <- $r4
	movs	r5, #1
.Ltmp390:
	movs	r7, #1
.Ltmp391:
	@DEBUG_VALUE: HAL_RCCEx_PeriphCLKConfig:ret <- $r5
	@DEBUG_VALUE: HAL_RCCEx_PeriphCLKConfig:status <- $r7
	.loc	5 1290 24 is_stmt 1             @ ../Drivers/STM32H7xx_HAL_Driver/Src/stm32h7xx_hal_rcc_ex.c:1290:24
	ldr	r0, [r4]
.Ltmp392:
	.loc	5 1290 7 is_stmt 0              @ ../Drivers/STM32H7xx_HAL_Driver/Src/stm32h7xx_hal_rcc_ex.c:1290:7
	lsls	r1, r0, #28
	bpl	.LBB0_198
	b	.LBB0_206
.Ltmp393:
	.loc	5 0 7                           @ :0:7
.Ltmp394:
	.p2align	2
.LBB0_202:
	@DEBUG_VALUE: HAL_RCCEx_PeriphCLKConfig:ret <- $r5
	@DEBUG_VALUE: HAL_RCCEx_PeriphCLKConfig:status <- $r6
	@DEBUG_VALUE: HAL_RCCEx_PeriphCLKConfig:PeriphClkInit <- $r4
	.loc	5 1229 50 is_stmt 1             @ ../Drivers/STM32H7xx_HAL_Driver/Src/stm32h7xx_hal_rcc_ex.c:1229:50
	add.w	r0, r4, #8
	.loc	5 1229 15 is_stmt 0             @ ../Drivers/STM32H7xx_HAL_Driver/Src/stm32h7xx_hal_rcc_ex.c:1229:15
	movs	r1, #0
	bl	RCCEx_PLL2_Config
.Ltmp395:
.LBB0_203:
	@DEBUG_VALUE: HAL_RCCEx_PeriphCLKConfig:ret <- $r5
	@DEBUG_VALUE: HAL_RCCEx_PeriphCLKConfig:status <- $r6
	@DEBUG_VALUE: HAL_RCCEx_PeriphCLKConfig:PeriphClkInit <- $r4
	.loc	5 0 0                           @ ../Drivers/STM32H7xx_HAL_Driver/Src/stm32h7xx_hal_rcc_ex.c:0:0
	mov	r5, r0
.Ltmp396:
	@DEBUG_VALUE: HAL_RCCEx_PeriphCLKConfig:ret <- undef
	@DEBUG_VALUE: HAL_RCCEx_PeriphCLKConfig:ret <- $r5
	.loc	5 1259 9 is_stmt 1              @ ../Drivers/STM32H7xx_HAL_Driver/Src/stm32h7xx_hal_rcc_ex.c:1259:9
	cmp	r5, #0
	mov	r7, r5
	bne	.LBB0_197
.Ltmp397:
.LBB0_204:
	@DEBUG_VALUE: HAL_RCCEx_PeriphCLKConfig:ret <- $r5
	@DEBUG_VALUE: HAL_RCCEx_PeriphCLKConfig:status <- $r6
	@DEBUG_VALUE: HAL_RCCEx_PeriphCLKConfig:PeriphClkInit <- $r4
	.loc	5 1262 7                        @ ../Drivers/STM32H7xx_HAL_Driver/Src/stm32h7xx_hal_rcc_ex.c:1262:7
	ldr.w	r0, [r8, #44]
	ldr.w	r1, [r4, #160]
	bic	r0, r0, #57344
	movs	r5, #0
.Ltmp398:
	orrs	r0, r1
	str.w	r0, [r8, #44]
.Ltmp399:
.LBB0_205:
	@DEBUG_VALUE: HAL_RCCEx_PeriphCLKConfig:status <- $r6
	@DEBUG_VALUE: HAL_RCCEx_PeriphCLKConfig:PeriphClkInit <- $r4
	.loc	5 0 7 is_stmt 0                 @ ../Drivers/STM32H7xx_HAL_Driver/Src/stm32h7xx_hal_rcc_ex.c:0:7
	mov	r7, r6
.Ltmp400:
	@DEBUG_VALUE: HAL_RCCEx_PeriphCLKConfig:status <- $r7
	@DEBUG_VALUE: HAL_RCCEx_PeriphCLKConfig:ret <- $r5
	@DEBUG_VALUE: HAL_RCCEx_PeriphCLKConfig:status <- $r7
	.loc	5 1290 24 is_stmt 1             @ ../Drivers/STM32H7xx_HAL_Driver/Src/stm32h7xx_hal_rcc_ex.c:1290:24
	ldr	r0, [r4]
.Ltmp401:
	.loc	5 1290 7 is_stmt 0              @ ../Drivers/STM32H7xx_HAL_Driver/Src/stm32h7xx_hal_rcc_ex.c:1290:7
	lsls	r1, r0, #28
	bpl	.LBB0_198
.Ltmp402:
.LBB0_206:
	@DEBUG_VALUE: HAL_RCCEx_PeriphCLKConfig:status <- $r7
	@DEBUG_VALUE: HAL_RCCEx_PeriphCLKConfig:ret <- $r5
	@DEBUG_VALUE: HAL_RCCEx_PeriphCLKConfig:PeriphClkInit <- $r4
	.loc	5 1295 25 is_stmt 1             @ ../Drivers/STM32H7xx_HAL_Driver/Src/stm32h7xx_hal_rcc_ex.c:1295:25
	ldr.w	r0, [r4, #132]
.Ltmp403:
	.loc	5 1295 9 is_stmt 0              @ ../Drivers/STM32H7xx_HAL_Driver/Src/stm32h7xx_hal_rcc_ex.c:1295:9
	cmp.w	r0, #4096
	bne	.LBB0_208
.Ltmp404:
@ %bb.207:
	@DEBUG_VALUE: HAL_RCCEx_PeriphCLKConfig:status <- $r7
	@DEBUG_VALUE: HAL_RCCEx_PeriphCLKConfig:ret <- $r5
	@DEBUG_VALUE: HAL_RCCEx_PeriphCLKConfig:PeriphClkInit <- $r4
	.loc	5 1297 46 is_stmt 1             @ ../Drivers/STM32H7xx_HAL_Driver/Src/stm32h7xx_hal_rcc_ex.c:1297:46
	add.w	r0, r4, #40
	.loc	5 1297 11 is_stmt 0             @ ../Drivers/STM32H7xx_HAL_Driver/Src/stm32h7xx_hal_rcc_ex.c:1297:11
	movs	r1, #2
	bl	RCCEx_PLL3_Config
.Ltmp405:
	.loc	5 1297 11                       @ ../Drivers/STM32H7xx_HAL_Driver/Src/stm32h7xx_hal_rcc_ex.c:1297:11
	cmp	r0, #0
	it	ne
	movne	r7, #1
.Ltmp406:
	.loc	5 1303 5 is_stmt 1              @ ../Drivers/STM32H7xx_HAL_Driver/Src/stm32h7xx_hal_rcc_ex.c:1303:5
	ldr.w	r0, [r4, #132]
.Ltmp407:
.LBB0_208:
	@DEBUG_VALUE: HAL_RCCEx_PeriphCLKConfig:ret <- $r5
	@DEBUG_VALUE: HAL_RCCEx_PeriphCLKConfig:PeriphClkInit <- $r4
	@DEBUG_VALUE: HAL_RCCEx_PeriphCLKConfig:status <- $r7
	ldr.w	r1, [r8, #40]
	bic	r1, r1, #12288
	orrs	r0, r1
	str.w	r0, [r8, #40]
.Ltmp408:
	.loc	5 1309 24                       @ ../Drivers/STM32H7xx_HAL_Driver/Src/stm32h7xx_hal_rcc_ex.c:1309:24
	ldr	r0, [r4]
.Ltmp409:
	@DEBUG_VALUE: HAL_RCCEx_PeriphCLKConfig:status <- $r7
	.loc	5 1309 7 is_stmt 0              @ ../Drivers/STM32H7xx_HAL_Driver/Src/stm32h7xx_hal_rcc_ex.c:1309:7
	lsls	r1, r0, #27
	bpl	.LBB0_199
.Ltmp410:
.LBB0_209:
	@DEBUG_VALUE: HAL_RCCEx_PeriphCLKConfig:status <- $r7
	@DEBUG_VALUE: HAL_RCCEx_PeriphCLKConfig:ret <- $r5
	@DEBUG_VALUE: HAL_RCCEx_PeriphCLKConfig:PeriphClkInit <- $r4
	.loc	5 1314 25 is_stmt 1             @ ../Drivers/STM32H7xx_HAL_Driver/Src/stm32h7xx_hal_rcc_ex.c:1314:25
	ldr.w	r0, [r4, #152]
.Ltmp411:
	.loc	5 1314 9 is_stmt 0              @ ../Drivers/STM32H7xx_HAL_Driver/Src/stm32h7xx_hal_rcc_ex.c:1314:9
	cmp.w	r0, #256
	bne	.LBB0_211
.Ltmp412:
@ %bb.210:
	@DEBUG_VALUE: HAL_RCCEx_PeriphCLKConfig:status <- $r7
	@DEBUG_VALUE: HAL_RCCEx_PeriphCLKConfig:ret <- $r5
	@DEBUG_VALUE: HAL_RCCEx_PeriphCLKConfig:PeriphClkInit <- $r4
	.loc	5 1316 46 is_stmt 1             @ ../Drivers/STM32H7xx_HAL_Driver/Src/stm32h7xx_hal_rcc_ex.c:1316:46
	add.w	r0, r4, #40
	.loc	5 1316 11 is_stmt 0             @ ../Drivers/STM32H7xx_HAL_Driver/Src/stm32h7xx_hal_rcc_ex.c:1316:11
	movs	r1, #2
	bl	RCCEx_PLL3_Config
.Ltmp413:
	.loc	5 1316 11                       @ ../Drivers/STM32H7xx_HAL_Driver/Src/stm32h7xx_hal_rcc_ex.c:1316:11
	cmp	r0, #0
	it	ne
	movne	r7, #1
.Ltmp414:
	.loc	5 1322 5 is_stmt 1              @ ../Drivers/STM32H7xx_HAL_Driver/Src/stm32h7xx_hal_rcc_ex.c:1322:5
	ldr.w	r0, [r4, #152]
.Ltmp415:
.LBB0_211:
	@DEBUG_VALUE: HAL_RCCEx_PeriphCLKConfig:ret <- $r5
	@DEBUG_VALUE: HAL_RCCEx_PeriphCLKConfig:PeriphClkInit <- $r4
	@DEBUG_VALUE: HAL_RCCEx_PeriphCLKConfig:status <- $r7
	ldr.w	r1, [r8, #44]
	bic	r1, r1, #768
	orrs	r0, r1
	str.w	r0, [r8, #44]
.Ltmp416:
	.loc	5 1327 24                       @ ../Drivers/STM32H7xx_HAL_Driver/Src/stm32h7xx_hal_rcc_ex.c:1327:24
	ldr	r0, [r4]
.Ltmp417:
	@DEBUG_VALUE: HAL_RCCEx_PeriphCLKConfig:status <- $r7
	.loc	5 1327 7 is_stmt 0              @ ../Drivers/STM32H7xx_HAL_Driver/Src/stm32h7xx_hal_rcc_ex.c:1327:7
	lsls	r0, r0, #12
	bpl	.LBB0_220
.Ltmp418:
.LBB0_212:
	@DEBUG_VALUE: HAL_RCCEx_PeriphCLKConfig:status <- $r7
	@DEBUG_VALUE: HAL_RCCEx_PeriphCLKConfig:ret <- $r5
	@DEBUG_VALUE: HAL_RCCEx_PeriphCLKConfig:PeriphClkInit <- $r4
	.loc	5 1329 28 is_stmt 1             @ ../Drivers/STM32H7xx_HAL_Driver/Src/stm32h7xx_hal_rcc_ex.c:1329:28
	ldr.w	r0, [r4, #164]
	.loc	5 1329 5 is_stmt 0              @ ../Drivers/STM32H7xx_HAL_Driver/Src/stm32h7xx_hal_rcc_ex.c:1329:5
	cmp.w	r0, #131072
	beq	.LBB0_218
.Ltmp419:
@ %bb.213:
	@DEBUG_VALUE: HAL_RCCEx_PeriphCLKConfig:status <- $r7
	@DEBUG_VALUE: HAL_RCCEx_PeriphCLKConfig:ret <- $r5
	@DEBUG_VALUE: HAL_RCCEx_PeriphCLKConfig:PeriphClkInit <- $r4
	cmp.w	r0, #65536
	beq	.LBB0_216
.Ltmp420:
@ %bb.214:
	@DEBUG_VALUE: HAL_RCCEx_PeriphCLKConfig:status <- $r7
	@DEBUG_VALUE: HAL_RCCEx_PeriphCLKConfig:ret <- $r5
	@DEBUG_VALUE: HAL_RCCEx_PeriphCLKConfig:PeriphClkInit <- $r4
	cmp	r0, #0
	bne	.LBB0_229
.Ltmp421:
@ %bb.215:
	@DEBUG_VALUE: HAL_RCCEx_PeriphCLKConfig:status <- $r7
	@DEBUG_VALUE: HAL_RCCEx_PeriphCLKConfig:ret <- $r5
	@DEBUG_VALUE: HAL_RCCEx_PeriphCLKConfig:PeriphClkInit <- $r4
	.loc	5 1334 50 is_stmt 1             @ ../Drivers/STM32H7xx_HAL_Driver/Src/stm32h7xx_hal_rcc_ex.c:1334:50
	add.w	r0, r4, #8
	.loc	5 1334 15 is_stmt 0             @ ../Drivers/STM32H7xx_HAL_Driver/Src/stm32h7xx_hal_rcc_ex.c:1334:15
	movs	r1, #0
	bl	RCCEx_PLL2_Config
.Ltmp422:
	.loc	5 0 15                          @ ../Drivers/STM32H7xx_HAL_Driver/Src/stm32h7xx_hal_rcc_ex.c:0:15
	b	.LBB0_217
.Ltmp423:
	.p2align	2
.LBB0_216:
	@DEBUG_VALUE: HAL_RCCEx_PeriphCLKConfig:status <- $r7
	@DEBUG_VALUE: HAL_RCCEx_PeriphCLKConfig:ret <- $r5
	@DEBUG_VALUE: HAL_RCCEx_PeriphCLKConfig:PeriphClkInit <- $r4
	.loc	5 1340 50 is_stmt 1             @ ../Drivers/STM32H7xx_HAL_Driver/Src/stm32h7xx_hal_rcc_ex.c:1340:50
	add.w	r0, r4, #40
	.loc	5 1340 15 is_stmt 0             @ ../Drivers/STM32H7xx_HAL_Driver/Src/stm32h7xx_hal_rcc_ex.c:1340:15
	movs	r1, #2
	bl	RCCEx_PLL3_Config
.Ltmp424:
.LBB0_217:
	@DEBUG_VALUE: HAL_RCCEx_PeriphCLKConfig:status <- $r7
	@DEBUG_VALUE: HAL_RCCEx_PeriphCLKConfig:ret <- $r5
	@DEBUG_VALUE: HAL_RCCEx_PeriphCLKConfig:PeriphClkInit <- $r4
	.loc	5 0 0                           @ ../Drivers/STM32H7xx_HAL_Driver/Src/stm32h7xx_hal_rcc_ex.c:0:0
	mov	r5, r0
.Ltmp425:
	@DEBUG_VALUE: HAL_RCCEx_PeriphCLKConfig:ret <- undef
.LBB0_218:
	@DEBUG_VALUE: HAL_RCCEx_PeriphCLKConfig:status <- $r7
	@DEBUG_VALUE: HAL_RCCEx_PeriphCLKConfig:PeriphClkInit <- $r4
	@DEBUG_VALUE: HAL_RCCEx_PeriphCLKConfig:ret <- $r5
	mov	r6, r5
	.loc	5 1355 9 is_stmt 1              @ ../Drivers/STM32H7xx_HAL_Driver/Src/stm32h7xx_hal_rcc_ex.c:1355:9
	cbnz	r5, .LBB0_221
.Ltmp426:
@ %bb.219:
	@DEBUG_VALUE: HAL_RCCEx_PeriphCLKConfig:status <- $r7
	@DEBUG_VALUE: HAL_RCCEx_PeriphCLKConfig:ret <- $r5
	@DEBUG_VALUE: HAL_RCCEx_PeriphCLKConfig:PeriphClkInit <- $r4
	.loc	5 1358 7                        @ ../Drivers/STM32H7xx_HAL_Driver/Src/stm32h7xx_hal_rcc_ex.c:1358:7
	ldr.w	r0, [r8, #44]
	ldr.w	r1, [r4, #164]
	bic	r0, r0, #196608
	movs	r5, #0
.Ltmp427:
	orrs	r0, r1
	str.w	r0, [r8, #44]
.Ltmp428:
.LBB0_220:
	@DEBUG_VALUE: HAL_RCCEx_PeriphCLKConfig:status <- $r7
	@DEBUG_VALUE: HAL_RCCEx_PeriphCLKConfig:PeriphClkInit <- $r4
	.loc	5 0 7 is_stmt 0                 @ ../Drivers/STM32H7xx_HAL_Driver/Src/stm32h7xx_hal_rcc_ex.c:0:7
	mov	r6, r7
.Ltmp429:
	@DEBUG_VALUE: HAL_RCCEx_PeriphCLKConfig:status <- $r6
.LBB0_221:
	@DEBUG_VALUE: HAL_RCCEx_PeriphCLKConfig:PeriphClkInit <- $r4
	@DEBUG_VALUE: HAL_RCCEx_PeriphCLKConfig:ret <- $r5
	@DEBUG_VALUE: HAL_RCCEx_PeriphCLKConfig:status <- $r6
	.loc	5 1368 67 is_stmt 1             @ ../Drivers/STM32H7xx_HAL_Driver/Src/stm32h7xx_hal_rcc_ex.c:1368:67
	ldrb	r0, [r4, #2]
.Ltmp430:
	.loc	5 1368 7 is_stmt 0              @ ../Drivers/STM32H7xx_HAL_Driver/Src/stm32h7xx_hal_rcc_ex.c:1368:7
	lsls	r0, r0, #29
	bpl	.LBB0_230
.Ltmp431:
.LBB0_222:
	@DEBUG_VALUE: HAL_RCCEx_PeriphCLKConfig:ret <- $r5
	@DEBUG_VALUE: HAL_RCCEx_PeriphCLKConfig:status <- $r6
	@DEBUG_VALUE: HAL_RCCEx_PeriphCLKConfig:PeriphClkInit <- $r4
	.loc	5 1371 28 is_stmt 1             @ ../Drivers/STM32H7xx_HAL_Driver/Src/stm32h7xx_hal_rcc_ex.c:1371:28
	ldr.w	r0, [r4, #136]
	.loc	5 1371 5 is_stmt 0              @ ../Drivers/STM32H7xx_HAL_Driver/Src/stm32h7xx_hal_rcc_ex.c:1371:5
	cmp.w	r0, #3145728
	beq	.LBB0_226
.Ltmp432:
@ %bb.223:
	@DEBUG_VALUE: HAL_RCCEx_PeriphCLKConfig:ret <- $r5
	@DEBUG_VALUE: HAL_RCCEx_PeriphCLKConfig:status <- $r6
	@DEBUG_VALUE: HAL_RCCEx_PeriphCLKConfig:PeriphClkInit <- $r4
	cmp.w	r0, #2097152
	beq	.LBB0_227
.Ltmp433:
@ %bb.224:
	@DEBUG_VALUE: HAL_RCCEx_PeriphCLKConfig:ret <- $r5
	@DEBUG_VALUE: HAL_RCCEx_PeriphCLKConfig:status <- $r6
	@DEBUG_VALUE: HAL_RCCEx_PeriphCLKConfig:PeriphClkInit <- $r4
	cmp.w	r0, #1048576
	bne	.LBB0_233
.Ltmp434:
@ %bb.225:
	@DEBUG_VALUE: HAL_RCCEx_PeriphCLKConfig:ret <- $r5
	@DEBUG_VALUE: HAL_RCCEx_PeriphCLKConfig:status <- $r6
	@DEBUG_VALUE: HAL_RCCEx_PeriphCLKConfig:PeriphClkInit <- $r4
	.loc	5 1375 9 is_stmt 1              @ ../Drivers/STM32H7xx_HAL_Driver/Src/stm32h7xx_hal_rcc_ex.c:1375:9
	ldr.w	r0, [r8]
	orr	r0, r0, #131072
	str.w	r0, [r8]
.Ltmp435:
.LBB0_226:
	@DEBUG_VALUE: HAL_RCCEx_PeriphCLKConfig:ret <- $r5
	@DEBUG_VALUE: HAL_RCCEx_PeriphCLKConfig:status <- $r6
	@DEBUG_VALUE: HAL_RCCEx_PeriphCLKConfig:PeriphClkInit <- $r4
	@DEBUG_VALUE: HAL_RCCEx_PeriphCLKConfig:ret <- $r5
	.loc	5 0 9 is_stmt 0                 @ ../Drivers/STM32H7xx_HAL_Driver/Src/stm32h7xx_hal_rcc_ex.c:0:9
	mov	r7, r5
	cbnz	r5, .LBB0_231
	b	.LBB0_228
.Ltmp436:
	.p2align	2
.LBB0_227:
	@DEBUG_VALUE: HAL_RCCEx_PeriphCLKConfig:ret <- $r5
	@DEBUG_VALUE: HAL_RCCEx_PeriphCLKConfig:status <- $r6
	@DEBUG_VALUE: HAL_RCCEx_PeriphCLKConfig:PeriphClkInit <- $r4
	.loc	5 1382 50 is_stmt 1             @ ../Drivers/STM32H7xx_HAL_Driver/Src/stm32h7xx_hal_rcc_ex.c:1382:50
	add.w	r0, r4, #40
	.loc	5 1382 15 is_stmt 0             @ ../Drivers/STM32H7xx_HAL_Driver/Src/stm32h7xx_hal_rcc_ex.c:1382:15
	movs	r1, #1
	bl	RCCEx_PLL3_Config
.Ltmp437:
	mov	r5, r0
.Ltmp438:
	@DEBUG_VALUE: HAL_RCCEx_PeriphCLKConfig:ret <- undef
	@DEBUG_VALUE: HAL_RCCEx_PeriphCLKConfig:ret <- $r5
	.loc	5 0 15                          @ ../Drivers/STM32H7xx_HAL_Driver/Src/stm32h7xx_hal_rcc_ex.c:0:15
	mov	r7, r5
.Ltmp439:
	.loc	5 1397 9 is_stmt 1              @ ../Drivers/STM32H7xx_HAL_Driver/Src/stm32h7xx_hal_rcc_ex.c:1397:9
	cbnz	r5, .LBB0_231
.Ltmp440:
.LBB0_228:
	@DEBUG_VALUE: HAL_RCCEx_PeriphCLKConfig:ret <- $r5
	@DEBUG_VALUE: HAL_RCCEx_PeriphCLKConfig:status <- $r6
	@DEBUG_VALUE: HAL_RCCEx_PeriphCLKConfig:PeriphClkInit <- $r4
	.loc	5 1400 7                        @ ../Drivers/STM32H7xx_HAL_Driver/Src/stm32h7xx_hal_rcc_ex.c:1400:7
	ldr.w	r0, [r8, #40]
	ldr.w	r1, [r4, #136]
	bic	r0, r0, #3145728
	movs	r5, #0
.Ltmp441:
	orrs	r0, r1
	str.w	r0, [r8, #40]
	b	.LBB0_230
.Ltmp442:
	.loc	5 0 7 is_stmt 0                 @ :0:7
.Ltmp443:
	.p2align	2
.LBB0_229:
	@DEBUG_VALUE: HAL_RCCEx_PeriphCLKConfig:status <- $r7
	@DEBUG_VALUE: HAL_RCCEx_PeriphCLKConfig:ret <- $r5
	@DEBUG_VALUE: HAL_RCCEx_PeriphCLKConfig:PeriphClkInit <- $r4
	movs	r5, #1
.Ltmp444:
	movs	r6, #1
.Ltmp445:
	@DEBUG_VALUE: HAL_RCCEx_PeriphCLKConfig:ret <- $r5
	@DEBUG_VALUE: HAL_RCCEx_PeriphCLKConfig:status <- $r6
	.loc	5 1368 67 is_stmt 1             @ ../Drivers/STM32H7xx_HAL_Driver/Src/stm32h7xx_hal_rcc_ex.c:1368:67
	ldrb	r0, [r4, #2]
.Ltmp446:
	.loc	5 1368 7 is_stmt 0              @ ../Drivers/STM32H7xx_HAL_Driver/Src/stm32h7xx_hal_rcc_ex.c:1368:7
	lsls	r0, r0, #29
	bmi	.LBB0_222
.Ltmp447:
.LBB0_230:
	@DEBUG_VALUE: HAL_RCCEx_PeriphCLKConfig:status <- $r6
	@DEBUG_VALUE: HAL_RCCEx_PeriphCLKConfig:PeriphClkInit <- $r4
	.loc	5 0 7                           @ ../Drivers/STM32H7xx_HAL_Driver/Src/stm32h7xx_hal_rcc_ex.c:0:7
	mov	r7, r6
.Ltmp448:
	@DEBUG_VALUE: HAL_RCCEx_PeriphCLKConfig:status <- $r7
.LBB0_231:
	@DEBUG_VALUE: HAL_RCCEx_PeriphCLKConfig:PeriphClkInit <- $r4
	@DEBUG_VALUE: HAL_RCCEx_PeriphCLKConfig:ret <- $r5
	@DEBUG_VALUE: HAL_RCCEx_PeriphCLKConfig:status <- $r7
	.loc	5 1411 69 is_stmt 1             @ ../Drivers/STM32H7xx_HAL_Driver/Src/stm32h7xx_hal_rcc_ex.c:1411:69
	ldrb	r0, [r4, #2]
.Ltmp449:
	.loc	5 1411 7 is_stmt 0              @ ../Drivers/STM32H7xx_HAL_Driver/Src/stm32h7xx_hal_rcc_ex.c:1411:7
	lsls	r0, r0, #31
	bne	.LBB0_234
.Ltmp450:
.LBB0_232:
	@DEBUG_VALUE: HAL_RCCEx_PeriphCLKConfig:status <- $r7
	@DEBUG_VALUE: HAL_RCCEx_PeriphCLKConfig:PeriphClkInit <- $r4
	.loc	5 0 7                           @ ../Drivers/STM32H7xx_HAL_Driver/Src/stm32h7xx_hal_rcc_ex.c:0:7
	mov	r6, r7
.Ltmp451:
	@DEBUG_VALUE: HAL_RCCEx_PeriphCLKConfig:status <- $r6
	@DEBUG_VALUE: HAL_RCCEx_PeriphCLKConfig:ret <- $r5
	@DEBUG_VALUE: HAL_RCCEx_PeriphCLKConfig:status <- $r6
	.loc	5 1451 24 is_stmt 1             @ ../Drivers/STM32H7xx_HAL_Driver/Src/stm32h7xx_hal_rcc_ex.c:1451:24
	ldr	r1, [r4]
.Ltmp452:
	.loc	5 1451 7 is_stmt 0              @ ../Drivers/STM32H7xx_HAL_Driver/Src/stm32h7xx_hal_rcc_ex.c:1451:7
	lsls	r0, r1, #2
	bpl	.LBB0_238
	b	.LBB0_242
.Ltmp453:
	.loc	5 0 7                           @ :0:7
.Ltmp454:
	.p2align	2
.LBB0_233:
	@DEBUG_VALUE: HAL_RCCEx_PeriphCLKConfig:ret <- $r5
	@DEBUG_VALUE: HAL_RCCEx_PeriphCLKConfig:status <- $r6
	@DEBUG_VALUE: HAL_RCCEx_PeriphCLKConfig:PeriphClkInit <- $r4
	movs	r5, #1
.Ltmp455:
	movs	r7, #1
.Ltmp456:
	@DEBUG_VALUE: HAL_RCCEx_PeriphCLKConfig:ret <- $r5
	@DEBUG_VALUE: HAL_RCCEx_PeriphCLKConfig:status <- $r7
	.loc	5 1411 69 is_stmt 1             @ ../Drivers/STM32H7xx_HAL_Driver/Src/stm32h7xx_hal_rcc_ex.c:1411:69
	ldrb	r0, [r4, #2]
.Ltmp457:
	.loc	5 1411 7 is_stmt 0              @ ../Drivers/STM32H7xx_HAL_Driver/Src/stm32h7xx_hal_rcc_ex.c:1411:7
	lsls	r0, r0, #31
	beq	.LBB0_232
.Ltmp458:
.LBB0_234:
	@DEBUG_VALUE: HAL_RCCEx_PeriphCLKConfig:status <- $r7
	@DEBUG_VALUE: HAL_RCCEx_PeriphCLKConfig:ret <- $r5
	@DEBUG_VALUE: HAL_RCCEx_PeriphCLKConfig:PeriphClkInit <- $r4
	.loc	5 1416 28 is_stmt 1             @ ../Drivers/STM32H7xx_HAL_Driver/Src/stm32h7xx_hal_rcc_ex.c:1416:28
	ldr	r0, [r4, #80]
	.loc	5 1416 5 is_stmt 0              @ ../Drivers/STM32H7xx_HAL_Driver/Src/stm32h7xx_hal_rcc_ex.c:1416:5
	cmp.w	r0, #65536
	beq	.LBB0_239
.Ltmp459:
@ %bb.235:
	@DEBUG_VALUE: HAL_RCCEx_PeriphCLKConfig:status <- $r7
	@DEBUG_VALUE: HAL_RCCEx_PeriphCLKConfig:ret <- $r5
	@DEBUG_VALUE: HAL_RCCEx_PeriphCLKConfig:PeriphClkInit <- $r4
	cbnz	r0, .LBB0_241
.Ltmp460:
@ %bb.236:
	@DEBUG_VALUE: HAL_RCCEx_PeriphCLKConfig:status <- $r7
	@DEBUG_VALUE: HAL_RCCEx_PeriphCLKConfig:ret <- $r5
	@DEBUG_VALUE: HAL_RCCEx_PeriphCLKConfig:PeriphClkInit <- $r4
	.loc	5 1420 9 is_stmt 1              @ ../Drivers/STM32H7xx_HAL_Driver/Src/stm32h7xx_hal_rcc_ex.c:1420:9
	ldr.w	r0, [r8]
	orr	r0, r0, #131072
	str.w	r0, [r8]
	@DEBUG_VALUE: HAL_RCCEx_PeriphCLKConfig:ret <- $r5
	mov	r6, r5
.Ltmp461:
	.loc	5 1437 9                        @ ../Drivers/STM32H7xx_HAL_Driver/Src/stm32h7xx_hal_rcc_ex.c:1437:9
	cbz	r5, .LBB0_240
.Ltmp462:
.LBB0_237:
	@DEBUG_VALUE: HAL_RCCEx_PeriphCLKConfig:status <- $r7
	@DEBUG_VALUE: HAL_RCCEx_PeriphCLKConfig:ret <- $r5
	@DEBUG_VALUE: HAL_RCCEx_PeriphCLKConfig:PeriphClkInit <- $r4
	@DEBUG_VALUE: HAL_RCCEx_PeriphCLKConfig:ret <- $r5
	@DEBUG_VALUE: HAL_RCCEx_PeriphCLKConfig:status <- $r6
	.loc	5 1451 24                       @ ../Drivers/STM32H7xx_HAL_Driver/Src/stm32h7xx_hal_rcc_ex.c:1451:24
	ldr	r1, [r4]
.Ltmp463:
	.loc	5 1451 7 is_stmt 0              @ ../Drivers/STM32H7xx_HAL_Driver/Src/stm32h7xx_hal_rcc_ex.c:1451:7
	lsls	r0, r1, #2
	bmi	.LBB0_242
.Ltmp464:
.LBB0_238:
	@DEBUG_VALUE: HAL_RCCEx_PeriphCLKConfig:ret <- $r5
	@DEBUG_VALUE: HAL_RCCEx_PeriphCLKConfig:status <- $r6
	@DEBUG_VALUE: HAL_RCCEx_PeriphCLKConfig:PeriphClkInit <- $r4
	.loc	5 1451 0                        @ ../Drivers/STM32H7xx_HAL_Driver/Src/stm32h7xx_hal_rcc_ex.c:1451:0
	ldr	r0, [r4, #4]
	@DEBUG_VALUE: HAL_RCCEx_PeriphCLKConfig:status <- $r6
	.loc	5 1461 7 is_stmt 1              @ ../Drivers/STM32H7xx_HAL_Driver/Src/stm32h7xx_hal_rcc_ex.c:1461:7
	lsls	r2, r1, #14
	bmi	.LBB0_243
	b	.LBB0_263
.Ltmp465:
	.loc	5 0 7 is_stmt 0                 @ :0:7
.Ltmp466:
	.p2align	2
.LBB0_239:
	@DEBUG_VALUE: HAL_RCCEx_PeriphCLKConfig:status <- $r7
	@DEBUG_VALUE: HAL_RCCEx_PeriphCLKConfig:ret <- $r5
	@DEBUG_VALUE: HAL_RCCEx_PeriphCLKConfig:PeriphClkInit <- $r4
	.loc	5 1427 50 is_stmt 1             @ ../Drivers/STM32H7xx_HAL_Driver/Src/stm32h7xx_hal_rcc_ex.c:1427:50
	add.w	r0, r4, #8
	.loc	5 1427 15 is_stmt 0             @ ../Drivers/STM32H7xx_HAL_Driver/Src/stm32h7xx_hal_rcc_ex.c:1427:15
	movs	r1, #2
	bl	RCCEx_PLL2_Config
.Ltmp467:
	mov	r5, r0
.Ltmp468:
	@DEBUG_VALUE: HAL_RCCEx_PeriphCLKConfig:ret <- undef
	@DEBUG_VALUE: HAL_RCCEx_PeriphCLKConfig:ret <- $r5
	.loc	5 1437 9 is_stmt 1              @ ../Drivers/STM32H7xx_HAL_Driver/Src/stm32h7xx_hal_rcc_ex.c:1437:9
	cmp	r5, #0
	mov	r6, r5
	bne	.LBB0_237
.Ltmp469:
.LBB0_240:
	@DEBUG_VALUE: HAL_RCCEx_PeriphCLKConfig:status <- $r7
	@DEBUG_VALUE: HAL_RCCEx_PeriphCLKConfig:ret <- $r5
	@DEBUG_VALUE: HAL_RCCEx_PeriphCLKConfig:PeriphClkInit <- $r4
	.loc	5 1440 7                        @ ../Drivers/STM32H7xx_HAL_Driver/Src/stm32h7xx_hal_rcc_ex.c:1440:7
	ldr.w	r0, [r8, #32]
	ldr	r1, [r4, #80]
	bic	r0, r0, #65536
	movs	r5, #0
.Ltmp470:
	orrs	r0, r1
	str.w	r0, [r8, #32]
	b	.LBB0_232
.Ltmp471:
	.loc	5 0 7 is_stmt 0                 @ :0:7
.Ltmp472:
	.p2align	2
.LBB0_241:
	@DEBUG_VALUE: HAL_RCCEx_PeriphCLKConfig:status <- $r7
	@DEBUG_VALUE: HAL_RCCEx_PeriphCLKConfig:ret <- $r5
	@DEBUG_VALUE: HAL_RCCEx_PeriphCLKConfig:PeriphClkInit <- $r4
	movs	r5, #1
.Ltmp473:
	movs	r6, #1
.Ltmp474:
	@DEBUG_VALUE: HAL_RCCEx_PeriphCLKConfig:ret <- $r5
	@DEBUG_VALUE: HAL_RCCEx_PeriphCLKConfig:status <- $r6
	.loc	5 1451 24 is_stmt 1             @ ../Drivers/STM32H7xx_HAL_Driver/Src/stm32h7xx_hal_rcc_ex.c:1451:24
	ldr	r1, [r4]
.Ltmp475:
	.loc	5 1451 7 is_stmt 0              @ ../Drivers/STM32H7xx_HAL_Driver/Src/stm32h7xx_hal_rcc_ex.c:1451:7
	lsls	r0, r1, #2
	bpl	.LBB0_238
.Ltmp476:
.LBB0_242:
	@DEBUG_VALUE: HAL_RCCEx_PeriphCLKConfig:ret <- $r5
	@DEBUG_VALUE: HAL_RCCEx_PeriphCLKConfig:status <- $r6
	@DEBUG_VALUE: HAL_RCCEx_PeriphCLKConfig:PeriphClkInit <- $r4
	.loc	5 1453 44 is_stmt 1             @ ../Drivers/STM32H7xx_HAL_Driver/Src/stm32h7xx_hal_rcc_ex.c:1453:44
	add.w	r0, r4, #40
	.loc	5 1453 9 is_stmt 0              @ ../Drivers/STM32H7xx_HAL_Driver/Src/stm32h7xx_hal_rcc_ex.c:1453:9
	movs	r1, #2
	bl	RCCEx_PLL3_Config
.Ltmp477:
	.loc	5 1453 9                        @ ../Drivers/STM32H7xx_HAL_Driver/Src/stm32h7xx_hal_rcc_ex.c:1453:9
	cmp	r0, #0
	it	ne
	movne	r6, #1
.Ltmp478:
	.loc	5 1461 24 is_stmt 1             @ ../Drivers/STM32H7xx_HAL_Driver/Src/stm32h7xx_hal_rcc_ex.c:1461:24
	ldrd	r1, r0, [r4]
.Ltmp479:
	@DEBUG_VALUE: HAL_RCCEx_PeriphCLKConfig:status <- $r6
	.loc	5 1461 7 is_stmt 0              @ ../Drivers/STM32H7xx_HAL_Driver/Src/stm32h7xx_hal_rcc_ex.c:1461:7
	lsls	r2, r1, #14
	bpl	.LBB0_263
.Ltmp480:
.LBB0_243:
	@DEBUG_VALUE: HAL_RCCEx_PeriphCLKConfig:ret <- $r5
	@DEBUG_VALUE: HAL_RCCEx_PeriphCLKConfig:status <- $r6
	@DEBUG_VALUE: HAL_RCCEx_PeriphCLKConfig:PeriphClkInit <- $r4
	.loc	5 1464 28 is_stmt 1             @ ../Drivers/STM32H7xx_HAL_Driver/Src/stm32h7xx_hal_rcc_ex.c:1464:28
	ldr.w	r2, [r4, #128]
	mvn	r3, #1
	.loc	5 1464 5 is_stmt 0              @ ../Drivers/STM32H7xx_HAL_Driver/Src/stm32h7xx_hal_rcc_ex.c:1464:5
	add.w	r3, r3, r2, ror #8
	cmp	r3, #2
	blo	.LBB0_247
.Ltmp481:
@ %bb.244:
	@DEBUG_VALUE: HAL_RCCEx_PeriphCLKConfig:ret <- $r5
	@DEBUG_VALUE: HAL_RCCEx_PeriphCLKConfig:status <- $r6
	@DEBUG_VALUE: HAL_RCCEx_PeriphCLKConfig:PeriphClkInit <- $r4
	.loc	5 0 5                           @ ../Drivers/STM32H7xx_HAL_Driver/Src/stm32h7xx_hal_rcc_ex.c:0:5
	ror.w	r3, r2, #8
	.loc	5 1464 5                        @ ../Drivers/STM32H7xx_HAL_Driver/Src/stm32h7xx_hal_rcc_ex.c:1464:5
	cbz	r3, .LBB0_247
.Ltmp482:
@ %bb.245:
	@DEBUG_VALUE: HAL_RCCEx_PeriphCLKConfig:ret <- $r5
	@DEBUG_VALUE: HAL_RCCEx_PeriphCLKConfig:status <- $r6
	@DEBUG_VALUE: HAL_RCCEx_PeriphCLKConfig:PeriphClkInit <- $r4
	cmp	r3, #1
	bne.w	.LBB0_275
.Ltmp483:
@ %bb.246:
	@DEBUG_VALUE: HAL_RCCEx_PeriphCLKConfig:ret <- $r5
	@DEBUG_VALUE: HAL_RCCEx_PeriphCLKConfig:status <- $r6
	@DEBUG_VALUE: HAL_RCCEx_PeriphCLKConfig:PeriphClkInit <- $r4
	.loc	5 1468 9 is_stmt 1              @ ../Drivers/STM32H7xx_HAL_Driver/Src/stm32h7xx_hal_rcc_ex.c:1468:9
	ldr.w	r3, [r8]
	orr	r3, r3, #131072
	str.w	r3, [r8]
.Ltmp484:
.LBB0_247:
	@DEBUG_VALUE: HAL_RCCEx_PeriphCLKConfig:ret <- $r5
	@DEBUG_VALUE: HAL_RCCEx_PeriphCLKConfig:status <- $r6
	@DEBUG_VALUE: HAL_RCCEx_PeriphCLKConfig:PeriphClkInit <- $r4
	@DEBUG_VALUE: HAL_RCCEx_PeriphCLKConfig:ret <- $r5
	.loc	5 1492 9                        @ ../Drivers/STM32H7xx_HAL_Driver/Src/stm32h7xx_hal_rcc_ex.c:1492:9
	cbz	r5, .LBB0_262
.Ltmp485:
@ %bb.248:
	@DEBUG_VALUE: HAL_RCCEx_PeriphCLKConfig:ret <- $r5
	@DEBUG_VALUE: HAL_RCCEx_PeriphCLKConfig:status <- $r6
	@DEBUG_VALUE: HAL_RCCEx_PeriphCLKConfig:PeriphClkInit <- $r4
	@DEBUG_VALUE: HAL_RCCEx_PeriphCLKConfig:status <- $r5
	.loc	5 1506 7                        @ ../Drivers/STM32H7xx_HAL_Driver/Src/stm32h7xx_hal_rcc_ex.c:1506:7
	lsls	r2, r1, #11
	bmi	.LBB0_264
.Ltmp486:
.LBB0_249:
	@DEBUG_VALUE: HAL_RCCEx_PeriphCLKConfig:status <- $r5
	@DEBUG_VALUE: HAL_RCCEx_PeriphCLKConfig:PeriphClkInit <- $r4
	.loc	5 1516 7                        @ ../Drivers/STM32H7xx_HAL_Driver/Src/stm32h7xx_hal_rcc_ex.c:1516:7
	lsls	r2, r1, #3
	bmi	.LBB0_265
.Ltmp487:
.LBB0_250:
	@DEBUG_VALUE: HAL_RCCEx_PeriphCLKConfig:status <- $r5
	@DEBUG_VALUE: HAL_RCCEx_PeriphCLKConfig:PeriphClkInit <- $r4
	.loc	5 1526 7                        @ ../Drivers/STM32H7xx_HAL_Driver/Src/stm32h7xx_hal_rcc_ex.c:1526:7
	lsls	r2, r1, #10
	bmi	.LBB0_266
.Ltmp488:
.LBB0_251:
	@DEBUG_VALUE: HAL_RCCEx_PeriphCLKConfig:status <- $r5
	@DEBUG_VALUE: HAL_RCCEx_PeriphCLKConfig:PeriphClkInit <- $r4
	.loc	5 1548 7                        @ ../Drivers/STM32H7xx_HAL_Driver/Src/stm32h7xx_hal_rcc_ex.c:1548:7
	lsls	r2, r1, #1
	bmi	.LBB0_267
.Ltmp489:
.LBB0_252:
	@DEBUG_VALUE: HAL_RCCEx_PeriphCLKConfig:status <- $r5
	@DEBUG_VALUE: HAL_RCCEx_PeriphCLKConfig:PeriphClkInit <- $r4
	.loc	5 1558 7                        @ ../Drivers/STM32H7xx_HAL_Driver/Src/stm32h7xx_hal_rcc_ex.c:1558:7
	lsrs	r2, r1, #31
	bne	.LBB0_268
.Ltmp490:
.LBB0_253:
	@DEBUG_VALUE: HAL_RCCEx_PeriphCLKConfig:status <- $r5
	@DEBUG_VALUE: HAL_RCCEx_PeriphCLKConfig:PeriphClkInit <- $r4
	.loc	5 1568 7                        @ ../Drivers/STM32H7xx_HAL_Driver/Src/stm32h7xx_hal_rcc_ex.c:1568:7
	lsls	r1, r1, #8
	bmi	.LBB0_269
.Ltmp491:
.LBB0_254:
	@DEBUG_VALUE: HAL_RCCEx_PeriphCLKConfig:status <- $r5
	@DEBUG_VALUE: HAL_RCCEx_PeriphCLKConfig:PeriphClkInit <- $r4
	.loc	5 1578 7                        @ ../Drivers/STM32H7xx_HAL_Driver/Src/stm32h7xx_hal_rcc_ex.c:1578:7
	lsls	r1, r0, #31
	bne	.LBB0_270
.Ltmp492:
.LBB0_255:
	@DEBUG_VALUE: HAL_RCCEx_PeriphCLKConfig:status <- $r5
	@DEBUG_VALUE: HAL_RCCEx_PeriphCLKConfig:PeriphClkInit <- $r4
	@DEBUG_VALUE: HAL_RCCEx_PeriphCLKConfig:status <- $r5
	.loc	5 1594 7                        @ ../Drivers/STM32H7xx_HAL_Driver/Src/stm32h7xx_hal_rcc_ex.c:1594:7
	lsls	r1, r0, #30
	bmi	.LBB0_271
.Ltmp493:
.LBB0_256:
	@DEBUG_VALUE: HAL_RCCEx_PeriphCLKConfig:status <- $r5
	@DEBUG_VALUE: HAL_RCCEx_PeriphCLKConfig:PeriphClkInit <- $r4
	@DEBUG_VALUE: HAL_RCCEx_PeriphCLKConfig:status <- $r5
	.loc	5 1610 7                        @ ../Drivers/STM32H7xx_HAL_Driver/Src/stm32h7xx_hal_rcc_ex.c:1610:7
	lsls	r1, r0, #29
	bmi	.LBB0_272
.Ltmp494:
.LBB0_257:
	@DEBUG_VALUE: HAL_RCCEx_PeriphCLKConfig:status <- $r5
	@DEBUG_VALUE: HAL_RCCEx_PeriphCLKConfig:PeriphClkInit <- $r4
	@DEBUG_VALUE: HAL_RCCEx_PeriphCLKConfig:status <- $r5
	.loc	5 1627 7                        @ ../Drivers/STM32H7xx_HAL_Driver/Src/stm32h7xx_hal_rcc_ex.c:1627:7
	lsls	r1, r0, #28
	bmi.w	.LBB0_273
.Ltmp495:
.LBB0_258:
	@DEBUG_VALUE: HAL_RCCEx_PeriphCLKConfig:status <- $r5
	@DEBUG_VALUE: HAL_RCCEx_PeriphCLKConfig:PeriphClkInit <- $r4
	@DEBUG_VALUE: HAL_RCCEx_PeriphCLKConfig:status <- $r5
	.loc	5 1643 7                        @ ../Drivers/STM32H7xx_HAL_Driver/Src/stm32h7xx_hal_rcc_ex.c:1643:7
	lsls	r1, r0, #27
	bmi.w	.LBB0_274
.Ltmp496:
.LBB0_259:
	@DEBUG_VALUE: HAL_RCCEx_PeriphCLKConfig:status <- $r5
	@DEBUG_VALUE: HAL_RCCEx_PeriphCLKConfig:PeriphClkInit <- $r4
	@DEBUG_VALUE: HAL_RCCEx_PeriphCLKConfig:status <- $r5
	.loc	5 1659 7                        @ ../Drivers/STM32H7xx_HAL_Driver/Src/stm32h7xx_hal_rcc_ex.c:1659:7
	lsls	r0, r0, #26
	bpl	.LBB0_261
.Ltmp497:
.LBB0_260:
	@DEBUG_VALUE: HAL_RCCEx_PeriphCLKConfig:status <- $r5
	@DEBUG_VALUE: HAL_RCCEx_PeriphCLKConfig:PeriphClkInit <- $r4
	.loc	5 1661 46                       @ ../Drivers/STM32H7xx_HAL_Driver/Src/stm32h7xx_hal_rcc_ex.c:1661:46
	add.w	r0, r4, #40
	.loc	5 1661 11 is_stmt 0             @ ../Drivers/STM32H7xx_HAL_Driver/Src/stm32h7xx_hal_rcc_ex.c:1661:11
	movs	r1, #2
	bl	RCCEx_PLL3_Config
.Ltmp498:
	@DEBUG_VALUE: HAL_RCCEx_PeriphCLKConfig:ret <- undef
	.loc	5 1663 9 is_stmt 1              @ ../Drivers/STM32H7xx_HAL_Driver/Src/stm32h7xx_hal_rcc_ex.c:1663:9
	cmp	r0, #0
	it	ne
	movne	r5, #1
.Ltmp499:
.LBB0_261:
	@DEBUG_VALUE: HAL_RCCEx_PeriphCLKConfig:PeriphClkInit <- $r4
	@DEBUG_VALUE: HAL_RCCEx_PeriphCLKConfig:status <- $r5
	.loc	5 1674 14                       @ ../Drivers/STM32H7xx_HAL_Driver/Src/stm32h7xx_hal_rcc_ex.c:1674:14
	cmp	r5, #0
	it	ne
	movne	r5, #1
.Ltmp500:
	.loc	5 1679 1                        @ ../Drivers/STM32H7xx_HAL_Driver/Src/stm32h7xx_hal_rcc_ex.c:1679:1
	mov	r0, r5
	.loc	5 1679 1 epilogue_begin is_stmt 0 @ ../Drivers/STM32H7xx_HAL_Driver/Src/stm32h7xx_hal_rcc_ex.c:1679:1
	pop.w	{r4, r5, r6, r7, r8, r9, r10, pc}
.Ltmp501:
	.loc	5 0 1                           @ :0:1
.Ltmp502:
	.p2align	2
.LBB0_262:
	@DEBUG_VALUE: HAL_RCCEx_PeriphCLKConfig:ret <- $r5
	@DEBUG_VALUE: HAL_RCCEx_PeriphCLKConfig:status <- $r6
	@DEBUG_VALUE: HAL_RCCEx_PeriphCLKConfig:PeriphClkInit <- $r4
	.loc	5 1495 7 is_stmt 1              @ ../Drivers/STM32H7xx_HAL_Driver/Src/stm32h7xx_hal_rcc_ex.c:1495:7
	ldr.w	r3, [r8, #40]
	bic	r3, r3, #768
	orrs	r2, r3
	str.w	r2, [r8, #40]
.Ltmp503:
.LBB0_263:
	@DEBUG_VALUE: HAL_RCCEx_PeriphCLKConfig:ret <- $r5
	@DEBUG_VALUE: HAL_RCCEx_PeriphCLKConfig:status <- $r6
	@DEBUG_VALUE: HAL_RCCEx_PeriphCLKConfig:PeriphClkInit <- $r4
	.loc	5 0 7 is_stmt 0                 @ ../Drivers/STM32H7xx_HAL_Driver/Src/stm32h7xx_hal_rcc_ex.c:0:7
	mov	r5, r6
.Ltmp504:
	@DEBUG_VALUE: HAL_RCCEx_PeriphCLKConfig:status <- $r5
	@DEBUG_VALUE: HAL_RCCEx_PeriphCLKConfig:status <- $r5
	.loc	5 1506 7 is_stmt 1              @ ../Drivers/STM32H7xx_HAL_Driver/Src/stm32h7xx_hal_rcc_ex.c:1506:7
	lsls	r2, r1, #11
	bpl	.LBB0_249
.Ltmp505:
.LBB0_264:
	@DEBUG_VALUE: HAL_RCCEx_PeriphCLKConfig:status <- $r5
	@DEBUG_VALUE: HAL_RCCEx_PeriphCLKConfig:PeriphClkInit <- $r4
	.loc	5 1512 5                        @ ../Drivers/STM32H7xx_HAL_Driver/Src/stm32h7xx_hal_rcc_ex.c:1512:5
	ldr.w	r2, [r8, #36]
	ldr	r3, [r4, #116]
	bic	r2, r2, #-2147483648
	orrs	r2, r3
	str.w	r2, [r8, #36]
.Ltmp506:
	.loc	5 1516 7                        @ ../Drivers/STM32H7xx_HAL_Driver/Src/stm32h7xx_hal_rcc_ex.c:1516:7
	lsls	r2, r1, #3
	bpl	.LBB0_250
.Ltmp507:
.LBB0_265:
	@DEBUG_VALUE: HAL_RCCEx_PeriphCLKConfig:status <- $r5
	@DEBUG_VALUE: HAL_RCCEx_PeriphCLKConfig:PeriphClkInit <- $r4
	.loc	5 1522 5                        @ ../Drivers/STM32H7xx_HAL_Driver/Src/stm32h7xx_hal_rcc_ex.c:1522:5
	ldr	r2, [r8, #-28]
	ldr.w	r3, [r4, #184]
	bic	r2, r2, #16384
	orrs	r2, r3
	str	r2, [r8, #-28]
.Ltmp508:
	.loc	5 1526 7                        @ ../Drivers/STM32H7xx_HAL_Driver/Src/stm32h7xx_hal_rcc_ex.c:1526:7
	lsls	r2, r1, #10
	bpl	.LBB0_251
.Ltmp509:
.LBB0_266:
	@DEBUG_VALUE: HAL_RCCEx_PeriphCLKConfig:status <- $r5
	@DEBUG_VALUE: HAL_RCCEx_PeriphCLKConfig:PeriphClkInit <- $r4
	.loc	5 1532 5                        @ ../Drivers/STM32H7xx_HAL_Driver/Src/stm32h7xx_hal_rcc_ex.c:1532:5
	ldr.w	r2, [r8, #36]
	ldr	r3, [r4, #108]
	bic	r2, r2, #16777216
	orrs	r2, r3
	str.w	r2, [r8, #36]
.Ltmp510:
	.loc	5 1548 7                        @ ../Drivers/STM32H7xx_HAL_Driver/Src/stm32h7xx_hal_rcc_ex.c:1548:7
	lsls	r2, r1, #1
	bpl	.LBB0_252
.Ltmp511:
.LBB0_267:
	@DEBUG_VALUE: HAL_RCCEx_PeriphCLKConfig:status <- $r5
	@DEBUG_VALUE: HAL_RCCEx_PeriphCLKConfig:PeriphClkInit <- $r4
	.loc	5 1554 5                        @ ../Drivers/STM32H7xx_HAL_Driver/Src/stm32h7xx_hal_rcc_ex.c:1554:5
	ldr	r2, [r8, #-28]
	bic	r2, r2, #32768
	str	r2, [r8, #-28]
	ldr.w	r2, [r4, #188]
	ldr	r3, [r8, #-28]
	orrs	r2, r3
	str	r2, [r8, #-28]
.Ltmp512:
	.loc	5 1558 7                        @ ../Drivers/STM32H7xx_HAL_Driver/Src/stm32h7xx_hal_rcc_ex.c:1558:7
	lsrs	r2, r1, #31
	beq	.LBB0_253
.Ltmp513:
.LBB0_268:
	@DEBUG_VALUE: HAL_RCCEx_PeriphCLKConfig:status <- $r5
	@DEBUG_VALUE: HAL_RCCEx_PeriphCLKConfig:PeriphClkInit <- $r4
	.loc	5 1564 5                        @ ../Drivers/STM32H7xx_HAL_Driver/Src/stm32h7xx_hal_rcc_ex.c:1564:5
	ldr.w	r2, [r8, #32]
	ldr	r3, [r4, #84]
	bic	r2, r2, #805306368
	orrs	r2, r3
	str.w	r2, [r8, #32]
.Ltmp514:
	.loc	5 1568 7                        @ ../Drivers/STM32H7xx_HAL_Driver/Src/stm32h7xx_hal_rcc_ex.c:1568:7
	lsls	r1, r1, #8
	bpl	.LBB0_254
.Ltmp515:
.LBB0_269:
	@DEBUG_VALUE: HAL_RCCEx_PeriphCLKConfig:status <- $r5
	@DEBUG_VALUE: HAL_RCCEx_PeriphCLKConfig:PeriphClkInit <- $r4
	.loc	5 1574 5                        @ ../Drivers/STM32H7xx_HAL_Driver/Src/stm32h7xx_hal_rcc_ex.c:1574:5
	ldr.w	r1, [r8, #40]
	ldr.w	r2, [r4, #140]
	bic	r1, r1, #12582912
	orrs	r1, r2
	str.w	r1, [r8, #40]
.Ltmp516:
	.loc	5 1578 7                        @ ../Drivers/STM32H7xx_HAL_Driver/Src/stm32h7xx_hal_rcc_ex.c:1578:7
	lsls	r1, r0, #31
	beq	.LBB0_255
.Ltmp517:
.LBB0_270:
	@DEBUG_VALUE: HAL_RCCEx_PeriphCLKConfig:status <- $r5
	@DEBUG_VALUE: HAL_RCCEx_PeriphCLKConfig:PeriphClkInit <- $r4
	.loc	5 1580 46                       @ ../Drivers/STM32H7xx_HAL_Driver/Src/stm32h7xx_hal_rcc_ex.c:1580:46
	add.w	r0, r4, #8
	.loc	5 1580 11 is_stmt 0             @ ../Drivers/STM32H7xx_HAL_Driver/Src/stm32h7xx_hal_rcc_ex.c:1580:11
	movs	r1, #0
	bl	RCCEx_PLL2_Config
.Ltmp518:
	@DEBUG_VALUE: HAL_RCCEx_PeriphCLKConfig:ret <- undef
	.loc	5 1582 9 is_stmt 1              @ ../Drivers/STM32H7xx_HAL_Driver/Src/stm32h7xx_hal_rcc_ex.c:1582:9
	cmp	r0, #0
	it	ne
	movne	r5, r0
.Ltmp519:
	.loc	5 1594 24                       @ ../Drivers/STM32H7xx_HAL_Driver/Src/stm32h7xx_hal_rcc_ex.c:1594:24
	ldr	r0, [r4, #4]
.Ltmp520:
	@DEBUG_VALUE: HAL_RCCEx_PeriphCLKConfig:status <- $r5
	.loc	5 1594 7 is_stmt 0              @ ../Drivers/STM32H7xx_HAL_Driver/Src/stm32h7xx_hal_rcc_ex.c:1594:7
	lsls	r1, r0, #30
	bpl	.LBB0_256
.Ltmp521:
.LBB0_271:
	@DEBUG_VALUE: HAL_RCCEx_PeriphCLKConfig:status <- $r5
	@DEBUG_VALUE: HAL_RCCEx_PeriphCLKConfig:PeriphClkInit <- $r4
	.loc	5 1596 46 is_stmt 1             @ ../Drivers/STM32H7xx_HAL_Driver/Src/stm32h7xx_hal_rcc_ex.c:1596:46
	add.w	r0, r4, #8
	.loc	5 1596 11 is_stmt 0             @ ../Drivers/STM32H7xx_HAL_Driver/Src/stm32h7xx_hal_rcc_ex.c:1596:11
	movs	r1, #1
	bl	RCCEx_PLL2_Config
.Ltmp522:
	@DEBUG_VALUE: HAL_RCCEx_PeriphCLKConfig:ret <- undef
	.loc	5 1598 9 is_stmt 1              @ ../Drivers/STM32H7xx_HAL_Driver/Src/stm32h7xx_hal_rcc_ex.c:1598:9
	cmp	r0, #0
	it	ne
	movne	r5, r0
.Ltmp523:
	.loc	5 1610 24                       @ ../Drivers/STM32H7xx_HAL_Driver/Src/stm32h7xx_hal_rcc_ex.c:1610:24
	ldr	r0, [r4, #4]
.Ltmp524:
	@DEBUG_VALUE: HAL_RCCEx_PeriphCLKConfig:status <- $r5
	.loc	5 1610 7 is_stmt 0              @ ../Drivers/STM32H7xx_HAL_Driver/Src/stm32h7xx_hal_rcc_ex.c:1610:7
	lsls	r1, r0, #29
	bpl.w	.LBB0_257
.Ltmp525:
.LBB0_272:
	@DEBUG_VALUE: HAL_RCCEx_PeriphCLKConfig:status <- $r5
	@DEBUG_VALUE: HAL_RCCEx_PeriphCLKConfig:PeriphClkInit <- $r4
	.loc	5 1612 46 is_stmt 1             @ ../Drivers/STM32H7xx_HAL_Driver/Src/stm32h7xx_hal_rcc_ex.c:1612:46
	add.w	r0, r4, #8
	.loc	5 1612 11 is_stmt 0             @ ../Drivers/STM32H7xx_HAL_Driver/Src/stm32h7xx_hal_rcc_ex.c:1612:11
	movs	r1, #2
	bl	RCCEx_PLL2_Config
.Ltmp526:
	@DEBUG_VALUE: HAL_RCCEx_PeriphCLKConfig:ret <- undef
	.loc	5 1614 9 is_stmt 1              @ ../Drivers/STM32H7xx_HAL_Driver/Src/stm32h7xx_hal_rcc_ex.c:1614:9
	cmp	r0, #0
	it	ne
	movne	r5, r0
.Ltmp527:
	.loc	5 1627 24                       @ ../Drivers/STM32H7xx_HAL_Driver/Src/stm32h7xx_hal_rcc_ex.c:1627:24
	ldr	r0, [r4, #4]
.Ltmp528:
	@DEBUG_VALUE: HAL_RCCEx_PeriphCLKConfig:status <- $r5
	.loc	5 1627 7 is_stmt 0              @ ../Drivers/STM32H7xx_HAL_Driver/Src/stm32h7xx_hal_rcc_ex.c:1627:7
	lsls	r1, r0, #28
	bpl.w	.LBB0_258
.Ltmp529:
.LBB0_273:
	@DEBUG_VALUE: HAL_RCCEx_PeriphCLKConfig:status <- $r5
	@DEBUG_VALUE: HAL_RCCEx_PeriphCLKConfig:PeriphClkInit <- $r4
	.loc	5 1629 46 is_stmt 1             @ ../Drivers/STM32H7xx_HAL_Driver/Src/stm32h7xx_hal_rcc_ex.c:1629:46
	add.w	r0, r4, #40
	.loc	5 1629 11 is_stmt 0             @ ../Drivers/STM32H7xx_HAL_Driver/Src/stm32h7xx_hal_rcc_ex.c:1629:11
	movs	r1, #0
	bl	RCCEx_PLL3_Config
.Ltmp530:
	@DEBUG_VALUE: HAL_RCCEx_PeriphCLKConfig:ret <- undef
	.loc	5 1631 9 is_stmt 1              @ ../Drivers/STM32H7xx_HAL_Driver/Src/stm32h7xx_hal_rcc_ex.c:1631:9
	cmp	r0, #0
	it	ne
	movne	r5, r0
.Ltmp531:
	.loc	5 1643 24                       @ ../Drivers/STM32H7xx_HAL_Driver/Src/stm32h7xx_hal_rcc_ex.c:1643:24
	ldr	r0, [r4, #4]
.Ltmp532:
	@DEBUG_VALUE: HAL_RCCEx_PeriphCLKConfig:status <- $r5
	.loc	5 1643 7 is_stmt 0              @ ../Drivers/STM32H7xx_HAL_Driver/Src/stm32h7xx_hal_rcc_ex.c:1643:7
	lsls	r1, r0, #27
	bpl.w	.LBB0_259
.Ltmp533:
.LBB0_274:
	@DEBUG_VALUE: HAL_RCCEx_PeriphCLKConfig:status <- $r5
	@DEBUG_VALUE: HAL_RCCEx_PeriphCLKConfig:PeriphClkInit <- $r4
	.loc	5 1645 46 is_stmt 1             @ ../Drivers/STM32H7xx_HAL_Driver/Src/stm32h7xx_hal_rcc_ex.c:1645:46
	add.w	r0, r4, #40
	.loc	5 1645 11 is_stmt 0             @ ../Drivers/STM32H7xx_HAL_Driver/Src/stm32h7xx_hal_rcc_ex.c:1645:11
	movs	r1, #1
	bl	RCCEx_PLL3_Config
.Ltmp534:
	@DEBUG_VALUE: HAL_RCCEx_PeriphCLKConfig:ret <- undef
	.loc	5 1647 9 is_stmt 1              @ ../Drivers/STM32H7xx_HAL_Driver/Src/stm32h7xx_hal_rcc_ex.c:1647:9
	cmp	r0, #0
	it	ne
	movne	r5, r0
.Ltmp535:
	.loc	5 1659 24                       @ ../Drivers/STM32H7xx_HAL_Driver/Src/stm32h7xx_hal_rcc_ex.c:1659:24
	ldr	r0, [r4, #4]
.Ltmp536:
	@DEBUG_VALUE: HAL_RCCEx_PeriphCLKConfig:status <- $r5
	.loc	5 1659 7 is_stmt 0              @ ../Drivers/STM32H7xx_HAL_Driver/Src/stm32h7xx_hal_rcc_ex.c:1659:7
	lsls	r0, r0, #26
	bmi.w	.LBB0_260
	b	.LBB0_261
.Ltmp537:
	.loc	5 0 7                           @ :0:7
.Ltmp538:
	.p2align	2
.LBB0_275:
	@DEBUG_VALUE: HAL_RCCEx_PeriphCLKConfig:ret <- $r5
	@DEBUG_VALUE: HAL_RCCEx_PeriphCLKConfig:status <- $r6
	@DEBUG_VALUE: HAL_RCCEx_PeriphCLKConfig:PeriphClkInit <- $r4
	movs	r5, #1
.Ltmp539:
	@DEBUG_VALUE: HAL_RCCEx_PeriphCLKConfig:status <- $r5
	.loc	5 1506 7 is_stmt 1              @ ../Drivers/STM32H7xx_HAL_Driver/Src/stm32h7xx_hal_rcc_ex.c:1506:7
	lsls	r2, r1, #11
	bpl.w	.LBB0_249
	b	.LBB0_264
.Ltmp540:
	.loc	5 0 7 is_stmt 0                 @ :0:7
.Ltmp541:
	.p2align	2
.LBB0_276:
	@DEBUG_VALUE: HAL_RCCEx_PeriphCLKConfig:tickstart <- $r6
	@DEBUG_VALUE: HAL_RCCEx_PeriphCLKConfig:status <- $r9
	@DEBUG_VALUE: HAL_RCCEx_PeriphCLKConfig:PeriphClkInit <- $r4
	.loc	5 943 9 is_stmt 1               @ ../Drivers/STM32H7xx_HAL_Driver/Src/stm32h7xx_hal_rcc_ex.c:943:9
	ldr.w	r0, [r4, #180]
.Ltmp542:
.LBB0_277:
	@DEBUG_VALUE: HAL_RCCEx_PeriphCLKConfig:tickstart <- $r6
	@DEBUG_VALUE: HAL_RCCEx_PeriphCLKConfig:status <- $r9
	@DEBUG_VALUE: HAL_RCCEx_PeriphCLKConfig:PeriphClkInit <- $r4
	.loc	5 0 9 is_stmt 0                 @ ../Drivers/STM32H7xx_HAL_Driver/Src/stm32h7xx_hal_rcc_ex.c:0:9
	movw	r3, #65487
	.loc	5 943 9                         @ ../Drivers/STM32H7xx_HAL_Driver/Src/stm32h7xx_hal_rcc_ex.c:943:9
	ldr	r2, [r8, #-28]
	movt	r3, #255
	and	r1, r0, #768
	bic	r2, r2, #16128
	and.w	r3, r3, r0, lsr #4
	bfc	r0, #12, #20
	cmp.w	r1, #768
	it	eq
	orreq	r2, r3
	movs	r5, #0
	str	r2, [r8, #-28]
	ldr.w	r1, [r8, #68]
	orrs	r0, r1
	str.w	r0, [r8, #68]
	b.w	.LBB0_123
.Ltmp543:
.Lfunc_end0:
	.size	HAL_RCCEx_PeriphCLKConfig, .Lfunc_end0-HAL_RCCEx_PeriphCLKConfig
	.cfi_endproc
	.cantunwind
	.fnend
                                        @ -- End function
	.section	.text.RCCEx_PLL2_Config,"ax",%progbits
	.p2align	3                               @ -- Begin function RCCEx_PLL2_Config
	.type	RCCEx_PLL2_Config,%function
	.code	16                              @ @RCCEx_PLL2_Config
	.thumb_func
RCCEx_PLL2_Config:
.Lfunc_begin1:
	.loc	5 3694 0 is_stmt 1              @ ../Drivers/STM32H7xx_HAL_Driver/Src/stm32h7xx_hal_rcc_ex.c:3694:0
	.fnstart
	.cfi_startproc
@ %bb.0:
	@DEBUG_VALUE: RCCEx_PLL2_Config:pll2 <- $r0
	@DEBUG_VALUE: RCCEx_PLL2_Config:Divider <- $r1
	.save	{r4, r5, r6, r7, lr}
	push	{r4, r5, r6, r7, lr}
	.cfi_def_cfa_offset 20
	.cfi_offset lr, -4
	.cfi_offset r7, -8
	.cfi_offset r6, -12
	.cfi_offset r5, -16
	.cfi_offset r4, -20
	.pad	#4
	sub	sp, #4
	.cfi_def_cfa_offset 24
	movw	r7, #17452
	movt	r7, #22530
.Ltmp544:
	@DEBUG_VALUE: RCCEx_PLL2_Config:status <- 0
	.loc	5 3708 7 prologue_end           @ ../Drivers/STM32H7xx_HAL_Driver/Src/stm32h7xx_hal_rcc_ex.c:3708:7
	ldr	r2, [r7, #-4]
	and	r2, r2, #3
.Ltmp545:
	.loc	5 3708 7 is_stmt 0              @ ../Drivers/STM32H7xx_HAL_Driver/Src/stm32h7xx_hal_rcc_ex.c:3708:7
	cmp	r2, #3
	@DEBUG_VALUE: RCCEx_PLL2_Config:Divider <- $r1
	@DEBUG_VALUE: RCCEx_PLL2_Config:pll2 <- $r0
	bne	.LBB1_2
.Ltmp546:
@ %bb.1:
	@DEBUG_VALUE: RCCEx_PLL2_Config:status <- 0
	@DEBUG_VALUE: RCCEx_PLL2_Config:Divider <- $r1
	@DEBUG_VALUE: RCCEx_PLL2_Config:pll2 <- $r0
	.loc	5 0 7                           @ ../Drivers/STM32H7xx_HAL_Driver/Src/stm32h7xx_hal_rcc_ex.c:0:7
	movs	r0, #1
.Ltmp547:
	.loc	5 3786 1 epilogue_begin is_stmt 1 @ ../Drivers/STM32H7xx_HAL_Driver/Src/stm32h7xx_hal_rcc_ex.c:3786:1
	add	sp, #4
	pop	{r4, r5, r6, r7, pc}
.Ltmp548:
	.loc	5 0 1 is_stmt 0                 @ :0:1
.Ltmp549:
	.p2align	2
.LBB1_2:
	@DEBUG_VALUE: RCCEx_PLL2_Config:status <- 0
	@DEBUG_VALUE: RCCEx_PLL2_Config:Divider <- $r1
	@DEBUG_VALUE: RCCEx_PLL2_Config:pll2 <- $r0
	mov	r5, r0
.Ltmp550:
	@DEBUG_VALUE: RCCEx_PLL2_Config:pll2 <- $r5
	@DEBUG_VALUE: RCCEx_PLL2_Config:pll2 <- $r5
	.loc	5 3717 5 is_stmt 1              @ ../Drivers/STM32H7xx_HAL_Driver/Src/stm32h7xx_hal_rcc_ex.c:3717:5
	ldr	r0, [r7, #-44]
	mov	r4, r1
.Ltmp551:
	@DEBUG_VALUE: RCCEx_PLL2_Config:Divider <- $r4
	@DEBUG_VALUE: RCCEx_PLL2_Config:Divider <- $r4
	bic	r0, r0, #67108864
	str	r0, [r7, #-44]
	.loc	5 3720 17                       @ ../Drivers/STM32H7xx_HAL_Driver/Src/stm32h7xx_hal_rcc_ex.c:3720:17
	bl	HAL_GetTick
.Ltmp552:
	mov	r6, r0
.Ltmp553:
	@DEBUG_VALUE: RCCEx_PLL2_Config:tickstart <- $r6
	.loc	5 0 17 is_stmt 0                @ :0:17
.Ltmp554:
	.p2align	2
.LBB1_3:                                @ =>This Inner Loop Header: Depth=1
	@DEBUG_VALUE: RCCEx_PLL2_Config:tickstart <- $r6
	@DEBUG_VALUE: RCCEx_PLL2_Config:Divider <- $r4
	@DEBUG_VALUE: RCCEx_PLL2_Config:pll2 <- $r5
	@DEBUG_VALUE: RCCEx_PLL2_Config:status <- 0
	.loc	5 3723 12 is_stmt 1             @ ../Drivers/STM32H7xx_HAL_Driver/Src/stm32h7xx_hal_rcc_ex.c:3723:12
	ldr	r0, [r7, #-44]
	.loc	5 3723 5 is_stmt 0              @ ../Drivers/STM32H7xx_HAL_Driver/Src/stm32h7xx_hal_rcc_ex.c:3723:5
	lsls	r0, r0, #4
	bpl	.LBB1_5
.Ltmp555:
@ %bb.4:                                @   in Loop: Header=BB1_3 Depth=1
	@DEBUG_VALUE: RCCEx_PLL2_Config:tickstart <- $r6
	@DEBUG_VALUE: RCCEx_PLL2_Config:Divider <- $r4
	@DEBUG_VALUE: RCCEx_PLL2_Config:pll2 <- $r5
	@DEBUG_VALUE: RCCEx_PLL2_Config:status <- 0
	.loc	5 3725 12 is_stmt 1             @ ../Drivers/STM32H7xx_HAL_Driver/Src/stm32h7xx_hal_rcc_ex.c:3725:12
	bl	HAL_GetTick
.Ltmp556:
	.loc	5 3725 26 is_stmt 0             @ ../Drivers/STM32H7xx_HAL_Driver/Src/stm32h7xx_hal_rcc_ex.c:3725:26
	subs	r0, r0, r6
.Ltmp557:
	.loc	5 3725 11                       @ ../Drivers/STM32H7xx_HAL_Driver/Src/stm32h7xx_hal_rcc_ex.c:3725:11
	cmp	r0, #2
	bls	.LBB1_3
	b	.LBB1_8
.Ltmp558:
	.loc	5 0 11                          @ :0:11
.Ltmp559:
	.p2align	2
.LBB1_5:
	@DEBUG_VALUE: RCCEx_PLL2_Config:tickstart <- $r6
	@DEBUG_VALUE: RCCEx_PLL2_Config:Divider <- $r4
	@DEBUG_VALUE: RCCEx_PLL2_Config:pll2 <- $r5
	@DEBUG_VALUE: RCCEx_PLL2_Config:status <- 0
	.loc	5 3732 5 is_stmt 1              @ ../Drivers/STM32H7xx_HAL_Driver/Src/stm32h7xx_hal_rcc_ex.c:3732:5
	ldr	r0, [r7, #-4]
	ldr	r6, [r5, #12]
.Ltmp560:
	ldm.w	r5, {r1, r2, r3}
	bic	r0, r0, #258048
.Ltmp561:
	.loc	5 3754 9                        @ ../Drivers/STM32H7xx_HAL_Driver/Src/stm32h7xx_hal_rcc_ex.c:3754:9
	cmp	r4, #1
.Ltmp562:
	.loc	5 3732 5                        @ ../Drivers/STM32H7xx_HAL_Driver/Src/stm32h7xx_hal_rcc_ex.c:3732:5
	orr.w	r0, r0, r1, lsl #12
	sub.w	r1, r2, #1
	bfc	r1, #9, #23
	mov.w	r2, #65024
	add.w	r2, r2, r3, lsl #9
	str	r0, [r7, #-4]
	uxth	r2, r2
	mov.w	r3, #2130706432
	add.w	r0, r2, r1
	mov.w	r1, #8323072
	ldr	r2, [r5, #16]
	add.w	r1, r1, r6, lsl #16
	and	r1, r1, #8323072
	add.w	r2, r3, r2, lsl #24
	add	r0, r1
	and	r1, r2, #2130706432
	add	r0, r1
	str	r0, [r7, #12]
.Ltmp563:
	.loc	5 3739 5                        @ ../Drivers/STM32H7xx_HAL_Driver/Src/stm32h7xx_hal_rcc_ex.c:3739:5
	ldr	r0, [r7]
	ldr	r1, [r5, #20]
	bic	r0, r0, #192
	orr.w	r0, r0, r1
	str	r0, [r7]
	.loc	5 3742 5                        @ ../Drivers/STM32H7xx_HAL_Driver/Src/stm32h7xx_hal_rcc_ex.c:3742:5
	ldr	r0, [r7]
	ldr	r1, [r5, #24]
	bic	r0, r0, #32
	orr.w	r0, r0, r1
	str	r0, [r7]
	.loc	5 3745 5                        @ ../Drivers/STM32H7xx_HAL_Driver/Src/stm32h7xx_hal_rcc_ex.c:3745:5
	ldr	r0, [r7]
	movw	r1, #65528
	bic	r0, r0, #16
	str	r0, [r7]
	.loc	5 3748 5                        @ ../Drivers/STM32H7xx_HAL_Driver/Src/stm32h7xx_hal_rcc_ex.c:3748:5
	ldr	r0, [r7, #16]
	ldr	r2, [r5, #28]
	bic.w	r0, r0, r1
	mov.w	r1, #2097152
	orr.w	r0, r0, r2, lsl #3
	str	r0, [r7, #16]
	.loc	5 3751 5                        @ ../Drivers/STM32H7xx_HAL_Driver/Src/stm32h7xx_hal_rcc_ex.c:3751:5
	ldr	r0, [r7]
	.loc	5 3754 9                        @ ../Drivers/STM32H7xx_HAL_Driver/Src/stm32h7xx_hal_rcc_ex.c:3754:9
	it	eq
	moveq.w	r1, #1048576
	.loc	5 3751 5                        @ ../Drivers/STM32H7xx_HAL_Driver/Src/stm32h7xx_hal_rcc_ex.c:3751:5
	orr	r0, r0, #16
	.loc	5 3754 9                        @ ../Drivers/STM32H7xx_HAL_Driver/Src/stm32h7xx_hal_rcc_ex.c:3754:9
	cmp	r4, #0
	.loc	5 3751 5                        @ ../Drivers/STM32H7xx_HAL_Driver/Src/stm32h7xx_hal_rcc_ex.c:3751:5
	str	r0, [r7]
	.loc	5 3754 9                        @ ../Drivers/STM32H7xx_HAL_Driver/Src/stm32h7xx_hal_rcc_ex.c:3754:9
	it	eq
	moveq.w	r1, #524288
.Ltmp564:
	.loc	5 0 0 is_stmt 0                 @ ../Drivers/STM32H7xx_HAL_Driver/Src/stm32h7xx_hal_rcc_ex.c:0:0
	ldr	r0, [r7]
	orrs	r0, r1
	str	r0, [r7]
.Ltmp565:
	.loc	5 3768 5 is_stmt 1              @ ../Drivers/STM32H7xx_HAL_Driver/Src/stm32h7xx_hal_rcc_ex.c:3768:5
	ldr	r0, [r7, #-44]
	orr	r0, r0, #67108864
	str	r0, [r7, #-44]
	.loc	5 3771 17                       @ ../Drivers/STM32H7xx_HAL_Driver/Src/stm32h7xx_hal_rcc_ex.c:3771:17
	bl	HAL_GetTick
.Ltmp566:
	mov	r4, r0
.Ltmp567:
	@DEBUG_VALUE: RCCEx_PLL2_Config:tickstart <- $r4
	.loc	5 0 17 is_stmt 0                @ :0:17
.Ltmp568:
	.p2align	2
.LBB1_6:                                @ =>This Inner Loop Header: Depth=1
	@DEBUG_VALUE: RCCEx_PLL2_Config:tickstart <- $r4
	@DEBUG_VALUE: RCCEx_PLL2_Config:pll2 <- $r5
	@DEBUG_VALUE: RCCEx_PLL2_Config:status <- 0
	.loc	5 3774 12 is_stmt 1             @ ../Drivers/STM32H7xx_HAL_Driver/Src/stm32h7xx_hal_rcc_ex.c:3774:12
	ldr	r0, [r7, #-44]
	.loc	5 3774 5 is_stmt 0              @ ../Drivers/STM32H7xx_HAL_Driver/Src/stm32h7xx_hal_rcc_ex.c:3774:5
	lsls	r0, r0, #4
	bmi	.LBB1_9
.Ltmp569:
@ %bb.7:                                @   in Loop: Header=BB1_6 Depth=1
	@DEBUG_VALUE: RCCEx_PLL2_Config:tickstart <- $r4
	@DEBUG_VALUE: RCCEx_PLL2_Config:pll2 <- $r5
	@DEBUG_VALUE: RCCEx_PLL2_Config:status <- 0
	.loc	5 3776 12 is_stmt 1             @ ../Drivers/STM32H7xx_HAL_Driver/Src/stm32h7xx_hal_rcc_ex.c:3776:12
	bl	HAL_GetTick
.Ltmp570:
	.loc	5 3776 26 is_stmt 0             @ ../Drivers/STM32H7xx_HAL_Driver/Src/stm32h7xx_hal_rcc_ex.c:3776:26
	subs	r0, r0, r4
.Ltmp571:
	.loc	5 3776 11                       @ ../Drivers/STM32H7xx_HAL_Driver/Src/stm32h7xx_hal_rcc_ex.c:3776:11
	cmp	r0, #3
	blo	.LBB1_6
.Ltmp572:
.LBB1_8:
	@DEBUG_VALUE: RCCEx_PLL2_Config:pll2 <- $r5
	@DEBUG_VALUE: RCCEx_PLL2_Config:status <- 0
	.loc	5 0 11                          @ ../Drivers/STM32H7xx_HAL_Driver/Src/stm32h7xx_hal_rcc_ex.c:0:11
	movs	r0, #3
	.loc	5 3786 1 epilogue_begin is_stmt 1 @ ../Drivers/STM32H7xx_HAL_Driver/Src/stm32h7xx_hal_rcc_ex.c:3786:1
	add	sp, #4
	pop	{r4, r5, r6, r7, pc}
.Ltmp573:
	.loc	5 0 1 is_stmt 0                 @ :0:1
.Ltmp574:
	.p2align	2
.LBB1_9:
	@DEBUG_VALUE: RCCEx_PLL2_Config:tickstart <- $r4
	@DEBUG_VALUE: RCCEx_PLL2_Config:pll2 <- $r5
	@DEBUG_VALUE: RCCEx_PLL2_Config:status <- 0
	movs	r0, #0
	.loc	5 3786 1 epilogue_begin         @ ../Drivers/STM32H7xx_HAL_Driver/Src/stm32h7xx_hal_rcc_ex.c:3786:1
	add	sp, #4
	pop	{r4, r5, r6, r7, pc}
.Ltmp575:
.Lfunc_end1:
	.size	RCCEx_PLL2_Config, .Lfunc_end1-RCCEx_PLL2_Config
	.cfi_endproc
	.cantunwind
	.fnend
                                        @ -- End function
	.section	.text.RCCEx_PLL3_Config,"ax",%progbits
	.p2align	3                               @ -- Begin function RCCEx_PLL3_Config
	.type	RCCEx_PLL3_Config,%function
	.code	16                              @ @RCCEx_PLL3_Config
	.thumb_func
RCCEx_PLL3_Config:
.Lfunc_begin2:
	.loc	5 3799 0 is_stmt 1              @ ../Drivers/STM32H7xx_HAL_Driver/Src/stm32h7xx_hal_rcc_ex.c:3799:0
	.fnstart
	.cfi_startproc
@ %bb.0:
	@DEBUG_VALUE: RCCEx_PLL3_Config:pll3 <- $r0
	@DEBUG_VALUE: RCCEx_PLL3_Config:Divider <- $r1
	.save	{r4, r5, r6, r7, lr}
	push	{r4, r5, r6, r7, lr}
	.cfi_def_cfa_offset 20
	.cfi_offset lr, -4
	.cfi_offset r7, -8
	.cfi_offset r6, -12
	.cfi_offset r5, -16
	.cfi_offset r4, -20
	.pad	#4
	sub	sp, #4
	.cfi_def_cfa_offset 24
	movw	r7, #17452
	movt	r7, #22530
.Ltmp576:
	@DEBUG_VALUE: RCCEx_PLL3_Config:status <- 0
	.loc	5 3812 7 prologue_end           @ ../Drivers/STM32H7xx_HAL_Driver/Src/stm32h7xx_hal_rcc_ex.c:3812:7
	ldr	r2, [r7, #-4]
	and	r2, r2, #3
.Ltmp577:
	.loc	5 3812 7 is_stmt 0              @ ../Drivers/STM32H7xx_HAL_Driver/Src/stm32h7xx_hal_rcc_ex.c:3812:7
	cmp	r2, #3
	@DEBUG_VALUE: RCCEx_PLL3_Config:Divider <- $r1
	@DEBUG_VALUE: RCCEx_PLL3_Config:pll3 <- $r0
	bne	.LBB2_2
.Ltmp578:
@ %bb.1:
	@DEBUG_VALUE: RCCEx_PLL3_Config:status <- 0
	@DEBUG_VALUE: RCCEx_PLL3_Config:Divider <- $r1
	@DEBUG_VALUE: RCCEx_PLL3_Config:pll3 <- $r0
	.loc	5 0 7                           @ ../Drivers/STM32H7xx_HAL_Driver/Src/stm32h7xx_hal_rcc_ex.c:0:7
	movs	r0, #1
.Ltmp579:
	.loc	5 3889 1 epilogue_begin is_stmt 1 @ ../Drivers/STM32H7xx_HAL_Driver/Src/stm32h7xx_hal_rcc_ex.c:3889:1
	add	sp, #4
	pop	{r4, r5, r6, r7, pc}
.Ltmp580:
	.loc	5 0 1 is_stmt 0                 @ :0:1
.Ltmp581:
	.p2align	2
.LBB2_2:
	@DEBUG_VALUE: RCCEx_PLL3_Config:status <- 0
	@DEBUG_VALUE: RCCEx_PLL3_Config:Divider <- $r1
	@DEBUG_VALUE: RCCEx_PLL3_Config:pll3 <- $r0
	mov	r5, r0
.Ltmp582:
	@DEBUG_VALUE: RCCEx_PLL3_Config:pll3 <- $r5
	@DEBUG_VALUE: RCCEx_PLL3_Config:pll3 <- $r5
	.loc	5 3821 5 is_stmt 1              @ ../Drivers/STM32H7xx_HAL_Driver/Src/stm32h7xx_hal_rcc_ex.c:3821:5
	ldr	r0, [r7, #-44]
	mov	r4, r1
.Ltmp583:
	@DEBUG_VALUE: RCCEx_PLL3_Config:Divider <- $r4
	@DEBUG_VALUE: RCCEx_PLL3_Config:Divider <- $r4
	bic	r0, r0, #268435456
	str	r0, [r7, #-44]
	.loc	5 3824 17                       @ ../Drivers/STM32H7xx_HAL_Driver/Src/stm32h7xx_hal_rcc_ex.c:3824:17
	bl	HAL_GetTick
.Ltmp584:
	mov	r6, r0
.Ltmp585:
	@DEBUG_VALUE: RCCEx_PLL3_Config:tickstart <- $r6
	.loc	5 0 17 is_stmt 0                @ :0:17
.Ltmp586:
	.p2align	2
.LBB2_3:                                @ =>This Inner Loop Header: Depth=1
	@DEBUG_VALUE: RCCEx_PLL3_Config:tickstart <- $r6
	@DEBUG_VALUE: RCCEx_PLL3_Config:Divider <- $r4
	@DEBUG_VALUE: RCCEx_PLL3_Config:pll3 <- $r5
	@DEBUG_VALUE: RCCEx_PLL3_Config:status <- 0
	.loc	5 3826 12 is_stmt 1             @ ../Drivers/STM32H7xx_HAL_Driver/Src/stm32h7xx_hal_rcc_ex.c:3826:12
	ldr	r0, [r7, #-44]
	.loc	5 3826 5 is_stmt 0              @ ../Drivers/STM32H7xx_HAL_Driver/Src/stm32h7xx_hal_rcc_ex.c:3826:5
	lsls	r0, r0, #2
	bpl	.LBB2_5
.Ltmp587:
@ %bb.4:                                @   in Loop: Header=BB2_3 Depth=1
	@DEBUG_VALUE: RCCEx_PLL3_Config:tickstart <- $r6
	@DEBUG_VALUE: RCCEx_PLL3_Config:Divider <- $r4
	@DEBUG_VALUE: RCCEx_PLL3_Config:pll3 <- $r5
	@DEBUG_VALUE: RCCEx_PLL3_Config:status <- 0
	.loc	5 3828 12 is_stmt 1             @ ../Drivers/STM32H7xx_HAL_Driver/Src/stm32h7xx_hal_rcc_ex.c:3828:12
	bl	HAL_GetTick
.Ltmp588:
	.loc	5 3828 26 is_stmt 0             @ ../Drivers/STM32H7xx_HAL_Driver/Src/stm32h7xx_hal_rcc_ex.c:3828:26
	subs	r0, r0, r6
.Ltmp589:
	.loc	5 3828 11                       @ ../Drivers/STM32H7xx_HAL_Driver/Src/stm32h7xx_hal_rcc_ex.c:3828:11
	cmp	r0, #2
	bls	.LBB2_3
	b	.LBB2_8
.Ltmp590:
	.loc	5 0 11                          @ :0:11
.Ltmp591:
	.p2align	2
.LBB2_5:
	@DEBUG_VALUE: RCCEx_PLL3_Config:tickstart <- $r6
	@DEBUG_VALUE: RCCEx_PLL3_Config:Divider <- $r4
	@DEBUG_VALUE: RCCEx_PLL3_Config:pll3 <- $r5
	@DEBUG_VALUE: RCCEx_PLL3_Config:status <- 0
	.loc	5 3835 5 is_stmt 1              @ ../Drivers/STM32H7xx_HAL_Driver/Src/stm32h7xx_hal_rcc_ex.c:3835:5
	ldr	r0, [r7, #-4]
	ldr	r6, [r5, #12]
.Ltmp592:
	ldm.w	r5, {r1, r2, r3}
	bic	r0, r0, #66060288
.Ltmp593:
	.loc	5 3857 9                        @ ../Drivers/STM32H7xx_HAL_Driver/Src/stm32h7xx_hal_rcc_ex.c:3857:9
	cmp	r4, #1
.Ltmp594:
	.loc	5 3835 5                        @ ../Drivers/STM32H7xx_HAL_Driver/Src/stm32h7xx_hal_rcc_ex.c:3835:5
	orr.w	r0, r0, r1, lsl #20
	sub.w	r1, r2, #1
	bfc	r1, #9, #23
	mov.w	r2, #65024
	add.w	r2, r2, r3, lsl #9
	str	r0, [r7, #-4]
	uxth	r2, r2
	mov.w	r3, #2130706432
	add.w	r0, r2, r1
	mov.w	r1, #8323072
	ldr	r2, [r5, #16]
	add.w	r1, r1, r6, lsl #16
	and	r1, r1, #8323072
	add.w	r2, r3, r2, lsl #24
	add	r0, r1
	and	r1, r2, #2130706432
	add	r0, r1
	str	r0, [r7, #20]
.Ltmp595:
	.loc	5 3842 5                        @ ../Drivers/STM32H7xx_HAL_Driver/Src/stm32h7xx_hal_rcc_ex.c:3842:5
	ldr	r0, [r7]
	ldr	r1, [r5, #20]
	bic	r0, r0, #3072
	orr.w	r0, r0, r1
	str	r0, [r7]
	.loc	5 3845 5                        @ ../Drivers/STM32H7xx_HAL_Driver/Src/stm32h7xx_hal_rcc_ex.c:3845:5
	ldr	r0, [r7]
	ldr	r1, [r5, #24]
	bic	r0, r0, #512
	orr.w	r0, r0, r1
	str	r0, [r7]
	.loc	5 3848 5                        @ ../Drivers/STM32H7xx_HAL_Driver/Src/stm32h7xx_hal_rcc_ex.c:3848:5
	ldr	r0, [r7]
	movw	r1, #65528
	bic	r0, r0, #256
	str	r0, [r7]
	.loc	5 3851 5                        @ ../Drivers/STM32H7xx_HAL_Driver/Src/stm32h7xx_hal_rcc_ex.c:3851:5
	ldr	r0, [r7, #24]
	ldr	r2, [r5, #28]
	bic.w	r0, r0, r1
	mov.w	r1, #16777216
	orr.w	r0, r0, r2, lsl #3
	str	r0, [r7, #24]
	.loc	5 3854 5                        @ ../Drivers/STM32H7xx_HAL_Driver/Src/stm32h7xx_hal_rcc_ex.c:3854:5
	ldr	r0, [r7]
	.loc	5 3857 9                        @ ../Drivers/STM32H7xx_HAL_Driver/Src/stm32h7xx_hal_rcc_ex.c:3857:9
	it	eq
	moveq.w	r1, #8388608
	.loc	5 3854 5                        @ ../Drivers/STM32H7xx_HAL_Driver/Src/stm32h7xx_hal_rcc_ex.c:3854:5
	orr	r0, r0, #256
	.loc	5 3857 9                        @ ../Drivers/STM32H7xx_HAL_Driver/Src/stm32h7xx_hal_rcc_ex.c:3857:9
	cmp	r4, #0
	.loc	5 3854 5                        @ ../Drivers/STM32H7xx_HAL_Driver/Src/stm32h7xx_hal_rcc_ex.c:3854:5
	str	r0, [r7]
	.loc	5 3857 9                        @ ../Drivers/STM32H7xx_HAL_Driver/Src/stm32h7xx_hal_rcc_ex.c:3857:9
	it	eq
	moveq.w	r1, #4194304
.Ltmp596:
	.loc	5 0 0 is_stmt 0                 @ ../Drivers/STM32H7xx_HAL_Driver/Src/stm32h7xx_hal_rcc_ex.c:0:0
	ldr	r0, [r7]
	orrs	r0, r1
	str	r0, [r7]
.Ltmp597:
	.loc	5 3871 5 is_stmt 1              @ ../Drivers/STM32H7xx_HAL_Driver/Src/stm32h7xx_hal_rcc_ex.c:3871:5
	ldr	r0, [r7, #-44]
	orr	r0, r0, #268435456
	str	r0, [r7, #-44]
	.loc	5 3874 17                       @ ../Drivers/STM32H7xx_HAL_Driver/Src/stm32h7xx_hal_rcc_ex.c:3874:17
	bl	HAL_GetTick
.Ltmp598:
	mov	r4, r0
.Ltmp599:
	@DEBUG_VALUE: RCCEx_PLL3_Config:tickstart <- $r4
	.loc	5 0 17 is_stmt 0                @ :0:17
.Ltmp600:
	.p2align	2
.LBB2_6:                                @ =>This Inner Loop Header: Depth=1
	@DEBUG_VALUE: RCCEx_PLL3_Config:tickstart <- $r4
	@DEBUG_VALUE: RCCEx_PLL3_Config:pll3 <- $r5
	@DEBUG_VALUE: RCCEx_PLL3_Config:status <- 0
	.loc	5 3877 12 is_stmt 1             @ ../Drivers/STM32H7xx_HAL_Driver/Src/stm32h7xx_hal_rcc_ex.c:3877:12
	ldr	r0, [r7, #-44]
	.loc	5 3877 5 is_stmt 0              @ ../Drivers/STM32H7xx_HAL_Driver/Src/stm32h7xx_hal_rcc_ex.c:3877:5
	lsls	r0, r0, #2
	bmi	.LBB2_9
.Ltmp601:
@ %bb.7:                                @   in Loop: Header=BB2_6 Depth=1
	@DEBUG_VALUE: RCCEx_PLL3_Config:tickstart <- $r4
	@DEBUG_VALUE: RCCEx_PLL3_Config:pll3 <- $r5
	@DEBUG_VALUE: RCCEx_PLL3_Config:status <- 0
	.loc	5 3879 12 is_stmt 1             @ ../Drivers/STM32H7xx_HAL_Driver/Src/stm32h7xx_hal_rcc_ex.c:3879:12
	bl	HAL_GetTick
.Ltmp602:
	.loc	5 3879 26 is_stmt 0             @ ../Drivers/STM32H7xx_HAL_Driver/Src/stm32h7xx_hal_rcc_ex.c:3879:26
	subs	r0, r0, r4
.Ltmp603:
	.loc	5 3879 11                       @ ../Drivers/STM32H7xx_HAL_Driver/Src/stm32h7xx_hal_rcc_ex.c:3879:11
	cmp	r0, #3
	blo	.LBB2_6
.Ltmp604:
.LBB2_8:
	@DEBUG_VALUE: RCCEx_PLL3_Config:pll3 <- $r5
	@DEBUG_VALUE: RCCEx_PLL3_Config:status <- 0
	.loc	5 0 11                          @ ../Drivers/STM32H7xx_HAL_Driver/Src/stm32h7xx_hal_rcc_ex.c:0:11
	movs	r0, #3
	.loc	5 3889 1 epilogue_begin is_stmt 1 @ ../Drivers/STM32H7xx_HAL_Driver/Src/stm32h7xx_hal_rcc_ex.c:3889:1
	add	sp, #4
	pop	{r4, r5, r6, r7, pc}
.Ltmp605:
	.loc	5 0 1 is_stmt 0                 @ :0:1
.Ltmp606:
	.p2align	2
.LBB2_9:
	@DEBUG_VALUE: RCCEx_PLL3_Config:tickstart <- $r4
	@DEBUG_VALUE: RCCEx_PLL3_Config:pll3 <- $r5
	@DEBUG_VALUE: RCCEx_PLL3_Config:status <- 0
	movs	r0, #0
	.loc	5 3889 1 epilogue_begin         @ ../Drivers/STM32H7xx_HAL_Driver/Src/stm32h7xx_hal_rcc_ex.c:3889:1
	add	sp, #4
	pop	{r4, r5, r6, r7, pc}
.Ltmp607:
.Lfunc_end2:
	.size	RCCEx_PLL3_Config, .Lfunc_end2-RCCEx_PLL3_Config
	.cfi_endproc
	.cantunwind
	.fnend
                                        @ -- End function
	.section	.text.HAL_RCCEx_GetPeriphCLKConfig,"ax",%progbits
	.hidden	HAL_RCCEx_GetPeriphCLKConfig    @ -- Begin function HAL_RCCEx_GetPeriphCLKConfig
	.globl	HAL_RCCEx_GetPeriphCLKConfig
	.p2align	3
	.type	HAL_RCCEx_GetPeriphCLKConfig,%function
	.code	16                              @ @HAL_RCCEx_GetPeriphCLKConfig
	.thumb_func
HAL_RCCEx_GetPeriphCLKConfig:
.Lfunc_begin3:
	.loc	5 1693 0 is_stmt 1              @ ../Drivers/STM32H7xx_HAL_Driver/Src/stm32h7xx_hal_rcc_ex.c:1693:0
	.fnstart
	.cfi_startproc
@ %bb.0:
	@DEBUG_VALUE: HAL_RCCEx_GetPeriphCLKConfig:PeriphClkInit <- $r0
	movs	r1, #0
.Ltmp608:
	.loc	5 1735 39 prologue_end          @ ../Drivers/STM32H7xx_HAL_Driver/Src/stm32h7xx_hal_rcc_ex.c:1735:39
	str	r1, [r0, #4]
	mvn	r1, #67108864
	str	r1, [r0]
	movw	r1, #17488
	movt	r1, #22530
	.loc	5 1742 48                       @ ../Drivers/STM32H7xx_HAL_Driver/Src/stm32h7xx_hal_rcc_ex.c:1742:48
	ldr	r2, [r1, #-40]
	.loc	5 1742 81 is_stmt 0             @ ../Drivers/STM32H7xx_HAL_Driver/Src/stm32h7xx_hal_rcc_ex.c:1742:81
	ubfx	r2, r2, #20, #6
	.loc	5 1742 29                       @ ../Drivers/STM32H7xx_HAL_Driver/Src/stm32h7xx_hal_rcc_ex.c:1742:29
	str	r2, [r0, #40]
	.loc	5 1743 48 is_stmt 1             @ ../Drivers/STM32H7xx_HAL_Driver/Src/stm32h7xx_hal_rcc_ex.c:1743:48
	ldr	r2, [r1, #-16]
	.loc	5 1743 57 is_stmt 0             @ ../Drivers/STM32H7xx_HAL_Driver/Src/stm32h7xx_hal_rcc_ex.c:1743:57
	bfc	r2, #9, #23
	.loc	5 1743 100                      @ ../Drivers/STM32H7xx_HAL_Driver/Src/stm32h7xx_hal_rcc_ex.c:1743:100
	adds	r2, #1
	.loc	5 1743 29                       @ ../Drivers/STM32H7xx_HAL_Driver/Src/stm32h7xx_hal_rcc_ex.c:1743:29
	str	r2, [r0, #44]
	.loc	5 1744 48 is_stmt 1             @ ../Drivers/STM32H7xx_HAL_Driver/Src/stm32h7xx_hal_rcc_ex.c:1744:48
	ldr	r2, [r1, #-16]
	.loc	5 1744 76 is_stmt 0             @ ../Drivers/STM32H7xx_HAL_Driver/Src/stm32h7xx_hal_rcc_ex.c:1744:76
	ubfx	r2, r2, #24, #7
	.loc	5 1744 100                      @ ../Drivers/STM32H7xx_HAL_Driver/Src/stm32h7xx_hal_rcc_ex.c:1744:100
	adds	r2, #1
	.loc	5 1744 29                       @ ../Drivers/STM32H7xx_HAL_Driver/Src/stm32h7xx_hal_rcc_ex.c:1744:29
	str	r2, [r0, #56]
	.loc	5 1745 48 is_stmt 1             @ ../Drivers/STM32H7xx_HAL_Driver/Src/stm32h7xx_hal_rcc_ex.c:1745:48
	ldr	r2, [r1, #-16]
	.loc	5 1745 76 is_stmt 0             @ ../Drivers/STM32H7xx_HAL_Driver/Src/stm32h7xx_hal_rcc_ex.c:1745:76
	ubfx	r2, r2, #9, #7
	.loc	5 1745 100                      @ ../Drivers/STM32H7xx_HAL_Driver/Src/stm32h7xx_hal_rcc_ex.c:1745:100
	adds	r2, #1
	.loc	5 1745 29                       @ ../Drivers/STM32H7xx_HAL_Driver/Src/stm32h7xx_hal_rcc_ex.c:1745:29
	str	r2, [r0, #48]
	.loc	5 1746 48 is_stmt 1             @ ../Drivers/STM32H7xx_HAL_Driver/Src/stm32h7xx_hal_rcc_ex.c:1746:48
	ldr	r2, [r1, #-16]
	.loc	5 1746 76 is_stmt 0             @ ../Drivers/STM32H7xx_HAL_Driver/Src/stm32h7xx_hal_rcc_ex.c:1746:76
	ubfx	r2, r2, #16, #7
	.loc	5 1746 100                      @ ../Drivers/STM32H7xx_HAL_Driver/Src/stm32h7xx_hal_rcc_ex.c:1746:100
	adds	r2, #1
	.loc	5 1746 29                       @ ../Drivers/STM32H7xx_HAL_Driver/Src/stm32h7xx_hal_rcc_ex.c:1746:29
	str	r2, [r0, #52]
	.loc	5 1747 50 is_stmt 1             @ ../Drivers/STM32H7xx_HAL_Driver/Src/stm32h7xx_hal_rcc_ex.c:1747:50
	ldr	r2, [r1, #-36]
	.loc	5 1747 81 is_stmt 0             @ ../Drivers/STM32H7xx_HAL_Driver/Src/stm32h7xx_hal_rcc_ex.c:1747:81
	ubfx	r2, r2, #10, #2
	.loc	5 1747 31                       @ ../Drivers/STM32H7xx_HAL_Driver/Src/stm32h7xx_hal_rcc_ex.c:1747:31
	str	r2, [r0, #60]
	.loc	5 1748 53 is_stmt 1             @ ../Drivers/STM32H7xx_HAL_Driver/Src/stm32h7xx_hal_rcc_ex.c:1748:53
	ldr	r2, [r1, #-36]
	.loc	5 1748 87 is_stmt 0             @ ../Drivers/STM32H7xx_HAL_Driver/Src/stm32h7xx_hal_rcc_ex.c:1748:87
	ubfx	r2, r2, #9, #1
	.loc	5 1748 34                       @ ../Drivers/STM32H7xx_HAL_Driver/Src/stm32h7xx_hal_rcc_ex.c:1748:34
	str	r2, [r0, #64]
	.loc	5 1751 48 is_stmt 1             @ ../Drivers/STM32H7xx_HAL_Driver/Src/stm32h7xx_hal_rcc_ex.c:1751:48
	ldr	r2, [r1, #-40]
	.loc	5 1751 81 is_stmt 0             @ ../Drivers/STM32H7xx_HAL_Driver/Src/stm32h7xx_hal_rcc_ex.c:1751:81
	ubfx	r2, r2, #12, #6
	.loc	5 1751 29                       @ ../Drivers/STM32H7xx_HAL_Driver/Src/stm32h7xx_hal_rcc_ex.c:1751:29
	str	r2, [r0, #8]
	.loc	5 1752 48 is_stmt 1             @ ../Drivers/STM32H7xx_HAL_Driver/Src/stm32h7xx_hal_rcc_ex.c:1752:48
	ldr	r2, [r1, #-24]
	.loc	5 1752 57 is_stmt 0             @ ../Drivers/STM32H7xx_HAL_Driver/Src/stm32h7xx_hal_rcc_ex.c:1752:57
	bfc	r2, #9, #23
	.loc	5 1752 100                      @ ../Drivers/STM32H7xx_HAL_Driver/Src/stm32h7xx_hal_rcc_ex.c:1752:100
	adds	r2, #1
	.loc	5 1752 29                       @ ../Drivers/STM32H7xx_HAL_Driver/Src/stm32h7xx_hal_rcc_ex.c:1752:29
	str	r2, [r0, #12]
	.loc	5 1753 48 is_stmt 1             @ ../Drivers/STM32H7xx_HAL_Driver/Src/stm32h7xx_hal_rcc_ex.c:1753:48
	ldr	r2, [r1, #-24]
	.loc	5 1753 76 is_stmt 0             @ ../Drivers/STM32H7xx_HAL_Driver/Src/stm32h7xx_hal_rcc_ex.c:1753:76
	ubfx	r2, r2, #24, #7
	.loc	5 1753 100                      @ ../Drivers/STM32H7xx_HAL_Driver/Src/stm32h7xx_hal_rcc_ex.c:1753:100
	adds	r2, #1
	.loc	5 1753 29                       @ ../Drivers/STM32H7xx_HAL_Driver/Src/stm32h7xx_hal_rcc_ex.c:1753:29
	str	r2, [r0, #24]
	.loc	5 1754 48 is_stmt 1             @ ../Drivers/STM32H7xx_HAL_Driver/Src/stm32h7xx_hal_rcc_ex.c:1754:48
	ldr	r2, [r1, #-24]
	.loc	5 1754 76 is_stmt 0             @ ../Drivers/STM32H7xx_HAL_Driver/Src/stm32h7xx_hal_rcc_ex.c:1754:76
	ubfx	r2, r2, #9, #7
	.loc	5 1754 100                      @ ../Drivers/STM32H7xx_HAL_Driver/Src/stm32h7xx_hal_rcc_ex.c:1754:100
	adds	r2, #1
	.loc	5 1754 29                       @ ../Drivers/STM32H7xx_HAL_Driver/Src/stm32h7xx_hal_rcc_ex.c:1754:29
	str	r2, [r0, #16]
	.loc	5 1755 48 is_stmt 1             @ ../Drivers/STM32H7xx_HAL_Driver/Src/stm32h7xx_hal_rcc_ex.c:1755:48
	ldr	r2, [r1, #-24]
	.loc	5 1755 76 is_stmt 0             @ ../Drivers/STM32H7xx_HAL_Driver/Src/stm32h7xx_hal_rcc_ex.c:1755:76
	ubfx	r2, r2, #16, #7
	.loc	5 1755 100                      @ ../Drivers/STM32H7xx_HAL_Driver/Src/stm32h7xx_hal_rcc_ex.c:1755:100
	adds	r2, #1
	.loc	5 1755 29                       @ ../Drivers/STM32H7xx_HAL_Driver/Src/stm32h7xx_hal_rcc_ex.c:1755:29
	str	r2, [r0, #20]
	.loc	5 1756 50 is_stmt 1             @ ../Drivers/STM32H7xx_HAL_Driver/Src/stm32h7xx_hal_rcc_ex.c:1756:50
	ldr	r2, [r1, #-36]
	.loc	5 1756 81 is_stmt 0             @ ../Drivers/STM32H7xx_HAL_Driver/Src/stm32h7xx_hal_rcc_ex.c:1756:81
	ubfx	r2, r2, #6, #2
	.loc	5 1756 31                       @ ../Drivers/STM32H7xx_HAL_Driver/Src/stm32h7xx_hal_rcc_ex.c:1756:31
	str	r2, [r0, #28]
	.loc	5 1757 53 is_stmt 1             @ ../Drivers/STM32H7xx_HAL_Driver/Src/stm32h7xx_hal_rcc_ex.c:1757:53
	ldr	r2, [r1, #-36]
	.loc	5 1757 87 is_stmt 0             @ ../Drivers/STM32H7xx_HAL_Driver/Src/stm32h7xx_hal_rcc_ex.c:1757:87
	ubfx	r2, r2, #5, #1
	.loc	5 1757 34                       @ ../Drivers/STM32H7xx_HAL_Driver/Src/stm32h7xx_hal_rcc_ex.c:1757:34
	str	r2, [r0, #32]
	.loc	5 1760 47 is_stmt 1             @ ../Drivers/STM32H7xx_HAL_Driver/Src/stm32h7xx_hal_rcc_ex.c:1760:47
	ldr	r2, [r1, #4]
	and	r2, r2, #56
	.loc	5 1760 45 is_stmt 0             @ ../Drivers/STM32H7xx_HAL_Driver/Src/stm32h7xx_hal_rcc_ex.c:1760:45
	str	r2, [r0, #124]
	.loc	5 1762 47 is_stmt 1             @ ../Drivers/STM32H7xx_HAL_Driver/Src/stm32h7xx_hal_rcc_ex.c:1762:47
	ldr	r2, [r1, #4]
	and	r2, r2, #7
	.loc	5 1762 45 is_stmt 0             @ ../Drivers/STM32H7xx_HAL_Driver/Src/stm32h7xx_hal_rcc_ex.c:1762:45
	str	r2, [r0, #120]
	.loc	5 1764 47 is_stmt 1             @ ../Drivers/STM32H7xx_HAL_Driver/Src/stm32h7xx_hal_rcc_ex.c:1764:47
	ldr	r2, [r1, #8]
	and	r2, r2, #7
	.loc	5 1764 45 is_stmt 0             @ ../Drivers/STM32H7xx_HAL_Driver/Src/stm32h7xx_hal_rcc_ex.c:1764:45
	str.w	r2, [r0, #148]
	.loc	5 1770 47 is_stmt 1             @ ../Drivers/STM32H7xx_HAL_Driver/Src/stm32h7xx_hal_rcc_ex.c:1770:47
	ldr	r2, [r1, #4]
	and	r2, r2, #12288
	.loc	5 1770 45 is_stmt 0             @ ../Drivers/STM32H7xx_HAL_Driver/Src/stm32h7xx_hal_rcc_ex.c:1770:45
	str.w	r2, [r0, #132]
	.loc	5 1773 47 is_stmt 1             @ ../Drivers/STM32H7xx_HAL_Driver/Src/stm32h7xx_hal_rcc_ex.c:1773:47
	ldr	r2, [r1, #4]
	and	r2, r2, #1879048192
	.loc	5 1773 45 is_stmt 0             @ ../Drivers/STM32H7xx_HAL_Driver/Src/stm32h7xx_hal_rcc_ex.c:1773:45
	str.w	r2, [r0, #144]
	.loc	5 1775 47 is_stmt 1             @ ../Drivers/STM32H7xx_HAL_Driver/Src/stm32h7xx_hal_rcc_ex.c:1775:47
	ldr	r2, [r1, #8]
	and	r2, r2, #7168
	.loc	5 1775 45 is_stmt 0             @ ../Drivers/STM32H7xx_HAL_Driver/Src/stm32h7xx_hal_rcc_ex.c:1775:45
	str.w	r2, [r0, #156]
	.loc	5 1777 47 is_stmt 1             @ ../Drivers/STM32H7xx_HAL_Driver/Src/stm32h7xx_hal_rcc_ex.c:1777:47
	ldr	r2, [r1, #8]
	and	r2, r2, #57344
	.loc	5 1777 45 is_stmt 0             @ ../Drivers/STM32H7xx_HAL_Driver/Src/stm32h7xx_hal_rcc_ex.c:1777:45
	str.w	r2, [r0, #160]
	.loc	5 1779 47 is_stmt 1             @ ../Drivers/STM32H7xx_HAL_Driver/Src/stm32h7xx_hal_rcc_ex.c:1779:47
	ldr	r2, [r1]
	and	r2, r2, #7
	.loc	5 1779 45 is_stmt 0             @ ../Drivers/STM32H7xx_HAL_Driver/Src/stm32h7xx_hal_rcc_ex.c:1779:45
	str	r2, [r0, #88]
	.loc	5 1782 47 is_stmt 1             @ ../Drivers/STM32H7xx_HAL_Driver/Src/stm32h7xx_hal_rcc_ex.c:1782:47
	ldr	r2, [r1]
	and	r2, r2, #448
	.loc	5 1782 45 is_stmt 0             @ ../Drivers/STM32H7xx_HAL_Driver/Src/stm32h7xx_hal_rcc_ex.c:1782:45
	str	r2, [r0, #92]
	.loc	5 1794 47 is_stmt 1             @ ../Drivers/STM32H7xx_HAL_Driver/Src/stm32h7xx_hal_rcc_ex.c:1794:47
	ldr	r2, [r1, #8]
	and	r2, r2, #14680064
	.loc	5 1794 45 is_stmt 0             @ ../Drivers/STM32H7xx_HAL_Driver/Src/stm32h7xx_hal_rcc_ex.c:1794:45
	str.w	r2, [r0, #168]
	.loc	5 1796 47 is_stmt 1             @ ../Drivers/STM32H7xx_HAL_Driver/Src/stm32h7xx_hal_rcc_ex.c:1796:47
	ldr	r2, [r1, #8]
	and	r2, r2, #117440512
	.loc	5 1796 45 is_stmt 0             @ ../Drivers/STM32H7xx_HAL_Driver/Src/stm32h7xx_hal_rcc_ex.c:1796:45
	str.w	r2, [r0, #172]
	.loc	5 1799 47 is_stmt 1             @ ../Drivers/STM32H7xx_HAL_Driver/Src/stm32h7xx_hal_rcc_ex.c:1799:47
	ldr	r2, [r1, #32]
	and	r2, r2, #768
	.loc	5 1799 45 is_stmt 0             @ ../Drivers/STM32H7xx_HAL_Driver/Src/stm32h7xx_hal_rcc_ex.c:1799:45
	str.w	r2, [r0, #180]
	.loc	5 1801 47 is_stmt 1             @ ../Drivers/STM32H7xx_HAL_Driver/Src/stm32h7xx_hal_rcc_ex.c:1801:47
	ldr	r2, [r1, #4]
	and	r2, r2, #3145728
	.loc	5 1801 45 is_stmt 0             @ ../Drivers/STM32H7xx_HAL_Driver/Src/stm32h7xx_hal_rcc_ex.c:1801:45
	str.w	r2, [r0, #136]
	.loc	5 1803 47 is_stmt 1             @ ../Drivers/STM32H7xx_HAL_Driver/Src/stm32h7xx_hal_rcc_ex.c:1803:47
	ldr	r2, [r1, #-4]
	and	r2, r2, #65536
	.loc	5 1803 45 is_stmt 0             @ ../Drivers/STM32H7xx_HAL_Driver/Src/stm32h7xx_hal_rcc_ex.c:1803:45
	str	r2, [r0, #80]
	.loc	5 1805 47 is_stmt 1             @ ../Drivers/STM32H7xx_HAL_Driver/Src/stm32h7xx_hal_rcc_ex.c:1805:47
	ldr	r2, [r1, #4]
	and	r2, r2, #768
	.loc	5 1805 45 is_stmt 0             @ ../Drivers/STM32H7xx_HAL_Driver/Src/stm32h7xx_hal_rcc_ex.c:1805:45
	str.w	r2, [r0, #128]
	.loc	5 1808 47 is_stmt 1             @ ../Drivers/STM32H7xx_HAL_Driver/Src/stm32h7xx_hal_rcc_ex.c:1808:47
	ldr	r2, [r1, #-64]
	and	r2, r2, #16384
	.loc	5 1808 45 is_stmt 0             @ ../Drivers/STM32H7xx_HAL_Driver/Src/stm32h7xx_hal_rcc_ex.c:1808:45
	str.w	r2, [r0, #184]
	.loc	5 1811 47 is_stmt 1             @ ../Drivers/STM32H7xx_HAL_Driver/Src/stm32h7xx_hal_rcc_ex.c:1811:47
	ldr	r2, [r1, #8]
	and	r2, r2, #196608
	.loc	5 1811 45 is_stmt 0             @ ../Drivers/STM32H7xx_HAL_Driver/Src/stm32h7xx_hal_rcc_ex.c:1811:45
	str.w	r2, [r0, #164]
	.loc	5 1813 47 is_stmt 1             @ ../Drivers/STM32H7xx_HAL_Driver/Src/stm32h7xx_hal_rcc_ex.c:1813:47
	ldr	r2, [r1]
	and	r2, r2, #-2147483648
	.loc	5 1813 45 is_stmt 0             @ ../Drivers/STM32H7xx_HAL_Driver/Src/stm32h7xx_hal_rcc_ex.c:1813:45
	str	r2, [r0, #116]
	.loc	5 1815 47 is_stmt 1             @ ../Drivers/STM32H7xx_HAL_Driver/Src/stm32h7xx_hal_rcc_ex.c:1815:47
	ldr	r2, [r1]
	and	r2, r2, #16777216
	.loc	5 1815 45 is_stmt 0             @ ../Drivers/STM32H7xx_HAL_Driver/Src/stm32h7xx_hal_rcc_ex.c:1815:45
	str	r2, [r0, #108]
	.loc	5 1821 47 is_stmt 1             @ ../Drivers/STM32H7xx_HAL_Driver/Src/stm32h7xx_hal_rcc_ex.c:1821:47
	ldr	r2, [r1]
	and	r2, r2, #3145728
	.loc	5 1821 45 is_stmt 0             @ ../Drivers/STM32H7xx_HAL_Driver/Src/stm32h7xx_hal_rcc_ex.c:1821:45
	str	r2, [r0, #104]
	.loc	5 1823 47 is_stmt 1             @ ../Drivers/STM32H7xx_HAL_Driver/Src/stm32h7xx_hal_rcc_ex.c:1823:47
	ldr	r2, [r1]
	and	r2, r2, #28672
	.loc	5 1823 45 is_stmt 0             @ ../Drivers/STM32H7xx_HAL_Driver/Src/stm32h7xx_hal_rcc_ex.c:1823:45
	str	r2, [r0, #96]
	.loc	5 1825 47 is_stmt 1             @ ../Drivers/STM32H7xx_HAL_Driver/Src/stm32h7xx_hal_rcc_ex.c:1825:47
	ldr	r2, [r1]
	and	r2, r2, #458752
	.loc	5 1825 45 is_stmt 0             @ ../Drivers/STM32H7xx_HAL_Driver/Src/stm32h7xx_hal_rcc_ex.c:1825:45
	str	r2, [r0, #100]
	.loc	5 1827 47 is_stmt 1             @ ../Drivers/STM32H7xx_HAL_Driver/Src/stm32h7xx_hal_rcc_ex.c:1827:47
	ldr	r2, [r1, #8]
	and	r2, r2, #1879048192
	.loc	5 1827 45 is_stmt 0             @ ../Drivers/STM32H7xx_HAL_Driver/Src/stm32h7xx_hal_rcc_ex.c:1827:45
	str.w	r2, [r0, #176]
	.loc	5 1829 47 is_stmt 1             @ ../Drivers/STM32H7xx_HAL_Driver/Src/stm32h7xx_hal_rcc_ex.c:1829:47
	ldr	r2, [r1]
	and	r2, r2, #805306368
	.loc	5 1829 45 is_stmt 0             @ ../Drivers/STM32H7xx_HAL_Driver/Src/stm32h7xx_hal_rcc_ex.c:1829:45
	str	r2, [r0, #112]
	.loc	5 1831 47 is_stmt 1             @ ../Drivers/STM32H7xx_HAL_Driver/Src/stm32h7xx_hal_rcc_ex.c:1831:47
	ldr	r2, [r1, #4]
	and	r2, r2, #12582912
	.loc	5 1831 45 is_stmt 0             @ ../Drivers/STM32H7xx_HAL_Driver/Src/stm32h7xx_hal_rcc_ex.c:1831:45
	str.w	r2, [r0, #140]
	.loc	5 1833 47 is_stmt 1             @ ../Drivers/STM32H7xx_HAL_Driver/Src/stm32h7xx_hal_rcc_ex.c:1833:47
	ldr	r2, [r1, #-4]
	and	r2, r2, #3
	.loc	5 1833 45 is_stmt 0             @ ../Drivers/STM32H7xx_HAL_Driver/Src/stm32h7xx_hal_rcc_ex.c:1833:45
	str	r2, [r0, #72]
	.loc	5 1836 47 is_stmt 1             @ ../Drivers/STM32H7xx_HAL_Driver/Src/stm32h7xx_hal_rcc_ex.c:1836:47
	ldr	r2, [r1, #-4]
	and	r2, r2, #48
	.loc	5 1836 45 is_stmt 0             @ ../Drivers/STM32H7xx_HAL_Driver/Src/stm32h7xx_hal_rcc_ex.c:1836:45
	str	r2, [r0, #76]
	.loc	5 1849 47 is_stmt 1             @ ../Drivers/STM32H7xx_HAL_Driver/Src/stm32h7xx_hal_rcc_ex.c:1849:47
	ldr	r2, [r1, #-4]
	and	r2, r2, #805306368
	.loc	5 1849 45 is_stmt 0             @ ../Drivers/STM32H7xx_HAL_Driver/Src/stm32h7xx_hal_rcc_ex.c:1849:45
	str	r2, [r0, #84]
.Ltmp609:
	.loc	5 1852 13 is_stmt 1             @ ../Drivers/STM32H7xx_HAL_Driver/Src/stm32h7xx_hal_rcc_ex.c:1852:13
	ldr	r1, [r1, #-64]
	.loc	5 1852 18 is_stmt 0             @ ../Drivers/STM32H7xx_HAL_Driver/Src/stm32h7xx_hal_rcc_ex.c:1852:18
	and	r1, r1, #32768
	.loc	5 0 0                           @ ../Drivers/STM32H7xx_HAL_Driver/Src/stm32h7xx_hal_rcc_ex.c:0:0
	str.w	r1, [r0, #188]
.Ltmp610:
	.loc	5 1860 1 is_stmt 1              @ ../Drivers/STM32H7xx_HAL_Driver/Src/stm32h7xx_hal_rcc_ex.c:1860:1
	bx	lr
.Ltmp611:
.Lfunc_end3:
	.size	HAL_RCCEx_GetPeriphCLKConfig, .Lfunc_end3-HAL_RCCEx_GetPeriphCLKConfig
	.cfi_endproc
	.cantunwind
	.fnend
                                        @ -- End function
	.section	.text.HAL_RCCEx_GetPeriphCLKFreq,"ax",%progbits
	.hidden	HAL_RCCEx_GetPeriphCLKFreq      @ -- Begin function HAL_RCCEx_GetPeriphCLKFreq
	.globl	HAL_RCCEx_GetPeriphCLKFreq
	.p2align	3
	.type	HAL_RCCEx_GetPeriphCLKFreq,%function
	.code	16                              @ @HAL_RCCEx_GetPeriphCLKFreq
	.thumb_func
HAL_RCCEx_GetPeriphCLKFreq:
.Lfunc_begin4:
	.loc	5 1882 0                        @ ../Drivers/STM32H7xx_HAL_Driver/Src/stm32h7xx_hal_rcc_ex.c:1882:0
	.fnstart
	.cfi_startproc
@ %bb.0:
	.save	{r4, lr}
	push	{r4, lr}
	.cfi_def_cfa_offset 8
	.cfi_offset lr, -4
	.cfi_offset r4, -8
	.pad	#16
	sub	sp, #16
	.cfi_def_cfa_offset 24
	mov	r2, r0
.Ltmp612:
	@DEBUG_VALUE: HAL_RCCEx_GetPeriphCLKFreq:PeriphClk <- [DW_OP_LLVM_fragment 0 32] $r2
	@DEBUG_VALUE: HAL_RCCEx_GetPeriphCLKFreq:PeriphClk <- [DW_OP_LLVM_fragment 32 32] undef
	movw	r3, #8191
	movs	r0, #0
.Ltmp613:
	.loc	5 1894 7 prologue_end           @ ../Drivers/STM32H7xx_HAL_Driver/Src/stm32h7xx_hal_rcc_ex.c:1894:7
	subs	r3, r3, r2
	sbcs.w	r3, r0, r1
	blt	.LBB4_8
.Ltmp614:
@ %bb.1:
	@DEBUG_VALUE: HAL_RCCEx_GetPeriphCLKFreq:PeriphClk <- [DW_OP_LLVM_fragment 0 32] $r2
	.loc	5 0 7 is_stmt 0                 @ ../Drivers/STM32H7xx_HAL_Driver/Src/stm32h7xx_hal_rcc_ex.c:0:7
	movw	r3, #1023
	.loc	5 1894 7                        @ ../Drivers/STM32H7xx_HAL_Driver/Src/stm32h7xx_hal_rcc_ex.c:1894:7
	subs	r3, r3, r2
	sbcs.w	r3, r0, r1
	bge	.LBB4_16
.Ltmp615:
@ %bb.2:
	@DEBUG_VALUE: HAL_RCCEx_GetPeriphCLKFreq:PeriphClk <- [DW_OP_LLVM_fragment 0 32] $r2
	eor	r3, r2, #1024
	orrs	r3, r1
	beq.w	.LBB4_41
.Ltmp616:
@ %bb.3:
	@DEBUG_VALUE: HAL_RCCEx_GetPeriphCLKFreq:PeriphClk <- [DW_OP_LLVM_fragment 0 32] $r2
	eor	r3, r2, #2048
	orrs	r3, r1
	beq.w	.LBB4_49
.Ltmp617:
@ %bb.4:
	@DEBUG_VALUE: HAL_RCCEx_GetPeriphCLKFreq:PeriphClk <- [DW_OP_LLVM_fragment 0 32] $r2
	eor	r2, r2, #4096
.Ltmp618:
	orrs	r1, r2
	bne.w	.LBB4_87
@ %bb.5:
	.loc	5 0 7                           @ ../Drivers/STM32H7xx_HAL_Driver/Src/stm32h7xx_hal_rcc_ex.c:0:7
	movw	r1, #17408
	movt	r1, #22530
.Ltmp619:
	.loc	5 2466 14 is_stmt 1             @ ../Drivers/STM32H7xx_HAL_Driver/Src/stm32h7xx_hal_rcc_ex.c:2466:14
	ldr	r0, [r1, #80]
.Ltmp620:
	@DEBUG_VALUE: HAL_RCCEx_GetPeriphCLKFreq:srcclk <- [DW_OP_constu 28672, DW_OP_and, DW_OP_stack_value] $r0
	.loc	5 2468 5                        @ ../Drivers/STM32H7xx_HAL_Driver/Src/stm32h7xx_hal_rcc_ex.c:2468:5
	ubfx	r2, r0, #12, #3
	cmp	r2, #4
	bhi.w	.LBB4_84
.Ltmp621:
@ %bb.6:
	@DEBUG_VALUE: HAL_RCCEx_GetPeriphCLKFreq:srcclk <- [DW_OP_constu 28672, DW_OP_and, DW_OP_stack_value] $r0
	.loc	5 0 5 is_stmt 0                 @ ../Drivers/STM32H7xx_HAL_Driver/Src/stm32h7xx_hal_rcc_ex.c:0:5
	movw	r0, #32768
.Ltmp622:
	movt	r0, #187
	.loc	5 2468 5                        @ ../Drivers/STM32H7xx_HAL_Driver/Src/stm32h7xx_hal_rcc_ex.c:2468:5
.LCPI4_0:
	tbh	[pc, r2, lsl #1]
.Ltmp623:
@ %bb.7:
	.loc	5 0 5                           @ ../Drivers/STM32H7xx_HAL_Driver/Src/stm32h7xx_hal_rcc_ex.c:0:5
.LJTI4_4:
	.short	(.LBB4_52-(.LCPI4_0+4))/2
	.short	(.LBB4_53-(.LCPI4_0+4))/2
	.short	(.LBB4_58-(.LCPI4_0+4))/2
	.short	(.LBB4_87-(.LCPI4_0+4))/2
	.short	(.LBB4_60-(.LCPI4_0+4))/2
	.p2align	1
	.p2align	2
.LBB4_8:
.Ltmp624:
	@DEBUG_VALUE: HAL_RCCEx_GetPeriphCLKFreq:PeriphClk <- [DW_OP_LLVM_fragment 0 32] $r2
	movw	r3, #32767
	.loc	5 1894 7 is_stmt 1              @ ../Drivers/STM32H7xx_HAL_Driver/Src/stm32h7xx_hal_rcc_ex.c:1894:7
	subs	r3, r3, r2
	sbcs.w	r3, r0, r1
	bge	.LBB4_24
.Ltmp625:
@ %bb.9:
	@DEBUG_VALUE: HAL_RCCEx_GetPeriphCLKFreq:PeriphClk <- [DW_OP_LLVM_fragment 0 32] $r2
	eor	r3, r2, #32768
	orrs	r3, r1
	beq.w	.LBB4_46
.Ltmp626:
@ %bb.10:
	@DEBUG_VALUE: HAL_RCCEx_GetPeriphCLKFreq:PeriphClk <- [DW_OP_LLVM_fragment 0 32] $r2
	eor	r3, r2, #65536
	orrs	r3, r1
	beq.w	.LBB4_55
.Ltmp627:
@ %bb.11:
	@DEBUG_VALUE: HAL_RCCEx_GetPeriphCLKFreq:PeriphClk <- [DW_OP_LLVM_fragment 0 32] $r2
	eor	r2, r2, #524288
.Ltmp628:
	orrs	r1, r2
	bne.w	.LBB4_87
@ %bb.12:
	.loc	5 0 7 is_stmt 0                 @ ../Drivers/STM32H7xx_HAL_Driver/Src/stm32h7xx_hal_rcc_ex.c:0:7
	movw	r1, #17408
	movt	r1, #22530
.Ltmp629:
	.loc	5 2638 14 is_stmt 1             @ ../Drivers/STM32H7xx_HAL_Driver/Src/stm32h7xx_hal_rcc_ex.c:2638:14
	ldr	r0, [r1, #88]
.Ltmp630:
	@DEBUG_VALUE: HAL_RCCEx_GetPeriphCLKFreq:srcclk <- [DW_OP_constu 196608, DW_OP_and, DW_OP_stack_value] $r0
	.loc	5 2640 5                        @ ../Drivers/STM32H7xx_HAL_Driver/Src/stm32h7xx_hal_rcc_ex.c:2640:5
	ubfx	r2, r0, #16, #2
	movs	r0, #0
.Ltmp631:
.LCPI4_1:
	tbh	[pc, r2, lsl #1]
@ %bb.13:
	.loc	5 0 5 is_stmt 0                 @ ../Drivers/STM32H7xx_HAL_Driver/Src/stm32h7xx_hal_rcc_ex.c:0:5
.LJTI4_2:
	.short	(.LBB4_53-(.LCPI4_1+4))/2
	.short	(.LBB4_14-(.LCPI4_1+4))/2
	.short	(.LBB4_60-(.LCPI4_1+4))/2
	.short	(.LBB4_87-(.LCPI4_1+4))/2
	.p2align	1
	.p2align	2
.LBB4_14:
.Ltmp632:
	.loc	5 2657 13 is_stmt 1             @ ../Drivers/STM32H7xx_HAL_Driver/Src/stm32h7xx_hal_rcc_ex.c:2657:13
	ldr	r0, [r1]
.Ltmp633:
	.loc	5 2657 13 is_stmt 0             @ ../Drivers/STM32H7xx_HAL_Driver/Src/stm32h7xx_hal_rcc_ex.c:2657:13
	lsls	r0, r0, #2
	bpl.w	.LBB4_84
@ %bb.15:
	.loc	5 0 13                          @ ../Drivers/STM32H7xx_HAL_Driver/Src/stm32h7xx_hal_rcc_ex.c:0:13
	add	r0, sp, #4
.Ltmp634:
	.loc	5 2659 11 is_stmt 1             @ ../Drivers/STM32H7xx_HAL_Driver/Src/stm32h7xx_hal_rcc_ex.c:2659:11
	bl	HAL_RCCEx_GetPLL3ClockFreq
.Ltmp635:
	.loc	5 0 0 is_stmt 0                 @ ../Drivers/STM32H7xx_HAL_Driver/Src/stm32h7xx_hal_rcc_ex.c:0:0
	ldr	r0, [sp, #12]
.Ltmp636:
	@DEBUG_VALUE: HAL_RCCEx_GetPeriphCLKFreq:frequency <- $r0
	@DEBUG_VALUE: HAL_RCCEx_GetPeriphCLKFreq:frequency <- $r0
	.loc	5 2894 3 epilogue_begin is_stmt 1 @ ../Drivers/STM32H7xx_HAL_Driver/Src/stm32h7xx_hal_rcc_ex.c:2894:3
	add	sp, #16
	pop	{r4, pc}
.Ltmp637:
	.loc	5 0 3 is_stmt 0                 @ :0:3
.Ltmp638:
	.p2align	2
.LBB4_16:
	@DEBUG_VALUE: HAL_RCCEx_GetPeriphCLKFreq:PeriphClk <- [DW_OP_LLVM_fragment 0 32] $r2
	.loc	5 1894 7 is_stmt 1              @ ../Drivers/STM32H7xx_HAL_Driver/Src/stm32h7xx_hal_rcc_ex.c:1894:7
	eor	r3, r2, #256
	orrs	r3, r1
	beq	.LBB4_30
.Ltmp639:
@ %bb.17:
	@DEBUG_VALUE: HAL_RCCEx_GetPeriphCLKFreq:PeriphClk <- [DW_OP_LLVM_fragment 0 32] $r2
	eor	r2, r2, #512
.Ltmp640:
	orrs	r1, r2
	bne.w	.LBB4_87
@ %bb.18:
	.loc	5 0 7 is_stmt 0                 @ ../Drivers/STM32H7xx_HAL_Driver/Src/stm32h7xx_hal_rcc_ex.c:0:7
	movw	r1, #17408
	movt	r1, #22530
.Ltmp641:
	.loc	5 1991 22 is_stmt 1             @ ../Drivers/STM32H7xx_HAL_Driver/Src/stm32h7xx_hal_rcc_ex.c:1991:22
	ldr	r0, [r1, #80]
.Ltmp642:
	@DEBUG_VALUE: HAL_RCCEx_GetPeriphCLKFreq:saiclocksource <- [DW_OP_constu 448, DW_OP_and, DW_OP_stack_value] $r0
	.loc	5 1993 5                        @ ../Drivers/STM32H7xx_HAL_Driver/Src/stm32h7xx_hal_rcc_ex.c:1993:5
	ubfx	r2, r0, #6, #3
	cmp	r2, #4
	bhi.w	.LBB4_84
.Ltmp643:
@ %bb.19:
	@DEBUG_VALUE: HAL_RCCEx_GetPeriphCLKFreq:saiclocksource <- [DW_OP_constu 448, DW_OP_and, DW_OP_stack_value] $r0
	.loc	5 0 5 is_stmt 0                 @ ../Drivers/STM32H7xx_HAL_Driver/Src/stm32h7xx_hal_rcc_ex.c:0:5
	movw	r0, #32768
.Ltmp644:
	movt	r0, #187
	.loc	5 1993 5                        @ ../Drivers/STM32H7xx_HAL_Driver/Src/stm32h7xx_hal_rcc_ex.c:1993:5
.LCPI4_2:
	tbh	[pc, r2, lsl #1]
@ %bb.20:
	.loc	5 0 5                           @ ../Drivers/STM32H7xx_HAL_Driver/Src/stm32h7xx_hal_rcc_ex.c:0:5
.LJTI4_7:
	.short	(.LBB4_52-(.LCPI4_2+4))/2
	.short	(.LBB4_53-(.LCPI4_2+4))/2
	.short	(.LBB4_58-(.LCPI4_2+4))/2
	.short	(.LBB4_87-(.LCPI4_2+4))/2
	.short	(.LBB4_21-(.LCPI4_2+4))/2
	.p2align	1
	.p2align	2
.LBB4_21:
.Ltmp645:
	.loc	5 2039 26 is_stmt 1             @ ../Drivers/STM32H7xx_HAL_Driver/Src/stm32h7xx_hal_rcc_ex.c:2039:26
	ldr	r0, [r1, #76]
.Ltmp646:
	.loc	5 2041 14                       @ ../Drivers/STM32H7xx_HAL_Driver/Src/stm32h7xx_hal_rcc_ex.c:2041:14
	ldr	r2, [r1]
	.loc	5 2041 54 is_stmt 0             @ ../Drivers/STM32H7xx_HAL_Driver/Src/stm32h7xx_hal_rcc_ex.c:2041:54
	lsls	r2, r2, #29
.Ltmp647:
	.loc	5 2039 26 is_stmt 1             @ ../Drivers/STM32H7xx_HAL_Driver/Src/stm32h7xx_hal_rcc_ex.c:2039:26
	and	r2, r0, #805306368
.Ltmp648:
	@DEBUG_VALUE: HAL_RCCEx_GetPeriphCLKFreq:ckpclocksource <- $r2
	.loc	5 0 0 is_stmt 0                 @ ../Drivers/STM32H7xx_HAL_Driver/Src/stm32h7xx_hal_rcc_ex.c:0:0
	ldr	r0, [r1]
	.loc	5 2041 54 is_stmt 1             @ ../Drivers/STM32H7xx_HAL_Driver/Src/stm32h7xx_hal_rcc_ex.c:2041:54
	bpl	.LBB4_23
.Ltmp649:
@ %bb.22:
	@DEBUG_VALUE: HAL_RCCEx_GetPeriphCLKFreq:ckpclocksource <- $r2
	cmp	r2, #0
	beq.w	.LBB4_62
.Ltmp650:
.LBB4_23:
	@DEBUG_VALUE: HAL_RCCEx_GetPeriphCLKFreq:ckpclocksource <- $r2
	.loc	5 2047 59                       @ ../Drivers/STM32H7xx_HAL_Driver/Src/stm32h7xx_hal_rcc_ex.c:2047:59
	lsls	r0, r0, #23
                                        @ implicit-def: $lr
	bmi.w	.LBB4_66
	b	.LBB4_68
.Ltmp651:
	.loc	5 0 59 is_stmt 0                @ :0:59
.Ltmp652:
	.p2align	2
.LBB4_24:
	@DEBUG_VALUE: HAL_RCCEx_GetPeriphCLKFreq:PeriphClk <- [DW_OP_LLVM_fragment 0 32] $r2
	.loc	5 1894 7 is_stmt 1              @ ../Drivers/STM32H7xx_HAL_Driver/Src/stm32h7xx_hal_rcc_ex.c:1894:7
	eor	r3, r2, #8192
	orrs	r3, r1
	beq	.LBB4_37
.Ltmp653:
@ %bb.25:
	@DEBUG_VALUE: HAL_RCCEx_GetPeriphCLKFreq:PeriphClk <- [DW_OP_LLVM_fragment 0 32] $r2
	eor	r2, r2, #16384
.Ltmp654:
	orrs	r1, r2
	bne.w	.LBB4_87
@ %bb.26:
	.loc	5 0 7 is_stmt 0                 @ ../Drivers/STM32H7xx_HAL_Driver/Src/stm32h7xx_hal_rcc_ex.c:0:7
	movw	r4, #17408
                                        @ implicit-def: $lr
	movt	r4, #22530
.Ltmp655:
	.loc	5 2752 14 is_stmt 1             @ ../Drivers/STM32H7xx_HAL_Driver/Src/stm32h7xx_hal_rcc_ex.c:2752:14
	ldr	r0, [r4, #88]
.Ltmp656:
	@DEBUG_VALUE: HAL_RCCEx_GetPeriphCLKFreq:srcclk <- [DW_OP_constu 1879048192, DW_OP_and, DW_OP_stack_value] $r0
	.loc	5 2754 5                        @ ../Drivers/STM32H7xx_HAL_Driver/Src/stm32h7xx_hal_rcc_ex.c:2754:5
	ubfx	r0, r0, #28, #3
.Ltmp657:
	cmp	r0, #5
	bhi.w	.LBB4_84
@ %bb.27:
.LCPI4_3:
	tbh	[pc, r0, lsl #1]
@ %bb.28:
	.loc	5 0 5 is_stmt 0                 @ ../Drivers/STM32H7xx_HAL_Driver/Src/stm32h7xx_hal_rcc_ex.c:0:5
.LJTI4_1:
	.short	(.LBB4_29-(.LCPI4_3+4))/2
	.short	(.LBB4_81-(.LCPI4_3+4))/2
	.short	(.LBB4_73-(.LCPI4_3+4))/2
	.short	(.LBB4_77-(.LCPI4_3+4))/2
	.short	(.LBB4_70-(.LCPI4_3+4))/2
	.short	(.LBB4_88-(.LCPI4_3+4))/2
	.p2align	1
	.p2align	2
.LBB4_29:
.Ltmp658:
	.loc	5 2925 11 is_stmt 1             @ ../Drivers/STM32H7xx_HAL_Driver/Src/stm32h7xx_hal_rcc_ex.c:2925:11
	bl	HAL_RCC_GetHCLKFreq
.Ltmp659:
	.loc	5 2925 60 is_stmt 0             @ ../Drivers/STM32H7xx_HAL_Driver/Src/stm32h7xx_hal_rcc_ex.c:2925:60
	ldr	r1, [r4, #32]
	.loc	5 2925 37                       @ ../Drivers/STM32H7xx_HAL_Driver/Src/stm32h7xx_hal_rcc_ex.c:2925:37
	movw	r2, :lower16:D1CorePrescTable
	movt	r2, :upper16:D1CorePrescTable
	.loc	5 2925 88                       @ ../Drivers/STM32H7xx_HAL_Driver/Src/stm32h7xx_hal_rcc_ex.c:2925:88
	ubfx	r1, r1, #4, #3
	.loc	5 2925 37                       @ ../Drivers/STM32H7xx_HAL_Driver/Src/stm32h7xx_hal_rcc_ex.c:2925:37
	ldrb	r1, [r2, r1]
	.loc	5 2925 114                      @ ../Drivers/STM32H7xx_HAL_Driver/Src/stm32h7xx_hal_rcc_ex.c:2925:114
	and	r1, r1, #31
	.loc	5 2925 33                       @ ../Drivers/STM32H7xx_HAL_Driver/Src/stm32h7xx_hal_rcc_ex.c:2925:33
	lsrs	r0, r1
.Ltmp660:
	@DEBUG_VALUE: HAL_RCCEx_GetPeriphCLKFreq:frequency <- $r0
	@DEBUG_VALUE: HAL_RCCEx_GetPeriphCLKFreq:frequency <- $r0
	.loc	5 2894 3 epilogue_begin is_stmt 1 @ ../Drivers/STM32H7xx_HAL_Driver/Src/stm32h7xx_hal_rcc_ex.c:2894:3
	add	sp, #16
	pop	{r4, pc}
.Ltmp661:
	.loc	5 0 3 is_stmt 0                 @ :0:3
.Ltmp662:
	.p2align	2
.LBB4_30:
	@DEBUG_VALUE: HAL_RCCEx_GetPeriphCLKFreq:PeriphClk <- [DW_OP_LLVM_fragment 0 32] $r2
	movw	r1, #17408
	movt	r1, #22530
.Ltmp663:
	.loc	5 1897 22 is_stmt 1             @ ../Drivers/STM32H7xx_HAL_Driver/Src/stm32h7xx_hal_rcc_ex.c:1897:22
	ldr	r0, [r1, #80]
	and	r2, r0, #7
.Ltmp664:
	@DEBUG_VALUE: HAL_RCCEx_GetPeriphCLKFreq:saiclocksource <- $r2
	.loc	5 1899 5                        @ ../Drivers/STM32H7xx_HAL_Driver/Src/stm32h7xx_hal_rcc_ex.c:1899:5
	cmp	r2, #4
	bhi.w	.LBB4_84
.Ltmp665:
@ %bb.31:
	@DEBUG_VALUE: HAL_RCCEx_GetPeriphCLKFreq:saiclocksource <- $r2
                                        @ implicit-def: $lr
	.loc	5 0 5 is_stmt 0                 @ ../Drivers/STM32H7xx_HAL_Driver/Src/stm32h7xx_hal_rcc_ex.c:0:5
	movw	r0, #32768
	movt	r0, #187
	.loc	5 1899 5                        @ ../Drivers/STM32H7xx_HAL_Driver/Src/stm32h7xx_hal_rcc_ex.c:1899:5
.LCPI4_4:
	tbh	[pc, r2, lsl #1]
.Ltmp666:
@ %bb.32:
	.loc	5 0 5                           @ ../Drivers/STM32H7xx_HAL_Driver/Src/stm32h7xx_hal_rcc_ex.c:0:5
.LJTI4_8:
	.short	(.LBB4_52-(.LCPI4_4+4))/2
	.short	(.LBB4_53-(.LCPI4_4+4))/2
	.short	(.LBB4_58-(.LCPI4_4+4))/2
	.short	(.LBB4_87-(.LCPI4_4+4))/2
	.short	(.LBB4_33-(.LCPI4_4+4))/2
	.p2align	1
	.p2align	2
.LBB4_33:
.Ltmp667:
	@DEBUG_VALUE: HAL_RCCEx_GetPeriphCLKFreq:saiclocksource <- $r2
	.loc	5 1945 26 is_stmt 1             @ ../Drivers/STM32H7xx_HAL_Driver/Src/stm32h7xx_hal_rcc_ex.c:1945:26
	ldr	r0, [r1, #76]
.Ltmp668:
	.loc	5 1947 14                       @ ../Drivers/STM32H7xx_HAL_Driver/Src/stm32h7xx_hal_rcc_ex.c:1947:14
	ldr	r2, [r1]
.Ltmp669:
	.loc	5 1947 54 is_stmt 0             @ ../Drivers/STM32H7xx_HAL_Driver/Src/stm32h7xx_hal_rcc_ex.c:1947:54
	lsls	r2, r2, #29
.Ltmp670:
	.loc	5 1945 26 is_stmt 1             @ ../Drivers/STM32H7xx_HAL_Driver/Src/stm32h7xx_hal_rcc_ex.c:1945:26
	and	r2, r0, #805306368
.Ltmp671:
	@DEBUG_VALUE: HAL_RCCEx_GetPeriphCLKFreq:ckpclocksource <- $r2
	.loc	5 0 0 is_stmt 0                 @ ../Drivers/STM32H7xx_HAL_Driver/Src/stm32h7xx_hal_rcc_ex.c:0:0
	ldr	r0, [r1]
	.loc	5 1947 54 is_stmt 1             @ ../Drivers/STM32H7xx_HAL_Driver/Src/stm32h7xx_hal_rcc_ex.c:1947:54
	bpl	.LBB4_35
.Ltmp672:
@ %bb.34:
	@DEBUG_VALUE: HAL_RCCEx_GetPeriphCLKFreq:ckpclocksource <- $r2
	cmp	r2, #0
	beq.w	.LBB4_62
.Ltmp673:
.LBB4_35:
	@DEBUG_VALUE: HAL_RCCEx_GetPeriphCLKFreq:ckpclocksource <- $r2
	.loc	5 1953 59                       @ ../Drivers/STM32H7xx_HAL_Driver/Src/stm32h7xx_hal_rcc_ex.c:1953:59
	lsls	r0, r0, #23
	bpl.w	.LBB4_68
.Ltmp674:
@ %bb.36:
	@DEBUG_VALUE: HAL_RCCEx_GetPeriphCLKFreq:ckpclocksource <- $r2
	cmp.w	r2, #268435456
                                        @ implicit-def: $lr
	beq.w	.LBB4_67
	b	.LBB4_68
.Ltmp675:
	.loc	5 0 59 is_stmt 0                @ :0:59
.Ltmp676:
	.p2align	2
.LBB4_37:
	@DEBUG_VALUE: HAL_RCCEx_GetPeriphCLKFreq:PeriphClk <- [DW_OP_LLVM_fragment 0 32] $r2
	movw	r0, #17408
	movt	r0, #22530
.Ltmp677:
	.loc	5 2558 14 is_stmt 1             @ ../Drivers/STM32H7xx_HAL_Driver/Src/stm32h7xx_hal_rcc_ex.c:2558:14
	ldr	r1, [r0, #80]
.Ltmp678:
	@DEBUG_VALUE: HAL_RCCEx_GetPeriphCLKFreq:srcclk <- [DW_OP_constu 458752, DW_OP_and, DW_OP_stack_value] $r1
	.loc	5 2559 5                        @ ../Drivers/STM32H7xx_HAL_Driver/Src/stm32h7xx_hal_rcc_ex.c:2559:5
	ubfx	r1, r1, #16, #3
.Ltmp679:
	cmp	r1, #5
	bhi.w	.LBB4_84
.Ltmp680:
@ %bb.38:
	@DEBUG_VALUE: HAL_RCCEx_GetPeriphCLKFreq:PeriphClk <- [DW_OP_LLVM_fragment 0 32] $r2
.LCPI4_5:
	tbh	[pc, r1, lsl #1]
.Ltmp681:
@ %bb.39:
	.loc	5 0 5 is_stmt 0                 @ ../Drivers/STM32H7xx_HAL_Driver/Src/stm32h7xx_hal_rcc_ex.c:0:5
.LJTI4_3:
	.short	(.LBB4_40-(.LCPI4_5+4))/2
	.short	(.LBB4_82-(.LCPI4_5+4))/2
	.short	(.LBB4_74-(.LCPI4_5+4))/2
	.short	(.LBB4_79-(.LCPI4_5+4))/2
	.short	(.LBB4_71-(.LCPI4_5+4))/2
	.short	(.LBB4_89-(.LCPI4_5+4))/2
	.p2align	1
	.p2align	2
.LBB4_40:
.Ltmp682:
	.loc	5 2563 21 epilogue_begin is_stmt 1 @ ../Drivers/STM32H7xx_HAL_Driver/Src/stm32h7xx_hal_rcc_ex.c:2563:21
	add	sp, #16
	pop.w	{r4, lr}
.Ltmp683:
	b	HAL_RCC_GetPCLK1Freq
.Ltmp684:
	.loc	5 0 21 is_stmt 0                @ :0:21
.Ltmp685:
	.p2align	2
.LBB4_41:
	@DEBUG_VALUE: HAL_RCCEx_GetPeriphCLKFreq:PeriphClk <- [DW_OP_LLVM_fragment 0 32] $r2
	movw	r1, #17408
	movt	r1, #22530
.Ltmp686:
	.loc	5 2278 22 is_stmt 1             @ ../Drivers/STM32H7xx_HAL_Driver/Src/stm32h7xx_hal_rcc_ex.c:2278:22
	ldr	r0, [r1, #88]
.Ltmp687:
	@DEBUG_VALUE: HAL_RCCEx_GetPeriphCLKFreq:saiclocksource <- [DW_OP_constu 14680064, DW_OP_and, DW_OP_stack_value] $r0
	.loc	5 2280 5                        @ ../Drivers/STM32H7xx_HAL_Driver/Src/stm32h7xx_hal_rcc_ex.c:2280:5
	ubfx	r2, r0, #21, #3
.Ltmp688:
	cmp	r2, #4
	bhi.w	.LBB4_84
.Ltmp689:
@ %bb.42:
	@DEBUG_VALUE: HAL_RCCEx_GetPeriphCLKFreq:saiclocksource <- [DW_OP_constu 14680064, DW_OP_and, DW_OP_stack_value] $r0
	.loc	5 0 5 is_stmt 0                 @ ../Drivers/STM32H7xx_HAL_Driver/Src/stm32h7xx_hal_rcc_ex.c:0:5
	movw	r0, #32768
.Ltmp690:
	movt	r0, #187
	.loc	5 2280 5                        @ ../Drivers/STM32H7xx_HAL_Driver/Src/stm32h7xx_hal_rcc_ex.c:2280:5
.LCPI4_6:
	tbb	[pc, r2]
@ %bb.43:
	.loc	5 0 5                           @ ../Drivers/STM32H7xx_HAL_Driver/Src/stm32h7xx_hal_rcc_ex.c:0:5
.LJTI4_6:
	.byte	(.LBB4_52-(.LCPI4_6+4))/2
	.byte	(.LBB4_53-(.LCPI4_6+4))/2
	.byte	(.LBB4_58-(.LCPI4_6+4))/2
	.byte	(.LBB4_87-(.LCPI4_6+4))/2
	.byte	(.LBB4_44-(.LCPI4_6+4))/2
	.p2align	1
	.p2align	2
.LBB4_44:
.Ltmp691:
	.loc	5 2326 26 is_stmt 1             @ ../Drivers/STM32H7xx_HAL_Driver/Src/stm32h7xx_hal_rcc_ex.c:2326:26
	ldr	r0, [r1, #76]
.Ltmp692:
	.loc	5 2328 14                       @ ../Drivers/STM32H7xx_HAL_Driver/Src/stm32h7xx_hal_rcc_ex.c:2328:14
	ldr	r2, [r1]
	.loc	5 2328 54 is_stmt 0             @ ../Drivers/STM32H7xx_HAL_Driver/Src/stm32h7xx_hal_rcc_ex.c:2328:54
	lsls	r2, r2, #29
.Ltmp693:
	.loc	5 2326 26 is_stmt 1             @ ../Drivers/STM32H7xx_HAL_Driver/Src/stm32h7xx_hal_rcc_ex.c:2326:26
	and	r2, r0, #805306368
.Ltmp694:
	@DEBUG_VALUE: HAL_RCCEx_GetPeriphCLKFreq:ckpclocksource <- $r2
	.loc	5 0 0 is_stmt 0                 @ ../Drivers/STM32H7xx_HAL_Driver/Src/stm32h7xx_hal_rcc_ex.c:0:0
	ldr	r0, [r1]
                                        @ implicit-def: $lr
	.loc	5 2328 54 is_stmt 1             @ ../Drivers/STM32H7xx_HAL_Driver/Src/stm32h7xx_hal_rcc_ex.c:2328:54
	bpl.w	.LBB4_65
.Ltmp695:
@ %bb.45:
	@DEBUG_VALUE: HAL_RCCEx_GetPeriphCLKFreq:ckpclocksource <- $r2
	cmp	r2, #0
                                        @ implicit-def: $lr
	beq	.LBB4_62
	b	.LBB4_65
.Ltmp696:
	.loc	5 0 54 is_stmt 0                @ :0:54
.Ltmp697:
	.p2align	2
.LBB4_46:
	@DEBUG_VALUE: HAL_RCCEx_GetPeriphCLKFreq:PeriphClk <- [DW_OP_LLVM_fragment 0 32] $r2
	movw	r1, #17408
	movt	r1, #22530
.Ltmp698:
	.loc	5 2840 14 is_stmt 1             @ ../Drivers/STM32H7xx_HAL_Driver/Src/stm32h7xx_hal_rcc_ex.c:2840:14
	ldr	r0, [r1, #80]
.Ltmp699:
	@DEBUG_VALUE: HAL_RCCEx_GetPeriphCLKFreq:srcclk <- [DW_OP_constu 805306368, DW_OP_and, DW_OP_stack_value] $r0
	.loc	5 2842 5                        @ ../Drivers/STM32H7xx_HAL_Driver/Src/stm32h7xx_hal_rcc_ex.c:2842:5
	ubfx	r2, r0, #28, #2
.Ltmp700:
	.loc	5 0 5 is_stmt 0                 @ ../Drivers/STM32H7xx_HAL_Driver/Src/stm32h7xx_hal_rcc_ex.c:0:5
	movs	r0, #0
.Ltmp701:
	.loc	5 2842 5                        @ ../Drivers/STM32H7xx_HAL_Driver/Src/stm32h7xx_hal_rcc_ex.c:2842:5
.LCPI4_7:
	tbb	[pc, r2]
@ %bb.47:
	.loc	5 0 5                           @ ../Drivers/STM32H7xx_HAL_Driver/Src/stm32h7xx_hal_rcc_ex.c:0:5
.LJTI4_0:
	.byte	(.LBB4_48-(.LCPI4_7+4))/2
	.byte	(.LBB4_52-(.LCPI4_7+4))/2
	.byte	(.LBB4_69-(.LCPI4_7+4))/2
	.byte	(.LBB4_87-(.LCPI4_7+4))/2
	.p2align	1
	.p2align	2
.LBB4_48:
.Ltmp702:
	.loc	5 2846 13 is_stmt 1             @ ../Drivers/STM32H7xx_HAL_Driver/Src/stm32h7xx_hal_rcc_ex.c:2846:13
	ldr	r0, [r1]
	b	.LBB4_90
.Ltmp703:
	.loc	5 0 13 is_stmt 0                @ :0:13
.Ltmp704:
	.p2align	2
.LBB4_49:
	@DEBUG_VALUE: HAL_RCCEx_GetPeriphCLKFreq:PeriphClk <- [DW_OP_LLVM_fragment 0 32] $r2
	movw	r1, #17408
	movt	r1, #22530
.Ltmp705:
	.loc	5 2372 22 is_stmt 1             @ ../Drivers/STM32H7xx_HAL_Driver/Src/stm32h7xx_hal_rcc_ex.c:2372:22
	ldr	r0, [r1, #88]
.Ltmp706:
	@DEBUG_VALUE: HAL_RCCEx_GetPeriphCLKFreq:saiclocksource <- [DW_OP_constu 117440512, DW_OP_and, DW_OP_stack_value] $r0
	.loc	5 2374 5                        @ ../Drivers/STM32H7xx_HAL_Driver/Src/stm32h7xx_hal_rcc_ex.c:2374:5
	ubfx	r2, r0, #24, #3
.Ltmp707:
	cmp	r2, #4
	bhi.w	.LBB4_84
.Ltmp708:
@ %bb.50:
	@DEBUG_VALUE: HAL_RCCEx_GetPeriphCLKFreq:saiclocksource <- [DW_OP_constu 117440512, DW_OP_and, DW_OP_stack_value] $r0
	.loc	5 0 5 is_stmt 0                 @ ../Drivers/STM32H7xx_HAL_Driver/Src/stm32h7xx_hal_rcc_ex.c:0:5
	movw	r0, #32768
.Ltmp709:
	movt	r0, #187
	.loc	5 2374 5                        @ ../Drivers/STM32H7xx_HAL_Driver/Src/stm32h7xx_hal_rcc_ex.c:2374:5
.LCPI4_8:
	tbb	[pc, r2]
.Ltmp710:
@ %bb.51:
	.loc	5 0 5                           @ ../Drivers/STM32H7xx_HAL_Driver/Src/stm32h7xx_hal_rcc_ex.c:0:5
.LJTI4_5:
	.byte	(.LBB4_52-(.LCPI4_8+4))/2
	.byte	(.LBB4_53-(.LCPI4_8+4))/2
	.byte	(.LBB4_58-(.LCPI4_8+4))/2
	.byte	(.LBB4_87-(.LCPI4_8+4))/2
	.byte	(.LBB4_60-(.LCPI4_8+4))/2
	.p2align	1
	.p2align	2
.LBB4_52:
	ldr	r0, [r1]
	b	.LBB4_56
	.p2align	2
.LBB4_53:
	ldr	r0, [r1]
	lsls	r0, r0, #4
	bpl.w	.LBB4_84
@ %bb.54:
	add	r0, sp, #4
	bl	HAL_RCCEx_GetPLL2ClockFreq
.Ltmp711:
	ldr	r0, [sp, #4]
.Ltmp712:
	@DEBUG_VALUE: HAL_RCCEx_GetPeriphCLKFreq:frequency <- $r0
	@DEBUG_VALUE: HAL_RCCEx_GetPeriphCLKFreq:frequency <- $r0
	.loc	5 2894 3 epilogue_begin is_stmt 1 @ ../Drivers/STM32H7xx_HAL_Driver/Src/stm32h7xx_hal_rcc_ex.c:2894:3
	add	sp, #16
	pop	{r4, pc}
.Ltmp713:
	.loc	5 0 3 is_stmt 0                 @ :0:3
.Ltmp714:
	.p2align	2
.LBB4_55:
	@DEBUG_VALUE: HAL_RCCEx_GetPeriphCLKFreq:PeriphClk <- [DW_OP_LLVM_fragment 0 32] $r2
	movw	r0, #17408
                                        @ implicit-def: $lr
	movt	r0, #22530
.Ltmp715:
	.loc	5 2711 14 is_stmt 1             @ ../Drivers/STM32H7xx_HAL_Driver/Src/stm32h7xx_hal_rcc_ex.c:2711:14
	ldr	r1, [r0, #76]
.Ltmp716:
	.loc	5 0 0 is_stmt 0                 @ ../Drivers/STM32H7xx_HAL_Driver/Src/stm32h7xx_hal_rcc_ex.c:0:0
	ldr	r0, [r0]
.Ltmp717:
	.loc	5 2713 5 is_stmt 1              @ ../Drivers/STM32H7xx_HAL_Driver/Src/stm32h7xx_hal_rcc_ex.c:2713:5
	lsls	r1, r1, #15
.Ltmp718:
	@DEBUG_VALUE: HAL_RCCEx_GetPeriphCLKFreq:srcclk <- $r1
	bmi	.LBB4_63
.Ltmp719:
.LBB4_56:
	.loc	5 0 0 is_stmt 0                 @ ../Drivers/STM32H7xx_HAL_Driver/Src/stm32h7xx_hal_rcc_ex.c:0:0
	lsls	r0, r0, #6
	bpl	.LBB4_84
@ %bb.57:
	add	r0, sp, #4
	bl	HAL_RCCEx_GetPLL1ClockFreq
.Ltmp720:
	b	.LBB4_86
	.p2align	2
.LBB4_58:
	ldr	r0, [r1]
	lsls	r0, r0, #2
	bpl	.LBB4_84
@ %bb.59:
	add	r0, sp, #4
	bl	HAL_RCCEx_GetPLL3ClockFreq
.Ltmp721:
	ldr	r0, [sp, #4]
.Ltmp722:
	@DEBUG_VALUE: HAL_RCCEx_GetPeriphCLKFreq:frequency <- $r0
	@DEBUG_VALUE: HAL_RCCEx_GetPeriphCLKFreq:frequency <- $r0
	.loc	5 2894 3 epilogue_begin is_stmt 1 @ ../Drivers/STM32H7xx_HAL_Driver/Src/stm32h7xx_hal_rcc_ex.c:2894:3
	add	sp, #16
	pop	{r4, pc}
.Ltmp723:
	.loc	5 0 3 is_stmt 0                 @ :0:3
.Ltmp724:
	.p2align	2
.LBB4_60:
	ldr	r0, [r1, #76]
	ldr	r2, [r1]
	lsls	r2, r2, #29
	and	r2, r0, #805306368
.Ltmp725:
	@DEBUG_VALUE: HAL_RCCEx_GetPeriphCLKFreq:ckpclocksource <- $r2
	ldr	r0, [r1]
	bpl	.LBB4_65
.Ltmp726:
@ %bb.61:
	@DEBUG_VALUE: HAL_RCCEx_GetPeriphCLKFreq:ckpclocksource <- $r2
	cbnz	r2, .LBB4_65
.Ltmp727:
.LBB4_62:
	ubfx	r0, r0, #3, #2
	movw	r1, #36864
	movt	r1, #976
	lsr.w	r0, r1, r0
.Ltmp728:
	@DEBUG_VALUE: HAL_RCCEx_GetPeriphCLKFreq:frequency <- $r0
	@DEBUG_VALUE: HAL_RCCEx_GetPeriphCLKFreq:frequency <- $r0
	.loc	5 2894 3 epilogue_begin         @ ../Drivers/STM32H7xx_HAL_Driver/Src/stm32h7xx_hal_rcc_ex.c:2894:3
	add	sp, #16
	pop	{r4, pc}
.Ltmp729:
	.loc	5 0 3                           @ :0:3
.Ltmp730:
	.p2align	2
.LBB4_63:
	@DEBUG_VALUE: HAL_RCCEx_GetPeriphCLKFreq:srcclk <- $r1
	@DEBUG_VALUE: HAL_RCCEx_GetPeriphCLKFreq:PeriphClk <- [DW_OP_LLVM_fragment 0 32] $r2
	.loc	5 2730 13 is_stmt 1             @ ../Drivers/STM32H7xx_HAL_Driver/Src/stm32h7xx_hal_rcc_ex.c:2730:13
	lsls	r0, r0, #4
	bpl	.LBB4_84
.Ltmp731:
@ %bb.64:
	@DEBUG_VALUE: HAL_RCCEx_GetPeriphCLKFreq:srcclk <- $r1
	@DEBUG_VALUE: HAL_RCCEx_GetPeriphCLKFreq:PeriphClk <- [DW_OP_LLVM_fragment 0 32] $r2
	.loc	5 0 13 is_stmt 0                @ ../Drivers/STM32H7xx_HAL_Driver/Src/stm32h7xx_hal_rcc_ex.c:0:13
	add	r0, sp, #4
.Ltmp732:
	.loc	5 2732 11 is_stmt 1             @ ../Drivers/STM32H7xx_HAL_Driver/Src/stm32h7xx_hal_rcc_ex.c:2732:11
	bl	HAL_RCCEx_GetPLL2ClockFreq
.Ltmp733:
	.loc	5 0 0 is_stmt 0                 @ ../Drivers/STM32H7xx_HAL_Driver/Src/stm32h7xx_hal_rcc_ex.c:0:0
	ldr	r0, [sp, #12]
.Ltmp734:
	@DEBUG_VALUE: HAL_RCCEx_GetPeriphCLKFreq:frequency <- $r0
	@DEBUG_VALUE: HAL_RCCEx_GetPeriphCLKFreq:frequency <- $r0
	.loc	5 2894 3 epilogue_begin is_stmt 1 @ ../Drivers/STM32H7xx_HAL_Driver/Src/stm32h7xx_hal_rcc_ex.c:2894:3
	add	sp, #16
	pop	{r4, pc}
.Ltmp735:
	.loc	5 0 3 is_stmt 0                 @ :0:3
.Ltmp736:
	.p2align	2
.LBB4_65:
	@DEBUG_VALUE: HAL_RCCEx_GetPeriphCLKFreq:ckpclocksource <- $r2
	lsls	r0, r0, #23
	bpl	.LBB4_68
.Ltmp737:
.LBB4_66:
	@DEBUG_VALUE: HAL_RCCEx_GetPeriphCLKFreq:ckpclocksource <- $r2
	cmp.w	r2, #268435456
	bne	.LBB4_68
.Ltmp738:
.LBB4_67:
	@DEBUG_VALUE: HAL_RCCEx_GetPeriphCLKFreq:ckpclocksource <- $r2
	movw	r0, #2304
	movt	r0, #61
.Ltmp739:
	@DEBUG_VALUE: HAL_RCCEx_GetPeriphCLKFreq:frequency <- $r0
	.loc	5 2894 3 epilogue_begin         @ ../Drivers/STM32H7xx_HAL_Driver/Src/stm32h7xx_hal_rcc_ex.c:2894:3
	add	sp, #16
	pop	{r4, pc}
.Ltmp740:
	.loc	5 0 3                           @ :0:3
.Ltmp741:
	.p2align	2
.LBB4_68:
	@DEBUG_VALUE: HAL_RCCEx_GetPeriphCLKFreq:ckpclocksource <- $r2
	ldr	r0, [r1]
	cmp.w	r2, #536870912
	and	r1, r0, #131072
	mov.w	r0, #0
	itt	eq
	movweq	r0, #30784
	movteq	r0, #381
	cmp	r1, #0
	it	eq
	moveq	r0, r1
.Ltmp742:
	@DEBUG_VALUE: HAL_RCCEx_GetPeriphCLKFreq:frequency <- $r0
	.loc	5 2894 3 epilogue_begin         @ ../Drivers/STM32H7xx_HAL_Driver/Src/stm32h7xx_hal_rcc_ex.c:2894:3
	add	sp, #16
	pop	{r4, pc}
.Ltmp743:
	.loc	5 0 3                           @ :0:3
.Ltmp744:
	.p2align	2
.LBB4_69:
	.loc	5 2871 13 is_stmt 1             @ ../Drivers/STM32H7xx_HAL_Driver/Src/stm32h7xx_hal_rcc_ex.c:2871:13
	ldr	r0, [r1]
.Ltmp745:
	.loc	5 2871 13 is_stmt 0             @ ../Drivers/STM32H7xx_HAL_Driver/Src/stm32h7xx_hal_rcc_ex.c:2871:13
	b	.LBB4_83
.Ltmp746:
	.loc	5 0 13                          @ :0:13
.Ltmp747:
	.p2align	2
.LBB4_70:
	.loc	5 2801 13 is_stmt 1             @ ../Drivers/STM32H7xx_HAL_Driver/Src/stm32h7xx_hal_rcc_ex.c:2801:13
	ldr	r0, [r4]
	b	.LBB4_72
.Ltmp748:
	.loc	5 0 13 is_stmt 0                @ :0:13
.Ltmp749:
	.p2align	2
.LBB4_71:
	.loc	5 2606 13 is_stmt 1             @ ../Drivers/STM32H7xx_HAL_Driver/Src/stm32h7xx_hal_rcc_ex.c:2606:13
	ldr	r0, [r0]
.Ltmp750:
.LBB4_72:
	.loc	5 0 13 is_stmt 0                @ ../Drivers/STM32H7xx_HAL_Driver/Src/stm32h7xx_hal_rcc_ex.c:0:13
	movw	r1, #2304
	lsls	r0, r0, #23
	movt	r1, #61
	and.w	r0, r1, r0, asr #31
.Ltmp751:
	@DEBUG_VALUE: HAL_RCCEx_GetPeriphCLKFreq:frequency <- $r0
	.loc	5 2894 3 epilogue_begin is_stmt 1 @ ../Drivers/STM32H7xx_HAL_Driver/Src/stm32h7xx_hal_rcc_ex.c:2894:3
	add	sp, #16
	pop	{r4, pc}
.Ltmp752:
	.loc	5 0 3 is_stmt 0                 @ :0:3
.Ltmp753:
	.p2align	2
.LBB4_73:
	.loc	5 2776 13 is_stmt 1             @ ../Drivers/STM32H7xx_HAL_Driver/Src/stm32h7xx_hal_rcc_ex.c:2776:13
	ldr	r0, [r4]
.Ltmp754:
	.loc	5 2776 13 is_stmt 0             @ ../Drivers/STM32H7xx_HAL_Driver/Src/stm32h7xx_hal_rcc_ex.c:2776:13
	b	.LBB4_75
.Ltmp755:
	.loc	5 0 13                          @ :0:13
.Ltmp756:
	.p2align	2
.LBB4_74:
	.loc	5 2581 13 is_stmt 1             @ ../Drivers/STM32H7xx_HAL_Driver/Src/stm32h7xx_hal_rcc_ex.c:2581:13
	ldr	r0, [r0]
.Ltmp757:
.LBB4_75:
	.loc	5 0 0 is_stmt 0                 @ ../Drivers/STM32H7xx_HAL_Driver/Src/stm32h7xx_hal_rcc_ex.c:0:0
	lsls	r0, r0, #2
	bpl	.LBB4_84
@ %bb.76:
	add	r0, sp, #4
	bl	HAL_RCCEx_GetPLL3ClockFreq
.Ltmp758:
	b	.LBB4_86
	.p2align	2
.LBB4_77:
.Ltmp759:
	.loc	5 2789 13 is_stmt 1             @ ../Drivers/STM32H7xx_HAL_Driver/Src/stm32h7xx_hal_rcc_ex.c:2789:13
	ldr	r0, [r4]
.Ltmp760:
	.loc	5 2789 13 is_stmt 0             @ ../Drivers/STM32H7xx_HAL_Driver/Src/stm32h7xx_hal_rcc_ex.c:2789:13
	lsls	r0, r0, #29
	bpl	.LBB4_84
@ %bb.78:
.Ltmp761:
	.loc	5 2791 38 is_stmt 1             @ ../Drivers/STM32H7xx_HAL_Driver/Src/stm32h7xx_hal_rcc_ex.c:2791:38
	ldr	r0, [r4]
	b	.LBB4_62
.Ltmp762:
	.loc	5 0 38 is_stmt 0                @ :0:38
.Ltmp763:
	.p2align	2
.LBB4_79:
	.loc	5 2594 13 is_stmt 1             @ ../Drivers/STM32H7xx_HAL_Driver/Src/stm32h7xx_hal_rcc_ex.c:2594:13
	ldr	r1, [r0]
.Ltmp764:
	.loc	5 2594 13 is_stmt 0             @ ../Drivers/STM32H7xx_HAL_Driver/Src/stm32h7xx_hal_rcc_ex.c:2594:13
	lsls	r1, r1, #29
	bpl	.LBB4_84
@ %bb.80:
.Ltmp765:
	.loc	5 2596 38 is_stmt 1             @ ../Drivers/STM32H7xx_HAL_Driver/Src/stm32h7xx_hal_rcc_ex.c:2596:38
	ldr	r0, [r0]
	.loc	5 2596 66 is_stmt 0             @ ../Drivers/STM32H7xx_HAL_Driver/Src/stm32h7xx_hal_rcc_ex.c:2596:66
	b	.LBB4_62
.Ltmp766:
	.loc	5 0 66                          @ :0:66
.Ltmp767:
	.p2align	2
.LBB4_81:
	.loc	5 2763 13 is_stmt 1             @ ../Drivers/STM32H7xx_HAL_Driver/Src/stm32h7xx_hal_rcc_ex.c:2763:13
	ldr	r0, [r4]
.Ltmp768:
	.loc	5 2763 13 is_stmt 0             @ ../Drivers/STM32H7xx_HAL_Driver/Src/stm32h7xx_hal_rcc_ex.c:2763:13
	b	.LBB4_83
.Ltmp769:
	.loc	5 0 13                          @ :0:13
.Ltmp770:
	.p2align	2
.LBB4_82:
	.loc	5 2568 13 is_stmt 1             @ ../Drivers/STM32H7xx_HAL_Driver/Src/stm32h7xx_hal_rcc_ex.c:2568:13
	ldr	r0, [r0]
.Ltmp771:
.LBB4_83:
	.loc	5 0 0 is_stmt 0                 @ ../Drivers/STM32H7xx_HAL_Driver/Src/stm32h7xx_hal_rcc_ex.c:0:0
	lsls	r0, r0, #4
	bmi	.LBB4_85
.Ltmp772:
.LBB4_84:
	movs	r0, #0
.Ltmp773:
	@DEBUG_VALUE: HAL_RCCEx_GetPeriphCLKFreq:frequency <- $r0
	.loc	5 2894 3 epilogue_begin is_stmt 1 @ ../Drivers/STM32H7xx_HAL_Driver/Src/stm32h7xx_hal_rcc_ex.c:2894:3
	add	sp, #16
	pop	{r4, pc}
.Ltmp774:
	.loc	5 0 3 is_stmt 0                 @ :0:3
.Ltmp775:
	.p2align	2
.LBB4_85:
	add	r0, sp, #4
.Ltmp776:
	bl	HAL_RCCEx_GetPLL2ClockFreq
.Ltmp777:
.LBB4_86:
	ldr	r0, [sp, #8]
.Ltmp778:
	@DEBUG_VALUE: HAL_RCCEx_GetPeriphCLKFreq:frequency <- $r0
.LBB4_87:
	@DEBUG_VALUE: HAL_RCCEx_GetPeriphCLKFreq:frequency <- $r0
	.loc	5 2894 3 epilogue_begin         @ ../Drivers/STM32H7xx_HAL_Driver/Src/stm32h7xx_hal_rcc_ex.c:2894:3
	add	sp, #16
	pop	{r4, pc}
.Ltmp779:
	.loc	5 0 3                           @ :0:3
.Ltmp780:
	.p2align	2
.LBB4_88:
	.loc	5 2813 13 is_stmt 1             @ ../Drivers/STM32H7xx_HAL_Driver/Src/stm32h7xx_hal_rcc_ex.c:2813:13
	ldr	r0, [r4]
	b	.LBB4_90
.Ltmp781:
	.loc	5 0 13 is_stmt 0                @ :0:13
.Ltmp782:
	.p2align	2
.LBB4_89:
	.loc	5 2618 13 is_stmt 1             @ ../Drivers/STM32H7xx_HAL_Driver/Src/stm32h7xx_hal_rcc_ex.c:2618:13
	ldr	r0, [r0]
.Ltmp783:
.LBB4_90:
	.loc	5 0 13 is_stmt 0                @ ../Drivers/STM32H7xx_HAL_Driver/Src/stm32h7xx_hal_rcc_ex.c:0:13
	movw	r1, #30784
	lsls	r0, r0, #14
	movt	r1, #381
	and.w	r0, r1, r0, asr #31
.Ltmp784:
	@DEBUG_VALUE: HAL_RCCEx_GetPeriphCLKFreq:frequency <- $r0
	.loc	5 2894 3 epilogue_begin is_stmt 1 @ ../Drivers/STM32H7xx_HAL_Driver/Src/stm32h7xx_hal_rcc_ex.c:2894:3
	add	sp, #16
	pop	{r4, pc}
.Ltmp785:
.Lfunc_end4:
	.size	HAL_RCCEx_GetPeriphCLKFreq, .Lfunc_end4-HAL_RCCEx_GetPeriphCLKFreq
	.cfi_endproc
	.file	6 "D:\\EV\\testadc\\MDK-ARM" "../Drivers/STM32H7xx_HAL_Driver/Inc\\stm32h7xx_hal_rcc.h"
	.cantunwind
	.fnend
                                        @ -- End function
	.section	.text.HAL_RCCEx_GetPLL1ClockFreq,"ax",%progbits
	.hidden	HAL_RCCEx_GetPLL1ClockFreq      @ -- Begin function HAL_RCCEx_GetPLL1ClockFreq
	.globl	HAL_RCCEx_GetPLL1ClockFreq
	.p2align	3
	.type	HAL_RCCEx_GetPLL1ClockFreq,%function
	.code	16                              @ @HAL_RCCEx_GetPLL1ClockFreq
	.thumb_func
HAL_RCCEx_GetPLL1ClockFreq:
.Lfunc_begin5:
	.loc	5 3083 0                        @ ../Drivers/STM32H7xx_HAL_Driver/Src/stm32h7xx_hal_rcc_ex.c:3083:0
	.fnstart
	.cfi_startproc
@ %bb.0:
	@DEBUG_VALUE: HAL_RCCEx_GetPLL1ClockFreq:PLL1_Clocks <- $r0
	.save	{r7, lr}
	push	{r7, lr}
	.cfi_def_cfa_offset 8
	.cfi_offset lr, -4
	.cfi_offset r7, -8
	movw	r1, #17456
	movt	r1, #22530
.Ltmp786:
	.loc	5 3087 21 prologue_end          @ ../Drivers/STM32H7xx_HAL_Driver/Src/stm32h7xx_hal_rcc_ex.c:3087:21
	ldr	r3, [r1, #-8]
.Ltmp787:
	@DEBUG_VALUE: HAL_RCCEx_GetPLL1ClockFreq:pllsource <- [DW_OP_constu 3, DW_OP_and, DW_OP_stack_value] $r3
	.loc	5 3088 18                       @ ../Drivers/STM32H7xx_HAL_Driver/Src/stm32h7xx_hal_rcc_ex.c:3088:18
	ldr	r2, [r1, #-8]
	.loc	5 3089 21                       @ ../Drivers/STM32H7xx_HAL_Driver/Src/stm32h7xx_hal_rcc_ex.c:3089:21
	ldr	r12, [r1, #-4]
.Ltmp788:
	@DEBUG_VALUE: HAL_RCCEx_GetPLL1ClockFreq:pll1fracen <- [DW_OP_constu 1, DW_OP_and, DW_OP_stack_value] $r12
	.loc	5 3088 51                       @ ../Drivers/STM32H7xx_HAL_Driver/Src/stm32h7xx_hal_rcc_ex.c:3088:51
	ubfx	lr, r2, #4, #6
.Ltmp789:
	@DEBUG_VALUE: HAL_RCCEx_GetPLL1ClockFreq:pll1m <- $lr
	.loc	5 3090 52                       @ ../Drivers/STM32H7xx_HAL_Driver/Src/stm32h7xx_hal_rcc_ex.c:3090:52
	ldr	r2, [r1, #4]
	.loc	5 3092 7                        @ ../Drivers/STM32H7xx_HAL_Driver/Src/stm32h7xx_hal_rcc_ex.c:3092:7
	cmp.w	lr, #0
	beq	.LBB5_5
.Ltmp790:
@ %bb.1:
	@DEBUG_VALUE: HAL_RCCEx_GetPLL1ClockFreq:pll1m <- $lr
	@DEBUG_VALUE: HAL_RCCEx_GetPLL1ClockFreq:pll1fracen <- [DW_OP_constu 1, DW_OP_and, DW_OP_stack_value] $r12
	@DEBUG_VALUE: HAL_RCCEx_GetPLL1ClockFreq:pllsource <- [DW_OP_constu 3, DW_OP_and, DW_OP_stack_value] $r3
	@DEBUG_VALUE: HAL_RCCEx_GetPLL1ClockFreq:PLL1_Clocks <- $r0
	.loc	5 0 7 is_stmt 0                 @ ../Drivers/STM32H7xx_HAL_Driver/Src/stm32h7xx_hal_rcc_ex.c:0:7
	ubfx	r2, r2, #3, #13
	.loc	5 3087 31 is_stmt 1             @ ../Drivers/STM32H7xx_HAL_Driver/Src/stm32h7xx_hal_rcc_ex.c:3087:31
	and	r3, r3, #3
.Ltmp791:
	@DEBUG_VALUE: HAL_RCCEx_GetPLL1ClockFreq:pllsource <- $r3
	.loc	5 0 31 is_stmt 0                @ ../Drivers/STM32H7xx_HAL_Driver/Src/stm32h7xx_hal_rcc_ex.c:0:31
	vmov	s0, r2
	vldr	s2, .LCPI5_0
	vcvt.f32.u32	s0, s0
	vmul.f32	s0, s0, s2
	vldr	s2, .LCPI5_1
.Ltmp792:
	.loc	5 3094 5 is_stmt 1              @ ../Drivers/STM32H7xx_HAL_Driver/Src/stm32h7xx_hal_rcc_ex.c:3094:5
.LCPI5_5:
	tbb	[pc, r3]
.Ltmp793:
@ %bb.2:
	.loc	5 0 5 is_stmt 0                 @ ../Drivers/STM32H7xx_HAL_Driver/Src/stm32h7xx_hal_rcc_ex.c:0:5
.LJTI5_0:
	.byte	(.LBB5_3-(.LCPI5_5+4))/2
	.byte	(.LBB5_8-(.LCPI5_5+4))/2
	.byte	(.LBB5_6-(.LCPI5_5+4))/2
	.byte	(.LBB5_4-(.LCPI5_5+4))/2
	.p2align	1
	.p2align	2
.LBB5_3:
.Ltmp794:
	@DEBUG_VALUE: HAL_RCCEx_GetPLL1ClockFreq:pllsource <- $r3
	@DEBUG_VALUE: HAL_RCCEx_GetPLL1ClockFreq:pll1m <- $lr
	@DEBUG_VALUE: HAL_RCCEx_GetPLL1ClockFreq:pll1fracen <- [DW_OP_constu 1, DW_OP_and, DW_OP_stack_value] $r12
	@DEBUG_VALUE: HAL_RCCEx_GetPLL1ClockFreq:PLL1_Clocks <- $r0
	.loc	5 3099 13 is_stmt 1             @ ../Drivers/STM32H7xx_HAL_Driver/Src/stm32h7xx_hal_rcc_ex.c:3099:13
	ldr	r2, [r1, #-48]
.Ltmp795:
	.loc	5 3099 13 is_stmt 0             @ ../Drivers/STM32H7xx_HAL_Driver/Src/stm32h7xx_hal_rcc_ex.c:3099:13
	lsls	r2, r2, #26
	bmi	.LBB5_7
.Ltmp796:
.LBB5_4:
	@DEBUG_VALUE: HAL_RCCEx_GetPLL1ClockFreq:pllsource <- $r3
	@DEBUG_VALUE: HAL_RCCEx_GetPLL1ClockFreq:pll1m <- $lr
	@DEBUG_VALUE: HAL_RCCEx_GetPLL1ClockFreq:pll1fracen <- [DW_OP_constu 1, DW_OP_and, DW_OP_stack_value] $r12
	@DEBUG_VALUE: HAL_RCCEx_GetPLL1ClockFreq:PLL1_Clocks <- $r0
	.loc	5 0 13                          @ ../Drivers/STM32H7xx_HAL_Driver/Src/stm32h7xx_hal_rcc_ex.c:0:13
	vldr	s2, .LCPI5_2
	b	.LBB5_8
.Ltmp797:
	.p2align	2
.LBB5_5:
	@DEBUG_VALUE: HAL_RCCEx_GetPLL1ClockFreq:pll1m <- $lr
	@DEBUG_VALUE: HAL_RCCEx_GetPLL1ClockFreq:pll1fracen <- [DW_OP_constu 1, DW_OP_and, DW_OP_stack_value] $r12
	@DEBUG_VALUE: HAL_RCCEx_GetPLL1ClockFreq:pllsource <- [DW_OP_constu 3, DW_OP_and, DW_OP_stack_value] $r3
	@DEBUG_VALUE: HAL_RCCEx_GetPLL1ClockFreq:PLL1_Clocks <- $r0
	movs	r1, #0
	str	r1, [r0, #8]
.Ltmp798:
	.loc	5 3128 35 is_stmt 1             @ ../Drivers/STM32H7xx_HAL_Driver/Src/stm32h7xx_hal_rcc_ex.c:3128:35
	strd	r1, r1, [r0]
.Ltmp799:
	.loc	5 3133 1 epilogue_begin         @ ../Drivers/STM32H7xx_HAL_Driver/Src/stm32h7xx_hal_rcc_ex.c:3133:1
	pop	{r7, pc}
.Ltmp800:
	.loc	5 0 1 is_stmt 0                 @ :0:1
.Ltmp801:
	.p2align	2
.LBB5_6:
	@DEBUG_VALUE: HAL_RCCEx_GetPLL1ClockFreq:pllsource <- $r3
	@DEBUG_VALUE: HAL_RCCEx_GetPLL1ClockFreq:pll1m <- $lr
	@DEBUG_VALUE: HAL_RCCEx_GetPLL1ClockFreq:pll1fracen <- [DW_OP_constu 1, DW_OP_and, DW_OP_stack_value] $r12
	@DEBUG_VALUE: HAL_RCCEx_GetPLL1ClockFreq:PLL1_Clocks <- $r0
	vldr	s2, .LCPI5_3
.Ltmp802:
	.loc	5 3115 9 is_stmt 1              @ ../Drivers/STM32H7xx_HAL_Driver/Src/stm32h7xx_hal_rcc_ex.c:3115:9
	b	.LBB5_8
.Ltmp803:
	.loc	5 0 9 is_stmt 0                 @ :0:9
.Ltmp804:
	.p2align	2
.LBB5_7:
	@DEBUG_VALUE: HAL_RCCEx_GetPLL1ClockFreq:pllsource <- $r3
	@DEBUG_VALUE: HAL_RCCEx_GetPLL1ClockFreq:pll1m <- $lr
	@DEBUG_VALUE: HAL_RCCEx_GetPLL1ClockFreq:pll1fracen <- [DW_OP_constu 1, DW_OP_and, DW_OP_stack_value] $r12
	@DEBUG_VALUE: HAL_RCCEx_GetPLL1ClockFreq:PLL1_Clocks <- $r0
	.loc	5 3101 37 is_stmt 1             @ ../Drivers/STM32H7xx_HAL_Driver/Src/stm32h7xx_hal_rcc_ex.c:3101:37
	ldr	r2, [r1, #-48]
	movw	r3, #36864
.Ltmp805:
	.loc	5 0 37 is_stmt 0                @ ../Drivers/STM32H7xx_HAL_Driver/Src/stm32h7xx_hal_rcc_ex.c:0:37
	movt	r3, #976
	.loc	5 3101 65                       @ ../Drivers/STM32H7xx_HAL_Driver/Src/stm32h7xx_hal_rcc_ex.c:3101:65
	ubfx	r2, r2, #3, #2
	.loc	5 3101 33                       @ ../Drivers/STM32H7xx_HAL_Driver/Src/stm32h7xx_hal_rcc_ex.c:3101:33
	lsr.w	r2, r3, r2
.Ltmp806:
	@DEBUG_VALUE: HAL_RCCEx_GetPLL1ClockFreq:hsivalue <- $r2
	.loc	5 3102 22 is_stmt 1             @ ../Drivers/STM32H7xx_HAL_Driver/Src/stm32h7xx_hal_rcc_ex.c:3102:22
	vmov	s2, r2
.Ltmp807:
	@DEBUG_VALUE: HAL_RCCEx_GetPLL1ClockFreq:hsivalue <- $s2
	vcvt.f32.u32	s2, s2
.Ltmp808:
.LBB5_8:
	@DEBUG_VALUE: HAL_RCCEx_GetPLL1ClockFreq:pll1m <- $lr
	@DEBUG_VALUE: HAL_RCCEx_GetPLL1ClockFreq:pll1fracen <- [DW_OP_constu 1, DW_OP_and, DW_OP_stack_value] $r12
	@DEBUG_VALUE: HAL_RCCEx_GetPLL1ClockFreq:PLL1_Clocks <- $r0
	.loc	5 0 0 is_stmt 0                 @ ../Drivers/STM32H7xx_HAL_Driver/Src/stm32h7xx_hal_rcc_ex.c:0:0
	ldr	r2, [r1]
	vldr	s6, .LCPI5_4
	bfc	r2, #9, #23
	vmov	s4, r2
	lsls.w	r2, r12, #31
	vseleq.f32	s0, s6, s0
	vmov	s6, lr
.Ltmp809:
	.loc	5 3122 94 is_stmt 1             @ ../Drivers/STM32H7xx_HAL_Driver/Src/stm32h7xx_hal_rcc_ex.c:3122:94
	ldr	r2, [r1]
.Ltmp810:
	.loc	5 0 0 is_stmt 0                 @ ../Drivers/STM32H7xx_HAL_Driver/Src/stm32h7xx_hal_rcc_ex.c:0:0
	vcvt.f32.u32	s4, s4
.Ltmp811:
	.loc	5 3122 122                      @ ../Drivers/STM32H7xx_HAL_Driver/Src/stm32h7xx_hal_rcc_ex.c:3122:122
	ubfx	r2, r2, #9, #7
.Ltmp812:
	.loc	5 0 0                           @ ../Drivers/STM32H7xx_HAL_Driver/Src/stm32h7xx_hal_rcc_ex.c:0:0
	vcvt.f32.u32	s6, s6
.Ltmp813:
	.loc	5 3122 129                      @ ../Drivers/STM32H7xx_HAL_Driver/Src/stm32h7xx_hal_rcc_ex.c:3122:129
	adds	r2, #1
.Ltmp814:
	.loc	5 0 0                           @ ../Drivers/STM32H7xx_HAL_Driver/Src/stm32h7xx_hal_rcc_ex.c:0:0
	vadd.f32	s0, s0, s4
	vmov.f32	s4, #1.000000e+00
	vdiv.f32	s2, s2, s6
	vadd.f32	s0, s0, s4
	vmul.f32	s0, s2, s0
.Ltmp815:
	@DEBUG_VALUE: HAL_RCCEx_GetPLL1ClockFreq:pll1vco <- $s0
	.loc	5 3122 129                      @ ../Drivers/STM32H7xx_HAL_Driver/Src/stm32h7xx_hal_rcc_ex.c:3122:129
	vmov	s2, r2
	vcvt.f32.u32	s2, s2
	.loc	5 3122 65                       @ ../Drivers/STM32H7xx_HAL_Driver/Src/stm32h7xx_hal_rcc_ex.c:3122:65
	vdiv.f32	s2, s0, s2
	.loc	5 3122 35                       @ ../Drivers/STM32H7xx_HAL_Driver/Src/stm32h7xx_hal_rcc_ex.c:3122:35
	vcvt.u32.f32	s2, s2
	vstr	s2, [r0]
	.loc	5 3123 94 is_stmt 1             @ ../Drivers/STM32H7xx_HAL_Driver/Src/stm32h7xx_hal_rcc_ex.c:3123:94
	ldr	r2, [r1]
	.loc	5 3123 122 is_stmt 0            @ ../Drivers/STM32H7xx_HAL_Driver/Src/stm32h7xx_hal_rcc_ex.c:3123:122
	ubfx	r2, r2, #16, #7
	.loc	5 3123 129                      @ ../Drivers/STM32H7xx_HAL_Driver/Src/stm32h7xx_hal_rcc_ex.c:3123:129
	adds	r2, #1
	vmov	s2, r2
	vcvt.f32.u32	s2, s2
	.loc	5 3123 65                       @ ../Drivers/STM32H7xx_HAL_Driver/Src/stm32h7xx_hal_rcc_ex.c:3123:65
	vdiv.f32	s2, s0, s2
	.loc	5 3123 35                       @ ../Drivers/STM32H7xx_HAL_Driver/Src/stm32h7xx_hal_rcc_ex.c:3123:35
	vcvt.u32.f32	s2, s2
	vstr	s2, [r0, #4]
	.loc	5 3124 94 is_stmt 1             @ ../Drivers/STM32H7xx_HAL_Driver/Src/stm32h7xx_hal_rcc_ex.c:3124:94
	ldr	r1, [r1]
	.loc	5 3124 122 is_stmt 0            @ ../Drivers/STM32H7xx_HAL_Driver/Src/stm32h7xx_hal_rcc_ex.c:3124:122
	ubfx	r1, r1, #24, #7
	.loc	5 3124 129                      @ ../Drivers/STM32H7xx_HAL_Driver/Src/stm32h7xx_hal_rcc_ex.c:3124:129
	adds	r1, #1
	vmov	s2, r1
	vcvt.f32.u32	s2, s2
	.loc	5 3124 65                       @ ../Drivers/STM32H7xx_HAL_Driver/Src/stm32h7xx_hal_rcc_ex.c:3124:65
	vdiv.f32	s0, s0, s2
.Ltmp816:
	.loc	5 3124 37                       @ ../Drivers/STM32H7xx_HAL_Driver/Src/stm32h7xx_hal_rcc_ex.c:3124:37
	vcvt.u32.f32	s0, s0
	vmov	r1, s0
.Ltmp817:
	.loc	5 0 0                           @ ../Drivers/STM32H7xx_HAL_Driver/Src/stm32h7xx_hal_rcc_ex.c:0:0
	str	r1, [r0, #8]
.Ltmp818:
	.loc	5 3133 1 epilogue_begin is_stmt 1 @ ../Drivers/STM32H7xx_HAL_Driver/Src/stm32h7xx_hal_rcc_ex.c:3133:1
	pop	{r7, pc}
.Ltmp819:
	.loc	5 0 1 is_stmt 0                 @ :0:1
.Ltmp820:
	.p2align	2
@ %bb.9:
.LCPI5_0:
	.long	0x39000000                      @ float 1.22070313E-4
.LCPI5_1:
	.long	0x4a742400                      @ float 4.0E+6
.LCPI5_2:
	.long	0x4c742400                      @ float 6.4E+7
.LCPI5_3:
	.long	0x4bbebc20                      @ float 2.5E+7
.LCPI5_4:
	.long	0x00000000                      @ float 0
.Lfunc_end5:
	.size	HAL_RCCEx_GetPLL1ClockFreq, .Lfunc_end5-HAL_RCCEx_GetPLL1ClockFreq
	.cfi_endproc
	.cantunwind
	.fnend
                                        @ -- End function
	.section	.text.HAL_RCCEx_GetPLL2ClockFreq,"ax",%progbits
	.hidden	HAL_RCCEx_GetPLL2ClockFreq      @ -- Begin function HAL_RCCEx_GetPLL2ClockFreq
	.globl	HAL_RCCEx_GetPLL2ClockFreq
	.p2align	3
	.type	HAL_RCCEx_GetPLL2ClockFreq,%function
	.code	16                              @ @HAL_RCCEx_GetPLL2ClockFreq
	.thumb_func
HAL_RCCEx_GetPLL2ClockFreq:
.Lfunc_begin6:
	.loc	5 2946 0 is_stmt 1              @ ../Drivers/STM32H7xx_HAL_Driver/Src/stm32h7xx_hal_rcc_ex.c:2946:0
	.fnstart
	.cfi_startproc
@ %bb.0:
	@DEBUG_VALUE: HAL_RCCEx_GetPLL2ClockFreq:PLL2_Clocks <- $r0
	.save	{r7, lr}
	push	{r7, lr}
	.cfi_def_cfa_offset 8
	.cfi_offset lr, -4
	.cfi_offset r7, -8
	movw	lr, #17464
	movt	lr, #22530
.Ltmp821:
	.loc	5 2953 21 prologue_end          @ ../Drivers/STM32H7xx_HAL_Driver/Src/stm32h7xx_hal_rcc_ex.c:2953:21
	ldr	r3, [lr, #-16]
.Ltmp822:
	@DEBUG_VALUE: HAL_RCCEx_GetPLL2ClockFreq:pllsource <- [DW_OP_constu 3, DW_OP_and, DW_OP_stack_value] $r3
	.loc	5 2954 18                       @ ../Drivers/STM32H7xx_HAL_Driver/Src/stm32h7xx_hal_rcc_ex.c:2954:18
	ldr	r1, [lr, #-16]
	.loc	5 2955 22                       @ ../Drivers/STM32H7xx_HAL_Driver/Src/stm32h7xx_hal_rcc_ex.c:2955:22
	ldr	r2, [lr, #-12]
.Ltmp823:
	@DEBUG_VALUE: HAL_RCCEx_GetPLL2ClockFreq:pll2fracen <- [DW_OP_constu 4, DW_OP_shr, DW_OP_constu 1, DW_OP_and, DW_OP_stack_value] $r2
	.loc	5 2954 51                       @ ../Drivers/STM32H7xx_HAL_Driver/Src/stm32h7xx_hal_rcc_ex.c:2954:51
	ubfx	r12, r1, #12, #6
.Ltmp824:
	@DEBUG_VALUE: HAL_RCCEx_GetPLL2ClockFreq:pll2m <- $r12
	.loc	5 2956 52                       @ ../Drivers/STM32H7xx_HAL_Driver/Src/stm32h7xx_hal_rcc_ex.c:2956:52
	ldr.w	r1, [lr, #4]
.Ltmp825:
	@DEBUG_VALUE: HAL_RCCEx_GetPLL2ClockFreq:fracn2 <- undef
	.loc	5 2958 7                        @ ../Drivers/STM32H7xx_HAL_Driver/Src/stm32h7xx_hal_rcc_ex.c:2958:7
	cmp.w	r12, #0
	beq	.LBB6_5
.Ltmp826:
@ %bb.1:
	@DEBUG_VALUE: HAL_RCCEx_GetPLL2ClockFreq:pll2m <- $r12
	@DEBUG_VALUE: HAL_RCCEx_GetPLL2ClockFreq:pll2fracen <- [DW_OP_constu 4, DW_OP_shr, DW_OP_constu 1, DW_OP_and, DW_OP_stack_value] $r2
	@DEBUG_VALUE: HAL_RCCEx_GetPLL2ClockFreq:pllsource <- [DW_OP_constu 3, DW_OP_and, DW_OP_stack_value] $r3
	@DEBUG_VALUE: HAL_RCCEx_GetPLL2ClockFreq:PLL2_Clocks <- $r0
	.loc	5 0 0 is_stmt 0                 @ ../Drivers/STM32H7xx_HAL_Driver/Src/stm32h7xx_hal_rcc_ex.c:0:0
	lsrs	r1, r1, #3
	vldr	s2, .LCPI6_0
	lsls	r2, r2, #27
.Ltmp827:
	and.w	r1, r1, r2, asr #31
	.loc	5 2953 31 is_stmt 1             @ ../Drivers/STM32H7xx_HAL_Driver/Src/stm32h7xx_hal_rcc_ex.c:2953:31
	and	r2, r3, #3
.Ltmp828:
	@DEBUG_VALUE: HAL_RCCEx_GetPLL2ClockFreq:pllsource <- $r2
	.loc	5 0 0 is_stmt 0                 @ ../Drivers/STM32H7xx_HAL_Driver/Src/stm32h7xx_hal_rcc_ex.c:0:0
	bfc	r1, #13, #19
	vmov	s0, r1
	vcvt.f32.u32	s0, s0
.Ltmp829:
	@DEBUG_VALUE: HAL_RCCEx_GetPLL2ClockFreq:fracn2 <- $s0
	.loc	5 2960 5 is_stmt 1              @ ../Drivers/STM32H7xx_HAL_Driver/Src/stm32h7xx_hal_rcc_ex.c:2960:5
.LCPI6_4:
	tbb	[pc, r2]
.Ltmp830:
@ %bb.2:
	.loc	5 0 5 is_stmt 0                 @ ../Drivers/STM32H7xx_HAL_Driver/Src/stm32h7xx_hal_rcc_ex.c:0:5
.LJTI6_0:
	.byte	(.LBB6_3-(.LCPI6_4+4))/2
	.byte	(.LBB6_8-(.LCPI6_4+4))/2
	.byte	(.LBB6_6-(.LCPI6_4+4))/2
	.byte	(.LBB6_8-(.LCPI6_4+4))/2
	.p2align	1
	.p2align	2
.LBB6_3:
.Ltmp831:
	@DEBUG_VALUE: HAL_RCCEx_GetPLL2ClockFreq:fracn2 <- $s0
	@DEBUG_VALUE: HAL_RCCEx_GetPLL2ClockFreq:pllsource <- $r2
	@DEBUG_VALUE: HAL_RCCEx_GetPLL2ClockFreq:pll2m <- $r12
	@DEBUG_VALUE: HAL_RCCEx_GetPLL2ClockFreq:PLL2_Clocks <- $r0
	.loc	5 2965 13 is_stmt 1             @ ../Drivers/STM32H7xx_HAL_Driver/Src/stm32h7xx_hal_rcc_ex.c:2965:13
	ldr	r1, [lr, #-56]
.Ltmp832:
	.loc	5 2965 13 is_stmt 0             @ ../Drivers/STM32H7xx_HAL_Driver/Src/stm32h7xx_hal_rcc_ex.c:2965:13
	lsls	r1, r1, #26
	bmi	.LBB6_7
.Ltmp833:
@ %bb.4:
	@DEBUG_VALUE: HAL_RCCEx_GetPLL2ClockFreq:fracn2 <- $s0
	@DEBUG_VALUE: HAL_RCCEx_GetPLL2ClockFreq:pllsource <- $r2
	@DEBUG_VALUE: HAL_RCCEx_GetPLL2ClockFreq:pll2m <- $r12
	@DEBUG_VALUE: HAL_RCCEx_GetPLL2ClockFreq:PLL2_Clocks <- $r0
	.loc	5 0 13                          @ ../Drivers/STM32H7xx_HAL_Driver/Src/stm32h7xx_hal_rcc_ex.c:0:13
	vldr	s2, .LCPI6_2
	.loc	5 2965 13                       @ ../Drivers/STM32H7xx_HAL_Driver/Src/stm32h7xx_hal_rcc_ex.c:2965:13
	b	.LBB6_8
.Ltmp834:
	.loc	5 0 13                          @ :0:13
.Ltmp835:
	.p2align	2
.LBB6_5:
	@DEBUG_VALUE: HAL_RCCEx_GetPLL2ClockFreq:pll2m <- $r12
	@DEBUG_VALUE: HAL_RCCEx_GetPLL2ClockFreq:pll2fracen <- [DW_OP_constu 4, DW_OP_shr, DW_OP_constu 1, DW_OP_and, DW_OP_stack_value] $r2
	@DEBUG_VALUE: HAL_RCCEx_GetPLL2ClockFreq:pllsource <- [DW_OP_constu 3, DW_OP_and, DW_OP_stack_value] $r3
	@DEBUG_VALUE: HAL_RCCEx_GetPLL2ClockFreq:PLL2_Clocks <- $r0
	movs	r1, #0
	str	r1, [r0, #8]
.Ltmp836:
	.loc	5 2994 35 is_stmt 1             @ ../Drivers/STM32H7xx_HAL_Driver/Src/stm32h7xx_hal_rcc_ex.c:2994:35
	strd	r1, r1, [r0]
.Ltmp837:
	.loc	5 2998 1 epilogue_begin         @ ../Drivers/STM32H7xx_HAL_Driver/Src/stm32h7xx_hal_rcc_ex.c:2998:1
	pop	{r7, pc}
.Ltmp838:
	.loc	5 0 1 is_stmt 0                 @ :0:1
.Ltmp839:
	.p2align	2
.LBB6_6:
	@DEBUG_VALUE: HAL_RCCEx_GetPLL2ClockFreq:fracn2 <- $s0
	@DEBUG_VALUE: HAL_RCCEx_GetPLL2ClockFreq:pllsource <- $r2
	@DEBUG_VALUE: HAL_RCCEx_GetPLL2ClockFreq:pll2m <- $r12
	@DEBUG_VALUE: HAL_RCCEx_GetPLL2ClockFreq:PLL2_Clocks <- $r0
	vldr	s2, .LCPI6_1
	b	.LBB6_8
.Ltmp840:
	.p2align	2
.LBB6_7:
	@DEBUG_VALUE: HAL_RCCEx_GetPLL2ClockFreq:fracn2 <- $s0
	@DEBUG_VALUE: HAL_RCCEx_GetPLL2ClockFreq:pllsource <- $r2
	@DEBUG_VALUE: HAL_RCCEx_GetPLL2ClockFreq:pll2m <- $r12
	@DEBUG_VALUE: HAL_RCCEx_GetPLL2ClockFreq:PLL2_Clocks <- $r0
	.loc	5 2967 37 is_stmt 1             @ ../Drivers/STM32H7xx_HAL_Driver/Src/stm32h7xx_hal_rcc_ex.c:2967:37
	ldr	r1, [lr, #-56]
	movw	r2, #36864
.Ltmp841:
	.loc	5 0 37 is_stmt 0                @ ../Drivers/STM32H7xx_HAL_Driver/Src/stm32h7xx_hal_rcc_ex.c:0:37
	movt	r2, #976
	.loc	5 2967 65                       @ ../Drivers/STM32H7xx_HAL_Driver/Src/stm32h7xx_hal_rcc_ex.c:2967:65
	ubfx	r1, r1, #3, #2
	.loc	5 2967 33                       @ ../Drivers/STM32H7xx_HAL_Driver/Src/stm32h7xx_hal_rcc_ex.c:2967:33
	lsr.w	r1, r2, r1
.Ltmp842:
	@DEBUG_VALUE: HAL_RCCEx_GetPLL2ClockFreq:hsivalue <- $r1
	.loc	5 2968 22 is_stmt 1             @ ../Drivers/STM32H7xx_HAL_Driver/Src/stm32h7xx_hal_rcc_ex.c:2968:22
	vmov	s2, r1
.Ltmp843:
	@DEBUG_VALUE: HAL_RCCEx_GetPLL2ClockFreq:hsivalue <- $s2
	vcvt.f32.u32	s2, s2
.Ltmp844:
.LBB6_8:
	@DEBUG_VALUE: HAL_RCCEx_GetPLL2ClockFreq:fracn2 <- $s0
	@DEBUG_VALUE: HAL_RCCEx_GetPLL2ClockFreq:pll2m <- $r12
	@DEBUG_VALUE: HAL_RCCEx_GetPLL2ClockFreq:PLL2_Clocks <- $r0
	.loc	5 0 0 is_stmt 0                 @ ../Drivers/STM32H7xx_HAL_Driver/Src/stm32h7xx_hal_rcc_ex.c:0:0
	ldr.w	r1, [lr]
	vldr	s6, .LCPI6_3
	bfc	r1, #9, #23
	vmov	s4, r1
.Ltmp845:
	.loc	5 2988 94 is_stmt 1             @ ../Drivers/STM32H7xx_HAL_Driver/Src/stm32h7xx_hal_rcc_ex.c:2988:94
	ldr.w	r1, [lr]
	.loc	5 2988 122 is_stmt 0            @ ../Drivers/STM32H7xx_HAL_Driver/Src/stm32h7xx_hal_rcc_ex.c:2988:122
	ubfx	r1, r1, #9, #7
.Ltmp846:
	.loc	5 0 0                           @ ../Drivers/STM32H7xx_HAL_Driver/Src/stm32h7xx_hal_rcc_ex.c:0:0
	vcvt.f32.u32	s4, s4
.Ltmp847:
	.loc	5 2988 129                      @ ../Drivers/STM32H7xx_HAL_Driver/Src/stm32h7xx_hal_rcc_ex.c:2988:129
	adds	r1, #1
.Ltmp848:
	.loc	5 0 0                           @ ../Drivers/STM32H7xx_HAL_Driver/Src/stm32h7xx_hal_rcc_ex.c:0:0
	vmla.f32	s4, s0, s6
	vmov	s0, r12
.Ltmp849:
	vmov.f32	s6, #1.000000e+00
	vcvt.f32.u32	s0, s0
	vdiv.f32	s0, s2, s0
	vadd.f32	s2, s4, s6
	vmul.f32	s0, s0, s2
.Ltmp850:
	@DEBUG_VALUE: HAL_RCCEx_GetPLL2ClockFreq:pll2vco <- $s0
	.loc	5 2988 129                      @ ../Drivers/STM32H7xx_HAL_Driver/Src/stm32h7xx_hal_rcc_ex.c:2988:129
	vmov	s2, r1
	vcvt.f32.u32	s2, s2
	.loc	5 2988 65                       @ ../Drivers/STM32H7xx_HAL_Driver/Src/stm32h7xx_hal_rcc_ex.c:2988:65
	vdiv.f32	s2, s0, s2
	.loc	5 2988 35                       @ ../Drivers/STM32H7xx_HAL_Driver/Src/stm32h7xx_hal_rcc_ex.c:2988:35
	vcvt.u32.f32	s2, s2
	vstr	s2, [r0]
	.loc	5 2989 94 is_stmt 1             @ ../Drivers/STM32H7xx_HAL_Driver/Src/stm32h7xx_hal_rcc_ex.c:2989:94
	ldr.w	r1, [lr]
	.loc	5 2989 122 is_stmt 0            @ ../Drivers/STM32H7xx_HAL_Driver/Src/stm32h7xx_hal_rcc_ex.c:2989:122
	ubfx	r1, r1, #16, #7
	.loc	5 2989 129                      @ ../Drivers/STM32H7xx_HAL_Driver/Src/stm32h7xx_hal_rcc_ex.c:2989:129
	adds	r1, #1
	vmov	s2, r1
	vcvt.f32.u32	s2, s2
	.loc	5 2989 65                       @ ../Drivers/STM32H7xx_HAL_Driver/Src/stm32h7xx_hal_rcc_ex.c:2989:65
	vdiv.f32	s2, s0, s2
	.loc	5 2989 35                       @ ../Drivers/STM32H7xx_HAL_Driver/Src/stm32h7xx_hal_rcc_ex.c:2989:35
	vcvt.u32.f32	s2, s2
	vstr	s2, [r0, #4]
	.loc	5 2990 94 is_stmt 1             @ ../Drivers/STM32H7xx_HAL_Driver/Src/stm32h7xx_hal_rcc_ex.c:2990:94
	ldr.w	r1, [lr]
	.loc	5 2990 122 is_stmt 0            @ ../Drivers/STM32H7xx_HAL_Driver/Src/stm32h7xx_hal_rcc_ex.c:2990:122
	ubfx	r1, r1, #24, #7
	.loc	5 2990 129                      @ ../Drivers/STM32H7xx_HAL_Driver/Src/stm32h7xx_hal_rcc_ex.c:2990:129
	adds	r1, #1
	vmov	s2, r1
	vcvt.f32.u32	s2, s2
	.loc	5 2990 65                       @ ../Drivers/STM32H7xx_HAL_Driver/Src/stm32h7xx_hal_rcc_ex.c:2990:65
	vdiv.f32	s0, s0, s2
.Ltmp851:
	.loc	5 2990 37                       @ ../Drivers/STM32H7xx_HAL_Driver/Src/stm32h7xx_hal_rcc_ex.c:2990:37
	vcvt.u32.f32	s0, s0
	vmov	r1, s0
.Ltmp852:
	.loc	5 0 0                           @ ../Drivers/STM32H7xx_HAL_Driver/Src/stm32h7xx_hal_rcc_ex.c:0:0
	str	r1, [r0, #8]
.Ltmp853:
	.loc	5 2998 1 epilogue_begin is_stmt 1 @ ../Drivers/STM32H7xx_HAL_Driver/Src/stm32h7xx_hal_rcc_ex.c:2998:1
	pop	{r7, pc}
.Ltmp854:
	.loc	5 0 1 is_stmt 0                 @ :0:1
.Ltmp855:
	.p2align	2
@ %bb.9:
.LCPI6_0:
	.long	0x4a742400                      @ float 4.0E+6
.LCPI6_1:
	.long	0x4bbebc20                      @ float 2.5E+7
.LCPI6_2:
	.long	0x4c742400                      @ float 6.4E+7
.LCPI6_3:
	.long	0x39000000                      @ float 1.22070313E-4
.Lfunc_end6:
	.size	HAL_RCCEx_GetPLL2ClockFreq, .Lfunc_end6-HAL_RCCEx_GetPLL2ClockFreq
	.cfi_endproc
	.cantunwind
	.fnend
                                        @ -- End function
	.section	.text.HAL_RCCEx_GetPLL3ClockFreq,"ax",%progbits
	.hidden	HAL_RCCEx_GetPLL3ClockFreq      @ -- Begin function HAL_RCCEx_GetPLL3ClockFreq
	.globl	HAL_RCCEx_GetPLL3ClockFreq
	.p2align	3
	.type	HAL_RCCEx_GetPLL3ClockFreq,%function
	.code	16                              @ @HAL_RCCEx_GetPLL3ClockFreq
	.thumb_func
HAL_RCCEx_GetPLL3ClockFreq:
.Lfunc_begin7:
	.loc	5 3015 0 is_stmt 1              @ ../Drivers/STM32H7xx_HAL_Driver/Src/stm32h7xx_hal_rcc_ex.c:3015:0
	.fnstart
	.cfi_startproc
@ %bb.0:
	@DEBUG_VALUE: HAL_RCCEx_GetPLL3ClockFreq:PLL3_Clocks <- $r0
	.save	{r7, lr}
	push	{r7, lr}
	.cfi_def_cfa_offset 8
	.cfi_offset lr, -4
	.cfi_offset r7, -8
	movw	lr, #17472
	movt	lr, #22530
.Ltmp856:
	.loc	5 3022 21 prologue_end          @ ../Drivers/STM32H7xx_HAL_Driver/Src/stm32h7xx_hal_rcc_ex.c:3022:21
	ldr	r3, [lr, #-24]
.Ltmp857:
	@DEBUG_VALUE: HAL_RCCEx_GetPLL3ClockFreq:pllsource <- [DW_OP_constu 3, DW_OP_and, DW_OP_stack_value] $r3
	.loc	5 3023 18                       @ ../Drivers/STM32H7xx_HAL_Driver/Src/stm32h7xx_hal_rcc_ex.c:3023:18
	ldr	r1, [lr, #-24]
	.loc	5 3024 22                       @ ../Drivers/STM32H7xx_HAL_Driver/Src/stm32h7xx_hal_rcc_ex.c:3024:22
	ldr	r2, [lr, #-20]
.Ltmp858:
	@DEBUG_VALUE: HAL_RCCEx_GetPLL3ClockFreq:pll3fracen <- [DW_OP_constu 8, DW_OP_shr, DW_OP_constu 1, DW_OP_and, DW_OP_stack_value] $r2
	.loc	5 3023 51                       @ ../Drivers/STM32H7xx_HAL_Driver/Src/stm32h7xx_hal_rcc_ex.c:3023:51
	ubfx	r12, r1, #20, #6
.Ltmp859:
	@DEBUG_VALUE: HAL_RCCEx_GetPLL3ClockFreq:pll3m <- $r12
	.loc	5 3025 52                       @ ../Drivers/STM32H7xx_HAL_Driver/Src/stm32h7xx_hal_rcc_ex.c:3025:52
	ldr.w	r1, [lr, #4]
.Ltmp860:
	@DEBUG_VALUE: HAL_RCCEx_GetPLL3ClockFreq:fracn3 <- undef
	.loc	5 3027 7                        @ ../Drivers/STM32H7xx_HAL_Driver/Src/stm32h7xx_hal_rcc_ex.c:3027:7
	cmp.w	r12, #0
	beq	.LBB7_5
.Ltmp861:
@ %bb.1:
	@DEBUG_VALUE: HAL_RCCEx_GetPLL3ClockFreq:pll3m <- $r12
	@DEBUG_VALUE: HAL_RCCEx_GetPLL3ClockFreq:pll3fracen <- [DW_OP_constu 8, DW_OP_shr, DW_OP_constu 1, DW_OP_and, DW_OP_stack_value] $r2
	@DEBUG_VALUE: HAL_RCCEx_GetPLL3ClockFreq:pllsource <- [DW_OP_constu 3, DW_OP_and, DW_OP_stack_value] $r3
	@DEBUG_VALUE: HAL_RCCEx_GetPLL3ClockFreq:PLL3_Clocks <- $r0
	.loc	5 0 0 is_stmt 0                 @ ../Drivers/STM32H7xx_HAL_Driver/Src/stm32h7xx_hal_rcc_ex.c:0:0
	lsrs	r1, r1, #3
	vldr	s2, .LCPI7_0
	lsls	r2, r2, #23
.Ltmp862:
	and.w	r1, r1, r2, asr #31
	.loc	5 3022 31 is_stmt 1             @ ../Drivers/STM32H7xx_HAL_Driver/Src/stm32h7xx_hal_rcc_ex.c:3022:31
	and	r2, r3, #3
.Ltmp863:
	@DEBUG_VALUE: HAL_RCCEx_GetPLL3ClockFreq:pllsource <- $r2
	.loc	5 0 0 is_stmt 0                 @ ../Drivers/STM32H7xx_HAL_Driver/Src/stm32h7xx_hal_rcc_ex.c:0:0
	bfc	r1, #13, #19
	vmov	s0, r1
	vcvt.f32.u32	s0, s0
.Ltmp864:
	@DEBUG_VALUE: HAL_RCCEx_GetPLL3ClockFreq:fracn3 <- $s0
	.loc	5 3029 5 is_stmt 1              @ ../Drivers/STM32H7xx_HAL_Driver/Src/stm32h7xx_hal_rcc_ex.c:3029:5
.LCPI7_4:
	tbb	[pc, r2]
.Ltmp865:
@ %bb.2:
	.loc	5 0 5 is_stmt 0                 @ ../Drivers/STM32H7xx_HAL_Driver/Src/stm32h7xx_hal_rcc_ex.c:0:5
.LJTI7_0:
	.byte	(.LBB7_3-(.LCPI7_4+4))/2
	.byte	(.LBB7_8-(.LCPI7_4+4))/2
	.byte	(.LBB7_6-(.LCPI7_4+4))/2
	.byte	(.LBB7_8-(.LCPI7_4+4))/2
	.p2align	1
	.p2align	2
.LBB7_3:
.Ltmp866:
	@DEBUG_VALUE: HAL_RCCEx_GetPLL3ClockFreq:fracn3 <- $s0
	@DEBUG_VALUE: HAL_RCCEx_GetPLL3ClockFreq:pllsource <- $r2
	@DEBUG_VALUE: HAL_RCCEx_GetPLL3ClockFreq:pll3m <- $r12
	@DEBUG_VALUE: HAL_RCCEx_GetPLL3ClockFreq:PLL3_Clocks <- $r0
	.loc	5 3033 13 is_stmt 1             @ ../Drivers/STM32H7xx_HAL_Driver/Src/stm32h7xx_hal_rcc_ex.c:3033:13
	ldr	r1, [lr, #-64]
.Ltmp867:
	.loc	5 3033 13 is_stmt 0             @ ../Drivers/STM32H7xx_HAL_Driver/Src/stm32h7xx_hal_rcc_ex.c:3033:13
	lsls	r1, r1, #26
	bmi	.LBB7_7
.Ltmp868:
@ %bb.4:
	@DEBUG_VALUE: HAL_RCCEx_GetPLL3ClockFreq:fracn3 <- $s0
	@DEBUG_VALUE: HAL_RCCEx_GetPLL3ClockFreq:pllsource <- $r2
	@DEBUG_VALUE: HAL_RCCEx_GetPLL3ClockFreq:pll3m <- $r12
	@DEBUG_VALUE: HAL_RCCEx_GetPLL3ClockFreq:PLL3_Clocks <- $r0
	.loc	5 0 13                          @ ../Drivers/STM32H7xx_HAL_Driver/Src/stm32h7xx_hal_rcc_ex.c:0:13
	vldr	s2, .LCPI7_2
	.loc	5 3033 13                       @ ../Drivers/STM32H7xx_HAL_Driver/Src/stm32h7xx_hal_rcc_ex.c:3033:13
	b	.LBB7_8
.Ltmp869:
	.loc	5 0 13                          @ :0:13
.Ltmp870:
	.p2align	2
.LBB7_5:
	@DEBUG_VALUE: HAL_RCCEx_GetPLL3ClockFreq:pll3m <- $r12
	@DEBUG_VALUE: HAL_RCCEx_GetPLL3ClockFreq:pll3fracen <- [DW_OP_constu 8, DW_OP_shr, DW_OP_constu 1, DW_OP_and, DW_OP_stack_value] $r2
	@DEBUG_VALUE: HAL_RCCEx_GetPLL3ClockFreq:pllsource <- [DW_OP_constu 3, DW_OP_and, DW_OP_stack_value] $r3
	@DEBUG_VALUE: HAL_RCCEx_GetPLL3ClockFreq:PLL3_Clocks <- $r0
	movs	r1, #0
	str	r1, [r0, #8]
.Ltmp871:
	.loc	5 3061 35 is_stmt 1             @ ../Drivers/STM32H7xx_HAL_Driver/Src/stm32h7xx_hal_rcc_ex.c:3061:35
	strd	r1, r1, [r0]
.Ltmp872:
	.loc	5 3066 1 epilogue_begin         @ ../Drivers/STM32H7xx_HAL_Driver/Src/stm32h7xx_hal_rcc_ex.c:3066:1
	pop	{r7, pc}
.Ltmp873:
	.loc	5 0 1 is_stmt 0                 @ :0:1
.Ltmp874:
	.p2align	2
.LBB7_6:
	@DEBUG_VALUE: HAL_RCCEx_GetPLL3ClockFreq:fracn3 <- $s0
	@DEBUG_VALUE: HAL_RCCEx_GetPLL3ClockFreq:pllsource <- $r2
	@DEBUG_VALUE: HAL_RCCEx_GetPLL3ClockFreq:pll3m <- $r12
	@DEBUG_VALUE: HAL_RCCEx_GetPLL3ClockFreq:PLL3_Clocks <- $r0
	vldr	s2, .LCPI7_1
	b	.LBB7_8
.Ltmp875:
	.p2align	2
.LBB7_7:
	@DEBUG_VALUE: HAL_RCCEx_GetPLL3ClockFreq:fracn3 <- $s0
	@DEBUG_VALUE: HAL_RCCEx_GetPLL3ClockFreq:pllsource <- $r2
	@DEBUG_VALUE: HAL_RCCEx_GetPLL3ClockFreq:pll3m <- $r12
	@DEBUG_VALUE: HAL_RCCEx_GetPLL3ClockFreq:PLL3_Clocks <- $r0
	.loc	5 3035 37 is_stmt 1             @ ../Drivers/STM32H7xx_HAL_Driver/Src/stm32h7xx_hal_rcc_ex.c:3035:37
	ldr	r1, [lr, #-64]
	movw	r2, #36864
.Ltmp876:
	.loc	5 0 37 is_stmt 0                @ ../Drivers/STM32H7xx_HAL_Driver/Src/stm32h7xx_hal_rcc_ex.c:0:37
	movt	r2, #976
	.loc	5 3035 65                       @ ../Drivers/STM32H7xx_HAL_Driver/Src/stm32h7xx_hal_rcc_ex.c:3035:65
	ubfx	r1, r1, #3, #2
	.loc	5 3035 33                       @ ../Drivers/STM32H7xx_HAL_Driver/Src/stm32h7xx_hal_rcc_ex.c:3035:33
	lsr.w	r1, r2, r1
.Ltmp877:
	@DEBUG_VALUE: HAL_RCCEx_GetPLL3ClockFreq:hsivalue <- $r1
	.loc	5 3036 22 is_stmt 1             @ ../Drivers/STM32H7xx_HAL_Driver/Src/stm32h7xx_hal_rcc_ex.c:3036:22
	vmov	s2, r1
.Ltmp878:
	@DEBUG_VALUE: HAL_RCCEx_GetPLL3ClockFreq:hsivalue <- $s2
	vcvt.f32.u32	s2, s2
.Ltmp879:
.LBB7_8:
	@DEBUG_VALUE: HAL_RCCEx_GetPLL3ClockFreq:fracn3 <- $s0
	@DEBUG_VALUE: HAL_RCCEx_GetPLL3ClockFreq:pll3m <- $r12
	@DEBUG_VALUE: HAL_RCCEx_GetPLL3ClockFreq:PLL3_Clocks <- $r0
	.loc	5 0 0 is_stmt 0                 @ ../Drivers/STM32H7xx_HAL_Driver/Src/stm32h7xx_hal_rcc_ex.c:0:0
	ldr.w	r1, [lr]
	vldr	s6, .LCPI7_3
	bfc	r1, #9, #23
	vmov	s4, r1
.Ltmp880:
	.loc	5 3055 94 is_stmt 1             @ ../Drivers/STM32H7xx_HAL_Driver/Src/stm32h7xx_hal_rcc_ex.c:3055:94
	ldr.w	r1, [lr]
	.loc	5 3055 122 is_stmt 0            @ ../Drivers/STM32H7xx_HAL_Driver/Src/stm32h7xx_hal_rcc_ex.c:3055:122
	ubfx	r1, r1, #9, #7
.Ltmp881:
	.loc	5 0 0                           @ ../Drivers/STM32H7xx_HAL_Driver/Src/stm32h7xx_hal_rcc_ex.c:0:0
	vcvt.f32.u32	s4, s4
.Ltmp882:
	.loc	5 3055 129                      @ ../Drivers/STM32H7xx_HAL_Driver/Src/stm32h7xx_hal_rcc_ex.c:3055:129
	adds	r1, #1
.Ltmp883:
	.loc	5 0 0                           @ ../Drivers/STM32H7xx_HAL_Driver/Src/stm32h7xx_hal_rcc_ex.c:0:0
	vmla.f32	s4, s0, s6
	vmov	s0, r12
.Ltmp884:
	vmov.f32	s6, #1.000000e+00
	vcvt.f32.u32	s0, s0
	vdiv.f32	s0, s2, s0
	vadd.f32	s2, s4, s6
	vmul.f32	s0, s0, s2
.Ltmp885:
	@DEBUG_VALUE: HAL_RCCEx_GetPLL3ClockFreq:pll3vco <- $s0
	.loc	5 3055 129                      @ ../Drivers/STM32H7xx_HAL_Driver/Src/stm32h7xx_hal_rcc_ex.c:3055:129
	vmov	s2, r1
	vcvt.f32.u32	s2, s2
	.loc	5 3055 65                       @ ../Drivers/STM32H7xx_HAL_Driver/Src/stm32h7xx_hal_rcc_ex.c:3055:65
	vdiv.f32	s2, s0, s2
	.loc	5 3055 35                       @ ../Drivers/STM32H7xx_HAL_Driver/Src/stm32h7xx_hal_rcc_ex.c:3055:35
	vcvt.u32.f32	s2, s2
	vstr	s2, [r0]
	.loc	5 3056 94 is_stmt 1             @ ../Drivers/STM32H7xx_HAL_Driver/Src/stm32h7xx_hal_rcc_ex.c:3056:94
	ldr.w	r1, [lr]
	.loc	5 3056 122 is_stmt 0            @ ../Drivers/STM32H7xx_HAL_Driver/Src/stm32h7xx_hal_rcc_ex.c:3056:122
	ubfx	r1, r1, #16, #7
	.loc	5 3056 129                      @ ../Drivers/STM32H7xx_HAL_Driver/Src/stm32h7xx_hal_rcc_ex.c:3056:129
	adds	r1, #1
	vmov	s2, r1
	vcvt.f32.u32	s2, s2
	.loc	5 3056 65                       @ ../Drivers/STM32H7xx_HAL_Driver/Src/stm32h7xx_hal_rcc_ex.c:3056:65
	vdiv.f32	s2, s0, s2
	.loc	5 3056 35                       @ ../Drivers/STM32H7xx_HAL_Driver/Src/stm32h7xx_hal_rcc_ex.c:3056:35
	vcvt.u32.f32	s2, s2
	vstr	s2, [r0, #4]
	.loc	5 3057 94 is_stmt 1             @ ../Drivers/STM32H7xx_HAL_Driver/Src/stm32h7xx_hal_rcc_ex.c:3057:94
	ldr.w	r1, [lr]
	.loc	5 3057 122 is_stmt 0            @ ../Drivers/STM32H7xx_HAL_Driver/Src/stm32h7xx_hal_rcc_ex.c:3057:122
	ubfx	r1, r1, #24, #7
	.loc	5 3057 129                      @ ../Drivers/STM32H7xx_HAL_Driver/Src/stm32h7xx_hal_rcc_ex.c:3057:129
	adds	r1, #1
	vmov	s2, r1
	vcvt.f32.u32	s2, s2
	.loc	5 3057 65                       @ ../Drivers/STM32H7xx_HAL_Driver/Src/stm32h7xx_hal_rcc_ex.c:3057:65
	vdiv.f32	s0, s0, s2
.Ltmp886:
	.loc	5 3057 37                       @ ../Drivers/STM32H7xx_HAL_Driver/Src/stm32h7xx_hal_rcc_ex.c:3057:37
	vcvt.u32.f32	s0, s0
	vmov	r1, s0
.Ltmp887:
	.loc	5 0 0                           @ ../Drivers/STM32H7xx_HAL_Driver/Src/stm32h7xx_hal_rcc_ex.c:0:0
	str	r1, [r0, #8]
.Ltmp888:
	.loc	5 3066 1 epilogue_begin is_stmt 1 @ ../Drivers/STM32H7xx_HAL_Driver/Src/stm32h7xx_hal_rcc_ex.c:3066:1
	pop	{r7, pc}
.Ltmp889:
	.loc	5 0 1 is_stmt 0                 @ :0:1
.Ltmp890:
	.p2align	2
@ %bb.9:
.LCPI7_0:
	.long	0x4a742400                      @ float 4.0E+6
.LCPI7_1:
	.long	0x4bbebc20                      @ float 2.5E+7
.LCPI7_2:
	.long	0x4c742400                      @ float 6.4E+7
.LCPI7_3:
	.long	0x39000000                      @ float 1.22070313E-4
.Lfunc_end7:
	.size	HAL_RCCEx_GetPLL3ClockFreq, .Lfunc_end7-HAL_RCCEx_GetPLL3ClockFreq
	.cfi_endproc
	.cantunwind
	.fnend
                                        @ -- End function
	.section	.text.HAL_RCCEx_GetD3PCLK1Freq,"ax",%progbits
	.hidden	HAL_RCCEx_GetD3PCLK1Freq        @ -- Begin function HAL_RCCEx_GetD3PCLK1Freq
	.globl	HAL_RCCEx_GetD3PCLK1Freq
	.p2align	3
	.type	HAL_RCCEx_GetD3PCLK1Freq,%function
	.code	16                              @ @HAL_RCCEx_GetD3PCLK1Freq
	.thumb_func
HAL_RCCEx_GetD3PCLK1Freq:
.Lfunc_begin8:
	.loc	5 2922 0 is_stmt 1              @ ../Drivers/STM32H7xx_HAL_Driver/Src/stm32h7xx_hal_rcc_ex.c:2922:0
	.fnstart
	.cfi_startproc
@ %bb.0:
	.save	{r7, lr}
	push	{r7, lr}
	.cfi_def_cfa_offset 8
	.cfi_offset lr, -4
	.cfi_offset r7, -8
.Ltmp891:
	.loc	5 2925 11 prologue_end          @ ../Drivers/STM32H7xx_HAL_Driver/Src/stm32h7xx_hal_rcc_ex.c:2925:11
	bl	HAL_RCC_GetHCLKFreq
.Ltmp892:
	.loc	5 0 11 is_stmt 0                @ ../Drivers/STM32H7xx_HAL_Driver/Src/stm32h7xx_hal_rcc_ex.c:0:11
	movw	r1, #17440
	.loc	5 2925 37                       @ ../Drivers/STM32H7xx_HAL_Driver/Src/stm32h7xx_hal_rcc_ex.c:2925:37
	movw	r2, :lower16:D1CorePrescTable
	movt	r1, #22530
	movt	r2, :upper16:D1CorePrescTable
	.loc	5 2925 60                       @ ../Drivers/STM32H7xx_HAL_Driver/Src/stm32h7xx_hal_rcc_ex.c:2925:60
	ldr	r1, [r1]
	.loc	5 2925 88                       @ ../Drivers/STM32H7xx_HAL_Driver/Src/stm32h7xx_hal_rcc_ex.c:2925:88
	ubfx	r1, r1, #4, #3
	.loc	5 2925 37                       @ ../Drivers/STM32H7xx_HAL_Driver/Src/stm32h7xx_hal_rcc_ex.c:2925:37
	ldrb	r1, [r2, r1]
	.loc	5 2925 114                      @ ../Drivers/STM32H7xx_HAL_Driver/Src/stm32h7xx_hal_rcc_ex.c:2925:114
	and	r1, r1, #31
	.loc	5 2925 33                       @ ../Drivers/STM32H7xx_HAL_Driver/Src/stm32h7xx_hal_rcc_ex.c:2925:33
	lsrs	r0, r1
	.loc	5 2925 3 epilogue_begin         @ ../Drivers/STM32H7xx_HAL_Driver/Src/stm32h7xx_hal_rcc_ex.c:2925:3
	pop	{r7, pc}
.Ltmp893:
.Lfunc_end8:
	.size	HAL_RCCEx_GetD3PCLK1Freq, .Lfunc_end8-HAL_RCCEx_GetD3PCLK1Freq
	.cfi_endproc
	.cantunwind
	.fnend
                                        @ -- End function
	.section	.text.HAL_RCCEx_GetD1PCLK1Freq,"ax",%progbits
	.hidden	HAL_RCCEx_GetD1PCLK1Freq        @ -- Begin function HAL_RCCEx_GetD1PCLK1Freq
	.globl	HAL_RCCEx_GetD1PCLK1Freq
	.p2align	3
	.type	HAL_RCCEx_GetD1PCLK1Freq,%function
	.code	16                              @ @HAL_RCCEx_GetD1PCLK1Freq
	.thumb_func
HAL_RCCEx_GetD1PCLK1Freq:
.Lfunc_begin9:
	.loc	5 2905 0 is_stmt 1              @ ../Drivers/STM32H7xx_HAL_Driver/Src/stm32h7xx_hal_rcc_ex.c:2905:0
	.fnstart
	.cfi_startproc
@ %bb.0:
	.save	{r7, lr}
	push	{r7, lr}
	.cfi_def_cfa_offset 8
	.cfi_offset lr, -4
	.cfi_offset r7, -8
.Ltmp894:
	.loc	5 2908 11 prologue_end          @ ../Drivers/STM32H7xx_HAL_Driver/Src/stm32h7xx_hal_rcc_ex.c:2908:11
	bl	HAL_RCC_GetHCLKFreq
.Ltmp895:
	.loc	5 0 11 is_stmt 0                @ ../Drivers/STM32H7xx_HAL_Driver/Src/stm32h7xx_hal_rcc_ex.c:0:11
	movw	r1, #17432
	.loc	5 2908 37                       @ ../Drivers/STM32H7xx_HAL_Driver/Src/stm32h7xx_hal_rcc_ex.c:2908:37
	movw	r2, :lower16:D1CorePrescTable
	movt	r1, #22530
	movt	r2, :upper16:D1CorePrescTable
	.loc	5 2908 60                       @ ../Drivers/STM32H7xx_HAL_Driver/Src/stm32h7xx_hal_rcc_ex.c:2908:60
	ldr	r1, [r1]
	.loc	5 2908 88                       @ ../Drivers/STM32H7xx_HAL_Driver/Src/stm32h7xx_hal_rcc_ex.c:2908:88
	ubfx	r1, r1, #4, #3
	.loc	5 2908 37                       @ ../Drivers/STM32H7xx_HAL_Driver/Src/stm32h7xx_hal_rcc_ex.c:2908:37
	ldrb	r1, [r2, r1]
	.loc	5 2908 114                      @ ../Drivers/STM32H7xx_HAL_Driver/Src/stm32h7xx_hal_rcc_ex.c:2908:114
	and	r1, r1, #31
	.loc	5 2908 33                       @ ../Drivers/STM32H7xx_HAL_Driver/Src/stm32h7xx_hal_rcc_ex.c:2908:33
	lsrs	r0, r1
	.loc	5 2908 3 epilogue_begin         @ ../Drivers/STM32H7xx_HAL_Driver/Src/stm32h7xx_hal_rcc_ex.c:2908:3
	pop	{r7, pc}
.Ltmp896:
.Lfunc_end9:
	.size	HAL_RCCEx_GetD1PCLK1Freq, .Lfunc_end9-HAL_RCCEx_GetD1PCLK1Freq
	.cfi_endproc
	.cantunwind
	.fnend
                                        @ -- End function
	.section	.text.HAL_RCCEx_GetD1SysClockFreq,"ax",%progbits
	.hidden	HAL_RCCEx_GetD1SysClockFreq     @ -- Begin function HAL_RCCEx_GetD1SysClockFreq
	.globl	HAL_RCCEx_GetD1SysClockFreq
	.p2align	3
	.type	HAL_RCCEx_GetD1SysClockFreq,%function
	.code	16                              @ @HAL_RCCEx_GetD1SysClockFreq
	.thumb_func
HAL_RCCEx_GetD1SysClockFreq:
.Lfunc_begin10:
	.loc	5 3144 0 is_stmt 1              @ ../Drivers/STM32H7xx_HAL_Driver/Src/stm32h7xx_hal_rcc_ex.c:3144:0
	.fnstart
	.cfi_startproc
@ %bb.0:
	.save	{r7, lr}
	push	{r7, lr}
	.cfi_def_cfa_offset 8
	.cfi_offset lr, -4
	.cfi_offset r7, -8
.Ltmp897:
	.loc	5 3148 25 prologue_end          @ ../Drivers/STM32H7xx_HAL_Driver/Src/stm32h7xx_hal_rcc_ex.c:3148:25
	bl	HAL_RCC_GetSysClockFreq
.Ltmp898:
	.loc	5 0 25 is_stmt 0                @ ../Drivers/STM32H7xx_HAL_Driver/Src/stm32h7xx_hal_rcc_ex.c:0:25
	movw	r1, #17432
	.loc	5 3148 55                       @ ../Drivers/STM32H7xx_HAL_Driver/Src/stm32h7xx_hal_rcc_ex.c:3148:55
	movw	r3, :lower16:D1CorePrescTable
	movt	r1, #22530
	movt	r3, :upper16:D1CorePrescTable
	.loc	5 3148 78                       @ ../Drivers/STM32H7xx_HAL_Driver/Src/stm32h7xx_hal_rcc_ex.c:3148:78
	ldr	r2, [r1]
	.loc	5 3148 106                      @ ../Drivers/STM32H7xx_HAL_Driver/Src/stm32h7xx_hal_rcc_ex.c:3148:106
	ubfx	r2, r2, #8, #4
	.loc	5 3148 55                       @ ../Drivers/STM32H7xx_HAL_Driver/Src/stm32h7xx_hal_rcc_ex.c:3148:55
	ldrb	r2, [r3, r2]
	.loc	5 3155 68 is_stmt 1             @ ../Drivers/STM32H7xx_HAL_Driver/Src/stm32h7xx_hal_rcc_ex.c:3155:68
	ldr	r1, [r1]
	.loc	5 3155 75 is_stmt 0             @ ../Drivers/STM32H7xx_HAL_Driver/Src/stm32h7xx_hal_rcc_ex.c:3155:75
	and	r1, r1, #15
	.loc	5 3148 132 is_stmt 1            @ ../Drivers/STM32H7xx_HAL_Driver/Src/stm32h7xx_hal_rcc_ex.c:3148:132
	and	r2, r2, #31
	.loc	5 3155 45                       @ ../Drivers/STM32H7xx_HAL_Driver/Src/stm32h7xx_hal_rcc_ex.c:3155:45
	ldrb	r1, [r3, r1]
	.loc	5 3148 51                       @ ../Drivers/STM32H7xx_HAL_Driver/Src/stm32h7xx_hal_rcc_ex.c:3148:51
	lsrs	r0, r2
.Ltmp899:
	@DEBUG_VALUE: HAL_RCCEx_GetD1SysClockFreq:common_system_clock <- $r0
	.loc	5 3155 17                       @ ../Drivers/STM32H7xx_HAL_Driver/Src/stm32h7xx_hal_rcc_ex.c:3155:17
	movw	r2, :lower16:SystemD2Clock
	movt	r2, :upper16:SystemD2Clock
	.loc	5 3155 119 is_stmt 0            @ ../Drivers/STM32H7xx_HAL_Driver/Src/stm32h7xx_hal_rcc_ex.c:3155:119
	and	r1, r1, #31
	.loc	5 3155 40                       @ ../Drivers/STM32H7xx_HAL_Driver/Src/stm32h7xx_hal_rcc_ex.c:3155:40
	lsr.w	r1, r0, r1
	.loc	5 3155 17                       @ ../Drivers/STM32H7xx_HAL_Driver/Src/stm32h7xx_hal_rcc_ex.c:3155:17
	str	r1, [r2]
	.loc	5 3163 19 is_stmt 1             @ ../Drivers/STM32H7xx_HAL_Driver/Src/stm32h7xx_hal_rcc_ex.c:3163:19
	movw	r1, :lower16:SystemCoreClock
	movt	r1, :upper16:SystemCoreClock
	str	r0, [r1]
	.loc	5 3166 3 epilogue_begin         @ ../Drivers/STM32H7xx_HAL_Driver/Src/stm32h7xx_hal_rcc_ex.c:3166:3
	pop	{r7, pc}
.Ltmp900:
.Lfunc_end10:
	.size	HAL_RCCEx_GetD1SysClockFreq, .Lfunc_end10-HAL_RCCEx_GetD1SysClockFreq
	.cfi_endproc
	.cantunwind
	.fnend
                                        @ -- End function
	.section	.text.HAL_RCCEx_EnableLSECSS,"ax",%progbits
	.hidden	HAL_RCCEx_EnableLSECSS          @ -- Begin function HAL_RCCEx_EnableLSECSS
	.globl	HAL_RCCEx_EnableLSECSS
	.p2align	3
	.type	HAL_RCCEx_EnableLSECSS,%function
	.code	16                              @ @HAL_RCCEx_EnableLSECSS
	.thumb_func
HAL_RCCEx_EnableLSECSS:
.Lfunc_begin11:
	.loc	5 3184 0                        @ ../Drivers/STM32H7xx_HAL_Driver/Src/stm32h7xx_hal_rcc_ex.c:3184:0
	.fnstart
	.cfi_startproc
@ %bb.0:
	movw	r0, #17520
	movt	r0, #22530
.Ltmp901:
	.loc	5 3185 3 prologue_end           @ ../Drivers/STM32H7xx_HAL_Driver/Src/stm32h7xx_hal_rcc_ex.c:3185:3
	ldr	r1, [r0]
	orr	r1, r1, #32
	str	r1, [r0]
	.loc	5 3186 1                        @ ../Drivers/STM32H7xx_HAL_Driver/Src/stm32h7xx_hal_rcc_ex.c:3186:1
	bx	lr
.Ltmp902:
.Lfunc_end11:
	.size	HAL_RCCEx_EnableLSECSS, .Lfunc_end11-HAL_RCCEx_EnableLSECSS
	.cfi_endproc
	.cantunwind
	.fnend
                                        @ -- End function
	.section	.text.HAL_RCCEx_DisableLSECSS,"ax",%progbits
	.hidden	HAL_RCCEx_DisableLSECSS         @ -- Begin function HAL_RCCEx_DisableLSECSS
	.globl	HAL_RCCEx_DisableLSECSS
	.p2align	3
	.type	HAL_RCCEx_DisableLSECSS,%function
	.code	16                              @ @HAL_RCCEx_DisableLSECSS
	.thumb_func
HAL_RCCEx_DisableLSECSS:
.Lfunc_begin12:
	.loc	5 3194 0                        @ ../Drivers/STM32H7xx_HAL_Driver/Src/stm32h7xx_hal_rcc_ex.c:3194:0
	.fnstart
	.cfi_startproc
@ %bb.0:
	movw	r0, #17504
	movt	r0, #22530
.Ltmp903:
	.loc	5 3195 3 prologue_end           @ ../Drivers/STM32H7xx_HAL_Driver/Src/stm32h7xx_hal_rcc_ex.c:3195:3
	ldr	r1, [r0, #16]
	bic	r1, r1, #32
	str	r1, [r0, #16]
	.loc	5 3197 3                        @ ../Drivers/STM32H7xx_HAL_Driver/Src/stm32h7xx_hal_rcc_ex.c:3197:3
	ldr	r1, [r0]
	bic	r1, r1, #512
	str	r1, [r0]
	.loc	5 3198 1                        @ ../Drivers/STM32H7xx_HAL_Driver/Src/stm32h7xx_hal_rcc_ex.c:3198:1
	bx	lr
.Ltmp904:
.Lfunc_end12:
	.size	HAL_RCCEx_DisableLSECSS, .Lfunc_end12-HAL_RCCEx_DisableLSECSS
	.cfi_endproc
	.cantunwind
	.fnend
                                        @ -- End function
	.section	.text.HAL_RCCEx_EnableLSECSS_IT,"ax",%progbits
	.hidden	HAL_RCCEx_EnableLSECSS_IT       @ -- Begin function HAL_RCCEx_EnableLSECSS_IT
	.globl	HAL_RCCEx_EnableLSECSS_IT
	.p2align	3
	.type	HAL_RCCEx_EnableLSECSS_IT,%function
	.code	16                              @ @HAL_RCCEx_EnableLSECSS_IT
	.thumb_func
HAL_RCCEx_EnableLSECSS_IT:
.Lfunc_begin13:
	.loc	5 3206 0                        @ ../Drivers/STM32H7xx_HAL_Driver/Src/stm32h7xx_hal_rcc_ex.c:3206:0
	.fnstart
	.cfi_startproc
@ %bb.0:
	movw	r0, #17504
	mov.w	r2, #1476395008
	movt	r0, #22530
.Ltmp905:
	.loc	5 3208 3 prologue_end           @ ../Drivers/STM32H7xx_HAL_Driver/Src/stm32h7xx_hal_rcc_ex.c:3208:3
	ldr	r1, [r0, #16]
	orr	r1, r1, #32
	str	r1, [r0, #16]
	.loc	5 3211 3                        @ ../Drivers/STM32H7xx_HAL_Driver/Src/stm32h7xx_hal_rcc_ex.c:3211:3
	ldr	r1, [r0]
	orr	r1, r1, #512
	str	r1, [r0]
	movs	r0, #128
	movt	r0, #22528
	.loc	5 3217 3                        @ ../Drivers/STM32H7xx_HAL_Driver/Src/stm32h7xx_hal_rcc_ex.c:3217:3
	ldr	r1, [r0]
	orr	r1, r1, #262144
	str	r1, [r0]
	.loc	5 3219 3                        @ ../Drivers/STM32H7xx_HAL_Driver/Src/stm32h7xx_hal_rcc_ex.c:3219:3
	ldr	r0, [r2]
	orr	r0, r0, #262144
	str	r0, [r2]
	.loc	5 3220 1                        @ ../Drivers/STM32H7xx_HAL_Driver/Src/stm32h7xx_hal_rcc_ex.c:3220:1
	bx	lr
.Ltmp906:
.Lfunc_end13:
	.size	HAL_RCCEx_EnableLSECSS_IT, .Lfunc_end13-HAL_RCCEx_EnableLSECSS_IT
	.cfi_endproc
	.cantunwind
	.fnend
                                        @ -- End function
	.section	.text.HAL_RCCEx_WakeUpStopCLKConfig,"ax",%progbits
	.hidden	HAL_RCCEx_WakeUpStopCLKConfig   @ -- Begin function HAL_RCCEx_WakeUpStopCLKConfig
	.globl	HAL_RCCEx_WakeUpStopCLKConfig
	.p2align	3
	.type	HAL_RCCEx_WakeUpStopCLKConfig,%function
	.code	16                              @ @HAL_RCCEx_WakeUpStopCLKConfig
	.thumb_func
HAL_RCCEx_WakeUpStopCLKConfig:
.Lfunc_begin14:
	.loc	5 3233 0                        @ ../Drivers/STM32H7xx_HAL_Driver/Src/stm32h7xx_hal_rcc_ex.c:3233:0
	.fnstart
	.cfi_startproc
@ %bb.0:
	@DEBUG_VALUE: HAL_RCCEx_WakeUpStopCLKConfig:WakeUpClk <- $r0
	movw	r1, #17424
	movt	r1, #22530
.Ltmp907:
	.loc	5 3236 3 prologue_end           @ ../Drivers/STM32H7xx_HAL_Driver/Src/stm32h7xx_hal_rcc_ex.c:3236:3
	ldr	r2, [r1]
	bic	r2, r2, #64
	orrs	r0, r2
.Ltmp908:
	@DEBUG_VALUE: HAL_RCCEx_WakeUpStopCLKConfig:WakeUpClk <- [DW_OP_LLVM_entry_value 1] $r0
	str	r0, [r1]
	.loc	5 3237 1                        @ ../Drivers/STM32H7xx_HAL_Driver/Src/stm32h7xx_hal_rcc_ex.c:3237:1
	bx	lr
.Ltmp909:
.Lfunc_end14:
	.size	HAL_RCCEx_WakeUpStopCLKConfig, .Lfunc_end14-HAL_RCCEx_WakeUpStopCLKConfig
	.cfi_endproc
	.cantunwind
	.fnend
                                        @ -- End function
	.section	.text.HAL_RCCEx_KerWakeUpStopCLKConfig,"ax",%progbits
	.hidden	HAL_RCCEx_KerWakeUpStopCLKConfig @ -- Begin function HAL_RCCEx_KerWakeUpStopCLKConfig
	.globl	HAL_RCCEx_KerWakeUpStopCLKConfig
	.p2align	3
	.type	HAL_RCCEx_KerWakeUpStopCLKConfig,%function
	.code	16                              @ @HAL_RCCEx_KerWakeUpStopCLKConfig
	.thumb_func
HAL_RCCEx_KerWakeUpStopCLKConfig:
.Lfunc_begin15:
	.loc	5 3248 0                        @ ../Drivers/STM32H7xx_HAL_Driver/Src/stm32h7xx_hal_rcc_ex.c:3248:0
	.fnstart
	.cfi_startproc
@ %bb.0:
	@DEBUG_VALUE: HAL_RCCEx_KerWakeUpStopCLKConfig:WakeUpClk <- $r0
	movw	r1, #17424
	movt	r1, #22530
.Ltmp910:
	.loc	5 3251 3 prologue_end           @ ../Drivers/STM32H7xx_HAL_Driver/Src/stm32h7xx_hal_rcc_ex.c:3251:3
	ldr	r2, [r1]
	bic	r2, r2, #128
	orrs	r0, r2
.Ltmp911:
	@DEBUG_VALUE: HAL_RCCEx_KerWakeUpStopCLKConfig:WakeUpClk <- [DW_OP_LLVM_entry_value 1] $r0
	str	r0, [r1]
	.loc	5 3252 1                        @ ../Drivers/STM32H7xx_HAL_Driver/Src/stm32h7xx_hal_rcc_ex.c:3252:1
	bx	lr
.Ltmp912:
.Lfunc_end15:
	.size	HAL_RCCEx_KerWakeUpStopCLKConfig, .Lfunc_end15-HAL_RCCEx_KerWakeUpStopCLKConfig
	.cfi_endproc
	.cantunwind
	.fnend
                                        @ -- End function
	.section	.text.HAL_RCCEx_WWDGxSysResetConfig,"ax",%progbits
	.hidden	HAL_RCCEx_WWDGxSysResetConfig   @ -- Begin function HAL_RCCEx_WWDGxSysResetConfig
	.globl	HAL_RCCEx_WWDGxSysResetConfig
	.p2align	3
	.type	HAL_RCCEx_WWDGxSysResetConfig,%function
	.code	16                              @ @HAL_RCCEx_WWDGxSysResetConfig
	.thumb_func
HAL_RCCEx_WWDGxSysResetConfig:
.Lfunc_begin16:
	.loc	5 3302 0                        @ ../Drivers/STM32H7xx_HAL_Driver/Src/stm32h7xx_hal_rcc_ex.c:3302:0
	.fnstart
	.cfi_startproc
@ %bb.0:
	@DEBUG_VALUE: HAL_RCCEx_WWDGxSysResetConfig:RCC_WWDGx <- $r0
	movw	r1, #17568
	movt	r1, #22530
.Ltmp913:
	.loc	5 3304 3 prologue_end           @ ../Drivers/STM32H7xx_HAL_Driver/Src/stm32h7xx_hal_rcc_ex.c:3304:3
	ldr	r2, [r1]
	orrs	r0, r2
.Ltmp914:
	@DEBUG_VALUE: HAL_RCCEx_WWDGxSysResetConfig:RCC_WWDGx <- [DW_OP_LLVM_entry_value 1] $r0
	str	r0, [r1]
	.loc	5 3305 1                        @ ../Drivers/STM32H7xx_HAL_Driver/Src/stm32h7xx_hal_rcc_ex.c:3305:1
	bx	lr
.Ltmp915:
.Lfunc_end16:
	.size	HAL_RCCEx_WWDGxSysResetConfig, .Lfunc_end16-HAL_RCCEx_WWDGxSysResetConfig
	.cfi_endproc
	.cantunwind
	.fnend
                                        @ -- End function
	.section	.text.HAL_RCCEx_CRSConfig,"ax",%progbits
	.hidden	HAL_RCCEx_CRSConfig             @ -- Begin function HAL_RCCEx_CRSConfig
	.globl	HAL_RCCEx_CRSConfig
	.p2align	3
	.type	HAL_RCCEx_CRSConfig,%function
	.code	16                              @ @HAL_RCCEx_CRSConfig
	.thumb_func
HAL_RCCEx_CRSConfig:
.Lfunc_begin17:
	.loc	5 3383 0                        @ ../Drivers/STM32H7xx_HAL_Driver/Src/stm32h7xx_hal_rcc_ex.c:3383:0
	.fnstart
	.cfi_startproc
@ %bb.0:
	@DEBUG_VALUE: HAL_RCCEx_CRSConfig:pInit <- $r0
	.save	{r4, lr}
	push	{r4, lr}
	.cfi_def_cfa_offset 8
	.cfi_offset lr, -4
	.cfi_offset r4, -8
	movw	r1, #17556
	mov	r4, r0
.Ltmp916:
	@DEBUG_VALUE: HAL_RCCEx_CRSConfig:pInit <- $r4
	@DEBUG_VALUE: HAL_RCCEx_CRSConfig:pInit <- $r4
	movt	r1, #22530
.Ltmp917:
	.loc	5 3397 3 prologue_end           @ ../Drivers/STM32H7xx_HAL_Driver/Src/stm32h7xx_hal_rcc_ex.c:3397:3
	ldr	r2, [r1]
	orr	r2, r2, #2
	str	r2, [r1]
	.loc	5 3398 3                        @ ../Drivers/STM32H7xx_HAL_Driver/Src/stm32h7xx_hal_rcc_ex.c:3398:3
	ldr	r0, [r1]
	bic	r0, r0, #2
	str	r0, [r1]
.Ltmp918:
	.loc	5 3403 8                        @ ../Drivers/STM32H7xx_HAL_Driver/Src/stm32h7xx_hal_rcc_ex.c:3403:8
	bl	HAL_GetREVID
.Ltmp919:
	.loc	5 0 0 is_stmt 0                 @ ../Drivers/STM32H7xx_HAL_Driver/Src/stm32h7xx_hal_rcc_ex.c:0:0
	ldr	r2, [r4, #8]
	ldrd	r1, r3, [r4]
	orrs	r1, r2
	.loc	5 3403 36                       @ ../Drivers/STM32H7xx_HAL_Driver/Src/stm32h7xx_hal_rcc_ex.c:3403:36
	cmp.w	r3, #805306368
	orr.w	r2, r1, r3
	movw	r3, #4100
	it	ne
	movne	r1, r2
	cmp	r0, r3
	it	hs
	movhs	r1, r2
.Ltmp920:
	@DEBUG_VALUE: HAL_RCCEx_CRSConfig:value <- $r1
	.loc	5 3413 19 is_stmt 1             @ ../Drivers/STM32H7xx_HAL_Driver/Src/stm32h7xx_hal_rcc_ex.c:3413:19
	ldrd	r0, r2, [r4, #12]
	.loc	5 3413 9 is_stmt 0              @ ../Drivers/STM32H7xx_HAL_Driver/Src/stm32h7xx_hal_rcc_ex.c:3413:9
	orrs	r0, r1
.Ltmp921:
	@DEBUG_VALUE: HAL_RCCEx_CRSConfig:value <- $r0
	.loc	5 0 9                           @ ../Drivers/STM32H7xx_HAL_Driver/Src/stm32h7xx_hal_rcc_ex.c:0:9
	movw	r1, #33792
	movt	r1, #16384
	.loc	5 3415 9 is_stmt 1              @ ../Drivers/STM32H7xx_HAL_Driver/Src/stm32h7xx_hal_rcc_ex.c:3415:9
	orr.w	r0, r0, r2, lsl #16
.Ltmp922:
	@DEBUG_VALUE: HAL_RCCEx_CRSConfig:value <- $r0
	.loc	5 3416 3                        @ ../Drivers/STM32H7xx_HAL_Driver/Src/stm32h7xx_hal_rcc_ex.c:3416:3
	str	r0, [r1, #4]
	.loc	5 3420 3                        @ ../Drivers/STM32H7xx_HAL_Driver/Src/stm32h7xx_hal_rcc_ex.c:3420:3
	ldr	r0, [r1]
.Ltmp923:
	ldr	r2, [r4, #20]
	bic	r0, r0, #16128
	orr.w	r0, r0, r2, lsl #8
	str	r0, [r1]
	.loc	5 3425 3                        @ ../Drivers/STM32H7xx_HAL_Driver/Src/stm32h7xx_hal_rcc_ex.c:3425:3
	ldr	r0, [r1]
	orr	r0, r0, #96
	str	r0, [r1]
	.loc	5 3426 1 epilogue_begin         @ ../Drivers/STM32H7xx_HAL_Driver/Src/stm32h7xx_hal_rcc_ex.c:3426:1
	pop	{r4, pc}
.Ltmp924:
.Lfunc_end17:
	.size	HAL_RCCEx_CRSConfig, .Lfunc_end17-HAL_RCCEx_CRSConfig
	.cfi_endproc
	.cantunwind
	.fnend
                                        @ -- End function
	.section	.text.HAL_RCCEx_CRSSoftwareSynchronizationGenerate,"ax",%progbits
	.hidden	HAL_RCCEx_CRSSoftwareSynchronizationGenerate @ -- Begin function HAL_RCCEx_CRSSoftwareSynchronizationGenerate
	.globl	HAL_RCCEx_CRSSoftwareSynchronizationGenerate
	.p2align	3
	.type	HAL_RCCEx_CRSSoftwareSynchronizationGenerate,%function
	.code	16                              @ @HAL_RCCEx_CRSSoftwareSynchronizationGenerate
	.thumb_func
HAL_RCCEx_CRSSoftwareSynchronizationGenerate:
.Lfunc_begin18:
	.loc	5 3433 0                        @ ../Drivers/STM32H7xx_HAL_Driver/Src/stm32h7xx_hal_rcc_ex.c:3433:0
	.fnstart
	.cfi_startproc
@ %bb.0:
	movw	r0, #33792
	movt	r0, #16384
.Ltmp925:
	.loc	5 3434 3 prologue_end           @ ../Drivers/STM32H7xx_HAL_Driver/Src/stm32h7xx_hal_rcc_ex.c:3434:3
	ldr	r1, [r0]
	orr	r1, r1, #128
	str	r1, [r0]
	.loc	5 3435 1                        @ ../Drivers/STM32H7xx_HAL_Driver/Src/stm32h7xx_hal_rcc_ex.c:3435:1
	bx	lr
.Ltmp926:
.Lfunc_end18:
	.size	HAL_RCCEx_CRSSoftwareSynchronizationGenerate, .Lfunc_end18-HAL_RCCEx_CRSSoftwareSynchronizationGenerate
	.cfi_endproc
	.cantunwind
	.fnend
                                        @ -- End function
	.section	.text.HAL_RCCEx_CRSGetSynchronizationInfo,"ax",%progbits
	.hidden	HAL_RCCEx_CRSGetSynchronizationInfo @ -- Begin function HAL_RCCEx_CRSGetSynchronizationInfo
	.globl	HAL_RCCEx_CRSGetSynchronizationInfo
	.p2align	3
	.type	HAL_RCCEx_CRSGetSynchronizationInfo,%function
	.code	16                              @ @HAL_RCCEx_CRSGetSynchronizationInfo
	.thumb_func
HAL_RCCEx_CRSGetSynchronizationInfo:
.Lfunc_begin19:
	.loc	5 3443 0                        @ ../Drivers/STM32H7xx_HAL_Driver/Src/stm32h7xx_hal_rcc_ex.c:3443:0
	.fnstart
	.cfi_startproc
@ %bb.0:
	@DEBUG_VALUE: HAL_RCCEx_CRSGetSynchronizationInfo:pSynchroInfo <- $r0
	movw	r1, #33800
	movt	r1, #16384
.Ltmp927:
	.loc	5 3448 42 prologue_end          @ ../Drivers/STM32H7xx_HAL_Driver/Src/stm32h7xx_hal_rcc_ex.c:3448:42
	ldr	r2, [r1, #-4]
	uxth	r2, r2
	.loc	5 3448 29 is_stmt 0             @ ../Drivers/STM32H7xx_HAL_Driver/Src/stm32h7xx_hal_rcc_ex.c:3448:29
	str	r2, [r0]
	.loc	5 3451 52 is_stmt 1             @ ../Drivers/STM32H7xx_HAL_Driver/Src/stm32h7xx_hal_rcc_ex.c:3451:52
	ldr	r2, [r1, #-8]
	.loc	5 3451 83 is_stmt 0             @ ../Drivers/STM32H7xx_HAL_Driver/Src/stm32h7xx_hal_rcc_ex.c:3451:83
	ubfx	r2, r2, #8, #6
	.loc	5 3451 39                       @ ../Drivers/STM32H7xx_HAL_Driver/Src/stm32h7xx_hal_rcc_ex.c:3451:39
	str	r2, [r0, #4]
	.loc	5 3454 47 is_stmt 1             @ ../Drivers/STM32H7xx_HAL_Driver/Src/stm32h7xx_hal_rcc_ex.c:3454:47
	ldr	r2, [r1]
	.loc	5 3454 81 is_stmt 0             @ ../Drivers/STM32H7xx_HAL_Driver/Src/stm32h7xx_hal_rcc_ex.c:3454:81
	lsrs	r2, r2, #16
	.loc	5 3454 34                       @ ../Drivers/STM32H7xx_HAL_Driver/Src/stm32h7xx_hal_rcc_ex.c:3454:34
	str	r2, [r0, #8]
	.loc	5 3457 49 is_stmt 1             @ ../Drivers/STM32H7xx_HAL_Driver/Src/stm32h7xx_hal_rcc_ex.c:3457:49
	ldr	r1, [r1]
	and	r1, r1, #32768
	.loc	5 3457 36 is_stmt 0             @ ../Drivers/STM32H7xx_HAL_Driver/Src/stm32h7xx_hal_rcc_ex.c:3457:36
	str	r1, [r0, #12]
	.loc	5 3458 1 is_stmt 1              @ ../Drivers/STM32H7xx_HAL_Driver/Src/stm32h7xx_hal_rcc_ex.c:3458:1
	bx	lr
.Ltmp928:
.Lfunc_end19:
	.size	HAL_RCCEx_CRSGetSynchronizationInfo, .Lfunc_end19-HAL_RCCEx_CRSGetSynchronizationInfo
	.cfi_endproc
	.cantunwind
	.fnend
                                        @ -- End function
	.section	.text.HAL_RCCEx_CRSWaitSynchronization,"ax",%progbits
	.hidden	HAL_RCCEx_CRSWaitSynchronization @ -- Begin function HAL_RCCEx_CRSWaitSynchronization
	.globl	HAL_RCCEx_CRSWaitSynchronization
	.p2align	3
	.type	HAL_RCCEx_CRSWaitSynchronization,%function
	.code	16                              @ @HAL_RCCEx_CRSWaitSynchronization
	.thumb_func
HAL_RCCEx_CRSWaitSynchronization:
.Lfunc_begin20:
	.loc	5 3476 0                        @ ../Drivers/STM32H7xx_HAL_Driver/Src/stm32h7xx_hal_rcc_ex.c:3476:0
	.fnstart
	.cfi_startproc
@ %bb.0:
	@DEBUG_VALUE: HAL_RCCEx_CRSWaitSynchronization:Timeout <- $r0
	.save	{r4, r5, r6, r7, r8, r9, r10, r11, lr}
	push.w	{r4, r5, r6, r7, r8, r9, r10, r11, lr}
	.cfi_def_cfa_offset 36
	.cfi_offset lr, -4
	.cfi_offset r11, -8
	.cfi_offset r10, -12
	.cfi_offset r9, -16
	.cfi_offset r8, -20
	.cfi_offset r7, -24
	.cfi_offset r6, -28
	.cfi_offset r5, -32
	.cfi_offset r4, -36
	.pad	#4
	sub	sp, #4
	.cfi_def_cfa_offset 40
	movw	r6, #33800
	mov	r4, r0
.Ltmp929:
	@DEBUG_VALUE: HAL_RCCEx_CRSWaitSynchronization:Timeout <- $r4
	@DEBUG_VALUE: HAL_RCCEx_CRSWaitSynchronization:Timeout <- $r4
	movt	r6, #16384
.Ltmp930:
	@DEBUG_VALUE: HAL_RCCEx_CRSWaitSynchronization:crsstatus <- 0
	.loc	5 3481 15 prologue_end          @ ../Drivers/STM32H7xx_HAL_Driver/Src/stm32h7xx_hal_rcc_ex.c:3481:15
	bl	HAL_GetTick
.Ltmp931:
	.loc	5 0 15 is_stmt 0                @ ../Drivers/STM32H7xx_HAL_Driver/Src/stm32h7xx_hal_rcc_ex.c:0:15
	adds	r1, r4, #1
.Ltmp932:
	@DEBUG_VALUE: HAL_RCCEx_CRSWaitSynchronization:tickstart <- $r0
	beq	.LBB20_13
.Ltmp933:
@ %bb.1:
	@DEBUG_VALUE: HAL_RCCEx_CRSWaitSynchronization:tickstart <- $r0
	@DEBUG_VALUE: HAL_RCCEx_CRSWaitSynchronization:crsstatus <- 0
	@DEBUG_VALUE: HAL_RCCEx_CRSWaitSynchronization:Timeout <- $r4
	mov	r5, r0
.Ltmp934:
	@DEBUG_VALUE: HAL_RCCEx_CRSWaitSynchronization:tickstart <- $r5
	@DEBUG_VALUE: HAL_RCCEx_CRSWaitSynchronization:tickstart <- $r5
	mov.w	r8, #8
	clz	r0, r4
	mov.w	r9, #4
	lsrs	r7, r0, #5
	mov.w	r10, #2
	mov.w	r11, #1
	b	.LBB20_3
.Ltmp935:
	.p2align	2
.LBB20_2:                               @   in Loop: Header=BB20_3 Depth=1
	@DEBUG_VALUE: HAL_RCCEx_CRSWaitSynchronization:crsstatus <- $r0
	@DEBUG_VALUE: HAL_RCCEx_CRSWaitSynchronization:tickstart <- $r5
	@DEBUG_VALUE: HAL_RCCEx_CRSWaitSynchronization:Timeout <- $r4
	@DEBUG_VALUE: HAL_RCCEx_CRSWaitSynchronization:crsstatus <- $r0
	.loc	5 3544 9 is_stmt 1              @ ../Drivers/STM32H7xx_HAL_Driver/Src/stm32h7xx_hal_rcc_ex.c:3544:9
	ldr	r1, [r6]
.Ltmp936:
	.loc	5 3544 9 is_stmt 0              @ ../Drivers/STM32H7xx_HAL_Driver/Src/stm32h7xx_hal_rcc_ex.c:3544:9
	lsls	r1, r1, #28
.Ltmp937:
	.loc	5 3547 7 is_stmt 1              @ ../Drivers/STM32H7xx_HAL_Driver/Src/stm32h7xx_hal_rcc_ex.c:3547:7
	it	mi
	strmi.w	r8, [r6, #4]
.Ltmp938:
	.loc	5 3549 3                        @ ../Drivers/STM32H7xx_HAL_Driver/Src/stm32h7xx_hal_rcc_ex.c:3549:3
	cmp	r0, #0
	bne	.LBB20_25
.Ltmp939:
.LBB20_3:                               @ =>This Inner Loop Header: Depth=1
	@DEBUG_VALUE: HAL_RCCEx_CRSWaitSynchronization:tickstart <- $r5
	@DEBUG_VALUE: HAL_RCCEx_CRSWaitSynchronization:Timeout <- $r4
	@DEBUG_VALUE: HAL_RCCEx_CRSWaitSynchronization:crsstatus <- 0
	.loc	5 3488 13                       @ ../Drivers/STM32H7xx_HAL_Driver/Src/stm32h7xx_hal_rcc_ex.c:3488:13
	bl	HAL_GetTick
.Ltmp940:
	.loc	5 3488 27 is_stmt 0             @ ../Drivers/STM32H7xx_HAL_Driver/Src/stm32h7xx_hal_rcc_ex.c:3488:27
	subs	r0, r0, r5
	.loc	5 3488 40                       @ ../Drivers/STM32H7xx_HAL_Driver/Src/stm32h7xx_hal_rcc_ex.c:3488:40
	cmp	r0, r4
	mov.w	r0, #0
	it	hi
	movhi	r0, #1
.Ltmp941:
	.loc	5 3494 9 is_stmt 1              @ ../Drivers/STM32H7xx_HAL_Driver/Src/stm32h7xx_hal_rcc_ex.c:3494:9
	ldr	r1, [r6]
.Ltmp942:
	.loc	5 3494 9 is_stmt 0              @ ../Drivers/STM32H7xx_HAL_Driver/Src/stm32h7xx_hal_rcc_ex.c:3494:9
	lsls	r1, r1, #31
.Ltmp943:
	.loc	5 3488 51 is_stmt 1             @ ../Drivers/STM32H7xx_HAL_Driver/Src/stm32h7xx_hal_rcc_ex.c:3488:51
	orr.w	r0, r0, r7
.Ltmp944:
	@DEBUG_VALUE: HAL_RCCEx_CRSWaitSynchronization:crsstatus <- undef
	.loc	5 0 51 is_stmt 0                @ ../Drivers/STM32H7xx_HAL_Driver/Src/stm32h7xx_hal_rcc_ex.c:0:51
	bne	.LBB20_8
.Ltmp945:
@ %bb.4:                                @   in Loop: Header=BB20_3 Depth=1
	@DEBUG_VALUE: HAL_RCCEx_CRSWaitSynchronization:tickstart <- $r5
	@DEBUG_VALUE: HAL_RCCEx_CRSWaitSynchronization:Timeout <- $r4
	@DEBUG_VALUE: HAL_RCCEx_CRSWaitSynchronization:crsstatus <- $r0
	.loc	5 3504 9 is_stmt 1              @ ../Drivers/STM32H7xx_HAL_Driver/Src/stm32h7xx_hal_rcc_ex.c:3504:9
	ldr	r1, [r6]
.Ltmp946:
	.loc	5 3504 9 is_stmt 0              @ ../Drivers/STM32H7xx_HAL_Driver/Src/stm32h7xx_hal_rcc_ex.c:3504:9
	lsls	r1, r1, #30
	bmi	.LBB20_9
.Ltmp947:
.LBB20_5:                               @   in Loop: Header=BB20_3 Depth=1
	@DEBUG_VALUE: HAL_RCCEx_CRSWaitSynchronization:crsstatus <- $r0
	@DEBUG_VALUE: HAL_RCCEx_CRSWaitSynchronization:tickstart <- $r5
	@DEBUG_VALUE: HAL_RCCEx_CRSWaitSynchronization:Timeout <- $r4
	@DEBUG_VALUE: HAL_RCCEx_CRSWaitSynchronization:crsstatus <- $r0
	.loc	5 3514 9 is_stmt 1              @ ../Drivers/STM32H7xx_HAL_Driver/Src/stm32h7xx_hal_rcc_ex.c:3514:9
	ldr	r1, [r6]
.Ltmp948:
	.loc	5 3514 9 is_stmt 0              @ ../Drivers/STM32H7xx_HAL_Driver/Src/stm32h7xx_hal_rcc_ex.c:3514:9
	lsls	r1, r1, #21
	bmi	.LBB20_10
.Ltmp949:
.LBB20_6:                               @   in Loop: Header=BB20_3 Depth=1
	@DEBUG_VALUE: HAL_RCCEx_CRSWaitSynchronization:crsstatus <- $r0
	@DEBUG_VALUE: HAL_RCCEx_CRSWaitSynchronization:tickstart <- $r5
	@DEBUG_VALUE: HAL_RCCEx_CRSWaitSynchronization:Timeout <- $r4
	@DEBUG_VALUE: HAL_RCCEx_CRSWaitSynchronization:crsstatus <- $r0
	.loc	5 3524 9 is_stmt 1              @ ../Drivers/STM32H7xx_HAL_Driver/Src/stm32h7xx_hal_rcc_ex.c:3524:9
	ldr	r1, [r6]
.Ltmp950:
	.loc	5 3524 9 is_stmt 0              @ ../Drivers/STM32H7xx_HAL_Driver/Src/stm32h7xx_hal_rcc_ex.c:3524:9
	lsls	r1, r1, #23
	bmi	.LBB20_11
.Ltmp951:
.LBB20_7:                               @   in Loop: Header=BB20_3 Depth=1
	@DEBUG_VALUE: HAL_RCCEx_CRSWaitSynchronization:crsstatus <- $r0
	@DEBUG_VALUE: HAL_RCCEx_CRSWaitSynchronization:tickstart <- $r5
	@DEBUG_VALUE: HAL_RCCEx_CRSWaitSynchronization:Timeout <- $r4
	@DEBUG_VALUE: HAL_RCCEx_CRSWaitSynchronization:crsstatus <- $r0
	.loc	5 3534 9 is_stmt 1              @ ../Drivers/STM32H7xx_HAL_Driver/Src/stm32h7xx_hal_rcc_ex.c:3534:9
	ldr	r1, [r6]
.Ltmp952:
	.loc	5 3534 9 is_stmt 0              @ ../Drivers/STM32H7xx_HAL_Driver/Src/stm32h7xx_hal_rcc_ex.c:3534:9
	lsls	r1, r1, #22
	bpl	.LBB20_2
	b	.LBB20_12
.Ltmp953:
	.loc	5 0 9                           @ :0:9
.Ltmp954:
	.p2align	2
.LBB20_8:                               @   in Loop: Header=BB20_3 Depth=1
	@DEBUG_VALUE: HAL_RCCEx_CRSWaitSynchronization:tickstart <- $r5
	@DEBUG_VALUE: HAL_RCCEx_CRSWaitSynchronization:Timeout <- $r4
	.loc	5 3497 17 is_stmt 1             @ ../Drivers/STM32H7xx_HAL_Driver/Src/stm32h7xx_hal_rcc_ex.c:3497:17
	adds	r0, #2
.Ltmp955:
	@DEBUG_VALUE: HAL_RCCEx_CRSWaitSynchronization:crsstatus <- $r0
	.loc	5 3500 7                        @ ../Drivers/STM32H7xx_HAL_Driver/Src/stm32h7xx_hal_rcc_ex.c:3500:7
	str.w	r11, [r6, #4]
.Ltmp956:
	@DEBUG_VALUE: HAL_RCCEx_CRSWaitSynchronization:crsstatus <- $r0
	.loc	5 3504 9                        @ ../Drivers/STM32H7xx_HAL_Driver/Src/stm32h7xx_hal_rcc_ex.c:3504:9
	ldr	r1, [r6]
.Ltmp957:
	.loc	5 3504 9 is_stmt 0              @ ../Drivers/STM32H7xx_HAL_Driver/Src/stm32h7xx_hal_rcc_ex.c:3504:9
	lsls	r1, r1, #30
	bpl	.LBB20_5
.Ltmp958:
.LBB20_9:                               @   in Loop: Header=BB20_3 Depth=1
	@DEBUG_VALUE: HAL_RCCEx_CRSWaitSynchronization:crsstatus <- $r0
	@DEBUG_VALUE: HAL_RCCEx_CRSWaitSynchronization:tickstart <- $r5
	@DEBUG_VALUE: HAL_RCCEx_CRSWaitSynchronization:Timeout <- $r4
	.loc	5 3507 17 is_stmt 1             @ ../Drivers/STM32H7xx_HAL_Driver/Src/stm32h7xx_hal_rcc_ex.c:3507:17
	adds	r0, #4
.Ltmp959:
	@DEBUG_VALUE: HAL_RCCEx_CRSWaitSynchronization:crsstatus <- $r0
	.loc	5 3510 7                        @ ../Drivers/STM32H7xx_HAL_Driver/Src/stm32h7xx_hal_rcc_ex.c:3510:7
	str.w	r10, [r6, #4]
.Ltmp960:
	@DEBUG_VALUE: HAL_RCCEx_CRSWaitSynchronization:crsstatus <- $r0
	.loc	5 3514 9                        @ ../Drivers/STM32H7xx_HAL_Driver/Src/stm32h7xx_hal_rcc_ex.c:3514:9
	ldr	r1, [r6]
.Ltmp961:
	.loc	5 3514 9 is_stmt 0              @ ../Drivers/STM32H7xx_HAL_Driver/Src/stm32h7xx_hal_rcc_ex.c:3514:9
	lsls	r1, r1, #21
	bpl	.LBB20_6
.Ltmp962:
.LBB20_10:                              @   in Loop: Header=BB20_3 Depth=1
	@DEBUG_VALUE: HAL_RCCEx_CRSWaitSynchronization:crsstatus <- $r0
	@DEBUG_VALUE: HAL_RCCEx_CRSWaitSynchronization:tickstart <- $r5
	@DEBUG_VALUE: HAL_RCCEx_CRSWaitSynchronization:Timeout <- $r4
	.loc	5 3517 17 is_stmt 1             @ ../Drivers/STM32H7xx_HAL_Driver/Src/stm32h7xx_hal_rcc_ex.c:3517:17
	adds	r0, #32
.Ltmp963:
	@DEBUG_VALUE: HAL_RCCEx_CRSWaitSynchronization:crsstatus <- $r0
	.loc	5 3520 7                        @ ../Drivers/STM32H7xx_HAL_Driver/Src/stm32h7xx_hal_rcc_ex.c:3520:7
	str.w	r9, [r6, #4]
.Ltmp964:
	@DEBUG_VALUE: HAL_RCCEx_CRSWaitSynchronization:crsstatus <- $r0
	.loc	5 3524 9                        @ ../Drivers/STM32H7xx_HAL_Driver/Src/stm32h7xx_hal_rcc_ex.c:3524:9
	ldr	r1, [r6]
.Ltmp965:
	.loc	5 3524 9 is_stmt 0              @ ../Drivers/STM32H7xx_HAL_Driver/Src/stm32h7xx_hal_rcc_ex.c:3524:9
	lsls	r1, r1, #23
	bpl	.LBB20_7
.Ltmp966:
.LBB20_11:                              @   in Loop: Header=BB20_3 Depth=1
	@DEBUG_VALUE: HAL_RCCEx_CRSWaitSynchronization:crsstatus <- $r0
	@DEBUG_VALUE: HAL_RCCEx_CRSWaitSynchronization:tickstart <- $r5
	@DEBUG_VALUE: HAL_RCCEx_CRSWaitSynchronization:Timeout <- $r4
	.loc	5 3527 17 is_stmt 1             @ ../Drivers/STM32H7xx_HAL_Driver/Src/stm32h7xx_hal_rcc_ex.c:3527:17
	orr	r0, r0, #8
.Ltmp967:
	@DEBUG_VALUE: HAL_RCCEx_CRSWaitSynchronization:crsstatus <- $r0
	.loc	5 3530 7                        @ ../Drivers/STM32H7xx_HAL_Driver/Src/stm32h7xx_hal_rcc_ex.c:3530:7
	str.w	r9, [r6, #4]
.Ltmp968:
	@DEBUG_VALUE: HAL_RCCEx_CRSWaitSynchronization:crsstatus <- $r0
	.loc	5 3534 9                        @ ../Drivers/STM32H7xx_HAL_Driver/Src/stm32h7xx_hal_rcc_ex.c:3534:9
	ldr	r1, [r6]
.Ltmp969:
	.loc	5 3534 9 is_stmt 0              @ ../Drivers/STM32H7xx_HAL_Driver/Src/stm32h7xx_hal_rcc_ex.c:3534:9
	lsls	r1, r1, #22
	bpl	.LBB20_2
.Ltmp970:
.LBB20_12:                              @   in Loop: Header=BB20_3 Depth=1
	@DEBUG_VALUE: HAL_RCCEx_CRSWaitSynchronization:crsstatus <- $r0
	@DEBUG_VALUE: HAL_RCCEx_CRSWaitSynchronization:tickstart <- $r5
	@DEBUG_VALUE: HAL_RCCEx_CRSWaitSynchronization:Timeout <- $r4
	.loc	5 3537 17 is_stmt 1             @ ../Drivers/STM32H7xx_HAL_Driver/Src/stm32h7xx_hal_rcc_ex.c:3537:17
	orr	r0, r0, #16
.Ltmp971:
	@DEBUG_VALUE: HAL_RCCEx_CRSWaitSynchronization:crsstatus <- $r0
	.loc	5 3540 7                        @ ../Drivers/STM32H7xx_HAL_Driver/Src/stm32h7xx_hal_rcc_ex.c:3540:7
	str.w	r9, [r6, #4]
	b	.LBB20_2
.Ltmp972:
	.loc	5 0 7 is_stmt 0                 @ :0:7
.Ltmp973:
	.p2align	2
.LBB20_13:
	@DEBUG_VALUE: HAL_RCCEx_CRSWaitSynchronization:tickstart <- $r0
	@DEBUG_VALUE: HAL_RCCEx_CRSWaitSynchronization:crsstatus <- 0
	@DEBUG_VALUE: HAL_RCCEx_CRSWaitSynchronization:Timeout <- $r4
	movs	r1, #8
	movs	r2, #4
	movs	r3, #2
	movs	r7, #1
	b	.LBB20_15
.Ltmp974:
	.p2align	2
.LBB20_14:                              @   in Loop: Header=BB20_15 Depth=1
	@DEBUG_VALUE: HAL_RCCEx_CRSWaitSynchronization:crsstatus <- $r0
	@DEBUG_VALUE: HAL_RCCEx_CRSWaitSynchronization:Timeout <- $r4
	@DEBUG_VALUE: HAL_RCCEx_CRSWaitSynchronization:crsstatus <- $r0
	.loc	5 3544 9 is_stmt 1              @ ../Drivers/STM32H7xx_HAL_Driver/Src/stm32h7xx_hal_rcc_ex.c:3544:9
	ldr	r5, [r6]
.Ltmp975:
	.loc	5 3544 9 is_stmt 0              @ ../Drivers/STM32H7xx_HAL_Driver/Src/stm32h7xx_hal_rcc_ex.c:3544:9
	lsls	r5, r5, #28
.Ltmp976:
	.loc	5 3547 7 is_stmt 1              @ ../Drivers/STM32H7xx_HAL_Driver/Src/stm32h7xx_hal_rcc_ex.c:3547:7
	it	mi
	strmi	r1, [r6, #4]
.Ltmp977:
	.loc	5 3549 3                        @ ../Drivers/STM32H7xx_HAL_Driver/Src/stm32h7xx_hal_rcc_ex.c:3549:3
	cbnz	r0, .LBB20_25
.Ltmp978:
.LBB20_15:                              @ =>This Inner Loop Header: Depth=1
	@DEBUG_VALUE: HAL_RCCEx_CRSWaitSynchronization:Timeout <- $r4
	@DEBUG_VALUE: HAL_RCCEx_CRSWaitSynchronization:crsstatus <- undef
	.loc	5 3494 9                        @ ../Drivers/STM32H7xx_HAL_Driver/Src/stm32h7xx_hal_rcc_ex.c:3494:9
	ldr	r0, [r6]
.Ltmp979:
	.loc	5 3494 9 is_stmt 0              @ ../Drivers/STM32H7xx_HAL_Driver/Src/stm32h7xx_hal_rcc_ex.c:3494:9
	lsls	r0, r0, #31
	bne	.LBB20_17
.Ltmp980:
@ %bb.16:                               @   in Loop: Header=BB20_15 Depth=1
	@DEBUG_VALUE: HAL_RCCEx_CRSWaitSynchronization:Timeout <- $r4
	.loc	5 0 9                           @ ../Drivers/STM32H7xx_HAL_Driver/Src/stm32h7xx_hal_rcc_ex.c:0:9
	movs	r0, #0
.Ltmp981:
	@DEBUG_VALUE: HAL_RCCEx_CRSWaitSynchronization:crsstatus <- $r0
	.loc	5 3504 9 is_stmt 1              @ ../Drivers/STM32H7xx_HAL_Driver/Src/stm32h7xx_hal_rcc_ex.c:3504:9
	ldr	r5, [r6]
.Ltmp982:
	.loc	5 3504 9 is_stmt 0              @ ../Drivers/STM32H7xx_HAL_Driver/Src/stm32h7xx_hal_rcc_ex.c:3504:9
	lsls	r5, r5, #30
	bmi	.LBB20_18
	b	.LBB20_19
.Ltmp983:
	.loc	5 0 9                           @ :0:9
.Ltmp984:
	.p2align	2
.LBB20_17:                              @   in Loop: Header=BB20_15 Depth=1
	@DEBUG_VALUE: HAL_RCCEx_CRSWaitSynchronization:Timeout <- $r4
	@DEBUG_VALUE: HAL_RCCEx_CRSWaitSynchronization:crsstatus <- [DW_OP_constu 2, DW_OP_or, DW_OP_stack_value] 0
	movs	r0, #2
.Ltmp985:
	.loc	5 3500 7 is_stmt 1              @ ../Drivers/STM32H7xx_HAL_Driver/Src/stm32h7xx_hal_rcc_ex.c:3500:7
	str	r7, [r6, #4]
.Ltmp986:
	@DEBUG_VALUE: HAL_RCCEx_CRSWaitSynchronization:crsstatus <- $r0
	.loc	5 3504 9                        @ ../Drivers/STM32H7xx_HAL_Driver/Src/stm32h7xx_hal_rcc_ex.c:3504:9
	ldr	r5, [r6]
.Ltmp987:
	.loc	5 3504 9 is_stmt 0              @ ../Drivers/STM32H7xx_HAL_Driver/Src/stm32h7xx_hal_rcc_ex.c:3504:9
	lsls	r5, r5, #30
	bpl	.LBB20_19
.Ltmp988:
.LBB20_18:                              @   in Loop: Header=BB20_15 Depth=1
	@DEBUG_VALUE: HAL_RCCEx_CRSWaitSynchronization:crsstatus <- $r0
	@DEBUG_VALUE: HAL_RCCEx_CRSWaitSynchronization:Timeout <- $r4
	.loc	5 3507 17 is_stmt 1             @ ../Drivers/STM32H7xx_HAL_Driver/Src/stm32h7xx_hal_rcc_ex.c:3507:17
	adds	r0, #4
.Ltmp989:
	@DEBUG_VALUE: HAL_RCCEx_CRSWaitSynchronization:crsstatus <- $r0
	.loc	5 3510 7                        @ ../Drivers/STM32H7xx_HAL_Driver/Src/stm32h7xx_hal_rcc_ex.c:3510:7
	str	r3, [r6, #4]
.Ltmp990:
.LBB20_19:                              @   in Loop: Header=BB20_15 Depth=1
	@DEBUG_VALUE: HAL_RCCEx_CRSWaitSynchronization:crsstatus <- $r0
	@DEBUG_VALUE: HAL_RCCEx_CRSWaitSynchronization:Timeout <- $r4
	@DEBUG_VALUE: HAL_RCCEx_CRSWaitSynchronization:crsstatus <- $r0
	.loc	5 3514 9                        @ ../Drivers/STM32H7xx_HAL_Driver/Src/stm32h7xx_hal_rcc_ex.c:3514:9
	ldr	r5, [r6]
.Ltmp991:
	.loc	5 3514 9 is_stmt 0              @ ../Drivers/STM32H7xx_HAL_Driver/Src/stm32h7xx_hal_rcc_ex.c:3514:9
	lsls	r5, r5, #21
	bmi	.LBB20_22
.Ltmp992:
@ %bb.20:                               @   in Loop: Header=BB20_15 Depth=1
	@DEBUG_VALUE: HAL_RCCEx_CRSWaitSynchronization:crsstatus <- $r0
	@DEBUG_VALUE: HAL_RCCEx_CRSWaitSynchronization:Timeout <- $r4
	@DEBUG_VALUE: HAL_RCCEx_CRSWaitSynchronization:crsstatus <- $r0
	.loc	5 3524 9 is_stmt 1              @ ../Drivers/STM32H7xx_HAL_Driver/Src/stm32h7xx_hal_rcc_ex.c:3524:9
	ldr	r5, [r6]
.Ltmp993:
	.loc	5 3524 9 is_stmt 0              @ ../Drivers/STM32H7xx_HAL_Driver/Src/stm32h7xx_hal_rcc_ex.c:3524:9
	lsls	r5, r5, #23
	bmi	.LBB20_23
.Ltmp994:
.LBB20_21:                              @   in Loop: Header=BB20_15 Depth=1
	@DEBUG_VALUE: HAL_RCCEx_CRSWaitSynchronization:crsstatus <- $r0
	@DEBUG_VALUE: HAL_RCCEx_CRSWaitSynchronization:Timeout <- $r4
	@DEBUG_VALUE: HAL_RCCEx_CRSWaitSynchronization:crsstatus <- $r0
	.loc	5 3534 9 is_stmt 1              @ ../Drivers/STM32H7xx_HAL_Driver/Src/stm32h7xx_hal_rcc_ex.c:3534:9
	ldr	r5, [r6]
.Ltmp995:
	.loc	5 3534 9 is_stmt 0              @ ../Drivers/STM32H7xx_HAL_Driver/Src/stm32h7xx_hal_rcc_ex.c:3534:9
	lsls	r5, r5, #22
	bpl	.LBB20_14
	b	.LBB20_24
.Ltmp996:
	.loc	5 0 9                           @ :0:9
.Ltmp997:
	.p2align	2
.LBB20_22:                              @   in Loop: Header=BB20_15 Depth=1
	@DEBUG_VALUE: HAL_RCCEx_CRSWaitSynchronization:crsstatus <- $r0
	@DEBUG_VALUE: HAL_RCCEx_CRSWaitSynchronization:Timeout <- $r4
	.loc	5 3517 17 is_stmt 1             @ ../Drivers/STM32H7xx_HAL_Driver/Src/stm32h7xx_hal_rcc_ex.c:3517:17
	adds	r0, #32
.Ltmp998:
	@DEBUG_VALUE: HAL_RCCEx_CRSWaitSynchronization:crsstatus <- $r0
	.loc	5 3520 7                        @ ../Drivers/STM32H7xx_HAL_Driver/Src/stm32h7xx_hal_rcc_ex.c:3520:7
	str	r2, [r6, #4]
.Ltmp999:
	@DEBUG_VALUE: HAL_RCCEx_CRSWaitSynchronization:crsstatus <- $r0
	.loc	5 3524 9                        @ ../Drivers/STM32H7xx_HAL_Driver/Src/stm32h7xx_hal_rcc_ex.c:3524:9
	ldr	r5, [r6]
.Ltmp1000:
	.loc	5 3524 9 is_stmt 0              @ ../Drivers/STM32H7xx_HAL_Driver/Src/stm32h7xx_hal_rcc_ex.c:3524:9
	lsls	r5, r5, #23
	bpl	.LBB20_21
.Ltmp1001:
.LBB20_23:                              @   in Loop: Header=BB20_15 Depth=1
	@DEBUG_VALUE: HAL_RCCEx_CRSWaitSynchronization:crsstatus <- $r0
	@DEBUG_VALUE: HAL_RCCEx_CRSWaitSynchronization:Timeout <- $r4
	.loc	5 3527 17 is_stmt 1             @ ../Drivers/STM32H7xx_HAL_Driver/Src/stm32h7xx_hal_rcc_ex.c:3527:17
	orr	r0, r0, #8
.Ltmp1002:
	@DEBUG_VALUE: HAL_RCCEx_CRSWaitSynchronization:crsstatus <- $r0
	.loc	5 3530 7                        @ ../Drivers/STM32H7xx_HAL_Driver/Src/stm32h7xx_hal_rcc_ex.c:3530:7
	str	r2, [r6, #4]
.Ltmp1003:
	@DEBUG_VALUE: HAL_RCCEx_CRSWaitSynchronization:crsstatus <- $r0
	.loc	5 3534 9                        @ ../Drivers/STM32H7xx_HAL_Driver/Src/stm32h7xx_hal_rcc_ex.c:3534:9
	ldr	r5, [r6]
.Ltmp1004:
	.loc	5 3534 9 is_stmt 0              @ ../Drivers/STM32H7xx_HAL_Driver/Src/stm32h7xx_hal_rcc_ex.c:3534:9
	lsls	r5, r5, #22
	bpl	.LBB20_14
.Ltmp1005:
.LBB20_24:                              @   in Loop: Header=BB20_15 Depth=1
	@DEBUG_VALUE: HAL_RCCEx_CRSWaitSynchronization:crsstatus <- $r0
	@DEBUG_VALUE: HAL_RCCEx_CRSWaitSynchronization:Timeout <- $r4
	.loc	5 3537 17 is_stmt 1             @ ../Drivers/STM32H7xx_HAL_Driver/Src/stm32h7xx_hal_rcc_ex.c:3537:17
	orr	r0, r0, #16
.Ltmp1006:
	@DEBUG_VALUE: HAL_RCCEx_CRSWaitSynchronization:crsstatus <- $r0
	.loc	5 3540 7                        @ ../Drivers/STM32H7xx_HAL_Driver/Src/stm32h7xx_hal_rcc_ex.c:3540:7
	str	r2, [r6, #4]
	b	.LBB20_14
.Ltmp1007:
	.loc	5 0 7 is_stmt 0                 @ :0:7
.Ltmp1008:
	.p2align	2
.LBB20_25:
	@DEBUG_VALUE: HAL_RCCEx_CRSWaitSynchronization:crsstatus <- $r0
	@DEBUG_VALUE: HAL_RCCEx_CRSWaitSynchronization:Timeout <- $r4
	.loc	5 3552 3 epilogue_begin is_stmt 1 @ ../Drivers/STM32H7xx_HAL_Driver/Src/stm32h7xx_hal_rcc_ex.c:3552:3
	add	sp, #4
	pop.w	{r4, r5, r6, r7, r8, r9, r10, r11, pc}
.Ltmp1009:
.Lfunc_end20:
	.size	HAL_RCCEx_CRSWaitSynchronization, .Lfunc_end20-HAL_RCCEx_CRSWaitSynchronization
	.cfi_endproc
	.cantunwind
	.fnend
                                        @ -- End function
	.section	.text.HAL_RCCEx_CRS_IRQHandler,"ax",%progbits
	.hidden	HAL_RCCEx_CRS_IRQHandler        @ -- Begin function HAL_RCCEx_CRS_IRQHandler
	.globl	HAL_RCCEx_CRS_IRQHandler
	.p2align	3
	.type	HAL_RCCEx_CRS_IRQHandler,%function
	.code	16                              @ @HAL_RCCEx_CRS_IRQHandler
	.thumb_func
HAL_RCCEx_CRS_IRQHandler:
.Lfunc_begin21:
	.loc	5 3560 0                        @ ../Drivers/STM32H7xx_HAL_Driver/Src/stm32h7xx_hal_rcc_ex.c:3560:0
	.fnstart
	.cfi_startproc
@ %bb.0:
	movw	r1, #33804
	movt	r1, #16384
.Ltmp1010:
	@DEBUG_VALUE: HAL_RCCEx_CRS_IRQHandler:crserror <- 0
	.loc	5 3563 22 prologue_end          @ ../Drivers/STM32H7xx_HAL_Driver/Src/stm32h7xx_hal_rcc_ex.c:3563:22
	ldr	r0, [r1, #-4]
.Ltmp1011:
	@DEBUG_VALUE: HAL_RCCEx_CRS_IRQHandler:itflags <- $r0
	.loc	5 3567 47                       @ ../Drivers/STM32H7xx_HAL_Driver/Src/stm32h7xx_hal_rcc_ex.c:3567:47
	lsls	r2, r0, #31
.Ltmp1012:
	.loc	5 3564 24                       @ ../Drivers/STM32H7xx_HAL_Driver/Src/stm32h7xx_hal_rcc_ex.c:3564:24
	ldr	r2, [r1, #-12]
.Ltmp1013:
	@DEBUG_VALUE: HAL_RCCEx_CRS_IRQHandler:itsources <- $r2
	.loc	5 0 24 is_stmt 0                @ ../Drivers/STM32H7xx_HAL_Driver/Src/stm32h7xx_hal_rcc_ex.c:0:24
	it	ne
	andsne	r3, r2, #1
	bne	.LBB21_4
.Ltmp1014:
@ %bb.1:
	@DEBUG_VALUE: HAL_RCCEx_CRS_IRQHandler:itsources <- $r2
	@DEBUG_VALUE: HAL_RCCEx_CRS_IRQHandler:itflags <- $r0
	@DEBUG_VALUE: HAL_RCCEx_CRS_IRQHandler:crserror <- 0
	.loc	5 3576 54 is_stmt 1             @ ../Drivers/STM32H7xx_HAL_Driver/Src/stm32h7xx_hal_rcc_ex.c:3576:54
	lsls	r3, r0, #30
	bpl	.LBB21_5
.Ltmp1015:
@ %bb.2:
	@DEBUG_VALUE: HAL_RCCEx_CRS_IRQHandler:itsources <- $r2
	@DEBUG_VALUE: HAL_RCCEx_CRS_IRQHandler:itflags <- $r0
	@DEBUG_VALUE: HAL_RCCEx_CRS_IRQHandler:crserror <- 0
	.loc	5 0 54 is_stmt 0                @ ../Drivers/STM32H7xx_HAL_Driver/Src/stm32h7xx_hal_rcc_ex.c:0:54
	ands	r3, r2, #2
	.loc	5 3576 54                       @ ../Drivers/STM32H7xx_HAL_Driver/Src/stm32h7xx_hal_rcc_ex.c:3576:54
	beq	.LBB21_5
.Ltmp1016:
@ %bb.3:
	@DEBUG_VALUE: HAL_RCCEx_CRS_IRQHandler:itsources <- $r2
	@DEBUG_VALUE: HAL_RCCEx_CRS_IRQHandler:itflags <- $r0
	@DEBUG_VALUE: HAL_RCCEx_CRS_IRQHandler:crserror <- 0
	.loc	5 0 54                          @ ../Drivers/STM32H7xx_HAL_Driver/Src/stm32h7xx_hal_rcc_ex.c:0:54
	movs	r0, #2
.Ltmp1017:
	.loc	5 3579 5 is_stmt 1              @ ../Drivers/STM32H7xx_HAL_Driver/Src/stm32h7xx_hal_rcc_ex.c:3579:5
	str	r0, [r1]
.Ltmp1018:
	.loc	5 3582 5                        @ ../Drivers/STM32H7xx_HAL_Driver/Src/stm32h7xx_hal_rcc_ex.c:3582:5
	b	HAL_RCCEx_CRS_SyncWarnCallback
.Ltmp1019:
	.loc	5 0 5 is_stmt 0                 @ :0:5
.Ltmp1020:
	.p2align	2
.LBB21_4:
	@DEBUG_VALUE: HAL_RCCEx_CRS_IRQHandler:itsources <- $r2
	@DEBUG_VALUE: HAL_RCCEx_CRS_IRQHandler:itflags <- $r0
	@DEBUG_VALUE: HAL_RCCEx_CRS_IRQHandler:crserror <- 0
	movs	r0, #1
.Ltmp1021:
	.loc	5 3570 5 is_stmt 1              @ ../Drivers/STM32H7xx_HAL_Driver/Src/stm32h7xx_hal_rcc_ex.c:3570:5
	str	r0, [r1]
.Ltmp1022:
	.loc	5 3573 5                        @ ../Drivers/STM32H7xx_HAL_Driver/Src/stm32h7xx_hal_rcc_ex.c:3573:5
	b	HAL_RCCEx_CRS_SyncOkCallback
.Ltmp1023:
	.loc	5 0 5 is_stmt 0                 @ :0:5
.Ltmp1024:
	.p2align	2
.LBB21_5:
	@DEBUG_VALUE: HAL_RCCEx_CRS_IRQHandler:itsources <- $r2
	@DEBUG_VALUE: HAL_RCCEx_CRS_IRQHandler:itflags <- $r0
	@DEBUG_VALUE: HAL_RCCEx_CRS_IRQHandler:crserror <- 0
	.loc	5 3585 51 is_stmt 1             @ ../Drivers/STM32H7xx_HAL_Driver/Src/stm32h7xx_hal_rcc_ex.c:3585:51
	lsls	r3, r0, #28
	bpl	.LBB21_8
.Ltmp1025:
@ %bb.6:
	@DEBUG_VALUE: HAL_RCCEx_CRS_IRQHandler:itsources <- $r2
	@DEBUG_VALUE: HAL_RCCEx_CRS_IRQHandler:itflags <- $r0
	@DEBUG_VALUE: HAL_RCCEx_CRS_IRQHandler:crserror <- 0
	.loc	5 0 51 is_stmt 0                @ ../Drivers/STM32H7xx_HAL_Driver/Src/stm32h7xx_hal_rcc_ex.c:0:51
	ands	r3, r2, #8
	.loc	5 3585 51                       @ ../Drivers/STM32H7xx_HAL_Driver/Src/stm32h7xx_hal_rcc_ex.c:3585:51
	beq	.LBB21_8
.Ltmp1026:
@ %bb.7:
	@DEBUG_VALUE: HAL_RCCEx_CRS_IRQHandler:itsources <- $r2
	@DEBUG_VALUE: HAL_RCCEx_CRS_IRQHandler:itflags <- $r0
	@DEBUG_VALUE: HAL_RCCEx_CRS_IRQHandler:crserror <- 0
	.loc	5 0 51                          @ ../Drivers/STM32H7xx_HAL_Driver/Src/stm32h7xx_hal_rcc_ex.c:0:51
	movs	r0, #8
.Ltmp1027:
	.loc	5 3588 5 is_stmt 1              @ ../Drivers/STM32H7xx_HAL_Driver/Src/stm32h7xx_hal_rcc_ex.c:3588:5
	str	r0, [r1]
.Ltmp1028:
	.loc	5 3591 5                        @ ../Drivers/STM32H7xx_HAL_Driver/Src/stm32h7xx_hal_rcc_ex.c:3591:5
	b	HAL_RCCEx_CRS_ExpectedSyncCallback
.Ltmp1029:
	.loc	5 0 5 is_stmt 0                 @ :0:5
.Ltmp1030:
	.p2align	2
.LBB21_8:
	@DEBUG_VALUE: HAL_RCCEx_CRS_IRQHandler:itsources <- $r2
	@DEBUG_VALUE: HAL_RCCEx_CRS_IRQHandler:itflags <- $r0
	@DEBUG_VALUE: HAL_RCCEx_CRS_IRQHandler:crserror <- 0
	.loc	5 3596 46 is_stmt 1             @ ../Drivers/STM32H7xx_HAL_Driver/Src/stm32h7xx_hal_rcc_ex.c:3596:46
	lsls	r3, r0, #29
	bpl	.LBB21_11
.Ltmp1031:
@ %bb.9:
	@DEBUG_VALUE: HAL_RCCEx_CRS_IRQHandler:itsources <- $r2
	@DEBUG_VALUE: HAL_RCCEx_CRS_IRQHandler:itflags <- $r0
	@DEBUG_VALUE: HAL_RCCEx_CRS_IRQHandler:crserror <- 0
	.loc	5 0 46 is_stmt 0                @ ../Drivers/STM32H7xx_HAL_Driver/Src/stm32h7xx_hal_rcc_ex.c:0:46
	ands	r2, r2, #4
.Ltmp1032:
	.loc	5 3618 1 is_stmt 1              @ ../Drivers/STM32H7xx_HAL_Driver/Src/stm32h7xx_hal_rcc_ex.c:3618:1
	it	eq
	bxeq	lr
.Ltmp1033:
.LBB21_10:
	@DEBUG_VALUE: HAL_RCCEx_CRS_IRQHandler:itflags <- $r0
	@DEBUG_VALUE: HAL_RCCEx_CRS_IRQHandler:crserror <- 0
	@DEBUG_VALUE: HAL_RCCEx_CRS_IRQHandler:crserror <- undef
	.loc	5 0 1 is_stmt 0                 @ ../Drivers/STM32H7xx_HAL_Driver/Src/stm32h7xx_hal_rcc_ex.c:0:1
	movs	r2, #56
.Ltmp1034:
	.loc	5 3606 11 is_stmt 1             @ ../Drivers/STM32H7xx_HAL_Driver/Src/stm32h7xx_hal_rcc_ex.c:3606:11
	and.w	r0, r2, r0, lsr #5
.Ltmp1035:
	@DEBUG_VALUE: HAL_RCCEx_CRS_IRQHandler:crserror <- $r0
	.loc	5 0 11 is_stmt 0                @ ../Drivers/STM32H7xx_HAL_Driver/Src/stm32h7xx_hal_rcc_ex.c:0:11
	movs	r2, #4
	.loc	5 3612 7 is_stmt 1              @ ../Drivers/STM32H7xx_HAL_Driver/Src/stm32h7xx_hal_rcc_ex.c:3612:7
	str	r2, [r1]
.Ltmp1036:
	.loc	5 3615 7                        @ ../Drivers/STM32H7xx_HAL_Driver/Src/stm32h7xx_hal_rcc_ex.c:3615:7
	b	HAL_RCCEx_CRS_ErrorCallback
.Ltmp1037:
	.loc	5 0 7 is_stmt 0                 @ :0:7
.Ltmp1038:
	.p2align	2
.LBB21_11:
	@DEBUG_VALUE: HAL_RCCEx_CRS_IRQHandler:itsources <- $r2
	@DEBUG_VALUE: HAL_RCCEx_CRS_IRQHandler:itflags <- $r0
	@DEBUG_VALUE: HAL_RCCEx_CRS_IRQHandler:crserror <- 0
	.loc	5 3618 1 is_stmt 1              @ ../Drivers/STM32H7xx_HAL_Driver/Src/stm32h7xx_hal_rcc_ex.c:3618:1
	bx	lr
.Ltmp1039:
.Lfunc_end21:
	.size	HAL_RCCEx_CRS_IRQHandler, .Lfunc_end21-HAL_RCCEx_CRS_IRQHandler
	.cfi_endproc
	.cantunwind
	.fnend
                                        @ -- End function
	.section	.text.HAL_RCCEx_CRS_SyncOkCallback,"ax",%progbits
	.hidden	HAL_RCCEx_CRS_SyncOkCallback    @ -- Begin function HAL_RCCEx_CRS_SyncOkCallback
	.weak	HAL_RCCEx_CRS_SyncOkCallback
	.p2align	3
	.type	HAL_RCCEx_CRS_SyncOkCallback,%function
	.code	16                              @ @HAL_RCCEx_CRS_SyncOkCallback
	.thumb_func
HAL_RCCEx_CRS_SyncOkCallback:
.Lfunc_begin22:
	.fnstart
	.cfi_startproc
@ %bb.0:
	.loc	5 3629 1 prologue_end           @ ../Drivers/STM32H7xx_HAL_Driver/Src/stm32h7xx_hal_rcc_ex.c:3629:1
	bx	lr
.Ltmp1040:
.Lfunc_end22:
	.size	HAL_RCCEx_CRS_SyncOkCallback, .Lfunc_end22-HAL_RCCEx_CRS_SyncOkCallback
	.cfi_endproc
	.cantunwind
	.fnend
                                        @ -- End function
	.section	.text.HAL_RCCEx_CRS_SyncWarnCallback,"ax",%progbits
	.hidden	HAL_RCCEx_CRS_SyncWarnCallback  @ -- Begin function HAL_RCCEx_CRS_SyncWarnCallback
	.weak	HAL_RCCEx_CRS_SyncWarnCallback
	.p2align	3
	.type	HAL_RCCEx_CRS_SyncWarnCallback,%function
	.code	16                              @ @HAL_RCCEx_CRS_SyncWarnCallback
	.thumb_func
HAL_RCCEx_CRS_SyncWarnCallback:
.Lfunc_begin23:
	.fnstart
	.cfi_startproc
@ %bb.0:
	.loc	5 3640 1 prologue_end           @ ../Drivers/STM32H7xx_HAL_Driver/Src/stm32h7xx_hal_rcc_ex.c:3640:1
	bx	lr
.Ltmp1041:
.Lfunc_end23:
	.size	HAL_RCCEx_CRS_SyncWarnCallback, .Lfunc_end23-HAL_RCCEx_CRS_SyncWarnCallback
	.cfi_endproc
	.cantunwind
	.fnend
                                        @ -- End function
	.section	.text.HAL_RCCEx_CRS_ExpectedSyncCallback,"ax",%progbits
	.hidden	HAL_RCCEx_CRS_ExpectedSyncCallback @ -- Begin function HAL_RCCEx_CRS_ExpectedSyncCallback
	.weak	HAL_RCCEx_CRS_ExpectedSyncCallback
	.p2align	3
	.type	HAL_RCCEx_CRS_ExpectedSyncCallback,%function
	.code	16                              @ @HAL_RCCEx_CRS_ExpectedSyncCallback
	.thumb_func
HAL_RCCEx_CRS_ExpectedSyncCallback:
.Lfunc_begin24:
	.fnstart
	.cfi_startproc
@ %bb.0:
	.loc	5 3651 1 prologue_end           @ ../Drivers/STM32H7xx_HAL_Driver/Src/stm32h7xx_hal_rcc_ex.c:3651:1
	bx	lr
.Ltmp1042:
.Lfunc_end24:
	.size	HAL_RCCEx_CRS_ExpectedSyncCallback, .Lfunc_end24-HAL_RCCEx_CRS_ExpectedSyncCallback
	.cfi_endproc
	.cantunwind
	.fnend
                                        @ -- End function
	.section	.text.HAL_RCCEx_CRS_ErrorCallback,"ax",%progbits
	.hidden	HAL_RCCEx_CRS_ErrorCallback     @ -- Begin function HAL_RCCEx_CRS_ErrorCallback
	.weak	HAL_RCCEx_CRS_ErrorCallback
	.p2align	3
	.type	HAL_RCCEx_CRS_ErrorCallback,%function
	.code	16                              @ @HAL_RCCEx_CRS_ErrorCallback
	.thumb_func
HAL_RCCEx_CRS_ErrorCallback:
.Lfunc_begin25:
	.fnstart
	.cfi_startproc
@ %bb.0:
	@DEBUG_VALUE: HAL_RCCEx_CRS_ErrorCallback:Error <- $r0
	.loc	5 3670 1 prologue_end           @ ../Drivers/STM32H7xx_HAL_Driver/Src/stm32h7xx_hal_rcc_ex.c:3670:1
	bx	lr
.Ltmp1043:
.Lfunc_end25:
	.size	HAL_RCCEx_CRS_ErrorCallback, .Lfunc_end25-HAL_RCCEx_CRS_ErrorCallback
	.cfi_endproc
	.cantunwind
	.fnend
                                        @ -- End function
	.section	.text.HAL_RCCEx_LSECSS_IRQHandler,"ax",%progbits
	.hidden	HAL_RCCEx_LSECSS_IRQHandler     @ -- Begin function HAL_RCCEx_LSECSS_IRQHandler
	.globl	HAL_RCCEx_LSECSS_IRQHandler
	.p2align	3
	.type	HAL_RCCEx_LSECSS_IRQHandler,%function
	.code	16                              @ @HAL_RCCEx_LSECSS_IRQHandler
	.thumb_func
HAL_RCCEx_LSECSS_IRQHandler:
.Lfunc_begin26:
	.loc	5 3896 0                        @ ../Drivers/STM32H7xx_HAL_Driver/Src/stm32h7xx_hal_rcc_ex.c:3896:0
	.fnstart
	.cfi_startproc
@ %bb.0:
	movw	r0, #17508
	movt	r0, #22530
.Ltmp1044:
	.loc	5 3898 7 prologue_end           @ ../Drivers/STM32H7xx_HAL_Driver/Src/stm32h7xx_hal_rcc_ex.c:3898:7
	ldr	r1, [r0]
.Ltmp1045:
	.loc	5 3898 7 is_stmt 0              @ ../Drivers/STM32H7xx_HAL_Driver/Src/stm32h7xx_hal_rcc_ex.c:3898:7
	lsls	r1, r1, #22
	.loc	5 3908 1 is_stmt 1              @ ../Drivers/STM32H7xx_HAL_Driver/Src/stm32h7xx_hal_rcc_ex.c:3908:1
	it	pl
	bxpl	lr
.LBB26_1:
	.loc	5 0 1 is_stmt 0                 @ ../Drivers/STM32H7xx_HAL_Driver/Src/stm32h7xx_hal_rcc_ex.c:0:1
	mov.w	r1, #512
.Ltmp1046:
	.loc	5 3902 5 is_stmt 1              @ ../Drivers/STM32H7xx_HAL_Driver/Src/stm32h7xx_hal_rcc_ex.c:3902:5
	str	r1, [r0, #4]
.Ltmp1047:
	.loc	5 3905 5                        @ ../Drivers/STM32H7xx_HAL_Driver/Src/stm32h7xx_hal_rcc_ex.c:3905:5
	b	HAL_RCCEx_LSECSS_Callback
.Ltmp1048:
.Lfunc_end26:
	.size	HAL_RCCEx_LSECSS_IRQHandler, .Lfunc_end26-HAL_RCCEx_LSECSS_IRQHandler
	.cfi_endproc
	.cantunwind
	.fnend
                                        @ -- End function
	.section	.text.HAL_RCCEx_LSECSS_Callback,"ax",%progbits
	.hidden	HAL_RCCEx_LSECSS_Callback       @ -- Begin function HAL_RCCEx_LSECSS_Callback
	.weak	HAL_RCCEx_LSECSS_Callback
	.p2align	3
	.type	HAL_RCCEx_LSECSS_Callback,%function
	.code	16                              @ @HAL_RCCEx_LSECSS_Callback
	.thumb_func
HAL_RCCEx_LSECSS_Callback:
.Lfunc_begin27:
	.fnstart
	.cfi_startproc
@ %bb.0:
	.loc	5 3919 1 prologue_end           @ ../Drivers/STM32H7xx_HAL_Driver/Src/stm32h7xx_hal_rcc_ex.c:3919:1
	bx	lr
.Ltmp1049:
.Lfunc_end27:
	.size	HAL_RCCEx_LSECSS_Callback, .Lfunc_end27-HAL_RCCEx_LSECSS_Callback
	.cfi_endproc
	.cantunwind
	.fnend
                                        @ -- End function
	.file	7 "D:\\EV\\testadc\\MDK-ARM" "../Drivers/STM32H7xx_HAL_Driver/Inc\\stm32h7xx_hal_rcc_ex.h"
	.section	.debug_loc,"",%progbits
.Ldebug_loc0:
	.long	-1
	.long	.Lfunc_begin0                   @   base address
	.long	.Lfunc_begin0-.Lfunc_begin0
	.long	.Ltmp0-.Lfunc_begin0
	.short	1                               @ Loc expr size
	.byte	80                              @ DW_OP_reg0
	.long	.Ltmp0-.Lfunc_begin0
	.long	.Ltmp5-.Lfunc_begin0
	.short	1                               @ Loc expr size
	.byte	84                              @ DW_OP_reg4
	.long	.Ltmp6-.Lfunc_begin0
	.long	.Ltmp25-.Lfunc_begin0
	.short	1                               @ Loc expr size
	.byte	84                              @ DW_OP_reg4
	.long	.Ltmp26-.Lfunc_begin0
	.long	.Ltmp41-.Lfunc_begin0
	.short	1                               @ Loc expr size
	.byte	84                              @ DW_OP_reg4
	.long	.Ltmp42-.Lfunc_begin0
	.long	.Ltmp61-.Lfunc_begin0
	.short	1                               @ Loc expr size
	.byte	84                              @ DW_OP_reg4
	.long	.Ltmp62-.Lfunc_begin0
	.long	.Ltmp82-.Lfunc_begin0
	.short	1                               @ Loc expr size
	.byte	84                              @ DW_OP_reg4
	.long	.Ltmp83-.Lfunc_begin0
	.long	.Ltmp103-.Lfunc_begin0
	.short	1                               @ Loc expr size
	.byte	84                              @ DW_OP_reg4
	.long	.Ltmp104-.Lfunc_begin0
	.long	.Ltmp126-.Lfunc_begin0
	.short	1                               @ Loc expr size
	.byte	84                              @ DW_OP_reg4
	.long	.Ltmp127-.Lfunc_begin0
	.long	.Ltmp142-.Lfunc_begin0
	.short	1                               @ Loc expr size
	.byte	84                              @ DW_OP_reg4
	.long	.Ltmp143-.Lfunc_begin0
	.long	.Ltmp171-.Lfunc_begin0
	.short	1                               @ Loc expr size
	.byte	84                              @ DW_OP_reg4
	.long	.Ltmp172-.Lfunc_begin0
	.long	.Ltmp209-.Lfunc_begin0
	.short	1                               @ Loc expr size
	.byte	84                              @ DW_OP_reg4
	.long	.Ltmp210-.Lfunc_begin0
	.long	.Ltmp239-.Lfunc_begin0
	.short	1                               @ Loc expr size
	.byte	84                              @ DW_OP_reg4
	.long	.Ltmp240-.Lfunc_begin0
	.long	.Ltmp284-.Lfunc_begin0
	.short	1                               @ Loc expr size
	.byte	84                              @ DW_OP_reg4
	.long	.Ltmp285-.Lfunc_begin0
	.long	.Ltmp308-.Lfunc_begin0
	.short	1                               @ Loc expr size
	.byte	84                              @ DW_OP_reg4
	.long	.Ltmp309-.Lfunc_begin0
	.long	.Ltmp332-.Lfunc_begin0
	.short	1                               @ Loc expr size
	.byte	84                              @ DW_OP_reg4
	.long	.Ltmp333-.Lfunc_begin0
	.long	.Ltmp356-.Lfunc_begin0
	.short	1                               @ Loc expr size
	.byte	84                              @ DW_OP_reg4
	.long	.Ltmp357-.Lfunc_begin0
	.long	.Ltmp380-.Lfunc_begin0
	.short	1                               @ Loc expr size
	.byte	84                              @ DW_OP_reg4
	.long	.Ltmp381-.Lfunc_begin0
	.long	.Lfunc_end0-.Lfunc_begin0
	.short	1                               @ Loc expr size
	.byte	84                              @ DW_OP_reg4
	.long	0
	.long	0
.Ldebug_loc1:
	.long	-1
	.long	.Lfunc_begin0                   @   base address
	.long	.Ltmp2-.Lfunc_begin0
	.long	.Ltmp5-.Lfunc_begin0
	.short	2                               @ Loc expr size
	.byte	48                              @ DW_OP_lit0
	.byte	159                             @ DW_OP_stack_value
	.long	.Ltmp6-.Lfunc_begin0
	.long	.Ltmp17-.Lfunc_begin0
	.short	2                               @ Loc expr size
	.byte	48                              @ DW_OP_lit0
	.byte	159                             @ DW_OP_stack_value
	.long	.Ltmp17-.Lfunc_begin0
	.long	.Ltmp20-.Lfunc_begin0
	.short	1                               @ Loc expr size
	.byte	86                              @ DW_OP_reg6
	.long	.Ltmp20-.Lfunc_begin0
	.long	.Ltmp21-.Lfunc_begin0
	.short	2                               @ Loc expr size
	.byte	48                              @ DW_OP_lit0
	.byte	159                             @ DW_OP_stack_value
	.long	.Ltmp21-.Lfunc_begin0
	.long	.Ltmp25-.Lfunc_begin0
	.short	1                               @ Loc expr size
	.byte	86                              @ DW_OP_reg6
	.long	.Ltmp26-.Lfunc_begin0
	.long	.Ltmp37-.Lfunc_begin0
	.short	1                               @ Loc expr size
	.byte	86                              @ DW_OP_reg6
	.long	.Ltmp37-.Lfunc_begin0
	.long	.Ltmp41-.Lfunc_begin0
	.short	1                               @ Loc expr size
	.byte	87                              @ DW_OP_reg7
	.long	.Ltmp42-.Lfunc_begin0
	.long	.Ltmp52-.Lfunc_begin0
	.short	1                               @ Loc expr size
	.byte	87                              @ DW_OP_reg7
	.long	.Ltmp52-.Lfunc_begin0
	.long	.Ltmp54-.Lfunc_begin0
	.short	1                               @ Loc expr size
	.byte	86                              @ DW_OP_reg6
	.long	.Ltmp54-.Lfunc_begin0
	.long	.Ltmp57-.Lfunc_begin0
	.short	1                               @ Loc expr size
	.byte	87                              @ DW_OP_reg7
	.long	.Ltmp57-.Lfunc_begin0
	.long	.Ltmp61-.Lfunc_begin0
	.short	1                               @ Loc expr size
	.byte	86                              @ DW_OP_reg6
	.long	.Ltmp62-.Lfunc_begin0
	.long	.Ltmp72-.Lfunc_begin0
	.short	1                               @ Loc expr size
	.byte	86                              @ DW_OP_reg6
	.long	.Ltmp72-.Lfunc_begin0
	.long	.Ltmp75-.Lfunc_begin0
	.short	1                               @ Loc expr size
	.byte	87                              @ DW_OP_reg7
	.long	.Ltmp75-.Lfunc_begin0
	.long	.Ltmp78-.Lfunc_begin0
	.short	1                               @ Loc expr size
	.byte	86                              @ DW_OP_reg6
	.long	.Ltmp78-.Lfunc_begin0
	.long	.Ltmp82-.Lfunc_begin0
	.short	1                               @ Loc expr size
	.byte	89                              @ DW_OP_reg9
	.long	.Ltmp83-.Lfunc_begin0
	.long	.Ltmp93-.Lfunc_begin0
	.short	1                               @ Loc expr size
	.byte	89                              @ DW_OP_reg9
	.long	.Ltmp93-.Lfunc_begin0
	.long	.Ltmp96-.Lfunc_begin0
	.short	1                               @ Loc expr size
	.byte	86                              @ DW_OP_reg6
	.long	.Ltmp96-.Lfunc_begin0
	.long	.Ltmp99-.Lfunc_begin0
	.short	1                               @ Loc expr size
	.byte	89                              @ DW_OP_reg9
	.long	.Ltmp99-.Lfunc_begin0
	.long	.Ltmp103-.Lfunc_begin0
	.short	1                               @ Loc expr size
	.byte	87                              @ DW_OP_reg7
	.long	.Ltmp104-.Lfunc_begin0
	.long	.Ltmp114-.Lfunc_begin0
	.short	1                               @ Loc expr size
	.byte	87                              @ DW_OP_reg7
	.long	.Ltmp114-.Lfunc_begin0
	.long	.Ltmp116-.Lfunc_begin0
	.short	1                               @ Loc expr size
	.byte	86                              @ DW_OP_reg6
	.long	.Ltmp116-.Lfunc_begin0
	.long	.Ltmp119-.Lfunc_begin0
	.short	1                               @ Loc expr size
	.byte	89                              @ DW_OP_reg9
	.long	.Ltmp119-.Lfunc_begin0
	.long	.Ltmp122-.Lfunc_begin0
	.short	1                               @ Loc expr size
	.byte	87                              @ DW_OP_reg7
	.long	.Ltmp122-.Lfunc_begin0
	.long	.Ltmp126-.Lfunc_begin0
	.short	1                               @ Loc expr size
	.byte	86                              @ DW_OP_reg6
	.long	.Ltmp127-.Lfunc_begin0
	.long	.Ltmp138-.Lfunc_begin0
	.short	1                               @ Loc expr size
	.byte	86                              @ DW_OP_reg6
	.long	.Ltmp138-.Lfunc_begin0
	.long	.Ltmp142-.Lfunc_begin0
	.short	1                               @ Loc expr size
	.byte	87                              @ DW_OP_reg7
	.long	.Ltmp143-.Lfunc_begin0
	.long	.Ltmp144-.Lfunc_begin0
	.short	1                               @ Loc expr size
	.byte	87                              @ DW_OP_reg7
	.long	.Ltmp144-.Lfunc_begin0
	.long	.Ltmp147-.Lfunc_begin0
	.short	1                               @ Loc expr size
	.byte	86                              @ DW_OP_reg6
	.long	.Ltmp147-.Lfunc_begin0
	.long	.Ltmp154-.Lfunc_begin0
	.short	1                               @ Loc expr size
	.byte	87                              @ DW_OP_reg7
	.long	.Ltmp154-.Lfunc_begin0
	.long	.Ltmp156-.Lfunc_begin0
	.short	1                               @ Loc expr size
	.byte	86                              @ DW_OP_reg6
	.long	.Ltmp156-.Lfunc_begin0
	.long	.Ltmp161-.Lfunc_begin0
	.short	1                               @ Loc expr size
	.byte	87                              @ DW_OP_reg7
	.long	.Ltmp161-.Lfunc_begin0
	.long	.Ltmp163-.Lfunc_begin0
	.short	1                               @ Loc expr size
	.byte	86                              @ DW_OP_reg6
	.long	.Ltmp163-.Lfunc_begin0
	.long	.Ltmp167-.Lfunc_begin0
	.short	1                               @ Loc expr size
	.byte	87                              @ DW_OP_reg7
	.long	.Ltmp167-.Lfunc_begin0
	.long	.Ltmp171-.Lfunc_begin0
	.short	1                               @ Loc expr size
	.byte	86                              @ DW_OP_reg6
	.long	.Ltmp172-.Lfunc_begin0
	.long	.Ltmp178-.Lfunc_begin0
	.short	1                               @ Loc expr size
	.byte	86                              @ DW_OP_reg6
	.long	.Ltmp178-.Lfunc_begin0
	.long	.Ltmp180-.Lfunc_begin0
	.short	1                               @ Loc expr size
	.byte	87                              @ DW_OP_reg7
	.long	.Ltmp180-.Lfunc_begin0
	.long	.Ltmp185-.Lfunc_begin0
	.short	1                               @ Loc expr size
	.byte	86                              @ DW_OP_reg6
	.long	.Ltmp185-.Lfunc_begin0
	.long	.Ltmp187-.Lfunc_begin0
	.short	1                               @ Loc expr size
	.byte	87                              @ DW_OP_reg7
	.long	.Ltmp187-.Lfunc_begin0
	.long	.Ltmp191-.Lfunc_begin0
	.short	1                               @ Loc expr size
	.byte	86                              @ DW_OP_reg6
	.long	.Ltmp191-.Lfunc_begin0
	.long	.Ltmp205-.Lfunc_begin0
	.short	1                               @ Loc expr size
	.byte	87                              @ DW_OP_reg7
	.long	.Ltmp205-.Lfunc_begin0
	.long	.Ltmp209-.Lfunc_begin0
	.short	1                               @ Loc expr size
	.byte	86                              @ DW_OP_reg6
	.long	.Ltmp210-.Lfunc_begin0
	.long	.Ltmp214-.Lfunc_begin0
	.short	1                               @ Loc expr size
	.byte	86                              @ DW_OP_reg6
	.long	.Ltmp214-.Lfunc_begin0
	.long	.Ltmp217-.Lfunc_begin0
	.short	1                               @ Loc expr size
	.byte	87                              @ DW_OP_reg7
	.long	.Ltmp217-.Lfunc_begin0
	.long	.Ltmp220-.Lfunc_begin0
	.short	1                               @ Loc expr size
	.byte	86                              @ DW_OP_reg6
	.long	.Ltmp220-.Lfunc_begin0
	.long	.Ltmp223-.Lfunc_begin0
	.short	1                               @ Loc expr size
	.byte	89                              @ DW_OP_reg9
	.long	.Ltmp223-.Lfunc_begin0
	.long	.Ltmp224-.Lfunc_begin0
	.short	1                               @ Loc expr size
	.byte	87                              @ DW_OP_reg7
	.long	.Ltmp224-.Lfunc_begin0
	.long	.Ltmp235-.Lfunc_begin0
	.short	1                               @ Loc expr size
	.byte	89                              @ DW_OP_reg9
	.long	.Ltmp235-.Lfunc_begin0
	.long	.Ltmp239-.Lfunc_begin0
	.short	1                               @ Loc expr size
	.byte	87                              @ DW_OP_reg7
	.long	.Ltmp240-.Lfunc_begin0
	.long	.Ltmp241-.Lfunc_begin0
	.short	1                               @ Loc expr size
	.byte	87                              @ DW_OP_reg7
	.long	.Ltmp241-.Lfunc_begin0
	.long	.Ltmp248-.Lfunc_begin0
	.short	1                               @ Loc expr size
	.byte	86                              @ DW_OP_reg6
	.long	.Ltmp248-.Lfunc_begin0
	.long	.Ltmp262-.Lfunc_begin0
	.short	1                               @ Loc expr size
	.byte	89                              @ DW_OP_reg9
	.long	.Ltmp262-.Lfunc_begin0
	.long	.Ltmp267-.Lfunc_begin0
	.short	1                               @ Loc expr size
	.byte	87                              @ DW_OP_reg7
	.long	.Ltmp267-.Lfunc_begin0
	.long	.Ltmp269-.Lfunc_begin0
	.short	1                               @ Loc expr size
	.byte	86                              @ DW_OP_reg6
	.long	.Ltmp269-.Lfunc_begin0
	.long	.Ltmp274-.Lfunc_begin0
	.short	1                               @ Loc expr size
	.byte	87                              @ DW_OP_reg7
	.long	.Ltmp274-.Lfunc_begin0
	.long	.Ltmp276-.Lfunc_begin0
	.short	1                               @ Loc expr size
	.byte	86                              @ DW_OP_reg6
	.long	.Ltmp276-.Lfunc_begin0
	.long	.Ltmp280-.Lfunc_begin0
	.short	1                               @ Loc expr size
	.byte	87                              @ DW_OP_reg7
	.long	.Ltmp280-.Lfunc_begin0
	.long	.Ltmp284-.Lfunc_begin0
	.short	1                               @ Loc expr size
	.byte	86                              @ DW_OP_reg6
	.long	.Ltmp285-.Lfunc_begin0
	.long	.Ltmp291-.Lfunc_begin0
	.short	1                               @ Loc expr size
	.byte	86                              @ DW_OP_reg6
	.long	.Ltmp291-.Lfunc_begin0
	.long	.Ltmp293-.Lfunc_begin0
	.short	1                               @ Loc expr size
	.byte	87                              @ DW_OP_reg7
	.long	.Ltmp293-.Lfunc_begin0
	.long	.Ltmp298-.Lfunc_begin0
	.short	1                               @ Loc expr size
	.byte	86                              @ DW_OP_reg6
	.long	.Ltmp298-.Lfunc_begin0
	.long	.Ltmp300-.Lfunc_begin0
	.short	1                               @ Loc expr size
	.byte	87                              @ DW_OP_reg7
	.long	.Ltmp300-.Lfunc_begin0
	.long	.Ltmp304-.Lfunc_begin0
	.short	1                               @ Loc expr size
	.byte	86                              @ DW_OP_reg6
	.long	.Ltmp304-.Lfunc_begin0
	.long	.Ltmp308-.Lfunc_begin0
	.short	1                               @ Loc expr size
	.byte	87                              @ DW_OP_reg7
	.long	.Ltmp309-.Lfunc_begin0
	.long	.Ltmp315-.Lfunc_begin0
	.short	1                               @ Loc expr size
	.byte	87                              @ DW_OP_reg7
	.long	.Ltmp315-.Lfunc_begin0
	.long	.Ltmp317-.Lfunc_begin0
	.short	1                               @ Loc expr size
	.byte	86                              @ DW_OP_reg6
	.long	.Ltmp317-.Lfunc_begin0
	.long	.Ltmp322-.Lfunc_begin0
	.short	1                               @ Loc expr size
	.byte	87                              @ DW_OP_reg7
	.long	.Ltmp322-.Lfunc_begin0
	.long	.Ltmp324-.Lfunc_begin0
	.short	1                               @ Loc expr size
	.byte	86                              @ DW_OP_reg6
	.long	.Ltmp324-.Lfunc_begin0
	.long	.Ltmp328-.Lfunc_begin0
	.short	1                               @ Loc expr size
	.byte	87                              @ DW_OP_reg7
	.long	.Ltmp328-.Lfunc_begin0
	.long	.Ltmp332-.Lfunc_begin0
	.short	1                               @ Loc expr size
	.byte	86                              @ DW_OP_reg6
	.long	.Ltmp333-.Lfunc_begin0
	.long	.Ltmp339-.Lfunc_begin0
	.short	1                               @ Loc expr size
	.byte	86                              @ DW_OP_reg6
	.long	.Ltmp339-.Lfunc_begin0
	.long	.Ltmp341-.Lfunc_begin0
	.short	1                               @ Loc expr size
	.byte	87                              @ DW_OP_reg7
	.long	.Ltmp341-.Lfunc_begin0
	.long	.Ltmp346-.Lfunc_begin0
	.short	1                               @ Loc expr size
	.byte	86                              @ DW_OP_reg6
	.long	.Ltmp346-.Lfunc_begin0
	.long	.Ltmp348-.Lfunc_begin0
	.short	1                               @ Loc expr size
	.byte	87                              @ DW_OP_reg7
	.long	.Ltmp348-.Lfunc_begin0
	.long	.Ltmp352-.Lfunc_begin0
	.short	1                               @ Loc expr size
	.byte	86                              @ DW_OP_reg6
	.long	.Ltmp352-.Lfunc_begin0
	.long	.Ltmp356-.Lfunc_begin0
	.short	1                               @ Loc expr size
	.byte	87                              @ DW_OP_reg7
	.long	.Ltmp357-.Lfunc_begin0
	.long	.Ltmp363-.Lfunc_begin0
	.short	1                               @ Loc expr size
	.byte	87                              @ DW_OP_reg7
	.long	.Ltmp363-.Lfunc_begin0
	.long	.Ltmp365-.Lfunc_begin0
	.short	1                               @ Loc expr size
	.byte	86                              @ DW_OP_reg6
	.long	.Ltmp365-.Lfunc_begin0
	.long	.Ltmp370-.Lfunc_begin0
	.short	1                               @ Loc expr size
	.byte	87                              @ DW_OP_reg7
	.long	.Ltmp370-.Lfunc_begin0
	.long	.Ltmp372-.Lfunc_begin0
	.short	1                               @ Loc expr size
	.byte	86                              @ DW_OP_reg6
	.long	.Ltmp372-.Lfunc_begin0
	.long	.Ltmp376-.Lfunc_begin0
	.short	1                               @ Loc expr size
	.byte	87                              @ DW_OP_reg7
	.long	.Ltmp376-.Lfunc_begin0
	.long	.Ltmp380-.Lfunc_begin0
	.short	1                               @ Loc expr size
	.byte	86                              @ DW_OP_reg6
	.long	.Ltmp381-.Lfunc_begin0
	.long	.Ltmp382-.Lfunc_begin0
	.short	1                               @ Loc expr size
	.byte	86                              @ DW_OP_reg6
	.long	.Ltmp382-.Lfunc_begin0
	.long	.Ltmp386-.Lfunc_begin0
	.short	1                               @ Loc expr size
	.byte	87                              @ DW_OP_reg7
	.long	.Ltmp386-.Lfunc_begin0
	.long	.Ltmp391-.Lfunc_begin0
	.short	1                               @ Loc expr size
	.byte	86                              @ DW_OP_reg6
	.long	.Ltmp391-.Lfunc_begin0
	.long	.Ltmp393-.Lfunc_begin0
	.short	1                               @ Loc expr size
	.byte	87                              @ DW_OP_reg7
	.long	.Ltmp393-.Lfunc_begin0
	.long	.Ltmp400-.Lfunc_begin0
	.short	1                               @ Loc expr size
	.byte	86                              @ DW_OP_reg6
	.long	.Ltmp400-.Lfunc_begin0
	.long	.Ltmp406-.Lfunc_begin0
	.short	1                               @ Loc expr size
	.byte	87                              @ DW_OP_reg7
	.long	.Ltmp407-.Lfunc_begin0
	.long	.Ltmp414-.Lfunc_begin0
	.short	1                               @ Loc expr size
	.byte	87                              @ DW_OP_reg7
	.long	.Ltmp415-.Lfunc_begin0
	.long	.Ltmp429-.Lfunc_begin0
	.short	1                               @ Loc expr size
	.byte	87                              @ DW_OP_reg7
	.long	.Ltmp429-.Lfunc_begin0
	.long	.Ltmp442-.Lfunc_begin0
	.short	1                               @ Loc expr size
	.byte	86                              @ DW_OP_reg6
	.long	.Ltmp442-.Lfunc_begin0
	.long	.Ltmp445-.Lfunc_begin0
	.short	1                               @ Loc expr size
	.byte	87                              @ DW_OP_reg7
	.long	.Ltmp445-.Lfunc_begin0
	.long	.Ltmp448-.Lfunc_begin0
	.short	1                               @ Loc expr size
	.byte	86                              @ DW_OP_reg6
	.long	.Ltmp448-.Lfunc_begin0
	.long	.Ltmp451-.Lfunc_begin0
	.short	1                               @ Loc expr size
	.byte	87                              @ DW_OP_reg7
	.long	.Ltmp451-.Lfunc_begin0
	.long	.Ltmp456-.Lfunc_begin0
	.short	1                               @ Loc expr size
	.byte	86                              @ DW_OP_reg6
	.long	.Ltmp456-.Lfunc_begin0
	.long	.Ltmp462-.Lfunc_begin0
	.short	1                               @ Loc expr size
	.byte	87                              @ DW_OP_reg7
	.long	.Ltmp462-.Lfunc_begin0
	.long	.Ltmp465-.Lfunc_begin0
	.short	1                               @ Loc expr size
	.byte	86                              @ DW_OP_reg6
	.long	.Ltmp465-.Lfunc_begin0
	.long	.Ltmp474-.Lfunc_begin0
	.short	1                               @ Loc expr size
	.byte	87                              @ DW_OP_reg7
	.long	.Ltmp474-.Lfunc_begin0
	.long	.Ltmp478-.Lfunc_begin0
	.short	1                               @ Loc expr size
	.byte	86                              @ DW_OP_reg6
	.long	.Ltmp479-.Lfunc_begin0
	.long	.Ltmp485-.Lfunc_begin0
	.short	1                               @ Loc expr size
	.byte	86                              @ DW_OP_reg6
	.long	.Ltmp485-.Lfunc_begin0
	.long	.Ltmp500-.Lfunc_begin0
	.short	1                               @ Loc expr size
	.byte	85                              @ DW_OP_reg5
	.long	.Ltmp501-.Lfunc_begin0
	.long	.Ltmp504-.Lfunc_begin0
	.short	1                               @ Loc expr size
	.byte	86                              @ DW_OP_reg6
	.long	.Ltmp504-.Lfunc_begin0
	.long	.Ltmp519-.Lfunc_begin0
	.short	1                               @ Loc expr size
	.byte	85                              @ DW_OP_reg5
	.long	.Ltmp520-.Lfunc_begin0
	.long	.Ltmp523-.Lfunc_begin0
	.short	1                               @ Loc expr size
	.byte	85                              @ DW_OP_reg5
	.long	.Ltmp524-.Lfunc_begin0
	.long	.Ltmp527-.Lfunc_begin0
	.short	1                               @ Loc expr size
	.byte	85                              @ DW_OP_reg5
	.long	.Ltmp528-.Lfunc_begin0
	.long	.Ltmp531-.Lfunc_begin0
	.short	1                               @ Loc expr size
	.byte	85                              @ DW_OP_reg5
	.long	.Ltmp532-.Lfunc_begin0
	.long	.Ltmp535-.Lfunc_begin0
	.short	1                               @ Loc expr size
	.byte	85                              @ DW_OP_reg5
	.long	.Ltmp536-.Lfunc_begin0
	.long	.Ltmp537-.Lfunc_begin0
	.short	1                               @ Loc expr size
	.byte	85                              @ DW_OP_reg5
	.long	.Ltmp537-.Lfunc_begin0
	.long	.Ltmp539-.Lfunc_begin0
	.short	1                               @ Loc expr size
	.byte	86                              @ DW_OP_reg6
	.long	.Ltmp539-.Lfunc_begin0
	.long	.Ltmp540-.Lfunc_begin0
	.short	1                               @ Loc expr size
	.byte	85                              @ DW_OP_reg5
	.long	.Ltmp540-.Lfunc_begin0
	.long	.Lfunc_end0-.Lfunc_begin0
	.short	1                               @ Loc expr size
	.byte	89                              @ DW_OP_reg9
	.long	0
	.long	0
.Ldebug_loc2:
	.long	-1
	.long	.Lfunc_begin0                   @   base address
	.long	.Ltmp2-.Lfunc_begin0
	.long	.Ltmp5-.Lfunc_begin0
	.short	2                               @ Loc expr size
	.byte	48                              @ DW_OP_lit0
	.byte	159                             @ DW_OP_stack_value
	.long	.Ltmp6-.Lfunc_begin0
	.long	.Ltmp10-.Lfunc_begin0
	.short	2                               @ Loc expr size
	.byte	48                              @ DW_OP_lit0
	.byte	159                             @ DW_OP_stack_value
	.long	.Ltmp10-.Lfunc_begin0
	.long	.Ltmp11-.Lfunc_begin0
	.short	1                               @ Loc expr size
	.byte	86                              @ DW_OP_reg6
	.long	.Ltmp11-.Lfunc_begin0
	.long	.Ltmp13-.Lfunc_begin0
	.short	2                               @ Loc expr size
	.byte	48                              @ DW_OP_lit0
	.byte	159                             @ DW_OP_stack_value
	.long	.Ltmp13-.Lfunc_begin0
	.long	.Ltmp15-.Lfunc_begin0
	.short	1                               @ Loc expr size
	.byte	86                              @ DW_OP_reg6
	.long	.Ltmp17-.Lfunc_begin0
	.long	.Ltmp20-.Lfunc_begin0
	.short	1                               @ Loc expr size
	.byte	86                              @ DW_OP_reg6
	.long	.Ltmp20-.Lfunc_begin0
	.long	.Ltmp21-.Lfunc_begin0
	.short	2                               @ Loc expr size
	.byte	48                              @ DW_OP_lit0
	.byte	159                             @ DW_OP_stack_value
	.long	.Ltmp21-.Lfunc_begin0
	.long	.Ltmp25-.Lfunc_begin0
	.short	1                               @ Loc expr size
	.byte	86                              @ DW_OP_reg6
	.long	.Ltmp26-.Lfunc_begin0
	.long	.Ltmp27-.Lfunc_begin0
	.short	1                               @ Loc expr size
	.byte	86                              @ DW_OP_reg6
	.long	.Ltmp27-.Lfunc_begin0
	.long	.Ltmp28-.Lfunc_begin0
	.short	1                               @ Loc expr size
	.byte	85                              @ DW_OP_reg5
	.long	.Ltmp28-.Lfunc_begin0
	.long	.Ltmp32-.Lfunc_begin0
	.short	1                               @ Loc expr size
	.byte	86                              @ DW_OP_reg6
	.long	.Ltmp32-.Lfunc_begin0
	.long	.Ltmp35-.Lfunc_begin0
	.short	1                               @ Loc expr size
	.byte	85                              @ DW_OP_reg5
	.long	.Ltmp37-.Lfunc_begin0
	.long	.Ltmp41-.Lfunc_begin0
	.short	1                               @ Loc expr size
	.byte	85                              @ DW_OP_reg5
	.long	.Ltmp42-.Lfunc_begin0
	.long	.Ltmp51-.Lfunc_begin0
	.short	1                               @ Loc expr size
	.byte	85                              @ DW_OP_reg5
	.long	.Ltmp52-.Lfunc_begin0
	.long	.Ltmp54-.Lfunc_begin0
	.short	1                               @ Loc expr size
	.byte	86                              @ DW_OP_reg6
	.long	.Ltmp54-.Lfunc_begin0
	.long	.Ltmp56-.Lfunc_begin0
	.short	1                               @ Loc expr size
	.byte	85                              @ DW_OP_reg5
	.long	.Ltmp57-.Lfunc_begin0
	.long	.Ltmp61-.Lfunc_begin0
	.short	1                               @ Loc expr size
	.byte	85                              @ DW_OP_reg5
	.long	.Ltmp62-.Lfunc_begin0
	.long	.Ltmp71-.Lfunc_begin0
	.short	1                               @ Loc expr size
	.byte	85                              @ DW_OP_reg5
	.long	.Ltmp72-.Lfunc_begin0
	.long	.Ltmp74-.Lfunc_begin0
	.short	1                               @ Loc expr size
	.byte	85                              @ DW_OP_reg5
	.long	.Ltmp75-.Lfunc_begin0
	.long	.Ltmp77-.Lfunc_begin0
	.short	1                               @ Loc expr size
	.byte	85                              @ DW_OP_reg5
	.long	.Ltmp78-.Lfunc_begin0
	.long	.Ltmp82-.Lfunc_begin0
	.short	1                               @ Loc expr size
	.byte	85                              @ DW_OP_reg5
	.long	.Ltmp83-.Lfunc_begin0
	.long	.Ltmp92-.Lfunc_begin0
	.short	1                               @ Loc expr size
	.byte	85                              @ DW_OP_reg5
	.long	.Ltmp93-.Lfunc_begin0
	.long	.Ltmp95-.Lfunc_begin0
	.short	1                               @ Loc expr size
	.byte	85                              @ DW_OP_reg5
	.long	.Ltmp96-.Lfunc_begin0
	.long	.Ltmp98-.Lfunc_begin0
	.short	1                               @ Loc expr size
	.byte	85                              @ DW_OP_reg5
	.long	.Ltmp99-.Lfunc_begin0
	.long	.Ltmp103-.Lfunc_begin0
	.short	1                               @ Loc expr size
	.byte	85                              @ DW_OP_reg5
	.long	.Ltmp104-.Lfunc_begin0
	.long	.Ltmp107-.Lfunc_begin0
	.short	1                               @ Loc expr size
	.byte	85                              @ DW_OP_reg5
	.long	.Ltmp108-.Lfunc_begin0
	.long	.Ltmp113-.Lfunc_begin0
	.short	1                               @ Loc expr size
	.byte	85                              @ DW_OP_reg5
	.long	.Ltmp114-.Lfunc_begin0
	.long	.Ltmp118-.Lfunc_begin0
	.short	1                               @ Loc expr size
	.byte	85                              @ DW_OP_reg5
	.long	.Ltmp119-.Lfunc_begin0
	.long	.Ltmp121-.Lfunc_begin0
	.short	1                               @ Loc expr size
	.byte	85                              @ DW_OP_reg5
	.long	.Ltmp122-.Lfunc_begin0
	.long	.Ltmp126-.Lfunc_begin0
	.short	1                               @ Loc expr size
	.byte	85                              @ DW_OP_reg5
	.long	.Ltmp127-.Lfunc_begin0
	.long	.Ltmp136-.Lfunc_begin0
	.short	1                               @ Loc expr size
	.byte	85                              @ DW_OP_reg5
	.long	.Ltmp138-.Lfunc_begin0
	.long	.Ltmp142-.Lfunc_begin0
	.short	1                               @ Loc expr size
	.byte	85                              @ DW_OP_reg5
	.long	.Ltmp143-.Lfunc_begin0
	.long	.Ltmp146-.Lfunc_begin0
	.short	1                               @ Loc expr size
	.byte	85                              @ DW_OP_reg5
	.long	.Ltmp147-.Lfunc_begin0
	.long	.Ltmp153-.Lfunc_begin0
	.short	1                               @ Loc expr size
	.byte	85                              @ DW_OP_reg5
	.long	.Ltmp154-.Lfunc_begin0
	.long	.Ltmp165-.Lfunc_begin0
	.short	1                               @ Loc expr size
	.byte	85                              @ DW_OP_reg5
	.long	.Ltmp167-.Lfunc_begin0
	.long	.Ltmp171-.Lfunc_begin0
	.short	1                               @ Loc expr size
	.byte	85                              @ DW_OP_reg5
	.long	.Ltmp172-.Lfunc_begin0
	.long	.Ltmp177-.Lfunc_begin0
	.short	1                               @ Loc expr size
	.byte	85                              @ DW_OP_reg5
	.long	.Ltmp178-.Lfunc_begin0
	.long	.Ltmp189-.Lfunc_begin0
	.short	1                               @ Loc expr size
	.byte	85                              @ DW_OP_reg5
	.long	.Ltmp191-.Lfunc_begin0
	.long	.Ltmp203-.Lfunc_begin0
	.short	1                               @ Loc expr size
	.byte	85                              @ DW_OP_reg5
	.long	.Ltmp205-.Lfunc_begin0
	.long	.Ltmp209-.Lfunc_begin0
	.short	1                               @ Loc expr size
	.byte	85                              @ DW_OP_reg5
	.long	.Ltmp210-.Lfunc_begin0
	.long	.Ltmp213-.Lfunc_begin0
	.short	1                               @ Loc expr size
	.byte	85                              @ DW_OP_reg5
	.long	.Ltmp214-.Lfunc_begin0
	.long	.Ltmp216-.Lfunc_begin0
	.short	1                               @ Loc expr size
	.byte	85                              @ DW_OP_reg5
	.long	.Ltmp217-.Lfunc_begin0
	.long	.Ltmp219-.Lfunc_begin0
	.short	1                               @ Loc expr size
	.byte	85                              @ DW_OP_reg5
	.long	.Ltmp220-.Lfunc_begin0
	.long	.Ltmp222-.Lfunc_begin0
	.short	1                               @ Loc expr size
	.byte	85                              @ DW_OP_reg5
	.long	.Ltmp224-.Lfunc_begin0
	.long	.Ltmp232-.Lfunc_begin0
	.short	1                               @ Loc expr size
	.byte	85                              @ DW_OP_reg5
	.long	.Ltmp233-.Lfunc_begin0
	.long	.Ltmp239-.Lfunc_begin0
	.short	1                               @ Loc expr size
	.byte	85                              @ DW_OP_reg5
	.long	.Ltmp240-.Lfunc_begin0
	.long	.Ltmp247-.Lfunc_begin0
	.short	1                               @ Loc expr size
	.byte	85                              @ DW_OP_reg5
	.long	.Ltmp248-.Lfunc_begin0
	.long	.Ltmp257-.Lfunc_begin0
	.short	1                               @ Loc expr size
	.byte	85                              @ DW_OP_reg5
	.long	.Ltmp262-.Lfunc_begin0
	.long	.Ltmp266-.Lfunc_begin0
	.short	1                               @ Loc expr size
	.byte	85                              @ DW_OP_reg5
	.long	.Ltmp267-.Lfunc_begin0
	.long	.Ltmp278-.Lfunc_begin0
	.short	1                               @ Loc expr size
	.byte	85                              @ DW_OP_reg5
	.long	.Ltmp280-.Lfunc_begin0
	.long	.Ltmp284-.Lfunc_begin0
	.short	1                               @ Loc expr size
	.byte	85                              @ DW_OP_reg5
	.long	.Ltmp285-.Lfunc_begin0
	.long	.Ltmp290-.Lfunc_begin0
	.short	1                               @ Loc expr size
	.byte	85                              @ DW_OP_reg5
	.long	.Ltmp291-.Lfunc_begin0
	.long	.Ltmp302-.Lfunc_begin0
	.short	1                               @ Loc expr size
	.byte	85                              @ DW_OP_reg5
	.long	.Ltmp304-.Lfunc_begin0
	.long	.Ltmp308-.Lfunc_begin0
	.short	1                               @ Loc expr size
	.byte	85                              @ DW_OP_reg5
	.long	.Ltmp309-.Lfunc_begin0
	.long	.Ltmp314-.Lfunc_begin0
	.short	1                               @ Loc expr size
	.byte	85                              @ DW_OP_reg5
	.long	.Ltmp315-.Lfunc_begin0
	.long	.Ltmp326-.Lfunc_begin0
	.short	1                               @ Loc expr size
	.byte	85                              @ DW_OP_reg5
	.long	.Ltmp328-.Lfunc_begin0
	.long	.Ltmp332-.Lfunc_begin0
	.short	1                               @ Loc expr size
	.byte	85                              @ DW_OP_reg5
	.long	.Ltmp333-.Lfunc_begin0
	.long	.Ltmp338-.Lfunc_begin0
	.short	1                               @ Loc expr size
	.byte	85                              @ DW_OP_reg5
	.long	.Ltmp339-.Lfunc_begin0
	.long	.Ltmp350-.Lfunc_begin0
	.short	1                               @ Loc expr size
	.byte	85                              @ DW_OP_reg5
	.long	.Ltmp352-.Lfunc_begin0
	.long	.Ltmp356-.Lfunc_begin0
	.short	1                               @ Loc expr size
	.byte	85                              @ DW_OP_reg5
	.long	.Ltmp357-.Lfunc_begin0
	.long	.Ltmp362-.Lfunc_begin0
	.short	1                               @ Loc expr size
	.byte	85                              @ DW_OP_reg5
	.long	.Ltmp363-.Lfunc_begin0
	.long	.Ltmp374-.Lfunc_begin0
	.short	1                               @ Loc expr size
	.byte	85                              @ DW_OP_reg5
	.long	.Ltmp376-.Lfunc_begin0
	.long	.Ltmp380-.Lfunc_begin0
	.short	1                               @ Loc expr size
	.byte	85                              @ DW_OP_reg5
	.long	.Ltmp381-.Lfunc_begin0
	.long	.Ltmp390-.Lfunc_begin0
	.short	1                               @ Loc expr size
	.byte	85                              @ DW_OP_reg5
	.long	.Ltmp391-.Lfunc_begin0
	.long	.Ltmp398-.Lfunc_begin0
	.short	1                               @ Loc expr size
	.byte	85                              @ DW_OP_reg5
	.long	.Ltmp400-.Lfunc_begin0
	.long	.Ltmp427-.Lfunc_begin0
	.short	1                               @ Loc expr size
	.byte	85                              @ DW_OP_reg5
	.long	.Ltmp429-.Lfunc_begin0
	.long	.Ltmp441-.Lfunc_begin0
	.short	1                               @ Loc expr size
	.byte	85                              @ DW_OP_reg5
	.long	.Ltmp442-.Lfunc_begin0
	.long	.Ltmp444-.Lfunc_begin0
	.short	1                               @ Loc expr size
	.byte	85                              @ DW_OP_reg5
	.long	.Ltmp445-.Lfunc_begin0
	.long	.Ltmp447-.Lfunc_begin0
	.short	1                               @ Loc expr size
	.byte	85                              @ DW_OP_reg5
	.long	.Ltmp448-.Lfunc_begin0
	.long	.Ltmp450-.Lfunc_begin0
	.short	1                               @ Loc expr size
	.byte	85                              @ DW_OP_reg5
	.long	.Ltmp451-.Lfunc_begin0
	.long	.Ltmp455-.Lfunc_begin0
	.short	1                               @ Loc expr size
	.byte	85                              @ DW_OP_reg5
	.long	.Ltmp456-.Lfunc_begin0
	.long	.Ltmp470-.Lfunc_begin0
	.short	1                               @ Loc expr size
	.byte	85                              @ DW_OP_reg5
	.long	.Ltmp471-.Lfunc_begin0
	.long	.Ltmp473-.Lfunc_begin0
	.short	1                               @ Loc expr size
	.byte	85                              @ DW_OP_reg5
	.long	.Ltmp474-.Lfunc_begin0
	.long	.Ltmp486-.Lfunc_begin0
	.short	1                               @ Loc expr size
	.byte	85                              @ DW_OP_reg5
	.long	.Ltmp501-.Lfunc_begin0
	.long	.Ltmp504-.Lfunc_begin0
	.short	1                               @ Loc expr size
	.byte	85                              @ DW_OP_reg5
	.long	.Ltmp537-.Lfunc_begin0
	.long	.Ltmp539-.Lfunc_begin0
	.short	1                               @ Loc expr size
	.byte	85                              @ DW_OP_reg5
	.long	0
	.long	0
.Ldebug_loc3:
	.long	-1
	.long	.Lfunc_begin0                   @   base address
	.long	.Ltmp226-.Lfunc_begin0
	.long	.Ltmp235-.Lfunc_begin0
	.short	1                               @ Loc expr size
	.byte	86                              @ DW_OP_reg6
	.long	.Ltmp248-.Lfunc_begin0
	.long	.Ltmp262-.Lfunc_begin0
	.short	1                               @ Loc expr size
	.byte	86                              @ DW_OP_reg6
	.long	.Ltmp540-.Lfunc_begin0
	.long	.Lfunc_end0-.Lfunc_begin0
	.short	1                               @ Loc expr size
	.byte	86                              @ DW_OP_reg6
	.long	0
	.long	0
.Ldebug_loc4:
	.long	-1
	.long	.Lfunc_begin0                   @   base address
	.long	.Ltmp252-.Lfunc_begin0
	.long	.Ltmp253-.Lfunc_begin0
	.short	1                               @ Loc expr size
	.byte	81                              @ DW_OP_reg1
	.long	0
	.long	0
.Ldebug_loc5:
	.long	-1
	.long	.Lfunc_begin1                   @   base address
	.long	.Lfunc_begin1-.Lfunc_begin1
	.long	.Ltmp547-.Lfunc_begin1
	.short	1                               @ Loc expr size
	.byte	80                              @ DW_OP_reg0
	.long	.Ltmp548-.Lfunc_begin1
	.long	.Ltmp550-.Lfunc_begin1
	.short	1                               @ Loc expr size
	.byte	80                              @ DW_OP_reg0
	.long	.Ltmp550-.Lfunc_begin1
	.long	.Ltmp575-.Lfunc_begin1
	.short	1                               @ Loc expr size
	.byte	85                              @ DW_OP_reg5
	.long	0
	.long	0
.Ldebug_loc6:
	.long	-1
	.long	.Lfunc_begin1                   @   base address
	.long	.Lfunc_begin1-.Lfunc_begin1
	.long	.Ltmp551-.Lfunc_begin1
	.short	1                               @ Loc expr size
	.byte	81                              @ DW_OP_reg1
	.long	.Ltmp551-.Lfunc_begin1
	.long	.Ltmp567-.Lfunc_begin1
	.short	1                               @ Loc expr size
	.byte	84                              @ DW_OP_reg4
	.long	0
	.long	0
.Ldebug_loc7:
	.long	-1
	.long	.Lfunc_begin1                   @   base address
	.long	.Ltmp553-.Lfunc_begin1
	.long	.Ltmp560-.Lfunc_begin1
	.short	1                               @ Loc expr size
	.byte	86                              @ DW_OP_reg6
	.long	.Ltmp567-.Lfunc_begin1
	.long	.Ltmp572-.Lfunc_begin1
	.short	1                               @ Loc expr size
	.byte	84                              @ DW_OP_reg4
	.long	.Ltmp573-.Lfunc_begin1
	.long	.Ltmp575-.Lfunc_begin1
	.short	1                               @ Loc expr size
	.byte	84                              @ DW_OP_reg4
	.long	0
	.long	0
.Ldebug_loc8:
	.long	-1
	.long	.Lfunc_begin2                   @   base address
	.long	.Lfunc_begin2-.Lfunc_begin2
	.long	.Ltmp579-.Lfunc_begin2
	.short	1                               @ Loc expr size
	.byte	80                              @ DW_OP_reg0
	.long	.Ltmp580-.Lfunc_begin2
	.long	.Ltmp582-.Lfunc_begin2
	.short	1                               @ Loc expr size
	.byte	80                              @ DW_OP_reg0
	.long	.Ltmp582-.Lfunc_begin2
	.long	.Ltmp607-.Lfunc_begin2
	.short	1                               @ Loc expr size
	.byte	85                              @ DW_OP_reg5
	.long	0
	.long	0
.Ldebug_loc9:
	.long	-1
	.long	.Lfunc_begin2                   @   base address
	.long	.Lfunc_begin2-.Lfunc_begin2
	.long	.Ltmp583-.Lfunc_begin2
	.short	1                               @ Loc expr size
	.byte	81                              @ DW_OP_reg1
	.long	.Ltmp583-.Lfunc_begin2
	.long	.Ltmp599-.Lfunc_begin2
	.short	1                               @ Loc expr size
	.byte	84                              @ DW_OP_reg4
	.long	0
	.long	0
.Ldebug_loc10:
	.long	-1
	.long	.Lfunc_begin2                   @   base address
	.long	.Ltmp585-.Lfunc_begin2
	.long	.Ltmp592-.Lfunc_begin2
	.short	1                               @ Loc expr size
	.byte	86                              @ DW_OP_reg6
	.long	.Ltmp599-.Lfunc_begin2
	.long	.Ltmp604-.Lfunc_begin2
	.short	1                               @ Loc expr size
	.byte	84                              @ DW_OP_reg4
	.long	.Ltmp605-.Lfunc_begin2
	.long	.Ltmp607-.Lfunc_begin2
	.short	1                               @ Loc expr size
	.byte	84                              @ DW_OP_reg4
	.long	0
	.long	0
.Ldebug_loc11:
	.long	-1
	.long	.Lfunc_begin4                   @   base address
	.long	.Ltmp612-.Lfunc_begin4
	.long	.Ltmp618-.Lfunc_begin4
	.short	3                               @ Loc expr size
	.byte	82                              @ DW_OP_reg2
	.byte	147                             @ DW_OP_piece
	.byte	4                               @ 4
	.long	.Ltmp624-.Lfunc_begin4
	.long	.Ltmp628-.Lfunc_begin4
	.short	3                               @ Loc expr size
	.byte	82                              @ DW_OP_reg2
	.byte	147                             @ DW_OP_piece
	.byte	4                               @ 4
	.long	.Ltmp637-.Lfunc_begin4
	.long	.Ltmp640-.Lfunc_begin4
	.short	3                               @ Loc expr size
	.byte	82                              @ DW_OP_reg2
	.byte	147                             @ DW_OP_piece
	.byte	4                               @ 4
	.long	.Ltmp651-.Lfunc_begin4
	.long	.Ltmp654-.Lfunc_begin4
	.short	3                               @ Loc expr size
	.byte	82                              @ DW_OP_reg2
	.byte	147                             @ DW_OP_piece
	.byte	4                               @ 4
	.long	.Ltmp661-.Lfunc_begin4
	.long	.Ltmp664-.Lfunc_begin4
	.short	3                               @ Loc expr size
	.byte	82                              @ DW_OP_reg2
	.byte	147                             @ DW_OP_piece
	.byte	4                               @ 4
	.long	.Ltmp675-.Lfunc_begin4
	.long	.Ltmp681-.Lfunc_begin4
	.short	3                               @ Loc expr size
	.byte	82                              @ DW_OP_reg2
	.byte	147                             @ DW_OP_piece
	.byte	4                               @ 4
	.long	.Ltmp684-.Lfunc_begin4
	.long	.Ltmp688-.Lfunc_begin4
	.short	3                               @ Loc expr size
	.byte	82                              @ DW_OP_reg2
	.byte	147                             @ DW_OP_piece
	.byte	4                               @ 4
	.long	.Ltmp696-.Lfunc_begin4
	.long	.Ltmp700-.Lfunc_begin4
	.short	3                               @ Loc expr size
	.byte	82                              @ DW_OP_reg2
	.byte	147                             @ DW_OP_piece
	.byte	4                               @ 4
	.long	.Ltmp703-.Lfunc_begin4
	.long	.Ltmp707-.Lfunc_begin4
	.short	3                               @ Loc expr size
	.byte	82                              @ DW_OP_reg2
	.byte	147                             @ DW_OP_piece
	.byte	4                               @ 4
	.long	.Ltmp713-.Lfunc_begin4
	.long	.Ltmp719-.Lfunc_begin4
	.short	3                               @ Loc expr size
	.byte	82                              @ DW_OP_reg2
	.byte	147                             @ DW_OP_piece
	.byte	4                               @ 4
	.long	.Ltmp729-.Lfunc_begin4
	.long	.Ltmp733-.Lfunc_begin4
	.short	3                               @ Loc expr size
	.byte	82                              @ DW_OP_reg2
	.byte	147                             @ DW_OP_piece
	.byte	4                               @ 4
	.long	0
	.long	0
.Ldebug_loc12:
	.long	-1
	.long	.Lfunc_begin4                   @   base address
	.long	.Ltmp620-.Lfunc_begin4
	.long	.Ltmp622-.Lfunc_begin4
	.short	8                               @ Loc expr size
	.byte	112                             @ DW_OP_breg0
	.byte	0                               @ 0
	.byte	16                              @ DW_OP_constu
	.byte	128                             @ 28672
	.byte	224                             @ 
	.byte	1                               @ 
	.byte	26                              @ DW_OP_and
	.byte	159                             @ DW_OP_stack_value
	.long	.Ltmp630-.Lfunc_begin4
	.long	.Ltmp631-.Lfunc_begin4
	.short	8                               @ Loc expr size
	.byte	112                             @ DW_OP_breg0
	.byte	0                               @ 0
	.byte	16                              @ DW_OP_constu
	.byte	128                             @ 196608
	.byte	128                             @ 
	.byte	12                              @ 
	.byte	26                              @ DW_OP_and
	.byte	159                             @ DW_OP_stack_value
	.long	.Ltmp656-.Lfunc_begin4
	.long	.Ltmp657-.Lfunc_begin4
	.short	10                              @ Loc expr size
	.byte	112                             @ DW_OP_breg0
	.byte	0                               @ 0
	.byte	16                              @ DW_OP_constu
	.byte	128                             @ 1879048192
	.byte	128                             @ 
	.byte	128                             @ 
	.byte	128                             @ 
	.byte	7                               @ 
	.byte	26                              @ DW_OP_and
	.byte	159                             @ DW_OP_stack_value
	.long	.Ltmp678-.Lfunc_begin4
	.long	.Ltmp679-.Lfunc_begin4
	.short	8                               @ Loc expr size
	.byte	113                             @ DW_OP_breg1
	.byte	0                               @ 0
	.byte	16                              @ DW_OP_constu
	.byte	128                             @ 458752
	.byte	128                             @ 
	.byte	28                              @ 
	.byte	26                              @ DW_OP_and
	.byte	159                             @ DW_OP_stack_value
	.long	.Ltmp699-.Lfunc_begin4
	.long	.Ltmp701-.Lfunc_begin4
	.short	10                              @ Loc expr size
	.byte	112                             @ DW_OP_breg0
	.byte	0                               @ 0
	.byte	16                              @ DW_OP_constu
	.byte	128                             @ 805306368
	.byte	128                             @ 
	.byte	128                             @ 
	.byte	128                             @ 
	.byte	3                               @ 
	.byte	26                              @ DW_OP_and
	.byte	159                             @ DW_OP_stack_value
	.long	.Ltmp718-.Lfunc_begin4
	.long	.Ltmp719-.Lfunc_begin4
	.short	1                               @ Loc expr size
	.byte	81                              @ DW_OP_reg1
	.long	.Ltmp729-.Lfunc_begin4
	.long	.Ltmp733-.Lfunc_begin4
	.short	1                               @ Loc expr size
	.byte	81                              @ DW_OP_reg1
	.long	0
	.long	0
.Ldebug_loc13:
	.long	-1
	.long	.Lfunc_begin4                   @   base address
	.long	.Ltmp636-.Lfunc_begin4
	.long	.Ltmp637-.Lfunc_begin4
	.short	1                               @ Loc expr size
	.byte	80                              @ DW_OP_reg0
	.long	.Ltmp660-.Lfunc_begin4
	.long	.Ltmp661-.Lfunc_begin4
	.short	1                               @ Loc expr size
	.byte	80                              @ DW_OP_reg0
	.long	.Ltmp712-.Lfunc_begin4
	.long	.Ltmp713-.Lfunc_begin4
	.short	1                               @ Loc expr size
	.byte	80                              @ DW_OP_reg0
	.long	.Ltmp722-.Lfunc_begin4
	.long	.Ltmp723-.Lfunc_begin4
	.short	1                               @ Loc expr size
	.byte	80                              @ DW_OP_reg0
	.long	.Ltmp728-.Lfunc_begin4
	.long	.Ltmp729-.Lfunc_begin4
	.short	1                               @ Loc expr size
	.byte	80                              @ DW_OP_reg0
	.long	.Ltmp734-.Lfunc_begin4
	.long	.Ltmp735-.Lfunc_begin4
	.short	1                               @ Loc expr size
	.byte	80                              @ DW_OP_reg0
	.long	.Ltmp739-.Lfunc_begin4
	.long	.Ltmp740-.Lfunc_begin4
	.short	1                               @ Loc expr size
	.byte	80                              @ DW_OP_reg0
	.long	.Ltmp742-.Lfunc_begin4
	.long	.Ltmp743-.Lfunc_begin4
	.short	1                               @ Loc expr size
	.byte	80                              @ DW_OP_reg0
	.long	.Ltmp751-.Lfunc_begin4
	.long	.Ltmp752-.Lfunc_begin4
	.short	1                               @ Loc expr size
	.byte	80                              @ DW_OP_reg0
	.long	.Ltmp773-.Lfunc_begin4
	.long	.Ltmp774-.Lfunc_begin4
	.short	1                               @ Loc expr size
	.byte	80                              @ DW_OP_reg0
	.long	.Ltmp778-.Lfunc_begin4
	.long	.Ltmp779-.Lfunc_begin4
	.short	1                               @ Loc expr size
	.byte	80                              @ DW_OP_reg0
	.long	.Ltmp784-.Lfunc_begin4
	.long	.Lfunc_end4-.Lfunc_begin4
	.short	1                               @ Loc expr size
	.byte	80                              @ DW_OP_reg0
	.long	0
	.long	0
.Ldebug_loc14:
	.long	-1
	.long	.Lfunc_begin4                   @   base address
	.long	.Ltmp642-.Lfunc_begin4
	.long	.Ltmp644-.Lfunc_begin4
	.short	7                               @ Loc expr size
	.byte	112                             @ DW_OP_breg0
	.byte	0                               @ 0
	.byte	16                              @ DW_OP_constu
	.byte	192                             @ 448
	.byte	3                               @ 
	.byte	26                              @ DW_OP_and
	.byte	159                             @ DW_OP_stack_value
	.long	.Ltmp664-.Lfunc_begin4
	.long	.Ltmp666-.Lfunc_begin4
	.short	1                               @ Loc expr size
	.byte	82                              @ DW_OP_reg2
	.long	.Ltmp667-.Lfunc_begin4
	.long	.Ltmp669-.Lfunc_begin4
	.short	1                               @ Loc expr size
	.byte	82                              @ DW_OP_reg2
	.long	.Ltmp687-.Lfunc_begin4
	.long	.Ltmp690-.Lfunc_begin4
	.short	9                               @ Loc expr size
	.byte	112                             @ DW_OP_breg0
	.byte	0                               @ 0
	.byte	16                              @ DW_OP_constu
	.byte	128                             @ 14680064
	.byte	128                             @ 
	.byte	128                             @ 
	.byte	7                               @ 
	.byte	26                              @ DW_OP_and
	.byte	159                             @ DW_OP_stack_value
	.long	.Ltmp706-.Lfunc_begin4
	.long	.Ltmp709-.Lfunc_begin4
	.short	9                               @ Loc expr size
	.byte	112                             @ DW_OP_breg0
	.byte	0                               @ 0
	.byte	16                              @ DW_OP_constu
	.byte	128                             @ 117440512
	.byte	128                             @ 
	.byte	128                             @ 
	.byte	56                              @ 
	.byte	26                              @ DW_OP_and
	.byte	159                             @ DW_OP_stack_value
	.long	0
	.long	0
.Ldebug_loc15:
	.long	-1
	.long	.Lfunc_begin4                   @   base address
	.long	.Ltmp648-.Lfunc_begin4
	.long	.Ltmp651-.Lfunc_begin4
	.short	1                               @ Loc expr size
	.byte	82                              @ DW_OP_reg2
	.long	.Ltmp671-.Lfunc_begin4
	.long	.Ltmp675-.Lfunc_begin4
	.short	1                               @ Loc expr size
	.byte	82                              @ DW_OP_reg2
	.long	.Ltmp694-.Lfunc_begin4
	.long	.Ltmp696-.Lfunc_begin4
	.short	1                               @ Loc expr size
	.byte	82                              @ DW_OP_reg2
	.long	.Ltmp725-.Lfunc_begin4
	.long	.Ltmp727-.Lfunc_begin4
	.short	1                               @ Loc expr size
	.byte	82                              @ DW_OP_reg2
	.long	.Ltmp735-.Lfunc_begin4
	.long	.Ltmp743-.Lfunc_begin4
	.short	1                               @ Loc expr size
	.byte	82                              @ DW_OP_reg2
	.long	0
	.long	0
.Ldebug_loc16:
	.long	-1
	.long	.Lfunc_begin5                   @   base address
	.long	.Lfunc_begin5-.Lfunc_begin5
	.long	.Ltmp793-.Lfunc_begin5
	.short	1                               @ Loc expr size
	.byte	80                              @ DW_OP_reg0
	.long	.Ltmp794-.Lfunc_begin5
	.long	.Ltmp819-.Lfunc_begin5
	.short	1                               @ Loc expr size
	.byte	80                              @ DW_OP_reg0
	.long	0
	.long	0
.Ldebug_loc17:
	.long	-1
	.long	.Lfunc_begin5                   @   base address
	.long	.Ltmp787-.Lfunc_begin5
	.long	.Ltmp791-.Lfunc_begin5
	.short	5                               @ Loc expr size
	.byte	115                             @ DW_OP_breg3
	.byte	0                               @ 0
	.byte	51                              @ DW_OP_lit3
	.byte	26                              @ DW_OP_and
	.byte	159                             @ DW_OP_stack_value
	.long	.Ltmp791-.Lfunc_begin5
	.long	.Ltmp793-.Lfunc_begin5
	.short	1                               @ Loc expr size
	.byte	83                              @ DW_OP_reg3
	.long	.Ltmp794-.Lfunc_begin5
	.long	.Ltmp797-.Lfunc_begin5
	.short	1                               @ Loc expr size
	.byte	83                              @ DW_OP_reg3
	.long	.Ltmp797-.Lfunc_begin5
	.long	.Ltmp800-.Lfunc_begin5
	.short	5                               @ Loc expr size
	.byte	115                             @ DW_OP_breg3
	.byte	0                               @ 0
	.byte	51                              @ DW_OP_lit3
	.byte	26                              @ DW_OP_and
	.byte	159                             @ DW_OP_stack_value
	.long	.Ltmp800-.Lfunc_begin5
	.long	.Ltmp805-.Lfunc_begin5
	.short	1                               @ Loc expr size
	.byte	83                              @ DW_OP_reg3
	.long	0
	.long	0
.Ldebug_loc18:
	.long	-1
	.long	.Lfunc_begin5                   @   base address
	.long	.Ltmp788-.Lfunc_begin5
	.long	.Ltmp793-.Lfunc_begin5
	.short	5                               @ Loc expr size
	.byte	124                             @ DW_OP_breg12
	.byte	0                               @ 0
	.byte	49                              @ DW_OP_lit1
	.byte	26                              @ DW_OP_and
	.byte	159                             @ DW_OP_stack_value
	.long	.Ltmp794-.Lfunc_begin5
	.long	.Ltmp819-.Lfunc_begin5
	.short	5                               @ Loc expr size
	.byte	124                             @ DW_OP_breg12
	.byte	0                               @ 0
	.byte	49                              @ DW_OP_lit1
	.byte	26                              @ DW_OP_and
	.byte	159                             @ DW_OP_stack_value
	.long	0
	.long	0
.Ldebug_loc19:
	.long	-1
	.long	.Lfunc_begin5                   @   base address
	.long	.Ltmp789-.Lfunc_begin5
	.long	.Ltmp793-.Lfunc_begin5
	.short	1                               @ Loc expr size
	.byte	94                              @ DW_OP_reg14
	.long	.Ltmp794-.Lfunc_begin5
	.long	.Ltmp819-.Lfunc_begin5
	.short	1                               @ Loc expr size
	.byte	94                              @ DW_OP_reg14
	.long	0
	.long	0
.Ldebug_loc20:
	.long	-1
	.long	.Lfunc_begin5                   @   base address
	.long	.Ltmp806-.Lfunc_begin5
	.long	.Ltmp807-.Lfunc_begin5
	.short	1                               @ Loc expr size
	.byte	82                              @ DW_OP_reg2
	.long	.Ltmp807-.Lfunc_begin5
	.long	.Ltmp808-.Lfunc_begin5
	.short	3                               @ Loc expr size
	.byte	144                             @ super-register DW_OP_regx
	.byte	129                             @ 257
	.byte	2                               @ 
	.long	0
	.long	0
.Ldebug_loc21:
	.long	-1
	.long	.Lfunc_begin5                   @   base address
	.long	.Ltmp815-.Lfunc_begin5
	.long	.Ltmp816-.Lfunc_begin5
	.short	3                               @ Loc expr size
	.byte	144                             @ super-register DW_OP_regx
	.byte	128                             @ 256
	.byte	2                               @ 
	.long	0
	.long	0
.Ldebug_loc22:
	.long	-1
	.long	.Lfunc_begin6                   @   base address
	.long	.Lfunc_begin6-.Lfunc_begin6
	.long	.Ltmp830-.Lfunc_begin6
	.short	1                               @ Loc expr size
	.byte	80                              @ DW_OP_reg0
	.long	.Ltmp831-.Lfunc_begin6
	.long	.Ltmp854-.Lfunc_begin6
	.short	1                               @ Loc expr size
	.byte	80                              @ DW_OP_reg0
	.long	0
	.long	0
.Ldebug_loc23:
	.long	-1
	.long	.Lfunc_begin6                   @   base address
	.long	.Ltmp822-.Lfunc_begin6
	.long	.Ltmp828-.Lfunc_begin6
	.short	5                               @ Loc expr size
	.byte	115                             @ DW_OP_breg3
	.byte	0                               @ 0
	.byte	51                              @ DW_OP_lit3
	.byte	26                              @ DW_OP_and
	.byte	159                             @ DW_OP_stack_value
	.long	.Ltmp828-.Lfunc_begin6
	.long	.Ltmp830-.Lfunc_begin6
	.short	1                               @ Loc expr size
	.byte	82                              @ DW_OP_reg2
	.long	.Ltmp831-.Lfunc_begin6
	.long	.Ltmp834-.Lfunc_begin6
	.short	1                               @ Loc expr size
	.byte	82                              @ DW_OP_reg2
	.long	.Ltmp834-.Lfunc_begin6
	.long	.Ltmp838-.Lfunc_begin6
	.short	5                               @ Loc expr size
	.byte	115                             @ DW_OP_breg3
	.byte	0                               @ 0
	.byte	51                              @ DW_OP_lit3
	.byte	26                              @ DW_OP_and
	.byte	159                             @ DW_OP_stack_value
	.long	.Ltmp838-.Lfunc_begin6
	.long	.Ltmp841-.Lfunc_begin6
	.short	1                               @ Loc expr size
	.byte	82                              @ DW_OP_reg2
	.long	0
	.long	0
.Ldebug_loc24:
	.long	-1
	.long	.Lfunc_begin6                   @   base address
	.long	.Ltmp823-.Lfunc_begin6
	.long	.Ltmp827-.Lfunc_begin6
	.short	7                               @ Loc expr size
	.byte	114                             @ DW_OP_breg2
	.byte	0                               @ 0
	.byte	52                              @ DW_OP_lit4
	.byte	37                              @ DW_OP_shr
	.byte	49                              @ DW_OP_lit1
	.byte	26                              @ DW_OP_and
	.byte	159                             @ DW_OP_stack_value
	.long	.Ltmp834-.Lfunc_begin6
	.long	.Ltmp838-.Lfunc_begin6
	.short	7                               @ Loc expr size
	.byte	114                             @ DW_OP_breg2
	.byte	0                               @ 0
	.byte	52                              @ DW_OP_lit4
	.byte	37                              @ DW_OP_shr
	.byte	49                              @ DW_OP_lit1
	.byte	26                              @ DW_OP_and
	.byte	159                             @ DW_OP_stack_value
	.long	0
	.long	0
.Ldebug_loc25:
	.long	-1
	.long	.Lfunc_begin6                   @   base address
	.long	.Ltmp824-.Lfunc_begin6
	.long	.Ltmp830-.Lfunc_begin6
	.short	1                               @ Loc expr size
	.byte	92                              @ DW_OP_reg12
	.long	.Ltmp831-.Lfunc_begin6
	.long	.Ltmp854-.Lfunc_begin6
	.short	1                               @ Loc expr size
	.byte	92                              @ DW_OP_reg12
	.long	0
	.long	0
.Ldebug_loc26:
	.long	-1
	.long	.Lfunc_begin6                   @   base address
	.long	.Ltmp829-.Lfunc_begin6
	.long	.Ltmp830-.Lfunc_begin6
	.short	3                               @ Loc expr size
	.byte	144                             @ super-register DW_OP_regx
	.byte	128                             @ 256
	.byte	2                               @ 
	.long	.Ltmp831-.Lfunc_begin6
	.long	.Ltmp834-.Lfunc_begin6
	.short	3                               @ Loc expr size
	.byte	144                             @ super-register DW_OP_regx
	.byte	128                             @ 256
	.byte	2                               @ 
	.long	.Ltmp838-.Lfunc_begin6
	.long	.Ltmp849-.Lfunc_begin6
	.short	3                               @ Loc expr size
	.byte	144                             @ super-register DW_OP_regx
	.byte	128                             @ 256
	.byte	2                               @ 
	.long	0
	.long	0
.Ldebug_loc27:
	.long	-1
	.long	.Lfunc_begin6                   @   base address
	.long	.Ltmp842-.Lfunc_begin6
	.long	.Ltmp843-.Lfunc_begin6
	.short	1                               @ Loc expr size
	.byte	81                              @ DW_OP_reg1
	.long	.Ltmp843-.Lfunc_begin6
	.long	.Ltmp844-.Lfunc_begin6
	.short	3                               @ Loc expr size
	.byte	144                             @ super-register DW_OP_regx
	.byte	129                             @ 257
	.byte	2                               @ 
	.long	0
	.long	0
.Ldebug_loc28:
	.long	-1
	.long	.Lfunc_begin6                   @   base address
	.long	.Ltmp850-.Lfunc_begin6
	.long	.Ltmp851-.Lfunc_begin6
	.short	3                               @ Loc expr size
	.byte	144                             @ super-register DW_OP_regx
	.byte	128                             @ 256
	.byte	2                               @ 
	.long	0
	.long	0
.Ldebug_loc29:
	.long	-1
	.long	.Lfunc_begin7                   @   base address
	.long	.Lfunc_begin7-.Lfunc_begin7
	.long	.Ltmp865-.Lfunc_begin7
	.short	1                               @ Loc expr size
	.byte	80                              @ DW_OP_reg0
	.long	.Ltmp866-.Lfunc_begin7
	.long	.Ltmp889-.Lfunc_begin7
	.short	1                               @ Loc expr size
	.byte	80                              @ DW_OP_reg0
	.long	0
	.long	0
.Ldebug_loc30:
	.long	-1
	.long	.Lfunc_begin7                   @   base address
	.long	.Ltmp857-.Lfunc_begin7
	.long	.Ltmp863-.Lfunc_begin7
	.short	5                               @ Loc expr size
	.byte	115                             @ DW_OP_breg3
	.byte	0                               @ 0
	.byte	51                              @ DW_OP_lit3
	.byte	26                              @ DW_OP_and
	.byte	159                             @ DW_OP_stack_value
	.long	.Ltmp863-.Lfunc_begin7
	.long	.Ltmp865-.Lfunc_begin7
	.short	1                               @ Loc expr size
	.byte	82                              @ DW_OP_reg2
	.long	.Ltmp866-.Lfunc_begin7
	.long	.Ltmp869-.Lfunc_begin7
	.short	1                               @ Loc expr size
	.byte	82                              @ DW_OP_reg2
	.long	.Ltmp869-.Lfunc_begin7
	.long	.Ltmp873-.Lfunc_begin7
	.short	5                               @ Loc expr size
	.byte	115                             @ DW_OP_breg3
	.byte	0                               @ 0
	.byte	51                              @ DW_OP_lit3
	.byte	26                              @ DW_OP_and
	.byte	159                             @ DW_OP_stack_value
	.long	.Ltmp873-.Lfunc_begin7
	.long	.Ltmp876-.Lfunc_begin7
	.short	1                               @ Loc expr size
	.byte	82                              @ DW_OP_reg2
	.long	0
	.long	0
.Ldebug_loc31:
	.long	-1
	.long	.Lfunc_begin7                   @   base address
	.long	.Ltmp858-.Lfunc_begin7
	.long	.Ltmp862-.Lfunc_begin7
	.short	7                               @ Loc expr size
	.byte	114                             @ DW_OP_breg2
	.byte	0                               @ 0
	.byte	56                              @ DW_OP_lit8
	.byte	37                              @ DW_OP_shr
	.byte	49                              @ DW_OP_lit1
	.byte	26                              @ DW_OP_and
	.byte	159                             @ DW_OP_stack_value
	.long	.Ltmp869-.Lfunc_begin7
	.long	.Ltmp873-.Lfunc_begin7
	.short	7                               @ Loc expr size
	.byte	114                             @ DW_OP_breg2
	.byte	0                               @ 0
	.byte	56                              @ DW_OP_lit8
	.byte	37                              @ DW_OP_shr
	.byte	49                              @ DW_OP_lit1
	.byte	26                              @ DW_OP_and
	.byte	159                             @ DW_OP_stack_value
	.long	0
	.long	0
.Ldebug_loc32:
	.long	-1
	.long	.Lfunc_begin7                   @   base address
	.long	.Ltmp859-.Lfunc_begin7
	.long	.Ltmp865-.Lfunc_begin7
	.short	1                               @ Loc expr size
	.byte	92                              @ DW_OP_reg12
	.long	.Ltmp866-.Lfunc_begin7
	.long	.Ltmp889-.Lfunc_begin7
	.short	1                               @ Loc expr size
	.byte	92                              @ DW_OP_reg12
	.long	0
	.long	0
.Ldebug_loc33:
	.long	-1
	.long	.Lfunc_begin7                   @   base address
	.long	.Ltmp864-.Lfunc_begin7
	.long	.Ltmp865-.Lfunc_begin7
	.short	3                               @ Loc expr size
	.byte	144                             @ super-register DW_OP_regx
	.byte	128                             @ 256
	.byte	2                               @ 
	.long	.Ltmp866-.Lfunc_begin7
	.long	.Ltmp869-.Lfunc_begin7
	.short	3                               @ Loc expr size
	.byte	144                             @ super-register DW_OP_regx
	.byte	128                             @ 256
	.byte	2                               @ 
	.long	.Ltmp873-.Lfunc_begin7
	.long	.Ltmp884-.Lfunc_begin7
	.short	3                               @ Loc expr size
	.byte	144                             @ super-register DW_OP_regx
	.byte	128                             @ 256
	.byte	2                               @ 
	.long	0
	.long	0
.Ldebug_loc34:
	.long	-1
	.long	.Lfunc_begin7                   @   base address
	.long	.Ltmp877-.Lfunc_begin7
	.long	.Ltmp878-.Lfunc_begin7
	.short	1                               @ Loc expr size
	.byte	81                              @ DW_OP_reg1
	.long	.Ltmp878-.Lfunc_begin7
	.long	.Ltmp879-.Lfunc_begin7
	.short	3                               @ Loc expr size
	.byte	144                             @ super-register DW_OP_regx
	.byte	129                             @ 257
	.byte	2                               @ 
	.long	0
	.long	0
.Ldebug_loc35:
	.long	-1
	.long	.Lfunc_begin7                   @   base address
	.long	.Ltmp885-.Lfunc_begin7
	.long	.Ltmp886-.Lfunc_begin7
	.short	3                               @ Loc expr size
	.byte	144                             @ super-register DW_OP_regx
	.byte	128                             @ 256
	.byte	2                               @ 
	.long	0
	.long	0
.Ldebug_loc36:
	.long	-1
	.long	.Lfunc_begin10                  @   base address
	.long	.Ltmp899-.Lfunc_begin10
	.long	.Lfunc_end10-.Lfunc_begin10
	.short	1                               @ Loc expr size
	.byte	80                              @ DW_OP_reg0
	.long	0
	.long	0
.Ldebug_loc37:
	.long	-1
	.long	.Lfunc_begin14                  @   base address
	.long	.Lfunc_begin14-.Lfunc_begin14
	.long	.Ltmp908-.Lfunc_begin14
	.short	1                               @ Loc expr size
	.byte	80                              @ DW_OP_reg0
	.long	.Ltmp908-.Lfunc_begin14
	.long	.Lfunc_end14-.Lfunc_begin14
	.short	4                               @ Loc expr size
	.byte	243                             @ DW_OP_GNU_entry_value
	.byte	1                               @ 1
	.byte	80                              @ DW_OP_reg0
	.byte	159                             @ DW_OP_stack_value
	.long	0
	.long	0
.Ldebug_loc38:
	.long	-1
	.long	.Lfunc_begin15                  @   base address
	.long	.Lfunc_begin15-.Lfunc_begin15
	.long	.Ltmp911-.Lfunc_begin15
	.short	1                               @ Loc expr size
	.byte	80                              @ DW_OP_reg0
	.long	.Ltmp911-.Lfunc_begin15
	.long	.Lfunc_end15-.Lfunc_begin15
	.short	4                               @ Loc expr size
	.byte	243                             @ DW_OP_GNU_entry_value
	.byte	1                               @ 1
	.byte	80                              @ DW_OP_reg0
	.byte	159                             @ DW_OP_stack_value
	.long	0
	.long	0
.Ldebug_loc39:
	.long	-1
	.long	.Lfunc_begin16                  @   base address
	.long	.Lfunc_begin16-.Lfunc_begin16
	.long	.Ltmp914-.Lfunc_begin16
	.short	1                               @ Loc expr size
	.byte	80                              @ DW_OP_reg0
	.long	.Ltmp914-.Lfunc_begin16
	.long	.Lfunc_end16-.Lfunc_begin16
	.short	4                               @ Loc expr size
	.byte	243                             @ DW_OP_GNU_entry_value
	.byte	1                               @ 1
	.byte	80                              @ DW_OP_reg0
	.byte	159                             @ DW_OP_stack_value
	.long	0
	.long	0
.Ldebug_loc40:
	.long	-1
	.long	.Lfunc_begin17                  @   base address
	.long	.Lfunc_begin17-.Lfunc_begin17
	.long	.Ltmp916-.Lfunc_begin17
	.short	1                               @ Loc expr size
	.byte	80                              @ DW_OP_reg0
	.long	.Ltmp916-.Lfunc_begin17
	.long	.Ltmp924-.Lfunc_begin17
	.short	1                               @ Loc expr size
	.byte	84                              @ DW_OP_reg4
	.long	0
	.long	0
.Ldebug_loc41:
	.long	-1
	.long	.Lfunc_begin17                  @   base address
	.long	.Ltmp920-.Lfunc_begin17
	.long	.Ltmp921-.Lfunc_begin17
	.short	1                               @ Loc expr size
	.byte	81                              @ DW_OP_reg1
	.long	.Ltmp921-.Lfunc_begin17
	.long	.Ltmp923-.Lfunc_begin17
	.short	1                               @ Loc expr size
	.byte	80                              @ DW_OP_reg0
	.long	0
	.long	0
.Ldebug_loc42:
	.long	-1
	.long	.Lfunc_begin20                  @   base address
	.long	.Lfunc_begin20-.Lfunc_begin20
	.long	.Ltmp929-.Lfunc_begin20
	.short	1                               @ Loc expr size
	.byte	80                              @ DW_OP_reg0
	.long	.Ltmp929-.Lfunc_begin20
	.long	.Ltmp1009-.Lfunc_begin20
	.short	1                               @ Loc expr size
	.byte	84                              @ DW_OP_reg4
	.long	0
	.long	0
.Ldebug_loc43:
	.long	-1
	.long	.Lfunc_begin20                  @   base address
	.long	.Ltmp930-.Lfunc_begin20
	.long	.Ltmp935-.Lfunc_begin20
	.short	2                               @ Loc expr size
	.byte	48                              @ DW_OP_lit0
	.byte	159                             @ DW_OP_stack_value
	.long	.Ltmp935-.Lfunc_begin20
	.long	.Ltmp939-.Lfunc_begin20
	.short	1                               @ Loc expr size
	.byte	80                              @ DW_OP_reg0
	.long	.Ltmp939-.Lfunc_begin20
	.long	.Ltmp944-.Lfunc_begin20
	.short	2                               @ Loc expr size
	.byte	48                              @ DW_OP_lit0
	.byte	159                             @ DW_OP_stack_value
	.long	.Ltmp945-.Lfunc_begin20
	.long	.Ltmp953-.Lfunc_begin20
	.short	1                               @ Loc expr size
	.byte	80                              @ DW_OP_reg0
	.long	.Ltmp955-.Lfunc_begin20
	.long	.Ltmp972-.Lfunc_begin20
	.short	1                               @ Loc expr size
	.byte	80                              @ DW_OP_reg0
	.long	.Ltmp972-.Lfunc_begin20
	.long	.Ltmp974-.Lfunc_begin20
	.short	2                               @ Loc expr size
	.byte	48                              @ DW_OP_lit0
	.byte	159                             @ DW_OP_stack_value
	.long	.Ltmp974-.Lfunc_begin20
	.long	.Ltmp978-.Lfunc_begin20
	.short	1                               @ Loc expr size
	.byte	80                              @ DW_OP_reg0
	.long	.Ltmp981-.Lfunc_begin20
	.long	.Ltmp983-.Lfunc_begin20
	.short	1                               @ Loc expr size
	.byte	80                              @ DW_OP_reg0
	.long	.Ltmp983-.Lfunc_begin20
	.long	.Ltmp986-.Lfunc_begin20
	.short	4                               @ Loc expr size
	.byte	48                              @ DW_OP_lit0
	.byte	50                              @ DW_OP_lit2
	.byte	33                              @ DW_OP_or
	.byte	159                             @ DW_OP_stack_value
	.long	.Ltmp986-.Lfunc_begin20
	.long	.Lfunc_end20-.Lfunc_begin20
	.short	1                               @ Loc expr size
	.byte	80                              @ DW_OP_reg0
	.long	0
	.long	0
.Ldebug_loc44:
	.long	-1
	.long	.Lfunc_begin20                  @   base address
	.long	.Ltmp932-.Lfunc_begin20
	.long	.Ltmp934-.Lfunc_begin20
	.short	1                               @ Loc expr size
	.byte	80                              @ DW_OP_reg0
	.long	.Ltmp934-.Lfunc_begin20
	.long	.Ltmp972-.Lfunc_begin20
	.short	1                               @ Loc expr size
	.byte	85                              @ DW_OP_reg5
	.long	.Ltmp972-.Lfunc_begin20
	.long	.Ltmp974-.Lfunc_begin20
	.short	1                               @ Loc expr size
	.byte	80                              @ DW_OP_reg0
	.long	0
	.long	0
.Ldebug_loc45:
	.long	-1
	.long	.Lfunc_begin21                  @   base address
	.long	.Ltmp1010-.Lfunc_begin21
	.long	.Ltmp1033-.Lfunc_begin21
	.short	2                               @ Loc expr size
	.byte	48                              @ DW_OP_lit0
	.byte	159                             @ DW_OP_stack_value
	.long	.Ltmp1035-.Lfunc_begin21
	.long	.Ltmp1037-.Lfunc_begin21
	.short	1                               @ Loc expr size
	.byte	80                              @ DW_OP_reg0
	.long	.Ltmp1037-.Lfunc_begin21
	.long	.Lfunc_end21-.Lfunc_begin21
	.short	2                               @ Loc expr size
	.byte	48                              @ DW_OP_lit0
	.byte	159                             @ DW_OP_stack_value
	.long	0
	.long	0
.Ldebug_loc46:
	.long	-1
	.long	.Lfunc_begin21                  @   base address
	.long	.Ltmp1011-.Lfunc_begin21
	.long	.Ltmp1017-.Lfunc_begin21
	.short	1                               @ Loc expr size
	.byte	80                              @ DW_OP_reg0
	.long	.Ltmp1019-.Lfunc_begin21
	.long	.Ltmp1021-.Lfunc_begin21
	.short	1                               @ Loc expr size
	.byte	80                              @ DW_OP_reg0
	.long	.Ltmp1023-.Lfunc_begin21
	.long	.Ltmp1027-.Lfunc_begin21
	.short	1                               @ Loc expr size
	.byte	80                              @ DW_OP_reg0
	.long	.Ltmp1029-.Lfunc_begin21
	.long	.Ltmp1035-.Lfunc_begin21
	.short	1                               @ Loc expr size
	.byte	80                              @ DW_OP_reg0
	.long	.Ltmp1037-.Lfunc_begin21
	.long	.Lfunc_end21-.Lfunc_begin21
	.short	1                               @ Loc expr size
	.byte	80                              @ DW_OP_reg0
	.long	0
	.long	0
.Ldebug_loc47:
	.long	-1
	.long	.Lfunc_begin21                  @   base address
	.long	.Ltmp1013-.Lfunc_begin21
	.long	.Ltmp1032-.Lfunc_begin21
	.short	1                               @ Loc expr size
	.byte	82                              @ DW_OP_reg2
	.long	.Ltmp1037-.Lfunc_begin21
	.long	.Lfunc_end21-.Lfunc_begin21
	.short	1                               @ Loc expr size
	.byte	82                              @ DW_OP_reg2
	.long	0
	.long	0
	.section	.debug_abbrev,"",%progbits
	.byte	1                               @ Abbreviation Code
	.byte	17                              @ DW_TAG_compile_unit
	.byte	1                               @ DW_CHILDREN_yes
	.byte	37                              @ DW_AT_producer
	.byte	14                              @ DW_FORM_strp
	.byte	19                              @ DW_AT_language
	.byte	5                               @ DW_FORM_data2
	.byte	3                               @ DW_AT_name
	.byte	14                              @ DW_FORM_strp
	.byte	16                              @ DW_AT_stmt_list
	.byte	23                              @ DW_FORM_sec_offset
	.byte	27                              @ DW_AT_comp_dir
	.byte	14                              @ DW_FORM_strp
	.byte	17                              @ DW_AT_low_pc
	.byte	1                               @ DW_FORM_addr
	.byte	85                              @ DW_AT_ranges
	.byte	23                              @ DW_FORM_sec_offset
	.byte	0                               @ EOM(1)
	.byte	0                               @ EOM(2)
	.byte	2                               @ Abbreviation Code
	.byte	4                               @ DW_TAG_enumeration_type
	.byte	1                               @ DW_CHILDREN_yes
	.byte	73                              @ DW_AT_type
	.byte	19                              @ DW_FORM_ref4
	.byte	11                              @ DW_AT_byte_size
	.byte	11                              @ DW_FORM_data1
	.byte	58                              @ DW_AT_decl_file
	.byte	11                              @ DW_FORM_data1
	.byte	59                              @ DW_AT_decl_line
	.byte	11                              @ DW_FORM_data1
	.byte	0                               @ EOM(1)
	.byte	0                               @ EOM(2)
	.byte	3                               @ Abbreviation Code
	.byte	40                              @ DW_TAG_enumerator
	.byte	0                               @ DW_CHILDREN_no
	.byte	3                               @ DW_AT_name
	.byte	14                              @ DW_FORM_strp
	.byte	28                              @ DW_AT_const_value
	.byte	15                              @ DW_FORM_udata
	.byte	0                               @ EOM(1)
	.byte	0                               @ EOM(2)
	.byte	4                               @ Abbreviation Code
	.byte	36                              @ DW_TAG_base_type
	.byte	0                               @ DW_CHILDREN_no
	.byte	3                               @ DW_AT_name
	.byte	14                              @ DW_FORM_strp
	.byte	62                              @ DW_AT_encoding
	.byte	11                              @ DW_FORM_data1
	.byte	11                              @ DW_AT_byte_size
	.byte	11                              @ DW_FORM_data1
	.byte	0                               @ EOM(1)
	.byte	0                               @ EOM(2)
	.byte	5                               @ Abbreviation Code
	.byte	22                              @ DW_TAG_typedef
	.byte	0                               @ DW_CHILDREN_no
	.byte	73                              @ DW_AT_type
	.byte	19                              @ DW_FORM_ref4
	.byte	3                               @ DW_AT_name
	.byte	14                              @ DW_FORM_strp
	.byte	58                              @ DW_AT_decl_file
	.byte	11                              @ DW_FORM_data1
	.byte	59                              @ DW_AT_decl_line
	.byte	11                              @ DW_FORM_data1
	.byte	0                               @ EOM(1)
	.byte	0                               @ EOM(2)
	.byte	6                               @ Abbreviation Code
	.byte	15                              @ DW_TAG_pointer_type
	.byte	0                               @ DW_CHILDREN_no
	.byte	73                              @ DW_AT_type
	.byte	19                              @ DW_FORM_ref4
	.byte	0                               @ EOM(1)
	.byte	0                               @ EOM(2)
	.byte	7                               @ Abbreviation Code
	.byte	22                              @ DW_TAG_typedef
	.byte	0                               @ DW_CHILDREN_no
	.byte	73                              @ DW_AT_type
	.byte	19                              @ DW_FORM_ref4
	.byte	3                               @ DW_AT_name
	.byte	14                              @ DW_FORM_strp
	.byte	58                              @ DW_AT_decl_file
	.byte	11                              @ DW_FORM_data1
	.byte	59                              @ DW_AT_decl_line
	.byte	5                               @ DW_FORM_data2
	.byte	0                               @ EOM(1)
	.byte	0                               @ EOM(2)
	.byte	8                               @ Abbreviation Code
	.byte	19                              @ DW_TAG_structure_type
	.byte	1                               @ DW_CHILDREN_yes
	.byte	11                              @ DW_AT_byte_size
	.byte	5                               @ DW_FORM_data2
	.byte	58                              @ DW_AT_decl_file
	.byte	11                              @ DW_FORM_data1
	.byte	59                              @ DW_AT_decl_line
	.byte	5                               @ DW_FORM_data2
	.byte	0                               @ EOM(1)
	.byte	0                               @ EOM(2)
	.byte	9                               @ Abbreviation Code
	.byte	13                              @ DW_TAG_member
	.byte	0                               @ DW_CHILDREN_no
	.byte	3                               @ DW_AT_name
	.byte	14                              @ DW_FORM_strp
	.byte	73                              @ DW_AT_type
	.byte	19                              @ DW_FORM_ref4
	.byte	58                              @ DW_AT_decl_file
	.byte	11                              @ DW_FORM_data1
	.byte	59                              @ DW_AT_decl_line
	.byte	5                               @ DW_FORM_data2
	.byte	56                              @ DW_AT_data_member_location
	.byte	11                              @ DW_FORM_data1
	.byte	0                               @ EOM(1)
	.byte	0                               @ EOM(2)
	.byte	10                              @ Abbreviation Code
	.byte	13                              @ DW_TAG_member
	.byte	0                               @ DW_CHILDREN_no
	.byte	3                               @ DW_AT_name
	.byte	14                              @ DW_FORM_strp
	.byte	73                              @ DW_AT_type
	.byte	19                              @ DW_FORM_ref4
	.byte	58                              @ DW_AT_decl_file
	.byte	11                              @ DW_FORM_data1
	.byte	59                              @ DW_AT_decl_line
	.byte	5                               @ DW_FORM_data2
	.byte	56                              @ DW_AT_data_member_location
	.byte	5                               @ DW_FORM_data2
	.byte	0                               @ EOM(1)
	.byte	0                               @ EOM(2)
	.byte	11                              @ Abbreviation Code
	.byte	53                              @ DW_TAG_volatile_type
	.byte	0                               @ DW_CHILDREN_no
	.byte	73                              @ DW_AT_type
	.byte	19                              @ DW_FORM_ref4
	.byte	0                               @ EOM(1)
	.byte	0                               @ EOM(2)
	.byte	12                              @ Abbreviation Code
	.byte	1                               @ DW_TAG_array_type
	.byte	1                               @ DW_CHILDREN_yes
	.byte	73                              @ DW_AT_type
	.byte	19                              @ DW_FORM_ref4
	.byte	0                               @ EOM(1)
	.byte	0                               @ EOM(2)
	.byte	13                              @ Abbreviation Code
	.byte	33                              @ DW_TAG_subrange_type
	.byte	0                               @ DW_CHILDREN_no
	.byte	73                              @ DW_AT_type
	.byte	19                              @ DW_FORM_ref4
	.byte	55                              @ DW_AT_count
	.byte	11                              @ DW_FORM_data1
	.byte	0                               @ EOM(1)
	.byte	0                               @ EOM(2)
	.byte	14                              @ Abbreviation Code
	.byte	36                              @ DW_TAG_base_type
	.byte	0                               @ DW_CHILDREN_no
	.byte	3                               @ DW_AT_name
	.byte	14                              @ DW_FORM_strp
	.byte	11                              @ DW_AT_byte_size
	.byte	11                              @ DW_FORM_data1
	.byte	62                              @ DW_AT_encoding
	.byte	11                              @ DW_FORM_data1
	.byte	0                               @ EOM(1)
	.byte	0                               @ EOM(2)
	.byte	15                              @ Abbreviation Code
	.byte	19                              @ DW_TAG_structure_type
	.byte	1                               @ DW_CHILDREN_yes
	.byte	11                              @ DW_AT_byte_size
	.byte	11                              @ DW_FORM_data1
	.byte	58                              @ DW_AT_decl_file
	.byte	11                              @ DW_FORM_data1
	.byte	59                              @ DW_AT_decl_line
	.byte	5                               @ DW_FORM_data2
	.byte	0                               @ EOM(1)
	.byte	0                               @ EOM(2)
	.byte	16                              @ Abbreviation Code
	.byte	46                              @ DW_TAG_subprogram
	.byte	1                               @ DW_CHILDREN_yes
	.byte	17                              @ DW_AT_low_pc
	.byte	1                               @ DW_FORM_addr
	.byte	18                              @ DW_AT_high_pc
	.byte	6                               @ DW_FORM_data4
	.byte	64                              @ DW_AT_frame_base
	.byte	24                              @ DW_FORM_exprloc
	.ascii	"\227B"                         @ DW_AT_GNU_all_call_sites
	.byte	25                              @ DW_FORM_flag_present
	.byte	3                               @ DW_AT_name
	.byte	14                              @ DW_FORM_strp
	.byte	58                              @ DW_AT_decl_file
	.byte	11                              @ DW_FORM_data1
	.byte	59                              @ DW_AT_decl_line
	.byte	11                              @ DW_FORM_data1
	.byte	39                              @ DW_AT_prototyped
	.byte	25                              @ DW_FORM_flag_present
	.byte	73                              @ DW_AT_type
	.byte	19                              @ DW_FORM_ref4
	.byte	63                              @ DW_AT_external
	.byte	25                              @ DW_FORM_flag_present
	.byte	0                               @ EOM(1)
	.byte	0                               @ EOM(2)
	.byte	17                              @ Abbreviation Code
	.byte	5                               @ DW_TAG_formal_parameter
	.byte	0                               @ DW_CHILDREN_no
	.byte	2                               @ DW_AT_location
	.byte	23                              @ DW_FORM_sec_offset
	.byte	3                               @ DW_AT_name
	.byte	14                              @ DW_FORM_strp
	.byte	58                              @ DW_AT_decl_file
	.byte	11                              @ DW_FORM_data1
	.byte	59                              @ DW_AT_decl_line
	.byte	11                              @ DW_FORM_data1
	.byte	73                              @ DW_AT_type
	.byte	19                              @ DW_FORM_ref4
	.byte	0                               @ EOM(1)
	.byte	0                               @ EOM(2)
	.byte	18                              @ Abbreviation Code
	.byte	52                              @ DW_TAG_variable
	.byte	0                               @ DW_CHILDREN_no
	.byte	2                               @ DW_AT_location
	.byte	23                              @ DW_FORM_sec_offset
	.byte	3                               @ DW_AT_name
	.byte	14                              @ DW_FORM_strp
	.byte	58                              @ DW_AT_decl_file
	.byte	11                              @ DW_FORM_data1
	.byte	59                              @ DW_AT_decl_line
	.byte	11                              @ DW_FORM_data1
	.byte	73                              @ DW_AT_type
	.byte	19                              @ DW_FORM_ref4
	.byte	0                               @ EOM(1)
	.byte	0                               @ EOM(2)
	.byte	19                              @ Abbreviation Code
	.byte	46                              @ DW_TAG_subprogram
	.byte	1                               @ DW_CHILDREN_yes
	.byte	17                              @ DW_AT_low_pc
	.byte	1                               @ DW_FORM_addr
	.byte	18                              @ DW_AT_high_pc
	.byte	6                               @ DW_FORM_data4
	.byte	64                              @ DW_AT_frame_base
	.byte	24                              @ DW_FORM_exprloc
	.ascii	"\227B"                         @ DW_AT_GNU_all_call_sites
	.byte	25                              @ DW_FORM_flag_present
	.byte	3                               @ DW_AT_name
	.byte	14                              @ DW_FORM_strp
	.byte	58                              @ DW_AT_decl_file
	.byte	11                              @ DW_FORM_data1
	.byte	59                              @ DW_AT_decl_line
	.byte	5                               @ DW_FORM_data2
	.byte	39                              @ DW_AT_prototyped
	.byte	25                              @ DW_FORM_flag_present
	.byte	73                              @ DW_AT_type
	.byte	19                              @ DW_FORM_ref4
	.byte	0                               @ EOM(1)
	.byte	0                               @ EOM(2)
	.byte	20                              @ Abbreviation Code
	.byte	5                               @ DW_TAG_formal_parameter
	.byte	0                               @ DW_CHILDREN_no
	.byte	2                               @ DW_AT_location
	.byte	23                              @ DW_FORM_sec_offset
	.byte	3                               @ DW_AT_name
	.byte	14                              @ DW_FORM_strp
	.byte	58                              @ DW_AT_decl_file
	.byte	11                              @ DW_FORM_data1
	.byte	59                              @ DW_AT_decl_line
	.byte	5                               @ DW_FORM_data2
	.byte	73                              @ DW_AT_type
	.byte	19                              @ DW_FORM_ref4
	.byte	0                               @ EOM(1)
	.byte	0                               @ EOM(2)
	.byte	21                              @ Abbreviation Code
	.byte	52                              @ DW_TAG_variable
	.byte	0                               @ DW_CHILDREN_no
	.byte	28                              @ DW_AT_const_value
	.byte	15                              @ DW_FORM_udata
	.byte	3                               @ DW_AT_name
	.byte	14                              @ DW_FORM_strp
	.byte	58                              @ DW_AT_decl_file
	.byte	11                              @ DW_FORM_data1
	.byte	59                              @ DW_AT_decl_line
	.byte	5                               @ DW_FORM_data2
	.byte	73                              @ DW_AT_type
	.byte	19                              @ DW_FORM_ref4
	.byte	0                               @ EOM(1)
	.byte	0                               @ EOM(2)
	.byte	22                              @ Abbreviation Code
	.byte	52                              @ DW_TAG_variable
	.byte	0                               @ DW_CHILDREN_no
	.byte	2                               @ DW_AT_location
	.byte	23                              @ DW_FORM_sec_offset
	.byte	3                               @ DW_AT_name
	.byte	14                              @ DW_FORM_strp
	.byte	58                              @ DW_AT_decl_file
	.byte	11                              @ DW_FORM_data1
	.byte	59                              @ DW_AT_decl_line
	.byte	5                               @ DW_FORM_data2
	.byte	73                              @ DW_AT_type
	.byte	19                              @ DW_FORM_ref4
	.byte	0                               @ EOM(1)
	.byte	0                               @ EOM(2)
	.byte	23                              @ Abbreviation Code
	.byte	46                              @ DW_TAG_subprogram
	.byte	1                               @ DW_CHILDREN_yes
	.byte	17                              @ DW_AT_low_pc
	.byte	1                               @ DW_FORM_addr
	.byte	18                              @ DW_AT_high_pc
	.byte	6                               @ DW_FORM_data4
	.byte	64                              @ DW_AT_frame_base
	.byte	24                              @ DW_FORM_exprloc
	.ascii	"\227B"                         @ DW_AT_GNU_all_call_sites
	.byte	25                              @ DW_FORM_flag_present
	.byte	3                               @ DW_AT_name
	.byte	14                              @ DW_FORM_strp
	.byte	58                              @ DW_AT_decl_file
	.byte	11                              @ DW_FORM_data1
	.byte	59                              @ DW_AT_decl_line
	.byte	5                               @ DW_FORM_data2
	.byte	39                              @ DW_AT_prototyped
	.byte	25                              @ DW_FORM_flag_present
	.byte	63                              @ DW_AT_external
	.byte	25                              @ DW_FORM_flag_present
	.byte	0                               @ EOM(1)
	.byte	0                               @ EOM(2)
	.byte	24                              @ Abbreviation Code
	.byte	5                               @ DW_TAG_formal_parameter
	.byte	0                               @ DW_CHILDREN_no
	.byte	2                               @ DW_AT_location
	.byte	24                              @ DW_FORM_exprloc
	.byte	3                               @ DW_AT_name
	.byte	14                              @ DW_FORM_strp
	.byte	58                              @ DW_AT_decl_file
	.byte	11                              @ DW_FORM_data1
	.byte	59                              @ DW_AT_decl_line
	.byte	5                               @ DW_FORM_data2
	.byte	73                              @ DW_AT_type
	.byte	19                              @ DW_FORM_ref4
	.byte	0                               @ EOM(1)
	.byte	0                               @ EOM(2)
	.byte	25                              @ Abbreviation Code
	.byte	46                              @ DW_TAG_subprogram
	.byte	0                               @ DW_CHILDREN_no
	.byte	3                               @ DW_AT_name
	.byte	14                              @ DW_FORM_strp
	.byte	58                              @ DW_AT_decl_file
	.byte	11                              @ DW_FORM_data1
	.byte	59                              @ DW_AT_decl_line
	.byte	5                               @ DW_FORM_data2
	.byte	39                              @ DW_AT_prototyped
	.byte	25                              @ DW_FORM_flag_present
	.byte	73                              @ DW_AT_type
	.byte	19                              @ DW_FORM_ref4
	.byte	63                              @ DW_AT_external
	.byte	25                              @ DW_FORM_flag_present
	.byte	32                              @ DW_AT_inline
	.byte	11                              @ DW_FORM_data1
	.byte	0                               @ EOM(1)
	.byte	0                               @ EOM(2)
	.byte	26                              @ Abbreviation Code
	.byte	46                              @ DW_TAG_subprogram
	.byte	1                               @ DW_CHILDREN_yes
	.byte	17                              @ DW_AT_low_pc
	.byte	1                               @ DW_FORM_addr
	.byte	18                              @ DW_AT_high_pc
	.byte	6                               @ DW_FORM_data4
	.byte	64                              @ DW_AT_frame_base
	.byte	24                              @ DW_FORM_exprloc
	.ascii	"\227B"                         @ DW_AT_GNU_all_call_sites
	.byte	25                              @ DW_FORM_flag_present
	.byte	3                               @ DW_AT_name
	.byte	14                              @ DW_FORM_strp
	.byte	58                              @ DW_AT_decl_file
	.byte	11                              @ DW_FORM_data1
	.byte	59                              @ DW_AT_decl_line
	.byte	5                               @ DW_FORM_data2
	.byte	39                              @ DW_AT_prototyped
	.byte	25                              @ DW_FORM_flag_present
	.byte	73                              @ DW_AT_type
	.byte	19                              @ DW_FORM_ref4
	.byte	63                              @ DW_AT_external
	.byte	25                              @ DW_FORM_flag_present
	.byte	0                               @ EOM(1)
	.byte	0                               @ EOM(2)
	.byte	27                              @ Abbreviation Code
	.byte	52                              @ DW_TAG_variable
	.byte	0                               @ DW_CHILDREN_no
	.byte	2                               @ DW_AT_location
	.byte	24                              @ DW_FORM_exprloc
	.byte	3                               @ DW_AT_name
	.byte	14                              @ DW_FORM_strp
	.byte	58                              @ DW_AT_decl_file
	.byte	11                              @ DW_FORM_data1
	.byte	59                              @ DW_AT_decl_line
	.byte	5                               @ DW_FORM_data2
	.byte	73                              @ DW_AT_type
	.byte	19                              @ DW_FORM_ref4
	.byte	0                               @ EOM(1)
	.byte	0                               @ EOM(2)
	.byte	28                              @ Abbreviation Code
	.byte	29                              @ DW_TAG_inlined_subroutine
	.byte	0                               @ DW_CHILDREN_no
	.byte	49                              @ DW_AT_abstract_origin
	.byte	19                              @ DW_FORM_ref4
	.byte	17                              @ DW_AT_low_pc
	.byte	1                               @ DW_FORM_addr
	.byte	18                              @ DW_AT_high_pc
	.byte	6                               @ DW_FORM_data4
	.byte	88                              @ DW_AT_call_file
	.byte	11                              @ DW_FORM_data1
	.byte	89                              @ DW_AT_call_line
	.byte	5                               @ DW_FORM_data2
	.byte	87                              @ DW_AT_call_column
	.byte	11                              @ DW_FORM_data1
	.byte	0                               @ EOM(1)
	.byte	0                               @ EOM(2)
	.byte	29                              @ Abbreviation Code
	.ascii	"\211\202\001"                  @ DW_TAG_GNU_call_site
	.byte	0                               @ DW_CHILDREN_no
	.byte	49                              @ DW_AT_abstract_origin
	.byte	19                              @ DW_FORM_ref4
	.ascii	"\225B"                         @ DW_AT_GNU_tail_call
	.byte	25                              @ DW_FORM_flag_present
	.byte	17                              @ DW_AT_low_pc
	.byte	1                               @ DW_FORM_addr
	.byte	0                               @ EOM(1)
	.byte	0                               @ EOM(2)
	.byte	30                              @ Abbreviation Code
	.byte	46                              @ DW_TAG_subprogram
	.byte	0                               @ DW_CHILDREN_no
	.byte	3                               @ DW_AT_name
	.byte	14                              @ DW_FORM_strp
	.byte	58                              @ DW_AT_decl_file
	.byte	11                              @ DW_FORM_data1
	.byte	59                              @ DW_AT_decl_line
	.byte	5                               @ DW_FORM_data2
	.byte	39                              @ DW_AT_prototyped
	.byte	25                              @ DW_FORM_flag_present
	.byte	73                              @ DW_AT_type
	.byte	19                              @ DW_FORM_ref4
	.byte	60                              @ DW_AT_declaration
	.byte	25                              @ DW_FORM_flag_present
	.byte	63                              @ DW_AT_external
	.byte	25                              @ DW_FORM_flag_present
	.byte	0                               @ EOM(1)
	.byte	0                               @ EOM(2)
	.byte	31                              @ Abbreviation Code
	.byte	52                              @ DW_TAG_variable
	.byte	0                               @ DW_CHILDREN_no
	.byte	3                               @ DW_AT_name
	.byte	14                              @ DW_FORM_strp
	.byte	58                              @ DW_AT_decl_file
	.byte	11                              @ DW_FORM_data1
	.byte	59                              @ DW_AT_decl_line
	.byte	5                               @ DW_FORM_data2
	.byte	73                              @ DW_AT_type
	.byte	19                              @ DW_FORM_ref4
	.byte	0                               @ EOM(1)
	.byte	0                               @ EOM(2)
	.byte	32                              @ Abbreviation Code
	.byte	46                              @ DW_TAG_subprogram
	.byte	0                               @ DW_CHILDREN_no
	.byte	17                              @ DW_AT_low_pc
	.byte	1                               @ DW_FORM_addr
	.byte	18                              @ DW_AT_high_pc
	.byte	6                               @ DW_FORM_data4
	.byte	64                              @ DW_AT_frame_base
	.byte	24                              @ DW_FORM_exprloc
	.ascii	"\227B"                         @ DW_AT_GNU_all_call_sites
	.byte	25                              @ DW_FORM_flag_present
	.byte	49                              @ DW_AT_abstract_origin
	.byte	19                              @ DW_FORM_ref4
	.byte	0                               @ EOM(1)
	.byte	0                               @ EOM(2)
	.byte	33                              @ Abbreviation Code
	.byte	46                              @ DW_TAG_subprogram
	.byte	0                               @ DW_CHILDREN_no
	.byte	17                              @ DW_AT_low_pc
	.byte	1                               @ DW_FORM_addr
	.byte	18                              @ DW_AT_high_pc
	.byte	6                               @ DW_FORM_data4
	.byte	64                              @ DW_AT_frame_base
	.byte	24                              @ DW_FORM_exprloc
	.ascii	"\227B"                         @ DW_AT_GNU_all_call_sites
	.byte	25                              @ DW_FORM_flag_present
	.byte	3                               @ DW_AT_name
	.byte	14                              @ DW_FORM_strp
	.byte	58                              @ DW_AT_decl_file
	.byte	11                              @ DW_FORM_data1
	.byte	59                              @ DW_AT_decl_line
	.byte	5                               @ DW_FORM_data2
	.byte	39                              @ DW_AT_prototyped
	.byte	25                              @ DW_FORM_flag_present
	.byte	73                              @ DW_AT_type
	.byte	19                              @ DW_FORM_ref4
	.byte	63                              @ DW_AT_external
	.byte	25                              @ DW_FORM_flag_present
	.byte	0                               @ EOM(1)
	.byte	0                               @ EOM(2)
	.byte	34                              @ Abbreviation Code
	.byte	46                              @ DW_TAG_subprogram
	.byte	0                               @ DW_CHILDREN_no
	.byte	17                              @ DW_AT_low_pc
	.byte	1                               @ DW_FORM_addr
	.byte	18                              @ DW_AT_high_pc
	.byte	6                               @ DW_FORM_data4
	.byte	64                              @ DW_AT_frame_base
	.byte	24                              @ DW_FORM_exprloc
	.ascii	"\227B"                         @ DW_AT_GNU_all_call_sites
	.byte	25                              @ DW_FORM_flag_present
	.byte	3                               @ DW_AT_name
	.byte	14                              @ DW_FORM_strp
	.byte	58                              @ DW_AT_decl_file
	.byte	11                              @ DW_FORM_data1
	.byte	59                              @ DW_AT_decl_line
	.byte	5                               @ DW_FORM_data2
	.byte	39                              @ DW_AT_prototyped
	.byte	25                              @ DW_FORM_flag_present
	.byte	63                              @ DW_AT_external
	.byte	25                              @ DW_FORM_flag_present
	.byte	0                               @ EOM(1)
	.byte	0                               @ EOM(2)
	.byte	35                              @ Abbreviation Code
	.byte	19                              @ DW_TAG_structure_type
	.byte	1                               @ DW_CHILDREN_yes
	.byte	11                              @ DW_AT_byte_size
	.byte	11                              @ DW_FORM_data1
	.byte	58                              @ DW_AT_decl_file
	.byte	11                              @ DW_FORM_data1
	.byte	59                              @ DW_AT_decl_line
	.byte	11                              @ DW_FORM_data1
	.byte	0                               @ EOM(1)
	.byte	0                               @ EOM(2)
	.byte	36                              @ Abbreviation Code
	.byte	13                              @ DW_TAG_member
	.byte	0                               @ DW_CHILDREN_no
	.byte	3                               @ DW_AT_name
	.byte	14                              @ DW_FORM_strp
	.byte	73                              @ DW_AT_type
	.byte	19                              @ DW_FORM_ref4
	.byte	58                              @ DW_AT_decl_file
	.byte	11                              @ DW_FORM_data1
	.byte	59                              @ DW_AT_decl_line
	.byte	11                              @ DW_FORM_data1
	.byte	56                              @ DW_AT_data_member_location
	.byte	11                              @ DW_FORM_data1
	.byte	0                               @ EOM(1)
	.byte	0                               @ EOM(2)
	.byte	37                              @ Abbreviation Code
	.byte	38                              @ DW_TAG_const_type
	.byte	0                               @ DW_CHILDREN_no
	.byte	73                              @ DW_AT_type
	.byte	19                              @ DW_FORM_ref4
	.byte	0                               @ EOM(1)
	.byte	0                               @ EOM(2)
	.byte	0                               @ EOM(3)
	.section	.debug_info,"",%progbits
.Lcu_begin0:
	.long	.Ldebug_info_end0-.Ldebug_info_start0 @ Length of Unit
.Ldebug_info_start0:
	.short	4                               @ DWARF version number
	.long	.debug_abbrev                   @ Offset Into Abbrev. Section
	.byte	4                               @ Address Size (in bytes)
	.byte	1                               @ Abbrev [1] 0xb:0x10da DW_TAG_compile_unit
	.long	.Linfo_string0                  @ DW_AT_producer
	.short	12                              @ DW_AT_language
	.long	.Linfo_string1                  @ DW_AT_name
	.long	.Lline_table_start0             @ DW_AT_stmt_list
	.long	.Linfo_string2                  @ DW_AT_comp_dir
	.long	0                               @ DW_AT_low_pc
	.long	.Ldebug_ranges0                 @ DW_AT_ranges
	.byte	2                               @ Abbrev [2] 0x26:0x21 DW_TAG_enumeration_type
	.long	71                              @ DW_AT_type
	.byte	1                               @ DW_AT_byte_size
	.byte	1                               @ DW_AT_decl_file
	.byte	39                              @ DW_AT_decl_line
	.byte	3                               @ Abbrev [3] 0x2e:0x6 DW_TAG_enumerator
	.long	.Linfo_string4                  @ DW_AT_name
	.byte	0                               @ DW_AT_const_value
	.byte	3                               @ Abbrev [3] 0x34:0x6 DW_TAG_enumerator
	.long	.Linfo_string5                  @ DW_AT_name
	.byte	1                               @ DW_AT_const_value
	.byte	3                               @ Abbrev [3] 0x3a:0x6 DW_TAG_enumerator
	.long	.Linfo_string6                  @ DW_AT_name
	.byte	2                               @ DW_AT_const_value
	.byte	3                               @ Abbrev [3] 0x40:0x6 DW_TAG_enumerator
	.long	.Linfo_string7                  @ DW_AT_name
	.byte	3                               @ DW_AT_const_value
	.byte	0                               @ End Of Children Mark
	.byte	4                               @ Abbrev [4] 0x47:0x7 DW_TAG_base_type
	.long	.Linfo_string3                  @ DW_AT_name
	.byte	8                               @ DW_AT_encoding
	.byte	1                               @ DW_AT_byte_size
	.byte	5                               @ Abbrev [5] 0x4e:0xb DW_TAG_typedef
	.long	89                              @ DW_AT_type
	.long	.Linfo_string9                  @ DW_AT_name
	.byte	2                               @ DW_AT_decl_file
	.byte	65                              @ DW_AT_decl_line
	.byte	4                               @ Abbrev [4] 0x59:0x7 DW_TAG_base_type
	.long	.Linfo_string8                  @ DW_AT_name
	.byte	7                               @ DW_AT_encoding
	.byte	8                               @ DW_AT_byte_size
	.byte	6                               @ Abbrev [6] 0x60:0x5 DW_TAG_pointer_type
	.long	101                             @ DW_AT_type
	.byte	7                               @ Abbrev [7] 0x65:0xc DW_TAG_typedef
	.long	113                             @ DW_AT_type
	.long	.Linfo_string78                 @ DW_AT_name
	.byte	3                               @ DW_AT_decl_file
	.short	1297                            @ DW_AT_decl_line
	.byte	8                               @ Abbrev [8] 0x71:0x35d DW_TAG_structure_type
	.short	304                             @ DW_AT_byte_size
	.byte	3                               @ DW_AT_decl_file
	.short	1229                            @ DW_AT_decl_line
	.byte	9                               @ Abbrev [9] 0x77:0xd DW_TAG_member
	.long	.Linfo_string10                 @ DW_AT_name
	.long	974                             @ DW_AT_type
	.byte	3                               @ DW_AT_decl_file
	.short	1231                            @ DW_AT_decl_line
	.byte	0                               @ DW_AT_data_member_location
	.byte	9                               @ Abbrev [9] 0x84:0xd DW_TAG_member
	.long	.Linfo_string13                 @ DW_AT_name
	.long	974                             @ DW_AT_type
	.byte	3                               @ DW_AT_decl_file
	.short	1232                            @ DW_AT_decl_line
	.byte	4                               @ DW_AT_data_member_location
	.byte	9                               @ Abbrev [9] 0x91:0xd DW_TAG_member
	.long	.Linfo_string14                 @ DW_AT_name
	.long	974                             @ DW_AT_type
	.byte	3                               @ DW_AT_decl_file
	.short	1233                            @ DW_AT_decl_line
	.byte	8                               @ DW_AT_data_member_location
	.byte	9                               @ Abbrev [9] 0x9e:0xd DW_TAG_member
	.long	.Linfo_string15                 @ DW_AT_name
	.long	974                             @ DW_AT_type
	.byte	3                               @ DW_AT_decl_file
	.short	1234                            @ DW_AT_decl_line
	.byte	12                              @ DW_AT_data_member_location
	.byte	9                               @ Abbrev [9] 0xab:0xd DW_TAG_member
	.long	.Linfo_string16                 @ DW_AT_name
	.long	974                             @ DW_AT_type
	.byte	3                               @ DW_AT_decl_file
	.short	1235                            @ DW_AT_decl_line
	.byte	16                              @ DW_AT_data_member_location
	.byte	9                               @ Abbrev [9] 0xb8:0xd DW_TAG_member
	.long	.Linfo_string17                 @ DW_AT_name
	.long	979                             @ DW_AT_type
	.byte	3                               @ DW_AT_decl_file
	.short	1236                            @ DW_AT_decl_line
	.byte	20                              @ DW_AT_data_member_location
	.byte	9                               @ Abbrev [9] 0xc5:0xd DW_TAG_member
	.long	.Linfo_string18                 @ DW_AT_name
	.long	974                             @ DW_AT_type
	.byte	3                               @ DW_AT_decl_file
	.short	1237                            @ DW_AT_decl_line
	.byte	24                              @ DW_AT_data_member_location
	.byte	9                               @ Abbrev [9] 0xd2:0xd DW_TAG_member
	.long	.Linfo_string19                 @ DW_AT_name
	.long	974                             @ DW_AT_type
	.byte	3                               @ DW_AT_decl_file
	.short	1238                            @ DW_AT_decl_line
	.byte	28                              @ DW_AT_data_member_location
	.byte	9                               @ Abbrev [9] 0xdf:0xd DW_TAG_member
	.long	.Linfo_string20                 @ DW_AT_name
	.long	974                             @ DW_AT_type
	.byte	3                               @ DW_AT_decl_file
	.short	1239                            @ DW_AT_decl_line
	.byte	32                              @ DW_AT_data_member_location
	.byte	9                               @ Abbrev [9] 0xec:0xd DW_TAG_member
	.long	.Linfo_string21                 @ DW_AT_name
	.long	979                             @ DW_AT_type
	.byte	3                               @ DW_AT_decl_file
	.short	1240                            @ DW_AT_decl_line
	.byte	36                              @ DW_AT_data_member_location
	.byte	9                               @ Abbrev [9] 0xf9:0xd DW_TAG_member
	.long	.Linfo_string22                 @ DW_AT_name
	.long	974                             @ DW_AT_type
	.byte	3                               @ DW_AT_decl_file
	.short	1241                            @ DW_AT_decl_line
	.byte	40                              @ DW_AT_data_member_location
	.byte	9                               @ Abbrev [9] 0x106:0xd DW_TAG_member
	.long	.Linfo_string23                 @ DW_AT_name
	.long	974                             @ DW_AT_type
	.byte	3                               @ DW_AT_decl_file
	.short	1242                            @ DW_AT_decl_line
	.byte	44                              @ DW_AT_data_member_location
	.byte	9                               @ Abbrev [9] 0x113:0xd DW_TAG_member
	.long	.Linfo_string24                 @ DW_AT_name
	.long	974                             @ DW_AT_type
	.byte	3                               @ DW_AT_decl_file
	.short	1243                            @ DW_AT_decl_line
	.byte	48                              @ DW_AT_data_member_location
	.byte	9                               @ Abbrev [9] 0x120:0xd DW_TAG_member
	.long	.Linfo_string25                 @ DW_AT_name
	.long	974                             @ DW_AT_type
	.byte	3                               @ DW_AT_decl_file
	.short	1244                            @ DW_AT_decl_line
	.byte	52                              @ DW_AT_data_member_location
	.byte	9                               @ Abbrev [9] 0x12d:0xd DW_TAG_member
	.long	.Linfo_string26                 @ DW_AT_name
	.long	974                             @ DW_AT_type
	.byte	3                               @ DW_AT_decl_file
	.short	1245                            @ DW_AT_decl_line
	.byte	56                              @ DW_AT_data_member_location
	.byte	9                               @ Abbrev [9] 0x13a:0xd DW_TAG_member
	.long	.Linfo_string27                 @ DW_AT_name
	.long	974                             @ DW_AT_type
	.byte	3                               @ DW_AT_decl_file
	.short	1246                            @ DW_AT_decl_line
	.byte	60                              @ DW_AT_data_member_location
	.byte	9                               @ Abbrev [9] 0x147:0xd DW_TAG_member
	.long	.Linfo_string28                 @ DW_AT_name
	.long	974                             @ DW_AT_type
	.byte	3                               @ DW_AT_decl_file
	.short	1247                            @ DW_AT_decl_line
	.byte	64                              @ DW_AT_data_member_location
	.byte	9                               @ Abbrev [9] 0x154:0xd DW_TAG_member
	.long	.Linfo_string29                 @ DW_AT_name
	.long	974                             @ DW_AT_type
	.byte	3                               @ DW_AT_decl_file
	.short	1248                            @ DW_AT_decl_line
	.byte	68                              @ DW_AT_data_member_location
	.byte	9                               @ Abbrev [9] 0x161:0xd DW_TAG_member
	.long	.Linfo_string30                 @ DW_AT_name
	.long	979                             @ DW_AT_type
	.byte	3                               @ DW_AT_decl_file
	.short	1249                            @ DW_AT_decl_line
	.byte	72                              @ DW_AT_data_member_location
	.byte	9                               @ Abbrev [9] 0x16e:0xd DW_TAG_member
	.long	.Linfo_string31                 @ DW_AT_name
	.long	974                             @ DW_AT_type
	.byte	3                               @ DW_AT_decl_file
	.short	1250                            @ DW_AT_decl_line
	.byte	76                              @ DW_AT_data_member_location
	.byte	9                               @ Abbrev [9] 0x17b:0xd DW_TAG_member
	.long	.Linfo_string32                 @ DW_AT_name
	.long	974                             @ DW_AT_type
	.byte	3                               @ DW_AT_decl_file
	.short	1251                            @ DW_AT_decl_line
	.byte	80                              @ DW_AT_data_member_location
	.byte	9                               @ Abbrev [9] 0x188:0xd DW_TAG_member
	.long	.Linfo_string33                 @ DW_AT_name
	.long	974                             @ DW_AT_type
	.byte	3                               @ DW_AT_decl_file
	.short	1252                            @ DW_AT_decl_line
	.byte	84                              @ DW_AT_data_member_location
	.byte	9                               @ Abbrev [9] 0x195:0xd DW_TAG_member
	.long	.Linfo_string34                 @ DW_AT_name
	.long	974                             @ DW_AT_type
	.byte	3                               @ DW_AT_decl_file
	.short	1253                            @ DW_AT_decl_line
	.byte	88                              @ DW_AT_data_member_location
	.byte	9                               @ Abbrev [9] 0x1a2:0xd DW_TAG_member
	.long	.Linfo_string35                 @ DW_AT_name
	.long	979                             @ DW_AT_type
	.byte	3                               @ DW_AT_decl_file
	.short	1254                            @ DW_AT_decl_line
	.byte	92                              @ DW_AT_data_member_location
	.byte	9                               @ Abbrev [9] 0x1af:0xd DW_TAG_member
	.long	.Linfo_string36                 @ DW_AT_name
	.long	974                             @ DW_AT_type
	.byte	3                               @ DW_AT_decl_file
	.short	1255                            @ DW_AT_decl_line
	.byte	96                              @ DW_AT_data_member_location
	.byte	9                               @ Abbrev [9] 0x1bc:0xd DW_TAG_member
	.long	.Linfo_string37                 @ DW_AT_name
	.long	974                             @ DW_AT_type
	.byte	3                               @ DW_AT_decl_file
	.short	1256                            @ DW_AT_decl_line
	.byte	100                             @ DW_AT_data_member_location
	.byte	9                               @ Abbrev [9] 0x1c9:0xd DW_TAG_member
	.long	.Linfo_string38                 @ DW_AT_name
	.long	974                             @ DW_AT_type
	.byte	3                               @ DW_AT_decl_file
	.short	1257                            @ DW_AT_decl_line
	.byte	104                             @ DW_AT_data_member_location
	.byte	9                               @ Abbrev [9] 0x1d6:0xd DW_TAG_member
	.long	.Linfo_string39                 @ DW_AT_name
	.long	979                             @ DW_AT_type
	.byte	3                               @ DW_AT_decl_file
	.short	1258                            @ DW_AT_decl_line
	.byte	108                             @ DW_AT_data_member_location
	.byte	9                               @ Abbrev [9] 0x1e3:0xd DW_TAG_member
	.long	.Linfo_string40                 @ DW_AT_name
	.long	974                             @ DW_AT_type
	.byte	3                               @ DW_AT_decl_file
	.short	1259                            @ DW_AT_decl_line
	.byte	112                             @ DW_AT_data_member_location
	.byte	9                               @ Abbrev [9] 0x1f0:0xd DW_TAG_member
	.long	.Linfo_string41                 @ DW_AT_name
	.long	974                             @ DW_AT_type
	.byte	3                               @ DW_AT_decl_file
	.short	1260                            @ DW_AT_decl_line
	.byte	116                             @ DW_AT_data_member_location
	.byte	9                               @ Abbrev [9] 0x1fd:0xd DW_TAG_member
	.long	.Linfo_string42                 @ DW_AT_name
	.long	979                             @ DW_AT_type
	.byte	3                               @ DW_AT_decl_file
	.short	1261                            @ DW_AT_decl_line
	.byte	120                             @ DW_AT_data_member_location
	.byte	9                               @ Abbrev [9] 0x20a:0xd DW_TAG_member
	.long	.Linfo_string43                 @ DW_AT_name
	.long	974                             @ DW_AT_type
	.byte	3                               @ DW_AT_decl_file
	.short	1262                            @ DW_AT_decl_line
	.byte	124                             @ DW_AT_data_member_location
	.byte	9                               @ Abbrev [9] 0x217:0xd DW_TAG_member
	.long	.Linfo_string44                 @ DW_AT_name
	.long	974                             @ DW_AT_type
	.byte	3                               @ DW_AT_decl_file
	.short	1263                            @ DW_AT_decl_line
	.byte	128                             @ DW_AT_data_member_location
	.byte	9                               @ Abbrev [9] 0x224:0xd DW_TAG_member
	.long	.Linfo_string45                 @ DW_AT_name
	.long	974                             @ DW_AT_type
	.byte	3                               @ DW_AT_decl_file
	.short	1264                            @ DW_AT_decl_line
	.byte	132                             @ DW_AT_data_member_location
	.byte	9                               @ Abbrev [9] 0x231:0xd DW_TAG_member
	.long	.Linfo_string46                 @ DW_AT_name
	.long	974                             @ DW_AT_type
	.byte	3                               @ DW_AT_decl_file
	.short	1265                            @ DW_AT_decl_line
	.byte	136                             @ DW_AT_data_member_location
	.byte	9                               @ Abbrev [9] 0x23e:0xd DW_TAG_member
	.long	.Linfo_string47                 @ DW_AT_name
	.long	974                             @ DW_AT_type
	.byte	3                               @ DW_AT_decl_file
	.short	1266                            @ DW_AT_decl_line
	.byte	140                             @ DW_AT_data_member_location
	.byte	9                               @ Abbrev [9] 0x24b:0xd DW_TAG_member
	.long	.Linfo_string48                 @ DW_AT_name
	.long	974                             @ DW_AT_type
	.byte	3                               @ DW_AT_decl_file
	.short	1267                            @ DW_AT_decl_line
	.byte	144                             @ DW_AT_data_member_location
	.byte	9                               @ Abbrev [9] 0x258:0xd DW_TAG_member
	.long	.Linfo_string49                 @ DW_AT_name
	.long	974                             @ DW_AT_type
	.byte	3                               @ DW_AT_decl_file
	.short	1268                            @ DW_AT_decl_line
	.byte	148                             @ DW_AT_data_member_location
	.byte	9                               @ Abbrev [9] 0x265:0xd DW_TAG_member
	.long	.Linfo_string50                 @ DW_AT_name
	.long	974                             @ DW_AT_type
	.byte	3                               @ DW_AT_decl_file
	.short	1269                            @ DW_AT_decl_line
	.byte	152                             @ DW_AT_data_member_location
	.byte	9                               @ Abbrev [9] 0x272:0xd DW_TAG_member
	.long	.Linfo_string51                 @ DW_AT_name
	.long	974                             @ DW_AT_type
	.byte	3                               @ DW_AT_decl_file
	.short	1270                            @ DW_AT_decl_line
	.byte	156                             @ DW_AT_data_member_location
	.byte	9                               @ Abbrev [9] 0x27f:0xd DW_TAG_member
	.long	.Linfo_string52                 @ DW_AT_name
	.long	974                             @ DW_AT_type
	.byte	3                               @ DW_AT_decl_file
	.short	1271                            @ DW_AT_decl_line
	.byte	160                             @ DW_AT_data_member_location
	.byte	9                               @ Abbrev [9] 0x28c:0xd DW_TAG_member
	.long	.Linfo_string53                 @ DW_AT_name
	.long	979                             @ DW_AT_type
	.byte	3                               @ DW_AT_decl_file
	.short	1272                            @ DW_AT_decl_line
	.byte	164                             @ DW_AT_data_member_location
	.byte	9                               @ Abbrev [9] 0x299:0xd DW_TAG_member
	.long	.Linfo_string54                 @ DW_AT_name
	.long	974                             @ DW_AT_type
	.byte	3                               @ DW_AT_decl_file
	.short	1273                            @ DW_AT_decl_line
	.byte	168                             @ DW_AT_data_member_location
	.byte	9                               @ Abbrev [9] 0x2a6:0xd DW_TAG_member
	.long	.Linfo_string55                 @ DW_AT_name
	.long	997                             @ DW_AT_type
	.byte	3                               @ DW_AT_decl_file
	.short	1274                            @ DW_AT_decl_line
	.byte	172                             @ DW_AT_data_member_location
	.byte	9                               @ Abbrev [9] 0x2b3:0xd DW_TAG_member
	.long	.Linfo_string57                 @ DW_AT_name
	.long	974                             @ DW_AT_type
	.byte	3                               @ DW_AT_decl_file
	.short	1275                            @ DW_AT_decl_line
	.byte	208                             @ DW_AT_data_member_location
	.byte	9                               @ Abbrev [9] 0x2c0:0xd DW_TAG_member
	.long	.Linfo_string58                 @ DW_AT_name
	.long	974                             @ DW_AT_type
	.byte	3                               @ DW_AT_decl_file
	.short	1276                            @ DW_AT_decl_line
	.byte	212                             @ DW_AT_data_member_location
	.byte	9                               @ Abbrev [9] 0x2cd:0xd DW_TAG_member
	.long	.Linfo_string59                 @ DW_AT_name
	.long	974                             @ DW_AT_type
	.byte	3                               @ DW_AT_decl_file
	.short	1277                            @ DW_AT_decl_line
	.byte	216                             @ DW_AT_data_member_location
	.byte	9                               @ Abbrev [9] 0x2da:0xd DW_TAG_member
	.long	.Linfo_string60                 @ DW_AT_name
	.long	974                             @ DW_AT_type
	.byte	3                               @ DW_AT_decl_file
	.short	1278                            @ DW_AT_decl_line
	.byte	220                             @ DW_AT_data_member_location
	.byte	9                               @ Abbrev [9] 0x2e7:0xd DW_TAG_member
	.long	.Linfo_string61                 @ DW_AT_name
	.long	974                             @ DW_AT_type
	.byte	3                               @ DW_AT_decl_file
	.short	1279                            @ DW_AT_decl_line
	.byte	224                             @ DW_AT_data_member_location
	.byte	9                               @ Abbrev [9] 0x2f4:0xd DW_TAG_member
	.long	.Linfo_string62                 @ DW_AT_name
	.long	974                             @ DW_AT_type
	.byte	3                               @ DW_AT_decl_file
	.short	1280                            @ DW_AT_decl_line
	.byte	228                             @ DW_AT_data_member_location
	.byte	9                               @ Abbrev [9] 0x301:0xd DW_TAG_member
	.long	.Linfo_string63                 @ DW_AT_name
	.long	974                             @ DW_AT_type
	.byte	3                               @ DW_AT_decl_file
	.short	1281                            @ DW_AT_decl_line
	.byte	232                             @ DW_AT_data_member_location
	.byte	9                               @ Abbrev [9] 0x30e:0xd DW_TAG_member
	.long	.Linfo_string64                 @ DW_AT_name
	.long	974                             @ DW_AT_type
	.byte	3                               @ DW_AT_decl_file
	.short	1282                            @ DW_AT_decl_line
	.byte	236                             @ DW_AT_data_member_location
	.byte	9                               @ Abbrev [9] 0x31b:0xd DW_TAG_member
	.long	.Linfo_string65                 @ DW_AT_name
	.long	974                             @ DW_AT_type
	.byte	3                               @ DW_AT_decl_file
	.short	1283                            @ DW_AT_decl_line
	.byte	240                             @ DW_AT_data_member_location
	.byte	9                               @ Abbrev [9] 0x328:0xd DW_TAG_member
	.long	.Linfo_string66                 @ DW_AT_name
	.long	974                             @ DW_AT_type
	.byte	3                               @ DW_AT_decl_file
	.short	1284                            @ DW_AT_decl_line
	.byte	244                             @ DW_AT_data_member_location
	.byte	9                               @ Abbrev [9] 0x335:0xd DW_TAG_member
	.long	.Linfo_string67                 @ DW_AT_name
	.long	979                             @ DW_AT_type
	.byte	3                               @ DW_AT_decl_file
	.short	1285                            @ DW_AT_decl_line
	.byte	248                             @ DW_AT_data_member_location
	.byte	9                               @ Abbrev [9] 0x342:0xd DW_TAG_member
	.long	.Linfo_string68                 @ DW_AT_name
	.long	974                             @ DW_AT_type
	.byte	3                               @ DW_AT_decl_file
	.short	1286                            @ DW_AT_decl_line
	.byte	252                             @ DW_AT_data_member_location
	.byte	10                              @ Abbrev [10] 0x34f:0xe DW_TAG_member
	.long	.Linfo_string69                 @ DW_AT_name
	.long	974                             @ DW_AT_type
	.byte	3                               @ DW_AT_decl_file
	.short	1287                            @ DW_AT_decl_line
	.short	256                             @ DW_AT_data_member_location
	.byte	10                              @ Abbrev [10] 0x35d:0xe DW_TAG_member
	.long	.Linfo_string70                 @ DW_AT_name
	.long	974                             @ DW_AT_type
	.byte	3                               @ DW_AT_decl_file
	.short	1288                            @ DW_AT_decl_line
	.short	260                             @ DW_AT_data_member_location
	.byte	10                              @ Abbrev [10] 0x36b:0xe DW_TAG_member
	.long	.Linfo_string71                 @ DW_AT_name
	.long	974                             @ DW_AT_type
	.byte	3                               @ DW_AT_decl_file
	.short	1289                            @ DW_AT_decl_line
	.short	264                             @ DW_AT_data_member_location
	.byte	10                              @ Abbrev [10] 0x379:0xe DW_TAG_member
	.long	.Linfo_string72                 @ DW_AT_name
	.long	974                             @ DW_AT_type
	.byte	3                               @ DW_AT_decl_file
	.short	1290                            @ DW_AT_decl_line
	.short	268                             @ DW_AT_data_member_location
	.byte	10                              @ Abbrev [10] 0x387:0xe DW_TAG_member
	.long	.Linfo_string73                 @ DW_AT_name
	.long	974                             @ DW_AT_type
	.byte	3                               @ DW_AT_decl_file
	.short	1291                            @ DW_AT_decl_line
	.short	272                             @ DW_AT_data_member_location
	.byte	10                              @ Abbrev [10] 0x395:0xe DW_TAG_member
	.long	.Linfo_string74                 @ DW_AT_name
	.long	974                             @ DW_AT_type
	.byte	3                               @ DW_AT_decl_file
	.short	1292                            @ DW_AT_decl_line
	.short	276                             @ DW_AT_data_member_location
	.byte	10                              @ Abbrev [10] 0x3a3:0xe DW_TAG_member
	.long	.Linfo_string75                 @ DW_AT_name
	.long	974                             @ DW_AT_type
	.byte	3                               @ DW_AT_decl_file
	.short	1293                            @ DW_AT_decl_line
	.short	280                             @ DW_AT_data_member_location
	.byte	10                              @ Abbrev [10] 0x3b1:0xe DW_TAG_member
	.long	.Linfo_string76                 @ DW_AT_name
	.long	974                             @ DW_AT_type
	.byte	3                               @ DW_AT_decl_file
	.short	1294                            @ DW_AT_decl_line
	.short	284                             @ DW_AT_data_member_location
	.byte	10                              @ Abbrev [10] 0x3bf:0xe DW_TAG_member
	.long	.Linfo_string77                 @ DW_AT_name
	.long	1016                            @ DW_AT_type
	.byte	3                               @ DW_AT_decl_file
	.short	1295                            @ DW_AT_decl_line
	.short	288                             @ DW_AT_data_member_location
	.byte	0                               @ End Of Children Mark
	.byte	11                              @ Abbrev [11] 0x3ce:0x5 DW_TAG_volatile_type
	.long	979                             @ DW_AT_type
	.byte	5                               @ Abbrev [5] 0x3d3:0xb DW_TAG_typedef
	.long	990                             @ DW_AT_type
	.long	.Linfo_string12                 @ DW_AT_name
	.byte	2                               @ DW_AT_decl_file
	.byte	64                              @ DW_AT_decl_line
	.byte	4                               @ Abbrev [4] 0x3de:0x7 DW_TAG_base_type
	.long	.Linfo_string11                 @ DW_AT_name
	.byte	7                               @ DW_AT_encoding
	.byte	4                               @ DW_AT_byte_size
	.byte	12                              @ Abbrev [12] 0x3e5:0xc DW_TAG_array_type
	.long	979                             @ DW_AT_type
	.byte	13                              @ Abbrev [13] 0x3ea:0x6 DW_TAG_subrange_type
	.long	1009                            @ DW_AT_type
	.byte	9                               @ DW_AT_count
	.byte	0                               @ End Of Children Mark
	.byte	14                              @ Abbrev [14] 0x3f1:0x7 DW_TAG_base_type
	.long	.Linfo_string56                 @ DW_AT_name
	.byte	8                               @ DW_AT_byte_size
	.byte	7                               @ DW_AT_encoding
	.byte	12                              @ Abbrev [12] 0x3f8:0xc DW_TAG_array_type
	.long	979                             @ DW_AT_type
	.byte	13                              @ Abbrev [13] 0x3fd:0x6 DW_TAG_subrange_type
	.long	1009                            @ DW_AT_type
	.byte	4                               @ DW_AT_count
	.byte	0                               @ End Of Children Mark
	.byte	6                               @ Abbrev [6] 0x404:0x5 DW_TAG_pointer_type
	.long	1033                            @ DW_AT_type
	.byte	7                               @ Abbrev [7] 0x409:0xc DW_TAG_typedef
	.long	1045                            @ DW_AT_type
	.long	.Linfo_string89                 @ DW_AT_name
	.byte	3                               @ DW_AT_decl_file
	.short	1223                            @ DW_AT_decl_line
	.byte	15                              @ Abbrev [15] 0x415:0x95 DW_TAG_structure_type
	.byte	44                              @ DW_AT_byte_size
	.byte	3                               @ DW_AT_decl_file
	.short	1210                            @ DW_AT_decl_line
	.byte	9                               @ Abbrev [9] 0x41a:0xd DW_TAG_member
	.long	.Linfo_string79                 @ DW_AT_name
	.long	974                             @ DW_AT_type
	.byte	3                               @ DW_AT_decl_file
	.short	1212                            @ DW_AT_decl_line
	.byte	0                               @ DW_AT_data_member_location
	.byte	9                               @ Abbrev [9] 0x427:0xd DW_TAG_member
	.long	.Linfo_string80                 @ DW_AT_name
	.long	974                             @ DW_AT_type
	.byte	3                               @ DW_AT_decl_file
	.short	1213                            @ DW_AT_decl_line
	.byte	4                               @ DW_AT_data_member_location
	.byte	9                               @ Abbrev [9] 0x434:0xd DW_TAG_member
	.long	.Linfo_string81                 @ DW_AT_name
	.long	974                             @ DW_AT_type
	.byte	3                               @ DW_AT_decl_file
	.short	1214                            @ DW_AT_decl_line
	.byte	8                               @ DW_AT_data_member_location
	.byte	9                               @ Abbrev [9] 0x441:0xd DW_TAG_member
	.long	.Linfo_string82                 @ DW_AT_name
	.long	974                             @ DW_AT_type
	.byte	3                               @ DW_AT_decl_file
	.short	1215                            @ DW_AT_decl_line
	.byte	12                              @ DW_AT_data_member_location
	.byte	9                               @ Abbrev [9] 0x44e:0xd DW_TAG_member
	.long	.Linfo_string83                 @ DW_AT_name
	.long	974                             @ DW_AT_type
	.byte	3                               @ DW_AT_decl_file
	.short	1216                            @ DW_AT_decl_line
	.byte	16                              @ DW_AT_data_member_location
	.byte	9                               @ Abbrev [9] 0x45b:0xd DW_TAG_member
	.long	.Linfo_string84                 @ DW_AT_name
	.long	979                             @ DW_AT_type
	.byte	3                               @ DW_AT_decl_file
	.short	1217                            @ DW_AT_decl_line
	.byte	20                              @ DW_AT_data_member_location
	.byte	9                               @ Abbrev [9] 0x468:0xd DW_TAG_member
	.long	.Linfo_string85                 @ DW_AT_name
	.long	974                             @ DW_AT_type
	.byte	3                               @ DW_AT_decl_file
	.short	1218                            @ DW_AT_decl_line
	.byte	24                              @ DW_AT_data_member_location
	.byte	9                               @ Abbrev [9] 0x475:0xd DW_TAG_member
	.long	.Linfo_string17                 @ DW_AT_name
	.long	979                             @ DW_AT_type
	.byte	3                               @ DW_AT_decl_file
	.short	1219                            @ DW_AT_decl_line
	.byte	28                              @ DW_AT_data_member_location
	.byte	9                               @ Abbrev [9] 0x482:0xd DW_TAG_member
	.long	.Linfo_string86                 @ DW_AT_name
	.long	974                             @ DW_AT_type
	.byte	3                               @ DW_AT_decl_file
	.short	1220                            @ DW_AT_decl_line
	.byte	32                              @ DW_AT_data_member_location
	.byte	9                               @ Abbrev [9] 0x48f:0xd DW_TAG_member
	.long	.Linfo_string87                 @ DW_AT_name
	.long	974                             @ DW_AT_type
	.byte	3                               @ DW_AT_decl_file
	.short	1221                            @ DW_AT_decl_line
	.byte	36                              @ DW_AT_data_member_location
	.byte	9                               @ Abbrev [9] 0x49c:0xd DW_TAG_member
	.long	.Linfo_string88                 @ DW_AT_name
	.long	974                             @ DW_AT_type
	.byte	3                               @ DW_AT_decl_file
	.short	1222                            @ DW_AT_decl_line
	.byte	40                              @ DW_AT_data_member_location
	.byte	0                               @ End Of Children Mark
	.byte	5                               @ Abbrev [5] 0x4aa:0xb DW_TAG_typedef
	.long	71                              @ DW_AT_type
	.long	.Linfo_string90                 @ DW_AT_name
	.byte	2                               @ DW_AT_decl_file
	.byte	62                              @ DW_AT_decl_line
	.byte	7                               @ Abbrev [7] 0x4b5:0xc DW_TAG_typedef
	.long	1217                            @ DW_AT_type
	.long	.Linfo_string92                 @ DW_AT_name
	.byte	4                               @ DW_AT_decl_file
	.short	266                             @ DW_AT_decl_line
	.byte	4                               @ Abbrev [4] 0x4c1:0x7 DW_TAG_base_type
	.long	.Linfo_string91                 @ DW_AT_name
	.byte	4                               @ DW_AT_encoding
	.byte	4                               @ DW_AT_byte_size
	.byte	6                               @ Abbrev [6] 0x4c8:0x5 DW_TAG_pointer_type
	.long	1229                            @ DW_AT_type
	.byte	7                               @ Abbrev [7] 0x4cd:0xc DW_TAG_typedef
	.long	1241                            @ DW_AT_type
	.long	.Linfo_string120                @ DW_AT_name
	.byte	3                               @ DW_AT_decl_file
	.short	883                             @ DW_AT_decl_line
	.byte	15                              @ Abbrev [15] 0x4d9:0x1a6 DW_TAG_structure_type
	.byte	172                             @ DW_AT_byte_size
	.byte	3                               @ DW_AT_decl_file
	.short	849                             @ DW_AT_decl_line
	.byte	9                               @ Abbrev [9] 0x4de:0xd DW_TAG_member
	.long	.Linfo_string93                 @ DW_AT_name
	.long	974                             @ DW_AT_type
	.byte	3                               @ DW_AT_decl_file
	.short	851                             @ DW_AT_decl_line
	.byte	0                               @ DW_AT_data_member_location
	.byte	9                               @ Abbrev [9] 0x4eb:0xd DW_TAG_member
	.long	.Linfo_string94                 @ DW_AT_name
	.long	974                             @ DW_AT_type
	.byte	3                               @ DW_AT_decl_file
	.short	852                             @ DW_AT_decl_line
	.byte	4                               @ DW_AT_data_member_location
	.byte	9                               @ Abbrev [9] 0x4f8:0xd DW_TAG_member
	.long	.Linfo_string95                 @ DW_AT_name
	.long	974                             @ DW_AT_type
	.byte	3                               @ DW_AT_decl_file
	.short	853                             @ DW_AT_decl_line
	.byte	8                               @ DW_AT_data_member_location
	.byte	9                               @ Abbrev [9] 0x505:0xd DW_TAG_member
	.long	.Linfo_string96                 @ DW_AT_name
	.long	974                             @ DW_AT_type
	.byte	3                               @ DW_AT_decl_file
	.short	854                             @ DW_AT_decl_line
	.byte	12                              @ DW_AT_data_member_location
	.byte	9                               @ Abbrev [9] 0x512:0xd DW_TAG_member
	.long	.Linfo_string97                 @ DW_AT_name
	.long	974                             @ DW_AT_type
	.byte	3                               @ DW_AT_decl_file
	.short	855                             @ DW_AT_decl_line
	.byte	16                              @ DW_AT_data_member_location
	.byte	9                               @ Abbrev [9] 0x51f:0xd DW_TAG_member
	.long	.Linfo_string98                 @ DW_AT_name
	.long	974                             @ DW_AT_type
	.byte	3                               @ DW_AT_decl_file
	.short	856                             @ DW_AT_decl_line
	.byte	20                              @ DW_AT_data_member_location
	.byte	9                               @ Abbrev [9] 0x52c:0xd DW_TAG_member
	.long	.Linfo_string17                 @ DW_AT_name
	.long	1663                            @ DW_AT_type
	.byte	3                               @ DW_AT_decl_file
	.short	857                             @ DW_AT_decl_line
	.byte	24                              @ DW_AT_data_member_location
	.byte	9                               @ Abbrev [9] 0x539:0xd DW_TAG_member
	.long	.Linfo_string99                 @ DW_AT_name
	.long	974                             @ DW_AT_type
	.byte	3                               @ DW_AT_decl_file
	.short	858                             @ DW_AT_decl_line
	.byte	32                              @ DW_AT_data_member_location
	.byte	9                               @ Abbrev [9] 0x546:0xd DW_TAG_member
	.long	.Linfo_string100                @ DW_AT_name
	.long	974                             @ DW_AT_type
	.byte	3                               @ DW_AT_decl_file
	.short	859                             @ DW_AT_decl_line
	.byte	36                              @ DW_AT_data_member_location
	.byte	9                               @ Abbrev [9] 0x553:0xd DW_TAG_member
	.long	.Linfo_string101                @ DW_AT_name
	.long	974                             @ DW_AT_type
	.byte	3                               @ DW_AT_decl_file
	.short	860                             @ DW_AT_decl_line
	.byte	40                              @ DW_AT_data_member_location
	.byte	9                               @ Abbrev [9] 0x560:0xd DW_TAG_member
	.long	.Linfo_string102                @ DW_AT_name
	.long	974                             @ DW_AT_type
	.byte	3                               @ DW_AT_decl_file
	.short	861                             @ DW_AT_decl_line
	.byte	44                              @ DW_AT_data_member_location
	.byte	9                               @ Abbrev [9] 0x56d:0xd DW_TAG_member
	.long	.Linfo_string103                @ DW_AT_name
	.long	974                             @ DW_AT_type
	.byte	3                               @ DW_AT_decl_file
	.short	862                             @ DW_AT_decl_line
	.byte	48                              @ DW_AT_data_member_location
	.byte	9                               @ Abbrev [9] 0x57a:0xd DW_TAG_member
	.long	.Linfo_string104                @ DW_AT_name
	.long	974                             @ DW_AT_type
	.byte	3                               @ DW_AT_decl_file
	.short	863                             @ DW_AT_decl_line
	.byte	52                              @ DW_AT_data_member_location
	.byte	9                               @ Abbrev [9] 0x587:0xd DW_TAG_member
	.long	.Linfo_string21                 @ DW_AT_name
	.long	1663                            @ DW_AT_type
	.byte	3                               @ DW_AT_decl_file
	.short	864                             @ DW_AT_decl_line
	.byte	56                              @ DW_AT_data_member_location
	.byte	9                               @ Abbrev [9] 0x594:0xd DW_TAG_member
	.long	.Linfo_string105                @ DW_AT_name
	.long	974                             @ DW_AT_type
	.byte	3                               @ DW_AT_decl_file
	.short	865                             @ DW_AT_decl_line
	.byte	64                              @ DW_AT_data_member_location
	.byte	9                               @ Abbrev [9] 0x5a1:0xd DW_TAG_member
	.long	.Linfo_string106                @ DW_AT_name
	.long	974                             @ DW_AT_type
	.byte	3                               @ DW_AT_decl_file
	.short	866                             @ DW_AT_decl_line
	.byte	68                              @ DW_AT_data_member_location
	.byte	9                               @ Abbrev [9] 0x5ae:0xd DW_TAG_member
	.long	.Linfo_string107                @ DW_AT_name
	.long	974                             @ DW_AT_type
	.byte	3                               @ DW_AT_decl_file
	.short	867                             @ DW_AT_decl_line
	.byte	72                              @ DW_AT_data_member_location
	.byte	9                               @ Abbrev [9] 0x5bb:0xd DW_TAG_member
	.long	.Linfo_string108                @ DW_AT_name
	.long	974                             @ DW_AT_type
	.byte	3                               @ DW_AT_decl_file
	.short	868                             @ DW_AT_decl_line
	.byte	76                              @ DW_AT_data_member_location
	.byte	9                               @ Abbrev [9] 0x5c8:0xd DW_TAG_member
	.long	.Linfo_string109                @ DW_AT_name
	.long	974                             @ DW_AT_type
	.byte	3                               @ DW_AT_decl_file
	.short	869                             @ DW_AT_decl_line
	.byte	80                              @ DW_AT_data_member_location
	.byte	9                               @ Abbrev [9] 0x5d5:0xd DW_TAG_member
	.long	.Linfo_string110                @ DW_AT_name
	.long	974                             @ DW_AT_type
	.byte	3                               @ DW_AT_decl_file
	.short	870                             @ DW_AT_decl_line
	.byte	84                              @ DW_AT_data_member_location
	.byte	9                               @ Abbrev [9] 0x5e2:0xd DW_TAG_member
	.long	.Linfo_string30                 @ DW_AT_name
	.long	1675                            @ DW_AT_type
	.byte	3                               @ DW_AT_decl_file
	.short	871                             @ DW_AT_decl_line
	.byte	88                              @ DW_AT_data_member_location
	.byte	9                               @ Abbrev [9] 0x5ef:0xd DW_TAG_member
	.long	.Linfo_string111                @ DW_AT_name
	.long	974                             @ DW_AT_type
	.byte	3                               @ DW_AT_decl_file
	.short	872                             @ DW_AT_decl_line
	.byte	128                             @ DW_AT_data_member_location
	.byte	9                               @ Abbrev [9] 0x5fc:0xd DW_TAG_member
	.long	.Linfo_string112                @ DW_AT_name
	.long	974                             @ DW_AT_type
	.byte	3                               @ DW_AT_decl_file
	.short	873                             @ DW_AT_decl_line
	.byte	132                             @ DW_AT_data_member_location
	.byte	9                               @ Abbrev [9] 0x609:0xd DW_TAG_member
	.long	.Linfo_string113                @ DW_AT_name
	.long	974                             @ DW_AT_type
	.byte	3                               @ DW_AT_decl_file
	.short	874                             @ DW_AT_decl_line
	.byte	136                             @ DW_AT_data_member_location
	.byte	9                               @ Abbrev [9] 0x616:0xd DW_TAG_member
	.long	.Linfo_string35                 @ DW_AT_name
	.long	979                             @ DW_AT_type
	.byte	3                               @ DW_AT_decl_file
	.short	875                             @ DW_AT_decl_line
	.byte	140                             @ DW_AT_data_member_location
	.byte	9                               @ Abbrev [9] 0x623:0xd DW_TAG_member
	.long	.Linfo_string114                @ DW_AT_name
	.long	974                             @ DW_AT_type
	.byte	3                               @ DW_AT_decl_file
	.short	876                             @ DW_AT_decl_line
	.byte	144                             @ DW_AT_data_member_location
	.byte	9                               @ Abbrev [9] 0x630:0xd DW_TAG_member
	.long	.Linfo_string115                @ DW_AT_name
	.long	974                             @ DW_AT_type
	.byte	3                               @ DW_AT_decl_file
	.short	877                             @ DW_AT_decl_line
	.byte	148                             @ DW_AT_data_member_location
	.byte	9                               @ Abbrev [9] 0x63d:0xd DW_TAG_member
	.long	.Linfo_string116                @ DW_AT_name
	.long	974                             @ DW_AT_type
	.byte	3                               @ DW_AT_decl_file
	.short	878                             @ DW_AT_decl_line
	.byte	152                             @ DW_AT_data_member_location
	.byte	9                               @ Abbrev [9] 0x64a:0xd DW_TAG_member
	.long	.Linfo_string39                 @ DW_AT_name
	.long	979                             @ DW_AT_type
	.byte	3                               @ DW_AT_decl_file
	.short	879                             @ DW_AT_decl_line
	.byte	156                             @ DW_AT_data_member_location
	.byte	9                               @ Abbrev [9] 0x657:0xd DW_TAG_member
	.long	.Linfo_string117                @ DW_AT_name
	.long	974                             @ DW_AT_type
	.byte	3                               @ DW_AT_decl_file
	.short	880                             @ DW_AT_decl_line
	.byte	160                             @ DW_AT_data_member_location
	.byte	9                               @ Abbrev [9] 0x664:0xd DW_TAG_member
	.long	.Linfo_string118                @ DW_AT_name
	.long	974                             @ DW_AT_type
	.byte	3                               @ DW_AT_decl_file
	.short	881                             @ DW_AT_decl_line
	.byte	164                             @ DW_AT_data_member_location
	.byte	9                               @ Abbrev [9] 0x671:0xd DW_TAG_member
	.long	.Linfo_string119                @ DW_AT_name
	.long	974                             @ DW_AT_type
	.byte	3                               @ DW_AT_decl_file
	.short	882                             @ DW_AT_decl_line
	.byte	168                             @ DW_AT_data_member_location
	.byte	0                               @ End Of Children Mark
	.byte	12                              @ Abbrev [12] 0x67f:0xc DW_TAG_array_type
	.long	979                             @ DW_AT_type
	.byte	13                              @ Abbrev [13] 0x684:0x6 DW_TAG_subrange_type
	.long	1009                            @ DW_AT_type
	.byte	2                               @ DW_AT_count
	.byte	0                               @ End Of Children Mark
	.byte	12                              @ Abbrev [12] 0x68b:0xc DW_TAG_array_type
	.long	979                             @ DW_AT_type
	.byte	13                              @ Abbrev [13] 0x690:0x6 DW_TAG_subrange_type
	.long	1009                            @ DW_AT_type
	.byte	10                              @ DW_AT_count
	.byte	0                               @ End Of Children Mark
	.byte	6                               @ Abbrev [6] 0x697:0x5 DW_TAG_pointer_type
	.long	1692                            @ DW_AT_type
	.byte	7                               @ Abbrev [7] 0x69c:0xc DW_TAG_typedef
	.long	1704                            @ DW_AT_type
	.long	.Linfo_string123                @ DW_AT_name
	.byte	3                               @ DW_AT_decl_file
	.short	452                             @ DW_AT_decl_line
	.byte	15                              @ Abbrev [15] 0x6a8:0x3a DW_TAG_structure_type
	.byte	16                              @ DW_AT_byte_size
	.byte	3                               @ DW_AT_decl_file
	.short	446                             @ DW_AT_decl_line
	.byte	9                               @ Abbrev [9] 0x6ad:0xd DW_TAG_member
	.long	.Linfo_string10                 @ DW_AT_name
	.long	974                             @ DW_AT_type
	.byte	3                               @ DW_AT_decl_file
	.short	448                             @ DW_AT_decl_line
	.byte	0                               @ DW_AT_data_member_location
	.byte	9                               @ Abbrev [9] 0x6ba:0xd DW_TAG_member
	.long	.Linfo_string16                 @ DW_AT_name
	.long	974                             @ DW_AT_type
	.byte	3                               @ DW_AT_decl_file
	.short	449                             @ DW_AT_decl_line
	.byte	4                               @ DW_AT_data_member_location
	.byte	9                               @ Abbrev [9] 0x6c7:0xd DW_TAG_member
	.long	.Linfo_string121                @ DW_AT_name
	.long	974                             @ DW_AT_type
	.byte	3                               @ DW_AT_decl_file
	.short	450                             @ DW_AT_decl_line
	.byte	8                               @ DW_AT_data_member_location
	.byte	9                               @ Abbrev [9] 0x6d4:0xd DW_TAG_member
	.long	.Linfo_string122                @ DW_AT_name
	.long	974                             @ DW_AT_type
	.byte	3                               @ DW_AT_decl_file
	.short	451                             @ DW_AT_decl_line
	.byte	12                              @ DW_AT_data_member_location
	.byte	0                               @ End Of Children Mark
	.byte	16                              @ Abbrev [16] 0x6e2:0x61 DW_TAG_subprogram
	.long	.Lfunc_begin0                   @ DW_AT_low_pc
	.long	.Lfunc_end0-.Lfunc_begin0       @ DW_AT_high_pc
	.byte	1                               @ DW_AT_frame_base
	.byte	93
                                        @ DW_AT_GNU_all_call_sites
	.long	.Linfo_string126                @ DW_AT_name
	.byte	5                               @ DW_AT_decl_file
	.byte	105                             @ DW_AT_decl_line
                                        @ DW_AT_prototyped
	.long	3292                            @ DW_AT_type
                                        @ DW_AT_external
	.byte	17                              @ Abbrev [17] 0x6f7:0xf DW_TAG_formal_parameter
	.long	.Ldebug_loc0                    @ DW_AT_location
	.long	.Linfo_string154                @ DW_AT_name
	.byte	5                               @ DW_AT_decl_file
	.byte	105                             @ DW_AT_decl_line
	.long	3303                            @ DW_AT_type
	.byte	18                              @ Abbrev [18] 0x706:0xf DW_TAG_variable
	.long	.Ldebug_loc1                    @ DW_AT_location
	.long	.Linfo_string207                @ DW_AT_name
	.byte	5                               @ DW_AT_decl_file
	.byte	110                             @ DW_AT_decl_line
	.long	3292                            @ DW_AT_type
	.byte	18                              @ Abbrev [18] 0x715:0xf DW_TAG_variable
	.long	.Ldebug_loc2                    @ DW_AT_location
	.long	.Linfo_string208                @ DW_AT_name
	.byte	5                               @ DW_AT_decl_file
	.byte	109                             @ DW_AT_decl_line
	.long	3292                            @ DW_AT_type
	.byte	18                              @ Abbrev [18] 0x724:0xf DW_TAG_variable
	.long	.Ldebug_loc3                    @ DW_AT_location
	.long	.Linfo_string209                @ DW_AT_name
	.byte	5                               @ DW_AT_decl_file
	.byte	108                             @ DW_AT_decl_line
	.long	979                             @ DW_AT_type
	.byte	18                              @ Abbrev [18] 0x733:0xf DW_TAG_variable
	.long	.Ldebug_loc4                    @ DW_AT_location
	.long	.Linfo_string210                @ DW_AT_name
	.byte	5                               @ DW_AT_decl_file
	.byte	107                             @ DW_AT_decl_line
	.long	979                             @ DW_AT_type
	.byte	0                               @ End Of Children Mark
	.byte	19                              @ Abbrev [19] 0x743:0x54 DW_TAG_subprogram
	.long	.Lfunc_begin1                   @ DW_AT_low_pc
	.long	.Lfunc_end1-.Lfunc_begin1       @ DW_AT_high_pc
	.byte	1                               @ DW_AT_frame_base
	.byte	93
                                        @ DW_AT_GNU_all_call_sites
	.long	.Linfo_string128                @ DW_AT_name
	.byte	5                               @ DW_AT_decl_file
	.short	3693                            @ DW_AT_decl_line
                                        @ DW_AT_prototyped
	.long	3292                            @ DW_AT_type
	.byte	20                              @ Abbrev [20] 0x759:0x10 DW_TAG_formal_parameter
	.long	.Ldebug_loc5                    @ DW_AT_location
	.long	.Linfo_string211                @ DW_AT_name
	.byte	5                               @ DW_AT_decl_file
	.short	3693                            @ DW_AT_decl_line
	.long	3952                            @ DW_AT_type
	.byte	20                              @ Abbrev [20] 0x769:0x10 DW_TAG_formal_parameter
	.long	.Ldebug_loc6                    @ DW_AT_location
	.long	.Linfo_string212                @ DW_AT_name
	.byte	5                               @ DW_AT_decl_file
	.short	3693                            @ DW_AT_decl_line
	.long	979                             @ DW_AT_type
	.byte	21                              @ Abbrev [21] 0x779:0xd DW_TAG_variable
	.byte	0                               @ DW_AT_const_value
	.long	.Linfo_string207                @ DW_AT_name
	.byte	5                               @ DW_AT_decl_file
	.short	3697                            @ DW_AT_decl_line
	.long	3292                            @ DW_AT_type
	.byte	22                              @ Abbrev [22] 0x786:0x10 DW_TAG_variable
	.long	.Ldebug_loc7                    @ DW_AT_location
	.long	.Linfo_string209                @ DW_AT_name
	.byte	5                               @ DW_AT_decl_file
	.short	3696                            @ DW_AT_decl_line
	.long	979                             @ DW_AT_type
	.byte	0                               @ End Of Children Mark
	.byte	19                              @ Abbrev [19] 0x797:0x54 DW_TAG_subprogram
	.long	.Lfunc_begin2                   @ DW_AT_low_pc
	.long	.Lfunc_end2-.Lfunc_begin2       @ DW_AT_high_pc
	.byte	1                               @ DW_AT_frame_base
	.byte	93
                                        @ DW_AT_GNU_all_call_sites
	.long	.Linfo_string129                @ DW_AT_name
	.byte	5                               @ DW_AT_decl_file
	.short	3798                            @ DW_AT_decl_line
                                        @ DW_AT_prototyped
	.long	3292                            @ DW_AT_type
	.byte	20                              @ Abbrev [20] 0x7ad:0x10 DW_TAG_formal_parameter
	.long	.Ldebug_loc8                    @ DW_AT_location
	.long	.Linfo_string213                @ DW_AT_name
	.byte	5                               @ DW_AT_decl_file
	.short	3798                            @ DW_AT_decl_line
	.long	3962                            @ DW_AT_type
	.byte	20                              @ Abbrev [20] 0x7bd:0x10 DW_TAG_formal_parameter
	.long	.Ldebug_loc9                    @ DW_AT_location
	.long	.Linfo_string212                @ DW_AT_name
	.byte	5                               @ DW_AT_decl_file
	.short	3798                            @ DW_AT_decl_line
	.long	979                             @ DW_AT_type
	.byte	21                              @ Abbrev [21] 0x7cd:0xd DW_TAG_variable
	.byte	0                               @ DW_AT_const_value
	.long	.Linfo_string207                @ DW_AT_name
	.byte	5                               @ DW_AT_decl_file
	.short	3801                            @ DW_AT_decl_line
	.long	3292                            @ DW_AT_type
	.byte	22                              @ Abbrev [22] 0x7da:0x10 DW_TAG_variable
	.long	.Ldebug_loc10                   @ DW_AT_location
	.long	.Linfo_string209                @ DW_AT_name
	.byte	5                               @ DW_AT_decl_file
	.short	3800                            @ DW_AT_decl_line
	.long	979                             @ DW_AT_type
	.byte	0                               @ End Of Children Mark
	.byte	23                              @ Abbrev [23] 0x7eb:0x21 DW_TAG_subprogram
	.long	.Lfunc_begin3                   @ DW_AT_low_pc
	.long	.Lfunc_end3-.Lfunc_begin3       @ DW_AT_high_pc
	.byte	1                               @ DW_AT_frame_base
	.byte	93
                                        @ DW_AT_GNU_all_call_sites
	.long	.Linfo_string130                @ DW_AT_name
	.byte	5                               @ DW_AT_decl_file
	.short	1692                            @ DW_AT_decl_line
                                        @ DW_AT_prototyped
                                        @ DW_AT_external
	.byte	24                              @ Abbrev [24] 0x7fd:0xe DW_TAG_formal_parameter
	.byte	1                               @ DW_AT_location
	.byte	80
	.long	.Linfo_string154                @ DW_AT_name
	.byte	5                               @ DW_AT_decl_file
	.short	1692                            @ DW_AT_decl_line
	.long	3303                            @ DW_AT_type
	.byte	0                               @ End Of Children Mark
	.byte	25                              @ Abbrev [25] 0x80c:0xd DW_TAG_subprogram
	.long	.Linfo_string124                @ DW_AT_name
	.byte	5                               @ DW_AT_decl_file
	.short	2921                            @ DW_AT_decl_line
                                        @ DW_AT_prototyped
	.long	979                             @ DW_AT_type
                                        @ DW_AT_external
	.byte	1                               @ DW_AT_inline
	.byte	26                              @ Abbrev [26] 0x819:0xae DW_TAG_subprogram
	.long	.Lfunc_begin4                   @ DW_AT_low_pc
	.long	.Lfunc_end4-.Lfunc_begin4       @ DW_AT_high_pc
	.byte	1                               @ DW_AT_frame_base
	.byte	93
                                        @ DW_AT_GNU_all_call_sites
	.long	.Linfo_string131                @ DW_AT_name
	.byte	5                               @ DW_AT_decl_file
	.short	1881                            @ DW_AT_decl_line
                                        @ DW_AT_prototyped
	.long	979                             @ DW_AT_type
                                        @ DW_AT_external
	.byte	20                              @ Abbrev [20] 0x82f:0x10 DW_TAG_formal_parameter
	.long	.Ldebug_loc11                   @ DW_AT_location
	.long	.Linfo_string229                @ DW_AT_name
	.byte	5                               @ DW_AT_decl_file
	.short	1881                            @ DW_AT_decl_line
	.long	78                              @ DW_AT_type
	.byte	27                              @ Abbrev [27] 0x83f:0xf DW_TAG_variable
	.byte	2                               @ DW_AT_location
	.byte	145
	.byte	4
	.long	.Linfo_string214                @ DW_AT_name
	.byte	5                               @ DW_AT_decl_file
	.short	1883                            @ DW_AT_decl_line
	.long	3972                            @ DW_AT_type
	.byte	27                              @ Abbrev [27] 0x84e:0xf DW_TAG_variable
	.byte	2                               @ DW_AT_location
	.byte	145
	.byte	4
	.long	.Linfo_string219                @ DW_AT_name
	.byte	5                               @ DW_AT_decl_file
	.short	1884                            @ DW_AT_decl_line
	.long	4024                            @ DW_AT_type
	.byte	27                              @ Abbrev [27] 0x85d:0xf DW_TAG_variable
	.byte	2                               @ DW_AT_location
	.byte	145
	.byte	4
	.long	.Linfo_string224                @ DW_AT_name
	.byte	5                               @ DW_AT_decl_file
	.short	1885                            @ DW_AT_decl_line
	.long	4076                            @ DW_AT_type
	.byte	22                              @ Abbrev [22] 0x86c:0x10 DW_TAG_variable
	.long	.Ldebug_loc12                   @ DW_AT_location
	.long	.Linfo_string230                @ DW_AT_name
	.byte	5                               @ DW_AT_decl_file
	.short	1892                            @ DW_AT_decl_line
	.long	979                             @ DW_AT_type
	.byte	22                              @ Abbrev [22] 0x87c:0x10 DW_TAG_variable
	.long	.Ldebug_loc13                   @ DW_AT_location
	.long	.Linfo_string231                @ DW_AT_name
	.byte	5                               @ DW_AT_decl_file
	.short	1888                            @ DW_AT_decl_line
	.long	979                             @ DW_AT_type
	.byte	22                              @ Abbrev [22] 0x88c:0x10 DW_TAG_variable
	.long	.Ldebug_loc14                   @ DW_AT_location
	.long	.Linfo_string232                @ DW_AT_name
	.byte	5                               @ DW_AT_decl_file
	.short	1890                            @ DW_AT_decl_line
	.long	979                             @ DW_AT_type
	.byte	22                              @ Abbrev [22] 0x89c:0x10 DW_TAG_variable
	.long	.Ldebug_loc15                   @ DW_AT_location
	.long	.Linfo_string233                @ DW_AT_name
	.byte	5                               @ DW_AT_decl_file
	.short	1891                            @ DW_AT_decl_line
	.long	979                             @ DW_AT_type
	.byte	28                              @ Abbrev [28] 0x8ac:0x11 DW_TAG_inlined_subroutine
	.long	2060                            @ DW_AT_abstract_origin
	.long	.Ltmp658                        @ DW_AT_low_pc
	.long	.Ltmp660-.Ltmp658               @ DW_AT_high_pc
	.byte	5                               @ DW_AT_call_file
	.short	2758                            @ DW_AT_call_line
	.byte	21                              @ DW_AT_call_column
	.byte	29                              @ Abbrev [29] 0x8bd:0x9 DW_TAG_GNU_call_site
	.long	2247                            @ DW_AT_abstract_origin
                                        @ DW_AT_GNU_tail_call
	.long	.Ltmp684                        @ DW_AT_low_pc
	.byte	0                               @ End Of Children Mark
	.byte	30                              @ Abbrev [30] 0x8c7:0xc DW_TAG_subprogram
	.long	.Linfo_string125                @ DW_AT_name
	.byte	6                               @ DW_AT_decl_file
	.short	7986                            @ DW_AT_decl_line
                                        @ DW_AT_prototyped
	.long	979                             @ DW_AT_type
                                        @ DW_AT_declaration
                                        @ DW_AT_external
	.byte	23                              @ Abbrev [23] 0x8d3:0x7f DW_TAG_subprogram
	.long	.Lfunc_begin5                   @ DW_AT_low_pc
	.long	.Lfunc_end5-.Lfunc_begin5       @ DW_AT_high_pc
	.byte	1                               @ DW_AT_frame_base
	.byte	93
                                        @ DW_AT_GNU_all_call_sites
	.long	.Linfo_string132                @ DW_AT_name
	.byte	5                               @ DW_AT_decl_file
	.short	3082                            @ DW_AT_decl_line
                                        @ DW_AT_prototyped
                                        @ DW_AT_external
	.byte	20                              @ Abbrev [20] 0x8e5:0x10 DW_TAG_formal_parameter
	.long	.Ldebug_loc16                   @ DW_AT_location
	.long	.Linfo_string234                @ DW_AT_name
	.byte	5                               @ DW_AT_decl_file
	.short	3082                            @ DW_AT_decl_line
	.long	4128                            @ DW_AT_type
	.byte	22                              @ Abbrev [22] 0x8f5:0x10 DW_TAG_variable
	.long	.Ldebug_loc17                   @ DW_AT_location
	.long	.Linfo_string235                @ DW_AT_name
	.byte	5                               @ DW_AT_decl_file
	.short	3084                            @ DW_AT_decl_line
	.long	979                             @ DW_AT_type
	.byte	22                              @ Abbrev [22] 0x905:0x10 DW_TAG_variable
	.long	.Ldebug_loc18                   @ DW_AT_location
	.long	.Linfo_string236                @ DW_AT_name
	.byte	5                               @ DW_AT_decl_file
	.short	3084                            @ DW_AT_decl_line
	.long	979                             @ DW_AT_type
	.byte	22                              @ Abbrev [22] 0x915:0x10 DW_TAG_variable
	.long	.Ldebug_loc19                   @ DW_AT_location
	.long	.Linfo_string237                @ DW_AT_name
	.byte	5                               @ DW_AT_decl_file
	.short	3084                            @ DW_AT_decl_line
	.long	979                             @ DW_AT_type
	.byte	22                              @ Abbrev [22] 0x925:0x10 DW_TAG_variable
	.long	.Ldebug_loc20                   @ DW_AT_location
	.long	.Linfo_string238                @ DW_AT_name
	.byte	5                               @ DW_AT_decl_file
	.short	3084                            @ DW_AT_decl_line
	.long	979                             @ DW_AT_type
	.byte	22                              @ Abbrev [22] 0x935:0x10 DW_TAG_variable
	.long	.Ldebug_loc21                   @ DW_AT_location
	.long	.Linfo_string239                @ DW_AT_name
	.byte	5                               @ DW_AT_decl_file
	.short	3085                            @ DW_AT_decl_line
	.long	1205                            @ DW_AT_type
	.byte	31                              @ Abbrev [31] 0x945:0xc DW_TAG_variable
	.long	.Linfo_string240                @ DW_AT_name
	.byte	5                               @ DW_AT_decl_file
	.short	3085                            @ DW_AT_decl_line
	.long	1205                            @ DW_AT_type
	.byte	0                               @ End Of Children Mark
	.byte	23                              @ Abbrev [23] 0x952:0x83 DW_TAG_subprogram
	.long	.Lfunc_begin6                   @ DW_AT_low_pc
	.long	.Lfunc_end6-.Lfunc_begin6       @ DW_AT_high_pc
	.byte	1                               @ DW_AT_frame_base
	.byte	93
                                        @ DW_AT_GNU_all_call_sites
	.long	.Linfo_string133                @ DW_AT_name
	.byte	5                               @ DW_AT_decl_file
	.short	2945                            @ DW_AT_decl_line
                                        @ DW_AT_prototyped
                                        @ DW_AT_external
	.byte	20                              @ Abbrev [20] 0x964:0x10 DW_TAG_formal_parameter
	.long	.Ldebug_loc22                   @ DW_AT_location
	.long	.Linfo_string241                @ DW_AT_name
	.byte	5                               @ DW_AT_decl_file
	.short	2945                            @ DW_AT_decl_line
	.long	4133                            @ DW_AT_type
	.byte	22                              @ Abbrev [22] 0x974:0x10 DW_TAG_variable
	.long	.Ldebug_loc23                   @ DW_AT_location
	.long	.Linfo_string235                @ DW_AT_name
	.byte	5                               @ DW_AT_decl_file
	.short	2947                            @ DW_AT_decl_line
	.long	979                             @ DW_AT_type
	.byte	22                              @ Abbrev [22] 0x984:0x10 DW_TAG_variable
	.long	.Ldebug_loc24                   @ DW_AT_location
	.long	.Linfo_string242                @ DW_AT_name
	.byte	5                               @ DW_AT_decl_file
	.short	2947                            @ DW_AT_decl_line
	.long	979                             @ DW_AT_type
	.byte	22                              @ Abbrev [22] 0x994:0x10 DW_TAG_variable
	.long	.Ldebug_loc25                   @ DW_AT_location
	.long	.Linfo_string243                @ DW_AT_name
	.byte	5                               @ DW_AT_decl_file
	.short	2947                            @ DW_AT_decl_line
	.long	979                             @ DW_AT_type
	.byte	22                              @ Abbrev [22] 0x9a4:0x10 DW_TAG_variable
	.long	.Ldebug_loc26                   @ DW_AT_location
	.long	.Linfo_string244                @ DW_AT_name
	.byte	5                               @ DW_AT_decl_file
	.short	2948                            @ DW_AT_decl_line
	.long	1205                            @ DW_AT_type
	.byte	22                              @ Abbrev [22] 0x9b4:0x10 DW_TAG_variable
	.long	.Ldebug_loc27                   @ DW_AT_location
	.long	.Linfo_string238                @ DW_AT_name
	.byte	5                               @ DW_AT_decl_file
	.short	2947                            @ DW_AT_decl_line
	.long	979                             @ DW_AT_type
	.byte	22                              @ Abbrev [22] 0x9c4:0x10 DW_TAG_variable
	.long	.Ldebug_loc28                   @ DW_AT_location
	.long	.Linfo_string245                @ DW_AT_name
	.byte	5                               @ DW_AT_decl_file
	.short	2948                            @ DW_AT_decl_line
	.long	1205                            @ DW_AT_type
	.byte	0                               @ End Of Children Mark
	.byte	23                              @ Abbrev [23] 0x9d5:0x83 DW_TAG_subprogram
	.long	.Lfunc_begin7                   @ DW_AT_low_pc
	.long	.Lfunc_end7-.Lfunc_begin7       @ DW_AT_high_pc
	.byte	1                               @ DW_AT_frame_base
	.byte	93
                                        @ DW_AT_GNU_all_call_sites
	.long	.Linfo_string134                @ DW_AT_name
	.byte	5                               @ DW_AT_decl_file
	.short	3014                            @ DW_AT_decl_line
                                        @ DW_AT_prototyped
                                        @ DW_AT_external
	.byte	20                              @ Abbrev [20] 0x9e7:0x10 DW_TAG_formal_parameter
	.long	.Ldebug_loc29                   @ DW_AT_location
	.long	.Linfo_string246                @ DW_AT_name
	.byte	5                               @ DW_AT_decl_file
	.short	3014                            @ DW_AT_decl_line
	.long	4138                            @ DW_AT_type
	.byte	22                              @ Abbrev [22] 0x9f7:0x10 DW_TAG_variable
	.long	.Ldebug_loc30                   @ DW_AT_location
	.long	.Linfo_string235                @ DW_AT_name
	.byte	5                               @ DW_AT_decl_file
	.short	3016                            @ DW_AT_decl_line
	.long	979                             @ DW_AT_type
	.byte	22                              @ Abbrev [22] 0xa07:0x10 DW_TAG_variable
	.long	.Ldebug_loc31                   @ DW_AT_location
	.long	.Linfo_string247                @ DW_AT_name
	.byte	5                               @ DW_AT_decl_file
	.short	3016                            @ DW_AT_decl_line
	.long	979                             @ DW_AT_type
	.byte	22                              @ Abbrev [22] 0xa17:0x10 DW_TAG_variable
	.long	.Ldebug_loc32                   @ DW_AT_location
	.long	.Linfo_string248                @ DW_AT_name
	.byte	5                               @ DW_AT_decl_file
	.short	3016                            @ DW_AT_decl_line
	.long	979                             @ DW_AT_type
	.byte	22                              @ Abbrev [22] 0xa27:0x10 DW_TAG_variable
	.long	.Ldebug_loc33                   @ DW_AT_location
	.long	.Linfo_string249                @ DW_AT_name
	.byte	5                               @ DW_AT_decl_file
	.short	3017                            @ DW_AT_decl_line
	.long	1205                            @ DW_AT_type
	.byte	22                              @ Abbrev [22] 0xa37:0x10 DW_TAG_variable
	.long	.Ldebug_loc34                   @ DW_AT_location
	.long	.Linfo_string238                @ DW_AT_name
	.byte	5                               @ DW_AT_decl_file
	.short	3016                            @ DW_AT_decl_line
	.long	979                             @ DW_AT_type
	.byte	22                              @ Abbrev [22] 0xa47:0x10 DW_TAG_variable
	.long	.Ldebug_loc35                   @ DW_AT_location
	.long	.Linfo_string250                @ DW_AT_name
	.byte	5                               @ DW_AT_decl_file
	.short	3017                            @ DW_AT_decl_line
	.long	1205                            @ DW_AT_type
	.byte	0                               @ End Of Children Mark
	.byte	32                              @ Abbrev [32] 0xa58:0xf DW_TAG_subprogram
	.long	.Lfunc_begin8                   @ DW_AT_low_pc
	.long	.Lfunc_end8-.Lfunc_begin8       @ DW_AT_high_pc
	.byte	1                               @ DW_AT_frame_base
	.byte	93
                                        @ DW_AT_GNU_all_call_sites
	.long	2060                            @ DW_AT_abstract_origin
	.byte	33                              @ Abbrev [33] 0xa67:0x16 DW_TAG_subprogram
	.long	.Lfunc_begin9                   @ DW_AT_low_pc
	.long	.Lfunc_end9-.Lfunc_begin9       @ DW_AT_high_pc
	.byte	1                               @ DW_AT_frame_base
	.byte	93
                                        @ DW_AT_GNU_all_call_sites
	.long	.Linfo_string135                @ DW_AT_name
	.byte	5                               @ DW_AT_decl_file
	.short	2904                            @ DW_AT_decl_line
                                        @ DW_AT_prototyped
	.long	979                             @ DW_AT_type
                                        @ DW_AT_external
	.byte	26                              @ Abbrev [26] 0xa7d:0x27 DW_TAG_subprogram
	.long	.Lfunc_begin10                  @ DW_AT_low_pc
	.long	.Lfunc_end10-.Lfunc_begin10     @ DW_AT_high_pc
	.byte	1                               @ DW_AT_frame_base
	.byte	93
                                        @ DW_AT_GNU_all_call_sites
	.long	.Linfo_string136                @ DW_AT_name
	.byte	5                               @ DW_AT_decl_file
	.short	3143                            @ DW_AT_decl_line
                                        @ DW_AT_prototyped
	.long	979                             @ DW_AT_type
                                        @ DW_AT_external
	.byte	22                              @ Abbrev [22] 0xa93:0x10 DW_TAG_variable
	.long	.Ldebug_loc36                   @ DW_AT_location
	.long	.Linfo_string251                @ DW_AT_name
	.byte	5                               @ DW_AT_decl_file
	.short	3145                            @ DW_AT_decl_line
	.long	979                             @ DW_AT_type
	.byte	0                               @ End Of Children Mark
	.byte	34                              @ Abbrev [34] 0xaa4:0x12 DW_TAG_subprogram
	.long	.Lfunc_begin11                  @ DW_AT_low_pc
	.long	.Lfunc_end11-.Lfunc_begin11     @ DW_AT_high_pc
	.byte	1                               @ DW_AT_frame_base
	.byte	93
                                        @ DW_AT_GNU_all_call_sites
	.long	.Linfo_string137                @ DW_AT_name
	.byte	5                               @ DW_AT_decl_file
	.short	3183                            @ DW_AT_decl_line
                                        @ DW_AT_prototyped
                                        @ DW_AT_external
	.byte	34                              @ Abbrev [34] 0xab6:0x12 DW_TAG_subprogram
	.long	.Lfunc_begin12                  @ DW_AT_low_pc
	.long	.Lfunc_end12-.Lfunc_begin12     @ DW_AT_high_pc
	.byte	1                               @ DW_AT_frame_base
	.byte	93
                                        @ DW_AT_GNU_all_call_sites
	.long	.Linfo_string138                @ DW_AT_name
	.byte	5                               @ DW_AT_decl_file
	.short	3193                            @ DW_AT_decl_line
                                        @ DW_AT_prototyped
                                        @ DW_AT_external
	.byte	34                              @ Abbrev [34] 0xac8:0x12 DW_TAG_subprogram
	.long	.Lfunc_begin13                  @ DW_AT_low_pc
	.long	.Lfunc_end13-.Lfunc_begin13     @ DW_AT_high_pc
	.byte	1                               @ DW_AT_frame_base
	.byte	93
                                        @ DW_AT_GNU_all_call_sites
	.long	.Linfo_string139                @ DW_AT_name
	.byte	5                               @ DW_AT_decl_file
	.short	3205                            @ DW_AT_decl_line
                                        @ DW_AT_prototyped
                                        @ DW_AT_external
	.byte	23                              @ Abbrev [23] 0xada:0x23 DW_TAG_subprogram
	.long	.Lfunc_begin14                  @ DW_AT_low_pc
	.long	.Lfunc_end14-.Lfunc_begin14     @ DW_AT_high_pc
	.byte	1                               @ DW_AT_frame_base
	.byte	93
                                        @ DW_AT_GNU_all_call_sites
	.long	.Linfo_string140                @ DW_AT_name
	.byte	5                               @ DW_AT_decl_file
	.short	3232                            @ DW_AT_decl_line
                                        @ DW_AT_prototyped
                                        @ DW_AT_external
	.byte	20                              @ Abbrev [20] 0xaec:0x10 DW_TAG_formal_parameter
	.long	.Ldebug_loc37                   @ DW_AT_location
	.long	.Linfo_string252                @ DW_AT_name
	.byte	5                               @ DW_AT_decl_file
	.short	3232                            @ DW_AT_decl_line
	.long	979                             @ DW_AT_type
	.byte	0                               @ End Of Children Mark
	.byte	23                              @ Abbrev [23] 0xafd:0x23 DW_TAG_subprogram
	.long	.Lfunc_begin15                  @ DW_AT_low_pc
	.long	.Lfunc_end15-.Lfunc_begin15     @ DW_AT_high_pc
	.byte	1                               @ DW_AT_frame_base
	.byte	93
                                        @ DW_AT_GNU_all_call_sites
	.long	.Linfo_string141                @ DW_AT_name
	.byte	5                               @ DW_AT_decl_file
	.short	3247                            @ DW_AT_decl_line
                                        @ DW_AT_prototyped
                                        @ DW_AT_external
	.byte	20                              @ Abbrev [20] 0xb0f:0x10 DW_TAG_formal_parameter
	.long	.Ldebug_loc38                   @ DW_AT_location
	.long	.Linfo_string252                @ DW_AT_name
	.byte	5                               @ DW_AT_decl_file
	.short	3247                            @ DW_AT_decl_line
	.long	979                             @ DW_AT_type
	.byte	0                               @ End Of Children Mark
	.byte	23                              @ Abbrev [23] 0xb20:0x23 DW_TAG_subprogram
	.long	.Lfunc_begin16                  @ DW_AT_low_pc
	.long	.Lfunc_end16-.Lfunc_begin16     @ DW_AT_high_pc
	.byte	1                               @ DW_AT_frame_base
	.byte	93
                                        @ DW_AT_GNU_all_call_sites
	.long	.Linfo_string142                @ DW_AT_name
	.byte	5                               @ DW_AT_decl_file
	.short	3301                            @ DW_AT_decl_line
                                        @ DW_AT_prototyped
                                        @ DW_AT_external
	.byte	20                              @ Abbrev [20] 0xb32:0x10 DW_TAG_formal_parameter
	.long	.Ldebug_loc39                   @ DW_AT_location
	.long	.Linfo_string253                @ DW_AT_name
	.byte	5                               @ DW_AT_decl_file
	.short	3301                            @ DW_AT_decl_line
	.long	979                             @ DW_AT_type
	.byte	0                               @ End Of Children Mark
	.byte	23                              @ Abbrev [23] 0xb43:0x33 DW_TAG_subprogram
	.long	.Lfunc_begin17                  @ DW_AT_low_pc
	.long	.Lfunc_end17-.Lfunc_begin17     @ DW_AT_high_pc
	.byte	1                               @ DW_AT_frame_base
	.byte	93
                                        @ DW_AT_GNU_all_call_sites
	.long	.Linfo_string143                @ DW_AT_name
	.byte	5                               @ DW_AT_decl_file
	.short	3382                            @ DW_AT_decl_line
                                        @ DW_AT_prototyped
                                        @ DW_AT_external
	.byte	20                              @ Abbrev [20] 0xb55:0x10 DW_TAG_formal_parameter
	.long	.Ldebug_loc40                   @ DW_AT_location
	.long	.Linfo_string254                @ DW_AT_name
	.byte	5                               @ DW_AT_decl_file
	.short	3382                            @ DW_AT_decl_line
	.long	4143                            @ DW_AT_type
	.byte	22                              @ Abbrev [22] 0xb65:0x10 DW_TAG_variable
	.long	.Ldebug_loc41                   @ DW_AT_location
	.long	.Linfo_string262                @ DW_AT_name
	.byte	5                               @ DW_AT_decl_file
	.short	3384                            @ DW_AT_decl_line
	.long	979                             @ DW_AT_type
	.byte	0                               @ End Of Children Mark
	.byte	34                              @ Abbrev [34] 0xb76:0x12 DW_TAG_subprogram
	.long	.Lfunc_begin18                  @ DW_AT_low_pc
	.long	.Lfunc_end18-.Lfunc_begin18     @ DW_AT_high_pc
	.byte	1                               @ DW_AT_frame_base
	.byte	93
                                        @ DW_AT_GNU_all_call_sites
	.long	.Linfo_string144                @ DW_AT_name
	.byte	5                               @ DW_AT_decl_file
	.short	3432                            @ DW_AT_decl_line
                                        @ DW_AT_prototyped
                                        @ DW_AT_external
	.byte	23                              @ Abbrev [23] 0xb88:0x21 DW_TAG_subprogram
	.long	.Lfunc_begin19                  @ DW_AT_low_pc
	.long	.Lfunc_end19-.Lfunc_begin19     @ DW_AT_high_pc
	.byte	1                               @ DW_AT_frame_base
	.byte	93
                                        @ DW_AT_GNU_all_call_sites
	.long	.Linfo_string145                @ DW_AT_name
	.byte	5                               @ DW_AT_decl_file
	.short	3442                            @ DW_AT_decl_line
                                        @ DW_AT_prototyped
                                        @ DW_AT_external
	.byte	24                              @ Abbrev [24] 0xb9a:0xe DW_TAG_formal_parameter
	.byte	1                               @ DW_AT_location
	.byte	80
	.long	.Linfo_string263                @ DW_AT_name
	.byte	5                               @ DW_AT_decl_file
	.short	3442                            @ DW_AT_decl_line
	.long	4249                            @ DW_AT_type
	.byte	0                               @ End Of Children Mark
	.byte	26                              @ Abbrev [26] 0xba9:0x47 DW_TAG_subprogram
	.long	.Lfunc_begin20                  @ DW_AT_low_pc
	.long	.Lfunc_end20-.Lfunc_begin20     @ DW_AT_high_pc
	.byte	1                               @ DW_AT_frame_base
	.byte	93
                                        @ DW_AT_GNU_all_call_sites
	.long	.Linfo_string146                @ DW_AT_name
	.byte	5                               @ DW_AT_decl_file
	.short	3475                            @ DW_AT_decl_line
                                        @ DW_AT_prototyped
	.long	979                             @ DW_AT_type
                                        @ DW_AT_external
	.byte	20                              @ Abbrev [20] 0xbbf:0x10 DW_TAG_formal_parameter
	.long	.Ldebug_loc42                   @ DW_AT_location
	.long	.Linfo_string267                @ DW_AT_name
	.byte	5                               @ DW_AT_decl_file
	.short	3475                            @ DW_AT_decl_line
	.long	979                             @ DW_AT_type
	.byte	22                              @ Abbrev [22] 0xbcf:0x10 DW_TAG_variable
	.long	.Ldebug_loc43                   @ DW_AT_location
	.long	.Linfo_string268                @ DW_AT_name
	.byte	5                               @ DW_AT_decl_file
	.short	3477                            @ DW_AT_decl_line
	.long	979                             @ DW_AT_type
	.byte	22                              @ Abbrev [22] 0xbdf:0x10 DW_TAG_variable
	.long	.Ldebug_loc44                   @ DW_AT_location
	.long	.Linfo_string209                @ DW_AT_name
	.byte	5                               @ DW_AT_decl_file
	.short	3478                            @ DW_AT_decl_line
	.long	979                             @ DW_AT_type
	.byte	0                               @ End Of Children Mark
	.byte	23                              @ Abbrev [23] 0xbf0:0x67 DW_TAG_subprogram
	.long	.Lfunc_begin21                  @ DW_AT_low_pc
	.long	.Lfunc_end21-.Lfunc_begin21     @ DW_AT_high_pc
	.byte	1                               @ DW_AT_frame_base
	.byte	93
                                        @ DW_AT_GNU_all_call_sites
	.long	.Linfo_string147                @ DW_AT_name
	.byte	5                               @ DW_AT_decl_file
	.short	3559                            @ DW_AT_decl_line
                                        @ DW_AT_prototyped
                                        @ DW_AT_external
	.byte	22                              @ Abbrev [22] 0xc02:0x10 DW_TAG_variable
	.long	.Ldebug_loc45                   @ DW_AT_location
	.long	.Linfo_string269                @ DW_AT_name
	.byte	5                               @ DW_AT_decl_file
	.short	3561                            @ DW_AT_decl_line
	.long	979                             @ DW_AT_type
	.byte	22                              @ Abbrev [22] 0xc12:0x10 DW_TAG_variable
	.long	.Ldebug_loc46                   @ DW_AT_location
	.long	.Linfo_string270                @ DW_AT_name
	.byte	5                               @ DW_AT_decl_file
	.short	3563                            @ DW_AT_decl_line
	.long	979                             @ DW_AT_type
	.byte	22                              @ Abbrev [22] 0xc22:0x10 DW_TAG_variable
	.long	.Ldebug_loc47                   @ DW_AT_location
	.long	.Linfo_string271                @ DW_AT_name
	.byte	5                               @ DW_AT_decl_file
	.short	3564                            @ DW_AT_decl_line
	.long	979                             @ DW_AT_type
	.byte	29                              @ Abbrev [29] 0xc32:0x9 DW_TAG_GNU_call_site
	.long	3159                            @ DW_AT_abstract_origin
                                        @ DW_AT_GNU_tail_call
	.long	.Ltmp1019                       @ DW_AT_low_pc
	.byte	29                              @ Abbrev [29] 0xc3b:0x9 DW_TAG_GNU_call_site
	.long	3177                            @ DW_AT_abstract_origin
                                        @ DW_AT_GNU_tail_call
	.long	.Ltmp1023                       @ DW_AT_low_pc
	.byte	29                              @ Abbrev [29] 0xc44:0x9 DW_TAG_GNU_call_site
	.long	3195                            @ DW_AT_abstract_origin
                                        @ DW_AT_GNU_tail_call
	.long	.Ltmp1029                       @ DW_AT_low_pc
	.byte	29                              @ Abbrev [29] 0xc4d:0x9 DW_TAG_GNU_call_site
	.long	3213                            @ DW_AT_abstract_origin
                                        @ DW_AT_GNU_tail_call
	.long	.Ltmp1037                       @ DW_AT_low_pc
	.byte	0                               @ End Of Children Mark
	.byte	34                              @ Abbrev [34] 0xc57:0x12 DW_TAG_subprogram
	.long	.Lfunc_begin23                  @ DW_AT_low_pc
	.long	.Lfunc_end23-.Lfunc_begin23     @ DW_AT_high_pc
	.byte	1                               @ DW_AT_frame_base
	.byte	93
                                        @ DW_AT_GNU_all_call_sites
	.long	.Linfo_string149                @ DW_AT_name
	.byte	5                               @ DW_AT_decl_file
	.short	3635                            @ DW_AT_decl_line
                                        @ DW_AT_prototyped
                                        @ DW_AT_external
	.byte	34                              @ Abbrev [34] 0xc69:0x12 DW_TAG_subprogram
	.long	.Lfunc_begin22                  @ DW_AT_low_pc
	.long	.Lfunc_end22-.Lfunc_begin22     @ DW_AT_high_pc
	.byte	1                               @ DW_AT_frame_base
	.byte	93
                                        @ DW_AT_GNU_all_call_sites
	.long	.Linfo_string148                @ DW_AT_name
	.byte	5                               @ DW_AT_decl_file
	.short	3624                            @ DW_AT_decl_line
                                        @ DW_AT_prototyped
                                        @ DW_AT_external
	.byte	34                              @ Abbrev [34] 0xc7b:0x12 DW_TAG_subprogram
	.long	.Lfunc_begin24                  @ DW_AT_low_pc
	.long	.Lfunc_end24-.Lfunc_begin24     @ DW_AT_high_pc
	.byte	1                               @ DW_AT_frame_base
	.byte	93
                                        @ DW_AT_GNU_all_call_sites
	.long	.Linfo_string150                @ DW_AT_name
	.byte	5                               @ DW_AT_decl_file
	.short	3646                            @ DW_AT_decl_line
                                        @ DW_AT_prototyped
                                        @ DW_AT_external
	.byte	23                              @ Abbrev [23] 0xc8d:0x21 DW_TAG_subprogram
	.long	.Lfunc_begin25                  @ DW_AT_low_pc
	.long	.Lfunc_end25-.Lfunc_begin25     @ DW_AT_high_pc
	.byte	1                               @ DW_AT_frame_base
	.byte	93
                                        @ DW_AT_GNU_all_call_sites
	.long	.Linfo_string151                @ DW_AT_name
	.byte	5                               @ DW_AT_decl_file
	.short	3662                            @ DW_AT_decl_line
                                        @ DW_AT_prototyped
                                        @ DW_AT_external
	.byte	24                              @ Abbrev [24] 0xc9f:0xe DW_TAG_formal_parameter
	.byte	1                               @ DW_AT_location
	.byte	80
	.long	.Linfo_string272                @ DW_AT_name
	.byte	5                               @ DW_AT_decl_file
	.short	3662                            @ DW_AT_decl_line
	.long	979                             @ DW_AT_type
	.byte	0                               @ End Of Children Mark
	.byte	23                              @ Abbrev [23] 0xcae:0x1c DW_TAG_subprogram
	.long	.Lfunc_begin26                  @ DW_AT_low_pc
	.long	.Lfunc_end26-.Lfunc_begin26     @ DW_AT_high_pc
	.byte	1                               @ DW_AT_frame_base
	.byte	93
                                        @ DW_AT_GNU_all_call_sites
	.long	.Linfo_string152                @ DW_AT_name
	.byte	5                               @ DW_AT_decl_file
	.short	3895                            @ DW_AT_decl_line
                                        @ DW_AT_prototyped
                                        @ DW_AT_external
	.byte	29                              @ Abbrev [29] 0xcc0:0x9 DW_TAG_GNU_call_site
	.long	3274                            @ DW_AT_abstract_origin
                                        @ DW_AT_GNU_tail_call
	.long	.Ltmp1048                       @ DW_AT_low_pc
	.byte	0                               @ End Of Children Mark
	.byte	34                              @ Abbrev [34] 0xcca:0x12 DW_TAG_subprogram
	.long	.Lfunc_begin27                  @ DW_AT_low_pc
	.long	.Lfunc_end27-.Lfunc_begin27     @ DW_AT_high_pc
	.byte	1                               @ DW_AT_frame_base
	.byte	93
                                        @ DW_AT_GNU_all_call_sites
	.long	.Linfo_string153                @ DW_AT_name
	.byte	5                               @ DW_AT_decl_file
	.short	3914                            @ DW_AT_decl_line
                                        @ DW_AT_prototyped
                                        @ DW_AT_external
	.byte	5                               @ Abbrev [5] 0xcdc:0xb DW_TAG_typedef
	.long	38                              @ DW_AT_type
	.long	.Linfo_string127                @ DW_AT_name
	.byte	1                               @ DW_AT_decl_file
	.byte	45                              @ DW_AT_decl_line
	.byte	6                               @ Abbrev [6] 0xce7:0x5 DW_TAG_pointer_type
	.long	3308                            @ DW_AT_type
	.byte	7                               @ Abbrev [7] 0xcec:0xc DW_TAG_typedef
	.long	3320                            @ DW_AT_type
	.long	.Linfo_string206                @ DW_AT_name
	.byte	7                               @ DW_AT_decl_file
	.short	280                             @ DW_AT_decl_line
	.byte	35                              @ Abbrev [35] 0xcf8:0x198 DW_TAG_structure_type
	.byte	192                             @ DW_AT_byte_size
	.byte	7                               @ DW_AT_decl_file
	.byte	140                             @ DW_AT_decl_line
	.byte	36                              @ Abbrev [36] 0xcfc:0xc DW_TAG_member
	.long	.Linfo_string155                @ DW_AT_name
	.long	78                              @ DW_AT_type
	.byte	7                               @ DW_AT_decl_file
	.byte	142                             @ DW_AT_decl_line
	.byte	0                               @ DW_AT_data_member_location
	.byte	36                              @ Abbrev [36] 0xd08:0xc DW_TAG_member
	.long	.Linfo_string156                @ DW_AT_name
	.long	3728                            @ DW_AT_type
	.byte	7                               @ DW_AT_decl_file
	.byte	145                             @ DW_AT_decl_line
	.byte	8                               @ DW_AT_data_member_location
	.byte	36                              @ Abbrev [36] 0xd14:0xc DW_TAG_member
	.long	.Linfo_string166                @ DW_AT_name
	.long	3840                            @ DW_AT_type
	.byte	7                               @ DW_AT_decl_file
	.byte	148                             @ DW_AT_decl_line
	.byte	40                              @ DW_AT_data_member_location
	.byte	36                              @ Abbrev [36] 0xd20:0xc DW_TAG_member
	.long	.Linfo_string176                @ DW_AT_name
	.long	979                             @ DW_AT_type
	.byte	7                               @ DW_AT_decl_file
	.byte	151                             @ DW_AT_decl_line
	.byte	72                              @ DW_AT_data_member_location
	.byte	36                              @ Abbrev [36] 0xd2c:0xc DW_TAG_member
	.long	.Linfo_string177                @ DW_AT_name
	.long	979                             @ DW_AT_type
	.byte	7                               @ DW_AT_decl_file
	.byte	155                             @ DW_AT_decl_line
	.byte	76                              @ DW_AT_data_member_location
	.byte	36                              @ Abbrev [36] 0xd38:0xc DW_TAG_member
	.long	.Linfo_string178                @ DW_AT_name
	.long	979                             @ DW_AT_type
	.byte	7                               @ DW_AT_decl_file
	.byte	170                             @ DW_AT_decl_line
	.byte	80                              @ DW_AT_data_member_location
	.byte	36                              @ Abbrev [36] 0xd44:0xc DW_TAG_member
	.long	.Linfo_string179                @ DW_AT_name
	.long	979                             @ DW_AT_type
	.byte	7                               @ DW_AT_decl_file
	.byte	173                             @ DW_AT_decl_line
	.byte	84                              @ DW_AT_data_member_location
	.byte	36                              @ Abbrev [36] 0xd50:0xc DW_TAG_member
	.long	.Linfo_string180                @ DW_AT_name
	.long	979                             @ DW_AT_type
	.byte	7                               @ DW_AT_decl_file
	.byte	176                             @ DW_AT_decl_line
	.byte	88                              @ DW_AT_data_member_location
	.byte	36                              @ Abbrev [36] 0xd5c:0xc DW_TAG_member
	.long	.Linfo_string181                @ DW_AT_name
	.long	979                             @ DW_AT_type
	.byte	7                               @ DW_AT_decl_file
	.byte	180                             @ DW_AT_decl_line
	.byte	92                              @ DW_AT_data_member_location
	.byte	36                              @ Abbrev [36] 0xd68:0xc DW_TAG_member
	.long	.Linfo_string182                @ DW_AT_name
	.long	979                             @ DW_AT_type
	.byte	7                               @ DW_AT_decl_file
	.byte	194                             @ DW_AT_decl_line
	.byte	96                              @ DW_AT_data_member_location
	.byte	36                              @ Abbrev [36] 0xd74:0xc DW_TAG_member
	.long	.Linfo_string183                @ DW_AT_name
	.long	979                             @ DW_AT_type
	.byte	7                               @ DW_AT_decl_file
	.byte	197                             @ DW_AT_decl_line
	.byte	100                             @ DW_AT_data_member_location
	.byte	36                              @ Abbrev [36] 0xd80:0xc DW_TAG_member
	.long	.Linfo_string184                @ DW_AT_name
	.long	979                             @ DW_AT_type
	.byte	7                               @ DW_AT_decl_file
	.byte	200                             @ DW_AT_decl_line
	.byte	104                             @ DW_AT_data_member_location
	.byte	36                              @ Abbrev [36] 0xd8c:0xc DW_TAG_member
	.long	.Linfo_string185                @ DW_AT_name
	.long	979                             @ DW_AT_type
	.byte	7                               @ DW_AT_decl_file
	.byte	203                             @ DW_AT_decl_line
	.byte	108                             @ DW_AT_data_member_location
	.byte	36                              @ Abbrev [36] 0xd98:0xc DW_TAG_member
	.long	.Linfo_string186                @ DW_AT_name
	.long	979                             @ DW_AT_type
	.byte	7                               @ DW_AT_decl_file
	.byte	212                             @ DW_AT_decl_line
	.byte	112                             @ DW_AT_data_member_location
	.byte	36                              @ Abbrev [36] 0xda4:0xc DW_TAG_member
	.long	.Linfo_string187                @ DW_AT_name
	.long	979                             @ DW_AT_type
	.byte	7                               @ DW_AT_decl_file
	.byte	216                             @ DW_AT_decl_line
	.byte	116                             @ DW_AT_data_member_location
	.byte	36                              @ Abbrev [36] 0xdb0:0xc DW_TAG_member
	.long	.Linfo_string188                @ DW_AT_name
	.long	979                             @ DW_AT_type
	.byte	7                               @ DW_AT_decl_file
	.byte	219                             @ DW_AT_decl_line
	.byte	120                             @ DW_AT_data_member_location
	.byte	36                              @ Abbrev [36] 0xdbc:0xc DW_TAG_member
	.long	.Linfo_string189                @ DW_AT_name
	.long	979                             @ DW_AT_type
	.byte	7                               @ DW_AT_decl_file
	.byte	222                             @ DW_AT_decl_line
	.byte	124                             @ DW_AT_data_member_location
	.byte	36                              @ Abbrev [36] 0xdc8:0xc DW_TAG_member
	.long	.Linfo_string190                @ DW_AT_name
	.long	979                             @ DW_AT_type
	.byte	7                               @ DW_AT_decl_file
	.byte	225                             @ DW_AT_decl_line
	.byte	128                             @ DW_AT_data_member_location
	.byte	36                              @ Abbrev [36] 0xdd4:0xc DW_TAG_member
	.long	.Linfo_string191                @ DW_AT_name
	.long	979                             @ DW_AT_type
	.byte	7                               @ DW_AT_decl_file
	.byte	232                             @ DW_AT_decl_line
	.byte	132                             @ DW_AT_data_member_location
	.byte	36                              @ Abbrev [36] 0xde0:0xc DW_TAG_member
	.long	.Linfo_string192                @ DW_AT_name
	.long	979                             @ DW_AT_type
	.byte	7                               @ DW_AT_decl_file
	.byte	236                             @ DW_AT_decl_line
	.byte	136                             @ DW_AT_data_member_location
	.byte	36                              @ Abbrev [36] 0xdec:0xc DW_TAG_member
	.long	.Linfo_string193                @ DW_AT_name
	.long	979                             @ DW_AT_type
	.byte	7                               @ DW_AT_decl_file
	.byte	239                             @ DW_AT_decl_line
	.byte	140                             @ DW_AT_data_member_location
	.byte	36                              @ Abbrev [36] 0xdf8:0xc DW_TAG_member
	.long	.Linfo_string194                @ DW_AT_name
	.long	979                             @ DW_AT_type
	.byte	7                               @ DW_AT_decl_file
	.byte	242                             @ DW_AT_decl_line
	.byte	144                             @ DW_AT_data_member_location
	.byte	36                              @ Abbrev [36] 0xe04:0xc DW_TAG_member
	.long	.Linfo_string195                @ DW_AT_name
	.long	979                             @ DW_AT_type
	.byte	7                               @ DW_AT_decl_file
	.byte	245                             @ DW_AT_decl_line
	.byte	148                             @ DW_AT_data_member_location
	.byte	36                              @ Abbrev [36] 0xe10:0xc DW_TAG_member
	.long	.Linfo_string196                @ DW_AT_name
	.long	979                             @ DW_AT_type
	.byte	7                               @ DW_AT_decl_file
	.byte	248                             @ DW_AT_decl_line
	.byte	152                             @ DW_AT_data_member_location
	.byte	36                              @ Abbrev [36] 0xe1c:0xc DW_TAG_member
	.long	.Linfo_string197                @ DW_AT_name
	.long	979                             @ DW_AT_type
	.byte	7                               @ DW_AT_decl_file
	.byte	251                             @ DW_AT_decl_line
	.byte	156                             @ DW_AT_data_member_location
	.byte	36                              @ Abbrev [36] 0xe28:0xc DW_TAG_member
	.long	.Linfo_string198                @ DW_AT_name
	.long	979                             @ DW_AT_type
	.byte	7                               @ DW_AT_decl_file
	.byte	254                             @ DW_AT_decl_line
	.byte	160                             @ DW_AT_data_member_location
	.byte	9                               @ Abbrev [9] 0xe34:0xd DW_TAG_member
	.long	.Linfo_string199                @ DW_AT_name
	.long	979                             @ DW_AT_type
	.byte	7                               @ DW_AT_decl_file
	.short	257                             @ DW_AT_decl_line
	.byte	164                             @ DW_AT_data_member_location
	.byte	9                               @ Abbrev [9] 0xe41:0xd DW_TAG_member
	.long	.Linfo_string200                @ DW_AT_name
	.long	979                             @ DW_AT_type
	.byte	7                               @ DW_AT_decl_file
	.short	260                             @ DW_AT_decl_line
	.byte	168                             @ DW_AT_data_member_location
	.byte	9                               @ Abbrev [9] 0xe4e:0xd DW_TAG_member
	.long	.Linfo_string201                @ DW_AT_name
	.long	979                             @ DW_AT_type
	.byte	7                               @ DW_AT_decl_file
	.short	263                             @ DW_AT_decl_line
	.byte	172                             @ DW_AT_data_member_location
	.byte	9                               @ Abbrev [9] 0xe5b:0xd DW_TAG_member
	.long	.Linfo_string202                @ DW_AT_name
	.long	979                             @ DW_AT_type
	.byte	7                               @ DW_AT_decl_file
	.short	267                             @ DW_AT_decl_line
	.byte	176                             @ DW_AT_data_member_location
	.byte	9                               @ Abbrev [9] 0xe68:0xd DW_TAG_member
	.long	.Linfo_string203                @ DW_AT_name
	.long	979                             @ DW_AT_type
	.byte	7                               @ DW_AT_decl_file
	.short	270                             @ DW_AT_decl_line
	.byte	180                             @ DW_AT_data_member_location
	.byte	9                               @ Abbrev [9] 0xe75:0xd DW_TAG_member
	.long	.Linfo_string204                @ DW_AT_name
	.long	979                             @ DW_AT_type
	.byte	7                               @ DW_AT_decl_file
	.short	274                             @ DW_AT_decl_line
	.byte	184                             @ DW_AT_data_member_location
	.byte	9                               @ Abbrev [9] 0xe82:0xd DW_TAG_member
	.long	.Linfo_string205                @ DW_AT_name
	.long	979                             @ DW_AT_type
	.byte	7                               @ DW_AT_decl_file
	.short	278                             @ DW_AT_decl_line
	.byte	188                             @ DW_AT_data_member_location
	.byte	0                               @ End Of Children Mark
	.byte	5                               @ Abbrev [5] 0xe90:0xb DW_TAG_typedef
	.long	3739                            @ DW_AT_type
	.long	.Linfo_string165                @ DW_AT_name
	.byte	7                               @ DW_AT_decl_file
	.byte	72                              @ DW_AT_decl_line
	.byte	35                              @ Abbrev [35] 0xe9b:0x65 DW_TAG_structure_type
	.byte	32                              @ DW_AT_byte_size
	.byte	7                               @ DW_AT_decl_file
	.byte	45                              @ DW_AT_decl_line
	.byte	36                              @ Abbrev [36] 0xe9f:0xc DW_TAG_member
	.long	.Linfo_string157                @ DW_AT_name
	.long	979                             @ DW_AT_type
	.byte	7                               @ DW_AT_decl_file
	.byte	48                              @ DW_AT_decl_line
	.byte	0                               @ DW_AT_data_member_location
	.byte	36                              @ Abbrev [36] 0xeab:0xc DW_TAG_member
	.long	.Linfo_string158                @ DW_AT_name
	.long	979                             @ DW_AT_type
	.byte	7                               @ DW_AT_decl_file
	.byte	51                              @ DW_AT_decl_line
	.byte	4                               @ DW_AT_data_member_location
	.byte	36                              @ Abbrev [36] 0xeb7:0xc DW_TAG_member
	.long	.Linfo_string159                @ DW_AT_name
	.long	979                             @ DW_AT_type
	.byte	7                               @ DW_AT_decl_file
	.byte	56                              @ DW_AT_decl_line
	.byte	8                               @ DW_AT_data_member_location
	.byte	36                              @ Abbrev [36] 0xec3:0xc DW_TAG_member
	.long	.Linfo_string160                @ DW_AT_name
	.long	979                             @ DW_AT_type
	.byte	7                               @ DW_AT_decl_file
	.byte	60                              @ DW_AT_decl_line
	.byte	12                              @ DW_AT_data_member_location
	.byte	36                              @ Abbrev [36] 0xecf:0xc DW_TAG_member
	.long	.Linfo_string161                @ DW_AT_name
	.long	979                             @ DW_AT_type
	.byte	7                               @ DW_AT_decl_file
	.byte	63                              @ DW_AT_decl_line
	.byte	16                              @ DW_AT_data_member_location
	.byte	36                              @ Abbrev [36] 0xedb:0xc DW_TAG_member
	.long	.Linfo_string162                @ DW_AT_name
	.long	979                             @ DW_AT_type
	.byte	7                               @ DW_AT_decl_file
	.byte	65                              @ DW_AT_decl_line
	.byte	20                              @ DW_AT_data_member_location
	.byte	36                              @ Abbrev [36] 0xee7:0xc DW_TAG_member
	.long	.Linfo_string163                @ DW_AT_name
	.long	979                             @ DW_AT_type
	.byte	7                               @ DW_AT_decl_file
	.byte	67                              @ DW_AT_decl_line
	.byte	24                              @ DW_AT_data_member_location
	.byte	36                              @ Abbrev [36] 0xef3:0xc DW_TAG_member
	.long	.Linfo_string164                @ DW_AT_name
	.long	979                             @ DW_AT_type
	.byte	7                               @ DW_AT_decl_file
	.byte	70                              @ DW_AT_decl_line
	.byte	28                              @ DW_AT_data_member_location
	.byte	0                               @ End Of Children Mark
	.byte	5                               @ Abbrev [5] 0xf00:0xb DW_TAG_typedef
	.long	3851                            @ DW_AT_type
	.long	.Linfo_string175                @ DW_AT_name
	.byte	7                               @ DW_AT_decl_file
	.byte	104                             @ DW_AT_decl_line
	.byte	35                              @ Abbrev [35] 0xf0b:0x65 DW_TAG_structure_type
	.byte	32                              @ DW_AT_byte_size
	.byte	7                               @ DW_AT_decl_file
	.byte	77                              @ DW_AT_decl_line
	.byte	36                              @ Abbrev [36] 0xf0f:0xc DW_TAG_member
	.long	.Linfo_string167                @ DW_AT_name
	.long	979                             @ DW_AT_type
	.byte	7                               @ DW_AT_decl_file
	.byte	80                              @ DW_AT_decl_line
	.byte	0                               @ DW_AT_data_member_location
	.byte	36                              @ Abbrev [36] 0xf1b:0xc DW_TAG_member
	.long	.Linfo_string168                @ DW_AT_name
	.long	979                             @ DW_AT_type
	.byte	7                               @ DW_AT_decl_file
	.byte	83                              @ DW_AT_decl_line
	.byte	4                               @ DW_AT_data_member_location
	.byte	36                              @ Abbrev [36] 0xf27:0xc DW_TAG_member
	.long	.Linfo_string169                @ DW_AT_name
	.long	979                             @ DW_AT_type
	.byte	7                               @ DW_AT_decl_file
	.byte	88                              @ DW_AT_decl_line
	.byte	8                               @ DW_AT_data_member_location
	.byte	36                              @ Abbrev [36] 0xf33:0xc DW_TAG_member
	.long	.Linfo_string170                @ DW_AT_name
	.long	979                             @ DW_AT_type
	.byte	7                               @ DW_AT_decl_file
	.byte	92                              @ DW_AT_decl_line
	.byte	12                              @ DW_AT_data_member_location
	.byte	36                              @ Abbrev [36] 0xf3f:0xc DW_TAG_member
	.long	.Linfo_string171                @ DW_AT_name
	.long	979                             @ DW_AT_type
	.byte	7                               @ DW_AT_decl_file
	.byte	95                              @ DW_AT_decl_line
	.byte	16                              @ DW_AT_data_member_location
	.byte	36                              @ Abbrev [36] 0xf4b:0xc DW_TAG_member
	.long	.Linfo_string172                @ DW_AT_name
	.long	979                             @ DW_AT_type
	.byte	7                               @ DW_AT_decl_file
	.byte	97                              @ DW_AT_decl_line
	.byte	20                              @ DW_AT_data_member_location
	.byte	36                              @ Abbrev [36] 0xf57:0xc DW_TAG_member
	.long	.Linfo_string173                @ DW_AT_name
	.long	979                             @ DW_AT_type
	.byte	7                               @ DW_AT_decl_file
	.byte	99                              @ DW_AT_decl_line
	.byte	24                              @ DW_AT_data_member_location
	.byte	36                              @ Abbrev [36] 0xf63:0xc DW_TAG_member
	.long	.Linfo_string174                @ DW_AT_name
	.long	979                             @ DW_AT_type
	.byte	7                               @ DW_AT_decl_file
	.byte	102                             @ DW_AT_decl_line
	.byte	28                              @ DW_AT_data_member_location
	.byte	0                               @ End Of Children Mark
	.byte	6                               @ Abbrev [6] 0xf70:0x5 DW_TAG_pointer_type
	.long	3957                            @ DW_AT_type
	.byte	37                              @ Abbrev [37] 0xf75:0x5 DW_TAG_const_type
	.long	3728                            @ DW_AT_type
	.byte	6                               @ Abbrev [6] 0xf7a:0x5 DW_TAG_pointer_type
	.long	3967                            @ DW_AT_type
	.byte	37                              @ Abbrev [37] 0xf7f:0x5 DW_TAG_const_type
	.long	3840                            @ DW_AT_type
	.byte	5                               @ Abbrev [5] 0xf84:0xb DW_TAG_typedef
	.long	3983                            @ DW_AT_type
	.long	.Linfo_string218                @ DW_AT_name
	.byte	7                               @ DW_AT_decl_file
	.byte	114                             @ DW_AT_decl_line
	.byte	35                              @ Abbrev [35] 0xf8f:0x29 DW_TAG_structure_type
	.byte	12                              @ DW_AT_byte_size
	.byte	7                               @ DW_AT_decl_file
	.byte	109                             @ DW_AT_decl_line
	.byte	36                              @ Abbrev [36] 0xf93:0xc DW_TAG_member
	.long	.Linfo_string215                @ DW_AT_name
	.long	979                             @ DW_AT_type
	.byte	7                               @ DW_AT_decl_file
	.byte	111                             @ DW_AT_decl_line
	.byte	0                               @ DW_AT_data_member_location
	.byte	36                              @ Abbrev [36] 0xf9f:0xc DW_TAG_member
	.long	.Linfo_string216                @ DW_AT_name
	.long	979                             @ DW_AT_type
	.byte	7                               @ DW_AT_decl_file
	.byte	112                             @ DW_AT_decl_line
	.byte	4                               @ DW_AT_data_member_location
	.byte	36                              @ Abbrev [36] 0xfab:0xc DW_TAG_member
	.long	.Linfo_string217                @ DW_AT_name
	.long	979                             @ DW_AT_type
	.byte	7                               @ DW_AT_decl_file
	.byte	113                             @ DW_AT_decl_line
	.byte	8                               @ DW_AT_data_member_location
	.byte	0                               @ End Of Children Mark
	.byte	5                               @ Abbrev [5] 0xfb8:0xb DW_TAG_typedef
	.long	4035                            @ DW_AT_type
	.long	.Linfo_string223                @ DW_AT_name
	.byte	7                               @ DW_AT_decl_file
	.byte	124                             @ DW_AT_decl_line
	.byte	35                              @ Abbrev [35] 0xfc3:0x29 DW_TAG_structure_type
	.byte	12                              @ DW_AT_byte_size
	.byte	7                               @ DW_AT_decl_file
	.byte	119                             @ DW_AT_decl_line
	.byte	36                              @ Abbrev [36] 0xfc7:0xc DW_TAG_member
	.long	.Linfo_string220                @ DW_AT_name
	.long	979                             @ DW_AT_type
	.byte	7                               @ DW_AT_decl_file
	.byte	121                             @ DW_AT_decl_line
	.byte	0                               @ DW_AT_data_member_location
	.byte	36                              @ Abbrev [36] 0xfd3:0xc DW_TAG_member
	.long	.Linfo_string221                @ DW_AT_name
	.long	979                             @ DW_AT_type
	.byte	7                               @ DW_AT_decl_file
	.byte	122                             @ DW_AT_decl_line
	.byte	4                               @ DW_AT_data_member_location
	.byte	36                              @ Abbrev [36] 0xfdf:0xc DW_TAG_member
	.long	.Linfo_string222                @ DW_AT_name
	.long	979                             @ DW_AT_type
	.byte	7                               @ DW_AT_decl_file
	.byte	123                             @ DW_AT_decl_line
	.byte	8                               @ DW_AT_data_member_location
	.byte	0                               @ End Of Children Mark
	.byte	5                               @ Abbrev [5] 0xfec:0xb DW_TAG_typedef
	.long	4087                            @ DW_AT_type
	.long	.Linfo_string228                @ DW_AT_name
	.byte	7                               @ DW_AT_decl_file
	.byte	134                             @ DW_AT_decl_line
	.byte	35                              @ Abbrev [35] 0xff7:0x29 DW_TAG_structure_type
	.byte	12                              @ DW_AT_byte_size
	.byte	7                               @ DW_AT_decl_file
	.byte	129                             @ DW_AT_decl_line
	.byte	36                              @ Abbrev [36] 0xffb:0xc DW_TAG_member
	.long	.Linfo_string225                @ DW_AT_name
	.long	979                             @ DW_AT_type
	.byte	7                               @ DW_AT_decl_file
	.byte	131                             @ DW_AT_decl_line
	.byte	0                               @ DW_AT_data_member_location
	.byte	36                              @ Abbrev [36] 0x1007:0xc DW_TAG_member
	.long	.Linfo_string226                @ DW_AT_name
	.long	979                             @ DW_AT_type
	.byte	7                               @ DW_AT_decl_file
	.byte	132                             @ DW_AT_decl_line
	.byte	4                               @ DW_AT_data_member_location
	.byte	36                              @ Abbrev [36] 0x1013:0xc DW_TAG_member
	.long	.Linfo_string227                @ DW_AT_name
	.long	979                             @ DW_AT_type
	.byte	7                               @ DW_AT_decl_file
	.byte	133                             @ DW_AT_decl_line
	.byte	8                               @ DW_AT_data_member_location
	.byte	0                               @ End Of Children Mark
	.byte	6                               @ Abbrev [6] 0x1020:0x5 DW_TAG_pointer_type
	.long	3972                            @ DW_AT_type
	.byte	6                               @ Abbrev [6] 0x1025:0x5 DW_TAG_pointer_type
	.long	4024                            @ DW_AT_type
	.byte	6                               @ Abbrev [6] 0x102a:0x5 DW_TAG_pointer_type
	.long	4076                            @ DW_AT_type
	.byte	6                               @ Abbrev [6] 0x102f:0x5 DW_TAG_pointer_type
	.long	4148                            @ DW_AT_type
	.byte	37                              @ Abbrev [37] 0x1034:0x5 DW_TAG_const_type
	.long	4153                            @ DW_AT_type
	.byte	7                               @ Abbrev [7] 0x1039:0xc DW_TAG_typedef
	.long	4165                            @ DW_AT_type
	.long	.Linfo_string261                @ DW_AT_name
	.byte	7                               @ DW_AT_decl_file
	.short	314                             @ DW_AT_decl_line
	.byte	15                              @ Abbrev [15] 0x1045:0x54 DW_TAG_structure_type
	.byte	24                              @ DW_AT_byte_size
	.byte	7                               @ DW_AT_decl_file
	.short	293                             @ DW_AT_decl_line
	.byte	9                               @ Abbrev [9] 0x104a:0xd DW_TAG_member
	.long	.Linfo_string255                @ DW_AT_name
	.long	979                             @ DW_AT_type
	.byte	7                               @ DW_AT_decl_file
	.short	295                             @ DW_AT_decl_line
	.byte	0                               @ DW_AT_data_member_location
	.byte	9                               @ Abbrev [9] 0x1057:0xd DW_TAG_member
	.long	.Linfo_string256                @ DW_AT_name
	.long	979                             @ DW_AT_type
	.byte	7                               @ DW_AT_decl_file
	.short	298                             @ DW_AT_decl_line
	.byte	4                               @ DW_AT_data_member_location
	.byte	9                               @ Abbrev [9] 0x1064:0xd DW_TAG_member
	.long	.Linfo_string257                @ DW_AT_name
	.long	979                             @ DW_AT_type
	.byte	7                               @ DW_AT_decl_file
	.short	301                             @ DW_AT_decl_line
	.byte	8                               @ DW_AT_data_member_location
	.byte	9                               @ Abbrev [9] 0x1071:0xd DW_TAG_member
	.long	.Linfo_string258                @ DW_AT_name
	.long	979                             @ DW_AT_type
	.byte	7                               @ DW_AT_decl_file
	.short	304                             @ DW_AT_decl_line
	.byte	12                              @ DW_AT_data_member_location
	.byte	9                               @ Abbrev [9] 0x107e:0xd DW_TAG_member
	.long	.Linfo_string259                @ DW_AT_name
	.long	979                             @ DW_AT_type
	.byte	7                               @ DW_AT_decl_file
	.short	308                             @ DW_AT_decl_line
	.byte	16                              @ DW_AT_data_member_location
	.byte	9                               @ Abbrev [9] 0x108b:0xd DW_TAG_member
	.long	.Linfo_string260                @ DW_AT_name
	.long	979                             @ DW_AT_type
	.byte	7                               @ DW_AT_decl_file
	.short	311                             @ DW_AT_decl_line
	.byte	20                              @ DW_AT_data_member_location
	.byte	0                               @ End Of Children Mark
	.byte	6                               @ Abbrev [6] 0x1099:0x5 DW_TAG_pointer_type
	.long	4254                            @ DW_AT_type
	.byte	7                               @ Abbrev [7] 0x109e:0xc DW_TAG_typedef
	.long	4266                            @ DW_AT_type
	.long	.Linfo_string266                @ DW_AT_name
	.byte	7                               @ DW_AT_decl_file
	.short	336                             @ DW_AT_decl_line
	.byte	15                              @ Abbrev [15] 0x10aa:0x3a DW_TAG_structure_type
	.byte	16                              @ DW_AT_byte_size
	.byte	7                               @ DW_AT_decl_file
	.short	319                             @ DW_AT_decl_line
	.byte	9                               @ Abbrev [9] 0x10af:0xd DW_TAG_member
	.long	.Linfo_string258                @ DW_AT_name
	.long	979                             @ DW_AT_type
	.byte	7                               @ DW_AT_decl_file
	.short	321                             @ DW_AT_decl_line
	.byte	0                               @ DW_AT_data_member_location
	.byte	9                               @ Abbrev [9] 0x10bc:0xd DW_TAG_member
	.long	.Linfo_string260                @ DW_AT_name
	.long	979                             @ DW_AT_type
	.byte	7                               @ DW_AT_decl_file
	.short	324                             @ DW_AT_decl_line
	.byte	4                               @ DW_AT_data_member_location
	.byte	9                               @ Abbrev [9] 0x10c9:0xd DW_TAG_member
	.long	.Linfo_string264                @ DW_AT_name
	.long	979                             @ DW_AT_type
	.byte	7                               @ DW_AT_decl_file
	.short	327                             @ DW_AT_decl_line
	.byte	8                               @ DW_AT_data_member_location
	.byte	9                               @ Abbrev [9] 0x10d6:0xd DW_TAG_member
	.long	.Linfo_string265                @ DW_AT_name
	.long	979                             @ DW_AT_type
	.byte	7                               @ DW_AT_decl_file
	.short	331                             @ DW_AT_decl_line
	.byte	12                              @ DW_AT_data_member_location
	.byte	0                               @ End Of Children Mark
	.byte	0                               @ End Of Children Mark
.Ldebug_info_end0:
	.section	.debug_ranges,"",%progbits
.Ldebug_ranges0:
	.long	.Lfunc_begin0
	.long	.Lfunc_end0
	.long	.Lfunc_begin1
	.long	.Lfunc_end1
	.long	.Lfunc_begin2
	.long	.Lfunc_end2
	.long	.Lfunc_begin3
	.long	.Lfunc_end3
	.long	.Lfunc_begin4
	.long	.Lfunc_end4
	.long	.Lfunc_begin5
	.long	.Lfunc_end5
	.long	.Lfunc_begin6
	.long	.Lfunc_end6
	.long	.Lfunc_begin7
	.long	.Lfunc_end7
	.long	.Lfunc_begin8
	.long	.Lfunc_end8
	.long	.Lfunc_begin9
	.long	.Lfunc_end9
	.long	.Lfunc_begin10
	.long	.Lfunc_end10
	.long	.Lfunc_begin11
	.long	.Lfunc_end11
	.long	.Lfunc_begin12
	.long	.Lfunc_end12
	.long	.Lfunc_begin13
	.long	.Lfunc_end13
	.long	.Lfunc_begin14
	.long	.Lfunc_end14
	.long	.Lfunc_begin15
	.long	.Lfunc_end15
	.long	.Lfunc_begin16
	.long	.Lfunc_end16
	.long	.Lfunc_begin17
	.long	.Lfunc_end17
	.long	.Lfunc_begin18
	.long	.Lfunc_end18
	.long	.Lfunc_begin19
	.long	.Lfunc_end19
	.long	.Lfunc_begin20
	.long	.Lfunc_end20
	.long	.Lfunc_begin21
	.long	.Lfunc_end21
	.long	.Lfunc_begin22
	.long	.Lfunc_end22
	.long	.Lfunc_begin23
	.long	.Lfunc_end23
	.long	.Lfunc_begin24
	.long	.Lfunc_end24
	.long	.Lfunc_begin25
	.long	.Lfunc_end25
	.long	.Lfunc_begin26
	.long	.Lfunc_end26
	.long	.Lfunc_begin27
	.long	.Lfunc_end27
	.long	0
	.long	0
	.section	.debug_str,"MS",%progbits,1
.Linfo_string0:
	.asciz	"Component: Arm Compiler for Embedded 6.24 Tool: armclang [5f371800]" @ string offset=0
.Linfo_string1:
	.asciz	"../Drivers/STM32H7xx_HAL_Driver/Src\\stm32h7xx_hal_rcc_ex.c" @ string offset=68
.Linfo_string2:
	.asciz	"D:\\EV\\testadc\\MDK-ARM"      @ string offset=127
.Linfo_string3:
	.asciz	"unsigned char"                 @ string offset=149
.Linfo_string4:
	.asciz	"HAL_OK"                        @ string offset=163
.Linfo_string5:
	.asciz	"HAL_ERROR"                     @ string offset=170
.Linfo_string6:
	.asciz	"HAL_BUSY"                      @ string offset=180
.Linfo_string7:
	.asciz	"HAL_TIMEOUT"                   @ string offset=189
.Linfo_string8:
	.asciz	"unsigned long long"            @ string offset=201
.Linfo_string9:
	.asciz	"uint64_t"                      @ string offset=220
.Linfo_string10:
	.asciz	"CR"                            @ string offset=229
.Linfo_string11:
	.asciz	"unsigned int"                  @ string offset=232
.Linfo_string12:
	.asciz	"uint32_t"                      @ string offset=245
.Linfo_string13:
	.asciz	"HSICFGR"                       @ string offset=254
.Linfo_string14:
	.asciz	"CRRCR"                         @ string offset=262
.Linfo_string15:
	.asciz	"CSICFGR"                       @ string offset=268
.Linfo_string16:
	.asciz	"CFGR"                          @ string offset=276
.Linfo_string17:
	.asciz	"RESERVED1"                     @ string offset=281
.Linfo_string18:
	.asciz	"D1CFGR"                        @ string offset=291
.Linfo_string19:
	.asciz	"D2CFGR"                        @ string offset=298
.Linfo_string20:
	.asciz	"D3CFGR"                        @ string offset=305
.Linfo_string21:
	.asciz	"RESERVED2"                     @ string offset=312
.Linfo_string22:
	.asciz	"PLLCKSELR"                     @ string offset=322
.Linfo_string23:
	.asciz	"PLLCFGR"                       @ string offset=332
.Linfo_string24:
	.asciz	"PLL1DIVR"                      @ string offset=340
.Linfo_string25:
	.asciz	"PLL1FRACR"                     @ string offset=349
.Linfo_string26:
	.asciz	"PLL2DIVR"                      @ string offset=359
.Linfo_string27:
	.asciz	"PLL2FRACR"                     @ string offset=368
.Linfo_string28:
	.asciz	"PLL3DIVR"                      @ string offset=378
.Linfo_string29:
	.asciz	"PLL3FRACR"                     @ string offset=387
.Linfo_string30:
	.asciz	"RESERVED3"                     @ string offset=397
.Linfo_string31:
	.asciz	"D1CCIPR"                       @ string offset=407
.Linfo_string32:
	.asciz	"D2CCIP1R"                      @ string offset=415
.Linfo_string33:
	.asciz	"D2CCIP2R"                      @ string offset=424
.Linfo_string34:
	.asciz	"D3CCIPR"                       @ string offset=433
.Linfo_string35:
	.asciz	"RESERVED4"                     @ string offset=441
.Linfo_string36:
	.asciz	"CIER"                          @ string offset=451
.Linfo_string37:
	.asciz	"CIFR"                          @ string offset=456
.Linfo_string38:
	.asciz	"CICR"                          @ string offset=461
.Linfo_string39:
	.asciz	"RESERVED5"                     @ string offset=466
.Linfo_string40:
	.asciz	"BDCR"                          @ string offset=476
.Linfo_string41:
	.asciz	"CSR"                           @ string offset=481
.Linfo_string42:
	.asciz	"RESERVED6"                     @ string offset=485
.Linfo_string43:
	.asciz	"AHB3RSTR"                      @ string offset=495
.Linfo_string44:
	.asciz	"AHB1RSTR"                      @ string offset=504
.Linfo_string45:
	.asciz	"AHB2RSTR"                      @ string offset=513
.Linfo_string46:
	.asciz	"AHB4RSTR"                      @ string offset=522
.Linfo_string47:
	.asciz	"APB3RSTR"                      @ string offset=531
.Linfo_string48:
	.asciz	"APB1LRSTR"                     @ string offset=540
.Linfo_string49:
	.asciz	"APB1HRSTR"                     @ string offset=550
.Linfo_string50:
	.asciz	"APB2RSTR"                      @ string offset=560
.Linfo_string51:
	.asciz	"APB4RSTR"                      @ string offset=569
.Linfo_string52:
	.asciz	"GCR"                           @ string offset=578
.Linfo_string53:
	.asciz	"RESERVED8"                     @ string offset=582
.Linfo_string54:
	.asciz	"D3AMR"                         @ string offset=592
.Linfo_string55:
	.asciz	"RESERVED11"                    @ string offset=598
.Linfo_string56:
	.asciz	"__ARRAY_SIZE_TYPE__"           @ string offset=609
.Linfo_string57:
	.asciz	"RSR"                           @ string offset=629
.Linfo_string58:
	.asciz	"AHB3ENR"                       @ string offset=633
.Linfo_string59:
	.asciz	"AHB1ENR"                       @ string offset=641
.Linfo_string60:
	.asciz	"AHB2ENR"                       @ string offset=649
.Linfo_string61:
	.asciz	"AHB4ENR"                       @ string offset=657
.Linfo_string62:
	.asciz	"APB3ENR"                       @ string offset=665
.Linfo_string63:
	.asciz	"APB1LENR"                      @ string offset=673
.Linfo_string64:
	.asciz	"APB1HENR"                      @ string offset=682
.Linfo_string65:
	.asciz	"APB2ENR"                       @ string offset=691
.Linfo_string66:
	.asciz	"APB4ENR"                       @ string offset=699
.Linfo_string67:
	.asciz	"RESERVED12"                    @ string offset=707
.Linfo_string68:
	.asciz	"AHB3LPENR"                     @ string offset=718
.Linfo_string69:
	.asciz	"AHB1LPENR"                     @ string offset=728
.Linfo_string70:
	.asciz	"AHB2LPENR"                     @ string offset=738
.Linfo_string71:
	.asciz	"AHB4LPENR"                     @ string offset=748
.Linfo_string72:
	.asciz	"APB3LPENR"                     @ string offset=758
.Linfo_string73:
	.asciz	"APB1LLPENR"                    @ string offset=768
.Linfo_string74:
	.asciz	"APB1HLPENR"                    @ string offset=779
.Linfo_string75:
	.asciz	"APB2LPENR"                     @ string offset=790
.Linfo_string76:
	.asciz	"APB4LPENR"                     @ string offset=800
.Linfo_string77:
	.asciz	"RESERVED13"                    @ string offset=810
.Linfo_string78:
	.asciz	"RCC_TypeDef"                   @ string offset=821
.Linfo_string79:
	.asciz	"CR1"                           @ string offset=833
.Linfo_string80:
	.asciz	"CSR1"                          @ string offset=837
.Linfo_string81:
	.asciz	"CR2"                           @ string offset=842
.Linfo_string82:
	.asciz	"CR3"                           @ string offset=846
.Linfo_string83:
	.asciz	"CPUCR"                         @ string offset=850
.Linfo_string84:
	.asciz	"RESERVED0"                     @ string offset=856
.Linfo_string85:
	.asciz	"D3CR"                          @ string offset=866
.Linfo_string86:
	.asciz	"WKUPCR"                        @ string offset=871
.Linfo_string87:
	.asciz	"WKUPFR"                        @ string offset=878
.Linfo_string88:
	.asciz	"WKUPEPR"                       @ string offset=885
.Linfo_string89:
	.asciz	"PWR_TypeDef"                   @ string offset=893
.Linfo_string90:
	.asciz	"uint8_t"                       @ string offset=905
.Linfo_string91:
	.asciz	"float"                         @ string offset=913
.Linfo_string92:
	.asciz	"float_t"                       @ string offset=919
.Linfo_string93:
	.asciz	"RTSR1"                         @ string offset=927
.Linfo_string94:
	.asciz	"FTSR1"                         @ string offset=933
.Linfo_string95:
	.asciz	"SWIER1"                        @ string offset=939
.Linfo_string96:
	.asciz	"D3PMR1"                        @ string offset=946
.Linfo_string97:
	.asciz	"D3PCR1L"                       @ string offset=953
.Linfo_string98:
	.asciz	"D3PCR1H"                       @ string offset=961
.Linfo_string99:
	.asciz	"RTSR2"                         @ string offset=969
.Linfo_string100:
	.asciz	"FTSR2"                         @ string offset=975
.Linfo_string101:
	.asciz	"SWIER2"                        @ string offset=981
.Linfo_string102:
	.asciz	"D3PMR2"                        @ string offset=988
.Linfo_string103:
	.asciz	"D3PCR2L"                       @ string offset=995
.Linfo_string104:
	.asciz	"D3PCR2H"                       @ string offset=1003
.Linfo_string105:
	.asciz	"RTSR3"                         @ string offset=1011
.Linfo_string106:
	.asciz	"FTSR3"                         @ string offset=1017
.Linfo_string107:
	.asciz	"SWIER3"                        @ string offset=1023
.Linfo_string108:
	.asciz	"D3PMR3"                        @ string offset=1030
.Linfo_string109:
	.asciz	"D3PCR3L"                       @ string offset=1037
.Linfo_string110:
	.asciz	"D3PCR3H"                       @ string offset=1045
.Linfo_string111:
	.asciz	"IMR1"                          @ string offset=1053
.Linfo_string112:
	.asciz	"EMR1"                          @ string offset=1058
.Linfo_string113:
	.asciz	"PR1"                           @ string offset=1063
.Linfo_string114:
	.asciz	"IMR2"                          @ string offset=1067
.Linfo_string115:
	.asciz	"EMR2"                          @ string offset=1072
.Linfo_string116:
	.asciz	"PR2"                           @ string offset=1077
.Linfo_string117:
	.asciz	"IMR3"                          @ string offset=1081
.Linfo_string118:
	.asciz	"EMR3"                          @ string offset=1086
.Linfo_string119:
	.asciz	"PR3"                           @ string offset=1091
.Linfo_string120:
	.asciz	"EXTI_TypeDef"                  @ string offset=1095
.Linfo_string121:
	.asciz	"ISR"                           @ string offset=1108
.Linfo_string122:
	.asciz	"ICR"                           @ string offset=1112
.Linfo_string123:
	.asciz	"CRS_TypeDef"                   @ string offset=1116
.Linfo_string124:
	.asciz	"HAL_RCCEx_GetD3PCLK1Freq"      @ string offset=1128
.Linfo_string125:
	.asciz	"HAL_RCC_GetPCLK1Freq"          @ string offset=1153
.Linfo_string126:
	.asciz	"HAL_RCCEx_PeriphCLKConfig"     @ string offset=1174
.Linfo_string127:
	.asciz	"HAL_StatusTypeDef"             @ string offset=1200
.Linfo_string128:
	.asciz	"RCCEx_PLL2_Config"             @ string offset=1218
.Linfo_string129:
	.asciz	"RCCEx_PLL3_Config"             @ string offset=1236
.Linfo_string130:
	.asciz	"HAL_RCCEx_GetPeriphCLKConfig"  @ string offset=1254
.Linfo_string131:
	.asciz	"HAL_RCCEx_GetPeriphCLKFreq"    @ string offset=1283
.Linfo_string132:
	.asciz	"HAL_RCCEx_GetPLL1ClockFreq"    @ string offset=1310
.Linfo_string133:
	.asciz	"HAL_RCCEx_GetPLL2ClockFreq"    @ string offset=1337
.Linfo_string134:
	.asciz	"HAL_RCCEx_GetPLL3ClockFreq"    @ string offset=1364
.Linfo_string135:
	.asciz	"HAL_RCCEx_GetD1PCLK1Freq"      @ string offset=1391
.Linfo_string136:
	.asciz	"HAL_RCCEx_GetD1SysClockFreq"   @ string offset=1416
.Linfo_string137:
	.asciz	"HAL_RCCEx_EnableLSECSS"        @ string offset=1444
.Linfo_string138:
	.asciz	"HAL_RCCEx_DisableLSECSS"       @ string offset=1467
.Linfo_string139:
	.asciz	"HAL_RCCEx_EnableLSECSS_IT"     @ string offset=1491
.Linfo_string140:
	.asciz	"HAL_RCCEx_WakeUpStopCLKConfig" @ string offset=1517
.Linfo_string141:
	.asciz	"HAL_RCCEx_KerWakeUpStopCLKConfig" @ string offset=1547
.Linfo_string142:
	.asciz	"HAL_RCCEx_WWDGxSysResetConfig" @ string offset=1580
.Linfo_string143:
	.asciz	"HAL_RCCEx_CRSConfig"           @ string offset=1610
.Linfo_string144:
	.asciz	"HAL_RCCEx_CRSSoftwareSynchronizationGenerate" @ string offset=1630
.Linfo_string145:
	.asciz	"HAL_RCCEx_CRSGetSynchronizationInfo" @ string offset=1675
.Linfo_string146:
	.asciz	"HAL_RCCEx_CRSWaitSynchronization" @ string offset=1711
.Linfo_string147:
	.asciz	"HAL_RCCEx_CRS_IRQHandler"      @ string offset=1744
.Linfo_string148:
	.asciz	"HAL_RCCEx_CRS_SyncOkCallback"  @ string offset=1769
.Linfo_string149:
	.asciz	"HAL_RCCEx_CRS_SyncWarnCallback" @ string offset=1798
.Linfo_string150:
	.asciz	"HAL_RCCEx_CRS_ExpectedSyncCallback" @ string offset=1829
.Linfo_string151:
	.asciz	"HAL_RCCEx_CRS_ErrorCallback"   @ string offset=1864
.Linfo_string152:
	.asciz	"HAL_RCCEx_LSECSS_IRQHandler"   @ string offset=1892
.Linfo_string153:
	.asciz	"HAL_RCCEx_LSECSS_Callback"     @ string offset=1920
.Linfo_string154:
	.asciz	"PeriphClkInit"                 @ string offset=1946
.Linfo_string155:
	.asciz	"PeriphClockSelection"          @ string offset=1960
.Linfo_string156:
	.asciz	"PLL2"                          @ string offset=1981
.Linfo_string157:
	.asciz	"PLL2M"                         @ string offset=1986
.Linfo_string158:
	.asciz	"PLL2N"                         @ string offset=1992
.Linfo_string159:
	.asciz	"PLL2P"                         @ string offset=1998
.Linfo_string160:
	.asciz	"PLL2Q"                         @ string offset=2004
.Linfo_string161:
	.asciz	"PLL2R"                         @ string offset=2010
.Linfo_string162:
	.asciz	"PLL2RGE"                       @ string offset=2016
.Linfo_string163:
	.asciz	"PLL2VCOSEL"                    @ string offset=2024
.Linfo_string164:
	.asciz	"PLL2FRACN"                     @ string offset=2035
.Linfo_string165:
	.asciz	"RCC_PLL2InitTypeDef"           @ string offset=2045
.Linfo_string166:
	.asciz	"PLL3"                          @ string offset=2065
.Linfo_string167:
	.asciz	"PLL3M"                         @ string offset=2070
.Linfo_string168:
	.asciz	"PLL3N"                         @ string offset=2076
.Linfo_string169:
	.asciz	"PLL3P"                         @ string offset=2082
.Linfo_string170:
	.asciz	"PLL3Q"                         @ string offset=2088
.Linfo_string171:
	.asciz	"PLL3R"                         @ string offset=2094
.Linfo_string172:
	.asciz	"PLL3RGE"                       @ string offset=2100
.Linfo_string173:
	.asciz	"PLL3VCOSEL"                    @ string offset=2108
.Linfo_string174:
	.asciz	"PLL3FRACN"                     @ string offset=2119
.Linfo_string175:
	.asciz	"RCC_PLL3InitTypeDef"           @ string offset=2129
.Linfo_string176:
	.asciz	"FmcClockSelection"             @ string offset=2149
.Linfo_string177:
	.asciz	"QspiClockSelection"            @ string offset=2167
.Linfo_string178:
	.asciz	"SdmmcClockSelection"           @ string offset=2186
.Linfo_string179:
	.asciz	"CkperClockSelection"           @ string offset=2206
.Linfo_string180:
	.asciz	"Sai1ClockSelection"            @ string offset=2226
.Linfo_string181:
	.asciz	"Sai23ClockSelection"           @ string offset=2245
.Linfo_string182:
	.asciz	"Spi123ClockSelection"          @ string offset=2265
.Linfo_string183:
	.asciz	"Spi45ClockSelection"           @ string offset=2286
.Linfo_string184:
	.asciz	"SpdifrxClockSelection"         @ string offset=2306
.Linfo_string185:
	.asciz	"Dfsdm1ClockSelection"          @ string offset=2328
.Linfo_string186:
	.asciz	"FdcanClockSelection"           @ string offset=2349
.Linfo_string187:
	.asciz	"Swpmi1ClockSelection"          @ string offset=2369
.Linfo_string188:
	.asciz	"Usart234578ClockSelection"     @ string offset=2390
.Linfo_string189:
	.asciz	"Usart16ClockSelection"         @ string offset=2416
.Linfo_string190:
	.asciz	"RngClockSelection"             @ string offset=2438
.Linfo_string191:
	.asciz	"I2c123ClockSelection"          @ string offset=2456
.Linfo_string192:
	.asciz	"UsbClockSelection"             @ string offset=2477
.Linfo_string193:
	.asciz	"CecClockSelection"             @ string offset=2495
.Linfo_string194:
	.asciz	"Lptim1ClockSelection"          @ string offset=2513
.Linfo_string195:
	.asciz	"Lpuart1ClockSelection"         @ string offset=2534
.Linfo_string196:
	.asciz	"I2c4ClockSelection"            @ string offset=2556
.Linfo_string197:
	.asciz	"Lptim2ClockSelection"          @ string offset=2575
.Linfo_string198:
	.asciz	"Lptim345ClockSelection"        @ string offset=2596
.Linfo_string199:
	.asciz	"AdcClockSelection"             @ string offset=2619
.Linfo_string200:
	.asciz	"Sai4AClockSelection"           @ string offset=2637
.Linfo_string201:
	.asciz	"Sai4BClockSelection"           @ string offset=2657
.Linfo_string202:
	.asciz	"Spi6ClockSelection"            @ string offset=2677
.Linfo_string203:
	.asciz	"RTCClockSelection"             @ string offset=2696
.Linfo_string204:
	.asciz	"Hrtim1ClockSelection"          @ string offset=2714
.Linfo_string205:
	.asciz	"TIMPresSelection"              @ string offset=2735
.Linfo_string206:
	.asciz	"RCC_PeriphCLKInitTypeDef"      @ string offset=2752
.Linfo_string207:
	.asciz	"status"                        @ string offset=2777
.Linfo_string208:
	.asciz	"ret"                           @ string offset=2784
.Linfo_string209:
	.asciz	"tickstart"                     @ string offset=2788
.Linfo_string210:
	.asciz	"tmpreg"                        @ string offset=2798
.Linfo_string211:
	.asciz	"pll2"                          @ string offset=2805
.Linfo_string212:
	.asciz	"Divider"                       @ string offset=2810
.Linfo_string213:
	.asciz	"pll3"                          @ string offset=2818
.Linfo_string214:
	.asciz	"pll1_clocks"                   @ string offset=2823
.Linfo_string215:
	.asciz	"PLL1_P_Frequency"              @ string offset=2835
.Linfo_string216:
	.asciz	"PLL1_Q_Frequency"              @ string offset=2852
.Linfo_string217:
	.asciz	"PLL1_R_Frequency"              @ string offset=2869
.Linfo_string218:
	.asciz	"PLL1_ClocksTypeDef"            @ string offset=2886
.Linfo_string219:
	.asciz	"pll2_clocks"                   @ string offset=2905
.Linfo_string220:
	.asciz	"PLL2_P_Frequency"              @ string offset=2917
.Linfo_string221:
	.asciz	"PLL2_Q_Frequency"              @ string offset=2934
.Linfo_string222:
	.asciz	"PLL2_R_Frequency"              @ string offset=2951
.Linfo_string223:
	.asciz	"PLL2_ClocksTypeDef"            @ string offset=2968
.Linfo_string224:
	.asciz	"pll3_clocks"                   @ string offset=2987
.Linfo_string225:
	.asciz	"PLL3_P_Frequency"              @ string offset=2999
.Linfo_string226:
	.asciz	"PLL3_Q_Frequency"              @ string offset=3016
.Linfo_string227:
	.asciz	"PLL3_R_Frequency"              @ string offset=3033
.Linfo_string228:
	.asciz	"PLL3_ClocksTypeDef"            @ string offset=3050
.Linfo_string229:
	.asciz	"PeriphClk"                     @ string offset=3069
.Linfo_string230:
	.asciz	"srcclk"                        @ string offset=3079
.Linfo_string231:
	.asciz	"frequency"                     @ string offset=3086
.Linfo_string232:
	.asciz	"saiclocksource"                @ string offset=3096
.Linfo_string233:
	.asciz	"ckpclocksource"                @ string offset=3111
.Linfo_string234:
	.asciz	"PLL1_Clocks"                   @ string offset=3126
.Linfo_string235:
	.asciz	"pllsource"                     @ string offset=3138
.Linfo_string236:
	.asciz	"pll1fracen"                    @ string offset=3148
.Linfo_string237:
	.asciz	"pll1m"                         @ string offset=3159
.Linfo_string238:
	.asciz	"hsivalue"                      @ string offset=3165
.Linfo_string239:
	.asciz	"pll1vco"                       @ string offset=3174
.Linfo_string240:
	.asciz	"fracn1"                        @ string offset=3182
.Linfo_string241:
	.asciz	"PLL2_Clocks"                   @ string offset=3189
.Linfo_string242:
	.asciz	"pll2fracen"                    @ string offset=3201
.Linfo_string243:
	.asciz	"pll2m"                         @ string offset=3212
.Linfo_string244:
	.asciz	"fracn2"                        @ string offset=3218
.Linfo_string245:
	.asciz	"pll2vco"                       @ string offset=3225
.Linfo_string246:
	.asciz	"PLL3_Clocks"                   @ string offset=3233
.Linfo_string247:
	.asciz	"pll3fracen"                    @ string offset=3245
.Linfo_string248:
	.asciz	"pll3m"                         @ string offset=3256
.Linfo_string249:
	.asciz	"fracn3"                        @ string offset=3262
.Linfo_string250:
	.asciz	"pll3vco"                       @ string offset=3269
.Linfo_string251:
	.asciz	"common_system_clock"           @ string offset=3277
.Linfo_string252:
	.asciz	"WakeUpClk"                     @ string offset=3297
.Linfo_string253:
	.asciz	"RCC_WWDGx"                     @ string offset=3307
.Linfo_string254:
	.asciz	"pInit"                         @ string offset=3317
.Linfo_string255:
	.asciz	"Prescaler"                     @ string offset=3323
.Linfo_string256:
	.asciz	"Source"                        @ string offset=3333
.Linfo_string257:
	.asciz	"Polarity"                      @ string offset=3340
.Linfo_string258:
	.asciz	"ReloadValue"                   @ string offset=3349
.Linfo_string259:
	.asciz	"ErrorLimitValue"               @ string offset=3361
.Linfo_string260:
	.asciz	"HSI48CalibrationValue"         @ string offset=3377
.Linfo_string261:
	.asciz	"RCC_CRSInitTypeDef"            @ string offset=3399
.Linfo_string262:
	.asciz	"value"                         @ string offset=3418
.Linfo_string263:
	.asciz	"pSynchroInfo"                  @ string offset=3424
.Linfo_string264:
	.asciz	"FreqErrorCapture"              @ string offset=3437
.Linfo_string265:
	.asciz	"FreqErrorDirection"            @ string offset=3454
.Linfo_string266:
	.asciz	"RCC_CRSSynchroInfoTypeDef"     @ string offset=3473
.Linfo_string267:
	.asciz	"Timeout"                       @ string offset=3499
.Linfo_string268:
	.asciz	"crsstatus"                     @ string offset=3507
.Linfo_string269:
	.asciz	"crserror"                      @ string offset=3517
.Linfo_string270:
	.asciz	"itflags"                       @ string offset=3526
.Linfo_string271:
	.asciz	"itsources"                     @ string offset=3534
.Linfo_string272:
	.asciz	"Error"                         @ string offset=3544
	.ident	"Component: Arm Compiler for Embedded 6.24 Tool: armclang [5f371800]"
	.section	".note.GNU-stack","",%progbits
	.eabi_attribute	30, 2	@ Tag_ABI_optimization_goals
	.ARM_attribute	16, 1	@ Tag_AV_eba
	.section	.debug_line,"",%progbits
.Lline_table_start0:
