	.text
	.syntax unified
	.eabi_attribute	67, "2.09"	@ Tag_conformance
	.cpu	cortex-m7
	.eabi_attribute	6, 13	@ Tag_CPU_arch
	.eabi_attribute	7, 77	@ Tag_CPU_arch_profile
	.eabi_attribute	8, 0	@ Tag_ARM_ISA_use
	.eabi_attribute	9, 2	@ Tag_THUMB_ISA_use
	.fpu	fpv5-d16
	.eabi_attribute	36, 1	@ Tag_FP_HP_extension
	.eabi_attribute	34, 1	@ Tag_CPU_unaligned_access
	.eabi_attribute	17, 1	@ Tag_ABI_PCS_GOT_use
	.eabi_attribute	20, 2	@ Tag_ABI_FP_denormal
	.eabi_attribute	21, 0	@ Tag_ABI_FP_exceptions
	.eabi_attribute	23, 1	@ Tag_ABI_FP_number_model
	.eabi_attribute	24, 1	@ Tag_ABI_align_needed
	.eabi_attribute	25, 1	@ Tag_ABI_align_preserved
	.eabi_attribute	28, 1	@ Tag_ABI_VFP_args
	.eabi_attribute	38, 1	@ Tag_ABI_FP_16bit_format
	.eabi_attribute	18, 2	@ Tag_ABI_PCS_wchar_t
	.eabi_attribute	26, 1	@ Tag_ABI_enum_size
	.eabi_attribute	14, 0	@ Tag_ABI_PCS_R9_use
	.file	"stm32h7xx_hal_adc_ex.c"
	.file	1 "D:\\EV\\testadc\\MDK-ARM" "../Drivers/STM32H7xx_HAL_Driver/Inc\\stm32h7xx_hal_def.h"
	.file	2 "D:\\EV\\testadc\\MDK-ARM" "../Drivers/CMSIS/Device/ST/STM32H7xx/Include\\stm32h7xx.h"
	.file	3 "D:\\EV\\testadc\\MDK-ARM" "../Drivers/STM32H7xx_HAL_Driver/Inc\\stm32h7xx_hal_dma.h"
	.file	4 "D:\\Keil_v5\\Core\\ARM\\ARMCLANG\\bin\\..\\include" "stdint.h"
	.file	5 "D:\\EV\\testadc\\MDK-ARM" "../Drivers/CMSIS/Device/ST/STM32H7xx/Include\\stm32h743xx.h"
	.section	.text.HAL_ADCEx_Calibration_Start,"ax",%progbits
	.hidden	HAL_ADCEx_Calibration_Start     @ -- Begin function HAL_ADCEx_Calibration_Start
	.globl	HAL_ADCEx_Calibration_Start
	.p2align	3
	.type	HAL_ADCEx_Calibration_Start,%function
	.code	16                              @ @HAL_ADCEx_Calibration_Start
	.thumb_func
HAL_ADCEx_Calibration_Start:
.Lfunc_begin0:
	.file	6 "D:\\EV\\testadc\\MDK-ARM" "../Drivers/STM32H7xx_HAL_Driver/Src/stm32h7xx_hal_adc_ex.c"
	.loc	6 127 0                         @ ../Drivers/STM32H7xx_HAL_Driver/Src/stm32h7xx_hal_adc_ex.c:127:0
	.fnstart
	.cfi_sections .debug_frame
	.cfi_startproc
@ %bb.0:
	@DEBUG_VALUE: HAL_ADCEx_Calibration_Start:hadc <- $r0
	@DEBUG_VALUE: HAL_ADCEx_Calibration_Start:CalibrationMode <- $r1
	@DEBUG_VALUE: HAL_ADCEx_Calibration_Start:SingleDiff <- $r2
	.save	{r4, r5, r6, lr}
	push	{r4, r5, r6, lr}
	.cfi_def_cfa_offset 16
	.cfi_offset lr, -4
	.cfi_offset r6, -8
	.cfi_offset r5, -12
	.cfi_offset r4, -16
	.pad	#8
	sub	sp, #8
	.cfi_def_cfa_offset 24
	movs	r3, #0
.Ltmp0:
	.loc	6 129 17 prologue_end           @ ../Drivers/STM32H7xx_HAL_Driver/Src/stm32h7xx_hal_adc_ex.c:129:17
	str	r3, [sp, #4]
	mov	r4, r0
.Ltmp1:
	@DEBUG_VALUE: HAL_ADCEx_Calibration_Start:wait_loop_index <- [DW_OP_plus_uconst 4, DW_OP_deref] $sp
	@DEBUG_VALUE: HAL_ADCEx_Calibration_Start:hadc <- $r4
	.loc	6 136 3                         @ ../Drivers/STM32H7xx_HAL_Driver/Src/stm32h7xx_hal_adc_ex.c:136:3
	ldrb.w	r0, [r0, #80]
.Ltmp2:
	.loc	6 136 3 is_stmt 0               @ ../Drivers/STM32H7xx_HAL_Driver/Src/stm32h7xx_hal_adc_ex.c:136:3
	cmp	r0, #1
	bne	.LBB0_2
.Ltmp3:
@ %bb.1:
	@DEBUG_VALUE: HAL_ADCEx_Calibration_Start:hadc <- $r4
	@DEBUG_VALUE: HAL_ADCEx_Calibration_Start:wait_loop_index <- [DW_OP_plus_uconst 4, DW_OP_deref] $sp
	@DEBUG_VALUE: HAL_ADCEx_Calibration_Start:SingleDiff <- $r2
	@DEBUG_VALUE: HAL_ADCEx_Calibration_Start:CalibrationMode <- $r1
	.loc	6 0 3                           @ ../Drivers/STM32H7xx_HAL_Driver/Src/stm32h7xx_hal_adc_ex.c:0:3
	movs	r0, #2
	.loc	6 190 1 epilogue_begin is_stmt 1 @ ../Drivers/STM32H7xx_HAL_Driver/Src/stm32h7xx_hal_adc_ex.c:190:1
	add	sp, #8
	pop	{r4, r5, r6, pc}
.Ltmp4:
	.loc	6 0 1 is_stmt 0                 @ :0:1
.Ltmp5:
	.p2align	2
.LBB0_2:
	@DEBUG_VALUE: HAL_ADCEx_Calibration_Start:hadc <- $r4
	@DEBUG_VALUE: HAL_ADCEx_Calibration_Start:wait_loop_index <- [DW_OP_plus_uconst 4, DW_OP_deref] $sp
	@DEBUG_VALUE: HAL_ADCEx_Calibration_Start:SingleDiff <- $r2
	@DEBUG_VALUE: HAL_ADCEx_Calibration_Start:CalibrationMode <- $r1
	movs	r0, #1
.Ltmp6:
	.loc	6 136 3 is_stmt 1               @ ../Drivers/STM32H7xx_HAL_Driver/Src/stm32h7xx_hal_adc_ex.c:136:3
	strb.w	r0, [r4, #80]
.Ltmp7:
	.loc	6 141 20                        @ ../Drivers/STM32H7xx_HAL_Driver/Src/stm32h7xx_hal_adc_ex.c:141:20
	mov	r0, r4
	mov	r6, r1
.Ltmp8:
	@DEBUG_VALUE: HAL_ADCEx_Calibration_Start:CalibrationMode <- $r6
	.loc	6 0 20 is_stmt 0                @ ../Drivers/STM32H7xx_HAL_Driver/Src/stm32h7xx_hal_adc_ex.c:0:20
	mov	r5, r2
.Ltmp9:
	@DEBUG_VALUE: HAL_ADCEx_Calibration_Start:SingleDiff <- $r5
	.loc	6 141 20                        @ ../Drivers/STM32H7xx_HAL_Driver/Src/stm32h7xx_hal_adc_ex.c:141:20
	bl	ADC_Disable
.Ltmp10:
	@DEBUG_VALUE: HAL_ADCEx_Calibration_Start:tmp_hal_status <- $r0
	.loc	6 0 0                           @ ../Drivers/STM32H7xx_HAL_Driver/Src/stm32h7xx_hal_adc_ex.c:0:0
	ldr	r1, [r4, #84]
.Ltmp11:
	.loc	6 144 7 is_stmt 1               @ ../Drivers/STM32H7xx_HAL_Driver/Src/stm32h7xx_hal_adc_ex.c:144:7
	cbz	r0, .LBB0_4
.Ltmp12:
@ %bb.3:
	@DEBUG_VALUE: HAL_ADCEx_Calibration_Start:tmp_hal_status <- $r0
	@DEBUG_VALUE: HAL_ADCEx_Calibration_Start:SingleDiff <- $r5
	@DEBUG_VALUE: HAL_ADCEx_Calibration_Start:CalibrationMode <- $r6
	@DEBUG_VALUE: HAL_ADCEx_Calibration_Start:hadc <- $r4
	@DEBUG_VALUE: HAL_ADCEx_Calibration_Start:wait_loop_index <- [DW_OP_plus_uconst 4, DW_OP_deref] $sp
	.loc	6 179 5                         @ ../Drivers/STM32H7xx_HAL_Driver/Src/stm32h7xx_hal_adc_ex.c:179:5
	orr	r1, r1, #16
	b	.LBB0_15
.Ltmp13:
	.loc	6 0 5 is_stmt 0                 @ :0:5
.Ltmp14:
	.p2align	2
.LBB0_4:
	@DEBUG_VALUE: HAL_ADCEx_Calibration_Start:tmp_hal_status <- $r0
	@DEBUG_VALUE: HAL_ADCEx_Calibration_Start:SingleDiff <- $r5
	@DEBUG_VALUE: HAL_ADCEx_Calibration_Start:CalibrationMode <- $r6
	@DEBUG_VALUE: HAL_ADCEx_Calibration_Start:hadc <- $r4
	@DEBUG_VALUE: HAL_ADCEx_Calibration_Start:wait_loop_index <- [DW_OP_plus_uconst 4, DW_OP_deref] $sp
	movw	r2, #4354
	movw	r3, #65472
.Ltmp15:
	.loc	6 147 5 is_stmt 1               @ ../Drivers/STM32H7xx_HAL_Driver/Src/stm32h7xx_hal_adc_ex.c:147:5
	bics	r1, r2
	movt	r3, #16382
	adds	r1, #2
	str	r1, [r4, #84]
	.loc	6 152 35                        @ ../Drivers/STM32H7xx_HAL_Driver/Src/stm32h7xx_hal_adc_ex.c:152:35
	ldr	r1, [r4]
.Ltmp16:
	@DEBUG_VALUE: LL_ADC_StartCalibration:SingleDiff <- $r5
	@DEBUG_VALUE: LL_ADC_StartCalibration:CalibrationMode <- $r6
	@DEBUG_VALUE: LL_ADC_StartCalibration:ADCx <- $r1
	.file	7 "D:\\EV\\testadc\\MDK-ARM" "../Drivers/STM32H7xx_HAL_Driver/Inc\\stm32h7xx_ll_adc.h"
	.loc	7 6995 3                        @ ../Drivers/STM32H7xx_HAL_Driver/Inc\stm32h7xx_ll_adc.h:6995:3
	and	r6, r6, #65536
.Ltmp17:
	@DEBUG_VALUE: HAL_ADCEx_Calibration_Start:CalibrationMode <- [DW_OP_LLVM_entry_value 1] $r1
	and	r5, r5, #1073741824
.Ltmp18:
	@DEBUG_VALUE: HAL_ADCEx_Calibration_Start:SingleDiff <- [DW_OP_LLVM_entry_value 1] $r2
	ldr	r2, [r1, #8]
	add	r6, r5
	ands	r3, r2
	movw	r2, #63487
	movt	r2, #9667
	add	r3, r6
	add.w	r3, r3, #-2147483648
	str	r3, [r1, #8]
.Ltmp19:
.LBB0_5:                                @ =>This Inner Loop Header: Depth=1
	@DEBUG_VALUE: HAL_ADCEx_Calibration_Start:SingleDiff <- [DW_OP_LLVM_entry_value 1] $r2
	@DEBUG_VALUE: HAL_ADCEx_Calibration_Start:CalibrationMode <- [DW_OP_LLVM_entry_value 1] $r1
	@DEBUG_VALUE: HAL_ADCEx_Calibration_Start:tmp_hal_status <- $r0
	@DEBUG_VALUE: HAL_ADCEx_Calibration_Start:hadc <- $r4
	@DEBUG_VALUE: HAL_ADCEx_Calibration_Start:wait_loop_index <- [DW_OP_plus_uconst 4, DW_OP_deref] $sp
	@DEBUG_VALUE: LL_ADC_IsCalibrationOnGoing:ADCx <- $r1
	.loc	7 7008 12                       @ ../Drivers/STM32H7xx_HAL_Driver/Inc\stm32h7xx_ll_adc.h:7008:12
	ldr	r3, [r1, #8]
.Ltmp20:
	.loc	6 155 5                         @ ../Drivers/STM32H7xx_HAL_Driver/Src/stm32h7xx_hal_adc_ex.c:155:5
	cmp.w	r3, #-1
	bgt	.LBB0_14
.Ltmp21:
@ %bb.6:                                @   in Loop: Header=BB0_5 Depth=1
	@DEBUG_VALUE: HAL_ADCEx_Calibration_Start:SingleDiff <- [DW_OP_LLVM_entry_value 1] $r2
	@DEBUG_VALUE: HAL_ADCEx_Calibration_Start:CalibrationMode <- [DW_OP_LLVM_entry_value 1] $r1
	@DEBUG_VALUE: HAL_ADCEx_Calibration_Start:tmp_hal_status <- $r0
	@DEBUG_VALUE: HAL_ADCEx_Calibration_Start:hadc <- $r4
	@DEBUG_VALUE: HAL_ADCEx_Calibration_Start:wait_loop_index <- [DW_OP_plus_uconst 4, DW_OP_deref] $sp
	.loc	6 157 22                        @ ../Drivers/STM32H7xx_HAL_Driver/Src/stm32h7xx_hal_adc_ex.c:157:22
	ldr	r3, [sp, #4]
	adds	r3, #1
	str	r3, [sp, #4]
.Ltmp22:
	.loc	6 158 11                        @ ../Drivers/STM32H7xx_HAL_Driver/Src/stm32h7xx_hal_adc_ex.c:158:11
	ldr	r3, [sp, #4]
.Ltmp23:
	.loc	6 158 11 is_stmt 0              @ ../Drivers/STM32H7xx_HAL_Driver/Src/stm32h7xx_hal_adc_ex.c:158:11
	cmp	r3, r2
.Ltmp24:
	@DEBUG_VALUE: HAL_ADCEx_Calibration_Start:wait_loop_index <- [DW_OP_plus_uconst 1, DW_OP_stack_value] undef
	bhi	.LBB0_13
.Ltmp25:
@ %bb.7:                                @   in Loop: Header=BB0_5 Depth=1
	@DEBUG_VALUE: HAL_ADCEx_Calibration_Start:SingleDiff <- [DW_OP_LLVM_entry_value 1] $r2
	@DEBUG_VALUE: HAL_ADCEx_Calibration_Start:CalibrationMode <- [DW_OP_LLVM_entry_value 1] $r1
	@DEBUG_VALUE: HAL_ADCEx_Calibration_Start:tmp_hal_status <- $r0
	@DEBUG_VALUE: HAL_ADCEx_Calibration_Start:hadc <- $r4
	@DEBUG_VALUE: LL_ADC_IsCalibrationOnGoing:ADCx <- $r1
	.loc	7 7008 12 is_stmt 1             @ ../Drivers/STM32H7xx_HAL_Driver/Inc\stm32h7xx_ll_adc.h:7008:12
	ldr	r3, [r1, #8]
.Ltmp26:
	.loc	6 155 5                         @ ../Drivers/STM32H7xx_HAL_Driver/Src/stm32h7xx_hal_adc_ex.c:155:5
	cmp.w	r3, #-1
	bgt	.LBB0_14
.Ltmp27:
@ %bb.8:                                @   in Loop: Header=BB0_5 Depth=1
	@DEBUG_VALUE: HAL_ADCEx_Calibration_Start:SingleDiff <- [DW_OP_LLVM_entry_value 1] $r2
	@DEBUG_VALUE: HAL_ADCEx_Calibration_Start:CalibrationMode <- [DW_OP_LLVM_entry_value 1] $r1
	@DEBUG_VALUE: HAL_ADCEx_Calibration_Start:tmp_hal_status <- $r0
	@DEBUG_VALUE: HAL_ADCEx_Calibration_Start:hadc <- $r4
	.loc	6 157 22                        @ ../Drivers/STM32H7xx_HAL_Driver/Src/stm32h7xx_hal_adc_ex.c:157:22
	ldr	r3, [sp, #4]
	adds	r3, #1
	str	r3, [sp, #4]
.Ltmp28:
	.loc	6 158 11                        @ ../Drivers/STM32H7xx_HAL_Driver/Src/stm32h7xx_hal_adc_ex.c:158:11
	ldr	r3, [sp, #4]
.Ltmp29:
	.loc	6 158 11 is_stmt 0              @ ../Drivers/STM32H7xx_HAL_Driver/Src/stm32h7xx_hal_adc_ex.c:158:11
	cmp	r3, r2
.Ltmp30:
	@DEBUG_VALUE: HAL_ADCEx_Calibration_Start:wait_loop_index <- [DW_OP_plus_uconst 1, DW_OP_stack_value] undef
	bhi	.LBB0_13
.Ltmp31:
@ %bb.9:                                @   in Loop: Header=BB0_5 Depth=1
	@DEBUG_VALUE: HAL_ADCEx_Calibration_Start:SingleDiff <- [DW_OP_LLVM_entry_value 1] $r2
	@DEBUG_VALUE: HAL_ADCEx_Calibration_Start:CalibrationMode <- [DW_OP_LLVM_entry_value 1] $r1
	@DEBUG_VALUE: HAL_ADCEx_Calibration_Start:tmp_hal_status <- $r0
	@DEBUG_VALUE: HAL_ADCEx_Calibration_Start:hadc <- $r4
	@DEBUG_VALUE: LL_ADC_IsCalibrationOnGoing:ADCx <- $r1
	.loc	7 7008 12 is_stmt 1             @ ../Drivers/STM32H7xx_HAL_Driver/Inc\stm32h7xx_ll_adc.h:7008:12
	ldr	r3, [r1, #8]
.Ltmp32:
	.loc	6 155 5                         @ ../Drivers/STM32H7xx_HAL_Driver/Src/stm32h7xx_hal_adc_ex.c:155:5
	cmp.w	r3, #-1
	bgt	.LBB0_14
.Ltmp33:
@ %bb.10:                               @   in Loop: Header=BB0_5 Depth=1
	@DEBUG_VALUE: HAL_ADCEx_Calibration_Start:SingleDiff <- [DW_OP_LLVM_entry_value 1] $r2
	@DEBUG_VALUE: HAL_ADCEx_Calibration_Start:CalibrationMode <- [DW_OP_LLVM_entry_value 1] $r1
	@DEBUG_VALUE: HAL_ADCEx_Calibration_Start:tmp_hal_status <- $r0
	@DEBUG_VALUE: HAL_ADCEx_Calibration_Start:hadc <- $r4
	.loc	6 157 22                        @ ../Drivers/STM32H7xx_HAL_Driver/Src/stm32h7xx_hal_adc_ex.c:157:22
	ldr	r3, [sp, #4]
	adds	r3, #1
	str	r3, [sp, #4]
.Ltmp34:
	.loc	6 158 11                        @ ../Drivers/STM32H7xx_HAL_Driver/Src/stm32h7xx_hal_adc_ex.c:158:11
	ldr	r3, [sp, #4]
.Ltmp35:
	.loc	6 158 11 is_stmt 0              @ ../Drivers/STM32H7xx_HAL_Driver/Src/stm32h7xx_hal_adc_ex.c:158:11
	cmp	r3, r2
.Ltmp36:
	@DEBUG_VALUE: HAL_ADCEx_Calibration_Start:wait_loop_index <- [DW_OP_plus_uconst 1, DW_OP_stack_value] undef
	bhi	.LBB0_13
.Ltmp37:
@ %bb.11:                               @   in Loop: Header=BB0_5 Depth=1
	@DEBUG_VALUE: HAL_ADCEx_Calibration_Start:SingleDiff <- [DW_OP_LLVM_entry_value 1] $r2
	@DEBUG_VALUE: HAL_ADCEx_Calibration_Start:CalibrationMode <- [DW_OP_LLVM_entry_value 1] $r1
	@DEBUG_VALUE: HAL_ADCEx_Calibration_Start:tmp_hal_status <- $r0
	@DEBUG_VALUE: HAL_ADCEx_Calibration_Start:hadc <- $r4
	@DEBUG_VALUE: LL_ADC_IsCalibrationOnGoing:ADCx <- $r1
	.loc	7 7008 12 is_stmt 1             @ ../Drivers/STM32H7xx_HAL_Driver/Inc\stm32h7xx_ll_adc.h:7008:12
	ldr	r3, [r1, #8]
.Ltmp38:
	.loc	6 155 5                         @ ../Drivers/STM32H7xx_HAL_Driver/Src/stm32h7xx_hal_adc_ex.c:155:5
	cmp.w	r3, #-1
	bgt	.LBB0_14
.Ltmp39:
@ %bb.12:                               @   in Loop: Header=BB0_5 Depth=1
	@DEBUG_VALUE: HAL_ADCEx_Calibration_Start:SingleDiff <- [DW_OP_LLVM_entry_value 1] $r2
	@DEBUG_VALUE: HAL_ADCEx_Calibration_Start:CalibrationMode <- [DW_OP_LLVM_entry_value 1] $r1
	@DEBUG_VALUE: HAL_ADCEx_Calibration_Start:tmp_hal_status <- $r0
	@DEBUG_VALUE: HAL_ADCEx_Calibration_Start:hadc <- $r4
	.loc	6 157 22                        @ ../Drivers/STM32H7xx_HAL_Driver/Src/stm32h7xx_hal_adc_ex.c:157:22
	ldr	r3, [sp, #4]
	adds	r3, #1
	str	r3, [sp, #4]
.Ltmp40:
	@DEBUG_VALUE: HAL_ADCEx_Calibration_Start:wait_loop_index <- [DW_OP_plus_uconst 4, DW_OP_deref] $sp
	.loc	6 158 11                        @ ../Drivers/STM32H7xx_HAL_Driver/Src/stm32h7xx_hal_adc_ex.c:158:11
	ldr	r3, [sp, #4]
.Ltmp41:
	.loc	6 158 11 is_stmt 0              @ ../Drivers/STM32H7xx_HAL_Driver/Src/stm32h7xx_hal_adc_ex.c:158:11
	cmp	r3, r2
	bls	.LBB0_5
.Ltmp42:
.LBB0_13:
	@DEBUG_VALUE: HAL_ADCEx_Calibration_Start:SingleDiff <- [DW_OP_LLVM_entry_value 1] $r2
	@DEBUG_VALUE: HAL_ADCEx_Calibration_Start:CalibrationMode <- [DW_OP_LLVM_entry_value 1] $r1
	@DEBUG_VALUE: HAL_ADCEx_Calibration_Start:tmp_hal_status <- $r0
	@DEBUG_VALUE: HAL_ADCEx_Calibration_Start:hadc <- $r4
	.loc	6 161 9 is_stmt 1               @ ../Drivers/STM32H7xx_HAL_Driver/Src/stm32h7xx_hal_adc_ex.c:161:9
	ldr	r0, [r4, #84]
.Ltmp43:
	orr	r0, r0, #16
	bic	r1, r0, #2
	movs	r0, #1
	.loc	6 168 9                         @ ../Drivers/STM32H7xx_HAL_Driver/Src/stm32h7xx_hal_adc_ex.c:168:9
	b	.LBB0_15
.Ltmp44:
	.loc	6 0 9 is_stmt 0                 @ :0:9
.Ltmp45:
	.p2align	2
.LBB0_14:
	@DEBUG_VALUE: HAL_ADCEx_Calibration_Start:SingleDiff <- [DW_OP_LLVM_entry_value 1] $r2
	@DEBUG_VALUE: HAL_ADCEx_Calibration_Start:CalibrationMode <- [DW_OP_LLVM_entry_value 1] $r1
	@DEBUG_VALUE: HAL_ADCEx_Calibration_Start:tmp_hal_status <- $r0
	@DEBUG_VALUE: HAL_ADCEx_Calibration_Start:hadc <- $r4
	.loc	6 173 5 is_stmt 1               @ ../Drivers/STM32H7xx_HAL_Driver/Src/stm32h7xx_hal_adc_ex.c:173:5
	ldr	r1, [r4, #84]
	movs	r2, #1
	bfi	r1, r2, #0, #2
.Ltmp46:
.LBB0_15:
	@DEBUG_VALUE: HAL_ADCEx_Calibration_Start:hadc <- $r4
	.loc	6 0 0 is_stmt 0                 @ ../Drivers/STM32H7xx_HAL_Driver/Src/stm32h7xx_hal_adc_ex.c:0:0
	str	r1, [r4, #84]
	movs	r1, #0
.Ltmp47:
	strb.w	r1, [r4, #80]
	.loc	6 190 1 epilogue_begin is_stmt 1 @ ../Drivers/STM32H7xx_HAL_Driver/Src/stm32h7xx_hal_adc_ex.c:190:1
	add	sp, #8
	pop	{r4, r5, r6, pc}
.Ltmp48:
.Lfunc_end0:
	.size	HAL_ADCEx_Calibration_Start, .Lfunc_end0-HAL_ADCEx_Calibration_Start
	.cfi_endproc
	.cantunwind
	.fnend
                                        @ -- End function
	.section	.text.HAL_ADCEx_Calibration_GetValue,"ax",%progbits
	.hidden	HAL_ADCEx_Calibration_GetValue  @ -- Begin function HAL_ADCEx_Calibration_GetValue
	.globl	HAL_ADCEx_Calibration_GetValue
	.p2align	3
	.type	HAL_ADCEx_Calibration_GetValue,%function
	.code	16                              @ @HAL_ADCEx_Calibration_GetValue
	.thumb_func
HAL_ADCEx_Calibration_GetValue:
.Lfunc_begin1:
	.fnstart
	.cfi_startproc
@ %bb.0:
	@DEBUG_VALUE: HAL_ADCEx_Calibration_GetValue:hadc <- $r0
	@DEBUG_VALUE: HAL_ADCEx_Calibration_GetValue:SingleDiff <- $r1
	.loc	6 207 50 prologue_end           @ ../Drivers/STM32H7xx_HAL_Driver/Src/stm32h7xx_hal_adc_ex.c:207:50
	ldr	r0, [r0]
.Ltmp49:
	@DEBUG_VALUE: HAL_ADCEx_Calibration_GetValue:hadc <- [DW_OP_LLVM_entry_value 1] $r0
	@DEBUG_VALUE: LL_ADC_GetCalibrationOffsetFactor:SingleDiff <- undef
	@DEBUG_VALUE: LL_ADC_GetCalibrationOffsetFactor:ADCx <- $r0
	.loc	6 0 50 is_stmt 0                @ ../Drivers/STM32H7xx_HAL_Driver/Src/stm32h7xx_hal_adc_ex.c:0:50
	movs	r2, #16
.Ltmp50:
	.loc	7 2899 21 is_stmt 1             @ ../Drivers/STM32H7xx_HAL_Driver/Inc\stm32h7xx_ll_adc.h:2899:21
	ldr.w	r0, [r0, #196]
.Ltmp51:
	ands	r0, r1
	.loc	7 2899 147 is_stmt 0            @ ../Drivers/STM32H7xx_HAL_Driver/Inc\stm32h7xx_ll_adc.h:2899:147
	and.w	r1, r2, r1, lsr #12
.Ltmp52:
	@DEBUG_VALUE: HAL_ADCEx_Calibration_GetValue:SingleDiff <- [DW_OP_LLVM_entry_value 1] $r1
	.loc	7 2899 21                       @ ../Drivers/STM32H7xx_HAL_Driver/Inc\stm32h7xx_ll_adc.h:2899:21
	bic	r0, r0, #-134154240
	.loc	7 2899 94                       @ ../Drivers/STM32H7xx_HAL_Driver/Inc\stm32h7xx_ll_adc.h:2899:94
	lsrs	r0, r1
.Ltmp53:
	.loc	6 207 3 is_stmt 1               @ ../Drivers/STM32H7xx_HAL_Driver/Src/stm32h7xx_hal_adc_ex.c:207:3
	bx	lr
.Ltmp54:
.Lfunc_end1:
	.size	HAL_ADCEx_Calibration_GetValue, .Lfunc_end1-HAL_ADCEx_Calibration_GetValue
	.cfi_endproc
	.cantunwind
	.fnend
                                        @ -- End function
	.section	.text.HAL_ADCEx_LinearCalibration_GetValue,"ax",%progbits
	.hidden	HAL_ADCEx_LinearCalibration_GetValue @ -- Begin function HAL_ADCEx_LinearCalibration_GetValue
	.globl	HAL_ADCEx_LinearCalibration_GetValue
	.p2align	3
	.type	HAL_ADCEx_LinearCalibration_GetValue,%function
	.code	16                              @ @HAL_ADCEx_LinearCalibration_GetValue
	.thumb_func
HAL_ADCEx_LinearCalibration_GetValue:
.Lfunc_begin2:
	.loc	6 217 0                         @ ../Drivers/STM32H7xx_HAL_Driver/Src/stm32h7xx_hal_adc_ex.c:217:0
	.fnstart
	.cfi_startproc
@ %bb.0:
	@DEBUG_VALUE: HAL_ADCEx_LinearCalibration_GetValue:hadc <- $r0
	@DEBUG_VALUE: HAL_ADCEx_LinearCalibration_GetValue:LinearCalib_Buffer <- $r1
	.save	{r4, r5, r7, lr}
	push	{r4, r5, r7, lr}
	.cfi_def_cfa_offset 16
	.cfi_offset lr, -4
	.cfi_offset r7, -8
	.cfi_offset r5, -12
	.cfi_offset r4, -16
.Ltmp55:
	@DEBUG_VALUE: HAL_ADCEx_LinearCalibration_GetValue:tmp_hal_status <- 0
	@DEBUG_VALUE: HAL_ADCEx_LinearCalibration_GetValue:temp_REG_IsConversionOngoing <- 0
	.loc	6 226 30 prologue_end           @ ../Drivers/STM32H7xx_HAL_Driver/Src/stm32h7xx_hal_adc_ex.c:226:30
	ldr	r2, [r0]
.Ltmp56:
	@DEBUG_VALUE: LL_ADC_IsEnabled:ADCx <- $r2
	.loc	7 6943 12                       @ ../Drivers/STM32H7xx_HAL_Driver/Inc\stm32h7xx_ll_adc.h:6943:12
	ldr	r3, [r2, #8]
.Ltmp57:
	.loc	6 226 7                         @ ../Drivers/STM32H7xx_HAL_Driver/Src/stm32h7xx_hal_adc_ex.c:226:7
	lsls	r3, r3, #31
	bne	.LBB2_3
.Ltmp58:
@ %bb.1:
	@DEBUG_VALUE: HAL_ADCEx_LinearCalibration_GetValue:temp_REG_IsConversionOngoing <- 0
	@DEBUG_VALUE: HAL_ADCEx_LinearCalibration_GetValue:tmp_hal_status <- 0
	@DEBUG_VALUE: HAL_ADCEx_LinearCalibration_GetValue:LinearCalib_Buffer <- $r1
	@DEBUG_VALUE: HAL_ADCEx_LinearCalibration_GetValue:hadc <- $r0
	.loc	6 0 7 is_stmt 0                 @ ../Drivers/STM32H7xx_HAL_Driver/Src/stm32h7xx_hal_adc_ex.c:0:7
	mov	r4, r1
.Ltmp59:
	@DEBUG_VALUE: HAL_ADCEx_LinearCalibration_GetValue:LinearCalib_Buffer <- $r4
	mov	r5, r0
.Ltmp60:
	.loc	6 228 22 is_stmt 1              @ ../Drivers/STM32H7xx_HAL_Driver/Src/stm32h7xx_hal_adc_ex.c:228:22
	bl	ADC_Enable
.Ltmp61:
	@DEBUG_VALUE: HAL_ADCEx_LinearCalibration_GetValue:hadc <- [DW_OP_LLVM_entry_value 1] $r0
	@DEBUG_VALUE: HAL_ADCEx_LinearCalibration_GetValue:tmp_hal_status <- $r0
	.loc	6 231 7                         @ ../Drivers/STM32H7xx_HAL_Driver/Src/stm32h7xx_hal_adc_ex.c:231:7
	cmp	r0, #0
	.loc	6 248 3                         @ ../Drivers/STM32H7xx_HAL_Driver/Src/stm32h7xx_hal_adc_ex.c:248:3
	it	ne
	.loc	6 248 3 epilogue_begin is_stmt 0 @ ../Drivers/STM32H7xx_HAL_Driver/Src/stm32h7xx_hal_adc_ex.c:248:3
	popne	{r4, r5, r7, pc}
.Ltmp62:
.LBB2_2:
	@DEBUG_VALUE: HAL_ADCEx_LinearCalibration_GetValue:tmp_hal_status <- $r0
	@DEBUG_VALUE: HAL_ADCEx_LinearCalibration_GetValue:hadc <- [DW_OP_LLVM_entry_value 1] $r0
	@DEBUG_VALUE: HAL_ADCEx_LinearCalibration_GetValue:temp_REG_IsConversionOngoing <- 0
	.loc	6 233 46 is_stmt 1              @ ../Drivers/STM32H7xx_HAL_Driver/Src/stm32h7xx_hal_adc_ex.c:233:46
	ldr	r2, [r5]
	mov	r1, r4
.Ltmp63:
.LBB2_3:
	@DEBUG_VALUE: HAL_ADCEx_LinearCalibration_GetValue:temp_REG_IsConversionOngoing <- 0
	.loc	7 7075 12                       @ ../Drivers/STM32H7xx_HAL_Driver/Inc\stm32h7xx_ll_adc.h:7075:12
	ldr	r0, [r2, #8]
	movw	r12, #65472
.Ltmp64:
	.loc	6 233 9                         @ ../Drivers/STM32H7xx_HAL_Driver/Src/stm32h7xx_hal_adc_ex.c:233:9
	lsls.w	lr, r0, #29
	movt	r12, #32767
	@DEBUG_VALUE: LL_ADC_REG_IsConversionOngoing:ADCx <- $r2
	bpl	.LBB2_5
.Ltmp65:
@ %bb.4:
	@DEBUG_VALUE: HAL_ADCEx_LinearCalibration_GetValue:temp_REG_IsConversionOngoing <- 0
	@DEBUG_VALUE: LL_ADC_REG_StopConversion:ADCx <- $r2
	.loc	7 7062 3                        @ ../Drivers/STM32H7xx_HAL_Driver/Inc\stm32h7xx_ll_adc.h:7062:3
	ldr	r0, [r2, #8]
	and.w	r0, r0, r12
	orr	r0, r0, #16
	str	r0, [r2, #8]
.Ltmp66:
	@DEBUG_VALUE: HAL_ADCEx_LinearCalibration_GetValue:temp_REG_IsConversionOngoing <- 1
.LBB2_5:
	.loc	7 0 3 is_stmt 0                 @ ../Drivers/STM32H7xx_HAL_Driver/Inc\stm32h7xx_ll_adc.h:0:3
	movw	r3, #65424
.Ltmp67:
	.loc	7 2968 3 is_stmt 1              @ ../Drivers/STM32H7xx_HAL_Driver/Inc\stm32h7xx_ll_adc.h:2968:3
	ldr	r0, [r2, #8]
	movt	r3, #65527
.Ltmp68:
	@DEBUG_VALUE: LL_ADC_GetCalibrationLinearFactor:timeout_cpu_cycles <- 524400
	@DEBUG_VALUE: LL_ADC_GetCalibrationLinearFactor:LinearityWord <- 134217728
	@DEBUG_VALUE: LL_ADC_GetCalibrationLinearFactor:ADCx <- $r2
	@DEBUG_VALUE: HAL_ADCEx_LinearCalibration_GetValue:cnt <- 6
	@DEBUG_VALUE: HAL_ADCEx_LinearCalibration_GetValue:temp_REG_IsConversionOngoing <- undef
	bic	r0, r0, #134217728
	str	r0, [r2, #8]
	mov	r0, r3
.Ltmp69:
.LBB2_6:                                @ =>This Inner Loop Header: Depth=1
	@DEBUG_VALUE: HAL_ADCEx_LinearCalibration_GetValue:cnt <- 6
	@DEBUG_VALUE: LL_ADC_GetCalibrationLinearFactor:ADCx <- $r2
	@DEBUG_VALUE: LL_ADC_GetCalibrationLinearFactor:LinearityWord <- 134217728
	@DEBUG_VALUE: LL_ADC_GetCalibrationLinearFactor:timeout_cpu_cycles <- [DW_OP_consts 18446744073709027216, DW_OP_minus, DW_OP_consts 4, DW_OP_div, DW_OP_consts 18446744073709551612, DW_OP_mul, DW_OP_consts 524400, DW_OP_plus, DW_OP_stack_value] $r0
	.loc	7 2969 11                       @ ../Drivers/STM32H7xx_HAL_Driver/Inc\stm32h7xx_ll_adc.h:2969:11
	ldr	r4, [r2, #8]
.Ltmp70:
	@DEBUG_VALUE: LL_ADC_GetCalibrationLinearFactor:timeout_cpu_cycles <- [DW_OP_constu 1, DW_OP_minus, DW_OP_stack_value] $r0
	.loc	7 2969 3 is_stmt 0              @ ../Drivers/STM32H7xx_HAL_Driver/Inc\stm32h7xx_ll_adc.h:2969:3
	lsls	r4, r4, #4
	bpl	.LBB2_10
.Ltmp71:
@ %bb.7:                                @   in Loop: Header=BB2_6 Depth=1
	@DEBUG_VALUE: LL_ADC_GetCalibrationLinearFactor:timeout_cpu_cycles <- [DW_OP_constu 1, DW_OP_minus, DW_OP_stack_value] $r0
	@DEBUG_VALUE: HAL_ADCEx_LinearCalibration_GetValue:cnt <- 6
	@DEBUG_VALUE: LL_ADC_GetCalibrationLinearFactor:ADCx <- $r2
	@DEBUG_VALUE: LL_ADC_GetCalibrationLinearFactor:LinearityWord <- 134217728
	cbz	r0, .LBB2_10
.Ltmp72:
@ %bb.8:                                @   in Loop: Header=BB2_6 Depth=1
	@DEBUG_VALUE: LL_ADC_GetCalibrationLinearFactor:timeout_cpu_cycles <- [DW_OP_constu 1, DW_OP_minus, DW_OP_stack_value] $r0
	@DEBUG_VALUE: HAL_ADCEx_LinearCalibration_GetValue:cnt <- 6
	@DEBUG_VALUE: LL_ADC_GetCalibrationLinearFactor:ADCx <- $r2
	@DEBUG_VALUE: LL_ADC_GetCalibrationLinearFactor:LinearityWord <- 134217728
	@DEBUG_VALUE: LL_ADC_GetCalibrationLinearFactor:timeout_cpu_cycles <- [DW_OP_constu 1, DW_OP_minus, DW_OP_stack_value] $r0
	.loc	7 2969 11                       @ ../Drivers/STM32H7xx_HAL_Driver/Inc\stm32h7xx_ll_adc.h:2969:11
	ldr	r4, [r2, #8]
.Ltmp73:
	@DEBUG_VALUE: LL_ADC_GetCalibrationLinearFactor:timeout_cpu_cycles <- [DW_OP_constu 2, DW_OP_minus, DW_OP_stack_value] $r0
	.loc	7 2969 3                        @ ../Drivers/STM32H7xx_HAL_Driver/Inc\stm32h7xx_ll_adc.h:2969:3
	lsls	r4, r4, #4
	@DEBUG_VALUE: LL_ADC_GetCalibrationLinearFactor:timeout_cpu_cycles <- [DW_OP_constu 2, DW_OP_minus, DW_OP_stack_value] $r0
	.loc	7 2969 11                       @ ../Drivers/STM32H7xx_HAL_Driver/Inc\stm32h7xx_ll_adc.h:2969:11
	itt	mi
	ldrmi	r4, [r2, #8]
.Ltmp74:
	@DEBUG_VALUE: LL_ADC_GetCalibrationLinearFactor:timeout_cpu_cycles <- [DW_OP_constu 3, DW_OP_minus, DW_OP_stack_value] $r0
	.loc	7 2969 3                        @ ../Drivers/STM32H7xx_HAL_Driver/Inc\stm32h7xx_ll_adc.h:2969:3
	lslsmi.w	r4, r4, #4
	bpl	.LBB2_10
.Ltmp75:
@ %bb.9:                                @   in Loop: Header=BB2_6 Depth=1
	@DEBUG_VALUE: LL_ADC_GetCalibrationLinearFactor:timeout_cpu_cycles <- [DW_OP_constu 3, DW_OP_minus, DW_OP_stack_value] $r0
	@DEBUG_VALUE: HAL_ADCEx_LinearCalibration_GetValue:cnt <- 6
	@DEBUG_VALUE: LL_ADC_GetCalibrationLinearFactor:ADCx <- $r2
	@DEBUG_VALUE: LL_ADC_GetCalibrationLinearFactor:LinearityWord <- 134217728
	@DEBUG_VALUE: LL_ADC_GetCalibrationLinearFactor:timeout_cpu_cycles <- [DW_OP_constu 3, DW_OP_minus, DW_OP_stack_value] $r0
	.loc	7 2969 11                       @ ../Drivers/STM32H7xx_HAL_Driver/Inc\stm32h7xx_ll_adc.h:2969:11
	ldr	r4, [r2, #8]
.Ltmp76:
	@DEBUG_VALUE: LL_ADC_GetCalibrationLinearFactor:timeout_cpu_cycles <- [DW_OP_consts 18446744073709027216, DW_OP_minus, DW_OP_consts 4, DW_OP_div, DW_OP_consts 18446744073709551612, DW_OP_mul, DW_OP_consts 524396, DW_OP_plus, DW_OP_stack_value] $r0
	.loc	7 2969 3                        @ ../Drivers/STM32H7xx_HAL_Driver/Inc\stm32h7xx_ll_adc.h:2969:3
	adds	r0, #4
.Ltmp77:
	lsls	r4, r4, #4
	bmi	.LBB2_6
.Ltmp78:
.LBB2_10:
	@DEBUG_VALUE: HAL_ADCEx_LinearCalibration_GetValue:cnt <- 6
	@DEBUG_VALUE: LL_ADC_GetCalibrationLinearFactor:ADCx <- $r2
	@DEBUG_VALUE: LL_ADC_GetCalibrationLinearFactor:LinearityWord <- 134217728
	.loc	7 2976 21 is_stmt 1             @ ../Drivers/STM32H7xx_HAL_Driver/Inc\stm32h7xx_ll_adc.h:2976:21
	ldr.w	r0, [r2, #200]
	bic	r0, r0, #-1073741824
.Ltmp79:
	.loc	6 240 36                        @ ../Drivers/STM32H7xx_HAL_Driver/Src/stm32h7xx_hal_adc_ex.c:240:36
	str	r0, [r1, #20]
.Ltmp80:
	@DEBUG_VALUE: LL_ADC_GetCalibrationLinearFactor:timeout_cpu_cycles <- 524400
	@DEBUG_VALUE: LL_ADC_GetCalibrationLinearFactor:LinearityWord <- 67108864
	@DEBUG_VALUE: LL_ADC_GetCalibrationLinearFactor:ADCx <- $r2
	@DEBUG_VALUE: HAL_ADCEx_LinearCalibration_GetValue:cnt <- 5
	.loc	7 2968 3                        @ ../Drivers/STM32H7xx_HAL_Driver/Inc\stm32h7xx_ll_adc.h:2968:3
	ldr	r0, [r2, #8]
	bic	r0, r0, #67108864
	str	r0, [r2, #8]
	mov	r0, r3
.Ltmp81:
.LBB2_11:                               @ =>This Inner Loop Header: Depth=1
	@DEBUG_VALUE: HAL_ADCEx_LinearCalibration_GetValue:cnt <- 5
	@DEBUG_VALUE: LL_ADC_GetCalibrationLinearFactor:LinearityWord <- 67108864
	@DEBUG_VALUE: LL_ADC_GetCalibrationLinearFactor:ADCx <- $r2
	@DEBUG_VALUE: LL_ADC_GetCalibrationLinearFactor:timeout_cpu_cycles <- [DW_OP_consts 18446744073709027216, DW_OP_minus, DW_OP_consts 4, DW_OP_div, DW_OP_consts 18446744073709551612, DW_OP_mul, DW_OP_consts 524400, DW_OP_plus, DW_OP_stack_value] $r0
	.loc	7 2969 11                       @ ../Drivers/STM32H7xx_HAL_Driver/Inc\stm32h7xx_ll_adc.h:2969:11
	ldr	r4, [r2, #8]
.Ltmp82:
	@DEBUG_VALUE: LL_ADC_GetCalibrationLinearFactor:timeout_cpu_cycles <- [DW_OP_constu 1, DW_OP_minus, DW_OP_stack_value] $r0
	.loc	7 2969 3 is_stmt 0              @ ../Drivers/STM32H7xx_HAL_Driver/Inc\stm32h7xx_ll_adc.h:2969:3
	lsls	r4, r4, #5
	bpl	.LBB2_15
.Ltmp83:
@ %bb.12:                               @   in Loop: Header=BB2_11 Depth=1
	@DEBUG_VALUE: HAL_ADCEx_LinearCalibration_GetValue:cnt <- 5
	@DEBUG_VALUE: LL_ADC_GetCalibrationLinearFactor:LinearityWord <- 67108864
	@DEBUG_VALUE: LL_ADC_GetCalibrationLinearFactor:timeout_cpu_cycles <- [DW_OP_constu 1, DW_OP_minus, DW_OP_stack_value] $r0
	@DEBUG_VALUE: LL_ADC_GetCalibrationLinearFactor:ADCx <- $r2
	cbz	r0, .LBB2_15
.Ltmp84:
@ %bb.13:                               @   in Loop: Header=BB2_11 Depth=1
	@DEBUG_VALUE: HAL_ADCEx_LinearCalibration_GetValue:cnt <- 5
	@DEBUG_VALUE: LL_ADC_GetCalibrationLinearFactor:LinearityWord <- 67108864
	@DEBUG_VALUE: LL_ADC_GetCalibrationLinearFactor:timeout_cpu_cycles <- [DW_OP_constu 1, DW_OP_minus, DW_OP_stack_value] $r0
	@DEBUG_VALUE: LL_ADC_GetCalibrationLinearFactor:ADCx <- $r2
	@DEBUG_VALUE: LL_ADC_GetCalibrationLinearFactor:timeout_cpu_cycles <- [DW_OP_constu 1, DW_OP_minus, DW_OP_stack_value] $r0
	.loc	7 2969 11                       @ ../Drivers/STM32H7xx_HAL_Driver/Inc\stm32h7xx_ll_adc.h:2969:11
	ldr	r4, [r2, #8]
.Ltmp85:
	@DEBUG_VALUE: LL_ADC_GetCalibrationLinearFactor:timeout_cpu_cycles <- [DW_OP_constu 2, DW_OP_minus, DW_OP_stack_value] $r0
	.loc	7 2969 3                        @ ../Drivers/STM32H7xx_HAL_Driver/Inc\stm32h7xx_ll_adc.h:2969:3
	lsls	r4, r4, #5
	@DEBUG_VALUE: LL_ADC_GetCalibrationLinearFactor:timeout_cpu_cycles <- [DW_OP_constu 2, DW_OP_minus, DW_OP_stack_value] $r0
	.loc	7 2969 11                       @ ../Drivers/STM32H7xx_HAL_Driver/Inc\stm32h7xx_ll_adc.h:2969:11
	itt	mi
	ldrmi	r4, [r2, #8]
.Ltmp86:
	@DEBUG_VALUE: LL_ADC_GetCalibrationLinearFactor:timeout_cpu_cycles <- [DW_OP_constu 3, DW_OP_minus, DW_OP_stack_value] $r0
	.loc	7 2969 3                        @ ../Drivers/STM32H7xx_HAL_Driver/Inc\stm32h7xx_ll_adc.h:2969:3
	lslsmi.w	r4, r4, #5
	bpl	.LBB2_15
.Ltmp87:
@ %bb.14:                               @   in Loop: Header=BB2_11 Depth=1
	@DEBUG_VALUE: HAL_ADCEx_LinearCalibration_GetValue:cnt <- 5
	@DEBUG_VALUE: LL_ADC_GetCalibrationLinearFactor:LinearityWord <- 67108864
	@DEBUG_VALUE: LL_ADC_GetCalibrationLinearFactor:timeout_cpu_cycles <- [DW_OP_constu 3, DW_OP_minus, DW_OP_stack_value] $r0
	@DEBUG_VALUE: LL_ADC_GetCalibrationLinearFactor:ADCx <- $r2
	@DEBUG_VALUE: LL_ADC_GetCalibrationLinearFactor:timeout_cpu_cycles <- [DW_OP_constu 3, DW_OP_minus, DW_OP_stack_value] $r0
	.loc	7 2969 11                       @ ../Drivers/STM32H7xx_HAL_Driver/Inc\stm32h7xx_ll_adc.h:2969:11
	ldr	r4, [r2, #8]
.Ltmp88:
	@DEBUG_VALUE: LL_ADC_GetCalibrationLinearFactor:timeout_cpu_cycles <- [DW_OP_consts 18446744073709027216, DW_OP_minus, DW_OP_consts 4, DW_OP_div, DW_OP_consts 18446744073709551612, DW_OP_mul, DW_OP_consts 524396, DW_OP_plus, DW_OP_stack_value] $r0
	.loc	7 2969 3                        @ ../Drivers/STM32H7xx_HAL_Driver/Inc\stm32h7xx_ll_adc.h:2969:3
	adds	r0, #4
.Ltmp89:
	lsls	r4, r4, #5
	bmi	.LBB2_11
.Ltmp90:
.LBB2_15:
	@DEBUG_VALUE: HAL_ADCEx_LinearCalibration_GetValue:cnt <- 5
	@DEBUG_VALUE: LL_ADC_GetCalibrationLinearFactor:LinearityWord <- 67108864
	@DEBUG_VALUE: LL_ADC_GetCalibrationLinearFactor:ADCx <- $r2
	.loc	7 2976 21 is_stmt 1             @ ../Drivers/STM32H7xx_HAL_Driver/Inc\stm32h7xx_ll_adc.h:2976:21
	ldr.w	r0, [r2, #200]
	bic	r0, r0, #-1073741824
.Ltmp91:
	.loc	6 240 36                        @ ../Drivers/STM32H7xx_HAL_Driver/Src/stm32h7xx_hal_adc_ex.c:240:36
	str	r0, [r1, #16]
.Ltmp92:
	@DEBUG_VALUE: LL_ADC_GetCalibrationLinearFactor:timeout_cpu_cycles <- 524400
	@DEBUG_VALUE: LL_ADC_GetCalibrationLinearFactor:LinearityWord <- 33554432
	@DEBUG_VALUE: LL_ADC_GetCalibrationLinearFactor:ADCx <- $r2
	@DEBUG_VALUE: HAL_ADCEx_LinearCalibration_GetValue:cnt <- 4
	.loc	7 2968 3                        @ ../Drivers/STM32H7xx_HAL_Driver/Inc\stm32h7xx_ll_adc.h:2968:3
	ldr	r0, [r2, #8]
	bic	r0, r0, #33554432
	str	r0, [r2, #8]
	mov	r0, r3
.Ltmp93:
.LBB2_16:                               @ =>This Inner Loop Header: Depth=1
	@DEBUG_VALUE: HAL_ADCEx_LinearCalibration_GetValue:cnt <- 4
	@DEBUG_VALUE: LL_ADC_GetCalibrationLinearFactor:LinearityWord <- 33554432
	@DEBUG_VALUE: LL_ADC_GetCalibrationLinearFactor:ADCx <- $r2
	@DEBUG_VALUE: LL_ADC_GetCalibrationLinearFactor:timeout_cpu_cycles <- [DW_OP_consts 18446744073709027216, DW_OP_minus, DW_OP_consts 4, DW_OP_div, DW_OP_consts 18446744073709551612, DW_OP_mul, DW_OP_consts 524400, DW_OP_plus, DW_OP_stack_value] $r0
	.loc	7 2969 11                       @ ../Drivers/STM32H7xx_HAL_Driver/Inc\stm32h7xx_ll_adc.h:2969:11
	ldr	r4, [r2, #8]
.Ltmp94:
	@DEBUG_VALUE: LL_ADC_GetCalibrationLinearFactor:timeout_cpu_cycles <- [DW_OP_constu 1, DW_OP_minus, DW_OP_stack_value] $r0
	.loc	7 2969 3 is_stmt 0              @ ../Drivers/STM32H7xx_HAL_Driver/Inc\stm32h7xx_ll_adc.h:2969:3
	lsls	r4, r4, #6
	bpl	.LBB2_20
.Ltmp95:
@ %bb.17:                               @   in Loop: Header=BB2_16 Depth=1
	@DEBUG_VALUE: HAL_ADCEx_LinearCalibration_GetValue:cnt <- 4
	@DEBUG_VALUE: LL_ADC_GetCalibrationLinearFactor:LinearityWord <- 33554432
	@DEBUG_VALUE: LL_ADC_GetCalibrationLinearFactor:timeout_cpu_cycles <- [DW_OP_constu 1, DW_OP_minus, DW_OP_stack_value] $r0
	@DEBUG_VALUE: LL_ADC_GetCalibrationLinearFactor:ADCx <- $r2
	cbz	r0, .LBB2_20
.Ltmp96:
@ %bb.18:                               @   in Loop: Header=BB2_16 Depth=1
	@DEBUG_VALUE: HAL_ADCEx_LinearCalibration_GetValue:cnt <- 4
	@DEBUG_VALUE: LL_ADC_GetCalibrationLinearFactor:LinearityWord <- 33554432
	@DEBUG_VALUE: LL_ADC_GetCalibrationLinearFactor:timeout_cpu_cycles <- [DW_OP_constu 1, DW_OP_minus, DW_OP_stack_value] $r0
	@DEBUG_VALUE: LL_ADC_GetCalibrationLinearFactor:ADCx <- $r2
	@DEBUG_VALUE: LL_ADC_GetCalibrationLinearFactor:timeout_cpu_cycles <- [DW_OP_constu 1, DW_OP_minus, DW_OP_stack_value] $r0
	.loc	7 2969 11                       @ ../Drivers/STM32H7xx_HAL_Driver/Inc\stm32h7xx_ll_adc.h:2969:11
	ldr	r4, [r2, #8]
.Ltmp97:
	@DEBUG_VALUE: LL_ADC_GetCalibrationLinearFactor:timeout_cpu_cycles <- [DW_OP_constu 2, DW_OP_minus, DW_OP_stack_value] $r0
	.loc	7 2969 3                        @ ../Drivers/STM32H7xx_HAL_Driver/Inc\stm32h7xx_ll_adc.h:2969:3
	lsls	r4, r4, #6
	@DEBUG_VALUE: LL_ADC_GetCalibrationLinearFactor:timeout_cpu_cycles <- [DW_OP_constu 2, DW_OP_minus, DW_OP_stack_value] $r0
	.loc	7 2969 11                       @ ../Drivers/STM32H7xx_HAL_Driver/Inc\stm32h7xx_ll_adc.h:2969:11
	itt	mi
	ldrmi	r4, [r2, #8]
.Ltmp98:
	@DEBUG_VALUE: LL_ADC_GetCalibrationLinearFactor:timeout_cpu_cycles <- [DW_OP_constu 3, DW_OP_minus, DW_OP_stack_value] $r0
	.loc	7 2969 3                        @ ../Drivers/STM32H7xx_HAL_Driver/Inc\stm32h7xx_ll_adc.h:2969:3
	lslsmi.w	r4, r4, #6
	bpl	.LBB2_20
.Ltmp99:
@ %bb.19:                               @   in Loop: Header=BB2_16 Depth=1
	@DEBUG_VALUE: HAL_ADCEx_LinearCalibration_GetValue:cnt <- 4
	@DEBUG_VALUE: LL_ADC_GetCalibrationLinearFactor:LinearityWord <- 33554432
	@DEBUG_VALUE: LL_ADC_GetCalibrationLinearFactor:timeout_cpu_cycles <- [DW_OP_constu 3, DW_OP_minus, DW_OP_stack_value] $r0
	@DEBUG_VALUE: LL_ADC_GetCalibrationLinearFactor:ADCx <- $r2
	@DEBUG_VALUE: LL_ADC_GetCalibrationLinearFactor:timeout_cpu_cycles <- [DW_OP_constu 3, DW_OP_minus, DW_OP_stack_value] $r0
	.loc	7 2969 11                       @ ../Drivers/STM32H7xx_HAL_Driver/Inc\stm32h7xx_ll_adc.h:2969:11
	ldr	r4, [r2, #8]
.Ltmp100:
	@DEBUG_VALUE: LL_ADC_GetCalibrationLinearFactor:timeout_cpu_cycles <- [DW_OP_consts 18446744073709027216, DW_OP_minus, DW_OP_consts 4, DW_OP_div, DW_OP_consts 18446744073709551612, DW_OP_mul, DW_OP_consts 524396, DW_OP_plus, DW_OP_stack_value] $r0
	.loc	7 2969 3                        @ ../Drivers/STM32H7xx_HAL_Driver/Inc\stm32h7xx_ll_adc.h:2969:3
	adds	r0, #4
.Ltmp101:
	lsls	r4, r4, #6
	bmi	.LBB2_16
.Ltmp102:
.LBB2_20:
	@DEBUG_VALUE: HAL_ADCEx_LinearCalibration_GetValue:cnt <- 4
	@DEBUG_VALUE: LL_ADC_GetCalibrationLinearFactor:LinearityWord <- 33554432
	@DEBUG_VALUE: LL_ADC_GetCalibrationLinearFactor:ADCx <- $r2
	.loc	7 2976 21 is_stmt 1             @ ../Drivers/STM32H7xx_HAL_Driver/Inc\stm32h7xx_ll_adc.h:2976:21
	ldr.w	r0, [r2, #200]
	bic	r0, r0, #-1073741824
.Ltmp103:
	.loc	6 240 36                        @ ../Drivers/STM32H7xx_HAL_Driver/Src/stm32h7xx_hal_adc_ex.c:240:36
	str	r0, [r1, #12]
.Ltmp104:
	@DEBUG_VALUE: LL_ADC_GetCalibrationLinearFactor:timeout_cpu_cycles <- 524400
	@DEBUG_VALUE: LL_ADC_GetCalibrationLinearFactor:LinearityWord <- 16777216
	@DEBUG_VALUE: LL_ADC_GetCalibrationLinearFactor:ADCx <- $r2
	@DEBUG_VALUE: HAL_ADCEx_LinearCalibration_GetValue:cnt <- 3
	.loc	7 2968 3                        @ ../Drivers/STM32H7xx_HAL_Driver/Inc\stm32h7xx_ll_adc.h:2968:3
	ldr	r0, [r2, #8]
	bic	r0, r0, #16777216
	str	r0, [r2, #8]
	mov	r0, r3
.Ltmp105:
.LBB2_21:                               @ =>This Inner Loop Header: Depth=1
	@DEBUG_VALUE: HAL_ADCEx_LinearCalibration_GetValue:cnt <- 3
	@DEBUG_VALUE: LL_ADC_GetCalibrationLinearFactor:LinearityWord <- 16777216
	@DEBUG_VALUE: LL_ADC_GetCalibrationLinearFactor:ADCx <- $r2
	@DEBUG_VALUE: LL_ADC_GetCalibrationLinearFactor:timeout_cpu_cycles <- [DW_OP_consts 18446744073709027216, DW_OP_minus, DW_OP_consts 4, DW_OP_div, DW_OP_consts 18446744073709551612, DW_OP_mul, DW_OP_consts 524400, DW_OP_plus, DW_OP_stack_value] $r0
	.loc	7 2969 11                       @ ../Drivers/STM32H7xx_HAL_Driver/Inc\stm32h7xx_ll_adc.h:2969:11
	ldr	r4, [r2, #8]
.Ltmp106:
	@DEBUG_VALUE: LL_ADC_GetCalibrationLinearFactor:timeout_cpu_cycles <- [DW_OP_constu 1, DW_OP_minus, DW_OP_stack_value] $r0
	.loc	7 2969 3 is_stmt 0              @ ../Drivers/STM32H7xx_HAL_Driver/Inc\stm32h7xx_ll_adc.h:2969:3
	lsls	r4, r4, #7
	bpl	.LBB2_25
.Ltmp107:
@ %bb.22:                               @   in Loop: Header=BB2_21 Depth=1
	@DEBUG_VALUE: HAL_ADCEx_LinearCalibration_GetValue:cnt <- 3
	@DEBUG_VALUE: LL_ADC_GetCalibrationLinearFactor:LinearityWord <- 16777216
	@DEBUG_VALUE: LL_ADC_GetCalibrationLinearFactor:timeout_cpu_cycles <- [DW_OP_constu 1, DW_OP_minus, DW_OP_stack_value] $r0
	@DEBUG_VALUE: LL_ADC_GetCalibrationLinearFactor:ADCx <- $r2
	cbz	r0, .LBB2_25
.Ltmp108:
@ %bb.23:                               @   in Loop: Header=BB2_21 Depth=1
	@DEBUG_VALUE: HAL_ADCEx_LinearCalibration_GetValue:cnt <- 3
	@DEBUG_VALUE: LL_ADC_GetCalibrationLinearFactor:LinearityWord <- 16777216
	@DEBUG_VALUE: LL_ADC_GetCalibrationLinearFactor:timeout_cpu_cycles <- [DW_OP_constu 1, DW_OP_minus, DW_OP_stack_value] $r0
	@DEBUG_VALUE: LL_ADC_GetCalibrationLinearFactor:ADCx <- $r2
	@DEBUG_VALUE: LL_ADC_GetCalibrationLinearFactor:timeout_cpu_cycles <- [DW_OP_constu 1, DW_OP_minus, DW_OP_stack_value] $r0
	.loc	7 2969 11                       @ ../Drivers/STM32H7xx_HAL_Driver/Inc\stm32h7xx_ll_adc.h:2969:11
	ldr	r4, [r2, #8]
.Ltmp109:
	@DEBUG_VALUE: LL_ADC_GetCalibrationLinearFactor:timeout_cpu_cycles <- [DW_OP_constu 2, DW_OP_minus, DW_OP_stack_value] $r0
	.loc	7 2969 3                        @ ../Drivers/STM32H7xx_HAL_Driver/Inc\stm32h7xx_ll_adc.h:2969:3
	lsls	r4, r4, #7
	@DEBUG_VALUE: LL_ADC_GetCalibrationLinearFactor:timeout_cpu_cycles <- [DW_OP_constu 2, DW_OP_minus, DW_OP_stack_value] $r0
	.loc	7 2969 11                       @ ../Drivers/STM32H7xx_HAL_Driver/Inc\stm32h7xx_ll_adc.h:2969:11
	itt	mi
	ldrmi	r4, [r2, #8]
.Ltmp110:
	@DEBUG_VALUE: LL_ADC_GetCalibrationLinearFactor:timeout_cpu_cycles <- [DW_OP_constu 3, DW_OP_minus, DW_OP_stack_value] $r0
	.loc	7 2969 3                        @ ../Drivers/STM32H7xx_HAL_Driver/Inc\stm32h7xx_ll_adc.h:2969:3
	lslsmi.w	r4, r4, #7
	bpl	.LBB2_25
.Ltmp111:
@ %bb.24:                               @   in Loop: Header=BB2_21 Depth=1
	@DEBUG_VALUE: HAL_ADCEx_LinearCalibration_GetValue:cnt <- 3
	@DEBUG_VALUE: LL_ADC_GetCalibrationLinearFactor:LinearityWord <- 16777216
	@DEBUG_VALUE: LL_ADC_GetCalibrationLinearFactor:timeout_cpu_cycles <- [DW_OP_constu 3, DW_OP_minus, DW_OP_stack_value] $r0
	@DEBUG_VALUE: LL_ADC_GetCalibrationLinearFactor:ADCx <- $r2
	@DEBUG_VALUE: LL_ADC_GetCalibrationLinearFactor:timeout_cpu_cycles <- [DW_OP_constu 3, DW_OP_minus, DW_OP_stack_value] $r0
	.loc	7 2969 11                       @ ../Drivers/STM32H7xx_HAL_Driver/Inc\stm32h7xx_ll_adc.h:2969:11
	ldr	r4, [r2, #8]
.Ltmp112:
	@DEBUG_VALUE: LL_ADC_GetCalibrationLinearFactor:timeout_cpu_cycles <- [DW_OP_consts 18446744073709027216, DW_OP_minus, DW_OP_consts 4, DW_OP_div, DW_OP_consts 18446744073709551612, DW_OP_mul, DW_OP_consts 524396, DW_OP_plus, DW_OP_stack_value] $r0
	.loc	7 2969 3                        @ ../Drivers/STM32H7xx_HAL_Driver/Inc\stm32h7xx_ll_adc.h:2969:3
	adds	r0, #4
.Ltmp113:
	lsls	r4, r4, #7
	bmi	.LBB2_21
.Ltmp114:
.LBB2_25:
	@DEBUG_VALUE: HAL_ADCEx_LinearCalibration_GetValue:cnt <- 3
	@DEBUG_VALUE: LL_ADC_GetCalibrationLinearFactor:LinearityWord <- 16777216
	@DEBUG_VALUE: LL_ADC_GetCalibrationLinearFactor:ADCx <- $r2
	.loc	7 2976 21 is_stmt 1             @ ../Drivers/STM32H7xx_HAL_Driver/Inc\stm32h7xx_ll_adc.h:2976:21
	ldr.w	r0, [r2, #200]
	bic	r0, r0, #-1073741824
.Ltmp115:
	.loc	6 240 36                        @ ../Drivers/STM32H7xx_HAL_Driver/Src/stm32h7xx_hal_adc_ex.c:240:36
	str	r0, [r1, #8]
.Ltmp116:
	@DEBUG_VALUE: LL_ADC_GetCalibrationLinearFactor:timeout_cpu_cycles <- 524400
	@DEBUG_VALUE: LL_ADC_GetCalibrationLinearFactor:LinearityWord <- 8388608
	@DEBUG_VALUE: LL_ADC_GetCalibrationLinearFactor:ADCx <- $r2
	@DEBUG_VALUE: HAL_ADCEx_LinearCalibration_GetValue:cnt <- 2
	.loc	7 2968 3                        @ ../Drivers/STM32H7xx_HAL_Driver/Inc\stm32h7xx_ll_adc.h:2968:3
	ldr	r0, [r2, #8]
	bic	r0, r0, #8388608
	str	r0, [r2, #8]
	mov	r0, r3
.Ltmp117:
.LBB2_26:                               @ =>This Inner Loop Header: Depth=1
	@DEBUG_VALUE: HAL_ADCEx_LinearCalibration_GetValue:cnt <- 2
	@DEBUG_VALUE: LL_ADC_GetCalibrationLinearFactor:LinearityWord <- 8388608
	@DEBUG_VALUE: LL_ADC_GetCalibrationLinearFactor:ADCx <- $r2
	@DEBUG_VALUE: LL_ADC_GetCalibrationLinearFactor:timeout_cpu_cycles <- [DW_OP_consts 18446744073709027216, DW_OP_minus, DW_OP_consts 4, DW_OP_div, DW_OP_consts 18446744073709551612, DW_OP_mul, DW_OP_consts 524400, DW_OP_plus, DW_OP_stack_value] $r0
	.loc	7 2969 11                       @ ../Drivers/STM32H7xx_HAL_Driver/Inc\stm32h7xx_ll_adc.h:2969:11
	ldr	r4, [r2, #8]
.Ltmp118:
	@DEBUG_VALUE: LL_ADC_GetCalibrationLinearFactor:timeout_cpu_cycles <- [DW_OP_constu 1, DW_OP_minus, DW_OP_stack_value] $r0
	.loc	7 2969 3 is_stmt 0              @ ../Drivers/STM32H7xx_HAL_Driver/Inc\stm32h7xx_ll_adc.h:2969:3
	lsls	r4, r4, #8
	bpl	.LBB2_30
.Ltmp119:
@ %bb.27:                               @   in Loop: Header=BB2_26 Depth=1
	@DEBUG_VALUE: HAL_ADCEx_LinearCalibration_GetValue:cnt <- 2
	@DEBUG_VALUE: LL_ADC_GetCalibrationLinearFactor:LinearityWord <- 8388608
	@DEBUG_VALUE: LL_ADC_GetCalibrationLinearFactor:timeout_cpu_cycles <- [DW_OP_constu 1, DW_OP_minus, DW_OP_stack_value] $r0
	@DEBUG_VALUE: LL_ADC_GetCalibrationLinearFactor:ADCx <- $r2
	cbz	r0, .LBB2_30
.Ltmp120:
@ %bb.28:                               @   in Loop: Header=BB2_26 Depth=1
	@DEBUG_VALUE: HAL_ADCEx_LinearCalibration_GetValue:cnt <- 2
	@DEBUG_VALUE: LL_ADC_GetCalibrationLinearFactor:LinearityWord <- 8388608
	@DEBUG_VALUE: LL_ADC_GetCalibrationLinearFactor:timeout_cpu_cycles <- [DW_OP_constu 1, DW_OP_minus, DW_OP_stack_value] $r0
	@DEBUG_VALUE: LL_ADC_GetCalibrationLinearFactor:ADCx <- $r2
	@DEBUG_VALUE: LL_ADC_GetCalibrationLinearFactor:timeout_cpu_cycles <- [DW_OP_constu 1, DW_OP_minus, DW_OP_stack_value] $r0
	.loc	7 2969 11                       @ ../Drivers/STM32H7xx_HAL_Driver/Inc\stm32h7xx_ll_adc.h:2969:11
	ldr	r4, [r2, #8]
.Ltmp121:
	@DEBUG_VALUE: LL_ADC_GetCalibrationLinearFactor:timeout_cpu_cycles <- [DW_OP_constu 2, DW_OP_minus, DW_OP_stack_value] $r0
	.loc	7 2969 3                        @ ../Drivers/STM32H7xx_HAL_Driver/Inc\stm32h7xx_ll_adc.h:2969:3
	lsls	r4, r4, #8
	@DEBUG_VALUE: LL_ADC_GetCalibrationLinearFactor:timeout_cpu_cycles <- [DW_OP_constu 2, DW_OP_minus, DW_OP_stack_value] $r0
	.loc	7 2969 11                       @ ../Drivers/STM32H7xx_HAL_Driver/Inc\stm32h7xx_ll_adc.h:2969:11
	itt	mi
	ldrmi	r4, [r2, #8]
.Ltmp122:
	@DEBUG_VALUE: LL_ADC_GetCalibrationLinearFactor:timeout_cpu_cycles <- [DW_OP_constu 3, DW_OP_minus, DW_OP_stack_value] $r0
	.loc	7 2969 3                        @ ../Drivers/STM32H7xx_HAL_Driver/Inc\stm32h7xx_ll_adc.h:2969:3
	lslsmi.w	r4, r4, #8
	bpl	.LBB2_30
.Ltmp123:
@ %bb.29:                               @   in Loop: Header=BB2_26 Depth=1
	@DEBUG_VALUE: HAL_ADCEx_LinearCalibration_GetValue:cnt <- 2
	@DEBUG_VALUE: LL_ADC_GetCalibrationLinearFactor:LinearityWord <- 8388608
	@DEBUG_VALUE: LL_ADC_GetCalibrationLinearFactor:timeout_cpu_cycles <- [DW_OP_constu 3, DW_OP_minus, DW_OP_stack_value] $r0
	@DEBUG_VALUE: LL_ADC_GetCalibrationLinearFactor:ADCx <- $r2
	@DEBUG_VALUE: LL_ADC_GetCalibrationLinearFactor:timeout_cpu_cycles <- [DW_OP_constu 3, DW_OP_minus, DW_OP_stack_value] $r0
	.loc	7 2969 11                       @ ../Drivers/STM32H7xx_HAL_Driver/Inc\stm32h7xx_ll_adc.h:2969:11
	ldr	r4, [r2, #8]
.Ltmp124:
	@DEBUG_VALUE: LL_ADC_GetCalibrationLinearFactor:timeout_cpu_cycles <- [DW_OP_consts 18446744073709027216, DW_OP_minus, DW_OP_consts 4, DW_OP_div, DW_OP_consts 18446744073709551612, DW_OP_mul, DW_OP_consts 524396, DW_OP_plus, DW_OP_stack_value] $r0
	.loc	7 2969 3                        @ ../Drivers/STM32H7xx_HAL_Driver/Inc\stm32h7xx_ll_adc.h:2969:3
	adds	r0, #4
.Ltmp125:
	lsls	r4, r4, #8
	bmi	.LBB2_26
.Ltmp126:
.LBB2_30:
	@DEBUG_VALUE: HAL_ADCEx_LinearCalibration_GetValue:cnt <- 2
	@DEBUG_VALUE: LL_ADC_GetCalibrationLinearFactor:LinearityWord <- 8388608
	@DEBUG_VALUE: LL_ADC_GetCalibrationLinearFactor:ADCx <- $r2
	.loc	7 2976 21 is_stmt 1             @ ../Drivers/STM32H7xx_HAL_Driver/Inc\stm32h7xx_ll_adc.h:2976:21
	ldr.w	r0, [r2, #200]
	bic	r0, r0, #-1073741824
.Ltmp127:
	.loc	6 240 36                        @ ../Drivers/STM32H7xx_HAL_Driver/Src/stm32h7xx_hal_adc_ex.c:240:36
	str	r0, [r1, #4]
.Ltmp128:
	@DEBUG_VALUE: LL_ADC_GetCalibrationLinearFactor:timeout_cpu_cycles <- 524400
	@DEBUG_VALUE: LL_ADC_GetCalibrationLinearFactor:LinearityWord <- 4194304
	@DEBUG_VALUE: LL_ADC_GetCalibrationLinearFactor:ADCx <- $r2
	@DEBUG_VALUE: HAL_ADCEx_LinearCalibration_GetValue:cnt <- 1
	.loc	7 2968 3                        @ ../Drivers/STM32H7xx_HAL_Driver/Inc\stm32h7xx_ll_adc.h:2968:3
	ldr	r0, [r2, #8]
	bic	r0, r0, #4194304
	str	r0, [r2, #8]
.Ltmp129:
.LBB2_31:                               @ =>This Inner Loop Header: Depth=1
	@DEBUG_VALUE: HAL_ADCEx_LinearCalibration_GetValue:cnt <- 1
	@DEBUG_VALUE: LL_ADC_GetCalibrationLinearFactor:LinearityWord <- 4194304
	@DEBUG_VALUE: LL_ADC_GetCalibrationLinearFactor:ADCx <- $r2
	@DEBUG_VALUE: LL_ADC_GetCalibrationLinearFactor:timeout_cpu_cycles <- [DW_OP_consts 18446744073709027216, DW_OP_minus, DW_OP_consts 4, DW_OP_div, DW_OP_consts 18446744073709551612, DW_OP_mul, DW_OP_consts 524400, DW_OP_plus, DW_OP_stack_value] $r3
	.loc	7 2969 11                       @ ../Drivers/STM32H7xx_HAL_Driver/Inc\stm32h7xx_ll_adc.h:2969:11
	ldr	r0, [r2, #8]
.Ltmp130:
	@DEBUG_VALUE: LL_ADC_GetCalibrationLinearFactor:timeout_cpu_cycles <- [DW_OP_constu 1, DW_OP_minus, DW_OP_stack_value] $r3
	.loc	7 2969 3 is_stmt 0              @ ../Drivers/STM32H7xx_HAL_Driver/Inc\stm32h7xx_ll_adc.h:2969:3
	lsls	r0, r0, #9
	bpl	.LBB2_35
.Ltmp131:
@ %bb.32:                               @   in Loop: Header=BB2_31 Depth=1
	@DEBUG_VALUE: LL_ADC_GetCalibrationLinearFactor:timeout_cpu_cycles <- [DW_OP_constu 1, DW_OP_minus, DW_OP_stack_value] $r3
	@DEBUG_VALUE: HAL_ADCEx_LinearCalibration_GetValue:cnt <- 1
	@DEBUG_VALUE: LL_ADC_GetCalibrationLinearFactor:LinearityWord <- 4194304
	@DEBUG_VALUE: LL_ADC_GetCalibrationLinearFactor:ADCx <- $r2
	cbz	r3, .LBB2_35
.Ltmp132:
@ %bb.33:                               @   in Loop: Header=BB2_31 Depth=1
	@DEBUG_VALUE: LL_ADC_GetCalibrationLinearFactor:timeout_cpu_cycles <- [DW_OP_constu 1, DW_OP_minus, DW_OP_stack_value] $r3
	@DEBUG_VALUE: HAL_ADCEx_LinearCalibration_GetValue:cnt <- 1
	@DEBUG_VALUE: LL_ADC_GetCalibrationLinearFactor:LinearityWord <- 4194304
	@DEBUG_VALUE: LL_ADC_GetCalibrationLinearFactor:ADCx <- $r2
	@DEBUG_VALUE: LL_ADC_GetCalibrationLinearFactor:timeout_cpu_cycles <- [DW_OP_constu 1, DW_OP_minus, DW_OP_stack_value] $r3
	.loc	7 2969 11                       @ ../Drivers/STM32H7xx_HAL_Driver/Inc\stm32h7xx_ll_adc.h:2969:11
	ldr	r0, [r2, #8]
.Ltmp133:
	@DEBUG_VALUE: LL_ADC_GetCalibrationLinearFactor:timeout_cpu_cycles <- [DW_OP_constu 2, DW_OP_minus, DW_OP_stack_value] $r3
	.loc	7 2969 3                        @ ../Drivers/STM32H7xx_HAL_Driver/Inc\stm32h7xx_ll_adc.h:2969:3
	lsls	r0, r0, #9
	@DEBUG_VALUE: LL_ADC_GetCalibrationLinearFactor:timeout_cpu_cycles <- [DW_OP_constu 2, DW_OP_minus, DW_OP_stack_value] $r3
	.loc	7 2969 11                       @ ../Drivers/STM32H7xx_HAL_Driver/Inc\stm32h7xx_ll_adc.h:2969:11
	itt	mi
	ldrmi	r0, [r2, #8]
.Ltmp134:
	@DEBUG_VALUE: LL_ADC_GetCalibrationLinearFactor:timeout_cpu_cycles <- [DW_OP_constu 3, DW_OP_minus, DW_OP_stack_value] $r3
	.loc	7 2969 3                        @ ../Drivers/STM32H7xx_HAL_Driver/Inc\stm32h7xx_ll_adc.h:2969:3
	lslsmi.w	r0, r0, #9
	bpl	.LBB2_35
.Ltmp135:
@ %bb.34:                               @   in Loop: Header=BB2_31 Depth=1
	@DEBUG_VALUE: LL_ADC_GetCalibrationLinearFactor:timeout_cpu_cycles <- [DW_OP_constu 3, DW_OP_minus, DW_OP_stack_value] $r3
	@DEBUG_VALUE: HAL_ADCEx_LinearCalibration_GetValue:cnt <- 1
	@DEBUG_VALUE: LL_ADC_GetCalibrationLinearFactor:LinearityWord <- 4194304
	@DEBUG_VALUE: LL_ADC_GetCalibrationLinearFactor:ADCx <- $r2
	@DEBUG_VALUE: LL_ADC_GetCalibrationLinearFactor:timeout_cpu_cycles <- [DW_OP_constu 3, DW_OP_minus, DW_OP_stack_value] $r3
	.loc	7 2969 11                       @ ../Drivers/STM32H7xx_HAL_Driver/Inc\stm32h7xx_ll_adc.h:2969:11
	ldr	r0, [r2, #8]
.Ltmp136:
	@DEBUG_VALUE: LL_ADC_GetCalibrationLinearFactor:timeout_cpu_cycles <- [DW_OP_consts 18446744073709027216, DW_OP_minus, DW_OP_consts 4, DW_OP_div, DW_OP_consts 18446744073709551612, DW_OP_mul, DW_OP_consts 524396, DW_OP_plus, DW_OP_stack_value] $r3
	.loc	7 2969 3                        @ ../Drivers/STM32H7xx_HAL_Driver/Inc\stm32h7xx_ll_adc.h:2969:3
	adds	r3, #4
.Ltmp137:
	lsls	r0, r0, #9
	bmi	.LBB2_31
.Ltmp138:
.LBB2_35:
	@DEBUG_VALUE: HAL_ADCEx_LinearCalibration_GetValue:cnt <- 1
	@DEBUG_VALUE: LL_ADC_GetCalibrationLinearFactor:LinearityWord <- 4194304
	@DEBUG_VALUE: LL_ADC_GetCalibrationLinearFactor:ADCx <- $r2
	.loc	7 2976 21 is_stmt 1             @ ../Drivers/STM32H7xx_HAL_Driver/Inc\stm32h7xx_ll_adc.h:2976:21
	ldr.w	r0, [r2, #200]
.Ltmp139:
	.loc	6 242 9                         @ ../Drivers/STM32H7xx_HAL_Driver/Src/stm32h7xx_hal_adc_ex.c:242:9
	cmp.w	lr, #0
.Ltmp140:
	.loc	7 2976 21                       @ ../Drivers/STM32H7xx_HAL_Driver/Inc\stm32h7xx_ll_adc.h:2976:21
	bic	r0, r0, #-1073741824
.Ltmp141:
	.loc	6 240 36                        @ ../Drivers/STM32H7xx_HAL_Driver/Src/stm32h7xx_hal_adc_ex.c:240:36
	str	r0, [r1]
.Ltmp142:
	@DEBUG_VALUE: HAL_ADCEx_LinearCalibration_GetValue:cnt <- 0
	.loc	6 242 9                         @ ../Drivers/STM32H7xx_HAL_Driver/Src/stm32h7xx_hal_adc_ex.c:242:9
	bpl	.LBB2_37
.Ltmp143:
@ %bb.36:
	@DEBUG_VALUE: HAL_ADCEx_LinearCalibration_GetValue:cnt <- 0
	@DEBUG_VALUE: LL_ADC_REG_StartConversion:ADCx <- $r2
	.loc	7 7042 3                        @ ../Drivers/STM32H7xx_HAL_Driver/Inc\stm32h7xx_ll_adc.h:7042:3
	ldr	r0, [r2, #8]
	and.w	r0, r0, r12
	orr	r0, r0, #4
	str	r0, [r2, #8]
.Ltmp144:
.LBB2_37:
	@DEBUG_VALUE: HAL_ADCEx_LinearCalibration_GetValue:cnt <- 0
	.loc	7 0 3 is_stmt 0                 @ ../Drivers/STM32H7xx_HAL_Driver/Inc\stm32h7xx_ll_adc.h:0:3
	movs	r0, #0
	.loc	6 248 3 epilogue_begin is_stmt 1 @ ../Drivers/STM32H7xx_HAL_Driver/Src/stm32h7xx_hal_adc_ex.c:248:3
	pop	{r4, r5, r7, pc}
.Ltmp145:
.Lfunc_end2:
	.size	HAL_ADCEx_LinearCalibration_GetValue, .Lfunc_end2-HAL_ADCEx_LinearCalibration_GetValue
	.cfi_endproc
	.cantunwind
	.fnend
                                        @ -- End function
	.section	.text.HAL_ADCEx_Calibration_SetValue,"ax",%progbits
	.hidden	HAL_ADCEx_Calibration_SetValue  @ -- Begin function HAL_ADCEx_Calibration_SetValue
	.globl	HAL_ADCEx_Calibration_SetValue
	.p2align	3
	.type	HAL_ADCEx_Calibration_SetValue,%function
	.code	16                              @ @HAL_ADCEx_Calibration_SetValue
	.thumb_func
HAL_ADCEx_Calibration_SetValue:
.Lfunc_begin3:
	.fnstart
	.cfi_startproc
@ %bb.0:
	@DEBUG_VALUE: HAL_ADCEx_Calibration_SetValue:hadc <- $r0
	@DEBUG_VALUE: HAL_ADCEx_Calibration_SetValue:SingleDiff <- $r1
	@DEBUG_VALUE: HAL_ADCEx_Calibration_SetValue:CalibrationFactor <- $r2
	@DEBUG_VALUE: HAL_ADCEx_Calibration_SetValue:tmp_hal_status <- 0
	.loc	6 287 3 prologue_end            @ ../Drivers/STM32H7xx_HAL_Driver/Src/stm32h7xx_hal_adc_ex.c:287:3
	ldrb.w	r3, [r0, #80]
.Ltmp146:
	.loc	6 287 3 is_stmt 0               @ ../Drivers/STM32H7xx_HAL_Driver/Src/stm32h7xx_hal_adc_ex.c:287:3
	cmp	r3, #1
	bne	.LBB3_2
.Ltmp147:
@ %bb.1:
	@DEBUG_VALUE: HAL_ADCEx_Calibration_SetValue:tmp_hal_status <- 0
	@DEBUG_VALUE: HAL_ADCEx_Calibration_SetValue:CalibrationFactor <- $r2
	@DEBUG_VALUE: HAL_ADCEx_Calibration_SetValue:SingleDiff <- $r1
	@DEBUG_VALUE: HAL_ADCEx_Calibration_SetValue:hadc <- $r0
	.loc	6 0 3                           @ ../Drivers/STM32H7xx_HAL_Driver/Src/stm32h7xx_hal_adc_ex.c:0:3
	movs	r0, #2
.Ltmp148:
	@DEBUG_VALUE: HAL_ADCEx_Calibration_SetValue:hadc <- [DW_OP_LLVM_entry_value 1] $r0
	.loc	6 318 1 is_stmt 1               @ ../Drivers/STM32H7xx_HAL_Driver/Src/stm32h7xx_hal_adc_ex.c:318:1
	bx	lr
.Ltmp149:
	.loc	6 0 1 is_stmt 0                 @ :0:1
.Ltmp150:
	.p2align	2
.LBB3_2:
	@DEBUG_VALUE: HAL_ADCEx_Calibration_SetValue:tmp_hal_status <- 0
	@DEBUG_VALUE: HAL_ADCEx_Calibration_SetValue:CalibrationFactor <- $r2
	@DEBUG_VALUE: HAL_ADCEx_Calibration_SetValue:SingleDiff <- $r1
	@DEBUG_VALUE: HAL_ADCEx_Calibration_SetValue:hadc <- $r0
	.save	{r4, lr}
	push	{r4, lr}
	.cfi_def_cfa_offset 8
	.cfi_offset lr, -4
	.cfi_offset r4, -8
	.loc	6 291 81 is_stmt 1              @ ../Drivers/STM32H7xx_HAL_Driver/Src/stm32h7xx_hal_adc_ex.c:291:81
	ldr	r3, [r0]
.Ltmp151:
	@DEBUG_VALUE: LL_ADC_REG_IsConversionOngoing:ADCx <- $r3
	.loc	7 7075 12                       @ ../Drivers/STM32H7xx_HAL_Driver/Inc\stm32h7xx_ll_adc.h:7075:12
	ldr.w	lr, [r3, #8]
.Ltmp152:
	@DEBUG_VALUE: LL_ADC_INJ_IsConversionOngoing:ADCx <- $r3
	@DEBUG_VALUE: HAL_ADCEx_Calibration_SetValue:tmp_adc_is_conversion_on_going_regular <- [DW_OP_constu 2, DW_OP_shr, DW_OP_constu 1, DW_OP_and, DW_OP_stack_value] $lr
	.loc	7 7270 12                       @ ../Drivers/STM32H7xx_HAL_Driver/Inc\stm32h7xx_ll_adc.h:7270:12
	ldr.w	r12, [r3, #8]
.Ltmp153:
	@DEBUG_VALUE: LL_ADC_IsEnabled:ADCx <- $r3
	@DEBUG_VALUE: HAL_ADCEx_Calibration_SetValue:tmp_adc_is_conversion_on_going_injected <- [DW_OP_constu 3, DW_OP_shr, DW_OP_constu 1, DW_OP_and, DW_OP_stack_value] $r12
	.loc	7 6943 12                       @ ../Drivers/STM32H7xx_HAL_Driver/Inc\stm32h7xx_ll_adc.h:6943:12
	ldr	r4, [r3, #8]
.Ltmp154:
	.loc	6 295 7                         @ ../Drivers/STM32H7xx_HAL_Driver/Src/stm32h7xx_hal_adc_ex.c:295:7
	lsls	r4, r4, #31
	beq	.LBB3_4
.Ltmp155:
@ %bb.3:
	@DEBUG_VALUE: HAL_ADCEx_Calibration_SetValue:tmp_adc_is_conversion_on_going_injected <- [DW_OP_constu 3, DW_OP_shr, DW_OP_constu 1, DW_OP_and, DW_OP_stack_value] $r12
	@DEBUG_VALUE: LL_ADC_IsEnabled:ADCx <- $r3
	@DEBUG_VALUE: HAL_ADCEx_Calibration_SetValue:tmp_adc_is_conversion_on_going_regular <- [DW_OP_constu 2, DW_OP_shr, DW_OP_constu 1, DW_OP_and, DW_OP_stack_value] $lr
	@DEBUG_VALUE: LL_ADC_INJ_IsConversionOngoing:ADCx <- $r3
	@DEBUG_VALUE: LL_ADC_REG_IsConversionOngoing:ADCx <- $r3
	@DEBUG_VALUE: HAL_ADCEx_Calibration_SetValue:tmp_hal_status <- 0
	@DEBUG_VALUE: HAL_ADCEx_Calibration_SetValue:CalibrationFactor <- $r2
	@DEBUG_VALUE: HAL_ADCEx_Calibration_SetValue:SingleDiff <- $r1
	@DEBUG_VALUE: HAL_ADCEx_Calibration_SetValue:hadc <- $r0
	.loc	6 0 7 is_stmt 0                 @ ../Drivers/STM32H7xx_HAL_Driver/Src/stm32h7xx_hal_adc_ex.c:0:7
	ands	r4, lr, #4
	it	eq
	andseq	r4, r12, #8
	beq	.LBB3_5
.Ltmp156:
.LBB3_4:
	@DEBUG_VALUE: HAL_ADCEx_Calibration_SetValue:tmp_adc_is_conversion_on_going_injected <- [DW_OP_constu 3, DW_OP_shr, DW_OP_constu 1, DW_OP_and, DW_OP_stack_value] $r12
	@DEBUG_VALUE: HAL_ADCEx_Calibration_SetValue:tmp_adc_is_conversion_on_going_regular <- [DW_OP_constu 2, DW_OP_shr, DW_OP_constu 1, DW_OP_and, DW_OP_stack_value] $lr
	@DEBUG_VALUE: HAL_ADCEx_Calibration_SetValue:tmp_hal_status <- 0
	@DEBUG_VALUE: HAL_ADCEx_Calibration_SetValue:CalibrationFactor <- $r2
	@DEBUG_VALUE: HAL_ADCEx_Calibration_SetValue:SingleDiff <- $r1
	@DEBUG_VALUE: HAL_ADCEx_Calibration_SetValue:hadc <- $r0
	.loc	6 305 5 is_stmt 1               @ ../Drivers/STM32H7xx_HAL_Driver/Src/stm32h7xx_hal_adc_ex.c:305:5
	ldr	r1, [r0, #84]
.Ltmp157:
	@DEBUG_VALUE: HAL_ADCEx_Calibration_SetValue:SingleDiff <- [DW_OP_LLVM_entry_value 1] $r1
	orr	r1, r1, #32
	str	r1, [r0, #84]
	.loc	6 307 5                         @ ../Drivers/STM32H7xx_HAL_Driver/Src/stm32h7xx_hal_adc_ex.c:307:5
	ldr	r1, [r0, #88]
	orr	r1, r1, #1
	str	r1, [r0, #88]
	movs	r1, #1
.Ltmp158:
	@DEBUG_VALUE: HAL_ADCEx_Calibration_SetValue:tmp_hal_status <- 1
	.loc	6 0 5 is_stmt 0                 @ ../Drivers/STM32H7xx_HAL_Driver/Src/stm32h7xx_hal_adc_ex.c:0:5
	b	.LBB3_6
.Ltmp159:
	.p2align	2
.LBB3_5:
	@DEBUG_VALUE: HAL_ADCEx_Calibration_SetValue:tmp_adc_is_conversion_on_going_injected <- [DW_OP_constu 3, DW_OP_shr, DW_OP_constu 1, DW_OP_and, DW_OP_stack_value] $r12
	@DEBUG_VALUE: HAL_ADCEx_Calibration_SetValue:tmp_adc_is_conversion_on_going_regular <- [DW_OP_constu 2, DW_OP_shr, DW_OP_constu 1, DW_OP_and, DW_OP_stack_value] $lr
	@DEBUG_VALUE: HAL_ADCEx_Calibration_SetValue:tmp_hal_status <- 0
	@DEBUG_VALUE: HAL_ADCEx_Calibration_SetValue:CalibrationFactor <- $r2
	@DEBUG_VALUE: HAL_ADCEx_Calibration_SetValue:SingleDiff <- $r1
	@DEBUG_VALUE: HAL_ADCEx_Calibration_SetValue:hadc <- $r0
	@DEBUG_VALUE: LL_ADC_SetCalibrationOffsetFactor:ADCx <- $r3
	@DEBUG_VALUE: LL_ADC_SetCalibrationOffsetFactor:SingleDiff <- $r1
	@DEBUG_VALUE: LL_ADC_SetCalibrationOffsetFactor:CalibrationFactor <- $r2
	.loc	7 2866 3 is_stmt 1              @ ../Drivers/STM32H7xx_HAL_Driver/Inc\stm32h7xx_ll_adc.h:2866:3
	mvns	r4, r1
	mov.w	lr, #-134154240
.Ltmp160:
	and.w	r4, r4, r1, lsr #12
	ldr.w	r12, [r3, #196]
.Ltmp161:
	orn	r1, lr, r1
.Ltmp162:
	@DEBUG_VALUE: HAL_ADCEx_Calibration_SetValue:SingleDiff <- [DW_OP_LLVM_entry_value 1] $r1
	and	r4, r4, #16
	and.w	r1, r1, r12
	lsls	r2, r4
.Ltmp163:
	@DEBUG_VALUE: HAL_ADCEx_Calibration_SetValue:CalibrationFactor <- [DW_OP_LLVM_entry_value 1] $r2
	orrs	r1, r2
	str.w	r1, [r3, #196]
	movs	r1, #0
.Ltmp164:
.LBB3_6:
	@DEBUG_VALUE: HAL_ADCEx_Calibration_SetValue:SingleDiff <- [DW_OP_LLVM_entry_value 1] $r1
	@DEBUG_VALUE: HAL_ADCEx_Calibration_SetValue:hadc <- $r0
	@DEBUG_VALUE: HAL_ADCEx_Calibration_SetValue:tmp_hal_status <- $r1
	.loc	7 0 3 is_stmt 0                 @ ../Drivers/STM32H7xx_HAL_Driver/Inc\stm32h7xx_ll_adc.h:0:3
	movs	r2, #0
.Ltmp165:
	.loc	6 314 3 is_stmt 1               @ ../Drivers/STM32H7xx_HAL_Driver/Src/stm32h7xx_hal_adc_ex.c:314:3
	strb.w	r2, [r0, #80]
	pop.w	{r4, lr}
.Ltmp166:
	.loc	6 318 1                         @ ../Drivers/STM32H7xx_HAL_Driver/Src/stm32h7xx_hal_adc_ex.c:318:1
	mov	r0, r1
.Ltmp167:
	@DEBUG_VALUE: HAL_ADCEx_Calibration_SetValue:hadc <- [DW_OP_LLVM_entry_value 1] $r0
	bx	lr
.Ltmp168:
.Lfunc_end3:
	.size	HAL_ADCEx_Calibration_SetValue, .Lfunc_end3-HAL_ADCEx_Calibration_SetValue
	.cfi_endproc
	.cantunwind
	.fnend
                                        @ -- End function
	.section	.text.HAL_ADCEx_LinearCalibration_SetValue,"ax",%progbits
	.hidden	HAL_ADCEx_LinearCalibration_SetValue @ -- Begin function HAL_ADCEx_LinearCalibration_SetValue
	.globl	HAL_ADCEx_LinearCalibration_SetValue
	.p2align	3
	.type	HAL_ADCEx_LinearCalibration_SetValue,%function
	.code	16                              @ @HAL_ADCEx_LinearCalibration_SetValue
	.thumb_func
HAL_ADCEx_LinearCalibration_SetValue:
.Lfunc_begin4:
	.loc	6 327 0                         @ ../Drivers/STM32H7xx_HAL_Driver/Src/stm32h7xx_hal_adc_ex.c:327:0
	.fnstart
	.cfi_startproc
@ %bb.0:
	@DEBUG_VALUE: HAL_ADCEx_LinearCalibration_SetValue:hadc <- $r0
	@DEBUG_VALUE: HAL_ADCEx_LinearCalibration_SetValue:LinearCalib_Buffer <- $r1
	.save	{r4, r5, r7, lr}
	push	{r4, r5, r7, lr}
	.cfi_def_cfa_offset 16
	.cfi_offset lr, -4
	.cfi_offset r7, -8
	.cfi_offset r5, -12
	.cfi_offset r4, -16
	.pad	#8
	sub	sp, #8
	.cfi_def_cfa_offset 24
	movs	r2, #0
.Ltmp169:
	.loc	6 329 17 prologue_end           @ ../Drivers/STM32H7xx_HAL_Driver/Src/stm32h7xx_hal_adc_ex.c:329:17
	str	r2, [sp, #4]
.Ltmp170:
	@DEBUG_VALUE: HAL_ADCEx_LinearCalibration_SetValue:wait_loop_index <- [DW_OP_plus_uconst 4, DW_OP_deref] $sp
	@DEBUG_VALUE: HAL_ADCEx_LinearCalibration_SetValue:temp_REG_IsConversionOngoing <- 0
	.loc	6 337 7                         @ ../Drivers/STM32H7xx_HAL_Driver/Src/stm32h7xx_hal_adc_ex.c:337:7
	ldr	r2, [r0]
	ldr	r3, [r2, #8]
.Ltmp171:
	.loc	6 337 7 is_stmt 0               @ ../Drivers/STM32H7xx_HAL_Driver/Src/stm32h7xx_hal_adc_ex.c:337:7
	lsls	r3, r3, #2
	bpl	.LBB4_2
.Ltmp172:
@ %bb.1:
	@DEBUG_VALUE: HAL_ADCEx_LinearCalibration_SetValue:temp_REG_IsConversionOngoing <- 0
	@DEBUG_VALUE: HAL_ADCEx_LinearCalibration_SetValue:wait_loop_index <- [DW_OP_plus_uconst 4, DW_OP_deref] $sp
	@DEBUG_VALUE: HAL_ADCEx_LinearCalibration_SetValue:LinearCalib_Buffer <- $r1
	@DEBUG_VALUE: HAL_ADCEx_LinearCalibration_SetValue:hadc <- $r0
	.loc	6 340 5 is_stmt 1               @ ../Drivers/STM32H7xx_HAL_Driver/Src/stm32h7xx_hal_adc_ex.c:340:5
	ldr	r3, [r2, #8]
	bic	r3, r3, #536870912
	str	r3, [r2, #8]
.Ltmp173:
.LBB4_2:
	@DEBUG_VALUE: HAL_ADCEx_LinearCalibration_SetValue:temp_REG_IsConversionOngoing <- 0
	@DEBUG_VALUE: HAL_ADCEx_LinearCalibration_SetValue:wait_loop_index <- [DW_OP_plus_uconst 4, DW_OP_deref] $sp
	@DEBUG_VALUE: HAL_ADCEx_LinearCalibration_SetValue:LinearCalib_Buffer <- $r1
	@DEBUG_VALUE: HAL_ADCEx_LinearCalibration_SetValue:hadc <- $r0
	.loc	6 348 7                         @ ../Drivers/STM32H7xx_HAL_Driver/Src/stm32h7xx_hal_adc_ex.c:348:7
	ldr	r3, [r2, #8]
.Ltmp174:
	.loc	6 348 7 is_stmt 0               @ ../Drivers/STM32H7xx_HAL_Driver/Src/stm32h7xx_hal_adc_ex.c:348:7
	lsls	r3, r3, #3
	bmi	.LBB4_8
.Ltmp175:
@ %bb.3:
	@DEBUG_VALUE: HAL_ADCEx_LinearCalibration_SetValue:temp_REG_IsConversionOngoing <- 0
	@DEBUG_VALUE: HAL_ADCEx_LinearCalibration_SetValue:wait_loop_index <- [DW_OP_plus_uconst 4, DW_OP_deref] $sp
	@DEBUG_VALUE: HAL_ADCEx_LinearCalibration_SetValue:LinearCalib_Buffer <- $r1
	@DEBUG_VALUE: HAL_ADCEx_LinearCalibration_SetValue:hadc <- $r0
	.loc	6 351 5 is_stmt 1               @ ../Drivers/STM32H7xx_HAL_Driver/Src/stm32h7xx_hal_adc_ex.c:351:5
	ldr	r3, [r2, #8]
	movw	r5, #11619
	orr	r3, r3, #268435456
	str	r3, [r2, #8]
	.loc	6 356 55                        @ ../Drivers/STM32H7xx_HAL_Driver/Src/stm32h7xx_hal_adc_ex.c:356:55
	movw	r3, :lower16:SystemCoreClock
	movt	r5, #1342
	movt	r3, :upper16:SystemCoreClock
	ldr	r3, [r3]
	.loc	6 356 71 is_stmt 0              @ ../Drivers/STM32H7xx_HAL_Driver/Src/stm32h7xx_hal_adc_ex.c:356:71
	lsrs	r3, r3, #6
	umull	r3, r5, r3, r5
	movs	r3, #1
	.loc	6 356 91                        @ ../Drivers/STM32H7xx_HAL_Driver/Src/stm32h7xx_hal_adc_ex.c:356:91
	add.w	r3, r3, r5, lsr #6
	b	.LBB4_5
.Ltmp176:
	.loc	6 0 91                          @ :0:91
.Ltmp177:
	.p2align	2
.LBB4_4:                                @   in Loop: Header=BB4_5 Depth=1
	@DEBUG_VALUE: HAL_ADCEx_LinearCalibration_SetValue:temp_REG_IsConversionOngoing <- 0
	@DEBUG_VALUE: HAL_ADCEx_LinearCalibration_SetValue:LinearCalib_Buffer <- $r1
	@DEBUG_VALUE: HAL_ADCEx_LinearCalibration_SetValue:hadc <- $r0
	.loc	6 359 22 is_stmt 1              @ ../Drivers/STM32H7xx_HAL_Driver/Src/stm32h7xx_hal_adc_ex.c:359:22
	ldr	r3, [sp, #4]
	subs	r3, #1
.Ltmp178:
.LBB4_5:                                @ =>This Inner Loop Header: Depth=1
	@DEBUG_VALUE: HAL_ADCEx_LinearCalibration_SetValue:temp_REG_IsConversionOngoing <- 0
	@DEBUG_VALUE: HAL_ADCEx_LinearCalibration_SetValue:LinearCalib_Buffer <- $r1
	@DEBUG_VALUE: HAL_ADCEx_LinearCalibration_SetValue:hadc <- $r0
	.loc	6 0 0 is_stmt 0                 @ ../Drivers/STM32H7xx_HAL_Driver/Src/stm32h7xx_hal_adc_ex.c:0:0
	str	r3, [sp, #4]
.Ltmp179:
	@DEBUG_VALUE: HAL_ADCEx_LinearCalibration_SetValue:wait_loop_index <- [DW_OP_plus_uconst 4, DW_OP_deref] $sp
	.loc	6 357 12 is_stmt 1              @ ../Drivers/STM32H7xx_HAL_Driver/Src/stm32h7xx_hal_adc_ex.c:357:12
	ldr	r3, [sp, #4]
	.loc	6 357 5 is_stmt 0               @ ../Drivers/STM32H7xx_HAL_Driver/Src/stm32h7xx_hal_adc_ex.c:357:5
	cbz	r3, .LBB4_8
.Ltmp180:
@ %bb.6:                                @   in Loop: Header=BB4_5 Depth=1
	@DEBUG_VALUE: HAL_ADCEx_LinearCalibration_SetValue:temp_REG_IsConversionOngoing <- 0
	@DEBUG_VALUE: HAL_ADCEx_LinearCalibration_SetValue:wait_loop_index <- [DW_OP_plus_uconst 4, DW_OP_deref] $sp
	@DEBUG_VALUE: HAL_ADCEx_LinearCalibration_SetValue:LinearCalib_Buffer <- $r1
	@DEBUG_VALUE: HAL_ADCEx_LinearCalibration_SetValue:hadc <- $r0
	.loc	6 359 22 is_stmt 1              @ ../Drivers/STM32H7xx_HAL_Driver/Src/stm32h7xx_hal_adc_ex.c:359:22
	ldr	r3, [sp, #4]
	subs	r3, #1
	str	r3, [sp, #4]
.Ltmp181:
	.loc	6 357 12                        @ ../Drivers/STM32H7xx_HAL_Driver/Src/stm32h7xx_hal_adc_ex.c:357:12
	ldr	r3, [sp, #4]
.Ltmp182:
	@DEBUG_VALUE: HAL_ADCEx_LinearCalibration_SetValue:wait_loop_index <- [DW_OP_constu 1, DW_OP_minus, DW_OP_stack_value] undef
	.loc	6 357 5 is_stmt 0               @ ../Drivers/STM32H7xx_HAL_Driver/Src/stm32h7xx_hal_adc_ex.c:357:5
	cbz	r3, .LBB4_8
.Ltmp183:
@ %bb.7:                                @   in Loop: Header=BB4_5 Depth=1
	@DEBUG_VALUE: HAL_ADCEx_LinearCalibration_SetValue:temp_REG_IsConversionOngoing <- 0
	@DEBUG_VALUE: HAL_ADCEx_LinearCalibration_SetValue:LinearCalib_Buffer <- $r1
	@DEBUG_VALUE: HAL_ADCEx_LinearCalibration_SetValue:hadc <- $r0
	.loc	6 359 22 is_stmt 1              @ ../Drivers/STM32H7xx_HAL_Driver/Src/stm32h7xx_hal_adc_ex.c:359:22
	ldr	r3, [sp, #4]
	subs	r3, #1
	str	r3, [sp, #4]
.Ltmp184:
	.loc	6 357 12                        @ ../Drivers/STM32H7xx_HAL_Driver/Src/stm32h7xx_hal_adc_ex.c:357:12
	ldr	r3, [sp, #4]
	.loc	6 357 5 is_stmt 0               @ ../Drivers/STM32H7xx_HAL_Driver/Src/stm32h7xx_hal_adc_ex.c:357:5
	cmp	r3, #0
.Ltmp185:
	@DEBUG_VALUE: HAL_ADCEx_LinearCalibration_SetValue:wait_loop_index <- [DW_OP_constu 1, DW_OP_minus, DW_OP_stack_value] undef
	.loc	6 359 22 is_stmt 1              @ ../Drivers/STM32H7xx_HAL_Driver/Src/stm32h7xx_hal_adc_ex.c:359:22
	itttt	ne
	ldrne	r3, [sp, #4]
	subne	r3, #1
	strne	r3, [sp, #4]
.Ltmp186:
	.loc	6 357 12                        @ ../Drivers/STM32H7xx_HAL_Driver/Src/stm32h7xx_hal_adc_ex.c:357:12
	ldrne	r3, [sp, #4]
	.loc	6 357 5 is_stmt 0               @ ../Drivers/STM32H7xx_HAL_Driver/Src/stm32h7xx_hal_adc_ex.c:357:5
	it	ne
	cmpne	r3, #0
	@DEBUG_VALUE: HAL_ADCEx_LinearCalibration_SetValue:wait_loop_index <- [DW_OP_constu 1, DW_OP_minus, DW_OP_stack_value] undef
	bne	.LBB4_4
.Ltmp187:
.LBB4_8:
	@DEBUG_VALUE: HAL_ADCEx_LinearCalibration_SetValue:temp_REG_IsConversionOngoing <- 0
	@DEBUG_VALUE: HAL_ADCEx_LinearCalibration_SetValue:LinearCalib_Buffer <- $r1
	@DEBUG_VALUE: HAL_ADCEx_LinearCalibration_SetValue:hadc <- $r0
	.loc	6 367 7 is_stmt 1               @ ../Drivers/STM32H7xx_HAL_Driver/Src/stm32h7xx_hal_adc_ex.c:367:7
	ldr	r3, [r2, #8]
.Ltmp188:
	.loc	6 367 7 is_stmt 0               @ ../Drivers/STM32H7xx_HAL_Driver/Src/stm32h7xx_hal_adc_ex.c:367:7
	lsls	r3, r3, #3
	bmi	.LBB4_10
.Ltmp189:
@ %bb.9:
	@DEBUG_VALUE: HAL_ADCEx_LinearCalibration_SetValue:temp_REG_IsConversionOngoing <- 0
	@DEBUG_VALUE: HAL_ADCEx_LinearCalibration_SetValue:LinearCalib_Buffer <- $r1
	@DEBUG_VALUE: HAL_ADCEx_LinearCalibration_SetValue:hadc <- $r0
	.loc	6 370 5 is_stmt 1               @ ../Drivers/STM32H7xx_HAL_Driver/Src/stm32h7xx_hal_adc_ex.c:370:5
	ldr	r1, [r0, #84]
.Ltmp190:
	@DEBUG_VALUE: HAL_ADCEx_LinearCalibration_SetValue:LinearCalib_Buffer <- [DW_OP_LLVM_entry_value 1] $r1
	orr	r1, r1, #16
	str	r1, [r0, #84]
	.loc	6 373 5                         @ ../Drivers/STM32H7xx_HAL_Driver/Src/stm32h7xx_hal_adc_ex.c:373:5
	ldr	r1, [r0, #88]
	orr	r1, r1, #1
	str	r1, [r0, #88]
	movs	r0, #1
.Ltmp191:
	@DEBUG_VALUE: HAL_ADCEx_LinearCalibration_SetValue:hadc <- [DW_OP_LLVM_entry_value 1] $r0
	.loc	6 410 1 epilogue_begin          @ ../Drivers/STM32H7xx_HAL_Driver/Src/stm32h7xx_hal_adc_ex.c:410:1
	add	sp, #8
	pop	{r4, r5, r7, pc}
.Ltmp192:
	.loc	6 0 1 is_stmt 0                 @ :0:1
.Ltmp193:
	.p2align	2
.LBB4_10:
	@DEBUG_VALUE: HAL_ADCEx_LinearCalibration_SetValue:temp_REG_IsConversionOngoing <- 0
	@DEBUG_VALUE: HAL_ADCEx_LinearCalibration_SetValue:LinearCalib_Buffer <- $r1
	@DEBUG_VALUE: HAL_ADCEx_LinearCalibration_SetValue:hadc <- $r0
	@DEBUG_VALUE: LL_ADC_IsEnabled:ADCx <- $r2
	.loc	7 6943 12 is_stmt 1             @ ../Drivers/STM32H7xx_HAL_Driver/Inc\stm32h7xx_ll_adc.h:6943:12
	ldr	r3, [r2, #8]
.Ltmp194:
	.loc	6 378 7                         @ ../Drivers/STM32H7xx_HAL_Driver/Src/stm32h7xx_hal_adc_ex.c:378:7
	lsls	r3, r3, #31
	bne	.LBB4_13
.Ltmp195:
@ %bb.11:
	@DEBUG_VALUE: HAL_ADCEx_LinearCalibration_SetValue:temp_REG_IsConversionOngoing <- 0
	@DEBUG_VALUE: HAL_ADCEx_LinearCalibration_SetValue:LinearCalib_Buffer <- $r1
	@DEBUG_VALUE: HAL_ADCEx_LinearCalibration_SetValue:hadc <- $r0
	.loc	6 0 7 is_stmt 0                 @ ../Drivers/STM32H7xx_HAL_Driver/Src/stm32h7xx_hal_adc_ex.c:0:7
	mov	r4, r1
.Ltmp196:
	@DEBUG_VALUE: HAL_ADCEx_LinearCalibration_SetValue:LinearCalib_Buffer <- $r4
	mov	r5, r0
.Ltmp197:
	.loc	6 380 9 is_stmt 1               @ ../Drivers/STM32H7xx_HAL_Driver/Src/stm32h7xx_hal_adc_ex.c:380:9
	bl	ADC_Enable
.Ltmp198:
	@DEBUG_VALUE: HAL_ADCEx_LinearCalibration_SetValue:hadc <- [DW_OP_LLVM_entry_value 1] $r0
	.loc	6 380 9 is_stmt 0               @ ../Drivers/STM32H7xx_HAL_Driver/Src/stm32h7xx_hal_adc_ex.c:380:9
	cmp	r0, #0
	beq.w	.LBB4_48
.Ltmp199:
@ %bb.12:
	@DEBUG_VALUE: HAL_ADCEx_LinearCalibration_SetValue:hadc <- [DW_OP_LLVM_entry_value 1] $r0
	@DEBUG_VALUE: HAL_ADCEx_LinearCalibration_SetValue:LinearCalib_Buffer <- $r4
	@DEBUG_VALUE: HAL_ADCEx_LinearCalibration_SetValue:temp_REG_IsConversionOngoing <- 0
	.loc	6 0 9                           @ ../Drivers/STM32H7xx_HAL_Driver/Src/stm32h7xx_hal_adc_ex.c:0:9
	movs	r0, #1
	.loc	6 410 1 epilogue_begin is_stmt 1 @ ../Drivers/STM32H7xx_HAL_Driver/Src/stm32h7xx_hal_adc_ex.c:410:1
	add	sp, #8
	pop	{r4, r5, r7, pc}
.Ltmp200:
	.loc	6 0 1 is_stmt 0                 @ :0:1
.Ltmp201:
	.p2align	2
.LBB4_13:
	@DEBUG_VALUE: HAL_ADCEx_LinearCalibration_SetValue:temp_REG_IsConversionOngoing <- 0
	@DEBUG_VALUE: HAL_ADCEx_LinearCalibration_SetValue:LinearCalib_Buffer <- $r1
	@DEBUG_VALUE: HAL_ADCEx_LinearCalibration_SetValue:hadc <- $r0
	.loc	7 7075 12 is_stmt 1             @ ../Drivers/STM32H7xx_HAL_Driver/Inc\stm32h7xx_ll_adc.h:7075:12
	ldr	r0, [r2, #8]
.Ltmp202:
	@DEBUG_VALUE: HAL_ADCEx_LinearCalibration_SetValue:hadc <- [DW_OP_LLVM_entry_value 1] $r0
	.loc	7 0 12 is_stmt 0                @ ../Drivers/STM32H7xx_HAL_Driver/Inc\stm32h7xx_ll_adc.h:0:12
	movw	r12, #65472
.Ltmp203:
	.loc	6 395 9 is_stmt 1               @ ../Drivers/STM32H7xx_HAL_Driver/Src/stm32h7xx_hal_adc_ex.c:395:9
	lsls.w	lr, r0, #29
	movt	r12, #32767
	@DEBUG_VALUE: LL_ADC_REG_IsConversionOngoing:ADCx <- $r2
	bpl	.LBB4_15
.Ltmp204:
@ %bb.14:
	@DEBUG_VALUE: HAL_ADCEx_LinearCalibration_SetValue:hadc <- [DW_OP_LLVM_entry_value 1] $r0
	@DEBUG_VALUE: HAL_ADCEx_LinearCalibration_SetValue:temp_REG_IsConversionOngoing <- 0
	@DEBUG_VALUE: HAL_ADCEx_LinearCalibration_SetValue:LinearCalib_Buffer <- $r1
	@DEBUG_VALUE: LL_ADC_REG_StopConversion:ADCx <- $r2
	.loc	7 7062 3                        @ ../Drivers/STM32H7xx_HAL_Driver/Inc\stm32h7xx_ll_adc.h:7062:3
	ldr	r0, [r2, #8]
	and.w	r0, r0, r12
	orr	r0, r0, #16
	str	r0, [r2, #8]
.Ltmp205:
	@DEBUG_VALUE: HAL_ADCEx_LinearCalibration_SetValue:temp_REG_IsConversionOngoing <- 1
.LBB4_15:
	@DEBUG_VALUE: HAL_ADCEx_LinearCalibration_SetValue:hadc <- [DW_OP_LLVM_entry_value 1] $r0
	@DEBUG_VALUE: HAL_ADCEx_LinearCalibration_SetValue:LinearCalib_Buffer <- $r1
	.loc	6 402 115                       @ ../Drivers/STM32H7xx_HAL_Driver/Src/stm32h7xx_hal_adc_ex.c:402:115
	ldr	r0, [r1, #20]
.Ltmp206:
	@DEBUG_VALUE: LL_ADC_SetCalibrationLinearFactor:timeout_cpu_cycles <- 524400
	@DEBUG_VALUE: LL_ADC_SetCalibrationLinearFactor:LinearityWord <- 134217728
	@DEBUG_VALUE: LL_ADC_SetCalibrationLinearFactor:ADCx <- $r2
	@DEBUG_VALUE: LL_ADC_SetCalibrationLinearFactor:CalibrationFactor <- $r0
	.loc	7 2940 3                        @ ../Drivers/STM32H7xx_HAL_Driver/Inc\stm32h7xx_ll_adc.h:2940:3
	ldr.w	r3, [r2, #200]
	and	r3, r3, #-1073741824
	orrs	r0, r3
.Ltmp207:
	str.w	r0, [r2, #200]
	movw	r3, #65535
	.loc	7 2941 3                        @ ../Drivers/STM32H7xx_HAL_Driver/Inc\stm32h7xx_ll_adc.h:2941:3
	ldr	r4, [r2, #8]
	movt	r3, #63486
.Ltmp208:
	@DEBUG_VALUE: HAL_ADCEx_LinearCalibration_SetValue:cnt <- 6
	@DEBUG_VALUE: HAL_ADCEx_LinearCalibration_SetValue:temp_REG_IsConversionOngoing <- undef
	.loc	7 0 3 is_stmt 0                 @ ../Drivers/STM32H7xx_HAL_Driver/Inc\stm32h7xx_ll_adc.h:0:3
	movw	r0, #65424
	movt	r0, #65527
	.loc	7 2941 3                        @ ../Drivers/STM32H7xx_HAL_Driver/Inc\stm32h7xx_ll_adc.h:2941:3
	ands	r4, r3
	add.w	r4, r4, #134217728
	str	r4, [r2, #8]
	mov	r4, r0
.Ltmp209:
.LBB4_16:                               @ =>This Inner Loop Header: Depth=1
	@DEBUG_VALUE: HAL_ADCEx_LinearCalibration_SetValue:cnt <- 6
	@DEBUG_VALUE: LL_ADC_SetCalibrationLinearFactor:ADCx <- $r2
	@DEBUG_VALUE: LL_ADC_SetCalibrationLinearFactor:LinearityWord <- 134217728
	@DEBUG_VALUE: HAL_ADCEx_LinearCalibration_SetValue:hadc <- [DW_OP_LLVM_entry_value 1] $r0
	@DEBUG_VALUE: HAL_ADCEx_LinearCalibration_SetValue:LinearCalib_Buffer <- $r1
	@DEBUG_VALUE: LL_ADC_SetCalibrationLinearFactor:timeout_cpu_cycles <- [DW_OP_consts 18446744073709027216, DW_OP_minus, DW_OP_consts 4, DW_OP_div, DW_OP_consts 18446744073709551612, DW_OP_mul, DW_OP_consts 524400, DW_OP_plus, DW_OP_stack_value] $r4
	.loc	7 2942 11 is_stmt 1             @ ../Drivers/STM32H7xx_HAL_Driver/Inc\stm32h7xx_ll_adc.h:2942:11
	ldr	r5, [r2, #8]
.Ltmp210:
	@DEBUG_VALUE: LL_ADC_SetCalibrationLinearFactor:timeout_cpu_cycles <- [DW_OP_constu 1, DW_OP_minus, DW_OP_stack_value] $r4
	.loc	7 2942 3 is_stmt 0              @ ../Drivers/STM32H7xx_HAL_Driver/Inc\stm32h7xx_ll_adc.h:2942:3
	lsls	r5, r5, #4
	bmi	.LBB4_20
.Ltmp211:
@ %bb.17:                               @   in Loop: Header=BB4_16 Depth=1
	@DEBUG_VALUE: LL_ADC_SetCalibrationLinearFactor:timeout_cpu_cycles <- [DW_OP_constu 1, DW_OP_minus, DW_OP_stack_value] $r4
	@DEBUG_VALUE: HAL_ADCEx_LinearCalibration_SetValue:cnt <- 6
	@DEBUG_VALUE: LL_ADC_SetCalibrationLinearFactor:ADCx <- $r2
	@DEBUG_VALUE: LL_ADC_SetCalibrationLinearFactor:LinearityWord <- 134217728
	@DEBUG_VALUE: HAL_ADCEx_LinearCalibration_SetValue:hadc <- [DW_OP_LLVM_entry_value 1] $r0
	@DEBUG_VALUE: HAL_ADCEx_LinearCalibration_SetValue:LinearCalib_Buffer <- $r1
	cbz	r4, .LBB4_20
.Ltmp212:
@ %bb.18:                               @   in Loop: Header=BB4_16 Depth=1
	@DEBUG_VALUE: LL_ADC_SetCalibrationLinearFactor:timeout_cpu_cycles <- [DW_OP_constu 1, DW_OP_minus, DW_OP_stack_value] $r4
	@DEBUG_VALUE: HAL_ADCEx_LinearCalibration_SetValue:cnt <- 6
	@DEBUG_VALUE: LL_ADC_SetCalibrationLinearFactor:ADCx <- $r2
	@DEBUG_VALUE: LL_ADC_SetCalibrationLinearFactor:LinearityWord <- 134217728
	@DEBUG_VALUE: HAL_ADCEx_LinearCalibration_SetValue:hadc <- [DW_OP_LLVM_entry_value 1] $r0
	@DEBUG_VALUE: HAL_ADCEx_LinearCalibration_SetValue:LinearCalib_Buffer <- $r1
	@DEBUG_VALUE: LL_ADC_SetCalibrationLinearFactor:timeout_cpu_cycles <- [DW_OP_constu 1, DW_OP_minus, DW_OP_stack_value] $r4
	.loc	7 2942 11                       @ ../Drivers/STM32H7xx_HAL_Driver/Inc\stm32h7xx_ll_adc.h:2942:11
	ldr	r5, [r2, #8]
.Ltmp213:
	@DEBUG_VALUE: LL_ADC_SetCalibrationLinearFactor:timeout_cpu_cycles <- [DW_OP_constu 2, DW_OP_minus, DW_OP_stack_value] $r4
	.loc	7 2942 3                        @ ../Drivers/STM32H7xx_HAL_Driver/Inc\stm32h7xx_ll_adc.h:2942:3
	lsls	r5, r5, #4
	@DEBUG_VALUE: LL_ADC_SetCalibrationLinearFactor:timeout_cpu_cycles <- [DW_OP_constu 2, DW_OP_minus, DW_OP_stack_value] $r4
	.loc	7 2942 11                       @ ../Drivers/STM32H7xx_HAL_Driver/Inc\stm32h7xx_ll_adc.h:2942:11
	itt	pl
	ldrpl	r5, [r2, #8]
.Ltmp214:
	@DEBUG_VALUE: LL_ADC_SetCalibrationLinearFactor:timeout_cpu_cycles <- [DW_OP_constu 3, DW_OP_minus, DW_OP_stack_value] $r4
	.loc	7 2942 3                        @ ../Drivers/STM32H7xx_HAL_Driver/Inc\stm32h7xx_ll_adc.h:2942:3
	lslspl.w	r5, r5, #4
	bmi	.LBB4_20
.Ltmp215:
@ %bb.19:                               @   in Loop: Header=BB4_16 Depth=1
	@DEBUG_VALUE: LL_ADC_SetCalibrationLinearFactor:timeout_cpu_cycles <- [DW_OP_constu 3, DW_OP_minus, DW_OP_stack_value] $r4
	@DEBUG_VALUE: HAL_ADCEx_LinearCalibration_SetValue:cnt <- 6
	@DEBUG_VALUE: LL_ADC_SetCalibrationLinearFactor:ADCx <- $r2
	@DEBUG_VALUE: LL_ADC_SetCalibrationLinearFactor:LinearityWord <- 134217728
	@DEBUG_VALUE: HAL_ADCEx_LinearCalibration_SetValue:hadc <- [DW_OP_LLVM_entry_value 1] $r0
	@DEBUG_VALUE: HAL_ADCEx_LinearCalibration_SetValue:LinearCalib_Buffer <- $r1
	@DEBUG_VALUE: LL_ADC_SetCalibrationLinearFactor:timeout_cpu_cycles <- [DW_OP_constu 3, DW_OP_minus, DW_OP_stack_value] $r4
	.loc	7 2942 11                       @ ../Drivers/STM32H7xx_HAL_Driver/Inc\stm32h7xx_ll_adc.h:2942:11
	ldr	r5, [r2, #8]
.Ltmp216:
	@DEBUG_VALUE: LL_ADC_SetCalibrationLinearFactor:timeout_cpu_cycles <- [DW_OP_consts 18446744073709027216, DW_OP_minus, DW_OP_consts 4, DW_OP_div, DW_OP_consts 18446744073709551612, DW_OP_mul, DW_OP_consts 524396, DW_OP_plus, DW_OP_stack_value] $r4
	.loc	7 2942 3                        @ ../Drivers/STM32H7xx_HAL_Driver/Inc\stm32h7xx_ll_adc.h:2942:3
	adds	r4, #4
.Ltmp217:
	lsls	r5, r5, #4
	bpl	.LBB4_16
.Ltmp218:
.LBB4_20:
	@DEBUG_VALUE: HAL_ADCEx_LinearCalibration_SetValue:cnt <- 6
	@DEBUG_VALUE: LL_ADC_SetCalibrationLinearFactor:ADCx <- $r2
	@DEBUG_VALUE: LL_ADC_SetCalibrationLinearFactor:LinearityWord <- 134217728
	@DEBUG_VALUE: HAL_ADCEx_LinearCalibration_SetValue:hadc <- [DW_OP_LLVM_entry_value 1] $r0
	@DEBUG_VALUE: HAL_ADCEx_LinearCalibration_SetValue:LinearCalib_Buffer <- $r1
	@DEBUG_VALUE: HAL_ADCEx_LinearCalibration_SetValue:cnt <- 5
	.loc	6 402 115 is_stmt 1             @ ../Drivers/STM32H7xx_HAL_Driver/Src/stm32h7xx_hal_adc_ex.c:402:115
	ldr	r4, [r1, #16]
.Ltmp219:
	@DEBUG_VALUE: LL_ADC_SetCalibrationLinearFactor:timeout_cpu_cycles <- 524400
	@DEBUG_VALUE: LL_ADC_SetCalibrationLinearFactor:LinearityWord <- 67108864
	@DEBUG_VALUE: LL_ADC_SetCalibrationLinearFactor:ADCx <- $r2
	@DEBUG_VALUE: LL_ADC_SetCalibrationLinearFactor:CalibrationFactor <- $r4
	.loc	7 2940 3                        @ ../Drivers/STM32H7xx_HAL_Driver/Inc\stm32h7xx_ll_adc.h:2940:3
	ldr.w	r5, [r2, #200]
	and	r5, r5, #-1073741824
	orrs	r4, r5
.Ltmp220:
	str.w	r4, [r2, #200]
	.loc	7 2941 3                        @ ../Drivers/STM32H7xx_HAL_Driver/Inc\stm32h7xx_ll_adc.h:2941:3
	ldr	r4, [r2, #8]
	add.w	r5, r3, #67108864
	ands	r4, r5
	orr	r4, r4, #67108864
	str	r4, [r2, #8]
	mov	r4, r0
.Ltmp221:
.LBB4_21:                               @ =>This Inner Loop Header: Depth=1
	@DEBUG_VALUE: LL_ADC_SetCalibrationLinearFactor:LinearityWord <- 67108864
	@DEBUG_VALUE: HAL_ADCEx_LinearCalibration_SetValue:cnt <- 5
	@DEBUG_VALUE: LL_ADC_SetCalibrationLinearFactor:ADCx <- $r2
	@DEBUG_VALUE: HAL_ADCEx_LinearCalibration_SetValue:hadc <- [DW_OP_LLVM_entry_value 1] $r0
	@DEBUG_VALUE: HAL_ADCEx_LinearCalibration_SetValue:LinearCalib_Buffer <- $r1
	@DEBUG_VALUE: LL_ADC_SetCalibrationLinearFactor:timeout_cpu_cycles <- [DW_OP_consts 18446744073709027216, DW_OP_minus, DW_OP_consts 4, DW_OP_div, DW_OP_consts 18446744073709551612, DW_OP_mul, DW_OP_consts 524400, DW_OP_plus, DW_OP_stack_value] $r4
	.loc	7 2942 11                       @ ../Drivers/STM32H7xx_HAL_Driver/Inc\stm32h7xx_ll_adc.h:2942:11
	ldr	r5, [r2, #8]
.Ltmp222:
	@DEBUG_VALUE: LL_ADC_SetCalibrationLinearFactor:timeout_cpu_cycles <- [DW_OP_constu 1, DW_OP_minus, DW_OP_stack_value] $r4
	.loc	7 2942 3 is_stmt 0              @ ../Drivers/STM32H7xx_HAL_Driver/Inc\stm32h7xx_ll_adc.h:2942:3
	lsls	r5, r5, #5
	bmi	.LBB4_25
.Ltmp223:
@ %bb.22:                               @   in Loop: Header=BB4_21 Depth=1
	@DEBUG_VALUE: LL_ADC_SetCalibrationLinearFactor:LinearityWord <- 67108864
	@DEBUG_VALUE: HAL_ADCEx_LinearCalibration_SetValue:cnt <- 5
	@DEBUG_VALUE: LL_ADC_SetCalibrationLinearFactor:timeout_cpu_cycles <- [DW_OP_constu 1, DW_OP_minus, DW_OP_stack_value] $r4
	@DEBUG_VALUE: LL_ADC_SetCalibrationLinearFactor:ADCx <- $r2
	@DEBUG_VALUE: HAL_ADCEx_LinearCalibration_SetValue:hadc <- [DW_OP_LLVM_entry_value 1] $r0
	@DEBUG_VALUE: HAL_ADCEx_LinearCalibration_SetValue:LinearCalib_Buffer <- $r1
	cbz	r4, .LBB4_25
.Ltmp224:
@ %bb.23:                               @   in Loop: Header=BB4_21 Depth=1
	@DEBUG_VALUE: LL_ADC_SetCalibrationLinearFactor:LinearityWord <- 67108864
	@DEBUG_VALUE: HAL_ADCEx_LinearCalibration_SetValue:cnt <- 5
	@DEBUG_VALUE: LL_ADC_SetCalibrationLinearFactor:timeout_cpu_cycles <- [DW_OP_constu 1, DW_OP_minus, DW_OP_stack_value] $r4
	@DEBUG_VALUE: LL_ADC_SetCalibrationLinearFactor:ADCx <- $r2
	@DEBUG_VALUE: HAL_ADCEx_LinearCalibration_SetValue:hadc <- [DW_OP_LLVM_entry_value 1] $r0
	@DEBUG_VALUE: HAL_ADCEx_LinearCalibration_SetValue:LinearCalib_Buffer <- $r1
	@DEBUG_VALUE: LL_ADC_SetCalibrationLinearFactor:timeout_cpu_cycles <- [DW_OP_constu 1, DW_OP_minus, DW_OP_stack_value] $r4
	.loc	7 2942 11                       @ ../Drivers/STM32H7xx_HAL_Driver/Inc\stm32h7xx_ll_adc.h:2942:11
	ldr	r5, [r2, #8]
.Ltmp225:
	@DEBUG_VALUE: LL_ADC_SetCalibrationLinearFactor:timeout_cpu_cycles <- [DW_OP_constu 2, DW_OP_minus, DW_OP_stack_value] $r4
	.loc	7 2942 3                        @ ../Drivers/STM32H7xx_HAL_Driver/Inc\stm32h7xx_ll_adc.h:2942:3
	lsls	r5, r5, #5
	@DEBUG_VALUE: LL_ADC_SetCalibrationLinearFactor:timeout_cpu_cycles <- [DW_OP_constu 2, DW_OP_minus, DW_OP_stack_value] $r4
	.loc	7 2942 11                       @ ../Drivers/STM32H7xx_HAL_Driver/Inc\stm32h7xx_ll_adc.h:2942:11
	itt	pl
	ldrpl	r5, [r2, #8]
.Ltmp226:
	@DEBUG_VALUE: LL_ADC_SetCalibrationLinearFactor:timeout_cpu_cycles <- [DW_OP_constu 3, DW_OP_minus, DW_OP_stack_value] $r4
	.loc	7 2942 3                        @ ../Drivers/STM32H7xx_HAL_Driver/Inc\stm32h7xx_ll_adc.h:2942:3
	lslspl.w	r5, r5, #5
	bmi	.LBB4_25
.Ltmp227:
@ %bb.24:                               @   in Loop: Header=BB4_21 Depth=1
	@DEBUG_VALUE: LL_ADC_SetCalibrationLinearFactor:LinearityWord <- 67108864
	@DEBUG_VALUE: HAL_ADCEx_LinearCalibration_SetValue:cnt <- 5
	@DEBUG_VALUE: LL_ADC_SetCalibrationLinearFactor:timeout_cpu_cycles <- [DW_OP_constu 3, DW_OP_minus, DW_OP_stack_value] $r4
	@DEBUG_VALUE: LL_ADC_SetCalibrationLinearFactor:ADCx <- $r2
	@DEBUG_VALUE: HAL_ADCEx_LinearCalibration_SetValue:hadc <- [DW_OP_LLVM_entry_value 1] $r0
	@DEBUG_VALUE: HAL_ADCEx_LinearCalibration_SetValue:LinearCalib_Buffer <- $r1
	@DEBUG_VALUE: LL_ADC_SetCalibrationLinearFactor:timeout_cpu_cycles <- [DW_OP_constu 3, DW_OP_minus, DW_OP_stack_value] $r4
	.loc	7 2942 11                       @ ../Drivers/STM32H7xx_HAL_Driver/Inc\stm32h7xx_ll_adc.h:2942:11
	ldr	r5, [r2, #8]
.Ltmp228:
	@DEBUG_VALUE: LL_ADC_SetCalibrationLinearFactor:timeout_cpu_cycles <- [DW_OP_consts 18446744073709027216, DW_OP_minus, DW_OP_consts 4, DW_OP_div, DW_OP_consts 18446744073709551612, DW_OP_mul, DW_OP_consts 524396, DW_OP_plus, DW_OP_stack_value] $r4
	.loc	7 2942 3                        @ ../Drivers/STM32H7xx_HAL_Driver/Inc\stm32h7xx_ll_adc.h:2942:3
	adds	r4, #4
.Ltmp229:
	lsls	r5, r5, #5
	bpl	.LBB4_21
.Ltmp230:
.LBB4_25:
	@DEBUG_VALUE: LL_ADC_SetCalibrationLinearFactor:LinearityWord <- 67108864
	@DEBUG_VALUE: HAL_ADCEx_LinearCalibration_SetValue:cnt <- 5
	@DEBUG_VALUE: LL_ADC_SetCalibrationLinearFactor:ADCx <- $r2
	@DEBUG_VALUE: HAL_ADCEx_LinearCalibration_SetValue:hadc <- [DW_OP_LLVM_entry_value 1] $r0
	@DEBUG_VALUE: HAL_ADCEx_LinearCalibration_SetValue:LinearCalib_Buffer <- $r1
	@DEBUG_VALUE: HAL_ADCEx_LinearCalibration_SetValue:cnt <- 4
	.loc	6 402 115 is_stmt 1             @ ../Drivers/STM32H7xx_HAL_Driver/Src/stm32h7xx_hal_adc_ex.c:402:115
	ldr	r4, [r1, #12]
.Ltmp231:
	@DEBUG_VALUE: LL_ADC_SetCalibrationLinearFactor:timeout_cpu_cycles <- 524400
	@DEBUG_VALUE: LL_ADC_SetCalibrationLinearFactor:LinearityWord <- 33554432
	@DEBUG_VALUE: LL_ADC_SetCalibrationLinearFactor:ADCx <- $r2
	@DEBUG_VALUE: LL_ADC_SetCalibrationLinearFactor:CalibrationFactor <- $r4
	.loc	7 2940 3                        @ ../Drivers/STM32H7xx_HAL_Driver/Inc\stm32h7xx_ll_adc.h:2940:3
	ldr.w	r5, [r2, #200]
	and	r5, r5, #-1073741824
	orrs	r4, r5
.Ltmp232:
	str.w	r4, [r2, #200]
	.loc	7 2941 3                        @ ../Drivers/STM32H7xx_HAL_Driver/Inc\stm32h7xx_ll_adc.h:2941:3
	ldr	r4, [r2, #8]
	add.w	r5, r3, #100663296
	ands	r4, r5
	orr	r4, r4, #33554432
	str	r4, [r2, #8]
	mov	r4, r0
.Ltmp233:
.LBB4_26:                               @ =>This Inner Loop Header: Depth=1
	@DEBUG_VALUE: LL_ADC_SetCalibrationLinearFactor:LinearityWord <- 33554432
	@DEBUG_VALUE: HAL_ADCEx_LinearCalibration_SetValue:cnt <- 4
	@DEBUG_VALUE: LL_ADC_SetCalibrationLinearFactor:ADCx <- $r2
	@DEBUG_VALUE: HAL_ADCEx_LinearCalibration_SetValue:hadc <- [DW_OP_LLVM_entry_value 1] $r0
	@DEBUG_VALUE: HAL_ADCEx_LinearCalibration_SetValue:LinearCalib_Buffer <- $r1
	@DEBUG_VALUE: LL_ADC_SetCalibrationLinearFactor:timeout_cpu_cycles <- [DW_OP_consts 18446744073709027216, DW_OP_minus, DW_OP_consts 4, DW_OP_div, DW_OP_consts 18446744073709551612, DW_OP_mul, DW_OP_consts 524400, DW_OP_plus, DW_OP_stack_value] $r4
	.loc	7 2942 11                       @ ../Drivers/STM32H7xx_HAL_Driver/Inc\stm32h7xx_ll_adc.h:2942:11
	ldr	r5, [r2, #8]
.Ltmp234:
	@DEBUG_VALUE: LL_ADC_SetCalibrationLinearFactor:timeout_cpu_cycles <- [DW_OP_constu 1, DW_OP_minus, DW_OP_stack_value] $r4
	.loc	7 2942 3 is_stmt 0              @ ../Drivers/STM32H7xx_HAL_Driver/Inc\stm32h7xx_ll_adc.h:2942:3
	lsls	r5, r5, #6
	bmi	.LBB4_30
.Ltmp235:
@ %bb.27:                               @   in Loop: Header=BB4_26 Depth=1
	@DEBUG_VALUE: LL_ADC_SetCalibrationLinearFactor:LinearityWord <- 33554432
	@DEBUG_VALUE: HAL_ADCEx_LinearCalibration_SetValue:cnt <- 4
	@DEBUG_VALUE: LL_ADC_SetCalibrationLinearFactor:timeout_cpu_cycles <- [DW_OP_constu 1, DW_OP_minus, DW_OP_stack_value] $r4
	@DEBUG_VALUE: LL_ADC_SetCalibrationLinearFactor:ADCx <- $r2
	@DEBUG_VALUE: HAL_ADCEx_LinearCalibration_SetValue:hadc <- [DW_OP_LLVM_entry_value 1] $r0
	@DEBUG_VALUE: HAL_ADCEx_LinearCalibration_SetValue:LinearCalib_Buffer <- $r1
	cbz	r4, .LBB4_30
.Ltmp236:
@ %bb.28:                               @   in Loop: Header=BB4_26 Depth=1
	@DEBUG_VALUE: LL_ADC_SetCalibrationLinearFactor:LinearityWord <- 33554432
	@DEBUG_VALUE: HAL_ADCEx_LinearCalibration_SetValue:cnt <- 4
	@DEBUG_VALUE: LL_ADC_SetCalibrationLinearFactor:timeout_cpu_cycles <- [DW_OP_constu 1, DW_OP_minus, DW_OP_stack_value] $r4
	@DEBUG_VALUE: LL_ADC_SetCalibrationLinearFactor:ADCx <- $r2
	@DEBUG_VALUE: HAL_ADCEx_LinearCalibration_SetValue:hadc <- [DW_OP_LLVM_entry_value 1] $r0
	@DEBUG_VALUE: HAL_ADCEx_LinearCalibration_SetValue:LinearCalib_Buffer <- $r1
	@DEBUG_VALUE: LL_ADC_SetCalibrationLinearFactor:timeout_cpu_cycles <- [DW_OP_constu 1, DW_OP_minus, DW_OP_stack_value] $r4
	.loc	7 2942 11                       @ ../Drivers/STM32H7xx_HAL_Driver/Inc\stm32h7xx_ll_adc.h:2942:11
	ldr	r5, [r2, #8]
.Ltmp237:
	@DEBUG_VALUE: LL_ADC_SetCalibrationLinearFactor:timeout_cpu_cycles <- [DW_OP_constu 2, DW_OP_minus, DW_OP_stack_value] $r4
	.loc	7 2942 3                        @ ../Drivers/STM32H7xx_HAL_Driver/Inc\stm32h7xx_ll_adc.h:2942:3
	lsls	r5, r5, #6
	@DEBUG_VALUE: LL_ADC_SetCalibrationLinearFactor:timeout_cpu_cycles <- [DW_OP_constu 2, DW_OP_minus, DW_OP_stack_value] $r4
	.loc	7 2942 11                       @ ../Drivers/STM32H7xx_HAL_Driver/Inc\stm32h7xx_ll_adc.h:2942:11
	itt	pl
	ldrpl	r5, [r2, #8]
.Ltmp238:
	@DEBUG_VALUE: LL_ADC_SetCalibrationLinearFactor:timeout_cpu_cycles <- [DW_OP_constu 3, DW_OP_minus, DW_OP_stack_value] $r4
	.loc	7 2942 3                        @ ../Drivers/STM32H7xx_HAL_Driver/Inc\stm32h7xx_ll_adc.h:2942:3
	lslspl.w	r5, r5, #6
	bmi	.LBB4_30
.Ltmp239:
@ %bb.29:                               @   in Loop: Header=BB4_26 Depth=1
	@DEBUG_VALUE: LL_ADC_SetCalibrationLinearFactor:LinearityWord <- 33554432
	@DEBUG_VALUE: HAL_ADCEx_LinearCalibration_SetValue:cnt <- 4
	@DEBUG_VALUE: LL_ADC_SetCalibrationLinearFactor:timeout_cpu_cycles <- [DW_OP_constu 3, DW_OP_minus, DW_OP_stack_value] $r4
	@DEBUG_VALUE: LL_ADC_SetCalibrationLinearFactor:ADCx <- $r2
	@DEBUG_VALUE: HAL_ADCEx_LinearCalibration_SetValue:hadc <- [DW_OP_LLVM_entry_value 1] $r0
	@DEBUG_VALUE: HAL_ADCEx_LinearCalibration_SetValue:LinearCalib_Buffer <- $r1
	@DEBUG_VALUE: LL_ADC_SetCalibrationLinearFactor:timeout_cpu_cycles <- [DW_OP_constu 3, DW_OP_minus, DW_OP_stack_value] $r4
	.loc	7 2942 11                       @ ../Drivers/STM32H7xx_HAL_Driver/Inc\stm32h7xx_ll_adc.h:2942:11
	ldr	r5, [r2, #8]
.Ltmp240:
	@DEBUG_VALUE: LL_ADC_SetCalibrationLinearFactor:timeout_cpu_cycles <- [DW_OP_consts 18446744073709027216, DW_OP_minus, DW_OP_consts 4, DW_OP_div, DW_OP_consts 18446744073709551612, DW_OP_mul, DW_OP_consts 524396, DW_OP_plus, DW_OP_stack_value] $r4
	.loc	7 2942 3                        @ ../Drivers/STM32H7xx_HAL_Driver/Inc\stm32h7xx_ll_adc.h:2942:3
	adds	r4, #4
.Ltmp241:
	lsls	r5, r5, #6
	bpl	.LBB4_26
.Ltmp242:
.LBB4_30:
	@DEBUG_VALUE: LL_ADC_SetCalibrationLinearFactor:LinearityWord <- 33554432
	@DEBUG_VALUE: HAL_ADCEx_LinearCalibration_SetValue:cnt <- 4
	@DEBUG_VALUE: LL_ADC_SetCalibrationLinearFactor:ADCx <- $r2
	@DEBUG_VALUE: HAL_ADCEx_LinearCalibration_SetValue:hadc <- [DW_OP_LLVM_entry_value 1] $r0
	@DEBUG_VALUE: HAL_ADCEx_LinearCalibration_SetValue:LinearCalib_Buffer <- $r1
	@DEBUG_VALUE: HAL_ADCEx_LinearCalibration_SetValue:cnt <- 3
	.loc	6 402 115 is_stmt 1             @ ../Drivers/STM32H7xx_HAL_Driver/Src/stm32h7xx_hal_adc_ex.c:402:115
	ldr	r4, [r1, #8]
.Ltmp243:
	@DEBUG_VALUE: LL_ADC_SetCalibrationLinearFactor:timeout_cpu_cycles <- 524400
	@DEBUG_VALUE: LL_ADC_SetCalibrationLinearFactor:LinearityWord <- 16777216
	@DEBUG_VALUE: LL_ADC_SetCalibrationLinearFactor:ADCx <- $r2
	@DEBUG_VALUE: LL_ADC_SetCalibrationLinearFactor:CalibrationFactor <- $r4
	.loc	7 2940 3                        @ ../Drivers/STM32H7xx_HAL_Driver/Inc\stm32h7xx_ll_adc.h:2940:3
	ldr.w	r5, [r2, #200]
	and	r5, r5, #-1073741824
	.loc	7 2941 3                        @ ../Drivers/STM32H7xx_HAL_Driver/Inc\stm32h7xx_ll_adc.h:2941:3
	add.w	r3, r3, #117440512
	.loc	7 2940 3                        @ ../Drivers/STM32H7xx_HAL_Driver/Inc\stm32h7xx_ll_adc.h:2940:3
	orrs	r4, r5
.Ltmp244:
	str.w	r4, [r2, #200]
	.loc	7 2941 3                        @ ../Drivers/STM32H7xx_HAL_Driver/Inc\stm32h7xx_ll_adc.h:2941:3
	ldr	r4, [r2, #8]
	ands	r3, r4
	orr	r3, r3, #16777216
	str	r3, [r2, #8]
	mov	r3, r0
.Ltmp245:
.LBB4_31:                               @ =>This Inner Loop Header: Depth=1
	@DEBUG_VALUE: LL_ADC_SetCalibrationLinearFactor:LinearityWord <- 16777216
	@DEBUG_VALUE: HAL_ADCEx_LinearCalibration_SetValue:cnt <- 3
	@DEBUG_VALUE: LL_ADC_SetCalibrationLinearFactor:ADCx <- $r2
	@DEBUG_VALUE: HAL_ADCEx_LinearCalibration_SetValue:hadc <- [DW_OP_LLVM_entry_value 1] $r0
	@DEBUG_VALUE: HAL_ADCEx_LinearCalibration_SetValue:LinearCalib_Buffer <- $r1
	@DEBUG_VALUE: LL_ADC_SetCalibrationLinearFactor:timeout_cpu_cycles <- [DW_OP_consts 18446744073709027216, DW_OP_minus, DW_OP_consts 4, DW_OP_div, DW_OP_consts 18446744073709551612, DW_OP_mul, DW_OP_consts 524400, DW_OP_plus, DW_OP_stack_value] $r3
	.loc	7 2942 11                       @ ../Drivers/STM32H7xx_HAL_Driver/Inc\stm32h7xx_ll_adc.h:2942:11
	ldr	r4, [r2, #8]
.Ltmp246:
	@DEBUG_VALUE: LL_ADC_SetCalibrationLinearFactor:timeout_cpu_cycles <- [DW_OP_constu 1, DW_OP_minus, DW_OP_stack_value] $r3
	.loc	7 2942 3 is_stmt 0              @ ../Drivers/STM32H7xx_HAL_Driver/Inc\stm32h7xx_ll_adc.h:2942:3
	lsls	r4, r4, #7
	bmi	.LBB4_35
.Ltmp247:
@ %bb.32:                               @   in Loop: Header=BB4_31 Depth=1
	@DEBUG_VALUE: LL_ADC_SetCalibrationLinearFactor:timeout_cpu_cycles <- [DW_OP_constu 1, DW_OP_minus, DW_OP_stack_value] $r3
	@DEBUG_VALUE: LL_ADC_SetCalibrationLinearFactor:LinearityWord <- 16777216
	@DEBUG_VALUE: HAL_ADCEx_LinearCalibration_SetValue:cnt <- 3
	@DEBUG_VALUE: LL_ADC_SetCalibrationLinearFactor:ADCx <- $r2
	@DEBUG_VALUE: HAL_ADCEx_LinearCalibration_SetValue:hadc <- [DW_OP_LLVM_entry_value 1] $r0
	@DEBUG_VALUE: HAL_ADCEx_LinearCalibration_SetValue:LinearCalib_Buffer <- $r1
	cbz	r3, .LBB4_35
.Ltmp248:
@ %bb.33:                               @   in Loop: Header=BB4_31 Depth=1
	@DEBUG_VALUE: LL_ADC_SetCalibrationLinearFactor:timeout_cpu_cycles <- [DW_OP_constu 1, DW_OP_minus, DW_OP_stack_value] $r3
	@DEBUG_VALUE: LL_ADC_SetCalibrationLinearFactor:LinearityWord <- 16777216
	@DEBUG_VALUE: HAL_ADCEx_LinearCalibration_SetValue:cnt <- 3
	@DEBUG_VALUE: LL_ADC_SetCalibrationLinearFactor:ADCx <- $r2
	@DEBUG_VALUE: HAL_ADCEx_LinearCalibration_SetValue:hadc <- [DW_OP_LLVM_entry_value 1] $r0
	@DEBUG_VALUE: HAL_ADCEx_LinearCalibration_SetValue:LinearCalib_Buffer <- $r1
	@DEBUG_VALUE: LL_ADC_SetCalibrationLinearFactor:timeout_cpu_cycles <- [DW_OP_constu 1, DW_OP_minus, DW_OP_stack_value] $r3
	.loc	7 2942 11                       @ ../Drivers/STM32H7xx_HAL_Driver/Inc\stm32h7xx_ll_adc.h:2942:11
	ldr	r4, [r2, #8]
.Ltmp249:
	@DEBUG_VALUE: LL_ADC_SetCalibrationLinearFactor:timeout_cpu_cycles <- [DW_OP_constu 2, DW_OP_minus, DW_OP_stack_value] $r3
	.loc	7 2942 3                        @ ../Drivers/STM32H7xx_HAL_Driver/Inc\stm32h7xx_ll_adc.h:2942:3
	lsls	r4, r4, #7
	@DEBUG_VALUE: LL_ADC_SetCalibrationLinearFactor:timeout_cpu_cycles <- [DW_OP_constu 2, DW_OP_minus, DW_OP_stack_value] $r3
	.loc	7 2942 11                       @ ../Drivers/STM32H7xx_HAL_Driver/Inc\stm32h7xx_ll_adc.h:2942:11
	itt	pl
	ldrpl	r4, [r2, #8]
.Ltmp250:
	@DEBUG_VALUE: LL_ADC_SetCalibrationLinearFactor:timeout_cpu_cycles <- [DW_OP_constu 3, DW_OP_minus, DW_OP_stack_value] $r3
	.loc	7 2942 3                        @ ../Drivers/STM32H7xx_HAL_Driver/Inc\stm32h7xx_ll_adc.h:2942:3
	lslspl.w	r4, r4, #7
	bmi	.LBB4_35
.Ltmp251:
@ %bb.34:                               @   in Loop: Header=BB4_31 Depth=1
	@DEBUG_VALUE: LL_ADC_SetCalibrationLinearFactor:timeout_cpu_cycles <- [DW_OP_constu 3, DW_OP_minus, DW_OP_stack_value] $r3
	@DEBUG_VALUE: LL_ADC_SetCalibrationLinearFactor:LinearityWord <- 16777216
	@DEBUG_VALUE: HAL_ADCEx_LinearCalibration_SetValue:cnt <- 3
	@DEBUG_VALUE: LL_ADC_SetCalibrationLinearFactor:ADCx <- $r2
	@DEBUG_VALUE: HAL_ADCEx_LinearCalibration_SetValue:hadc <- [DW_OP_LLVM_entry_value 1] $r0
	@DEBUG_VALUE: HAL_ADCEx_LinearCalibration_SetValue:LinearCalib_Buffer <- $r1
	@DEBUG_VALUE: LL_ADC_SetCalibrationLinearFactor:timeout_cpu_cycles <- [DW_OP_constu 3, DW_OP_minus, DW_OP_stack_value] $r3
	.loc	7 2942 11                       @ ../Drivers/STM32H7xx_HAL_Driver/Inc\stm32h7xx_ll_adc.h:2942:11
	ldr	r4, [r2, #8]
.Ltmp252:
	@DEBUG_VALUE: LL_ADC_SetCalibrationLinearFactor:timeout_cpu_cycles <- [DW_OP_consts 18446744073709027216, DW_OP_minus, DW_OP_consts 4, DW_OP_div, DW_OP_consts 18446744073709551612, DW_OP_mul, DW_OP_consts 524396, DW_OP_plus, DW_OP_stack_value] $r3
	.loc	7 2942 3                        @ ../Drivers/STM32H7xx_HAL_Driver/Inc\stm32h7xx_ll_adc.h:2942:3
	adds	r3, #4
.Ltmp253:
	lsls	r4, r4, #7
	bpl	.LBB4_31
.Ltmp254:
.LBB4_35:
	@DEBUG_VALUE: LL_ADC_SetCalibrationLinearFactor:LinearityWord <- 16777216
	@DEBUG_VALUE: HAL_ADCEx_LinearCalibration_SetValue:cnt <- 3
	@DEBUG_VALUE: LL_ADC_SetCalibrationLinearFactor:ADCx <- $r2
	@DEBUG_VALUE: HAL_ADCEx_LinearCalibration_SetValue:hadc <- [DW_OP_LLVM_entry_value 1] $r0
	@DEBUG_VALUE: HAL_ADCEx_LinearCalibration_SetValue:LinearCalib_Buffer <- $r1
	@DEBUG_VALUE: HAL_ADCEx_LinearCalibration_SetValue:cnt <- 2
	.loc	6 402 115 is_stmt 1             @ ../Drivers/STM32H7xx_HAL_Driver/Src/stm32h7xx_hal_adc_ex.c:402:115
	ldr	r3, [r1, #4]
.Ltmp255:
	@DEBUG_VALUE: LL_ADC_SetCalibrationLinearFactor:timeout_cpu_cycles <- 524400
	@DEBUG_VALUE: LL_ADC_SetCalibrationLinearFactor:LinearityWord <- 8388608
	@DEBUG_VALUE: LL_ADC_SetCalibrationLinearFactor:ADCx <- $r2
	@DEBUG_VALUE: LL_ADC_SetCalibrationLinearFactor:CalibrationFactor <- $r3
	.loc	7 2940 3                        @ ../Drivers/STM32H7xx_HAL_Driver/Inc\stm32h7xx_ll_adc.h:2940:3
	ldr.w	r4, [r2, #200]
	and	r4, r4, #-1073741824
	orrs	r3, r4
.Ltmp256:
	str.w	r3, [r2, #200]
	.loc	7 2941 3                        @ ../Drivers/STM32H7xx_HAL_Driver/Inc\stm32h7xx_ll_adc.h:2941:3
	ldr	r3, [r2, #8]
	bic	r3, r3, #8454144
	add.w	r3, r3, #8388608
	str	r3, [r2, #8]
	mov	r3, r0
.Ltmp257:
.LBB4_36:                               @ =>This Inner Loop Header: Depth=1
	@DEBUG_VALUE: LL_ADC_SetCalibrationLinearFactor:LinearityWord <- 8388608
	@DEBUG_VALUE: HAL_ADCEx_LinearCalibration_SetValue:cnt <- 2
	@DEBUG_VALUE: LL_ADC_SetCalibrationLinearFactor:ADCx <- $r2
	@DEBUG_VALUE: HAL_ADCEx_LinearCalibration_SetValue:hadc <- [DW_OP_LLVM_entry_value 1] $r0
	@DEBUG_VALUE: HAL_ADCEx_LinearCalibration_SetValue:LinearCalib_Buffer <- $r1
	@DEBUG_VALUE: LL_ADC_SetCalibrationLinearFactor:timeout_cpu_cycles <- [DW_OP_consts 18446744073709027216, DW_OP_minus, DW_OP_consts 4, DW_OP_div, DW_OP_consts 18446744073709551612, DW_OP_mul, DW_OP_consts 524400, DW_OP_plus, DW_OP_stack_value] $r3
	.loc	7 2942 11                       @ ../Drivers/STM32H7xx_HAL_Driver/Inc\stm32h7xx_ll_adc.h:2942:11
	ldr	r4, [r2, #8]
.Ltmp258:
	@DEBUG_VALUE: LL_ADC_SetCalibrationLinearFactor:timeout_cpu_cycles <- [DW_OP_constu 1, DW_OP_minus, DW_OP_stack_value] $r3
	.loc	7 2942 3 is_stmt 0              @ ../Drivers/STM32H7xx_HAL_Driver/Inc\stm32h7xx_ll_adc.h:2942:3
	lsls	r4, r4, #8
	bmi	.LBB4_40
.Ltmp259:
@ %bb.37:                               @   in Loop: Header=BB4_36 Depth=1
	@DEBUG_VALUE: LL_ADC_SetCalibrationLinearFactor:LinearityWord <- 8388608
	@DEBUG_VALUE: HAL_ADCEx_LinearCalibration_SetValue:cnt <- 2
	@DEBUG_VALUE: LL_ADC_SetCalibrationLinearFactor:timeout_cpu_cycles <- [DW_OP_constu 1, DW_OP_minus, DW_OP_stack_value] $r3
	@DEBUG_VALUE: LL_ADC_SetCalibrationLinearFactor:ADCx <- $r2
	@DEBUG_VALUE: HAL_ADCEx_LinearCalibration_SetValue:hadc <- [DW_OP_LLVM_entry_value 1] $r0
	@DEBUG_VALUE: HAL_ADCEx_LinearCalibration_SetValue:LinearCalib_Buffer <- $r1
	cbz	r3, .LBB4_40
.Ltmp260:
@ %bb.38:                               @   in Loop: Header=BB4_36 Depth=1
	@DEBUG_VALUE: LL_ADC_SetCalibrationLinearFactor:LinearityWord <- 8388608
	@DEBUG_VALUE: HAL_ADCEx_LinearCalibration_SetValue:cnt <- 2
	@DEBUG_VALUE: LL_ADC_SetCalibrationLinearFactor:timeout_cpu_cycles <- [DW_OP_constu 1, DW_OP_minus, DW_OP_stack_value] $r3
	@DEBUG_VALUE: LL_ADC_SetCalibrationLinearFactor:ADCx <- $r2
	@DEBUG_VALUE: HAL_ADCEx_LinearCalibration_SetValue:hadc <- [DW_OP_LLVM_entry_value 1] $r0
	@DEBUG_VALUE: HAL_ADCEx_LinearCalibration_SetValue:LinearCalib_Buffer <- $r1
	@DEBUG_VALUE: LL_ADC_SetCalibrationLinearFactor:timeout_cpu_cycles <- [DW_OP_constu 1, DW_OP_minus, DW_OP_stack_value] $r3
	.loc	7 2942 11                       @ ../Drivers/STM32H7xx_HAL_Driver/Inc\stm32h7xx_ll_adc.h:2942:11
	ldr	r4, [r2, #8]
.Ltmp261:
	@DEBUG_VALUE: LL_ADC_SetCalibrationLinearFactor:timeout_cpu_cycles <- [DW_OP_constu 2, DW_OP_minus, DW_OP_stack_value] $r3
	.loc	7 2942 3                        @ ../Drivers/STM32H7xx_HAL_Driver/Inc\stm32h7xx_ll_adc.h:2942:3
	lsls	r4, r4, #8
	@DEBUG_VALUE: LL_ADC_SetCalibrationLinearFactor:timeout_cpu_cycles <- [DW_OP_constu 2, DW_OP_minus, DW_OP_stack_value] $r3
	.loc	7 2942 11                       @ ../Drivers/STM32H7xx_HAL_Driver/Inc\stm32h7xx_ll_adc.h:2942:11
	itt	pl
	ldrpl	r4, [r2, #8]
.Ltmp262:
	@DEBUG_VALUE: LL_ADC_SetCalibrationLinearFactor:timeout_cpu_cycles <- [DW_OP_constu 3, DW_OP_minus, DW_OP_stack_value] $r3
	.loc	7 2942 3                        @ ../Drivers/STM32H7xx_HAL_Driver/Inc\stm32h7xx_ll_adc.h:2942:3
	lslspl.w	r4, r4, #8
	bmi	.LBB4_40
.Ltmp263:
@ %bb.39:                               @   in Loop: Header=BB4_36 Depth=1
	@DEBUG_VALUE: LL_ADC_SetCalibrationLinearFactor:LinearityWord <- 8388608
	@DEBUG_VALUE: HAL_ADCEx_LinearCalibration_SetValue:cnt <- 2
	@DEBUG_VALUE: LL_ADC_SetCalibrationLinearFactor:timeout_cpu_cycles <- [DW_OP_constu 3, DW_OP_minus, DW_OP_stack_value] $r3
	@DEBUG_VALUE: LL_ADC_SetCalibrationLinearFactor:ADCx <- $r2
	@DEBUG_VALUE: HAL_ADCEx_LinearCalibration_SetValue:hadc <- [DW_OP_LLVM_entry_value 1] $r0
	@DEBUG_VALUE: HAL_ADCEx_LinearCalibration_SetValue:LinearCalib_Buffer <- $r1
	@DEBUG_VALUE: LL_ADC_SetCalibrationLinearFactor:timeout_cpu_cycles <- [DW_OP_constu 3, DW_OP_minus, DW_OP_stack_value] $r3
	.loc	7 2942 11                       @ ../Drivers/STM32H7xx_HAL_Driver/Inc\stm32h7xx_ll_adc.h:2942:11
	ldr	r4, [r2, #8]
.Ltmp264:
	@DEBUG_VALUE: LL_ADC_SetCalibrationLinearFactor:timeout_cpu_cycles <- [DW_OP_consts 18446744073709027216, DW_OP_minus, DW_OP_consts 4, DW_OP_div, DW_OP_consts 18446744073709551612, DW_OP_mul, DW_OP_consts 524396, DW_OP_plus, DW_OP_stack_value] $r3
	.loc	7 2942 3                        @ ../Drivers/STM32H7xx_HAL_Driver/Inc\stm32h7xx_ll_adc.h:2942:3
	adds	r3, #4
.Ltmp265:
	lsls	r4, r4, #8
	bpl	.LBB4_36
.Ltmp266:
.LBB4_40:
	@DEBUG_VALUE: LL_ADC_SetCalibrationLinearFactor:LinearityWord <- 8388608
	@DEBUG_VALUE: HAL_ADCEx_LinearCalibration_SetValue:cnt <- 2
	@DEBUG_VALUE: LL_ADC_SetCalibrationLinearFactor:ADCx <- $r2
	@DEBUG_VALUE: HAL_ADCEx_LinearCalibration_SetValue:hadc <- [DW_OP_LLVM_entry_value 1] $r0
	@DEBUG_VALUE: HAL_ADCEx_LinearCalibration_SetValue:LinearCalib_Buffer <- $r1
	@DEBUG_VALUE: HAL_ADCEx_LinearCalibration_SetValue:cnt <- 1
	.loc	6 402 115 is_stmt 1             @ ../Drivers/STM32H7xx_HAL_Driver/Src/stm32h7xx_hal_adc_ex.c:402:115
	ldr	r1, [r1]
.Ltmp267:
	@DEBUG_VALUE: HAL_ADCEx_LinearCalibration_SetValue:LinearCalib_Buffer <- [DW_OP_LLVM_entry_value 1] $r1
	@DEBUG_VALUE: LL_ADC_SetCalibrationLinearFactor:timeout_cpu_cycles <- 524400
	@DEBUG_VALUE: LL_ADC_SetCalibrationLinearFactor:LinearityWord <- 4194304
	@DEBUG_VALUE: LL_ADC_SetCalibrationLinearFactor:ADCx <- $r2
	@DEBUG_VALUE: LL_ADC_SetCalibrationLinearFactor:CalibrationFactor <- $r1
	.loc	7 2940 3                        @ ../Drivers/STM32H7xx_HAL_Driver/Inc\stm32h7xx_ll_adc.h:2940:3
	ldr.w	r3, [r2, #200]
	and	r3, r3, #-1073741824
	orrs	r1, r3
.Ltmp268:
	str.w	r1, [r2, #200]
	.loc	7 2941 3                        @ ../Drivers/STM32H7xx_HAL_Driver/Inc\stm32h7xx_ll_adc.h:2941:3
	ldr	r1, [r2, #8]
	bic	r1, r1, #4259840
	add.w	r1, r1, #4194304
	str	r1, [r2, #8]
.Ltmp269:
.LBB4_41:                               @ =>This Inner Loop Header: Depth=1
	@DEBUG_VALUE: LL_ADC_SetCalibrationLinearFactor:LinearityWord <- 4194304
	@DEBUG_VALUE: HAL_ADCEx_LinearCalibration_SetValue:LinearCalib_Buffer <- [DW_OP_LLVM_entry_value 1] $r1
	@DEBUG_VALUE: HAL_ADCEx_LinearCalibration_SetValue:cnt <- 1
	@DEBUG_VALUE: LL_ADC_SetCalibrationLinearFactor:ADCx <- $r2
	@DEBUG_VALUE: HAL_ADCEx_LinearCalibration_SetValue:hadc <- [DW_OP_LLVM_entry_value 1] $r0
	@DEBUG_VALUE: LL_ADC_SetCalibrationLinearFactor:timeout_cpu_cycles <- [DW_OP_consts 18446744073709027216, DW_OP_minus, DW_OP_consts 4, DW_OP_div, DW_OP_consts 18446744073709551612, DW_OP_mul, DW_OP_consts 524400, DW_OP_plus, DW_OP_stack_value] $r0
	.loc	7 2942 11                       @ ../Drivers/STM32H7xx_HAL_Driver/Inc\stm32h7xx_ll_adc.h:2942:11
	ldr	r1, [r2, #8]
.Ltmp270:
	@DEBUG_VALUE: LL_ADC_SetCalibrationLinearFactor:timeout_cpu_cycles <- [DW_OP_constu 1, DW_OP_minus, DW_OP_stack_value] $r0
	.loc	7 2942 3 is_stmt 0              @ ../Drivers/STM32H7xx_HAL_Driver/Inc\stm32h7xx_ll_adc.h:2942:3
	lsls	r1, r1, #9
	bmi	.LBB4_45
.Ltmp271:
@ %bb.42:                               @   in Loop: Header=BB4_41 Depth=1
	@DEBUG_VALUE: LL_ADC_SetCalibrationLinearFactor:timeout_cpu_cycles <- [DW_OP_constu 1, DW_OP_minus, DW_OP_stack_value] $r0
	@DEBUG_VALUE: LL_ADC_SetCalibrationLinearFactor:LinearityWord <- 4194304
	@DEBUG_VALUE: HAL_ADCEx_LinearCalibration_SetValue:LinearCalib_Buffer <- [DW_OP_LLVM_entry_value 1] $r1
	@DEBUG_VALUE: HAL_ADCEx_LinearCalibration_SetValue:cnt <- 1
	@DEBUG_VALUE: LL_ADC_SetCalibrationLinearFactor:ADCx <- $r2
	@DEBUG_VALUE: HAL_ADCEx_LinearCalibration_SetValue:hadc <- [DW_OP_LLVM_entry_value 1] $r0
	cbz	r0, .LBB4_45
.Ltmp272:
@ %bb.43:                               @   in Loop: Header=BB4_41 Depth=1
	@DEBUG_VALUE: LL_ADC_SetCalibrationLinearFactor:timeout_cpu_cycles <- [DW_OP_constu 1, DW_OP_minus, DW_OP_stack_value] $r0
	@DEBUG_VALUE: LL_ADC_SetCalibrationLinearFactor:LinearityWord <- 4194304
	@DEBUG_VALUE: HAL_ADCEx_LinearCalibration_SetValue:LinearCalib_Buffer <- [DW_OP_LLVM_entry_value 1] $r1
	@DEBUG_VALUE: HAL_ADCEx_LinearCalibration_SetValue:cnt <- 1
	@DEBUG_VALUE: LL_ADC_SetCalibrationLinearFactor:ADCx <- $r2
	@DEBUG_VALUE: HAL_ADCEx_LinearCalibration_SetValue:hadc <- [DW_OP_LLVM_entry_value 1] $r0
	@DEBUG_VALUE: LL_ADC_SetCalibrationLinearFactor:timeout_cpu_cycles <- [DW_OP_constu 1, DW_OP_minus, DW_OP_stack_value] $r0
	.loc	7 2942 11                       @ ../Drivers/STM32H7xx_HAL_Driver/Inc\stm32h7xx_ll_adc.h:2942:11
	ldr	r1, [r2, #8]
.Ltmp273:
	@DEBUG_VALUE: LL_ADC_SetCalibrationLinearFactor:timeout_cpu_cycles <- [DW_OP_constu 2, DW_OP_minus, DW_OP_stack_value] $r0
	.loc	7 2942 3                        @ ../Drivers/STM32H7xx_HAL_Driver/Inc\stm32h7xx_ll_adc.h:2942:3
	lsls	r1, r1, #9
	@DEBUG_VALUE: LL_ADC_SetCalibrationLinearFactor:timeout_cpu_cycles <- [DW_OP_constu 2, DW_OP_minus, DW_OP_stack_value] $r0
	.loc	7 2942 11                       @ ../Drivers/STM32H7xx_HAL_Driver/Inc\stm32h7xx_ll_adc.h:2942:11
	itt	pl
	ldrpl	r1, [r2, #8]
.Ltmp274:
	@DEBUG_VALUE: LL_ADC_SetCalibrationLinearFactor:timeout_cpu_cycles <- [DW_OP_constu 3, DW_OP_minus, DW_OP_stack_value] $r0
	.loc	7 2942 3                        @ ../Drivers/STM32H7xx_HAL_Driver/Inc\stm32h7xx_ll_adc.h:2942:3
	lslspl.w	r1, r1, #9
	bmi	.LBB4_45
.Ltmp275:
@ %bb.44:                               @   in Loop: Header=BB4_41 Depth=1
	@DEBUG_VALUE: LL_ADC_SetCalibrationLinearFactor:timeout_cpu_cycles <- [DW_OP_constu 3, DW_OP_minus, DW_OP_stack_value] $r0
	@DEBUG_VALUE: LL_ADC_SetCalibrationLinearFactor:LinearityWord <- 4194304
	@DEBUG_VALUE: HAL_ADCEx_LinearCalibration_SetValue:LinearCalib_Buffer <- [DW_OP_LLVM_entry_value 1] $r1
	@DEBUG_VALUE: HAL_ADCEx_LinearCalibration_SetValue:cnt <- 1
	@DEBUG_VALUE: LL_ADC_SetCalibrationLinearFactor:ADCx <- $r2
	@DEBUG_VALUE: HAL_ADCEx_LinearCalibration_SetValue:hadc <- [DW_OP_LLVM_entry_value 1] $r0
	@DEBUG_VALUE: LL_ADC_SetCalibrationLinearFactor:timeout_cpu_cycles <- [DW_OP_constu 3, DW_OP_minus, DW_OP_stack_value] $r0
	.loc	7 2942 11                       @ ../Drivers/STM32H7xx_HAL_Driver/Inc\stm32h7xx_ll_adc.h:2942:11
	ldr	r1, [r2, #8]
.Ltmp276:
	@DEBUG_VALUE: LL_ADC_SetCalibrationLinearFactor:timeout_cpu_cycles <- [DW_OP_consts 18446744073709027216, DW_OP_minus, DW_OP_consts 4, DW_OP_div, DW_OP_consts 18446744073709551612, DW_OP_mul, DW_OP_consts 524396, DW_OP_plus, DW_OP_stack_value] $r0
	.loc	7 2942 3                        @ ../Drivers/STM32H7xx_HAL_Driver/Inc\stm32h7xx_ll_adc.h:2942:3
	adds	r0, #4
.Ltmp277:
	lsls	r1, r1, #9
	bpl	.LBB4_41
.Ltmp278:
.LBB4_45:
	@DEBUG_VALUE: HAL_ADCEx_LinearCalibration_SetValue:LinearCalib_Buffer <- [DW_OP_LLVM_entry_value 1] $r1
	@DEBUG_VALUE: HAL_ADCEx_LinearCalibration_SetValue:cnt <- 1
	@DEBUG_VALUE: HAL_ADCEx_LinearCalibration_SetValue:hadc <- [DW_OP_LLVM_entry_value 1] $r0
	@DEBUG_VALUE: HAL_ADCEx_LinearCalibration_SetValue:cnt <- 0
	.loc	6 404 9 is_stmt 1               @ ../Drivers/STM32H7xx_HAL_Driver/Src/stm32h7xx_hal_adc_ex.c:404:9
	cmp.w	lr, #0
	bpl	.LBB4_47
.Ltmp279:
@ %bb.46:
	@DEBUG_VALUE: HAL_ADCEx_LinearCalibration_SetValue:cnt <- 0
	@DEBUG_VALUE: HAL_ADCEx_LinearCalibration_SetValue:LinearCalib_Buffer <- [DW_OP_LLVM_entry_value 1] $r1
	@DEBUG_VALUE: HAL_ADCEx_LinearCalibration_SetValue:hadc <- [DW_OP_LLVM_entry_value 1] $r0
	@DEBUG_VALUE: LL_ADC_REG_StartConversion:ADCx <- $r2
	.loc	7 7042 3                        @ ../Drivers/STM32H7xx_HAL_Driver/Inc\stm32h7xx_ll_adc.h:7042:3
	ldr	r0, [r2, #8]
	and.w	r0, r0, r12
	orr	r0, r0, #4
	str	r0, [r2, #8]
.Ltmp280:
.LBB4_47:
	@DEBUG_VALUE: HAL_ADCEx_LinearCalibration_SetValue:cnt <- 0
	@DEBUG_VALUE: HAL_ADCEx_LinearCalibration_SetValue:LinearCalib_Buffer <- [DW_OP_LLVM_entry_value 1] $r1
	@DEBUG_VALUE: HAL_ADCEx_LinearCalibration_SetValue:hadc <- [DW_OP_LLVM_entry_value 1] $r0
	.loc	7 0 3 is_stmt 0                 @ ../Drivers/STM32H7xx_HAL_Driver/Inc\stm32h7xx_ll_adc.h:0:3
	movs	r0, #0
	.loc	6 410 1 epilogue_begin is_stmt 1 @ ../Drivers/STM32H7xx_HAL_Driver/Src/stm32h7xx_hal_adc_ex.c:410:1
	add	sp, #8
	pop	{r4, r5, r7, pc}
.Ltmp281:
	.loc	6 0 1 is_stmt 0                 @ :0:1
.Ltmp282:
	.p2align	2
.LBB4_48:
	@DEBUG_VALUE: HAL_ADCEx_LinearCalibration_SetValue:hadc <- [DW_OP_LLVM_entry_value 1] $r0
	@DEBUG_VALUE: HAL_ADCEx_LinearCalibration_SetValue:LinearCalib_Buffer <- $r4
	@DEBUG_VALUE: HAL_ADCEx_LinearCalibration_SetValue:temp_REG_IsConversionOngoing <- 0
	ldr	r1, [r5]
.Ltmp283:
	@DEBUG_VALUE: HAL_ADCEx_LinearCalibration_SetValue:cnt <- 6
	.loc	6 388 117 is_stmt 1             @ ../Drivers/STM32H7xx_HAL_Driver/Src/stm32h7xx_hal_adc_ex.c:388:117
	ldr	r2, [r4, #20]
.Ltmp284:
	@DEBUG_VALUE: LL_ADC_SetCalibrationLinearFactor:timeout_cpu_cycles <- 524400
	@DEBUG_VALUE: LL_ADC_SetCalibrationLinearFactor:LinearityWord <- 134217728
	@DEBUG_VALUE: LL_ADC_SetCalibrationLinearFactor:ADCx <- $r1
	@DEBUG_VALUE: LL_ADC_SetCalibrationLinearFactor:CalibrationFactor <- $r2
	.loc	6 0 117 is_stmt 0               @ ../Drivers/STM32H7xx_HAL_Driver/Src/stm32h7xx_hal_adc_ex.c:0:117
	movw	r12, #65535
	mov	r0, r5
.Ltmp285:
	.loc	7 2940 3 is_stmt 1              @ ../Drivers/STM32H7xx_HAL_Driver/Inc\stm32h7xx_ll_adc.h:2940:3
	ldr.w	r3, [r1, #200]
	movt	r12, #63486
	and	r3, r3, #-1073741824
	mov	lr, r4
.Ltmp286:
	@DEBUG_VALUE: HAL_ADCEx_LinearCalibration_SetValue:LinearCalib_Buffer <- $lr
	orrs	r2, r3
.Ltmp287:
	str.w	r2, [r1, #200]
	.loc	7 2941 3                        @ ../Drivers/STM32H7xx_HAL_Driver/Inc\stm32h7xx_ll_adc.h:2941:3
	ldr	r2, [r1, #8]
	movw	r3, #65424
	movt	r3, #65527
	and.w	r2, r2, r12
	add.w	r2, r2, #134217728
	str	r2, [r1, #8]
	mov	r2, r3
.Ltmp288:
.LBB4_49:                               @ =>This Inner Loop Header: Depth=1
	@DEBUG_VALUE: HAL_ADCEx_LinearCalibration_SetValue:LinearCalib_Buffer <- $lr
	@DEBUG_VALUE: LL_ADC_SetCalibrationLinearFactor:ADCx <- $r1
	@DEBUG_VALUE: LL_ADC_SetCalibrationLinearFactor:LinearityWord <- 134217728
	@DEBUG_VALUE: HAL_ADCEx_LinearCalibration_SetValue:hadc <- [DW_OP_LLVM_entry_value 1] $r0
	@DEBUG_VALUE: HAL_ADCEx_LinearCalibration_SetValue:cnt <- 6
	@DEBUG_VALUE: HAL_ADCEx_LinearCalibration_SetValue:temp_REG_IsConversionOngoing <- 0
	@DEBUG_VALUE: LL_ADC_SetCalibrationLinearFactor:timeout_cpu_cycles <- [DW_OP_consts 18446744073709027216, DW_OP_minus, DW_OP_consts 4, DW_OP_div, DW_OP_consts 18446744073709551612, DW_OP_mul, DW_OP_consts 524400, DW_OP_plus, DW_OP_stack_value] $r2
	.loc	7 2942 11                       @ ../Drivers/STM32H7xx_HAL_Driver/Inc\stm32h7xx_ll_adc.h:2942:11
	ldr	r4, [r1, #8]
.Ltmp289:
	@DEBUG_VALUE: LL_ADC_SetCalibrationLinearFactor:timeout_cpu_cycles <- [DW_OP_constu 1, DW_OP_minus, DW_OP_stack_value] $r2
	.loc	7 2942 3 is_stmt 0              @ ../Drivers/STM32H7xx_HAL_Driver/Inc\stm32h7xx_ll_adc.h:2942:3
	lsls	r4, r4, #4
	bmi	.LBB4_53
.Ltmp290:
@ %bb.50:                               @   in Loop: Header=BB4_49 Depth=1
	@DEBUG_VALUE: LL_ADC_SetCalibrationLinearFactor:timeout_cpu_cycles <- [DW_OP_constu 1, DW_OP_minus, DW_OP_stack_value] $r2
	@DEBUG_VALUE: HAL_ADCEx_LinearCalibration_SetValue:LinearCalib_Buffer <- $lr
	@DEBUG_VALUE: LL_ADC_SetCalibrationLinearFactor:ADCx <- $r1
	@DEBUG_VALUE: LL_ADC_SetCalibrationLinearFactor:LinearityWord <- 134217728
	@DEBUG_VALUE: HAL_ADCEx_LinearCalibration_SetValue:hadc <- [DW_OP_LLVM_entry_value 1] $r0
	@DEBUG_VALUE: HAL_ADCEx_LinearCalibration_SetValue:cnt <- 6
	@DEBUG_VALUE: HAL_ADCEx_LinearCalibration_SetValue:temp_REG_IsConversionOngoing <- 0
	cbz	r2, .LBB4_53
.Ltmp291:
@ %bb.51:                               @   in Loop: Header=BB4_49 Depth=1
	@DEBUG_VALUE: LL_ADC_SetCalibrationLinearFactor:timeout_cpu_cycles <- [DW_OP_constu 1, DW_OP_minus, DW_OP_stack_value] $r2
	@DEBUG_VALUE: HAL_ADCEx_LinearCalibration_SetValue:LinearCalib_Buffer <- $lr
	@DEBUG_VALUE: LL_ADC_SetCalibrationLinearFactor:ADCx <- $r1
	@DEBUG_VALUE: LL_ADC_SetCalibrationLinearFactor:LinearityWord <- 134217728
	@DEBUG_VALUE: HAL_ADCEx_LinearCalibration_SetValue:hadc <- [DW_OP_LLVM_entry_value 1] $r0
	@DEBUG_VALUE: HAL_ADCEx_LinearCalibration_SetValue:cnt <- 6
	@DEBUG_VALUE: HAL_ADCEx_LinearCalibration_SetValue:temp_REG_IsConversionOngoing <- 0
	@DEBUG_VALUE: LL_ADC_SetCalibrationLinearFactor:timeout_cpu_cycles <- [DW_OP_constu 1, DW_OP_minus, DW_OP_stack_value] $r2
	.loc	7 2942 11                       @ ../Drivers/STM32H7xx_HAL_Driver/Inc\stm32h7xx_ll_adc.h:2942:11
	ldr	r4, [r1, #8]
.Ltmp292:
	@DEBUG_VALUE: LL_ADC_SetCalibrationLinearFactor:timeout_cpu_cycles <- [DW_OP_constu 2, DW_OP_minus, DW_OP_stack_value] $r2
	.loc	7 2942 3                        @ ../Drivers/STM32H7xx_HAL_Driver/Inc\stm32h7xx_ll_adc.h:2942:3
	lsls	r4, r4, #4
	@DEBUG_VALUE: LL_ADC_SetCalibrationLinearFactor:timeout_cpu_cycles <- [DW_OP_constu 2, DW_OP_minus, DW_OP_stack_value] $r2
	.loc	7 2942 11                       @ ../Drivers/STM32H7xx_HAL_Driver/Inc\stm32h7xx_ll_adc.h:2942:11
	itt	pl
	ldrpl	r4, [r1, #8]
.Ltmp293:
	@DEBUG_VALUE: LL_ADC_SetCalibrationLinearFactor:timeout_cpu_cycles <- [DW_OP_constu 3, DW_OP_minus, DW_OP_stack_value] $r2
	.loc	7 2942 3                        @ ../Drivers/STM32H7xx_HAL_Driver/Inc\stm32h7xx_ll_adc.h:2942:3
	lslspl.w	r4, r4, #4
	bmi	.LBB4_53
.Ltmp294:
@ %bb.52:                               @   in Loop: Header=BB4_49 Depth=1
	@DEBUG_VALUE: LL_ADC_SetCalibrationLinearFactor:timeout_cpu_cycles <- [DW_OP_constu 3, DW_OP_minus, DW_OP_stack_value] $r2
	@DEBUG_VALUE: HAL_ADCEx_LinearCalibration_SetValue:LinearCalib_Buffer <- $lr
	@DEBUG_VALUE: LL_ADC_SetCalibrationLinearFactor:ADCx <- $r1
	@DEBUG_VALUE: LL_ADC_SetCalibrationLinearFactor:LinearityWord <- 134217728
	@DEBUG_VALUE: HAL_ADCEx_LinearCalibration_SetValue:hadc <- [DW_OP_LLVM_entry_value 1] $r0
	@DEBUG_VALUE: HAL_ADCEx_LinearCalibration_SetValue:cnt <- 6
	@DEBUG_VALUE: HAL_ADCEx_LinearCalibration_SetValue:temp_REG_IsConversionOngoing <- 0
	@DEBUG_VALUE: LL_ADC_SetCalibrationLinearFactor:timeout_cpu_cycles <- [DW_OP_constu 3, DW_OP_minus, DW_OP_stack_value] $r2
	.loc	7 2942 11                       @ ../Drivers/STM32H7xx_HAL_Driver/Inc\stm32h7xx_ll_adc.h:2942:11
	ldr	r4, [r1, #8]
.Ltmp295:
	@DEBUG_VALUE: LL_ADC_SetCalibrationLinearFactor:timeout_cpu_cycles <- [DW_OP_consts 18446744073709027216, DW_OP_minus, DW_OP_consts 4, DW_OP_div, DW_OP_consts 18446744073709551612, DW_OP_mul, DW_OP_consts 524396, DW_OP_plus, DW_OP_stack_value] $r2
	.loc	7 2942 3                        @ ../Drivers/STM32H7xx_HAL_Driver/Inc\stm32h7xx_ll_adc.h:2942:3
	adds	r2, #4
.Ltmp296:
	lsls	r4, r4, #4
	bpl	.LBB4_49
.Ltmp297:
.LBB4_53:
	@DEBUG_VALUE: HAL_ADCEx_LinearCalibration_SetValue:LinearCalib_Buffer <- $lr
	@DEBUG_VALUE: LL_ADC_SetCalibrationLinearFactor:ADCx <- $r1
	@DEBUG_VALUE: LL_ADC_SetCalibrationLinearFactor:LinearityWord <- 134217728
	@DEBUG_VALUE: HAL_ADCEx_LinearCalibration_SetValue:hadc <- [DW_OP_LLVM_entry_value 1] $r0
	@DEBUG_VALUE: HAL_ADCEx_LinearCalibration_SetValue:cnt <- 6
	@DEBUG_VALUE: HAL_ADCEx_LinearCalibration_SetValue:temp_REG_IsConversionOngoing <- 0
	@DEBUG_VALUE: HAL_ADCEx_LinearCalibration_SetValue:cnt <- 5
	.loc	6 388 117 is_stmt 1             @ ../Drivers/STM32H7xx_HAL_Driver/Src/stm32h7xx_hal_adc_ex.c:388:117
	ldr.w	r2, [lr, #16]
.Ltmp298:
	@DEBUG_VALUE: LL_ADC_SetCalibrationLinearFactor:timeout_cpu_cycles <- 524400
	@DEBUG_VALUE: LL_ADC_SetCalibrationLinearFactor:LinearityWord <- 67108864
	@DEBUG_VALUE: LL_ADC_SetCalibrationLinearFactor:ADCx <- $r1
	@DEBUG_VALUE: LL_ADC_SetCalibrationLinearFactor:CalibrationFactor <- $r2
	.loc	7 2940 3                        @ ../Drivers/STM32H7xx_HAL_Driver/Inc\stm32h7xx_ll_adc.h:2940:3
	ldr.w	r4, [r1, #200]
	and	r4, r4, #-1073741824
	orrs	r2, r4
.Ltmp299:
	str.w	r2, [r1, #200]
	.loc	7 2941 3                        @ ../Drivers/STM32H7xx_HAL_Driver/Inc\stm32h7xx_ll_adc.h:2941:3
	ldr	r2, [r1, #8]
	add.w	r4, r12, #67108864
	ands	r2, r4
	orr	r2, r2, #67108864
	str	r2, [r1, #8]
	mov	r2, r3
.Ltmp300:
.LBB4_54:                               @ =>This Inner Loop Header: Depth=1
	@DEBUG_VALUE: LL_ADC_SetCalibrationLinearFactor:LinearityWord <- 67108864
	@DEBUG_VALUE: HAL_ADCEx_LinearCalibration_SetValue:LinearCalib_Buffer <- $lr
	@DEBUG_VALUE: LL_ADC_SetCalibrationLinearFactor:ADCx <- $r1
	@DEBUG_VALUE: HAL_ADCEx_LinearCalibration_SetValue:hadc <- [DW_OP_LLVM_entry_value 1] $r0
	@DEBUG_VALUE: HAL_ADCEx_LinearCalibration_SetValue:cnt <- 5
	@DEBUG_VALUE: HAL_ADCEx_LinearCalibration_SetValue:temp_REG_IsConversionOngoing <- 0
	@DEBUG_VALUE: LL_ADC_SetCalibrationLinearFactor:timeout_cpu_cycles <- [DW_OP_consts 18446744073709027216, DW_OP_minus, DW_OP_consts 4, DW_OP_div, DW_OP_consts 18446744073709551612, DW_OP_mul, DW_OP_consts 524400, DW_OP_plus, DW_OP_stack_value] $r2
	.loc	7 2942 11                       @ ../Drivers/STM32H7xx_HAL_Driver/Inc\stm32h7xx_ll_adc.h:2942:11
	ldr	r4, [r1, #8]
.Ltmp301:
	@DEBUG_VALUE: LL_ADC_SetCalibrationLinearFactor:timeout_cpu_cycles <- [DW_OP_constu 1, DW_OP_minus, DW_OP_stack_value] $r2
	.loc	7 2942 3 is_stmt 0              @ ../Drivers/STM32H7xx_HAL_Driver/Inc\stm32h7xx_ll_adc.h:2942:3
	lsls	r4, r4, #5
	bmi	.LBB4_58
.Ltmp302:
@ %bb.55:                               @   in Loop: Header=BB4_54 Depth=1
	@DEBUG_VALUE: LL_ADC_SetCalibrationLinearFactor:LinearityWord <- 67108864
	@DEBUG_VALUE: LL_ADC_SetCalibrationLinearFactor:timeout_cpu_cycles <- [DW_OP_constu 1, DW_OP_minus, DW_OP_stack_value] $r2
	@DEBUG_VALUE: HAL_ADCEx_LinearCalibration_SetValue:LinearCalib_Buffer <- $lr
	@DEBUG_VALUE: LL_ADC_SetCalibrationLinearFactor:ADCx <- $r1
	@DEBUG_VALUE: HAL_ADCEx_LinearCalibration_SetValue:hadc <- [DW_OP_LLVM_entry_value 1] $r0
	@DEBUG_VALUE: HAL_ADCEx_LinearCalibration_SetValue:cnt <- 5
	@DEBUG_VALUE: HAL_ADCEx_LinearCalibration_SetValue:temp_REG_IsConversionOngoing <- 0
	cbz	r2, .LBB4_58
.Ltmp303:
@ %bb.56:                               @   in Loop: Header=BB4_54 Depth=1
	@DEBUG_VALUE: LL_ADC_SetCalibrationLinearFactor:LinearityWord <- 67108864
	@DEBUG_VALUE: LL_ADC_SetCalibrationLinearFactor:timeout_cpu_cycles <- [DW_OP_constu 1, DW_OP_minus, DW_OP_stack_value] $r2
	@DEBUG_VALUE: HAL_ADCEx_LinearCalibration_SetValue:LinearCalib_Buffer <- $lr
	@DEBUG_VALUE: LL_ADC_SetCalibrationLinearFactor:ADCx <- $r1
	@DEBUG_VALUE: HAL_ADCEx_LinearCalibration_SetValue:hadc <- [DW_OP_LLVM_entry_value 1] $r0
	@DEBUG_VALUE: HAL_ADCEx_LinearCalibration_SetValue:cnt <- 5
	@DEBUG_VALUE: HAL_ADCEx_LinearCalibration_SetValue:temp_REG_IsConversionOngoing <- 0
	@DEBUG_VALUE: LL_ADC_SetCalibrationLinearFactor:timeout_cpu_cycles <- [DW_OP_constu 1, DW_OP_minus, DW_OP_stack_value] $r2
	.loc	7 2942 11                       @ ../Drivers/STM32H7xx_HAL_Driver/Inc\stm32h7xx_ll_adc.h:2942:11
	ldr	r4, [r1, #8]
.Ltmp304:
	@DEBUG_VALUE: LL_ADC_SetCalibrationLinearFactor:timeout_cpu_cycles <- [DW_OP_constu 2, DW_OP_minus, DW_OP_stack_value] $r2
	.loc	7 2942 3                        @ ../Drivers/STM32H7xx_HAL_Driver/Inc\stm32h7xx_ll_adc.h:2942:3
	lsls	r4, r4, #5
	@DEBUG_VALUE: LL_ADC_SetCalibrationLinearFactor:timeout_cpu_cycles <- [DW_OP_constu 2, DW_OP_minus, DW_OP_stack_value] $r2
	.loc	7 2942 11                       @ ../Drivers/STM32H7xx_HAL_Driver/Inc\stm32h7xx_ll_adc.h:2942:11
	itt	pl
	ldrpl	r4, [r1, #8]
.Ltmp305:
	@DEBUG_VALUE: LL_ADC_SetCalibrationLinearFactor:timeout_cpu_cycles <- [DW_OP_constu 3, DW_OP_minus, DW_OP_stack_value] $r2
	.loc	7 2942 3                        @ ../Drivers/STM32H7xx_HAL_Driver/Inc\stm32h7xx_ll_adc.h:2942:3
	lslspl.w	r4, r4, #5
	bmi	.LBB4_58
.Ltmp306:
@ %bb.57:                               @   in Loop: Header=BB4_54 Depth=1
	@DEBUG_VALUE: LL_ADC_SetCalibrationLinearFactor:LinearityWord <- 67108864
	@DEBUG_VALUE: LL_ADC_SetCalibrationLinearFactor:timeout_cpu_cycles <- [DW_OP_constu 3, DW_OP_minus, DW_OP_stack_value] $r2
	@DEBUG_VALUE: HAL_ADCEx_LinearCalibration_SetValue:LinearCalib_Buffer <- $lr
	@DEBUG_VALUE: LL_ADC_SetCalibrationLinearFactor:ADCx <- $r1
	@DEBUG_VALUE: HAL_ADCEx_LinearCalibration_SetValue:hadc <- [DW_OP_LLVM_entry_value 1] $r0
	@DEBUG_VALUE: HAL_ADCEx_LinearCalibration_SetValue:cnt <- 5
	@DEBUG_VALUE: HAL_ADCEx_LinearCalibration_SetValue:temp_REG_IsConversionOngoing <- 0
	@DEBUG_VALUE: LL_ADC_SetCalibrationLinearFactor:timeout_cpu_cycles <- [DW_OP_constu 3, DW_OP_minus, DW_OP_stack_value] $r2
	.loc	7 2942 11                       @ ../Drivers/STM32H7xx_HAL_Driver/Inc\stm32h7xx_ll_adc.h:2942:11
	ldr	r4, [r1, #8]
.Ltmp307:
	@DEBUG_VALUE: LL_ADC_SetCalibrationLinearFactor:timeout_cpu_cycles <- [DW_OP_consts 18446744073709027216, DW_OP_minus, DW_OP_consts 4, DW_OP_div, DW_OP_consts 18446744073709551612, DW_OP_mul, DW_OP_consts 524396, DW_OP_plus, DW_OP_stack_value] $r2
	.loc	7 2942 3                        @ ../Drivers/STM32H7xx_HAL_Driver/Inc\stm32h7xx_ll_adc.h:2942:3
	adds	r2, #4
.Ltmp308:
	lsls	r4, r4, #5
	bpl	.LBB4_54
.Ltmp309:
.LBB4_58:
	@DEBUG_VALUE: LL_ADC_SetCalibrationLinearFactor:LinearityWord <- 67108864
	@DEBUG_VALUE: HAL_ADCEx_LinearCalibration_SetValue:LinearCalib_Buffer <- $lr
	@DEBUG_VALUE: LL_ADC_SetCalibrationLinearFactor:ADCx <- $r1
	@DEBUG_VALUE: HAL_ADCEx_LinearCalibration_SetValue:hadc <- [DW_OP_LLVM_entry_value 1] $r0
	@DEBUG_VALUE: HAL_ADCEx_LinearCalibration_SetValue:cnt <- 5
	@DEBUG_VALUE: HAL_ADCEx_LinearCalibration_SetValue:temp_REG_IsConversionOngoing <- 0
	@DEBUG_VALUE: HAL_ADCEx_LinearCalibration_SetValue:cnt <- 4
	.loc	6 388 117 is_stmt 1             @ ../Drivers/STM32H7xx_HAL_Driver/Src/stm32h7xx_hal_adc_ex.c:388:117
	ldr.w	r2, [lr, #12]
.Ltmp310:
	@DEBUG_VALUE: LL_ADC_SetCalibrationLinearFactor:timeout_cpu_cycles <- 524400
	@DEBUG_VALUE: LL_ADC_SetCalibrationLinearFactor:LinearityWord <- 33554432
	@DEBUG_VALUE: LL_ADC_SetCalibrationLinearFactor:ADCx <- $r1
	@DEBUG_VALUE: LL_ADC_SetCalibrationLinearFactor:CalibrationFactor <- $r2
	.loc	7 2940 3                        @ ../Drivers/STM32H7xx_HAL_Driver/Inc\stm32h7xx_ll_adc.h:2940:3
	ldr.w	r4, [r1, #200]
	and	r4, r4, #-1073741824
	orrs	r2, r4
.Ltmp311:
	str.w	r2, [r1, #200]
	.loc	7 2941 3                        @ ../Drivers/STM32H7xx_HAL_Driver/Inc\stm32h7xx_ll_adc.h:2941:3
	ldr	r2, [r1, #8]
	add.w	r4, r12, #100663296
	ands	r2, r4
	orr	r2, r2, #33554432
	str	r2, [r1, #8]
	mov	r2, r3
.Ltmp312:
.LBB4_59:                               @ =>This Inner Loop Header: Depth=1
	@DEBUG_VALUE: LL_ADC_SetCalibrationLinearFactor:LinearityWord <- 33554432
	@DEBUG_VALUE: HAL_ADCEx_LinearCalibration_SetValue:LinearCalib_Buffer <- $lr
	@DEBUG_VALUE: LL_ADC_SetCalibrationLinearFactor:ADCx <- $r1
	@DEBUG_VALUE: HAL_ADCEx_LinearCalibration_SetValue:hadc <- [DW_OP_LLVM_entry_value 1] $r0
	@DEBUG_VALUE: HAL_ADCEx_LinearCalibration_SetValue:cnt <- 4
	@DEBUG_VALUE: HAL_ADCEx_LinearCalibration_SetValue:temp_REG_IsConversionOngoing <- 0
	@DEBUG_VALUE: LL_ADC_SetCalibrationLinearFactor:timeout_cpu_cycles <- [DW_OP_consts 18446744073709027216, DW_OP_minus, DW_OP_consts 4, DW_OP_div, DW_OP_consts 18446744073709551612, DW_OP_mul, DW_OP_consts 524400, DW_OP_plus, DW_OP_stack_value] $r2
	.loc	7 2942 11                       @ ../Drivers/STM32H7xx_HAL_Driver/Inc\stm32h7xx_ll_adc.h:2942:11
	ldr	r4, [r1, #8]
.Ltmp313:
	@DEBUG_VALUE: LL_ADC_SetCalibrationLinearFactor:timeout_cpu_cycles <- [DW_OP_constu 1, DW_OP_minus, DW_OP_stack_value] $r2
	.loc	7 2942 3 is_stmt 0              @ ../Drivers/STM32H7xx_HAL_Driver/Inc\stm32h7xx_ll_adc.h:2942:3
	lsls	r4, r4, #6
	bmi	.LBB4_63
.Ltmp314:
@ %bb.60:                               @   in Loop: Header=BB4_59 Depth=1
	@DEBUG_VALUE: LL_ADC_SetCalibrationLinearFactor:LinearityWord <- 33554432
	@DEBUG_VALUE: LL_ADC_SetCalibrationLinearFactor:timeout_cpu_cycles <- [DW_OP_constu 1, DW_OP_minus, DW_OP_stack_value] $r2
	@DEBUG_VALUE: HAL_ADCEx_LinearCalibration_SetValue:LinearCalib_Buffer <- $lr
	@DEBUG_VALUE: LL_ADC_SetCalibrationLinearFactor:ADCx <- $r1
	@DEBUG_VALUE: HAL_ADCEx_LinearCalibration_SetValue:hadc <- [DW_OP_LLVM_entry_value 1] $r0
	@DEBUG_VALUE: HAL_ADCEx_LinearCalibration_SetValue:cnt <- 4
	@DEBUG_VALUE: HAL_ADCEx_LinearCalibration_SetValue:temp_REG_IsConversionOngoing <- 0
	cbz	r2, .LBB4_63
.Ltmp315:
@ %bb.61:                               @   in Loop: Header=BB4_59 Depth=1
	@DEBUG_VALUE: LL_ADC_SetCalibrationLinearFactor:LinearityWord <- 33554432
	@DEBUG_VALUE: LL_ADC_SetCalibrationLinearFactor:timeout_cpu_cycles <- [DW_OP_constu 1, DW_OP_minus, DW_OP_stack_value] $r2
	@DEBUG_VALUE: HAL_ADCEx_LinearCalibration_SetValue:LinearCalib_Buffer <- $lr
	@DEBUG_VALUE: LL_ADC_SetCalibrationLinearFactor:ADCx <- $r1
	@DEBUG_VALUE: HAL_ADCEx_LinearCalibration_SetValue:hadc <- [DW_OP_LLVM_entry_value 1] $r0
	@DEBUG_VALUE: HAL_ADCEx_LinearCalibration_SetValue:cnt <- 4
	@DEBUG_VALUE: HAL_ADCEx_LinearCalibration_SetValue:temp_REG_IsConversionOngoing <- 0
	@DEBUG_VALUE: LL_ADC_SetCalibrationLinearFactor:timeout_cpu_cycles <- [DW_OP_constu 1, DW_OP_minus, DW_OP_stack_value] $r2
	.loc	7 2942 11                       @ ../Drivers/STM32H7xx_HAL_Driver/Inc\stm32h7xx_ll_adc.h:2942:11
	ldr	r4, [r1, #8]
.Ltmp316:
	@DEBUG_VALUE: LL_ADC_SetCalibrationLinearFactor:timeout_cpu_cycles <- [DW_OP_constu 2, DW_OP_minus, DW_OP_stack_value] $r2
	.loc	7 2942 3                        @ ../Drivers/STM32H7xx_HAL_Driver/Inc\stm32h7xx_ll_adc.h:2942:3
	lsls	r4, r4, #6
	@DEBUG_VALUE: LL_ADC_SetCalibrationLinearFactor:timeout_cpu_cycles <- [DW_OP_constu 2, DW_OP_minus, DW_OP_stack_value] $r2
	.loc	7 2942 11                       @ ../Drivers/STM32H7xx_HAL_Driver/Inc\stm32h7xx_ll_adc.h:2942:11
	itt	pl
	ldrpl	r4, [r1, #8]
.Ltmp317:
	@DEBUG_VALUE: LL_ADC_SetCalibrationLinearFactor:timeout_cpu_cycles <- [DW_OP_constu 3, DW_OP_minus, DW_OP_stack_value] $r2
	.loc	7 2942 3                        @ ../Drivers/STM32H7xx_HAL_Driver/Inc\stm32h7xx_ll_adc.h:2942:3
	lslspl.w	r4, r4, #6
	bmi	.LBB4_63
.Ltmp318:
@ %bb.62:                               @   in Loop: Header=BB4_59 Depth=1
	@DEBUG_VALUE: LL_ADC_SetCalibrationLinearFactor:LinearityWord <- 33554432
	@DEBUG_VALUE: LL_ADC_SetCalibrationLinearFactor:timeout_cpu_cycles <- [DW_OP_constu 3, DW_OP_minus, DW_OP_stack_value] $r2
	@DEBUG_VALUE: HAL_ADCEx_LinearCalibration_SetValue:LinearCalib_Buffer <- $lr
	@DEBUG_VALUE: LL_ADC_SetCalibrationLinearFactor:ADCx <- $r1
	@DEBUG_VALUE: HAL_ADCEx_LinearCalibration_SetValue:hadc <- [DW_OP_LLVM_entry_value 1] $r0
	@DEBUG_VALUE: HAL_ADCEx_LinearCalibration_SetValue:cnt <- 4
	@DEBUG_VALUE: HAL_ADCEx_LinearCalibration_SetValue:temp_REG_IsConversionOngoing <- 0
	@DEBUG_VALUE: LL_ADC_SetCalibrationLinearFactor:timeout_cpu_cycles <- [DW_OP_constu 3, DW_OP_minus, DW_OP_stack_value] $r2
	.loc	7 2942 11                       @ ../Drivers/STM32H7xx_HAL_Driver/Inc\stm32h7xx_ll_adc.h:2942:11
	ldr	r4, [r1, #8]
.Ltmp319:
	@DEBUG_VALUE: LL_ADC_SetCalibrationLinearFactor:timeout_cpu_cycles <- [DW_OP_consts 18446744073709027216, DW_OP_minus, DW_OP_consts 4, DW_OP_div, DW_OP_consts 18446744073709551612, DW_OP_mul, DW_OP_consts 524396, DW_OP_plus, DW_OP_stack_value] $r2
	.loc	7 2942 3                        @ ../Drivers/STM32H7xx_HAL_Driver/Inc\stm32h7xx_ll_adc.h:2942:3
	adds	r2, #4
.Ltmp320:
	lsls	r4, r4, #6
	bpl	.LBB4_59
.Ltmp321:
.LBB4_63:
	@DEBUG_VALUE: LL_ADC_SetCalibrationLinearFactor:LinearityWord <- 33554432
	@DEBUG_VALUE: HAL_ADCEx_LinearCalibration_SetValue:LinearCalib_Buffer <- $lr
	@DEBUG_VALUE: LL_ADC_SetCalibrationLinearFactor:ADCx <- $r1
	@DEBUG_VALUE: HAL_ADCEx_LinearCalibration_SetValue:hadc <- [DW_OP_LLVM_entry_value 1] $r0
	@DEBUG_VALUE: HAL_ADCEx_LinearCalibration_SetValue:cnt <- 4
	@DEBUG_VALUE: HAL_ADCEx_LinearCalibration_SetValue:temp_REG_IsConversionOngoing <- 0
	@DEBUG_VALUE: HAL_ADCEx_LinearCalibration_SetValue:cnt <- 3
	.loc	6 388 117 is_stmt 1             @ ../Drivers/STM32H7xx_HAL_Driver/Src/stm32h7xx_hal_adc_ex.c:388:117
	ldr.w	r2, [lr, #8]
.Ltmp322:
	@DEBUG_VALUE: LL_ADC_SetCalibrationLinearFactor:timeout_cpu_cycles <- 524400
	@DEBUG_VALUE: LL_ADC_SetCalibrationLinearFactor:LinearityWord <- 16777216
	@DEBUG_VALUE: LL_ADC_SetCalibrationLinearFactor:ADCx <- $r1
	@DEBUG_VALUE: LL_ADC_SetCalibrationLinearFactor:CalibrationFactor <- $r2
	.loc	7 2940 3                        @ ../Drivers/STM32H7xx_HAL_Driver/Inc\stm32h7xx_ll_adc.h:2940:3
	ldr.w	r4, [r1, #200]
	and	r4, r4, #-1073741824
	.loc	7 2941 3                        @ ../Drivers/STM32H7xx_HAL_Driver/Inc\stm32h7xx_ll_adc.h:2941:3
	add.w	r5, r12, #117440512
	.loc	7 2940 3                        @ ../Drivers/STM32H7xx_HAL_Driver/Inc\stm32h7xx_ll_adc.h:2940:3
	orrs	r2, r4
.Ltmp323:
	str.w	r2, [r1, #200]
	.loc	7 2941 3                        @ ../Drivers/STM32H7xx_HAL_Driver/Inc\stm32h7xx_ll_adc.h:2941:3
	ldr	r2, [r1, #8]
	ands	r2, r5
	orr	r2, r2, #16777216
	str	r2, [r1, #8]
	mov	r2, r3
.Ltmp324:
.LBB4_64:                               @ =>This Inner Loop Header: Depth=1
	@DEBUG_VALUE: LL_ADC_SetCalibrationLinearFactor:LinearityWord <- 16777216
	@DEBUG_VALUE: HAL_ADCEx_LinearCalibration_SetValue:LinearCalib_Buffer <- $lr
	@DEBUG_VALUE: LL_ADC_SetCalibrationLinearFactor:ADCx <- $r1
	@DEBUG_VALUE: HAL_ADCEx_LinearCalibration_SetValue:hadc <- [DW_OP_LLVM_entry_value 1] $r0
	@DEBUG_VALUE: HAL_ADCEx_LinearCalibration_SetValue:cnt <- 3
	@DEBUG_VALUE: HAL_ADCEx_LinearCalibration_SetValue:temp_REG_IsConversionOngoing <- 0
	@DEBUG_VALUE: LL_ADC_SetCalibrationLinearFactor:timeout_cpu_cycles <- [DW_OP_consts 18446744073709027216, DW_OP_minus, DW_OP_consts 4, DW_OP_div, DW_OP_consts 18446744073709551612, DW_OP_mul, DW_OP_consts 524400, DW_OP_plus, DW_OP_stack_value] $r2
	.loc	7 2942 11                       @ ../Drivers/STM32H7xx_HAL_Driver/Inc\stm32h7xx_ll_adc.h:2942:11
	ldr	r5, [r1, #8]
.Ltmp325:
	@DEBUG_VALUE: LL_ADC_SetCalibrationLinearFactor:timeout_cpu_cycles <- [DW_OP_constu 1, DW_OP_minus, DW_OP_stack_value] $r2
	.loc	7 2942 3 is_stmt 0              @ ../Drivers/STM32H7xx_HAL_Driver/Inc\stm32h7xx_ll_adc.h:2942:3
	lsls	r5, r5, #7
	bmi	.LBB4_68
.Ltmp326:
@ %bb.65:                               @   in Loop: Header=BB4_64 Depth=1
	@DEBUG_VALUE: LL_ADC_SetCalibrationLinearFactor:LinearityWord <- 16777216
	@DEBUG_VALUE: LL_ADC_SetCalibrationLinearFactor:timeout_cpu_cycles <- [DW_OP_constu 1, DW_OP_minus, DW_OP_stack_value] $r2
	@DEBUG_VALUE: HAL_ADCEx_LinearCalibration_SetValue:LinearCalib_Buffer <- $lr
	@DEBUG_VALUE: LL_ADC_SetCalibrationLinearFactor:ADCx <- $r1
	@DEBUG_VALUE: HAL_ADCEx_LinearCalibration_SetValue:hadc <- [DW_OP_LLVM_entry_value 1] $r0
	@DEBUG_VALUE: HAL_ADCEx_LinearCalibration_SetValue:cnt <- 3
	@DEBUG_VALUE: HAL_ADCEx_LinearCalibration_SetValue:temp_REG_IsConversionOngoing <- 0
	cbz	r2, .LBB4_68
.Ltmp327:
@ %bb.66:                               @   in Loop: Header=BB4_64 Depth=1
	@DEBUG_VALUE: LL_ADC_SetCalibrationLinearFactor:LinearityWord <- 16777216
	@DEBUG_VALUE: LL_ADC_SetCalibrationLinearFactor:timeout_cpu_cycles <- [DW_OP_constu 1, DW_OP_minus, DW_OP_stack_value] $r2
	@DEBUG_VALUE: HAL_ADCEx_LinearCalibration_SetValue:LinearCalib_Buffer <- $lr
	@DEBUG_VALUE: LL_ADC_SetCalibrationLinearFactor:ADCx <- $r1
	@DEBUG_VALUE: HAL_ADCEx_LinearCalibration_SetValue:hadc <- [DW_OP_LLVM_entry_value 1] $r0
	@DEBUG_VALUE: HAL_ADCEx_LinearCalibration_SetValue:cnt <- 3
	@DEBUG_VALUE: HAL_ADCEx_LinearCalibration_SetValue:temp_REG_IsConversionOngoing <- 0
	@DEBUG_VALUE: LL_ADC_SetCalibrationLinearFactor:timeout_cpu_cycles <- [DW_OP_constu 1, DW_OP_minus, DW_OP_stack_value] $r2
	.loc	7 2942 11                       @ ../Drivers/STM32H7xx_HAL_Driver/Inc\stm32h7xx_ll_adc.h:2942:11
	ldr	r5, [r1, #8]
.Ltmp328:
	@DEBUG_VALUE: LL_ADC_SetCalibrationLinearFactor:timeout_cpu_cycles <- [DW_OP_constu 2, DW_OP_minus, DW_OP_stack_value] $r2
	.loc	7 2942 3                        @ ../Drivers/STM32H7xx_HAL_Driver/Inc\stm32h7xx_ll_adc.h:2942:3
	lsls	r5, r5, #7
	@DEBUG_VALUE: LL_ADC_SetCalibrationLinearFactor:timeout_cpu_cycles <- [DW_OP_constu 2, DW_OP_minus, DW_OP_stack_value] $r2
	.loc	7 2942 11                       @ ../Drivers/STM32H7xx_HAL_Driver/Inc\stm32h7xx_ll_adc.h:2942:11
	itt	pl
	ldrpl	r5, [r1, #8]
.Ltmp329:
	@DEBUG_VALUE: LL_ADC_SetCalibrationLinearFactor:timeout_cpu_cycles <- [DW_OP_constu 3, DW_OP_minus, DW_OP_stack_value] $r2
	.loc	7 2942 3                        @ ../Drivers/STM32H7xx_HAL_Driver/Inc\stm32h7xx_ll_adc.h:2942:3
	lslspl.w	r5, r5, #7
	bmi	.LBB4_68
.Ltmp330:
@ %bb.67:                               @   in Loop: Header=BB4_64 Depth=1
	@DEBUG_VALUE: LL_ADC_SetCalibrationLinearFactor:LinearityWord <- 16777216
	@DEBUG_VALUE: LL_ADC_SetCalibrationLinearFactor:timeout_cpu_cycles <- [DW_OP_constu 3, DW_OP_minus, DW_OP_stack_value] $r2
	@DEBUG_VALUE: HAL_ADCEx_LinearCalibration_SetValue:LinearCalib_Buffer <- $lr
	@DEBUG_VALUE: LL_ADC_SetCalibrationLinearFactor:ADCx <- $r1
	@DEBUG_VALUE: HAL_ADCEx_LinearCalibration_SetValue:hadc <- [DW_OP_LLVM_entry_value 1] $r0
	@DEBUG_VALUE: HAL_ADCEx_LinearCalibration_SetValue:cnt <- 3
	@DEBUG_VALUE: HAL_ADCEx_LinearCalibration_SetValue:temp_REG_IsConversionOngoing <- 0
	@DEBUG_VALUE: LL_ADC_SetCalibrationLinearFactor:timeout_cpu_cycles <- [DW_OP_constu 3, DW_OP_minus, DW_OP_stack_value] $r2
	.loc	7 2942 11                       @ ../Drivers/STM32H7xx_HAL_Driver/Inc\stm32h7xx_ll_adc.h:2942:11
	ldr	r5, [r1, #8]
.Ltmp331:
	@DEBUG_VALUE: LL_ADC_SetCalibrationLinearFactor:timeout_cpu_cycles <- [DW_OP_consts 18446744073709027216, DW_OP_minus, DW_OP_consts 4, DW_OP_div, DW_OP_consts 18446744073709551612, DW_OP_mul, DW_OP_consts 524396, DW_OP_plus, DW_OP_stack_value] $r2
	.loc	7 2942 3                        @ ../Drivers/STM32H7xx_HAL_Driver/Inc\stm32h7xx_ll_adc.h:2942:3
	adds	r2, #4
.Ltmp332:
	lsls	r5, r5, #7
	bpl	.LBB4_64
.Ltmp333:
.LBB4_68:
	@DEBUG_VALUE: LL_ADC_SetCalibrationLinearFactor:LinearityWord <- 16777216
	@DEBUG_VALUE: HAL_ADCEx_LinearCalibration_SetValue:LinearCalib_Buffer <- $lr
	@DEBUG_VALUE: LL_ADC_SetCalibrationLinearFactor:ADCx <- $r1
	@DEBUG_VALUE: HAL_ADCEx_LinearCalibration_SetValue:hadc <- [DW_OP_LLVM_entry_value 1] $r0
	@DEBUG_VALUE: HAL_ADCEx_LinearCalibration_SetValue:cnt <- 3
	@DEBUG_VALUE: HAL_ADCEx_LinearCalibration_SetValue:temp_REG_IsConversionOngoing <- 0
	@DEBUG_VALUE: HAL_ADCEx_LinearCalibration_SetValue:cnt <- 2
	.loc	6 388 117 is_stmt 1             @ ../Drivers/STM32H7xx_HAL_Driver/Src/stm32h7xx_hal_adc_ex.c:388:117
	ldr.w	r2, [lr, #4]
.Ltmp334:
	@DEBUG_VALUE: LL_ADC_SetCalibrationLinearFactor:timeout_cpu_cycles <- 524400
	@DEBUG_VALUE: LL_ADC_SetCalibrationLinearFactor:LinearityWord <- 8388608
	@DEBUG_VALUE: LL_ADC_SetCalibrationLinearFactor:ADCx <- $r1
	@DEBUG_VALUE: LL_ADC_SetCalibrationLinearFactor:CalibrationFactor <- $r2
	.loc	7 2940 3                        @ ../Drivers/STM32H7xx_HAL_Driver/Inc\stm32h7xx_ll_adc.h:2940:3
	ldr.w	r5, [r1, #200]
	and	r5, r5, #-1073741824
	orrs	r2, r5
.Ltmp335:
	str.w	r2, [r1, #200]
	.loc	7 2941 3                        @ ../Drivers/STM32H7xx_HAL_Driver/Inc\stm32h7xx_ll_adc.h:2941:3
	ldr	r2, [r1, #8]
	bic	r2, r2, #8454144
	add.w	r2, r2, #8388608
	str	r2, [r1, #8]
	mov	r2, r3
.Ltmp336:
.LBB4_69:                               @ =>This Inner Loop Header: Depth=1
	@DEBUG_VALUE: LL_ADC_SetCalibrationLinearFactor:LinearityWord <- 8388608
	@DEBUG_VALUE: HAL_ADCEx_LinearCalibration_SetValue:LinearCalib_Buffer <- $lr
	@DEBUG_VALUE: LL_ADC_SetCalibrationLinearFactor:ADCx <- $r1
	@DEBUG_VALUE: HAL_ADCEx_LinearCalibration_SetValue:hadc <- [DW_OP_LLVM_entry_value 1] $r0
	@DEBUG_VALUE: HAL_ADCEx_LinearCalibration_SetValue:cnt <- 2
	@DEBUG_VALUE: HAL_ADCEx_LinearCalibration_SetValue:temp_REG_IsConversionOngoing <- 0
	@DEBUG_VALUE: LL_ADC_SetCalibrationLinearFactor:timeout_cpu_cycles <- [DW_OP_consts 18446744073709027216, DW_OP_minus, DW_OP_consts 4, DW_OP_div, DW_OP_consts 18446744073709551612, DW_OP_mul, DW_OP_consts 524400, DW_OP_plus, DW_OP_stack_value] $r2
	.loc	7 2942 11                       @ ../Drivers/STM32H7xx_HAL_Driver/Inc\stm32h7xx_ll_adc.h:2942:11
	ldr	r5, [r1, #8]
.Ltmp337:
	@DEBUG_VALUE: LL_ADC_SetCalibrationLinearFactor:timeout_cpu_cycles <- [DW_OP_constu 1, DW_OP_minus, DW_OP_stack_value] $r2
	.loc	7 2942 3 is_stmt 0              @ ../Drivers/STM32H7xx_HAL_Driver/Inc\stm32h7xx_ll_adc.h:2942:3
	lsls	r5, r5, #8
	bmi	.LBB4_73
.Ltmp338:
@ %bb.70:                               @   in Loop: Header=BB4_69 Depth=1
	@DEBUG_VALUE: LL_ADC_SetCalibrationLinearFactor:LinearityWord <- 8388608
	@DEBUG_VALUE: LL_ADC_SetCalibrationLinearFactor:timeout_cpu_cycles <- [DW_OP_constu 1, DW_OP_minus, DW_OP_stack_value] $r2
	@DEBUG_VALUE: HAL_ADCEx_LinearCalibration_SetValue:LinearCalib_Buffer <- $lr
	@DEBUG_VALUE: LL_ADC_SetCalibrationLinearFactor:ADCx <- $r1
	@DEBUG_VALUE: HAL_ADCEx_LinearCalibration_SetValue:hadc <- [DW_OP_LLVM_entry_value 1] $r0
	@DEBUG_VALUE: HAL_ADCEx_LinearCalibration_SetValue:cnt <- 2
	@DEBUG_VALUE: HAL_ADCEx_LinearCalibration_SetValue:temp_REG_IsConversionOngoing <- 0
	cbz	r2, .LBB4_73
.Ltmp339:
@ %bb.71:                               @   in Loop: Header=BB4_69 Depth=1
	@DEBUG_VALUE: LL_ADC_SetCalibrationLinearFactor:LinearityWord <- 8388608
	@DEBUG_VALUE: LL_ADC_SetCalibrationLinearFactor:timeout_cpu_cycles <- [DW_OP_constu 1, DW_OP_minus, DW_OP_stack_value] $r2
	@DEBUG_VALUE: HAL_ADCEx_LinearCalibration_SetValue:LinearCalib_Buffer <- $lr
	@DEBUG_VALUE: LL_ADC_SetCalibrationLinearFactor:ADCx <- $r1
	@DEBUG_VALUE: HAL_ADCEx_LinearCalibration_SetValue:hadc <- [DW_OP_LLVM_entry_value 1] $r0
	@DEBUG_VALUE: HAL_ADCEx_LinearCalibration_SetValue:cnt <- 2
	@DEBUG_VALUE: HAL_ADCEx_LinearCalibration_SetValue:temp_REG_IsConversionOngoing <- 0
	@DEBUG_VALUE: LL_ADC_SetCalibrationLinearFactor:timeout_cpu_cycles <- [DW_OP_constu 1, DW_OP_minus, DW_OP_stack_value] $r2
	.loc	7 2942 11                       @ ../Drivers/STM32H7xx_HAL_Driver/Inc\stm32h7xx_ll_adc.h:2942:11
	ldr	r5, [r1, #8]
.Ltmp340:
	@DEBUG_VALUE: LL_ADC_SetCalibrationLinearFactor:timeout_cpu_cycles <- [DW_OP_constu 2, DW_OP_minus, DW_OP_stack_value] $r2
	.loc	7 2942 3                        @ ../Drivers/STM32H7xx_HAL_Driver/Inc\stm32h7xx_ll_adc.h:2942:3
	lsls	r5, r5, #8
	@DEBUG_VALUE: LL_ADC_SetCalibrationLinearFactor:timeout_cpu_cycles <- [DW_OP_constu 2, DW_OP_minus, DW_OP_stack_value] $r2
	.loc	7 2942 11                       @ ../Drivers/STM32H7xx_HAL_Driver/Inc\stm32h7xx_ll_adc.h:2942:11
	itt	pl
	ldrpl	r5, [r1, #8]
.Ltmp341:
	@DEBUG_VALUE: LL_ADC_SetCalibrationLinearFactor:timeout_cpu_cycles <- [DW_OP_constu 3, DW_OP_minus, DW_OP_stack_value] $r2
	.loc	7 2942 3                        @ ../Drivers/STM32H7xx_HAL_Driver/Inc\stm32h7xx_ll_adc.h:2942:3
	lslspl.w	r5, r5, #8
	bmi	.LBB4_73
.Ltmp342:
@ %bb.72:                               @   in Loop: Header=BB4_69 Depth=1
	@DEBUG_VALUE: LL_ADC_SetCalibrationLinearFactor:LinearityWord <- 8388608
	@DEBUG_VALUE: LL_ADC_SetCalibrationLinearFactor:timeout_cpu_cycles <- [DW_OP_constu 3, DW_OP_minus, DW_OP_stack_value] $r2
	@DEBUG_VALUE: HAL_ADCEx_LinearCalibration_SetValue:LinearCalib_Buffer <- $lr
	@DEBUG_VALUE: LL_ADC_SetCalibrationLinearFactor:ADCx <- $r1
	@DEBUG_VALUE: HAL_ADCEx_LinearCalibration_SetValue:hadc <- [DW_OP_LLVM_entry_value 1] $r0
	@DEBUG_VALUE: HAL_ADCEx_LinearCalibration_SetValue:cnt <- 2
	@DEBUG_VALUE: HAL_ADCEx_LinearCalibration_SetValue:temp_REG_IsConversionOngoing <- 0
	@DEBUG_VALUE: LL_ADC_SetCalibrationLinearFactor:timeout_cpu_cycles <- [DW_OP_constu 3, DW_OP_minus, DW_OP_stack_value] $r2
	.loc	7 2942 11                       @ ../Drivers/STM32H7xx_HAL_Driver/Inc\stm32h7xx_ll_adc.h:2942:11
	ldr	r5, [r1, #8]
.Ltmp343:
	@DEBUG_VALUE: LL_ADC_SetCalibrationLinearFactor:timeout_cpu_cycles <- [DW_OP_consts 18446744073709027216, DW_OP_minus, DW_OP_consts 4, DW_OP_div, DW_OP_consts 18446744073709551612, DW_OP_mul, DW_OP_consts 524396, DW_OP_plus, DW_OP_stack_value] $r2
	.loc	7 2942 3                        @ ../Drivers/STM32H7xx_HAL_Driver/Inc\stm32h7xx_ll_adc.h:2942:3
	adds	r2, #4
.Ltmp344:
	lsls	r5, r5, #8
	bpl	.LBB4_69
.Ltmp345:
.LBB4_73:
	@DEBUG_VALUE: LL_ADC_SetCalibrationLinearFactor:LinearityWord <- 8388608
	@DEBUG_VALUE: HAL_ADCEx_LinearCalibration_SetValue:LinearCalib_Buffer <- $lr
	@DEBUG_VALUE: LL_ADC_SetCalibrationLinearFactor:ADCx <- $r1
	@DEBUG_VALUE: HAL_ADCEx_LinearCalibration_SetValue:hadc <- [DW_OP_LLVM_entry_value 1] $r0
	@DEBUG_VALUE: HAL_ADCEx_LinearCalibration_SetValue:cnt <- 2
	@DEBUG_VALUE: HAL_ADCEx_LinearCalibration_SetValue:temp_REG_IsConversionOngoing <- 0
	@DEBUG_VALUE: HAL_ADCEx_LinearCalibration_SetValue:cnt <- 1
	.loc	6 388 117 is_stmt 1             @ ../Drivers/STM32H7xx_HAL_Driver/Src/stm32h7xx_hal_adc_ex.c:388:117
	ldr.w	r2, [lr]
.Ltmp346:
	@DEBUG_VALUE: LL_ADC_SetCalibrationLinearFactor:timeout_cpu_cycles <- 524400
	@DEBUG_VALUE: LL_ADC_SetCalibrationLinearFactor:LinearityWord <- 4194304
	@DEBUG_VALUE: LL_ADC_SetCalibrationLinearFactor:ADCx <- $r1
	@DEBUG_VALUE: LL_ADC_SetCalibrationLinearFactor:CalibrationFactor <- $r2
	.loc	7 2940 3                        @ ../Drivers/STM32H7xx_HAL_Driver/Inc\stm32h7xx_ll_adc.h:2940:3
	ldr.w	r5, [r1, #200]
	and	r5, r5, #-1073741824
	orrs	r2, r5
.Ltmp347:
	str.w	r2, [r1, #200]
	.loc	7 2941 3                        @ ../Drivers/STM32H7xx_HAL_Driver/Inc\stm32h7xx_ll_adc.h:2941:3
	ldr	r2, [r1, #8]
	bic	r2, r2, #4259840
	add.w	r2, r2, #4194304
	str	r2, [r1, #8]
.Ltmp348:
.LBB4_74:                               @ =>This Inner Loop Header: Depth=1
	@DEBUG_VALUE: LL_ADC_SetCalibrationLinearFactor:LinearityWord <- 4194304
	@DEBUG_VALUE: HAL_ADCEx_LinearCalibration_SetValue:LinearCalib_Buffer <- $lr
	@DEBUG_VALUE: LL_ADC_SetCalibrationLinearFactor:ADCx <- $r1
	@DEBUG_VALUE: HAL_ADCEx_LinearCalibration_SetValue:hadc <- [DW_OP_LLVM_entry_value 1] $r0
	@DEBUG_VALUE: HAL_ADCEx_LinearCalibration_SetValue:cnt <- 1
	@DEBUG_VALUE: HAL_ADCEx_LinearCalibration_SetValue:temp_REG_IsConversionOngoing <- 0
	@DEBUG_VALUE: LL_ADC_SetCalibrationLinearFactor:timeout_cpu_cycles <- [DW_OP_consts 18446744073709027216, DW_OP_minus, DW_OP_consts 4, DW_OP_div, DW_OP_consts 18446744073709551612, DW_OP_mul, DW_OP_consts 524400, DW_OP_plus, DW_OP_stack_value] $r3
	.loc	7 2942 11                       @ ../Drivers/STM32H7xx_HAL_Driver/Inc\stm32h7xx_ll_adc.h:2942:11
	ldr	r2, [r1, #8]
.Ltmp349:
	@DEBUG_VALUE: LL_ADC_SetCalibrationLinearFactor:timeout_cpu_cycles <- [DW_OP_constu 1, DW_OP_minus, DW_OP_stack_value] $r3
	.loc	7 2942 3 is_stmt 0              @ ../Drivers/STM32H7xx_HAL_Driver/Inc\stm32h7xx_ll_adc.h:2942:3
	lsls	r2, r2, #9
	bmi	.LBB4_78
.Ltmp350:
@ %bb.75:                               @   in Loop: Header=BB4_74 Depth=1
	@DEBUG_VALUE: LL_ADC_SetCalibrationLinearFactor:timeout_cpu_cycles <- [DW_OP_constu 1, DW_OP_minus, DW_OP_stack_value] $r3
	@DEBUG_VALUE: LL_ADC_SetCalibrationLinearFactor:LinearityWord <- 4194304
	@DEBUG_VALUE: HAL_ADCEx_LinearCalibration_SetValue:LinearCalib_Buffer <- $lr
	@DEBUG_VALUE: LL_ADC_SetCalibrationLinearFactor:ADCx <- $r1
	@DEBUG_VALUE: HAL_ADCEx_LinearCalibration_SetValue:hadc <- [DW_OP_LLVM_entry_value 1] $r0
	@DEBUG_VALUE: HAL_ADCEx_LinearCalibration_SetValue:cnt <- 1
	@DEBUG_VALUE: HAL_ADCEx_LinearCalibration_SetValue:temp_REG_IsConversionOngoing <- 0
	cbz	r3, .LBB4_78
.Ltmp351:
@ %bb.76:                               @   in Loop: Header=BB4_74 Depth=1
	@DEBUG_VALUE: LL_ADC_SetCalibrationLinearFactor:timeout_cpu_cycles <- [DW_OP_constu 1, DW_OP_minus, DW_OP_stack_value] $r3
	@DEBUG_VALUE: LL_ADC_SetCalibrationLinearFactor:LinearityWord <- 4194304
	@DEBUG_VALUE: HAL_ADCEx_LinearCalibration_SetValue:LinearCalib_Buffer <- $lr
	@DEBUG_VALUE: LL_ADC_SetCalibrationLinearFactor:ADCx <- $r1
	@DEBUG_VALUE: HAL_ADCEx_LinearCalibration_SetValue:hadc <- [DW_OP_LLVM_entry_value 1] $r0
	@DEBUG_VALUE: HAL_ADCEx_LinearCalibration_SetValue:cnt <- 1
	@DEBUG_VALUE: HAL_ADCEx_LinearCalibration_SetValue:temp_REG_IsConversionOngoing <- 0
	@DEBUG_VALUE: LL_ADC_SetCalibrationLinearFactor:timeout_cpu_cycles <- [DW_OP_constu 1, DW_OP_minus, DW_OP_stack_value] $r3
	.loc	7 2942 11                       @ ../Drivers/STM32H7xx_HAL_Driver/Inc\stm32h7xx_ll_adc.h:2942:11
	ldr	r2, [r1, #8]
.Ltmp352:
	@DEBUG_VALUE: LL_ADC_SetCalibrationLinearFactor:timeout_cpu_cycles <- [DW_OP_constu 2, DW_OP_minus, DW_OP_stack_value] $r3
	.loc	7 2942 3                        @ ../Drivers/STM32H7xx_HAL_Driver/Inc\stm32h7xx_ll_adc.h:2942:3
	lsls	r2, r2, #9
	@DEBUG_VALUE: LL_ADC_SetCalibrationLinearFactor:timeout_cpu_cycles <- [DW_OP_constu 2, DW_OP_minus, DW_OP_stack_value] $r3
	.loc	7 2942 11                       @ ../Drivers/STM32H7xx_HAL_Driver/Inc\stm32h7xx_ll_adc.h:2942:11
	itt	pl
	ldrpl	r2, [r1, #8]
.Ltmp353:
	@DEBUG_VALUE: LL_ADC_SetCalibrationLinearFactor:timeout_cpu_cycles <- [DW_OP_constu 3, DW_OP_minus, DW_OP_stack_value] $r3
	.loc	7 2942 3                        @ ../Drivers/STM32H7xx_HAL_Driver/Inc\stm32h7xx_ll_adc.h:2942:3
	lslspl.w	r2, r2, #9
	bmi	.LBB4_78
.Ltmp354:
@ %bb.77:                               @   in Loop: Header=BB4_74 Depth=1
	@DEBUG_VALUE: LL_ADC_SetCalibrationLinearFactor:timeout_cpu_cycles <- [DW_OP_constu 3, DW_OP_minus, DW_OP_stack_value] $r3
	@DEBUG_VALUE: LL_ADC_SetCalibrationLinearFactor:LinearityWord <- 4194304
	@DEBUG_VALUE: HAL_ADCEx_LinearCalibration_SetValue:LinearCalib_Buffer <- $lr
	@DEBUG_VALUE: LL_ADC_SetCalibrationLinearFactor:ADCx <- $r1
	@DEBUG_VALUE: HAL_ADCEx_LinearCalibration_SetValue:hadc <- [DW_OP_LLVM_entry_value 1] $r0
	@DEBUG_VALUE: HAL_ADCEx_LinearCalibration_SetValue:cnt <- 1
	@DEBUG_VALUE: HAL_ADCEx_LinearCalibration_SetValue:temp_REG_IsConversionOngoing <- 0
	@DEBUG_VALUE: LL_ADC_SetCalibrationLinearFactor:timeout_cpu_cycles <- [DW_OP_constu 3, DW_OP_minus, DW_OP_stack_value] $r3
	.loc	7 2942 11                       @ ../Drivers/STM32H7xx_HAL_Driver/Inc\stm32h7xx_ll_adc.h:2942:11
	ldr	r2, [r1, #8]
.Ltmp355:
	@DEBUG_VALUE: LL_ADC_SetCalibrationLinearFactor:timeout_cpu_cycles <- [DW_OP_consts 18446744073709027216, DW_OP_minus, DW_OP_consts 4, DW_OP_div, DW_OP_consts 18446744073709551612, DW_OP_mul, DW_OP_consts 524396, DW_OP_plus, DW_OP_stack_value] $r3
	.loc	7 2942 3                        @ ../Drivers/STM32H7xx_HAL_Driver/Inc\stm32h7xx_ll_adc.h:2942:3
	adds	r3, #4
.Ltmp356:
	lsls	r2, r2, #9
	bpl	.LBB4_74
.Ltmp357:
.LBB4_78:
	@DEBUG_VALUE: HAL_ADCEx_LinearCalibration_SetValue:LinearCalib_Buffer <- $lr
	@DEBUG_VALUE: HAL_ADCEx_LinearCalibration_SetValue:hadc <- [DW_OP_LLVM_entry_value 1] $r0
	@DEBUG_VALUE: HAL_ADCEx_LinearCalibration_SetValue:cnt <- 1
	@DEBUG_VALUE: HAL_ADCEx_LinearCalibration_SetValue:temp_REG_IsConversionOngoing <- 0
	@DEBUG_VALUE: HAL_ADCEx_LinearCalibration_SetValue:cnt <- 0
	.loc	6 390 13 is_stmt 1              @ ../Drivers/STM32H7xx_HAL_Driver/Src/stm32h7xx_hal_adc_ex.c:390:13
	bl	ADC_Disable
.Ltmp358:
	@DEBUG_VALUE: HAL_ADCEx_LinearCalibration_SetValue:LinearCalib_Buffer <- [DW_OP_LLVM_entry_value 1] $r1
	.loc	6 0 13 is_stmt 0                @ ../Drivers/STM32H7xx_HAL_Driver/Src/stm32h7xx_hal_adc_ex.c:0:13
	movs	r0, #0
.Ltmp359:
	.loc	6 410 1 epilogue_begin is_stmt 1 @ ../Drivers/STM32H7xx_HAL_Driver/Src/stm32h7xx_hal_adc_ex.c:410:1
	add	sp, #8
	pop	{r4, r5, r7, pc}
.Ltmp360:
.Lfunc_end4:
	.size	HAL_ADCEx_LinearCalibration_SetValue, .Lfunc_end4-HAL_ADCEx_LinearCalibration_SetValue
	.cfi_endproc
	.cantunwind
	.fnend
                                        @ -- End function
	.section	.text.HAL_ADCEx_LinearCalibration_FactorLoad,"ax",%progbits
	.hidden	HAL_ADCEx_LinearCalibration_FactorLoad @ -- Begin function HAL_ADCEx_LinearCalibration_FactorLoad
	.globl	HAL_ADCEx_LinearCalibration_FactorLoad
	.p2align	3
	.type	HAL_ADCEx_LinearCalibration_FactorLoad,%function
	.code	16                              @ @HAL_ADCEx_LinearCalibration_FactorLoad
	.thumb_func
HAL_ADCEx_LinearCalibration_FactorLoad:
.Lfunc_begin5:
	.loc	6 418 0                         @ ../Drivers/STM32H7xx_HAL_Driver/Src/stm32h7xx_hal_adc_ex.c:418:0
	.fnstart
	.cfi_startproc
@ %bb.0:
	@DEBUG_VALUE: HAL_ADCEx_LinearCalibration_FactorLoad:hadc <- $r0
	.save	{r7, lr}
	push	{r7, lr}
	.cfi_def_cfa_offset 8
	.cfi_offset lr, -4
	.cfi_offset r7, -8
	.pad	#24
	sub	sp, #24
	.cfi_def_cfa_offset 32
.Ltmp361:
	@DEBUG_VALUE: HAL_ADCEx_LinearCalibration_FactorLoad:tmp_hal_status <- 0
	movw	r12, #8192
.Ltmp362:
	.loc	6 427 13 prologue_end           @ ../Drivers/STM32H7xx_HAL_Driver/Src/stm32h7xx_hal_adc_ex.c:427:13
	ldr	r2, [r0]
	movt	r12, #16386
	movs	r3, #16
.Ltmp363:
	.loc	6 427 7 is_stmt 0               @ ../Drivers/STM32H7xx_HAL_Driver/Src/stm32h7xx_hal_adc_ex.c:427:7
	add.w	r1, r12, #256
	cmp	r2, r1
	it	eq
	moveq	r3, #8
	subs.w	r1, r2, r12
	movw	r2, #60416
	it	ne
	movne	r1, r3
.Ltmp364:
	@DEBUG_VALUE: HAL_ADCEx_LinearCalibration_FactorLoad:FactorOffset <- $r1
	.loc	6 0 7                           @ ../Drivers/STM32H7xx_HAL_Driver/Src/stm32h7xx_hal_adc_ex.c:0:7
	movw	r3, #60420
	movt	r2, #8177
.Ltmp365:
	@DEBUG_VALUE: HAL_ADCEx_LinearCalibration_FactorLoad:cnt <- 0
	movt	r3, #8177
	orr.w	r2, r2, r1, lsl #2
.Ltmp366:
	.loc	6 442 29 is_stmt 1              @ ../Drivers/STM32H7xx_HAL_Driver/Src/stm32h7xx_hal_adc_ex.c:442:29
	orr.w	r3, r3, r1, lsl #2
	movw	r12, #60428
	ldr	r2, [r2]
	str	r2, [sp]
	ldr	r2, [r3]
	movw	r3, #60424
	movt	r3, #8177
	movt	r12, #8177
	orr.w	r3, r3, r1, lsl #2
	str	r2, [sp, #4]
	orr.w	r2, r12, r1, lsl #2
	movw	r12, #60436
	ldr	r3, [r3]
	str	r3, [sp, #8]
	movw	r3, #60432
	movt	r12, #8177
	movt	r3, #8177
	ldr	r2, [r2]
	orr.w	r3, r3, r1, lsl #2
	str	r2, [sp, #12]
	orr.w	r1, r12, r1, lsl #2
.Ltmp367:
	ldr	r2, [r3]
	str	r2, [sp, #16]
	ldr	r1, [r1]
	str	r1, [sp, #20]
.Ltmp368:
	@DEBUG_VALUE: HAL_ADCEx_LinearCalibration_FactorLoad:cnt <- undef
	.loc	6 0 29 is_stmt 0                @ ../Drivers/STM32H7xx_HAL_Driver/Src/stm32h7xx_hal_adc_ex.c:0:29
	mov	r1, sp
.Ltmp369:
	.loc	6 444 7 is_stmt 1               @ ../Drivers/STM32H7xx_HAL_Driver/Src/stm32h7xx_hal_adc_ex.c:444:7
	bl	HAL_ADCEx_LinearCalibration_SetValue
.Ltmp370:
	@DEBUG_VALUE: HAL_ADCEx_LinearCalibration_FactorLoad:hadc <- [DW_OP_LLVM_entry_value 1] $r0
	@DEBUG_VALUE: HAL_ADCEx_LinearCalibration_FactorLoad:tmp_hal_status <- $r0
	.loc	6 449 3 epilogue_begin          @ ../Drivers/STM32H7xx_HAL_Driver/Src/stm32h7xx_hal_adc_ex.c:449:3
	add	sp, #24
	pop	{r7, pc}
.Ltmp371:
.Lfunc_end5:
	.size	HAL_ADCEx_LinearCalibration_FactorLoad, .Lfunc_end5-HAL_ADCEx_LinearCalibration_FactorLoad
	.cfi_endproc
	.cantunwind
	.fnend
                                        @ -- End function
	.section	.text.HAL_ADCEx_InjectedStart,"ax",%progbits
	.hidden	HAL_ADCEx_InjectedStart         @ -- Begin function HAL_ADCEx_InjectedStart
	.globl	HAL_ADCEx_InjectedStart
	.p2align	3
	.type	HAL_ADCEx_InjectedStart,%function
	.code	16                              @ @HAL_ADCEx_InjectedStart
	.thumb_func
HAL_ADCEx_InjectedStart:
.Lfunc_begin6:
	.loc	6 464 0                         @ ../Drivers/STM32H7xx_HAL_Driver/Src/stm32h7xx_hal_adc_ex.c:464:0
	.fnstart
	.cfi_startproc
@ %bb.0:
	@DEBUG_VALUE: HAL_ADCEx_InjectedStart:hadc <- $r0
	.save	{r4, r5, r6, lr}
	push	{r4, r5, r6, lr}
	.cfi_def_cfa_offset 16
	.cfi_offset lr, -4
	.cfi_offset r6, -8
	.cfi_offset r5, -12
	.cfi_offset r4, -16
	movw	r4, #8448
	movw	r6, #25352
	movt	r4, #16386
.Ltmp372:
	.loc	6 467 55 prologue_end           @ ../Drivers/STM32H7xx_HAL_Driver/Src/stm32h7xx_hal_adc_ex.c:467:55
	ldr	r1, [r0]
.Ltmp373:
	.loc	7 6603 21                       @ ../Drivers/STM32H7xx_HAL_Driver/Inc\stm32h7xx_ll_adc.h:6603:21
	add.w	r3, r4, #520
	movt	r6, #22530
.Ltmp374:
	.loc	6 467 55                        @ ../Drivers/STM32H7xx_HAL_Driver/Src/stm32h7xx_hal_adc_ex.c:467:55
	sub.w	r2, r4, #256
.Ltmp375:
	.loc	7 6603 21                       @ ../Drivers/STM32H7xx_HAL_Driver/Inc\stm32h7xx_ll_adc.h:6603:21
	cmp	r1, r4
	it	eq
	moveq	r6, r3
	cmp	r1, r2
	it	eq
	moveq	r6, r3
	ldr	r5, [r6]
.Ltmp376:
	@DEBUG_VALUE: LL_ADC_INJ_IsConversionOngoing:ADCx <- $r1
	.loc	7 7270 12                       @ ../Drivers/STM32H7xx_HAL_Driver/Inc\stm32h7xx_ll_adc.h:7270:12
	ldr	r2, [r1, #8]
.Ltmp377:
	.loc	6 472 7                         @ ../Drivers/STM32H7xx_HAL_Driver/Src/stm32h7xx_hal_adc_ex.c:472:7
	lsls	r2, r2, #28
	bmi	.LBB6_5
.Ltmp378:
@ %bb.1:
	@DEBUG_VALUE: HAL_ADCEx_InjectedStart:hadc <- $r0
	.loc	6 485 33                        @ ../Drivers/STM32H7xx_HAL_Driver/Src/stm32h7xx_hal_adc_ex.c:485:33
	ldr	r2, [r1, #12]
.Ltmp379:
	@DEBUG_VALUE: HAL_ADCEx_InjectedStart:tmp_config_injected_queue <- [DW_OP_constu 18446744071562067968, DW_OP_and, DW_OP_stack_value] $r2
	.loc	6 487 10                        @ ../Drivers/STM32H7xx_HAL_Driver/Src/stm32h7xx_hal_adc_ex.c:487:10
	ldr	r1, [r1, #76]
	.loc	6 488 9                         @ ../Drivers/STM32H7xx_HAL_Driver/Src/stm32h7xx_hal_adc_ex.c:488:9
	tst.w	r1, #384
	bne	.LBB6_4
.Ltmp380:
@ %bb.2:
	@DEBUG_VALUE: HAL_ADCEx_InjectedStart:tmp_config_injected_queue <- [DW_OP_constu 18446744071562067968, DW_OP_and, DW_OP_stack_value] $r2
	@DEBUG_VALUE: HAL_ADCEx_InjectedStart:hadc <- $r0
	cmp	r2, #0
	bmi	.LBB6_4
.Ltmp381:
@ %bb.3:
	@DEBUG_VALUE: HAL_ADCEx_InjectedStart:tmp_config_injected_queue <- [DW_OP_constu 18446744071562067968, DW_OP_and, DW_OP_stack_value] $r2
	@DEBUG_VALUE: HAL_ADCEx_InjectedStart:hadc <- $r0
	.loc	6 491 7                         @ ../Drivers/STM32H7xx_HAL_Driver/Src/stm32h7xx_hal_adc_ex.c:491:7
	ldr	r1, [r0, #84]
	orr	r1, r1, #32
	str	r1, [r0, #84]
	movs	r0, #1
.Ltmp382:
	@DEBUG_VALUE: HAL_ADCEx_InjectedStart:hadc <- [DW_OP_LLVM_entry_value 1] $r0
	.loc	6 582 1 epilogue_begin          @ ../Drivers/STM32H7xx_HAL_Driver/Src/stm32h7xx_hal_adc_ex.c:582:1
	pop	{r4, r5, r6, pc}
.Ltmp383:
	.loc	6 0 1 is_stmt 0                 @ :0:1
.Ltmp384:
	.p2align	2
.LBB6_4:
	@DEBUG_VALUE: HAL_ADCEx_InjectedStart:tmp_config_injected_queue <- [DW_OP_constu 18446744071562067968, DW_OP_and, DW_OP_stack_value] $r2
	@DEBUG_VALUE: HAL_ADCEx_InjectedStart:hadc <- $r0
	.loc	6 496 5 is_stmt 1               @ ../Drivers/STM32H7xx_HAL_Driver/Src/stm32h7xx_hal_adc_ex.c:496:5
	ldrb.w	r1, [r0, #80]
.Ltmp385:
	.loc	6 496 5 is_stmt 0               @ ../Drivers/STM32H7xx_HAL_Driver/Src/stm32h7xx_hal_adc_ex.c:496:5
	cmp	r1, #1
	bne	.LBB6_6
.Ltmp386:
.LBB6_5:
	@DEBUG_VALUE: HAL_ADCEx_InjectedStart:hadc <- $r0
	.loc	6 0 5                           @ ../Drivers/STM32H7xx_HAL_Driver/Src/stm32h7xx_hal_adc_ex.c:0:5
	movs	r0, #2
.Ltmp387:
	@DEBUG_VALUE: HAL_ADCEx_InjectedStart:hadc <- [DW_OP_LLVM_entry_value 1] $r0
	.loc	6 582 1 epilogue_begin is_stmt 1 @ ../Drivers/STM32H7xx_HAL_Driver/Src/stm32h7xx_hal_adc_ex.c:582:1
	pop	{r4, r5, r6, pc}
.Ltmp388:
	.loc	6 0 1 is_stmt 0                 @ :0:1
.Ltmp389:
	.p2align	2
.LBB6_6:
	@DEBUG_VALUE: HAL_ADCEx_InjectedStart:tmp_config_injected_queue <- [DW_OP_constu 18446744071562067968, DW_OP_and, DW_OP_stack_value] $r2
	@DEBUG_VALUE: HAL_ADCEx_InjectedStart:hadc <- $r0
	movs	r1, #1
.Ltmp390:
	.loc	6 496 5 is_stmt 1               @ ../Drivers/STM32H7xx_HAL_Driver/Src/stm32h7xx_hal_adc_ex.c:496:5
	strb.w	r1, [r0, #80]
	mov	r6, r0
.Ltmp391:
	.loc	6 499 22                        @ ../Drivers/STM32H7xx_HAL_Driver/Src/stm32h7xx_hal_adc_ex.c:499:22
	bl	ADC_Enable
.Ltmp392:
	@DEBUG_VALUE: HAL_ADCEx_InjectedStart:hadc <- [DW_OP_LLVM_entry_value 1] $r0
	@DEBUG_VALUE: HAL_ADCEx_InjectedStart:tmp_hal_status <- $r0
	.loc	6 502 9                         @ ../Drivers/STM32H7xx_HAL_Driver/Src/stm32h7xx_hal_adc_ex.c:502:9
	cbz	r0, .LBB6_8
.Ltmp393:
@ %bb.7:
	@DEBUG_VALUE: HAL_ADCEx_InjectedStart:tmp_hal_status <- $r0
	@DEBUG_VALUE: HAL_ADCEx_InjectedStart:hadc <- [DW_OP_LLVM_entry_value 1] $r0
	.loc	6 0 9 is_stmt 0                 @ ../Drivers/STM32H7xx_HAL_Driver/Src/stm32h7xx_hal_adc_ex.c:0:9
	movs	r1, #0
.Ltmp394:
	.loc	6 576 7 is_stmt 1               @ ../Drivers/STM32H7xx_HAL_Driver/Src/stm32h7xx_hal_adc_ex.c:576:7
	strb.w	r1, [r6, #80]
.Ltmp395:
	.loc	6 582 1 epilogue_begin          @ ../Drivers/STM32H7xx_HAL_Driver/Src/stm32h7xx_hal_adc_ex.c:582:1
	pop	{r4, r5, r6, pc}
.Ltmp396:
	.loc	6 0 1 is_stmt 0                 @ :0:1
.Ltmp397:
	.p2align	2
.LBB6_8:
	@DEBUG_VALUE: HAL_ADCEx_InjectedStart:tmp_hal_status <- $r0
	@DEBUG_VALUE: HAL_ADCEx_InjectedStart:hadc <- [DW_OP_LLVM_entry_value 1] $r0
	.loc	6 505 18 is_stmt 1              @ ../Drivers/STM32H7xx_HAL_Driver/Src/stm32h7xx_hal_adc_ex.c:505:18
	ldr	r1, [r6, #84]
	mov	r0, r6
.Ltmp398:
	.loc	6 505 11 is_stmt 0              @ ../Drivers/STM32H7xx_HAL_Driver/Src/stm32h7xx_hal_adc_ex.c:505:11
	lsls	r1, r1, #23
	bmi	.LBB6_10
.Ltmp399:
@ %bb.9:
	@DEBUG_VALUE: HAL_ADCEx_InjectedStart:hadc <- [DW_OP_LLVM_entry_value 1] $r0
	.loc	6 0 11                          @ ../Drivers/STM32H7xx_HAL_Driver/Src/stm32h7xx_hal_adc_ex.c:0:11
	movs	r1, #0
	.loc	6 505 11                        @ ../Drivers/STM32H7xx_HAL_Driver/Src/stm32h7xx_hal_adc_ex.c:505:11
	b	.LBB6_11
.Ltmp400:
	.loc	6 0 11                          @ :0:11
.Ltmp401:
	.p2align	2
.LBB6_10:
	@DEBUG_VALUE: HAL_ADCEx_InjectedStart:hadc <- [DW_OP_LLVM_entry_value 1] $r0
	.loc	6 508 9 is_stmt 1               @ ../Drivers/STM32H7xx_HAL_Driver/Src/stm32h7xx_hal_adc_ex.c:508:9
	ldr	r1, [r0, #88]
	bic	r1, r1, #8
.Ltmp402:
.LBB6_11:
	@DEBUG_VALUE: HAL_ADCEx_InjectedStart:hadc <- [DW_OP_LLVM_entry_value 1] $r0
	.loc	6 0 0 is_stmt 0                 @ ../Drivers/STM32H7xx_HAL_Driver/Src/stm32h7xx_hal_adc_ex.c:0:0
	str	r1, [r0, #88]
	movw	r2, #12289
.Ltmp403:
	.loc	6 519 7 is_stmt 1               @ ../Drivers/STM32H7xx_HAL_Driver/Src/stm32h7xx_hal_adc_ex.c:519:7
	ldr	r1, [r0, #84]
	bics	r1, r2
.Ltmp404:
	.loc	7 6603 21                       @ ../Drivers/STM32H7xx_HAL_Driver/Inc\stm32h7xx_ll_adc.h:6603:21
	and	r2, r5, #31
.Ltmp405:
	.loc	6 519 7                         @ ../Drivers/STM32H7xx_HAL_Driver/Src/stm32h7xx_hal_adc_ex.c:519:7
	add.w	r1, r1, #4096
	str	r1, [r0, #84]
.Ltmp406:
	.loc	6 526 12                        @ ../Drivers/STM32H7xx_HAL_Driver/Src/stm32h7xx_hal_adc_ex.c:526:12
	ldr	r1, [r0]
	.loc	6 527 11                        @ ../Drivers/STM32H7xx_HAL_Driver/Src/stm32h7xx_hal_adc_ex.c:527:11
	cmp	r1, r4
	bne	.LBB6_13
.Ltmp407:
@ %bb.12:
	@DEBUG_VALUE: HAL_ADCEx_InjectedStart:hadc <- [DW_OP_LLVM_entry_value 1] $r0
	cbnz	r2, .LBB6_14
.Ltmp408:
.LBB6_13:
	@DEBUG_VALUE: HAL_ADCEx_InjectedStart:hadc <- [DW_OP_LLVM_entry_value 1] $r0
	.loc	6 530 9                         @ ../Drivers/STM32H7xx_HAL_Driver/Src/stm32h7xx_hal_adc_ex.c:530:9
	ldr	r3, [r0, #84]
	bic	r3, r3, #1048576
	str	r3, [r0, #84]
.Ltmp409:
.LBB6_14:
	@DEBUG_VALUE: HAL_ADCEx_InjectedStart:hadc <- [DW_OP_LLVM_entry_value 1] $r0
	.loc	6 555 11                        @ ../Drivers/STM32H7xx_HAL_Driver/Src/stm32h7xx_hal_adc_ex.c:555:11
	cmp	r1, r4
	mov.w	r3, #96
.Ltmp410:
	.loc	6 535 7                         @ ../Drivers/STM32H7xx_HAL_Driver/Src/stm32h7xx_hal_adc_ex.c:535:7
	str	r3, [r1]
	mov.w	r3, #0
.Ltmp411:
	.loc	6 540 7                         @ ../Drivers/STM32H7xx_HAL_Driver/Src/stm32h7xx_hal_adc_ex.c:540:7
	strb.w	r3, [r0, #80]
.Ltmp412:
	.loc	6 555 11                        @ ../Drivers/STM32H7xx_HAL_Driver/Src/stm32h7xx_hal_adc_ex.c:555:11
	bne	.LBB6_17
.Ltmp413:
@ %bb.15:
	@DEBUG_VALUE: HAL_ADCEx_InjectedStart:hadc <- [DW_OP_LLVM_entry_value 1] $r0
	cmp	r2, #0
	itt	ne
	andne	r2, r5, #30
	cmpne	r2, #6
	beq	.LBB6_17
.Ltmp414:
@ %bb.16:
	@DEBUG_VALUE: HAL_ADCEx_InjectedStart:hadc <- [DW_OP_LLVM_entry_value 1] $r0
	.loc	6 569 9                         @ ../Drivers/STM32H7xx_HAL_Driver/Src/stm32h7xx_hal_adc_ex.c:569:9
	ldr	r1, [r0, #84]
	orr	r1, r1, #1048576
	str	r1, [r0, #84]
	movs	r0, #0
.Ltmp415:
	.loc	6 582 1 epilogue_begin          @ ../Drivers/STM32H7xx_HAL_Driver/Src/stm32h7xx_hal_adc_ex.c:582:1
	pop	{r4, r5, r6, pc}
.Ltmp416:
	.loc	6 0 1 is_stmt 0                 @ :0:1
.Ltmp417:
	.p2align	2
.LBB6_17:
	@DEBUG_VALUE: HAL_ADCEx_InjectedStart:hadc <- [DW_OP_LLVM_entry_value 1] $r0
	@DEBUG_VALUE: LL_ADC_INJ_GetTrigAuto:ADCx <- $r1
	.loc	7 5019 21 is_stmt 1             @ ../Drivers/STM32H7xx_HAL_Driver/Inc\stm32h7xx_ll_adc.h:5019:21
	ldr	r0, [r1, #12]
.Ltmp418:
	.loc	6 561 13                        @ ../Drivers/STM32H7xx_HAL_Driver/Src/stm32h7xx_hal_adc_ex.c:561:13
	lsls	r0, r0, #6
	bmi	.LBB6_19
.Ltmp419:
@ %bb.18:
	@DEBUG_VALUE: HAL_ADCEx_InjectedStart:hadc <- [DW_OP_LLVM_entry_value 1] $r0
	@DEBUG_VALUE: LL_ADC_INJ_StartConversion:ADCx <- $r1
	.loc	6 0 13 is_stmt 0                @ ../Drivers/STM32H7xx_HAL_Driver/Src/stm32h7xx_hal_adc_ex.c:0:13
	movw	r2, #65472
.Ltmp420:
	.loc	7 7237 3 is_stmt 1              @ ../Drivers/STM32H7xx_HAL_Driver/Inc\stm32h7xx_ll_adc.h:7237:3
	ldr	r0, [r1, #8]
	movt	r2, #32767
	ands	r0, r2
	adds	r0, #8
	str	r0, [r1, #8]
.Ltmp421:
.LBB6_19:
	@DEBUG_VALUE: HAL_ADCEx_InjectedStart:hadc <- [DW_OP_LLVM_entry_value 1] $r0
	.loc	7 0 3 is_stmt 0                 @ ../Drivers/STM32H7xx_HAL_Driver/Inc\stm32h7xx_ll_adc.h:0:3
	movs	r0, #0
	.loc	6 582 1 epilogue_begin is_stmt 1 @ ../Drivers/STM32H7xx_HAL_Driver/Src/stm32h7xx_hal_adc_ex.c:582:1
	pop	{r4, r5, r6, pc}
.Ltmp422:
.Lfunc_end6:
	.size	HAL_ADCEx_InjectedStart, .Lfunc_end6-HAL_ADCEx_InjectedStart
	.cfi_endproc
	.cantunwind
	.fnend
                                        @ -- End function
	.section	.text.HAL_ADCEx_InjectedStop,"ax",%progbits
	.hidden	HAL_ADCEx_InjectedStop          @ -- Begin function HAL_ADCEx_InjectedStop
	.globl	HAL_ADCEx_InjectedStop
	.p2align	3
	.type	HAL_ADCEx_InjectedStop,%function
	.code	16                              @ @HAL_ADCEx_InjectedStop
	.thumb_func
HAL_ADCEx_InjectedStop:
.Lfunc_begin7:
	.loc	6 601 0                         @ ../Drivers/STM32H7xx_HAL_Driver/Src/stm32h7xx_hal_adc_ex.c:601:0
	.fnstart
	.cfi_startproc
@ %bb.0:
	@DEBUG_VALUE: HAL_ADCEx_InjectedStop:hadc <- $r0
	.save	{r4, lr}
	push	{r4, lr}
	.cfi_def_cfa_offset 8
	.cfi_offset lr, -4
	.cfi_offset r4, -8
	mov	r4, r0
.Ltmp423:
	@DEBUG_VALUE: HAL_ADCEx_InjectedStop:hadc <- $r4
	.loc	6 608 3 prologue_end            @ ../Drivers/STM32H7xx_HAL_Driver/Src/stm32h7xx_hal_adc_ex.c:608:3
	ldrb.w	r0, [r0, #80]
.Ltmp424:
	.loc	6 608 3 is_stmt 0               @ ../Drivers/STM32H7xx_HAL_Driver/Src/stm32h7xx_hal_adc_ex.c:608:3
	cmp	r0, #1
	bne	.LBB7_2
.Ltmp425:
@ %bb.1:
	@DEBUG_VALUE: HAL_ADCEx_InjectedStop:hadc <- $r4
	.loc	6 0 3                           @ ../Drivers/STM32H7xx_HAL_Driver/Src/stm32h7xx_hal_adc_ex.c:0:3
	movs	r0, #2
	.loc	6 645 1 epilogue_begin is_stmt 1 @ ../Drivers/STM32H7xx_HAL_Driver/Src/stm32h7xx_hal_adc_ex.c:645:1
	pop	{r4, pc}
.Ltmp426:
	.loc	6 0 1 is_stmt 0                 @ :0:1
.Ltmp427:
	.p2align	2
.LBB7_2:
	@DEBUG_VALUE: HAL_ADCEx_InjectedStop:hadc <- $r4
	movs	r0, #1
.Ltmp428:
	.loc	6 608 3 is_stmt 1               @ ../Drivers/STM32H7xx_HAL_Driver/Src/stm32h7xx_hal_adc_ex.c:608:3
	strb.w	r0, [r4, #80]
.Ltmp429:
	.loc	6 611 20                        @ ../Drivers/STM32H7xx_HAL_Driver/Src/stm32h7xx_hal_adc_ex.c:611:20
	movs	r1, #2
	mov	r0, r4
	bl	ADC_ConversionStop
.Ltmp430:
	@DEBUG_VALUE: HAL_ADCEx_InjectedStop:tmp_hal_status <- $r0
	.loc	6 615 7                         @ ../Drivers/STM32H7xx_HAL_Driver/Src/stm32h7xx_hal_adc_ex.c:615:7
	cbz	r0, .LBB7_4
.Ltmp431:
.LBB7_3:
	@DEBUG_VALUE: HAL_ADCEx_InjectedStop:tmp_hal_status <- $r0
	@DEBUG_VALUE: HAL_ADCEx_InjectedStop:hadc <- $r4
	@DEBUG_VALUE: HAL_ADCEx_InjectedStop:tmp_hal_status <- $r0
	.loc	6 0 7 is_stmt 0                 @ ../Drivers/STM32H7xx_HAL_Driver/Src/stm32h7xx_hal_adc_ex.c:0:7
	movs	r1, #0
.Ltmp432:
	.loc	6 641 3 is_stmt 1               @ ../Drivers/STM32H7xx_HAL_Driver/Src/stm32h7xx_hal_adc_ex.c:641:3
	strb.w	r1, [r4, #80]
.Ltmp433:
	.loc	6 645 1 epilogue_begin          @ ../Drivers/STM32H7xx_HAL_Driver/Src/stm32h7xx_hal_adc_ex.c:645:1
	pop	{r4, pc}
.Ltmp434:
	.loc	6 0 1 is_stmt 0                 @ :0:1
.Ltmp435:
	.p2align	2
.LBB7_4:
	@DEBUG_VALUE: HAL_ADCEx_InjectedStop:tmp_hal_status <- $r0
	@DEBUG_VALUE: HAL_ADCEx_InjectedStop:hadc <- $r4
	.loc	6 617 46 is_stmt 1              @ ../Drivers/STM32H7xx_HAL_Driver/Src/stm32h7xx_hal_adc_ex.c:617:46
	ldr	r0, [r4]
.Ltmp436:
	@DEBUG_VALUE: LL_ADC_REG_IsConversionOngoing:ADCx <- $r0
	.loc	7 7075 12                       @ ../Drivers/STM32H7xx_HAL_Driver/Inc\stm32h7xx_ll_adc.h:7075:12
	ldr	r0, [r0, #8]
.Ltmp437:
	.loc	6 617 9                         @ ../Drivers/STM32H7xx_HAL_Driver/Src/stm32h7xx_hal_adc_ex.c:617:9
	lsls	r0, r0, #29
	bmi	.LBB7_7
.Ltmp438:
@ %bb.5:
	@DEBUG_VALUE: HAL_ADCEx_InjectedStop:hadc <- $r4
	.loc	6 620 24                        @ ../Drivers/STM32H7xx_HAL_Driver/Src/stm32h7xx_hal_adc_ex.c:620:24
	mov	r0, r4
	bl	ADC_Disable
.Ltmp439:
	@DEBUG_VALUE: HAL_ADCEx_InjectedStop:tmp_hal_status <- $r0
	.loc	6 623 11                        @ ../Drivers/STM32H7xx_HAL_Driver/Src/stm32h7xx_hal_adc_ex.c:623:11
	cmp	r0, #0
	bne	.LBB7_3
.Ltmp440:
@ %bb.6:
	@DEBUG_VALUE: HAL_ADCEx_InjectedStop:tmp_hal_status <- $r0
	@DEBUG_VALUE: HAL_ADCEx_InjectedStop:hadc <- $r4
	.loc	6 626 9                         @ ../Drivers/STM32H7xx_HAL_Driver/Src/stm32h7xx_hal_adc_ex.c:626:9
	ldr	r0, [r4, #84]
.Ltmp441:
	.loc	6 0 9 is_stmt 0                 @ ../Drivers/STM32H7xx_HAL_Driver/Src/stm32h7xx_hal_adc_ex.c:0:9
	movw	r1, #4353
	.loc	6 626 9                         @ ../Drivers/STM32H7xx_HAL_Driver/Src/stm32h7xx_hal_adc_ex.c:626:9
	bics	r0, r1
	adds	r0, #1
	b	.LBB7_8
.Ltmp442:
	.loc	6 0 9                           @ :0:9
.Ltmp443:
	.p2align	2
.LBB7_7:
	@DEBUG_VALUE: HAL_ADCEx_InjectedStop:hadc <- $r4
	.loc	6 636 7 is_stmt 1               @ ../Drivers/STM32H7xx_HAL_Driver/Src/stm32h7xx_hal_adc_ex.c:636:7
	ldr	r0, [r4, #84]
	bic	r0, r0, #4096
.Ltmp444:
.LBB7_8:
	@DEBUG_VALUE: HAL_ADCEx_InjectedStop:hadc <- $r4
	.loc	6 0 0 is_stmt 0                 @ ../Drivers/STM32H7xx_HAL_Driver/Src/stm32h7xx_hal_adc_ex.c:0:0
	str	r0, [r4, #84]
	movs	r0, #0
.Ltmp445:
	@DEBUG_VALUE: HAL_ADCEx_InjectedStop:tmp_hal_status <- $r0
	movs	r1, #0
.Ltmp446:
	.loc	6 641 3 is_stmt 1               @ ../Drivers/STM32H7xx_HAL_Driver/Src/stm32h7xx_hal_adc_ex.c:641:3
	strb.w	r1, [r4, #80]
.Ltmp447:
	.loc	6 645 1 epilogue_begin          @ ../Drivers/STM32H7xx_HAL_Driver/Src/stm32h7xx_hal_adc_ex.c:645:1
	pop	{r4, pc}
.Ltmp448:
.Lfunc_end7:
	.size	HAL_ADCEx_InjectedStop, .Lfunc_end7-HAL_ADCEx_InjectedStop
	.cfi_endproc
	.cantunwind
	.fnend
                                        @ -- End function
	.section	.text.HAL_ADCEx_InjectedPollForConversion,"ax",%progbits
	.hidden	HAL_ADCEx_InjectedPollForConversion @ -- Begin function HAL_ADCEx_InjectedPollForConversion
	.globl	HAL_ADCEx_InjectedPollForConversion
	.p2align	3
	.type	HAL_ADCEx_InjectedPollForConversion,%function
	.code	16                              @ @HAL_ADCEx_InjectedPollForConversion
	.thumb_func
HAL_ADCEx_InjectedPollForConversion:
.Lfunc_begin8:
	.loc	6 656 0                         @ ../Drivers/STM32H7xx_HAL_Driver/Src/stm32h7xx_hal_adc_ex.c:656:0
	.fnstart
	.cfi_startproc
@ %bb.0:
	@DEBUG_VALUE: HAL_ADCEx_InjectedPollForConversion:hadc <- $r0
	@DEBUG_VALUE: HAL_ADCEx_InjectedPollForConversion:Timeout <- $r1
	.save	{r4, r5, r6, r7, r8, r9, r10, r11, lr}
	push.w	{r4, r5, r6, r7, r8, r9, r10, r11, lr}
	.cfi_def_cfa_offset 36
	.cfi_offset lr, -4
	.cfi_offset r11, -8
	.cfi_offset r10, -12
	.cfi_offset r9, -16
	.cfi_offset r8, -20
	.cfi_offset r7, -24
	.cfi_offset r6, -28
	.cfi_offset r5, -32
	.cfi_offset r4, -36
	.pad	#4
	sub	sp, #4
	.cfi_def_cfa_offset 40
	movw	r11, #8192
	mov	r4, r0
.Ltmp449:
	@DEBUG_VALUE: HAL_ADCEx_InjectedPollForConversion:hadc <- $r4
	@DEBUG_VALUE: HAL_ADCEx_InjectedPollForConversion:hadc <- $r4
	movt	r11, #16386
	movw	r3, #25352
	add.w	r9, r11, #256
.Ltmp450:
	.loc	7 6603 21 prologue_end          @ ../Drivers/STM32H7xx_HAL_Driver/Inc\stm32h7xx_ll_adc.h:6603:21
	add.w	r0, r11, #776
.Ltmp451:
	.loc	6 663 55                        @ ../Drivers/STM32H7xx_HAL_Driver/Src/stm32h7xx_hal_adc_ex.c:663:55
	ldr	r2, [r4]
	movt	r3, #22530
.Ltmp452:
	.loc	7 6603 21                       @ ../Drivers/STM32H7xx_HAL_Driver/Inc\stm32h7xx_ll_adc.h:6603:21
	cmp	r2, r9
	mov.w	r7, #32
	it	eq
	moveq	r3, r0
	cmp	r2, r11
	mov	r5, r1
.Ltmp453:
	@DEBUG_VALUE: HAL_ADCEx_InjectedPollForConversion:Timeout <- $r5
	@DEBUG_VALUE: HAL_ADCEx_InjectedPollForConversion:Timeout <- $r5
	it	eq
	moveq	r3, r0
.Ltmp454:
	.loc	6 669 18                        @ ../Drivers/STM32H7xx_HAL_Driver/Src/stm32h7xx_hal_adc_ex.c:669:18
	ldr.w	r8, [r4, #16]
.Ltmp455:
	.loc	6 669 7 is_stmt 0               @ ../Drivers/STM32H7xx_HAL_Driver/Src/stm32h7xx_hal_adc_ex.c:669:7
	cmp.w	r8, #8
.Ltmp456:
	.loc	7 6603 21 is_stmt 1             @ ../Drivers/STM32H7xx_HAL_Driver/Inc\stm32h7xx_ll_adc.h:6603:21
	ldr.w	r10, [r3]
.Ltmp457:
	.loc	6 669 7                         @ ../Drivers/STM32H7xx_HAL_Driver/Src/stm32h7xx_hal_adc_ex.c:669:7
	it	eq
	moveq	r7, #64
.Ltmp458:
	@DEBUG_VALUE: HAL_ADCEx_InjectedPollForConversion:tmp_Flag_End <- $r7
	.loc	6 679 15                        @ ../Drivers/STM32H7xx_HAL_Driver/Src/stm32h7xx_hal_adc_ex.c:679:15
	bl	HAL_GetTick
.Ltmp459:
	.loc	6 682 17                        @ ../Drivers/STM32H7xx_HAL_Driver/Src/stm32h7xx_hal_adc_ex.c:682:17
	ldr	r1, [r4]
	.loc	6 682 27 is_stmt 0              @ ../Drivers/STM32H7xx_HAL_Driver/Src/stm32h7xx_hal_adc_ex.c:682:27
	ldr	r2, [r1]
	.loc	6 682 3                         @ ../Drivers/STM32H7xx_HAL_Driver/Src/stm32h7xx_hal_adc_ex.c:682:3
	tst	r2, r7
.Ltmp460:
	@DEBUG_VALUE: HAL_ADCEx_InjectedPollForConversion:tickstart <- $r0
	bne	.LBB8_12
.Ltmp461:
@ %bb.1:
	@DEBUG_VALUE: HAL_ADCEx_InjectedPollForConversion:tickstart <- $r0
	@DEBUG_VALUE: HAL_ADCEx_InjectedPollForConversion:tmp_Flag_End <- $r7
	@DEBUG_VALUE: HAL_ADCEx_InjectedPollForConversion:Timeout <- $r5
	@DEBUG_VALUE: HAL_ADCEx_InjectedPollForConversion:hadc <- $r4
	.loc	6 0 3                           @ ../Drivers/STM32H7xx_HAL_Driver/Src/stm32h7xx_hal_adc_ex.c:0:3
	mov	r6, r0
.Ltmp462:
	@DEBUG_VALUE: HAL_ADCEx_InjectedPollForConversion:tickstart <- $r6
	@DEBUG_VALUE: HAL_ADCEx_InjectedPollForConversion:tickstart <- $r6
	adds	r0, r5, #1
	beq	.LBB8_10
.Ltmp463:
@ %bb.2:
	@DEBUG_VALUE: HAL_ADCEx_InjectedPollForConversion:tickstart <- $r6
	@DEBUG_VALUE: HAL_ADCEx_InjectedPollForConversion:tmp_Flag_End <- $r7
	@DEBUG_VALUE: HAL_ADCEx_InjectedPollForConversion:Timeout <- $r5
	@DEBUG_VALUE: HAL_ADCEx_InjectedPollForConversion:hadc <- $r4
	cbnz	r5, .LBB8_6
.Ltmp464:
	.p2align	2
.LBB8_3:                                @ =>This Inner Loop Header: Depth=1
	@DEBUG_VALUE: HAL_ADCEx_InjectedPollForConversion:tickstart <- $r6
	@DEBUG_VALUE: HAL_ADCEx_InjectedPollForConversion:tmp_Flag_End <- $r7
	@DEBUG_VALUE: HAL_ADCEx_InjectedPollForConversion:Timeout <- $r5
	@DEBUG_VALUE: HAL_ADCEx_InjectedPollForConversion:hadc <- $r4
	.loc	6 687 13 is_stmt 1              @ ../Drivers/STM32H7xx_HAL_Driver/Src/stm32h7xx_hal_adc_ex.c:687:13
	bl	HAL_GetTick
.Ltmp465:
	.loc	6 689 19                        @ ../Drivers/STM32H7xx_HAL_Driver/Src/stm32h7xx_hal_adc_ex.c:689:19
	ldr	r1, [r4]
	.loc	6 689 29 is_stmt 0              @ ../Drivers/STM32H7xx_HAL_Driver/Src/stm32h7xx_hal_adc_ex.c:689:29
	ldr	r0, [r1]
.Ltmp466:
	.loc	6 689 12                        @ ../Drivers/STM32H7xx_HAL_Driver/Src/stm32h7xx_hal_adc_ex.c:689:12
	tst	r0, r7
	beq	.LBB8_8
.Ltmp467:
@ %bb.4:                                @   in Loop: Header=BB8_3 Depth=1
	@DEBUG_VALUE: HAL_ADCEx_InjectedPollForConversion:tickstart <- $r6
	@DEBUG_VALUE: HAL_ADCEx_InjectedPollForConversion:tmp_Flag_End <- $r7
	@DEBUG_VALUE: HAL_ADCEx_InjectedPollForConversion:Timeout <- $r5
	@DEBUG_VALUE: HAL_ADCEx_InjectedPollForConversion:hadc <- $r4
	.loc	6 682 27 is_stmt 1              @ ../Drivers/STM32H7xx_HAL_Driver/Src/stm32h7xx_hal_adc_ex.c:682:27
	ldr	r0, [r1]
	.loc	6 682 3 is_stmt 0               @ ../Drivers/STM32H7xx_HAL_Driver/Src/stm32h7xx_hal_adc_ex.c:682:3
	tst	r0, r7
	beq	.LBB8_3
	b	.LBB8_12
.Ltmp468:
	.loc	6 0 3                           @ :0:3
.Ltmp469:
	.p2align	2
.LBB8_5:                                @   in Loop: Header=BB8_6 Depth=1
	@DEBUG_VALUE: HAL_ADCEx_InjectedPollForConversion:tickstart <- $r6
	@DEBUG_VALUE: HAL_ADCEx_InjectedPollForConversion:tmp_Flag_End <- $r7
	@DEBUG_VALUE: HAL_ADCEx_InjectedPollForConversion:Timeout <- $r5
	@DEBUG_VALUE: HAL_ADCEx_InjectedPollForConversion:hadc <- $r4
	.loc	6 682 27                        @ ../Drivers/STM32H7xx_HAL_Driver/Src/stm32h7xx_hal_adc_ex.c:682:27
	ldr	r0, [r1]
	.loc	6 682 3                         @ ../Drivers/STM32H7xx_HAL_Driver/Src/stm32h7xx_hal_adc_ex.c:682:3
	tst	r0, r7
	bne	.LBB8_12
.Ltmp470:
.LBB8_6:                                @ =>This Inner Loop Header: Depth=1
	@DEBUG_VALUE: HAL_ADCEx_InjectedPollForConversion:tickstart <- $r6
	@DEBUG_VALUE: HAL_ADCEx_InjectedPollForConversion:tmp_Flag_End <- $r7
	@DEBUG_VALUE: HAL_ADCEx_InjectedPollForConversion:Timeout <- $r5
	@DEBUG_VALUE: HAL_ADCEx_InjectedPollForConversion:hadc <- $r4
	.loc	6 687 13 is_stmt 1              @ ../Drivers/STM32H7xx_HAL_Driver/Src/stm32h7xx_hal_adc_ex.c:687:13
	bl	HAL_GetTick
.Ltmp471:
	.loc	6 687 27 is_stmt 0              @ ../Drivers/STM32H7xx_HAL_Driver/Src/stm32h7xx_hal_adc_ex.c:687:27
	subs	r0, r0, r6
.Ltmp472:
	.loc	6 682 17 is_stmt 1              @ ../Drivers/STM32H7xx_HAL_Driver/Src/stm32h7xx_hal_adc_ex.c:682:17
	ldr	r1, [r4]
.Ltmp473:
	.loc	6 687 51                        @ ../Drivers/STM32H7xx_HAL_Driver/Src/stm32h7xx_hal_adc_ex.c:687:51
	cmp	r0, r5
	bls	.LBB8_5
.Ltmp474:
@ %bb.7:                                @   in Loop: Header=BB8_6 Depth=1
	@DEBUG_VALUE: HAL_ADCEx_InjectedPollForConversion:tickstart <- $r6
	@DEBUG_VALUE: HAL_ADCEx_InjectedPollForConversion:tmp_Flag_End <- $r7
	@DEBUG_VALUE: HAL_ADCEx_InjectedPollForConversion:Timeout <- $r5
	@DEBUG_VALUE: HAL_ADCEx_InjectedPollForConversion:hadc <- $r4
	.loc	6 689 29                        @ ../Drivers/STM32H7xx_HAL_Driver/Src/stm32h7xx_hal_adc_ex.c:689:29
	ldr	r0, [r1]
.Ltmp475:
	.loc	6 689 12 is_stmt 0              @ ../Drivers/STM32H7xx_HAL_Driver/Src/stm32h7xx_hal_adc_ex.c:689:12
	tst	r0, r7
	bne	.LBB8_5
.Ltmp476:
.LBB8_8:
	@DEBUG_VALUE: HAL_ADCEx_InjectedPollForConversion:tickstart <- $r6
	@DEBUG_VALUE: HAL_ADCEx_InjectedPollForConversion:tmp_Flag_End <- $r7
	@DEBUG_VALUE: HAL_ADCEx_InjectedPollForConversion:Timeout <- $r5
	@DEBUG_VALUE: HAL_ADCEx_InjectedPollForConversion:hadc <- $r4
	.loc	6 692 11 is_stmt 1              @ ../Drivers/STM32H7xx_HAL_Driver/Src/stm32h7xx_hal_adc_ex.c:692:11
	ldr	r0, [r4, #84]
	orr	r0, r0, #4
	str	r0, [r4, #84]
	movs	r0, #0
.Ltmp477:
	.loc	6 695 11                        @ ../Drivers/STM32H7xx_HAL_Driver/Src/stm32h7xx_hal_adc_ex.c:695:11
	strb.w	r0, [r4, #80]
	movs	r0, #3
.Ltmp478:
	.loc	6 775 1 epilogue_begin          @ ../Drivers/STM32H7xx_HAL_Driver/Src/stm32h7xx_hal_adc_ex.c:775:1
	add	sp, #4
	pop.w	{r4, r5, r6, r7, r8, r9, r10, r11, pc}
.Ltmp479:
	.loc	6 0 1 is_stmt 0                 @ :0:1
.Ltmp480:
	.p2align	2
.LBB8_9:                                @   in Loop: Header=BB8_10 Depth=1
	@DEBUG_VALUE: HAL_ADCEx_InjectedPollForConversion:tickstart <- $r6
	@DEBUG_VALUE: HAL_ADCEx_InjectedPollForConversion:tmp_Flag_End <- $r7
	@DEBUG_VALUE: HAL_ADCEx_InjectedPollForConversion:Timeout <- $r5
	@DEBUG_VALUE: HAL_ADCEx_InjectedPollForConversion:hadc <- $r4
	.loc	6 682 27 is_stmt 1              @ ../Drivers/STM32H7xx_HAL_Driver/Src/stm32h7xx_hal_adc_ex.c:682:27
	ldr	r0, [r1]
	.loc	6 682 3 is_stmt 0               @ ../Drivers/STM32H7xx_HAL_Driver/Src/stm32h7xx_hal_adc_ex.c:682:3
	tst	r0, r7
	bne	.LBB8_12
.Ltmp481:
.LBB8_10:                               @ =>This Inner Loop Header: Depth=1
	@DEBUG_VALUE: HAL_ADCEx_InjectedPollForConversion:tickstart <- $r6
	@DEBUG_VALUE: HAL_ADCEx_InjectedPollForConversion:tmp_Flag_End <- $r7
	@DEBUG_VALUE: HAL_ADCEx_InjectedPollForConversion:Timeout <- $r5
	@DEBUG_VALUE: HAL_ADCEx_InjectedPollForConversion:hadc <- $r4
	.loc	6 682 27                        @ ../Drivers/STM32H7xx_HAL_Driver/Src/stm32h7xx_hal_adc_ex.c:682:27
	ldr	r0, [r1]
	.loc	6 682 3                         @ ../Drivers/STM32H7xx_HAL_Driver/Src/stm32h7xx_hal_adc_ex.c:682:3
	tst	r0, r7
	bne	.LBB8_12
.Ltmp482:
@ %bb.11:                               @   in Loop: Header=BB8_10 Depth=1
	@DEBUG_VALUE: HAL_ADCEx_InjectedPollForConversion:tickstart <- $r6
	@DEBUG_VALUE: HAL_ADCEx_InjectedPollForConversion:tmp_Flag_End <- $r7
	@DEBUG_VALUE: HAL_ADCEx_InjectedPollForConversion:Timeout <- $r5
	@DEBUG_VALUE: HAL_ADCEx_InjectedPollForConversion:hadc <- $r4
	.loc	6 682 27                        @ ../Drivers/STM32H7xx_HAL_Driver/Src/stm32h7xx_hal_adc_ex.c:682:27
	ldr	r0, [r1]
	.loc	6 682 3                         @ ../Drivers/STM32H7xx_HAL_Driver/Src/stm32h7xx_hal_adc_ex.c:682:3
	tst	r0, r7
	.loc	6 682 27                        @ ../Drivers/STM32H7xx_HAL_Driver/Src/stm32h7xx_hal_adc_ex.c:682:27
	itt	eq
	ldreq	r0, [r1]
	.loc	6 682 3                         @ ../Drivers/STM32H7xx_HAL_Driver/Src/stm32h7xx_hal_adc_ex.c:682:3
	tsteq	r0, r7
	beq	.LBB8_9
.Ltmp483:
.LBB8_12:
	@DEBUG_VALUE: HAL_ADCEx_InjectedPollForConversion:tmp_Flag_End <- $r7
	@DEBUG_VALUE: HAL_ADCEx_InjectedPollForConversion:Timeout <- $r5
	@DEBUG_VALUE: HAL_ADCEx_InjectedPollForConversion:hadc <- $r4
	.loc	6 709 8 is_stmt 1               @ ../Drivers/STM32H7xx_HAL_Driver/Src/stm32h7xx_hal_adc_ex.c:709:8
	cmp	r1, r9
	.loc	6 710 7                         @ ../Drivers/STM32H7xx_HAL_Driver/Src/stm32h7xx_hal_adc_ex.c:710:7
	and	r0, r10, #30
	.loc	6 709 8                         @ ../Drivers/STM32H7xx_HAL_Driver/Src/stm32h7xx_hal_adc_ex.c:709:8
	it	ne
	movne	r11, r1
	.loc	6 710 7                         @ ../Drivers/STM32H7xx_HAL_Driver/Src/stm32h7xx_hal_adc_ex.c:710:7
	cmp	r0, #6
	mov	r0, r11
	it	eq
	moveq	r0, r1
	lsls.w	r2, r10, #27
	it	eq
	moveq	r0, r1
	cmp	r11, r1
	it	eq
	moveq	r0, r11
.Ltmp484:
	@DEBUG_VALUE: LL_ADC_INJ_IsTriggerSourceSWStart:ADCx <- $r1
	.loc	7 4717 12                       @ ../Drivers/STM32H7xx_HAL_Driver/Inc\stm32h7xx_ll_adc.h:4717:12
	ldr	r3, [r1, #76]
.Ltmp485:
	@DEBUG_VALUE: LL_ADC_REG_IsTriggerSourceSWStart:ADCx <- $r1
	@DEBUG_VALUE: HAL_ADCEx_InjectedPollForConversion:tmp_adc_inj_is_trigger_source_sw_start <- undef
	.loc	7 3930 12                       @ ../Drivers/STM32H7xx_HAL_Driver/Inc\stm32h7xx_ll_adc.h:3930:12
	ldr	r2, [r1, #12]
.Ltmp486:
	@DEBUG_VALUE: HAL_ADCEx_InjectedPollForConversion:tmp_adc_reg_is_trigger_source_sw_start <- [DW_OP_constu 3072, DW_OP_and, DW_OP_lit0, DW_OP_eq, DW_OP_LLVM_convert 1 7, DW_OP_LLVM_convert 32 7, DW_OP_stack_value] $r2
	.loc	6 0 0 is_stmt 0                 @ ../Drivers/STM32H7xx_HAL_Driver/Src/stm32h7xx_hal_adc_ex.c:0:0
	ldr	r0, [r0, #12]
.Ltmp487:
	@DEBUG_VALUE: HAL_ADCEx_InjectedPollForConversion:tmp_cfgr <- $r0
	.loc	6 724 3 is_stmt 1               @ ../Drivers/STM32H7xx_HAL_Driver/Src/stm32h7xx_hal_adc_ex.c:724:3
	ldr	r7, [r4, #84]
.Ltmp488:
	.loc	6 729 66                        @ ../Drivers/STM32H7xx_HAL_Driver/Src/stm32h7xx_hal_adc_ex.c:729:66
	tst.w	r3, #384
.Ltmp489:
	.loc	6 724 3                         @ ../Drivers/STM32H7xx_HAL_Driver/Src/stm32h7xx_hal_adc_ex.c:724:3
	orr	r3, r7, #8192
	str	r3, [r4, #84]
.Ltmp490:
	.loc	6 729 66                        @ ../Drivers/STM32H7xx_HAL_Driver/Src/stm32h7xx_hal_adc_ex.c:729:66
	beq	.LBB8_15
.Ltmp491:
@ %bb.13:
	@DEBUG_VALUE: HAL_ADCEx_InjectedPollForConversion:tmp_cfgr <- $r0
	@DEBUG_VALUE: HAL_ADCEx_InjectedPollForConversion:tmp_adc_reg_is_trigger_source_sw_start <- [DW_OP_constu 3072, DW_OP_and, DW_OP_lit0, DW_OP_eq, DW_OP_LLVM_convert 1 7, DW_OP_LLVM_convert 32 7, DW_OP_stack_value] $r2
	@DEBUG_VALUE: HAL_ADCEx_InjectedPollForConversion:Timeout <- $r5
	@DEBUG_VALUE: HAL_ADCEx_InjectedPollForConversion:hadc <- $r4
	@DEBUG_VALUE: HAL_ADCEx_InjectedPollForConversion:tmp_adc_reg_is_trigger_source_sw_start <- undef
	.loc	6 730 57                        @ ../Drivers/STM32H7xx_HAL_Driver/Src/stm32h7xx_hal_adc_ex.c:730:57
	lsls	r3, r0, #6
	bmi	.LBB8_19
.Ltmp492:
@ %bb.14:
	@DEBUG_VALUE: HAL_ADCEx_InjectedPollForConversion:tmp_cfgr <- $r0
	@DEBUG_VALUE: HAL_ADCEx_InjectedPollForConversion:Timeout <- $r5
	@DEBUG_VALUE: HAL_ADCEx_InjectedPollForConversion:hadc <- $r4
	.loc	6 0 57 is_stmt 0                @ ../Drivers/STM32H7xx_HAL_Driver/Src/stm32h7xx_hal_adc_ex.c:0:57
	ands	r2, r2, #3072
	it	eq
	andseq	r2, r0, #8192
	bne	.LBB8_19
.Ltmp493:
.LBB8_15:
	@DEBUG_VALUE: HAL_ADCEx_InjectedPollForConversion:tmp_cfgr <- $r0
	@DEBUG_VALUE: HAL_ADCEx_InjectedPollForConversion:Timeout <- $r5
	@DEBUG_VALUE: HAL_ADCEx_InjectedPollForConversion:hadc <- $r4
	.loc	6 735 9 is_stmt 1               @ ../Drivers/STM32H7xx_HAL_Driver/Src/stm32h7xx_hal_adc_ex.c:735:9
	ldr	r2, [r1]
.Ltmp494:
	.loc	6 735 9 is_stmt 0               @ ../Drivers/STM32H7xx_HAL_Driver/Src/stm32h7xx_hal_adc_ex.c:735:9
	lsls	r2, r2, #25
	bpl	.LBB8_19
.Ltmp495:
@ %bb.16:
	@DEBUG_VALUE: HAL_ADCEx_InjectedPollForConversion:tmp_cfgr <- $r0
	@DEBUG_VALUE: HAL_ADCEx_InjectedPollForConversion:Timeout <- $r5
	@DEBUG_VALUE: HAL_ADCEx_InjectedPollForConversion:hadc <- $r4
	.loc	6 0 9                           @ ../Drivers/STM32H7xx_HAL_Driver/Src/stm32h7xx_hal_adc_ex.c:0:9
	ands	r2, r0, #2097152
	.loc	6 735 9                         @ ../Drivers/STM32H7xx_HAL_Driver/Src/stm32h7xx_hal_adc_ex.c:735:9
	bne	.LBB8_19
.Ltmp496:
@ %bb.17:
	@DEBUG_VALUE: HAL_ADCEx_InjectedPollForConversion:tmp_cfgr <- $r0
	@DEBUG_VALUE: HAL_ADCEx_InjectedPollForConversion:Timeout <- $r5
	@DEBUG_VALUE: HAL_ADCEx_InjectedPollForConversion:hadc <- $r4
	.loc	6 746 9 is_stmt 1               @ ../Drivers/STM32H7xx_HAL_Driver/Src/stm32h7xx_hal_adc_ex.c:746:9
	ldr	r2, [r4, #84]
	bic	r2, r2, #4096
	str	r2, [r4, #84]
.Ltmp497:
	.loc	6 748 20                        @ ../Drivers/STM32H7xx_HAL_Driver/Src/stm32h7xx_hal_adc_ex.c:748:20
	ldr	r2, [r4, #84]
.Ltmp498:
	.loc	6 748 13 is_stmt 0              @ ../Drivers/STM32H7xx_HAL_Driver/Src/stm32h7xx_hal_adc_ex.c:748:13
	lsls	r2, r2, #23
	bmi	.LBB8_19
.Ltmp499:
@ %bb.18:
	@DEBUG_VALUE: HAL_ADCEx_InjectedPollForConversion:tmp_cfgr <- $r0
	@DEBUG_VALUE: HAL_ADCEx_InjectedPollForConversion:Timeout <- $r5
	@DEBUG_VALUE: HAL_ADCEx_InjectedPollForConversion:hadc <- $r4
	.loc	6 750 11 is_stmt 1              @ ../Drivers/STM32H7xx_HAL_Driver/Src/stm32h7xx_hal_adc_ex.c:750:11
	ldr	r2, [r4, #84]
	orr	r2, r2, #1
	str	r2, [r4, #84]
.Ltmp500:
.LBB8_19:
	@DEBUG_VALUE: HAL_ADCEx_InjectedPollForConversion:tmp_cfgr <- $r0
	@DEBUG_VALUE: HAL_ADCEx_InjectedPollForConversion:Timeout <- $r5
	@DEBUG_VALUE: HAL_ADCEx_InjectedPollForConversion:hadc <- $r4
	.loc	6 757 7                         @ ../Drivers/STM32H7xx_HAL_Driver/Src/stm32h7xx_hal_adc_ex.c:757:7
	cmp.w	r8, #8
	bne	.LBB8_22
.Ltmp501:
@ %bb.20:
	@DEBUG_VALUE: HAL_ADCEx_InjectedPollForConversion:tmp_cfgr <- $r0
	@DEBUG_VALUE: HAL_ADCEx_InjectedPollForConversion:Timeout <- $r5
	@DEBUG_VALUE: HAL_ADCEx_InjectedPollForConversion:hadc <- $r4
	.loc	6 763 9                         @ ../Drivers/STM32H7xx_HAL_Driver/Src/stm32h7xx_hal_adc_ex.c:763:9
	lsls	r0, r0, #17
.Ltmp502:
	bmi	.LBB8_24
.Ltmp503:
@ %bb.21:
	@DEBUG_VALUE: HAL_ADCEx_InjectedPollForConversion:Timeout <- $r5
	@DEBUG_VALUE: HAL_ADCEx_InjectedPollForConversion:hadc <- $r4
	.loc	6 0 9 is_stmt 0                 @ ../Drivers/STM32H7xx_HAL_Driver/Src/stm32h7xx_hal_adc_ex.c:0:9
	movs	r0, #96
.Ltmp504:
	.loc	6 765 7 is_stmt 1               @ ../Drivers/STM32H7xx_HAL_Driver/Src/stm32h7xx_hal_adc_ex.c:765:7
	b	.LBB8_23
.Ltmp505:
	.loc	6 0 7 is_stmt 0                 @ :0:7
.Ltmp506:
	.p2align	2
.LBB8_22:
	@DEBUG_VALUE: HAL_ADCEx_InjectedPollForConversion:tmp_cfgr <- $r0
	@DEBUG_VALUE: HAL_ADCEx_InjectedPollForConversion:Timeout <- $r5
	@DEBUG_VALUE: HAL_ADCEx_InjectedPollForConversion:hadc <- $r4
	movs	r0, #32
.Ltmp507:
.LBB8_23:
	@DEBUG_VALUE: HAL_ADCEx_InjectedPollForConversion:Timeout <- $r5
	@DEBUG_VALUE: HAL_ADCEx_InjectedPollForConversion:hadc <- $r4
	str	r0, [r1]
.Ltmp508:
.LBB8_24:
	@DEBUG_VALUE: HAL_ADCEx_InjectedPollForConversion:Timeout <- $r5
	@DEBUG_VALUE: HAL_ADCEx_InjectedPollForConversion:hadc <- $r4
	movs	r0, #0
	.loc	6 775 1 epilogue_begin is_stmt 1 @ ../Drivers/STM32H7xx_HAL_Driver/Src/stm32h7xx_hal_adc_ex.c:775:1
	add	sp, #4
	pop.w	{r4, r5, r6, r7, r8, r9, r10, r11, pc}
.Ltmp509:
.Lfunc_end8:
	.size	HAL_ADCEx_InjectedPollForConversion, .Lfunc_end8-HAL_ADCEx_InjectedPollForConversion
	.cfi_endproc
	.cantunwind
	.fnend
                                        @ -- End function
	.section	.text.HAL_ADCEx_InjectedStart_IT,"ax",%progbits
	.hidden	HAL_ADCEx_InjectedStart_IT      @ -- Begin function HAL_ADCEx_InjectedStart_IT
	.globl	HAL_ADCEx_InjectedStart_IT
	.p2align	3
	.type	HAL_ADCEx_InjectedStart_IT,%function
	.code	16                              @ @HAL_ADCEx_InjectedStart_IT
	.thumb_func
HAL_ADCEx_InjectedStart_IT:
.Lfunc_begin9:
	.loc	6 790 0                         @ ../Drivers/STM32H7xx_HAL_Driver/Src/stm32h7xx_hal_adc_ex.c:790:0
	.fnstart
	.cfi_startproc
@ %bb.0:
	@DEBUG_VALUE: HAL_ADCEx_InjectedStart_IT:hadc <- $r0
	.save	{r4, r5, r6, lr}
	push	{r4, r5, r6, lr}
	.cfi_def_cfa_offset 16
	.cfi_offset lr, -4
	.cfi_offset r6, -8
	.cfi_offset r5, -12
	.cfi_offset r4, -16
	movw	r4, #8448
	movw	r6, #25352
	movt	r4, #16386
.Ltmp510:
	.loc	6 793 55 prologue_end           @ ../Drivers/STM32H7xx_HAL_Driver/Src/stm32h7xx_hal_adc_ex.c:793:55
	ldr	r1, [r0]
.Ltmp511:
	.loc	7 6603 21                       @ ../Drivers/STM32H7xx_HAL_Driver/Inc\stm32h7xx_ll_adc.h:6603:21
	add.w	r3, r4, #520
	movt	r6, #22530
.Ltmp512:
	.loc	6 793 55                        @ ../Drivers/STM32H7xx_HAL_Driver/Src/stm32h7xx_hal_adc_ex.c:793:55
	sub.w	r2, r4, #256
.Ltmp513:
	.loc	7 6603 21                       @ ../Drivers/STM32H7xx_HAL_Driver/Inc\stm32h7xx_ll_adc.h:6603:21
	cmp	r1, r4
	it	eq
	moveq	r6, r3
	cmp	r1, r2
	it	eq
	moveq	r6, r3
	ldr	r5, [r6]
.Ltmp514:
	@DEBUG_VALUE: LL_ADC_INJ_IsConversionOngoing:ADCx <- $r1
	.loc	7 7270 12                       @ ../Drivers/STM32H7xx_HAL_Driver/Inc\stm32h7xx_ll_adc.h:7270:12
	ldr	r2, [r1, #8]
.Ltmp515:
	.loc	6 798 7                         @ ../Drivers/STM32H7xx_HAL_Driver/Src/stm32h7xx_hal_adc_ex.c:798:7
	lsls	r2, r2, #28
	bmi	.LBB9_5
.Ltmp516:
@ %bb.1:
	@DEBUG_VALUE: HAL_ADCEx_InjectedStart_IT:hadc <- $r0
	.loc	6 811 33                        @ ../Drivers/STM32H7xx_HAL_Driver/Src/stm32h7xx_hal_adc_ex.c:811:33
	ldr	r2, [r1, #12]
.Ltmp517:
	@DEBUG_VALUE: HAL_ADCEx_InjectedStart_IT:tmp_config_injected_queue <- [DW_OP_constu 18446744071562067968, DW_OP_and, DW_OP_stack_value] $r2
	.loc	6 813 10                        @ ../Drivers/STM32H7xx_HAL_Driver/Src/stm32h7xx_hal_adc_ex.c:813:10
	ldr	r1, [r1, #76]
	.loc	6 814 9                         @ ../Drivers/STM32H7xx_HAL_Driver/Src/stm32h7xx_hal_adc_ex.c:814:9
	tst.w	r1, #384
	bne	.LBB9_4
.Ltmp518:
@ %bb.2:
	@DEBUG_VALUE: HAL_ADCEx_InjectedStart_IT:tmp_config_injected_queue <- [DW_OP_constu 18446744071562067968, DW_OP_and, DW_OP_stack_value] $r2
	@DEBUG_VALUE: HAL_ADCEx_InjectedStart_IT:hadc <- $r0
	cmp	r2, #0
	bmi	.LBB9_4
.Ltmp519:
@ %bb.3:
	@DEBUG_VALUE: HAL_ADCEx_InjectedStart_IT:tmp_config_injected_queue <- [DW_OP_constu 18446744071562067968, DW_OP_and, DW_OP_stack_value] $r2
	@DEBUG_VALUE: HAL_ADCEx_InjectedStart_IT:hadc <- $r0
	.loc	6 817 7                         @ ../Drivers/STM32H7xx_HAL_Driver/Src/stm32h7xx_hal_adc_ex.c:817:7
	ldr	r1, [r0, #84]
	orr	r1, r1, #32
	str	r1, [r0, #84]
	movs	r0, #1
.Ltmp520:
	@DEBUG_VALUE: HAL_ADCEx_InjectedStart_IT:hadc <- [DW_OP_LLVM_entry_value 1] $r0
	.loc	6 929 1 epilogue_begin          @ ../Drivers/STM32H7xx_HAL_Driver/Src/stm32h7xx_hal_adc_ex.c:929:1
	pop	{r4, r5, r6, pc}
.Ltmp521:
	.loc	6 0 1 is_stmt 0                 @ :0:1
.Ltmp522:
	.p2align	2
.LBB9_4:
	@DEBUG_VALUE: HAL_ADCEx_InjectedStart_IT:tmp_config_injected_queue <- [DW_OP_constu 18446744071562067968, DW_OP_and, DW_OP_stack_value] $r2
	@DEBUG_VALUE: HAL_ADCEx_InjectedStart_IT:hadc <- $r0
	.loc	6 822 5 is_stmt 1               @ ../Drivers/STM32H7xx_HAL_Driver/Src/stm32h7xx_hal_adc_ex.c:822:5
	ldrb.w	r1, [r0, #80]
.Ltmp523:
	.loc	6 822 5 is_stmt 0               @ ../Drivers/STM32H7xx_HAL_Driver/Src/stm32h7xx_hal_adc_ex.c:822:5
	cmp	r1, #1
	bne	.LBB9_6
.Ltmp524:
.LBB9_5:
	@DEBUG_VALUE: HAL_ADCEx_InjectedStart_IT:hadc <- $r0
	.loc	6 0 5                           @ ../Drivers/STM32H7xx_HAL_Driver/Src/stm32h7xx_hal_adc_ex.c:0:5
	movs	r0, #2
.Ltmp525:
	@DEBUG_VALUE: HAL_ADCEx_InjectedStart_IT:hadc <- [DW_OP_LLVM_entry_value 1] $r0
	.loc	6 929 1 epilogue_begin is_stmt 1 @ ../Drivers/STM32H7xx_HAL_Driver/Src/stm32h7xx_hal_adc_ex.c:929:1
	pop	{r4, r5, r6, pc}
.Ltmp526:
	.loc	6 0 1 is_stmt 0                 @ :0:1
.Ltmp527:
	.p2align	2
.LBB9_6:
	@DEBUG_VALUE: HAL_ADCEx_InjectedStart_IT:tmp_config_injected_queue <- [DW_OP_constu 18446744071562067968, DW_OP_and, DW_OP_stack_value] $r2
	@DEBUG_VALUE: HAL_ADCEx_InjectedStart_IT:hadc <- $r0
	movs	r1, #1
.Ltmp528:
	.loc	6 822 5 is_stmt 1               @ ../Drivers/STM32H7xx_HAL_Driver/Src/stm32h7xx_hal_adc_ex.c:822:5
	strb.w	r1, [r0, #80]
	mov	r6, r0
.Ltmp529:
	.loc	6 825 22                        @ ../Drivers/STM32H7xx_HAL_Driver/Src/stm32h7xx_hal_adc_ex.c:825:22
	bl	ADC_Enable
.Ltmp530:
	@DEBUG_VALUE: HAL_ADCEx_InjectedStart_IT:hadc <- [DW_OP_LLVM_entry_value 1] $r0
	@DEBUG_VALUE: HAL_ADCEx_InjectedStart_IT:tmp_hal_status <- $r0
	.loc	6 828 9                         @ ../Drivers/STM32H7xx_HAL_Driver/Src/stm32h7xx_hal_adc_ex.c:828:9
	cbz	r0, .LBB9_8
.Ltmp531:
@ %bb.7:
	@DEBUG_VALUE: HAL_ADCEx_InjectedStart_IT:tmp_hal_status <- $r0
	@DEBUG_VALUE: HAL_ADCEx_InjectedStart_IT:hadc <- [DW_OP_LLVM_entry_value 1] $r0
	.loc	6 0 9 is_stmt 0                 @ ../Drivers/STM32H7xx_HAL_Driver/Src/stm32h7xx_hal_adc_ex.c:0:9
	movs	r1, #0
.Ltmp532:
	.loc	6 923 7 is_stmt 1               @ ../Drivers/STM32H7xx_HAL_Driver/Src/stm32h7xx_hal_adc_ex.c:923:7
	strb.w	r1, [r6, #80]
.Ltmp533:
	.loc	6 929 1 epilogue_begin          @ ../Drivers/STM32H7xx_HAL_Driver/Src/stm32h7xx_hal_adc_ex.c:929:1
	pop	{r4, r5, r6, pc}
.Ltmp534:
	.loc	6 0 1 is_stmt 0                 @ :0:1
.Ltmp535:
	.p2align	2
.LBB9_8:
	@DEBUG_VALUE: HAL_ADCEx_InjectedStart_IT:tmp_hal_status <- $r0
	@DEBUG_VALUE: HAL_ADCEx_InjectedStart_IT:hadc <- [DW_OP_LLVM_entry_value 1] $r0
	.loc	6 831 18 is_stmt 1              @ ../Drivers/STM32H7xx_HAL_Driver/Src/stm32h7xx_hal_adc_ex.c:831:18
	ldr	r1, [r6, #84]
	mov	r0, r6
.Ltmp536:
	.loc	6 831 11 is_stmt 0              @ ../Drivers/STM32H7xx_HAL_Driver/Src/stm32h7xx_hal_adc_ex.c:831:11
	lsls	r1, r1, #23
	bmi	.LBB9_10
.Ltmp537:
@ %bb.9:
	@DEBUG_VALUE: HAL_ADCEx_InjectedStart_IT:hadc <- [DW_OP_LLVM_entry_value 1] $r0
	.loc	6 0 11                          @ ../Drivers/STM32H7xx_HAL_Driver/Src/stm32h7xx_hal_adc_ex.c:0:11
	movs	r1, #0
	.loc	6 831 11                        @ ../Drivers/STM32H7xx_HAL_Driver/Src/stm32h7xx_hal_adc_ex.c:831:11
	b	.LBB9_11
.Ltmp538:
	.loc	6 0 11                          @ :0:11
.Ltmp539:
	.p2align	2
.LBB9_10:
	@DEBUG_VALUE: HAL_ADCEx_InjectedStart_IT:hadc <- [DW_OP_LLVM_entry_value 1] $r0
	.loc	6 834 9 is_stmt 1               @ ../Drivers/STM32H7xx_HAL_Driver/Src/stm32h7xx_hal_adc_ex.c:834:9
	ldr	r1, [r0, #88]
	bic	r1, r1, #8
.Ltmp540:
.LBB9_11:
	@DEBUG_VALUE: HAL_ADCEx_InjectedStart_IT:hadc <- [DW_OP_LLVM_entry_value 1] $r0
	.loc	6 0 0 is_stmt 0                 @ ../Drivers/STM32H7xx_HAL_Driver/Src/stm32h7xx_hal_adc_ex.c:0:0
	str	r1, [r0, #88]
	movw	r2, #12289
.Ltmp541:
	.loc	6 845 7 is_stmt 1               @ ../Drivers/STM32H7xx_HAL_Driver/Src/stm32h7xx_hal_adc_ex.c:845:7
	ldr	r1, [r0, #84]
.Ltmp542:
	.loc	7 6603 21                       @ ../Drivers/STM32H7xx_HAL_Driver/Inc\stm32h7xx_ll_adc.h:6603:21
	and	r12, r5, #31
.Ltmp543:
	.loc	6 845 7                         @ ../Drivers/STM32H7xx_HAL_Driver/Src/stm32h7xx_hal_adc_ex.c:845:7
	bics	r1, r2
	add.w	r1, r1, #4096
	str	r1, [r0, #84]
.Ltmp544:
	.loc	6 852 12                        @ ../Drivers/STM32H7xx_HAL_Driver/Src/stm32h7xx_hal_adc_ex.c:852:12
	ldr	r1, [r0]
	.loc	6 853 11                        @ ../Drivers/STM32H7xx_HAL_Driver/Src/stm32h7xx_hal_adc_ex.c:853:11
	cmp	r1, r4
	bne	.LBB9_13
.Ltmp545:
@ %bb.12:
	@DEBUG_VALUE: HAL_ADCEx_InjectedStart_IT:hadc <- [DW_OP_LLVM_entry_value 1] $r0
	cmp.w	r12, #0
	bne	.LBB9_14
.Ltmp546:
.LBB9_13:
	@DEBUG_VALUE: HAL_ADCEx_InjectedStart_IT:hadc <- [DW_OP_LLVM_entry_value 1] $r0
	.loc	6 856 9                         @ ../Drivers/STM32H7xx_HAL_Driver/Src/stm32h7xx_hal_adc_ex.c:856:9
	ldr	r3, [r0, #84]
	bic	r3, r3, #1048576
	str	r3, [r0, #84]
.Ltmp547:
.LBB9_14:
	@DEBUG_VALUE: HAL_ADCEx_InjectedStart_IT:hadc <- [DW_OP_LLVM_entry_value 1] $r0
	.loc	6 0 9 is_stmt 0                 @ ../Drivers/STM32H7xx_HAL_Driver/Src/stm32h7xx_hal_adc_ex.c:0:9
	movs	r3, #96
	.loc	6 861 7 is_stmt 1               @ ../Drivers/STM32H7xx_HAL_Driver/Src/stm32h7xx_hal_adc_ex.c:861:7
	str	r3, [r1]
	movs	r3, #0
.Ltmp548:
	.loc	6 866 7                         @ ../Drivers/STM32H7xx_HAL_Driver/Src/stm32h7xx_hal_adc_ex.c:866:7
	strb.w	r3, [r0, #80]
.Ltmp549:
	.loc	6 870 28                        @ ../Drivers/STM32H7xx_HAL_Driver/Src/stm32h7xx_hal_adc_ex.c:870:28
	ldr	r3, [r1, #12]
.Ltmp550:
	.loc	6 870 11 is_stmt 0              @ ../Drivers/STM32H7xx_HAL_Driver/Src/stm32h7xx_hal_adc_ex.c:870:11
	lsls	r3, r3, #10
	bpl	.LBB9_16
.Ltmp551:
@ %bb.15:
	@DEBUG_VALUE: HAL_ADCEx_InjectedStart_IT:hadc <- [DW_OP_LLVM_entry_value 1] $r0
	.loc	6 872 9 is_stmt 1               @ ../Drivers/STM32H7xx_HAL_Driver/Src/stm32h7xx_hal_adc_ex.c:872:9
	ldr	r3, [r1, #4]
	orr	r3, r3, #1024
	str	r3, [r1, #4]
.Ltmp552:
.LBB9_16:
	@DEBUG_VALUE: HAL_ADCEx_InjectedStart_IT:hadc <- [DW_OP_LLVM_entry_value 1] $r0
	.loc	6 876 26                        @ ../Drivers/STM32H7xx_HAL_Driver/Src/stm32h7xx_hal_adc_ex.c:876:26
	ldr	r3, [r0, #16]
	mvn	r6, #64
.Ltmp553:
	.loc	6 0 0 is_stmt 0                 @ ../Drivers/STM32H7xx_HAL_Driver/Src/stm32h7xx_hal_adc_ex.c:0:0
	cmp	r3, #8
	mov.w	r3, #32
	it	eq
	mvneq	r6, #32
	ldr	r2, [r1, #4]
	it	eq
	moveq	r3, #64
	ands	r2, r6
	str	r2, [r1, #4]
	ldr	r2, [r1, #4]
.Ltmp554:
	.loc	6 902 11 is_stmt 1              @ ../Drivers/STM32H7xx_HAL_Driver/Src/stm32h7xx_hal_adc_ex.c:902:11
	cmp	r1, r4
.Ltmp555:
	.loc	6 0 0 is_stmt 0                 @ ../Drivers/STM32H7xx_HAL_Driver/Src/stm32h7xx_hal_adc_ex.c:0:0
	orr.w	r2, r2, r3
	str	r2, [r1, #4]
.Ltmp556:
	.loc	6 902 11                        @ ../Drivers/STM32H7xx_HAL_Driver/Src/stm32h7xx_hal_adc_ex.c:902:11
	bne	.LBB9_19
.Ltmp557:
@ %bb.17:
	@DEBUG_VALUE: HAL_ADCEx_InjectedStart_IT:hadc <- [DW_OP_LLVM_entry_value 1] $r0
	cmp.w	r12, #0
	itt	ne
	andne	r2, r5, #30
	cmpne	r2, #6
	beq	.LBB9_19
.Ltmp558:
@ %bb.18:
	@DEBUG_VALUE: HAL_ADCEx_InjectedStart_IT:hadc <- [DW_OP_LLVM_entry_value 1] $r0
	.loc	6 916 9 is_stmt 1               @ ../Drivers/STM32H7xx_HAL_Driver/Src/stm32h7xx_hal_adc_ex.c:916:9
	ldr	r1, [r0, #84]
	orr	r1, r1, #1048576
	str	r1, [r0, #84]
	movs	r0, #0
.Ltmp559:
	.loc	6 929 1 epilogue_begin          @ ../Drivers/STM32H7xx_HAL_Driver/Src/stm32h7xx_hal_adc_ex.c:929:1
	pop	{r4, r5, r6, pc}
.Ltmp560:
	.loc	6 0 1 is_stmt 0                 @ :0:1
.Ltmp561:
	.p2align	2
.LBB9_19:
	@DEBUG_VALUE: HAL_ADCEx_InjectedStart_IT:hadc <- [DW_OP_LLVM_entry_value 1] $r0
	@DEBUG_VALUE: LL_ADC_INJ_GetTrigAuto:ADCx <- $r1
	.loc	7 5019 21 is_stmt 1             @ ../Drivers/STM32H7xx_HAL_Driver/Inc\stm32h7xx_ll_adc.h:5019:21
	ldr	r0, [r1, #12]
.Ltmp562:
	.loc	6 908 13                        @ ../Drivers/STM32H7xx_HAL_Driver/Src/stm32h7xx_hal_adc_ex.c:908:13
	lsls	r0, r0, #6
	bmi	.LBB9_21
.Ltmp563:
@ %bb.20:
	@DEBUG_VALUE: HAL_ADCEx_InjectedStart_IT:hadc <- [DW_OP_LLVM_entry_value 1] $r0
	@DEBUG_VALUE: LL_ADC_INJ_StartConversion:ADCx <- $r1
	.loc	6 0 13 is_stmt 0                @ ../Drivers/STM32H7xx_HAL_Driver/Src/stm32h7xx_hal_adc_ex.c:0:13
	movw	r2, #65472
.Ltmp564:
	.loc	7 7237 3 is_stmt 1              @ ../Drivers/STM32H7xx_HAL_Driver/Inc\stm32h7xx_ll_adc.h:7237:3
	ldr	r0, [r1, #8]
	movt	r2, #32767
	ands	r0, r2
	adds	r0, #8
	str	r0, [r1, #8]
.Ltmp565:
.LBB9_21:
	@DEBUG_VALUE: HAL_ADCEx_InjectedStart_IT:hadc <- [DW_OP_LLVM_entry_value 1] $r0
	.loc	7 0 3 is_stmt 0                 @ ../Drivers/STM32H7xx_HAL_Driver/Inc\stm32h7xx_ll_adc.h:0:3
	movs	r0, #0
	.loc	6 929 1 epilogue_begin is_stmt 1 @ ../Drivers/STM32H7xx_HAL_Driver/Src/stm32h7xx_hal_adc_ex.c:929:1
	pop	{r4, r5, r6, pc}
.Ltmp566:
.Lfunc_end9:
	.size	HAL_ADCEx_InjectedStart_IT, .Lfunc_end9-HAL_ADCEx_InjectedStart_IT
	.cfi_endproc
	.cantunwind
	.fnend
                                        @ -- End function
	.section	.text.HAL_ADCEx_InjectedStop_IT,"ax",%progbits
	.hidden	HAL_ADCEx_InjectedStop_IT       @ -- Begin function HAL_ADCEx_InjectedStop_IT
	.globl	HAL_ADCEx_InjectedStop_IT
	.p2align	3
	.type	HAL_ADCEx_InjectedStop_IT,%function
	.code	16                              @ @HAL_ADCEx_InjectedStop_IT
	.thumb_func
HAL_ADCEx_InjectedStop_IT:
.Lfunc_begin10:
	.loc	6 951 0                         @ ../Drivers/STM32H7xx_HAL_Driver/Src/stm32h7xx_hal_adc_ex.c:951:0
	.fnstart
	.cfi_startproc
@ %bb.0:
	@DEBUG_VALUE: HAL_ADCEx_InjectedStop_IT:hadc <- $r0
	.save	{r4, lr}
	push	{r4, lr}
	.cfi_def_cfa_offset 8
	.cfi_offset lr, -4
	.cfi_offset r4, -8
	mov	r4, r0
.Ltmp567:
	@DEBUG_VALUE: HAL_ADCEx_InjectedStop_IT:hadc <- $r4
	.loc	6 958 3 prologue_end            @ ../Drivers/STM32H7xx_HAL_Driver/Src/stm32h7xx_hal_adc_ex.c:958:3
	ldrb.w	r0, [r0, #80]
.Ltmp568:
	.loc	6 958 3 is_stmt 0               @ ../Drivers/STM32H7xx_HAL_Driver/Src/stm32h7xx_hal_adc_ex.c:958:3
	cmp	r0, #1
	bne	.LBB10_2
.Ltmp569:
@ %bb.1:
	@DEBUG_VALUE: HAL_ADCEx_InjectedStop_IT:hadc <- $r4
	.loc	6 0 3                           @ ../Drivers/STM32H7xx_HAL_Driver/Src/stm32h7xx_hal_adc_ex.c:0:3
	movs	r0, #2
	.loc	6 999 1 epilogue_begin is_stmt 1 @ ../Drivers/STM32H7xx_HAL_Driver/Src/stm32h7xx_hal_adc_ex.c:999:1
	pop	{r4, pc}
.Ltmp570:
	.loc	6 0 1 is_stmt 0                 @ :0:1
.Ltmp571:
	.p2align	2
.LBB10_2:
	@DEBUG_VALUE: HAL_ADCEx_InjectedStop_IT:hadc <- $r4
	movs	r0, #1
.Ltmp572:
	.loc	6 958 3 is_stmt 1               @ ../Drivers/STM32H7xx_HAL_Driver/Src/stm32h7xx_hal_adc_ex.c:958:3
	strb.w	r0, [r4, #80]
.Ltmp573:
	.loc	6 961 20                        @ ../Drivers/STM32H7xx_HAL_Driver/Src/stm32h7xx_hal_adc_ex.c:961:20
	movs	r1, #2
	mov	r0, r4
	bl	ADC_ConversionStop
.Ltmp574:
	@DEBUG_VALUE: HAL_ADCEx_InjectedStop_IT:tmp_hal_status <- $r0
	.loc	6 966 7                         @ ../Drivers/STM32H7xx_HAL_Driver/Src/stm32h7xx_hal_adc_ex.c:966:7
	cbz	r0, .LBB10_4
.Ltmp575:
.LBB10_3:
	@DEBUG_VALUE: HAL_ADCEx_InjectedStop_IT:tmp_hal_status <- $r0
	@DEBUG_VALUE: HAL_ADCEx_InjectedStop_IT:hadc <- $r4
	@DEBUG_VALUE: HAL_ADCEx_InjectedStop_IT:tmp_hal_status <- $r0
	.loc	6 0 7 is_stmt 0                 @ ../Drivers/STM32H7xx_HAL_Driver/Src/stm32h7xx_hal_adc_ex.c:0:7
	movs	r1, #0
.Ltmp576:
	.loc	6 995 3 is_stmt 1               @ ../Drivers/STM32H7xx_HAL_Driver/Src/stm32h7xx_hal_adc_ex.c:995:3
	strb.w	r1, [r4, #80]
.Ltmp577:
	.loc	6 999 1 epilogue_begin          @ ../Drivers/STM32H7xx_HAL_Driver/Src/stm32h7xx_hal_adc_ex.c:999:1
	pop	{r4, pc}
.Ltmp578:
	.loc	6 0 1 is_stmt 0                 @ :0:1
.Ltmp579:
	.p2align	2
.LBB10_4:
	@DEBUG_VALUE: HAL_ADCEx_InjectedStop_IT:tmp_hal_status <- $r0
	@DEBUG_VALUE: HAL_ADCEx_InjectedStop_IT:hadc <- $r4
	.loc	6 969 5 is_stmt 1               @ ../Drivers/STM32H7xx_HAL_Driver/Src/stm32h7xx_hal_adc_ex.c:969:5
	ldr	r0, [r4]
.Ltmp580:
	ldr	r1, [r0, #4]
	bic	r1, r1, #1120
	str	r1, [r0, #4]
.Ltmp581:
	@DEBUG_VALUE: LL_ADC_REG_IsConversionOngoing:ADCx <- $r0
	.loc	7 7075 12                       @ ../Drivers/STM32H7xx_HAL_Driver/Inc\stm32h7xx_ll_adc.h:7075:12
	ldr	r0, [r0, #8]
.Ltmp582:
	.loc	6 971 9                         @ ../Drivers/STM32H7xx_HAL_Driver/Src/stm32h7xx_hal_adc_ex.c:971:9
	lsls	r0, r0, #29
	bmi	.LBB10_7
.Ltmp583:
@ %bb.5:
	@DEBUG_VALUE: HAL_ADCEx_InjectedStop_IT:hadc <- $r4
	.loc	6 974 24                        @ ../Drivers/STM32H7xx_HAL_Driver/Src/stm32h7xx_hal_adc_ex.c:974:24
	mov	r0, r4
	bl	ADC_Disable
.Ltmp584:
	@DEBUG_VALUE: HAL_ADCEx_InjectedStop_IT:tmp_hal_status <- $r0
	.loc	6 977 11                        @ ../Drivers/STM32H7xx_HAL_Driver/Src/stm32h7xx_hal_adc_ex.c:977:11
	cmp	r0, #0
	bne	.LBB10_3
.Ltmp585:
@ %bb.6:
	@DEBUG_VALUE: HAL_ADCEx_InjectedStop_IT:tmp_hal_status <- $r0
	@DEBUG_VALUE: HAL_ADCEx_InjectedStop_IT:hadc <- $r4
	.loc	6 980 9                         @ ../Drivers/STM32H7xx_HAL_Driver/Src/stm32h7xx_hal_adc_ex.c:980:9
	ldr	r0, [r4, #84]
.Ltmp586:
	.loc	6 0 9 is_stmt 0                 @ ../Drivers/STM32H7xx_HAL_Driver/Src/stm32h7xx_hal_adc_ex.c:0:9
	movw	r1, #4353
	.loc	6 980 9                         @ ../Drivers/STM32H7xx_HAL_Driver/Src/stm32h7xx_hal_adc_ex.c:980:9
	bics	r0, r1
	adds	r0, #1
	b	.LBB10_8
.Ltmp587:
	.loc	6 0 9                           @ :0:9
.Ltmp588:
	.p2align	2
.LBB10_7:
	@DEBUG_VALUE: HAL_ADCEx_InjectedStop_IT:hadc <- $r4
	.loc	6 990 7 is_stmt 1               @ ../Drivers/STM32H7xx_HAL_Driver/Src/stm32h7xx_hal_adc_ex.c:990:7
	ldr	r0, [r4, #84]
	bic	r0, r0, #4096
.Ltmp589:
.LBB10_8:
	@DEBUG_VALUE: HAL_ADCEx_InjectedStop_IT:hadc <- $r4
	.loc	6 0 0 is_stmt 0                 @ ../Drivers/STM32H7xx_HAL_Driver/Src/stm32h7xx_hal_adc_ex.c:0:0
	str	r0, [r4, #84]
	movs	r0, #0
.Ltmp590:
	@DEBUG_VALUE: HAL_ADCEx_InjectedStop_IT:tmp_hal_status <- $r0
	movs	r1, #0
.Ltmp591:
	.loc	6 995 3 is_stmt 1               @ ../Drivers/STM32H7xx_HAL_Driver/Src/stm32h7xx_hal_adc_ex.c:995:3
	strb.w	r1, [r4, #80]
.Ltmp592:
	.loc	6 999 1 epilogue_begin          @ ../Drivers/STM32H7xx_HAL_Driver/Src/stm32h7xx_hal_adc_ex.c:999:1
	pop	{r4, pc}
.Ltmp593:
.Lfunc_end10:
	.size	HAL_ADCEx_InjectedStop_IT, .Lfunc_end10-HAL_ADCEx_InjectedStop_IT
	.cfi_endproc
	.cantunwind
	.fnend
                                        @ -- End function
	.section	.text.HAL_ADCEx_MultiModeStart_DMA,"ax",%progbits
	.hidden	HAL_ADCEx_MultiModeStart_DMA    @ -- Begin function HAL_ADCEx_MultiModeStart_DMA
	.globl	HAL_ADCEx_MultiModeStart_DMA
	.p2align	3
	.type	HAL_ADCEx_MultiModeStart_DMA,%function
	.code	16                              @ @HAL_ADCEx_MultiModeStart_DMA
	.thumb_func
HAL_ADCEx_MultiModeStart_DMA:
.Lfunc_begin11:
	.loc	6 1020 0                        @ ../Drivers/STM32H7xx_HAL_Driver/Src/stm32h7xx_hal_adc_ex.c:1020:0
	.fnstart
	.cfi_startproc
@ %bb.0:
	@DEBUG_VALUE: HAL_ADCEx_MultiModeStart_DMA:hadc <- $r0
	@DEBUG_VALUE: HAL_ADCEx_MultiModeStart_DMA:pData <- $r1
	@DEBUG_VALUE: HAL_ADCEx_MultiModeStart_DMA:Length <- $r2
	.save	{r4, r5, r6, r7, lr}
	push	{r4, r5, r6, r7, lr}
	.cfi_def_cfa_offset 20
	.cfi_offset lr, -4
	.cfi_offset r7, -8
	.cfi_offset r6, -12
	.cfi_offset r5, -16
	.cfi_offset r4, -20
	.pad	#100
	sub	sp, #100
	.cfi_def_cfa_offset 120
.Ltmp594:
	.loc	6 1030 44 prologue_end          @ ../Drivers/STM32H7xx_HAL_Driver/Src/stm32h7xx_hal_adc_ex.c:1030:44
	ldr	r3, [r0]
.Ltmp595:
	@DEBUG_VALUE: LL_ADC_REG_IsConversionOngoing:ADCx <- $r3
	.loc	7 7075 12                       @ ../Drivers/STM32H7xx_HAL_Driver/Inc\stm32h7xx_ll_adc.h:7075:12
	ldr	r7, [r3, #8]
.Ltmp596:
	.loc	6 1030 7                        @ ../Drivers/STM32H7xx_HAL_Driver/Src/stm32h7xx_hal_adc_ex.c:1030:7
	lsls	r7, r7, #29
	bmi	.LBB11_2
.Ltmp597:
@ %bb.1:
	@DEBUG_VALUE: HAL_ADCEx_MultiModeStart_DMA:Length <- $r2
	@DEBUG_VALUE: HAL_ADCEx_MultiModeStart_DMA:pData <- $r1
	@DEBUG_VALUE: HAL_ADCEx_MultiModeStart_DMA:hadc <- $r0
	.loc	6 1037 5                        @ ../Drivers/STM32H7xx_HAL_Driver/Src/stm32h7xx_hal_adc_ex.c:1037:5
	ldrb.w	r7, [r0, #80]
.Ltmp598:
	.loc	6 1037 5 is_stmt 0              @ ../Drivers/STM32H7xx_HAL_Driver/Src/stm32h7xx_hal_adc_ex.c:1037:5
	cmp	r7, #1
	bne	.LBB11_3
.Ltmp599:
.LBB11_2:
	@DEBUG_VALUE: HAL_ADCEx_MultiModeStart_DMA:Length <- $r2
	@DEBUG_VALUE: HAL_ADCEx_MultiModeStart_DMA:pData <- $r1
	@DEBUG_VALUE: HAL_ADCEx_MultiModeStart_DMA:hadc <- $r0
	.loc	6 0 5                           @ ../Drivers/STM32H7xx_HAL_Driver/Src/stm32h7xx_hal_adc_ex.c:0:5
	movs	r0, #2
.Ltmp600:
	@DEBUG_VALUE: HAL_ADCEx_MultiModeStart_DMA:hadc <- [DW_OP_LLVM_entry_value 1] $r0
	.loc	6 1141 1 epilogue_begin is_stmt 1 @ ../Drivers/STM32H7xx_HAL_Driver/Src/stm32h7xx_hal_adc_ex.c:1141:1
	add	sp, #100
	pop	{r4, r5, r6, r7, pc}
.Ltmp601:
	.loc	6 0 1 is_stmt 0                 @ :0:1
.Ltmp602:
	.p2align	2
.LBB11_3:
	@DEBUG_VALUE: HAL_ADCEx_MultiModeStart_DMA:Length <- $r2
	@DEBUG_VALUE: HAL_ADCEx_MultiModeStart_DMA:pData <- $r1
	@DEBUG_VALUE: HAL_ADCEx_MultiModeStart_DMA:hadc <- $r0
	movw	r6, #8448
	movs	r7, #1
	movt	r6, #16386
.Ltmp603:
	.loc	6 1037 5 is_stmt 1              @ ../Drivers/STM32H7xx_HAL_Driver/Src/stm32h7xx_hal_adc_ex.c:1037:5
	strb.w	r7, [r0, #80]
.Ltmp604:
	.loc	6 1041 9                        @ ../Drivers/STM32H7xx_HAL_Driver/Src/stm32h7xx_hal_adc_ex.c:1041:9
	cmp	r3, r6
	beq	.LBB11_6
.Ltmp605:
@ %bb.4:
	@DEBUG_VALUE: HAL_ADCEx_MultiModeStart_DMA:Length <- $r2
	@DEBUG_VALUE: HAL_ADCEx_MultiModeStart_DMA:pData <- $r1
	@DEBUG_VALUE: HAL_ADCEx_MultiModeStart_DMA:hadc <- $r0
	.loc	6 1051 7                        @ ../Drivers/STM32H7xx_HAL_Driver/Src/stm32h7xx_hal_adc_ex.c:1051:7
	sub.w	r5, r6, #256
	movs	r7, #0
	cmp	r3, r5
	mov.w	r3, #0
	.loc	6 1048 26                       @ ../Drivers/STM32H7xx_HAL_Driver/Src/stm32h7xx_hal_adc_ex.c:1048:26
	str	r7, [sp, #84]
	.loc	6 1049 30                       @ ../Drivers/STM32H7xx_HAL_Driver/Src/stm32h7xx_hal_adc_ex.c:1049:30
	str	r7, [sp, #88]
	.loc	6 1051 7                        @ ../Drivers/STM32H7xx_HAL_Driver/Src/stm32h7xx_hal_adc_ex.c:1051:7
	it	eq
	moveq	r3, r6
	str	r3, [sp]
	.loc	6 1053 11                       @ ../Drivers/STM32H7xx_HAL_Driver/Src/stm32h7xx_hal_adc_ex.c:1053:11
	beq	.LBB11_9
.Ltmp606:
@ %bb.5:
	@DEBUG_VALUE: HAL_ADCEx_MultiModeStart_DMA:Length <- $r2
	@DEBUG_VALUE: HAL_ADCEx_MultiModeStart_DMA:pData <- $r1
	@DEBUG_VALUE: HAL_ADCEx_MultiModeStart_DMA:hadc <- $r0
	.loc	6 1056 9                        @ ../Drivers/STM32H7xx_HAL_Driver/Src/stm32h7xx_hal_adc_ex.c:1056:9
	ldr	r1, [r0, #84]
.Ltmp607:
	@DEBUG_VALUE: HAL_ADCEx_MultiModeStart_DMA:pData <- [DW_OP_LLVM_entry_value 1] $r1
	orr	r1, r1, #32
	str	r1, [r0, #84]
.Ltmp608:
	.loc	6 1059 9                        @ ../Drivers/STM32H7xx_HAL_Driver/Src/stm32h7xx_hal_adc_ex.c:1059:9
	strb.w	r7, [r0, #80]
	movs	r0, #1
.Ltmp609:
	@DEBUG_VALUE: HAL_ADCEx_MultiModeStart_DMA:hadc <- [DW_OP_LLVM_entry_value 1] $r0
	.loc	6 1141 1 epilogue_begin         @ ../Drivers/STM32H7xx_HAL_Driver/Src/stm32h7xx_hal_adc_ex.c:1141:1
	add	sp, #100
	pop	{r4, r5, r6, r7, pc}
.Ltmp610:
	.loc	6 0 1 is_stmt 0                 @ :0:1
.Ltmp611:
	.p2align	2
.LBB11_6:
	@DEBUG_VALUE: HAL_ADCEx_MultiModeStart_DMA:Length <- $r2
	@DEBUG_VALUE: HAL_ADCEx_MultiModeStart_DMA:pData <- $r1
	@DEBUG_VALUE: HAL_ADCEx_MultiModeStart_DMA:hadc <- $r0
	mov	r5, r1
.Ltmp612:
	@DEBUG_VALUE: HAL_ADCEx_MultiModeStart_DMA:pData <- $r5
	mov	r4, r2
.Ltmp613:
	@DEBUG_VALUE: HAL_ADCEx_MultiModeStart_DMA:Length <- $r4
	mov	r7, r0
.Ltmp614:
	bl	ADC_Enable
.Ltmp615:
	@DEBUG_VALUE: HAL_ADCEx_MultiModeStart_DMA:hadc <- [DW_OP_LLVM_entry_value 1] $r0
	@DEBUG_VALUE: HAL_ADCEx_MultiModeStart_DMA:tmp_hal_status <- undef
	@DEBUG_VALUE: HAL_ADCEx_MultiModeStart_DMA:tmp_hal_status <- $r0
	.loc	6 1074 9 is_stmt 1              @ ../Drivers/STM32H7xx_HAL_Driver/Src/stm32h7xx_hal_adc_ex.c:1074:9
	cmp	r0, #0
	bne	.LBB11_11
.Ltmp616:
.LBB11_7:
	@DEBUG_VALUE: HAL_ADCEx_MultiModeStart_DMA:tmp_hal_status <- $r0
	@DEBUG_VALUE: HAL_ADCEx_MultiModeStart_DMA:hadc <- [DW_OP_LLVM_entry_value 1] $r0
	@DEBUG_VALUE: HAL_ADCEx_MultiModeStart_DMA:Length <- $r4
	@DEBUG_VALUE: HAL_ADCEx_MultiModeStart_DMA:pData <- $r5
	.loc	6 1098 7                        @ ../Drivers/STM32H7xx_HAL_Driver/Src/stm32h7xx_hal_adc_ex.c:1098:7
	ldr	r2, [r7]
	.loc	6 1085 13                       @ ../Drivers/STM32H7xx_HAL_Driver/Src/stm32h7xx_hal_adc_ex.c:1085:13
	ldr	r0, [r7, #76]
.Ltmp617:
	.loc	6 1077 7                        @ ../Drivers/STM32H7xx_HAL_Driver/Src/stm32h7xx_hal_adc_ex.c:1077:7
	ldr	r1, [r7, #84]
	movw	r3, #3841
	bics	r1, r3
	.loc	6 1085 42                       @ ../Drivers/STM32H7xx_HAL_Driver/Src/stm32h7xx_hal_adc_ex.c:1085:42
	movw	r12, :lower16:ADC_DMAConvCplt
	.loc	6 1088 46                       @ ../Drivers/STM32H7xx_HAL_Driver/Src/stm32h7xx_hal_adc_ex.c:1088:46
	movw	r3, :lower16:ADC_DMAHalfConvCplt
	.loc	6 1077 7                        @ ../Drivers/STM32H7xx_HAL_Driver/Src/stm32h7xx_hal_adc_ex.c:1077:7
	add.w	r1, r1, #256
	str	r1, [r7, #84]
	movs	r1, #0
	.loc	6 1082 7                        @ ../Drivers/STM32H7xx_HAL_Driver/Src/stm32h7xx_hal_adc_ex.c:1082:7
	str	r1, [r7, #88]
	.loc	6 1085 42                       @ ../Drivers/STM32H7xx_HAL_Driver/Src/stm32h7xx_hal_adc_ex.c:1085:42
	movt	r12, :upper16:ADC_DMAConvCplt
	.loc	6 1088 46                       @ ../Drivers/STM32H7xx_HAL_Driver/Src/stm32h7xx_hal_adc_ex.c:1088:46
	movt	r3, :upper16:ADC_DMAHalfConvCplt
	.loc	6 1110 11                       @ ../Drivers/STM32H7xx_HAL_Driver/Src/stm32h7xx_hal_adc_ex.c:1110:11
	cmp	r2, r6
	.loc	6 1085 42                       @ ../Drivers/STM32H7xx_HAL_Driver/Src/stm32h7xx_hal_adc_ex.c:1085:42
	strd	r12, r3, [r0, #60]
	.loc	6 1091 43                       @ ../Drivers/STM32H7xx_HAL_Driver/Src/stm32h7xx_hal_adc_ex.c:1091:43
	movw	r3, :lower16:ADC_DMAError
	movt	r3, :upper16:ADC_DMAError
	str	r3, [r0, #76]
	mov.w	r3, #28
	.loc	6 1098 7                        @ ../Drivers/STM32H7xx_HAL_Driver/Src/stm32h7xx_hal_adc_ex.c:1098:7
	str	r3, [r2]
.Ltmp618:
	.loc	6 1103 7                        @ ../Drivers/STM32H7xx_HAL_Driver/Src/stm32h7xx_hal_adc_ex.c:1103:7
	strb.w	r1, [r7, #80]
.Ltmp619:
	.loc	6 1106 7                        @ ../Drivers/STM32H7xx_HAL_Driver/Src/stm32h7xx_hal_adc_ex.c:1106:7
	ldr	r1, [r2, #4]
	orr	r1, r1, #16
	str	r1, [r2, #4]
	.loc	6 1110 11                       @ ../Drivers/STM32H7xx_HAL_Driver/Src/stm32h7xx_hal_adc_ex.c:1110:11
	beq	.LBB11_12
.Ltmp620:
@ %bb.8:
	@DEBUG_VALUE: HAL_ADCEx_MultiModeStart_DMA:hadc <- [DW_OP_LLVM_entry_value 1] $r0
	@DEBUG_VALUE: HAL_ADCEx_MultiModeStart_DMA:Length <- $r4
	@DEBUG_VALUE: HAL_ADCEx_MultiModeStart_DMA:pData <- $r5
	.loc	6 1119 25                       @ ../Drivers/STM32H7xx_HAL_Driver/Src/stm32h7xx_hal_adc_ex.c:1119:25
	sub.w	r3, r6, #256
	movw	r1, #25356
	movt	r1, #22530
	cmp	r2, r3
	.loc	6 1122 26                       @ ../Drivers/STM32H7xx_HAL_Driver/Src/stm32h7xx_hal_adc_ex.c:1122:26
	mov	r2, r5
	mov	r3, r4
	.loc	6 1119 25                       @ ../Drivers/STM32H7xx_HAL_Driver/Src/stm32h7xx_hal_adc_ex.c:1119:25
	it	eq
	addeq.w	r1, r6, #524
.Ltmp621:
	@DEBUG_VALUE: HAL_ADCEx_MultiModeStart_DMA:tmpADC_Common <- undef
	.loc	6 1122 26                       @ ../Drivers/STM32H7xx_HAL_Driver/Src/stm32h7xx_hal_adc_ex.c:1122:26
	bl	HAL_DMA_Start_IT
.Ltmp622:
	.loc	6 1129 42                       @ ../Drivers/STM32H7xx_HAL_Driver/Src/stm32h7xx_hal_adc_ex.c:1129:42
	ldr	r1, [r7]
.Ltmp623:
	@DEBUG_VALUE: LL_ADC_REG_StartConversion:ADCx <- $r1
	.loc	6 0 42 is_stmt 0                @ ../Drivers/STM32H7xx_HAL_Driver/Src/stm32h7xx_hal_adc_ex.c:0:42
	movw	r3, #65472
	movt	r3, #32767
.Ltmp624:
	@DEBUG_VALUE: HAL_ADCEx_MultiModeStart_DMA:tmp_hal_status <- undef
	.loc	7 7042 3 is_stmt 1              @ ../Drivers/STM32H7xx_HAL_Driver/Inc\stm32h7xx_ll_adc.h:7042:3
	ldr	r2, [r1, #8]
	ands	r2, r3
	adds	r2, #4
	str	r2, [r1, #8]
.Ltmp625:
	.loc	6 1141 1 epilogue_begin         @ ../Drivers/STM32H7xx_HAL_Driver/Src/stm32h7xx_hal_adc_ex.c:1141:1
	add	sp, #100
	pop	{r4, r5, r6, r7, pc}
.Ltmp626:
	.loc	6 0 1 is_stmt 0                 @ :0:1
.Ltmp627:
	.p2align	2
.LBB11_9:
	@DEBUG_VALUE: HAL_ADCEx_MultiModeStart_DMA:Length <- $r2
	@DEBUG_VALUE: HAL_ADCEx_MultiModeStart_DMA:pData <- $r1
	@DEBUG_VALUE: HAL_ADCEx_MultiModeStart_DMA:hadc <- $r0
	mov	r5, r1
.Ltmp628:
	@DEBUG_VALUE: HAL_ADCEx_MultiModeStart_DMA:pData <- $r5
	mov	r4, r2
.Ltmp629:
	@DEBUG_VALUE: HAL_ADCEx_MultiModeStart_DMA:Length <- $r4
	mov	r7, r0
.Ltmp630:
	.loc	6 1066 24 is_stmt 1             @ ../Drivers/STM32H7xx_HAL_Driver/Src/stm32h7xx_hal_adc_ex.c:1066:24
	bl	ADC_Enable
.Ltmp631:
	@DEBUG_VALUE: HAL_ADCEx_MultiModeStart_DMA:hadc <- [DW_OP_LLVM_entry_value 1] $r0
	@DEBUG_VALUE: HAL_ADCEx_MultiModeStart_DMA:tmp_hal_status <- undef
	.loc	6 1067 11                       @ ../Drivers/STM32H7xx_HAL_Driver/Src/stm32h7xx_hal_adc_ex.c:1067:11
	cbnz	r0, .LBB11_11
.Ltmp632:
@ %bb.10:
	@DEBUG_VALUE: HAL_ADCEx_MultiModeStart_DMA:hadc <- [DW_OP_LLVM_entry_value 1] $r0
	@DEBUG_VALUE: HAL_ADCEx_MultiModeStart_DMA:Length <- $r4
	@DEBUG_VALUE: HAL_ADCEx_MultiModeStart_DMA:pData <- $r5
	.loc	6 0 11 is_stmt 0                @ ../Drivers/STM32H7xx_HAL_Driver/Src/stm32h7xx_hal_adc_ex.c:0:11
	mov	r0, sp
	bl	ADC_Enable
.Ltmp633:
	@DEBUG_VALUE: HAL_ADCEx_MultiModeStart_DMA:tmp_hal_status <- undef
	@DEBUG_VALUE: HAL_ADCEx_MultiModeStart_DMA:tmp_hal_status <- $r0
	.loc	6 1074 9 is_stmt 1              @ ../Drivers/STM32H7xx_HAL_Driver/Src/stm32h7xx_hal_adc_ex.c:1074:9
	cmp	r0, #0
	beq	.LBB11_7
.Ltmp634:
.LBB11_11:
	@DEBUG_VALUE: HAL_ADCEx_MultiModeStart_DMA:hadc <- [DW_OP_LLVM_entry_value 1] $r0
	@DEBUG_VALUE: HAL_ADCEx_MultiModeStart_DMA:Length <- $r4
	@DEBUG_VALUE: HAL_ADCEx_MultiModeStart_DMA:pData <- $r5
	.loc	6 0 9 is_stmt 0                 @ ../Drivers/STM32H7xx_HAL_Driver/Src/stm32h7xx_hal_adc_ex.c:0:9
	movs	r1, #0
.Ltmp635:
	.loc	6 1135 7 is_stmt 1              @ ../Drivers/STM32H7xx_HAL_Driver/Src/stm32h7xx_hal_adc_ex.c:1135:7
	strb.w	r1, [r7, #80]
.Ltmp636:
	.loc	6 1141 1 epilogue_begin         @ ../Drivers/STM32H7xx_HAL_Driver/Src/stm32h7xx_hal_adc_ex.c:1141:1
	add	sp, #100
	pop	{r4, r5, r6, r7, pc}
.Ltmp637:
	.loc	6 0 1 is_stmt 0                 @ :0:1
.Ltmp638:
	.p2align	2
.LBB11_12:
	@DEBUG_VALUE: HAL_ADCEx_MultiModeStart_DMA:hadc <- [DW_OP_LLVM_entry_value 1] $r0
	@DEBUG_VALUE: HAL_ADCEx_MultiModeStart_DMA:Length <- $r4
	@DEBUG_VALUE: HAL_ADCEx_MultiModeStart_DMA:pData <- $r5
	.loc	6 1114 88 is_stmt 1             @ ../Drivers/STM32H7xx_HAL_Driver/Src/stm32h7xx_hal_adc_ex.c:1114:88
	add.w	r1, r2, #64
	.loc	6 1114 26 is_stmt 0             @ ../Drivers/STM32H7xx_HAL_Driver/Src/stm32h7xx_hal_adc_ex.c:1114:26
	mov	r2, r5
	mov	r3, r4
	bl	HAL_DMA_Start_IT
.Ltmp639:
	@DEBUG_VALUE: HAL_ADCEx_MultiModeStart_DMA:tmp_hal_status <- undef
	.loc	6 1141 1 epilogue_begin is_stmt 1 @ ../Drivers/STM32H7xx_HAL_Driver/Src/stm32h7xx_hal_adc_ex.c:1141:1
	add	sp, #100
	pop	{r4, r5, r6, r7, pc}
.Ltmp640:
.Lfunc_end11:
	.size	HAL_ADCEx_MultiModeStart_DMA, .Lfunc_end11-HAL_ADCEx_MultiModeStart_DMA
	.cfi_endproc
	.cantunwind
	.fnend
                                        @ -- End function
	.section	.text.HAL_ADCEx_MultiModeStop_DMA,"ax",%progbits
	.hidden	HAL_ADCEx_MultiModeStop_DMA     @ -- Begin function HAL_ADCEx_MultiModeStop_DMA
	.globl	HAL_ADCEx_MultiModeStop_DMA
	.p2align	3
	.type	HAL_ADCEx_MultiModeStop_DMA,%function
	.code	16                              @ @HAL_ADCEx_MultiModeStop_DMA
	.thumb_func
HAL_ADCEx_MultiModeStop_DMA:
.Lfunc_begin12:
	.loc	6 1157 0                        @ ../Drivers/STM32H7xx_HAL_Driver/Src/stm32h7xx_hal_adc_ex.c:1157:0
	.fnstart
	.cfi_startproc
@ %bb.0:
	@DEBUG_VALUE: HAL_ADCEx_MultiModeStop_DMA:hadc <- $r0
	.save	{r4, r5, r6, lr}
	push	{r4, r5, r6, lr}
	.cfi_def_cfa_offset 16
	.cfi_offset lr, -4
	.cfi_offset r6, -8
	.cfi_offset r5, -12
	.cfi_offset r4, -16
	.pad	#104
	sub	sp, #104
	.cfi_def_cfa_offset 120
	mov	r4, r0
.Ltmp641:
	@DEBUG_VALUE: HAL_ADCEx_MultiModeStop_DMA:hadc <- $r4
	.loc	6 1168 3 prologue_end           @ ../Drivers/STM32H7xx_HAL_Driver/Src/stm32h7xx_hal_adc_ex.c:1168:3
	ldrb.w	r0, [r0, #80]
.Ltmp642:
	.loc	6 1168 3 is_stmt 0              @ ../Drivers/STM32H7xx_HAL_Driver/Src/stm32h7xx_hal_adc_ex.c:1168:3
	cmp	r0, #1
	bne	.LBB12_2
.Ltmp643:
@ %bb.1:
	@DEBUG_VALUE: HAL_ADCEx_MultiModeStop_DMA:hadc <- $r4
	.loc	6 0 3                           @ ../Drivers/STM32H7xx_HAL_Driver/Src/stm32h7xx_hal_adc_ex.c:0:3
	movs	r0, #2
	.loc	6 1273 1 epilogue_begin is_stmt 1 @ ../Drivers/STM32H7xx_HAL_Driver/Src/stm32h7xx_hal_adc_ex.c:1273:1
	add	sp, #104
	pop	{r4, r5, r6, pc}
.Ltmp644:
	.loc	6 0 1 is_stmt 0                 @ :0:1
.Ltmp645:
	.p2align	2
.LBB12_2:
	@DEBUG_VALUE: HAL_ADCEx_MultiModeStop_DMA:hadc <- $r4
	movs	r0, #1
.Ltmp646:
	.loc	6 1168 3 is_stmt 1              @ ../Drivers/STM32H7xx_HAL_Driver/Src/stm32h7xx_hal_adc_ex.c:1168:3
	strb.w	r0, [r4, #80]
.Ltmp647:
	.loc	6 1172 20                       @ ../Drivers/STM32H7xx_HAL_Driver/Src/stm32h7xx_hal_adc_ex.c:1172:20
	movs	r1, #3
	mov	r0, r4
	bl	ADC_ConversionStop
.Ltmp648:
	@DEBUG_VALUE: HAL_ADCEx_MultiModeStop_DMA:tmp_hal_status <- $r0
	.loc	6 1175 7                        @ ../Drivers/STM32H7xx_HAL_Driver/Src/stm32h7xx_hal_adc_ex.c:1175:7
	cbz	r0, .LBB12_4
.Ltmp649:
@ %bb.3:
	@DEBUG_VALUE: HAL_ADCEx_MultiModeStop_DMA:tmp_hal_status <- $r0
	@DEBUG_VALUE: HAL_ADCEx_MultiModeStop_DMA:hadc <- $r4
	.loc	6 0 7 is_stmt 0                 @ ../Drivers/STM32H7xx_HAL_Driver/Src/stm32h7xx_hal_adc_ex.c:0:7
	movs	r1, #0
	strb.w	r1, [r4, #80]
	.loc	6 1273 1 epilogue_begin is_stmt 1 @ ../Drivers/STM32H7xx_HAL_Driver/Src/stm32h7xx_hal_adc_ex.c:1273:1
	add	sp, #104
	pop	{r4, r5, r6, pc}
.Ltmp650:
	.loc	6 0 1 is_stmt 0                 @ :0:1
.Ltmp651:
	.p2align	2
.LBB12_4:
	@DEBUG_VALUE: HAL_ADCEx_MultiModeStop_DMA:tmp_hal_status <- $r0
	@DEBUG_VALUE: HAL_ADCEx_MultiModeStop_DMA:hadc <- $r4
	movw	r6, #8456
	movs	r0, #0
.Ltmp652:
	.loc	6 1177 24 is_stmt 1             @ ../Drivers/STM32H7xx_HAL_Driver/Src/stm32h7xx_hal_adc_ex.c:1177:24
	str	r0, [sp, #88]
	movt	r6, #16386
	.loc	6 1178 28                       @ ../Drivers/STM32H7xx_HAL_Driver/Src/stm32h7xx_hal_adc_ex.c:1178:28
	str	r0, [sp, #92]
	.loc	6 1181 5                        @ ../Drivers/STM32H7xx_HAL_Driver/Src/stm32h7xx_hal_adc_ex.c:1181:5
	sub.w	r2, r6, #264
	ldr	r1, [r4]
	cmp	r1, r2
	it	eq
	subeq.w	r0, r6, #8
	str	r0, [sp, #4]
	.loc	6 1183 9                        @ ../Drivers/STM32H7xx_HAL_Driver/Src/stm32h7xx_hal_adc_ex.c:1183:9
	beq	.LBB12_7
.Ltmp653:
@ %bb.5:
	@DEBUG_VALUE: HAL_ADCEx_MultiModeStop_DMA:hadc <- $r4
	.loc	6 1186 7                        @ ../Drivers/STM32H7xx_HAL_Driver/Src/stm32h7xx_hal_adc_ex.c:1186:7
	ldr	r0, [r4, #84]
	orr	r0, r0, #32
.Ltmp654:
.LBB12_6:
	@DEBUG_VALUE: HAL_ADCEx_MultiModeStop_DMA:hadc <- $r4
	.loc	6 0 0 is_stmt 0                 @ ../Drivers/STM32H7xx_HAL_Driver/Src/stm32h7xx_hal_adc_ex.c:0:0
	str	r0, [r4, #84]
	movs	r0, #1
	movs	r1, #0
.Ltmp655:
	strb.w	r1, [r4, #80]
	.loc	6 1273 1 epilogue_begin is_stmt 1 @ ../Drivers/STM32H7xx_HAL_Driver/Src/stm32h7xx_hal_adc_ex.c:1273:1
	add	sp, #104
	pop	{r4, r5, r6, pc}
.Ltmp656:
	.loc	6 0 1 is_stmt 0                 @ :0:1
.Ltmp657:
	.p2align	2
.LBB12_7:
	@DEBUG_VALUE: HAL_ADCEx_MultiModeStop_DMA:hadc <- $r4
	.loc	6 1198 17 is_stmt 1             @ ../Drivers/STM32H7xx_HAL_Driver/Src/stm32h7xx_hal_adc_ex.c:1198:17
	bl	HAL_GetTick
.Ltmp658:
	.loc	7 7075 12                       @ ../Drivers/STM32H7xx_HAL_Driver/Inc\stm32h7xx_ll_adc.h:7075:12
	ldr	r1, [r6]
.Ltmp659:
	.loc	6 1201 50                       @ ../Drivers/STM32H7xx_HAL_Driver/Src/stm32h7xx_hal_adc_ex.c:1201:50
	ldr	r2, [r4]
.Ltmp660:
	.loc	7 7075 12                       @ ../Drivers/STM32H7xx_HAL_Driver/Inc\stm32h7xx_ll_adc.h:7075:12
	ldr	r2, [r2, #8]
.Ltmp661:
	.loc	6 1201 60                       @ ../Drivers/STM32H7xx_HAL_Driver/Src/stm32h7xx_hal_adc_ex.c:1201:60
	orrs	r1, r2
	.loc	6 1201 5 is_stmt 0              @ ../Drivers/STM32H7xx_HAL_Driver/Src/stm32h7xx_hal_adc_ex.c:1201:5
	lsls	r1, r1, #29
.Ltmp662:
	@DEBUG_VALUE: HAL_ADCEx_MultiModeStop_DMA:tmphadcSlave_conversion_on_going <- undef
	@DEBUG_VALUE: LL_ADC_REG_IsConversionOngoing:ADCx <- undef
	@DEBUG_VALUE: HAL_ADCEx_MultiModeStop_DMA:tickstart <- $r0
	bpl	.LBB12_13
.Ltmp663:
@ %bb.8:
	@DEBUG_VALUE: HAL_ADCEx_MultiModeStop_DMA:tickstart <- $r0
	@DEBUG_VALUE: HAL_ADCEx_MultiModeStop_DMA:hadc <- $r4
	.loc	6 0 5                           @ ../Drivers/STM32H7xx_HAL_Driver/Src/stm32h7xx_hal_adc_ex.c:0:5
	mov	r5, r0
.Ltmp664:
	@DEBUG_VALUE: HAL_ADCEx_MultiModeStop_DMA:tickstart <- $r5
	@DEBUG_VALUE: HAL_ADCEx_MultiModeStop_DMA:tickstart <- $r5
	b	.LBB12_10
.Ltmp665:
	.p2align	2
.LBB12_9:                               @   in Loop: Header=BB12_10 Depth=1
	@DEBUG_VALUE: HAL_ADCEx_MultiModeStop_DMA:tickstart <- $r5
	@DEBUG_VALUE: HAL_ADCEx_MultiModeStop_DMA:hadc <- $r4
	@DEBUG_VALUE: HAL_ADCEx_MultiModeStop_DMA:tmphadcSlave_conversion_on_going <- undef
	@DEBUG_VALUE: LL_ADC_REG_IsConversionOngoing:ADCx <- undef
	.loc	7 7075 12 is_stmt 1             @ ../Drivers/STM32H7xx_HAL_Driver/Inc\stm32h7xx_ll_adc.h:7075:12
	ldr	r1, [r6]
.Ltmp666:
	@DEBUG_VALUE: LL_ADC_REG_IsConversionOngoing:ADCx <- $r0
	@DEBUG_VALUE: HAL_ADCEx_MultiModeStop_DMA:tmphadcSlave_conversion_on_going <- [DW_OP_constu 2, DW_OP_shr, DW_OP_constu 1, DW_OP_and, DW_OP_stack_value] $r1
	.loc	7 7075 12 is_stmt 0             @ ../Drivers/STM32H7xx_HAL_Driver/Inc\stm32h7xx_ll_adc.h:7075:12
	ldr	r0, [r0, #8]
.Ltmp667:
	.loc	6 1201 60 is_stmt 1             @ ../Drivers/STM32H7xx_HAL_Driver/Src/stm32h7xx_hal_adc_ex.c:1201:60
	orrs	r0, r1
	.loc	6 1201 5 is_stmt 0              @ ../Drivers/STM32H7xx_HAL_Driver/Src/stm32h7xx_hal_adc_ex.c:1201:5
	lsls	r0, r0, #29
	bpl	.LBB12_13
.Ltmp668:
.LBB12_10:                              @ =>This Inner Loop Header: Depth=1
	@DEBUG_VALUE: HAL_ADCEx_MultiModeStop_DMA:tickstart <- $r5
	@DEBUG_VALUE: HAL_ADCEx_MultiModeStop_DMA:hadc <- $r4
	.loc	6 1205 12 is_stmt 1             @ ../Drivers/STM32H7xx_HAL_Driver/Src/stm32h7xx_hal_adc_ex.c:1205:12
	bl	HAL_GetTick
.Ltmp669:
	.loc	6 1205 26 is_stmt 0             @ ../Drivers/STM32H7xx_HAL_Driver/Src/stm32h7xx_hal_adc_ex.c:1205:26
	subs	r0, r0, r5
.Ltmp670:
	.loc	6 1205 11                       @ ../Drivers/STM32H7xx_HAL_Driver/Src/stm32h7xx_hal_adc_ex.c:1205:11
	cmp	r0, #6
.Ltmp671:
	.loc	6 1201 50 is_stmt 1             @ ../Drivers/STM32H7xx_HAL_Driver/Src/stm32h7xx_hal_adc_ex.c:1201:50
	ldr	r0, [r4]
.Ltmp672:
	.loc	6 1205 11                       @ ../Drivers/STM32H7xx_HAL_Driver/Src/stm32h7xx_hal_adc_ex.c:1205:11
	blo	.LBB12_9
.Ltmp673:
@ %bb.11:                               @   in Loop: Header=BB12_10 Depth=1
	@DEBUG_VALUE: HAL_ADCEx_MultiModeStop_DMA:tickstart <- $r5
	@DEBUG_VALUE: HAL_ADCEx_MultiModeStop_DMA:hadc <- $r4
	.loc	7 7075 12                       @ ../Drivers/STM32H7xx_HAL_Driver/Inc\stm32h7xx_ll_adc.h:7075:12
	ldr	r1, [r6]
.Ltmp674:
	@DEBUG_VALUE: LL_ADC_REG_IsConversionOngoing:ADCx <- $r0
	@DEBUG_VALUE: LL_ADC_REG_IsConversionOngoing:ADCx <- undef
	@DEBUG_VALUE: HAL_ADCEx_MultiModeStop_DMA:tmphadcSlave_conversion_on_going <- [DW_OP_constu 2, DW_OP_shr, DW_OP_constu 1, DW_OP_and, DW_OP_stack_value] $r1
	.loc	7 7075 12 is_stmt 0             @ ../Drivers/STM32H7xx_HAL_Driver/Inc\stm32h7xx_ll_adc.h:7075:12
	ldr	r2, [r0, #8]
.Ltmp675:
	.loc	6 1210 60 is_stmt 1             @ ../Drivers/STM32H7xx_HAL_Driver/Src/stm32h7xx_hal_adc_ex.c:1210:60
	orrs	r1, r2
.Ltmp676:
	.loc	6 1211 12                       @ ../Drivers/STM32H7xx_HAL_Driver/Src/stm32h7xx_hal_adc_ex.c:1211:12
	lsls	r1, r1, #29
	bpl	.LBB12_9
.Ltmp677:
@ %bb.12:
	@DEBUG_VALUE: HAL_ADCEx_MultiModeStop_DMA:tickstart <- $r5
	@DEBUG_VALUE: HAL_ADCEx_MultiModeStop_DMA:hadc <- $r4
	.loc	6 1215 11                       @ ../Drivers/STM32H7xx_HAL_Driver/Src/stm32h7xx_hal_adc_ex.c:1215:11
	ldr	r0, [r4, #84]
	orr	r0, r0, #16
	b	.LBB12_6
.Ltmp678:
	.loc	6 0 11 is_stmt 0                @ :0:11
.Ltmp679:
	.p2align	2
.LBB12_13:
	@DEBUG_VALUE: HAL_ADCEx_MultiModeStop_DMA:hadc <- $r4
	.loc	6 1231 42 is_stmt 1             @ ../Drivers/STM32H7xx_HAL_Driver/Src/stm32h7xx_hal_adc_ex.c:1231:42
	ldr	r0, [r4, #76]
	.loc	6 1231 22 is_stmt 0             @ ../Drivers/STM32H7xx_HAL_Driver/Src/stm32h7xx_hal_adc_ex.c:1231:22
	bl	HAL_DMA_Abort
.Ltmp680:
	@DEBUG_VALUE: HAL_ADCEx_MultiModeStop_DMA:tmp_hal_status <- $r0
	.loc	6 1234 9 is_stmt 1              @ ../Drivers/STM32H7xx_HAL_Driver/Src/stm32h7xx_hal_adc_ex.c:1234:9
	cmp	r0, #1
	bne	.LBB12_15
.Ltmp681:
@ %bb.14:
	@DEBUG_VALUE: HAL_ADCEx_MultiModeStop_DMA:tmp_hal_status <- $r0
	@DEBUG_VALUE: HAL_ADCEx_MultiModeStop_DMA:hadc <- $r4
	.loc	6 0 9 is_stmt 0                 @ ../Drivers/STM32H7xx_HAL_Driver/Src/stm32h7xx_hal_adc_ex.c:0:9
	mov	r5, r0
.Ltmp682:
	@DEBUG_VALUE: HAL_ADCEx_MultiModeStop_DMA:tmp_hal_status <- $r5
	.loc	6 1241 5 is_stmt 1              @ ../Drivers/STM32H7xx_HAL_Driver/Src/stm32h7xx_hal_adc_ex.c:1241:5
	ldr	r0, [r4]
.Ltmp683:
	.loc	6 1237 7                        @ ../Drivers/STM32H7xx_HAL_Driver/Src/stm32h7xx_hal_adc_ex.c:1237:7
	ldr	r1, [r4, #84]
	orr	r1, r1, #64
	str	r1, [r4, #84]
.Ltmp684:
	.loc	6 1241 5                        @ ../Drivers/STM32H7xx_HAL_Driver/Src/stm32h7xx_hal_adc_ex.c:1241:5
	ldr	r1, [r0, #4]
	bic	r1, r1, #16
	str	r1, [r0, #4]
	b	.LBB12_16
.Ltmp685:
	.loc	6 0 5 is_stmt 0                 @ :0:5
.Ltmp686:
	.p2align	2
.LBB12_15:
	@DEBUG_VALUE: HAL_ADCEx_MultiModeStop_DMA:tmp_hal_status <- $r0
	@DEBUG_VALUE: HAL_ADCEx_MultiModeStop_DMA:hadc <- $r4
	.loc	6 1241 5                        @ ../Drivers/STM32H7xx_HAL_Driver/Src/stm32h7xx_hal_adc_ex.c:1241:5
	ldr	r1, [r4]
	mov	r5, r0
	.loc	6 1246 9 is_stmt 1              @ ../Drivers/STM32H7xx_HAL_Driver/Src/stm32h7xx_hal_adc_ex.c:1246:9
	cmp	r0, #0
	.loc	6 1241 5                        @ ../Drivers/STM32H7xx_HAL_Driver/Src/stm32h7xx_hal_adc_ex.c:1241:5
	ldr	r2, [r1, #4]
	bic	r0, r2, #16
.Ltmp687:
	str	r0, [r1, #4]
	.loc	6 1246 9                        @ ../Drivers/STM32H7xx_HAL_Driver/Src/stm32h7xx_hal_adc_ex.c:1246:9
	beq	.LBB12_18
.Ltmp688:
.LBB12_16:
	@DEBUG_VALUE: HAL_ADCEx_MultiModeStop_DMA:hadc <- $r4
	.loc	6 1258 14                       @ ../Drivers/STM32H7xx_HAL_Driver/Src/stm32h7xx_hal_adc_ex.c:1258:14
	mov	r0, r4
	bl	ADC_Disable
.Ltmp689:
	.loc	6 0 14 is_stmt 0                @ ../Drivers/STM32H7xx_HAL_Driver/Src/stm32h7xx_hal_adc_ex.c:0:14
	add	r0, sp, #4
.Ltmp690:
.LBB12_17:
	@DEBUG_VALUE: HAL_ADCEx_MultiModeStop_DMA:hadc <- $r4
	bl	ADC_Disable
.Ltmp691:
	@DEBUG_VALUE: HAL_ADCEx_MultiModeStop_DMA:tmp_hal_status <- $r5
	.loc	6 1263 5 is_stmt 1              @ ../Drivers/STM32H7xx_HAL_Driver/Src/stm32h7xx_hal_adc_ex.c:1263:5
	ldr	r0, [r4, #84]
	movw	r1, #4353
	bics	r0, r1
	adds	r0, #1
	str	r0, [r4, #84]
	mov	r0, r5
.Ltmp692:
	@DEBUG_VALUE: HAL_ADCEx_MultiModeStop_DMA:tmp_hal_status <- $r0
	.loc	6 0 5 is_stmt 0                 @ ../Drivers/STM32H7xx_HAL_Driver/Src/stm32h7xx_hal_adc_ex.c:0:5
	movs	r1, #0
.Ltmp693:
	strb.w	r1, [r4, #80]
	.loc	6 1273 1 epilogue_begin is_stmt 1 @ ../Drivers/STM32H7xx_HAL_Driver/Src/stm32h7xx_hal_adc_ex.c:1273:1
	add	sp, #104
	pop	{r4, r5, r6, pc}
.Ltmp694:
	.loc	6 0 1 is_stmt 0                 @ :0:1
.Ltmp695:
	.p2align	2
.LBB12_18:
	@DEBUG_VALUE: HAL_ADCEx_MultiModeStop_DMA:hadc <- $r4
	add	r0, sp, #4
.Ltmp696:
	.loc	6 1248 37 is_stmt 1             @ ../Drivers/STM32H7xx_HAL_Driver/Src/stm32h7xx_hal_adc_ex.c:1248:37
	bl	ADC_Disable
.Ltmp697:
	@DEBUG_VALUE: HAL_ADCEx_MultiModeStop_DMA:tmphadcSlave_disable_status <- undef
	.loc	6 0 37 is_stmt 0                @ ../Drivers/STM32H7xx_HAL_Driver/Src/stm32h7xx_hal_adc_ex.c:0:37
	mov	r0, r4
	b	.LBB12_17
.Ltmp698:
.Lfunc_end12:
	.size	HAL_ADCEx_MultiModeStop_DMA, .Lfunc_end12-HAL_ADCEx_MultiModeStop_DMA
	.cfi_endproc
	.cantunwind
	.fnend
                                        @ -- End function
	.section	.text.HAL_ADCEx_MultiModeGetValue,"ax",%progbits
	.hidden	HAL_ADCEx_MultiModeGetValue     @ -- Begin function HAL_ADCEx_MultiModeGetValue
	.globl	HAL_ADCEx_MultiModeGetValue
	.p2align	3
	.type	HAL_ADCEx_MultiModeGetValue,%function
	.code	16                              @ @HAL_ADCEx_MultiModeGetValue
	.thumb_func
HAL_ADCEx_MultiModeGetValue:
.Lfunc_begin13:
	.loc	6 1281 0 is_stmt 1              @ ../Drivers/STM32H7xx_HAL_Driver/Src/stm32h7xx_hal_adc_ex.c:1281:0
	.fnstart
	.cfi_startproc
@ %bb.0:
	@DEBUG_VALUE: HAL_ADCEx_MultiModeGetValue:hadc <- $r0
	movw	r12, #8192
	movw	r1, #25356
	movt	r12, #16386
.Ltmp699:
	.loc	6 1292 19 prologue_end          @ ../Drivers/STM32H7xx_HAL_Driver/Src/stm32h7xx_hal_adc_ex.c:1292:19
	ldr	r0, [r0]
.Ltmp700:
	@DEBUG_VALUE: HAL_ADCEx_MultiModeGetValue:hadc <- [DW_OP_LLVM_entry_value 1] $r0
	.loc	6 0 19 is_stmt 0                @ ../Drivers/STM32H7xx_HAL_Driver/Src/stm32h7xx_hal_adc_ex.c:0:19
	add.w	r2, r12, #256
	.loc	6 1295 25 is_stmt 1             @ ../Drivers/STM32H7xx_HAL_Driver/Src/stm32h7xx_hal_adc_ex.c:1295:25
	add.w	r3, r12, #780
	movt	r1, #22530
	cmp	r0, r2
	it	eq
	moveq	r1, r3
	cmp	r0, r12
	it	eq
	moveq	r1, r3
	ldr	r0, [r1]
	.loc	6 1295 3 is_stmt 0              @ ../Drivers/STM32H7xx_HAL_Driver/Src/stm32h7xx_hal_adc_ex.c:1295:3
	bx	lr
.Ltmp701:
.Lfunc_end13:
	.size	HAL_ADCEx_MultiModeGetValue, .Lfunc_end13-HAL_ADCEx_MultiModeGetValue
	.cfi_endproc
	.cantunwind
	.fnend
                                        @ -- End function
	.section	.text.HAL_ADCEx_InjectedGetValue,"ax",%progbits
	.hidden	HAL_ADCEx_InjectedGetValue      @ -- Begin function HAL_ADCEx_InjectedGetValue
	.globl	HAL_ADCEx_InjectedGetValue
	.p2align	3
	.type	HAL_ADCEx_InjectedGetValue,%function
	.code	16                              @ @HAL_ADCEx_InjectedGetValue
	.thumb_func
HAL_ADCEx_InjectedGetValue:
.Lfunc_begin14:
	.loc	6 1327 0 is_stmt 1              @ ../Drivers/STM32H7xx_HAL_Driver/Src/stm32h7xx_hal_adc_ex.c:1327:0
	.fnstart
	.cfi_startproc
@ %bb.0:
	@DEBUG_VALUE: HAL_ADCEx_InjectedGetValue:hadc <- $r0
	@DEBUG_VALUE: HAL_ADCEx_InjectedGetValue:InjectedRank <- $r1
	movw	r2, #271
.Ltmp702:
	.loc	6 0 0 is_stmt 0                 @ ../Drivers/STM32H7xx_HAL_Driver/Src/stm32h7xx_hal_adc_ex.c:0:0
	ldr	r0, [r0]
.Ltmp703:
	@DEBUG_VALUE: HAL_ADCEx_InjectedGetValue:hadc <- [DW_OP_LLVM_entry_value 1] $r0
	.loc	6 1335 3 prologue_end is_stmt 1 @ ../Drivers/STM32H7xx_HAL_Driver/Src/stm32h7xx_hal_adc_ex.c:1335:3
	cmp	r1, r2
	beq	.LBB14_4
.Ltmp704:
@ %bb.1:
	@DEBUG_VALUE: HAL_ADCEx_InjectedGetValue:hadc <- [DW_OP_LLVM_entry_value 1] $r0
	@DEBUG_VALUE: HAL_ADCEx_InjectedGetValue:InjectedRank <- $r1
	.loc	6 0 3 is_stmt 0                 @ ../Drivers/STM32H7xx_HAL_Driver/Src/stm32h7xx_hal_adc_ex.c:0:3
	movw	r2, #795
	.loc	6 1335 3                        @ ../Drivers/STM32H7xx_HAL_Driver/Src/stm32h7xx_hal_adc_ex.c:1335:3
	cmp	r1, r2
	beq	.LBB14_3
.Ltmp705:
@ %bb.2:
	@DEBUG_VALUE: HAL_ADCEx_InjectedGetValue:hadc <- [DW_OP_LLVM_entry_value 1] $r0
	@DEBUG_VALUE: HAL_ADCEx_InjectedGetValue:InjectedRank <- $r1
	.loc	6 0 3                           @ ../Drivers/STM32H7xx_HAL_Driver/Src/stm32h7xx_hal_adc_ex.c:0:3
	movw	r2, #533
	.loc	6 1335 3                        @ ../Drivers/STM32H7xx_HAL_Driver/Src/stm32h7xx_hal_adc_ex.c:1335:3
	cmp	r1, r2
	ite	ne
	movne	r1, #128
.Ltmp706:
	@DEBUG_VALUE: HAL_ADCEx_InjectedGetValue:InjectedRank <- [DW_OP_LLVM_entry_value 1] $r1
	.loc	6 0 3                           @ ../Drivers/STM32H7xx_HAL_Driver/Src/stm32h7xx_hal_adc_ex.c:0:3
	moveq	r1, #136
.Ltmp707:
	ldr	r0, [r0, r1]
.Ltmp708:
	@DEBUG_VALUE: HAL_ADCEx_InjectedGetValue:tmp_jdr <- $r0
	.loc	6 1353 3 is_stmt 1              @ ../Drivers/STM32H7xx_HAL_Driver/Src/stm32h7xx_hal_adc_ex.c:1353:3
	bx	lr
.Ltmp709:
	.loc	6 0 3 is_stmt 0                 @ :0:3
.Ltmp710:
	.p2align	2
.LBB14_3:
	@DEBUG_VALUE: HAL_ADCEx_InjectedGetValue:hadc <- [DW_OP_LLVM_entry_value 1] $r0
	@DEBUG_VALUE: HAL_ADCEx_InjectedGetValue:InjectedRank <- $r1
	movs	r1, #140
.Ltmp711:
	@DEBUG_VALUE: HAL_ADCEx_InjectedGetValue:InjectedRank <- [DW_OP_LLVM_entry_value 1] $r1
	ldr	r0, [r0, r1]
.Ltmp712:
	@DEBUG_VALUE: HAL_ADCEx_InjectedGetValue:tmp_jdr <- $r0
	.loc	6 1353 3                        @ ../Drivers/STM32H7xx_HAL_Driver/Src/stm32h7xx_hal_adc_ex.c:1353:3
	bx	lr
.Ltmp713:
	.loc	6 0 3                           @ :0:3
.Ltmp714:
	.p2align	2
.LBB14_4:
	@DEBUG_VALUE: HAL_ADCEx_InjectedGetValue:hadc <- [DW_OP_LLVM_entry_value 1] $r0
	@DEBUG_VALUE: HAL_ADCEx_InjectedGetValue:InjectedRank <- $r1
	movs	r1, #132
.Ltmp715:
	@DEBUG_VALUE: HAL_ADCEx_InjectedGetValue:InjectedRank <- [DW_OP_LLVM_entry_value 1] $r1
	ldr	r0, [r0, r1]
.Ltmp716:
	@DEBUG_VALUE: HAL_ADCEx_InjectedGetValue:tmp_jdr <- $r0
	.loc	6 1353 3                        @ ../Drivers/STM32H7xx_HAL_Driver/Src/stm32h7xx_hal_adc_ex.c:1353:3
	bx	lr
.Ltmp717:
.Lfunc_end14:
	.size	HAL_ADCEx_InjectedGetValue, .Lfunc_end14-HAL_ADCEx_InjectedGetValue
	.cfi_endproc
	.cantunwind
	.fnend
                                        @ -- End function
	.section	.text.HAL_ADCEx_InjectedConvCpltCallback,"ax",%progbits
	.hidden	HAL_ADCEx_InjectedConvCpltCallback @ -- Begin function HAL_ADCEx_InjectedConvCpltCallback
	.weak	HAL_ADCEx_InjectedConvCpltCallback
	.p2align	3
	.type	HAL_ADCEx_InjectedConvCpltCallback,%function
	.code	16                              @ @HAL_ADCEx_InjectedConvCpltCallback
	.thumb_func
HAL_ADCEx_InjectedConvCpltCallback:
.Lfunc_begin15:
	.fnstart
	.cfi_startproc
@ %bb.0:
	@DEBUG_VALUE: HAL_ADCEx_InjectedConvCpltCallback:hadc <- $r0
	.loc	6 1369 1 prologue_end is_stmt 1 @ ../Drivers/STM32H7xx_HAL_Driver/Src/stm32h7xx_hal_adc_ex.c:1369:1
	bx	lr
.Ltmp718:
.Lfunc_end15:
	.size	HAL_ADCEx_InjectedConvCpltCallback, .Lfunc_end15-HAL_ADCEx_InjectedConvCpltCallback
	.cfi_endproc
	.cantunwind
	.fnend
                                        @ -- End function
	.section	.text.HAL_ADCEx_InjectedQueueOverflowCallback,"ax",%progbits
	.hidden	HAL_ADCEx_InjectedQueueOverflowCallback @ -- Begin function HAL_ADCEx_InjectedQueueOverflowCallback
	.weak	HAL_ADCEx_InjectedQueueOverflowCallback
	.p2align	3
	.type	HAL_ADCEx_InjectedQueueOverflowCallback,%function
	.code	16                              @ @HAL_ADCEx_InjectedQueueOverflowCallback
	.thumb_func
HAL_ADCEx_InjectedQueueOverflowCallback:
.Lfunc_begin16:
	.fnstart
	.cfi_startproc
@ %bb.0:
	@DEBUG_VALUE: HAL_ADCEx_InjectedQueueOverflowCallback:hadc <- $r0
	.loc	6 1388 1 prologue_end           @ ../Drivers/STM32H7xx_HAL_Driver/Src/stm32h7xx_hal_adc_ex.c:1388:1
	bx	lr
.Ltmp719:
.Lfunc_end16:
	.size	HAL_ADCEx_InjectedQueueOverflowCallback, .Lfunc_end16-HAL_ADCEx_InjectedQueueOverflowCallback
	.cfi_endproc
	.cantunwind
	.fnend
                                        @ -- End function
	.section	.text.HAL_ADCEx_LevelOutOfWindow2Callback,"ax",%progbits
	.hidden	HAL_ADCEx_LevelOutOfWindow2Callback @ -- Begin function HAL_ADCEx_LevelOutOfWindow2Callback
	.weak	HAL_ADCEx_LevelOutOfWindow2Callback
	.p2align	3
	.type	HAL_ADCEx_LevelOutOfWindow2Callback,%function
	.code	16                              @ @HAL_ADCEx_LevelOutOfWindow2Callback
	.thumb_func
HAL_ADCEx_LevelOutOfWindow2Callback:
.Lfunc_begin17:
	.fnstart
	.cfi_startproc
@ %bb.0:
	@DEBUG_VALUE: HAL_ADCEx_LevelOutOfWindow2Callback:hadc <- $r0
	.loc	6 1403 1 prologue_end           @ ../Drivers/STM32H7xx_HAL_Driver/Src/stm32h7xx_hal_adc_ex.c:1403:1
	bx	lr
.Ltmp720:
.Lfunc_end17:
	.size	HAL_ADCEx_LevelOutOfWindow2Callback, .Lfunc_end17-HAL_ADCEx_LevelOutOfWindow2Callback
	.cfi_endproc
	.cantunwind
	.fnend
                                        @ -- End function
	.section	.text.HAL_ADCEx_LevelOutOfWindow3Callback,"ax",%progbits
	.hidden	HAL_ADCEx_LevelOutOfWindow3Callback @ -- Begin function HAL_ADCEx_LevelOutOfWindow3Callback
	.weak	HAL_ADCEx_LevelOutOfWindow3Callback
	.p2align	3
	.type	HAL_ADCEx_LevelOutOfWindow3Callback,%function
	.code	16                              @ @HAL_ADCEx_LevelOutOfWindow3Callback
	.thumb_func
HAL_ADCEx_LevelOutOfWindow3Callback:
.Lfunc_begin18:
	.fnstart
	.cfi_startproc
@ %bb.0:
	@DEBUG_VALUE: HAL_ADCEx_LevelOutOfWindow3Callback:hadc <- $r0
	.loc	6 1418 1 prologue_end           @ ../Drivers/STM32H7xx_HAL_Driver/Src/stm32h7xx_hal_adc_ex.c:1418:1
	bx	lr
.Ltmp721:
.Lfunc_end18:
	.size	HAL_ADCEx_LevelOutOfWindow3Callback, .Lfunc_end18-HAL_ADCEx_LevelOutOfWindow3Callback
	.cfi_endproc
	.cantunwind
	.fnend
                                        @ -- End function
	.section	.text.HAL_ADCEx_EndOfSamplingCallback,"ax",%progbits
	.hidden	HAL_ADCEx_EndOfSamplingCallback @ -- Begin function HAL_ADCEx_EndOfSamplingCallback
	.weak	HAL_ADCEx_EndOfSamplingCallback
	.p2align	3
	.type	HAL_ADCEx_EndOfSamplingCallback,%function
	.code	16                              @ @HAL_ADCEx_EndOfSamplingCallback
	.thumb_func
HAL_ADCEx_EndOfSamplingCallback:
.Lfunc_begin19:
	.fnstart
	.cfi_startproc
@ %bb.0:
	@DEBUG_VALUE: HAL_ADCEx_EndOfSamplingCallback:hadc <- $r0
	.loc	6 1434 1 prologue_end           @ ../Drivers/STM32H7xx_HAL_Driver/Src/stm32h7xx_hal_adc_ex.c:1434:1
	bx	lr
.Ltmp722:
.Lfunc_end19:
	.size	HAL_ADCEx_EndOfSamplingCallback, .Lfunc_end19-HAL_ADCEx_EndOfSamplingCallback
	.cfi_endproc
	.cantunwind
	.fnend
                                        @ -- End function
	.section	.text.HAL_ADCEx_RegularStop,"ax",%progbits
	.hidden	HAL_ADCEx_RegularStop           @ -- Begin function HAL_ADCEx_RegularStop
	.globl	HAL_ADCEx_RegularStop
	.p2align	3
	.type	HAL_ADCEx_RegularStop,%function
	.code	16                              @ @HAL_ADCEx_RegularStop
	.thumb_func
HAL_ADCEx_RegularStop:
.Lfunc_begin20:
	.loc	6 1444 0                        @ ../Drivers/STM32H7xx_HAL_Driver/Src/stm32h7xx_hal_adc_ex.c:1444:0
	.fnstart
	.cfi_startproc
@ %bb.0:
	@DEBUG_VALUE: HAL_ADCEx_RegularStop:hadc <- $r0
	.save	{r4, lr}
	push	{r4, lr}
	.cfi_def_cfa_offset 8
	.cfi_offset lr, -4
	.cfi_offset r4, -8
	mov	r4, r0
.Ltmp723:
	@DEBUG_VALUE: HAL_ADCEx_RegularStop:hadc <- $r4
	.loc	6 1451 3 prologue_end           @ ../Drivers/STM32H7xx_HAL_Driver/Src/stm32h7xx_hal_adc_ex.c:1451:3
	ldrb.w	r0, [r0, #80]
.Ltmp724:
	.loc	6 1451 3 is_stmt 0              @ ../Drivers/STM32H7xx_HAL_Driver/Src/stm32h7xx_hal_adc_ex.c:1451:3
	cmp	r0, #1
	bne	.LBB20_2
.Ltmp725:
@ %bb.1:
	@DEBUG_VALUE: HAL_ADCEx_RegularStop:hadc <- $r4
	.loc	6 0 3                           @ ../Drivers/STM32H7xx_HAL_Driver/Src/stm32h7xx_hal_adc_ex.c:0:3
	movs	r0, #2
	.loc	6 1490 1 epilogue_begin is_stmt 1 @ ../Drivers/STM32H7xx_HAL_Driver/Src/stm32h7xx_hal_adc_ex.c:1490:1
	pop	{r4, pc}
.Ltmp726:
	.loc	6 0 1 is_stmt 0                 @ :0:1
.Ltmp727:
	.p2align	2
.LBB20_2:
	@DEBUG_VALUE: HAL_ADCEx_RegularStop:hadc <- $r4
	movs	r0, #1
.Ltmp728:
	.loc	6 1451 3 is_stmt 1              @ ../Drivers/STM32H7xx_HAL_Driver/Src/stm32h7xx_hal_adc_ex.c:1451:3
	strb.w	r0, [r4, #80]
.Ltmp729:
	.loc	6 1454 20                       @ ../Drivers/STM32H7xx_HAL_Driver/Src/stm32h7xx_hal_adc_ex.c:1454:20
	movs	r1, #1
	mov	r0, r4
	bl	ADC_ConversionStop
.Ltmp730:
	@DEBUG_VALUE: HAL_ADCEx_RegularStop:tmp_hal_status <- $r0
	.loc	6 1458 7                        @ ../Drivers/STM32H7xx_HAL_Driver/Src/stm32h7xx_hal_adc_ex.c:1458:7
	cbz	r0, .LBB20_4
.Ltmp731:
.LBB20_3:
	@DEBUG_VALUE: HAL_ADCEx_RegularStop:tmp_hal_status <- $r0
	@DEBUG_VALUE: HAL_ADCEx_RegularStop:hadc <- $r4
	@DEBUG_VALUE: HAL_ADCEx_RegularStop:tmp_hal_status <- $r0
	.loc	6 0 7 is_stmt 0                 @ ../Drivers/STM32H7xx_HAL_Driver/Src/stm32h7xx_hal_adc_ex.c:0:7
	movs	r1, #0
.Ltmp732:
	.loc	6 1486 3 is_stmt 1              @ ../Drivers/STM32H7xx_HAL_Driver/Src/stm32h7xx_hal_adc_ex.c:1486:3
	strb.w	r1, [r4, #80]
.Ltmp733:
	.loc	6 1490 1 epilogue_begin         @ ../Drivers/STM32H7xx_HAL_Driver/Src/stm32h7xx_hal_adc_ex.c:1490:1
	pop	{r4, pc}
.Ltmp734:
	.loc	6 0 1 is_stmt 0                 @ :0:1
.Ltmp735:
	.p2align	2
.LBB20_4:
	@DEBUG_VALUE: HAL_ADCEx_RegularStop:tmp_hal_status <- $r0
	@DEBUG_VALUE: HAL_ADCEx_RegularStop:hadc <- $r4
	.loc	6 1463 46 is_stmt 1             @ ../Drivers/STM32H7xx_HAL_Driver/Src/stm32h7xx_hal_adc_ex.c:1463:46
	ldr	r0, [r4]
.Ltmp736:
	.loc	6 1461 5                        @ ../Drivers/STM32H7xx_HAL_Driver/Src/stm32h7xx_hal_adc_ex.c:1461:5
	ldr	r1, [r4, #84]
	bic	r1, r1, #256
	str	r1, [r4, #84]
.Ltmp737:
	@DEBUG_VALUE: LL_ADC_INJ_IsConversionOngoing:ADCx <- $r0
	.loc	7 7270 12                       @ ../Drivers/STM32H7xx_HAL_Driver/Inc\stm32h7xx_ll_adc.h:7270:12
	ldr	r0, [r0, #8]
.Ltmp738:
	.loc	6 1463 9                        @ ../Drivers/STM32H7xx_HAL_Driver/Src/stm32h7xx_hal_adc_ex.c:1463:9
	lsls	r0, r0, #28
	bmi	.LBB20_7
.Ltmp739:
@ %bb.5:
	@DEBUG_VALUE: HAL_ADCEx_RegularStop:hadc <- $r4
	.loc	6 1466 24                       @ ../Drivers/STM32H7xx_HAL_Driver/Src/stm32h7xx_hal_adc_ex.c:1466:24
	mov	r0, r4
	bl	ADC_Disable
.Ltmp740:
	@DEBUG_VALUE: HAL_ADCEx_RegularStop:tmp_hal_status <- $r0
	.loc	6 1469 11                       @ ../Drivers/STM32H7xx_HAL_Driver/Src/stm32h7xx_hal_adc_ex.c:1469:11
	cmp	r0, #0
	bne	.LBB20_3
.Ltmp741:
@ %bb.6:
	@DEBUG_VALUE: HAL_ADCEx_RegularStop:tmp_hal_status <- $r0
	@DEBUG_VALUE: HAL_ADCEx_RegularStop:hadc <- $r4
	.loc	6 1472 9                        @ ../Drivers/STM32H7xx_HAL_Driver/Src/stm32h7xx_hal_adc_ex.c:1472:9
	ldr	r0, [r4, #84]
.Ltmp742:
	.loc	6 0 9 is_stmt 0                 @ ../Drivers/STM32H7xx_HAL_Driver/Src/stm32h7xx_hal_adc_ex.c:0:9
	movw	r1, #4097
	.loc	6 1472 9                        @ ../Drivers/STM32H7xx_HAL_Driver/Src/stm32h7xx_hal_adc_ex.c:1472:9
	bics	r0, r1
	adds	r0, #1
	.loc	6 1475 7 is_stmt 1              @ ../Drivers/STM32H7xx_HAL_Driver/Src/stm32h7xx_hal_adc_ex.c:1475:7
	b	.LBB20_8
.Ltmp743:
	.loc	6 0 7 is_stmt 0                 @ :0:7
.Ltmp744:
	.p2align	2
.LBB20_7:
	@DEBUG_VALUE: HAL_ADCEx_RegularStop:hadc <- $r4
	.loc	6 1481 7 is_stmt 1              @ ../Drivers/STM32H7xx_HAL_Driver/Src/stm32h7xx_hal_adc_ex.c:1481:7
	ldr	r0, [r4, #84]
	orr	r0, r0, #4096
.Ltmp745:
.LBB20_8:
	@DEBUG_VALUE: HAL_ADCEx_RegularStop:hadc <- $r4
	.loc	6 0 0 is_stmt 0                 @ ../Drivers/STM32H7xx_HAL_Driver/Src/stm32h7xx_hal_adc_ex.c:0:0
	str	r0, [r4, #84]
	movs	r0, #0
.Ltmp746:
	@DEBUG_VALUE: HAL_ADCEx_RegularStop:tmp_hal_status <- $r0
	movs	r1, #0
.Ltmp747:
	.loc	6 1486 3 is_stmt 1              @ ../Drivers/STM32H7xx_HAL_Driver/Src/stm32h7xx_hal_adc_ex.c:1486:3
	strb.w	r1, [r4, #80]
.Ltmp748:
	.loc	6 1490 1 epilogue_begin         @ ../Drivers/STM32H7xx_HAL_Driver/Src/stm32h7xx_hal_adc_ex.c:1490:1
	pop	{r4, pc}
.Ltmp749:
.Lfunc_end20:
	.size	HAL_ADCEx_RegularStop, .Lfunc_end20-HAL_ADCEx_RegularStop
	.cfi_endproc
	.cantunwind
	.fnend
                                        @ -- End function
	.section	.text.HAL_ADCEx_RegularStop_IT,"ax",%progbits
	.hidden	HAL_ADCEx_RegularStop_IT        @ -- Begin function HAL_ADCEx_RegularStop_IT
	.globl	HAL_ADCEx_RegularStop_IT
	.p2align	3
	.type	HAL_ADCEx_RegularStop_IT,%function
	.code	16                              @ @HAL_ADCEx_RegularStop_IT
	.thumb_func
HAL_ADCEx_RegularStop_IT:
.Lfunc_begin21:
	.loc	6 1502 0                        @ ../Drivers/STM32H7xx_HAL_Driver/Src/stm32h7xx_hal_adc_ex.c:1502:0
	.fnstart
	.cfi_startproc
@ %bb.0:
	@DEBUG_VALUE: HAL_ADCEx_RegularStop_IT:hadc <- $r0
	.save	{r4, lr}
	push	{r4, lr}
	.cfi_def_cfa_offset 8
	.cfi_offset lr, -4
	.cfi_offset r4, -8
	mov	r4, r0
.Ltmp750:
	@DEBUG_VALUE: HAL_ADCEx_RegularStop_IT:hadc <- $r4
	.loc	6 1509 3 prologue_end           @ ../Drivers/STM32H7xx_HAL_Driver/Src/stm32h7xx_hal_adc_ex.c:1509:3
	ldrb.w	r0, [r0, #80]
.Ltmp751:
	.loc	6 1509 3 is_stmt 0              @ ../Drivers/STM32H7xx_HAL_Driver/Src/stm32h7xx_hal_adc_ex.c:1509:3
	cmp	r0, #1
	bne	.LBB21_2
.Ltmp752:
@ %bb.1:
	@DEBUG_VALUE: HAL_ADCEx_RegularStop_IT:hadc <- $r4
	.loc	6 0 3                           @ ../Drivers/STM32H7xx_HAL_Driver/Src/stm32h7xx_hal_adc_ex.c:0:3
	movs	r0, #2
	.loc	6 1548 1 epilogue_begin is_stmt 1 @ ../Drivers/STM32H7xx_HAL_Driver/Src/stm32h7xx_hal_adc_ex.c:1548:1
	pop	{r4, pc}
.Ltmp753:
	.loc	6 0 1 is_stmt 0                 @ :0:1
.Ltmp754:
	.p2align	2
.LBB21_2:
	@DEBUG_VALUE: HAL_ADCEx_RegularStop_IT:hadc <- $r4
	movs	r0, #1
.Ltmp755:
	.loc	6 1509 3 is_stmt 1              @ ../Drivers/STM32H7xx_HAL_Driver/Src/stm32h7xx_hal_adc_ex.c:1509:3
	strb.w	r0, [r4, #80]
.Ltmp756:
	.loc	6 1512 20                       @ ../Drivers/STM32H7xx_HAL_Driver/Src/stm32h7xx_hal_adc_ex.c:1512:20
	movs	r1, #1
	mov	r0, r4
	bl	ADC_ConversionStop
.Ltmp757:
	@DEBUG_VALUE: HAL_ADCEx_RegularStop_IT:tmp_hal_status <- $r0
	.loc	6 1516 7                        @ ../Drivers/STM32H7xx_HAL_Driver/Src/stm32h7xx_hal_adc_ex.c:1516:7
	cbz	r0, .LBB21_4
.Ltmp758:
.LBB21_3:
	@DEBUG_VALUE: HAL_ADCEx_RegularStop_IT:tmp_hal_status <- $r0
	@DEBUG_VALUE: HAL_ADCEx_RegularStop_IT:hadc <- $r4
	@DEBUG_VALUE: HAL_ADCEx_RegularStop_IT:tmp_hal_status <- $r0
	.loc	6 0 7 is_stmt 0                 @ ../Drivers/STM32H7xx_HAL_Driver/Src/stm32h7xx_hal_adc_ex.c:0:7
	movs	r1, #0
.Ltmp759:
	.loc	6 1544 3 is_stmt 1              @ ../Drivers/STM32H7xx_HAL_Driver/Src/stm32h7xx_hal_adc_ex.c:1544:3
	strb.w	r1, [r4, #80]
.Ltmp760:
	.loc	6 1548 1 epilogue_begin         @ ../Drivers/STM32H7xx_HAL_Driver/Src/stm32h7xx_hal_adc_ex.c:1548:1
	pop	{r4, pc}
.Ltmp761:
	.loc	6 0 1 is_stmt 0                 @ :0:1
.Ltmp762:
	.p2align	2
.LBB21_4:
	@DEBUG_VALUE: HAL_ADCEx_RegularStop_IT:tmp_hal_status <- $r0
	@DEBUG_VALUE: HAL_ADCEx_RegularStop_IT:hadc <- $r4
	.loc	6 1522 5 is_stmt 1              @ ../Drivers/STM32H7xx_HAL_Driver/Src/stm32h7xx_hal_adc_ex.c:1522:5
	ldr	r0, [r4]
.Ltmp763:
	.loc	6 1519 5                        @ ../Drivers/STM32H7xx_HAL_Driver/Src/stm32h7xx_hal_adc_ex.c:1519:5
	ldr	r1, [r4, #84]
	bic	r1, r1, #256
	str	r1, [r4, #84]
	.loc	6 1522 5                        @ ../Drivers/STM32H7xx_HAL_Driver/Src/stm32h7xx_hal_adc_ex.c:1522:5
	ldr	r1, [r0, #4]
	bic	r1, r1, #28
	str	r1, [r0, #4]
.Ltmp764:
	@DEBUG_VALUE: LL_ADC_INJ_IsConversionOngoing:ADCx <- $r0
	.loc	7 7270 12                       @ ../Drivers/STM32H7xx_HAL_Driver/Inc\stm32h7xx_ll_adc.h:7270:12
	ldr	r0, [r0, #8]
.Ltmp765:
	.loc	6 1525 9                        @ ../Drivers/STM32H7xx_HAL_Driver/Src/stm32h7xx_hal_adc_ex.c:1525:9
	lsls	r0, r0, #28
	bmi	.LBB21_7
.Ltmp766:
@ %bb.5:
	@DEBUG_VALUE: HAL_ADCEx_RegularStop_IT:hadc <- $r4
	.loc	6 1527 24                       @ ../Drivers/STM32H7xx_HAL_Driver/Src/stm32h7xx_hal_adc_ex.c:1527:24
	mov	r0, r4
	bl	ADC_Disable
.Ltmp767:
	@DEBUG_VALUE: HAL_ADCEx_RegularStop_IT:tmp_hal_status <- $r0
	.loc	6 1529 11                       @ ../Drivers/STM32H7xx_HAL_Driver/Src/stm32h7xx_hal_adc_ex.c:1529:11
	cmp	r0, #0
	bne	.LBB21_3
.Ltmp768:
@ %bb.6:
	@DEBUG_VALUE: HAL_ADCEx_RegularStop_IT:tmp_hal_status <- $r0
	@DEBUG_VALUE: HAL_ADCEx_RegularStop_IT:hadc <- $r4
	.loc	6 1532 9                        @ ../Drivers/STM32H7xx_HAL_Driver/Src/stm32h7xx_hal_adc_ex.c:1532:9
	ldr	r0, [r4, #84]
.Ltmp769:
	.loc	6 0 9 is_stmt 0                 @ ../Drivers/STM32H7xx_HAL_Driver/Src/stm32h7xx_hal_adc_ex.c:0:9
	movw	r1, #4097
	.loc	6 1532 9                        @ ../Drivers/STM32H7xx_HAL_Driver/Src/stm32h7xx_hal_adc_ex.c:1532:9
	bics	r0, r1
	adds	r0, #1
	.loc	6 1535 7 is_stmt 1              @ ../Drivers/STM32H7xx_HAL_Driver/Src/stm32h7xx_hal_adc_ex.c:1535:7
	b	.LBB21_8
.Ltmp770:
	.loc	6 0 7 is_stmt 0                 @ :0:7
.Ltmp771:
	.p2align	2
.LBB21_7:
	@DEBUG_VALUE: HAL_ADCEx_RegularStop_IT:hadc <- $r4
	.loc	6 1539 7 is_stmt 1              @ ../Drivers/STM32H7xx_HAL_Driver/Src/stm32h7xx_hal_adc_ex.c:1539:7
	ldr	r0, [r4, #84]
	orr	r0, r0, #4096
.Ltmp772:
.LBB21_8:
	@DEBUG_VALUE: HAL_ADCEx_RegularStop_IT:hadc <- $r4
	.loc	6 0 0 is_stmt 0                 @ ../Drivers/STM32H7xx_HAL_Driver/Src/stm32h7xx_hal_adc_ex.c:0:0
	str	r0, [r4, #84]
	movs	r0, #0
.Ltmp773:
	@DEBUG_VALUE: HAL_ADCEx_RegularStop_IT:tmp_hal_status <- $r0
	movs	r1, #0
.Ltmp774:
	.loc	6 1544 3 is_stmt 1              @ ../Drivers/STM32H7xx_HAL_Driver/Src/stm32h7xx_hal_adc_ex.c:1544:3
	strb.w	r1, [r4, #80]
.Ltmp775:
	.loc	6 1548 1 epilogue_begin         @ ../Drivers/STM32H7xx_HAL_Driver/Src/stm32h7xx_hal_adc_ex.c:1548:1
	pop	{r4, pc}
.Ltmp776:
.Lfunc_end21:
	.size	HAL_ADCEx_RegularStop_IT, .Lfunc_end21-HAL_ADCEx_RegularStop_IT
	.cfi_endproc
	.cantunwind
	.fnend
                                        @ -- End function
	.section	.text.HAL_ADCEx_RegularStop_DMA,"ax",%progbits
	.hidden	HAL_ADCEx_RegularStop_DMA       @ -- Begin function HAL_ADCEx_RegularStop_DMA
	.globl	HAL_ADCEx_RegularStop_DMA
	.p2align	3
	.type	HAL_ADCEx_RegularStop_DMA,%function
	.code	16                              @ @HAL_ADCEx_RegularStop_DMA
	.thumb_func
HAL_ADCEx_RegularStop_DMA:
.Lfunc_begin22:
	.loc	6 1562 0                        @ ../Drivers/STM32H7xx_HAL_Driver/Src/stm32h7xx_hal_adc_ex.c:1562:0
	.fnstart
	.cfi_startproc
@ %bb.0:
	@DEBUG_VALUE: HAL_ADCEx_RegularStop_DMA:hadc <- $r0
	.save	{r4, r5, r7, lr}
	push	{r4, r5, r7, lr}
	.cfi_def_cfa_offset 16
	.cfi_offset lr, -4
	.cfi_offset r7, -8
	.cfi_offset r5, -12
	.cfi_offset r4, -16
	mov	r4, r0
.Ltmp777:
	@DEBUG_VALUE: HAL_ADCEx_RegularStop_DMA:hadc <- $r4
	.loc	6 1569 3 prologue_end           @ ../Drivers/STM32H7xx_HAL_Driver/Src/stm32h7xx_hal_adc_ex.c:1569:3
	ldrb.w	r0, [r0, #80]
.Ltmp778:
	.loc	6 1569 3 is_stmt 0              @ ../Drivers/STM32H7xx_HAL_Driver/Src/stm32h7xx_hal_adc_ex.c:1569:3
	cmp	r0, #1
	bne	.LBB22_2
.Ltmp779:
@ %bb.1:
	@DEBUG_VALUE: HAL_ADCEx_RegularStop_DMA:hadc <- $r4
	.loc	6 0 3                           @ ../Drivers/STM32H7xx_HAL_Driver/Src/stm32h7xx_hal_adc_ex.c:0:3
	movs	r0, #2
	.loc	6 1632 1 epilogue_begin is_stmt 1 @ ../Drivers/STM32H7xx_HAL_Driver/Src/stm32h7xx_hal_adc_ex.c:1632:1
	pop	{r4, r5, r7, pc}
.Ltmp780:
	.loc	6 0 1 is_stmt 0                 @ :0:1
.Ltmp781:
	.p2align	2
.LBB22_2:
	@DEBUG_VALUE: HAL_ADCEx_RegularStop_DMA:hadc <- $r4
	movs	r0, #1
.Ltmp782:
	.loc	6 1569 3 is_stmt 1              @ ../Drivers/STM32H7xx_HAL_Driver/Src/stm32h7xx_hal_adc_ex.c:1569:3
	strb.w	r0, [r4, #80]
.Ltmp783:
	.loc	6 1572 20                       @ ../Drivers/STM32H7xx_HAL_Driver/Src/stm32h7xx_hal_adc_ex.c:1572:20
	movs	r1, #1
	mov	r0, r4
	bl	ADC_ConversionStop
.Ltmp784:
	@DEBUG_VALUE: HAL_ADCEx_RegularStop_DMA:tmp_hal_status <- $r0
	.loc	6 1576 7                        @ ../Drivers/STM32H7xx_HAL_Driver/Src/stm32h7xx_hal_adc_ex.c:1576:7
	cbz	r0, .LBB22_4
.Ltmp785:
.LBB22_3:
	@DEBUG_VALUE: HAL_ADCEx_RegularStop_DMA:tmp_hal_status <- $r0
	@DEBUG_VALUE: HAL_ADCEx_RegularStop_DMA:hadc <- $r4
	@DEBUG_VALUE: HAL_ADCEx_RegularStop_DMA:tmp_hal_status <- $r0
	.loc	6 0 7 is_stmt 0                 @ ../Drivers/STM32H7xx_HAL_Driver/Src/stm32h7xx_hal_adc_ex.c:0:7
	movs	r1, #0
.Ltmp786:
	.loc	6 1628 3 is_stmt 1              @ ../Drivers/STM32H7xx_HAL_Driver/Src/stm32h7xx_hal_adc_ex.c:1628:3
	strb.w	r1, [r4, #80]
.Ltmp787:
	.loc	6 1632 1 epilogue_begin         @ ../Drivers/STM32H7xx_HAL_Driver/Src/stm32h7xx_hal_adc_ex.c:1632:1
	pop	{r4, r5, r7, pc}
.Ltmp788:
	.loc	6 0 1 is_stmt 0                 @ :0:1
.Ltmp789:
	.p2align	2
.LBB22_4:
	@DEBUG_VALUE: HAL_ADCEx_RegularStop_DMA:tmp_hal_status <- $r0
	@DEBUG_VALUE: HAL_ADCEx_RegularStop_DMA:hadc <- $r4
	.loc	6 1582 5 is_stmt 1              @ ../Drivers/STM32H7xx_HAL_Driver/Src/stm32h7xx_hal_adc_ex.c:1582:5
	ldr	r1, [r4]
	.loc	6 1586 42                       @ ../Drivers/STM32H7xx_HAL_Driver/Src/stm32h7xx_hal_adc_ex.c:1586:42
	ldr	r0, [r4, #76]
.Ltmp790:
	.loc	6 1579 5                        @ ../Drivers/STM32H7xx_HAL_Driver/Src/stm32h7xx_hal_adc_ex.c:1579:5
	ldr	r2, [r4, #84]
	bic	r2, r2, #256
	str	r2, [r4, #84]
	.loc	6 1582 5                        @ ../Drivers/STM32H7xx_HAL_Driver/Src/stm32h7xx_hal_adc_ex.c:1582:5
	ldr	r2, [r1, #12]
	bic	r2, r2, #3
	str	r2, [r1, #12]
	.loc	6 1586 22                       @ ../Drivers/STM32H7xx_HAL_Driver/Src/stm32h7xx_hal_adc_ex.c:1586:22
	bl	HAL_DMA_Abort
.Ltmp791:
	@DEBUG_VALUE: HAL_ADCEx_RegularStop_DMA:tmp_hal_status <- $r0
	.loc	6 1589 9                        @ ../Drivers/STM32H7xx_HAL_Driver/Src/stm32h7xx_hal_adc_ex.c:1589:9
	cbz	r0, .LBB22_6
.Ltmp792:
@ %bb.5:
	@DEBUG_VALUE: HAL_ADCEx_RegularStop_DMA:tmp_hal_status <- $r0
	@DEBUG_VALUE: HAL_ADCEx_RegularStop_DMA:hadc <- $r4
	.loc	6 1592 7                        @ ../Drivers/STM32H7xx_HAL_Driver/Src/stm32h7xx_hal_adc_ex.c:1592:7
	ldr	r1, [r4, #84]
	orr	r1, r1, #64
	str	r1, [r4, #84]
.Ltmp793:
.LBB22_6:
	@DEBUG_VALUE: HAL_ADCEx_RegularStop_DMA:tmp_hal_status <- $r0
	@DEBUG_VALUE: HAL_ADCEx_RegularStop_DMA:hadc <- $r4
	.loc	6 1596 5                        @ ../Drivers/STM32H7xx_HAL_Driver/Src/stm32h7xx_hal_adc_ex.c:1596:5
	ldr	r1, [r4]
	ldr	r2, [r1, #4]
	bic	r2, r2, #16
	str	r2, [r1, #4]
.Ltmp794:
	@DEBUG_VALUE: LL_ADC_INJ_IsConversionOngoing:ADCx <- $r1
	.loc	7 7270 12                       @ ../Drivers/STM32H7xx_HAL_Driver/Inc\stm32h7xx_ll_adc.h:7270:12
	ldr	r1, [r1, #8]
.Ltmp795:
	.loc	6 1601 9                        @ ../Drivers/STM32H7xx_HAL_Driver/Src/stm32h7xx_hal_adc_ex.c:1601:9
	lsls	r1, r1, #28
	bmi	.LBB22_9
.Ltmp796:
@ %bb.7:
	@DEBUG_VALUE: HAL_ADCEx_RegularStop_DMA:tmp_hal_status <- $r0
	@DEBUG_VALUE: HAL_ADCEx_RegularStop_DMA:hadc <- $r4
	.loc	6 0 9 is_stmt 0                 @ ../Drivers/STM32H7xx_HAL_Driver/Src/stm32h7xx_hal_adc_ex.c:0:9
	mov	r5, r0
.Ltmp797:
	@DEBUG_VALUE: HAL_ADCEx_RegularStop_DMA:tmp_hal_status <- $r5
	mov	r0, r4
	bl	ADC_Disable
.Ltmp798:
	mov	r1, r5
.Ltmp799:
	.loc	6 1603 11 is_stmt 1             @ ../Drivers/STM32H7xx_HAL_Driver/Src/stm32h7xx_hal_adc_ex.c:1603:11
	cbz	r5, .LBB22_10
.Ltmp800:
@ %bb.8:
	@DEBUG_VALUE: HAL_ADCEx_RegularStop_DMA:tmp_hal_status <- $r5
	@DEBUG_VALUE: HAL_ADCEx_RegularStop_DMA:hadc <- $r4
	.loc	6 0 11 is_stmt 0                @ ../Drivers/STM32H7xx_HAL_Driver/Src/stm32h7xx_hal_adc_ex.c:0:11
	mov	r0, r1
.Ltmp801:
	@DEBUG_VALUE: HAL_ADCEx_RegularStop_DMA:tmp_hal_status <- $r0
	movs	r1, #0
.Ltmp802:
	.loc	6 1628 3 is_stmt 1              @ ../Drivers/STM32H7xx_HAL_Driver/Src/stm32h7xx_hal_adc_ex.c:1628:3
	strb.w	r1, [r4, #80]
.Ltmp803:
	.loc	6 1632 1 epilogue_begin         @ ../Drivers/STM32H7xx_HAL_Driver/Src/stm32h7xx_hal_adc_ex.c:1632:1
	pop	{r4, r5, r7, pc}
.Ltmp804:
	.loc	6 0 1 is_stmt 0                 @ :0:1
.Ltmp805:
	.p2align	2
.LBB22_9:
	@DEBUG_VALUE: HAL_ADCEx_RegularStop_DMA:tmp_hal_status <- $r0
	@DEBUG_VALUE: HAL_ADCEx_RegularStop_DMA:hadc <- $r4
	.loc	6 1623 7 is_stmt 1              @ ../Drivers/STM32H7xx_HAL_Driver/Src/stm32h7xx_hal_adc_ex.c:1623:7
	ldr	r1, [r4, #84]
	orr	r2, r1, #4096
.Ltmp806:
	.loc	6 0 0 is_stmt 0                 @ ../Drivers/STM32H7xx_HAL_Driver/Src/stm32h7xx_hal_adc_ex.c:0:0
	str	r2, [r4, #84]
	@DEBUG_VALUE: HAL_ADCEx_RegularStop_DMA:tmp_hal_status <- $r0
	movs	r1, #0
.Ltmp807:
	.loc	6 1628 3 is_stmt 1              @ ../Drivers/STM32H7xx_HAL_Driver/Src/stm32h7xx_hal_adc_ex.c:1628:3
	strb.w	r1, [r4, #80]
.Ltmp808:
	.loc	6 1632 1 epilogue_begin         @ ../Drivers/STM32H7xx_HAL_Driver/Src/stm32h7xx_hal_adc_ex.c:1632:1
	pop	{r4, r5, r7, pc}
.Ltmp809:
	.loc	6 0 1 is_stmt 0                 @ :0:1
.Ltmp810:
	.p2align	2
.LBB22_10:
	@DEBUG_VALUE: HAL_ADCEx_RegularStop_DMA:tmp_hal_status <- $r5
	@DEBUG_VALUE: HAL_ADCEx_RegularStop_DMA:hadc <- $r4
	@DEBUG_VALUE: HAL_ADCEx_RegularStop_DMA:tmp_hal_status <- $r0
	.loc	6 1613 11 is_stmt 1             @ ../Drivers/STM32H7xx_HAL_Driver/Src/stm32h7xx_hal_adc_ex.c:1613:11
	cmp	r0, #0
	bne	.LBB22_3
.Ltmp811:
@ %bb.11:
	@DEBUG_VALUE: HAL_ADCEx_RegularStop_DMA:tmp_hal_status <- $r0
	@DEBUG_VALUE: HAL_ADCEx_RegularStop_DMA:hadc <- $r4
	.loc	6 1616 9                        @ ../Drivers/STM32H7xx_HAL_Driver/Src/stm32h7xx_hal_adc_ex.c:1616:9
	ldr	r0, [r4, #84]
.Ltmp812:
	.loc	6 0 9 is_stmt 0                 @ ../Drivers/STM32H7xx_HAL_Driver/Src/stm32h7xx_hal_adc_ex.c:0:9
	movw	r2, #4097
	.loc	6 1616 9                        @ ../Drivers/STM32H7xx_HAL_Driver/Src/stm32h7xx_hal_adc_ex.c:1616:9
	bics	r0, r2
	adds	r2, r0, #1
	mov	r0, r1
.Ltmp813:
	.loc	6 0 0                           @ ../Drivers/STM32H7xx_HAL_Driver/Src/stm32h7xx_hal_adc_ex.c:0:0
	str	r2, [r4, #84]
.Ltmp814:
	@DEBUG_VALUE: HAL_ADCEx_RegularStop_DMA:tmp_hal_status <- $r0
	movs	r1, #0
.Ltmp815:
	.loc	6 1628 3 is_stmt 1              @ ../Drivers/STM32H7xx_HAL_Driver/Src/stm32h7xx_hal_adc_ex.c:1628:3
	strb.w	r1, [r4, #80]
.Ltmp816:
	.loc	6 1632 1 epilogue_begin         @ ../Drivers/STM32H7xx_HAL_Driver/Src/stm32h7xx_hal_adc_ex.c:1632:1
	pop	{r4, r5, r7, pc}
.Ltmp817:
.Lfunc_end22:
	.size	HAL_ADCEx_RegularStop_DMA, .Lfunc_end22-HAL_ADCEx_RegularStop_DMA
	.cfi_endproc
	.cantunwind
	.fnend
                                        @ -- End function
	.section	.text.HAL_ADCEx_RegularMultiModeStop_DMA,"ax",%progbits
	.hidden	HAL_ADCEx_RegularMultiModeStop_DMA @ -- Begin function HAL_ADCEx_RegularMultiModeStop_DMA
	.globl	HAL_ADCEx_RegularMultiModeStop_DMA
	.p2align	3
	.type	HAL_ADCEx_RegularMultiModeStop_DMA,%function
	.code	16                              @ @HAL_ADCEx_RegularMultiModeStop_DMA
	.thumb_func
HAL_ADCEx_RegularMultiModeStop_DMA:
.Lfunc_begin23:
	.loc	6 1648 0                        @ ../Drivers/STM32H7xx_HAL_Driver/Src/stm32h7xx_hal_adc_ex.c:1648:0
	.fnstart
	.cfi_startproc
@ %bb.0:
	@DEBUG_VALUE: HAL_ADCEx_RegularMultiModeStop_DMA:hadc <- $r0
	.save	{r4, r5, r6, lr}
	push	{r4, r5, r6, lr}
	.cfi_def_cfa_offset 16
	.cfi_offset lr, -4
	.cfi_offset r6, -8
	.cfi_offset r5, -12
	.cfi_offset r4, -16
	.pad	#104
	sub	sp, #104
	.cfi_def_cfa_offset 120
	mov	r4, r0
.Ltmp818:
	@DEBUG_VALUE: HAL_ADCEx_RegularMultiModeStop_DMA:hadc <- $r4
	.loc	6 1658 3 prologue_end           @ ../Drivers/STM32H7xx_HAL_Driver/Src/stm32h7xx_hal_adc_ex.c:1658:3
	ldrb.w	r0, [r0, #80]
.Ltmp819:
	.loc	6 1658 3 is_stmt 0              @ ../Drivers/STM32H7xx_HAL_Driver/Src/stm32h7xx_hal_adc_ex.c:1658:3
	cmp	r0, #1
	bne	.LBB23_2
.Ltmp820:
@ %bb.1:
	@DEBUG_VALUE: HAL_ADCEx_RegularMultiModeStop_DMA:hadc <- $r4
	.loc	6 0 3                           @ ../Drivers/STM32H7xx_HAL_Driver/Src/stm32h7xx_hal_adc_ex.c:0:3
	movs	r0, #2
	.loc	6 1773 1 epilogue_begin is_stmt 1 @ ../Drivers/STM32H7xx_HAL_Driver/Src/stm32h7xx_hal_adc_ex.c:1773:1
	add	sp, #104
	pop	{r4, r5, r6, pc}
.Ltmp821:
	.loc	6 0 1 is_stmt 0                 @ :0:1
.Ltmp822:
	.p2align	2
.LBB23_2:
	@DEBUG_VALUE: HAL_ADCEx_RegularMultiModeStop_DMA:hadc <- $r4
	movs	r0, #1
.Ltmp823:
	.loc	6 1658 3 is_stmt 1              @ ../Drivers/STM32H7xx_HAL_Driver/Src/stm32h7xx_hal_adc_ex.c:1658:3
	strb.w	r0, [r4, #80]
.Ltmp824:
	.loc	6 1662 20                       @ ../Drivers/STM32H7xx_HAL_Driver/Src/stm32h7xx_hal_adc_ex.c:1662:20
	movs	r1, #1
	mov	r0, r4
	bl	ADC_ConversionStop
.Ltmp825:
	@DEBUG_VALUE: HAL_ADCEx_RegularMultiModeStop_DMA:tmp_hal_status <- $r0
	.loc	6 1665 7                        @ ../Drivers/STM32H7xx_HAL_Driver/Src/stm32h7xx_hal_adc_ex.c:1665:7
	cbz	r0, .LBB23_4
.Ltmp826:
.LBB23_3:
	@DEBUG_VALUE: HAL_ADCEx_RegularMultiModeStop_DMA:tmp_hal_status <- $r0
	@DEBUG_VALUE: HAL_ADCEx_RegularMultiModeStop_DMA:hadc <- $r4
	.loc	6 0 7 is_stmt 0                 @ ../Drivers/STM32H7xx_HAL_Driver/Src/stm32h7xx_hal_adc_ex.c:0:7
	movs	r1, #0
	strb.w	r1, [r4, #80]
	.loc	6 1773 1 epilogue_begin is_stmt 1 @ ../Drivers/STM32H7xx_HAL_Driver/Src/stm32h7xx_hal_adc_ex.c:1773:1
	add	sp, #104
	pop	{r4, r5, r6, pc}
.Ltmp827:
	.loc	6 0 1 is_stmt 0                 @ :0:1
.Ltmp828:
	.p2align	2
.LBB23_4:
	@DEBUG_VALUE: HAL_ADCEx_RegularMultiModeStop_DMA:tmp_hal_status <- $r0
	@DEBUG_VALUE: HAL_ADCEx_RegularMultiModeStop_DMA:hadc <- $r4
	movw	r6, #8456
.Ltmp829:
	.loc	6 1674 5 is_stmt 1              @ ../Drivers/STM32H7xx_HAL_Driver/Src/stm32h7xx_hal_adc_ex.c:1674:5
	ldr	r0, [r4]
.Ltmp830:
	.loc	6 0 5 is_stmt 0                 @ ../Drivers/STM32H7xx_HAL_Driver/Src/stm32h7xx_hal_adc_ex.c:0:5
	movt	r6, #16386
	.loc	6 1668 5 is_stmt 1              @ ../Drivers/STM32H7xx_HAL_Driver/Src/stm32h7xx_hal_adc_ex.c:1668:5
	ldr	r1, [r4, #84]
	bic	r1, r1, #256
	str	r1, [r4, #84]
	movs	r1, #0
	.loc	6 1674 5                        @ ../Drivers/STM32H7xx_HAL_Driver/Src/stm32h7xx_hal_adc_ex.c:1674:5
	sub.w	r2, r6, #264
	.loc	6 1670 24                       @ ../Drivers/STM32H7xx_HAL_Driver/Src/stm32h7xx_hal_adc_ex.c:1670:24
	str	r1, [sp, #88]
	.loc	6 1674 5                        @ ../Drivers/STM32H7xx_HAL_Driver/Src/stm32h7xx_hal_adc_ex.c:1674:5
	cmp	r0, r2
	.loc	6 1671 28                       @ ../Drivers/STM32H7xx_HAL_Driver/Src/stm32h7xx_hal_adc_ex.c:1671:28
	str	r1, [sp, #92]
	.loc	6 1674 5                        @ ../Drivers/STM32H7xx_HAL_Driver/Src/stm32h7xx_hal_adc_ex.c:1674:5
	it	eq
	subeq.w	r1, r6, #8
	str	r1, [sp, #4]
	.loc	6 1676 9                        @ ../Drivers/STM32H7xx_HAL_Driver/Src/stm32h7xx_hal_adc_ex.c:1676:9
	beq	.LBB23_7
.Ltmp831:
@ %bb.5:
	@DEBUG_VALUE: HAL_ADCEx_RegularMultiModeStop_DMA:hadc <- $r4
	.loc	6 1679 7                        @ ../Drivers/STM32H7xx_HAL_Driver/Src/stm32h7xx_hal_adc_ex.c:1679:7
	ldr	r0, [r4, #84]
	orr	r0, r0, #32
.Ltmp832:
.LBB23_6:
	@DEBUG_VALUE: HAL_ADCEx_RegularMultiModeStop_DMA:hadc <- $r4
	.loc	6 0 0 is_stmt 0                 @ ../Drivers/STM32H7xx_HAL_Driver/Src/stm32h7xx_hal_adc_ex.c:0:0
	str	r0, [r4, #84]
	movs	r0, #1
	movs	r1, #0
.Ltmp833:
	strb.w	r1, [r4, #80]
	.loc	6 1773 1 epilogue_begin is_stmt 1 @ ../Drivers/STM32H7xx_HAL_Driver/Src/stm32h7xx_hal_adc_ex.c:1773:1
	add	sp, #104
	pop	{r4, r5, r6, pc}
.Ltmp834:
	.loc	6 0 1 is_stmt 0                 @ :0:1
.Ltmp835:
	.p2align	2
.LBB23_7:
	@DEBUG_VALUE: HAL_ADCEx_RegularMultiModeStop_DMA:hadc <- $r4
	.loc	6 1691 17 is_stmt 1             @ ../Drivers/STM32H7xx_HAL_Driver/Src/stm32h7xx_hal_adc_ex.c:1691:17
	bl	HAL_GetTick
.Ltmp836:
	.loc	7 7075 12                       @ ../Drivers/STM32H7xx_HAL_Driver/Inc\stm32h7xx_ll_adc.h:7075:12
	ldr	r1, [r6]
.Ltmp837:
	.loc	6 1694 50                       @ ../Drivers/STM32H7xx_HAL_Driver/Src/stm32h7xx_hal_adc_ex.c:1694:50
	ldr	r2, [r4]
.Ltmp838:
	.loc	7 7075 12                       @ ../Drivers/STM32H7xx_HAL_Driver/Inc\stm32h7xx_ll_adc.h:7075:12
	ldr	r2, [r2, #8]
.Ltmp839:
	.loc	6 1694 60                       @ ../Drivers/STM32H7xx_HAL_Driver/Src/stm32h7xx_hal_adc_ex.c:1694:60
	orrs	r1, r2
	.loc	6 1694 5 is_stmt 0              @ ../Drivers/STM32H7xx_HAL_Driver/Src/stm32h7xx_hal_adc_ex.c:1694:5
	lsls	r1, r1, #29
.Ltmp840:
	@DEBUG_VALUE: HAL_ADCEx_RegularMultiModeStop_DMA:tmphadcSlave_conversion_on_going <- undef
	@DEBUG_VALUE: LL_ADC_REG_IsConversionOngoing:ADCx <- undef
	@DEBUG_VALUE: HAL_ADCEx_RegularMultiModeStop_DMA:tickstart <- $r0
	bpl	.LBB23_13
.Ltmp841:
@ %bb.8:
	@DEBUG_VALUE: HAL_ADCEx_RegularMultiModeStop_DMA:tickstart <- $r0
	@DEBUG_VALUE: HAL_ADCEx_RegularMultiModeStop_DMA:hadc <- $r4
	.loc	6 0 5                           @ ../Drivers/STM32H7xx_HAL_Driver/Src/stm32h7xx_hal_adc_ex.c:0:5
	mov	r5, r0
.Ltmp842:
	@DEBUG_VALUE: HAL_ADCEx_RegularMultiModeStop_DMA:tickstart <- $r5
	@DEBUG_VALUE: HAL_ADCEx_RegularMultiModeStop_DMA:tickstart <- $r5
	b	.LBB23_10
.Ltmp843:
	.p2align	2
.LBB23_9:                               @   in Loop: Header=BB23_10 Depth=1
	@DEBUG_VALUE: HAL_ADCEx_RegularMultiModeStop_DMA:tickstart <- $r5
	@DEBUG_VALUE: HAL_ADCEx_RegularMultiModeStop_DMA:hadc <- $r4
	@DEBUG_VALUE: HAL_ADCEx_RegularMultiModeStop_DMA:tmphadcSlave_conversion_on_going <- undef
	@DEBUG_VALUE: LL_ADC_REG_IsConversionOngoing:ADCx <- undef
	.loc	7 7075 12 is_stmt 1             @ ../Drivers/STM32H7xx_HAL_Driver/Inc\stm32h7xx_ll_adc.h:7075:12
	ldr	r1, [r6]
.Ltmp844:
	@DEBUG_VALUE: LL_ADC_REG_IsConversionOngoing:ADCx <- $r0
	@DEBUG_VALUE: HAL_ADCEx_RegularMultiModeStop_DMA:tmphadcSlave_conversion_on_going <- [DW_OP_constu 2, DW_OP_shr, DW_OP_constu 1, DW_OP_and, DW_OP_stack_value] $r1
	.loc	7 7075 12 is_stmt 0             @ ../Drivers/STM32H7xx_HAL_Driver/Inc\stm32h7xx_ll_adc.h:7075:12
	ldr	r0, [r0, #8]
.Ltmp845:
	.loc	6 1694 60 is_stmt 1             @ ../Drivers/STM32H7xx_HAL_Driver/Src/stm32h7xx_hal_adc_ex.c:1694:60
	orrs	r0, r1
	.loc	6 1694 5 is_stmt 0              @ ../Drivers/STM32H7xx_HAL_Driver/Src/stm32h7xx_hal_adc_ex.c:1694:5
	lsls	r0, r0, #29
	bpl	.LBB23_13
.Ltmp846:
.LBB23_10:                              @ =>This Inner Loop Header: Depth=1
	@DEBUG_VALUE: HAL_ADCEx_RegularMultiModeStop_DMA:tickstart <- $r5
	@DEBUG_VALUE: HAL_ADCEx_RegularMultiModeStop_DMA:hadc <- $r4
	.loc	6 1698 12 is_stmt 1             @ ../Drivers/STM32H7xx_HAL_Driver/Src/stm32h7xx_hal_adc_ex.c:1698:12
	bl	HAL_GetTick
.Ltmp847:
	.loc	6 1698 26 is_stmt 0             @ ../Drivers/STM32H7xx_HAL_Driver/Src/stm32h7xx_hal_adc_ex.c:1698:26
	subs	r0, r0, r5
.Ltmp848:
	.loc	6 1698 11                       @ ../Drivers/STM32H7xx_HAL_Driver/Src/stm32h7xx_hal_adc_ex.c:1698:11
	cmp	r0, #6
.Ltmp849:
	.loc	6 1694 50 is_stmt 1             @ ../Drivers/STM32H7xx_HAL_Driver/Src/stm32h7xx_hal_adc_ex.c:1694:50
	ldr	r0, [r4]
.Ltmp850:
	.loc	6 1698 11                       @ ../Drivers/STM32H7xx_HAL_Driver/Src/stm32h7xx_hal_adc_ex.c:1698:11
	blo	.LBB23_9
.Ltmp851:
@ %bb.11:                               @   in Loop: Header=BB23_10 Depth=1
	@DEBUG_VALUE: HAL_ADCEx_RegularMultiModeStop_DMA:tickstart <- $r5
	@DEBUG_VALUE: HAL_ADCEx_RegularMultiModeStop_DMA:hadc <- $r4
	.loc	7 7075 12                       @ ../Drivers/STM32H7xx_HAL_Driver/Inc\stm32h7xx_ll_adc.h:7075:12
	ldr	r1, [r6]
.Ltmp852:
	@DEBUG_VALUE: LL_ADC_REG_IsConversionOngoing:ADCx <- $r0
	@DEBUG_VALUE: LL_ADC_REG_IsConversionOngoing:ADCx <- undef
	@DEBUG_VALUE: HAL_ADCEx_RegularMultiModeStop_DMA:tmphadcSlave_conversion_on_going <- [DW_OP_constu 2, DW_OP_shr, DW_OP_constu 1, DW_OP_and, DW_OP_stack_value] $r1
	.loc	7 7075 12 is_stmt 0             @ ../Drivers/STM32H7xx_HAL_Driver/Inc\stm32h7xx_ll_adc.h:7075:12
	ldr	r2, [r0, #8]
.Ltmp853:
	.loc	6 1703 60 is_stmt 1             @ ../Drivers/STM32H7xx_HAL_Driver/Src/stm32h7xx_hal_adc_ex.c:1703:60
	orrs	r1, r2
.Ltmp854:
	.loc	6 1704 12                       @ ../Drivers/STM32H7xx_HAL_Driver/Src/stm32h7xx_hal_adc_ex.c:1704:12
	lsls	r1, r1, #29
	bpl	.LBB23_9
.Ltmp855:
@ %bb.12:
	@DEBUG_VALUE: HAL_ADCEx_RegularMultiModeStop_DMA:tickstart <- $r5
	@DEBUG_VALUE: HAL_ADCEx_RegularMultiModeStop_DMA:hadc <- $r4
	.loc	6 1708 11                       @ ../Drivers/STM32H7xx_HAL_Driver/Src/stm32h7xx_hal_adc_ex.c:1708:11
	ldr	r0, [r4, #84]
	orr	r0, r0, #16
	b	.LBB23_6
.Ltmp856:
	.loc	6 0 11 is_stmt 0                @ :0:11
.Ltmp857:
	.p2align	2
.LBB23_13:
	@DEBUG_VALUE: HAL_ADCEx_RegularMultiModeStop_DMA:hadc <- $r4
	.loc	6 1724 42 is_stmt 1             @ ../Drivers/STM32H7xx_HAL_Driver/Src/stm32h7xx_hal_adc_ex.c:1724:42
	ldr	r0, [r4, #76]
	.loc	6 1724 22 is_stmt 0             @ ../Drivers/STM32H7xx_HAL_Driver/Src/stm32h7xx_hal_adc_ex.c:1724:22
	bl	HAL_DMA_Abort
.Ltmp858:
	@DEBUG_VALUE: HAL_ADCEx_RegularMultiModeStop_DMA:tmp_hal_status <- $r0
	.loc	6 1727 9 is_stmt 1              @ ../Drivers/STM32H7xx_HAL_Driver/Src/stm32h7xx_hal_adc_ex.c:1727:9
	cbz	r0, .LBB23_15
.Ltmp859:
@ %bb.14:
	@DEBUG_VALUE: HAL_ADCEx_RegularMultiModeStop_DMA:tmp_hal_status <- $r0
	@DEBUG_VALUE: HAL_ADCEx_RegularMultiModeStop_DMA:hadc <- $r4
	.loc	6 1734 5                        @ ../Drivers/STM32H7xx_HAL_Driver/Src/stm32h7xx_hal_adc_ex.c:1734:5
	ldr	r1, [r4]
.Ltmp860:
	.loc	6 1730 7                        @ ../Drivers/STM32H7xx_HAL_Driver/Src/stm32h7xx_hal_adc_ex.c:1730:7
	ldr	r2, [r4, #84]
	orr	r2, r2, #64
	str	r2, [r4, #84]
.Ltmp861:
	.loc	6 1734 5                        @ ../Drivers/STM32H7xx_HAL_Driver/Src/stm32h7xx_hal_adc_ex.c:1734:5
	ldr	r2, [r1, #4]
	bic	r2, r2, #16
	str	r2, [r1, #4]
	movs	r1, #0
.Ltmp862:
	.loc	6 0 0 is_stmt 0                 @ ../Drivers/STM32H7xx_HAL_Driver/Src/stm32h7xx_hal_adc_ex.c:0:0
	strb.w	r1, [r4, #80]
	.loc	6 1773 1 epilogue_begin is_stmt 1 @ ../Drivers/STM32H7xx_HAL_Driver/Src/stm32h7xx_hal_adc_ex.c:1773:1
	add	sp, #104
	pop	{r4, r5, r6, pc}
.Ltmp863:
	.loc	6 0 1 is_stmt 0                 @ :0:1
.Ltmp864:
	.p2align	2
.LBB23_15:
	@DEBUG_VALUE: HAL_ADCEx_RegularMultiModeStop_DMA:tmp_hal_status <- $r0
	@DEBUG_VALUE: HAL_ADCEx_RegularMultiModeStop_DMA:hadc <- $r4
	.loc	6 1734 5 is_stmt 1              @ ../Drivers/STM32H7xx_HAL_Driver/Src/stm32h7xx_hal_adc_ex.c:1734:5
	ldr	r0, [r4]
.Ltmp865:
	ldr	r1, [r0, #4]
	bic	r1, r1, #16
	str	r1, [r0, #4]
.Ltmp866:
	@DEBUG_VALUE: LL_ADC_INJ_IsConversionOngoing:ADCx <- $r0
	.loc	7 7270 12                       @ ../Drivers/STM32H7xx_HAL_Driver/Inc\stm32h7xx_ll_adc.h:7270:12
	ldr	r0, [r0, #8]
.Ltmp867:
	.loc	6 1742 11                       @ ../Drivers/STM32H7xx_HAL_Driver/Src/stm32h7xx_hal_adc_ex.c:1742:11
	lsls	r0, r0, #28
	bmi	.LBB23_19
.Ltmp868:
@ %bb.16:
	@DEBUG_VALUE: HAL_ADCEx_RegularMultiModeStop_DMA:hadc <- $r4
	.loc	6 1744 27                       @ ../Drivers/STM32H7xx_HAL_Driver/Src/stm32h7xx_hal_adc_ex.c:1744:27
	mov	r0, r4
	bl	ADC_Disable
.Ltmp869:
	@DEBUG_VALUE: HAL_ADCEx_RegularMultiModeStop_DMA:tmp_hal_status <- $r0
	.loc	6 1745 13                       @ ../Drivers/STM32H7xx_HAL_Driver/Src/stm32h7xx_hal_adc_ex.c:1745:13
	cmp	r0, #0
	bne	.LBB23_3
.Ltmp870:
@ %bb.17:
	@DEBUG_VALUE: HAL_ADCEx_RegularMultiModeStop_DMA:tmp_hal_status <- $r0
	@DEBUG_VALUE: HAL_ADCEx_RegularMultiModeStop_DMA:hadc <- $r4
	.loc	7 7270 12                       @ ../Drivers/STM32H7xx_HAL_Driver/Inc\stm32h7xx_ll_adc.h:7270:12
	ldr	r0, [r6]
.Ltmp871:
	.loc	6 1747 15                       @ ../Drivers/STM32H7xx_HAL_Driver/Src/stm32h7xx_hal_adc_ex.c:1747:15
	lsls	r0, r0, #28
	@DEBUG_VALUE: LL_ADC_INJ_IsConversionOngoing:ADCx <- undef
	bmi	.LBB23_19
.Ltmp872:
@ %bb.18:
	@DEBUG_VALUE: HAL_ADCEx_RegularMultiModeStop_DMA:hadc <- $r4
	.loc	6 0 15 is_stmt 0                @ ../Drivers/STM32H7xx_HAL_Driver/Src/stm32h7xx_hal_adc_ex.c:0:15
	add	r0, sp, #4
.Ltmp873:
	.loc	6 1749 31 is_stmt 1             @ ../Drivers/STM32H7xx_HAL_Driver/Src/stm32h7xx_hal_adc_ex.c:1749:31
	bl	ADC_Disable
.Ltmp874:
	@DEBUG_VALUE: HAL_ADCEx_RegularMultiModeStop_DMA:tmp_hal_status <- $r0
	.loc	6 1754 11                       @ ../Drivers/STM32H7xx_HAL_Driver/Src/stm32h7xx_hal_adc_ex.c:1754:11
	cmp	r0, #0
	bne	.LBB23_3
.Ltmp875:
.LBB23_19:
	@DEBUG_VALUE: HAL_ADCEx_RegularMultiModeStop_DMA:hadc <- $r4
	.loc	6 1758 9                        @ ../Drivers/STM32H7xx_HAL_Driver/Src/stm32h7xx_hal_adc_ex.c:1758:9
	ldr	r0, [r4, #84]
	movw	r1, #4097
	bics	r0, r1
	adds	r0, #1
	str	r0, [r4, #84]
	movs	r0, #0
	movs	r1, #0
.Ltmp876:
	.loc	6 0 0 is_stmt 0                 @ ../Drivers/STM32H7xx_HAL_Driver/Src/stm32h7xx_hal_adc_ex.c:0:0
	strb.w	r1, [r4, #80]
	.loc	6 1773 1 epilogue_begin is_stmt 1 @ ../Drivers/STM32H7xx_HAL_Driver/Src/stm32h7xx_hal_adc_ex.c:1773:1
	add	sp, #104
	pop	{r4, r5, r6, pc}
.Ltmp877:
.Lfunc_end23:
	.size	HAL_ADCEx_RegularMultiModeStop_DMA, .Lfunc_end23-HAL_ADCEx_RegularMultiModeStop_DMA
	.cfi_endproc
	.cantunwind
	.fnend
                                        @ -- End function
	.section	.text.HAL_ADCEx_InjectedConfigChannel,"ax",%progbits
	.hidden	HAL_ADCEx_InjectedConfigChannel @ -- Begin function HAL_ADCEx_InjectedConfigChannel
	.globl	HAL_ADCEx_InjectedConfigChannel
	.p2align	3
	.type	HAL_ADCEx_InjectedConfigChannel,%function
	.code	16                              @ @HAL_ADCEx_InjectedConfigChannel
	.thumb_func
HAL_ADCEx_InjectedConfigChannel:
.Lfunc_begin24:
	.loc	6 1832 0                        @ ../Drivers/STM32H7xx_HAL_Driver/Src/stm32h7xx_hal_adc_ex.c:1832:0
	.fnstart
	.cfi_startproc
@ %bb.0:
	@DEBUG_VALUE: HAL_ADCEx_InjectedConfigChannel:hadc <- $r0
	@DEBUG_VALUE: HAL_ADCEx_InjectedConfigChannel:sConfigInjected <- $r1
	.save	{r4, r5, r6, r7, r8, lr}
	push.w	{r4, r5, r6, r7, r8, lr}
	.cfi_def_cfa_offset 24
	.cfi_offset lr, -4
	.cfi_offset r8, -8
	.cfi_offset r7, -12
	.cfi_offset r6, -16
	.cfi_offset r5, -20
	.cfi_offset r4, -24
	.pad	#4
	sub	sp, #4
	.cfi_def_cfa_offset 28
	movs	r2, #0
.Ltmp878:
	.loc	6 1838 17 prologue_end          @ ../Drivers/STM32H7xx_HAL_Driver/Src/stm32h7xx_hal_adc_ex.c:1838:17
	str	r2, [sp]
.Ltmp879:
	@DEBUG_VALUE: HAL_ADCEx_InjectedConfigChannel:tmp_hal_status <- 0
	@DEBUG_VALUE: HAL_ADCEx_InjectedConfigChannel:wait_loop_index <- [DW_OP_deref] $sp
	@DEBUG_VALUE: HAL_ADCEx_InjectedConfigChannel:tmp_JSQR_ContextQueueBeingBuilt <- 0
	.loc	6 1919 3                        @ ../Drivers/STM32H7xx_HAL_Driver/Src/stm32h7xx_hal_adc_ex.c:1919:3
	ldrb.w	r2, [r0, #80]
.Ltmp880:
	.loc	6 1919 3 is_stmt 0              @ ../Drivers/STM32H7xx_HAL_Driver/Src/stm32h7xx_hal_adc_ex.c:1919:3
	cmp	r2, #1
	bne	.LBB24_2
.Ltmp881:
@ %bb.1:
	@DEBUG_VALUE: HAL_ADCEx_InjectedConfigChannel:tmp_JSQR_ContextQueueBeingBuilt <- 0
	@DEBUG_VALUE: HAL_ADCEx_InjectedConfigChannel:wait_loop_index <- [DW_OP_deref] $sp
	@DEBUG_VALUE: HAL_ADCEx_InjectedConfigChannel:tmp_hal_status <- 0
	@DEBUG_VALUE: HAL_ADCEx_InjectedConfigChannel:sConfigInjected <- $r1
	@DEBUG_VALUE: HAL_ADCEx_InjectedConfigChannel:hadc <- $r0
	.loc	6 0 3                           @ ../Drivers/STM32H7xx_HAL_Driver/Src/stm32h7xx_hal_adc_ex.c:0:3
	mov.w	lr, #2
	.loc	6 2376 1 is_stmt 1              @ ../Drivers/STM32H7xx_HAL_Driver/Src/stm32h7xx_hal_adc_ex.c:2376:1
	mov	r0, lr
.Ltmp882:
	@DEBUG_VALUE: HAL_ADCEx_InjectedConfigChannel:hadc <- [DW_OP_LLVM_entry_value 1] $r0
	.loc	6 2376 1 epilogue_begin is_stmt 0 @ ../Drivers/STM32H7xx_HAL_Driver/Src/stm32h7xx_hal_adc_ex.c:2376:1
	add	sp, #4
	pop.w	{r4, r5, r6, r7, r8, pc}
.Ltmp883:
	.loc	6 0 1                           @ :0:1
.Ltmp884:
	.p2align	2
.LBB24_2:
	@DEBUG_VALUE: HAL_ADCEx_InjectedConfigChannel:tmp_JSQR_ContextQueueBeingBuilt <- 0
	@DEBUG_VALUE: HAL_ADCEx_InjectedConfigChannel:wait_loop_index <- [DW_OP_deref] $sp
	@DEBUG_VALUE: HAL_ADCEx_InjectedConfigChannel:tmp_hal_status <- 0
	@DEBUG_VALUE: HAL_ADCEx_InjectedConfigChannel:sConfigInjected <- $r1
	@DEBUG_VALUE: HAL_ADCEx_InjectedConfigChannel:hadc <- $r0
	.loc	6 1942 19 is_stmt 1             @ ../Drivers/STM32H7xx_HAL_Driver/Src/stm32h7xx_hal_adc_ex.c:1942:19
	ldr	r2, [r0, #12]
	.loc	6 1942 54 is_stmt 0             @ ../Drivers/STM32H7xx_HAL_Driver/Src/stm32h7xx_hal_adc_ex.c:1942:54
	cmp	r2, #0
	mov.w	r2, #1
.Ltmp885:
	.loc	6 1919 3 is_stmt 1              @ ../Drivers/STM32H7xx_HAL_Driver/Src/stm32h7xx_hal_adc_ex.c:1919:3
	strb.w	r2, [r0, #80]
.Ltmp886:
	.loc	6 1942 54                       @ ../Drivers/STM32H7xx_HAL_Driver/Src/stm32h7xx_hal_adc_ex.c:1942:54
	beq	.LBB24_4
.Ltmp887:
@ %bb.3:
	@DEBUG_VALUE: HAL_ADCEx_InjectedConfigChannel:tmp_JSQR_ContextQueueBeingBuilt <- 0
	@DEBUG_VALUE: HAL_ADCEx_InjectedConfigChannel:wait_loop_index <- [DW_OP_deref] $sp
	@DEBUG_VALUE: HAL_ADCEx_InjectedConfigChannel:tmp_hal_status <- 0
	@DEBUG_VALUE: HAL_ADCEx_InjectedConfigChannel:sConfigInjected <- $r1
	@DEBUG_VALUE: HAL_ADCEx_InjectedConfigChannel:hadc <- $r0
	.loc	6 1943 25                       @ ../Drivers/STM32H7xx_HAL_Driver/Src/stm32h7xx_hal_adc_ex.c:1943:25
	ldr	r6, [r1, #32]
.Ltmp888:
	.loc	6 1942 7                        @ ../Drivers/STM32H7xx_HAL_Driver/Src/stm32h7xx_hal_adc_ex.c:1942:7
	cmp	r6, #1
	bne	.LBB24_9
.Ltmp889:
.LBB24_4:
	@DEBUG_VALUE: HAL_ADCEx_InjectedConfigChannel:tmp_JSQR_ContextQueueBeingBuilt <- 0
	@DEBUG_VALUE: HAL_ADCEx_InjectedConfigChannel:wait_loop_index <- [DW_OP_deref] $sp
	@DEBUG_VALUE: HAL_ADCEx_InjectedConfigChannel:tmp_hal_status <- 0
	@DEBUG_VALUE: HAL_ADCEx_InjectedConfigChannel:sConfigInjected <- $r1
	@DEBUG_VALUE: HAL_ADCEx_InjectedConfigChannel:hadc <- $r0
	.loc	6 1952 26                       @ ../Drivers/STM32H7xx_HAL_Driver/Src/stm32h7xx_hal_adc_ex.c:1952:26
	ldr	r2, [r1, #4]
.Ltmp890:
	.loc	6 1952 9 is_stmt 0              @ ../Drivers/STM32H7xx_HAL_Driver/Src/stm32h7xx_hal_adc_ex.c:1952:9
	cmp	r2, #9
	bne	.LBB24_8
.Ltmp891:
@ %bb.5:
	@DEBUG_VALUE: HAL_ADCEx_InjectedConfigChannel:tmp_JSQR_ContextQueueBeingBuilt <- 0
	@DEBUG_VALUE: HAL_ADCEx_InjectedConfigChannel:wait_loop_index <- [DW_OP_deref] $sp
	@DEBUG_VALUE: HAL_ADCEx_InjectedConfigChannel:tmp_hal_status <- 0
	@DEBUG_VALUE: HAL_ADCEx_InjectedConfigChannel:sConfigInjected <- $r1
	@DEBUG_VALUE: HAL_ADCEx_InjectedConfigChannel:hadc <- $r0
	.loc	6 0 0                           @ ../Drivers/STM32H7xx_HAL_Driver/Src/stm32h7xx_hal_adc_ex.c:0:0
	ldr	r2, [r1]
	mov.w	r6, #15872
	.loc	6 1959 28 is_stmt 1             @ ../Drivers/STM32H7xx_HAL_Driver/Src/stm32h7xx_hal_adc_ex.c:1959:28
	ldr	r3, [r1, #40]
	.loc	6 0 0 is_stmt 0                 @ ../Drivers/STM32H7xx_HAL_Driver/Src/stm32h7xx_hal_adc_ex.c:0:0
	and.w	r2, r6, r2, lsr #17
.Ltmp892:
	.loc	6 1959 11                       @ ../Drivers/STM32H7xx_HAL_Driver/Src/stm32h7xx_hal_adc_ex.c:1959:11
	cbz	r3, .LBB24_7
.Ltmp893:
@ %bb.6:
	@DEBUG_VALUE: HAL_ADCEx_InjectedConfigChannel:tmp_JSQR_ContextQueueBeingBuilt <- 0
	@DEBUG_VALUE: HAL_ADCEx_InjectedConfigChannel:wait_loop_index <- [DW_OP_deref] $sp
	@DEBUG_VALUE: HAL_ADCEx_InjectedConfigChannel:tmp_hal_status <- 0
	@DEBUG_VALUE: HAL_ADCEx_InjectedConfigChannel:sConfigInjected <- $r1
	@DEBUG_VALUE: HAL_ADCEx_InjectedConfigChannel:hadc <- $r0
	.loc	6 1962 86 is_stmt 1             @ ../Drivers/STM32H7xx_HAL_Driver/Src/stm32h7xx_hal_adc_ex.c:1962:86
	and	r3, r3, #124
	.loc	6 1963 63                       @ ../Drivers/STM32H7xx_HAL_Driver/Src/stm32h7xx_hal_adc_ex.c:1963:63
	ldr	r6, [r1, #44]
	.loc	6 1962 44                       @ ../Drivers/STM32H7xx_HAL_Driver/Src/stm32h7xx_hal_adc_ex.c:1962:44
	orrs	r3, r6
	.loc	6 1963 44                       @ ../Drivers/STM32H7xx_HAL_Driver/Src/stm32h7xx_hal_adc_ex.c:1963:44
	orrs	r2, r3
.Ltmp894:
	@DEBUG_VALUE: HAL_ADCEx_InjectedConfigChannel:tmp_JSQR_ContextQueueBeingBuilt <- $r2
.LBB24_7:
	@DEBUG_VALUE: HAL_ADCEx_InjectedConfigChannel:wait_loop_index <- [DW_OP_deref] $sp
	@DEBUG_VALUE: HAL_ADCEx_InjectedConfigChannel:tmp_hal_status <- 0
	@DEBUG_VALUE: HAL_ADCEx_InjectedConfigChannel:sConfigInjected <- $r1
	@DEBUG_VALUE: HAL_ADCEx_InjectedConfigChannel:hadc <- $r0
	@DEBUG_VALUE: HAL_ADCEx_InjectedConfigChannel:tmp_JSQR_ContextQueueBeingBuilt <- $r2
	.loc	6 1971 7                        @ ../Drivers/STM32H7xx_HAL_Driver/Src/stm32h7xx_hal_adc_ex.c:1971:7
	ldr	r3, [r0]
	movw	r5, #16384
	movt	r5, #1040
	ldr	r6, [r3, #76]
	ands	r6, r5
	orrs	r6, r2
	str	r6, [r3, #76]
	.loc	6 1973 42                       @ ../Drivers/STM32H7xx_HAL_Driver/Src/stm32h7xx_hal_adc_ex.c:1973:42
	str	r2, [r0, #92]
	.loc	6 1975 5                        @ ../Drivers/STM32H7xx_HAL_Driver/Src/stm32h7xx_hal_adc_ex.c:1975:5
	b	.LBB24_16
.Ltmp895:
	.loc	6 0 5 is_stmt 0                 @ :0:5
.Ltmp896:
	.p2align	2
.LBB24_8:
	@DEBUG_VALUE: HAL_ADCEx_InjectedConfigChannel:tmp_JSQR_ContextQueueBeingBuilt <- 0
	@DEBUG_VALUE: HAL_ADCEx_InjectedConfigChannel:wait_loop_index <- [DW_OP_deref] $sp
	@DEBUG_VALUE: HAL_ADCEx_InjectedConfigChannel:tmp_hal_status <- 0
	@DEBUG_VALUE: HAL_ADCEx_InjectedConfigChannel:sConfigInjected <- $r1
	@DEBUG_VALUE: HAL_ADCEx_InjectedConfigChannel:hadc <- $r0
	.loc	6 2054 44 is_stmt 1             @ ../Drivers/STM32H7xx_HAL_Driver/Src/stm32h7xx_hal_adc_ex.c:2054:44
	ldr	r3, [r0]
.Ltmp897:
	.loc	6 1952 9                        @ ../Drivers/STM32H7xx_HAL_Driver/Src/stm32h7xx_hal_adc_ex.c:1952:9
	b	.LBB24_16
.Ltmp898:
	.loc	6 0 9 is_stmt 0                 @ :0:9
.Ltmp899:
	.p2align	2
.LBB24_9:
	@DEBUG_VALUE: HAL_ADCEx_InjectedConfigChannel:tmp_JSQR_ContextQueueBeingBuilt <- 0
	@DEBUG_VALUE: HAL_ADCEx_InjectedConfigChannel:wait_loop_index <- [DW_OP_deref] $sp
	@DEBUG_VALUE: HAL_ADCEx_InjectedConfigChannel:tmp_hal_status <- 0
	@DEBUG_VALUE: HAL_ADCEx_InjectedConfigChannel:sConfigInjected <- $r1
	@DEBUG_VALUE: HAL_ADCEx_InjectedConfigChannel:hadc <- $r0
	.loc	6 1989 31 is_stmt 1             @ ../Drivers/STM32H7xx_HAL_Driver/Src/stm32h7xx_hal_adc_ex.c:1989:31
	ldr	r5, [r0, #96]
.Ltmp900:
	.loc	6 1989 9 is_stmt 0              @ ../Drivers/STM32H7xx_HAL_Driver/Src/stm32h7xx_hal_adc_ex.c:1989:9
	cbz	r5, .LBB24_11
.Ltmp901:
@ %bb.10:
	@DEBUG_VALUE: HAL_ADCEx_InjectedConfigChannel:tmp_JSQR_ContextQueueBeingBuilt <- 0
	@DEBUG_VALUE: HAL_ADCEx_InjectedConfigChannel:wait_loop_index <- [DW_OP_deref] $sp
	@DEBUG_VALUE: HAL_ADCEx_InjectedConfigChannel:tmp_hal_status <- 0
	@DEBUG_VALUE: HAL_ADCEx_InjectedConfigChannel:sConfigInjected <- $r1
	@DEBUG_VALUE: HAL_ADCEx_InjectedConfigChannel:hadc <- $r0
	.loc	6 2037 40 is_stmt 1             @ ../Drivers/STM32H7xx_HAL_Driver/Src/stm32h7xx_hal_adc_ex.c:2037:40
	ldr	r3, [r0, #92]
	movs	r2, #0
	.loc	6 1989 9                        @ ../Drivers/STM32H7xx_HAL_Driver/Src/stm32h7xx_hal_adc_ex.c:1989:9
	b	.LBB24_14
.Ltmp902:
	.loc	6 0 9 is_stmt 0                 @ :0:9
.Ltmp903:
	.p2align	2
.LBB24_11:
	@DEBUG_VALUE: HAL_ADCEx_InjectedConfigChannel:tmp_JSQR_ContextQueueBeingBuilt <- 0
	@DEBUG_VALUE: HAL_ADCEx_InjectedConfigChannel:wait_loop_index <- [DW_OP_deref] $sp
	@DEBUG_VALUE: HAL_ADCEx_InjectedConfigChannel:tmp_hal_status <- 0
	@DEBUG_VALUE: HAL_ADCEx_InjectedConfigChannel:sConfigInjected <- $r1
	@DEBUG_VALUE: HAL_ADCEx_InjectedConfigChannel:hadc <- $r0
	.loc	6 2009 28 is_stmt 1             @ ../Drivers/STM32H7xx_HAL_Driver/Src/stm32h7xx_hal_adc_ex.c:2009:28
	ldr	r3, [r1, #40]
	.loc	6 0 0 is_stmt 0                 @ ../Drivers/STM32H7xx_HAL_Driver/Src/stm32h7xx_hal_adc_ex.c:0:0
	subs	r2, r6, #1
.Ltmp904:
	.loc	6 2009 11                       @ ../Drivers/STM32H7xx_HAL_Driver/Src/stm32h7xx_hal_adc_ex.c:2009:11
	cbz	r3, .LBB24_13
.Ltmp905:
@ %bb.12:
	@DEBUG_VALUE: HAL_ADCEx_InjectedConfigChannel:tmp_JSQR_ContextQueueBeingBuilt <- 0
	@DEBUG_VALUE: HAL_ADCEx_InjectedConfigChannel:wait_loop_index <- [DW_OP_deref] $sp
	@DEBUG_VALUE: HAL_ADCEx_InjectedConfigChannel:tmp_hal_status <- 0
	@DEBUG_VALUE: HAL_ADCEx_InjectedConfigChannel:sConfigInjected <- $r1
	@DEBUG_VALUE: HAL_ADCEx_InjectedConfigChannel:hadc <- $r0
	.loc	6 2012 86 is_stmt 1             @ ../Drivers/STM32H7xx_HAL_Driver/Src/stm32h7xx_hal_adc_ex.c:2012:86
	and	r3, r3, #124
	.loc	6 2013 63                       @ ../Drivers/STM32H7xx_HAL_Driver/Src/stm32h7xx_hal_adc_ex.c:2013:63
	ldr	r5, [r1, #44]
	.loc	6 2013 44 is_stmt 0             @ ../Drivers/STM32H7xx_HAL_Driver/Src/stm32h7xx_hal_adc_ex.c:2013:44
	orrs	r3, r5
	orrs	r2, r3
.Ltmp906:
	@DEBUG_VALUE: HAL_ADCEx_InjectedConfigChannel:tmp_JSQR_ContextQueueBeingBuilt <- $r2
.LBB24_13:
	@DEBUG_VALUE: HAL_ADCEx_InjectedConfigChannel:wait_loop_index <- [DW_OP_deref] $sp
	@DEBUG_VALUE: HAL_ADCEx_InjectedConfigChannel:tmp_hal_status <- 0
	@DEBUG_VALUE: HAL_ADCEx_InjectedConfigChannel:sConfigInjected <- $r1
	@DEBUG_VALUE: HAL_ADCEx_InjectedConfigChannel:hadc <- $r0
	.loc	6 0 44                          @ ../Drivers/STM32H7xx_HAL_Driver/Src/stm32h7xx_hal_adc_ex.c:0:44
	movs	r3, #0
	mov	r5, r6
.Ltmp907:
.LBB24_14:
	@DEBUG_VALUE: HAL_ADCEx_InjectedConfigChannel:wait_loop_index <- [DW_OP_deref] $sp
	@DEBUG_VALUE: HAL_ADCEx_InjectedConfigChannel:tmp_hal_status <- 0
	@DEBUG_VALUE: HAL_ADCEx_InjectedConfigChannel:sConfigInjected <- $r1
	@DEBUG_VALUE: HAL_ADCEx_InjectedConfigChannel:hadc <- $r0
	@DEBUG_VALUE: HAL_ADCEx_InjectedConfigChannel:tmp_JSQR_ContextQueueBeingBuilt <- $r2
	.loc	6 2029 40 is_stmt 1             @ ../Drivers/STM32H7xx_HAL_Driver/Src/stm32h7xx_hal_adc_ex.c:2029:40
	ldrd	r6, r4, [r1]
	.loc	6 2026 41                       @ ../Drivers/STM32H7xx_HAL_Driver/Src/stm32h7xx_hal_adc_ex.c:2026:41
	and	r4, r4, #31
	.loc	6 2029 40                       @ ../Drivers/STM32H7xx_HAL_Driver/Src/stm32h7xx_hal_adc_ex.c:2029:40
	ubfx	r6, r6, #26, #5
	lsls	r6, r4
	.loc	6 2029 37 is_stmt 0             @ ../Drivers/STM32H7xx_HAL_Driver/Src/stm32h7xx_hal_adc_ex.c:2029:37
	orrs	r2, r6
.Ltmp908:
	@DEBUG_VALUE: HAL_ADCEx_InjectedConfigChannel:tmp_JSQR_ContextQueueBeingBuilt <- $r2
	.loc	6 2032 39 is_stmt 1             @ ../Drivers/STM32H7xx_HAL_Driver/Src/stm32h7xx_hal_adc_ex.c:2032:39
	subs	r6, r5, #1
	.loc	6 2037 40                       @ ../Drivers/STM32H7xx_HAL_Driver/Src/stm32h7xx_hal_adc_ex.c:2037:40
	orr.w	r2, r2, r3
.Ltmp909:
	.loc	6 2054 44                       @ ../Drivers/STM32H7xx_HAL_Driver/Src/stm32h7xx_hal_adc_ex.c:2054:44
	ldr	r3, [r0]
.Ltmp910:
	.loc	6 2037 40                       @ ../Drivers/STM32H7xx_HAL_Driver/Src/stm32h7xx_hal_adc_ex.c:2037:40
	strd	r2, r6, [r0, #92]
	.loc	6 2041 9                        @ ../Drivers/STM32H7xx_HAL_Driver/Src/stm32h7xx_hal_adc_ex.c:2041:9
	bne	.LBB24_16
.Ltmp911:
@ %bb.15:
	@DEBUG_VALUE: HAL_ADCEx_InjectedConfigChannel:wait_loop_index <- [DW_OP_deref] $sp
	@DEBUG_VALUE: HAL_ADCEx_InjectedConfigChannel:tmp_hal_status <- 0
	@DEBUG_VALUE: HAL_ADCEx_InjectedConfigChannel:sConfigInjected <- $r1
	@DEBUG_VALUE: HAL_ADCEx_InjectedConfigChannel:hadc <- $r0
	.loc	6 0 9 is_stmt 0                 @ ../Drivers/STM32H7xx_HAL_Driver/Src/stm32h7xx_hal_adc_ex.c:0:9
	movw	r5, #16384
.Ltmp912:
	.loc	6 2043 7 is_stmt 1              @ ../Drivers/STM32H7xx_HAL_Driver/Src/stm32h7xx_hal_adc_ex.c:2043:7
	ldr	r6, [r3, #76]
	movt	r5, #1040
	ands	r6, r5
	orrs	r2, r6
	str	r2, [r3, #76]
.Ltmp913:
.LBB24_16:
	@DEBUG_VALUE: HAL_ADCEx_InjectedConfigChannel:wait_loop_index <- [DW_OP_deref] $sp
	@DEBUG_VALUE: HAL_ADCEx_InjectedConfigChannel:tmp_hal_status <- 0
	@DEBUG_VALUE: HAL_ADCEx_InjectedConfigChannel:sConfigInjected <- $r1
	@DEBUG_VALUE: HAL_ADCEx_InjectedConfigChannel:hadc <- $r0
	.loc	7 7270 12                       @ ../Drivers/STM32H7xx_HAL_Driver/Inc\stm32h7xx_ll_adc.h:7270:12
	ldr	r2, [r3, #8]
	movw	r12, #65535
.Ltmp914:
	.loc	6 2054 7                        @ ../Drivers/STM32H7xx_HAL_Driver/Src/stm32h7xx_hal_adc_ex.c:2054:7
	lsls	r2, r2, #28
	movt	r12, #15
	@DEBUG_VALUE: LL_ADC_INJ_IsConversionOngoing:ADCx <- $r3
	bmi	.LBB24_23
.Ltmp915:
@ %bb.17:
	@DEBUG_VALUE: HAL_ADCEx_InjectedConfigChannel:wait_loop_index <- [DW_OP_deref] $sp
	@DEBUG_VALUE: HAL_ADCEx_InjectedConfigChannel:tmp_hal_status <- 0
	@DEBUG_VALUE: HAL_ADCEx_InjectedConfigChannel:sConfigInjected <- $r1
	@DEBUG_VALUE: HAL_ADCEx_InjectedConfigChannel:hadc <- $r0
	.loc	6 2056 11                       @ ../Drivers/STM32H7xx_HAL_Driver/Src/stm32h7xx_hal_adc_ex.c:2056:11
	ldr	r2, [r1]
.Ltmp916:
	.loc	6 2056 9 is_stmt 0              @ ../Drivers/STM32H7xx_HAL_Driver/Src/stm32h7xx_hal_adc_ex.c:2056:9
	cmp	r2, #0
	bmi	.LBB24_19
.Ltmp917:
@ %bb.18:
	@DEBUG_VALUE: HAL_ADCEx_InjectedConfigChannel:wait_loop_index <- [DW_OP_deref] $sp
	@DEBUG_VALUE: HAL_ADCEx_InjectedConfigChannel:tmp_hal_status <- 0
	@DEBUG_VALUE: HAL_ADCEx_InjectedConfigChannel:sConfigInjected <- $r1
	@DEBUG_VALUE: HAL_ADCEx_InjectedConfigChannel:hadc <- $r0
	.loc	6 2066 41 is_stmt 1             @ ../Drivers/STM32H7xx_HAL_Driver/Src/stm32h7xx_hal_adc_ex.c:2066:41
	rbit	r6, r2
	tst.w	r2, r12
	clz	r6, r6
	it	eq
	lsreq	r6, r2, #26
	.loc	6 2066 106 is_stmt 0            @ ../Drivers/STM32H7xx_HAL_Driver/Src/stm32h7xx_hal_adc_ex.c:2066:106
	and	r2, r6, #31
	movs	r6, #1
	.loc	6 2066 37                       @ ../Drivers/STM32H7xx_HAL_Driver/Src/stm32h7xx_hal_adc_ex.c:2066:37
	lsl.w	r2, r6, r2
	.loc	6 2066 29                       @ ../Drivers/STM32H7xx_HAL_Driver/Src/stm32h7xx_hal_adc_ex.c:2066:29
	ldr	r6, [r3, #28]
	orrs	r2, r6
	str	r2, [r3, #28]
.Ltmp918:
.LBB24_19:
	@DEBUG_VALUE: HAL_ADCEx_InjectedConfigChannel:wait_loop_index <- [DW_OP_deref] $sp
	@DEBUG_VALUE: HAL_ADCEx_InjectedConfigChannel:tmp_hal_status <- 0
	@DEBUG_VALUE: HAL_ADCEx_InjectedConfigChannel:sConfigInjected <- $r1
	@DEBUG_VALUE: HAL_ADCEx_InjectedConfigChannel:hadc <- $r0
	.loc	6 0 0                           @ ../Drivers/STM32H7xx_HAL_Driver/Src/stm32h7xx_hal_adc_ex.c:0:0
	ldr	r2, [r3, #12]
	.loc	6 2071 26 is_stmt 1             @ ../Drivers/STM32H7xx_HAL_Driver/Src/stm32h7xx_hal_adc_ex.c:2071:26
	ldrb.w	r6, [r1, #37]
	.loc	6 0 0 is_stmt 0                 @ ../Drivers/STM32H7xx_HAL_Driver/Src/stm32h7xx_hal_adc_ex.c:0:0
	ldrb.w	r5, [r1, #38]
	bic	r2, r2, #3145728
.Ltmp919:
	.loc	6 2071 9                        @ ../Drivers/STM32H7xx_HAL_Driver/Src/stm32h7xx_hal_adc_ex.c:2071:9
	cmp	r6, #0
.Ltmp920:
	.loc	6 0 0                           @ ../Drivers/STM32H7xx_HAL_Driver/Src/stm32h7xx_hal_adc_ex.c:0:0
	lsl.w	r6, r5, #21
.Ltmp921:
	.loc	6 2071 9                        @ ../Drivers/STM32H7xx_HAL_Driver/Src/stm32h7xx_hal_adc_ex.c:2071:9
	beq	.LBB24_21
.Ltmp922:
@ %bb.20:
	@DEBUG_VALUE: HAL_ADCEx_InjectedConfigChannel:wait_loop_index <- [DW_OP_deref] $sp
	@DEBUG_VALUE: HAL_ADCEx_InjectedConfigChannel:tmp_hal_status <- 0
	@DEBUG_VALUE: HAL_ADCEx_InjectedConfigChannel:sConfigInjected <- $r1
	@DEBUG_VALUE: HAL_ADCEx_InjectedConfigChannel:hadc <- $r0
	.loc	6 2082 7 is_stmt 1              @ ../Drivers/STM32H7xx_HAL_Driver/Src/stm32h7xx_hal_adc_ex.c:2082:7
	orrs	r2, r6
	b	.LBB24_22
.Ltmp923:
	.loc	6 0 7 is_stmt 0                 @ :0:7
.Ltmp924:
	.p2align	2
.LBB24_21:
	@DEBUG_VALUE: HAL_ADCEx_InjectedConfigChannel:wait_loop_index <- [DW_OP_deref] $sp
	@DEBUG_VALUE: HAL_ADCEx_InjectedConfigChannel:tmp_hal_status <- 0
	@DEBUG_VALUE: HAL_ADCEx_InjectedConfigChannel:sConfigInjected <- $r1
	@DEBUG_VALUE: HAL_ADCEx_InjectedConfigChannel:hadc <- $r0
	.loc	6 2073 7 is_stmt 1              @ ../Drivers/STM32H7xx_HAL_Driver/Src/stm32h7xx_hal_adc_ex.c:2073:7
	ldrb.w	r5, [r1, #36]
	orr.w	r2, r2, r5, lsl #20
	orrs	r2, r6
.Ltmp925:
.LBB24_22:
	@DEBUG_VALUE: HAL_ADCEx_InjectedConfigChannel:wait_loop_index <- [DW_OP_deref] $sp
	@DEBUG_VALUE: HAL_ADCEx_InjectedConfigChannel:tmp_hal_status <- 0
	@DEBUG_VALUE: HAL_ADCEx_InjectedConfigChannel:sConfigInjected <- $r1
	@DEBUG_VALUE: HAL_ADCEx_InjectedConfigChannel:hadc <- $r0
	.loc	6 0 0 is_stmt 0                 @ ../Drivers/STM32H7xx_HAL_Driver/Src/stm32h7xx_hal_adc_ex.c:0:0
	str	r2, [r3, #12]
.Ltmp926:
.LBB24_23:
	@DEBUG_VALUE: HAL_ADCEx_InjectedConfigChannel:wait_loop_index <- [DW_OP_deref] $sp
	@DEBUG_VALUE: HAL_ADCEx_InjectedConfigChannel:tmp_hal_status <- 0
	@DEBUG_VALUE: HAL_ADCEx_InjectedConfigChannel:sConfigInjected <- $r1
	@DEBUG_VALUE: HAL_ADCEx_InjectedConfigChannel:hadc <- $r0
	@DEBUG_VALUE: LL_ADC_REG_IsConversionOngoing:ADCx <- $r3
	.loc	7 7075 12 is_stmt 1             @ ../Drivers/STM32H7xx_HAL_Driver/Inc\stm32h7xx_ll_adc.h:7075:12
	ldr	r2, [r3, #8]
.Ltmp927:
	@DEBUG_VALUE: LL_ADC_INJ_IsConversionOngoing:ADCx <- $r3
	@DEBUG_VALUE: HAL_ADCEx_InjectedConfigChannel:tmp_adc_is_conversion_on_going_regular <- [DW_OP_constu 2, DW_OP_shr, DW_OP_constu 1, DW_OP_and, DW_OP_stack_value] $r2
	.loc	7 7270 12                       @ ../Drivers/STM32H7xx_HAL_Driver/Inc\stm32h7xx_ll_adc.h:7270:12
	ldr	r6, [r3, #8]
.Ltmp928:
	@DEBUG_VALUE: HAL_ADCEx_InjectedConfigChannel:tmp_adc_is_conversion_on_going_injected <- [DW_OP_constu 3, DW_OP_shr, DW_OP_constu 1, DW_OP_and, DW_OP_stack_value] $r6
	.loc	6 2099 47                       @ ../Drivers/STM32H7xx_HAL_Driver/Src/stm32h7xx_hal_adc_ex.c:2099:47
	and	r2, r2, #4
.Ltmp929:
	.loc	6 0 47 is_stmt 0                @ ../Drivers/STM32H7xx_HAL_Driver/Src/stm32h7xx_hal_adc_ex.c:0:47
	and	r6, r6, #8
.Ltmp930:
	.loc	6 2099 47                       @ ../Drivers/STM32H7xx_HAL_Driver/Src/stm32h7xx_hal_adc_ex.c:2099:47
	adds	r2, r2, r6
	.loc	6 2100 7 is_stmt 1              @ ../Drivers/STM32H7xx_HAL_Driver/Src/stm32h7xx_hal_adc_ex.c:2100:7
	bne	.LBB24_29
.Ltmp931:
@ %bb.24:
	@DEBUG_VALUE: HAL_ADCEx_InjectedConfigChannel:wait_loop_index <- [DW_OP_deref] $sp
	@DEBUG_VALUE: HAL_ADCEx_InjectedConfigChannel:tmp_hal_status <- 0
	@DEBUG_VALUE: HAL_ADCEx_InjectedConfigChannel:sConfigInjected <- $r1
	@DEBUG_VALUE: HAL_ADCEx_InjectedConfigChannel:hadc <- $r0
	.loc	6 2105 27                       @ ../Drivers/STM32H7xx_HAL_Driver/Src/stm32h7xx_hal_adc_ex.c:2105:27
	ldr	r2, [r1, #40]
	.loc	6 2106 9                        @ ../Drivers/STM32H7xx_HAL_Driver/Src/stm32h7xx_hal_adc_ex.c:2106:9
	cbz	r2, .LBB24_30
.Ltmp932:
@ %bb.25:
	@DEBUG_VALUE: HAL_ADCEx_InjectedConfigChannel:wait_loop_index <- [DW_OP_deref] $sp
	@DEBUG_VALUE: HAL_ADCEx_InjectedConfigChannel:tmp_hal_status <- 0
	@DEBUG_VALUE: HAL_ADCEx_InjectedConfigChannel:sConfigInjected <- $r1
	@DEBUG_VALUE: HAL_ADCEx_InjectedConfigChannel:hadc <- $r0
	.loc	6 2106 30 is_stmt 0             @ ../Drivers/STM32H7xx_HAL_Driver/Src/stm32h7xx_hal_adc_ex.c:2106:30
	ldr	r2, [r1, #44]
.Ltmp933:
	.loc	6 2105 9 is_stmt 1              @ ../Drivers/STM32H7xx_HAL_Driver/Src/stm32h7xx_hal_adc_ex.c:2105:9
	cbz	r2, .LBB24_30
.Ltmp934:
@ %bb.26:
	@DEBUG_VALUE: HAL_ADCEx_InjectedConfigChannel:wait_loop_index <- [DW_OP_deref] $sp
	@DEBUG_VALUE: HAL_ADCEx_InjectedConfigChannel:tmp_hal_status <- 0
	@DEBUG_VALUE: HAL_ADCEx_InjectedConfigChannel:sConfigInjected <- $r1
	@DEBUG_VALUE: HAL_ADCEx_InjectedConfigChannel:hadc <- $r0
	.loc	6 2121 28                       @ ../Drivers/STM32H7xx_HAL_Driver/Src/stm32h7xx_hal_adc_ex.c:2121:28
	ldrb.w	r2, [r1, #37]
.Ltmp935:
	.loc	6 2121 11 is_stmt 0             @ ../Drivers/STM32H7xx_HAL_Driver/Src/stm32h7xx_hal_adc_ex.c:2121:11
	cmp	r2, #1
	bne	.LBB24_32
.Ltmp936:
@ %bb.27:
	@DEBUG_VALUE: HAL_ADCEx_InjectedConfigChannel:wait_loop_index <- [DW_OP_deref] $sp
	@DEBUG_VALUE: HAL_ADCEx_InjectedConfigChannel:tmp_hal_status <- 0
	@DEBUG_VALUE: HAL_ADCEx_InjectedConfigChannel:sConfigInjected <- $r1
	@DEBUG_VALUE: HAL_ADCEx_InjectedConfigChannel:hadc <- $r0
	.loc	6 2124 9 is_stmt 1              @ ../Drivers/STM32H7xx_HAL_Driver/Src/stm32h7xx_hal_adc_ex.c:2124:9
	ldr	r2, [r0, #84]
	mov.w	lr, #1
.Ltmp937:
	@DEBUG_VALUE: HAL_ADCEx_InjectedConfigChannel:tmp_hal_status <- 1
	orr	r2, r2, #32
	str	r2, [r0, #84]
.Ltmp938:
	@DEBUG_VALUE: HAL_ADCEx_InjectedConfigChannel:tmp_hal_status <- $lr
	.loc	6 2134 26                       @ ../Drivers/STM32H7xx_HAL_Driver/Src/stm32h7xx_hal_adc_ex.c:2134:26
	ldrb.w	r2, [r1, #48]
.Ltmp939:
	.loc	6 2134 9 is_stmt 0              @ ../Drivers/STM32H7xx_HAL_Driver/Src/stm32h7xx_hal_adc_ex.c:2134:9
	cmp	r2, #1
.Ltmp940:
	.loc	6 0 0                           @ ../Drivers/STM32H7xx_HAL_Driver/Src/stm32h7xx_hal_adc_ex.c:0:0
	ldr	r2, [r3, #16]
.Ltmp941:
	.loc	6 2134 9                        @ ../Drivers/STM32H7xx_HAL_Driver/Src/stm32h7xx_hal_adc_ex.c:2134:9
	beq	.LBB24_35
.Ltmp942:
.LBB24_28:
	@DEBUG_VALUE: HAL_ADCEx_InjectedConfigChannel:tmp_hal_status <- $lr
	@DEBUG_VALUE: HAL_ADCEx_InjectedConfigChannel:wait_loop_index <- [DW_OP_deref] $sp
	@DEBUG_VALUE: HAL_ADCEx_InjectedConfigChannel:sConfigInjected <- $r1
	@DEBUG_VALUE: HAL_ADCEx_InjectedConfigChannel:hadc <- $r0
	.loc	6 2195 7 is_stmt 1              @ ../Drivers/STM32H7xx_HAL_Driver/Src/stm32h7xx_hal_adc_ex.c:2195:7
	bic	r2, r2, #2
	b	.LBB24_36
.Ltmp943:
	.loc	6 0 7 is_stmt 0                 @ :0:7
.Ltmp944:
	.p2align	2
.LBB24_29:
	@DEBUG_VALUE: HAL_ADCEx_InjectedConfigChannel:wait_loop_index <- [DW_OP_deref] $sp
	@DEBUG_VALUE: HAL_ADCEx_InjectedConfigChannel:tmp_hal_status <- 0
	@DEBUG_VALUE: HAL_ADCEx_InjectedConfigChannel:sConfigInjected <- $r1
	@DEBUG_VALUE: HAL_ADCEx_InjectedConfigChannel:hadc <- $r0
	mov.w	lr, #0
	.loc	6 2100 7 is_stmt 1              @ ../Drivers/STM32H7xx_HAL_Driver/Src/stm32h7xx_hal_adc_ex.c:2100:7
	b	.LBB24_50
.Ltmp945:
	.loc	6 0 7 is_stmt 0                 @ :0:7
.Ltmp946:
	.p2align	2
.LBB24_30:
	@DEBUG_VALUE: HAL_ADCEx_InjectedConfigChannel:wait_loop_index <- [DW_OP_deref] $sp
	@DEBUG_VALUE: HAL_ADCEx_InjectedConfigChannel:tmp_hal_status <- 0
	@DEBUG_VALUE: HAL_ADCEx_InjectedConfigChannel:sConfigInjected <- $r1
	@DEBUG_VALUE: HAL_ADCEx_InjectedConfigChannel:hadc <- $r0
	.loc	6 2108 28 is_stmt 1             @ ../Drivers/STM32H7xx_HAL_Driver/Src/stm32h7xx_hal_adc_ex.c:2108:28
	ldrb.w	r2, [r1, #37]
.Ltmp947:
	.loc	6 2108 11 is_stmt 0             @ ../Drivers/STM32H7xx_HAL_Driver/Src/stm32h7xx_hal_adc_ex.c:2108:11
	cmp	r2, #1
.Ltmp948:
	.loc	6 0 0                           @ ../Drivers/STM32H7xx_HAL_Driver/Src/stm32h7xx_hal_adc_ex.c:0:0
	ldr	r2, [r3, #12]
.Ltmp949:
	.loc	6 2108 11                       @ ../Drivers/STM32H7xx_HAL_Driver/Src/stm32h7xx_hal_adc_ex.c:2108:11
	bne	.LBB24_33
.Ltmp950:
@ %bb.31:
	@DEBUG_VALUE: HAL_ADCEx_InjectedConfigChannel:wait_loop_index <- [DW_OP_deref] $sp
	@DEBUG_VALUE: HAL_ADCEx_InjectedConfigChannel:tmp_hal_status <- 0
	@DEBUG_VALUE: HAL_ADCEx_InjectedConfigChannel:sConfigInjected <- $r1
	@DEBUG_VALUE: HAL_ADCEx_InjectedConfigChannel:hadc <- $r0
	.loc	6 2110 9 is_stmt 1              @ ../Drivers/STM32H7xx_HAL_Driver/Src/stm32h7xx_hal_adc_ex.c:2110:9
	orr	r2, r2, #33554432
	b	.LBB24_34
.Ltmp951:
	.loc	6 0 9 is_stmt 0                 @ :0:9
.Ltmp952:
	.p2align	2
.LBB24_32:
	@DEBUG_VALUE: HAL_ADCEx_InjectedConfigChannel:wait_loop_index <- [DW_OP_deref] $sp
	@DEBUG_VALUE: HAL_ADCEx_InjectedConfigChannel:tmp_hal_status <- 0
	@DEBUG_VALUE: HAL_ADCEx_InjectedConfigChannel:sConfigInjected <- $r1
	@DEBUG_VALUE: HAL_ADCEx_InjectedConfigChannel:hadc <- $r0
	.loc	6 2130 9 is_stmt 1              @ ../Drivers/STM32H7xx_HAL_Driver/Src/stm32h7xx_hal_adc_ex.c:2130:9
	ldr	r2, [r3, #12]
.Ltmp953:
.LBB24_33:
	@DEBUG_VALUE: HAL_ADCEx_InjectedConfigChannel:wait_loop_index <- [DW_OP_deref] $sp
	@DEBUG_VALUE: HAL_ADCEx_InjectedConfigChannel:tmp_hal_status <- 0
	@DEBUG_VALUE: HAL_ADCEx_InjectedConfigChannel:sConfigInjected <- $r1
	@DEBUG_VALUE: HAL_ADCEx_InjectedConfigChannel:hadc <- $r0
	.loc	6 0 0 is_stmt 0                 @ ../Drivers/STM32H7xx_HAL_Driver/Src/stm32h7xx_hal_adc_ex.c:0:0
	bic	r2, r2, #33554432
.Ltmp954:
.LBB24_34:
	@DEBUG_VALUE: HAL_ADCEx_InjectedConfigChannel:wait_loop_index <- [DW_OP_deref] $sp
	@DEBUG_VALUE: HAL_ADCEx_InjectedConfigChannel:tmp_hal_status <- 0
	@DEBUG_VALUE: HAL_ADCEx_InjectedConfigChannel:sConfigInjected <- $r1
	@DEBUG_VALUE: HAL_ADCEx_InjectedConfigChannel:hadc <- $r0
	mov.w	lr, #0
	str	r2, [r3, #12]
.Ltmp955:
	@DEBUG_VALUE: HAL_ADCEx_InjectedConfigChannel:tmp_hal_status <- $lr
	.loc	6 2134 26 is_stmt 1             @ ../Drivers/STM32H7xx_HAL_Driver/Src/stm32h7xx_hal_adc_ex.c:2134:26
	ldrb.w	r2, [r1, #48]
.Ltmp956:
	.loc	6 2134 9 is_stmt 0              @ ../Drivers/STM32H7xx_HAL_Driver/Src/stm32h7xx_hal_adc_ex.c:2134:9
	cmp	r2, #1
.Ltmp957:
	.loc	6 0 0                           @ ../Drivers/STM32H7xx_HAL_Driver/Src/stm32h7xx_hal_adc_ex.c:0:0
	ldr	r2, [r3, #16]
.Ltmp958:
	.loc	6 2134 9                        @ ../Drivers/STM32H7xx_HAL_Driver/Src/stm32h7xx_hal_adc_ex.c:2134:9
	bne	.LBB24_28
.Ltmp959:
.LBB24_35:
	@DEBUG_VALUE: HAL_ADCEx_InjectedConfigChannel:tmp_hal_status <- $lr
	@DEBUG_VALUE: HAL_ADCEx_InjectedConfigChannel:wait_loop_index <- [DW_OP_deref] $sp
	@DEBUG_VALUE: HAL_ADCEx_InjectedConfigChannel:sConfigInjected <- $r1
	@DEBUG_VALUE: HAL_ADCEx_InjectedConfigChannel:hadc <- $r0
	.loc	6 0 9                           @ ../Drivers/STM32H7xx_HAL_Driver/Src/stm32h7xx_hal_adc_ex.c:0:9
	movw	r4, #65053
	movt	r4, #64512
.Ltmp960:
	.loc	6 2182 7 is_stmt 1              @ ../Drivers/STM32H7xx_HAL_Driver/Src/stm32h7xx_hal_adc_ex.c:2182:7
	ldrd	r5, r6, [r1, #52]
	ands	r2, r4
	movs	r4, #2
	movt	r4, #65535
	orrs	r2, r6
	add.w	r4, r4, r5, lsl #16
	orrs	r2, r4
.Ltmp961:
.LBB24_36:
	@DEBUG_VALUE: HAL_ADCEx_InjectedConfigChannel:tmp_hal_status <- $lr
	@DEBUG_VALUE: HAL_ADCEx_InjectedConfigChannel:wait_loop_index <- [DW_OP_deref] $sp
	@DEBUG_VALUE: HAL_ADCEx_InjectedConfigChannel:sConfigInjected <- $r1
	@DEBUG_VALUE: HAL_ADCEx_InjectedConfigChannel:hadc <- $r0
	.loc	6 0 0 is_stmt 0                 @ ../Drivers/STM32H7xx_HAL_Driver/Src/stm32h7xx_hal_adc_ex.c:0:0
	str	r2, [r3, #16]
	movs	r6, #7
.Ltmp962:
	.loc	6 2199 68 is_stmt 1             @ ../Drivers/STM32H7xx_HAL_Driver/Src/stm32h7xx_hal_adc_ex.c:2199:68
	ldr	r2, [r1]
	.loc	6 2199 102 is_stmt 0            @ ../Drivers/STM32H7xx_HAL_Driver/Src/stm32h7xx_hal_adc_ex.c:2199:102
	ldr	r5, [r1, #8]
.Ltmp963:
	@DEBUG_VALUE: LL_ADC_SetChannelSamplingTime:SamplingTime <- $r5
	.loc	7 5415 25 is_stmt 1             @ ../Drivers/STM32H7xx_HAL_Driver/Inc\stm32h7xx_ll_adc.h:5415:25
	ubfx	r4, r2, #25, #1
.Ltmp964:
	@DEBUG_VALUE: LL_ADC_SetChannelSamplingTime:Channel <- $r2
	@DEBUG_VALUE: LL_ADC_SetChannelSamplingTime:ADCx <- $r3
	.loc	7 5417 3                        @ ../Drivers/STM32H7xx_HAL_Driver/Inc\stm32h7xx_ll_adc.h:5417:3
	ubfx	r2, r2, #20, #5
.Ltmp965:
	.loc	7 5415 25                       @ ../Drivers/STM32H7xx_HAL_Driver/Inc\stm32h7xx_ll_adc.h:5415:25
	add.w	r4, r3, r4, lsl #2
.Ltmp966:
	@DEBUG_VALUE: LL_ADC_SetChannelSamplingTime:preg <- [DW_OP_plus_uconst 20, DW_OP_stack_value] $r4
	.loc	7 5417 3                        @ ../Drivers/STM32H7xx_HAL_Driver/Inc\stm32h7xx_ll_adc.h:5417:3
	lsls	r6, r2
	ldr	r7, [r4, #20]
	lsl.w	r2, r5, r2
	bic.w	r6, r7, r6
	orrs	r2, r6
	str	r2, [r4, #20]
	movw	r2, #4096
	movt	r2, #23552
.Ltmp967:
	.loc	6 2213 26                       @ ../Drivers/STM32H7xx_HAL_Driver/Src/stm32h7xx_hal_adc_ex.c:2213:26
	ldr	r2, [r2]
	and	r2, r2, #-268435456
	cmp.w	r2, #268435456
	bne	.LBB24_46
.Ltmp968:
@ %bb.37:
	@DEBUG_VALUE: HAL_ADCEx_InjectedConfigChannel:tmp_hal_status <- $lr
	@DEBUG_VALUE: HAL_ADCEx_InjectedConfigChannel:wait_loop_index <- [DW_OP_deref] $sp
	@DEBUG_VALUE: HAL_ADCEx_InjectedConfigChannel:sConfigInjected <- $r1
	@DEBUG_VALUE: HAL_ADCEx_InjectedConfigChannel:hadc <- $r0
	ldr	r2, [r1, #20]
	ldr	r4, [r3, #12]
	movs	r5, #14
	and.w	r4, r5, r4, lsr #1
	lsls	r2, r4
.Ltmp969:
	@DEBUG_VALUE: HAL_ADCEx_InjectedConfigChannel:tmpOffsetShifted <- $r2
	.loc	6 2216 26                       @ ../Drivers/STM32H7xx_HAL_Driver/Src/stm32h7xx_hal_adc_ex.c:2216:26
	ldr	r4, [r1, #16]
.Ltmp970:
	.loc	6 2216 9 is_stmt 0              @ ../Drivers/STM32H7xx_HAL_Driver/Src/stm32h7xx_hal_adc_ex.c:2216:9
	cmp	r4, #4
	bne.w	.LBB24_49
.Ltmp971:
.LBB24_38:
	@DEBUG_VALUE: HAL_ADCEx_InjectedConfigChannel:tmpOffsetShifted <- $r2
	@DEBUG_VALUE: HAL_ADCEx_InjectedConfigChannel:tmp_hal_status <- $lr
	@DEBUG_VALUE: HAL_ADCEx_InjectedConfigChannel:wait_loop_index <- [DW_OP_deref] $sp
	@DEBUG_VALUE: HAL_ADCEx_InjectedConfigChannel:sConfigInjected <- $r1
	@DEBUG_VALUE: HAL_ADCEx_InjectedConfigChannel:hadc <- $r0
	@DEBUG_VALUE: LL_ADC_GetOffsetChannel:ADCx <- $r3
	@DEBUG_VALUE: LL_ADC_GetOffsetChannel:Offsety <- 0
	@DEBUG_VALUE: LL_ADC_GetOffsetChannel:preg <- [DW_OP_plus_uconst 96, DW_OP_stack_value] $r3
	.loc	7 3465 21 is_stmt 1             @ ../Drivers/STM32H7xx_HAL_Driver/Inc\stm32h7xx_ll_adc.h:3465:21
	ldr	r2, [r3, #96]
.Ltmp972:
	@DEBUG_VALUE: LL_ADC_GetOffsetChannel:preg <- [DW_OP_plus_uconst 96, DW_OP_stack_value] $r3
	@DEBUG_VALUE: LL_ADC_GetOffsetChannel:Offsety <- 0
	@DEBUG_VALUE: LL_ADC_GetOffsetChannel:ADCx <- $r3
	.loc	7 3465 21 is_stmt 0             @ ../Drivers/STM32H7xx_HAL_Driver/Inc\stm32h7xx_ll_adc.h:3465:21
	ldr	r7, [r3, #96]
.Ltmp973:
	.loc	6 2265 105 is_stmt 1            @ ../Drivers/STM32H7xx_HAL_Driver/Src/stm32h7xx_hal_adc_ex.c:2265:105
	ldr	r2, [r1]
	ands.w	r8, r2, r12
	rbit	r6, r2
	clz	r4, r6
	ubfx	r5, r2, #26, #5
	mov	r6, r4
	it	eq
	moveq	r6, r5
	.loc	6 2265 13 is_stmt 0             @ ../Drivers/STM32H7xx_HAL_Driver/Src/stm32h7xx_hal_adc_ex.c:2265:13
	ubfx	r7, r7, #26, #5
.Ltmp974:
	.loc	6 2265 13                       @ ../Drivers/STM32H7xx_HAL_Driver/Src/stm32h7xx_hal_adc_ex.c:2265:13
	cmp	r7, r6
	bne	.LBB24_40
.Ltmp975:
@ %bb.39:
	@DEBUG_VALUE: HAL_ADCEx_InjectedConfigChannel:tmp_hal_status <- $lr
	@DEBUG_VALUE: HAL_ADCEx_InjectedConfigChannel:wait_loop_index <- [DW_OP_deref] $sp
	@DEBUG_VALUE: HAL_ADCEx_InjectedConfigChannel:sConfigInjected <- $r1
	@DEBUG_VALUE: HAL_ADCEx_InjectedConfigChannel:hadc <- $r0
	@DEBUG_VALUE: LL_ADC_SetOffset:ADCx <- $r3
	@DEBUG_VALUE: LL_ADC_SetOffset:Offsety <- 0
	@DEBUG_VALUE: LL_ADC_SetOffset:Channel <- $r2
	@DEBUG_VALUE: LL_ADC_SetOffset:OffsetLevel <- 0
	@DEBUG_VALUE: LL_ADC_SetOffset:preg <- [DW_OP_plus_uconst 96, DW_OP_stack_value] $r3
	.loc	7 3392 5 is_stmt 1              @ ../Drivers/STM32H7xx_HAL_Driver/Inc\stm32h7xx_ll_adc.h:3392:5
	ldr	r4, [r3, #96]
	and	r2, r2, #2080374784
.Ltmp976:
	and	r4, r4, #-2147483648
	add	r2, r4
	str	r2, [r3, #96]
.Ltmp977:
	.loc	6 2269 105                      @ ../Drivers/STM32H7xx_HAL_Driver/Src/stm32h7xx_hal_adc_ex.c:2269:105
	ldr	r2, [r1]
	and.w	r8, r2, r12
	ubfx	r5, r2, #26, #5
	rbit	r4, r2
	clz	r4, r4
.Ltmp978:
.LBB24_40:
	@DEBUG_VALUE: HAL_ADCEx_InjectedConfigChannel:tmp_hal_status <- $lr
	@DEBUG_VALUE: HAL_ADCEx_InjectedConfigChannel:wait_loop_index <- [DW_OP_deref] $sp
	@DEBUG_VALUE: HAL_ADCEx_InjectedConfigChannel:sConfigInjected <- $r1
	@DEBUG_VALUE: HAL_ADCEx_InjectedConfigChannel:hadc <- $r0
	@DEBUG_VALUE: LL_ADC_GetOffsetChannel:ADCx <- $r3
	@DEBUG_VALUE: LL_ADC_GetOffsetChannel:Offsety <- 1
	@DEBUG_VALUE: LL_ADC_GetOffsetChannel:preg <- [DW_OP_plus_uconst 96, DW_OP_plus_uconst 4, DW_OP_stack_value] $r3
	.loc	7 3465 21                       @ ../Drivers/STM32H7xx_HAL_Driver/Inc\stm32h7xx_ll_adc.h:3465:21
	ldr	r6, [r3, #100]
.Ltmp979:
	@DEBUG_VALUE: LL_ADC_GetOffsetChannel:preg <- [DW_OP_plus_uconst 100, DW_OP_stack_value] $r3
	@DEBUG_VALUE: LL_ADC_GetOffsetChannel:Offsety <- 1
	@DEBUG_VALUE: LL_ADC_GetOffsetChannel:ADCx <- $r3
	.loc	6 2269 105                      @ ../Drivers/STM32H7xx_HAL_Driver/Src/stm32h7xx_hal_adc_ex.c:2269:105
	mov	r7, r4
.Ltmp980:
	.loc	7 3465 21                       @ ../Drivers/STM32H7xx_HAL_Driver/Inc\stm32h7xx_ll_adc.h:3465:21
	ldr	r6, [r3, #100]
.Ltmp981:
	.loc	6 2269 105                      @ ../Drivers/STM32H7xx_HAL_Driver/Src/stm32h7xx_hal_adc_ex.c:2269:105
	cmp.w	r8, #0
	it	eq
	moveq	r7, r5
	.loc	6 2269 13 is_stmt 0             @ ../Drivers/STM32H7xx_HAL_Driver/Src/stm32h7xx_hal_adc_ex.c:2269:13
	ubfx	r6, r6, #26, #5
.Ltmp982:
	.loc	6 2269 13                       @ ../Drivers/STM32H7xx_HAL_Driver/Src/stm32h7xx_hal_adc_ex.c:2269:13
	cmp	r6, r7
	bne	.LBB24_42
.Ltmp983:
@ %bb.41:
	@DEBUG_VALUE: HAL_ADCEx_InjectedConfigChannel:tmp_hal_status <- $lr
	@DEBUG_VALUE: HAL_ADCEx_InjectedConfigChannel:wait_loop_index <- [DW_OP_deref] $sp
	@DEBUG_VALUE: HAL_ADCEx_InjectedConfigChannel:sConfigInjected <- $r1
	@DEBUG_VALUE: HAL_ADCEx_InjectedConfigChannel:hadc <- $r0
	@DEBUG_VALUE: LL_ADC_SetOffset:ADCx <- $r3
	@DEBUG_VALUE: LL_ADC_SetOffset:Offsety <- 1
	@DEBUG_VALUE: LL_ADC_SetOffset:Channel <- $r2
	@DEBUG_VALUE: LL_ADC_SetOffset:OffsetLevel <- 0
	@DEBUG_VALUE: LL_ADC_SetOffset:preg <- [DW_OP_plus_uconst 96, DW_OP_plus_uconst 4, DW_OP_stack_value] $r3
	.loc	7 3392 5 is_stmt 1              @ ../Drivers/STM32H7xx_HAL_Driver/Inc\stm32h7xx_ll_adc.h:3392:5
	ldr	r4, [r3, #100]
	and	r2, r2, #2080374784
.Ltmp984:
	and	r4, r4, #-2147483648
	add	r2, r4
	str	r2, [r3, #100]
.Ltmp985:
	.loc	6 2273 105                      @ ../Drivers/STM32H7xx_HAL_Driver/Src/stm32h7xx_hal_adc_ex.c:2273:105
	ldr	r2, [r1]
	and.w	r8, r2, r12
	ubfx	r5, r2, #26, #5
	rbit	r4, r2
	clz	r4, r4
.Ltmp986:
.LBB24_42:
	@DEBUG_VALUE: HAL_ADCEx_InjectedConfigChannel:tmp_hal_status <- $lr
	@DEBUG_VALUE: HAL_ADCEx_InjectedConfigChannel:wait_loop_index <- [DW_OP_deref] $sp
	@DEBUG_VALUE: HAL_ADCEx_InjectedConfigChannel:sConfigInjected <- $r1
	@DEBUG_VALUE: HAL_ADCEx_InjectedConfigChannel:hadc <- $r0
	@DEBUG_VALUE: LL_ADC_GetOffsetChannel:ADCx <- $r3
	@DEBUG_VALUE: LL_ADC_GetOffsetChannel:Offsety <- 2
	@DEBUG_VALUE: LL_ADC_GetOffsetChannel:preg <- [DW_OP_plus_uconst 96, DW_OP_plus_uconst 8, DW_OP_stack_value] $r3
	.loc	7 3465 21                       @ ../Drivers/STM32H7xx_HAL_Driver/Inc\stm32h7xx_ll_adc.h:3465:21
	ldr	r6, [r3, #104]
.Ltmp987:
	@DEBUG_VALUE: LL_ADC_GetOffsetChannel:preg <- [DW_OP_plus_uconst 104, DW_OP_stack_value] $r3
	@DEBUG_VALUE: LL_ADC_GetOffsetChannel:Offsety <- 2
	@DEBUG_VALUE: LL_ADC_GetOffsetChannel:ADCx <- $r3
	.loc	6 2273 105                      @ ../Drivers/STM32H7xx_HAL_Driver/Src/stm32h7xx_hal_adc_ex.c:2273:105
	mov	r7, r4
.Ltmp988:
	.loc	7 3465 21                       @ ../Drivers/STM32H7xx_HAL_Driver/Inc\stm32h7xx_ll_adc.h:3465:21
	ldr	r6, [r3, #104]
.Ltmp989:
	.loc	6 2273 105                      @ ../Drivers/STM32H7xx_HAL_Driver/Src/stm32h7xx_hal_adc_ex.c:2273:105
	cmp.w	r8, #0
	it	eq
	moveq	r7, r5
	.loc	6 2273 13 is_stmt 0             @ ../Drivers/STM32H7xx_HAL_Driver/Src/stm32h7xx_hal_adc_ex.c:2273:13
	ubfx	r6, r6, #26, #5
.Ltmp990:
	.loc	6 2273 13                       @ ../Drivers/STM32H7xx_HAL_Driver/Src/stm32h7xx_hal_adc_ex.c:2273:13
	cmp	r6, r7
	bne	.LBB24_44
.Ltmp991:
@ %bb.43:
	@DEBUG_VALUE: HAL_ADCEx_InjectedConfigChannel:tmp_hal_status <- $lr
	@DEBUG_VALUE: HAL_ADCEx_InjectedConfigChannel:wait_loop_index <- [DW_OP_deref] $sp
	@DEBUG_VALUE: HAL_ADCEx_InjectedConfigChannel:sConfigInjected <- $r1
	@DEBUG_VALUE: HAL_ADCEx_InjectedConfigChannel:hadc <- $r0
	@DEBUG_VALUE: LL_ADC_SetOffset:ADCx <- $r3
	@DEBUG_VALUE: LL_ADC_SetOffset:Offsety <- 3
	@DEBUG_VALUE: LL_ADC_SetOffset:Channel <- $r2
	@DEBUG_VALUE: LL_ADC_SetOffset:OffsetLevel <- 0
	@DEBUG_VALUE: LL_ADC_SetOffset:preg <- [DW_OP_plus_uconst 96, DW_OP_plus_uconst 12, DW_OP_stack_value] $r3
	.loc	7 3392 5 is_stmt 1              @ ../Drivers/STM32H7xx_HAL_Driver/Inc\stm32h7xx_ll_adc.h:3392:5
	ldr	r4, [r3, #108]
	and	r2, r2, #2080374784
.Ltmp992:
	and	r4, r4, #-2147483648
	add	r2, r4
	str	r2, [r3, #108]
.Ltmp993:
	.loc	6 2277 105                      @ ../Drivers/STM32H7xx_HAL_Driver/Src/stm32h7xx_hal_adc_ex.c:2277:105
	ldr	r2, [r1]
	and.w	r8, r2, r12
	ubfx	r5, r2, #26, #5
	rbit	r4, r2
	clz	r4, r4
.Ltmp994:
.LBB24_44:
	@DEBUG_VALUE: HAL_ADCEx_InjectedConfigChannel:tmp_hal_status <- $lr
	@DEBUG_VALUE: HAL_ADCEx_InjectedConfigChannel:wait_loop_index <- [DW_OP_deref] $sp
	@DEBUG_VALUE: HAL_ADCEx_InjectedConfigChannel:sConfigInjected <- $r1
	@DEBUG_VALUE: HAL_ADCEx_InjectedConfigChannel:hadc <- $r0
	@DEBUG_VALUE: LL_ADC_GetOffsetChannel:ADCx <- $r3
	@DEBUG_VALUE: LL_ADC_GetOffsetChannel:Offsety <- 3
	@DEBUG_VALUE: LL_ADC_GetOffsetChannel:preg <- [DW_OP_plus_uconst 96, DW_OP_plus_uconst 12, DW_OP_stack_value] $r3
	.loc	7 3465 21                       @ ../Drivers/STM32H7xx_HAL_Driver/Inc\stm32h7xx_ll_adc.h:3465:21
	ldr	r6, [r3, #108]
.Ltmp995:
	@DEBUG_VALUE: LL_ADC_GetOffsetChannel:preg <- [DW_OP_plus_uconst 96, DW_OP_plus_uconst 12, DW_OP_stack_value] $r3
	@DEBUG_VALUE: LL_ADC_GetOffsetChannel:Offsety <- 3
	@DEBUG_VALUE: LL_ADC_GetOffsetChannel:ADCx <- $r3
	.loc	6 2277 105                      @ ../Drivers/STM32H7xx_HAL_Driver/Src/stm32h7xx_hal_adc_ex.c:2277:105
	cmp.w	r8, #0
.Ltmp996:
	.loc	7 3465 21                       @ ../Drivers/STM32H7xx_HAL_Driver/Inc\stm32h7xx_ll_adc.h:3465:21
	ldr	r6, [r3, #108]
.Ltmp997:
	.loc	6 2277 105                      @ ../Drivers/STM32H7xx_HAL_Driver/Src/stm32h7xx_hal_adc_ex.c:2277:105
	it	eq
	moveq	r4, r5
	.loc	6 2277 13 is_stmt 0             @ ../Drivers/STM32H7xx_HAL_Driver/Src/stm32h7xx_hal_adc_ex.c:2277:13
	ubfx	r5, r6, #26, #5
.Ltmp998:
	.loc	6 2277 13                       @ ../Drivers/STM32H7xx_HAL_Driver/Src/stm32h7xx_hal_adc_ex.c:2277:13
	cmp	r5, r4
	bne	.LBB24_50
.Ltmp999:
@ %bb.45:
	@DEBUG_VALUE: HAL_ADCEx_InjectedConfigChannel:tmp_hal_status <- $lr
	@DEBUG_VALUE: HAL_ADCEx_InjectedConfigChannel:wait_loop_index <- [DW_OP_deref] $sp
	@DEBUG_VALUE: HAL_ADCEx_InjectedConfigChannel:sConfigInjected <- $r1
	@DEBUG_VALUE: HAL_ADCEx_InjectedConfigChannel:hadc <- $r0
	@DEBUG_VALUE: LL_ADC_SetOffset:ADCx <- $r3
	@DEBUG_VALUE: LL_ADC_SetOffset:Offsety <- 3
	@DEBUG_VALUE: LL_ADC_SetOffset:Channel <- $r2
	@DEBUG_VALUE: LL_ADC_SetOffset:OffsetLevel <- 0
	@DEBUG_VALUE: LL_ADC_SetOffset:preg <- [DW_OP_plus_uconst 96, DW_OP_plus_uconst 12, DW_OP_stack_value] $r3
	.loc	7 3392 5 is_stmt 1              @ ../Drivers/STM32H7xx_HAL_Driver/Inc\stm32h7xx_ll_adc.h:3392:5
	ldr	r4, [r3, #108]
	and	r2, r2, #2080374784
.Ltmp1000:
	and	r4, r4, #-2147483648
	add	r2, r4
	str	r2, [r3, #108]
	b	.LBB24_50
.Ltmp1001:
	.loc	7 0 5 is_stmt 0                 @ :0:5
.Ltmp1002:
	.p2align	2
.LBB24_46:
	@DEBUG_VALUE: HAL_ADCEx_InjectedConfigChannel:tmp_hal_status <- $lr
	@DEBUG_VALUE: HAL_ADCEx_InjectedConfigChannel:wait_loop_index <- [DW_OP_deref] $sp
	@DEBUG_VALUE: HAL_ADCEx_InjectedConfigChannel:sConfigInjected <- $r1
	@DEBUG_VALUE: HAL_ADCEx_InjectedConfigChannel:hadc <- $r0
	.loc	6 2213 26 is_stmt 1             @ ../Drivers/STM32H7xx_HAL_Driver/Src/stm32h7xx_hal_adc_ex.c:2213:26
	ldr	r4, [r3, #12]
	ldr	r2, [r1, #20]
	ldr	r5, [r3, #12]
	lsls	r4, r4, #27
	lsr.w	r4, r5, #1
	bmi	.LBB24_48
.Ltmp1003:
@ %bb.47:
	@DEBUG_VALUE: HAL_ADCEx_InjectedConfigChannel:tmp_hal_status <- $lr
	@DEBUG_VALUE: HAL_ADCEx_InjectedConfigChannel:wait_loop_index <- [DW_OP_deref] $sp
	@DEBUG_VALUE: HAL_ADCEx_InjectedConfigChannel:sConfigInjected <- $r1
	@DEBUG_VALUE: HAL_ADCEx_InjectedConfigChannel:hadc <- $r0
	and	r4, r4, #14
	lsls	r2, r4
.Ltmp1004:
	@DEBUG_VALUE: HAL_ADCEx_InjectedConfigChannel:tmpOffsetShifted <- $r2
	.loc	6 2216 26                       @ ../Drivers/STM32H7xx_HAL_Driver/Src/stm32h7xx_hal_adc_ex.c:2216:26
	ldr	r4, [r1, #16]
.Ltmp1005:
	.loc	6 2216 9 is_stmt 0              @ ../Drivers/STM32H7xx_HAL_Driver/Src/stm32h7xx_hal_adc_ex.c:2216:9
	cmp	r4, #4
	beq	.LBB24_38
	b	.LBB24_49
.Ltmp1006:
	.loc	6 0 9                           @ :0:9
.Ltmp1007:
	.p2align	2
.LBB24_48:
	@DEBUG_VALUE: HAL_ADCEx_InjectedConfigChannel:tmp_hal_status <- $lr
	@DEBUG_VALUE: HAL_ADCEx_InjectedConfigChannel:wait_loop_index <- [DW_OP_deref] $sp
	@DEBUG_VALUE: HAL_ADCEx_InjectedConfigChannel:sConfigInjected <- $r1
	@DEBUG_VALUE: HAL_ADCEx_InjectedConfigChannel:hadc <- $r0
	.loc	6 2213 26 is_stmt 1             @ ../Drivers/STM32H7xx_HAL_Driver/Src/stm32h7xx_hal_adc_ex.c:2213:26
	and	r4, r4, #8
	lsls	r2, r4
.Ltmp1008:
	@DEBUG_VALUE: HAL_ADCEx_InjectedConfigChannel:tmpOffsetShifted <- $r2
	.loc	6 2216 26                       @ ../Drivers/STM32H7xx_HAL_Driver/Src/stm32h7xx_hal_adc_ex.c:2216:26
	ldr	r4, [r1, #16]
.Ltmp1009:
	.loc	6 2216 9 is_stmt 0              @ ../Drivers/STM32H7xx_HAL_Driver/Src/stm32h7xx_hal_adc_ex.c:2216:9
	cmp	r4, #4
	beq.w	.LBB24_38
.Ltmp1010:
.LBB24_49:
	@DEBUG_VALUE: HAL_ADCEx_InjectedConfigChannel:tmpOffsetShifted <- $r2
	@DEBUG_VALUE: HAL_ADCEx_InjectedConfigChannel:tmp_hal_status <- $lr
	@DEBUG_VALUE: HAL_ADCEx_InjectedConfigChannel:wait_loop_index <- [DW_OP_deref] $sp
	@DEBUG_VALUE: HAL_ADCEx_InjectedConfigChannel:sConfigInjected <- $r1
	@DEBUG_VALUE: HAL_ADCEx_InjectedConfigChannel:hadc <- $r0
	.loc	7 3381 25 is_stmt 1             @ ../Drivers/STM32H7xx_HAL_Driver/Inc\stm32h7xx_ll_adc.h:3381:25
	add.w	r5, r3, #96
.Ltmp1011:
	@DEBUG_VALUE: LL_ADC_SetOffset:preg <- undef
	.loc	6 2219 96                       @ ../Drivers/STM32H7xx_HAL_Driver/Src/stm32h7xx_hal_adc_ex.c:2219:96
	ldr	r6, [r1]
.Ltmp1012:
	@DEBUG_VALUE: LL_ADC_SetOffset:OffsetLevel <- $r2
	@DEBUG_VALUE: LL_ADC_SetOffset:Offsety <- $r4
	@DEBUG_VALUE: LL_ADC_SetOffset:ADCx <- $r3
	@DEBUG_VALUE: LL_ADC_SetOffset:Channel <- $r6
	.loc	7 3392 5                        @ ../Drivers/STM32H7xx_HAL_Driver/Inc\stm32h7xx_ll_adc.h:3392:5
	and	r6, r6, #2080374784
.Ltmp1013:
	ldr.w	r7, [r5, r4, lsl #2]
	orrs	r2, r6
.Ltmp1014:
	and	r7, r7, #-2147483648
	orrs	r2, r7
	str.w	r2, [r5, r4, lsl #2]
.Ltmp1015:
	.loc	6 2232 75                       @ ../Drivers/STM32H7xx_HAL_Driver/Src/stm32h7xx_hal_adc_ex.c:2232:75
	ldr	r2, [r1, #16]
	.loc	6 2232 115 is_stmt 0            @ ../Drivers/STM32H7xx_HAL_Driver/Src/stm32h7xx_hal_adc_ex.c:2232:115
	ldrb	r4, [r1, #28]
.Ltmp1016:
	@DEBUG_VALUE: preg <- undef
	@DEBUG_VALUE: LL_ADC_SetOffsetSignedSaturation:OffsetSignedSaturation <- undef
	@DEBUG_VALUE: LL_ADC_SetOffsetSignedSaturation:Offsety <- $r2
	@DEBUG_VALUE: LL_ADC_SetOffsetSignedSaturation:ADCx <- $r3
	.loc	7 3563 5 is_stmt 1              @ ../Drivers/STM32H7xx_HAL_Driver/Inc\stm32h7xx_ll_adc.h:3563:5
	cmp	r4, #1
	ldr.w	r6, [r5, r2, lsl #2]
	bic	r6, r6, #-2147483648
	it	eq
	addeq.w	r6, r6, #-2147483648
	str.w	r6, [r5, r2, lsl #2]
.Ltmp1017:
.LBB24_50:
	@DEBUG_VALUE: HAL_ADCEx_InjectedConfigChannel:wait_loop_index <- [DW_OP_deref] $sp
	@DEBUG_VALUE: HAL_ADCEx_InjectedConfigChannel:sConfigInjected <- $r1
	@DEBUG_VALUE: HAL_ADCEx_InjectedConfigChannel:hadc <- $r0
	@DEBUG_VALUE: HAL_ADCEx_InjectedConfigChannel:tmp_hal_status <- $lr
	@DEBUG_VALUE: LL_ADC_IsEnabled:ADCx <- $r3
	.loc	7 6943 12                       @ ../Drivers/STM32H7xx_HAL_Driver/Inc\stm32h7xx_ll_adc.h:6943:12
	ldr	r2, [r3, #8]
.Ltmp1018:
	.loc	6 2290 7                        @ ../Drivers/STM32H7xx_HAL_Driver/Src/stm32h7xx_hal_adc_ex.c:2290:7
	lsls	r2, r2, #31
	bne.w	.LBB24_76
.Ltmp1019:
@ %bb.51:
	@DEBUG_VALUE: HAL_ADCEx_InjectedConfigChannel:tmp_hal_status <- $lr
	@DEBUG_VALUE: HAL_ADCEx_InjectedConfigChannel:wait_loop_index <- [DW_OP_deref] $sp
	@DEBUG_VALUE: HAL_ADCEx_InjectedConfigChannel:sConfigInjected <- $r1
	@DEBUG_VALUE: HAL_ADCEx_InjectedConfigChannel:hadc <- $r0
	.loc	6 2293 66                       @ ../Drivers/STM32H7xx_HAL_Driver/Src/stm32h7xx_hal_adc_ex.c:2293:66
	ldr	r2, [r1]
	movs	r4, #0
	.loc	6 2293 100 is_stmt 0            @ ../Drivers/STM32H7xx_HAL_Driver/Src/stm32h7xx_hal_adc_ex.c:2293:100
	ldr	r1, [r1, #12]
.Ltmp1020:
	@DEBUG_VALUE: HAL_ADCEx_InjectedConfigChannel:sConfigInjected <- [DW_OP_LLVM_entry_value 1] $r1
	@DEBUG_VALUE: LL_ADC_SetChannelSingleDiff:Channel <- $r2
	@DEBUG_VALUE: LL_ADC_SetChannelSingleDiff:ADCx <- $r3
	@DEBUG_VALUE: LL_ADC_SetChannelSingleDiff:SingleDiff <- $r1
	.loc	7 5577 3 is_stmt 1              @ ../Drivers/STM32H7xx_HAL_Driver/Inc\stm32h7xx_ll_adc.h:5577:3
	ldr.w	r5, [r3, #192]
	and.w	r6, r2, r12
	movt	r4, #18258
	bics	r5, r6
	and	r6, r1, #24
	lsr.w	r7, r12, r6
.Ltmp1021:
	.loc	6 2297 45                       @ ../Drivers/STM32H7xx_HAL_Driver/Src/stm32h7xx_hal_adc_ex.c:2297:45
	add.w	r6, r4, #11337728
.Ltmp1022:
	.loc	7 5577 3                        @ ../Drivers/STM32H7xx_HAL_Driver/Inc\stm32h7xx_ll_adc.h:5577:3
	ands	r7, r2
.Ltmp1023:
	.loc	6 2297 9                        @ ../Drivers/STM32H7xx_HAL_Driver/Src/stm32h7xx_hal_adc_ex.c:2297:9
	cmp	r1, r6
.Ltmp1024:
	.loc	7 5577 3                        @ ../Drivers/STM32H7xx_HAL_Driver/Inc\stm32h7xx_ll_adc.h:5577:3
	orr.w	r1, r7, r5
.Ltmp1025:
	str.w	r1, [r3, #192]
.Ltmp1026:
	.loc	6 2297 9                        @ ../Drivers/STM32H7xx_HAL_Driver/Src/stm32h7xx_hal_adc_ex.c:2297:9
	bne	.LBB24_66
.Ltmp1027:
@ %bb.52:
	@DEBUG_VALUE: HAL_ADCEx_InjectedConfigChannel:sConfigInjected <- [DW_OP_LLVM_entry_value 1] $r1
	@DEBUG_VALUE: HAL_ADCEx_InjectedConfigChannel:tmp_hal_status <- $lr
	@DEBUG_VALUE: HAL_ADCEx_InjectedConfigChannel:wait_loop_index <- [DW_OP_deref] $sp
	@DEBUG_VALUE: HAL_ADCEx_InjectedConfigChannel:hadc <- $r0
	.loc	6 0 9 is_stmt 0                 @ ../Drivers/STM32H7xx_HAL_Driver/Src/stm32h7xx_hal_adc_ex.c:0:9
	movw	r1, #8448
	movt	r1, #16386
.Ltmp1028:
	.loc	6 2300 53 is_stmt 1             @ ../Drivers/STM32H7xx_HAL_Driver/Src/stm32h7xx_hal_adc_ex.c:2300:53
	cmp	r3, r1
	beq	.LBB24_59
.Ltmp1029:
@ %bb.53:
	@DEBUG_VALUE: HAL_ADCEx_InjectedConfigChannel:sConfigInjected <- [DW_OP_LLVM_entry_value 1] $r1
	@DEBUG_VALUE: HAL_ADCEx_InjectedConfigChannel:tmp_hal_status <- $lr
	@DEBUG_VALUE: HAL_ADCEx_InjectedConfigChannel:wait_loop_index <- [DW_OP_deref] $sp
	@DEBUG_VALUE: HAL_ADCEx_InjectedConfigChannel:hadc <- $r0
	.loc	6 0 53 is_stmt 0                @ ../Drivers/STM32H7xx_HAL_Driver/Src/stm32h7xx_hal_adc_ex.c:0:53
	movw	r1, #8192
	movt	r1, #16386
	.loc	6 2300 53                       @ ../Drivers/STM32H7xx_HAL_Driver/Src/stm32h7xx_hal_adc_ex.c:2300:53
	cmp	r3, r1
	bne	.LBB24_64
.Ltmp1030:
@ %bb.54:
	@DEBUG_VALUE: HAL_ADCEx_InjectedConfigChannel:sConfigInjected <- [DW_OP_LLVM_entry_value 1] $r1
	@DEBUG_VALUE: HAL_ADCEx_InjectedConfigChannel:tmp_hal_status <- $lr
	@DEBUG_VALUE: HAL_ADCEx_InjectedConfigChannel:wait_loop_index <- [DW_OP_deref] $sp
	@DEBUG_VALUE: HAL_ADCEx_InjectedConfigChannel:hadc <- $r0
	.loc	6 0 53                          @ ../Drivers/STM32H7xx_HAL_Driver/Src/stm32h7xx_hal_adc_ex.c:0:53
	movs	r1, #31
	movt	r1, #5360
	.loc	6 2300 53                       @ ../Drivers/STM32H7xx_HAL_Driver/Src/stm32h7xx_hal_adc_ex.c:2300:53
	cmp	r2, r1
	ble.w	.LBB24_81
.Ltmp1031:
@ %bb.55:
	@DEBUG_VALUE: HAL_ADCEx_InjectedConfigChannel:sConfigInjected <- [DW_OP_LLVM_entry_value 1] $r1
	@DEBUG_VALUE: HAL_ADCEx_InjectedConfigChannel:tmp_hal_status <- $lr
	@DEBUG_VALUE: HAL_ADCEx_InjectedConfigChannel:wait_loop_index <- [DW_OP_deref] $sp
	@DEBUG_VALUE: HAL_ADCEx_InjectedConfigChannel:hadc <- $r0
	.loc	6 0 53                          @ ../Drivers/STM32H7xx_HAL_Driver/Src/stm32h7xx_hal_adc_ex.c:0:53
	movw	r1, #2047
	movt	r1, #11824
	.loc	6 2300 53                       @ ../Drivers/STM32H7xx_HAL_Driver/Src/stm32h7xx_hal_adc_ex.c:2300:53
	cmp	r2, r1
	ble.w	.LBB24_78
.Ltmp1032:
@ %bb.56:
	@DEBUG_VALUE: HAL_ADCEx_InjectedConfigChannel:sConfigInjected <- [DW_OP_LLVM_entry_value 1] $r1
	@DEBUG_VALUE: HAL_ADCEx_InjectedConfigChannel:tmp_hal_status <- $lr
	@DEBUG_VALUE: HAL_ADCEx_InjectedConfigChannel:wait_loop_index <- [DW_OP_deref] $sp
	@DEBUG_VALUE: HAL_ADCEx_InjectedConfigChannel:hadc <- $r0
	.loc	6 0 53                          @ ../Drivers/STM32H7xx_HAL_Driver/Src/stm32h7xx_hal_adc_ex.c:0:53
	movw	r1, #2048
	movt	r1, #11824
	.loc	6 2300 53                       @ ../Drivers/STM32H7xx_HAL_Driver/Src/stm32h7xx_hal_adc_ex.c:2300:53
	cmp	r2, r1
	beq.w	.LBB24_96
.Ltmp1033:
@ %bb.57:
	@DEBUG_VALUE: HAL_ADCEx_InjectedConfigChannel:sConfigInjected <- [DW_OP_LLVM_entry_value 1] $r1
	@DEBUG_VALUE: HAL_ADCEx_InjectedConfigChannel:tmp_hal_status <- $lr
	@DEBUG_VALUE: HAL_ADCEx_InjectedConfigChannel:wait_loop_index <- [DW_OP_deref] $sp
	@DEBUG_VALUE: HAL_ADCEx_InjectedConfigChannel:hadc <- $r0
	.loc	6 0 53                          @ ../Drivers/STM32H7xx_HAL_Driver/Src/stm32h7xx_hal_adc_ex.c:0:53
	movw	r1, #4096
	movt	r1, #12896
	.loc	6 2300 53                       @ ../Drivers/STM32H7xx_HAL_Driver/Src/stm32h7xx_hal_adc_ex.c:2300:53
	cmp	r2, r1
	beq.w	.LBB24_94
.Ltmp1034:
@ %bb.58:
	@DEBUG_VALUE: HAL_ADCEx_InjectedConfigChannel:sConfigInjected <- [DW_OP_LLVM_entry_value 1] $r1
	@DEBUG_VALUE: HAL_ADCEx_InjectedConfigChannel:tmp_hal_status <- $lr
	@DEBUG_VALUE: HAL_ADCEx_InjectedConfigChannel:wait_loop_index <- [DW_OP_deref] $sp
	@DEBUG_VALUE: HAL_ADCEx_InjectedConfigChannel:hadc <- $r0
	.loc	6 0 53                          @ ../Drivers/STM32H7xx_HAL_Driver/Src/stm32h7xx_hal_adc_ex.c:0:53
	movs	r1, #0
	movt	r1, #17185
	.loc	6 2300 53                       @ ../Drivers/STM32H7xx_HAL_Driver/Src/stm32h7xx_hal_adc_ex.c:2300:53
	cmp	r2, r1
	beq	.LBB24_65
	b	.LBB24_98
.Ltmp1035:
	.loc	6 0 53                          @ :0:53
.Ltmp1036:
	.p2align	2
.LBB24_59:
	@DEBUG_VALUE: HAL_ADCEx_InjectedConfigChannel:sConfigInjected <- [DW_OP_LLVM_entry_value 1] $r1
	@DEBUG_VALUE: HAL_ADCEx_InjectedConfigChannel:tmp_hal_status <- $lr
	@DEBUG_VALUE: HAL_ADCEx_InjectedConfigChannel:wait_loop_index <- [DW_OP_deref] $sp
	@DEBUG_VALUE: HAL_ADCEx_InjectedConfigChannel:hadc <- $r0
	movs	r1, #31
	movt	r1, #5360
	.loc	6 2300 53                       @ ../Drivers/STM32H7xx_HAL_Driver/Src/stm32h7xx_hal_adc_ex.c:2300:53
	cmp	r2, r1
	bgt.w	.LBB24_77
.Ltmp1037:
@ %bb.60:
	@DEBUG_VALUE: HAL_ADCEx_InjectedConfigChannel:sConfigInjected <- [DW_OP_LLVM_entry_value 1] $r1
	@DEBUG_VALUE: HAL_ADCEx_InjectedConfigChannel:tmp_hal_status <- $lr
	@DEBUG_VALUE: HAL_ADCEx_InjectedConfigChannel:wait_loop_index <- [DW_OP_deref] $sp
	@DEBUG_VALUE: HAL_ADCEx_InjectedConfigChannel:hadc <- $r0
	.loc	6 0 53                          @ ../Drivers/STM32H7xx_HAL_Driver/Src/stm32h7xx_hal_adc_ex.c:0:53
	movs	r1, #7
	movt	r1, #3216
	.loc	6 2300 53                       @ ../Drivers/STM32H7xx_HAL_Driver/Src/stm32h7xx_hal_adc_ex.c:2300:53
	cmp	r2, r1
	bgt.w	.LBB24_84
.Ltmp1038:
@ %bb.61:
	@DEBUG_VALUE: HAL_ADCEx_InjectedConfigChannel:sConfigInjected <- [DW_OP_LLVM_entry_value 1] $r1
	@DEBUG_VALUE: HAL_ADCEx_InjectedConfigChannel:tmp_hal_status <- $lr
	@DEBUG_VALUE: HAL_ADCEx_InjectedConfigChannel:wait_loop_index <- [DW_OP_deref] $sp
	@DEBUG_VALUE: HAL_ADCEx_InjectedConfigChannel:hadc <- $r0
	.loc	6 0 53                          @ ../Drivers/STM32H7xx_HAL_Driver/Src/stm32h7xx_hal_adc_ex.c:0:53
	movs	r1, #2
	movt	r1, #1072
	.loc	6 2300 53                       @ ../Drivers/STM32H7xx_HAL_Driver/Src/stm32h7xx_hal_adc_ex.c:2300:53
	cmp	r2, r1
	beq.w	.LBB24_83
.Ltmp1039:
.LBB24_62:
	@DEBUG_VALUE: HAL_ADCEx_InjectedConfigChannel:sConfigInjected <- [DW_OP_LLVM_entry_value 1] $r1
	@DEBUG_VALUE: HAL_ADCEx_InjectedConfigChannel:tmp_hal_status <- $lr
	@DEBUG_VALUE: HAL_ADCEx_InjectedConfigChannel:wait_loop_index <- [DW_OP_deref] $sp
	@DEBUG_VALUE: HAL_ADCEx_InjectedConfigChannel:hadc <- $r0
	.loc	6 0 53                          @ ../Drivers/STM32H7xx_HAL_Driver/Src/stm32h7xx_hal_adc_ex.c:0:53
	movs	r1, #4
	movt	r1, #2144
	.loc	6 2300 53                       @ ../Drivers/STM32H7xx_HAL_Driver/Src/stm32h7xx_hal_adc_ex.c:2300:53
	cmp	r2, r1
	bne.w	.LBB24_98
.Ltmp1040:
@ %bb.63:
	@DEBUG_VALUE: HAL_ADCEx_InjectedConfigChannel:sConfigInjected <- [DW_OP_LLVM_entry_value 1] $r1
	@DEBUG_VALUE: HAL_ADCEx_InjectedConfigChannel:tmp_hal_status <- $lr
	@DEBUG_VALUE: HAL_ADCEx_InjectedConfigChannel:wait_loop_index <- [DW_OP_deref] $sp
	@DEBUG_VALUE: HAL_ADCEx_InjectedConfigChannel:hadc <- $r0
	.loc	6 0 53                          @ ../Drivers/STM32H7xx_HAL_Driver/Src/stm32h7xx_hal_adc_ex.c:0:53
	movs	r4, #64
	movt	r4, #6432
	.loc	6 2300 7                        @ ../Drivers/STM32H7xx_HAL_Driver/Src/stm32h7xx_hal_adc_ex.c:2300:7
	b	.LBB24_65
.Ltmp1041:
	.loc	6 0 7                           @ :0:7
.Ltmp1042:
	.p2align	2
.LBB24_64:
	@DEBUG_VALUE: HAL_ADCEx_InjectedConfigChannel:sConfigInjected <- [DW_OP_LLVM_entry_value 1] $r1
	@DEBUG_VALUE: HAL_ADCEx_InjectedConfigChannel:tmp_hal_status <- $lr
	@DEBUG_VALUE: HAL_ADCEx_InjectedConfigChannel:wait_loop_index <- [DW_OP_deref] $sp
	@DEBUG_VALUE: HAL_ADCEx_InjectedConfigChannel:hadc <- $r0
	movs	r4, #0
.Ltmp1043:
.LBB24_65:
	@DEBUG_VALUE: HAL_ADCEx_InjectedConfigChannel:sConfigInjected <- [DW_OP_LLVM_entry_value 1] $r1
	@DEBUG_VALUE: HAL_ADCEx_InjectedConfigChannel:tmp_hal_status <- $lr
	@DEBUG_VALUE: HAL_ADCEx_InjectedConfigChannel:wait_loop_index <- [DW_OP_deref] $sp
	@DEBUG_VALUE: HAL_ADCEx_InjectedConfigChannel:hadc <- $r0
	@DEBUG_VALUE: LL_ADC_SetChannelPreselection:ADCx <- $r3
	@DEBUG_VALUE: LL_ADC_SetChannelPreselection:Channel <- $r4
	.loc	7 3253 29 is_stmt 1             @ ../Drivers/STM32H7xx_HAL_Driver/Inc\stm32h7xx_ll_adc.h:3253:29
	rbit	r1, r4
	movw	r7, #15297
	clz	r1, r1
	movt	r7, #10
	tst	r4, r7
	mov.w	r7, #1
	it	eq
	lsreq	r1, r4, #26
	and	r1, r1, #31
	.loc	7 3253 25 is_stmt 0             @ ../Drivers/STM32H7xx_HAL_Driver/Inc\stm32h7xx_ll_adc.h:3253:25
	lsl.w	r1, r7, r1
	.loc	7 3253 17                       @ ../Drivers/STM32H7xx_HAL_Driver/Inc\stm32h7xx_ll_adc.h:3253:17
	ldr	r7, [r3, #28]
	orrs	r1, r7
	str	r1, [r3, #28]
.Ltmp1044:
.LBB24_66:
	@DEBUG_VALUE: HAL_ADCEx_InjectedConfigChannel:sConfigInjected <- [DW_OP_LLVM_entry_value 1] $r1
	@DEBUG_VALUE: HAL_ADCEx_InjectedConfigChannel:tmp_hal_status <- $lr
	@DEBUG_VALUE: HAL_ADCEx_InjectedConfigChannel:wait_loop_index <- [DW_OP_deref] $sp
	@DEBUG_VALUE: HAL_ADCEx_InjectedConfigChannel:hadc <- $r0
	.loc	6 2309 9 is_stmt 1              @ ../Drivers/STM32H7xx_HAL_Driver/Src/stm32h7xx_hal_adc_ex.c:2309:9
	cmp.w	r2, #-1
	bgt	.LBB24_76
.Ltmp1045:
@ %bb.67:
	@DEBUG_VALUE: HAL_ADCEx_InjectedConfigChannel:sConfigInjected <- [DW_OP_LLVM_entry_value 1] $r1
	@DEBUG_VALUE: HAL_ADCEx_InjectedConfigChannel:tmp_hal_status <- $lr
	@DEBUG_VALUE: HAL_ADCEx_InjectedConfigChannel:wait_loop_index <- [DW_OP_deref] $sp
	@DEBUG_VALUE: HAL_ADCEx_InjectedConfigChannel:hadc <- $r0
	.loc	6 0 9 is_stmt 0                 @ ../Drivers/STM32H7xx_HAL_Driver/Src/stm32h7xx_hal_adc_ex.c:0:9
	movw	r7, #8448
.Ltmp1046:
	.loc	6 2314 11 is_stmt 1             @ ../Drivers/STM32H7xx_HAL_Driver/Src/stm32h7xx_hal_adc_ex.c:2314:11
	orr	r1, r3, #256
	movt	r7, #16386
	movw	r6, #8192
	cmp	r1, r7
	movt	r6, #16386
	bne	.LBB24_74
.Ltmp1047:
@ %bb.68:
	@DEBUG_VALUE: HAL_ADCEx_InjectedConfigChannel:sConfigInjected <- [DW_OP_LLVM_entry_value 1] $r1
	@DEBUG_VALUE: HAL_ADCEx_InjectedConfigChannel:tmp_hal_status <- $lr
	@DEBUG_VALUE: HAL_ADCEx_InjectedConfigChannel:wait_loop_index <- [DW_OP_deref] $sp
	@DEBUG_VALUE: HAL_ADCEx_InjectedConfigChannel:hadc <- $r0
	@DEBUG_VALUE: LL_ADC_IsEnabled:ADCx <- 1073881088
	.loc	7 6943 12                       @ ../Drivers/STM32H7xx_HAL_Driver/Inc\stm32h7xx_ll_adc.h:6943:12
	ldr	r1, [r6, #8]
.Ltmp1048:
	@DEBUG_VALUE: LL_ADC_IsEnabled:ADCx <- 1073881344
	.loc	7 6943 12 is_stmt 0             @ ../Drivers/STM32H7xx_HAL_Driver/Inc\stm32h7xx_ll_adc.h:6943:12
	ldr.w	r7, [r6, #264]
.Ltmp1049:
	.loc	6 2314 11 is_stmt 1             @ ../Drivers/STM32H7xx_HAL_Driver/Src/stm32h7xx_hal_adc_ex.c:2314:11
	orrs	r1, r7
.Ltmp1050:
	.loc	6 2314 11 is_stmt 0             @ ../Drivers/STM32H7xx_HAL_Driver/Src/stm32h7xx_hal_adc_ex.c:2314:11
	lsls	r1, r1, #31
	bne	.LBB24_75
.Ltmp1051:
.LBB24_69:
	@DEBUG_VALUE: HAL_ADCEx_InjectedConfigChannel:sConfigInjected <- [DW_OP_LLVM_entry_value 1] $r1
	@DEBUG_VALUE: HAL_ADCEx_InjectedConfigChannel:tmp_hal_status <- $lr
	@DEBUG_VALUE: HAL_ADCEx_InjectedConfigChannel:wait_loop_index <- [DW_OP_deref] $sp
	@DEBUG_VALUE: HAL_ADCEx_InjectedConfigChannel:hadc <- $r0
	.loc	6 0 11                          @ ../Drivers/STM32H7xx_HAL_Driver/Src/stm32h7xx_hal_adc_ex.c:0:11
	movw	r4, #25352
	add.w	r7, r6, #256
.Ltmp1052:
	@DEBUG_VALUE: LL_ADC_GetCommonPathInternalCh:ADCxy_COMMON <- undef
	movt	r4, #22530
.Ltmp1053:
	.loc	7 2755 21 is_stmt 1             @ ../Drivers/STM32H7xx_HAL_Driver/Inc\stm32h7xx_ll_adc.h:2755:21
	add.w	r5, r6, #776
	mov	r1, r4
	cmp	r3, r7
	it	eq
	moveq	r1, r5
	cmp	r3, r6
	movw	r7, #0
	it	eq
	moveq	r1, r5
	movt	r7, #52100
	ldr	r5, [r1]
.Ltmp1054:
	.loc	6 2320 74                       @ ../Drivers/STM32H7xx_HAL_Driver/Src/stm32h7xx_hal_adc_ex.c:2320:74
	cmp	r2, r7
.Ltmp1055:
	.loc	7 2755 21                       @ ../Drivers/STM32H7xx_HAL_Driver/Inc\stm32h7xx_ll_adc.h:2755:21
	and	r6, r5, #29360128
.Ltmp1056:
	@DEBUG_VALUE: HAL_ADCEx_InjectedConfigChannel:tmp_config_internal_channel <- $r6
	.loc	7 0 21 is_stmt 0                @ ../Drivers/STM32H7xx_HAL_Driver/Inc\stm32h7xx_ll_adc.h:0:21
	it	eq
	andseq	r1, r5, #8388608
	beq	.LBB24_87
.Ltmp1057:
@ %bb.70:
	@DEBUG_VALUE: HAL_ADCEx_InjectedConfigChannel:tmp_config_internal_channel <- $r6
	@DEBUG_VALUE: HAL_ADCEx_InjectedConfigChannel:sConfigInjected <- [DW_OP_LLVM_entry_value 1] $r1
	@DEBUG_VALUE: HAL_ADCEx_InjectedConfigChannel:tmp_hal_status <- $lr
	@DEBUG_VALUE: HAL_ADCEx_InjectedConfigChannel:wait_loop_index <- [DW_OP_deref] $sp
	@DEBUG_VALUE: HAL_ADCEx_InjectedConfigChannel:hadc <- $r0
	movs	r1, #0
	movt	r1, #51026
.Ltmp1058:
	.loc	6 2338 73 is_stmt 1             @ ../Drivers/STM32H7xx_HAL_Driver/Src/stm32h7xx_hal_adc_ex.c:2338:73
	cmp	r2, r1
	bne	.LBB24_89
.Ltmp1059:
@ %bb.71:
	@DEBUG_VALUE: HAL_ADCEx_InjectedConfigChannel:tmp_config_internal_channel <- $r6
	@DEBUG_VALUE: HAL_ADCEx_InjectedConfigChannel:sConfigInjected <- [DW_OP_LLVM_entry_value 1] $r1
	@DEBUG_VALUE: HAL_ADCEx_InjectedConfigChannel:tmp_hal_status <- $lr
	@DEBUG_VALUE: HAL_ADCEx_InjectedConfigChannel:wait_loop_index <- [DW_OP_deref] $sp
	@DEBUG_VALUE: HAL_ADCEx_InjectedConfigChannel:hadc <- $r0
	.loc	6 0 73 is_stmt 0                @ ../Drivers/STM32H7xx_HAL_Driver/Src/stm32h7xx_hal_adc_ex.c:0:73
	movs	r1, #0
	.loc	6 2338 73                       @ ../Drivers/STM32H7xx_HAL_Driver/Src/stm32h7xx_hal_adc_ex.c:2338:73
	cmp.w	r1, r6, lsr #24
	bne	.LBB24_89
.Ltmp1060:
@ %bb.72:
	@DEBUG_VALUE: HAL_ADCEx_InjectedConfigChannel:tmp_config_internal_channel <- $r6
	@DEBUG_VALUE: HAL_ADCEx_InjectedConfigChannel:sConfigInjected <- [DW_OP_LLVM_entry_value 1] $r1
	@DEBUG_VALUE: HAL_ADCEx_InjectedConfigChannel:tmp_hal_status <- $lr
	@DEBUG_VALUE: HAL_ADCEx_InjectedConfigChannel:wait_loop_index <- [DW_OP_deref] $sp
	@DEBUG_VALUE: HAL_ADCEx_InjectedConfigChannel:hadc <- $r0
	.loc	6 2340 15 is_stmt 1             @ ../Drivers/STM32H7xx_HAL_Driver/Src/stm32h7xx_hal_adc_ex.c:2340:15
	sub.w	r1, r4, #776
.Ltmp1061:
	.loc	6 2340 15 is_stmt 0             @ ../Drivers/STM32H7xx_HAL_Driver/Src/stm32h7xx_hal_adc_ex.c:2340:15
	cmp	r3, r1
	bne	.LBB24_76
.Ltmp1062:
@ %bb.73:
	@DEBUG_VALUE: HAL_ADCEx_InjectedConfigChannel:tmp_config_internal_channel <- $r6
	@DEBUG_VALUE: HAL_ADCEx_InjectedConfigChannel:sConfigInjected <- [DW_OP_LLVM_entry_value 1] $r1
	@DEBUG_VALUE: HAL_ADCEx_InjectedConfigChannel:tmp_hal_status <- $lr
	@DEBUG_VALUE: HAL_ADCEx_InjectedConfigChannel:wait_loop_index <- [DW_OP_deref] $sp
	@DEBUG_VALUE: HAL_ADCEx_InjectedConfigChannel:hadc <- $r0
	@DEBUG_VALUE: LL_ADC_SetCommonPathInternalCh:ADCxy_COMMON <- 1476551424
	@DEBUG_VALUE: LL_ADC_SetCommonPathInternalCh:PathInternal <- [DW_OP_constu 16777216, DW_OP_or, DW_OP_stack_value] $r6
	.loc	7 2733 3 is_stmt 1              @ ../Drivers/STM32H7xx_HAL_Driver/Inc\stm32h7xx_ll_adc.h:2733:3
	ldr	r1, [r4]
	bic	r1, r1, #29360128
	orrs	r1, r6
	orr	r1, r1, #16777216
	str	r1, [r4]
.Ltmp1063:
	.loc	6 2350 11                       @ ../Drivers/STM32H7xx_HAL_Driver/Src/stm32h7xx_hal_adc_ex.c:2350:11
	b	.LBB24_76
.Ltmp1064:
	.loc	6 0 11 is_stmt 0                @ :0:11
.Ltmp1065:
	.p2align	2
.LBB24_74:
	@DEBUG_VALUE: HAL_ADCEx_InjectedConfigChannel:sConfigInjected <- [DW_OP_LLVM_entry_value 1] $r1
	@DEBUG_VALUE: HAL_ADCEx_InjectedConfigChannel:tmp_hal_status <- $lr
	@DEBUG_VALUE: HAL_ADCEx_InjectedConfigChannel:wait_loop_index <- [DW_OP_deref] $sp
	@DEBUG_VALUE: HAL_ADCEx_InjectedConfigChannel:hadc <- $r0
	movw	r1, #64768
	movw	r7, #25352
	movt	r1, #65535
	movt	r7, #22530
.Ltmp1066:
	@DEBUG_VALUE: LL_ADC_IsEnabled:ADCx <- 1476550656
	.loc	7 6943 12 is_stmt 1             @ ../Drivers/STM32H7xx_HAL_Driver/Inc\stm32h7xx_ll_adc.h:6943:12
	ldr	r1, [r7, r1]
.Ltmp1067:
	.loc	6 2314 11                       @ ../Drivers/STM32H7xx_HAL_Driver/Src/stm32h7xx_hal_adc_ex.c:2314:11
	lsls	r1, r1, #31
	beq	.LBB24_69
.Ltmp1068:
.LBB24_75:
	@DEBUG_VALUE: HAL_ADCEx_InjectedConfigChannel:sConfigInjected <- [DW_OP_LLVM_entry_value 1] $r1
	@DEBUG_VALUE: HAL_ADCEx_InjectedConfigChannel:tmp_hal_status <- $lr
	@DEBUG_VALUE: HAL_ADCEx_InjectedConfigChannel:wait_loop_index <- [DW_OP_deref] $sp
	@DEBUG_VALUE: HAL_ADCEx_InjectedConfigChannel:hadc <- $r0
	.loc	6 2363 9                        @ ../Drivers/STM32H7xx_HAL_Driver/Src/stm32h7xx_hal_adc_ex.c:2363:9
	ldr	r1, [r0, #84]
	mov.w	lr, #1
.Ltmp1069:
	@DEBUG_VALUE: HAL_ADCEx_InjectedConfigChannel:tmp_hal_status <- 1
	orr	r1, r1, #32
	str	r1, [r0, #84]
.Ltmp1070:
.LBB24_76:
	@DEBUG_VALUE: HAL_ADCEx_InjectedConfigChannel:hadc <- $r0
	@DEBUG_VALUE: HAL_ADCEx_InjectedConfigChannel:tmp_hal_status <- $lr
	.loc	6 0 9 is_stmt 0                 @ ../Drivers/STM32H7xx_HAL_Driver/Src/stm32h7xx_hal_adc_ex.c:0:9
	movs	r1, #0
.Ltmp1071:
	.loc	6 2372 3 is_stmt 1              @ ../Drivers/STM32H7xx_HAL_Driver/Src/stm32h7xx_hal_adc_ex.c:2372:3
	strb.w	r1, [r0, #80]
.Ltmp1072:
	.loc	6 2376 1                        @ ../Drivers/STM32H7xx_HAL_Driver/Src/stm32h7xx_hal_adc_ex.c:2376:1
	mov	r0, lr
.Ltmp1073:
	@DEBUG_VALUE: HAL_ADCEx_InjectedConfigChannel:hadc <- [DW_OP_LLVM_entry_value 1] $r0
	.loc	6 2376 1 epilogue_begin is_stmt 0 @ ../Drivers/STM32H7xx_HAL_Driver/Src/stm32h7xx_hal_adc_ex.c:2376:1
	add	sp, #4
	pop.w	{r4, r5, r6, r7, r8, pc}
.Ltmp1074:
	.loc	6 0 1                           @ :0:1
.Ltmp1075:
	.p2align	2
.LBB24_77:
	@DEBUG_VALUE: HAL_ADCEx_InjectedConfigChannel:sConfigInjected <- [DW_OP_LLVM_entry_value 1] $r1
	@DEBUG_VALUE: HAL_ADCEx_InjectedConfigChannel:tmp_hal_status <- $lr
	@DEBUG_VALUE: HAL_ADCEx_InjectedConfigChannel:wait_loop_index <- [DW_OP_deref] $sp
	@DEBUG_VALUE: HAL_ADCEx_InjectedConfigChannel:hadc <- $r0
	movw	r1, #2047
	movt	r1, #11824
.Ltmp1076:
	.loc	6 2300 53 is_stmt 1             @ ../Drivers/STM32H7xx_HAL_Driver/Src/stm32h7xx_hal_adc_ex.c:2300:53
	cmp	r2, r1
	bgt	.LBB24_92
.Ltmp1077:
.LBB24_78:
	@DEBUG_VALUE: HAL_ADCEx_InjectedConfigChannel:sConfigInjected <- [DW_OP_LLVM_entry_value 1] $r1
	@DEBUG_VALUE: HAL_ADCEx_InjectedConfigChannel:tmp_hal_status <- $lr
	@DEBUG_VALUE: HAL_ADCEx_InjectedConfigChannel:wait_loop_index <- [DW_OP_deref] $sp
	@DEBUG_VALUE: HAL_ADCEx_InjectedConfigChannel:hadc <- $r0
	.loc	6 0 53 is_stmt 0                @ ../Drivers/STM32H7xx_HAL_Driver/Src/stm32h7xx_hal_adc_ex.c:0:53
	movs	r1, #32
	movt	r1, #5360
	.loc	6 2300 53                       @ ../Drivers/STM32H7xx_HAL_Driver/Src/stm32h7xx_hal_adc_ex.c:2300:53
	cmp	r2, r1
	beq	.LBB24_97
.Ltmp1078:
@ %bb.79:
	@DEBUG_VALUE: HAL_ADCEx_InjectedConfigChannel:sConfigInjected <- [DW_OP_LLVM_entry_value 1] $r1
	@DEBUG_VALUE: HAL_ADCEx_InjectedConfigChannel:tmp_hal_status <- $lr
	@DEBUG_VALUE: HAL_ADCEx_InjectedConfigChannel:wait_loop_index <- [DW_OP_deref] $sp
	@DEBUG_VALUE: HAL_ADCEx_InjectedConfigChannel:hadc <- $r0
	.loc	6 0 53                          @ ../Drivers/STM32H7xx_HAL_Driver/Src/stm32h7xx_hal_adc_ex.c:0:53
	movw	r1, #1024
	movt	r1, #10752
	.loc	6 2300 53                       @ ../Drivers/STM32H7xx_HAL_Driver/Src/stm32h7xx_hal_adc_ex.c:2300:53
	cmp	r2, r1
	bne	.LBB24_98
.Ltmp1079:
@ %bb.80:
	@DEBUG_VALUE: HAL_ADCEx_InjectedConfigChannel:sConfigInjected <- [DW_OP_LLVM_entry_value 1] $r1
	@DEBUG_VALUE: HAL_ADCEx_InjectedConfigChannel:tmp_hal_status <- $lr
	@DEBUG_VALUE: HAL_ADCEx_InjectedConfigChannel:wait_loop_index <- [DW_OP_deref] $sp
	@DEBUG_VALUE: HAL_ADCEx_InjectedConfigChannel:hadc <- $r0
	.loc	6 0 53                          @ ../Drivers/STM32H7xx_HAL_Driver/Src/stm32h7xx_hal_adc_ex.c:0:53
	movw	r4, #2048
	movt	r4, #11824
	.loc	6 2300 7                        @ ../Drivers/STM32H7xx_HAL_Driver/Src/stm32h7xx_hal_adc_ex.c:2300:7
	b	.LBB24_65
.Ltmp1080:
	.loc	6 0 7                           @ :0:7
.Ltmp1081:
	.p2align	2
.LBB24_81:
	@DEBUG_VALUE: HAL_ADCEx_InjectedConfigChannel:sConfigInjected <- [DW_OP_LLVM_entry_value 1] $r1
	@DEBUG_VALUE: HAL_ADCEx_InjectedConfigChannel:tmp_hal_status <- $lr
	@DEBUG_VALUE: HAL_ADCEx_InjectedConfigChannel:wait_loop_index <- [DW_OP_deref] $sp
	@DEBUG_VALUE: HAL_ADCEx_InjectedConfigChannel:hadc <- $r0
	movs	r1, #7
	movt	r1, #3216
	.loc	6 2300 53                       @ ../Drivers/STM32H7xx_HAL_Driver/Src/stm32h7xx_hal_adc_ex.c:2300:53
	cmp	r2, r1
	bgt	.LBB24_84
.Ltmp1082:
@ %bb.82:
	@DEBUG_VALUE: HAL_ADCEx_InjectedConfigChannel:sConfigInjected <- [DW_OP_LLVM_entry_value 1] $r1
	@DEBUG_VALUE: HAL_ADCEx_InjectedConfigChannel:tmp_hal_status <- $lr
	@DEBUG_VALUE: HAL_ADCEx_InjectedConfigChannel:wait_loop_index <- [DW_OP_deref] $sp
	@DEBUG_VALUE: HAL_ADCEx_InjectedConfigChannel:hadc <- $r0
	.loc	6 0 53                          @ ../Drivers/STM32H7xx_HAL_Driver/Src/stm32h7xx_hal_adc_ex.c:0:53
	movs	r1, #2
	movt	r1, #1072
	.loc	6 2300 53                       @ ../Drivers/STM32H7xx_HAL_Driver/Src/stm32h7xx_hal_adc_ex.c:2300:53
	cmp	r2, r1
	bne.w	.LBB24_62
.Ltmp1083:
.LBB24_83:
	@DEBUG_VALUE: HAL_ADCEx_InjectedConfigChannel:sConfigInjected <- [DW_OP_LLVM_entry_value 1] $r1
	@DEBUG_VALUE: HAL_ADCEx_InjectedConfigChannel:tmp_hal_status <- $lr
	@DEBUG_VALUE: HAL_ADCEx_InjectedConfigChannel:wait_loop_index <- [DW_OP_deref] $sp
	@DEBUG_VALUE: HAL_ADCEx_InjectedConfigChannel:hadc <- $r0
	.loc	6 0 53                          @ ../Drivers/STM32H7xx_HAL_Driver/Src/stm32h7xx_hal_adc_ex.c:0:53
	movs	r4, #1
	.loc	6 2300 53                       @ ../Drivers/STM32H7xx_HAL_Driver/Src/stm32h7xx_hal_adc_ex.c:2300:53
	b	.LBB24_65
.Ltmp1084:
	.loc	6 0 53                          @ :0:53
.Ltmp1085:
	.p2align	2
.LBB24_84:
	@DEBUG_VALUE: HAL_ADCEx_InjectedConfigChannel:sConfigInjected <- [DW_OP_LLVM_entry_value 1] $r1
	@DEBUG_VALUE: HAL_ADCEx_InjectedConfigChannel:tmp_hal_status <- $lr
	@DEBUG_VALUE: HAL_ADCEx_InjectedConfigChannel:wait_loop_index <- [DW_OP_deref] $sp
	@DEBUG_VALUE: HAL_ADCEx_InjectedConfigChannel:hadc <- $r0
	movs	r1, #8
	movt	r1, #3216
	.loc	6 2300 53                       @ ../Drivers/STM32H7xx_HAL_Driver/Src/stm32h7xx_hal_adc_ex.c:2300:53
	cmp	r2, r1
	beq	.LBB24_95
.Ltmp1086:
@ %bb.85:
	@DEBUG_VALUE: HAL_ADCEx_InjectedConfigChannel:sConfigInjected <- [DW_OP_LLVM_entry_value 1] $r1
	@DEBUG_VALUE: HAL_ADCEx_InjectedConfigChannel:tmp_hal_status <- $lr
	@DEBUG_VALUE: HAL_ADCEx_InjectedConfigChannel:wait_loop_index <- [DW_OP_deref] $sp
	@DEBUG_VALUE: HAL_ADCEx_InjectedConfigChannel:hadc <- $r0
	.loc	6 0 53                          @ ../Drivers/STM32H7xx_HAL_Driver/Src/stm32h7xx_hal_adc_ex.c:0:53
	movs	r1, #16
	movt	r1, #4288
	.loc	6 2300 53                       @ ../Drivers/STM32H7xx_HAL_Driver/Src/stm32h7xx_hal_adc_ex.c:2300:53
	cmp	r2, r1
	bne	.LBB24_98
.Ltmp1087:
@ %bb.86:
	@DEBUG_VALUE: HAL_ADCEx_InjectedConfigChannel:sConfigInjected <- [DW_OP_LLVM_entry_value 1] $r1
	@DEBUG_VALUE: HAL_ADCEx_InjectedConfigChannel:tmp_hal_status <- $lr
	@DEBUG_VALUE: HAL_ADCEx_InjectedConfigChannel:wait_loop_index <- [DW_OP_deref] $sp
	@DEBUG_VALUE: HAL_ADCEx_InjectedConfigChannel:hadc <- $r0
	.loc	6 0 53                          @ ../Drivers/STM32H7xx_HAL_Driver/Src/stm32h7xx_hal_adc_ex.c:0:53
	movw	r4, #256
	movt	r4, #8576
	.loc	6 2300 7                        @ ../Drivers/STM32H7xx_HAL_Driver/Src/stm32h7xx_hal_adc_ex.c:2300:7
	b	.LBB24_65
.Ltmp1088:
	.loc	6 0 7                           @ :0:7
.Ltmp1089:
	.p2align	2
.LBB24_87:
	@DEBUG_VALUE: HAL_ADCEx_InjectedConfigChannel:tmp_config_internal_channel <- $r6
	@DEBUG_VALUE: HAL_ADCEx_InjectedConfigChannel:sConfigInjected <- [DW_OP_LLVM_entry_value 1] $r1
	@DEBUG_VALUE: HAL_ADCEx_InjectedConfigChannel:tmp_hal_status <- $lr
	@DEBUG_VALUE: HAL_ADCEx_InjectedConfigChannel:wait_loop_index <- [DW_OP_deref] $sp
	@DEBUG_VALUE: HAL_ADCEx_InjectedConfigChannel:hadc <- $r0
	.loc	6 2322 15 is_stmt 1             @ ../Drivers/STM32H7xx_HAL_Driver/Src/stm32h7xx_hal_adc_ex.c:2322:15
	sub.w	r1, r4, #776
.Ltmp1090:
	.loc	6 2322 15 is_stmt 0             @ ../Drivers/STM32H7xx_HAL_Driver/Src/stm32h7xx_hal_adc_ex.c:2322:15
	cmp	r3, r1
	bne	.LBB24_76
.Ltmp1091:
@ %bb.88:
	@DEBUG_VALUE: HAL_ADCEx_InjectedConfigChannel:tmp_config_internal_channel <- $r6
	@DEBUG_VALUE: HAL_ADCEx_InjectedConfigChannel:sConfigInjected <- [DW_OP_LLVM_entry_value 1] $r1
	@DEBUG_VALUE: HAL_ADCEx_InjectedConfigChannel:tmp_hal_status <- $lr
	@DEBUG_VALUE: HAL_ADCEx_InjectedConfigChannel:wait_loop_index <- [DW_OP_deref] $sp
	@DEBUG_VALUE: HAL_ADCEx_InjectedConfigChannel:hadc <- $r0
	@DEBUG_VALUE: LL_ADC_SetCommonPathInternalCh:ADCxy_COMMON <- 1476551424
	@DEBUG_VALUE: LL_ADC_SetCommonPathInternalCh:PathInternal <- [DW_OP_constu 8388608, DW_OP_or, DW_OP_stack_value] $r6
	.loc	7 2733 3 is_stmt 1              @ ../Drivers/STM32H7xx_HAL_Driver/Inc\stm32h7xx_ll_adc.h:2733:3
	ldr	r1, [r4]
	movw	r2, #11619
	bic	r1, r1, #29360128
	movt	r2, #1342
	orrs	r1, r6
	orr	r1, r1, #8388608
	str	r1, [r4]
.Ltmp1092:
	.loc	6 2331 77                       @ ../Drivers/STM32H7xx_HAL_Driver/Src/stm32h7xx_hal_adc_ex.c:2331:77
	movw	r1, :lower16:SystemCoreClock
	movt	r1, :upper16:SystemCoreClock
	ldr	r1, [r1]
	.loc	6 2331 93 is_stmt 0             @ ../Drivers/STM32H7xx_HAL_Driver/Src/stm32h7xx_hal_adc_ex.c:2331:93
	lsrs	r1, r1, #6
	umull	r1, r2, r1, r2
	.loc	6 2331 73                       @ ../Drivers/STM32H7xx_HAL_Driver/Src/stm32h7xx_hal_adc_ex.c:2331:73
	lsrs	r1, r2, #6
	movs	r2, #2
	add.w	r1, r2, r1, lsl #1
	b	.LBB24_100
.Ltmp1093:
	.loc	6 0 73                          @ :0:73
.Ltmp1094:
	.p2align	2
.LBB24_89:
	@DEBUG_VALUE: HAL_ADCEx_InjectedConfigChannel:tmp_config_internal_channel <- $r6
	@DEBUG_VALUE: HAL_ADCEx_InjectedConfigChannel:sConfigInjected <- [DW_OP_LLVM_entry_value 1] $r1
	@DEBUG_VALUE: HAL_ADCEx_InjectedConfigChannel:tmp_hal_status <- $lr
	@DEBUG_VALUE: HAL_ADCEx_InjectedConfigChannel:wait_loop_index <- [DW_OP_deref] $sp
	@DEBUG_VALUE: HAL_ADCEx_InjectedConfigChannel:hadc <- $r0
	sub.w	r1, r4, #776
.Ltmp1095:
	.loc	6 2345 76 is_stmt 1             @ ../Drivers/STM32H7xx_HAL_Driver/Src/stm32h7xx_hal_adc_ex.c:2345:76
	cmp	r3, r1
	bne	.LBB24_76
.Ltmp1096:
@ %bb.90:
	@DEBUG_VALUE: HAL_ADCEx_InjectedConfigChannel:tmp_config_internal_channel <- $r6
	@DEBUG_VALUE: HAL_ADCEx_InjectedConfigChannel:sConfigInjected <- [DW_OP_LLVM_entry_value 1] $r1
	@DEBUG_VALUE: HAL_ADCEx_InjectedConfigChannel:tmp_hal_status <- $lr
	@DEBUG_VALUE: HAL_ADCEx_InjectedConfigChannel:wait_loop_index <- [DW_OP_deref] $sp
	@DEBUG_VALUE: HAL_ADCEx_InjectedConfigChannel:hadc <- $r0
	.loc	6 0 76 is_stmt 0                @ ../Drivers/STM32H7xx_HAL_Driver/Src/stm32h7xx_hal_adc_ex.c:0:76
	movs	r1, #0
	movt	r1, #53176
	.loc	6 2345 76                       @ ../Drivers/STM32H7xx_HAL_Driver/Src/stm32h7xx_hal_adc_ex.c:2345:76
	cmp	r2, r1
	it	eq
	andseq	r1, r5, #4194304
	bne	.LBB24_76
.Ltmp1097:
@ %bb.91:
	@DEBUG_VALUE: HAL_ADCEx_InjectedConfigChannel:tmp_config_internal_channel <- $r6
	@DEBUG_VALUE: HAL_ADCEx_InjectedConfigChannel:sConfigInjected <- [DW_OP_LLVM_entry_value 1] $r1
	@DEBUG_VALUE: HAL_ADCEx_InjectedConfigChannel:tmp_hal_status <- $lr
	@DEBUG_VALUE: HAL_ADCEx_InjectedConfigChannel:wait_loop_index <- [DW_OP_deref] $sp
	@DEBUG_VALUE: HAL_ADCEx_InjectedConfigChannel:hadc <- $r0
	@DEBUG_VALUE: LL_ADC_SetCommonPathInternalCh:ADCxy_COMMON <- 1476551424
	@DEBUG_VALUE: LL_ADC_SetCommonPathInternalCh:PathInternal <- [DW_OP_constu 4194304, DW_OP_or, DW_OP_stack_value] $r6
	.loc	7 2733 3 is_stmt 1              @ ../Drivers/STM32H7xx_HAL_Driver/Inc\stm32h7xx_ll_adc.h:2733:3
	ldr	r1, [r4]
	bic	r1, r1, #29360128
	orrs	r1, r6
	orr	r1, r1, #4194304
	str	r1, [r4]
.Ltmp1098:
	.loc	6 2350 11                       @ ../Drivers/STM32H7xx_HAL_Driver/Src/stm32h7xx_hal_adc_ex.c:2350:11
	b	.LBB24_76
.Ltmp1099:
	.loc	6 0 11 is_stmt 0                @ :0:11
.Ltmp1100:
	.p2align	2
.LBB24_92:
	@DEBUG_VALUE: HAL_ADCEx_InjectedConfigChannel:sConfigInjected <- [DW_OP_LLVM_entry_value 1] $r1
	@DEBUG_VALUE: HAL_ADCEx_InjectedConfigChannel:tmp_hal_status <- $lr
	@DEBUG_VALUE: HAL_ADCEx_InjectedConfigChannel:wait_loop_index <- [DW_OP_deref] $sp
	@DEBUG_VALUE: HAL_ADCEx_InjectedConfigChannel:hadc <- $r0
	movw	r1, #2048
	movt	r1, #11824
.Ltmp1101:
	.loc	6 2300 53 is_stmt 1             @ ../Drivers/STM32H7xx_HAL_Driver/Src/stm32h7xx_hal_adc_ex.c:2300:53
	cmp	r2, r1
	beq	.LBB24_96
.Ltmp1102:
@ %bb.93:
	@DEBUG_VALUE: HAL_ADCEx_InjectedConfigChannel:sConfigInjected <- [DW_OP_LLVM_entry_value 1] $r1
	@DEBUG_VALUE: HAL_ADCEx_InjectedConfigChannel:tmp_hal_status <- $lr
	@DEBUG_VALUE: HAL_ADCEx_InjectedConfigChannel:wait_loop_index <- [DW_OP_deref] $sp
	@DEBUG_VALUE: HAL_ADCEx_InjectedConfigChannel:hadc <- $r0
	.loc	6 0 53 is_stmt 0                @ ../Drivers/STM32H7xx_HAL_Driver/Src/stm32h7xx_hal_adc_ex.c:0:53
	movw	r1, #4096
	movt	r1, #12896
	.loc	6 2300 53                       @ ../Drivers/STM32H7xx_HAL_Driver/Src/stm32h7xx_hal_adc_ex.c:2300:53
	cmp	r2, r1
	bne	.LBB24_98
.Ltmp1103:
.LBB24_94:
	@DEBUG_VALUE: HAL_ADCEx_InjectedConfigChannel:sConfigInjected <- [DW_OP_LLVM_entry_value 1] $r1
	@DEBUG_VALUE: HAL_ADCEx_InjectedConfigChannel:tmp_hal_status <- $lr
	@DEBUG_VALUE: HAL_ADCEx_InjectedConfigChannel:wait_loop_index <- [DW_OP_deref] $sp
	@DEBUG_VALUE: HAL_ADCEx_InjectedConfigChannel:hadc <- $r0
	.loc	6 0 53                          @ ../Drivers/STM32H7xx_HAL_Driver/Src/stm32h7xx_hal_adc_ex.c:0:53
	movw	r4, #8192
	movt	r4, #13968
	b	.LBB24_65
.Ltmp1104:
	.p2align	2
.LBB24_95:
	@DEBUG_VALUE: HAL_ADCEx_InjectedConfigChannel:sConfigInjected <- [DW_OP_LLVM_entry_value 1] $r1
	@DEBUG_VALUE: HAL_ADCEx_InjectedConfigChannel:tmp_hal_status <- $lr
	@DEBUG_VALUE: HAL_ADCEx_InjectedConfigChannel:wait_loop_index <- [DW_OP_deref] $sp
	@DEBUG_VALUE: HAL_ADCEx_InjectedConfigChannel:hadc <- $r0
	movs	r4, #128
	movt	r4, #7504
	.loc	6 2300 7                        @ ../Drivers/STM32H7xx_HAL_Driver/Src/stm32h7xx_hal_adc_ex.c:2300:7
	b	.LBB24_65
.Ltmp1105:
	.loc	6 0 7                           @ :0:7
.Ltmp1106:
	.p2align	2
.LBB24_96:
	@DEBUG_VALUE: HAL_ADCEx_InjectedConfigChannel:sConfigInjected <- [DW_OP_LLVM_entry_value 1] $r1
	@DEBUG_VALUE: HAL_ADCEx_InjectedConfigChannel:tmp_hal_status <- $lr
	@DEBUG_VALUE: HAL_ADCEx_InjectedConfigChannel:wait_loop_index <- [DW_OP_deref] $sp
	@DEBUG_VALUE: HAL_ADCEx_InjectedConfigChannel:hadc <- $r0
	movw	r4, #4096
	movt	r4, #12896
	b	.LBB24_65
.Ltmp1107:
	.p2align	2
.LBB24_97:
	@DEBUG_VALUE: HAL_ADCEx_InjectedConfigChannel:sConfigInjected <- [DW_OP_LLVM_entry_value 1] $r1
	@DEBUG_VALUE: HAL_ADCEx_InjectedConfigChannel:tmp_hal_status <- $lr
	@DEBUG_VALUE: HAL_ADCEx_InjectedConfigChannel:wait_loop_index <- [DW_OP_deref] $sp
	@DEBUG_VALUE: HAL_ADCEx_InjectedConfigChannel:hadc <- $r0
	movw	r4, #512
	movt	r4, #9648
	.loc	6 2300 7                        @ ../Drivers/STM32H7xx_HAL_Driver/Src/stm32h7xx_hal_adc_ex.c:2300:7
	b	.LBB24_65
.Ltmp1108:
	.loc	6 0 7                           @ :0:7
.Ltmp1109:
	.p2align	2
.LBB24_98:
	@DEBUG_VALUE: HAL_ADCEx_InjectedConfigChannel:sConfigInjected <- [DW_OP_LLVM_entry_value 1] $r1
	@DEBUG_VALUE: HAL_ADCEx_InjectedConfigChannel:tmp_hal_status <- $lr
	@DEBUG_VALUE: HAL_ADCEx_InjectedConfigChannel:wait_loop_index <- [DW_OP_deref] $sp
	@DEBUG_VALUE: HAL_ADCEx_InjectedConfigChannel:hadc <- $r0
	movs	r1, #0
	movs	r4, #0
	movt	r1, #19332
	.loc	6 2300 53                       @ ../Drivers/STM32H7xx_HAL_Driver/Src/stm32h7xx_hal_adc_ex.c:2300:53
	cmp	r2, r1
	itt	eq
	moveq	r4, #0
	movteq	r4, #20408
	b	.LBB24_65
.Ltmp1110:
	.loc	6 0 53                          @ :0:53
.Ltmp1111:
	.p2align	2
.LBB24_99:                              @   in Loop: Header=BB24_100 Depth=1
	@DEBUG_VALUE: HAL_ADCEx_InjectedConfigChannel:tmp_config_internal_channel <- $r6
	@DEBUG_VALUE: HAL_ADCEx_InjectedConfigChannel:sConfigInjected <- [DW_OP_LLVM_entry_value 1] $r1
	@DEBUG_VALUE: HAL_ADCEx_InjectedConfigChannel:tmp_hal_status <- $lr
	@DEBUG_VALUE: HAL_ADCEx_InjectedConfigChannel:hadc <- $r0
	.loc	6 2334 30 is_stmt 1             @ ../Drivers/STM32H7xx_HAL_Driver/Src/stm32h7xx_hal_adc_ex.c:2334:30
	ldr	r1, [sp]
	subs	r1, #1
.Ltmp1112:
.LBB24_100:                             @ =>This Inner Loop Header: Depth=1
	@DEBUG_VALUE: HAL_ADCEx_InjectedConfigChannel:tmp_config_internal_channel <- $r6
	@DEBUG_VALUE: HAL_ADCEx_InjectedConfigChannel:sConfigInjected <- [DW_OP_LLVM_entry_value 1] $r1
	@DEBUG_VALUE: HAL_ADCEx_InjectedConfigChannel:tmp_hal_status <- $lr
	@DEBUG_VALUE: HAL_ADCEx_InjectedConfigChannel:hadc <- $r0
	.loc	6 0 0 is_stmt 0                 @ ../Drivers/STM32H7xx_HAL_Driver/Src/stm32h7xx_hal_adc_ex.c:0:0
	str	r1, [sp]
.Ltmp1113:
	@DEBUG_VALUE: HAL_ADCEx_InjectedConfigChannel:wait_loop_index <- [DW_OP_deref] $sp
	.loc	6 2332 20 is_stmt 1             @ ../Drivers/STM32H7xx_HAL_Driver/Src/stm32h7xx_hal_adc_ex.c:2332:20
	ldr	r1, [sp]
	.loc	6 2332 13 is_stmt 0             @ ../Drivers/STM32H7xx_HAL_Driver/Src/stm32h7xx_hal_adc_ex.c:2332:13
	cmp	r1, #0
	beq.w	.LBB24_76
.Ltmp1114:
@ %bb.101:                              @   in Loop: Header=BB24_100 Depth=1
	@DEBUG_VALUE: HAL_ADCEx_InjectedConfigChannel:tmp_config_internal_channel <- $r6
	@DEBUG_VALUE: HAL_ADCEx_InjectedConfigChannel:sConfigInjected <- [DW_OP_LLVM_entry_value 1] $r1
	@DEBUG_VALUE: HAL_ADCEx_InjectedConfigChannel:tmp_hal_status <- $lr
	@DEBUG_VALUE: HAL_ADCEx_InjectedConfigChannel:wait_loop_index <- [DW_OP_deref] $sp
	@DEBUG_VALUE: HAL_ADCEx_InjectedConfigChannel:hadc <- $r0
	.loc	6 2334 30 is_stmt 1             @ ../Drivers/STM32H7xx_HAL_Driver/Src/stm32h7xx_hal_adc_ex.c:2334:30
	ldr	r1, [sp]
	subs	r1, #1
	str	r1, [sp]
.Ltmp1115:
	.loc	6 2332 20                       @ ../Drivers/STM32H7xx_HAL_Driver/Src/stm32h7xx_hal_adc_ex.c:2332:20
	ldr	r1, [sp]
	.loc	6 2332 13 is_stmt 0             @ ../Drivers/STM32H7xx_HAL_Driver/Src/stm32h7xx_hal_adc_ex.c:2332:13
	cmp	r1, #0
.Ltmp1116:
	@DEBUG_VALUE: HAL_ADCEx_InjectedConfigChannel:wait_loop_index <- [DW_OP_constu 1, DW_OP_minus, DW_OP_stack_value] undef
	beq.w	.LBB24_76
.Ltmp1117:
@ %bb.102:                              @   in Loop: Header=BB24_100 Depth=1
	@DEBUG_VALUE: HAL_ADCEx_InjectedConfigChannel:tmp_config_internal_channel <- $r6
	@DEBUG_VALUE: HAL_ADCEx_InjectedConfigChannel:sConfigInjected <- [DW_OP_LLVM_entry_value 1] $r1
	@DEBUG_VALUE: HAL_ADCEx_InjectedConfigChannel:tmp_hal_status <- $lr
	@DEBUG_VALUE: HAL_ADCEx_InjectedConfigChannel:hadc <- $r0
	.loc	6 2334 30 is_stmt 1             @ ../Drivers/STM32H7xx_HAL_Driver/Src/stm32h7xx_hal_adc_ex.c:2334:30
	ldr	r1, [sp]
	subs	r1, #1
	str	r1, [sp]
.Ltmp1118:
	.loc	6 2332 20                       @ ../Drivers/STM32H7xx_HAL_Driver/Src/stm32h7xx_hal_adc_ex.c:2332:20
	ldr	r1, [sp]
	.loc	6 2332 13 is_stmt 0             @ ../Drivers/STM32H7xx_HAL_Driver/Src/stm32h7xx_hal_adc_ex.c:2332:13
	cmp	r1, #0
.Ltmp1119:
	@DEBUG_VALUE: HAL_ADCEx_InjectedConfigChannel:wait_loop_index <- [DW_OP_constu 1, DW_OP_minus, DW_OP_stack_value] undef
	.loc	6 2334 30 is_stmt 1             @ ../Drivers/STM32H7xx_HAL_Driver/Src/stm32h7xx_hal_adc_ex.c:2334:30
	itttt	ne
	ldrne	r1, [sp]
	subne	r1, #1
	strne	r1, [sp]
.Ltmp1120:
	.loc	6 2332 20                       @ ../Drivers/STM32H7xx_HAL_Driver/Src/stm32h7xx_hal_adc_ex.c:2332:20
	ldrne	r1, [sp]
	.loc	6 2332 13 is_stmt 0             @ ../Drivers/STM32H7xx_HAL_Driver/Src/stm32h7xx_hal_adc_ex.c:2332:13
	it	ne
	cmpne	r1, #0
	@DEBUG_VALUE: HAL_ADCEx_InjectedConfigChannel:wait_loop_index <- [DW_OP_constu 1, DW_OP_minus, DW_OP_stack_value] undef
	beq.w	.LBB24_76
	b	.LBB24_99
.Ltmp1121:
.Lfunc_end24:
	.size	HAL_ADCEx_InjectedConfigChannel, .Lfunc_end24-HAL_ADCEx_InjectedConfigChannel
	.cfi_endproc
	.cantunwind
	.fnend
                                        @ -- End function
	.section	.text.HAL_ADCEx_MultiModeConfigChannel,"ax",%progbits
	.hidden	HAL_ADCEx_MultiModeConfigChannel @ -- Begin function HAL_ADCEx_MultiModeConfigChannel
	.globl	HAL_ADCEx_MultiModeConfigChannel
	.p2align	3
	.type	HAL_ADCEx_MultiModeConfigChannel,%function
	.code	16                              @ @HAL_ADCEx_MultiModeConfigChannel
	.thumb_func
HAL_ADCEx_MultiModeConfigChannel:
.Lfunc_begin25:
	.fnstart
	.cfi_startproc
@ %bb.0:
	@DEBUG_VALUE: HAL_ADCEx_MultiModeConfigChannel:hadc <- $r0
	@DEBUG_VALUE: HAL_ADCEx_MultiModeConfigChannel:multimode <- $r1
	@DEBUG_VALUE: HAL_ADCEx_MultiModeConfigChannel:tmphadcSlave <- [DW_OP_plus_uconst 4, DW_OP_deref, DW_OP_LLVM_fragment 672 32] $sp
	@DEBUG_VALUE: HAL_ADCEx_MultiModeConfigChannel:tmphadcSlave <- [DW_OP_deref, DW_OP_LLVM_fragment 704 32] $sp
	@DEBUG_VALUE: HAL_ADCEx_MultiModeConfigChannel:tmp_hal_status <- 0
	.loc	6 2411 3 prologue_end is_stmt 1 @ ../Drivers/STM32H7xx_HAL_Driver/Src/stm32h7xx_hal_adc_ex.c:2411:3
	ldrb.w	r2, [r0, #80]
.Ltmp1122:
	.loc	6 2411 3 is_stmt 0              @ ../Drivers/STM32H7xx_HAL_Driver/Src/stm32h7xx_hal_adc_ex.c:2411:3
	cmp	r2, #1
	bne	.LBB25_2
.Ltmp1123:
@ %bb.1:
	@DEBUG_VALUE: HAL_ADCEx_MultiModeConfigChannel:tmp_hal_status <- 0
	@DEBUG_VALUE: HAL_ADCEx_MultiModeConfigChannel:tmphadcSlave <- [DW_OP_deref, DW_OP_LLVM_fragment 704 32] $sp
	@DEBUG_VALUE: HAL_ADCEx_MultiModeConfigChannel:tmphadcSlave <- [DW_OP_plus_uconst 4, DW_OP_deref, DW_OP_LLVM_fragment 672 32] $sp
	@DEBUG_VALUE: HAL_ADCEx_MultiModeConfigChannel:multimode <- $r1
	@DEBUG_VALUE: HAL_ADCEx_MultiModeConfigChannel:hadc <- $r0
	.loc	6 0 3                           @ ../Drivers/STM32H7xx_HAL_Driver/Src/stm32h7xx_hal_adc_ex.c:0:3
	movs	r0, #2
.Ltmp1124:
	@DEBUG_VALUE: HAL_ADCEx_MultiModeConfigChannel:hadc <- [DW_OP_LLVM_entry_value 1] $r0
	.loc	6 2496 1 is_stmt 1              @ ../Drivers/STM32H7xx_HAL_Driver/Src/stm32h7xx_hal_adc_ex.c:2496:1
	bx	lr
.Ltmp1125:
	.loc	6 0 1 is_stmt 0                 @ :0:1
.Ltmp1126:
	.p2align	2
.LBB25_2:
	@DEBUG_VALUE: HAL_ADCEx_MultiModeConfigChannel:tmp_hal_status <- 0
	@DEBUG_VALUE: HAL_ADCEx_MultiModeConfigChannel:tmphadcSlave <- [DW_OP_deref, DW_OP_LLVM_fragment 704 32] $sp
	@DEBUG_VALUE: HAL_ADCEx_MultiModeConfigChannel:tmphadcSlave <- [DW_OP_plus_uconst 4, DW_OP_deref, DW_OP_LLVM_fragment 672 32] $sp
	@DEBUG_VALUE: HAL_ADCEx_MultiModeConfigChannel:multimode <- $r1
	@DEBUG_VALUE: HAL_ADCEx_MultiModeConfigChannel:hadc <- $r0
	.save	{r4, lr}
	push	{r4, lr}
	.cfi_def_cfa_offset 8
	.cfi_offset lr, -4
	.cfi_offset r4, -8
	.pad	#8
	sub	sp, #8
	.cfi_def_cfa_offset 16
	movw	r4, #8968
	movs	r3, #0
	.loc	6 2413 22 is_stmt 1             @ ../Drivers/STM32H7xx_HAL_Driver/Src/stm32h7xx_hal_adc_ex.c:2413:22
	str	r3, [sp, #4]
	@DEBUG_VALUE: HAL_ADCEx_MultiModeConfigChannel:tmphadcSlave <- [DW_OP_plus_uconst 4, DW_OP_deref, DW_OP_LLVM_fragment 672 32] $sp
	movt	r4, #16386
	.loc	6 2414 26                       @ ../Drivers/STM32H7xx_HAL_Driver/Src/stm32h7xx_hal_adc_ex.c:2414:26
	str	r3, [sp]
.Ltmp1127:
	@DEBUG_VALUE: HAL_ADCEx_MultiModeConfigChannel:tmphadcSlave <- [DW_OP_deref, DW_OP_LLVM_fragment 704 32] $sp
	.loc	6 2416 3                        @ ../Drivers/STM32H7xx_HAL_Driver/Src/stm32h7xx_hal_adc_ex.c:2416:3
	sub.w	r2, r4, #776
.Ltmp1128:
	@DEBUG_VALUE: HAL_ADCEx_MultiModeConfigChannel:tmphadcSlave <- [DW_OP_LLVM_fragment 0 32] undef
	ldr	r3, [r0]
	.loc	6 2418 7                        @ ../Drivers/STM32H7xx_HAL_Driver/Src/stm32h7xx_hal_adc_ex.c:2418:7
	cmp	r3, r2
	bne	.LBB25_7
.Ltmp1129:
@ %bb.3:
	@DEBUG_VALUE: HAL_ADCEx_MultiModeConfigChannel:tmp_hal_status <- 0
	@DEBUG_VALUE: HAL_ADCEx_MultiModeConfigChannel:tmphadcSlave <- [DW_OP_deref, DW_OP_LLVM_fragment 704 32] $sp
	@DEBUG_VALUE: HAL_ADCEx_MultiModeConfigChannel:tmphadcSlave <- [DW_OP_plus_uconst 4, DW_OP_deref, DW_OP_LLVM_fragment 672 32] $sp
	@DEBUG_VALUE: HAL_ADCEx_MultiModeConfigChannel:multimode <- $r1
	@DEBUG_VALUE: HAL_ADCEx_MultiModeConfigChannel:hadc <- $r0
	@DEBUG_VALUE: LL_ADC_REG_IsConversionOngoing:ADCx <- undef
	.loc	6 0 7 is_stmt 0                 @ ../Drivers/STM32H7xx_HAL_Driver/Src/stm32h7xx_hal_adc_ex.c:0:7
	movw	lr, #65024
	movt	lr, #65535
.Ltmp1130:
	.loc	7 7075 12 is_stmt 1             @ ../Drivers/STM32H7xx_HAL_Driver/Inc\stm32h7xx_ll_adc.h:7075:12
	ldr.w	r2, [r4, lr]
.Ltmp1131:
	@DEBUG_VALUE: LL_ADC_REG_IsConversionOngoing:ADCx <- $r3
	@DEBUG_VALUE: HAL_ADCEx_MultiModeConfigChannel:tmphadcSlave_conversion_on_going <- [DW_OP_constu 2, DW_OP_shr, DW_OP_constu 1, DW_OP_and, DW_OP_stack_value] $r2
	.loc	7 7075 12 is_stmt 0             @ ../Drivers/STM32H7xx_HAL_Driver/Inc\stm32h7xx_ll_adc.h:7075:12
	ldr	r3, [r3, #8]
.Ltmp1132:
	.loc	6 2434 55 is_stmt 1             @ ../Drivers/STM32H7xx_HAL_Driver/Src/stm32h7xx_hal_adc_ex.c:2434:55
	orrs	r2, r3
.Ltmp1133:
	.loc	6 2435 7                        @ ../Drivers/STM32H7xx_HAL_Driver/Src/stm32h7xx_hal_adc_ex.c:2435:7
	lsls	r2, r2, #29
	bmi	.LBB25_7
.Ltmp1134:
@ %bb.4:
	@DEBUG_VALUE: HAL_ADCEx_MultiModeConfigChannel:tmp_hal_status <- 0
	@DEBUG_VALUE: HAL_ADCEx_MultiModeConfigChannel:tmphadcSlave <- [DW_OP_deref, DW_OP_LLVM_fragment 704 32] $sp
	@DEBUG_VALUE: HAL_ADCEx_MultiModeConfigChannel:tmphadcSlave <- [DW_OP_plus_uconst 4, DW_OP_deref, DW_OP_LLVM_fragment 672 32] $sp
	@DEBUG_VALUE: HAL_ADCEx_MultiModeConfigChannel:multimode <- $r1
	@DEBUG_VALUE: HAL_ADCEx_MultiModeConfigChannel:hadc <- $r0
	@DEBUG_VALUE: HAL_ADCEx_MultiModeConfigChannel:tmpADC_Common <- undef
	.loc	6 2443 20                       @ ../Drivers/STM32H7xx_HAL_Driver/Src/stm32h7xx_hal_adc_ex.c:2443:20
	ldr.w	r12, [r1]
	.loc	6 0 0 is_stmt 0                 @ ../Drivers/STM32H7xx_HAL_Driver/Src/stm32h7xx_hal_adc_ex.c:0:0
	ldr	r2, [r4]
.Ltmp1135:
	.loc	6 2443 9                        @ ../Drivers/STM32H7xx_HAL_Driver/Src/stm32h7xx_hal_adc_ex.c:2443:9
	cmp.w	r12, #0
.Ltmp1136:
	.loc	6 0 0                           @ ../Drivers/STM32H7xx_HAL_Driver/Src/stm32h7xx_hal_adc_ex.c:0:0
	bic	r3, r2, #49152
.Ltmp1137:
	.loc	6 2443 9                        @ ../Drivers/STM32H7xx_HAL_Driver/Src/stm32h7xx_hal_adc_ex.c:2443:9
	beq	.LBB25_9
.Ltmp1138:
@ %bb.5:
	@DEBUG_VALUE: HAL_ADCEx_MultiModeConfigChannel:tmp_hal_status <- 0
	@DEBUG_VALUE: HAL_ADCEx_MultiModeConfigChannel:tmphadcSlave <- [DW_OP_deref, DW_OP_LLVM_fragment 704 32] $sp
	@DEBUG_VALUE: HAL_ADCEx_MultiModeConfigChannel:tmphadcSlave <- [DW_OP_plus_uconst 4, DW_OP_deref, DW_OP_LLVM_fragment 672 32] $sp
	@DEBUG_VALUE: HAL_ADCEx_MultiModeConfigChannel:multimode <- $r1
	@DEBUG_VALUE: HAL_ADCEx_MultiModeConfigChannel:hadc <- $r0
	@DEBUG_VALUE: HAL_ADCEx_MultiModeConfigChannel:tmpADC_Common <- undef
	.loc	6 2445 7 is_stmt 1              @ ../Drivers/STM32H7xx_HAL_Driver/Src/stm32h7xx_hal_adc_ex.c:2445:7
	ldr	r2, [r1, #4]
	orrs	r2, r3
	str	r2, [r4]
	movw	r2, #64768
	movt	r2, #65535
.Ltmp1139:
	@DEBUG_VALUE: LL_ADC_IsEnabled:ADCx <- 1073881088
	.loc	7 6943 12                       @ ../Drivers/STM32H7xx_HAL_Driver/Inc\stm32h7xx_ll_adc.h:6943:12
	ldr	r2, [r4, r2]
.Ltmp1140:
	@DEBUG_VALUE: LL_ADC_IsEnabled:ADCx <- 1073881344
	.loc	7 6943 12 is_stmt 0             @ ../Drivers/STM32H7xx_HAL_Driver/Inc\stm32h7xx_ll_adc.h:6943:12
	ldr.w	r3, [r4, lr]
.Ltmp1141:
	.loc	6 2458 11 is_stmt 1             @ ../Drivers/STM32H7xx_HAL_Driver/Src/stm32h7xx_hal_adc_ex.c:2458:11
	orrs	r2, r3
.Ltmp1142:
	.loc	6 2458 11 is_stmt 0             @ ../Drivers/STM32H7xx_HAL_Driver/Src/stm32h7xx_hal_adc_ex.c:2458:11
	lsls	r2, r2, #31
	bne	.LBB25_12
.Ltmp1143:
@ %bb.6:
	@DEBUG_VALUE: HAL_ADCEx_MultiModeConfigChannel:tmp_hal_status <- 0
	@DEBUG_VALUE: HAL_ADCEx_MultiModeConfigChannel:tmphadcSlave <- [DW_OP_deref, DW_OP_LLVM_fragment 704 32] $sp
	@DEBUG_VALUE: HAL_ADCEx_MultiModeConfigChannel:tmphadcSlave <- [DW_OP_plus_uconst 4, DW_OP_deref, DW_OP_LLVM_fragment 672 32] $sp
	@DEBUG_VALUE: HAL_ADCEx_MultiModeConfigChannel:multimode <- $r1
	@DEBUG_VALUE: HAL_ADCEx_MultiModeConfigChannel:hadc <- $r0
	.loc	6 2460 9 is_stmt 1              @ ../Drivers/STM32H7xx_HAL_Driver/Src/stm32h7xx_hal_adc_ex.c:2460:9
	ldr	r2, [r4]
	movw	r3, #3871
	bics	r2, r3
	ldr	r1, [r1, #8]
.Ltmp1144:
	@DEBUG_VALUE: HAL_ADCEx_MultiModeConfigChannel:multimode <- [DW_OP_LLVM_entry_value 1] $r1
	orrs	r1, r2
	orr.w	r1, r1, r12
	b	.LBB25_11
.Ltmp1145:
	.loc	6 0 9 is_stmt 0                 @ :0:9
.Ltmp1146:
	.p2align	2
.LBB25_7:
	@DEBUG_VALUE: HAL_ADCEx_MultiModeConfigChannel:tmp_hal_status <- 0
	@DEBUG_VALUE: HAL_ADCEx_MultiModeConfigChannel:tmphadcSlave <- [DW_OP_deref, DW_OP_LLVM_fragment 704 32] $sp
	@DEBUG_VALUE: HAL_ADCEx_MultiModeConfigChannel:tmphadcSlave <- [DW_OP_plus_uconst 4, DW_OP_deref, DW_OP_LLVM_fragment 672 32] $sp
	@DEBUG_VALUE: HAL_ADCEx_MultiModeConfigChannel:multimode <- $r1
	@DEBUG_VALUE: HAL_ADCEx_MultiModeConfigChannel:hadc <- $r0
	ldr	r1, [r0, #84]
.Ltmp1147:
	@DEBUG_VALUE: HAL_ADCEx_MultiModeConfigChannel:multimode <- [DW_OP_LLVM_entry_value 1] $r1
	orr	r1, r1, #32
	str	r1, [r0, #84]
	movs	r1, #1
.Ltmp1148:
	@DEBUG_VALUE: HAL_ADCEx_MultiModeConfigChannel:tmp_hal_status <- 1
.LBB25_8:
	@DEBUG_VALUE: HAL_ADCEx_MultiModeConfigChannel:tmphadcSlave <- [DW_OP_deref, DW_OP_LLVM_fragment 704 32] $sp
	@DEBUG_VALUE: HAL_ADCEx_MultiModeConfigChannel:tmphadcSlave <- [DW_OP_plus_uconst 4, DW_OP_deref, DW_OP_LLVM_fragment 672 32] $sp
	@DEBUG_VALUE: HAL_ADCEx_MultiModeConfigChannel:hadc <- $r0
	movs	r2, #0
	strb.w	r2, [r0, #80]
	add	sp, #8
	pop.w	{r4, lr}
	.loc	6 2496 1 is_stmt 1              @ ../Drivers/STM32H7xx_HAL_Driver/Src/stm32h7xx_hal_adc_ex.c:2496:1
	mov	r0, r1
.Ltmp1149:
	@DEBUG_VALUE: HAL_ADCEx_MultiModeConfigChannel:hadc <- [DW_OP_LLVM_entry_value 1] $r0
	bx	lr
.Ltmp1150:
	.loc	6 0 1 is_stmt 0                 @ :0:1
.Ltmp1151:
	.p2align	2
.LBB25_9:
	@DEBUG_VALUE: HAL_ADCEx_MultiModeConfigChannel:tmp_hal_status <- 0
	@DEBUG_VALUE: HAL_ADCEx_MultiModeConfigChannel:tmphadcSlave <- [DW_OP_deref, DW_OP_LLVM_fragment 704 32] $sp
	@DEBUG_VALUE: HAL_ADCEx_MultiModeConfigChannel:tmphadcSlave <- [DW_OP_plus_uconst 4, DW_OP_deref, DW_OP_LLVM_fragment 672 32] $sp
	@DEBUG_VALUE: HAL_ADCEx_MultiModeConfigChannel:multimode <- $r1
	@DEBUG_VALUE: HAL_ADCEx_MultiModeConfigChannel:hadc <- $r0
	movw	r1, #64768
.Ltmp1152:
	@DEBUG_VALUE: HAL_ADCEx_MultiModeConfigChannel:multimode <- [DW_OP_LLVM_entry_value 1] $r1
	.loc	6 2470 7 is_stmt 1              @ ../Drivers/STM32H7xx_HAL_Driver/Src/stm32h7xx_hal_adc_ex.c:2470:7
	str	r3, [r4]
	movt	r1, #65535
.Ltmp1153:
	@DEBUG_VALUE: LL_ADC_IsEnabled:ADCx <- 1073881088
	.loc	7 6943 12                       @ ../Drivers/STM32H7xx_HAL_Driver/Inc\stm32h7xx_ll_adc.h:6943:12
	ldr	r1, [r4, r1]
.Ltmp1154:
	@DEBUG_VALUE: LL_ADC_IsEnabled:ADCx <- 1073881344
	.loc	7 6943 12 is_stmt 0             @ ../Drivers/STM32H7xx_HAL_Driver/Inc\stm32h7xx_ll_adc.h:6943:12
	ldr.w	r2, [r4, lr]
.Ltmp1155:
	.loc	6 2475 11 is_stmt 1             @ ../Drivers/STM32H7xx_HAL_Driver/Src/stm32h7xx_hal_adc_ex.c:2475:11
	orrs	r1, r2
.Ltmp1156:
	.loc	6 2475 11 is_stmt 0             @ ../Drivers/STM32H7xx_HAL_Driver/Src/stm32h7xx_hal_adc_ex.c:2475:11
	lsls	r1, r1, #31
	bne	.LBB25_12
.Ltmp1157:
@ %bb.10:
	@DEBUG_VALUE: HAL_ADCEx_MultiModeConfigChannel:multimode <- [DW_OP_LLVM_entry_value 1] $r1
	@DEBUG_VALUE: HAL_ADCEx_MultiModeConfigChannel:tmp_hal_status <- 0
	@DEBUG_VALUE: HAL_ADCEx_MultiModeConfigChannel:tmphadcSlave <- [DW_OP_deref, DW_OP_LLVM_fragment 704 32] $sp
	@DEBUG_VALUE: HAL_ADCEx_MultiModeConfigChannel:tmphadcSlave <- [DW_OP_plus_uconst 4, DW_OP_deref, DW_OP_LLVM_fragment 672 32] $sp
	@DEBUG_VALUE: HAL_ADCEx_MultiModeConfigChannel:hadc <- $r0
	.loc	6 2477 9 is_stmt 1              @ ../Drivers/STM32H7xx_HAL_Driver/Src/stm32h7xx_hal_adc_ex.c:2477:9
	ldr	r1, [r4]
	movw	r2, #3871
	bics	r1, r2
.Ltmp1158:
.LBB25_11:
	@DEBUG_VALUE: HAL_ADCEx_MultiModeConfigChannel:multimode <- [DW_OP_LLVM_entry_value 1] $r1
	@DEBUG_VALUE: HAL_ADCEx_MultiModeConfigChannel:tmp_hal_status <- 0
	@DEBUG_VALUE: HAL_ADCEx_MultiModeConfigChannel:tmphadcSlave <- [DW_OP_deref, DW_OP_LLVM_fragment 704 32] $sp
	@DEBUG_VALUE: HAL_ADCEx_MultiModeConfigChannel:tmphadcSlave <- [DW_OP_plus_uconst 4, DW_OP_deref, DW_OP_LLVM_fragment 672 32] $sp
	@DEBUG_VALUE: HAL_ADCEx_MultiModeConfigChannel:hadc <- $r0
	.loc	6 0 0 is_stmt 0                 @ ../Drivers/STM32H7xx_HAL_Driver/Src/stm32h7xx_hal_adc_ex.c:0:0
	str	r1, [r4]
.Ltmp1159:
.LBB25_12:
	@DEBUG_VALUE: HAL_ADCEx_MultiModeConfigChannel:tmp_hal_status <- 0
	@DEBUG_VALUE: HAL_ADCEx_MultiModeConfigChannel:tmphadcSlave <- [DW_OP_deref, DW_OP_LLVM_fragment 704 32] $sp
	@DEBUG_VALUE: HAL_ADCEx_MultiModeConfigChannel:tmphadcSlave <- [DW_OP_plus_uconst 4, DW_OP_deref, DW_OP_LLVM_fragment 672 32] $sp
	@DEBUG_VALUE: HAL_ADCEx_MultiModeConfigChannel:hadc <- $r0
	movs	r1, #0
.Ltmp1160:
	.loc	6 2478 7 is_stmt 1              @ ../Drivers/STM32H7xx_HAL_Driver/Src/stm32h7xx_hal_adc_ex.c:2478:7
	b	.LBB25_8
.Ltmp1161:
.Lfunc_end25:
	.size	HAL_ADCEx_MultiModeConfigChannel, .Lfunc_end25-HAL_ADCEx_MultiModeConfigChannel
	.cfi_endproc
	.cantunwind
	.fnend
                                        @ -- End function
	.section	.text.HAL_ADCEx_EnableInjectedQueue,"ax",%progbits
	.hidden	HAL_ADCEx_EnableInjectedQueue   @ -- Begin function HAL_ADCEx_EnableInjectedQueue
	.globl	HAL_ADCEx_EnableInjectedQueue
	.p2align	3
	.type	HAL_ADCEx_EnableInjectedQueue,%function
	.code	16                              @ @HAL_ADCEx_EnableInjectedQueue
	.thumb_func
HAL_ADCEx_EnableInjectedQueue:
.Lfunc_begin26:
	.fnstart
	.cfi_startproc
@ %bb.0:
	@DEBUG_VALUE: HAL_ADCEx_EnableInjectedQueue:hadc <- $r0
	.loc	6 2516 81 prologue_end          @ ../Drivers/STM32H7xx_HAL_Driver/Src/stm32h7xx_hal_adc_ex.c:2516:81
	ldr	r1, [r0]
.Ltmp1162:
	@DEBUG_VALUE: LL_ADC_REG_IsConversionOngoing:ADCx <- $r1
	.loc	7 7075 12                       @ ../Drivers/STM32H7xx_HAL_Driver/Inc\stm32h7xx_ll_adc.h:7075:12
	ldr	r2, [r1, #8]
.Ltmp1163:
	@DEBUG_VALUE: LL_ADC_INJ_IsConversionOngoing:ADCx <- $r1
	@DEBUG_VALUE: HAL_ADCEx_EnableInjectedQueue:tmp_adc_is_conversion_on_going_regular <- [DW_OP_constu 2, DW_OP_shr, DW_OP_constu 1, DW_OP_and, DW_OP_stack_value] $r2
	.loc	7 7270 12                       @ ../Drivers/STM32H7xx_HAL_Driver/Inc\stm32h7xx_ll_adc.h:7270:12
	ldr	r3, [r1, #8]
.Ltmp1164:
	@DEBUG_VALUE: HAL_ADCEx_EnableInjectedQueue:tmp_adc_is_conversion_on_going_injected <- [DW_OP_constu 3, DW_OP_shr, DW_OP_constu 1, DW_OP_and, DW_OP_stack_value] $r3
	.loc	6 2520 47                       @ ../Drivers/STM32H7xx_HAL_Driver/Src/stm32h7xx_hal_adc_ex.c:2520:47
	and	r2, r2, #4
.Ltmp1165:
	.loc	6 0 47 is_stmt 0                @ ../Drivers/STM32H7xx_HAL_Driver/Src/stm32h7xx_hal_adc_ex.c:0:47
	and	r3, r3, #8
.Ltmp1166:
	.loc	6 2520 47                       @ ../Drivers/STM32H7xx_HAL_Driver/Src/stm32h7xx_hal_adc_ex.c:2520:47
	adds	r2, r2, r3
	.loc	6 2521 7 is_stmt 1              @ ../Drivers/STM32H7xx_HAL_Driver/Src/stm32h7xx_hal_adc_ex.c:2521:7
	bne	.LBB26_2
.Ltmp1167:
@ %bb.1:
	@DEBUG_VALUE: HAL_ADCEx_EnableInjectedQueue:hadc <- $r0
	.loc	6 2524 5                        @ ../Drivers/STM32H7xx_HAL_Driver/Src/stm32h7xx_hal_adc_ex.c:2524:5
	ldr	r2, [r1, #12]
	bic	r2, r2, #-2147483648
	str	r2, [r1, #12]
	.loc	6 2527 5                        @ ../Drivers/STM32H7xx_HAL_Driver/Src/stm32h7xx_hal_adc_ex.c:2527:5
	ldr	r1, [r0, #84]
	bic	r1, r1, #16384
	str	r1, [r0, #84]
	movs	r0, #0
.Ltmp1168:
	@DEBUG_VALUE: HAL_ADCEx_EnableInjectedQueue:hadc <- [DW_OP_LLVM_entry_value 1] $r0
	@DEBUG_VALUE: HAL_ADCEx_EnableInjectedQueue:tmp_hal_status <- 0
	@DEBUG_VALUE: HAL_ADCEx_EnableInjectedQueue:tmp_hal_status <- $r0
	.loc	6 2536 3                        @ ../Drivers/STM32H7xx_HAL_Driver/Src/stm32h7xx_hal_adc_ex.c:2536:3
	bx	lr
.Ltmp1169:
	.loc	6 0 3 is_stmt 0                 @ :0:3
.Ltmp1170:
	.p2align	2
.LBB26_2:
	@DEBUG_VALUE: HAL_ADCEx_EnableInjectedQueue:hadc <- $r0
	movs	r0, #1
.Ltmp1171:
	@DEBUG_VALUE: HAL_ADCEx_EnableInjectedQueue:hadc <- [DW_OP_LLVM_entry_value 1] $r0
	@DEBUG_VALUE: HAL_ADCEx_EnableInjectedQueue:tmp_hal_status <- $r0
	.loc	6 2536 3                        @ ../Drivers/STM32H7xx_HAL_Driver/Src/stm32h7xx_hal_adc_ex.c:2536:3
	bx	lr
.Ltmp1172:
.Lfunc_end26:
	.size	HAL_ADCEx_EnableInjectedQueue, .Lfunc_end26-HAL_ADCEx_EnableInjectedQueue
	.cfi_endproc
	.cantunwind
	.fnend
                                        @ -- End function
	.section	.text.HAL_ADCEx_DisableInjectedQueue,"ax",%progbits
	.hidden	HAL_ADCEx_DisableInjectedQueue  @ -- Begin function HAL_ADCEx_DisableInjectedQueue
	.globl	HAL_ADCEx_DisableInjectedQueue
	.p2align	3
	.type	HAL_ADCEx_DisableInjectedQueue,%function
	.code	16                              @ @HAL_ADCEx_DisableInjectedQueue
	.thumb_func
HAL_ADCEx_DisableInjectedQueue:
.Lfunc_begin27:
	.fnstart
	.cfi_startproc
@ %bb.0:
	@DEBUG_VALUE: HAL_ADCEx_DisableInjectedQueue:hadc <- $r0
	.loc	6 2557 81 prologue_end is_stmt 1 @ ../Drivers/STM32H7xx_HAL_Driver/Src/stm32h7xx_hal_adc_ex.c:2557:81
	ldr	r0, [r0]
.Ltmp1173:
	@DEBUG_VALUE: HAL_ADCEx_DisableInjectedQueue:hadc <- [DW_OP_LLVM_entry_value 1] $r0
	@DEBUG_VALUE: LL_ADC_REG_IsConversionOngoing:ADCx <- $r0
	.loc	7 7075 12                       @ ../Drivers/STM32H7xx_HAL_Driver/Inc\stm32h7xx_ll_adc.h:7075:12
	ldr	r1, [r0, #8]
.Ltmp1174:
	@DEBUG_VALUE: LL_ADC_INJ_IsConversionOngoing:ADCx <- $r0
	@DEBUG_VALUE: HAL_ADCEx_DisableInjectedQueue:tmp_adc_is_conversion_on_going_regular <- [DW_OP_constu 2, DW_OP_shr, DW_OP_constu 1, DW_OP_and, DW_OP_stack_value] $r1
	.loc	7 7270 12                       @ ../Drivers/STM32H7xx_HAL_Driver/Inc\stm32h7xx_ll_adc.h:7270:12
	ldr	r2, [r0, #8]
.Ltmp1175:
	@DEBUG_VALUE: HAL_ADCEx_DisableInjectedQueue:tmp_adc_is_conversion_on_going_injected <- [DW_OP_constu 3, DW_OP_shr, DW_OP_constu 1, DW_OP_and, DW_OP_stack_value] $r2
	.loc	6 2561 47                       @ ../Drivers/STM32H7xx_HAL_Driver/Src/stm32h7xx_hal_adc_ex.c:2561:47
	and	r1, r1, #4
.Ltmp1176:
	.loc	6 0 47 is_stmt 0                @ ../Drivers/STM32H7xx_HAL_Driver/Src/stm32h7xx_hal_adc_ex.c:0:47
	and	r2, r2, #8
.Ltmp1177:
	.loc	6 2561 47                       @ ../Drivers/STM32H7xx_HAL_Driver/Src/stm32h7xx_hal_adc_ex.c:2561:47
	adds	r1, r1, r2
	.loc	6 2562 7 is_stmt 1              @ ../Drivers/STM32H7xx_HAL_Driver/Src/stm32h7xx_hal_adc_ex.c:2562:7
	bne	.LBB27_2
.Ltmp1178:
@ %bb.1:
	@DEBUG_VALUE: HAL_ADCEx_DisableInjectedQueue:hadc <- [DW_OP_LLVM_entry_value 1] $r0
	@DEBUG_VALUE: LL_ADC_INJ_SetQueueMode:ADCx <- $r0
	@DEBUG_VALUE: LL_ADC_INJ_SetQueueMode:QueueMode <- -2147483648
	.loc	6 0 7 is_stmt 0                 @ ../Drivers/STM32H7xx_HAL_Driver/Src/stm32h7xx_hal_adc_ex.c:0:7
	movw	r2, #65535
.Ltmp1179:
	.loc	7 5065 3 is_stmt 1              @ ../Drivers/STM32H7xx_HAL_Driver/Inc\stm32h7xx_ll_adc.h:5065:3
	ldr	r1, [r0, #12]
	movt	r2, #32735
	ands	r1, r2
	add.w	r1, r1, #-2147483648
	str	r1, [r0, #12]
	movs	r0, #0
.Ltmp1180:
	@DEBUG_VALUE: HAL_ADCEx_DisableInjectedQueue:tmp_hal_status <- 0
	@DEBUG_VALUE: HAL_ADCEx_DisableInjectedQueue:tmp_hal_status <- $r0
	.loc	6 2573 3                        @ ../Drivers/STM32H7xx_HAL_Driver/Src/stm32h7xx_hal_adc_ex.c:2573:3
	bx	lr
.Ltmp1181:
	.loc	6 0 3 is_stmt 0                 @ :0:3
.Ltmp1182:
	.p2align	2
.LBB27_2:
	@DEBUG_VALUE: HAL_ADCEx_DisableInjectedQueue:hadc <- [DW_OP_LLVM_entry_value 1] $r0
	movs	r0, #1
.Ltmp1183:
	@DEBUG_VALUE: HAL_ADCEx_DisableInjectedQueue:tmp_hal_status <- $r0
	.loc	6 2573 3                        @ ../Drivers/STM32H7xx_HAL_Driver/Src/stm32h7xx_hal_adc_ex.c:2573:3
	bx	lr
.Ltmp1184:
.Lfunc_end27:
	.size	HAL_ADCEx_DisableInjectedQueue, .Lfunc_end27-HAL_ADCEx_DisableInjectedQueue
	.cfi_endproc
	.cantunwind
	.fnend
                                        @ -- End function
	.section	.text.HAL_ADCEx_DisableVoltageRegulator,"ax",%progbits
	.hidden	HAL_ADCEx_DisableVoltageRegulator @ -- Begin function HAL_ADCEx_DisableVoltageRegulator
	.globl	HAL_ADCEx_DisableVoltageRegulator
	.p2align	3
	.type	HAL_ADCEx_DisableVoltageRegulator,%function
	.code	16                              @ @HAL_ADCEx_DisableVoltageRegulator
	.thumb_func
HAL_ADCEx_DisableVoltageRegulator:
.Lfunc_begin28:
	.fnstart
	.cfi_startproc
@ %bb.0:
	@DEBUG_VALUE: HAL_ADCEx_DisableVoltageRegulator:hadc <- $r0
	.loc	6 2593 30 prologue_end is_stmt 1 @ ../Drivers/STM32H7xx_HAL_Driver/Src/stm32h7xx_hal_adc_ex.c:2593:30
	ldr	r0, [r0]
.Ltmp1185:
	@DEBUG_VALUE: HAL_ADCEx_DisableVoltageRegulator:hadc <- [DW_OP_LLVM_entry_value 1] $r0
	@DEBUG_VALUE: LL_ADC_IsEnabled:ADCx <- $r0
	.loc	7 6943 12                       @ ../Drivers/STM32H7xx_HAL_Driver/Inc\stm32h7xx_ll_adc.h:6943:12
	ldr	r1, [r0, #8]
.Ltmp1186:
	.loc	6 2593 7                        @ ../Drivers/STM32H7xx_HAL_Driver/Src/stm32h7xx_hal_adc_ex.c:2593:7
	lsls	r1, r1, #31
	bne	.LBB28_2
.Ltmp1187:
@ %bb.1:
	@DEBUG_VALUE: HAL_ADCEx_DisableVoltageRegulator:hadc <- [DW_OP_LLVM_entry_value 1] $r0
	@DEBUG_VALUE: LL_ADC_DisableInternalRegulator:ADCx <- $r0
	.loc	6 0 7 is_stmt 0                 @ ../Drivers/STM32H7xx_HAL_Driver/Src/stm32h7xx_hal_adc_ex.c:0:7
	movw	r2, #65472
.Ltmp1188:
	.loc	7 6872 3 is_stmt 1              @ ../Drivers/STM32H7xx_HAL_Driver/Inc\stm32h7xx_ll_adc.h:6872:3
	ldr	r1, [r0, #8]
	movt	r2, #28671
	ands	r1, r2
	str	r1, [r0, #8]
	movs	r0, #0
.Ltmp1189:
	@DEBUG_VALUE: HAL_ADCEx_DisableVoltageRegulator:tmp_hal_status <- 0
	@DEBUG_VALUE: HAL_ADCEx_DisableVoltageRegulator:tmp_hal_status <- $r0
	.loc	6 2603 3                        @ ../Drivers/STM32H7xx_HAL_Driver/Src/stm32h7xx_hal_adc_ex.c:2603:3
	bx	lr
.Ltmp1190:
	.loc	6 0 3 is_stmt 0                 @ :0:3
.Ltmp1191:
	.p2align	2
.LBB28_2:
	@DEBUG_VALUE: HAL_ADCEx_DisableVoltageRegulator:hadc <- [DW_OP_LLVM_entry_value 1] $r0
	movs	r0, #1
.Ltmp1192:
	@DEBUG_VALUE: HAL_ADCEx_DisableVoltageRegulator:tmp_hal_status <- $r0
	.loc	6 2603 3                        @ ../Drivers/STM32H7xx_HAL_Driver/Src/stm32h7xx_hal_adc_ex.c:2603:3
	bx	lr
.Ltmp1193:
.Lfunc_end28:
	.size	HAL_ADCEx_DisableVoltageRegulator, .Lfunc_end28-HAL_ADCEx_DisableVoltageRegulator
	.cfi_endproc
	.cantunwind
	.fnend
                                        @ -- End function
	.section	.text.HAL_ADCEx_EnterADCDeepPowerDownMode,"ax",%progbits
	.hidden	HAL_ADCEx_EnterADCDeepPowerDownMode @ -- Begin function HAL_ADCEx_EnterADCDeepPowerDownMode
	.globl	HAL_ADCEx_EnterADCDeepPowerDownMode
	.p2align	3
	.type	HAL_ADCEx_EnterADCDeepPowerDownMode,%function
	.code	16                              @ @HAL_ADCEx_EnterADCDeepPowerDownMode
	.thumb_func
HAL_ADCEx_EnterADCDeepPowerDownMode:
.Lfunc_begin29:
	.fnstart
	.cfi_startproc
@ %bb.0:
	@DEBUG_VALUE: HAL_ADCEx_EnterADCDeepPowerDownMode:hadc <- $r0
	.loc	6 2630 30 prologue_end is_stmt 1 @ ../Drivers/STM32H7xx_HAL_Driver/Src/stm32h7xx_hal_adc_ex.c:2630:30
	ldr	r0, [r0]
.Ltmp1194:
	@DEBUG_VALUE: HAL_ADCEx_EnterADCDeepPowerDownMode:hadc <- [DW_OP_LLVM_entry_value 1] $r0
	@DEBUG_VALUE: LL_ADC_IsEnabled:ADCx <- $r0
	.loc	7 6943 12                       @ ../Drivers/STM32H7xx_HAL_Driver/Inc\stm32h7xx_ll_adc.h:6943:12
	ldr	r1, [r0, #8]
.Ltmp1195:
	.loc	6 2630 7                        @ ../Drivers/STM32H7xx_HAL_Driver/Src/stm32h7xx_hal_adc_ex.c:2630:7
	lsls	r1, r1, #31
	bne	.LBB29_2
.Ltmp1196:
@ %bb.1:
	@DEBUG_VALUE: HAL_ADCEx_EnterADCDeepPowerDownMode:hadc <- [DW_OP_LLVM_entry_value 1] $r0
	@DEBUG_VALUE: LL_ADC_EnableDeepPowerDown:ADCx <- $r0
	.loc	6 0 7 is_stmt 0                 @ ../Drivers/STM32H7xx_HAL_Driver/Src/stm32h7xx_hal_adc_ex.c:0:7
	movw	r2, #65472
.Ltmp1197:
	.loc	7 6800 3 is_stmt 1              @ ../Drivers/STM32H7xx_HAL_Driver/Inc\stm32h7xx_ll_adc.h:6800:3
	ldr	r1, [r0, #8]
	movt	r2, #24575
	ands	r1, r2
	add.w	r1, r1, #536870912
	str	r1, [r0, #8]
	movs	r0, #0
.Ltmp1198:
	@DEBUG_VALUE: HAL_ADCEx_EnterADCDeepPowerDownMode:tmp_hal_status <- 0
	@DEBUG_VALUE: HAL_ADCEx_EnterADCDeepPowerDownMode:tmp_hal_status <- $r0
	.loc	6 2640 3                        @ ../Drivers/STM32H7xx_HAL_Driver/Src/stm32h7xx_hal_adc_ex.c:2640:3
	bx	lr
.Ltmp1199:
	.loc	6 0 3 is_stmt 0                 @ :0:3
.Ltmp1200:
	.p2align	2
.LBB29_2:
	@DEBUG_VALUE: HAL_ADCEx_EnterADCDeepPowerDownMode:hadc <- [DW_OP_LLVM_entry_value 1] $r0
	movs	r0, #1
.Ltmp1201:
	@DEBUG_VALUE: HAL_ADCEx_EnterADCDeepPowerDownMode:tmp_hal_status <- $r0
	.loc	6 2640 3                        @ ../Drivers/STM32H7xx_HAL_Driver/Src/stm32h7xx_hal_adc_ex.c:2640:3
	bx	lr
.Ltmp1202:
.Lfunc_end29:
	.size	HAL_ADCEx_EnterADCDeepPowerDownMode, .Lfunc_end29-HAL_ADCEx_EnterADCDeepPowerDownMode
	.cfi_endproc
	.cantunwind
	.fnend
                                        @ -- End function
	.file	8 "D:\\EV\\testadc\\MDK-ARM" "../Drivers/STM32H7xx_HAL_Driver/Inc\\stm32h7xx_hal_adc.h"
	.file	9 "D:\\EV\\testadc\\MDK-ARM" "../Drivers/STM32H7xx_HAL_Driver/Inc\\stm32h7xx_hal_adc_ex.h"
	.section	.debug_loc,"",%progbits
.Ldebug_loc0:
	.long	-1
	.long	.Lfunc_begin0                   @   base address
	.long	.Lfunc_begin0-.Lfunc_begin0
	.long	.Ltmp1-.Lfunc_begin0
	.short	1                               @ Loc expr size
	.byte	80                              @ DW_OP_reg0
	.long	.Ltmp1-.Lfunc_begin0
	.long	.Ltmp48-.Lfunc_begin0
	.short	1                               @ Loc expr size
	.byte	84                              @ DW_OP_reg4
	.long	0
	.long	0
.Ldebug_loc1:
	.long	-1
	.long	.Lfunc_begin0                   @   base address
	.long	.Lfunc_begin0-.Lfunc_begin0
	.long	.Ltmp8-.Lfunc_begin0
	.short	1                               @ Loc expr size
	.byte	81                              @ DW_OP_reg1
	.long	.Ltmp8-.Lfunc_begin0
	.long	.Ltmp17-.Lfunc_begin0
	.short	1                               @ Loc expr size
	.byte	86                              @ DW_OP_reg6
	.long	.Ltmp17-.Lfunc_begin0
	.long	.Ltmp46-.Lfunc_begin0
	.short	4                               @ Loc expr size
	.byte	243                             @ DW_OP_GNU_entry_value
	.byte	1                               @ 1
	.byte	81                              @ DW_OP_reg1
	.byte	159                             @ DW_OP_stack_value
	.long	0
	.long	0
.Ldebug_loc2:
	.long	-1
	.long	.Lfunc_begin0                   @   base address
	.long	.Lfunc_begin0-.Lfunc_begin0
	.long	.Ltmp9-.Lfunc_begin0
	.short	1                               @ Loc expr size
	.byte	82                              @ DW_OP_reg2
	.long	.Ltmp9-.Lfunc_begin0
	.long	.Ltmp18-.Lfunc_begin0
	.short	1                               @ Loc expr size
	.byte	85                              @ DW_OP_reg5
	.long	.Ltmp18-.Lfunc_begin0
	.long	.Ltmp46-.Lfunc_begin0
	.short	4                               @ Loc expr size
	.byte	243                             @ DW_OP_GNU_entry_value
	.byte	1                               @ 1
	.byte	82                              @ DW_OP_reg2
	.byte	159                             @ DW_OP_stack_value
	.long	0
	.long	0
.Ldebug_loc3:
	.long	-1
	.long	.Lfunc_begin0                   @   base address
	.long	.Ltmp1-.Lfunc_begin0
	.long	.Ltmp24-.Lfunc_begin0
	.short	2                               @ Loc expr size
	.byte	125                             @ DW_OP_breg13
	.byte	4                               @ 4
	.long	.Ltmp40-.Lfunc_begin0
	.long	.Ltmp42-.Lfunc_begin0
	.short	2                               @ Loc expr size
	.byte	125                             @ DW_OP_breg13
	.byte	4                               @ 4
	.long	0
	.long	0
.Ldebug_loc4:
	.long	-1
	.long	.Lfunc_begin0                   @   base address
	.long	.Ltmp10-.Lfunc_begin0
	.long	.Ltmp43-.Lfunc_begin0
	.short	1                               @ Loc expr size
	.byte	80                              @ DW_OP_reg0
	.long	.Ltmp44-.Lfunc_begin0
	.long	.Ltmp46-.Lfunc_begin0
	.short	1                               @ Loc expr size
	.byte	80                              @ DW_OP_reg0
	.long	0
	.long	0
.Ldebug_loc5:
	.long	-1
	.long	.Lfunc_begin0                   @   base address
	.long	.Ltmp16-.Lfunc_begin0
	.long	.Ltmp18-.Lfunc_begin0
	.short	1                               @ Loc expr size
	.byte	85                              @ DW_OP_reg5
	.long	0
	.long	0
.Ldebug_loc6:
	.long	-1
	.long	.Lfunc_begin0                   @   base address
	.long	.Ltmp16-.Lfunc_begin0
	.long	.Ltmp17-.Lfunc_begin0
	.short	1                               @ Loc expr size
	.byte	86                              @ DW_OP_reg6
	.long	0
	.long	0
.Ldebug_loc7:
	.long	-1
	.long	.Lfunc_begin0                   @   base address
	.long	.Ltmp19-.Lfunc_begin0
	.long	.Ltmp21-.Lfunc_begin0
	.short	1                               @ Loc expr size
	.byte	81                              @ DW_OP_reg1
	.long	.Ltmp25-.Lfunc_begin0
	.long	.Ltmp27-.Lfunc_begin0
	.short	1                               @ Loc expr size
	.byte	81                              @ DW_OP_reg1
	.long	.Ltmp31-.Lfunc_begin0
	.long	.Ltmp33-.Lfunc_begin0
	.short	1                               @ Loc expr size
	.byte	81                              @ DW_OP_reg1
	.long	.Ltmp37-.Lfunc_begin0
	.long	.Ltmp39-.Lfunc_begin0
	.short	1                               @ Loc expr size
	.byte	81                              @ DW_OP_reg1
	.long	0
	.long	0
.Ldebug_loc8:
	.long	-1
	.long	.Lfunc_begin1                   @   base address
	.long	.Lfunc_begin1-.Lfunc_begin1
	.long	.Ltmp49-.Lfunc_begin1
	.short	1                               @ Loc expr size
	.byte	80                              @ DW_OP_reg0
	.long	.Ltmp49-.Lfunc_begin1
	.long	.Lfunc_end1-.Lfunc_begin1
	.short	4                               @ Loc expr size
	.byte	243                             @ DW_OP_GNU_entry_value
	.byte	1                               @ 1
	.byte	80                              @ DW_OP_reg0
	.byte	159                             @ DW_OP_stack_value
	.long	0
	.long	0
.Ldebug_loc9:
	.long	-1
	.long	.Lfunc_begin1                   @   base address
	.long	.Lfunc_begin1-.Lfunc_begin1
	.long	.Ltmp52-.Lfunc_begin1
	.short	1                               @ Loc expr size
	.byte	81                              @ DW_OP_reg1
	.long	.Ltmp52-.Lfunc_begin1
	.long	.Lfunc_end1-.Lfunc_begin1
	.short	4                               @ Loc expr size
	.byte	243                             @ DW_OP_GNU_entry_value
	.byte	1                               @ 1
	.byte	81                              @ DW_OP_reg1
	.byte	159                             @ DW_OP_stack_value
	.long	0
	.long	0
.Ldebug_loc10:
	.long	-1
	.long	.Lfunc_begin1                   @   base address
	.long	.Ltmp49-.Lfunc_begin1
	.long	.Ltmp51-.Lfunc_begin1
	.short	1                               @ Loc expr size
	.byte	80                              @ DW_OP_reg0
	.long	0
	.long	0
.Ldebug_loc11:
	.long	-1
	.long	.Lfunc_begin2                   @   base address
	.long	.Lfunc_begin2-.Lfunc_begin2
	.long	.Ltmp61-.Lfunc_begin2
	.short	1                               @ Loc expr size
	.byte	80                              @ DW_OP_reg0
	.long	.Ltmp61-.Lfunc_begin2
	.long	.Ltmp63-.Lfunc_begin2
	.short	4                               @ Loc expr size
	.byte	243                             @ DW_OP_GNU_entry_value
	.byte	1                               @ 1
	.byte	80                              @ DW_OP_reg0
	.byte	159                             @ DW_OP_stack_value
	.long	0
	.long	0
.Ldebug_loc12:
	.long	-1
	.long	.Lfunc_begin2                   @   base address
	.long	.Lfunc_begin2-.Lfunc_begin2
	.long	.Ltmp59-.Lfunc_begin2
	.short	1                               @ Loc expr size
	.byte	81                              @ DW_OP_reg1
	.long	.Ltmp59-.Lfunc_begin2
	.long	.Ltmp62-.Lfunc_begin2
	.short	1                               @ Loc expr size
	.byte	84                              @ DW_OP_reg4
	.long	0
	.long	0
.Ldebug_loc13:
	.long	-1
	.long	.Lfunc_begin2                   @   base address
	.long	.Ltmp55-.Lfunc_begin2
	.long	.Ltmp61-.Lfunc_begin2
	.short	2                               @ Loc expr size
	.byte	48                              @ DW_OP_lit0
	.byte	159                             @ DW_OP_stack_value
	.long	.Ltmp61-.Lfunc_begin2
	.long	.Ltmp63-.Lfunc_begin2
	.short	1                               @ Loc expr size
	.byte	80                              @ DW_OP_reg0
	.long	0
	.long	0
.Ldebug_loc14:
	.long	-1
	.long	.Lfunc_begin2                   @   base address
	.long	.Ltmp55-.Lfunc_begin2
	.long	.Ltmp66-.Lfunc_begin2
	.short	2                               @ Loc expr size
	.byte	48                              @ DW_OP_lit0
	.byte	159                             @ DW_OP_stack_value
	.long	0
	.long	0
.Ldebug_loc15:
	.long	-1
	.long	.Lfunc_begin2                   @   base address
	.long	.Ltmp68-.Lfunc_begin2
	.long	.Ltmp69-.Lfunc_begin2
	.short	5                               @ Loc expr size
	.byte	16                              @ DW_OP_constu
	.byte	240                             @ 524400
	.byte	128                             @ 
	.byte	32                              @ 
	.byte	159                             @ DW_OP_stack_value
	.long	.Ltmp69-.Lfunc_begin2
	.long	.Ltmp70-.Lfunc_begin2
	.short	19                              @ Loc expr size
	.byte	112                             @ DW_OP_breg0
	.byte	0                               @ 0
	.byte	17                              @ DW_OP_consts
	.byte	144                             @ -524400
	.byte	255                             @ 
	.byte	95                              @ 
	.byte	28                              @ DW_OP_minus
	.byte	17                              @ DW_OP_consts
	.byte	4                               @ 4
	.byte	27                              @ DW_OP_div
	.byte	17                              @ DW_OP_consts
	.byte	124                             @ -4
	.byte	30                              @ DW_OP_mul
	.byte	17                              @ DW_OP_consts
	.byte	240                             @ 524400
	.byte	128                             @ 
	.byte	32                              @ 
	.byte	34                              @ DW_OP_plus
	.byte	159                             @ DW_OP_stack_value
	.long	.Ltmp70-.Lfunc_begin2
	.long	.Ltmp73-.Lfunc_begin2
	.short	3                               @ Loc expr size
	.byte	112                             @ DW_OP_breg0
	.byte	127                             @ -1
	.byte	159                             @ DW_OP_stack_value
	.long	.Ltmp73-.Lfunc_begin2
	.long	.Ltmp74-.Lfunc_begin2
	.short	3                               @ Loc expr size
	.byte	112                             @ DW_OP_breg0
	.byte	126                             @ -2
	.byte	159                             @ DW_OP_stack_value
	.long	.Ltmp74-.Lfunc_begin2
	.long	.Ltmp76-.Lfunc_begin2
	.short	3                               @ Loc expr size
	.byte	112                             @ DW_OP_breg0
	.byte	125                             @ -3
	.byte	159                             @ DW_OP_stack_value
	.long	.Ltmp76-.Lfunc_begin2
	.long	.Ltmp77-.Lfunc_begin2
	.short	19                              @ Loc expr size
	.byte	112                             @ DW_OP_breg0
	.byte	0                               @ 0
	.byte	17                              @ DW_OP_consts
	.byte	144                             @ -524400
	.byte	255                             @ 
	.byte	95                              @ 
	.byte	28                              @ DW_OP_minus
	.byte	17                              @ DW_OP_consts
	.byte	4                               @ 4
	.byte	27                              @ DW_OP_div
	.byte	17                              @ DW_OP_consts
	.byte	124                             @ -4
	.byte	30                              @ DW_OP_mul
	.byte	17                              @ DW_OP_consts
	.byte	236                             @ 524396
	.byte	128                             @ 
	.byte	32                              @ 
	.byte	34                              @ DW_OP_plus
	.byte	159                             @ DW_OP_stack_value
	.long	.Ltmp80-.Lfunc_begin2
	.long	.Ltmp81-.Lfunc_begin2
	.short	5                               @ Loc expr size
	.byte	16                              @ DW_OP_constu
	.byte	240                             @ 524400
	.byte	128                             @ 
	.byte	32                              @ 
	.byte	159                             @ DW_OP_stack_value
	.long	.Ltmp81-.Lfunc_begin2
	.long	.Ltmp82-.Lfunc_begin2
	.short	19                              @ Loc expr size
	.byte	112                             @ DW_OP_breg0
	.byte	0                               @ 0
	.byte	17                              @ DW_OP_consts
	.byte	144                             @ -524400
	.byte	255                             @ 
	.byte	95                              @ 
	.byte	28                              @ DW_OP_minus
	.byte	17                              @ DW_OP_consts
	.byte	4                               @ 4
	.byte	27                              @ DW_OP_div
	.byte	17                              @ DW_OP_consts
	.byte	124                             @ -4
	.byte	30                              @ DW_OP_mul
	.byte	17                              @ DW_OP_consts
	.byte	240                             @ 524400
	.byte	128                             @ 
	.byte	32                              @ 
	.byte	34                              @ DW_OP_plus
	.byte	159                             @ DW_OP_stack_value
	.long	.Ltmp82-.Lfunc_begin2
	.long	.Ltmp85-.Lfunc_begin2
	.short	3                               @ Loc expr size
	.byte	112                             @ DW_OP_breg0
	.byte	127                             @ -1
	.byte	159                             @ DW_OP_stack_value
	.long	.Ltmp85-.Lfunc_begin2
	.long	.Ltmp86-.Lfunc_begin2
	.short	3                               @ Loc expr size
	.byte	112                             @ DW_OP_breg0
	.byte	126                             @ -2
	.byte	159                             @ DW_OP_stack_value
	.long	.Ltmp86-.Lfunc_begin2
	.long	.Ltmp88-.Lfunc_begin2
	.short	3                               @ Loc expr size
	.byte	112                             @ DW_OP_breg0
	.byte	125                             @ -3
	.byte	159                             @ DW_OP_stack_value
	.long	.Ltmp88-.Lfunc_begin2
	.long	.Ltmp89-.Lfunc_begin2
	.short	19                              @ Loc expr size
	.byte	112                             @ DW_OP_breg0
	.byte	0                               @ 0
	.byte	17                              @ DW_OP_consts
	.byte	144                             @ -524400
	.byte	255                             @ 
	.byte	95                              @ 
	.byte	28                              @ DW_OP_minus
	.byte	17                              @ DW_OP_consts
	.byte	4                               @ 4
	.byte	27                              @ DW_OP_div
	.byte	17                              @ DW_OP_consts
	.byte	124                             @ -4
	.byte	30                              @ DW_OP_mul
	.byte	17                              @ DW_OP_consts
	.byte	236                             @ 524396
	.byte	128                             @ 
	.byte	32                              @ 
	.byte	34                              @ DW_OP_plus
	.byte	159                             @ DW_OP_stack_value
	.long	.Ltmp92-.Lfunc_begin2
	.long	.Ltmp93-.Lfunc_begin2
	.short	5                               @ Loc expr size
	.byte	16                              @ DW_OP_constu
	.byte	240                             @ 524400
	.byte	128                             @ 
	.byte	32                              @ 
	.byte	159                             @ DW_OP_stack_value
	.long	.Ltmp93-.Lfunc_begin2
	.long	.Ltmp94-.Lfunc_begin2
	.short	19                              @ Loc expr size
	.byte	112                             @ DW_OP_breg0
	.byte	0                               @ 0
	.byte	17                              @ DW_OP_consts
	.byte	144                             @ -524400
	.byte	255                             @ 
	.byte	95                              @ 
	.byte	28                              @ DW_OP_minus
	.byte	17                              @ DW_OP_consts
	.byte	4                               @ 4
	.byte	27                              @ DW_OP_div
	.byte	17                              @ DW_OP_consts
	.byte	124                             @ -4
	.byte	30                              @ DW_OP_mul
	.byte	17                              @ DW_OP_consts
	.byte	240                             @ 524400
	.byte	128                             @ 
	.byte	32                              @ 
	.byte	34                              @ DW_OP_plus
	.byte	159                             @ DW_OP_stack_value
	.long	.Ltmp94-.Lfunc_begin2
	.long	.Ltmp97-.Lfunc_begin2
	.short	3                               @ Loc expr size
	.byte	112                             @ DW_OP_breg0
	.byte	127                             @ -1
	.byte	159                             @ DW_OP_stack_value
	.long	.Ltmp97-.Lfunc_begin2
	.long	.Ltmp98-.Lfunc_begin2
	.short	3                               @ Loc expr size
	.byte	112                             @ DW_OP_breg0
	.byte	126                             @ -2
	.byte	159                             @ DW_OP_stack_value
	.long	.Ltmp98-.Lfunc_begin2
	.long	.Ltmp100-.Lfunc_begin2
	.short	3                               @ Loc expr size
	.byte	112                             @ DW_OP_breg0
	.byte	125                             @ -3
	.byte	159                             @ DW_OP_stack_value
	.long	.Ltmp100-.Lfunc_begin2
	.long	.Ltmp101-.Lfunc_begin2
	.short	19                              @ Loc expr size
	.byte	112                             @ DW_OP_breg0
	.byte	0                               @ 0
	.byte	17                              @ DW_OP_consts
	.byte	144                             @ -524400
	.byte	255                             @ 
	.byte	95                              @ 
	.byte	28                              @ DW_OP_minus
	.byte	17                              @ DW_OP_consts
	.byte	4                               @ 4
	.byte	27                              @ DW_OP_div
	.byte	17                              @ DW_OP_consts
	.byte	124                             @ -4
	.byte	30                              @ DW_OP_mul
	.byte	17                              @ DW_OP_consts
	.byte	236                             @ 524396
	.byte	128                             @ 
	.byte	32                              @ 
	.byte	34                              @ DW_OP_plus
	.byte	159                             @ DW_OP_stack_value
	.long	.Ltmp104-.Lfunc_begin2
	.long	.Ltmp105-.Lfunc_begin2
	.short	5                               @ Loc expr size
	.byte	16                              @ DW_OP_constu
	.byte	240                             @ 524400
	.byte	128                             @ 
	.byte	32                              @ 
	.byte	159                             @ DW_OP_stack_value
	.long	.Ltmp105-.Lfunc_begin2
	.long	.Ltmp106-.Lfunc_begin2
	.short	19                              @ Loc expr size
	.byte	112                             @ DW_OP_breg0
	.byte	0                               @ 0
	.byte	17                              @ DW_OP_consts
	.byte	144                             @ -524400
	.byte	255                             @ 
	.byte	95                              @ 
	.byte	28                              @ DW_OP_minus
	.byte	17                              @ DW_OP_consts
	.byte	4                               @ 4
	.byte	27                              @ DW_OP_div
	.byte	17                              @ DW_OP_consts
	.byte	124                             @ -4
	.byte	30                              @ DW_OP_mul
	.byte	17                              @ DW_OP_consts
	.byte	240                             @ 524400
	.byte	128                             @ 
	.byte	32                              @ 
	.byte	34                              @ DW_OP_plus
	.byte	159                             @ DW_OP_stack_value
	.long	.Ltmp106-.Lfunc_begin2
	.long	.Ltmp109-.Lfunc_begin2
	.short	3                               @ Loc expr size
	.byte	112                             @ DW_OP_breg0
	.byte	127                             @ -1
	.byte	159                             @ DW_OP_stack_value
	.long	.Ltmp109-.Lfunc_begin2
	.long	.Ltmp110-.Lfunc_begin2
	.short	3                               @ Loc expr size
	.byte	112                             @ DW_OP_breg0
	.byte	126                             @ -2
	.byte	159                             @ DW_OP_stack_value
	.long	.Ltmp110-.Lfunc_begin2
	.long	.Ltmp112-.Lfunc_begin2
	.short	3                               @ Loc expr size
	.byte	112                             @ DW_OP_breg0
	.byte	125                             @ -3
	.byte	159                             @ DW_OP_stack_value
	.long	.Ltmp112-.Lfunc_begin2
	.long	.Ltmp113-.Lfunc_begin2
	.short	19                              @ Loc expr size
	.byte	112                             @ DW_OP_breg0
	.byte	0                               @ 0
	.byte	17                              @ DW_OP_consts
	.byte	144                             @ -524400
	.byte	255                             @ 
	.byte	95                              @ 
	.byte	28                              @ DW_OP_minus
	.byte	17                              @ DW_OP_consts
	.byte	4                               @ 4
	.byte	27                              @ DW_OP_div
	.byte	17                              @ DW_OP_consts
	.byte	124                             @ -4
	.byte	30                              @ DW_OP_mul
	.byte	17                              @ DW_OP_consts
	.byte	236                             @ 524396
	.byte	128                             @ 
	.byte	32                              @ 
	.byte	34                              @ DW_OP_plus
	.byte	159                             @ DW_OP_stack_value
	.long	.Ltmp116-.Lfunc_begin2
	.long	.Ltmp117-.Lfunc_begin2
	.short	5                               @ Loc expr size
	.byte	16                              @ DW_OP_constu
	.byte	240                             @ 524400
	.byte	128                             @ 
	.byte	32                              @ 
	.byte	159                             @ DW_OP_stack_value
	.long	.Ltmp117-.Lfunc_begin2
	.long	.Ltmp118-.Lfunc_begin2
	.short	19                              @ Loc expr size
	.byte	112                             @ DW_OP_breg0
	.byte	0                               @ 0
	.byte	17                              @ DW_OP_consts
	.byte	144                             @ -524400
	.byte	255                             @ 
	.byte	95                              @ 
	.byte	28                              @ DW_OP_minus
	.byte	17                              @ DW_OP_consts
	.byte	4                               @ 4
	.byte	27                              @ DW_OP_div
	.byte	17                              @ DW_OP_consts
	.byte	124                             @ -4
	.byte	30                              @ DW_OP_mul
	.byte	17                              @ DW_OP_consts
	.byte	240                             @ 524400
	.byte	128                             @ 
	.byte	32                              @ 
	.byte	34                              @ DW_OP_plus
	.byte	159                             @ DW_OP_stack_value
	.long	.Ltmp118-.Lfunc_begin2
	.long	.Ltmp121-.Lfunc_begin2
	.short	3                               @ Loc expr size
	.byte	112                             @ DW_OP_breg0
	.byte	127                             @ -1
	.byte	159                             @ DW_OP_stack_value
	.long	.Ltmp121-.Lfunc_begin2
	.long	.Ltmp122-.Lfunc_begin2
	.short	3                               @ Loc expr size
	.byte	112                             @ DW_OP_breg0
	.byte	126                             @ -2
	.byte	159                             @ DW_OP_stack_value
	.long	.Ltmp122-.Lfunc_begin2
	.long	.Ltmp124-.Lfunc_begin2
	.short	3                               @ Loc expr size
	.byte	112                             @ DW_OP_breg0
	.byte	125                             @ -3
	.byte	159                             @ DW_OP_stack_value
	.long	.Ltmp124-.Lfunc_begin2
	.long	.Ltmp125-.Lfunc_begin2
	.short	19                              @ Loc expr size
	.byte	112                             @ DW_OP_breg0
	.byte	0                               @ 0
	.byte	17                              @ DW_OP_consts
	.byte	144                             @ -524400
	.byte	255                             @ 
	.byte	95                              @ 
	.byte	28                              @ DW_OP_minus
	.byte	17                              @ DW_OP_consts
	.byte	4                               @ 4
	.byte	27                              @ DW_OP_div
	.byte	17                              @ DW_OP_consts
	.byte	124                             @ -4
	.byte	30                              @ DW_OP_mul
	.byte	17                              @ DW_OP_consts
	.byte	236                             @ 524396
	.byte	128                             @ 
	.byte	32                              @ 
	.byte	34                              @ DW_OP_plus
	.byte	159                             @ DW_OP_stack_value
	.long	.Ltmp128-.Lfunc_begin2
	.long	.Ltmp129-.Lfunc_begin2
	.short	5                               @ Loc expr size
	.byte	16                              @ DW_OP_constu
	.byte	240                             @ 524400
	.byte	128                             @ 
	.byte	32                              @ 
	.byte	159                             @ DW_OP_stack_value
	.long	.Ltmp129-.Lfunc_begin2
	.long	.Ltmp130-.Lfunc_begin2
	.short	19                              @ Loc expr size
	.byte	115                             @ DW_OP_breg3
	.byte	0                               @ 0
	.byte	17                              @ DW_OP_consts
	.byte	144                             @ -524400
	.byte	255                             @ 
	.byte	95                              @ 
	.byte	28                              @ DW_OP_minus
	.byte	17                              @ DW_OP_consts
	.byte	4                               @ 4
	.byte	27                              @ DW_OP_div
	.byte	17                              @ DW_OP_consts
	.byte	124                             @ -4
	.byte	30                              @ DW_OP_mul
	.byte	17                              @ DW_OP_consts
	.byte	240                             @ 524400
	.byte	128                             @ 
	.byte	32                              @ 
	.byte	34                              @ DW_OP_plus
	.byte	159                             @ DW_OP_stack_value
	.long	.Ltmp130-.Lfunc_begin2
	.long	.Ltmp133-.Lfunc_begin2
	.short	3                               @ Loc expr size
	.byte	115                             @ DW_OP_breg3
	.byte	127                             @ -1
	.byte	159                             @ DW_OP_stack_value
	.long	.Ltmp133-.Lfunc_begin2
	.long	.Ltmp134-.Lfunc_begin2
	.short	3                               @ Loc expr size
	.byte	115                             @ DW_OP_breg3
	.byte	126                             @ -2
	.byte	159                             @ DW_OP_stack_value
	.long	.Ltmp134-.Lfunc_begin2
	.long	.Ltmp136-.Lfunc_begin2
	.short	3                               @ Loc expr size
	.byte	115                             @ DW_OP_breg3
	.byte	125                             @ -3
	.byte	159                             @ DW_OP_stack_value
	.long	.Ltmp136-.Lfunc_begin2
	.long	.Ltmp137-.Lfunc_begin2
	.short	19                              @ Loc expr size
	.byte	115                             @ DW_OP_breg3
	.byte	0                               @ 0
	.byte	17                              @ DW_OP_consts
	.byte	144                             @ -524400
	.byte	255                             @ 
	.byte	95                              @ 
	.byte	28                              @ DW_OP_minus
	.byte	17                              @ DW_OP_consts
	.byte	4                               @ 4
	.byte	27                              @ DW_OP_div
	.byte	17                              @ DW_OP_consts
	.byte	124                             @ -4
	.byte	30                              @ DW_OP_mul
	.byte	17                              @ DW_OP_consts
	.byte	236                             @ 524396
	.byte	128                             @ 
	.byte	32                              @ 
	.byte	34                              @ DW_OP_plus
	.byte	159                             @ DW_OP_stack_value
	.long	0
	.long	0
.Ldebug_loc16:
	.long	-1
	.long	.Lfunc_begin2                   @   base address
	.long	.Ltmp68-.Lfunc_begin2
	.long	.Ltmp80-.Lfunc_begin2
	.short	6                               @ Loc expr size
	.byte	16                              @ DW_OP_constu
	.byte	128                             @ 134217728
	.byte	128                             @ 
	.byte	128                             @ 
	.byte	64                              @ 
	.byte	159                             @ DW_OP_stack_value
	.long	.Ltmp80-.Lfunc_begin2
	.long	.Ltmp92-.Lfunc_begin2
	.short	6                               @ Loc expr size
	.byte	16                              @ DW_OP_constu
	.byte	128                             @ 67108864
	.byte	128                             @ 
	.byte	128                             @ 
	.byte	32                              @ 
	.byte	159                             @ DW_OP_stack_value
	.long	.Ltmp92-.Lfunc_begin2
	.long	.Ltmp104-.Lfunc_begin2
	.short	6                               @ Loc expr size
	.byte	16                              @ DW_OP_constu
	.byte	128                             @ 33554432
	.byte	128                             @ 
	.byte	128                             @ 
	.byte	16                              @ 
	.byte	159                             @ DW_OP_stack_value
	.long	.Ltmp104-.Lfunc_begin2
	.long	.Ltmp116-.Lfunc_begin2
	.short	6                               @ Loc expr size
	.byte	16                              @ DW_OP_constu
	.byte	128                             @ 16777216
	.byte	128                             @ 
	.byte	128                             @ 
	.byte	8                               @ 
	.byte	159                             @ DW_OP_stack_value
	.long	.Ltmp116-.Lfunc_begin2
	.long	.Ltmp128-.Lfunc_begin2
	.short	6                               @ Loc expr size
	.byte	16                              @ DW_OP_constu
	.byte	128                             @ 8388608
	.byte	128                             @ 
	.byte	128                             @ 
	.byte	4                               @ 
	.byte	159                             @ DW_OP_stack_value
	.long	.Ltmp128-.Lfunc_begin2
	.long	.Ltmp143-.Lfunc_begin2
	.short	6                               @ Loc expr size
	.byte	16                              @ DW_OP_constu
	.byte	128                             @ 4194304
	.byte	128                             @ 
	.byte	128                             @ 
	.byte	2                               @ 
	.byte	159                             @ DW_OP_stack_value
	.long	0
	.long	0
.Ldebug_loc17:
	.long	-1
	.long	.Lfunc_begin2                   @   base address
	.long	.Ltmp68-.Lfunc_begin2
	.long	.Ltmp143-.Lfunc_begin2
	.short	1                               @ Loc expr size
	.byte	82                              @ DW_OP_reg2
	.long	0
	.long	0
.Ldebug_loc18:
	.long	-1
	.long	.Lfunc_begin2                   @   base address
	.long	.Ltmp68-.Lfunc_begin2
	.long	.Ltmp80-.Lfunc_begin2
	.short	2                               @ Loc expr size
	.byte	54                              @ DW_OP_lit6
	.byte	159                             @ DW_OP_stack_value
	.long	.Ltmp80-.Lfunc_begin2
	.long	.Ltmp92-.Lfunc_begin2
	.short	2                               @ Loc expr size
	.byte	53                              @ DW_OP_lit5
	.byte	159                             @ DW_OP_stack_value
	.long	.Ltmp92-.Lfunc_begin2
	.long	.Ltmp104-.Lfunc_begin2
	.short	2                               @ Loc expr size
	.byte	52                              @ DW_OP_lit4
	.byte	159                             @ DW_OP_stack_value
	.long	.Ltmp104-.Lfunc_begin2
	.long	.Ltmp116-.Lfunc_begin2
	.short	2                               @ Loc expr size
	.byte	51                              @ DW_OP_lit3
	.byte	159                             @ DW_OP_stack_value
	.long	.Ltmp116-.Lfunc_begin2
	.long	.Ltmp128-.Lfunc_begin2
	.short	2                               @ Loc expr size
	.byte	50                              @ DW_OP_lit2
	.byte	159                             @ DW_OP_stack_value
	.long	.Ltmp128-.Lfunc_begin2
	.long	.Ltmp142-.Lfunc_begin2
	.short	2                               @ Loc expr size
	.byte	49                              @ DW_OP_lit1
	.byte	159                             @ DW_OP_stack_value
	.long	.Ltmp142-.Lfunc_begin2
	.long	.Lfunc_end2-.Lfunc_begin2
	.short	2                               @ Loc expr size
	.byte	48                              @ DW_OP_lit0
	.byte	159                             @ DW_OP_stack_value
	.long	0
	.long	0
.Ldebug_loc19:
	.long	-1
	.long	.Lfunc_begin3                   @   base address
	.long	.Lfunc_begin3-.Lfunc_begin3
	.long	.Ltmp148-.Lfunc_begin3
	.short	1                               @ Loc expr size
	.byte	80                              @ DW_OP_reg0
	.long	.Ltmp148-.Lfunc_begin3
	.long	.Ltmp149-.Lfunc_begin3
	.short	4                               @ Loc expr size
	.byte	243                             @ DW_OP_GNU_entry_value
	.byte	1                               @ 1
	.byte	80                              @ DW_OP_reg0
	.byte	159                             @ DW_OP_stack_value
	.long	.Ltmp149-.Lfunc_begin3
	.long	.Ltmp167-.Lfunc_begin3
	.short	1                               @ Loc expr size
	.byte	80                              @ DW_OP_reg0
	.long	.Ltmp167-.Lfunc_begin3
	.long	.Lfunc_end3-.Lfunc_begin3
	.short	4                               @ Loc expr size
	.byte	243                             @ DW_OP_GNU_entry_value
	.byte	1                               @ 1
	.byte	80                              @ DW_OP_reg0
	.byte	159                             @ DW_OP_stack_value
	.long	0
	.long	0
.Ldebug_loc20:
	.long	-1
	.long	.Lfunc_begin3                   @   base address
	.long	.Lfunc_begin3-.Lfunc_begin3
	.long	.Ltmp157-.Lfunc_begin3
	.short	1                               @ Loc expr size
	.byte	81                              @ DW_OP_reg1
	.long	.Ltmp157-.Lfunc_begin3
	.long	.Ltmp159-.Lfunc_begin3
	.short	4                               @ Loc expr size
	.byte	243                             @ DW_OP_GNU_entry_value
	.byte	1                               @ 1
	.byte	81                              @ DW_OP_reg1
	.byte	159                             @ DW_OP_stack_value
	.long	.Ltmp159-.Lfunc_begin3
	.long	.Ltmp162-.Lfunc_begin3
	.short	1                               @ Loc expr size
	.byte	81                              @ DW_OP_reg1
	.long	.Ltmp162-.Lfunc_begin3
	.long	.Lfunc_end3-.Lfunc_begin3
	.short	4                               @ Loc expr size
	.byte	243                             @ DW_OP_GNU_entry_value
	.byte	1                               @ 1
	.byte	81                              @ DW_OP_reg1
	.byte	159                             @ DW_OP_stack_value
	.long	0
	.long	0
.Ldebug_loc21:
	.long	-1
	.long	.Lfunc_begin3                   @   base address
	.long	.Lfunc_begin3-.Lfunc_begin3
	.long	.Ltmp163-.Lfunc_begin3
	.short	1                               @ Loc expr size
	.byte	82                              @ DW_OP_reg2
	.long	.Ltmp163-.Lfunc_begin3
	.long	.Ltmp164-.Lfunc_begin3
	.short	4                               @ Loc expr size
	.byte	243                             @ DW_OP_GNU_entry_value
	.byte	1                               @ 1
	.byte	82                              @ DW_OP_reg2
	.byte	159                             @ DW_OP_stack_value
	.long	0
	.long	0
.Ldebug_loc22:
	.long	-1
	.long	.Lfunc_begin3                   @   base address
	.long	.Lfunc_begin3-.Lfunc_begin3
	.long	.Ltmp158-.Lfunc_begin3
	.short	2                               @ Loc expr size
	.byte	48                              @ DW_OP_lit0
	.byte	159                             @ DW_OP_stack_value
	.long	.Ltmp158-.Lfunc_begin3
	.long	.Ltmp159-.Lfunc_begin3
	.short	2                               @ Loc expr size
	.byte	49                              @ DW_OP_lit1
	.byte	159                             @ DW_OP_stack_value
	.long	.Ltmp159-.Lfunc_begin3
	.long	.Ltmp164-.Lfunc_begin3
	.short	2                               @ Loc expr size
	.byte	48                              @ DW_OP_lit0
	.byte	159                             @ DW_OP_stack_value
	.long	.Ltmp164-.Lfunc_begin3
	.long	.Lfunc_end3-.Lfunc_begin3
	.short	1                               @ Loc expr size
	.byte	81                              @ DW_OP_reg1
	.long	0
	.long	0
.Ldebug_loc23:
	.long	-1
	.long	.Lfunc_begin3                   @   base address
	.long	.Ltmp152-.Lfunc_begin3
	.long	.Ltmp160-.Lfunc_begin3
	.short	7                               @ Loc expr size
	.byte	126                             @ DW_OP_breg14
	.byte	0                               @ 0
	.byte	50                              @ DW_OP_lit2
	.byte	37                              @ DW_OP_shr
	.byte	49                              @ DW_OP_lit1
	.byte	26                              @ DW_OP_and
	.byte	159                             @ DW_OP_stack_value
	.long	0
	.long	0
.Ldebug_loc24:
	.long	-1
	.long	.Lfunc_begin3                   @   base address
	.long	.Ltmp153-.Lfunc_begin3
	.long	.Ltmp161-.Lfunc_begin3
	.short	7                               @ Loc expr size
	.byte	124                             @ DW_OP_breg12
	.byte	0                               @ 0
	.byte	51                              @ DW_OP_lit3
	.byte	37                              @ DW_OP_shr
	.byte	49                              @ DW_OP_lit1
	.byte	26                              @ DW_OP_and
	.byte	159                             @ DW_OP_stack_value
	.long	0
	.long	0
.Ldebug_loc25:
	.long	-1
	.long	.Lfunc_begin3                   @   base address
	.long	.Ltmp159-.Lfunc_begin3
	.long	.Ltmp162-.Lfunc_begin3
	.short	1                               @ Loc expr size
	.byte	81                              @ DW_OP_reg1
	.long	0
	.long	0
.Ldebug_loc26:
	.long	-1
	.long	.Lfunc_begin3                   @   base address
	.long	.Ltmp159-.Lfunc_begin3
	.long	.Ltmp163-.Lfunc_begin3
	.short	1                               @ Loc expr size
	.byte	82                              @ DW_OP_reg2
	.long	0
	.long	0
.Ldebug_loc27:
	.long	-1
	.long	.Lfunc_begin4                   @   base address
	.long	.Lfunc_begin4-.Lfunc_begin4
	.long	.Ltmp191-.Lfunc_begin4
	.short	1                               @ Loc expr size
	.byte	80                              @ DW_OP_reg0
	.long	.Ltmp191-.Lfunc_begin4
	.long	.Ltmp192-.Lfunc_begin4
	.short	4                               @ Loc expr size
	.byte	243                             @ DW_OP_GNU_entry_value
	.byte	1                               @ 1
	.byte	80                              @ DW_OP_reg0
	.byte	159                             @ DW_OP_stack_value
	.long	.Ltmp192-.Lfunc_begin4
	.long	.Ltmp198-.Lfunc_begin4
	.short	1                               @ Loc expr size
	.byte	80                              @ DW_OP_reg0
	.long	.Ltmp198-.Lfunc_begin4
	.long	.Ltmp200-.Lfunc_begin4
	.short	4                               @ Loc expr size
	.byte	243                             @ DW_OP_GNU_entry_value
	.byte	1                               @ 1
	.byte	80                              @ DW_OP_reg0
	.byte	159                             @ DW_OP_stack_value
	.long	.Ltmp200-.Lfunc_begin4
	.long	.Ltmp202-.Lfunc_begin4
	.short	1                               @ Loc expr size
	.byte	80                              @ DW_OP_reg0
	.long	.Ltmp202-.Lfunc_begin4
	.long	.Lfunc_end4-.Lfunc_begin4
	.short	4                               @ Loc expr size
	.byte	243                             @ DW_OP_GNU_entry_value
	.byte	1                               @ 1
	.byte	80                              @ DW_OP_reg0
	.byte	159                             @ DW_OP_stack_value
	.long	0
	.long	0
.Ldebug_loc28:
	.long	-1
	.long	.Lfunc_begin4                   @   base address
	.long	.Lfunc_begin4-.Lfunc_begin4
	.long	.Ltmp190-.Lfunc_begin4
	.short	1                               @ Loc expr size
	.byte	81                              @ DW_OP_reg1
	.long	.Ltmp190-.Lfunc_begin4
	.long	.Ltmp192-.Lfunc_begin4
	.short	4                               @ Loc expr size
	.byte	243                             @ DW_OP_GNU_entry_value
	.byte	1                               @ 1
	.byte	81                              @ DW_OP_reg1
	.byte	159                             @ DW_OP_stack_value
	.long	.Ltmp192-.Lfunc_begin4
	.long	.Ltmp196-.Lfunc_begin4
	.short	1                               @ Loc expr size
	.byte	81                              @ DW_OP_reg1
	.long	.Ltmp196-.Lfunc_begin4
	.long	.Ltmp200-.Lfunc_begin4
	.short	1                               @ Loc expr size
	.byte	84                              @ DW_OP_reg4
	.long	.Ltmp200-.Lfunc_begin4
	.long	.Ltmp267-.Lfunc_begin4
	.short	1                               @ Loc expr size
	.byte	81                              @ DW_OP_reg1
	.long	.Ltmp267-.Lfunc_begin4
	.long	.Ltmp281-.Lfunc_begin4
	.short	4                               @ Loc expr size
	.byte	243                             @ DW_OP_GNU_entry_value
	.byte	1                               @ 1
	.byte	81                              @ DW_OP_reg1
	.byte	159                             @ DW_OP_stack_value
	.long	.Ltmp281-.Lfunc_begin4
	.long	.Ltmp286-.Lfunc_begin4
	.short	1                               @ Loc expr size
	.byte	84                              @ DW_OP_reg4
	.long	.Ltmp286-.Lfunc_begin4
	.long	.Ltmp358-.Lfunc_begin4
	.short	1                               @ Loc expr size
	.byte	94                              @ DW_OP_reg14
	.long	.Ltmp358-.Lfunc_begin4
	.long	.Lfunc_end4-.Lfunc_begin4
	.short	4                               @ Loc expr size
	.byte	243                             @ DW_OP_GNU_entry_value
	.byte	1                               @ 1
	.byte	81                              @ DW_OP_reg1
	.byte	159                             @ DW_OP_stack_value
	.long	0
	.long	0
.Ldebug_loc29:
	.long	-1
	.long	.Lfunc_begin4                   @   base address
	.long	.Ltmp170-.Lfunc_begin4
	.long	.Ltmp176-.Lfunc_begin4
	.short	2                               @ Loc expr size
	.byte	125                             @ DW_OP_breg13
	.byte	4                               @ 4
	.long	.Ltmp179-.Lfunc_begin4
	.long	.Ltmp182-.Lfunc_begin4
	.short	2                               @ Loc expr size
	.byte	125                             @ DW_OP_breg13
	.byte	4                               @ 4
	.long	0
	.long	0
.Ldebug_loc30:
	.long	-1
	.long	.Lfunc_begin4                   @   base address
	.long	.Ltmp170-.Lfunc_begin4
	.long	.Ltmp205-.Lfunc_begin4
	.short	2                               @ Loc expr size
	.byte	48                              @ DW_OP_lit0
	.byte	159                             @ DW_OP_stack_value
	.long	.Ltmp281-.Lfunc_begin4
	.long	.Lfunc_end4-.Lfunc_begin4
	.short	2                               @ Loc expr size
	.byte	48                              @ DW_OP_lit0
	.byte	159                             @ DW_OP_stack_value
	.long	0
	.long	0
.Ldebug_loc31:
	.long	-1
	.long	.Lfunc_begin4                   @   base address
	.long	.Ltmp206-.Lfunc_begin4
	.long	.Ltmp209-.Lfunc_begin4
	.short	5                               @ Loc expr size
	.byte	16                              @ DW_OP_constu
	.byte	240                             @ 524400
	.byte	128                             @ 
	.byte	32                              @ 
	.byte	159                             @ DW_OP_stack_value
	.long	.Ltmp209-.Lfunc_begin4
	.long	.Ltmp210-.Lfunc_begin4
	.short	19                              @ Loc expr size
	.byte	116                             @ DW_OP_breg4
	.byte	0                               @ 0
	.byte	17                              @ DW_OP_consts
	.byte	144                             @ -524400
	.byte	255                             @ 
	.byte	95                              @ 
	.byte	28                              @ DW_OP_minus
	.byte	17                              @ DW_OP_consts
	.byte	4                               @ 4
	.byte	27                              @ DW_OP_div
	.byte	17                              @ DW_OP_consts
	.byte	124                             @ -4
	.byte	30                              @ DW_OP_mul
	.byte	17                              @ DW_OP_consts
	.byte	240                             @ 524400
	.byte	128                             @ 
	.byte	32                              @ 
	.byte	34                              @ DW_OP_plus
	.byte	159                             @ DW_OP_stack_value
	.long	.Ltmp210-.Lfunc_begin4
	.long	.Ltmp213-.Lfunc_begin4
	.short	3                               @ Loc expr size
	.byte	116                             @ DW_OP_breg4
	.byte	127                             @ -1
	.byte	159                             @ DW_OP_stack_value
	.long	.Ltmp213-.Lfunc_begin4
	.long	.Ltmp214-.Lfunc_begin4
	.short	3                               @ Loc expr size
	.byte	116                             @ DW_OP_breg4
	.byte	126                             @ -2
	.byte	159                             @ DW_OP_stack_value
	.long	.Ltmp214-.Lfunc_begin4
	.long	.Ltmp216-.Lfunc_begin4
	.short	3                               @ Loc expr size
	.byte	116                             @ DW_OP_breg4
	.byte	125                             @ -3
	.byte	159                             @ DW_OP_stack_value
	.long	.Ltmp216-.Lfunc_begin4
	.long	.Ltmp217-.Lfunc_begin4
	.short	19                              @ Loc expr size
	.byte	116                             @ DW_OP_breg4
	.byte	0                               @ 0
	.byte	17                              @ DW_OP_consts
	.byte	144                             @ -524400
	.byte	255                             @ 
	.byte	95                              @ 
	.byte	28                              @ DW_OP_minus
	.byte	17                              @ DW_OP_consts
	.byte	4                               @ 4
	.byte	27                              @ DW_OP_div
	.byte	17                              @ DW_OP_consts
	.byte	124                             @ -4
	.byte	30                              @ DW_OP_mul
	.byte	17                              @ DW_OP_consts
	.byte	236                             @ 524396
	.byte	128                             @ 
	.byte	32                              @ 
	.byte	34                              @ DW_OP_plus
	.byte	159                             @ DW_OP_stack_value
	.long	.Ltmp219-.Lfunc_begin4
	.long	.Ltmp221-.Lfunc_begin4
	.short	5                               @ Loc expr size
	.byte	16                              @ DW_OP_constu
	.byte	240                             @ 524400
	.byte	128                             @ 
	.byte	32                              @ 
	.byte	159                             @ DW_OP_stack_value
	.long	.Ltmp221-.Lfunc_begin4
	.long	.Ltmp222-.Lfunc_begin4
	.short	19                              @ Loc expr size
	.byte	116                             @ DW_OP_breg4
	.byte	0                               @ 0
	.byte	17                              @ DW_OP_consts
	.byte	144                             @ -524400
	.byte	255                             @ 
	.byte	95                              @ 
	.byte	28                              @ DW_OP_minus
	.byte	17                              @ DW_OP_consts
	.byte	4                               @ 4
	.byte	27                              @ DW_OP_div
	.byte	17                              @ DW_OP_consts
	.byte	124                             @ -4
	.byte	30                              @ DW_OP_mul
	.byte	17                              @ DW_OP_consts
	.byte	240                             @ 524400
	.byte	128                             @ 
	.byte	32                              @ 
	.byte	34                              @ DW_OP_plus
	.byte	159                             @ DW_OP_stack_value
	.long	.Ltmp222-.Lfunc_begin4
	.long	.Ltmp225-.Lfunc_begin4
	.short	3                               @ Loc expr size
	.byte	116                             @ DW_OP_breg4
	.byte	127                             @ -1
	.byte	159                             @ DW_OP_stack_value
	.long	.Ltmp225-.Lfunc_begin4
	.long	.Ltmp226-.Lfunc_begin4
	.short	3                               @ Loc expr size
	.byte	116                             @ DW_OP_breg4
	.byte	126                             @ -2
	.byte	159                             @ DW_OP_stack_value
	.long	.Ltmp226-.Lfunc_begin4
	.long	.Ltmp228-.Lfunc_begin4
	.short	3                               @ Loc expr size
	.byte	116                             @ DW_OP_breg4
	.byte	125                             @ -3
	.byte	159                             @ DW_OP_stack_value
	.long	.Ltmp228-.Lfunc_begin4
	.long	.Ltmp229-.Lfunc_begin4
	.short	19                              @ Loc expr size
	.byte	116                             @ DW_OP_breg4
	.byte	0                               @ 0
	.byte	17                              @ DW_OP_consts
	.byte	144                             @ -524400
	.byte	255                             @ 
	.byte	95                              @ 
	.byte	28                              @ DW_OP_minus
	.byte	17                              @ DW_OP_consts
	.byte	4                               @ 4
	.byte	27                              @ DW_OP_div
	.byte	17                              @ DW_OP_consts
	.byte	124                             @ -4
	.byte	30                              @ DW_OP_mul
	.byte	17                              @ DW_OP_consts
	.byte	236                             @ 524396
	.byte	128                             @ 
	.byte	32                              @ 
	.byte	34                              @ DW_OP_plus
	.byte	159                             @ DW_OP_stack_value
	.long	.Ltmp231-.Lfunc_begin4
	.long	.Ltmp233-.Lfunc_begin4
	.short	5                               @ Loc expr size
	.byte	16                              @ DW_OP_constu
	.byte	240                             @ 524400
	.byte	128                             @ 
	.byte	32                              @ 
	.byte	159                             @ DW_OP_stack_value
	.long	.Ltmp233-.Lfunc_begin4
	.long	.Ltmp234-.Lfunc_begin4
	.short	19                              @ Loc expr size
	.byte	116                             @ DW_OP_breg4
	.byte	0                               @ 0
	.byte	17                              @ DW_OP_consts
	.byte	144                             @ -524400
	.byte	255                             @ 
	.byte	95                              @ 
	.byte	28                              @ DW_OP_minus
	.byte	17                              @ DW_OP_consts
	.byte	4                               @ 4
	.byte	27                              @ DW_OP_div
	.byte	17                              @ DW_OP_consts
	.byte	124                             @ -4
	.byte	30                              @ DW_OP_mul
	.byte	17                              @ DW_OP_consts
	.byte	240                             @ 524400
	.byte	128                             @ 
	.byte	32                              @ 
	.byte	34                              @ DW_OP_plus
	.byte	159                             @ DW_OP_stack_value
	.long	.Ltmp234-.Lfunc_begin4
	.long	.Ltmp237-.Lfunc_begin4
	.short	3                               @ Loc expr size
	.byte	116                             @ DW_OP_breg4
	.byte	127                             @ -1
	.byte	159                             @ DW_OP_stack_value
	.long	.Ltmp237-.Lfunc_begin4
	.long	.Ltmp238-.Lfunc_begin4
	.short	3                               @ Loc expr size
	.byte	116                             @ DW_OP_breg4
	.byte	126                             @ -2
	.byte	159                             @ DW_OP_stack_value
	.long	.Ltmp238-.Lfunc_begin4
	.long	.Ltmp240-.Lfunc_begin4
	.short	3                               @ Loc expr size
	.byte	116                             @ DW_OP_breg4
	.byte	125                             @ -3
	.byte	159                             @ DW_OP_stack_value
	.long	.Ltmp240-.Lfunc_begin4
	.long	.Ltmp241-.Lfunc_begin4
	.short	19                              @ Loc expr size
	.byte	116                             @ DW_OP_breg4
	.byte	0                               @ 0
	.byte	17                              @ DW_OP_consts
	.byte	144                             @ -524400
	.byte	255                             @ 
	.byte	95                              @ 
	.byte	28                              @ DW_OP_minus
	.byte	17                              @ DW_OP_consts
	.byte	4                               @ 4
	.byte	27                              @ DW_OP_div
	.byte	17                              @ DW_OP_consts
	.byte	124                             @ -4
	.byte	30                              @ DW_OP_mul
	.byte	17                              @ DW_OP_consts
	.byte	236                             @ 524396
	.byte	128                             @ 
	.byte	32                              @ 
	.byte	34                              @ DW_OP_plus
	.byte	159                             @ DW_OP_stack_value
	.long	.Ltmp243-.Lfunc_begin4
	.long	.Ltmp245-.Lfunc_begin4
	.short	5                               @ Loc expr size
	.byte	16                              @ DW_OP_constu
	.byte	240                             @ 524400
	.byte	128                             @ 
	.byte	32                              @ 
	.byte	159                             @ DW_OP_stack_value
	.long	.Ltmp245-.Lfunc_begin4
	.long	.Ltmp246-.Lfunc_begin4
	.short	19                              @ Loc expr size
	.byte	115                             @ DW_OP_breg3
	.byte	0                               @ 0
	.byte	17                              @ DW_OP_consts
	.byte	144                             @ -524400
	.byte	255                             @ 
	.byte	95                              @ 
	.byte	28                              @ DW_OP_minus
	.byte	17                              @ DW_OP_consts
	.byte	4                               @ 4
	.byte	27                              @ DW_OP_div
	.byte	17                              @ DW_OP_consts
	.byte	124                             @ -4
	.byte	30                              @ DW_OP_mul
	.byte	17                              @ DW_OP_consts
	.byte	240                             @ 524400
	.byte	128                             @ 
	.byte	32                              @ 
	.byte	34                              @ DW_OP_plus
	.byte	159                             @ DW_OP_stack_value
	.long	.Ltmp246-.Lfunc_begin4
	.long	.Ltmp249-.Lfunc_begin4
	.short	3                               @ Loc expr size
	.byte	115                             @ DW_OP_breg3
	.byte	127                             @ -1
	.byte	159                             @ DW_OP_stack_value
	.long	.Ltmp249-.Lfunc_begin4
	.long	.Ltmp250-.Lfunc_begin4
	.short	3                               @ Loc expr size
	.byte	115                             @ DW_OP_breg3
	.byte	126                             @ -2
	.byte	159                             @ DW_OP_stack_value
	.long	.Ltmp250-.Lfunc_begin4
	.long	.Ltmp252-.Lfunc_begin4
	.short	3                               @ Loc expr size
	.byte	115                             @ DW_OP_breg3
	.byte	125                             @ -3
	.byte	159                             @ DW_OP_stack_value
	.long	.Ltmp252-.Lfunc_begin4
	.long	.Ltmp253-.Lfunc_begin4
	.short	19                              @ Loc expr size
	.byte	115                             @ DW_OP_breg3
	.byte	0                               @ 0
	.byte	17                              @ DW_OP_consts
	.byte	144                             @ -524400
	.byte	255                             @ 
	.byte	95                              @ 
	.byte	28                              @ DW_OP_minus
	.byte	17                              @ DW_OP_consts
	.byte	4                               @ 4
	.byte	27                              @ DW_OP_div
	.byte	17                              @ DW_OP_consts
	.byte	124                             @ -4
	.byte	30                              @ DW_OP_mul
	.byte	17                              @ DW_OP_consts
	.byte	236                             @ 524396
	.byte	128                             @ 
	.byte	32                              @ 
	.byte	34                              @ DW_OP_plus
	.byte	159                             @ DW_OP_stack_value
	.long	.Ltmp255-.Lfunc_begin4
	.long	.Ltmp257-.Lfunc_begin4
	.short	5                               @ Loc expr size
	.byte	16                              @ DW_OP_constu
	.byte	240                             @ 524400
	.byte	128                             @ 
	.byte	32                              @ 
	.byte	159                             @ DW_OP_stack_value
	.long	.Ltmp257-.Lfunc_begin4
	.long	.Ltmp258-.Lfunc_begin4
	.short	19                              @ Loc expr size
	.byte	115                             @ DW_OP_breg3
	.byte	0                               @ 0
	.byte	17                              @ DW_OP_consts
	.byte	144                             @ -524400
	.byte	255                             @ 
	.byte	95                              @ 
	.byte	28                              @ DW_OP_minus
	.byte	17                              @ DW_OP_consts
	.byte	4                               @ 4
	.byte	27                              @ DW_OP_div
	.byte	17                              @ DW_OP_consts
	.byte	124                             @ -4
	.byte	30                              @ DW_OP_mul
	.byte	17                              @ DW_OP_consts
	.byte	240                             @ 524400
	.byte	128                             @ 
	.byte	32                              @ 
	.byte	34                              @ DW_OP_plus
	.byte	159                             @ DW_OP_stack_value
	.long	.Ltmp258-.Lfunc_begin4
	.long	.Ltmp261-.Lfunc_begin4
	.short	3                               @ Loc expr size
	.byte	115                             @ DW_OP_breg3
	.byte	127                             @ -1
	.byte	159                             @ DW_OP_stack_value
	.long	.Ltmp261-.Lfunc_begin4
	.long	.Ltmp262-.Lfunc_begin4
	.short	3                               @ Loc expr size
	.byte	115                             @ DW_OP_breg3
	.byte	126                             @ -2
	.byte	159                             @ DW_OP_stack_value
	.long	.Ltmp262-.Lfunc_begin4
	.long	.Ltmp264-.Lfunc_begin4
	.short	3                               @ Loc expr size
	.byte	115                             @ DW_OP_breg3
	.byte	125                             @ -3
	.byte	159                             @ DW_OP_stack_value
	.long	.Ltmp264-.Lfunc_begin4
	.long	.Ltmp265-.Lfunc_begin4
	.short	19                              @ Loc expr size
	.byte	115                             @ DW_OP_breg3
	.byte	0                               @ 0
	.byte	17                              @ DW_OP_consts
	.byte	144                             @ -524400
	.byte	255                             @ 
	.byte	95                              @ 
	.byte	28                              @ DW_OP_minus
	.byte	17                              @ DW_OP_consts
	.byte	4                               @ 4
	.byte	27                              @ DW_OP_div
	.byte	17                              @ DW_OP_consts
	.byte	124                             @ -4
	.byte	30                              @ DW_OP_mul
	.byte	17                              @ DW_OP_consts
	.byte	236                             @ 524396
	.byte	128                             @ 
	.byte	32                              @ 
	.byte	34                              @ DW_OP_plus
	.byte	159                             @ DW_OP_stack_value
	.long	.Ltmp267-.Lfunc_begin4
	.long	.Ltmp269-.Lfunc_begin4
	.short	5                               @ Loc expr size
	.byte	16                              @ DW_OP_constu
	.byte	240                             @ 524400
	.byte	128                             @ 
	.byte	32                              @ 
	.byte	159                             @ DW_OP_stack_value
	.long	.Ltmp269-.Lfunc_begin4
	.long	.Ltmp270-.Lfunc_begin4
	.short	19                              @ Loc expr size
	.byte	112                             @ DW_OP_breg0
	.byte	0                               @ 0
	.byte	17                              @ DW_OP_consts
	.byte	144                             @ -524400
	.byte	255                             @ 
	.byte	95                              @ 
	.byte	28                              @ DW_OP_minus
	.byte	17                              @ DW_OP_consts
	.byte	4                               @ 4
	.byte	27                              @ DW_OP_div
	.byte	17                              @ DW_OP_consts
	.byte	124                             @ -4
	.byte	30                              @ DW_OP_mul
	.byte	17                              @ DW_OP_consts
	.byte	240                             @ 524400
	.byte	128                             @ 
	.byte	32                              @ 
	.byte	34                              @ DW_OP_plus
	.byte	159                             @ DW_OP_stack_value
	.long	.Ltmp270-.Lfunc_begin4
	.long	.Ltmp273-.Lfunc_begin4
	.short	3                               @ Loc expr size
	.byte	112                             @ DW_OP_breg0
	.byte	127                             @ -1
	.byte	159                             @ DW_OP_stack_value
	.long	.Ltmp273-.Lfunc_begin4
	.long	.Ltmp274-.Lfunc_begin4
	.short	3                               @ Loc expr size
	.byte	112                             @ DW_OP_breg0
	.byte	126                             @ -2
	.byte	159                             @ DW_OP_stack_value
	.long	.Ltmp274-.Lfunc_begin4
	.long	.Ltmp276-.Lfunc_begin4
	.short	3                               @ Loc expr size
	.byte	112                             @ DW_OP_breg0
	.byte	125                             @ -3
	.byte	159                             @ DW_OP_stack_value
	.long	.Ltmp276-.Lfunc_begin4
	.long	.Ltmp277-.Lfunc_begin4
	.short	19                              @ Loc expr size
	.byte	112                             @ DW_OP_breg0
	.byte	0                               @ 0
	.byte	17                              @ DW_OP_consts
	.byte	144                             @ -524400
	.byte	255                             @ 
	.byte	95                              @ 
	.byte	28                              @ DW_OP_minus
	.byte	17                              @ DW_OP_consts
	.byte	4                               @ 4
	.byte	27                              @ DW_OP_div
	.byte	17                              @ DW_OP_consts
	.byte	124                             @ -4
	.byte	30                              @ DW_OP_mul
	.byte	17                              @ DW_OP_consts
	.byte	236                             @ 524396
	.byte	128                             @ 
	.byte	32                              @ 
	.byte	34                              @ DW_OP_plus
	.byte	159                             @ DW_OP_stack_value
	.long	0
	.long	0
.Ldebug_loc32:
	.long	-1
	.long	.Lfunc_begin4                   @   base address
	.long	.Ltmp206-.Lfunc_begin4
	.long	.Ltmp218-.Lfunc_begin4
	.short	6                               @ Loc expr size
	.byte	16                              @ DW_OP_constu
	.byte	128                             @ 134217728
	.byte	128                             @ 
	.byte	128                             @ 
	.byte	64                              @ 
	.byte	159                             @ DW_OP_stack_value
	.long	.Ltmp219-.Lfunc_begin4
	.long	.Ltmp230-.Lfunc_begin4
	.short	6                               @ Loc expr size
	.byte	16                              @ DW_OP_constu
	.byte	128                             @ 67108864
	.byte	128                             @ 
	.byte	128                             @ 
	.byte	32                              @ 
	.byte	159                             @ DW_OP_stack_value
	.long	.Ltmp231-.Lfunc_begin4
	.long	.Ltmp242-.Lfunc_begin4
	.short	6                               @ Loc expr size
	.byte	16                              @ DW_OP_constu
	.byte	128                             @ 33554432
	.byte	128                             @ 
	.byte	128                             @ 
	.byte	16                              @ 
	.byte	159                             @ DW_OP_stack_value
	.long	.Ltmp243-.Lfunc_begin4
	.long	.Ltmp254-.Lfunc_begin4
	.short	6                               @ Loc expr size
	.byte	16                              @ DW_OP_constu
	.byte	128                             @ 16777216
	.byte	128                             @ 
	.byte	128                             @ 
	.byte	8                               @ 
	.byte	159                             @ DW_OP_stack_value
	.long	.Ltmp255-.Lfunc_begin4
	.long	.Ltmp266-.Lfunc_begin4
	.short	6                               @ Loc expr size
	.byte	16                              @ DW_OP_constu
	.byte	128                             @ 8388608
	.byte	128                             @ 
	.byte	128                             @ 
	.byte	4                               @ 
	.byte	159                             @ DW_OP_stack_value
	.long	.Ltmp267-.Lfunc_begin4
	.long	.Ltmp278-.Lfunc_begin4
	.short	6                               @ Loc expr size
	.byte	16                              @ DW_OP_constu
	.byte	128                             @ 4194304
	.byte	128                             @ 
	.byte	128                             @ 
	.byte	2                               @ 
	.byte	159                             @ DW_OP_stack_value
	.long	0
	.long	0
.Ldebug_loc33:
	.long	-1
	.long	.Lfunc_begin4                   @   base address
	.long	.Ltmp206-.Lfunc_begin4
	.long	.Ltmp207-.Lfunc_begin4
	.short	1                               @ Loc expr size
	.byte	80                              @ DW_OP_reg0
	.long	.Ltmp219-.Lfunc_begin4
	.long	.Ltmp220-.Lfunc_begin4
	.short	1                               @ Loc expr size
	.byte	84                              @ DW_OP_reg4
	.long	.Ltmp231-.Lfunc_begin4
	.long	.Ltmp232-.Lfunc_begin4
	.short	1                               @ Loc expr size
	.byte	84                              @ DW_OP_reg4
	.long	.Ltmp243-.Lfunc_begin4
	.long	.Ltmp244-.Lfunc_begin4
	.short	1                               @ Loc expr size
	.byte	84                              @ DW_OP_reg4
	.long	.Ltmp255-.Lfunc_begin4
	.long	.Ltmp256-.Lfunc_begin4
	.short	1                               @ Loc expr size
	.byte	83                              @ DW_OP_reg3
	.long	.Ltmp267-.Lfunc_begin4
	.long	.Ltmp268-.Lfunc_begin4
	.short	1                               @ Loc expr size
	.byte	81                              @ DW_OP_reg1
	.long	0
	.long	0
.Ldebug_loc34:
	.long	-1
	.long	.Lfunc_begin4                   @   base address
	.long	.Ltmp208-.Lfunc_begin4
	.long	.Ltmp218-.Lfunc_begin4
	.short	2                               @ Loc expr size
	.byte	54                              @ DW_OP_lit6
	.byte	159                             @ DW_OP_stack_value
	.long	.Ltmp218-.Lfunc_begin4
	.long	.Ltmp230-.Lfunc_begin4
	.short	2                               @ Loc expr size
	.byte	53                              @ DW_OP_lit5
	.byte	159                             @ DW_OP_stack_value
	.long	.Ltmp230-.Lfunc_begin4
	.long	.Ltmp242-.Lfunc_begin4
	.short	2                               @ Loc expr size
	.byte	52                              @ DW_OP_lit4
	.byte	159                             @ DW_OP_stack_value
	.long	.Ltmp242-.Lfunc_begin4
	.long	.Ltmp254-.Lfunc_begin4
	.short	2                               @ Loc expr size
	.byte	51                              @ DW_OP_lit3
	.byte	159                             @ DW_OP_stack_value
	.long	.Ltmp254-.Lfunc_begin4
	.long	.Ltmp266-.Lfunc_begin4
	.short	2                               @ Loc expr size
	.byte	50                              @ DW_OP_lit2
	.byte	159                             @ DW_OP_stack_value
	.long	.Ltmp266-.Lfunc_begin4
	.long	.Ltmp278-.Lfunc_begin4
	.short	2                               @ Loc expr size
	.byte	49                              @ DW_OP_lit1
	.byte	159                             @ DW_OP_stack_value
	.long	.Ltmp278-.Lfunc_begin4
	.long	.Ltmp281-.Lfunc_begin4
	.short	2                               @ Loc expr size
	.byte	48                              @ DW_OP_lit0
	.byte	159                             @ DW_OP_stack_value
	.long	.Ltmp283-.Lfunc_begin4
	.long	.Ltmp297-.Lfunc_begin4
	.short	2                               @ Loc expr size
	.byte	54                              @ DW_OP_lit6
	.byte	159                             @ DW_OP_stack_value
	.long	.Ltmp297-.Lfunc_begin4
	.long	.Ltmp309-.Lfunc_begin4
	.short	2                               @ Loc expr size
	.byte	53                              @ DW_OP_lit5
	.byte	159                             @ DW_OP_stack_value
	.long	.Ltmp309-.Lfunc_begin4
	.long	.Ltmp321-.Lfunc_begin4
	.short	2                               @ Loc expr size
	.byte	52                              @ DW_OP_lit4
	.byte	159                             @ DW_OP_stack_value
	.long	.Ltmp321-.Lfunc_begin4
	.long	.Ltmp333-.Lfunc_begin4
	.short	2                               @ Loc expr size
	.byte	51                              @ DW_OP_lit3
	.byte	159                             @ DW_OP_stack_value
	.long	.Ltmp333-.Lfunc_begin4
	.long	.Ltmp345-.Lfunc_begin4
	.short	2                               @ Loc expr size
	.byte	50                              @ DW_OP_lit2
	.byte	159                             @ DW_OP_stack_value
	.long	.Ltmp345-.Lfunc_begin4
	.long	.Ltmp357-.Lfunc_begin4
	.short	2                               @ Loc expr size
	.byte	49                              @ DW_OP_lit1
	.byte	159                             @ DW_OP_stack_value
	.long	.Ltmp357-.Lfunc_begin4
	.long	.Lfunc_end4-.Lfunc_begin4
	.short	2                               @ Loc expr size
	.byte	48                              @ DW_OP_lit0
	.byte	159                             @ DW_OP_stack_value
	.long	0
	.long	0
.Ldebug_loc35:
	.long	-1
	.long	.Lfunc_begin4                   @   base address
	.long	.Ltmp284-.Lfunc_begin4
	.long	.Ltmp288-.Lfunc_begin4
	.short	5                               @ Loc expr size
	.byte	16                              @ DW_OP_constu
	.byte	240                             @ 524400
	.byte	128                             @ 
	.byte	32                              @ 
	.byte	159                             @ DW_OP_stack_value
	.long	.Ltmp288-.Lfunc_begin4
	.long	.Ltmp289-.Lfunc_begin4
	.short	19                              @ Loc expr size
	.byte	114                             @ DW_OP_breg2
	.byte	0                               @ 0
	.byte	17                              @ DW_OP_consts
	.byte	144                             @ -524400
	.byte	255                             @ 
	.byte	95                              @ 
	.byte	28                              @ DW_OP_minus
	.byte	17                              @ DW_OP_consts
	.byte	4                               @ 4
	.byte	27                              @ DW_OP_div
	.byte	17                              @ DW_OP_consts
	.byte	124                             @ -4
	.byte	30                              @ DW_OP_mul
	.byte	17                              @ DW_OP_consts
	.byte	240                             @ 524400
	.byte	128                             @ 
	.byte	32                              @ 
	.byte	34                              @ DW_OP_plus
	.byte	159                             @ DW_OP_stack_value
	.long	.Ltmp289-.Lfunc_begin4
	.long	.Ltmp292-.Lfunc_begin4
	.short	3                               @ Loc expr size
	.byte	114                             @ DW_OP_breg2
	.byte	127                             @ -1
	.byte	159                             @ DW_OP_stack_value
	.long	.Ltmp292-.Lfunc_begin4
	.long	.Ltmp293-.Lfunc_begin4
	.short	3                               @ Loc expr size
	.byte	114                             @ DW_OP_breg2
	.byte	126                             @ -2
	.byte	159                             @ DW_OP_stack_value
	.long	.Ltmp293-.Lfunc_begin4
	.long	.Ltmp295-.Lfunc_begin4
	.short	3                               @ Loc expr size
	.byte	114                             @ DW_OP_breg2
	.byte	125                             @ -3
	.byte	159                             @ DW_OP_stack_value
	.long	.Ltmp295-.Lfunc_begin4
	.long	.Ltmp296-.Lfunc_begin4
	.short	19                              @ Loc expr size
	.byte	114                             @ DW_OP_breg2
	.byte	0                               @ 0
	.byte	17                              @ DW_OP_consts
	.byte	144                             @ -524400
	.byte	255                             @ 
	.byte	95                              @ 
	.byte	28                              @ DW_OP_minus
	.byte	17                              @ DW_OP_consts
	.byte	4                               @ 4
	.byte	27                              @ DW_OP_div
	.byte	17                              @ DW_OP_consts
	.byte	124                             @ -4
	.byte	30                              @ DW_OP_mul
	.byte	17                              @ DW_OP_consts
	.byte	236                             @ 524396
	.byte	128                             @ 
	.byte	32                              @ 
	.byte	34                              @ DW_OP_plus
	.byte	159                             @ DW_OP_stack_value
	.long	.Ltmp298-.Lfunc_begin4
	.long	.Ltmp300-.Lfunc_begin4
	.short	5                               @ Loc expr size
	.byte	16                              @ DW_OP_constu
	.byte	240                             @ 524400
	.byte	128                             @ 
	.byte	32                              @ 
	.byte	159                             @ DW_OP_stack_value
	.long	.Ltmp300-.Lfunc_begin4
	.long	.Ltmp301-.Lfunc_begin4
	.short	19                              @ Loc expr size
	.byte	114                             @ DW_OP_breg2
	.byte	0                               @ 0
	.byte	17                              @ DW_OP_consts
	.byte	144                             @ -524400
	.byte	255                             @ 
	.byte	95                              @ 
	.byte	28                              @ DW_OP_minus
	.byte	17                              @ DW_OP_consts
	.byte	4                               @ 4
	.byte	27                              @ DW_OP_div
	.byte	17                              @ DW_OP_consts
	.byte	124                             @ -4
	.byte	30                              @ DW_OP_mul
	.byte	17                              @ DW_OP_consts
	.byte	240                             @ 524400
	.byte	128                             @ 
	.byte	32                              @ 
	.byte	34                              @ DW_OP_plus
	.byte	159                             @ DW_OP_stack_value
	.long	.Ltmp301-.Lfunc_begin4
	.long	.Ltmp304-.Lfunc_begin4
	.short	3                               @ Loc expr size
	.byte	114                             @ DW_OP_breg2
	.byte	127                             @ -1
	.byte	159                             @ DW_OP_stack_value
	.long	.Ltmp304-.Lfunc_begin4
	.long	.Ltmp305-.Lfunc_begin4
	.short	3                               @ Loc expr size
	.byte	114                             @ DW_OP_breg2
	.byte	126                             @ -2
	.byte	159                             @ DW_OP_stack_value
	.long	.Ltmp305-.Lfunc_begin4
	.long	.Ltmp307-.Lfunc_begin4
	.short	3                               @ Loc expr size
	.byte	114                             @ DW_OP_breg2
	.byte	125                             @ -3
	.byte	159                             @ DW_OP_stack_value
	.long	.Ltmp307-.Lfunc_begin4
	.long	.Ltmp308-.Lfunc_begin4
	.short	19                              @ Loc expr size
	.byte	114                             @ DW_OP_breg2
	.byte	0                               @ 0
	.byte	17                              @ DW_OP_consts
	.byte	144                             @ -524400
	.byte	255                             @ 
	.byte	95                              @ 
	.byte	28                              @ DW_OP_minus
	.byte	17                              @ DW_OP_consts
	.byte	4                               @ 4
	.byte	27                              @ DW_OP_div
	.byte	17                              @ DW_OP_consts
	.byte	124                             @ -4
	.byte	30                              @ DW_OP_mul
	.byte	17                              @ DW_OP_consts
	.byte	236                             @ 524396
	.byte	128                             @ 
	.byte	32                              @ 
	.byte	34                              @ DW_OP_plus
	.byte	159                             @ DW_OP_stack_value
	.long	.Ltmp310-.Lfunc_begin4
	.long	.Ltmp312-.Lfunc_begin4
	.short	5                               @ Loc expr size
	.byte	16                              @ DW_OP_constu
	.byte	240                             @ 524400
	.byte	128                             @ 
	.byte	32                              @ 
	.byte	159                             @ DW_OP_stack_value
	.long	.Ltmp312-.Lfunc_begin4
	.long	.Ltmp313-.Lfunc_begin4
	.short	19                              @ Loc expr size
	.byte	114                             @ DW_OP_breg2
	.byte	0                               @ 0
	.byte	17                              @ DW_OP_consts
	.byte	144                             @ -524400
	.byte	255                             @ 
	.byte	95                              @ 
	.byte	28                              @ DW_OP_minus
	.byte	17                              @ DW_OP_consts
	.byte	4                               @ 4
	.byte	27                              @ DW_OP_div
	.byte	17                              @ DW_OP_consts
	.byte	124                             @ -4
	.byte	30                              @ DW_OP_mul
	.byte	17                              @ DW_OP_consts
	.byte	240                             @ 524400
	.byte	128                             @ 
	.byte	32                              @ 
	.byte	34                              @ DW_OP_plus
	.byte	159                             @ DW_OP_stack_value
	.long	.Ltmp313-.Lfunc_begin4
	.long	.Ltmp316-.Lfunc_begin4
	.short	3                               @ Loc expr size
	.byte	114                             @ DW_OP_breg2
	.byte	127                             @ -1
	.byte	159                             @ DW_OP_stack_value
	.long	.Ltmp316-.Lfunc_begin4
	.long	.Ltmp317-.Lfunc_begin4
	.short	3                               @ Loc expr size
	.byte	114                             @ DW_OP_breg2
	.byte	126                             @ -2
	.byte	159                             @ DW_OP_stack_value
	.long	.Ltmp317-.Lfunc_begin4
	.long	.Ltmp319-.Lfunc_begin4
	.short	3                               @ Loc expr size
	.byte	114                             @ DW_OP_breg2
	.byte	125                             @ -3
	.byte	159                             @ DW_OP_stack_value
	.long	.Ltmp319-.Lfunc_begin4
	.long	.Ltmp320-.Lfunc_begin4
	.short	19                              @ Loc expr size
	.byte	114                             @ DW_OP_breg2
	.byte	0                               @ 0
	.byte	17                              @ DW_OP_consts
	.byte	144                             @ -524400
	.byte	255                             @ 
	.byte	95                              @ 
	.byte	28                              @ DW_OP_minus
	.byte	17                              @ DW_OP_consts
	.byte	4                               @ 4
	.byte	27                              @ DW_OP_div
	.byte	17                              @ DW_OP_consts
	.byte	124                             @ -4
	.byte	30                              @ DW_OP_mul
	.byte	17                              @ DW_OP_consts
	.byte	236                             @ 524396
	.byte	128                             @ 
	.byte	32                              @ 
	.byte	34                              @ DW_OP_plus
	.byte	159                             @ DW_OP_stack_value
	.long	.Ltmp322-.Lfunc_begin4
	.long	.Ltmp324-.Lfunc_begin4
	.short	5                               @ Loc expr size
	.byte	16                              @ DW_OP_constu
	.byte	240                             @ 524400
	.byte	128                             @ 
	.byte	32                              @ 
	.byte	159                             @ DW_OP_stack_value
	.long	.Ltmp324-.Lfunc_begin4
	.long	.Ltmp325-.Lfunc_begin4
	.short	19                              @ Loc expr size
	.byte	114                             @ DW_OP_breg2
	.byte	0                               @ 0
	.byte	17                              @ DW_OP_consts
	.byte	144                             @ -524400
	.byte	255                             @ 
	.byte	95                              @ 
	.byte	28                              @ DW_OP_minus
	.byte	17                              @ DW_OP_consts
	.byte	4                               @ 4
	.byte	27                              @ DW_OP_div
	.byte	17                              @ DW_OP_consts
	.byte	124                             @ -4
	.byte	30                              @ DW_OP_mul
	.byte	17                              @ DW_OP_consts
	.byte	240                             @ 524400
	.byte	128                             @ 
	.byte	32                              @ 
	.byte	34                              @ DW_OP_plus
	.byte	159                             @ DW_OP_stack_value
	.long	.Ltmp325-.Lfunc_begin4
	.long	.Ltmp328-.Lfunc_begin4
	.short	3                               @ Loc expr size
	.byte	114                             @ DW_OP_breg2
	.byte	127                             @ -1
	.byte	159                             @ DW_OP_stack_value
	.long	.Ltmp328-.Lfunc_begin4
	.long	.Ltmp329-.Lfunc_begin4
	.short	3                               @ Loc expr size
	.byte	114                             @ DW_OP_breg2
	.byte	126                             @ -2
	.byte	159                             @ DW_OP_stack_value
	.long	.Ltmp329-.Lfunc_begin4
	.long	.Ltmp331-.Lfunc_begin4
	.short	3                               @ Loc expr size
	.byte	114                             @ DW_OP_breg2
	.byte	125                             @ -3
	.byte	159                             @ DW_OP_stack_value
	.long	.Ltmp331-.Lfunc_begin4
	.long	.Ltmp332-.Lfunc_begin4
	.short	19                              @ Loc expr size
	.byte	114                             @ DW_OP_breg2
	.byte	0                               @ 0
	.byte	17                              @ DW_OP_consts
	.byte	144                             @ -524400
	.byte	255                             @ 
	.byte	95                              @ 
	.byte	28                              @ DW_OP_minus
	.byte	17                              @ DW_OP_consts
	.byte	4                               @ 4
	.byte	27                              @ DW_OP_div
	.byte	17                              @ DW_OP_consts
	.byte	124                             @ -4
	.byte	30                              @ DW_OP_mul
	.byte	17                              @ DW_OP_consts
	.byte	236                             @ 524396
	.byte	128                             @ 
	.byte	32                              @ 
	.byte	34                              @ DW_OP_plus
	.byte	159                             @ DW_OP_stack_value
	.long	.Ltmp334-.Lfunc_begin4
	.long	.Ltmp336-.Lfunc_begin4
	.short	5                               @ Loc expr size
	.byte	16                              @ DW_OP_constu
	.byte	240                             @ 524400
	.byte	128                             @ 
	.byte	32                              @ 
	.byte	159                             @ DW_OP_stack_value
	.long	.Ltmp336-.Lfunc_begin4
	.long	.Ltmp337-.Lfunc_begin4
	.short	19                              @ Loc expr size
	.byte	114                             @ DW_OP_breg2
	.byte	0                               @ 0
	.byte	17                              @ DW_OP_consts
	.byte	144                             @ -524400
	.byte	255                             @ 
	.byte	95                              @ 
	.byte	28                              @ DW_OP_minus
	.byte	17                              @ DW_OP_consts
	.byte	4                               @ 4
	.byte	27                              @ DW_OP_div
	.byte	17                              @ DW_OP_consts
	.byte	124                             @ -4
	.byte	30                              @ DW_OP_mul
	.byte	17                              @ DW_OP_consts
	.byte	240                             @ 524400
	.byte	128                             @ 
	.byte	32                              @ 
	.byte	34                              @ DW_OP_plus
	.byte	159                             @ DW_OP_stack_value
	.long	.Ltmp337-.Lfunc_begin4
	.long	.Ltmp340-.Lfunc_begin4
	.short	3                               @ Loc expr size
	.byte	114                             @ DW_OP_breg2
	.byte	127                             @ -1
	.byte	159                             @ DW_OP_stack_value
	.long	.Ltmp340-.Lfunc_begin4
	.long	.Ltmp341-.Lfunc_begin4
	.short	3                               @ Loc expr size
	.byte	114                             @ DW_OP_breg2
	.byte	126                             @ -2
	.byte	159                             @ DW_OP_stack_value
	.long	.Ltmp341-.Lfunc_begin4
	.long	.Ltmp343-.Lfunc_begin4
	.short	3                               @ Loc expr size
	.byte	114                             @ DW_OP_breg2
	.byte	125                             @ -3
	.byte	159                             @ DW_OP_stack_value
	.long	.Ltmp343-.Lfunc_begin4
	.long	.Ltmp344-.Lfunc_begin4
	.short	19                              @ Loc expr size
	.byte	114                             @ DW_OP_breg2
	.byte	0                               @ 0
	.byte	17                              @ DW_OP_consts
	.byte	144                             @ -524400
	.byte	255                             @ 
	.byte	95                              @ 
	.byte	28                              @ DW_OP_minus
	.byte	17                              @ DW_OP_consts
	.byte	4                               @ 4
	.byte	27                              @ DW_OP_div
	.byte	17                              @ DW_OP_consts
	.byte	124                             @ -4
	.byte	30                              @ DW_OP_mul
	.byte	17                              @ DW_OP_consts
	.byte	236                             @ 524396
	.byte	128                             @ 
	.byte	32                              @ 
	.byte	34                              @ DW_OP_plus
	.byte	159                             @ DW_OP_stack_value
	.long	.Ltmp346-.Lfunc_begin4
	.long	.Ltmp348-.Lfunc_begin4
	.short	5                               @ Loc expr size
	.byte	16                              @ DW_OP_constu
	.byte	240                             @ 524400
	.byte	128                             @ 
	.byte	32                              @ 
	.byte	159                             @ DW_OP_stack_value
	.long	.Ltmp348-.Lfunc_begin4
	.long	.Ltmp349-.Lfunc_begin4
	.short	19                              @ Loc expr size
	.byte	115                             @ DW_OP_breg3
	.byte	0                               @ 0
	.byte	17                              @ DW_OP_consts
	.byte	144                             @ -524400
	.byte	255                             @ 
	.byte	95                              @ 
	.byte	28                              @ DW_OP_minus
	.byte	17                              @ DW_OP_consts
	.byte	4                               @ 4
	.byte	27                              @ DW_OP_div
	.byte	17                              @ DW_OP_consts
	.byte	124                             @ -4
	.byte	30                              @ DW_OP_mul
	.byte	17                              @ DW_OP_consts
	.byte	240                             @ 524400
	.byte	128                             @ 
	.byte	32                              @ 
	.byte	34                              @ DW_OP_plus
	.byte	159                             @ DW_OP_stack_value
	.long	.Ltmp349-.Lfunc_begin4
	.long	.Ltmp352-.Lfunc_begin4
	.short	3                               @ Loc expr size
	.byte	115                             @ DW_OP_breg3
	.byte	127                             @ -1
	.byte	159                             @ DW_OP_stack_value
	.long	.Ltmp352-.Lfunc_begin4
	.long	.Ltmp353-.Lfunc_begin4
	.short	3                               @ Loc expr size
	.byte	115                             @ DW_OP_breg3
	.byte	126                             @ -2
	.byte	159                             @ DW_OP_stack_value
	.long	.Ltmp353-.Lfunc_begin4
	.long	.Ltmp355-.Lfunc_begin4
	.short	3                               @ Loc expr size
	.byte	115                             @ DW_OP_breg3
	.byte	125                             @ -3
	.byte	159                             @ DW_OP_stack_value
	.long	.Ltmp355-.Lfunc_begin4
	.long	.Ltmp356-.Lfunc_begin4
	.short	19                              @ Loc expr size
	.byte	115                             @ DW_OP_breg3
	.byte	0                               @ 0
	.byte	17                              @ DW_OP_consts
	.byte	144                             @ -524400
	.byte	255                             @ 
	.byte	95                              @ 
	.byte	28                              @ DW_OP_minus
	.byte	17                              @ DW_OP_consts
	.byte	4                               @ 4
	.byte	27                              @ DW_OP_div
	.byte	17                              @ DW_OP_consts
	.byte	124                             @ -4
	.byte	30                              @ DW_OP_mul
	.byte	17                              @ DW_OP_consts
	.byte	236                             @ 524396
	.byte	128                             @ 
	.byte	32                              @ 
	.byte	34                              @ DW_OP_plus
	.byte	159                             @ DW_OP_stack_value
	.long	0
	.long	0
.Ldebug_loc36:
	.long	-1
	.long	.Lfunc_begin4                   @   base address
	.long	.Ltmp284-.Lfunc_begin4
	.long	.Ltmp297-.Lfunc_begin4
	.short	6                               @ Loc expr size
	.byte	16                              @ DW_OP_constu
	.byte	128                             @ 134217728
	.byte	128                             @ 
	.byte	128                             @ 
	.byte	64                              @ 
	.byte	159                             @ DW_OP_stack_value
	.long	.Ltmp298-.Lfunc_begin4
	.long	.Ltmp309-.Lfunc_begin4
	.short	6                               @ Loc expr size
	.byte	16                              @ DW_OP_constu
	.byte	128                             @ 67108864
	.byte	128                             @ 
	.byte	128                             @ 
	.byte	32                              @ 
	.byte	159                             @ DW_OP_stack_value
	.long	.Ltmp310-.Lfunc_begin4
	.long	.Ltmp321-.Lfunc_begin4
	.short	6                               @ Loc expr size
	.byte	16                              @ DW_OP_constu
	.byte	128                             @ 33554432
	.byte	128                             @ 
	.byte	128                             @ 
	.byte	16                              @ 
	.byte	159                             @ DW_OP_stack_value
	.long	.Ltmp322-.Lfunc_begin4
	.long	.Ltmp333-.Lfunc_begin4
	.short	6                               @ Loc expr size
	.byte	16                              @ DW_OP_constu
	.byte	128                             @ 16777216
	.byte	128                             @ 
	.byte	128                             @ 
	.byte	8                               @ 
	.byte	159                             @ DW_OP_stack_value
	.long	.Ltmp334-.Lfunc_begin4
	.long	.Ltmp345-.Lfunc_begin4
	.short	6                               @ Loc expr size
	.byte	16                              @ DW_OP_constu
	.byte	128                             @ 8388608
	.byte	128                             @ 
	.byte	128                             @ 
	.byte	4                               @ 
	.byte	159                             @ DW_OP_stack_value
	.long	.Ltmp346-.Lfunc_begin4
	.long	.Ltmp357-.Lfunc_begin4
	.short	6                               @ Loc expr size
	.byte	16                              @ DW_OP_constu
	.byte	128                             @ 4194304
	.byte	128                             @ 
	.byte	128                             @ 
	.byte	2                               @ 
	.byte	159                             @ DW_OP_stack_value
	.long	0
	.long	0
.Ldebug_loc37:
	.long	-1
	.long	.Lfunc_begin4                   @   base address
	.long	.Ltmp284-.Lfunc_begin4
	.long	.Ltmp287-.Lfunc_begin4
	.short	1                               @ Loc expr size
	.byte	82                              @ DW_OP_reg2
	.long	.Ltmp298-.Lfunc_begin4
	.long	.Ltmp299-.Lfunc_begin4
	.short	1                               @ Loc expr size
	.byte	82                              @ DW_OP_reg2
	.long	.Ltmp310-.Lfunc_begin4
	.long	.Ltmp311-.Lfunc_begin4
	.short	1                               @ Loc expr size
	.byte	82                              @ DW_OP_reg2
	.long	.Ltmp322-.Lfunc_begin4
	.long	.Ltmp323-.Lfunc_begin4
	.short	1                               @ Loc expr size
	.byte	82                              @ DW_OP_reg2
	.long	.Ltmp334-.Lfunc_begin4
	.long	.Ltmp335-.Lfunc_begin4
	.short	1                               @ Loc expr size
	.byte	82                              @ DW_OP_reg2
	.long	.Ltmp346-.Lfunc_begin4
	.long	.Ltmp347-.Lfunc_begin4
	.short	1                               @ Loc expr size
	.byte	82                              @ DW_OP_reg2
	.long	0
	.long	0
.Ldebug_loc38:
	.long	-1
	.long	.Lfunc_begin5                   @   base address
	.long	.Lfunc_begin5-.Lfunc_begin5
	.long	.Ltmp370-.Lfunc_begin5
	.short	1                               @ Loc expr size
	.byte	80                              @ DW_OP_reg0
	.long	.Ltmp370-.Lfunc_begin5
	.long	.Lfunc_end5-.Lfunc_begin5
	.short	4                               @ Loc expr size
	.byte	243                             @ DW_OP_GNU_entry_value
	.byte	1                               @ 1
	.byte	80                              @ DW_OP_reg0
	.byte	159                             @ DW_OP_stack_value
	.long	0
	.long	0
.Ldebug_loc39:
	.long	-1
	.long	.Lfunc_begin5                   @   base address
	.long	.Ltmp361-.Lfunc_begin5
	.long	.Ltmp370-.Lfunc_begin5
	.short	2                               @ Loc expr size
	.byte	48                              @ DW_OP_lit0
	.byte	159                             @ DW_OP_stack_value
	.long	.Ltmp370-.Lfunc_begin5
	.long	.Lfunc_end5-.Lfunc_begin5
	.short	1                               @ Loc expr size
	.byte	80                              @ DW_OP_reg0
	.long	0
	.long	0
.Ldebug_loc40:
	.long	-1
	.long	.Lfunc_begin5                   @   base address
	.long	.Ltmp364-.Lfunc_begin5
	.long	.Ltmp367-.Lfunc_begin5
	.short	1                               @ Loc expr size
	.byte	81                              @ DW_OP_reg1
	.long	0
	.long	0
.Ldebug_loc41:
	.long	-1
	.long	.Lfunc_begin5                   @   base address
	.long	.Ltmp365-.Lfunc_begin5
	.long	.Ltmp368-.Lfunc_begin5
	.short	2                               @ Loc expr size
	.byte	48                              @ DW_OP_lit0
	.byte	159                             @ DW_OP_stack_value
	.long	0
	.long	0
.Ldebug_loc42:
	.long	-1
	.long	.Lfunc_begin6                   @   base address
	.long	.Lfunc_begin6-.Lfunc_begin6
	.long	.Ltmp382-.Lfunc_begin6
	.short	1                               @ Loc expr size
	.byte	80                              @ DW_OP_reg0
	.long	.Ltmp382-.Lfunc_begin6
	.long	.Ltmp383-.Lfunc_begin6
	.short	4                               @ Loc expr size
	.byte	243                             @ DW_OP_GNU_entry_value
	.byte	1                               @ 1
	.byte	80                              @ DW_OP_reg0
	.byte	159                             @ DW_OP_stack_value
	.long	.Ltmp383-.Lfunc_begin6
	.long	.Ltmp387-.Lfunc_begin6
	.short	1                               @ Loc expr size
	.byte	80                              @ DW_OP_reg0
	.long	.Ltmp387-.Lfunc_begin6
	.long	.Ltmp388-.Lfunc_begin6
	.short	4                               @ Loc expr size
	.byte	243                             @ DW_OP_GNU_entry_value
	.byte	1                               @ 1
	.byte	80                              @ DW_OP_reg0
	.byte	159                             @ DW_OP_stack_value
	.long	.Ltmp388-.Lfunc_begin6
	.long	.Ltmp392-.Lfunc_begin6
	.short	1                               @ Loc expr size
	.byte	80                              @ DW_OP_reg0
	.long	.Ltmp392-.Lfunc_begin6
	.long	.Lfunc_end6-.Lfunc_begin6
	.short	4                               @ Loc expr size
	.byte	243                             @ DW_OP_GNU_entry_value
	.byte	1                               @ 1
	.byte	80                              @ DW_OP_reg0
	.byte	159                             @ DW_OP_stack_value
	.long	0
	.long	0
.Ldebug_loc43:
	.long	-1
	.long	.Lfunc_begin6                   @   base address
	.long	.Ltmp379-.Lfunc_begin6
	.long	.Ltmp386-.Lfunc_begin6
	.short	15                              @ Loc expr size
	.byte	114                             @ DW_OP_breg2
	.byte	0                               @ 0
	.byte	16                              @ DW_OP_constu
	.byte	128                             @ 18446744071562067968
	.byte	128                             @ 
	.byte	128                             @ 
	.byte	128                             @ 
	.byte	248                             @ 
	.byte	255                             @ 
	.byte	255                             @ 
	.byte	255                             @ 
	.byte	255                             @ 
	.byte	1                               @ 
	.byte	26                              @ DW_OP_and
	.byte	159                             @ DW_OP_stack_value
	.long	.Ltmp388-.Lfunc_begin6
	.long	.Ltmp392-.Lfunc_begin6
	.short	15                              @ Loc expr size
	.byte	114                             @ DW_OP_breg2
	.byte	0                               @ 0
	.byte	16                              @ DW_OP_constu
	.byte	128                             @ 18446744071562067968
	.byte	128                             @ 
	.byte	128                             @ 
	.byte	128                             @ 
	.byte	248                             @ 
	.byte	255                             @ 
	.byte	255                             @ 
	.byte	255                             @ 
	.byte	255                             @ 
	.byte	1                               @ 
	.byte	26                              @ DW_OP_and
	.byte	159                             @ DW_OP_stack_value
	.long	0
	.long	0
.Ldebug_loc44:
	.long	-1
	.long	.Lfunc_begin6                   @   base address
	.long	.Ltmp392-.Lfunc_begin6
	.long	.Ltmp398-.Lfunc_begin6
	.short	1                               @ Loc expr size
	.byte	80                              @ DW_OP_reg0
	.long	0
	.long	0
.Ldebug_loc45:
	.long	-1
	.long	.Lfunc_begin7                   @   base address
	.long	.Lfunc_begin7-.Lfunc_begin7
	.long	.Ltmp423-.Lfunc_begin7
	.short	1                               @ Loc expr size
	.byte	80                              @ DW_OP_reg0
	.long	.Ltmp423-.Lfunc_begin7
	.long	.Ltmp448-.Lfunc_begin7
	.short	1                               @ Loc expr size
	.byte	84                              @ DW_OP_reg4
	.long	0
	.long	0
.Ldebug_loc46:
	.long	-1
	.long	.Lfunc_begin7                   @   base address
	.long	.Ltmp430-.Lfunc_begin7
	.long	.Ltmp436-.Lfunc_begin7
	.short	1                               @ Loc expr size
	.byte	80                              @ DW_OP_reg0
	.long	.Ltmp439-.Lfunc_begin7
	.long	.Ltmp441-.Lfunc_begin7
	.short	1                               @ Loc expr size
	.byte	80                              @ DW_OP_reg0
	.long	.Ltmp445-.Lfunc_begin7
	.long	.Lfunc_end7-.Lfunc_begin7
	.short	1                               @ Loc expr size
	.byte	80                              @ DW_OP_reg0
	.long	0
	.long	0
.Ldebug_loc47:
	.long	-1
	.long	.Lfunc_begin8                   @   base address
	.long	.Lfunc_begin8-.Lfunc_begin8
	.long	.Ltmp449-.Lfunc_begin8
	.short	1                               @ Loc expr size
	.byte	80                              @ DW_OP_reg0
	.long	.Ltmp449-.Lfunc_begin8
	.long	.Ltmp509-.Lfunc_begin8
	.short	1                               @ Loc expr size
	.byte	84                              @ DW_OP_reg4
	.long	0
	.long	0
.Ldebug_loc48:
	.long	-1
	.long	.Lfunc_begin8                   @   base address
	.long	.Lfunc_begin8-.Lfunc_begin8
	.long	.Ltmp453-.Lfunc_begin8
	.short	1                               @ Loc expr size
	.byte	81                              @ DW_OP_reg1
	.long	.Ltmp453-.Lfunc_begin8
	.long	.Ltmp509-.Lfunc_begin8
	.short	1                               @ Loc expr size
	.byte	85                              @ DW_OP_reg5
	.long	0
	.long	0
.Ldebug_loc49:
	.long	-1
	.long	.Lfunc_begin8                   @   base address
	.long	.Ltmp458-.Lfunc_begin8
	.long	.Ltmp488-.Lfunc_begin8
	.short	1                               @ Loc expr size
	.byte	87                              @ DW_OP_reg7
	.long	0
	.long	0
.Ldebug_loc50:
	.long	-1
	.long	.Lfunc_begin8                   @   base address
	.long	.Ltmp460-.Lfunc_begin8
	.long	.Ltmp462-.Lfunc_begin8
	.short	1                               @ Loc expr size
	.byte	80                              @ DW_OP_reg0
	.long	.Ltmp462-.Lfunc_begin8
	.long	.Ltmp483-.Lfunc_begin8
	.short	1                               @ Loc expr size
	.byte	86                              @ DW_OP_reg6
	.long	0
	.long	0
.Ldebug_loc51:
	.long	-1
	.long	.Lfunc_begin8                   @   base address
	.long	.Ltmp486-.Lfunc_begin8
	.long	.Ltmp491-.Lfunc_begin8
	.short	12                              @ Loc expr size
	.byte	114                             @ DW_OP_breg2
	.byte	0                               @ 0
	.byte	16                              @ DW_OP_constu
	.byte	128                             @ 3072
	.byte	24                              @ 
	.byte	26                              @ DW_OP_and
	.byte	48                              @ DW_OP_lit0
	.byte	41                              @ DW_OP_eq
	.byte	16                              @ DW_OP_constu
	.byte	1                               @ 1
	.byte	26                              @ DW_OP_and
	.byte	159                             @ DW_OP_stack_value
	.long	0
	.long	0
.Ldebug_loc52:
	.long	-1
	.long	.Lfunc_begin8                   @   base address
	.long	.Ltmp487-.Lfunc_begin8
	.long	.Ltmp502-.Lfunc_begin8
	.short	1                               @ Loc expr size
	.byte	80                              @ DW_OP_reg0
	.long	.Ltmp505-.Lfunc_begin8
	.long	.Ltmp507-.Lfunc_begin8
	.short	1                               @ Loc expr size
	.byte	80                              @ DW_OP_reg0
	.long	0
	.long	0
.Ldebug_loc53:
	.long	-1
	.long	.Lfunc_begin9                   @   base address
	.long	.Lfunc_begin9-.Lfunc_begin9
	.long	.Ltmp520-.Lfunc_begin9
	.short	1                               @ Loc expr size
	.byte	80                              @ DW_OP_reg0
	.long	.Ltmp520-.Lfunc_begin9
	.long	.Ltmp521-.Lfunc_begin9
	.short	4                               @ Loc expr size
	.byte	243                             @ DW_OP_GNU_entry_value
	.byte	1                               @ 1
	.byte	80                              @ DW_OP_reg0
	.byte	159                             @ DW_OP_stack_value
	.long	.Ltmp521-.Lfunc_begin9
	.long	.Ltmp525-.Lfunc_begin9
	.short	1                               @ Loc expr size
	.byte	80                              @ DW_OP_reg0
	.long	.Ltmp525-.Lfunc_begin9
	.long	.Ltmp526-.Lfunc_begin9
	.short	4                               @ Loc expr size
	.byte	243                             @ DW_OP_GNU_entry_value
	.byte	1                               @ 1
	.byte	80                              @ DW_OP_reg0
	.byte	159                             @ DW_OP_stack_value
	.long	.Ltmp526-.Lfunc_begin9
	.long	.Ltmp530-.Lfunc_begin9
	.short	1                               @ Loc expr size
	.byte	80                              @ DW_OP_reg0
	.long	.Ltmp530-.Lfunc_begin9
	.long	.Lfunc_end9-.Lfunc_begin9
	.short	4                               @ Loc expr size
	.byte	243                             @ DW_OP_GNU_entry_value
	.byte	1                               @ 1
	.byte	80                              @ DW_OP_reg0
	.byte	159                             @ DW_OP_stack_value
	.long	0
	.long	0
.Ldebug_loc54:
	.long	-1
	.long	.Lfunc_begin9                   @   base address
	.long	.Ltmp517-.Lfunc_begin9
	.long	.Ltmp524-.Lfunc_begin9
	.short	15                              @ Loc expr size
	.byte	114                             @ DW_OP_breg2
	.byte	0                               @ 0
	.byte	16                              @ DW_OP_constu
	.byte	128                             @ 18446744071562067968
	.byte	128                             @ 
	.byte	128                             @ 
	.byte	128                             @ 
	.byte	248                             @ 
	.byte	255                             @ 
	.byte	255                             @ 
	.byte	255                             @ 
	.byte	255                             @ 
	.byte	1                               @ 
	.byte	26                              @ DW_OP_and
	.byte	159                             @ DW_OP_stack_value
	.long	.Ltmp526-.Lfunc_begin9
	.long	.Ltmp530-.Lfunc_begin9
	.short	15                              @ Loc expr size
	.byte	114                             @ DW_OP_breg2
	.byte	0                               @ 0
	.byte	16                              @ DW_OP_constu
	.byte	128                             @ 18446744071562067968
	.byte	128                             @ 
	.byte	128                             @ 
	.byte	128                             @ 
	.byte	248                             @ 
	.byte	255                             @ 
	.byte	255                             @ 
	.byte	255                             @ 
	.byte	255                             @ 
	.byte	1                               @ 
	.byte	26                              @ DW_OP_and
	.byte	159                             @ DW_OP_stack_value
	.long	0
	.long	0
.Ldebug_loc55:
	.long	-1
	.long	.Lfunc_begin9                   @   base address
	.long	.Ltmp530-.Lfunc_begin9
	.long	.Ltmp536-.Lfunc_begin9
	.short	1                               @ Loc expr size
	.byte	80                              @ DW_OP_reg0
	.long	0
	.long	0
.Ldebug_loc56:
	.long	-1
	.long	.Lfunc_begin10                  @   base address
	.long	.Lfunc_begin10-.Lfunc_begin10
	.long	.Ltmp567-.Lfunc_begin10
	.short	1                               @ Loc expr size
	.byte	80                              @ DW_OP_reg0
	.long	.Ltmp567-.Lfunc_begin10
	.long	.Ltmp593-.Lfunc_begin10
	.short	1                               @ Loc expr size
	.byte	84                              @ DW_OP_reg4
	.long	0
	.long	0
.Ldebug_loc57:
	.long	-1
	.long	.Lfunc_begin10                  @   base address
	.long	.Ltmp574-.Lfunc_begin10
	.long	.Ltmp580-.Lfunc_begin10
	.short	1                               @ Loc expr size
	.byte	80                              @ DW_OP_reg0
	.long	.Ltmp584-.Lfunc_begin10
	.long	.Ltmp586-.Lfunc_begin10
	.short	1                               @ Loc expr size
	.byte	80                              @ DW_OP_reg0
	.long	.Ltmp590-.Lfunc_begin10
	.long	.Lfunc_end10-.Lfunc_begin10
	.short	1                               @ Loc expr size
	.byte	80                              @ DW_OP_reg0
	.long	0
	.long	0
.Ldebug_loc58:
	.long	-1
	.long	.Lfunc_begin11                  @   base address
	.long	.Lfunc_begin11-.Lfunc_begin11
	.long	.Ltmp600-.Lfunc_begin11
	.short	1                               @ Loc expr size
	.byte	80                              @ DW_OP_reg0
	.long	.Ltmp600-.Lfunc_begin11
	.long	.Ltmp601-.Lfunc_begin11
	.short	4                               @ Loc expr size
	.byte	243                             @ DW_OP_GNU_entry_value
	.byte	1                               @ 1
	.byte	80                              @ DW_OP_reg0
	.byte	159                             @ DW_OP_stack_value
	.long	.Ltmp601-.Lfunc_begin11
	.long	.Ltmp609-.Lfunc_begin11
	.short	1                               @ Loc expr size
	.byte	80                              @ DW_OP_reg0
	.long	.Ltmp609-.Lfunc_begin11
	.long	.Ltmp610-.Lfunc_begin11
	.short	4                               @ Loc expr size
	.byte	243                             @ DW_OP_GNU_entry_value
	.byte	1                               @ 1
	.byte	80                              @ DW_OP_reg0
	.byte	159                             @ DW_OP_stack_value
	.long	.Ltmp610-.Lfunc_begin11
	.long	.Ltmp615-.Lfunc_begin11
	.short	1                               @ Loc expr size
	.byte	80                              @ DW_OP_reg0
	.long	.Ltmp615-.Lfunc_begin11
	.long	.Ltmp626-.Lfunc_begin11
	.short	4                               @ Loc expr size
	.byte	243                             @ DW_OP_GNU_entry_value
	.byte	1                               @ 1
	.byte	80                              @ DW_OP_reg0
	.byte	159                             @ DW_OP_stack_value
	.long	.Ltmp626-.Lfunc_begin11
	.long	.Ltmp631-.Lfunc_begin11
	.short	1                               @ Loc expr size
	.byte	80                              @ DW_OP_reg0
	.long	.Ltmp631-.Lfunc_begin11
	.long	.Lfunc_end11-.Lfunc_begin11
	.short	4                               @ Loc expr size
	.byte	243                             @ DW_OP_GNU_entry_value
	.byte	1                               @ 1
	.byte	80                              @ DW_OP_reg0
	.byte	159                             @ DW_OP_stack_value
	.long	0
	.long	0
.Ldebug_loc59:
	.long	-1
	.long	.Lfunc_begin11                  @   base address
	.long	.Lfunc_begin11-.Lfunc_begin11
	.long	.Ltmp607-.Lfunc_begin11
	.short	1                               @ Loc expr size
	.byte	81                              @ DW_OP_reg1
	.long	.Ltmp607-.Lfunc_begin11
	.long	.Ltmp610-.Lfunc_begin11
	.short	4                               @ Loc expr size
	.byte	243                             @ DW_OP_GNU_entry_value
	.byte	1                               @ 1
	.byte	81                              @ DW_OP_reg1
	.byte	159                             @ DW_OP_stack_value
	.long	.Ltmp610-.Lfunc_begin11
	.long	.Ltmp612-.Lfunc_begin11
	.short	1                               @ Loc expr size
	.byte	81                              @ DW_OP_reg1
	.long	.Ltmp612-.Lfunc_begin11
	.long	.Ltmp626-.Lfunc_begin11
	.short	1                               @ Loc expr size
	.byte	85                              @ DW_OP_reg5
	.long	.Ltmp626-.Lfunc_begin11
	.long	.Ltmp628-.Lfunc_begin11
	.short	1                               @ Loc expr size
	.byte	81                              @ DW_OP_reg1
	.long	.Ltmp628-.Lfunc_begin11
	.long	.Ltmp640-.Lfunc_begin11
	.short	1                               @ Loc expr size
	.byte	85                              @ DW_OP_reg5
	.long	0
	.long	0
.Ldebug_loc60:
	.long	-1
	.long	.Lfunc_begin11                  @   base address
	.long	.Lfunc_begin11-.Lfunc_begin11
	.long	.Ltmp613-.Lfunc_begin11
	.short	1                               @ Loc expr size
	.byte	82                              @ DW_OP_reg2
	.long	.Ltmp613-.Lfunc_begin11
	.long	.Ltmp626-.Lfunc_begin11
	.short	1                               @ Loc expr size
	.byte	84                              @ DW_OP_reg4
	.long	.Ltmp626-.Lfunc_begin11
	.long	.Ltmp629-.Lfunc_begin11
	.short	1                               @ Loc expr size
	.byte	82                              @ DW_OP_reg2
	.long	.Ltmp629-.Lfunc_begin11
	.long	.Ltmp640-.Lfunc_begin11
	.short	1                               @ Loc expr size
	.byte	84                              @ DW_OP_reg4
	.long	0
	.long	0
.Ldebug_loc61:
	.long	-1
	.long	.Lfunc_begin11                  @   base address
	.long	.Ltmp615-.Lfunc_begin11
	.long	.Ltmp617-.Lfunc_begin11
	.short	1                               @ Loc expr size
	.byte	80                              @ DW_OP_reg0
	.long	.Ltmp633-.Lfunc_begin11
	.long	.Ltmp634-.Lfunc_begin11
	.short	1                               @ Loc expr size
	.byte	80                              @ DW_OP_reg0
	.long	0
	.long	0
.Ldebug_loc62:
	.long	-1
	.long	.Lfunc_begin12                  @   base address
	.long	.Lfunc_begin12-.Lfunc_begin12
	.long	.Ltmp641-.Lfunc_begin12
	.short	1                               @ Loc expr size
	.byte	80                              @ DW_OP_reg0
	.long	.Ltmp641-.Lfunc_begin12
	.long	.Lfunc_end12-.Lfunc_begin12
	.short	1                               @ Loc expr size
	.byte	84                              @ DW_OP_reg4
	.long	0
	.long	0
.Ldebug_loc63:
	.long	-1
	.long	.Lfunc_begin12                  @   base address
	.long	.Ltmp648-.Lfunc_begin12
	.long	.Ltmp652-.Lfunc_begin12
	.short	1                               @ Loc expr size
	.byte	80                              @ DW_OP_reg0
	.long	.Ltmp680-.Lfunc_begin12
	.long	.Ltmp682-.Lfunc_begin12
	.short	1                               @ Loc expr size
	.byte	80                              @ DW_OP_reg0
	.long	.Ltmp682-.Lfunc_begin12
	.long	.Ltmp685-.Lfunc_begin12
	.short	1                               @ Loc expr size
	.byte	85                              @ DW_OP_reg5
	.long	.Ltmp685-.Lfunc_begin12
	.long	.Ltmp687-.Lfunc_begin12
	.short	1                               @ Loc expr size
	.byte	80                              @ DW_OP_reg0
	.long	.Ltmp691-.Lfunc_begin12
	.long	.Ltmp692-.Lfunc_begin12
	.short	1                               @ Loc expr size
	.byte	85                              @ DW_OP_reg5
	.long	.Ltmp692-.Lfunc_begin12
	.long	.Ltmp694-.Lfunc_begin12
	.short	1                               @ Loc expr size
	.byte	80                              @ DW_OP_reg0
	.long	0
	.long	0
.Ldebug_loc64:
	.long	-1
	.long	.Lfunc_begin12                  @   base address
	.long	.Ltmp666-.Lfunc_begin12
	.long	.Ltmp668-.Lfunc_begin12
	.short	7                               @ Loc expr size
	.byte	113                             @ DW_OP_breg1
	.byte	0                               @ 0
	.byte	50                              @ DW_OP_lit2
	.byte	37                              @ DW_OP_shr
	.byte	49                              @ DW_OP_lit1
	.byte	26                              @ DW_OP_and
	.byte	159                             @ DW_OP_stack_value
	.long	.Ltmp674-.Lfunc_begin12
	.long	.Ltmp676-.Lfunc_begin12
	.short	7                               @ Loc expr size
	.byte	113                             @ DW_OP_breg1
	.byte	0                               @ 0
	.byte	50                              @ DW_OP_lit2
	.byte	37                              @ DW_OP_shr
	.byte	49                              @ DW_OP_lit1
	.byte	26                              @ DW_OP_and
	.byte	159                             @ DW_OP_stack_value
	.long	0
	.long	0
.Ldebug_loc65:
	.long	-1
	.long	.Lfunc_begin12                  @   base address
	.long	.Ltmp662-.Lfunc_begin12
	.long	.Ltmp664-.Lfunc_begin12
	.short	1                               @ Loc expr size
	.byte	80                              @ DW_OP_reg0
	.long	.Ltmp664-.Lfunc_begin12
	.long	.Ltmp678-.Lfunc_begin12
	.short	1                               @ Loc expr size
	.byte	85                              @ DW_OP_reg5
	.long	0
	.long	0
.Ldebug_loc66:
	.long	-1
	.long	.Lfunc_begin12                  @   base address
	.long	.Ltmp666-.Lfunc_begin12
	.long	.Ltmp667-.Lfunc_begin12
	.short	1                               @ Loc expr size
	.byte	80                              @ DW_OP_reg0
	.long	0
	.long	0
.Ldebug_loc67:
	.long	-1
	.long	.Lfunc_begin13                  @   base address
	.long	.Lfunc_begin13-.Lfunc_begin13
	.long	.Ltmp700-.Lfunc_begin13
	.short	1                               @ Loc expr size
	.byte	80                              @ DW_OP_reg0
	.long	.Ltmp700-.Lfunc_begin13
	.long	.Lfunc_end13-.Lfunc_begin13
	.short	4                               @ Loc expr size
	.byte	243                             @ DW_OP_GNU_entry_value
	.byte	1                               @ 1
	.byte	80                              @ DW_OP_reg0
	.byte	159                             @ DW_OP_stack_value
	.long	0
	.long	0
.Ldebug_loc68:
	.long	-1
	.long	.Lfunc_begin14                  @   base address
	.long	.Lfunc_begin14-.Lfunc_begin14
	.long	.Ltmp703-.Lfunc_begin14
	.short	1                               @ Loc expr size
	.byte	80                              @ DW_OP_reg0
	.long	.Ltmp703-.Lfunc_begin14
	.long	.Lfunc_end14-.Lfunc_begin14
	.short	4                               @ Loc expr size
	.byte	243                             @ DW_OP_GNU_entry_value
	.byte	1                               @ 1
	.byte	80                              @ DW_OP_reg0
	.byte	159                             @ DW_OP_stack_value
	.long	0
	.long	0
.Ldebug_loc69:
	.long	-1
	.long	.Lfunc_begin14                  @   base address
	.long	.Lfunc_begin14-.Lfunc_begin14
	.long	.Ltmp706-.Lfunc_begin14
	.short	1                               @ Loc expr size
	.byte	81                              @ DW_OP_reg1
	.long	.Ltmp706-.Lfunc_begin14
	.long	.Ltmp709-.Lfunc_begin14
	.short	4                               @ Loc expr size
	.byte	243                             @ DW_OP_GNU_entry_value
	.byte	1                               @ 1
	.byte	81                              @ DW_OP_reg1
	.byte	159                             @ DW_OP_stack_value
	.long	.Ltmp709-.Lfunc_begin14
	.long	.Ltmp711-.Lfunc_begin14
	.short	1                               @ Loc expr size
	.byte	81                              @ DW_OP_reg1
	.long	.Ltmp711-.Lfunc_begin14
	.long	.Ltmp713-.Lfunc_begin14
	.short	4                               @ Loc expr size
	.byte	243                             @ DW_OP_GNU_entry_value
	.byte	1                               @ 1
	.byte	81                              @ DW_OP_reg1
	.byte	159                             @ DW_OP_stack_value
	.long	.Ltmp713-.Lfunc_begin14
	.long	.Ltmp715-.Lfunc_begin14
	.short	1                               @ Loc expr size
	.byte	81                              @ DW_OP_reg1
	.long	.Ltmp715-.Lfunc_begin14
	.long	.Lfunc_end14-.Lfunc_begin14
	.short	4                               @ Loc expr size
	.byte	243                             @ DW_OP_GNU_entry_value
	.byte	1                               @ 1
	.byte	81                              @ DW_OP_reg1
	.byte	159                             @ DW_OP_stack_value
	.long	0
	.long	0
.Ldebug_loc70:
	.long	-1
	.long	.Lfunc_begin14                  @   base address
	.long	.Ltmp708-.Lfunc_begin14
	.long	.Ltmp709-.Lfunc_begin14
	.short	1                               @ Loc expr size
	.byte	80                              @ DW_OP_reg0
	.long	.Ltmp712-.Lfunc_begin14
	.long	.Ltmp713-.Lfunc_begin14
	.short	1                               @ Loc expr size
	.byte	80                              @ DW_OP_reg0
	.long	.Ltmp716-.Lfunc_begin14
	.long	.Lfunc_end14-.Lfunc_begin14
	.short	1                               @ Loc expr size
	.byte	80                              @ DW_OP_reg0
	.long	0
	.long	0
.Ldebug_loc71:
	.long	-1
	.long	.Lfunc_begin20                  @   base address
	.long	.Lfunc_begin20-.Lfunc_begin20
	.long	.Ltmp723-.Lfunc_begin20
	.short	1                               @ Loc expr size
	.byte	80                              @ DW_OP_reg0
	.long	.Ltmp723-.Lfunc_begin20
	.long	.Ltmp749-.Lfunc_begin20
	.short	1                               @ Loc expr size
	.byte	84                              @ DW_OP_reg4
	.long	0
	.long	0
.Ldebug_loc72:
	.long	-1
	.long	.Lfunc_begin20                  @   base address
	.long	.Ltmp730-.Lfunc_begin20
	.long	.Ltmp736-.Lfunc_begin20
	.short	1                               @ Loc expr size
	.byte	80                              @ DW_OP_reg0
	.long	.Ltmp740-.Lfunc_begin20
	.long	.Ltmp742-.Lfunc_begin20
	.short	1                               @ Loc expr size
	.byte	80                              @ DW_OP_reg0
	.long	.Ltmp746-.Lfunc_begin20
	.long	.Lfunc_end20-.Lfunc_begin20
	.short	1                               @ Loc expr size
	.byte	80                              @ DW_OP_reg0
	.long	0
	.long	0
.Ldebug_loc73:
	.long	-1
	.long	.Lfunc_begin21                  @   base address
	.long	.Lfunc_begin21-.Lfunc_begin21
	.long	.Ltmp750-.Lfunc_begin21
	.short	1                               @ Loc expr size
	.byte	80                              @ DW_OP_reg0
	.long	.Ltmp750-.Lfunc_begin21
	.long	.Ltmp776-.Lfunc_begin21
	.short	1                               @ Loc expr size
	.byte	84                              @ DW_OP_reg4
	.long	0
	.long	0
.Ldebug_loc74:
	.long	-1
	.long	.Lfunc_begin21                  @   base address
	.long	.Ltmp757-.Lfunc_begin21
	.long	.Ltmp763-.Lfunc_begin21
	.short	1                               @ Loc expr size
	.byte	80                              @ DW_OP_reg0
	.long	.Ltmp767-.Lfunc_begin21
	.long	.Ltmp769-.Lfunc_begin21
	.short	1                               @ Loc expr size
	.byte	80                              @ DW_OP_reg0
	.long	.Ltmp773-.Lfunc_begin21
	.long	.Lfunc_end21-.Lfunc_begin21
	.short	1                               @ Loc expr size
	.byte	80                              @ DW_OP_reg0
	.long	0
	.long	0
.Ldebug_loc75:
	.long	-1
	.long	.Lfunc_begin22                  @   base address
	.long	.Lfunc_begin22-.Lfunc_begin22
	.long	.Ltmp777-.Lfunc_begin22
	.short	1                               @ Loc expr size
	.byte	80                              @ DW_OP_reg0
	.long	.Ltmp777-.Lfunc_begin22
	.long	.Ltmp817-.Lfunc_begin22
	.short	1                               @ Loc expr size
	.byte	84                              @ DW_OP_reg4
	.long	0
	.long	0
.Ldebug_loc76:
	.long	-1
	.long	.Lfunc_begin22                  @   base address
	.long	.Ltmp784-.Lfunc_begin22
	.long	.Ltmp790-.Lfunc_begin22
	.short	1                               @ Loc expr size
	.byte	80                              @ DW_OP_reg0
	.long	.Ltmp791-.Lfunc_begin22
	.long	.Ltmp797-.Lfunc_begin22
	.short	1                               @ Loc expr size
	.byte	80                              @ DW_OP_reg0
	.long	.Ltmp797-.Lfunc_begin22
	.long	.Ltmp801-.Lfunc_begin22
	.short	1                               @ Loc expr size
	.byte	85                              @ DW_OP_reg5
	.long	.Ltmp801-.Lfunc_begin22
	.long	.Ltmp812-.Lfunc_begin22
	.short	1                               @ Loc expr size
	.byte	80                              @ DW_OP_reg0
	.long	.Ltmp814-.Lfunc_begin22
	.long	.Lfunc_end22-.Lfunc_begin22
	.short	1                               @ Loc expr size
	.byte	80                              @ DW_OP_reg0
	.long	0
	.long	0
.Ldebug_loc77:
	.long	-1
	.long	.Lfunc_begin23                  @   base address
	.long	.Lfunc_begin23-.Lfunc_begin23
	.long	.Ltmp818-.Lfunc_begin23
	.short	1                               @ Loc expr size
	.byte	80                              @ DW_OP_reg0
	.long	.Ltmp818-.Lfunc_begin23
	.long	.Ltmp877-.Lfunc_begin23
	.short	1                               @ Loc expr size
	.byte	84                              @ DW_OP_reg4
	.long	0
	.long	0
.Ldebug_loc78:
	.long	-1
	.long	.Lfunc_begin23                  @   base address
	.long	.Ltmp825-.Lfunc_begin23
	.long	.Ltmp830-.Lfunc_begin23
	.short	1                               @ Loc expr size
	.byte	80                              @ DW_OP_reg0
	.long	.Ltmp858-.Lfunc_begin23
	.long	.Ltmp865-.Lfunc_begin23
	.short	1                               @ Loc expr size
	.byte	80                              @ DW_OP_reg0
	.long	.Ltmp869-.Lfunc_begin23
	.long	.Ltmp871-.Lfunc_begin23
	.short	1                               @ Loc expr size
	.byte	80                              @ DW_OP_reg0
	.long	.Ltmp874-.Lfunc_begin23
	.long	.Ltmp875-.Lfunc_begin23
	.short	1                               @ Loc expr size
	.byte	80                              @ DW_OP_reg0
	.long	0
	.long	0
.Ldebug_loc79:
	.long	-1
	.long	.Lfunc_begin23                  @   base address
	.long	.Ltmp844-.Lfunc_begin23
	.long	.Ltmp846-.Lfunc_begin23
	.short	7                               @ Loc expr size
	.byte	113                             @ DW_OP_breg1
	.byte	0                               @ 0
	.byte	50                              @ DW_OP_lit2
	.byte	37                              @ DW_OP_shr
	.byte	49                              @ DW_OP_lit1
	.byte	26                              @ DW_OP_and
	.byte	159                             @ DW_OP_stack_value
	.long	.Ltmp852-.Lfunc_begin23
	.long	.Ltmp854-.Lfunc_begin23
	.short	7                               @ Loc expr size
	.byte	113                             @ DW_OP_breg1
	.byte	0                               @ 0
	.byte	50                              @ DW_OP_lit2
	.byte	37                              @ DW_OP_shr
	.byte	49                              @ DW_OP_lit1
	.byte	26                              @ DW_OP_and
	.byte	159                             @ DW_OP_stack_value
	.long	0
	.long	0
.Ldebug_loc80:
	.long	-1
	.long	.Lfunc_begin23                  @   base address
	.long	.Ltmp840-.Lfunc_begin23
	.long	.Ltmp842-.Lfunc_begin23
	.short	1                               @ Loc expr size
	.byte	80                              @ DW_OP_reg0
	.long	.Ltmp842-.Lfunc_begin23
	.long	.Ltmp856-.Lfunc_begin23
	.short	1                               @ Loc expr size
	.byte	85                              @ DW_OP_reg5
	.long	0
	.long	0
.Ldebug_loc81:
	.long	-1
	.long	.Lfunc_begin23                  @   base address
	.long	.Ltmp844-.Lfunc_begin23
	.long	.Ltmp845-.Lfunc_begin23
	.short	1                               @ Loc expr size
	.byte	80                              @ DW_OP_reg0
	.long	0
	.long	0
.Ldebug_loc82:
	.long	-1
	.long	.Lfunc_begin24                  @   base address
	.long	.Lfunc_begin24-.Lfunc_begin24
	.long	.Ltmp882-.Lfunc_begin24
	.short	1                               @ Loc expr size
	.byte	80                              @ DW_OP_reg0
	.long	.Ltmp882-.Lfunc_begin24
	.long	.Ltmp883-.Lfunc_begin24
	.short	4                               @ Loc expr size
	.byte	243                             @ DW_OP_GNU_entry_value
	.byte	1                               @ 1
	.byte	80                              @ DW_OP_reg0
	.byte	159                             @ DW_OP_stack_value
	.long	.Ltmp883-.Lfunc_begin24
	.long	.Ltmp1073-.Lfunc_begin24
	.short	1                               @ Loc expr size
	.byte	80                              @ DW_OP_reg0
	.long	.Ltmp1073-.Lfunc_begin24
	.long	.Ltmp1074-.Lfunc_begin24
	.short	4                               @ Loc expr size
	.byte	243                             @ DW_OP_GNU_entry_value
	.byte	1                               @ 1
	.byte	80                              @ DW_OP_reg0
	.byte	159                             @ DW_OP_stack_value
	.long	.Ltmp1074-.Lfunc_begin24
	.long	.Lfunc_end24-.Lfunc_begin24
	.short	1                               @ Loc expr size
	.byte	80                              @ DW_OP_reg0
	.long	0
	.long	0
.Ldebug_loc83:
	.long	-1
	.long	.Lfunc_begin24                  @   base address
	.long	.Lfunc_begin24-.Lfunc_begin24
	.long	.Ltmp1020-.Lfunc_begin24
	.short	1                               @ Loc expr size
	.byte	81                              @ DW_OP_reg1
	.long	.Ltmp1020-.Lfunc_begin24
	.long	.Ltmp1070-.Lfunc_begin24
	.short	4                               @ Loc expr size
	.byte	243                             @ DW_OP_GNU_entry_value
	.byte	1                               @ 1
	.byte	81                              @ DW_OP_reg1
	.byte	159                             @ DW_OP_stack_value
	.long	.Ltmp1074-.Lfunc_begin24
	.long	.Lfunc_end24-.Lfunc_begin24
	.short	4                               @ Loc expr size
	.byte	243                             @ DW_OP_GNU_entry_value
	.byte	1                               @ 1
	.byte	81                              @ DW_OP_reg1
	.byte	159                             @ DW_OP_stack_value
	.long	0
	.long	0
.Ldebug_loc84:
	.long	-1
	.long	.Lfunc_begin24                  @   base address
	.long	.Ltmp879-.Lfunc_begin24
	.long	.Ltmp937-.Lfunc_begin24
	.short	2                               @ Loc expr size
	.byte	48                              @ DW_OP_lit0
	.byte	159                             @ DW_OP_stack_value
	.long	.Ltmp937-.Lfunc_begin24
	.long	.Ltmp938-.Lfunc_begin24
	.short	2                               @ Loc expr size
	.byte	49                              @ DW_OP_lit1
	.byte	159                             @ DW_OP_stack_value
	.long	.Ltmp938-.Lfunc_begin24
	.long	.Ltmp943-.Lfunc_begin24
	.short	1                               @ Loc expr size
	.byte	94                              @ DW_OP_reg14
	.long	.Ltmp943-.Lfunc_begin24
	.long	.Ltmp955-.Lfunc_begin24
	.short	2                               @ Loc expr size
	.byte	48                              @ DW_OP_lit0
	.byte	159                             @ DW_OP_stack_value
	.long	.Ltmp955-.Lfunc_begin24
	.long	.Ltmp1069-.Lfunc_begin24
	.short	1                               @ Loc expr size
	.byte	94                              @ DW_OP_reg14
	.long	.Ltmp1069-.Lfunc_begin24
	.long	.Ltmp1070-.Lfunc_begin24
	.short	2                               @ Loc expr size
	.byte	49                              @ DW_OP_lit1
	.byte	159                             @ DW_OP_stack_value
	.long	.Ltmp1070-.Lfunc_begin24
	.long	.Lfunc_end24-.Lfunc_begin24
	.short	1                               @ Loc expr size
	.byte	94                              @ DW_OP_reg14
	.long	0
	.long	0
.Ldebug_loc85:
	.long	-1
	.long	.Lfunc_begin24                  @   base address
	.long	.Ltmp879-.Lfunc_begin24
	.long	.Ltmp1070-.Lfunc_begin24
	.short	2                               @ Loc expr size
	.byte	125                             @ DW_OP_breg13
	.byte	0                               @ 0
	.long	.Ltmp1074-.Lfunc_begin24
	.long	.Ltmp1110-.Lfunc_begin24
	.short	2                               @ Loc expr size
	.byte	125                             @ DW_OP_breg13
	.byte	0                               @ 0
	.long	.Ltmp1113-.Lfunc_begin24
	.long	.Ltmp1116-.Lfunc_begin24
	.short	2                               @ Loc expr size
	.byte	125                             @ DW_OP_breg13
	.byte	0                               @ 0
	.long	0
	.long	0
.Ldebug_loc86:
	.long	-1
	.long	.Lfunc_begin24                  @   base address
	.long	.Ltmp879-.Lfunc_begin24
	.long	.Ltmp894-.Lfunc_begin24
	.short	2                               @ Loc expr size
	.byte	48                              @ DW_OP_lit0
	.byte	159                             @ DW_OP_stack_value
	.long	.Ltmp894-.Lfunc_begin24
	.long	.Ltmp895-.Lfunc_begin24
	.short	1                               @ Loc expr size
	.byte	82                              @ DW_OP_reg2
	.long	.Ltmp895-.Lfunc_begin24
	.long	.Ltmp906-.Lfunc_begin24
	.short	2                               @ Loc expr size
	.byte	48                              @ DW_OP_lit0
	.byte	159                             @ DW_OP_stack_value
	.long	.Ltmp907-.Lfunc_begin24
	.long	.Ltmp909-.Lfunc_begin24
	.short	1                               @ Loc expr size
	.byte	82                              @ DW_OP_reg2
	.long	0
	.long	0
.Ldebug_loc87:
	.long	-1
	.long	.Lfunc_begin24                  @   base address
	.long	.Ltmp927-.Lfunc_begin24
	.long	.Ltmp929-.Lfunc_begin24
	.short	7                               @ Loc expr size
	.byte	114                             @ DW_OP_breg2
	.byte	0                               @ 0
	.byte	50                              @ DW_OP_lit2
	.byte	37                              @ DW_OP_shr
	.byte	49                              @ DW_OP_lit1
	.byte	26                              @ DW_OP_and
	.byte	159                             @ DW_OP_stack_value
	.long	0
	.long	0
.Ldebug_loc88:
	.long	-1
	.long	.Lfunc_begin24                  @   base address
	.long	.Ltmp928-.Lfunc_begin24
	.long	.Ltmp930-.Lfunc_begin24
	.short	7                               @ Loc expr size
	.byte	118                             @ DW_OP_breg6
	.byte	0                               @ 0
	.byte	51                              @ DW_OP_lit3
	.byte	37                              @ DW_OP_shr
	.byte	49                              @ DW_OP_lit1
	.byte	26                              @ DW_OP_and
	.byte	159                             @ DW_OP_stack_value
	.long	0
	.long	0
.Ldebug_loc89:
	.long	-1
	.long	.Lfunc_begin24                  @   base address
	.long	.Ltmp964-.Lfunc_begin24
	.long	.Ltmp965-.Lfunc_begin24
	.short	1                               @ Loc expr size
	.byte	82                              @ DW_OP_reg2
	.long	0
	.long	0
.Ldebug_loc90:
	.long	-1
	.long	.Lfunc_begin24                  @   base address
	.long	.Ltmp964-.Lfunc_begin24
	.long	.Ltmp968-.Lfunc_begin24
	.short	1                               @ Loc expr size
	.byte	83                              @ DW_OP_reg3
	.long	0
	.long	0
.Ldebug_loc91:
	.long	-1
	.long	.Lfunc_begin24                  @   base address
	.long	.Ltmp966-.Lfunc_begin24
	.long	.Ltmp968-.Lfunc_begin24
	.short	3                               @ Loc expr size
	.byte	116                             @ DW_OP_breg4
	.byte	20                              @ 20
	.byte	159                             @ DW_OP_stack_value
	.long	0
	.long	0
.Ldebug_loc92:
	.long	-1
	.long	.Lfunc_begin24                  @   base address
	.long	.Ltmp969-.Lfunc_begin24
	.long	.Ltmp972-.Lfunc_begin24
	.short	1                               @ Loc expr size
	.byte	82                              @ DW_OP_reg2
	.long	.Ltmp1004-.Lfunc_begin24
	.long	.Ltmp1006-.Lfunc_begin24
	.short	1                               @ Loc expr size
	.byte	82                              @ DW_OP_reg2
	.long	.Ltmp1008-.Lfunc_begin24
	.long	.Ltmp1014-.Lfunc_begin24
	.short	1                               @ Loc expr size
	.byte	82                              @ DW_OP_reg2
	.long	0
	.long	0
.Ldebug_loc93:
	.long	-1
	.long	.Lfunc_begin24                  @   base address
	.long	.Ltmp975-.Lfunc_begin24
	.long	.Ltmp976-.Lfunc_begin24
	.short	1                               @ Loc expr size
	.byte	82                              @ DW_OP_reg2
	.long	0
	.long	0
.Ldebug_loc94:
	.long	-1
	.long	.Lfunc_begin24                  @   base address
	.long	.Ltmp983-.Lfunc_begin24
	.long	.Ltmp984-.Lfunc_begin24
	.short	1                               @ Loc expr size
	.byte	82                              @ DW_OP_reg2
	.long	0
	.long	0
.Ldebug_loc95:
	.long	-1
	.long	.Lfunc_begin24                  @   base address
	.long	.Ltmp991-.Lfunc_begin24
	.long	.Ltmp992-.Lfunc_begin24
	.short	1                               @ Loc expr size
	.byte	82                              @ DW_OP_reg2
	.long	0
	.long	0
.Ldebug_loc96:
	.long	-1
	.long	.Lfunc_begin24                  @   base address
	.long	.Ltmp999-.Lfunc_begin24
	.long	.Ltmp1000-.Lfunc_begin24
	.short	1                               @ Loc expr size
	.byte	82                              @ DW_OP_reg2
	.long	0
	.long	0
.Ldebug_loc97:
	.long	-1
	.long	.Lfunc_begin24                  @   base address
	.long	.Ltmp1012-.Lfunc_begin24
	.long	.Ltmp1014-.Lfunc_begin24
	.short	1                               @ Loc expr size
	.byte	82                              @ DW_OP_reg2
	.long	0
	.long	0
.Ldebug_loc98:
	.long	-1
	.long	.Lfunc_begin24                  @   base address
	.long	.Ltmp1012-.Lfunc_begin24
	.long	.Ltmp1016-.Lfunc_begin24
	.short	1                               @ Loc expr size
	.byte	84                              @ DW_OP_reg4
	.long	0
	.long	0
.Ldebug_loc99:
	.long	-1
	.long	.Lfunc_begin24                  @   base address
	.long	.Ltmp1012-.Lfunc_begin24
	.long	.Ltmp1017-.Lfunc_begin24
	.short	1                               @ Loc expr size
	.byte	83                              @ DW_OP_reg3
	.long	0
	.long	0
.Ldebug_loc100:
	.long	-1
	.long	.Lfunc_begin24                  @   base address
	.long	.Ltmp1012-.Lfunc_begin24
	.long	.Ltmp1013-.Lfunc_begin24
	.short	1                               @ Loc expr size
	.byte	86                              @ DW_OP_reg6
	.long	0
	.long	0
.Ldebug_loc101:
	.long	-1
	.long	.Lfunc_begin24                  @   base address
	.long	.Ltmp1020-.Lfunc_begin24
	.long	.Ltmp1025-.Lfunc_begin24
	.short	1                               @ Loc expr size
	.byte	81                              @ DW_OP_reg1
	.long	0
	.long	0
.Ldebug_loc102:
	.long	-1
	.long	.Lfunc_begin24                  @   base address
	.long	.Ltmp1056-.Lfunc_begin24
	.long	.Ltmp1064-.Lfunc_begin24
	.short	1                               @ Loc expr size
	.byte	86                              @ DW_OP_reg6
	.long	.Ltmp1088-.Lfunc_begin24
	.long	.Ltmp1099-.Lfunc_begin24
	.short	1                               @ Loc expr size
	.byte	86                              @ DW_OP_reg6
	.long	.Ltmp1110-.Lfunc_begin24
	.long	.Lfunc_end24-.Lfunc_begin24
	.short	1                               @ Loc expr size
	.byte	86                              @ DW_OP_reg6
	.long	0
	.long	0
.Ldebug_loc103:
	.long	-1
	.long	.Lfunc_begin25                  @   base address
	.long	.Lfunc_begin25-.Lfunc_begin25
	.long	.Ltmp1124-.Lfunc_begin25
	.short	1                               @ Loc expr size
	.byte	80                              @ DW_OP_reg0
	.long	.Ltmp1124-.Lfunc_begin25
	.long	.Ltmp1125-.Lfunc_begin25
	.short	4                               @ Loc expr size
	.byte	243                             @ DW_OP_GNU_entry_value
	.byte	1                               @ 1
	.byte	80                              @ DW_OP_reg0
	.byte	159                             @ DW_OP_stack_value
	.long	.Ltmp1125-.Lfunc_begin25
	.long	.Ltmp1149-.Lfunc_begin25
	.short	1                               @ Loc expr size
	.byte	80                              @ DW_OP_reg0
	.long	.Ltmp1149-.Lfunc_begin25
	.long	.Ltmp1150-.Lfunc_begin25
	.short	4                               @ Loc expr size
	.byte	243                             @ DW_OP_GNU_entry_value
	.byte	1                               @ 1
	.byte	80                              @ DW_OP_reg0
	.byte	159                             @ DW_OP_stack_value
	.long	.Ltmp1150-.Lfunc_begin25
	.long	.Lfunc_end25-.Lfunc_begin25
	.short	1                               @ Loc expr size
	.byte	80                              @ DW_OP_reg0
	.long	0
	.long	0
.Ldebug_loc104:
	.long	-1
	.long	.Lfunc_begin25                  @   base address
	.long	.Lfunc_begin25-.Lfunc_begin25
	.long	.Ltmp1144-.Lfunc_begin25
	.short	1                               @ Loc expr size
	.byte	81                              @ DW_OP_reg1
	.long	.Ltmp1144-.Lfunc_begin25
	.long	.Ltmp1145-.Lfunc_begin25
	.short	4                               @ Loc expr size
	.byte	243                             @ DW_OP_GNU_entry_value
	.byte	1                               @ 1
	.byte	81                              @ DW_OP_reg1
	.byte	159                             @ DW_OP_stack_value
	.long	.Ltmp1145-.Lfunc_begin25
	.long	.Ltmp1147-.Lfunc_begin25
	.short	1                               @ Loc expr size
	.byte	81                              @ DW_OP_reg1
	.long	.Ltmp1147-.Lfunc_begin25
	.long	.Ltmp1148-.Lfunc_begin25
	.short	4                               @ Loc expr size
	.byte	243                             @ DW_OP_GNU_entry_value
	.byte	1                               @ 1
	.byte	81                              @ DW_OP_reg1
	.byte	159                             @ DW_OP_stack_value
	.long	.Ltmp1150-.Lfunc_begin25
	.long	.Ltmp1152-.Lfunc_begin25
	.short	1                               @ Loc expr size
	.byte	81                              @ DW_OP_reg1
	.long	.Ltmp1152-.Lfunc_begin25
	.long	.Ltmp1159-.Lfunc_begin25
	.short	4                               @ Loc expr size
	.byte	243                             @ DW_OP_GNU_entry_value
	.byte	1                               @ 1
	.byte	81                              @ DW_OP_reg1
	.byte	159                             @ DW_OP_stack_value
	.long	0
	.long	0
.Ldebug_loc105:
	.long	-1
	.long	.Lfunc_begin25                  @   base address
	.long	.Lfunc_begin25-.Lfunc_begin25
	.long	.Lfunc_end25-.Lfunc_begin25
	.short	10                              @ Loc expr size
	.byte	147                             @ DW_OP_piece
	.byte	84                              @ 84
	.byte	125                             @ DW_OP_breg13
	.byte	4                               @ 4
	.byte	147                             @ DW_OP_piece
	.byte	4                               @ 4
	.byte	125                             @ DW_OP_breg13
	.byte	0                               @ 0
	.byte	147                             @ DW_OP_piece
	.byte	4                               @ 4
	.long	0
	.long	0
.Ldebug_loc106:
	.long	-1
	.long	.Lfunc_begin25                  @   base address
	.long	.Lfunc_begin25-.Lfunc_begin25
	.long	.Ltmp1148-.Lfunc_begin25
	.short	2                               @ Loc expr size
	.byte	48                              @ DW_OP_lit0
	.byte	159                             @ DW_OP_stack_value
	.long	.Ltmp1150-.Lfunc_begin25
	.long	.Lfunc_end25-.Lfunc_begin25
	.short	2                               @ Loc expr size
	.byte	48                              @ DW_OP_lit0
	.byte	159                             @ DW_OP_stack_value
	.long	0
	.long	0
.Ldebug_loc107:
	.long	-1
	.long	.Lfunc_begin25                  @   base address
	.long	.Ltmp1131-.Lfunc_begin25
	.long	.Ltmp1133-.Lfunc_begin25
	.short	7                               @ Loc expr size
	.byte	114                             @ DW_OP_breg2
	.byte	0                               @ 0
	.byte	50                              @ DW_OP_lit2
	.byte	37                              @ DW_OP_shr
	.byte	49                              @ DW_OP_lit1
	.byte	26                              @ DW_OP_and
	.byte	159                             @ DW_OP_stack_value
	.long	0
	.long	0
.Ldebug_loc108:
	.long	-1
	.long	.Lfunc_begin26                  @   base address
	.long	.Lfunc_begin26-.Lfunc_begin26
	.long	.Ltmp1168-.Lfunc_begin26
	.short	1                               @ Loc expr size
	.byte	80                              @ DW_OP_reg0
	.long	.Ltmp1168-.Lfunc_begin26
	.long	.Ltmp1169-.Lfunc_begin26
	.short	4                               @ Loc expr size
	.byte	243                             @ DW_OP_GNU_entry_value
	.byte	1                               @ 1
	.byte	80                              @ DW_OP_reg0
	.byte	159                             @ DW_OP_stack_value
	.long	.Ltmp1169-.Lfunc_begin26
	.long	.Ltmp1171-.Lfunc_begin26
	.short	1                               @ Loc expr size
	.byte	80                              @ DW_OP_reg0
	.long	.Ltmp1171-.Lfunc_begin26
	.long	.Lfunc_end26-.Lfunc_begin26
	.short	4                               @ Loc expr size
	.byte	243                             @ DW_OP_GNU_entry_value
	.byte	1                               @ 1
	.byte	80                              @ DW_OP_reg0
	.byte	159                             @ DW_OP_stack_value
	.long	0
	.long	0
.Ldebug_loc109:
	.long	-1
	.long	.Lfunc_begin26                  @   base address
	.long	.Ltmp1163-.Lfunc_begin26
	.long	.Ltmp1165-.Lfunc_begin26
	.short	7                               @ Loc expr size
	.byte	114                             @ DW_OP_breg2
	.byte	0                               @ 0
	.byte	50                              @ DW_OP_lit2
	.byte	37                              @ DW_OP_shr
	.byte	49                              @ DW_OP_lit1
	.byte	26                              @ DW_OP_and
	.byte	159                             @ DW_OP_stack_value
	.long	0
	.long	0
.Ldebug_loc110:
	.long	-1
	.long	.Lfunc_begin26                  @   base address
	.long	.Ltmp1164-.Lfunc_begin26
	.long	.Ltmp1166-.Lfunc_begin26
	.short	7                               @ Loc expr size
	.byte	115                             @ DW_OP_breg3
	.byte	0                               @ 0
	.byte	51                              @ DW_OP_lit3
	.byte	37                              @ DW_OP_shr
	.byte	49                              @ DW_OP_lit1
	.byte	26                              @ DW_OP_and
	.byte	159                             @ DW_OP_stack_value
	.long	0
	.long	0
.Ldebug_loc111:
	.long	-1
	.long	.Lfunc_begin26                  @   base address
	.long	.Ltmp1168-.Lfunc_begin26
	.long	.Ltmp1169-.Lfunc_begin26
	.short	1                               @ Loc expr size
	.byte	80                              @ DW_OP_reg0
	.long	.Ltmp1171-.Lfunc_begin26
	.long	.Lfunc_end26-.Lfunc_begin26
	.short	1                               @ Loc expr size
	.byte	80                              @ DW_OP_reg0
	.long	0
	.long	0
.Ldebug_loc112:
	.long	-1
	.long	.Lfunc_begin27                  @   base address
	.long	.Lfunc_begin27-.Lfunc_begin27
	.long	.Ltmp1173-.Lfunc_begin27
	.short	1                               @ Loc expr size
	.byte	80                              @ DW_OP_reg0
	.long	.Ltmp1173-.Lfunc_begin27
	.long	.Lfunc_end27-.Lfunc_begin27
	.short	4                               @ Loc expr size
	.byte	243                             @ DW_OP_GNU_entry_value
	.byte	1                               @ 1
	.byte	80                              @ DW_OP_reg0
	.byte	159                             @ DW_OP_stack_value
	.long	0
	.long	0
.Ldebug_loc113:
	.long	-1
	.long	.Lfunc_begin27                  @   base address
	.long	.Ltmp1174-.Lfunc_begin27
	.long	.Ltmp1176-.Lfunc_begin27
	.short	7                               @ Loc expr size
	.byte	113                             @ DW_OP_breg1
	.byte	0                               @ 0
	.byte	50                              @ DW_OP_lit2
	.byte	37                              @ DW_OP_shr
	.byte	49                              @ DW_OP_lit1
	.byte	26                              @ DW_OP_and
	.byte	159                             @ DW_OP_stack_value
	.long	0
	.long	0
.Ldebug_loc114:
	.long	-1
	.long	.Lfunc_begin27                  @   base address
	.long	.Ltmp1175-.Lfunc_begin27
	.long	.Ltmp1177-.Lfunc_begin27
	.short	7                               @ Loc expr size
	.byte	114                             @ DW_OP_breg2
	.byte	0                               @ 0
	.byte	51                              @ DW_OP_lit3
	.byte	37                              @ DW_OP_shr
	.byte	49                              @ DW_OP_lit1
	.byte	26                              @ DW_OP_and
	.byte	159                             @ DW_OP_stack_value
	.long	0
	.long	0
.Ldebug_loc115:
	.long	-1
	.long	.Lfunc_begin27                  @   base address
	.long	.Ltmp1180-.Lfunc_begin27
	.long	.Ltmp1181-.Lfunc_begin27
	.short	1                               @ Loc expr size
	.byte	80                              @ DW_OP_reg0
	.long	.Ltmp1183-.Lfunc_begin27
	.long	.Lfunc_end27-.Lfunc_begin27
	.short	1                               @ Loc expr size
	.byte	80                              @ DW_OP_reg0
	.long	0
	.long	0
.Ldebug_loc116:
	.long	-1
	.long	.Lfunc_begin28                  @   base address
	.long	.Lfunc_begin28-.Lfunc_begin28
	.long	.Ltmp1185-.Lfunc_begin28
	.short	1                               @ Loc expr size
	.byte	80                              @ DW_OP_reg0
	.long	.Ltmp1185-.Lfunc_begin28
	.long	.Lfunc_end28-.Lfunc_begin28
	.short	4                               @ Loc expr size
	.byte	243                             @ DW_OP_GNU_entry_value
	.byte	1                               @ 1
	.byte	80                              @ DW_OP_reg0
	.byte	159                             @ DW_OP_stack_value
	.long	0
	.long	0
.Ldebug_loc117:
	.long	-1
	.long	.Lfunc_begin28                  @   base address
	.long	.Ltmp1189-.Lfunc_begin28
	.long	.Ltmp1190-.Lfunc_begin28
	.short	1                               @ Loc expr size
	.byte	80                              @ DW_OP_reg0
	.long	.Ltmp1192-.Lfunc_begin28
	.long	.Lfunc_end28-.Lfunc_begin28
	.short	1                               @ Loc expr size
	.byte	80                              @ DW_OP_reg0
	.long	0
	.long	0
.Ldebug_loc118:
	.long	-1
	.long	.Lfunc_begin29                  @   base address
	.long	.Lfunc_begin29-.Lfunc_begin29
	.long	.Ltmp1194-.Lfunc_begin29
	.short	1                               @ Loc expr size
	.byte	80                              @ DW_OP_reg0
	.long	.Ltmp1194-.Lfunc_begin29
	.long	.Lfunc_end29-.Lfunc_begin29
	.short	4                               @ Loc expr size
	.byte	243                             @ DW_OP_GNU_entry_value
	.byte	1                               @ 1
	.byte	80                              @ DW_OP_reg0
	.byte	159                             @ DW_OP_stack_value
	.long	0
	.long	0
.Ldebug_loc119:
	.long	-1
	.long	.Lfunc_begin29                  @   base address
	.long	.Ltmp1198-.Lfunc_begin29
	.long	.Ltmp1199-.Lfunc_begin29
	.short	1                               @ Loc expr size
	.byte	80                              @ DW_OP_reg0
	.long	.Ltmp1201-.Lfunc_begin29
	.long	.Lfunc_end29-.Lfunc_begin29
	.short	1                               @ Loc expr size
	.byte	80                              @ DW_OP_reg0
	.long	0
	.long	0
	.section	.debug_abbrev,"",%progbits
	.byte	1                               @ Abbreviation Code
	.byte	17                              @ DW_TAG_compile_unit
	.byte	1                               @ DW_CHILDREN_yes
	.byte	37                              @ DW_AT_producer
	.byte	14                              @ DW_FORM_strp
	.byte	19                              @ DW_AT_language
	.byte	5                               @ DW_FORM_data2
	.byte	3                               @ DW_AT_name
	.byte	14                              @ DW_FORM_strp
	.byte	16                              @ DW_AT_stmt_list
	.byte	23                              @ DW_FORM_sec_offset
	.byte	27                              @ DW_AT_comp_dir
	.byte	14                              @ DW_FORM_strp
	.byte	17                              @ DW_AT_low_pc
	.byte	1                               @ DW_FORM_addr
	.byte	85                              @ DW_AT_ranges
	.byte	23                              @ DW_FORM_sec_offset
	.byte	0                               @ EOM(1)
	.byte	0                               @ EOM(2)
	.byte	2                               @ Abbreviation Code
	.byte	4                               @ DW_TAG_enumeration_type
	.byte	1                               @ DW_CHILDREN_yes
	.byte	73                              @ DW_AT_type
	.byte	19                              @ DW_FORM_ref4
	.byte	11                              @ DW_AT_byte_size
	.byte	11                              @ DW_FORM_data1
	.byte	58                              @ DW_AT_decl_file
	.byte	11                              @ DW_FORM_data1
	.byte	59                              @ DW_AT_decl_line
	.byte	11                              @ DW_FORM_data1
	.byte	0                               @ EOM(1)
	.byte	0                               @ EOM(2)
	.byte	3                               @ Abbreviation Code
	.byte	40                              @ DW_TAG_enumerator
	.byte	0                               @ DW_CHILDREN_no
	.byte	3                               @ DW_AT_name
	.byte	14                              @ DW_FORM_strp
	.byte	28                              @ DW_AT_const_value
	.byte	15                              @ DW_FORM_udata
	.byte	0                               @ EOM(1)
	.byte	0                               @ EOM(2)
	.byte	4                               @ Abbreviation Code
	.byte	36                              @ DW_TAG_base_type
	.byte	0                               @ DW_CHILDREN_no
	.byte	3                               @ DW_AT_name
	.byte	14                              @ DW_FORM_strp
	.byte	62                              @ DW_AT_encoding
	.byte	11                              @ DW_FORM_data1
	.byte	11                              @ DW_AT_byte_size
	.byte	11                              @ DW_FORM_data1
	.byte	0                               @ EOM(1)
	.byte	0                               @ EOM(2)
	.byte	5                               @ Abbreviation Code
	.byte	15                              @ DW_TAG_pointer_type
	.byte	0                               @ DW_CHILDREN_no
	.byte	73                              @ DW_AT_type
	.byte	19                              @ DW_FORM_ref4
	.byte	0                               @ EOM(1)
	.byte	0                               @ EOM(2)
	.byte	6                               @ Abbreviation Code
	.byte	22                              @ DW_TAG_typedef
	.byte	0                               @ DW_CHILDREN_no
	.byte	73                              @ DW_AT_type
	.byte	19                              @ DW_FORM_ref4
	.byte	3                               @ DW_AT_name
	.byte	14                              @ DW_FORM_strp
	.byte	58                              @ DW_AT_decl_file
	.byte	11                              @ DW_FORM_data1
	.byte	59                              @ DW_AT_decl_line
	.byte	5                               @ DW_FORM_data2
	.byte	0                               @ EOM(1)
	.byte	0                               @ EOM(2)
	.byte	7                               @ Abbreviation Code
	.byte	19                              @ DW_TAG_structure_type
	.byte	1                               @ DW_CHILDREN_yes
	.byte	11                              @ DW_AT_byte_size
	.byte	11                              @ DW_FORM_data1
	.byte	58                              @ DW_AT_decl_file
	.byte	11                              @ DW_FORM_data1
	.byte	59                              @ DW_AT_decl_line
	.byte	11                              @ DW_FORM_data1
	.byte	0                               @ EOM(1)
	.byte	0                               @ EOM(2)
	.byte	8                               @ Abbreviation Code
	.byte	13                              @ DW_TAG_member
	.byte	0                               @ DW_CHILDREN_no
	.byte	3                               @ DW_AT_name
	.byte	14                              @ DW_FORM_strp
	.byte	73                              @ DW_AT_type
	.byte	19                              @ DW_FORM_ref4
	.byte	58                              @ DW_AT_decl_file
	.byte	11                              @ DW_FORM_data1
	.byte	59                              @ DW_AT_decl_line
	.byte	11                              @ DW_FORM_data1
	.byte	56                              @ DW_AT_data_member_location
	.byte	11                              @ DW_FORM_data1
	.byte	0                               @ EOM(1)
	.byte	0                               @ EOM(2)
	.byte	9                               @ Abbreviation Code
	.byte	13                              @ DW_TAG_member
	.byte	0                               @ DW_CHILDREN_no
	.byte	3                               @ DW_AT_name
	.byte	14                              @ DW_FORM_strp
	.byte	73                              @ DW_AT_type
	.byte	19                              @ DW_FORM_ref4
	.byte	58                              @ DW_AT_decl_file
	.byte	11                              @ DW_FORM_data1
	.byte	59                              @ DW_AT_decl_line
	.byte	5                               @ DW_FORM_data2
	.byte	56                              @ DW_AT_data_member_location
	.byte	11                              @ DW_FORM_data1
	.byte	0                               @ EOM(1)
	.byte	0                               @ EOM(2)
	.byte	10                              @ Abbreviation Code
	.byte	53                              @ DW_TAG_volatile_type
	.byte	0                               @ DW_CHILDREN_no
	.byte	73                              @ DW_AT_type
	.byte	19                              @ DW_FORM_ref4
	.byte	0                               @ EOM(1)
	.byte	0                               @ EOM(2)
	.byte	11                              @ Abbreviation Code
	.byte	22                              @ DW_TAG_typedef
	.byte	0                               @ DW_CHILDREN_no
	.byte	73                              @ DW_AT_type
	.byte	19                              @ DW_FORM_ref4
	.byte	3                               @ DW_AT_name
	.byte	14                              @ DW_FORM_strp
	.byte	58                              @ DW_AT_decl_file
	.byte	11                              @ DW_FORM_data1
	.byte	59                              @ DW_AT_decl_line
	.byte	11                              @ DW_FORM_data1
	.byte	0                               @ EOM(1)
	.byte	0                               @ EOM(2)
	.byte	12                              @ Abbreviation Code
	.byte	1                               @ DW_TAG_array_type
	.byte	1                               @ DW_CHILDREN_yes
	.byte	73                              @ DW_AT_type
	.byte	19                              @ DW_FORM_ref4
	.byte	0                               @ EOM(1)
	.byte	0                               @ EOM(2)
	.byte	13                              @ Abbreviation Code
	.byte	33                              @ DW_TAG_subrange_type
	.byte	0                               @ DW_CHILDREN_no
	.byte	73                              @ DW_AT_type
	.byte	19                              @ DW_FORM_ref4
	.byte	55                              @ DW_AT_count
	.byte	11                              @ DW_FORM_data1
	.byte	0                               @ EOM(1)
	.byte	0                               @ EOM(2)
	.byte	14                              @ Abbreviation Code
	.byte	36                              @ DW_TAG_base_type
	.byte	0                               @ DW_CHILDREN_no
	.byte	3                               @ DW_AT_name
	.byte	14                              @ DW_FORM_strp
	.byte	11                              @ DW_AT_byte_size
	.byte	11                              @ DW_FORM_data1
	.byte	62                              @ DW_AT_encoding
	.byte	11                              @ DW_FORM_data1
	.byte	0                               @ EOM(1)
	.byte	0                               @ EOM(2)
	.byte	15                              @ Abbreviation Code
	.byte	19                              @ DW_TAG_structure_type
	.byte	1                               @ DW_CHILDREN_yes
	.byte	11                              @ DW_AT_byte_size
	.byte	11                              @ DW_FORM_data1
	.byte	58                              @ DW_AT_decl_file
	.byte	11                              @ DW_FORM_data1
	.byte	59                              @ DW_AT_decl_line
	.byte	5                               @ DW_FORM_data2
	.byte	0                               @ EOM(1)
	.byte	0                               @ EOM(2)
	.byte	16                              @ Abbreviation Code
	.byte	46                              @ DW_TAG_subprogram
	.byte	1                               @ DW_CHILDREN_yes
	.byte	3                               @ DW_AT_name
	.byte	14                              @ DW_FORM_strp
	.byte	58                              @ DW_AT_decl_file
	.byte	11                              @ DW_FORM_data1
	.byte	59                              @ DW_AT_decl_line
	.byte	5                               @ DW_FORM_data2
	.byte	39                              @ DW_AT_prototyped
	.byte	25                              @ DW_FORM_flag_present
	.byte	32                              @ DW_AT_inline
	.byte	11                              @ DW_FORM_data1
	.byte	0                               @ EOM(1)
	.byte	0                               @ EOM(2)
	.byte	17                              @ Abbreviation Code
	.byte	5                               @ DW_TAG_formal_parameter
	.byte	0                               @ DW_CHILDREN_no
	.byte	3                               @ DW_AT_name
	.byte	14                              @ DW_FORM_strp
	.byte	58                              @ DW_AT_decl_file
	.byte	11                              @ DW_FORM_data1
	.byte	59                              @ DW_AT_decl_line
	.byte	5                               @ DW_FORM_data2
	.byte	73                              @ DW_AT_type
	.byte	19                              @ DW_FORM_ref4
	.byte	0                               @ EOM(1)
	.byte	0                               @ EOM(2)
	.byte	18                              @ Abbreviation Code
	.byte	46                              @ DW_TAG_subprogram
	.byte	1                               @ DW_CHILDREN_yes
	.byte	3                               @ DW_AT_name
	.byte	14                              @ DW_FORM_strp
	.byte	58                              @ DW_AT_decl_file
	.byte	11                              @ DW_FORM_data1
	.byte	59                              @ DW_AT_decl_line
	.byte	5                               @ DW_FORM_data2
	.byte	39                              @ DW_AT_prototyped
	.byte	25                              @ DW_FORM_flag_present
	.byte	73                              @ DW_AT_type
	.byte	19                              @ DW_FORM_ref4
	.byte	32                              @ DW_AT_inline
	.byte	11                              @ DW_FORM_data1
	.byte	0                               @ EOM(1)
	.byte	0                               @ EOM(2)
	.byte	19                              @ Abbreviation Code
	.byte	38                              @ DW_TAG_const_type
	.byte	0                               @ DW_CHILDREN_no
	.byte	73                              @ DW_AT_type
	.byte	19                              @ DW_FORM_ref4
	.byte	0                               @ EOM(1)
	.byte	0                               @ EOM(2)
	.byte	20                              @ Abbreviation Code
	.byte	46                              @ DW_TAG_subprogram
	.byte	1                               @ DW_CHILDREN_yes
	.byte	17                              @ DW_AT_low_pc
	.byte	1                               @ DW_FORM_addr
	.byte	18                              @ DW_AT_high_pc
	.byte	6                               @ DW_FORM_data4
	.byte	64                              @ DW_AT_frame_base
	.byte	24                              @ DW_FORM_exprloc
	.ascii	"\227B"                         @ DW_AT_GNU_all_call_sites
	.byte	25                              @ DW_FORM_flag_present
	.byte	3                               @ DW_AT_name
	.byte	14                              @ DW_FORM_strp
	.byte	58                              @ DW_AT_decl_file
	.byte	11                              @ DW_FORM_data1
	.byte	59                              @ DW_AT_decl_line
	.byte	11                              @ DW_FORM_data1
	.byte	39                              @ DW_AT_prototyped
	.byte	25                              @ DW_FORM_flag_present
	.byte	73                              @ DW_AT_type
	.byte	19                              @ DW_FORM_ref4
	.byte	63                              @ DW_AT_external
	.byte	25                              @ DW_FORM_flag_present
	.byte	0                               @ EOM(1)
	.byte	0                               @ EOM(2)
	.byte	21                              @ Abbreviation Code
	.byte	5                               @ DW_TAG_formal_parameter
	.byte	0                               @ DW_CHILDREN_no
	.byte	2                               @ DW_AT_location
	.byte	23                              @ DW_FORM_sec_offset
	.byte	3                               @ DW_AT_name
	.byte	14                              @ DW_FORM_strp
	.byte	58                              @ DW_AT_decl_file
	.byte	11                              @ DW_FORM_data1
	.byte	59                              @ DW_AT_decl_line
	.byte	11                              @ DW_FORM_data1
	.byte	73                              @ DW_AT_type
	.byte	19                              @ DW_FORM_ref4
	.byte	0                               @ EOM(1)
	.byte	0                               @ EOM(2)
	.byte	22                              @ Abbreviation Code
	.byte	52                              @ DW_TAG_variable
	.byte	0                               @ DW_CHILDREN_no
	.byte	2                               @ DW_AT_location
	.byte	23                              @ DW_FORM_sec_offset
	.byte	3                               @ DW_AT_name
	.byte	14                              @ DW_FORM_strp
	.byte	58                              @ DW_AT_decl_file
	.byte	11                              @ DW_FORM_data1
	.byte	59                              @ DW_AT_decl_line
	.byte	11                              @ DW_FORM_data1
	.byte	73                              @ DW_AT_type
	.byte	19                              @ DW_FORM_ref4
	.byte	0                               @ EOM(1)
	.byte	0                               @ EOM(2)
	.byte	23                              @ Abbreviation Code
	.byte	29                              @ DW_TAG_inlined_subroutine
	.byte	1                               @ DW_CHILDREN_yes
	.byte	49                              @ DW_AT_abstract_origin
	.byte	19                              @ DW_FORM_ref4
	.byte	17                              @ DW_AT_low_pc
	.byte	1                               @ DW_FORM_addr
	.byte	18                              @ DW_AT_high_pc
	.byte	6                               @ DW_FORM_data4
	.byte	88                              @ DW_AT_call_file
	.byte	11                              @ DW_FORM_data1
	.byte	89                              @ DW_AT_call_line
	.byte	11                              @ DW_FORM_data1
	.byte	87                              @ DW_AT_call_column
	.byte	11                              @ DW_FORM_data1
	.byte	0                               @ EOM(1)
	.byte	0                               @ EOM(2)
	.byte	24                              @ Abbreviation Code
	.byte	5                               @ DW_TAG_formal_parameter
	.byte	0                               @ DW_CHILDREN_no
	.byte	2                               @ DW_AT_location
	.byte	24                              @ DW_FORM_exprloc
	.byte	49                              @ DW_AT_abstract_origin
	.byte	19                              @ DW_FORM_ref4
	.byte	0                               @ EOM(1)
	.byte	0                               @ EOM(2)
	.byte	25                              @ Abbreviation Code
	.byte	5                               @ DW_TAG_formal_parameter
	.byte	0                               @ DW_CHILDREN_no
	.byte	2                               @ DW_AT_location
	.byte	23                              @ DW_FORM_sec_offset
	.byte	49                              @ DW_AT_abstract_origin
	.byte	19                              @ DW_FORM_ref4
	.byte	0                               @ EOM(1)
	.byte	0                               @ EOM(2)
	.byte	26                              @ Abbreviation Code
	.byte	29                              @ DW_TAG_inlined_subroutine
	.byte	1                               @ DW_CHILDREN_yes
	.byte	49                              @ DW_AT_abstract_origin
	.byte	19                              @ DW_FORM_ref4
	.byte	85                              @ DW_AT_ranges
	.byte	23                              @ DW_FORM_sec_offset
	.byte	88                              @ DW_AT_call_file
	.byte	11                              @ DW_FORM_data1
	.byte	89                              @ DW_AT_call_line
	.byte	11                              @ DW_FORM_data1
	.byte	87                              @ DW_AT_call_column
	.byte	11                              @ DW_FORM_data1
	.byte	0                               @ EOM(1)
	.byte	0                               @ EOM(2)
	.byte	27                              @ Abbreviation Code
	.byte	52                              @ DW_TAG_variable
	.byte	0                               @ DW_CHILDREN_no
	.byte	3                               @ DW_AT_name
	.byte	14                              @ DW_FORM_strp
	.byte	58                              @ DW_AT_decl_file
	.byte	11                              @ DW_FORM_data1
	.byte	59                              @ DW_AT_decl_line
	.byte	5                               @ DW_FORM_data2
	.byte	73                              @ DW_AT_type
	.byte	19                              @ DW_FORM_ref4
	.byte	0                               @ EOM(1)
	.byte	0                               @ EOM(2)
	.byte	28                              @ Abbreviation Code
	.byte	29                              @ DW_TAG_inlined_subroutine
	.byte	0                               @ DW_CHILDREN_no
	.byte	49                              @ DW_AT_abstract_origin
	.byte	19                              @ DW_FORM_ref4
	.byte	17                              @ DW_AT_low_pc
	.byte	1                               @ DW_FORM_addr
	.byte	18                              @ DW_AT_high_pc
	.byte	6                               @ DW_FORM_data4
	.byte	88                              @ DW_AT_call_file
	.byte	11                              @ DW_FORM_data1
	.byte	89                              @ DW_AT_call_line
	.byte	11                              @ DW_FORM_data1
	.byte	87                              @ DW_AT_call_column
	.byte	11                              @ DW_FORM_data1
	.byte	0                               @ EOM(1)
	.byte	0                               @ EOM(2)
	.byte	29                              @ Abbreviation Code
	.byte	52                              @ DW_TAG_variable
	.byte	0                               @ DW_CHILDREN_no
	.byte	2                               @ DW_AT_location
	.byte	23                              @ DW_FORM_sec_offset
	.byte	49                              @ DW_AT_abstract_origin
	.byte	19                              @ DW_FORM_ref4
	.byte	0                               @ EOM(1)
	.byte	0                               @ EOM(2)
	.byte	30                              @ Abbreviation Code
	.byte	46                              @ DW_TAG_subprogram
	.byte	1                               @ DW_CHILDREN_yes
	.byte	17                              @ DW_AT_low_pc
	.byte	1                               @ DW_FORM_addr
	.byte	18                              @ DW_AT_high_pc
	.byte	6                               @ DW_FORM_data4
	.byte	64                              @ DW_AT_frame_base
	.byte	24                              @ DW_FORM_exprloc
	.ascii	"\227B"                         @ DW_AT_GNU_all_call_sites
	.byte	25                              @ DW_FORM_flag_present
	.byte	3                               @ DW_AT_name
	.byte	14                              @ DW_FORM_strp
	.byte	58                              @ DW_AT_decl_file
	.byte	11                              @ DW_FORM_data1
	.byte	59                              @ DW_AT_decl_line
	.byte	5                               @ DW_FORM_data2
	.byte	39                              @ DW_AT_prototyped
	.byte	25                              @ DW_FORM_flag_present
	.byte	73                              @ DW_AT_type
	.byte	19                              @ DW_FORM_ref4
	.byte	63                              @ DW_AT_external
	.byte	25                              @ DW_FORM_flag_present
	.byte	0                               @ EOM(1)
	.byte	0                               @ EOM(2)
	.byte	31                              @ Abbreviation Code
	.byte	5                               @ DW_TAG_formal_parameter
	.byte	0                               @ DW_CHILDREN_no
	.byte	2                               @ DW_AT_location
	.byte	23                              @ DW_FORM_sec_offset
	.byte	3                               @ DW_AT_name
	.byte	14                              @ DW_FORM_strp
	.byte	58                              @ DW_AT_decl_file
	.byte	11                              @ DW_FORM_data1
	.byte	59                              @ DW_AT_decl_line
	.byte	5                               @ DW_FORM_data2
	.byte	73                              @ DW_AT_type
	.byte	19                              @ DW_FORM_ref4
	.byte	0                               @ EOM(1)
	.byte	0                               @ EOM(2)
	.byte	32                              @ Abbreviation Code
	.byte	52                              @ DW_TAG_variable
	.byte	0                               @ DW_CHILDREN_no
	.byte	2                               @ DW_AT_location
	.byte	23                              @ DW_FORM_sec_offset
	.byte	3                               @ DW_AT_name
	.byte	14                              @ DW_FORM_strp
	.byte	58                              @ DW_AT_decl_file
	.byte	11                              @ DW_FORM_data1
	.byte	59                              @ DW_AT_decl_line
	.byte	5                               @ DW_FORM_data2
	.byte	73                              @ DW_AT_type
	.byte	19                              @ DW_FORM_ref4
	.byte	0                               @ EOM(1)
	.byte	0                               @ EOM(2)
	.byte	33                              @ Abbreviation Code
	.byte	29                              @ DW_TAG_inlined_subroutine
	.byte	1                               @ DW_CHILDREN_yes
	.byte	49                              @ DW_AT_abstract_origin
	.byte	19                              @ DW_FORM_ref4
	.byte	17                              @ DW_AT_low_pc
	.byte	1                               @ DW_FORM_addr
	.byte	18                              @ DW_AT_high_pc
	.byte	6                               @ DW_FORM_data4
	.byte	88                              @ DW_AT_call_file
	.byte	11                              @ DW_FORM_data1
	.byte	89                              @ DW_AT_call_line
	.byte	5                               @ DW_FORM_data2
	.byte	87                              @ DW_AT_call_column
	.byte	11                              @ DW_FORM_data1
	.byte	0                               @ EOM(1)
	.byte	0                               @ EOM(2)
	.byte	34                              @ Abbreviation Code
	.byte	29                              @ DW_TAG_inlined_subroutine
	.byte	1                               @ DW_CHILDREN_yes
	.byte	49                              @ DW_AT_abstract_origin
	.byte	19                              @ DW_FORM_ref4
	.byte	85                              @ DW_AT_ranges
	.byte	23                              @ DW_FORM_sec_offset
	.byte	88                              @ DW_AT_call_file
	.byte	11                              @ DW_FORM_data1
	.byte	89                              @ DW_AT_call_line
	.byte	5                               @ DW_FORM_data2
	.byte	87                              @ DW_AT_call_column
	.byte	11                              @ DW_FORM_data1
	.byte	0                               @ EOM(1)
	.byte	0                               @ EOM(2)
	.byte	35                              @ Abbreviation Code
	.byte	29                              @ DW_TAG_inlined_subroutine
	.byte	0                               @ DW_CHILDREN_no
	.byte	49                              @ DW_AT_abstract_origin
	.byte	19                              @ DW_FORM_ref4
	.byte	17                              @ DW_AT_low_pc
	.byte	1                               @ DW_FORM_addr
	.byte	18                              @ DW_AT_high_pc
	.byte	6                               @ DW_FORM_data4
	.byte	88                              @ DW_AT_call_file
	.byte	11                              @ DW_FORM_data1
	.byte	89                              @ DW_AT_call_line
	.byte	5                               @ DW_FORM_data2
	.byte	87                              @ DW_AT_call_column
	.byte	11                              @ DW_FORM_data1
	.byte	0                               @ EOM(1)
	.byte	0                               @ EOM(2)
	.byte	36                              @ Abbreviation Code
	.byte	52                              @ DW_TAG_variable
	.byte	0                               @ DW_CHILDREN_no
	.byte	2                               @ DW_AT_location
	.byte	24                              @ DW_FORM_exprloc
	.byte	3                               @ DW_AT_name
	.byte	14                              @ DW_FORM_strp
	.byte	58                              @ DW_AT_decl_file
	.byte	11                              @ DW_FORM_data1
	.byte	59                              @ DW_AT_decl_line
	.byte	5                               @ DW_FORM_data2
	.byte	73                              @ DW_AT_type
	.byte	19                              @ DW_FORM_ref4
	.byte	0                               @ EOM(1)
	.byte	0                               @ EOM(2)
	.byte	37                              @ Abbreviation Code
	.byte	29                              @ DW_TAG_inlined_subroutine
	.byte	0                               @ DW_CHILDREN_no
	.byte	49                              @ DW_AT_abstract_origin
	.byte	19                              @ DW_FORM_ref4
	.byte	85                              @ DW_AT_ranges
	.byte	23                              @ DW_FORM_sec_offset
	.byte	88                              @ DW_AT_call_file
	.byte	11                              @ DW_FORM_data1
	.byte	89                              @ DW_AT_call_line
	.byte	5                               @ DW_FORM_data2
	.byte	87                              @ DW_AT_call_column
	.byte	11                              @ DW_FORM_data1
	.byte	0                               @ EOM(1)
	.byte	0                               @ EOM(2)
	.byte	38                              @ Abbreviation Code
	.byte	29                              @ DW_TAG_inlined_subroutine
	.byte	0                               @ DW_CHILDREN_no
	.byte	49                              @ DW_AT_abstract_origin
	.byte	19                              @ DW_FORM_ref4
	.byte	85                              @ DW_AT_ranges
	.byte	23                              @ DW_FORM_sec_offset
	.byte	88                              @ DW_AT_call_file
	.byte	11                              @ DW_FORM_data1
	.byte	89                              @ DW_AT_call_line
	.byte	11                              @ DW_FORM_data1
	.byte	0                               @ EOM(1)
	.byte	0                               @ EOM(2)
	.byte	39                              @ Abbreviation Code
	.byte	46                              @ DW_TAG_subprogram
	.byte	1                               @ DW_CHILDREN_yes
	.byte	17                              @ DW_AT_low_pc
	.byte	1                               @ DW_FORM_addr
	.byte	18                              @ DW_AT_high_pc
	.byte	6                               @ DW_FORM_data4
	.byte	64                              @ DW_AT_frame_base
	.byte	24                              @ DW_FORM_exprloc
	.ascii	"\227B"                         @ DW_AT_GNU_all_call_sites
	.byte	25                              @ DW_FORM_flag_present
	.byte	3                               @ DW_AT_name
	.byte	14                              @ DW_FORM_strp
	.byte	58                              @ DW_AT_decl_file
	.byte	11                              @ DW_FORM_data1
	.byte	59                              @ DW_AT_decl_line
	.byte	5                               @ DW_FORM_data2
	.byte	39                              @ DW_AT_prototyped
	.byte	25                              @ DW_FORM_flag_present
	.byte	63                              @ DW_AT_external
	.byte	25                              @ DW_FORM_flag_present
	.byte	0                               @ EOM(1)
	.byte	0                               @ EOM(2)
	.byte	40                              @ Abbreviation Code
	.byte	5                               @ DW_TAG_formal_parameter
	.byte	0                               @ DW_CHILDREN_no
	.byte	2                               @ DW_AT_location
	.byte	24                              @ DW_FORM_exprloc
	.byte	3                               @ DW_AT_name
	.byte	14                              @ DW_FORM_strp
	.byte	58                              @ DW_AT_decl_file
	.byte	11                              @ DW_FORM_data1
	.byte	59                              @ DW_AT_decl_line
	.byte	5                               @ DW_FORM_data2
	.byte	73                              @ DW_AT_type
	.byte	19                              @ DW_FORM_ref4
	.byte	0                               @ EOM(1)
	.byte	0                               @ EOM(2)
	.byte	41                              @ Abbreviation Code
	.byte	11                              @ DW_TAG_lexical_block
	.byte	1                               @ DW_CHILDREN_yes
	.byte	0                               @ EOM(1)
	.byte	0                               @ EOM(2)
	.byte	42                              @ Abbreviation Code
	.byte	5                               @ DW_TAG_formal_parameter
	.byte	0                               @ DW_CHILDREN_no
	.byte	28                              @ DW_AT_const_value
	.byte	15                              @ DW_FORM_udata
	.byte	49                              @ DW_AT_abstract_origin
	.byte	19                              @ DW_FORM_ref4
	.byte	0                               @ EOM(1)
	.byte	0                               @ EOM(2)
	.byte	43                              @ Abbreviation Code
	.byte	52                              @ DW_TAG_variable
	.byte	0                               @ DW_CHILDREN_no
	.byte	2                               @ DW_AT_location
	.byte	24                              @ DW_FORM_exprloc
	.byte	49                              @ DW_AT_abstract_origin
	.byte	19                              @ DW_FORM_ref4
	.byte	0                               @ EOM(1)
	.byte	0                               @ EOM(2)
	.byte	44                              @ Abbreviation Code
	.byte	19                              @ DW_TAG_structure_type
	.byte	1                               @ DW_CHILDREN_yes
	.byte	3                               @ DW_AT_name
	.byte	14                              @ DW_FORM_strp
	.byte	11                              @ DW_AT_byte_size
	.byte	11                              @ DW_FORM_data1
	.byte	58                              @ DW_AT_decl_file
	.byte	11                              @ DW_FORM_data1
	.byte	59                              @ DW_AT_decl_line
	.byte	11                              @ DW_FORM_data1
	.byte	0                               @ EOM(1)
	.byte	0                               @ EOM(2)
	.byte	45                              @ Abbreviation Code
	.byte	15                              @ DW_TAG_pointer_type
	.byte	0                               @ DW_CHILDREN_no
	.byte	0                               @ EOM(1)
	.byte	0                               @ EOM(2)
	.byte	46                              @ Abbreviation Code
	.byte	21                              @ DW_TAG_subroutine_type
	.byte	1                               @ DW_CHILDREN_yes
	.byte	39                              @ DW_AT_prototyped
	.byte	25                              @ DW_FORM_flag_present
	.byte	0                               @ EOM(1)
	.byte	0                               @ EOM(2)
	.byte	47                              @ Abbreviation Code
	.byte	5                               @ DW_TAG_formal_parameter
	.byte	0                               @ DW_CHILDREN_no
	.byte	73                              @ DW_AT_type
	.byte	19                              @ DW_FORM_ref4
	.byte	0                               @ EOM(1)
	.byte	0                               @ EOM(2)
	.byte	0                               @ EOM(3)
	.section	.debug_info,"",%progbits
.Lcu_begin0:
	.long	.Ldebug_info_end0-.Ldebug_info_start0 @ Length of Unit
.Ldebug_info_start0:
	.short	4                               @ DWARF version number
	.long	.debug_abbrev                   @ Offset Into Abbrev. Section
	.byte	4                               @ Address Size (in bytes)
	.byte	1                               @ Abbrev [1] 0xb:0x20ee DW_TAG_compile_unit
	.long	.Linfo_string0                  @ DW_AT_producer
	.short	12                              @ DW_AT_language
	.long	.Linfo_string1                  @ DW_AT_name
	.long	.Lline_table_start0             @ DW_AT_stmt_list
	.long	.Linfo_string2                  @ DW_AT_comp_dir
	.long	0                               @ DW_AT_low_pc
	.long	.Ldebug_ranges14                @ DW_AT_ranges
	.byte	2                               @ Abbrev [2] 0x26:0x21 DW_TAG_enumeration_type
	.long	71                              @ DW_AT_type
	.byte	1                               @ DW_AT_byte_size
	.byte	1                               @ DW_AT_decl_file
	.byte	39                              @ DW_AT_decl_line
	.byte	3                               @ Abbrev [3] 0x2e:0x6 DW_TAG_enumerator
	.long	.Linfo_string4                  @ DW_AT_name
	.byte	0                               @ DW_AT_const_value
	.byte	3                               @ Abbrev [3] 0x34:0x6 DW_TAG_enumerator
	.long	.Linfo_string5                  @ DW_AT_name
	.byte	1                               @ DW_AT_const_value
	.byte	3                               @ Abbrev [3] 0x3a:0x6 DW_TAG_enumerator
	.long	.Linfo_string6                  @ DW_AT_name
	.byte	2                               @ DW_AT_const_value
	.byte	3                               @ Abbrev [3] 0x40:0x6 DW_TAG_enumerator
	.long	.Linfo_string7                  @ DW_AT_name
	.byte	3                               @ DW_AT_const_value
	.byte	0                               @ End Of Children Mark
	.byte	4                               @ Abbrev [4] 0x47:0x7 DW_TAG_base_type
	.long	.Linfo_string3                  @ DW_AT_name
	.byte	8                               @ DW_AT_encoding
	.byte	1                               @ DW_AT_byte_size
	.byte	2                               @ Abbrev [2] 0x4e:0x15 DW_TAG_enumeration_type
	.long	71                              @ DW_AT_type
	.byte	1                               @ DW_AT_byte_size
	.byte	2                               @ DW_AT_decl_file
	.byte	186                             @ DW_AT_decl_line
	.byte	3                               @ Abbrev [3] 0x56:0x6 DW_TAG_enumerator
	.long	.Linfo_string8                  @ DW_AT_name
	.byte	0                               @ DW_AT_const_value
	.byte	3                               @ Abbrev [3] 0x5c:0x6 DW_TAG_enumerator
	.long	.Linfo_string9                  @ DW_AT_name
	.byte	1                               @ DW_AT_const_value
	.byte	0                               @ End Of Children Mark
	.byte	2                               @ Abbrev [2] 0x63:0x15 DW_TAG_enumeration_type
	.long	71                              @ DW_AT_type
	.byte	1                               @ DW_AT_byte_size
	.byte	1                               @ DW_AT_decl_file
	.byte	50                              @ DW_AT_decl_line
	.byte	3                               @ Abbrev [3] 0x6b:0x6 DW_TAG_enumerator
	.long	.Linfo_string10                 @ DW_AT_name
	.byte	0                               @ DW_AT_const_value
	.byte	3                               @ Abbrev [3] 0x71:0x6 DW_TAG_enumerator
	.long	.Linfo_string11                 @ DW_AT_name
	.byte	1                               @ DW_AT_const_value
	.byte	0                               @ End Of Children Mark
	.byte	2                               @ Abbrev [2] 0x78:0x27 DW_TAG_enumeration_type
	.long	71                              @ DW_AT_type
	.byte	1                               @ DW_AT_byte_size
	.byte	3                               @ DW_AT_decl_file
	.byte	101                             @ DW_AT_decl_line
	.byte	3                               @ Abbrev [3] 0x80:0x6 DW_TAG_enumerator
	.long	.Linfo_string12                 @ DW_AT_name
	.byte	0                               @ DW_AT_const_value
	.byte	3                               @ Abbrev [3] 0x86:0x6 DW_TAG_enumerator
	.long	.Linfo_string13                 @ DW_AT_name
	.byte	1                               @ DW_AT_const_value
	.byte	3                               @ Abbrev [3] 0x8c:0x6 DW_TAG_enumerator
	.long	.Linfo_string14                 @ DW_AT_name
	.byte	2                               @ DW_AT_const_value
	.byte	3                               @ Abbrev [3] 0x92:0x6 DW_TAG_enumerator
	.long	.Linfo_string15                 @ DW_AT_name
	.byte	3                               @ DW_AT_const_value
	.byte	3                               @ Abbrev [3] 0x98:0x6 DW_TAG_enumerator
	.long	.Linfo_string16                 @ DW_AT_name
	.byte	4                               @ DW_AT_const_value
	.byte	0                               @ End Of Children Mark
	.byte	5                               @ Abbrev [5] 0x9f:0x5 DW_TAG_pointer_type
	.long	164                             @ DW_AT_type
	.byte	6                               @ Abbrev [6] 0xa4:0xc DW_TAG_typedef
	.long	176                             @ DW_AT_type
	.long	.Linfo_string62                 @ DW_AT_name
	.byte	5                               @ DW_AT_decl_file
	.short	286                             @ DW_AT_decl_line
	.byte	7                               @ Abbrev [7] 0xb0:0x21b DW_TAG_structure_type
	.byte	204                             @ DW_AT_byte_size
	.byte	5                               @ DW_AT_decl_file
	.byte	242                             @ DW_AT_decl_line
	.byte	8                               @ Abbrev [8] 0xb4:0xc DW_TAG_member
	.long	.Linfo_string17                 @ DW_AT_name
	.long	715                             @ DW_AT_type
	.byte	5                               @ DW_AT_decl_file
	.byte	244                             @ DW_AT_decl_line
	.byte	0                               @ DW_AT_data_member_location
	.byte	8                               @ Abbrev [8] 0xc0:0xc DW_TAG_member
	.long	.Linfo_string20                 @ DW_AT_name
	.long	715                             @ DW_AT_type
	.byte	5                               @ DW_AT_decl_file
	.byte	245                             @ DW_AT_decl_line
	.byte	4                               @ DW_AT_data_member_location
	.byte	8                               @ Abbrev [8] 0xcc:0xc DW_TAG_member
	.long	.Linfo_string21                 @ DW_AT_name
	.long	715                             @ DW_AT_type
	.byte	5                               @ DW_AT_decl_file
	.byte	246                             @ DW_AT_decl_line
	.byte	8                               @ DW_AT_data_member_location
	.byte	8                               @ Abbrev [8] 0xd8:0xc DW_TAG_member
	.long	.Linfo_string22                 @ DW_AT_name
	.long	715                             @ DW_AT_type
	.byte	5                               @ DW_AT_decl_file
	.byte	247                             @ DW_AT_decl_line
	.byte	12                              @ DW_AT_data_member_location
	.byte	8                               @ Abbrev [8] 0xe4:0xc DW_TAG_member
	.long	.Linfo_string23                 @ DW_AT_name
	.long	715                             @ DW_AT_type
	.byte	5                               @ DW_AT_decl_file
	.byte	248                             @ DW_AT_decl_line
	.byte	16                              @ DW_AT_data_member_location
	.byte	8                               @ Abbrev [8] 0xf0:0xc DW_TAG_member
	.long	.Linfo_string24                 @ DW_AT_name
	.long	715                             @ DW_AT_type
	.byte	5                               @ DW_AT_decl_file
	.byte	249                             @ DW_AT_decl_line
	.byte	20                              @ DW_AT_data_member_location
	.byte	8                               @ Abbrev [8] 0xfc:0xc DW_TAG_member
	.long	.Linfo_string25                 @ DW_AT_name
	.long	715                             @ DW_AT_type
	.byte	5                               @ DW_AT_decl_file
	.byte	250                             @ DW_AT_decl_line
	.byte	24                              @ DW_AT_data_member_location
	.byte	8                               @ Abbrev [8] 0x108:0xc DW_TAG_member
	.long	.Linfo_string26                 @ DW_AT_name
	.long	715                             @ DW_AT_type
	.byte	5                               @ DW_AT_decl_file
	.byte	251                             @ DW_AT_decl_line
	.byte	28                              @ DW_AT_data_member_location
	.byte	8                               @ Abbrev [8] 0x114:0xc DW_TAG_member
	.long	.Linfo_string27                 @ DW_AT_name
	.long	715                             @ DW_AT_type
	.byte	5                               @ DW_AT_decl_file
	.byte	252                             @ DW_AT_decl_line
	.byte	32                              @ DW_AT_data_member_location
	.byte	8                               @ Abbrev [8] 0x120:0xc DW_TAG_member
	.long	.Linfo_string28                 @ DW_AT_name
	.long	715                             @ DW_AT_type
	.byte	5                               @ DW_AT_decl_file
	.byte	253                             @ DW_AT_decl_line
	.byte	36                              @ DW_AT_data_member_location
	.byte	8                               @ Abbrev [8] 0x12c:0xc DW_TAG_member
	.long	.Linfo_string29                 @ DW_AT_name
	.long	720                             @ DW_AT_type
	.byte	5                               @ DW_AT_decl_file
	.byte	254                             @ DW_AT_decl_line
	.byte	40                              @ DW_AT_data_member_location
	.byte	8                               @ Abbrev [8] 0x138:0xc DW_TAG_member
	.long	.Linfo_string30                 @ DW_AT_name
	.long	720                             @ DW_AT_type
	.byte	5                               @ DW_AT_decl_file
	.byte	255                             @ DW_AT_decl_line
	.byte	44                              @ DW_AT_data_member_location
	.byte	9                               @ Abbrev [9] 0x144:0xd DW_TAG_member
	.long	.Linfo_string31                 @ DW_AT_name
	.long	715                             @ DW_AT_type
	.byte	5                               @ DW_AT_decl_file
	.short	256                             @ DW_AT_decl_line
	.byte	48                              @ DW_AT_data_member_location
	.byte	9                               @ Abbrev [9] 0x151:0xd DW_TAG_member
	.long	.Linfo_string32                 @ DW_AT_name
	.long	715                             @ DW_AT_type
	.byte	5                               @ DW_AT_decl_file
	.short	257                             @ DW_AT_decl_line
	.byte	52                              @ DW_AT_data_member_location
	.byte	9                               @ Abbrev [9] 0x15e:0xd DW_TAG_member
	.long	.Linfo_string33                 @ DW_AT_name
	.long	715                             @ DW_AT_type
	.byte	5                               @ DW_AT_decl_file
	.short	258                             @ DW_AT_decl_line
	.byte	56                              @ DW_AT_data_member_location
	.byte	9                               @ Abbrev [9] 0x16b:0xd DW_TAG_member
	.long	.Linfo_string34                 @ DW_AT_name
	.long	715                             @ DW_AT_type
	.byte	5                               @ DW_AT_decl_file
	.short	259                             @ DW_AT_decl_line
	.byte	60                              @ DW_AT_data_member_location
	.byte	9                               @ Abbrev [9] 0x178:0xd DW_TAG_member
	.long	.Linfo_string35                 @ DW_AT_name
	.long	715                             @ DW_AT_type
	.byte	5                               @ DW_AT_decl_file
	.short	260                             @ DW_AT_decl_line
	.byte	64                              @ DW_AT_data_member_location
	.byte	9                               @ Abbrev [9] 0x185:0xd DW_TAG_member
	.long	.Linfo_string36                 @ DW_AT_name
	.long	720                             @ DW_AT_type
	.byte	5                               @ DW_AT_decl_file
	.short	261                             @ DW_AT_decl_line
	.byte	68                              @ DW_AT_data_member_location
	.byte	9                               @ Abbrev [9] 0x192:0xd DW_TAG_member
	.long	.Linfo_string37                 @ DW_AT_name
	.long	720                             @ DW_AT_type
	.byte	5                               @ DW_AT_decl_file
	.short	262                             @ DW_AT_decl_line
	.byte	72                              @ DW_AT_data_member_location
	.byte	9                               @ Abbrev [9] 0x19f:0xd DW_TAG_member
	.long	.Linfo_string38                 @ DW_AT_name
	.long	715                             @ DW_AT_type
	.byte	5                               @ DW_AT_decl_file
	.short	263                             @ DW_AT_decl_line
	.byte	76                              @ DW_AT_data_member_location
	.byte	9                               @ Abbrev [9] 0x1ac:0xd DW_TAG_member
	.long	.Linfo_string39                 @ DW_AT_name
	.long	738                             @ DW_AT_type
	.byte	5                               @ DW_AT_decl_file
	.short	264                             @ DW_AT_decl_line
	.byte	80                              @ DW_AT_data_member_location
	.byte	9                               @ Abbrev [9] 0x1b9:0xd DW_TAG_member
	.long	.Linfo_string41                 @ DW_AT_name
	.long	715                             @ DW_AT_type
	.byte	5                               @ DW_AT_decl_file
	.short	265                             @ DW_AT_decl_line
	.byte	96                              @ DW_AT_data_member_location
	.byte	9                               @ Abbrev [9] 0x1c6:0xd DW_TAG_member
	.long	.Linfo_string42                 @ DW_AT_name
	.long	715                             @ DW_AT_type
	.byte	5                               @ DW_AT_decl_file
	.short	266                             @ DW_AT_decl_line
	.byte	100                             @ DW_AT_data_member_location
	.byte	9                               @ Abbrev [9] 0x1d3:0xd DW_TAG_member
	.long	.Linfo_string43                 @ DW_AT_name
	.long	715                             @ DW_AT_type
	.byte	5                               @ DW_AT_decl_file
	.short	267                             @ DW_AT_decl_line
	.byte	104                             @ DW_AT_data_member_location
	.byte	9                               @ Abbrev [9] 0x1e0:0xd DW_TAG_member
	.long	.Linfo_string44                 @ DW_AT_name
	.long	715                             @ DW_AT_type
	.byte	5                               @ DW_AT_decl_file
	.short	268                             @ DW_AT_decl_line
	.byte	108                             @ DW_AT_data_member_location
	.byte	9                               @ Abbrev [9] 0x1ed:0xd DW_TAG_member
	.long	.Linfo_string45                 @ DW_AT_name
	.long	738                             @ DW_AT_type
	.byte	5                               @ DW_AT_decl_file
	.short	269                             @ DW_AT_decl_line
	.byte	112                             @ DW_AT_data_member_location
	.byte	9                               @ Abbrev [9] 0x1fa:0xd DW_TAG_member
	.long	.Linfo_string46                 @ DW_AT_name
	.long	715                             @ DW_AT_type
	.byte	5                               @ DW_AT_decl_file
	.short	270                             @ DW_AT_decl_line
	.byte	128                             @ DW_AT_data_member_location
	.byte	9                               @ Abbrev [9] 0x207:0xd DW_TAG_member
	.long	.Linfo_string47                 @ DW_AT_name
	.long	715                             @ DW_AT_type
	.byte	5                               @ DW_AT_decl_file
	.short	271                             @ DW_AT_decl_line
	.byte	132                             @ DW_AT_data_member_location
	.byte	9                               @ Abbrev [9] 0x214:0xd DW_TAG_member
	.long	.Linfo_string48                 @ DW_AT_name
	.long	715                             @ DW_AT_type
	.byte	5                               @ DW_AT_decl_file
	.short	272                             @ DW_AT_decl_line
	.byte	136                             @ DW_AT_data_member_location
	.byte	9                               @ Abbrev [9] 0x221:0xd DW_TAG_member
	.long	.Linfo_string49                 @ DW_AT_name
	.long	715                             @ DW_AT_type
	.byte	5                               @ DW_AT_decl_file
	.short	273                             @ DW_AT_decl_line
	.byte	140                             @ DW_AT_data_member_location
	.byte	9                               @ Abbrev [9] 0x22e:0xd DW_TAG_member
	.long	.Linfo_string50                 @ DW_AT_name
	.long	738                             @ DW_AT_type
	.byte	5                               @ DW_AT_decl_file
	.short	274                             @ DW_AT_decl_line
	.byte	144                             @ DW_AT_data_member_location
	.byte	9                               @ Abbrev [9] 0x23b:0xd DW_TAG_member
	.long	.Linfo_string51                 @ DW_AT_name
	.long	715                             @ DW_AT_type
	.byte	5                               @ DW_AT_decl_file
	.short	275                             @ DW_AT_decl_line
	.byte	160                             @ DW_AT_data_member_location
	.byte	9                               @ Abbrev [9] 0x248:0xd DW_TAG_member
	.long	.Linfo_string52                 @ DW_AT_name
	.long	715                             @ DW_AT_type
	.byte	5                               @ DW_AT_decl_file
	.short	276                             @ DW_AT_decl_line
	.byte	164                             @ DW_AT_data_member_location
	.byte	9                               @ Abbrev [9] 0x255:0xd DW_TAG_member
	.long	.Linfo_string53                 @ DW_AT_name
	.long	720                             @ DW_AT_type
	.byte	5                               @ DW_AT_decl_file
	.short	277                             @ DW_AT_decl_line
	.byte	168                             @ DW_AT_data_member_location
	.byte	9                               @ Abbrev [9] 0x262:0xd DW_TAG_member
	.long	.Linfo_string54                 @ DW_AT_name
	.long	720                             @ DW_AT_type
	.byte	5                               @ DW_AT_decl_file
	.short	278                             @ DW_AT_decl_line
	.byte	172                             @ DW_AT_data_member_location
	.byte	9                               @ Abbrev [9] 0x26f:0xd DW_TAG_member
	.long	.Linfo_string55                 @ DW_AT_name
	.long	715                             @ DW_AT_type
	.byte	5                               @ DW_AT_decl_file
	.short	279                             @ DW_AT_decl_line
	.byte	176                             @ DW_AT_data_member_location
	.byte	9                               @ Abbrev [9] 0x27c:0xd DW_TAG_member
	.long	.Linfo_string56                 @ DW_AT_name
	.long	715                             @ DW_AT_type
	.byte	5                               @ DW_AT_decl_file
	.short	280                             @ DW_AT_decl_line
	.byte	180                             @ DW_AT_data_member_location
	.byte	9                               @ Abbrev [9] 0x289:0xd DW_TAG_member
	.long	.Linfo_string57                 @ DW_AT_name
	.long	715                             @ DW_AT_type
	.byte	5                               @ DW_AT_decl_file
	.short	281                             @ DW_AT_decl_line
	.byte	184                             @ DW_AT_data_member_location
	.byte	9                               @ Abbrev [9] 0x296:0xd DW_TAG_member
	.long	.Linfo_string58                 @ DW_AT_name
	.long	715                             @ DW_AT_type
	.byte	5                               @ DW_AT_decl_file
	.short	282                             @ DW_AT_decl_line
	.byte	188                             @ DW_AT_data_member_location
	.byte	9                               @ Abbrev [9] 0x2a3:0xd DW_TAG_member
	.long	.Linfo_string59                 @ DW_AT_name
	.long	715                             @ DW_AT_type
	.byte	5                               @ DW_AT_decl_file
	.short	283                             @ DW_AT_decl_line
	.byte	192                             @ DW_AT_data_member_location
	.byte	9                               @ Abbrev [9] 0x2b0:0xd DW_TAG_member
	.long	.Linfo_string60                 @ DW_AT_name
	.long	715                             @ DW_AT_type
	.byte	5                               @ DW_AT_decl_file
	.short	284                             @ DW_AT_decl_line
	.byte	196                             @ DW_AT_data_member_location
	.byte	9                               @ Abbrev [9] 0x2bd:0xd DW_TAG_member
	.long	.Linfo_string61                 @ DW_AT_name
	.long	715                             @ DW_AT_type
	.byte	5                               @ DW_AT_decl_file
	.short	285                             @ DW_AT_decl_line
	.byte	200                             @ DW_AT_data_member_location
	.byte	0                               @ End Of Children Mark
	.byte	10                              @ Abbrev [10] 0x2cb:0x5 DW_TAG_volatile_type
	.long	720                             @ DW_AT_type
	.byte	11                              @ Abbrev [11] 0x2d0:0xb DW_TAG_typedef
	.long	731                             @ DW_AT_type
	.long	.Linfo_string19                 @ DW_AT_name
	.byte	4                               @ DW_AT_decl_file
	.byte	64                              @ DW_AT_decl_line
	.byte	4                               @ Abbrev [4] 0x2db:0x7 DW_TAG_base_type
	.long	.Linfo_string18                 @ DW_AT_name
	.byte	7                               @ DW_AT_encoding
	.byte	4                               @ DW_AT_byte_size
	.byte	12                              @ Abbrev [12] 0x2e2:0xc DW_TAG_array_type
	.long	720                             @ DW_AT_type
	.byte	13                              @ Abbrev [13] 0x2e7:0x6 DW_TAG_subrange_type
	.long	750                             @ DW_AT_type
	.byte	4                               @ DW_AT_count
	.byte	0                               @ End Of Children Mark
	.byte	14                              @ Abbrev [14] 0x2ee:0x7 DW_TAG_base_type
	.long	.Linfo_string40                 @ DW_AT_name
	.byte	8                               @ DW_AT_byte_size
	.byte	7                               @ DW_AT_encoding
	.byte	5                               @ Abbrev [5] 0x2f5:0x5 DW_TAG_pointer_type
	.long	720                             @ DW_AT_type
	.byte	5                               @ Abbrev [5] 0x2fa:0x5 DW_TAG_pointer_type
	.long	767                             @ DW_AT_type
	.byte	6                               @ Abbrev [6] 0x2ff:0xc DW_TAG_typedef
	.long	779                             @ DW_AT_type
	.long	.Linfo_string68                 @ DW_AT_name
	.byte	5                               @ DW_AT_decl_file
	.short	297                             @ DW_AT_decl_line
	.byte	15                              @ Abbrev [15] 0x30b:0x47 DW_TAG_structure_type
	.byte	20                              @ DW_AT_byte_size
	.byte	5                               @ DW_AT_decl_file
	.short	289                             @ DW_AT_decl_line
	.byte	9                               @ Abbrev [9] 0x310:0xd DW_TAG_member
	.long	.Linfo_string63                 @ DW_AT_name
	.long	715                             @ DW_AT_type
	.byte	5                               @ DW_AT_decl_file
	.short	291                             @ DW_AT_decl_line
	.byte	0                               @ DW_AT_data_member_location
	.byte	9                               @ Abbrev [9] 0x31d:0xd DW_TAG_member
	.long	.Linfo_string64                 @ DW_AT_name
	.long	720                             @ DW_AT_type
	.byte	5                               @ DW_AT_decl_file
	.short	292                             @ DW_AT_decl_line
	.byte	4                               @ DW_AT_data_member_location
	.byte	9                               @ Abbrev [9] 0x32a:0xd DW_TAG_member
	.long	.Linfo_string65                 @ DW_AT_name
	.long	715                             @ DW_AT_type
	.byte	5                               @ DW_AT_decl_file
	.short	293                             @ DW_AT_decl_line
	.byte	8                               @ DW_AT_data_member_location
	.byte	9                               @ Abbrev [9] 0x337:0xd DW_TAG_member
	.long	.Linfo_string66                 @ DW_AT_name
	.long	715                             @ DW_AT_type
	.byte	5                               @ DW_AT_decl_file
	.short	294                             @ DW_AT_decl_line
	.byte	12                              @ DW_AT_data_member_location
	.byte	9                               @ Abbrev [9] 0x344:0xd DW_TAG_member
	.long	.Linfo_string67                 @ DW_AT_name
	.long	715                             @ DW_AT_type
	.byte	5                               @ DW_AT_decl_file
	.short	295                             @ DW_AT_decl_line
	.byte	16                              @ DW_AT_data_member_location
	.byte	0                               @ End Of Children Mark
	.byte	5                               @ Abbrev [5] 0x352:0x5 DW_TAG_pointer_type
	.long	855                             @ DW_AT_type
	.byte	6                               @ Abbrev [6] 0x357:0xc DW_TAG_typedef
	.long	867                             @ DW_AT_type
	.long	.Linfo_string75                 @ DW_AT_name
	.byte	5                               @ DW_AT_decl_file
	.short	535                             @ DW_AT_decl_line
	.byte	15                              @ Abbrev [15] 0x363:0xa2 DW_TAG_structure_type
	.byte	88                              @ DW_AT_byte_size
	.byte	5                               @ DW_AT_decl_file
	.short	521                             @ DW_AT_decl_line
	.byte	9                               @ Abbrev [9] 0x368:0xd DW_TAG_member
	.long	.Linfo_string69                 @ DW_AT_name
	.long	715                             @ DW_AT_type
	.byte	5                               @ DW_AT_decl_file
	.short	523                             @ DW_AT_decl_line
	.byte	0                               @ DW_AT_data_member_location
	.byte	9                               @ Abbrev [9] 0x375:0xd DW_TAG_member
	.long	.Linfo_string21                 @ DW_AT_name
	.long	715                             @ DW_AT_type
	.byte	5                               @ DW_AT_decl_file
	.short	524                             @ DW_AT_decl_line
	.byte	4                               @ DW_AT_data_member_location
	.byte	9                               @ Abbrev [9] 0x382:0xd DW_TAG_member
	.long	.Linfo_string37                 @ DW_AT_name
	.long	1029                            @ DW_AT_type
	.byte	5                               @ DW_AT_decl_file
	.short	525                             @ DW_AT_decl_line
	.byte	8                               @ DW_AT_data_member_location
	.byte	9                               @ Abbrev [9] 0x38f:0xd DW_TAG_member
	.long	.Linfo_string70                 @ DW_AT_name
	.long	715                             @ DW_AT_type
	.byte	5                               @ DW_AT_decl_file
	.short	526                             @ DW_AT_decl_line
	.byte	52                              @ DW_AT_data_member_location
	.byte	9                               @ Abbrev [9] 0x39c:0xd DW_TAG_member
	.long	.Linfo_string39                 @ DW_AT_name
	.long	720                             @ DW_AT_type
	.byte	5                               @ DW_AT_decl_file
	.short	527                             @ DW_AT_decl_line
	.byte	56                              @ DW_AT_data_member_location
	.byte	9                               @ Abbrev [9] 0x3a9:0xd DW_TAG_member
	.long	.Linfo_string71                 @ DW_AT_name
	.long	715                             @ DW_AT_type
	.byte	5                               @ DW_AT_decl_file
	.short	528                             @ DW_AT_decl_line
	.byte	60                              @ DW_AT_data_member_location
	.byte	9                               @ Abbrev [9] 0x3b6:0xd DW_TAG_member
	.long	.Linfo_string45                 @ DW_AT_name
	.long	720                             @ DW_AT_type
	.byte	5                               @ DW_AT_decl_file
	.short	529                             @ DW_AT_decl_line
	.byte	64                              @ DW_AT_data_member_location
	.byte	9                               @ Abbrev [9] 0x3c3:0xd DW_TAG_member
	.long	.Linfo_string72                 @ DW_AT_name
	.long	715                             @ DW_AT_type
	.byte	5                               @ DW_AT_decl_file
	.short	530                             @ DW_AT_decl_line
	.byte	68                              @ DW_AT_data_member_location
	.byte	9                               @ Abbrev [9] 0x3d0:0xd DW_TAG_member
	.long	.Linfo_string50                 @ DW_AT_name
	.long	720                             @ DW_AT_type
	.byte	5                               @ DW_AT_decl_file
	.short	531                             @ DW_AT_decl_line
	.byte	72                              @ DW_AT_data_member_location
	.byte	9                               @ Abbrev [9] 0x3dd:0xd DW_TAG_member
	.long	.Linfo_string73                 @ DW_AT_name
	.long	715                             @ DW_AT_type
	.byte	5                               @ DW_AT_decl_file
	.short	532                             @ DW_AT_decl_line
	.byte	76                              @ DW_AT_data_member_location
	.byte	9                               @ Abbrev [9] 0x3ea:0xd DW_TAG_member
	.long	.Linfo_string53                 @ DW_AT_name
	.long	720                             @ DW_AT_type
	.byte	5                               @ DW_AT_decl_file
	.short	533                             @ DW_AT_decl_line
	.byte	80                              @ DW_AT_data_member_location
	.byte	9                               @ Abbrev [9] 0x3f7:0xd DW_TAG_member
	.long	.Linfo_string74                 @ DW_AT_name
	.long	715                             @ DW_AT_type
	.byte	5                               @ DW_AT_decl_file
	.short	534                             @ DW_AT_decl_line
	.byte	84                              @ DW_AT_data_member_location
	.byte	0                               @ End Of Children Mark
	.byte	12                              @ Abbrev [12] 0x405:0xc DW_TAG_array_type
	.long	720                             @ DW_AT_type
	.byte	13                              @ Abbrev [13] 0x40a:0x6 DW_TAG_subrange_type
	.long	750                             @ DW_AT_type
	.byte	11                              @ DW_AT_count
	.byte	0                               @ End Of Children Mark
	.byte	5                               @ Abbrev [5] 0x411:0x5 DW_TAG_pointer_type
	.long	715                             @ DW_AT_type
	.byte	16                              @ Abbrev [16] 0x416:0x2e DW_TAG_subprogram
	.long	.Linfo_string76                 @ DW_AT_name
	.byte	7                               @ DW_AT_decl_file
	.short	6990                            @ DW_AT_decl_line
                                        @ DW_AT_prototyped
	.byte	1                               @ DW_AT_inline
	.byte	17                              @ Abbrev [17] 0x41f:0xc DW_TAG_formal_parameter
	.long	.Linfo_string77                 @ DW_AT_name
	.byte	7                               @ DW_AT_decl_file
	.short	6990                            @ DW_AT_decl_line
	.long	159                             @ DW_AT_type
	.byte	17                              @ Abbrev [17] 0x42b:0xc DW_TAG_formal_parameter
	.long	.Linfo_string78                 @ DW_AT_name
	.byte	7                               @ DW_AT_decl_file
	.short	6990                            @ DW_AT_decl_line
	.long	720                             @ DW_AT_type
	.byte	17                              @ Abbrev [17] 0x437:0xc DW_TAG_formal_parameter
	.long	.Linfo_string79                 @ DW_AT_name
	.byte	7                               @ DW_AT_decl_file
	.short	6990                            @ DW_AT_decl_line
	.long	720                             @ DW_AT_type
	.byte	0                               @ End Of Children Mark
	.byte	18                              @ Abbrev [18] 0x444:0x1a DW_TAG_subprogram
	.long	.Linfo_string80                 @ DW_AT_name
	.byte	7                               @ DW_AT_decl_file
	.short	7006                            @ DW_AT_decl_line
                                        @ DW_AT_prototyped
	.long	720                             @ DW_AT_type
	.byte	1                               @ DW_AT_inline
	.byte	17                              @ Abbrev [17] 0x451:0xc DW_TAG_formal_parameter
	.long	.Linfo_string77                 @ DW_AT_name
	.byte	7                               @ DW_AT_decl_file
	.short	7006                            @ DW_AT_decl_line
	.long	1118                            @ DW_AT_type
	.byte	0                               @ End Of Children Mark
	.byte	5                               @ Abbrev [5] 0x45e:0x5 DW_TAG_pointer_type
	.long	1123                            @ DW_AT_type
	.byte	19                              @ Abbrev [19] 0x463:0x5 DW_TAG_const_type
	.long	164                             @ DW_AT_type
	.byte	20                              @ Abbrev [20] 0x468:0xa1 DW_TAG_subprogram
	.long	.Lfunc_begin0                   @ DW_AT_low_pc
	.long	.Lfunc_end0-.Lfunc_begin0       @ DW_AT_high_pc
	.byte	1                               @ DW_AT_frame_base
	.byte	93
                                        @ DW_AT_GNU_all_call_sites
	.long	.Linfo_string118                @ DW_AT_name
	.byte	6                               @ DW_AT_decl_file
	.byte	126                             @ DW_AT_decl_line
                                        @ DW_AT_prototyped
	.long	7006                            @ DW_AT_type
                                        @ DW_AT_external
	.byte	21                              @ Abbrev [21] 0x47d:0xf DW_TAG_formal_parameter
	.long	.Ldebug_loc0                    @ DW_AT_location
	.long	.Linfo_string149                @ DW_AT_name
	.byte	6                               @ DW_AT_decl_file
	.byte	126                             @ DW_AT_decl_line
	.long	7017                            @ DW_AT_type
	.byte	21                              @ Abbrev [21] 0x48c:0xf DW_TAG_formal_parameter
	.long	.Ldebug_loc1                    @ DW_AT_location
	.long	.Linfo_string78                 @ DW_AT_name
	.byte	6                               @ DW_AT_decl_file
	.byte	126                             @ DW_AT_decl_line
	.long	720                             @ DW_AT_type
	.byte	21                              @ Abbrev [21] 0x49b:0xf DW_TAG_formal_parameter
	.long	.Ldebug_loc2                    @ DW_AT_location
	.long	.Linfo_string79                 @ DW_AT_name
	.byte	6                               @ DW_AT_decl_file
	.byte	126                             @ DW_AT_decl_line
	.long	720                             @ DW_AT_type
	.byte	22                              @ Abbrev [22] 0x4aa:0xf DW_TAG_variable
	.long	.Ldebug_loc3                    @ DW_AT_location
	.long	.Linfo_string224                @ DW_AT_name
	.byte	6                               @ DW_AT_decl_file
	.byte	129                             @ DW_AT_decl_line
	.long	715                             @ DW_AT_type
	.byte	22                              @ Abbrev [22] 0x4b9:0xf DW_TAG_variable
	.long	.Ldebug_loc4                    @ DW_AT_location
	.long	.Linfo_string225                @ DW_AT_name
	.byte	6                               @ DW_AT_decl_file
	.byte	128                             @ DW_AT_decl_line
	.long	7006                            @ DW_AT_type
	.byte	23                              @ Abbrev [23] 0x4c8:0x2a DW_TAG_inlined_subroutine
	.long	1046                            @ DW_AT_abstract_origin
	.long	.Ltmp16                         @ DW_AT_low_pc
	.long	.Ltmp19-.Ltmp16                 @ DW_AT_high_pc
	.byte	6                               @ DW_AT_call_file
	.byte	152                             @ DW_AT_call_line
	.byte	5                               @ DW_AT_call_column
	.byte	24                              @ Abbrev [24] 0x4d8:0x7 DW_TAG_formal_parameter
	.byte	1                               @ DW_AT_location
	.byte	81
	.long	1055                            @ DW_AT_abstract_origin
	.byte	25                              @ Abbrev [25] 0x4df:0x9 DW_TAG_formal_parameter
	.long	.Ldebug_loc6                    @ DW_AT_location
	.long	1067                            @ DW_AT_abstract_origin
	.byte	25                              @ Abbrev [25] 0x4e8:0x9 DW_TAG_formal_parameter
	.long	.Ldebug_loc5                    @ DW_AT_location
	.long	1079                            @ DW_AT_abstract_origin
	.byte	0                               @ End Of Children Mark
	.byte	26                              @ Abbrev [26] 0x4f2:0x16 DW_TAG_inlined_subroutine
	.long	1092                            @ DW_AT_abstract_origin
	.long	.Ldebug_ranges0                 @ DW_AT_ranges
	.byte	6                               @ DW_AT_call_file
	.byte	155                             @ DW_AT_call_line
	.byte	12                              @ DW_AT_call_column
	.byte	25                              @ Abbrev [25] 0x4fe:0x9 DW_TAG_formal_parameter
	.long	.Ldebug_loc7                    @ DW_AT_location
	.long	1105                            @ DW_AT_abstract_origin
	.byte	0                               @ End Of Children Mark
	.byte	0                               @ End Of Children Mark
	.byte	18                              @ Abbrev [18] 0x509:0x26 DW_TAG_subprogram
	.long	.Linfo_string81                 @ DW_AT_name
	.byte	7                               @ DW_AT_decl_file
	.short	2890                            @ DW_AT_decl_line
                                        @ DW_AT_prototyped
	.long	720                             @ DW_AT_type
	.byte	1                               @ DW_AT_inline
	.byte	17                              @ Abbrev [17] 0x516:0xc DW_TAG_formal_parameter
	.long	.Linfo_string77                 @ DW_AT_name
	.byte	7                               @ DW_AT_decl_file
	.short	2890                            @ DW_AT_decl_line
	.long	1118                            @ DW_AT_type
	.byte	17                              @ Abbrev [17] 0x522:0xc DW_TAG_formal_parameter
	.long	.Linfo_string79                 @ DW_AT_name
	.byte	7                               @ DW_AT_decl_file
	.short	2890                            @ DW_AT_decl_line
	.long	720                             @ DW_AT_type
	.byte	0                               @ End Of Children Mark
	.byte	20                              @ Abbrev [20] 0x52f:0x4e DW_TAG_subprogram
	.long	.Lfunc_begin1                   @ DW_AT_low_pc
	.long	.Lfunc_end1-.Lfunc_begin1       @ DW_AT_high_pc
	.byte	1                               @ DW_AT_frame_base
	.byte	93
                                        @ DW_AT_GNU_all_call_sites
	.long	.Linfo_string120                @ DW_AT_name
	.byte	6                               @ DW_AT_decl_file
	.byte	200                             @ DW_AT_decl_line
                                        @ DW_AT_prototyped
	.long	720                             @ DW_AT_type
                                        @ DW_AT_external
	.byte	21                              @ Abbrev [21] 0x544:0xf DW_TAG_formal_parameter
	.long	.Ldebug_loc8                    @ DW_AT_location
	.long	.Linfo_string149                @ DW_AT_name
	.byte	6                               @ DW_AT_decl_file
	.byte	200                             @ DW_AT_decl_line
	.long	8098                            @ DW_AT_type
	.byte	21                              @ Abbrev [21] 0x553:0xf DW_TAG_formal_parameter
	.long	.Ldebug_loc9                    @ DW_AT_location
	.long	.Linfo_string79                 @ DW_AT_name
	.byte	6                               @ DW_AT_decl_file
	.byte	200                             @ DW_AT_decl_line
	.long	720                             @ DW_AT_type
	.byte	23                              @ Abbrev [23] 0x562:0x1a DW_TAG_inlined_subroutine
	.long	1289                            @ DW_AT_abstract_origin
	.long	.Ltmp50                         @ DW_AT_low_pc
	.long	.Ltmp53-.Ltmp50                 @ DW_AT_high_pc
	.byte	6                               @ DW_AT_call_file
	.byte	207                             @ DW_AT_call_line
	.byte	10                              @ DW_AT_call_column
	.byte	25                              @ Abbrev [25] 0x572:0x9 DW_TAG_formal_parameter
	.long	.Ldebug_loc10                   @ DW_AT_location
	.long	1302                            @ DW_AT_abstract_origin
	.byte	0                               @ End Of Children Mark
	.byte	0                               @ End Of Children Mark
	.byte	18                              @ Abbrev [18] 0x57d:0x1a DW_TAG_subprogram
	.long	.Linfo_string82                 @ DW_AT_name
	.byte	7                               @ DW_AT_decl_file
	.short	6941                            @ DW_AT_decl_line
                                        @ DW_AT_prototyped
	.long	720                             @ DW_AT_type
	.byte	1                               @ DW_AT_inline
	.byte	17                              @ Abbrev [17] 0x58a:0xc DW_TAG_formal_parameter
	.long	.Linfo_string77                 @ DW_AT_name
	.byte	7                               @ DW_AT_decl_file
	.short	6941                            @ DW_AT_decl_line
	.long	1118                            @ DW_AT_type
	.byte	0                               @ End Of Children Mark
	.byte	18                              @ Abbrev [18] 0x597:0x1a DW_TAG_subprogram
	.long	.Linfo_string83                 @ DW_AT_name
	.byte	7                               @ DW_AT_decl_file
	.short	7073                            @ DW_AT_decl_line
                                        @ DW_AT_prototyped
	.long	720                             @ DW_AT_type
	.byte	1                               @ DW_AT_inline
	.byte	17                              @ Abbrev [17] 0x5a4:0xc DW_TAG_formal_parameter
	.long	.Linfo_string77                 @ DW_AT_name
	.byte	7                               @ DW_AT_decl_file
	.short	7073                            @ DW_AT_decl_line
	.long	1118                            @ DW_AT_type
	.byte	0                               @ End Of Children Mark
	.byte	16                              @ Abbrev [16] 0x5b1:0x16 DW_TAG_subprogram
	.long	.Linfo_string84                 @ DW_AT_name
	.byte	7                               @ DW_AT_decl_file
	.short	7057                            @ DW_AT_decl_line
                                        @ DW_AT_prototyped
	.byte	1                               @ DW_AT_inline
	.byte	17                              @ Abbrev [17] 0x5ba:0xc DW_TAG_formal_parameter
	.long	.Linfo_string77                 @ DW_AT_name
	.byte	7                               @ DW_AT_decl_file
	.short	7057                            @ DW_AT_decl_line
	.long	159                             @ DW_AT_type
	.byte	0                               @ End Of Children Mark
	.byte	18                              @ Abbrev [18] 0x5c7:0x32 DW_TAG_subprogram
	.long	.Linfo_string85                 @ DW_AT_name
	.byte	7                               @ DW_AT_decl_file
	.short	2965                            @ DW_AT_decl_line
                                        @ DW_AT_prototyped
	.long	720                             @ DW_AT_type
	.byte	1                               @ DW_AT_inline
	.byte	17                              @ Abbrev [17] 0x5d4:0xc DW_TAG_formal_parameter
	.long	.Linfo_string77                 @ DW_AT_name
	.byte	7                               @ DW_AT_decl_file
	.short	2965                            @ DW_AT_decl_line
	.long	159                             @ DW_AT_type
	.byte	17                              @ Abbrev [17] 0x5e0:0xc DW_TAG_formal_parameter
	.long	.Linfo_string86                 @ DW_AT_name
	.byte	7                               @ DW_AT_decl_file
	.short	2965                            @ DW_AT_decl_line
	.long	720                             @ DW_AT_type
	.byte	27                              @ Abbrev [27] 0x5ec:0xc DW_TAG_variable
	.long	.Linfo_string87                 @ DW_AT_name
	.byte	7                               @ DW_AT_decl_file
	.short	2967                            @ DW_AT_decl_line
	.long	720                             @ DW_AT_type
	.byte	0                               @ End Of Children Mark
	.byte	16                              @ Abbrev [16] 0x5f9:0x16 DW_TAG_subprogram
	.long	.Linfo_string88                 @ DW_AT_name
	.byte	7                               @ DW_AT_decl_file
	.short	7037                            @ DW_AT_decl_line
                                        @ DW_AT_prototyped
	.byte	1                               @ DW_AT_inline
	.byte	17                              @ Abbrev [17] 0x602:0xc DW_TAG_formal_parameter
	.long	.Linfo_string77                 @ DW_AT_name
	.byte	7                               @ DW_AT_decl_file
	.short	7037                            @ DW_AT_decl_line
	.long	159                             @ DW_AT_type
	.byte	0                               @ End Of Children Mark
	.byte	20                              @ Abbrev [20] 0x60f:0xe1 DW_TAG_subprogram
	.long	.Lfunc_begin2                   @ DW_AT_low_pc
	.long	.Lfunc_end2-.Lfunc_begin2       @ DW_AT_high_pc
	.byte	1                               @ DW_AT_frame_base
	.byte	93
                                        @ DW_AT_GNU_all_call_sites
	.long	.Linfo_string121                @ DW_AT_name
	.byte	6                               @ DW_AT_decl_file
	.byte	216                             @ DW_AT_decl_line
                                        @ DW_AT_prototyped
	.long	7006                            @ DW_AT_type
                                        @ DW_AT_external
	.byte	21                              @ Abbrev [21] 0x624:0xf DW_TAG_formal_parameter
	.long	.Ldebug_loc11                   @ DW_AT_location
	.long	.Linfo_string149                @ DW_AT_name
	.byte	6                               @ DW_AT_decl_file
	.byte	216                             @ DW_AT_decl_line
	.long	7017                            @ DW_AT_type
	.byte	21                              @ Abbrev [21] 0x633:0xf DW_TAG_formal_parameter
	.long	.Ldebug_loc12                   @ DW_AT_location
	.long	.Linfo_string226                @ DW_AT_name
	.byte	6                               @ DW_AT_decl_file
	.byte	216                             @ DW_AT_decl_line
	.long	757                             @ DW_AT_type
	.byte	22                              @ Abbrev [22] 0x642:0xf DW_TAG_variable
	.long	.Ldebug_loc13                   @ DW_AT_location
	.long	.Linfo_string225                @ DW_AT_name
	.byte	6                               @ DW_AT_decl_file
	.byte	219                             @ DW_AT_decl_line
	.long	7006                            @ DW_AT_type
	.byte	22                              @ Abbrev [22] 0x651:0xf DW_TAG_variable
	.long	.Ldebug_loc14                   @ DW_AT_location
	.long	.Linfo_string227                @ DW_AT_name
	.byte	6                               @ DW_AT_decl_file
	.byte	220                             @ DW_AT_decl_line
	.long	720                             @ DW_AT_type
	.byte	22                              @ Abbrev [22] 0x660:0xf DW_TAG_variable
	.long	.Ldebug_loc18                   @ DW_AT_location
	.long	.Linfo_string228                @ DW_AT_name
	.byte	6                               @ DW_AT_decl_file
	.byte	218                             @ DW_AT_decl_line
	.long	720                             @ DW_AT_type
	.byte	23                              @ Abbrev [23] 0x66f:0x18 DW_TAG_inlined_subroutine
	.long	1405                            @ DW_AT_abstract_origin
	.long	.Ltmp56                         @ DW_AT_low_pc
	.long	.Ltmp57-.Ltmp56                 @ DW_AT_high_pc
	.byte	6                               @ DW_AT_call_file
	.byte	226                             @ DW_AT_call_line
	.byte	7                               @ DW_AT_call_column
	.byte	24                              @ Abbrev [24] 0x67f:0x7 DW_TAG_formal_parameter
	.byte	1                               @ DW_AT_location
	.byte	82
	.long	1418                            @ DW_AT_abstract_origin
	.byte	0                               @ End Of Children Mark
	.byte	28                              @ Abbrev [28] 0x687:0x10 DW_TAG_inlined_subroutine
	.long	1431                            @ DW_AT_abstract_origin
	.long	.Ltmp63                         @ DW_AT_low_pc
	.long	.Ltmp64-.Ltmp63                 @ DW_AT_high_pc
	.byte	6                               @ DW_AT_call_file
	.byte	233                             @ DW_AT_call_line
	.byte	9                               @ DW_AT_call_column
	.byte	23                              @ Abbrev [23] 0x697:0x18 DW_TAG_inlined_subroutine
	.long	1457                            @ DW_AT_abstract_origin
	.long	.Ltmp65                         @ DW_AT_low_pc
	.long	.Ltmp66-.Ltmp65                 @ DW_AT_high_pc
	.byte	6                               @ DW_AT_call_file
	.byte	235                             @ DW_AT_call_line
	.byte	7                               @ DW_AT_call_column
	.byte	24                              @ Abbrev [24] 0x6a7:0x7 DW_TAG_formal_parameter
	.byte	1                               @ DW_AT_location
	.byte	82
	.long	1466                            @ DW_AT_abstract_origin
	.byte	0                               @ End Of Children Mark
	.byte	26                              @ Abbrev [26] 0x6af:0x28 DW_TAG_inlined_subroutine
	.long	1479                            @ DW_AT_abstract_origin
	.long	.Ldebug_ranges1                 @ DW_AT_ranges
	.byte	6                               @ DW_AT_call_file
	.byte	240                             @ DW_AT_call_line
	.byte	38                              @ DW_AT_call_column
	.byte	25                              @ Abbrev [25] 0x6bb:0x9 DW_TAG_formal_parameter
	.long	.Ldebug_loc17                   @ DW_AT_location
	.long	1492                            @ DW_AT_abstract_origin
	.byte	25                              @ Abbrev [25] 0x6c4:0x9 DW_TAG_formal_parameter
	.long	.Ldebug_loc16                   @ DW_AT_location
	.long	1504                            @ DW_AT_abstract_origin
	.byte	29                              @ Abbrev [29] 0x6cd:0x9 DW_TAG_variable
	.long	.Ldebug_loc15                   @ DW_AT_location
	.long	1516                            @ DW_AT_abstract_origin
	.byte	0                               @ End Of Children Mark
	.byte	23                              @ Abbrev [23] 0x6d7:0x18 DW_TAG_inlined_subroutine
	.long	1529                            @ DW_AT_abstract_origin
	.long	.Ltmp143                        @ DW_AT_low_pc
	.long	.Ltmp144-.Ltmp143               @ DW_AT_high_pc
	.byte	6                               @ DW_AT_call_file
	.byte	244                             @ DW_AT_call_line
	.byte	7                               @ DW_AT_call_column
	.byte	24                              @ Abbrev [24] 0x6e7:0x7 DW_TAG_formal_parameter
	.byte	1                               @ DW_AT_location
	.byte	82
	.long	1538                            @ DW_AT_abstract_origin
	.byte	0                               @ End Of Children Mark
	.byte	0                               @ End Of Children Mark
	.byte	18                              @ Abbrev [18] 0x6f0:0x1a DW_TAG_subprogram
	.long	.Linfo_string89                 @ DW_AT_name
	.byte	7                               @ DW_AT_decl_file
	.short	7268                            @ DW_AT_decl_line
                                        @ DW_AT_prototyped
	.long	720                             @ DW_AT_type
	.byte	1                               @ DW_AT_inline
	.byte	17                              @ Abbrev [17] 0x6fd:0xc DW_TAG_formal_parameter
	.long	.Linfo_string77                 @ DW_AT_name
	.byte	7                               @ DW_AT_decl_file
	.short	7268                            @ DW_AT_decl_line
	.long	1118                            @ DW_AT_type
	.byte	0                               @ End Of Children Mark
	.byte	16                              @ Abbrev [16] 0x70a:0x2e DW_TAG_subprogram
	.long	.Linfo_string90                 @ DW_AT_name
	.byte	7                               @ DW_AT_decl_file
	.short	2859                            @ DW_AT_decl_line
                                        @ DW_AT_prototyped
	.byte	1                               @ DW_AT_inline
	.byte	17                              @ Abbrev [17] 0x713:0xc DW_TAG_formal_parameter
	.long	.Linfo_string77                 @ DW_AT_name
	.byte	7                               @ DW_AT_decl_file
	.short	2859                            @ DW_AT_decl_line
	.long	159                             @ DW_AT_type
	.byte	17                              @ Abbrev [17] 0x71f:0xc DW_TAG_formal_parameter
	.long	.Linfo_string79                 @ DW_AT_name
	.byte	7                               @ DW_AT_decl_file
	.short	2859                            @ DW_AT_decl_line
	.long	720                             @ DW_AT_type
	.byte	17                              @ Abbrev [17] 0x72b:0xc DW_TAG_formal_parameter
	.long	.Linfo_string91                 @ DW_AT_name
	.byte	7                               @ DW_AT_decl_file
	.short	2859                            @ DW_AT_decl_line
	.long	720                             @ DW_AT_type
	.byte	0                               @ End Of Children Mark
	.byte	30                              @ Abbrev [30] 0x738:0xed DW_TAG_subprogram
	.long	.Lfunc_begin3                   @ DW_AT_low_pc
	.long	.Lfunc_end3-.Lfunc_begin3       @ DW_AT_high_pc
	.byte	1                               @ DW_AT_frame_base
	.byte	93
                                        @ DW_AT_GNU_all_call_sites
	.long	.Linfo_string122                @ DW_AT_name
	.byte	6                               @ DW_AT_decl_file
	.short	263                             @ DW_AT_decl_line
                                        @ DW_AT_prototyped
	.long	7006                            @ DW_AT_type
                                        @ DW_AT_external
	.byte	31                              @ Abbrev [31] 0x74e:0x10 DW_TAG_formal_parameter
	.long	.Ldebug_loc19                   @ DW_AT_location
	.long	.Linfo_string149                @ DW_AT_name
	.byte	6                               @ DW_AT_decl_file
	.short	263                             @ DW_AT_decl_line
	.long	7017                            @ DW_AT_type
	.byte	31                              @ Abbrev [31] 0x75e:0x10 DW_TAG_formal_parameter
	.long	.Ldebug_loc20                   @ DW_AT_location
	.long	.Linfo_string79                 @ DW_AT_name
	.byte	6                               @ DW_AT_decl_file
	.short	263                             @ DW_AT_decl_line
	.long	720                             @ DW_AT_type
	.byte	31                              @ Abbrev [31] 0x76e:0x10 DW_TAG_formal_parameter
	.long	.Ldebug_loc21                   @ DW_AT_location
	.long	.Linfo_string91                 @ DW_AT_name
	.byte	6                               @ DW_AT_decl_file
	.short	263                             @ DW_AT_decl_line
	.long	720                             @ DW_AT_type
	.byte	32                              @ Abbrev [32] 0x77e:0x10 DW_TAG_variable
	.long	.Ldebug_loc22                   @ DW_AT_location
	.long	.Linfo_string225                @ DW_AT_name
	.byte	6                               @ DW_AT_decl_file
	.short	265                             @ DW_AT_decl_line
	.long	7006                            @ DW_AT_type
	.byte	32                              @ Abbrev [32] 0x78e:0x10 DW_TAG_variable
	.long	.Ldebug_loc23                   @ DW_AT_location
	.long	.Linfo_string229                @ DW_AT_name
	.byte	6                               @ DW_AT_decl_file
	.short	266                             @ DW_AT_decl_line
	.long	720                             @ DW_AT_type
	.byte	32                              @ Abbrev [32] 0x79e:0x10 DW_TAG_variable
	.long	.Ldebug_loc24                   @ DW_AT_location
	.long	.Linfo_string230                @ DW_AT_name
	.byte	6                               @ DW_AT_decl_file
	.short	267                             @ DW_AT_decl_line
	.long	720                             @ DW_AT_type
	.byte	33                              @ Abbrev [33] 0x7ae:0x19 DW_TAG_inlined_subroutine
	.long	1431                            @ DW_AT_abstract_origin
	.long	.Ltmp151                        @ DW_AT_low_pc
	.long	.Ltmp152-.Ltmp151               @ DW_AT_high_pc
	.byte	6                               @ DW_AT_call_file
	.short	291                             @ DW_AT_call_line
	.byte	44                              @ DW_AT_call_column
	.byte	24                              @ Abbrev [24] 0x7bf:0x7 DW_TAG_formal_parameter
	.byte	1                               @ DW_AT_location
	.byte	83
	.long	1444                            @ DW_AT_abstract_origin
	.byte	0                               @ End Of Children Mark
	.byte	33                              @ Abbrev [33] 0x7c7:0x19 DW_TAG_inlined_subroutine
	.long	1776                            @ DW_AT_abstract_origin
	.long	.Ltmp152                        @ DW_AT_low_pc
	.long	.Ltmp153-.Ltmp152               @ DW_AT_high_pc
	.byte	6                               @ DW_AT_call_file
	.short	292                             @ DW_AT_call_line
	.byte	45                              @ DW_AT_call_column
	.byte	24                              @ Abbrev [24] 0x7d8:0x7 DW_TAG_formal_parameter
	.byte	1                               @ DW_AT_location
	.byte	83
	.long	1789                            @ DW_AT_abstract_origin
	.byte	0                               @ End Of Children Mark
	.byte	33                              @ Abbrev [33] 0x7e0:0x19 DW_TAG_inlined_subroutine
	.long	1405                            @ DW_AT_abstract_origin
	.long	.Ltmp153                        @ DW_AT_low_pc
	.long	.Ltmp154-.Ltmp153               @ DW_AT_high_pc
	.byte	6                               @ DW_AT_call_file
	.short	294                             @ DW_AT_call_line
	.byte	8                               @ DW_AT_call_column
	.byte	24                              @ Abbrev [24] 0x7f1:0x7 DW_TAG_formal_parameter
	.byte	1                               @ DW_AT_location
	.byte	83
	.long	1418                            @ DW_AT_abstract_origin
	.byte	0                               @ End Of Children Mark
	.byte	33                              @ Abbrev [33] 0x7f9:0x2b DW_TAG_inlined_subroutine
	.long	1802                            @ DW_AT_abstract_origin
	.long	.Ltmp159                        @ DW_AT_low_pc
	.long	.Ltmp164-.Ltmp159               @ DW_AT_high_pc
	.byte	6                               @ DW_AT_call_file
	.short	300                             @ DW_AT_call_line
	.byte	5                               @ DW_AT_call_column
	.byte	24                              @ Abbrev [24] 0x80a:0x7 DW_TAG_formal_parameter
	.byte	1                               @ DW_AT_location
	.byte	83
	.long	1811                            @ DW_AT_abstract_origin
	.byte	25                              @ Abbrev [25] 0x811:0x9 DW_TAG_formal_parameter
	.long	.Ldebug_loc25                   @ DW_AT_location
	.long	1823                            @ DW_AT_abstract_origin
	.byte	25                              @ Abbrev [25] 0x81a:0x9 DW_TAG_formal_parameter
	.long	.Ldebug_loc26                   @ DW_AT_location
	.long	1835                            @ DW_AT_abstract_origin
	.byte	0                               @ End Of Children Mark
	.byte	0                               @ End Of Children Mark
	.byte	16                              @ Abbrev [16] 0x825:0x3a DW_TAG_subprogram
	.long	.Linfo_string92                 @ DW_AT_name
	.byte	7                               @ DW_AT_decl_file
	.short	2925                            @ DW_AT_decl_line
                                        @ DW_AT_prototyped
	.byte	1                               @ DW_AT_inline
	.byte	17                              @ Abbrev [17] 0x82e:0xc DW_TAG_formal_parameter
	.long	.Linfo_string77                 @ DW_AT_name
	.byte	7                               @ DW_AT_decl_file
	.short	2925                            @ DW_AT_decl_line
	.long	159                             @ DW_AT_type
	.byte	17                              @ Abbrev [17] 0x83a:0xc DW_TAG_formal_parameter
	.long	.Linfo_string86                 @ DW_AT_name
	.byte	7                               @ DW_AT_decl_file
	.short	2925                            @ DW_AT_decl_line
	.long	720                             @ DW_AT_type
	.byte	17                              @ Abbrev [17] 0x846:0xc DW_TAG_formal_parameter
	.long	.Linfo_string91                 @ DW_AT_name
	.byte	7                               @ DW_AT_decl_file
	.short	2925                            @ DW_AT_decl_line
	.long	720                             @ DW_AT_type
	.byte	27                              @ Abbrev [27] 0x852:0xc DW_TAG_variable
	.long	.Linfo_string87                 @ DW_AT_name
	.byte	7                               @ DW_AT_decl_file
	.short	2939                            @ DW_AT_decl_line
	.long	720                             @ DW_AT_type
	.byte	0                               @ End Of Children Mark
	.byte	30                              @ Abbrev [30] 0x85f:0x123 DW_TAG_subprogram
	.long	.Lfunc_begin4                   @ DW_AT_low_pc
	.long	.Lfunc_end4-.Lfunc_begin4       @ DW_AT_high_pc
	.byte	1                               @ DW_AT_frame_base
	.byte	93
                                        @ DW_AT_GNU_all_call_sites
	.long	.Linfo_string123                @ DW_AT_name
	.byte	6                               @ DW_AT_decl_file
	.short	326                             @ DW_AT_decl_line
                                        @ DW_AT_prototyped
	.long	7006                            @ DW_AT_type
                                        @ DW_AT_external
	.byte	31                              @ Abbrev [31] 0x875:0x10 DW_TAG_formal_parameter
	.long	.Ldebug_loc27                   @ DW_AT_location
	.long	.Linfo_string149                @ DW_AT_name
	.byte	6                               @ DW_AT_decl_file
	.short	326                             @ DW_AT_decl_line
	.long	7017                            @ DW_AT_type
	.byte	31                              @ Abbrev [31] 0x885:0x10 DW_TAG_formal_parameter
	.long	.Ldebug_loc28                   @ DW_AT_location
	.long	.Linfo_string226                @ DW_AT_name
	.byte	6                               @ DW_AT_decl_file
	.short	326                             @ DW_AT_decl_line
	.long	757                             @ DW_AT_type
	.byte	32                              @ Abbrev [32] 0x895:0x10 DW_TAG_variable
	.long	.Ldebug_loc29                   @ DW_AT_location
	.long	.Linfo_string224                @ DW_AT_name
	.byte	6                               @ DW_AT_decl_file
	.short	329                             @ DW_AT_decl_line
	.long	715                             @ DW_AT_type
	.byte	32                              @ Abbrev [32] 0x8a5:0x10 DW_TAG_variable
	.long	.Ldebug_loc30                   @ DW_AT_location
	.long	.Linfo_string227                @ DW_AT_name
	.byte	6                               @ DW_AT_decl_file
	.short	330                             @ DW_AT_decl_line
	.long	720                             @ DW_AT_type
	.byte	32                              @ Abbrev [32] 0x8b5:0x10 DW_TAG_variable
	.long	.Ldebug_loc34                   @ DW_AT_location
	.long	.Linfo_string228                @ DW_AT_name
	.byte	6                               @ DW_AT_decl_file
	.short	328                             @ DW_AT_decl_line
	.long	720                             @ DW_AT_type
	.byte	33                              @ Abbrev [33] 0x8c5:0x19 DW_TAG_inlined_subroutine
	.long	1405                            @ DW_AT_abstract_origin
	.long	.Ltmp192                        @ DW_AT_low_pc
	.long	.Ltmp194-.Ltmp192               @ DW_AT_high_pc
	.byte	6                               @ DW_AT_call_file
	.short	378                             @ DW_AT_call_line
	.byte	7                               @ DW_AT_call_column
	.byte	24                              @ Abbrev [24] 0x8d6:0x7 DW_TAG_formal_parameter
	.byte	1                               @ DW_AT_location
	.byte	82
	.long	1418                            @ DW_AT_abstract_origin
	.byte	0                               @ End Of Children Mark
	.byte	34                              @ Abbrev [34] 0x8de:0x30 DW_TAG_inlined_subroutine
	.long	2085                            @ DW_AT_abstract_origin
	.long	.Ldebug_ranges2                 @ DW_AT_ranges
	.byte	6                               @ DW_AT_call_file
	.short	388                             @ DW_AT_call_line
	.byte	9                               @ DW_AT_call_column
	.byte	24                              @ Abbrev [24] 0x8eb:0x7 DW_TAG_formal_parameter
	.byte	1                               @ DW_AT_location
	.byte	81
	.long	2094                            @ DW_AT_abstract_origin
	.byte	25                              @ Abbrev [25] 0x8f2:0x9 DW_TAG_formal_parameter
	.long	.Ldebug_loc36                   @ DW_AT_location
	.long	2106                            @ DW_AT_abstract_origin
	.byte	25                              @ Abbrev [25] 0x8fb:0x9 DW_TAG_formal_parameter
	.long	.Ldebug_loc37                   @ DW_AT_location
	.long	2118                            @ DW_AT_abstract_origin
	.byte	29                              @ Abbrev [29] 0x904:0x9 DW_TAG_variable
	.long	.Ldebug_loc35                   @ DW_AT_location
	.long	2130                            @ DW_AT_abstract_origin
	.byte	0                               @ End Of Children Mark
	.byte	35                              @ Abbrev [35] 0x90e:0x11 DW_TAG_inlined_subroutine
	.long	1431                            @ DW_AT_abstract_origin
	.long	.Ltmp200                        @ DW_AT_low_pc
	.long	.Ltmp203-.Ltmp200               @ DW_AT_high_pc
	.byte	6                               @ DW_AT_call_file
	.short	395                             @ DW_AT_call_line
	.byte	9                               @ DW_AT_call_column
	.byte	33                              @ Abbrev [33] 0x91f:0x19 DW_TAG_inlined_subroutine
	.long	1457                            @ DW_AT_abstract_origin
	.long	.Ltmp204                        @ DW_AT_low_pc
	.long	.Ltmp205-.Ltmp204               @ DW_AT_high_pc
	.byte	6                               @ DW_AT_call_file
	.short	397                             @ DW_AT_call_line
	.byte	7                               @ DW_AT_call_column
	.byte	24                              @ Abbrev [24] 0x930:0x7 DW_TAG_formal_parameter
	.byte	1                               @ DW_AT_location
	.byte	82
	.long	1466                            @ DW_AT_abstract_origin
	.byte	0                               @ End Of Children Mark
	.byte	34                              @ Abbrev [34] 0x938:0x30 DW_TAG_inlined_subroutine
	.long	2085                            @ DW_AT_abstract_origin
	.long	.Ldebug_ranges3                 @ DW_AT_ranges
	.byte	6                               @ DW_AT_call_file
	.short	402                             @ DW_AT_call_line
	.byte	7                               @ DW_AT_call_column
	.byte	24                              @ Abbrev [24] 0x945:0x7 DW_TAG_formal_parameter
	.byte	1                               @ DW_AT_location
	.byte	82
	.long	2094                            @ DW_AT_abstract_origin
	.byte	25                              @ Abbrev [25] 0x94c:0x9 DW_TAG_formal_parameter
	.long	.Ldebug_loc32                   @ DW_AT_location
	.long	2106                            @ DW_AT_abstract_origin
	.byte	25                              @ Abbrev [25] 0x955:0x9 DW_TAG_formal_parameter
	.long	.Ldebug_loc33                   @ DW_AT_location
	.long	2118                            @ DW_AT_abstract_origin
	.byte	29                              @ Abbrev [29] 0x95e:0x9 DW_TAG_variable
	.long	.Ldebug_loc31                   @ DW_AT_location
	.long	2130                            @ DW_AT_abstract_origin
	.byte	0                               @ End Of Children Mark
	.byte	33                              @ Abbrev [33] 0x968:0x19 DW_TAG_inlined_subroutine
	.long	1529                            @ DW_AT_abstract_origin
	.long	.Ltmp279                        @ DW_AT_low_pc
	.long	.Ltmp280-.Ltmp279               @ DW_AT_high_pc
	.byte	6                               @ DW_AT_call_file
	.short	406                             @ DW_AT_call_line
	.byte	7                               @ DW_AT_call_column
	.byte	24                              @ Abbrev [24] 0x979:0x7 DW_TAG_formal_parameter
	.byte	1                               @ DW_AT_location
	.byte	82
	.long	1538                            @ DW_AT_abstract_origin
	.byte	0                               @ End Of Children Mark
	.byte	0                               @ End Of Children Mark
	.byte	30                              @ Abbrev [30] 0x982:0x66 DW_TAG_subprogram
	.long	.Lfunc_begin5                   @ DW_AT_low_pc
	.long	.Lfunc_end5-.Lfunc_begin5       @ DW_AT_high_pc
	.byte	1                               @ DW_AT_frame_base
	.byte	93
                                        @ DW_AT_GNU_all_call_sites
	.long	.Linfo_string124                @ DW_AT_name
	.byte	6                               @ DW_AT_decl_file
	.short	417                             @ DW_AT_decl_line
                                        @ DW_AT_prototyped
	.long	7006                            @ DW_AT_type
                                        @ DW_AT_external
	.byte	31                              @ Abbrev [31] 0x998:0x10 DW_TAG_formal_parameter
	.long	.Ldebug_loc38                   @ DW_AT_location
	.long	.Linfo_string149                @ DW_AT_name
	.byte	6                               @ DW_AT_decl_file
	.short	417                             @ DW_AT_decl_line
	.long	7017                            @ DW_AT_type
	.byte	36                              @ Abbrev [36] 0x9a8:0xf DW_TAG_variable
	.byte	2                               @ DW_AT_location
	.byte	145
	.byte	0
	.long	.Linfo_string226                @ DW_AT_name
	.byte	6                               @ DW_AT_decl_file
	.short	421                             @ DW_AT_decl_line
	.long	8108                            @ DW_AT_type
	.byte	32                              @ Abbrev [32] 0x9b7:0x10 DW_TAG_variable
	.long	.Ldebug_loc39                   @ DW_AT_location
	.long	.Linfo_string225                @ DW_AT_name
	.byte	6                               @ DW_AT_decl_file
	.short	419                             @ DW_AT_decl_line
	.long	7006                            @ DW_AT_type
	.byte	32                              @ Abbrev [32] 0x9c7:0x10 DW_TAG_variable
	.long	.Ldebug_loc40                   @ DW_AT_location
	.long	.Linfo_string231                @ DW_AT_name
	.byte	6                               @ DW_AT_decl_file
	.short	420                             @ DW_AT_decl_line
	.long	720                             @ DW_AT_type
	.byte	32                              @ Abbrev [32] 0x9d7:0x10 DW_TAG_variable
	.long	.Ldebug_loc41                   @ DW_AT_location
	.long	.Linfo_string228                @ DW_AT_name
	.byte	6                               @ DW_AT_decl_file
	.short	420                             @ DW_AT_decl_line
	.long	720                             @ DW_AT_type
	.byte	0                               @ End Of Children Mark
	.byte	18                              @ Abbrev [18] 0x9e8:0x1a DW_TAG_subprogram
	.long	.Linfo_string93                 @ DW_AT_name
	.byte	7                               @ DW_AT_decl_file
	.short	6601                            @ DW_AT_decl_line
                                        @ DW_AT_prototyped
	.long	720                             @ DW_AT_type
	.byte	1                               @ DW_AT_inline
	.byte	17                              @ Abbrev [17] 0x9f5:0xc DW_TAG_formal_parameter
	.long	.Linfo_string94                 @ DW_AT_name
	.byte	7                               @ DW_AT_decl_file
	.short	6601                            @ DW_AT_decl_line
	.long	2562                            @ DW_AT_type
	.byte	0                               @ End Of Children Mark
	.byte	5                               @ Abbrev [5] 0xa02:0x5 DW_TAG_pointer_type
	.long	2567                            @ DW_AT_type
	.byte	19                              @ Abbrev [19] 0xa07:0x5 DW_TAG_const_type
	.long	767                             @ DW_AT_type
	.byte	18                              @ Abbrev [18] 0xa0c:0x1a DW_TAG_subprogram
	.long	.Linfo_string95                 @ DW_AT_name
	.byte	7                               @ DW_AT_decl_file
	.short	5017                            @ DW_AT_decl_line
                                        @ DW_AT_prototyped
	.long	720                             @ DW_AT_type
	.byte	1                               @ DW_AT_inline
	.byte	17                              @ Abbrev [17] 0xa19:0xc DW_TAG_formal_parameter
	.long	.Linfo_string77                 @ DW_AT_name
	.byte	7                               @ DW_AT_decl_file
	.short	5017                            @ DW_AT_decl_line
	.long	1118                            @ DW_AT_type
	.byte	0                               @ End Of Children Mark
	.byte	16                              @ Abbrev [16] 0xa26:0x16 DW_TAG_subprogram
	.long	.Linfo_string96                 @ DW_AT_name
	.byte	7                               @ DW_AT_decl_file
	.short	7232                            @ DW_AT_decl_line
                                        @ DW_AT_prototyped
	.byte	1                               @ DW_AT_inline
	.byte	17                              @ Abbrev [17] 0xa2f:0xc DW_TAG_formal_parameter
	.long	.Linfo_string77                 @ DW_AT_name
	.byte	7                               @ DW_AT_decl_file
	.short	7232                            @ DW_AT_decl_line
	.long	159                             @ DW_AT_type
	.byte	0                               @ End Of Children Mark
	.byte	30                              @ Abbrev [30] 0xa3c:0xab DW_TAG_subprogram
	.long	.Lfunc_begin6                   @ DW_AT_low_pc
	.long	.Lfunc_end6-.Lfunc_begin6       @ DW_AT_high_pc
	.byte	1                               @ DW_AT_frame_base
	.byte	93
                                        @ DW_AT_GNU_all_call_sites
	.long	.Linfo_string125                @ DW_AT_name
	.byte	6                               @ DW_AT_decl_file
	.short	463                             @ DW_AT_decl_line
                                        @ DW_AT_prototyped
	.long	7006                            @ DW_AT_type
                                        @ DW_AT_external
	.byte	31                              @ Abbrev [31] 0xa52:0x10 DW_TAG_formal_parameter
	.long	.Ldebug_loc42                   @ DW_AT_location
	.long	.Linfo_string149                @ DW_AT_name
	.byte	6                               @ DW_AT_decl_file
	.short	463                             @ DW_AT_decl_line
	.long	7017                            @ DW_AT_type
	.byte	32                              @ Abbrev [32] 0xa62:0x10 DW_TAG_variable
	.long	.Ldebug_loc43                   @ DW_AT_location
	.long	.Linfo_string232                @ DW_AT_name
	.byte	6                               @ DW_AT_decl_file
	.short	466                             @ DW_AT_decl_line
	.long	720                             @ DW_AT_type
	.byte	32                              @ Abbrev [32] 0xa72:0x10 DW_TAG_variable
	.long	.Ldebug_loc44                   @ DW_AT_location
	.long	.Linfo_string225                @ DW_AT_name
	.byte	6                               @ DW_AT_decl_file
	.short	465                             @ DW_AT_decl_line
	.long	7006                            @ DW_AT_type
	.byte	27                              @ Abbrev [27] 0xa82:0xc DW_TAG_variable
	.long	.Linfo_string233                @ DW_AT_name
	.byte	6                               @ DW_AT_decl_file
	.short	467                             @ DW_AT_decl_line
	.long	720                             @ DW_AT_type
	.byte	37                              @ Abbrev [37] 0xa8e:0xd DW_TAG_inlined_subroutine
	.long	2536                            @ DW_AT_abstract_origin
	.long	.Ldebug_ranges4                 @ DW_AT_ranges
	.byte	6                               @ DW_AT_call_file
	.short	467                             @ DW_AT_call_line
	.byte	35                              @ DW_AT_call_column
	.byte	33                              @ Abbrev [33] 0xa9b:0x19 DW_TAG_inlined_subroutine
	.long	1776                            @ DW_AT_abstract_origin
	.long	.Ltmp376                        @ DW_AT_low_pc
	.long	.Ltmp377-.Ltmp376               @ DW_AT_high_pc
	.byte	6                               @ DW_AT_call_file
	.short	472                             @ DW_AT_call_line
	.byte	7                               @ DW_AT_call_column
	.byte	24                              @ Abbrev [24] 0xaac:0x7 DW_TAG_formal_parameter
	.byte	1                               @ DW_AT_location
	.byte	81
	.long	1789                            @ DW_AT_abstract_origin
	.byte	0                               @ End Of Children Mark
	.byte	33                              @ Abbrev [33] 0xab4:0x19 DW_TAG_inlined_subroutine
	.long	2572                            @ DW_AT_abstract_origin
	.long	.Ltmp416                        @ DW_AT_low_pc
	.long	.Ltmp418-.Ltmp416               @ DW_AT_high_pc
	.byte	6                               @ DW_AT_call_file
	.short	561                             @ DW_AT_call_line
	.byte	13                              @ DW_AT_call_column
	.byte	24                              @ Abbrev [24] 0xac5:0x7 DW_TAG_formal_parameter
	.byte	1                               @ DW_AT_location
	.byte	81
	.long	2585                            @ DW_AT_abstract_origin
	.byte	0                               @ End Of Children Mark
	.byte	33                              @ Abbrev [33] 0xacd:0x19 DW_TAG_inlined_subroutine
	.long	2598                            @ DW_AT_abstract_origin
	.long	.Ltmp420                        @ DW_AT_low_pc
	.long	.Ltmp421-.Ltmp420               @ DW_AT_high_pc
	.byte	6                               @ DW_AT_call_file
	.short	563                             @ DW_AT_call_line
	.byte	11                              @ DW_AT_call_column
	.byte	24                              @ Abbrev [24] 0xade:0x7 DW_TAG_formal_parameter
	.byte	1                               @ DW_AT_location
	.byte	81
	.long	2607                            @ DW_AT_abstract_origin
	.byte	0                               @ End Of Children Mark
	.byte	0                               @ End Of Children Mark
	.byte	30                              @ Abbrev [30] 0xae7:0x50 DW_TAG_subprogram
	.long	.Lfunc_begin7                   @ DW_AT_low_pc
	.long	.Lfunc_end7-.Lfunc_begin7       @ DW_AT_high_pc
	.byte	1                               @ DW_AT_frame_base
	.byte	93
                                        @ DW_AT_GNU_all_call_sites
	.long	.Linfo_string126                @ DW_AT_name
	.byte	6                               @ DW_AT_decl_file
	.short	600                             @ DW_AT_decl_line
                                        @ DW_AT_prototyped
	.long	7006                            @ DW_AT_type
                                        @ DW_AT_external
	.byte	31                              @ Abbrev [31] 0xafd:0x10 DW_TAG_formal_parameter
	.long	.Ldebug_loc45                   @ DW_AT_location
	.long	.Linfo_string149                @ DW_AT_name
	.byte	6                               @ DW_AT_decl_file
	.short	600                             @ DW_AT_decl_line
	.long	7017                            @ DW_AT_type
	.byte	32                              @ Abbrev [32] 0xb0d:0x10 DW_TAG_variable
	.long	.Ldebug_loc46                   @ DW_AT_location
	.long	.Linfo_string225                @ DW_AT_name
	.byte	6                               @ DW_AT_decl_file
	.short	602                             @ DW_AT_decl_line
	.long	7006                            @ DW_AT_type
	.byte	33                              @ Abbrev [33] 0xb1d:0x19 DW_TAG_inlined_subroutine
	.long	1431                            @ DW_AT_abstract_origin
	.long	.Ltmp436                        @ DW_AT_low_pc
	.long	.Ltmp437-.Ltmp436               @ DW_AT_high_pc
	.byte	6                               @ DW_AT_call_file
	.short	617                             @ DW_AT_call_line
	.byte	9                               @ DW_AT_call_column
	.byte	24                              @ Abbrev [24] 0xb2e:0x7 DW_TAG_formal_parameter
	.byte	1                               @ DW_AT_location
	.byte	80
	.long	1444                            @ DW_AT_abstract_origin
	.byte	0                               @ End Of Children Mark
	.byte	0                               @ End Of Children Mark
	.byte	18                              @ Abbrev [18] 0xb37:0x1a DW_TAG_subprogram
	.long	.Linfo_string97                 @ DW_AT_name
	.byte	7                               @ DW_AT_decl_file
	.short	4715                            @ DW_AT_decl_line
                                        @ DW_AT_prototyped
	.long	720                             @ DW_AT_type
	.byte	1                               @ DW_AT_inline
	.byte	17                              @ Abbrev [17] 0xb44:0xc DW_TAG_formal_parameter
	.long	.Linfo_string77                 @ DW_AT_name
	.byte	7                               @ DW_AT_decl_file
	.short	4715                            @ DW_AT_decl_line
	.long	1118                            @ DW_AT_type
	.byte	0                               @ End Of Children Mark
	.byte	18                              @ Abbrev [18] 0xb51:0x1a DW_TAG_subprogram
	.long	.Linfo_string98                 @ DW_AT_name
	.byte	7                               @ DW_AT_decl_file
	.short	3928                            @ DW_AT_decl_line
                                        @ DW_AT_prototyped
	.long	720                             @ DW_AT_type
	.byte	1                               @ DW_AT_inline
	.byte	17                              @ Abbrev [17] 0xb5e:0xc DW_TAG_formal_parameter
	.long	.Linfo_string77                 @ DW_AT_name
	.byte	7                               @ DW_AT_decl_file
	.short	3928                            @ DW_AT_decl_line
	.long	1118                            @ DW_AT_type
	.byte	0                               @ End Of Children Mark
	.byte	30                              @ Abbrev [30] 0xb6b:0xda DW_TAG_subprogram
	.long	.Lfunc_begin8                   @ DW_AT_low_pc
	.long	.Lfunc_end8-.Lfunc_begin8       @ DW_AT_high_pc
	.byte	1                               @ DW_AT_frame_base
	.byte	93
                                        @ DW_AT_GNU_all_call_sites
	.long	.Linfo_string127                @ DW_AT_name
	.byte	6                               @ DW_AT_decl_file
	.short	655                             @ DW_AT_decl_line
                                        @ DW_AT_prototyped
	.long	7006                            @ DW_AT_type
                                        @ DW_AT_external
	.byte	31                              @ Abbrev [31] 0xb81:0x10 DW_TAG_formal_parameter
	.long	.Ldebug_loc47                   @ DW_AT_location
	.long	.Linfo_string149                @ DW_AT_name
	.byte	6                               @ DW_AT_decl_file
	.short	655                             @ DW_AT_decl_line
	.long	7017                            @ DW_AT_type
	.byte	31                              @ Abbrev [31] 0xb91:0x10 DW_TAG_formal_parameter
	.long	.Ldebug_loc48                   @ DW_AT_location
	.long	.Linfo_string234                @ DW_AT_name
	.byte	6                               @ DW_AT_decl_file
	.short	655                             @ DW_AT_decl_line
	.long	720                             @ DW_AT_type
	.byte	32                              @ Abbrev [32] 0xba1:0x10 DW_TAG_variable
	.long	.Ldebug_loc49                   @ DW_AT_location
	.long	.Linfo_string235                @ DW_AT_name
	.byte	6                               @ DW_AT_decl_file
	.short	658                             @ DW_AT_decl_line
	.long	720                             @ DW_AT_type
	.byte	32                              @ Abbrev [32] 0xbb1:0x10 DW_TAG_variable
	.long	.Ldebug_loc50                   @ DW_AT_location
	.long	.Linfo_string236                @ DW_AT_name
	.byte	6                               @ DW_AT_decl_file
	.short	657                             @ DW_AT_decl_line
	.long	720                             @ DW_AT_type
	.byte	32                              @ Abbrev [32] 0xbc1:0x10 DW_TAG_variable
	.long	.Ldebug_loc51                   @ DW_AT_location
	.long	.Linfo_string237                @ DW_AT_name
	.byte	6                               @ DW_AT_decl_file
	.short	660                             @ DW_AT_decl_line
	.long	720                             @ DW_AT_type
	.byte	32                              @ Abbrev [32] 0xbd1:0x10 DW_TAG_variable
	.long	.Ldebug_loc52                   @ DW_AT_location
	.long	.Linfo_string238                @ DW_AT_name
	.byte	6                               @ DW_AT_decl_file
	.short	661                             @ DW_AT_decl_line
	.long	720                             @ DW_AT_type
	.byte	27                              @ Abbrev [27] 0xbe1:0xc DW_TAG_variable
	.long	.Linfo_string239                @ DW_AT_name
	.byte	6                               @ DW_AT_decl_file
	.short	659                             @ DW_AT_decl_line
	.long	720                             @ DW_AT_type
	.byte	27                              @ Abbrev [27] 0xbed:0xc DW_TAG_variable
	.long	.Linfo_string240                @ DW_AT_name
	.byte	6                               @ DW_AT_decl_file
	.short	662                             @ DW_AT_decl_line
	.long	1118                            @ DW_AT_type
	.byte	27                              @ Abbrev [27] 0xbf9:0xc DW_TAG_variable
	.long	.Linfo_string233                @ DW_AT_name
	.byte	6                               @ DW_AT_decl_file
	.short	663                             @ DW_AT_decl_line
	.long	720                             @ DW_AT_type
	.byte	37                              @ Abbrev [37] 0xc05:0xd DW_TAG_inlined_subroutine
	.long	2536                            @ DW_AT_abstract_origin
	.long	.Ldebug_ranges5                 @ DW_AT_ranges
	.byte	6                               @ DW_AT_call_file
	.short	663                             @ DW_AT_call_line
	.byte	35                              @ DW_AT_call_column
	.byte	33                              @ Abbrev [33] 0xc12:0x19 DW_TAG_inlined_subroutine
	.long	2871                            @ DW_AT_abstract_origin
	.long	.Ltmp484                        @ DW_AT_low_pc
	.long	.Ltmp485-.Ltmp484               @ DW_AT_high_pc
	.byte	6                               @ DW_AT_call_file
	.short	704                             @ DW_AT_call_line
	.byte	44                              @ DW_AT_call_column
	.byte	24                              @ Abbrev [24] 0xc23:0x7 DW_TAG_formal_parameter
	.byte	1                               @ DW_AT_location
	.byte	81
	.long	2884                            @ DW_AT_abstract_origin
	.byte	0                               @ End Of Children Mark
	.byte	33                              @ Abbrev [33] 0xc2b:0x19 DW_TAG_inlined_subroutine
	.long	2897                            @ DW_AT_abstract_origin
	.long	.Ltmp485                        @ DW_AT_low_pc
	.long	.Ltmp486-.Ltmp485               @ DW_AT_high_pc
	.byte	6                               @ DW_AT_call_file
	.short	705                             @ DW_AT_call_line
	.byte	44                              @ DW_AT_call_column
	.byte	24                              @ Abbrev [24] 0xc3c:0x7 DW_TAG_formal_parameter
	.byte	1                               @ DW_AT_location
	.byte	81
	.long	2910                            @ DW_AT_abstract_origin
	.byte	0                               @ End Of Children Mark
	.byte	0                               @ End Of Children Mark
	.byte	30                              @ Abbrev [30] 0xc45:0xab DW_TAG_subprogram
	.long	.Lfunc_begin9                   @ DW_AT_low_pc
	.long	.Lfunc_end9-.Lfunc_begin9       @ DW_AT_high_pc
	.byte	1                               @ DW_AT_frame_base
	.byte	93
                                        @ DW_AT_GNU_all_call_sites
	.long	.Linfo_string128                @ DW_AT_name
	.byte	6                               @ DW_AT_decl_file
	.short	789                             @ DW_AT_decl_line
                                        @ DW_AT_prototyped
	.long	7006                            @ DW_AT_type
                                        @ DW_AT_external
	.byte	31                              @ Abbrev [31] 0xc5b:0x10 DW_TAG_formal_parameter
	.long	.Ldebug_loc53                   @ DW_AT_location
	.long	.Linfo_string149                @ DW_AT_name
	.byte	6                               @ DW_AT_decl_file
	.short	789                             @ DW_AT_decl_line
	.long	7017                            @ DW_AT_type
	.byte	32                              @ Abbrev [32] 0xc6b:0x10 DW_TAG_variable
	.long	.Ldebug_loc54                   @ DW_AT_location
	.long	.Linfo_string232                @ DW_AT_name
	.byte	6                               @ DW_AT_decl_file
	.short	792                             @ DW_AT_decl_line
	.long	720                             @ DW_AT_type
	.byte	32                              @ Abbrev [32] 0xc7b:0x10 DW_TAG_variable
	.long	.Ldebug_loc55                   @ DW_AT_location
	.long	.Linfo_string225                @ DW_AT_name
	.byte	6                               @ DW_AT_decl_file
	.short	791                             @ DW_AT_decl_line
	.long	7006                            @ DW_AT_type
	.byte	27                              @ Abbrev [27] 0xc8b:0xc DW_TAG_variable
	.long	.Linfo_string233                @ DW_AT_name
	.byte	6                               @ DW_AT_decl_file
	.short	793                             @ DW_AT_decl_line
	.long	720                             @ DW_AT_type
	.byte	37                              @ Abbrev [37] 0xc97:0xd DW_TAG_inlined_subroutine
	.long	2536                            @ DW_AT_abstract_origin
	.long	.Ldebug_ranges6                 @ DW_AT_ranges
	.byte	6                               @ DW_AT_call_file
	.short	793                             @ DW_AT_call_line
	.byte	35                              @ DW_AT_call_column
	.byte	33                              @ Abbrev [33] 0xca4:0x19 DW_TAG_inlined_subroutine
	.long	1776                            @ DW_AT_abstract_origin
	.long	.Ltmp514                        @ DW_AT_low_pc
	.long	.Ltmp515-.Ltmp514               @ DW_AT_high_pc
	.byte	6                               @ DW_AT_call_file
	.short	798                             @ DW_AT_call_line
	.byte	7                               @ DW_AT_call_column
	.byte	24                              @ Abbrev [24] 0xcb5:0x7 DW_TAG_formal_parameter
	.byte	1                               @ DW_AT_location
	.byte	81
	.long	1789                            @ DW_AT_abstract_origin
	.byte	0                               @ End Of Children Mark
	.byte	33                              @ Abbrev [33] 0xcbd:0x19 DW_TAG_inlined_subroutine
	.long	2572                            @ DW_AT_abstract_origin
	.long	.Ltmp560                        @ DW_AT_low_pc
	.long	.Ltmp562-.Ltmp560               @ DW_AT_high_pc
	.byte	6                               @ DW_AT_call_file
	.short	908                             @ DW_AT_call_line
	.byte	13                              @ DW_AT_call_column
	.byte	24                              @ Abbrev [24] 0xcce:0x7 DW_TAG_formal_parameter
	.byte	1                               @ DW_AT_location
	.byte	81
	.long	2585                            @ DW_AT_abstract_origin
	.byte	0                               @ End Of Children Mark
	.byte	33                              @ Abbrev [33] 0xcd6:0x19 DW_TAG_inlined_subroutine
	.long	2598                            @ DW_AT_abstract_origin
	.long	.Ltmp564                        @ DW_AT_low_pc
	.long	.Ltmp565-.Ltmp564               @ DW_AT_high_pc
	.byte	6                               @ DW_AT_call_file
	.short	910                             @ DW_AT_call_line
	.byte	11                              @ DW_AT_call_column
	.byte	24                              @ Abbrev [24] 0xce7:0x7 DW_TAG_formal_parameter
	.byte	1                               @ DW_AT_location
	.byte	81
	.long	2607                            @ DW_AT_abstract_origin
	.byte	0                               @ End Of Children Mark
	.byte	0                               @ End Of Children Mark
	.byte	30                              @ Abbrev [30] 0xcf0:0x50 DW_TAG_subprogram
	.long	.Lfunc_begin10                  @ DW_AT_low_pc
	.long	.Lfunc_end10-.Lfunc_begin10     @ DW_AT_high_pc
	.byte	1                               @ DW_AT_frame_base
	.byte	93
                                        @ DW_AT_GNU_all_call_sites
	.long	.Linfo_string129                @ DW_AT_name
	.byte	6                               @ DW_AT_decl_file
	.short	950                             @ DW_AT_decl_line
                                        @ DW_AT_prototyped
	.long	7006                            @ DW_AT_type
                                        @ DW_AT_external
	.byte	31                              @ Abbrev [31] 0xd06:0x10 DW_TAG_formal_parameter
	.long	.Ldebug_loc56                   @ DW_AT_location
	.long	.Linfo_string149                @ DW_AT_name
	.byte	6                               @ DW_AT_decl_file
	.short	950                             @ DW_AT_decl_line
	.long	7017                            @ DW_AT_type
	.byte	32                              @ Abbrev [32] 0xd16:0x10 DW_TAG_variable
	.long	.Ldebug_loc57                   @ DW_AT_location
	.long	.Linfo_string225                @ DW_AT_name
	.byte	6                               @ DW_AT_decl_file
	.short	952                             @ DW_AT_decl_line
	.long	7006                            @ DW_AT_type
	.byte	33                              @ Abbrev [33] 0xd26:0x19 DW_TAG_inlined_subroutine
	.long	1431                            @ DW_AT_abstract_origin
	.long	.Ltmp581                        @ DW_AT_low_pc
	.long	.Ltmp582-.Ltmp581               @ DW_AT_high_pc
	.byte	6                               @ DW_AT_call_file
	.short	971                             @ DW_AT_call_line
	.byte	9                               @ DW_AT_call_column
	.byte	24                              @ Abbrev [24] 0xd37:0x7 DW_TAG_formal_parameter
	.byte	1                               @ DW_AT_location
	.byte	80
	.long	1444                            @ DW_AT_abstract_origin
	.byte	0                               @ End Of Children Mark
	.byte	0                               @ End Of Children Mark
	.byte	30                              @ Abbrev [30] 0xd40:0xa4 DW_TAG_subprogram
	.long	.Lfunc_begin11                  @ DW_AT_low_pc
	.long	.Lfunc_end11-.Lfunc_begin11     @ DW_AT_high_pc
	.byte	1                               @ DW_AT_frame_base
	.byte	93
                                        @ DW_AT_GNU_all_call_sites
	.long	.Linfo_string130                @ DW_AT_name
	.byte	6                               @ DW_AT_decl_file
	.short	1019                            @ DW_AT_decl_line
                                        @ DW_AT_prototyped
	.long	7006                            @ DW_AT_type
                                        @ DW_AT_external
	.byte	31                              @ Abbrev [31] 0xd56:0x10 DW_TAG_formal_parameter
	.long	.Ldebug_loc58                   @ DW_AT_location
	.long	.Linfo_string149                @ DW_AT_name
	.byte	6                               @ DW_AT_decl_file
	.short	1019                            @ DW_AT_decl_line
	.long	7017                            @ DW_AT_type
	.byte	31                              @ Abbrev [31] 0xd66:0x10 DW_TAG_formal_parameter
	.long	.Ldebug_loc59                   @ DW_AT_location
	.long	.Linfo_string242                @ DW_AT_name
	.byte	6                               @ DW_AT_decl_file
	.short	1019                            @ DW_AT_decl_line
	.long	8120                            @ DW_AT_type
	.byte	31                              @ Abbrev [31] 0xd76:0x10 DW_TAG_formal_parameter
	.long	.Ldebug_loc60                   @ DW_AT_location
	.long	.Linfo_string243                @ DW_AT_name
	.byte	6                               @ DW_AT_decl_file
	.short	1019                            @ DW_AT_decl_line
	.long	720                             @ DW_AT_type
	.byte	36                              @ Abbrev [36] 0xd86:0xf DW_TAG_variable
	.byte	2                               @ DW_AT_location
	.byte	145
	.byte	0
	.long	.Linfo_string241                @ DW_AT_name
	.byte	6                               @ DW_AT_decl_file
	.short	1022                            @ DW_AT_decl_line
	.long	7022                            @ DW_AT_type
	.byte	32                              @ Abbrev [32] 0xd95:0x10 DW_TAG_variable
	.long	.Ldebug_loc61                   @ DW_AT_location
	.long	.Linfo_string225                @ DW_AT_name
	.byte	6                               @ DW_AT_decl_file
	.short	1021                            @ DW_AT_decl_line
	.long	7006                            @ DW_AT_type
	.byte	27                              @ Abbrev [27] 0xda5:0xc DW_TAG_variable
	.long	.Linfo_string244                @ DW_AT_name
	.byte	6                               @ DW_AT_decl_file
	.short	1023                            @ DW_AT_decl_line
	.long	762                             @ DW_AT_type
	.byte	33                              @ Abbrev [33] 0xdb1:0x19 DW_TAG_inlined_subroutine
	.long	1431                            @ DW_AT_abstract_origin
	.long	.Ltmp595                        @ DW_AT_low_pc
	.long	.Ltmp596-.Ltmp595               @ DW_AT_high_pc
	.byte	6                               @ DW_AT_call_file
	.short	1030                            @ DW_AT_call_line
	.byte	7                               @ DW_AT_call_column
	.byte	24                              @ Abbrev [24] 0xdc2:0x7 DW_TAG_formal_parameter
	.byte	1                               @ DW_AT_location
	.byte	83
	.long	1444                            @ DW_AT_abstract_origin
	.byte	0                               @ End Of Children Mark
	.byte	33                              @ Abbrev [33] 0xdca:0x19 DW_TAG_inlined_subroutine
	.long	1529                            @ DW_AT_abstract_origin
	.long	.Ltmp624                        @ DW_AT_low_pc
	.long	.Ltmp625-.Ltmp624               @ DW_AT_high_pc
	.byte	6                               @ DW_AT_call_file
	.short	1129                            @ DW_AT_call_line
	.byte	9                               @ DW_AT_call_column
	.byte	24                              @ Abbrev [24] 0xddb:0x7 DW_TAG_formal_parameter
	.byte	1                               @ DW_AT_location
	.byte	81
	.long	1538                            @ DW_AT_abstract_origin
	.byte	0                               @ End Of Children Mark
	.byte	0                               @ End Of Children Mark
	.byte	30                              @ Abbrev [30] 0xde4:0xbe DW_TAG_subprogram
	.long	.Lfunc_begin12                  @ DW_AT_low_pc
	.long	.Lfunc_end12-.Lfunc_begin12     @ DW_AT_high_pc
	.byte	1                               @ DW_AT_frame_base
	.byte	93
                                        @ DW_AT_GNU_all_call_sites
	.long	.Linfo_string131                @ DW_AT_name
	.byte	6                               @ DW_AT_decl_file
	.short	1156                            @ DW_AT_decl_line
                                        @ DW_AT_prototyped
	.long	7006                            @ DW_AT_type
                                        @ DW_AT_external
	.byte	31                              @ Abbrev [31] 0xdfa:0x10 DW_TAG_formal_parameter
	.long	.Ldebug_loc62                   @ DW_AT_location
	.long	.Linfo_string149                @ DW_AT_name
	.byte	6                               @ DW_AT_decl_file
	.short	1156                            @ DW_AT_decl_line
	.long	7017                            @ DW_AT_type
	.byte	36                              @ Abbrev [36] 0xe0a:0xf DW_TAG_variable
	.byte	2                               @ DW_AT_location
	.byte	145
	.byte	4
	.long	.Linfo_string241                @ DW_AT_name
	.byte	6                               @ DW_AT_decl_file
	.short	1160                            @ DW_AT_decl_line
	.long	7022                            @ DW_AT_type
	.byte	32                              @ Abbrev [32] 0xe19:0x10 DW_TAG_variable
	.long	.Ldebug_loc63                   @ DW_AT_location
	.long	.Linfo_string225                @ DW_AT_name
	.byte	6                               @ DW_AT_decl_file
	.short	1158                            @ DW_AT_decl_line
	.long	7006                            @ DW_AT_type
	.byte	32                              @ Abbrev [32] 0xe29:0x10 DW_TAG_variable
	.long	.Ldebug_loc64                   @ DW_AT_location
	.long	.Linfo_string245                @ DW_AT_name
	.byte	6                               @ DW_AT_decl_file
	.short	1161                            @ DW_AT_decl_line
	.long	720                             @ DW_AT_type
	.byte	32                              @ Abbrev [32] 0xe39:0x10 DW_TAG_variable
	.long	.Ldebug_loc65                   @ DW_AT_location
	.long	.Linfo_string236                @ DW_AT_name
	.byte	6                               @ DW_AT_decl_file
	.short	1159                            @ DW_AT_decl_line
	.long	720                             @ DW_AT_type
	.byte	27                              @ Abbrev [27] 0xe49:0xc DW_TAG_variable
	.long	.Linfo_string246                @ DW_AT_name
	.byte	6                               @ DW_AT_decl_file
	.short	1162                            @ DW_AT_decl_line
	.long	7006                            @ DW_AT_type
	.byte	38                              @ Abbrev [38] 0xe55:0xb DW_TAG_inlined_subroutine
	.long	1431                            @ DW_AT_abstract_origin
	.long	.Ldebug_ranges7                 @ DW_AT_ranges
	.byte	6                               @ DW_AT_call_file
	.byte	0                               @ DW_AT_call_line
	.byte	34                              @ Abbrev [34] 0xe60:0x17 DW_TAG_inlined_subroutine
	.long	1431                            @ DW_AT_abstract_origin
	.long	.Ldebug_ranges8                 @ DW_AT_ranges
	.byte	6                               @ DW_AT_call_file
	.short	1201                            @ DW_AT_call_line
	.byte	13                              @ DW_AT_call_column
	.byte	25                              @ Abbrev [25] 0xe6d:0x9 DW_TAG_formal_parameter
	.long	.Ldebug_loc66                   @ DW_AT_location
	.long	1444                            @ DW_AT_abstract_origin
	.byte	0                               @ End Of Children Mark
	.byte	35                              @ Abbrev [35] 0xe77:0x11 DW_TAG_inlined_subroutine
	.long	1431                            @ DW_AT_abstract_origin
	.long	.Ltmp673                        @ DW_AT_low_pc
	.long	.Ltmp674-.Ltmp673               @ DW_AT_high_pc
	.byte	6                               @ DW_AT_call_file
	.short	1208                            @ DW_AT_call_line
	.byte	44                              @ DW_AT_call_column
	.byte	33                              @ Abbrev [33] 0xe88:0x19 DW_TAG_inlined_subroutine
	.long	1431                            @ DW_AT_abstract_origin
	.long	.Ltmp674                        @ DW_AT_low_pc
	.long	.Ltmp675-.Ltmp674               @ DW_AT_high_pc
	.byte	6                               @ DW_AT_call_file
	.short	1210                            @ DW_AT_call_line
	.byte	13                              @ DW_AT_call_column
	.byte	24                              @ Abbrev [24] 0xe99:0x7 DW_TAG_formal_parameter
	.byte	1                               @ DW_AT_location
	.byte	80
	.long	1444                            @ DW_AT_abstract_origin
	.byte	0                               @ End Of Children Mark
	.byte	0                               @ End Of Children Mark
	.byte	30                              @ Abbrev [30] 0xea2:0x33 DW_TAG_subprogram
	.long	.Lfunc_begin13                  @ DW_AT_low_pc
	.long	.Lfunc_end13-.Lfunc_begin13     @ DW_AT_high_pc
	.byte	1                               @ DW_AT_frame_base
	.byte	93
                                        @ DW_AT_GNU_all_call_sites
	.long	.Linfo_string132                @ DW_AT_name
	.byte	6                               @ DW_AT_decl_file
	.short	1280                            @ DW_AT_decl_line
                                        @ DW_AT_prototyped
	.long	720                             @ DW_AT_type
                                        @ DW_AT_external
	.byte	31                              @ Abbrev [31] 0xeb8:0x10 DW_TAG_formal_parameter
	.long	.Ldebug_loc67                   @ DW_AT_location
	.long	.Linfo_string149                @ DW_AT_name
	.byte	6                               @ DW_AT_decl_file
	.short	1280                            @ DW_AT_decl_line
	.long	8098                            @ DW_AT_type
	.byte	27                              @ Abbrev [27] 0xec8:0xc DW_TAG_variable
	.long	.Linfo_string244                @ DW_AT_name
	.byte	6                               @ DW_AT_decl_file
	.short	1282                            @ DW_AT_decl_line
	.long	2562                            @ DW_AT_type
	.byte	0                               @ End Of Children Mark
	.byte	30                              @ Abbrev [30] 0xed5:0x47 DW_TAG_subprogram
	.long	.Lfunc_begin14                  @ DW_AT_low_pc
	.long	.Lfunc_end14-.Lfunc_begin14     @ DW_AT_high_pc
	.byte	1                               @ DW_AT_frame_base
	.byte	93
                                        @ DW_AT_GNU_all_call_sites
	.long	.Linfo_string133                @ DW_AT_name
	.byte	6                               @ DW_AT_decl_file
	.short	1326                            @ DW_AT_decl_line
                                        @ DW_AT_prototyped
	.long	720                             @ DW_AT_type
                                        @ DW_AT_external
	.byte	31                              @ Abbrev [31] 0xeeb:0x10 DW_TAG_formal_parameter
	.long	.Ldebug_loc68                   @ DW_AT_location
	.long	.Linfo_string149                @ DW_AT_name
	.byte	6                               @ DW_AT_decl_file
	.short	1326                            @ DW_AT_decl_line
	.long	8098                            @ DW_AT_type
	.byte	31                              @ Abbrev [31] 0xefb:0x10 DW_TAG_formal_parameter
	.long	.Ldebug_loc69                   @ DW_AT_location
	.long	.Linfo_string247                @ DW_AT_name
	.byte	6                               @ DW_AT_decl_file
	.short	1326                            @ DW_AT_decl_line
	.long	720                             @ DW_AT_type
	.byte	32                              @ Abbrev [32] 0xf0b:0x10 DW_TAG_variable
	.long	.Ldebug_loc70                   @ DW_AT_location
	.long	.Linfo_string248                @ DW_AT_name
	.byte	6                               @ DW_AT_decl_file
	.short	1328                            @ DW_AT_decl_line
	.long	720                             @ DW_AT_type
	.byte	0                               @ End Of Children Mark
	.byte	39                              @ Abbrev [39] 0xf1c:0x21 DW_TAG_subprogram
	.long	.Lfunc_begin15                  @ DW_AT_low_pc
	.long	.Lfunc_end15-.Lfunc_begin15     @ DW_AT_high_pc
	.byte	1                               @ DW_AT_frame_base
	.byte	93
                                        @ DW_AT_GNU_all_call_sites
	.long	.Linfo_string134                @ DW_AT_name
	.byte	6                               @ DW_AT_decl_file
	.short	1361                            @ DW_AT_decl_line
                                        @ DW_AT_prototyped
                                        @ DW_AT_external
	.byte	40                              @ Abbrev [40] 0xf2e:0xe DW_TAG_formal_parameter
	.byte	1                               @ DW_AT_location
	.byte	80
	.long	.Linfo_string149                @ DW_AT_name
	.byte	6                               @ DW_AT_decl_file
	.short	1361                            @ DW_AT_decl_line
	.long	7017                            @ DW_AT_type
	.byte	0                               @ End Of Children Mark
	.byte	39                              @ Abbrev [39] 0xf3d:0x21 DW_TAG_subprogram
	.long	.Lfunc_begin16                  @ DW_AT_low_pc
	.long	.Lfunc_end16-.Lfunc_begin16     @ DW_AT_high_pc
	.byte	1                               @ DW_AT_frame_base
	.byte	93
                                        @ DW_AT_GNU_all_call_sites
	.long	.Linfo_string135                @ DW_AT_name
	.byte	6                               @ DW_AT_decl_file
	.short	1380                            @ DW_AT_decl_line
                                        @ DW_AT_prototyped
                                        @ DW_AT_external
	.byte	40                              @ Abbrev [40] 0xf4f:0xe DW_TAG_formal_parameter
	.byte	1                               @ DW_AT_location
	.byte	80
	.long	.Linfo_string149                @ DW_AT_name
	.byte	6                               @ DW_AT_decl_file
	.short	1380                            @ DW_AT_decl_line
	.long	7017                            @ DW_AT_type
	.byte	0                               @ End Of Children Mark
	.byte	39                              @ Abbrev [39] 0xf5e:0x21 DW_TAG_subprogram
	.long	.Lfunc_begin17                  @ DW_AT_low_pc
	.long	.Lfunc_end17-.Lfunc_begin17     @ DW_AT_high_pc
	.byte	1                               @ DW_AT_frame_base
	.byte	93
                                        @ DW_AT_GNU_all_call_sites
	.long	.Linfo_string136                @ DW_AT_name
	.byte	6                               @ DW_AT_decl_file
	.short	1395                            @ DW_AT_decl_line
                                        @ DW_AT_prototyped
                                        @ DW_AT_external
	.byte	40                              @ Abbrev [40] 0xf70:0xe DW_TAG_formal_parameter
	.byte	1                               @ DW_AT_location
	.byte	80
	.long	.Linfo_string149                @ DW_AT_name
	.byte	6                               @ DW_AT_decl_file
	.short	1395                            @ DW_AT_decl_line
	.long	7017                            @ DW_AT_type
	.byte	0                               @ End Of Children Mark
	.byte	39                              @ Abbrev [39] 0xf7f:0x21 DW_TAG_subprogram
	.long	.Lfunc_begin18                  @ DW_AT_low_pc
	.long	.Lfunc_end18-.Lfunc_begin18     @ DW_AT_high_pc
	.byte	1                               @ DW_AT_frame_base
	.byte	93
                                        @ DW_AT_GNU_all_call_sites
	.long	.Linfo_string137                @ DW_AT_name
	.byte	6                               @ DW_AT_decl_file
	.short	1410                            @ DW_AT_decl_line
                                        @ DW_AT_prototyped
                                        @ DW_AT_external
	.byte	40                              @ Abbrev [40] 0xf91:0xe DW_TAG_formal_parameter
	.byte	1                               @ DW_AT_location
	.byte	80
	.long	.Linfo_string149                @ DW_AT_name
	.byte	6                               @ DW_AT_decl_file
	.short	1410                            @ DW_AT_decl_line
	.long	7017                            @ DW_AT_type
	.byte	0                               @ End Of Children Mark
	.byte	39                              @ Abbrev [39] 0xfa0:0x21 DW_TAG_subprogram
	.long	.Lfunc_begin19                  @ DW_AT_low_pc
	.long	.Lfunc_end19-.Lfunc_begin19     @ DW_AT_high_pc
	.byte	1                               @ DW_AT_frame_base
	.byte	93
                                        @ DW_AT_GNU_all_call_sites
	.long	.Linfo_string138                @ DW_AT_name
	.byte	6                               @ DW_AT_decl_file
	.short	1426                            @ DW_AT_decl_line
                                        @ DW_AT_prototyped
                                        @ DW_AT_external
	.byte	40                              @ Abbrev [40] 0xfb2:0xe DW_TAG_formal_parameter
	.byte	1                               @ DW_AT_location
	.byte	80
	.long	.Linfo_string149                @ DW_AT_name
	.byte	6                               @ DW_AT_decl_file
	.short	1426                            @ DW_AT_decl_line
	.long	7017                            @ DW_AT_type
	.byte	0                               @ End Of Children Mark
	.byte	30                              @ Abbrev [30] 0xfc1:0x50 DW_TAG_subprogram
	.long	.Lfunc_begin20                  @ DW_AT_low_pc
	.long	.Lfunc_end20-.Lfunc_begin20     @ DW_AT_high_pc
	.byte	1                               @ DW_AT_frame_base
	.byte	93
                                        @ DW_AT_GNU_all_call_sites
	.long	.Linfo_string139                @ DW_AT_name
	.byte	6                               @ DW_AT_decl_file
	.short	1443                            @ DW_AT_decl_line
                                        @ DW_AT_prototyped
	.long	7006                            @ DW_AT_type
                                        @ DW_AT_external
	.byte	31                              @ Abbrev [31] 0xfd7:0x10 DW_TAG_formal_parameter
	.long	.Ldebug_loc71                   @ DW_AT_location
	.long	.Linfo_string149                @ DW_AT_name
	.byte	6                               @ DW_AT_decl_file
	.short	1443                            @ DW_AT_decl_line
	.long	7017                            @ DW_AT_type
	.byte	32                              @ Abbrev [32] 0xfe7:0x10 DW_TAG_variable
	.long	.Ldebug_loc72                   @ DW_AT_location
	.long	.Linfo_string225                @ DW_AT_name
	.byte	6                               @ DW_AT_decl_file
	.short	1445                            @ DW_AT_decl_line
	.long	7006                            @ DW_AT_type
	.byte	33                              @ Abbrev [33] 0xff7:0x19 DW_TAG_inlined_subroutine
	.long	1776                            @ DW_AT_abstract_origin
	.long	.Ltmp737                        @ DW_AT_low_pc
	.long	.Ltmp738-.Ltmp737               @ DW_AT_high_pc
	.byte	6                               @ DW_AT_call_file
	.short	1463                            @ DW_AT_call_line
	.byte	9                               @ DW_AT_call_column
	.byte	24                              @ Abbrev [24] 0x1008:0x7 DW_TAG_formal_parameter
	.byte	1                               @ DW_AT_location
	.byte	80
	.long	1789                            @ DW_AT_abstract_origin
	.byte	0                               @ End Of Children Mark
	.byte	0                               @ End Of Children Mark
	.byte	30                              @ Abbrev [30] 0x1011:0x50 DW_TAG_subprogram
	.long	.Lfunc_begin21                  @ DW_AT_low_pc
	.long	.Lfunc_end21-.Lfunc_begin21     @ DW_AT_high_pc
	.byte	1                               @ DW_AT_frame_base
	.byte	93
                                        @ DW_AT_GNU_all_call_sites
	.long	.Linfo_string140                @ DW_AT_name
	.byte	6                               @ DW_AT_decl_file
	.short	1501                            @ DW_AT_decl_line
                                        @ DW_AT_prototyped
	.long	7006                            @ DW_AT_type
                                        @ DW_AT_external
	.byte	31                              @ Abbrev [31] 0x1027:0x10 DW_TAG_formal_parameter
	.long	.Ldebug_loc73                   @ DW_AT_location
	.long	.Linfo_string149                @ DW_AT_name
	.byte	6                               @ DW_AT_decl_file
	.short	1501                            @ DW_AT_decl_line
	.long	7017                            @ DW_AT_type
	.byte	32                              @ Abbrev [32] 0x1037:0x10 DW_TAG_variable
	.long	.Ldebug_loc74                   @ DW_AT_location
	.long	.Linfo_string225                @ DW_AT_name
	.byte	6                               @ DW_AT_decl_file
	.short	1503                            @ DW_AT_decl_line
	.long	7006                            @ DW_AT_type
	.byte	33                              @ Abbrev [33] 0x1047:0x19 DW_TAG_inlined_subroutine
	.long	1776                            @ DW_AT_abstract_origin
	.long	.Ltmp764                        @ DW_AT_low_pc
	.long	.Ltmp765-.Ltmp764               @ DW_AT_high_pc
	.byte	6                               @ DW_AT_call_file
	.short	1525                            @ DW_AT_call_line
	.byte	9                               @ DW_AT_call_column
	.byte	24                              @ Abbrev [24] 0x1058:0x7 DW_TAG_formal_parameter
	.byte	1                               @ DW_AT_location
	.byte	80
	.long	1789                            @ DW_AT_abstract_origin
	.byte	0                               @ End Of Children Mark
	.byte	0                               @ End Of Children Mark
	.byte	30                              @ Abbrev [30] 0x1061:0x50 DW_TAG_subprogram
	.long	.Lfunc_begin22                  @ DW_AT_low_pc
	.long	.Lfunc_end22-.Lfunc_begin22     @ DW_AT_high_pc
	.byte	1                               @ DW_AT_frame_base
	.byte	93
                                        @ DW_AT_GNU_all_call_sites
	.long	.Linfo_string141                @ DW_AT_name
	.byte	6                               @ DW_AT_decl_file
	.short	1561                            @ DW_AT_decl_line
                                        @ DW_AT_prototyped
	.long	7006                            @ DW_AT_type
                                        @ DW_AT_external
	.byte	31                              @ Abbrev [31] 0x1077:0x10 DW_TAG_formal_parameter
	.long	.Ldebug_loc75                   @ DW_AT_location
	.long	.Linfo_string149                @ DW_AT_name
	.byte	6                               @ DW_AT_decl_file
	.short	1561                            @ DW_AT_decl_line
	.long	7017                            @ DW_AT_type
	.byte	32                              @ Abbrev [32] 0x1087:0x10 DW_TAG_variable
	.long	.Ldebug_loc76                   @ DW_AT_location
	.long	.Linfo_string225                @ DW_AT_name
	.byte	6                               @ DW_AT_decl_file
	.short	1563                            @ DW_AT_decl_line
	.long	7006                            @ DW_AT_type
	.byte	33                              @ Abbrev [33] 0x1097:0x19 DW_TAG_inlined_subroutine
	.long	1776                            @ DW_AT_abstract_origin
	.long	.Ltmp794                        @ DW_AT_low_pc
	.long	.Ltmp795-.Ltmp794               @ DW_AT_high_pc
	.byte	6                               @ DW_AT_call_file
	.short	1601                            @ DW_AT_call_line
	.byte	9                               @ DW_AT_call_column
	.byte	24                              @ Abbrev [24] 0x10a8:0x7 DW_TAG_formal_parameter
	.byte	1                               @ DW_AT_location
	.byte	81
	.long	1789                            @ DW_AT_abstract_origin
	.byte	0                               @ End Of Children Mark
	.byte	0                               @ End Of Children Mark
	.byte	30                              @ Abbrev [30] 0x10b1:0xdc DW_TAG_subprogram
	.long	.Lfunc_begin23                  @ DW_AT_low_pc
	.long	.Lfunc_end23-.Lfunc_begin23     @ DW_AT_high_pc
	.byte	1                               @ DW_AT_frame_base
	.byte	93
                                        @ DW_AT_GNU_all_call_sites
	.long	.Linfo_string142                @ DW_AT_name
	.byte	6                               @ DW_AT_decl_file
	.short	1647                            @ DW_AT_decl_line
                                        @ DW_AT_prototyped
	.long	7006                            @ DW_AT_type
                                        @ DW_AT_external
	.byte	31                              @ Abbrev [31] 0x10c7:0x10 DW_TAG_formal_parameter
	.long	.Ldebug_loc77                   @ DW_AT_location
	.long	.Linfo_string149                @ DW_AT_name
	.byte	6                               @ DW_AT_decl_file
	.short	1647                            @ DW_AT_decl_line
	.long	7017                            @ DW_AT_type
	.byte	36                              @ Abbrev [36] 0x10d7:0xf DW_TAG_variable
	.byte	2                               @ DW_AT_location
	.byte	145
	.byte	4
	.long	.Linfo_string241                @ DW_AT_name
	.byte	6                               @ DW_AT_decl_file
	.short	1651                            @ DW_AT_decl_line
	.long	7022                            @ DW_AT_type
	.byte	32                              @ Abbrev [32] 0x10e6:0x10 DW_TAG_variable
	.long	.Ldebug_loc78                   @ DW_AT_location
	.long	.Linfo_string225                @ DW_AT_name
	.byte	6                               @ DW_AT_decl_file
	.short	1649                            @ DW_AT_decl_line
	.long	7006                            @ DW_AT_type
	.byte	32                              @ Abbrev [32] 0x10f6:0x10 DW_TAG_variable
	.long	.Ldebug_loc79                   @ DW_AT_location
	.long	.Linfo_string245                @ DW_AT_name
	.byte	6                               @ DW_AT_decl_file
	.short	1652                            @ DW_AT_decl_line
	.long	720                             @ DW_AT_type
	.byte	32                              @ Abbrev [32] 0x1106:0x10 DW_TAG_variable
	.long	.Ldebug_loc80                   @ DW_AT_location
	.long	.Linfo_string236                @ DW_AT_name
	.byte	6                               @ DW_AT_decl_file
	.short	1650                            @ DW_AT_decl_line
	.long	720                             @ DW_AT_type
	.byte	38                              @ Abbrev [38] 0x1116:0xb DW_TAG_inlined_subroutine
	.long	1431                            @ DW_AT_abstract_origin
	.long	.Ldebug_ranges9                 @ DW_AT_ranges
	.byte	6                               @ DW_AT_call_file
	.byte	0                               @ DW_AT_call_line
	.byte	34                              @ Abbrev [34] 0x1121:0x17 DW_TAG_inlined_subroutine
	.long	1431                            @ DW_AT_abstract_origin
	.long	.Ldebug_ranges10                @ DW_AT_ranges
	.byte	6                               @ DW_AT_call_file
	.short	1694                            @ DW_AT_call_line
	.byte	13                              @ DW_AT_call_column
	.byte	25                              @ Abbrev [25] 0x112e:0x9 DW_TAG_formal_parameter
	.long	.Ldebug_loc81                   @ DW_AT_location
	.long	1444                            @ DW_AT_abstract_origin
	.byte	0                               @ End Of Children Mark
	.byte	35                              @ Abbrev [35] 0x1138:0x11 DW_TAG_inlined_subroutine
	.long	1431                            @ DW_AT_abstract_origin
	.long	.Ltmp851                        @ DW_AT_low_pc
	.long	.Ltmp852-.Ltmp851               @ DW_AT_high_pc
	.byte	6                               @ DW_AT_call_file
	.short	1701                            @ DW_AT_call_line
	.byte	44                              @ DW_AT_call_column
	.byte	33                              @ Abbrev [33] 0x1149:0x19 DW_TAG_inlined_subroutine
	.long	1431                            @ DW_AT_abstract_origin
	.long	.Ltmp852                        @ DW_AT_low_pc
	.long	.Ltmp853-.Ltmp852               @ DW_AT_high_pc
	.byte	6                               @ DW_AT_call_file
	.short	1703                            @ DW_AT_call_line
	.byte	13                              @ DW_AT_call_column
	.byte	24                              @ Abbrev [24] 0x115a:0x7 DW_TAG_formal_parameter
	.byte	1                               @ DW_AT_location
	.byte	80
	.long	1444                            @ DW_AT_abstract_origin
	.byte	0                               @ End Of Children Mark
	.byte	33                              @ Abbrev [33] 0x1162:0x19 DW_TAG_inlined_subroutine
	.long	1776                            @ DW_AT_abstract_origin
	.long	.Ltmp866                        @ DW_AT_low_pc
	.long	.Ltmp867-.Ltmp866               @ DW_AT_high_pc
	.byte	6                               @ DW_AT_call_file
	.short	1742                            @ DW_AT_call_line
	.byte	11                              @ DW_AT_call_column
	.byte	24                              @ Abbrev [24] 0x1173:0x7 DW_TAG_formal_parameter
	.byte	1                               @ DW_AT_location
	.byte	80
	.long	1789                            @ DW_AT_abstract_origin
	.byte	0                               @ End Of Children Mark
	.byte	35                              @ Abbrev [35] 0x117b:0x11 DW_TAG_inlined_subroutine
	.long	1776                            @ DW_AT_abstract_origin
	.long	.Ltmp870                        @ DW_AT_low_pc
	.long	.Ltmp871-.Ltmp870               @ DW_AT_high_pc
	.byte	6                               @ DW_AT_call_file
	.short	1747                            @ DW_AT_call_line
	.byte	15                              @ DW_AT_call_column
	.byte	0                               @ End Of Children Mark
	.byte	16                              @ Abbrev [16] 0x118d:0x3a DW_TAG_subprogram
	.long	.Linfo_string99                 @ DW_AT_name
	.byte	7                               @ DW_AT_decl_file
	.short	5409                            @ DW_AT_decl_line
                                        @ DW_AT_prototyped
	.byte	1                               @ DW_AT_inline
	.byte	17                              @ Abbrev [17] 0x1196:0xc DW_TAG_formal_parameter
	.long	.Linfo_string77                 @ DW_AT_name
	.byte	7                               @ DW_AT_decl_file
	.short	5409                            @ DW_AT_decl_line
	.long	159                             @ DW_AT_type
	.byte	17                              @ Abbrev [17] 0x11a2:0xc DW_TAG_formal_parameter
	.long	.Linfo_string100                @ DW_AT_name
	.byte	7                               @ DW_AT_decl_file
	.short	5409                            @ DW_AT_decl_line
	.long	720                             @ DW_AT_type
	.byte	17                              @ Abbrev [17] 0x11ae:0xc DW_TAG_formal_parameter
	.long	.Linfo_string101                @ DW_AT_name
	.byte	7                               @ DW_AT_decl_file
	.short	5409                            @ DW_AT_decl_line
	.long	720                             @ DW_AT_type
	.byte	27                              @ Abbrev [27] 0x11ba:0xc DW_TAG_variable
	.long	.Linfo_string102                @ DW_AT_name
	.byte	7                               @ DW_AT_decl_file
	.short	5415                            @ DW_AT_decl_line
	.long	1041                            @ DW_AT_type
	.byte	0                               @ End Of Children Mark
	.byte	18                              @ Abbrev [18] 0x11c7:0x32 DW_TAG_subprogram
	.long	.Linfo_string103                @ DW_AT_name
	.byte	7                               @ DW_AT_decl_file
	.short	3461                            @ DW_AT_decl_line
                                        @ DW_AT_prototyped
	.long	720                             @ DW_AT_type
	.byte	1                               @ DW_AT_inline
	.byte	17                              @ Abbrev [17] 0x11d4:0xc DW_TAG_formal_parameter
	.long	.Linfo_string77                 @ DW_AT_name
	.byte	7                               @ DW_AT_decl_file
	.short	3461                            @ DW_AT_decl_line
	.long	1118                            @ DW_AT_type
	.byte	17                              @ Abbrev [17] 0x11e0:0xc DW_TAG_formal_parameter
	.long	.Linfo_string104                @ DW_AT_name
	.byte	7                               @ DW_AT_decl_file
	.short	3461                            @ DW_AT_decl_line
	.long	720                             @ DW_AT_type
	.byte	27                              @ Abbrev [27] 0x11ec:0xc DW_TAG_variable
	.long	.Linfo_string102                @ DW_AT_name
	.byte	7                               @ DW_AT_decl_file
	.short	3463                            @ DW_AT_decl_line
	.long	4601                            @ DW_AT_type
	.byte	0                               @ End Of Children Mark
	.byte	5                               @ Abbrev [5] 0x11f9:0x5 DW_TAG_pointer_type
	.long	4606                            @ DW_AT_type
	.byte	19                              @ Abbrev [19] 0x11fe:0x5 DW_TAG_const_type
	.long	715                             @ DW_AT_type
	.byte	16                              @ Abbrev [16] 0x1203:0x46 DW_TAG_subprogram
	.long	.Linfo_string105                @ DW_AT_name
	.byte	7                               @ DW_AT_decl_file
	.short	3379                            @ DW_AT_decl_line
                                        @ DW_AT_prototyped
	.byte	1                               @ DW_AT_inline
	.byte	17                              @ Abbrev [17] 0x120c:0xc DW_TAG_formal_parameter
	.long	.Linfo_string77                 @ DW_AT_name
	.byte	7                               @ DW_AT_decl_file
	.short	3379                            @ DW_AT_decl_line
	.long	159                             @ DW_AT_type
	.byte	17                              @ Abbrev [17] 0x1218:0xc DW_TAG_formal_parameter
	.long	.Linfo_string104                @ DW_AT_name
	.byte	7                               @ DW_AT_decl_file
	.short	3379                            @ DW_AT_decl_line
	.long	720                             @ DW_AT_type
	.byte	17                              @ Abbrev [17] 0x1224:0xc DW_TAG_formal_parameter
	.long	.Linfo_string100                @ DW_AT_name
	.byte	7                               @ DW_AT_decl_file
	.short	3379                            @ DW_AT_decl_line
	.long	720                             @ DW_AT_type
	.byte	17                              @ Abbrev [17] 0x1230:0xc DW_TAG_formal_parameter
	.long	.Linfo_string106                @ DW_AT_name
	.byte	7                               @ DW_AT_decl_file
	.short	3379                            @ DW_AT_decl_line
	.long	720                             @ DW_AT_type
	.byte	27                              @ Abbrev [27] 0x123c:0xc DW_TAG_variable
	.long	.Linfo_string102                @ DW_AT_name
	.byte	7                               @ DW_AT_decl_file
	.short	3381                            @ DW_AT_decl_line
	.long	1041                            @ DW_AT_type
	.byte	0                               @ End Of Children Mark
	.byte	16                              @ Abbrev [16] 0x1249:0x3c DW_TAG_subprogram
	.long	.Linfo_string107                @ DW_AT_name
	.byte	7                               @ DW_AT_decl_file
	.short	3552                            @ DW_AT_decl_line
                                        @ DW_AT_prototyped
	.byte	1                               @ DW_AT_inline
	.byte	17                              @ Abbrev [17] 0x1252:0xc DW_TAG_formal_parameter
	.long	.Linfo_string77                 @ DW_AT_name
	.byte	7                               @ DW_AT_decl_file
	.short	3552                            @ DW_AT_decl_line
	.long	159                             @ DW_AT_type
	.byte	17                              @ Abbrev [17] 0x125e:0xc DW_TAG_formal_parameter
	.long	.Linfo_string104                @ DW_AT_name
	.byte	7                               @ DW_AT_decl_file
	.short	3552                            @ DW_AT_decl_line
	.long	720                             @ DW_AT_type
	.byte	17                              @ Abbrev [17] 0x126a:0xc DW_TAG_formal_parameter
	.long	.Linfo_string108                @ DW_AT_name
	.byte	7                               @ DW_AT_decl_file
	.short	3552                            @ DW_AT_decl_line
	.long	720                             @ DW_AT_type
	.byte	41                              @ Abbrev [41] 0x1276:0xe DW_TAG_lexical_block
	.byte	27                              @ Abbrev [27] 0x1277:0xc DW_TAG_variable
	.long	.Linfo_string102                @ DW_AT_name
	.byte	7                               @ DW_AT_decl_file
	.short	3562                            @ DW_AT_decl_line
	.long	1041                            @ DW_AT_type
	.byte	0                               @ End Of Children Mark
	.byte	0                               @ End Of Children Mark
	.byte	16                              @ Abbrev [16] 0x1285:0x2e DW_TAG_subprogram
	.long	.Linfo_string109                @ DW_AT_name
	.byte	7                               @ DW_AT_decl_file
	.short	5555                            @ DW_AT_decl_line
                                        @ DW_AT_prototyped
	.byte	1                               @ DW_AT_inline
	.byte	17                              @ Abbrev [17] 0x128e:0xc DW_TAG_formal_parameter
	.long	.Linfo_string77                 @ DW_AT_name
	.byte	7                               @ DW_AT_decl_file
	.short	5555                            @ DW_AT_decl_line
	.long	159                             @ DW_AT_type
	.byte	17                              @ Abbrev [17] 0x129a:0xc DW_TAG_formal_parameter
	.long	.Linfo_string100                @ DW_AT_name
	.byte	7                               @ DW_AT_decl_file
	.short	5555                            @ DW_AT_decl_line
	.long	720                             @ DW_AT_type
	.byte	17                              @ Abbrev [17] 0x12a6:0xc DW_TAG_formal_parameter
	.long	.Linfo_string79                 @ DW_AT_name
	.byte	7                               @ DW_AT_decl_file
	.short	5555                            @ DW_AT_decl_line
	.long	720                             @ DW_AT_type
	.byte	0                               @ End Of Children Mark
	.byte	16                              @ Abbrev [16] 0x12b3:0x22 DW_TAG_subprogram
	.long	.Linfo_string110                @ DW_AT_name
	.byte	7                               @ DW_AT_decl_file
	.short	3243                            @ DW_AT_decl_line
                                        @ DW_AT_prototyped
	.byte	1                               @ DW_AT_inline
	.byte	17                              @ Abbrev [17] 0x12bc:0xc DW_TAG_formal_parameter
	.long	.Linfo_string77                 @ DW_AT_name
	.byte	7                               @ DW_AT_decl_file
	.short	3243                            @ DW_AT_decl_line
	.long	159                             @ DW_AT_type
	.byte	17                              @ Abbrev [17] 0x12c8:0xc DW_TAG_formal_parameter
	.long	.Linfo_string100                @ DW_AT_name
	.byte	7                               @ DW_AT_decl_file
	.short	3243                            @ DW_AT_decl_line
	.long	720                             @ DW_AT_type
	.byte	0                               @ End Of Children Mark
	.byte	18                              @ Abbrev [18] 0x12d5:0x1a DW_TAG_subprogram
	.long	.Linfo_string111                @ DW_AT_name
	.byte	7                               @ DW_AT_decl_file
	.short	2753                            @ DW_AT_decl_line
                                        @ DW_AT_prototyped
	.long	720                             @ DW_AT_type
	.byte	1                               @ DW_AT_inline
	.byte	17                              @ Abbrev [17] 0x12e2:0xc DW_TAG_formal_parameter
	.long	.Linfo_string94                 @ DW_AT_name
	.byte	7                               @ DW_AT_decl_file
	.short	2753                            @ DW_AT_decl_line
	.long	2562                            @ DW_AT_type
	.byte	0                               @ End Of Children Mark
	.byte	16                              @ Abbrev [16] 0x12ef:0x22 DW_TAG_subprogram
	.long	.Linfo_string112                @ DW_AT_name
	.byte	7                               @ DW_AT_decl_file
	.short	2731                            @ DW_AT_decl_line
                                        @ DW_AT_prototyped
	.byte	1                               @ DW_AT_inline
	.byte	17                              @ Abbrev [17] 0x12f8:0xc DW_TAG_formal_parameter
	.long	.Linfo_string94                 @ DW_AT_name
	.byte	7                               @ DW_AT_decl_file
	.short	2731                            @ DW_AT_decl_line
	.long	762                             @ DW_AT_type
	.byte	17                              @ Abbrev [17] 0x1304:0xc DW_TAG_formal_parameter
	.long	.Linfo_string113                @ DW_AT_name
	.byte	7                               @ DW_AT_decl_file
	.short	2731                            @ DW_AT_decl_line
	.long	720                             @ DW_AT_type
	.byte	0                               @ End Of Children Mark
	.byte	30                              @ Abbrev [30] 0x1311:0x4e6 DW_TAG_subprogram
	.long	.Lfunc_begin24                  @ DW_AT_low_pc
	.long	.Lfunc_end24-.Lfunc_begin24     @ DW_AT_high_pc
	.byte	1                               @ DW_AT_frame_base
	.byte	93
                                        @ DW_AT_GNU_all_call_sites
	.long	.Linfo_string143                @ DW_AT_name
	.byte	6                               @ DW_AT_decl_file
	.short	1831                            @ DW_AT_decl_line
                                        @ DW_AT_prototyped
	.long	7006                            @ DW_AT_type
                                        @ DW_AT_external
	.byte	31                              @ Abbrev [31] 0x1327:0x10 DW_TAG_formal_parameter
	.long	.Ldebug_loc82                   @ DW_AT_location
	.long	.Linfo_string149                @ DW_AT_name
	.byte	6                               @ DW_AT_decl_file
	.short	1831                            @ DW_AT_decl_line
	.long	7017                            @ DW_AT_type
	.byte	31                              @ Abbrev [31] 0x1337:0x10 DW_TAG_formal_parameter
	.long	.Ldebug_loc83                   @ DW_AT_location
	.long	.Linfo_string249                @ DW_AT_name
	.byte	6                               @ DW_AT_decl_file
	.short	1831                            @ DW_AT_decl_line
	.long	8130                            @ DW_AT_type
	.byte	32                              @ Abbrev [32] 0x1347:0x10 DW_TAG_variable
	.long	.Ldebug_loc84                   @ DW_AT_location
	.long	.Linfo_string225                @ DW_AT_name
	.byte	6                               @ DW_AT_decl_file
	.short	1833                            @ DW_AT_decl_line
	.long	7006                            @ DW_AT_type
	.byte	32                              @ Abbrev [32] 0x1357:0x10 DW_TAG_variable
	.long	.Ldebug_loc85                   @ DW_AT_location
	.long	.Linfo_string224                @ DW_AT_name
	.byte	6                               @ DW_AT_decl_file
	.short	1838                            @ DW_AT_decl_line
	.long	715                             @ DW_AT_type
	.byte	32                              @ Abbrev [32] 0x1367:0x10 DW_TAG_variable
	.long	.Ldebug_loc86                   @ DW_AT_location
	.long	.Linfo_string267                @ DW_AT_name
	.byte	6                               @ DW_AT_decl_file
	.short	1840                            @ DW_AT_decl_line
	.long	720                             @ DW_AT_type
	.byte	32                              @ Abbrev [32] 0x1377:0x10 DW_TAG_variable
	.long	.Ldebug_loc87                   @ DW_AT_location
	.long	.Linfo_string229                @ DW_AT_name
	.byte	6                               @ DW_AT_decl_file
	.short	1836                            @ DW_AT_decl_line
	.long	720                             @ DW_AT_type
	.byte	32                              @ Abbrev [32] 0x1387:0x10 DW_TAG_variable
	.long	.Ldebug_loc88                   @ DW_AT_location
	.long	.Linfo_string230                @ DW_AT_name
	.byte	6                               @ DW_AT_decl_file
	.short	1837                            @ DW_AT_decl_line
	.long	720                             @ DW_AT_type
	.byte	32                              @ Abbrev [32] 0x1397:0x10 DW_TAG_variable
	.long	.Ldebug_loc92                   @ DW_AT_location
	.long	.Linfo_string268                @ DW_AT_name
	.byte	6                               @ DW_AT_decl_file
	.short	1834                            @ DW_AT_decl_line
	.long	720                             @ DW_AT_type
	.byte	32                              @ Abbrev [32] 0x13a7:0x10 DW_TAG_variable
	.long	.Ldebug_loc102                  @ DW_AT_location
	.long	.Linfo_string269                @ DW_AT_name
	.byte	6                               @ DW_AT_decl_file
	.short	1835                            @ DW_AT_decl_line
	.long	720                             @ DW_AT_type
	.byte	35                              @ Abbrev [35] 0x13b7:0x11 DW_TAG_inlined_subroutine
	.long	1776                            @ DW_AT_abstract_origin
	.long	.Ltmp913                        @ DW_AT_low_pc
	.long	.Ltmp914-.Ltmp913               @ DW_AT_high_pc
	.byte	6                               @ DW_AT_call_file
	.short	2054                            @ DW_AT_call_line
	.byte	7                               @ DW_AT_call_column
	.byte	33                              @ Abbrev [33] 0x13c8:0x19 DW_TAG_inlined_subroutine
	.long	1431                            @ DW_AT_abstract_origin
	.long	.Ltmp926                        @ DW_AT_low_pc
	.long	.Ltmp927-.Ltmp926               @ DW_AT_high_pc
	.byte	6                               @ DW_AT_call_file
	.short	2096                            @ DW_AT_call_line
	.byte	44                              @ DW_AT_call_column
	.byte	24                              @ Abbrev [24] 0x13d9:0x7 DW_TAG_formal_parameter
	.byte	1                               @ DW_AT_location
	.byte	83
	.long	1444                            @ DW_AT_abstract_origin
	.byte	0                               @ End Of Children Mark
	.byte	33                              @ Abbrev [33] 0x13e1:0x19 DW_TAG_inlined_subroutine
	.long	1776                            @ DW_AT_abstract_origin
	.long	.Ltmp927                        @ DW_AT_low_pc
	.long	.Ltmp928-.Ltmp927               @ DW_AT_high_pc
	.byte	6                               @ DW_AT_call_file
	.short	2097                            @ DW_AT_call_line
	.byte	45                              @ DW_AT_call_column
	.byte	24                              @ Abbrev [24] 0x13f2:0x7 DW_TAG_formal_parameter
	.byte	1                               @ DW_AT_location
	.byte	83
	.long	1789                            @ DW_AT_abstract_origin
	.byte	0                               @ End Of Children Mark
	.byte	33                              @ Abbrev [33] 0x13fa:0x34 DW_TAG_inlined_subroutine
	.long	4493                            @ DW_AT_abstract_origin
	.long	.Ltmp963                        @ DW_AT_low_pc
	.long	.Ltmp967-.Ltmp963               @ DW_AT_high_pc
	.byte	6                               @ DW_AT_call_file
	.short	2199                            @ DW_AT_call_line
	.byte	5                               @ DW_AT_call_column
	.byte	25                              @ Abbrev [25] 0x140b:0x9 DW_TAG_formal_parameter
	.long	.Ldebug_loc90                   @ DW_AT_location
	.long	4502                            @ DW_AT_abstract_origin
	.byte	25                              @ Abbrev [25] 0x1414:0x9 DW_TAG_formal_parameter
	.long	.Ldebug_loc89                   @ DW_AT_location
	.long	4514                            @ DW_AT_abstract_origin
	.byte	24                              @ Abbrev [24] 0x141d:0x7 DW_TAG_formal_parameter
	.byte	1                               @ DW_AT_location
	.byte	85
	.long	4526                            @ DW_AT_abstract_origin
	.byte	29                              @ Abbrev [29] 0x1424:0x9 DW_TAG_variable
	.long	.Ldebug_loc91                   @ DW_AT_location
	.long	4538                            @ DW_AT_abstract_origin
	.byte	0                               @ End Of Children Mark
	.byte	33                              @ Abbrev [33] 0x142e:0x29 DW_TAG_inlined_subroutine
	.long	4551                            @ DW_AT_abstract_origin
	.long	.Ltmp971                        @ DW_AT_low_pc
	.long	.Ltmp972-.Ltmp971               @ DW_AT_high_pc
	.byte	6                               @ DW_AT_call_file
	.short	2265                            @ DW_AT_call_line
	.byte	13                              @ DW_AT_call_column
	.byte	24                              @ Abbrev [24] 0x143f:0x7 DW_TAG_formal_parameter
	.byte	1                               @ DW_AT_location
	.byte	83
	.long	4564                            @ DW_AT_abstract_origin
	.byte	42                              @ Abbrev [42] 0x1446:0x6 DW_TAG_formal_parameter
	.byte	0                               @ DW_AT_const_value
	.long	4576                            @ DW_AT_abstract_origin
	.byte	43                              @ Abbrev [43] 0x144c:0xa DW_TAG_variable
	.byte	4                               @ DW_AT_location
	.byte	115
	.asciz	"\340"
	.byte	159
	.long	4588                            @ DW_AT_abstract_origin
	.byte	0                               @ End Of Children Mark
	.byte	33                              @ Abbrev [33] 0x1457:0x29 DW_TAG_inlined_subroutine
	.long	4551                            @ DW_AT_abstract_origin
	.long	.Ltmp972                        @ DW_AT_low_pc
	.long	.Ltmp973-.Ltmp972               @ DW_AT_high_pc
	.byte	6                               @ DW_AT_call_file
	.short	2265                            @ DW_AT_call_line
	.byte	13                              @ DW_AT_call_column
	.byte	24                              @ Abbrev [24] 0x1468:0x7 DW_TAG_formal_parameter
	.byte	1                               @ DW_AT_location
	.byte	83
	.long	4564                            @ DW_AT_abstract_origin
	.byte	42                              @ Abbrev [42] 0x146f:0x6 DW_TAG_formal_parameter
	.byte	0                               @ DW_AT_const_value
	.long	4576                            @ DW_AT_abstract_origin
	.byte	43                              @ Abbrev [43] 0x1475:0xa DW_TAG_variable
	.byte	4                               @ DW_AT_location
	.byte	115
	.asciz	"\340"
	.byte	159
	.long	4588                            @ DW_AT_abstract_origin
	.byte	0                               @ End Of Children Mark
	.byte	33                              @ Abbrev [33] 0x1480:0x38 DW_TAG_inlined_subroutine
	.long	4611                            @ DW_AT_abstract_origin
	.long	.Ltmp975                        @ DW_AT_low_pc
	.long	.Ltmp977-.Ltmp975               @ DW_AT_high_pc
	.byte	6                               @ DW_AT_call_file
	.short	2267                            @ DW_AT_call_line
	.byte	11                              @ DW_AT_call_column
	.byte	24                              @ Abbrev [24] 0x1491:0x7 DW_TAG_formal_parameter
	.byte	1                               @ DW_AT_location
	.byte	83
	.long	4620                            @ DW_AT_abstract_origin
	.byte	42                              @ Abbrev [42] 0x1498:0x6 DW_TAG_formal_parameter
	.byte	0                               @ DW_AT_const_value
	.long	4632                            @ DW_AT_abstract_origin
	.byte	25                              @ Abbrev [25] 0x149e:0x9 DW_TAG_formal_parameter
	.long	.Ldebug_loc93                   @ DW_AT_location
	.long	4644                            @ DW_AT_abstract_origin
	.byte	42                              @ Abbrev [42] 0x14a7:0x6 DW_TAG_formal_parameter
	.byte	0                               @ DW_AT_const_value
	.long	4656                            @ DW_AT_abstract_origin
	.byte	43                              @ Abbrev [43] 0x14ad:0xa DW_TAG_variable
	.byte	4                               @ DW_AT_location
	.byte	115
	.asciz	"\340"
	.byte	159
	.long	4668                            @ DW_AT_abstract_origin
	.byte	0                               @ End Of Children Mark
	.byte	33                              @ Abbrev [33] 0x14b8:0x2b DW_TAG_inlined_subroutine
	.long	4551                            @ DW_AT_abstract_origin
	.long	.Ltmp978                        @ DW_AT_low_pc
	.long	.Ltmp979-.Ltmp978               @ DW_AT_high_pc
	.byte	6                               @ DW_AT_call_file
	.short	2269                            @ DW_AT_call_line
	.byte	13                              @ DW_AT_call_column
	.byte	24                              @ Abbrev [24] 0x14c9:0x7 DW_TAG_formal_parameter
	.byte	1                               @ DW_AT_location
	.byte	83
	.long	4564                            @ DW_AT_abstract_origin
	.byte	42                              @ Abbrev [42] 0x14d0:0x6 DW_TAG_formal_parameter
	.byte	1                               @ DW_AT_const_value
	.long	4576                            @ DW_AT_abstract_origin
	.byte	43                              @ Abbrev [43] 0x14d6:0xc DW_TAG_variable
	.byte	6                               @ DW_AT_location
	.byte	115
	.asciz	"\340"
	.byte	35
	.byte	4
	.byte	159
	.long	4588                            @ DW_AT_abstract_origin
	.byte	0                               @ End Of Children Mark
	.byte	33                              @ Abbrev [33] 0x14e3:0x29 DW_TAG_inlined_subroutine
	.long	4551                            @ DW_AT_abstract_origin
	.long	.Ltmp980                        @ DW_AT_low_pc
	.long	.Ltmp981-.Ltmp980               @ DW_AT_high_pc
	.byte	6                               @ DW_AT_call_file
	.short	2269                            @ DW_AT_call_line
	.byte	13                              @ DW_AT_call_column
	.byte	24                              @ Abbrev [24] 0x14f4:0x7 DW_TAG_formal_parameter
	.byte	1                               @ DW_AT_location
	.byte	83
	.long	4564                            @ DW_AT_abstract_origin
	.byte	42                              @ Abbrev [42] 0x14fb:0x6 DW_TAG_formal_parameter
	.byte	1                               @ DW_AT_const_value
	.long	4576                            @ DW_AT_abstract_origin
	.byte	43                              @ Abbrev [43] 0x1501:0xa DW_TAG_variable
	.byte	4                               @ DW_AT_location
	.byte	115
	.asciz	"\344"
	.byte	159
	.long	4588                            @ DW_AT_abstract_origin
	.byte	0                               @ End Of Children Mark
	.byte	33                              @ Abbrev [33] 0x150c:0x3a DW_TAG_inlined_subroutine
	.long	4611                            @ DW_AT_abstract_origin
	.long	.Ltmp983                        @ DW_AT_low_pc
	.long	.Ltmp985-.Ltmp983               @ DW_AT_high_pc
	.byte	6                               @ DW_AT_call_file
	.short	2271                            @ DW_AT_call_line
	.byte	11                              @ DW_AT_call_column
	.byte	24                              @ Abbrev [24] 0x151d:0x7 DW_TAG_formal_parameter
	.byte	1                               @ DW_AT_location
	.byte	83
	.long	4620                            @ DW_AT_abstract_origin
	.byte	42                              @ Abbrev [42] 0x1524:0x6 DW_TAG_formal_parameter
	.byte	1                               @ DW_AT_const_value
	.long	4632                            @ DW_AT_abstract_origin
	.byte	25                              @ Abbrev [25] 0x152a:0x9 DW_TAG_formal_parameter
	.long	.Ldebug_loc94                   @ DW_AT_location
	.long	4644                            @ DW_AT_abstract_origin
	.byte	42                              @ Abbrev [42] 0x1533:0x6 DW_TAG_formal_parameter
	.byte	0                               @ DW_AT_const_value
	.long	4656                            @ DW_AT_abstract_origin
	.byte	43                              @ Abbrev [43] 0x1539:0xc DW_TAG_variable
	.byte	6                               @ DW_AT_location
	.byte	115
	.asciz	"\340"
	.byte	35
	.byte	4
	.byte	159
	.long	4668                            @ DW_AT_abstract_origin
	.byte	0                               @ End Of Children Mark
	.byte	33                              @ Abbrev [33] 0x1546:0x2b DW_TAG_inlined_subroutine
	.long	4551                            @ DW_AT_abstract_origin
	.long	.Ltmp986                        @ DW_AT_low_pc
	.long	.Ltmp987-.Ltmp986               @ DW_AT_high_pc
	.byte	6                               @ DW_AT_call_file
	.short	2273                            @ DW_AT_call_line
	.byte	13                              @ DW_AT_call_column
	.byte	24                              @ Abbrev [24] 0x1557:0x7 DW_TAG_formal_parameter
	.byte	1                               @ DW_AT_location
	.byte	83
	.long	4564                            @ DW_AT_abstract_origin
	.byte	42                              @ Abbrev [42] 0x155e:0x6 DW_TAG_formal_parameter
	.byte	2                               @ DW_AT_const_value
	.long	4576                            @ DW_AT_abstract_origin
	.byte	43                              @ Abbrev [43] 0x1564:0xc DW_TAG_variable
	.byte	6                               @ DW_AT_location
	.byte	115
	.asciz	"\340"
	.byte	35
	.byte	8
	.byte	159
	.long	4588                            @ DW_AT_abstract_origin
	.byte	0                               @ End Of Children Mark
	.byte	33                              @ Abbrev [33] 0x1571:0x29 DW_TAG_inlined_subroutine
	.long	4551                            @ DW_AT_abstract_origin
	.long	.Ltmp988                        @ DW_AT_low_pc
	.long	.Ltmp989-.Ltmp988               @ DW_AT_high_pc
	.byte	6                               @ DW_AT_call_file
	.short	2273                            @ DW_AT_call_line
	.byte	13                              @ DW_AT_call_column
	.byte	24                              @ Abbrev [24] 0x1582:0x7 DW_TAG_formal_parameter
	.byte	1                               @ DW_AT_location
	.byte	83
	.long	4564                            @ DW_AT_abstract_origin
	.byte	42                              @ Abbrev [42] 0x1589:0x6 DW_TAG_formal_parameter
	.byte	2                               @ DW_AT_const_value
	.long	4576                            @ DW_AT_abstract_origin
	.byte	43                              @ Abbrev [43] 0x158f:0xa DW_TAG_variable
	.byte	4                               @ DW_AT_location
	.byte	115
	.asciz	"\350"
	.byte	159
	.long	4588                            @ DW_AT_abstract_origin
	.byte	0                               @ End Of Children Mark
	.byte	33                              @ Abbrev [33] 0x159a:0x3a DW_TAG_inlined_subroutine
	.long	4611                            @ DW_AT_abstract_origin
	.long	.Ltmp991                        @ DW_AT_low_pc
	.long	.Ltmp993-.Ltmp991               @ DW_AT_high_pc
	.byte	6                               @ DW_AT_call_file
	.short	2275                            @ DW_AT_call_line
	.byte	11                              @ DW_AT_call_column
	.byte	24                              @ Abbrev [24] 0x15ab:0x7 DW_TAG_formal_parameter
	.byte	1                               @ DW_AT_location
	.byte	83
	.long	4620                            @ DW_AT_abstract_origin
	.byte	42                              @ Abbrev [42] 0x15b2:0x6 DW_TAG_formal_parameter
	.byte	3                               @ DW_AT_const_value
	.long	4632                            @ DW_AT_abstract_origin
	.byte	25                              @ Abbrev [25] 0x15b8:0x9 DW_TAG_formal_parameter
	.long	.Ldebug_loc95                   @ DW_AT_location
	.long	4644                            @ DW_AT_abstract_origin
	.byte	42                              @ Abbrev [42] 0x15c1:0x6 DW_TAG_formal_parameter
	.byte	0                               @ DW_AT_const_value
	.long	4656                            @ DW_AT_abstract_origin
	.byte	43                              @ Abbrev [43] 0x15c7:0xc DW_TAG_variable
	.byte	6                               @ DW_AT_location
	.byte	115
	.asciz	"\340"
	.byte	35
	.byte	12
	.byte	159
	.long	4668                            @ DW_AT_abstract_origin
	.byte	0                               @ End Of Children Mark
	.byte	33                              @ Abbrev [33] 0x15d4:0x2b DW_TAG_inlined_subroutine
	.long	4551                            @ DW_AT_abstract_origin
	.long	.Ltmp994                        @ DW_AT_low_pc
	.long	.Ltmp995-.Ltmp994               @ DW_AT_high_pc
	.byte	6                               @ DW_AT_call_file
	.short	2277                            @ DW_AT_call_line
	.byte	13                              @ DW_AT_call_column
	.byte	24                              @ Abbrev [24] 0x15e5:0x7 DW_TAG_formal_parameter
	.byte	1                               @ DW_AT_location
	.byte	83
	.long	4564                            @ DW_AT_abstract_origin
	.byte	42                              @ Abbrev [42] 0x15ec:0x6 DW_TAG_formal_parameter
	.byte	3                               @ DW_AT_const_value
	.long	4576                            @ DW_AT_abstract_origin
	.byte	43                              @ Abbrev [43] 0x15f2:0xc DW_TAG_variable
	.byte	6                               @ DW_AT_location
	.byte	115
	.asciz	"\340"
	.byte	35
	.byte	12
	.byte	159
	.long	4588                            @ DW_AT_abstract_origin
	.byte	0                               @ End Of Children Mark
	.byte	33                              @ Abbrev [33] 0x15ff:0x2b DW_TAG_inlined_subroutine
	.long	4551                            @ DW_AT_abstract_origin
	.long	.Ltmp996                        @ DW_AT_low_pc
	.long	.Ltmp997-.Ltmp996               @ DW_AT_high_pc
	.byte	6                               @ DW_AT_call_file
	.short	2277                            @ DW_AT_call_line
	.byte	13                              @ DW_AT_call_column
	.byte	24                              @ Abbrev [24] 0x1610:0x7 DW_TAG_formal_parameter
	.byte	1                               @ DW_AT_location
	.byte	83
	.long	4564                            @ DW_AT_abstract_origin
	.byte	42                              @ Abbrev [42] 0x1617:0x6 DW_TAG_formal_parameter
	.byte	3                               @ DW_AT_const_value
	.long	4576                            @ DW_AT_abstract_origin
	.byte	43                              @ Abbrev [43] 0x161d:0xc DW_TAG_variable
	.byte	6                               @ DW_AT_location
	.byte	115
	.asciz	"\340"
	.byte	35
	.byte	12
	.byte	159
	.long	4588                            @ DW_AT_abstract_origin
	.byte	0                               @ End Of Children Mark
	.byte	33                              @ Abbrev [33] 0x162a:0x3a DW_TAG_inlined_subroutine
	.long	4611                            @ DW_AT_abstract_origin
	.long	.Ltmp999                        @ DW_AT_low_pc
	.long	.Ltmp1001-.Ltmp999              @ DW_AT_high_pc
	.byte	6                               @ DW_AT_call_file
	.short	2279                            @ DW_AT_call_line
	.byte	11                              @ DW_AT_call_column
	.byte	24                              @ Abbrev [24] 0x163b:0x7 DW_TAG_formal_parameter
	.byte	1                               @ DW_AT_location
	.byte	83
	.long	4620                            @ DW_AT_abstract_origin
	.byte	42                              @ Abbrev [42] 0x1642:0x6 DW_TAG_formal_parameter
	.byte	3                               @ DW_AT_const_value
	.long	4632                            @ DW_AT_abstract_origin
	.byte	25                              @ Abbrev [25] 0x1648:0x9 DW_TAG_formal_parameter
	.long	.Ldebug_loc96                   @ DW_AT_location
	.long	4644                            @ DW_AT_abstract_origin
	.byte	42                              @ Abbrev [42] 0x1651:0x6 DW_TAG_formal_parameter
	.byte	0                               @ DW_AT_const_value
	.long	4656                            @ DW_AT_abstract_origin
	.byte	43                              @ Abbrev [43] 0x1657:0xc DW_TAG_variable
	.byte	6                               @ DW_AT_location
	.byte	115
	.asciz	"\340"
	.byte	35
	.byte	12
	.byte	159
	.long	4668                            @ DW_AT_abstract_origin
	.byte	0                               @ End Of Children Mark
	.byte	34                              @ Abbrev [34] 0x1664:0x32 DW_TAG_inlined_subroutine
	.long	4611                            @ DW_AT_abstract_origin
	.long	.Ldebug_ranges11                @ DW_AT_ranges
	.byte	6                               @ DW_AT_call_file
	.short	2219                            @ DW_AT_call_line
	.byte	7                               @ DW_AT_call_column
	.byte	25                              @ Abbrev [25] 0x1671:0x9 DW_TAG_formal_parameter
	.long	.Ldebug_loc99                   @ DW_AT_location
	.long	4620                            @ DW_AT_abstract_origin
	.byte	25                              @ Abbrev [25] 0x167a:0x9 DW_TAG_formal_parameter
	.long	.Ldebug_loc98                   @ DW_AT_location
	.long	4632                            @ DW_AT_abstract_origin
	.byte	25                              @ Abbrev [25] 0x1683:0x9 DW_TAG_formal_parameter
	.long	.Ldebug_loc100                  @ DW_AT_location
	.long	4644                            @ DW_AT_abstract_origin
	.byte	25                              @ Abbrev [25] 0x168c:0x9 DW_TAG_formal_parameter
	.long	.Ldebug_loc97                   @ DW_AT_location
	.long	4656                            @ DW_AT_abstract_origin
	.byte	0                               @ End Of Children Mark
	.byte	33                              @ Abbrev [33] 0x1696:0x20 DW_TAG_inlined_subroutine
	.long	4681                            @ DW_AT_abstract_origin
	.long	.Ltmp1016                       @ DW_AT_low_pc
	.long	.Ltmp1017-.Ltmp1016             @ DW_AT_high_pc
	.byte	6                               @ DW_AT_call_file
	.short	2232                            @ DW_AT_call_line
	.byte	9                               @ DW_AT_call_column
	.byte	24                              @ Abbrev [24] 0x16a7:0x7 DW_TAG_formal_parameter
	.byte	1                               @ DW_AT_location
	.byte	83
	.long	4690                            @ DW_AT_abstract_origin
	.byte	24                              @ Abbrev [24] 0x16ae:0x7 DW_TAG_formal_parameter
	.byte	1                               @ DW_AT_location
	.byte	82
	.long	4702                            @ DW_AT_abstract_origin
	.byte	0                               @ End Of Children Mark
	.byte	33                              @ Abbrev [33] 0x16b6:0x19 DW_TAG_inlined_subroutine
	.long	1405                            @ DW_AT_abstract_origin
	.long	.Ltmp1017                       @ DW_AT_low_pc
	.long	.Ltmp1018-.Ltmp1017             @ DW_AT_high_pc
	.byte	6                               @ DW_AT_call_file
	.short	2290                            @ DW_AT_call_line
	.byte	7                               @ DW_AT_call_column
	.byte	24                              @ Abbrev [24] 0x16c7:0x7 DW_TAG_formal_parameter
	.byte	1                               @ DW_AT_location
	.byte	83
	.long	1418                            @ DW_AT_abstract_origin
	.byte	0                               @ End Of Children Mark
	.byte	34                              @ Abbrev [34] 0x16cf:0x25 DW_TAG_inlined_subroutine
	.long	4741                            @ DW_AT_abstract_origin
	.long	.Ldebug_ranges12                @ DW_AT_ranges
	.byte	6                               @ DW_AT_call_file
	.short	2293                            @ DW_AT_call_line
	.byte	5                               @ DW_AT_call_column
	.byte	24                              @ Abbrev [24] 0x16dc:0x7 DW_TAG_formal_parameter
	.byte	1                               @ DW_AT_location
	.byte	83
	.long	4750                            @ DW_AT_abstract_origin
	.byte	24                              @ Abbrev [24] 0x16e3:0x7 DW_TAG_formal_parameter
	.byte	1                               @ DW_AT_location
	.byte	82
	.long	4762                            @ DW_AT_abstract_origin
	.byte	25                              @ Abbrev [25] 0x16ea:0x9 DW_TAG_formal_parameter
	.long	.Ldebug_loc101                  @ DW_AT_location
	.long	4774                            @ DW_AT_abstract_origin
	.byte	0                               @ End Of Children Mark
	.byte	33                              @ Abbrev [33] 0x16f4:0x20 DW_TAG_inlined_subroutine
	.long	4787                            @ DW_AT_abstract_origin
	.long	.Ltmp1043                       @ DW_AT_low_pc
	.long	.Ltmp1044-.Ltmp1043             @ DW_AT_high_pc
	.byte	6                               @ DW_AT_call_file
	.short	2300                            @ DW_AT_call_line
	.byte	7                               @ DW_AT_call_column
	.byte	24                              @ Abbrev [24] 0x1705:0x7 DW_TAG_formal_parameter
	.byte	1                               @ DW_AT_location
	.byte	83
	.long	4796                            @ DW_AT_abstract_origin
	.byte	24                              @ Abbrev [24] 0x170c:0x7 DW_TAG_formal_parameter
	.byte	1                               @ DW_AT_location
	.byte	84
	.long	4808                            @ DW_AT_abstract_origin
	.byte	0                               @ End Of Children Mark
	.byte	33                              @ Abbrev [33] 0x1714:0x1c DW_TAG_inlined_subroutine
	.long	1405                            @ DW_AT_abstract_origin
	.long	.Ltmp1047                       @ DW_AT_low_pc
	.long	.Ltmp1048-.Ltmp1047             @ DW_AT_high_pc
	.byte	6                               @ DW_AT_call_file
	.short	2314                            @ DW_AT_call_line
	.byte	11                              @ DW_AT_call_column
	.byte	42                              @ Abbrev [42] 0x1725:0xa DW_TAG_formal_parameter
	.ascii	"\200\300\210\200\004"          @ DW_AT_const_value
	.long	1418                            @ DW_AT_abstract_origin
	.byte	0                               @ End Of Children Mark
	.byte	33                              @ Abbrev [33] 0x1730:0x1c DW_TAG_inlined_subroutine
	.long	1405                            @ DW_AT_abstract_origin
	.long	.Ltmp1048                       @ DW_AT_low_pc
	.long	.Ltmp1049-.Ltmp1048             @ DW_AT_high_pc
	.byte	6                               @ DW_AT_call_file
	.short	2314                            @ DW_AT_call_line
	.byte	11                              @ DW_AT_call_column
	.byte	42                              @ Abbrev [42] 0x1741:0xa DW_TAG_formal_parameter
	.ascii	"\200\302\210\200\004"          @ DW_AT_const_value
	.long	1418                            @ DW_AT_abstract_origin
	.byte	0                               @ End Of Children Mark
	.byte	37                              @ Abbrev [37] 0x174c:0xd DW_TAG_inlined_subroutine
	.long	4821                            @ DW_AT_abstract_origin
	.long	.Ldebug_ranges13                @ DW_AT_ranges
	.byte	6                               @ DW_AT_call_file
	.short	2316                            @ DW_AT_call_line
	.byte	39                              @ DW_AT_call_column
	.byte	33                              @ Abbrev [33] 0x1759:0x2b DW_TAG_inlined_subroutine
	.long	4847                            @ DW_AT_abstract_origin
	.long	.Ltmp1062                       @ DW_AT_low_pc
	.long	.Ltmp1063-.Ltmp1062             @ DW_AT_high_pc
	.byte	6                               @ DW_AT_call_file
	.short	2342                            @ DW_AT_call_line
	.byte	13                              @ DW_AT_call_column
	.byte	42                              @ Abbrev [42] 0x176a:0xa DW_TAG_formal_parameter
	.ascii	"\200\306\211\300\005"          @ DW_AT_const_value
	.long	4856                            @ DW_AT_abstract_origin
	.byte	24                              @ Abbrev [24] 0x1774:0xf DW_TAG_formal_parameter
	.byte	9                               @ DW_AT_location
	.byte	118
	.byte	0
	.byte	16
	.ascii	"\200\200\200\b"
	.byte	33
	.byte	159
	.long	4868                            @ DW_AT_abstract_origin
	.byte	0                               @ End Of Children Mark
	.byte	33                              @ Abbrev [33] 0x1784:0x2b DW_TAG_inlined_subroutine
	.long	4847                            @ DW_AT_abstract_origin
	.long	.Ltmp1097                       @ DW_AT_low_pc
	.long	.Ltmp1098-.Ltmp1097             @ DW_AT_high_pc
	.byte	6                               @ DW_AT_call_file
	.short	2349                            @ DW_AT_call_line
	.byte	13                              @ DW_AT_call_column
	.byte	42                              @ Abbrev [42] 0x1795:0xa DW_TAG_formal_parameter
	.ascii	"\200\306\211\300\005"          @ DW_AT_const_value
	.long	4856                            @ DW_AT_abstract_origin
	.byte	24                              @ Abbrev [24] 0x179f:0xf DW_TAG_formal_parameter
	.byte	9                               @ DW_AT_location
	.byte	118
	.byte	0
	.byte	16
	.ascii	"\200\200\200\002"
	.byte	33
	.byte	159
	.long	4868                            @ DW_AT_abstract_origin
	.byte	0                               @ End Of Children Mark
	.byte	33                              @ Abbrev [33] 0x17af:0x2b DW_TAG_inlined_subroutine
	.long	4847                            @ DW_AT_abstract_origin
	.long	.Ltmp1091                       @ DW_AT_low_pc
	.long	.Ltmp1092-.Ltmp1091             @ DW_AT_high_pc
	.byte	6                               @ DW_AT_call_file
	.short	2324                            @ DW_AT_call_line
	.byte	13                              @ DW_AT_call_column
	.byte	42                              @ Abbrev [42] 0x17c0:0xa DW_TAG_formal_parameter
	.ascii	"\200\306\211\300\005"          @ DW_AT_const_value
	.long	4856                            @ DW_AT_abstract_origin
	.byte	24                              @ Abbrev [24] 0x17ca:0xf DW_TAG_formal_parameter
	.byte	9                               @ DW_AT_location
	.byte	118
	.byte	0
	.byte	16
	.ascii	"\200\200\200\004"
	.byte	33
	.byte	159
	.long	4868                            @ DW_AT_abstract_origin
	.byte	0                               @ End Of Children Mark
	.byte	33                              @ Abbrev [33] 0x17da:0x1c DW_TAG_inlined_subroutine
	.long	1405                            @ DW_AT_abstract_origin
	.long	.Ltmp1066                       @ DW_AT_low_pc
	.long	.Ltmp1067-.Ltmp1066             @ DW_AT_high_pc
	.byte	6                               @ DW_AT_call_file
	.short	2314                            @ DW_AT_call_line
	.byte	11                              @ DW_AT_call_column
	.byte	42                              @ Abbrev [42] 0x17eb:0xa DW_TAG_formal_parameter
	.ascii	"\200\300\211\300\005"          @ DW_AT_const_value
	.long	1418                            @ DW_AT_abstract_origin
	.byte	0                               @ End Of Children Mark
	.byte	0                               @ End Of Children Mark
	.byte	30                              @ Abbrev [30] 0x17f7:0x10d DW_TAG_subprogram
	.long	.Lfunc_begin25                  @ DW_AT_low_pc
	.long	.Lfunc_end25-.Lfunc_begin25     @ DW_AT_high_pc
	.byte	1                               @ DW_AT_frame_base
	.byte	93
                                        @ DW_AT_GNU_all_call_sites
	.long	.Linfo_string144                @ DW_AT_name
	.byte	6                               @ DW_AT_decl_file
	.short	2394                            @ DW_AT_decl_line
                                        @ DW_AT_prototyped
	.long	7006                            @ DW_AT_type
                                        @ DW_AT_external
	.byte	31                              @ Abbrev [31] 0x180d:0x10 DW_TAG_formal_parameter
	.long	.Ldebug_loc103                  @ DW_AT_location
	.long	.Linfo_string149                @ DW_AT_name
	.byte	6                               @ DW_AT_decl_file
	.short	2394                            @ DW_AT_decl_line
	.long	7017                            @ DW_AT_type
	.byte	31                              @ Abbrev [31] 0x181d:0x10 DW_TAG_formal_parameter
	.long	.Ldebug_loc104                  @ DW_AT_location
	.long	.Linfo_string270                @ DW_AT_name
	.byte	6                               @ DW_AT_decl_file
	.short	2394                            @ DW_AT_decl_line
	.long	8383                            @ DW_AT_type
	.byte	32                              @ Abbrev [32] 0x182d:0x10 DW_TAG_variable
	.long	.Ldebug_loc105                  @ DW_AT_location
	.long	.Linfo_string241                @ DW_AT_name
	.byte	6                               @ DW_AT_decl_file
	.short	2398                            @ DW_AT_decl_line
	.long	7022                            @ DW_AT_type
	.byte	32                              @ Abbrev [32] 0x183d:0x10 DW_TAG_variable
	.long	.Ldebug_loc106                  @ DW_AT_location
	.long	.Linfo_string225                @ DW_AT_name
	.byte	6                               @ DW_AT_decl_file
	.short	2396                            @ DW_AT_decl_line
	.long	7006                            @ DW_AT_type
	.byte	32                              @ Abbrev [32] 0x184d:0x10 DW_TAG_variable
	.long	.Ldebug_loc107                  @ DW_AT_location
	.long	.Linfo_string245                @ DW_AT_name
	.byte	6                               @ DW_AT_decl_file
	.short	2399                            @ DW_AT_decl_line
	.long	720                             @ DW_AT_type
	.byte	27                              @ Abbrev [27] 0x185d:0xc DW_TAG_variable
	.long	.Linfo_string244                @ DW_AT_name
	.byte	6                               @ DW_AT_decl_file
	.short	2397                            @ DW_AT_decl_line
	.long	762                             @ DW_AT_type
	.byte	35                              @ Abbrev [35] 0x1869:0x11 DW_TAG_inlined_subroutine
	.long	1431                            @ DW_AT_abstract_origin
	.long	.Ltmp1130                       @ DW_AT_low_pc
	.long	.Ltmp1131-.Ltmp1130             @ DW_AT_high_pc
	.byte	6                               @ DW_AT_call_file
	.short	2433                            @ DW_AT_call_line
	.byte	38                              @ DW_AT_call_column
	.byte	33                              @ Abbrev [33] 0x187a:0x19 DW_TAG_inlined_subroutine
	.long	1431                            @ DW_AT_abstract_origin
	.long	.Ltmp1131                       @ DW_AT_low_pc
	.long	.Ltmp1132-.Ltmp1131             @ DW_AT_high_pc
	.byte	6                               @ DW_AT_call_file
	.short	2434                            @ DW_AT_call_line
	.byte	8                               @ DW_AT_call_column
	.byte	24                              @ Abbrev [24] 0x188b:0x7 DW_TAG_formal_parameter
	.byte	1                               @ DW_AT_location
	.byte	83
	.long	1444                            @ DW_AT_abstract_origin
	.byte	0                               @ End Of Children Mark
	.byte	33                              @ Abbrev [33] 0x1893:0x1c DW_TAG_inlined_subroutine
	.long	1405                            @ DW_AT_abstract_origin
	.long	.Ltmp1139                       @ DW_AT_low_pc
	.long	.Ltmp1140-.Ltmp1139             @ DW_AT_high_pc
	.byte	6                               @ DW_AT_call_file
	.short	2458                            @ DW_AT_call_line
	.byte	11                              @ DW_AT_call_column
	.byte	42                              @ Abbrev [42] 0x18a4:0xa DW_TAG_formal_parameter
	.ascii	"\200\300\210\200\004"          @ DW_AT_const_value
	.long	1418                            @ DW_AT_abstract_origin
	.byte	0                               @ End Of Children Mark
	.byte	33                              @ Abbrev [33] 0x18af:0x1c DW_TAG_inlined_subroutine
	.long	1405                            @ DW_AT_abstract_origin
	.long	.Ltmp1140                       @ DW_AT_low_pc
	.long	.Ltmp1141-.Ltmp1140             @ DW_AT_high_pc
	.byte	6                               @ DW_AT_call_file
	.short	2458                            @ DW_AT_call_line
	.byte	11                              @ DW_AT_call_column
	.byte	42                              @ Abbrev [42] 0x18c0:0xa DW_TAG_formal_parameter
	.ascii	"\200\302\210\200\004"          @ DW_AT_const_value
	.long	1418                            @ DW_AT_abstract_origin
	.byte	0                               @ End Of Children Mark
	.byte	33                              @ Abbrev [33] 0x18cb:0x1c DW_TAG_inlined_subroutine
	.long	1405                            @ DW_AT_abstract_origin
	.long	.Ltmp1153                       @ DW_AT_low_pc
	.long	.Ltmp1154-.Ltmp1153             @ DW_AT_high_pc
	.byte	6                               @ DW_AT_call_file
	.short	2475                            @ DW_AT_call_line
	.byte	11                              @ DW_AT_call_column
	.byte	42                              @ Abbrev [42] 0x18dc:0xa DW_TAG_formal_parameter
	.ascii	"\200\300\210\200\004"          @ DW_AT_const_value
	.long	1418                            @ DW_AT_abstract_origin
	.byte	0                               @ End Of Children Mark
	.byte	33                              @ Abbrev [33] 0x18e7:0x1c DW_TAG_inlined_subroutine
	.long	1405                            @ DW_AT_abstract_origin
	.long	.Ltmp1154                       @ DW_AT_low_pc
	.long	.Ltmp1155-.Ltmp1154             @ DW_AT_high_pc
	.byte	6                               @ DW_AT_call_file
	.short	2475                            @ DW_AT_call_line
	.byte	11                              @ DW_AT_call_column
	.byte	42                              @ Abbrev [42] 0x18f8:0xa DW_TAG_formal_parameter
	.ascii	"\200\302\210\200\004"          @ DW_AT_const_value
	.long	1418                            @ DW_AT_abstract_origin
	.byte	0                               @ End Of Children Mark
	.byte	0                               @ End Of Children Mark
	.byte	30                              @ Abbrev [30] 0x1904:0x89 DW_TAG_subprogram
	.long	.Lfunc_begin26                  @ DW_AT_low_pc
	.long	.Lfunc_end26-.Lfunc_begin26     @ DW_AT_high_pc
	.byte	1                               @ DW_AT_frame_base
	.byte	93
                                        @ DW_AT_GNU_all_call_sites
	.long	.Linfo_string145                @ DW_AT_name
	.byte	6                               @ DW_AT_decl_file
	.short	2507                            @ DW_AT_decl_line
                                        @ DW_AT_prototyped
	.long	7006                            @ DW_AT_type
                                        @ DW_AT_external
	.byte	31                              @ Abbrev [31] 0x191a:0x10 DW_TAG_formal_parameter
	.long	.Ldebug_loc108                  @ DW_AT_location
	.long	.Linfo_string149                @ DW_AT_name
	.byte	6                               @ DW_AT_decl_file
	.short	2507                            @ DW_AT_decl_line
	.long	7017                            @ DW_AT_type
	.byte	32                              @ Abbrev [32] 0x192a:0x10 DW_TAG_variable
	.long	.Ldebug_loc109                  @ DW_AT_location
	.long	.Linfo_string229                @ DW_AT_name
	.byte	6                               @ DW_AT_decl_file
	.short	2510                            @ DW_AT_decl_line
	.long	720                             @ DW_AT_type
	.byte	32                              @ Abbrev [32] 0x193a:0x10 DW_TAG_variable
	.long	.Ldebug_loc110                  @ DW_AT_location
	.long	.Linfo_string230                @ DW_AT_name
	.byte	6                               @ DW_AT_decl_file
	.short	2511                            @ DW_AT_decl_line
	.long	720                             @ DW_AT_type
	.byte	32                              @ Abbrev [32] 0x194a:0x10 DW_TAG_variable
	.long	.Ldebug_loc111                  @ DW_AT_location
	.long	.Linfo_string225                @ DW_AT_name
	.byte	6                               @ DW_AT_decl_file
	.short	2509                            @ DW_AT_decl_line
	.long	7006                            @ DW_AT_type
	.byte	33                              @ Abbrev [33] 0x195a:0x19 DW_TAG_inlined_subroutine
	.long	1431                            @ DW_AT_abstract_origin
	.long	.Ltmp1162                       @ DW_AT_low_pc
	.long	.Ltmp1163-.Ltmp1162             @ DW_AT_high_pc
	.byte	6                               @ DW_AT_call_file
	.short	2516                            @ DW_AT_call_line
	.byte	44                              @ DW_AT_call_column
	.byte	24                              @ Abbrev [24] 0x196b:0x7 DW_TAG_formal_parameter
	.byte	1                               @ DW_AT_location
	.byte	81
	.long	1444                            @ DW_AT_abstract_origin
	.byte	0                               @ End Of Children Mark
	.byte	33                              @ Abbrev [33] 0x1973:0x19 DW_TAG_inlined_subroutine
	.long	1776                            @ DW_AT_abstract_origin
	.long	.Ltmp1163                       @ DW_AT_low_pc
	.long	.Ltmp1164-.Ltmp1163             @ DW_AT_high_pc
	.byte	6                               @ DW_AT_call_file
	.short	2517                            @ DW_AT_call_line
	.byte	45                              @ DW_AT_call_column
	.byte	24                              @ Abbrev [24] 0x1984:0x7 DW_TAG_formal_parameter
	.byte	1                               @ DW_AT_location
	.byte	81
	.long	1789                            @ DW_AT_abstract_origin
	.byte	0                               @ End Of Children Mark
	.byte	0                               @ End Of Children Mark
	.byte	16                              @ Abbrev [16] 0x198d:0x22 DW_TAG_subprogram
	.long	.Linfo_string114                @ DW_AT_name
	.byte	7                               @ DW_AT_decl_file
	.short	5063                            @ DW_AT_decl_line
                                        @ DW_AT_prototyped
	.byte	1                               @ DW_AT_inline
	.byte	17                              @ Abbrev [17] 0x1996:0xc DW_TAG_formal_parameter
	.long	.Linfo_string77                 @ DW_AT_name
	.byte	7                               @ DW_AT_decl_file
	.short	5063                            @ DW_AT_decl_line
	.long	159                             @ DW_AT_type
	.byte	17                              @ Abbrev [17] 0x19a2:0xc DW_TAG_formal_parameter
	.long	.Linfo_string115                @ DW_AT_name
	.byte	7                               @ DW_AT_decl_file
	.short	5063                            @ DW_AT_decl_line
	.long	720                             @ DW_AT_type
	.byte	0                               @ End Of Children Mark
	.byte	30                              @ Abbrev [30] 0x19af:0xb1 DW_TAG_subprogram
	.long	.Lfunc_begin27                  @ DW_AT_low_pc
	.long	.Lfunc_end27-.Lfunc_begin27     @ DW_AT_high_pc
	.byte	1                               @ DW_AT_frame_base
	.byte	93
                                        @ DW_AT_GNU_all_call_sites
	.long	.Linfo_string146                @ DW_AT_name
	.byte	6                               @ DW_AT_decl_file
	.short	2548                            @ DW_AT_decl_line
                                        @ DW_AT_prototyped
	.long	7006                            @ DW_AT_type
                                        @ DW_AT_external
	.byte	31                              @ Abbrev [31] 0x19c5:0x10 DW_TAG_formal_parameter
	.long	.Ldebug_loc112                  @ DW_AT_location
	.long	.Linfo_string149                @ DW_AT_name
	.byte	6                               @ DW_AT_decl_file
	.short	2548                            @ DW_AT_decl_line
	.long	7017                            @ DW_AT_type
	.byte	32                              @ Abbrev [32] 0x19d5:0x10 DW_TAG_variable
	.long	.Ldebug_loc113                  @ DW_AT_location
	.long	.Linfo_string229                @ DW_AT_name
	.byte	6                               @ DW_AT_decl_file
	.short	2551                            @ DW_AT_decl_line
	.long	720                             @ DW_AT_type
	.byte	32                              @ Abbrev [32] 0x19e5:0x10 DW_TAG_variable
	.long	.Ldebug_loc114                  @ DW_AT_location
	.long	.Linfo_string230                @ DW_AT_name
	.byte	6                               @ DW_AT_decl_file
	.short	2552                            @ DW_AT_decl_line
	.long	720                             @ DW_AT_type
	.byte	32                              @ Abbrev [32] 0x19f5:0x10 DW_TAG_variable
	.long	.Ldebug_loc115                  @ DW_AT_location
	.long	.Linfo_string225                @ DW_AT_name
	.byte	6                               @ DW_AT_decl_file
	.short	2550                            @ DW_AT_decl_line
	.long	7006                            @ DW_AT_type
	.byte	33                              @ Abbrev [33] 0x1a05:0x19 DW_TAG_inlined_subroutine
	.long	1431                            @ DW_AT_abstract_origin
	.long	.Ltmp1173                       @ DW_AT_low_pc
	.long	.Ltmp1174-.Ltmp1173             @ DW_AT_high_pc
	.byte	6                               @ DW_AT_call_file
	.short	2557                            @ DW_AT_call_line
	.byte	44                              @ DW_AT_call_column
	.byte	24                              @ Abbrev [24] 0x1a16:0x7 DW_TAG_formal_parameter
	.byte	1                               @ DW_AT_location
	.byte	80
	.long	1444                            @ DW_AT_abstract_origin
	.byte	0                               @ End Of Children Mark
	.byte	33                              @ Abbrev [33] 0x1a1e:0x19 DW_TAG_inlined_subroutine
	.long	1776                            @ DW_AT_abstract_origin
	.long	.Ltmp1174                       @ DW_AT_low_pc
	.long	.Ltmp1175-.Ltmp1174             @ DW_AT_high_pc
	.byte	6                               @ DW_AT_call_file
	.short	2558                            @ DW_AT_call_line
	.byte	45                              @ DW_AT_call_column
	.byte	24                              @ Abbrev [24] 0x1a2f:0x7 DW_TAG_formal_parameter
	.byte	1                               @ DW_AT_location
	.byte	80
	.long	1789                            @ DW_AT_abstract_origin
	.byte	0                               @ End Of Children Mark
	.byte	33                              @ Abbrev [33] 0x1a37:0x28 DW_TAG_inlined_subroutine
	.long	6541                            @ DW_AT_abstract_origin
	.long	.Ltmp1179                       @ DW_AT_low_pc
	.long	.Ltmp1180-.Ltmp1179             @ DW_AT_high_pc
	.byte	6                               @ DW_AT_call_file
	.short	2565                            @ DW_AT_call_line
	.byte	5                               @ DW_AT_call_column
	.byte	24                              @ Abbrev [24] 0x1a48:0x7 DW_TAG_formal_parameter
	.byte	1                               @ DW_AT_location
	.byte	80
	.long	6550                            @ DW_AT_abstract_origin
	.byte	42                              @ Abbrev [42] 0x1a4f:0xf DW_TAG_formal_parameter
	.ascii	"\200\200\200\200\370\377\377\377\377\001" @ DW_AT_const_value
	.long	6562                            @ DW_AT_abstract_origin
	.byte	0                               @ End Of Children Mark
	.byte	0                               @ End Of Children Mark
	.byte	16                              @ Abbrev [16] 0x1a60:0x16 DW_TAG_subprogram
	.long	.Linfo_string116                @ DW_AT_name
	.byte	7                               @ DW_AT_decl_file
	.short	6870                            @ DW_AT_decl_line
                                        @ DW_AT_prototyped
	.byte	1                               @ DW_AT_inline
	.byte	17                              @ Abbrev [17] 0x1a69:0xc DW_TAG_formal_parameter
	.long	.Linfo_string77                 @ DW_AT_name
	.byte	7                               @ DW_AT_decl_file
	.short	6870                            @ DW_AT_decl_line
	.long	159                             @ DW_AT_type
	.byte	0                               @ End Of Children Mark
	.byte	30                              @ Abbrev [30] 0x1a76:0x69 DW_TAG_subprogram
	.long	.Lfunc_begin28                  @ DW_AT_low_pc
	.long	.Lfunc_end28-.Lfunc_begin28     @ DW_AT_high_pc
	.byte	1                               @ DW_AT_frame_base
	.byte	93
                                        @ DW_AT_GNU_all_call_sites
	.long	.Linfo_string147                @ DW_AT_name
	.byte	6                               @ DW_AT_decl_file
	.short	2585                            @ DW_AT_decl_line
                                        @ DW_AT_prototyped
	.long	7006                            @ DW_AT_type
                                        @ DW_AT_external
	.byte	31                              @ Abbrev [31] 0x1a8c:0x10 DW_TAG_formal_parameter
	.long	.Ldebug_loc116                  @ DW_AT_location
	.long	.Linfo_string149                @ DW_AT_name
	.byte	6                               @ DW_AT_decl_file
	.short	2585                            @ DW_AT_decl_line
	.long	7017                            @ DW_AT_type
	.byte	32                              @ Abbrev [32] 0x1a9c:0x10 DW_TAG_variable
	.long	.Ldebug_loc117                  @ DW_AT_location
	.long	.Linfo_string225                @ DW_AT_name
	.byte	6                               @ DW_AT_decl_file
	.short	2587                            @ DW_AT_decl_line
	.long	7006                            @ DW_AT_type
	.byte	33                              @ Abbrev [33] 0x1aac:0x19 DW_TAG_inlined_subroutine
	.long	1405                            @ DW_AT_abstract_origin
	.long	.Ltmp1185                       @ DW_AT_low_pc
	.long	.Ltmp1186-.Ltmp1185             @ DW_AT_high_pc
	.byte	6                               @ DW_AT_call_file
	.short	2593                            @ DW_AT_call_line
	.byte	7                               @ DW_AT_call_column
	.byte	24                              @ Abbrev [24] 0x1abd:0x7 DW_TAG_formal_parameter
	.byte	1                               @ DW_AT_location
	.byte	80
	.long	1418                            @ DW_AT_abstract_origin
	.byte	0                               @ End Of Children Mark
	.byte	33                              @ Abbrev [33] 0x1ac5:0x19 DW_TAG_inlined_subroutine
	.long	6752                            @ DW_AT_abstract_origin
	.long	.Ltmp1188                       @ DW_AT_low_pc
	.long	.Ltmp1189-.Ltmp1188             @ DW_AT_high_pc
	.byte	6                               @ DW_AT_call_file
	.short	2595                            @ DW_AT_call_line
	.byte	5                               @ DW_AT_call_column
	.byte	24                              @ Abbrev [24] 0x1ad6:0x7 DW_TAG_formal_parameter
	.byte	1                               @ DW_AT_location
	.byte	80
	.long	6761                            @ DW_AT_abstract_origin
	.byte	0                               @ End Of Children Mark
	.byte	0                               @ End Of Children Mark
	.byte	16                              @ Abbrev [16] 0x1adf:0x16 DW_TAG_subprogram
	.long	.Linfo_string117                @ DW_AT_name
	.byte	7                               @ DW_AT_decl_file
	.short	6795                            @ DW_AT_decl_line
                                        @ DW_AT_prototyped
	.byte	1                               @ DW_AT_inline
	.byte	17                              @ Abbrev [17] 0x1ae8:0xc DW_TAG_formal_parameter
	.long	.Linfo_string77                 @ DW_AT_name
	.byte	7                               @ DW_AT_decl_file
	.short	6795                            @ DW_AT_decl_line
	.long	159                             @ DW_AT_type
	.byte	0                               @ End Of Children Mark
	.byte	30                              @ Abbrev [30] 0x1af5:0x69 DW_TAG_subprogram
	.long	.Lfunc_begin29                  @ DW_AT_low_pc
	.long	.Lfunc_end29-.Lfunc_begin29     @ DW_AT_high_pc
	.byte	1                               @ DW_AT_frame_base
	.byte	93
                                        @ DW_AT_GNU_all_call_sites
	.long	.Linfo_string148                @ DW_AT_name
	.byte	6                               @ DW_AT_decl_file
	.short	2622                            @ DW_AT_decl_line
                                        @ DW_AT_prototyped
	.long	7006                            @ DW_AT_type
                                        @ DW_AT_external
	.byte	31                              @ Abbrev [31] 0x1b0b:0x10 DW_TAG_formal_parameter
	.long	.Ldebug_loc118                  @ DW_AT_location
	.long	.Linfo_string149                @ DW_AT_name
	.byte	6                               @ DW_AT_decl_file
	.short	2622                            @ DW_AT_decl_line
	.long	7017                            @ DW_AT_type
	.byte	32                              @ Abbrev [32] 0x1b1b:0x10 DW_TAG_variable
	.long	.Ldebug_loc119                  @ DW_AT_location
	.long	.Linfo_string225                @ DW_AT_name
	.byte	6                               @ DW_AT_decl_file
	.short	2624                            @ DW_AT_decl_line
	.long	7006                            @ DW_AT_type
	.byte	33                              @ Abbrev [33] 0x1b2b:0x19 DW_TAG_inlined_subroutine
	.long	1405                            @ DW_AT_abstract_origin
	.long	.Ltmp1194                       @ DW_AT_low_pc
	.long	.Ltmp1195-.Ltmp1194             @ DW_AT_high_pc
	.byte	6                               @ DW_AT_call_file
	.short	2630                            @ DW_AT_call_line
	.byte	7                               @ DW_AT_call_column
	.byte	24                              @ Abbrev [24] 0x1b3c:0x7 DW_TAG_formal_parameter
	.byte	1                               @ DW_AT_location
	.byte	80
	.long	1418                            @ DW_AT_abstract_origin
	.byte	0                               @ End Of Children Mark
	.byte	33                              @ Abbrev [33] 0x1b44:0x19 DW_TAG_inlined_subroutine
	.long	6879                            @ DW_AT_abstract_origin
	.long	.Ltmp1197                       @ DW_AT_low_pc
	.long	.Ltmp1198-.Ltmp1197             @ DW_AT_high_pc
	.byte	6                               @ DW_AT_call_file
	.short	2632                            @ DW_AT_call_line
	.byte	5                               @ DW_AT_call_column
	.byte	24                              @ Abbrev [24] 0x1b55:0x7 DW_TAG_formal_parameter
	.byte	1                               @ DW_AT_location
	.byte	80
	.long	6888                            @ DW_AT_abstract_origin
	.byte	0                               @ End Of Children Mark
	.byte	0                               @ End Of Children Mark
	.byte	11                              @ Abbrev [11] 0x1b5e:0xb DW_TAG_typedef
	.long	38                              @ DW_AT_type
	.long	.Linfo_string119                @ DW_AT_name
	.byte	1                               @ DW_AT_decl_file
	.byte	45                              @ DW_AT_decl_line
	.byte	5                               @ Abbrev [5] 0x1b69:0x5 DW_TAG_pointer_type
	.long	7022                            @ DW_AT_type
	.byte	6                               @ Abbrev [6] 0x1b6e:0xc DW_TAG_typedef
	.long	7034                            @ DW_AT_type
	.long	.Linfo_string223                @ DW_AT_name
	.byte	8                               @ DW_AT_decl_file
	.short	431                             @ DW_AT_decl_line
	.byte	15                              @ Abbrev [15] 0x1b7a:0x61 DW_TAG_structure_type
	.byte	100                             @ DW_AT_byte_size
	.byte	8                               @ DW_AT_decl_file
	.short	408                             @ DW_AT_decl_line
	.byte	9                               @ Abbrev [9] 0x1b7f:0xd DW_TAG_member
	.long	.Linfo_string150                @ DW_AT_name
	.long	159                             @ DW_AT_type
	.byte	8                               @ DW_AT_decl_file
	.short	411                             @ DW_AT_decl_line
	.byte	0                               @ DW_AT_data_member_location
	.byte	9                               @ Abbrev [9] 0x1b8c:0xd DW_TAG_member
	.long	.Linfo_string151                @ DW_AT_name
	.long	7131                            @ DW_AT_type
	.byte	8                               @ DW_AT_decl_file
	.short	412                             @ DW_AT_decl_line
	.byte	4                               @ DW_AT_data_member_location
	.byte	9                               @ Abbrev [9] 0x1b99:0xd DW_TAG_member
	.long	.Linfo_string175                @ DW_AT_name
	.long	7414                            @ DW_AT_type
	.byte	8                               @ DW_AT_decl_file
	.short	413                             @ DW_AT_decl_line
	.byte	76                              @ DW_AT_data_member_location
	.byte	9                               @ Abbrev [9] 0x1ba6:0xd DW_TAG_member
	.long	.Linfo_string189                @ DW_AT_name
	.long	7840                            @ DW_AT_type
	.byte	8                               @ DW_AT_decl_file
	.short	414                             @ DW_AT_decl_line
	.byte	80                              @ DW_AT_data_member_location
	.byte	9                               @ Abbrev [9] 0x1bb3:0xd DW_TAG_member
	.long	.Linfo_string191                @ DW_AT_name
	.long	715                             @ DW_AT_type
	.byte	8                               @ DW_AT_decl_file
	.short	415                             @ DW_AT_decl_line
	.byte	84                              @ DW_AT_data_member_location
	.byte	9                               @ Abbrev [9] 0x1bc0:0xd DW_TAG_member
	.long	.Linfo_string200                @ DW_AT_name
	.long	715                             @ DW_AT_type
	.byte	8                               @ DW_AT_decl_file
	.short	416                             @ DW_AT_decl_line
	.byte	88                              @ DW_AT_data_member_location
	.byte	9                               @ Abbrev [9] 0x1bcd:0xd DW_TAG_member
	.long	.Linfo_string219                @ DW_AT_name
	.long	8054                            @ DW_AT_type
	.byte	8                               @ DW_AT_decl_file
	.short	417                             @ DW_AT_decl_line
	.byte	92                              @ DW_AT_data_member_location
	.byte	0                               @ End Of Children Mark
	.byte	11                              @ Abbrev [11] 0x1bdb:0xb DW_TAG_typedef
	.long	7142                            @ DW_AT_type
	.long	.Linfo_string174                @ DW_AT_name
	.byte	8                               @ DW_AT_decl_file
	.byte	206                             @ DW_AT_decl_line
	.byte	7                               @ Abbrev [7] 0x1be6:0xc5 DW_TAG_structure_type
	.byte	72                              @ DW_AT_byte_size
	.byte	8                               @ DW_AT_decl_file
	.byte	90                              @ DW_AT_decl_line
	.byte	8                               @ Abbrev [8] 0x1bea:0xc DW_TAG_member
	.long	.Linfo_string152                @ DW_AT_name
	.long	720                             @ DW_AT_type
	.byte	8                               @ DW_AT_decl_file
	.byte	92                              @ DW_AT_decl_line
	.byte	0                               @ DW_AT_data_member_location
	.byte	8                               @ Abbrev [8] 0x1bf6:0xc DW_TAG_member
	.long	.Linfo_string153                @ DW_AT_name
	.long	720                             @ DW_AT_type
	.byte	8                               @ DW_AT_decl_file
	.byte	103                             @ DW_AT_decl_line
	.byte	4                               @ DW_AT_data_member_location
	.byte	8                               @ Abbrev [8] 0x1c02:0xc DW_TAG_member
	.long	.Linfo_string154                @ DW_AT_name
	.long	720                             @ DW_AT_type
	.byte	8                               @ DW_AT_decl_file
	.byte	113                             @ DW_AT_decl_line
	.byte	8                               @ DW_AT_data_member_location
	.byte	8                               @ Abbrev [8] 0x1c0e:0xc DW_TAG_member
	.long	.Linfo_string155                @ DW_AT_name
	.long	720                             @ DW_AT_type
	.byte	8                               @ DW_AT_decl_file
	.byte	121                             @ DW_AT_decl_line
	.byte	12                              @ DW_AT_data_member_location
	.byte	8                               @ Abbrev [8] 0x1c1a:0xc DW_TAG_member
	.long	.Linfo_string156                @ DW_AT_name
	.long	7339                            @ DW_AT_type
	.byte	8                               @ DW_AT_decl_file
	.byte	124                             @ DW_AT_decl_line
	.byte	16                              @ DW_AT_data_member_location
	.byte	8                               @ Abbrev [8] 0x1c26:0xc DW_TAG_member
	.long	.Linfo_string158                @ DW_AT_name
	.long	7339                            @ DW_AT_type
	.byte	8                               @ DW_AT_decl_file
	.byte	136                             @ DW_AT_decl_line
	.byte	17                              @ DW_AT_data_member_location
	.byte	8                               @ Abbrev [8] 0x1c32:0xc DW_TAG_member
	.long	.Linfo_string159                @ DW_AT_name
	.long	720                             @ DW_AT_type
	.byte	8                               @ DW_AT_decl_file
	.byte	140                             @ DW_AT_decl_line
	.byte	20                              @ DW_AT_data_member_location
	.byte	8                               @ Abbrev [8] 0x1c3e:0xc DW_TAG_member
	.long	.Linfo_string160                @ DW_AT_name
	.long	7339                            @ DW_AT_type
	.byte	8                               @ DW_AT_decl_file
	.byte	146                             @ DW_AT_decl_line
	.byte	24                              @ DW_AT_data_member_location
	.byte	8                               @ Abbrev [8] 0x1c4a:0xc DW_TAG_member
	.long	.Linfo_string161                @ DW_AT_name
	.long	720                             @ DW_AT_type
	.byte	8                               @ DW_AT_decl_file
	.byte	152                             @ DW_AT_decl_line
	.byte	28                              @ DW_AT_data_member_location
	.byte	8                               @ Abbrev [8] 0x1c56:0xc DW_TAG_member
	.long	.Linfo_string162                @ DW_AT_name
	.long	720                             @ DW_AT_type
	.byte	8                               @ DW_AT_decl_file
	.byte	156                             @ DW_AT_decl_line
	.byte	32                              @ DW_AT_data_member_location
	.byte	8                               @ Abbrev [8] 0x1c62:0xc DW_TAG_member
	.long	.Linfo_string163                @ DW_AT_name
	.long	720                             @ DW_AT_type
	.byte	8                               @ DW_AT_decl_file
	.byte	161                             @ DW_AT_decl_line
	.byte	36                              @ DW_AT_data_member_location
	.byte	8                               @ Abbrev [8] 0x1c6e:0xc DW_TAG_member
	.long	.Linfo_string164                @ DW_AT_name
	.long	720                             @ DW_AT_type
	.byte	8                               @ DW_AT_decl_file
	.byte	165                             @ DW_AT_decl_line
	.byte	40                              @ DW_AT_data_member_location
	.byte	8                               @ Abbrev [8] 0x1c7a:0xc DW_TAG_member
	.long	.Linfo_string165                @ DW_AT_name
	.long	720                             @ DW_AT_type
	.byte	8                               @ DW_AT_decl_file
	.byte	186                             @ DW_AT_decl_line
	.byte	44                              @ DW_AT_data_member_location
	.byte	8                               @ Abbrev [8] 0x1c86:0xc DW_TAG_member
	.long	.Linfo_string166                @ DW_AT_name
	.long	720                             @ DW_AT_type
	.byte	8                               @ DW_AT_decl_file
	.byte	197                             @ DW_AT_decl_line
	.byte	48                              @ DW_AT_data_member_location
	.byte	8                               @ Abbrev [8] 0x1c92:0xc DW_TAG_member
	.long	.Linfo_string167                @ DW_AT_name
	.long	7339                            @ DW_AT_type
	.byte	8                               @ DW_AT_decl_file
	.byte	199                             @ DW_AT_decl_line
	.byte	52                              @ DW_AT_data_member_location
	.byte	8                               @ Abbrev [8] 0x1c9e:0xc DW_TAG_member
	.long	.Linfo_string168                @ DW_AT_name
	.long	7350                            @ DW_AT_type
	.byte	8                               @ DW_AT_decl_file
	.byte	203                             @ DW_AT_decl_line
	.byte	56                              @ DW_AT_data_member_location
	.byte	0                               @ End Of Children Mark
	.byte	11                              @ Abbrev [11] 0x1cab:0xb DW_TAG_typedef
	.long	78                              @ DW_AT_type
	.long	.Linfo_string157                @ DW_AT_name
	.byte	2                               @ DW_AT_decl_file
	.byte	190                             @ DW_AT_decl_line
	.byte	11                              @ Abbrev [11] 0x1cb6:0xb DW_TAG_typedef
	.long	7361                            @ DW_AT_type
	.long	.Linfo_string173                @ DW_AT_name
	.byte	8                               @ DW_AT_decl_file
	.byte	72                              @ DW_AT_decl_line
	.byte	7                               @ Abbrev [7] 0x1cc1:0x35 DW_TAG_structure_type
	.byte	16                              @ DW_AT_byte_size
	.byte	8                               @ DW_AT_decl_file
	.byte	49                              @ DW_AT_decl_line
	.byte	8                               @ Abbrev [8] 0x1cc5:0xc DW_TAG_member
	.long	.Linfo_string169                @ DW_AT_name
	.long	720                             @ DW_AT_type
	.byte	8                               @ DW_AT_decl_file
	.byte	51                              @ DW_AT_decl_line
	.byte	0                               @ DW_AT_data_member_location
	.byte	8                               @ Abbrev [8] 0x1cd1:0xc DW_TAG_member
	.long	.Linfo_string170                @ DW_AT_name
	.long	720                             @ DW_AT_type
	.byte	8                               @ DW_AT_decl_file
	.byte	58                              @ DW_AT_decl_line
	.byte	4                               @ DW_AT_data_member_location
	.byte	8                               @ Abbrev [8] 0x1cdd:0xc DW_TAG_member
	.long	.Linfo_string171                @ DW_AT_name
	.long	720                             @ DW_AT_type
	.byte	8                               @ DW_AT_decl_file
	.byte	61                              @ DW_AT_decl_line
	.byte	8                               @ DW_AT_data_member_location
	.byte	8                               @ Abbrev [8] 0x1ce9:0xc DW_TAG_member
	.long	.Linfo_string172                @ DW_AT_name
	.long	720                             @ DW_AT_type
	.byte	8                               @ DW_AT_decl_file
	.byte	64                              @ DW_AT_decl_line
	.byte	12                              @ DW_AT_data_member_location
	.byte	0                               @ End Of Children Mark
	.byte	5                               @ Abbrev [5] 0x1cf6:0x5 DW_TAG_pointer_type
	.long	7419                            @ DW_AT_type
	.byte	11                              @ Abbrev [11] 0x1cfb:0xb DW_TAG_typedef
	.long	7430                            @ DW_AT_type
	.long	.Linfo_string218                @ DW_AT_name
	.byte	3                               @ DW_AT_decl_file
	.byte	179                             @ DW_AT_decl_line
	.byte	44                              @ Abbrev [44] 0x1d06:0xf9 DW_TAG_structure_type
	.long	.Linfo_string217                @ DW_AT_name
	.byte	120                             @ DW_AT_byte_size
	.byte	3                               @ DW_AT_decl_file
	.byte	136                             @ DW_AT_decl_line
	.byte	8                               @ Abbrev [8] 0x1d0e:0xc DW_TAG_member
	.long	.Linfo_string150                @ DW_AT_name
	.long	7679                            @ DW_AT_type
	.byte	3                               @ DW_AT_decl_file
	.byte	138                             @ DW_AT_decl_line
	.byte	0                               @ DW_AT_data_member_location
	.byte	8                               @ Abbrev [8] 0x1d1a:0xc DW_TAG_member
	.long	.Linfo_string151                @ DW_AT_name
	.long	7680                            @ DW_AT_type
	.byte	3                               @ DW_AT_decl_file
	.byte	140                             @ DW_AT_decl_line
	.byte	4                               @ DW_AT_data_member_location
	.byte	8                               @ Abbrev [8] 0x1d26:0xc DW_TAG_member
	.long	.Linfo_string189                @ DW_AT_name
	.long	7840                            @ DW_AT_type
	.byte	3                               @ DW_AT_decl_file
	.byte	142                             @ DW_AT_decl_line
	.byte	52                              @ DW_AT_data_member_location
	.byte	8                               @ Abbrev [8] 0x1d32:0xc DW_TAG_member
	.long	.Linfo_string191                @ DW_AT_name
	.long	7851                            @ DW_AT_type
	.byte	3                               @ DW_AT_decl_file
	.byte	144                             @ DW_AT_decl_line
	.byte	53                              @ DW_AT_data_member_location
	.byte	8                               @ Abbrev [8] 0x1d3e:0xc DW_TAG_member
	.long	.Linfo_string193                @ DW_AT_name
	.long	7679                            @ DW_AT_type
	.byte	3                               @ DW_AT_decl_file
	.byte	146                             @ DW_AT_decl_line
	.byte	56                              @ DW_AT_data_member_location
	.byte	8                               @ Abbrev [8] 0x1d4a:0xc DW_TAG_member
	.long	.Linfo_string194                @ DW_AT_name
	.long	7867                            @ DW_AT_type
	.byte	3                               @ DW_AT_decl_file
	.byte	148                             @ DW_AT_decl_line
	.byte	60                              @ DW_AT_data_member_location
	.byte	8                               @ Abbrev [8] 0x1d56:0xc DW_TAG_member
	.long	.Linfo_string195                @ DW_AT_name
	.long	7867                            @ DW_AT_type
	.byte	3                               @ DW_AT_decl_file
	.byte	150                             @ DW_AT_decl_line
	.byte	64                              @ DW_AT_data_member_location
	.byte	8                               @ Abbrev [8] 0x1d62:0xc DW_TAG_member
	.long	.Linfo_string196                @ DW_AT_name
	.long	7867                            @ DW_AT_type
	.byte	3                               @ DW_AT_decl_file
	.byte	152                             @ DW_AT_decl_line
	.byte	68                              @ DW_AT_data_member_location
	.byte	8                               @ Abbrev [8] 0x1d6e:0xc DW_TAG_member
	.long	.Linfo_string197                @ DW_AT_name
	.long	7867                            @ DW_AT_type
	.byte	3                               @ DW_AT_decl_file
	.byte	154                             @ DW_AT_decl_line
	.byte	72                              @ DW_AT_data_member_location
	.byte	8                               @ Abbrev [8] 0x1d7a:0xc DW_TAG_member
	.long	.Linfo_string198                @ DW_AT_name
	.long	7867                            @ DW_AT_type
	.byte	3                               @ DW_AT_decl_file
	.byte	156                             @ DW_AT_decl_line
	.byte	76                              @ DW_AT_data_member_location
	.byte	8                               @ Abbrev [8] 0x1d86:0xc DW_TAG_member
	.long	.Linfo_string199                @ DW_AT_name
	.long	7867                            @ DW_AT_type
	.byte	3                               @ DW_AT_decl_file
	.byte	158                             @ DW_AT_decl_line
	.byte	80                              @ DW_AT_data_member_location
	.byte	8                               @ Abbrev [8] 0x1d92:0xc DW_TAG_member
	.long	.Linfo_string200                @ DW_AT_name
	.long	715                             @ DW_AT_type
	.byte	3                               @ DW_AT_decl_file
	.byte	160                             @ DW_AT_decl_line
	.byte	84                              @ DW_AT_data_member_location
	.byte	8                               @ Abbrev [8] 0x1d9e:0xc DW_TAG_member
	.long	.Linfo_string201                @ DW_AT_name
	.long	720                             @ DW_AT_type
	.byte	3                               @ DW_AT_decl_file
	.byte	162                             @ DW_AT_decl_line
	.byte	88                              @ DW_AT_data_member_location
	.byte	8                               @ Abbrev [8] 0x1daa:0xc DW_TAG_member
	.long	.Linfo_string202                @ DW_AT_name
	.long	720                             @ DW_AT_type
	.byte	3                               @ DW_AT_decl_file
	.byte	164                             @ DW_AT_decl_line
	.byte	92                              @ DW_AT_data_member_location
	.byte	8                               @ Abbrev [8] 0x1db6:0xc DW_TAG_member
	.long	.Linfo_string203                @ DW_AT_name
	.long	7884                            @ DW_AT_type
	.byte	3                               @ DW_AT_decl_file
	.byte	166                             @ DW_AT_decl_line
	.byte	96                              @ DW_AT_data_member_location
	.byte	8                               @ Abbrev [8] 0x1dc2:0xc DW_TAG_member
	.long	.Linfo_string205                @ DW_AT_name
	.long	7920                            @ DW_AT_type
	.byte	3                               @ DW_AT_decl_file
	.byte	168                             @ DW_AT_decl_line
	.byte	100                             @ DW_AT_data_member_location
	.byte	8                               @ Abbrev [8] 0x1dce:0xc DW_TAG_member
	.long	.Linfo_string208                @ DW_AT_name
	.long	720                             @ DW_AT_type
	.byte	3                               @ DW_AT_decl_file
	.byte	170                             @ DW_AT_decl_line
	.byte	104                             @ DW_AT_data_member_location
	.byte	8                               @ Abbrev [8] 0x1dda:0xc DW_TAG_member
	.long	.Linfo_string209                @ DW_AT_name
	.long	7969                            @ DW_AT_type
	.byte	3                               @ DW_AT_decl_file
	.byte	173                             @ DW_AT_decl_line
	.byte	108                             @ DW_AT_data_member_location
	.byte	8                               @ Abbrev [8] 0x1de6:0xc DW_TAG_member
	.long	.Linfo_string212                @ DW_AT_name
	.long	8005                            @ DW_AT_type
	.byte	3                               @ DW_AT_decl_file
	.byte	175                             @ DW_AT_decl_line
	.byte	112                             @ DW_AT_data_member_location
	.byte	8                               @ Abbrev [8] 0x1df2:0xc DW_TAG_member
	.long	.Linfo_string216                @ DW_AT_name
	.long	720                             @ DW_AT_type
	.byte	3                               @ DW_AT_decl_file
	.byte	177                             @ DW_AT_decl_line
	.byte	116                             @ DW_AT_data_member_location
	.byte	0                               @ End Of Children Mark
	.byte	45                              @ Abbrev [45] 0x1dff:0x1 DW_TAG_pointer_type
	.byte	11                              @ Abbrev [11] 0x1e00:0xb DW_TAG_typedef
	.long	7691                            @ DW_AT_type
	.long	.Linfo_string188                @ DW_AT_name
	.byte	3                               @ DW_AT_decl_file
	.byte	96                              @ DW_AT_decl_line
	.byte	7                               @ Abbrev [7] 0x1e0b:0x95 DW_TAG_structure_type
	.byte	48                              @ DW_AT_byte_size
	.byte	3                               @ DW_AT_decl_file
	.byte	48                              @ DW_AT_decl_line
	.byte	8                               @ Abbrev [8] 0x1e0f:0xc DW_TAG_member
	.long	.Linfo_string176                @ DW_AT_name
	.long	720                             @ DW_AT_type
	.byte	3                               @ DW_AT_decl_file
	.byte	50                              @ DW_AT_decl_line
	.byte	0                               @ DW_AT_data_member_location
	.byte	8                               @ Abbrev [8] 0x1e1b:0xc DW_TAG_member
	.long	.Linfo_string177                @ DW_AT_name
	.long	720                             @ DW_AT_type
	.byte	3                               @ DW_AT_decl_file
	.byte	53                              @ DW_AT_decl_line
	.byte	4                               @ DW_AT_data_member_location
	.byte	8                               @ Abbrev [8] 0x1e27:0xc DW_TAG_member
	.long	.Linfo_string178                @ DW_AT_name
	.long	720                             @ DW_AT_type
	.byte	3                               @ DW_AT_decl_file
	.byte	57                              @ DW_AT_decl_line
	.byte	8                               @ DW_AT_data_member_location
	.byte	8                               @ Abbrev [8] 0x1e33:0xc DW_TAG_member
	.long	.Linfo_string179                @ DW_AT_name
	.long	720                             @ DW_AT_type
	.byte	3                               @ DW_AT_decl_file
	.byte	60                              @ DW_AT_decl_line
	.byte	12                              @ DW_AT_data_member_location
	.byte	8                               @ Abbrev [8] 0x1e3f:0xc DW_TAG_member
	.long	.Linfo_string180                @ DW_AT_name
	.long	720                             @ DW_AT_type
	.byte	3                               @ DW_AT_decl_file
	.byte	63                              @ DW_AT_decl_line
	.byte	16                              @ DW_AT_data_member_location
	.byte	8                               @ Abbrev [8] 0x1e4b:0xc DW_TAG_member
	.long	.Linfo_string181                @ DW_AT_name
	.long	720                             @ DW_AT_type
	.byte	3                               @ DW_AT_decl_file
	.byte	66                              @ DW_AT_decl_line
	.byte	20                              @ DW_AT_data_member_location
	.byte	8                               @ Abbrev [8] 0x1e57:0xc DW_TAG_member
	.long	.Linfo_string182                @ DW_AT_name
	.long	720                             @ DW_AT_type
	.byte	3                               @ DW_AT_decl_file
	.byte	69                              @ DW_AT_decl_line
	.byte	24                              @ DW_AT_data_member_location
	.byte	8                               @ Abbrev [8] 0x1e63:0xc DW_TAG_member
	.long	.Linfo_string183                @ DW_AT_name
	.long	720                             @ DW_AT_type
	.byte	3                               @ DW_AT_decl_file
	.byte	74                              @ DW_AT_decl_line
	.byte	28                              @ DW_AT_data_member_location
	.byte	8                               @ Abbrev [8] 0x1e6f:0xc DW_TAG_member
	.long	.Linfo_string184                @ DW_AT_name
	.long	720                             @ DW_AT_type
	.byte	3                               @ DW_AT_decl_file
	.byte	77                              @ DW_AT_decl_line
	.byte	32                              @ DW_AT_data_member_location
	.byte	8                               @ Abbrev [8] 0x1e7b:0xc DW_TAG_member
	.long	.Linfo_string185                @ DW_AT_name
	.long	720                             @ DW_AT_type
	.byte	3                               @ DW_AT_decl_file
	.byte	82                              @ DW_AT_decl_line
	.byte	36                              @ DW_AT_data_member_location
	.byte	8                               @ Abbrev [8] 0x1e87:0xc DW_TAG_member
	.long	.Linfo_string186                @ DW_AT_name
	.long	720                             @ DW_AT_type
	.byte	3                               @ DW_AT_decl_file
	.byte	85                              @ DW_AT_decl_line
	.byte	40                              @ DW_AT_data_member_location
	.byte	8                               @ Abbrev [8] 0x1e93:0xc DW_TAG_member
	.long	.Linfo_string187                @ DW_AT_name
	.long	720                             @ DW_AT_type
	.byte	3                               @ DW_AT_decl_file
	.byte	91                              @ DW_AT_decl_line
	.byte	44                              @ DW_AT_data_member_location
	.byte	0                               @ End Of Children Mark
	.byte	11                              @ Abbrev [11] 0x1ea0:0xb DW_TAG_typedef
	.long	99                              @ DW_AT_type
	.long	.Linfo_string190                @ DW_AT_name
	.byte	1                               @ DW_AT_decl_file
	.byte	54                              @ DW_AT_decl_line
	.byte	10                              @ Abbrev [10] 0x1eab:0x5 DW_TAG_volatile_type
	.long	7856                            @ DW_AT_type
	.byte	11                              @ Abbrev [11] 0x1eb0:0xb DW_TAG_typedef
	.long	120                             @ DW_AT_type
	.long	.Linfo_string192                @ DW_AT_name
	.byte	3                               @ DW_AT_decl_file
	.byte	108                             @ DW_AT_decl_line
	.byte	5                               @ Abbrev [5] 0x1ebb:0x5 DW_TAG_pointer_type
	.long	7872                            @ DW_AT_type
	.byte	46                              @ Abbrev [46] 0x1ec0:0x7 DW_TAG_subroutine_type
                                        @ DW_AT_prototyped
	.byte	47                              @ Abbrev [47] 0x1ec1:0x5 DW_TAG_formal_parameter
	.long	7879                            @ DW_AT_type
	.byte	0                               @ End Of Children Mark
	.byte	5                               @ Abbrev [5] 0x1ec7:0x5 DW_TAG_pointer_type
	.long	7430                            @ DW_AT_type
	.byte	5                               @ Abbrev [5] 0x1ecc:0x5 DW_TAG_pointer_type
	.long	7889                            @ DW_AT_type
	.byte	6                               @ Abbrev [6] 0x1ed1:0xc DW_TAG_typedef
	.long	7901                            @ DW_AT_type
	.long	.Linfo_string204                @ DW_AT_name
	.byte	5                               @ DW_AT_decl_file
	.short	595                             @ DW_AT_decl_line
	.byte	15                              @ Abbrev [15] 0x1edd:0x13 DW_TAG_structure_type
	.byte	4                               @ DW_AT_byte_size
	.byte	5                               @ DW_AT_decl_file
	.short	592                             @ DW_AT_decl_line
	.byte	9                               @ Abbrev [9] 0x1ee2:0xd DW_TAG_member
	.long	.Linfo_string65                 @ DW_AT_name
	.long	715                             @ DW_AT_type
	.byte	5                               @ DW_AT_decl_file
	.short	594                             @ DW_AT_decl_line
	.byte	0                               @ DW_AT_data_member_location
	.byte	0                               @ End Of Children Mark
	.byte	5                               @ Abbrev [5] 0x1ef0:0x5 DW_TAG_pointer_type
	.long	7925                            @ DW_AT_type
	.byte	6                               @ Abbrev [6] 0x1ef5:0xc DW_TAG_typedef
	.long	7937                            @ DW_AT_type
	.long	.Linfo_string207                @ DW_AT_name
	.byte	5                               @ DW_AT_decl_file
	.short	601                             @ DW_AT_decl_line
	.byte	15                              @ Abbrev [15] 0x1f01:0x20 DW_TAG_structure_type
	.byte	8                               @ DW_AT_byte_size
	.byte	5                               @ DW_AT_decl_file
	.short	597                             @ DW_AT_decl_line
	.byte	9                               @ Abbrev [9] 0x1f06:0xd DW_TAG_member
	.long	.Linfo_string63                 @ DW_AT_name
	.long	715                             @ DW_AT_type
	.byte	5                               @ DW_AT_decl_file
	.short	599                             @ DW_AT_decl_line
	.byte	0                               @ DW_AT_data_member_location
	.byte	9                               @ Abbrev [9] 0x1f13:0xd DW_TAG_member
	.long	.Linfo_string206                @ DW_AT_name
	.long	715                             @ DW_AT_type
	.byte	5                               @ DW_AT_decl_file
	.short	600                             @ DW_AT_decl_line
	.byte	4                               @ DW_AT_data_member_location
	.byte	0                               @ End Of Children Mark
	.byte	5                               @ Abbrev [5] 0x1f21:0x5 DW_TAG_pointer_type
	.long	7974                            @ DW_AT_type
	.byte	6                               @ Abbrev [6] 0x1f26:0xc DW_TAG_typedef
	.long	7986                            @ DW_AT_type
	.long	.Linfo_string211                @ DW_AT_name
	.byte	5                               @ DW_AT_decl_file
	.short	606                             @ DW_AT_decl_line
	.byte	15                              @ Abbrev [15] 0x1f32:0x13 DW_TAG_structure_type
	.byte	4                               @ DW_AT_byte_size
	.byte	5                               @ DW_AT_decl_file
	.short	603                             @ DW_AT_decl_line
	.byte	9                               @ Abbrev [9] 0x1f37:0xd DW_TAG_member
	.long	.Linfo_string210                @ DW_AT_name
	.long	715                             @ DW_AT_type
	.byte	5                               @ DW_AT_decl_file
	.short	605                             @ DW_AT_decl_line
	.byte	0                               @ DW_AT_data_member_location
	.byte	0                               @ End Of Children Mark
	.byte	5                               @ Abbrev [5] 0x1f45:0x5 DW_TAG_pointer_type
	.long	8010                            @ DW_AT_type
	.byte	6                               @ Abbrev [6] 0x1f4a:0xc DW_TAG_typedef
	.long	8022                            @ DW_AT_type
	.long	.Linfo_string215                @ DW_AT_name
	.byte	5                               @ DW_AT_decl_file
	.short	612                             @ DW_AT_decl_line
	.byte	15                              @ Abbrev [15] 0x1f56:0x20 DW_TAG_structure_type
	.byte	8                               @ DW_AT_byte_size
	.byte	5                               @ DW_AT_decl_file
	.short	608                             @ DW_AT_decl_line
	.byte	9                               @ Abbrev [9] 0x1f5b:0xd DW_TAG_member
	.long	.Linfo_string213                @ DW_AT_name
	.long	715                             @ DW_AT_type
	.byte	5                               @ DW_AT_decl_file
	.short	610                             @ DW_AT_decl_line
	.byte	0                               @ DW_AT_data_member_location
	.byte	9                               @ Abbrev [9] 0x1f68:0xd DW_TAG_member
	.long	.Linfo_string214                @ DW_AT_name
	.long	715                             @ DW_AT_type
	.byte	5                               @ DW_AT_decl_file
	.short	611                             @ DW_AT_decl_line
	.byte	4                               @ DW_AT_data_member_location
	.byte	0                               @ End Of Children Mark
	.byte	6                               @ Abbrev [6] 0x1f76:0xc DW_TAG_typedef
	.long	8066                            @ DW_AT_type
	.long	.Linfo_string222                @ DW_AT_name
	.byte	8                               @ DW_AT_decl_file
	.short	352                             @ DW_AT_decl_line
	.byte	15                              @ Abbrev [15] 0x1f82:0x20 DW_TAG_structure_type
	.byte	8                               @ DW_AT_byte_size
	.byte	8                               @ DW_AT_decl_file
	.short	345                             @ DW_AT_decl_line
	.byte	9                               @ Abbrev [9] 0x1f87:0xd DW_TAG_member
	.long	.Linfo_string220                @ DW_AT_name
	.long	720                             @ DW_AT_type
	.byte	8                               @ DW_AT_decl_file
	.short	347                             @ DW_AT_decl_line
	.byte	0                               @ DW_AT_data_member_location
	.byte	9                               @ Abbrev [9] 0x1f94:0xd DW_TAG_member
	.long	.Linfo_string221                @ DW_AT_name
	.long	720                             @ DW_AT_type
	.byte	8                               @ DW_AT_decl_file
	.short	351                             @ DW_AT_decl_line
	.byte	4                               @ DW_AT_data_member_location
	.byte	0                               @ End Of Children Mark
	.byte	5                               @ Abbrev [5] 0x1fa2:0x5 DW_TAG_pointer_type
	.long	8103                            @ DW_AT_type
	.byte	19                              @ Abbrev [19] 0x1fa7:0x5 DW_TAG_const_type
	.long	7022                            @ DW_AT_type
	.byte	12                              @ Abbrev [12] 0x1fac:0xc DW_TAG_array_type
	.long	720                             @ DW_AT_type
	.byte	13                              @ Abbrev [13] 0x1fb1:0x6 DW_TAG_subrange_type
	.long	750                             @ DW_AT_type
	.byte	6                               @ DW_AT_count
	.byte	0                               @ End Of Children Mark
	.byte	5                               @ Abbrev [5] 0x1fb8:0x5 DW_TAG_pointer_type
	.long	8125                            @ DW_AT_type
	.byte	19                              @ Abbrev [19] 0x1fbd:0x5 DW_TAG_const_type
	.long	720                             @ DW_AT_type
	.byte	5                               @ Abbrev [5] 0x1fc2:0x5 DW_TAG_pointer_type
	.long	8135                            @ DW_AT_type
	.byte	11                              @ Abbrev [11] 0x1fc7:0xb DW_TAG_typedef
	.long	8146                            @ DW_AT_type
	.long	.Linfo_string266                @ DW_AT_name
	.byte	9                               @ DW_AT_decl_file
	.byte	196                             @ DW_AT_decl_line
	.byte	7                               @ Abbrev [7] 0x1fd2:0xc5 DW_TAG_structure_type
	.byte	60                              @ DW_AT_byte_size
	.byte	9                               @ DW_AT_decl_file
	.byte	75                              @ DW_AT_decl_line
	.byte	8                               @ Abbrev [8] 0x1fd6:0xc DW_TAG_member
	.long	.Linfo_string250                @ DW_AT_name
	.long	720                             @ DW_AT_type
	.byte	9                               @ DW_AT_decl_file
	.byte	77                              @ DW_AT_decl_line
	.byte	0                               @ DW_AT_data_member_location
	.byte	8                               @ Abbrev [8] 0x1fe2:0xc DW_TAG_member
	.long	.Linfo_string247                @ DW_AT_name
	.long	720                             @ DW_AT_type
	.byte	9                               @ DW_AT_decl_file
	.byte	81                              @ DW_AT_decl_line
	.byte	4                               @ DW_AT_data_member_location
	.byte	8                               @ Abbrev [8] 0x1fee:0xc DW_TAG_member
	.long	.Linfo_string251                @ DW_AT_name
	.long	720                             @ DW_AT_type
	.byte	9                               @ DW_AT_decl_file
	.byte	86                              @ DW_AT_decl_line
	.byte	8                               @ DW_AT_data_member_location
	.byte	8                               @ Abbrev [8] 0x1ffa:0xc DW_TAG_member
	.long	.Linfo_string252                @ DW_AT_name
	.long	720                             @ DW_AT_type
	.byte	9                               @ DW_AT_decl_file
	.byte	97                              @ DW_AT_decl_line
	.byte	12                              @ DW_AT_data_member_location
	.byte	8                               @ Abbrev [8] 0x2006:0xc DW_TAG_member
	.long	.Linfo_string253                @ DW_AT_name
	.long	720                             @ DW_AT_type
	.byte	9                               @ DW_AT_decl_file
	.byte	109                             @ DW_AT_decl_line
	.byte	16                              @ DW_AT_data_member_location
	.byte	8                               @ Abbrev [8] 0x2012:0xc DW_TAG_member
	.long	.Linfo_string254                @ DW_AT_name
	.long	720                             @ DW_AT_type
	.byte	9                               @ DW_AT_decl_file
	.byte	113                             @ DW_AT_decl_line
	.byte	20                              @ DW_AT_data_member_location
	.byte	8                               @ Abbrev [8] 0x201e:0xc DW_TAG_member
	.long	.Linfo_string255                @ DW_AT_name
	.long	720                             @ DW_AT_type
	.byte	9                               @ DW_AT_decl_file
	.byte	120                             @ DW_AT_decl_line
	.byte	24                              @ DW_AT_data_member_location
	.byte	8                               @ Abbrev [8] 0x202a:0xc DW_TAG_member
	.long	.Linfo_string256                @ DW_AT_name
	.long	7339                            @ DW_AT_type
	.byte	9                               @ DW_AT_decl_file
	.byte	137                             @ DW_AT_decl_line
	.byte	28                              @ DW_AT_data_member_location
	.byte	8                               @ Abbrev [8] 0x2036:0xc DW_TAG_member
	.long	.Linfo_string257                @ DW_AT_name
	.long	720                             @ DW_AT_type
	.byte	9                               @ DW_AT_decl_file
	.byte	141                             @ DW_AT_decl_line
	.byte	32                              @ DW_AT_data_member_location
	.byte	8                               @ Abbrev [8] 0x2042:0xc DW_TAG_member
	.long	.Linfo_string258                @ DW_AT_name
	.long	7339                            @ DW_AT_type
	.byte	9                               @ DW_AT_decl_file
	.byte	147                             @ DW_AT_decl_line
	.byte	36                              @ DW_AT_data_member_location
	.byte	8                               @ Abbrev [8] 0x204e:0xc DW_TAG_member
	.long	.Linfo_string259                @ DW_AT_name
	.long	7339                            @ DW_AT_type
	.byte	9                               @ DW_AT_decl_file
	.byte	157                             @ DW_AT_decl_line
	.byte	37                              @ DW_AT_data_member_location
	.byte	8                               @ Abbrev [8] 0x205a:0xc DW_TAG_member
	.long	.Linfo_string260                @ DW_AT_name
	.long	7339                            @ DW_AT_type
	.byte	9                               @ DW_AT_decl_file
	.byte	166                             @ DW_AT_decl_line
	.byte	38                              @ DW_AT_data_member_location
	.byte	8                               @ Abbrev [8] 0x2066:0xc DW_TAG_member
	.long	.Linfo_string261                @ DW_AT_name
	.long	720                             @ DW_AT_type
	.byte	9                               @ DW_AT_decl_file
	.byte	177                             @ DW_AT_decl_line
	.byte	40                              @ DW_AT_data_member_location
	.byte	8                               @ Abbrev [8] 0x2072:0xc DW_TAG_member
	.long	.Linfo_string262                @ DW_AT_name
	.long	720                             @ DW_AT_type
	.byte	9                               @ DW_AT_decl_file
	.byte	183                             @ DW_AT_decl_line
	.byte	44                              @ DW_AT_data_member_location
	.byte	8                               @ Abbrev [8] 0x207e:0xc DW_TAG_member
	.long	.Linfo_string263                @ DW_AT_name
	.long	7339                            @ DW_AT_type
	.byte	9                               @ DW_AT_decl_file
	.byte	189                             @ DW_AT_decl_line
	.byte	48                              @ DW_AT_data_member_location
	.byte	8                               @ Abbrev [8] 0x208a:0xc DW_TAG_member
	.long	.Linfo_string264                @ DW_AT_name
	.long	8343                            @ DW_AT_type
	.byte	9                               @ DW_AT_decl_file
	.byte	193                             @ DW_AT_decl_line
	.byte	52                              @ DW_AT_data_member_location
	.byte	0                               @ End Of Children Mark
	.byte	11                              @ Abbrev [11] 0x2097:0xb DW_TAG_typedef
	.long	8354                            @ DW_AT_type
	.long	.Linfo_string265                @ DW_AT_name
	.byte	9                               @ DW_AT_decl_file
	.byte	57                              @ DW_AT_decl_line
	.byte	7                               @ Abbrev [7] 0x20a2:0x1d DW_TAG_structure_type
	.byte	8                               @ DW_AT_byte_size
	.byte	9                               @ DW_AT_decl_file
	.byte	46                              @ DW_AT_decl_line
	.byte	8                               @ Abbrev [8] 0x20a6:0xc DW_TAG_member
	.long	.Linfo_string169                @ DW_AT_name
	.long	720                             @ DW_AT_type
	.byte	9                               @ DW_AT_decl_file
	.byte	48                              @ DW_AT_decl_line
	.byte	0                               @ DW_AT_data_member_location
	.byte	8                               @ Abbrev [8] 0x20b2:0xc DW_TAG_member
	.long	.Linfo_string170                @ DW_AT_name
	.long	720                             @ DW_AT_type
	.byte	9                               @ DW_AT_decl_file
	.byte	55                              @ DW_AT_decl_line
	.byte	4                               @ DW_AT_data_member_location
	.byte	0                               @ End Of Children Mark
	.byte	5                               @ Abbrev [5] 0x20bf:0x5 DW_TAG_pointer_type
	.long	8388                            @ DW_AT_type
	.byte	11                              @ Abbrev [11] 0x20c4:0xb DW_TAG_typedef
	.long	8399                            @ DW_AT_type
	.long	.Linfo_string273                @ DW_AT_name
	.byte	9                               @ DW_AT_decl_file
	.byte	219                             @ DW_AT_decl_line
	.byte	7                               @ Abbrev [7] 0x20cf:0x29 DW_TAG_structure_type
	.byte	12                              @ DW_AT_byte_size
	.byte	9                               @ DW_AT_decl_file
	.byte	203                             @ DW_AT_decl_line
	.byte	8                               @ Abbrev [8] 0x20d3:0xc DW_TAG_member
	.long	.Linfo_string182                @ DW_AT_name
	.long	720                             @ DW_AT_type
	.byte	9                               @ DW_AT_decl_file
	.byte	205                             @ DW_AT_decl_line
	.byte	0                               @ DW_AT_data_member_location
	.byte	8                               @ Abbrev [8] 0x20df:0xc DW_TAG_member
	.long	.Linfo_string271                @ DW_AT_name
	.long	720                             @ DW_AT_type
	.byte	9                               @ DW_AT_decl_file
	.byte	208                             @ DW_AT_decl_line
	.byte	4                               @ DW_AT_data_member_location
	.byte	8                               @ Abbrev [8] 0x20eb:0xc DW_TAG_member
	.long	.Linfo_string272                @ DW_AT_name
	.long	720                             @ DW_AT_type
	.byte	9                               @ DW_AT_decl_file
	.byte	211                             @ DW_AT_decl_line
	.byte	8                               @ DW_AT_data_member_location
	.byte	0                               @ End Of Children Mark
	.byte	0                               @ End Of Children Mark
.Ldebug_info_end0:
	.section	.debug_ranges,"",%progbits
.Ldebug_ranges0:
	.long	.Ltmp19
	.long	.Ltmp20
	.long	.Ltmp25
	.long	.Ltmp26
	.long	.Ltmp31
	.long	.Ltmp32
	.long	.Ltmp37
	.long	.Ltmp38
	.long	0
	.long	0
.Ldebug_ranges1:
	.long	.Ltmp67
	.long	.Ltmp79
	.long	.Ltmp80
	.long	.Ltmp91
	.long	.Ltmp92
	.long	.Ltmp103
	.long	.Ltmp104
	.long	.Ltmp115
	.long	.Ltmp116
	.long	.Ltmp127
	.long	.Ltmp128
	.long	.Ltmp139
	.long	.Ltmp140
	.long	.Ltmp141
	.long	0
	.long	0
.Ldebug_ranges2:
	.long	.Ltmp285
	.long	.Ltmp297
	.long	.Ltmp298
	.long	.Ltmp309
	.long	.Ltmp310
	.long	.Ltmp321
	.long	.Ltmp322
	.long	.Ltmp333
	.long	.Ltmp334
	.long	.Ltmp345
	.long	.Ltmp346
	.long	.Ltmp357
	.long	0
	.long	0
.Ldebug_ranges3:
	.long	.Ltmp206
	.long	.Ltmp218
	.long	.Ltmp219
	.long	.Ltmp230
	.long	.Ltmp231
	.long	.Ltmp242
	.long	.Ltmp243
	.long	.Ltmp254
	.long	.Ltmp255
	.long	.Ltmp266
	.long	.Ltmp267
	.long	.Ltmp278
	.long	0
	.long	0
.Ldebug_ranges4:
	.long	.Ltmp373
	.long	.Ltmp374
	.long	.Ltmp375
	.long	.Ltmp376
	.long	.Ltmp404
	.long	.Ltmp405
	.long	0
	.long	0
.Ldebug_ranges5:
	.long	.Ltmp450
	.long	.Ltmp451
	.long	.Ltmp452
	.long	.Ltmp454
	.long	.Ltmp456
	.long	.Ltmp457
	.long	0
	.long	0
.Ldebug_ranges6:
	.long	.Ltmp511
	.long	.Ltmp512
	.long	.Ltmp513
	.long	.Ltmp514
	.long	.Ltmp542
	.long	.Ltmp543
	.long	0
	.long	0
.Ldebug_ranges7:
	.long	.Ltmp658
	.long	.Ltmp659
	.long	.Ltmp665
	.long	.Ltmp666
	.long	0
	.long	0
.Ldebug_ranges8:
	.long	.Ltmp660
	.long	.Ltmp661
	.long	.Ltmp666
	.long	.Ltmp667
	.long	0
	.long	0
.Ldebug_ranges9:
	.long	.Ltmp836
	.long	.Ltmp837
	.long	.Ltmp843
	.long	.Ltmp844
	.long	0
	.long	0
.Ldebug_ranges10:
	.long	.Ltmp838
	.long	.Ltmp839
	.long	.Ltmp844
	.long	.Ltmp845
	.long	0
	.long	0
.Ldebug_ranges11:
	.long	.Ltmp1010
	.long	.Ltmp1011
	.long	.Ltmp1012
	.long	.Ltmp1015
	.long	0
	.long	0
.Ldebug_ranges12:
	.long	.Ltmp1020
	.long	.Ltmp1021
	.long	.Ltmp1022
	.long	.Ltmp1023
	.long	.Ltmp1024
	.long	.Ltmp1026
	.long	0
	.long	0
.Ldebug_ranges13:
	.long	.Ltmp1053
	.long	.Ltmp1054
	.long	.Ltmp1055
	.long	.Ltmp1057
	.long	0
	.long	0
.Ldebug_ranges14:
	.long	.Lfunc_begin0
	.long	.Lfunc_end0
	.long	.Lfunc_begin1
	.long	.Lfunc_end1
	.long	.Lfunc_begin2
	.long	.Lfunc_end2
	.long	.Lfunc_begin3
	.long	.Lfunc_end3
	.long	.Lfunc_begin4
	.long	.Lfunc_end4
	.long	.Lfunc_begin5
	.long	.Lfunc_end5
	.long	.Lfunc_begin6
	.long	.Lfunc_end6
	.long	.Lfunc_begin7
	.long	.Lfunc_end7
	.long	.Lfunc_begin8
	.long	.Lfunc_end8
	.long	.Lfunc_begin9
	.long	.Lfunc_end9
	.long	.Lfunc_begin10
	.long	.Lfunc_end10
	.long	.Lfunc_begin11
	.long	.Lfunc_end11
	.long	.Lfunc_begin12
	.long	.Lfunc_end12
	.long	.Lfunc_begin13
	.long	.Lfunc_end13
	.long	.Lfunc_begin14
	.long	.Lfunc_end14
	.long	.Lfunc_begin15
	.long	.Lfunc_end15
	.long	.Lfunc_begin16
	.long	.Lfunc_end16
	.long	.Lfunc_begin17
	.long	.Lfunc_end17
	.long	.Lfunc_begin18
	.long	.Lfunc_end18
	.long	.Lfunc_begin19
	.long	.Lfunc_end19
	.long	.Lfunc_begin20
	.long	.Lfunc_end20
	.long	.Lfunc_begin21
	.long	.Lfunc_end21
	.long	.Lfunc_begin22
	.long	.Lfunc_end22
	.long	.Lfunc_begin23
	.long	.Lfunc_end23
	.long	.Lfunc_begin24
	.long	.Lfunc_end24
	.long	.Lfunc_begin25
	.long	.Lfunc_end25
	.long	.Lfunc_begin26
	.long	.Lfunc_end26
	.long	.Lfunc_begin27
	.long	.Lfunc_end27
	.long	.Lfunc_begin28
	.long	.Lfunc_end28
	.long	.Lfunc_begin29
	.long	.Lfunc_end29
	.long	0
	.long	0
	.section	.debug_str,"MS",%progbits,1
.Linfo_string0:
	.asciz	"Component: Arm Compiler for Embedded 6.24 Tool: armclang [5f371800]" @ string offset=0
.Linfo_string1:
	.asciz	"../Drivers/STM32H7xx_HAL_Driver/Src\\stm32h7xx_hal_adc_ex.c" @ string offset=68
.Linfo_string2:
	.asciz	"D:\\EV\\testadc\\MDK-ARM"      @ string offset=127
.Linfo_string3:
	.asciz	"unsigned char"                 @ string offset=149
.Linfo_string4:
	.asciz	"HAL_OK"                        @ string offset=163
.Linfo_string5:
	.asciz	"HAL_ERROR"                     @ string offset=170
.Linfo_string6:
	.asciz	"HAL_BUSY"                      @ string offset=180
.Linfo_string7:
	.asciz	"HAL_TIMEOUT"                   @ string offset=189
.Linfo_string8:
	.asciz	"DISABLE"                       @ string offset=201
.Linfo_string9:
	.asciz	"ENABLE"                        @ string offset=209
.Linfo_string10:
	.asciz	"HAL_UNLOCKED"                  @ string offset=216
.Linfo_string11:
	.asciz	"HAL_LOCKED"                    @ string offset=229
.Linfo_string12:
	.asciz	"HAL_DMA_STATE_RESET"           @ string offset=240
.Linfo_string13:
	.asciz	"HAL_DMA_STATE_READY"           @ string offset=260
.Linfo_string14:
	.asciz	"HAL_DMA_STATE_BUSY"            @ string offset=280
.Linfo_string15:
	.asciz	"HAL_DMA_STATE_ERROR"           @ string offset=299
.Linfo_string16:
	.asciz	"HAL_DMA_STATE_ABORT"           @ string offset=319
.Linfo_string17:
	.asciz	"ISR"                           @ string offset=339
.Linfo_string18:
	.asciz	"unsigned int"                  @ string offset=343
.Linfo_string19:
	.asciz	"uint32_t"                      @ string offset=356
.Linfo_string20:
	.asciz	"IER"                           @ string offset=365
.Linfo_string21:
	.asciz	"CR"                            @ string offset=369
.Linfo_string22:
	.asciz	"CFGR"                          @ string offset=372
.Linfo_string23:
	.asciz	"CFGR2"                         @ string offset=377
.Linfo_string24:
	.asciz	"SMPR1"                         @ string offset=383
.Linfo_string25:
	.asciz	"SMPR2"                         @ string offset=389
.Linfo_string26:
	.asciz	"PCSEL"                         @ string offset=395
.Linfo_string27:
	.asciz	"LTR1"                          @ string offset=401
.Linfo_string28:
	.asciz	"HTR1"                          @ string offset=406
.Linfo_string29:
	.asciz	"RESERVED1"                     @ string offset=411
.Linfo_string30:
	.asciz	"RESERVED2"                     @ string offset=421
.Linfo_string31:
	.asciz	"SQR1"                          @ string offset=431
.Linfo_string32:
	.asciz	"SQR2"                          @ string offset=436
.Linfo_string33:
	.asciz	"SQR3"                          @ string offset=441
.Linfo_string34:
	.asciz	"SQR4"                          @ string offset=446
.Linfo_string35:
	.asciz	"DR"                            @ string offset=451
.Linfo_string36:
	.asciz	"RESERVED3"                     @ string offset=454
.Linfo_string37:
	.asciz	"RESERVED4"                     @ string offset=464
.Linfo_string38:
	.asciz	"JSQR"                          @ string offset=474
.Linfo_string39:
	.asciz	"RESERVED5"                     @ string offset=479
.Linfo_string40:
	.asciz	"__ARRAY_SIZE_TYPE__"           @ string offset=489
.Linfo_string41:
	.asciz	"OFR1"                          @ string offset=509
.Linfo_string42:
	.asciz	"OFR2"                          @ string offset=514
.Linfo_string43:
	.asciz	"OFR3"                          @ string offset=519
.Linfo_string44:
	.asciz	"OFR4"                          @ string offset=524
.Linfo_string45:
	.asciz	"RESERVED6"                     @ string offset=529
.Linfo_string46:
	.asciz	"JDR1"                          @ string offset=539
.Linfo_string47:
	.asciz	"JDR2"                          @ string offset=544
.Linfo_string48:
	.asciz	"JDR3"                          @ string offset=549
.Linfo_string49:
	.asciz	"JDR4"                          @ string offset=554
.Linfo_string50:
	.asciz	"RESERVED7"                     @ string offset=559
.Linfo_string51:
	.asciz	"AWD2CR"                        @ string offset=569
.Linfo_string52:
	.asciz	"AWD3CR"                        @ string offset=576
.Linfo_string53:
	.asciz	"RESERVED8"                     @ string offset=583
.Linfo_string54:
	.asciz	"RESERVED9"                     @ string offset=593
.Linfo_string55:
	.asciz	"LTR2"                          @ string offset=603
.Linfo_string56:
	.asciz	"HTR2"                          @ string offset=608
.Linfo_string57:
	.asciz	"LTR3"                          @ string offset=613
.Linfo_string58:
	.asciz	"HTR3"                          @ string offset=618
.Linfo_string59:
	.asciz	"DIFSEL"                        @ string offset=623
.Linfo_string60:
	.asciz	"CALFACT"                       @ string offset=630
.Linfo_string61:
	.asciz	"CALFACT2"                      @ string offset=638
.Linfo_string62:
	.asciz	"ADC_TypeDef"                   @ string offset=647
.Linfo_string63:
	.asciz	"CSR"                           @ string offset=659
.Linfo_string64:
	.asciz	"RESERVED"                      @ string offset=663
.Linfo_string65:
	.asciz	"CCR"                           @ string offset=672
.Linfo_string66:
	.asciz	"CDR"                           @ string offset=676
.Linfo_string67:
	.asciz	"CDR2"                          @ string offset=680
.Linfo_string68:
	.asciz	"ADC_Common_TypeDef"            @ string offset=685
.Linfo_string69:
	.asciz	"IDCODE"                        @ string offset=704
.Linfo_string70:
	.asciz	"APB3FZ1"                       @ string offset=711
.Linfo_string71:
	.asciz	"APB1LFZ1"                      @ string offset=719
.Linfo_string72:
	.asciz	"APB1HFZ1"                      @ string offset=728
.Linfo_string73:
	.asciz	"APB2FZ1"                       @ string offset=737
.Linfo_string74:
	.asciz	"APB4FZ1"                       @ string offset=745
.Linfo_string75:
	.asciz	"DBGMCU_TypeDef"                @ string offset=753
.Linfo_string76:
	.asciz	"LL_ADC_StartCalibration"       @ string offset=768
.Linfo_string77:
	.asciz	"ADCx"                          @ string offset=792
.Linfo_string78:
	.asciz	"CalibrationMode"               @ string offset=797
.Linfo_string79:
	.asciz	"SingleDiff"                    @ string offset=813
.Linfo_string80:
	.asciz	"LL_ADC_IsCalibrationOnGoing"   @ string offset=824
.Linfo_string81:
	.asciz	"LL_ADC_GetCalibrationOffsetFactor" @ string offset=852
.Linfo_string82:
	.asciz	"LL_ADC_IsEnabled"              @ string offset=886
.Linfo_string83:
	.asciz	"LL_ADC_REG_IsConversionOngoing" @ string offset=903
.Linfo_string84:
	.asciz	"LL_ADC_REG_StopConversion"     @ string offset=934
.Linfo_string85:
	.asciz	"LL_ADC_GetCalibrationLinearFactor" @ string offset=960
.Linfo_string86:
	.asciz	"LinearityWord"                 @ string offset=994
.Linfo_string87:
	.asciz	"timeout_cpu_cycles"            @ string offset=1008
.Linfo_string88:
	.asciz	"LL_ADC_REG_StartConversion"    @ string offset=1027
.Linfo_string89:
	.asciz	"LL_ADC_INJ_IsConversionOngoing" @ string offset=1054
.Linfo_string90:
	.asciz	"LL_ADC_SetCalibrationOffsetFactor" @ string offset=1085
.Linfo_string91:
	.asciz	"CalibrationFactor"             @ string offset=1119
.Linfo_string92:
	.asciz	"LL_ADC_SetCalibrationLinearFactor" @ string offset=1137
.Linfo_string93:
	.asciz	"LL_ADC_GetMultimode"           @ string offset=1171
.Linfo_string94:
	.asciz	"ADCxy_COMMON"                  @ string offset=1191
.Linfo_string95:
	.asciz	"LL_ADC_INJ_GetTrigAuto"        @ string offset=1204
.Linfo_string96:
	.asciz	"LL_ADC_INJ_StartConversion"    @ string offset=1227
.Linfo_string97:
	.asciz	"LL_ADC_INJ_IsTriggerSourceSWStart" @ string offset=1254
.Linfo_string98:
	.asciz	"LL_ADC_REG_IsTriggerSourceSWStart" @ string offset=1288
.Linfo_string99:
	.asciz	"LL_ADC_SetChannelSamplingTime" @ string offset=1322
.Linfo_string100:
	.asciz	"Channel"                       @ string offset=1352
.Linfo_string101:
	.asciz	"SamplingTime"                  @ string offset=1360
.Linfo_string102:
	.asciz	"preg"                          @ string offset=1373
.Linfo_string103:
	.asciz	"LL_ADC_GetOffsetChannel"       @ string offset=1378
.Linfo_string104:
	.asciz	"Offsety"                       @ string offset=1402
.Linfo_string105:
	.asciz	"LL_ADC_SetOffset"              @ string offset=1410
.Linfo_string106:
	.asciz	"OffsetLevel"                   @ string offset=1427
.Linfo_string107:
	.asciz	"LL_ADC_SetOffsetSignedSaturation" @ string offset=1439
.Linfo_string108:
	.asciz	"OffsetSignedSaturation"        @ string offset=1472
.Linfo_string109:
	.asciz	"LL_ADC_SetChannelSingleDiff"   @ string offset=1495
.Linfo_string110:
	.asciz	"LL_ADC_SetChannelPreselection" @ string offset=1523
.Linfo_string111:
	.asciz	"LL_ADC_GetCommonPathInternalCh" @ string offset=1553
.Linfo_string112:
	.asciz	"LL_ADC_SetCommonPathInternalCh" @ string offset=1584
.Linfo_string113:
	.asciz	"PathInternal"                  @ string offset=1615
.Linfo_string114:
	.asciz	"LL_ADC_INJ_SetQueueMode"       @ string offset=1628
.Linfo_string115:
	.asciz	"QueueMode"                     @ string offset=1652
.Linfo_string116:
	.asciz	"LL_ADC_DisableInternalRegulator" @ string offset=1662
.Linfo_string117:
	.asciz	"LL_ADC_EnableDeepPowerDown"    @ string offset=1694
.Linfo_string118:
	.asciz	"HAL_ADCEx_Calibration_Start"   @ string offset=1721
.Linfo_string119:
	.asciz	"HAL_StatusTypeDef"             @ string offset=1749
.Linfo_string120:
	.asciz	"HAL_ADCEx_Calibration_GetValue" @ string offset=1767
.Linfo_string121:
	.asciz	"HAL_ADCEx_LinearCalibration_GetValue" @ string offset=1798
.Linfo_string122:
	.asciz	"HAL_ADCEx_Calibration_SetValue" @ string offset=1835
.Linfo_string123:
	.asciz	"HAL_ADCEx_LinearCalibration_SetValue" @ string offset=1866
.Linfo_string124:
	.asciz	"HAL_ADCEx_LinearCalibration_FactorLoad" @ string offset=1903
.Linfo_string125:
	.asciz	"HAL_ADCEx_InjectedStart"       @ string offset=1942
.Linfo_string126:
	.asciz	"HAL_ADCEx_InjectedStop"        @ string offset=1966
.Linfo_string127:
	.asciz	"HAL_ADCEx_InjectedPollForConversion" @ string offset=1989
.Linfo_string128:
	.asciz	"HAL_ADCEx_InjectedStart_IT"    @ string offset=2025
.Linfo_string129:
	.asciz	"HAL_ADCEx_InjectedStop_IT"     @ string offset=2052
.Linfo_string130:
	.asciz	"HAL_ADCEx_MultiModeStart_DMA"  @ string offset=2078
.Linfo_string131:
	.asciz	"HAL_ADCEx_MultiModeStop_DMA"   @ string offset=2107
.Linfo_string132:
	.asciz	"HAL_ADCEx_MultiModeGetValue"   @ string offset=2135
.Linfo_string133:
	.asciz	"HAL_ADCEx_InjectedGetValue"    @ string offset=2163
.Linfo_string134:
	.asciz	"HAL_ADCEx_InjectedConvCpltCallback" @ string offset=2190
.Linfo_string135:
	.asciz	"HAL_ADCEx_InjectedQueueOverflowCallback" @ string offset=2225
.Linfo_string136:
	.asciz	"HAL_ADCEx_LevelOutOfWindow2Callback" @ string offset=2265
.Linfo_string137:
	.asciz	"HAL_ADCEx_LevelOutOfWindow3Callback" @ string offset=2301
.Linfo_string138:
	.asciz	"HAL_ADCEx_EndOfSamplingCallback" @ string offset=2337
.Linfo_string139:
	.asciz	"HAL_ADCEx_RegularStop"         @ string offset=2369
.Linfo_string140:
	.asciz	"HAL_ADCEx_RegularStop_IT"      @ string offset=2391
.Linfo_string141:
	.asciz	"HAL_ADCEx_RegularStop_DMA"     @ string offset=2416
.Linfo_string142:
	.asciz	"HAL_ADCEx_RegularMultiModeStop_DMA" @ string offset=2442
.Linfo_string143:
	.asciz	"HAL_ADCEx_InjectedConfigChannel" @ string offset=2477
.Linfo_string144:
	.asciz	"HAL_ADCEx_MultiModeConfigChannel" @ string offset=2509
.Linfo_string145:
	.asciz	"HAL_ADCEx_EnableInjectedQueue" @ string offset=2542
.Linfo_string146:
	.asciz	"HAL_ADCEx_DisableInjectedQueue" @ string offset=2572
.Linfo_string147:
	.asciz	"HAL_ADCEx_DisableVoltageRegulator" @ string offset=2603
.Linfo_string148:
	.asciz	"HAL_ADCEx_EnterADCDeepPowerDownMode" @ string offset=2637
.Linfo_string149:
	.asciz	"hadc"                          @ string offset=2673
.Linfo_string150:
	.asciz	"Instance"                      @ string offset=2678
.Linfo_string151:
	.asciz	"Init"                          @ string offset=2687
.Linfo_string152:
	.asciz	"ClockPrescaler"                @ string offset=2692
.Linfo_string153:
	.asciz	"Resolution"                    @ string offset=2707
.Linfo_string154:
	.asciz	"ScanConvMode"                  @ string offset=2718
.Linfo_string155:
	.asciz	"EOCSelection"                  @ string offset=2731
.Linfo_string156:
	.asciz	"LowPowerAutoWait"              @ string offset=2744
.Linfo_string157:
	.asciz	"FunctionalState"               @ string offset=2761
.Linfo_string158:
	.asciz	"ContinuousConvMode"            @ string offset=2777
.Linfo_string159:
	.asciz	"NbrOfConversion"               @ string offset=2796
.Linfo_string160:
	.asciz	"DiscontinuousConvMode"         @ string offset=2812
.Linfo_string161:
	.asciz	"NbrOfDiscConversion"           @ string offset=2834
.Linfo_string162:
	.asciz	"ExternalTrigConv"              @ string offset=2854
.Linfo_string163:
	.asciz	"ExternalTrigConvEdge"          @ string offset=2871
.Linfo_string164:
	.asciz	"ConversionDataManagement"      @ string offset=2892
.Linfo_string165:
	.asciz	"Overrun"                       @ string offset=2917
.Linfo_string166:
	.asciz	"LeftBitShift"                  @ string offset=2925
.Linfo_string167:
	.asciz	"OversamplingMode"              @ string offset=2938
.Linfo_string168:
	.asciz	"Oversampling"                  @ string offset=2955
.Linfo_string169:
	.asciz	"Ratio"                         @ string offset=2968
.Linfo_string170:
	.asciz	"RightBitShift"                 @ string offset=2974
.Linfo_string171:
	.asciz	"TriggeredMode"                 @ string offset=2988
.Linfo_string172:
	.asciz	"OversamplingStopReset"         @ string offset=3002
.Linfo_string173:
	.asciz	"ADC_OversamplingTypeDef"       @ string offset=3024
.Linfo_string174:
	.asciz	"ADC_InitTypeDef"               @ string offset=3048
.Linfo_string175:
	.asciz	"DMA_Handle"                    @ string offset=3064
.Linfo_string176:
	.asciz	"Request"                       @ string offset=3075
.Linfo_string177:
	.asciz	"Direction"                     @ string offset=3083
.Linfo_string178:
	.asciz	"PeriphInc"                     @ string offset=3093
.Linfo_string179:
	.asciz	"MemInc"                        @ string offset=3103
.Linfo_string180:
	.asciz	"PeriphDataAlignment"           @ string offset=3110
.Linfo_string181:
	.asciz	"MemDataAlignment"              @ string offset=3130
.Linfo_string182:
	.asciz	"Mode"                          @ string offset=3147
.Linfo_string183:
	.asciz	"Priority"                      @ string offset=3152
.Linfo_string184:
	.asciz	"FIFOMode"                      @ string offset=3161
.Linfo_string185:
	.asciz	"FIFOThreshold"                 @ string offset=3170
.Linfo_string186:
	.asciz	"MemBurst"                      @ string offset=3184
.Linfo_string187:
	.asciz	"PeriphBurst"                   @ string offset=3193
.Linfo_string188:
	.asciz	"DMA_InitTypeDef"               @ string offset=3205
.Linfo_string189:
	.asciz	"Lock"                          @ string offset=3221
.Linfo_string190:
	.asciz	"HAL_LockTypeDef"               @ string offset=3226
.Linfo_string191:
	.asciz	"State"                         @ string offset=3242
.Linfo_string192:
	.asciz	"HAL_DMA_StateTypeDef"          @ string offset=3248
.Linfo_string193:
	.asciz	"Parent"                        @ string offset=3269
.Linfo_string194:
	.asciz	"XferCpltCallback"              @ string offset=3276
.Linfo_string195:
	.asciz	"XferHalfCpltCallback"          @ string offset=3293
.Linfo_string196:
	.asciz	"XferM1CpltCallback"            @ string offset=3314
.Linfo_string197:
	.asciz	"XferM1HalfCpltCallback"        @ string offset=3333
.Linfo_string198:
	.asciz	"XferErrorCallback"             @ string offset=3356
.Linfo_string199:
	.asciz	"XferAbortCallback"             @ string offset=3374
.Linfo_string200:
	.asciz	"ErrorCode"                     @ string offset=3392
.Linfo_string201:
	.asciz	"StreamBaseAddress"             @ string offset=3402
.Linfo_string202:
	.asciz	"StreamIndex"                   @ string offset=3420
.Linfo_string203:
	.asciz	"DMAmuxChannel"                 @ string offset=3432
.Linfo_string204:
	.asciz	"DMAMUX_Channel_TypeDef"        @ string offset=3446
.Linfo_string205:
	.asciz	"DMAmuxChannelStatus"           @ string offset=3469
.Linfo_string206:
	.asciz	"CFR"                           @ string offset=3489
.Linfo_string207:
	.asciz	"DMAMUX_ChannelStatus_TypeDef"  @ string offset=3493
.Linfo_string208:
	.asciz	"DMAmuxChannelStatusMask"       @ string offset=3522
.Linfo_string209:
	.asciz	"DMAmuxRequestGen"              @ string offset=3546
.Linfo_string210:
	.asciz	"RGCR"                          @ string offset=3563
.Linfo_string211:
	.asciz	"DMAMUX_RequestGen_TypeDef"     @ string offset=3568
.Linfo_string212:
	.asciz	"DMAmuxRequestGenStatus"        @ string offset=3594
.Linfo_string213:
	.asciz	"RGSR"                          @ string offset=3617
.Linfo_string214:
	.asciz	"RGCFR"                         @ string offset=3622
.Linfo_string215:
	.asciz	"DMAMUX_RequestGenStatus_TypeDef" @ string offset=3628
.Linfo_string216:
	.asciz	"DMAmuxRequestGenStatusMask"    @ string offset=3660
.Linfo_string217:
	.asciz	"__DMA_HandleTypeDef"           @ string offset=3687
.Linfo_string218:
	.asciz	"DMA_HandleTypeDef"             @ string offset=3707
.Linfo_string219:
	.asciz	"InjectionConfig"               @ string offset=3725
.Linfo_string220:
	.asciz	"ContextQueue"                  @ string offset=3741
.Linfo_string221:
	.asciz	"ChannelCount"                  @ string offset=3754
.Linfo_string222:
	.asciz	"ADC_InjectionConfigTypeDef"    @ string offset=3767
.Linfo_string223:
	.asciz	"ADC_HandleTypeDef"             @ string offset=3794
.Linfo_string224:
	.asciz	"wait_loop_index"               @ string offset=3812
.Linfo_string225:
	.asciz	"tmp_hal_status"                @ string offset=3828
.Linfo_string226:
	.asciz	"LinearCalib_Buffer"            @ string offset=3843
.Linfo_string227:
	.asciz	"temp_REG_IsConversionOngoing"  @ string offset=3862
.Linfo_string228:
	.asciz	"cnt"                           @ string offset=3891
.Linfo_string229:
	.asciz	"tmp_adc_is_conversion_on_going_regular" @ string offset=3895
.Linfo_string230:
	.asciz	"tmp_adc_is_conversion_on_going_injected" @ string offset=3934
.Linfo_string231:
	.asciz	"FactorOffset"                  @ string offset=3974
.Linfo_string232:
	.asciz	"tmp_config_injected_queue"     @ string offset=3987
.Linfo_string233:
	.asciz	"tmp_multimode_config"          @ string offset=4013
.Linfo_string234:
	.asciz	"Timeout"                       @ string offset=4034
.Linfo_string235:
	.asciz	"tmp_Flag_End"                  @ string offset=4042
.Linfo_string236:
	.asciz	"tickstart"                     @ string offset=4055
.Linfo_string237:
	.asciz	"tmp_adc_reg_is_trigger_source_sw_start" @ string offset=4065
.Linfo_string238:
	.asciz	"tmp_cfgr"                      @ string offset=4104
.Linfo_string239:
	.asciz	"tmp_adc_inj_is_trigger_source_sw_start" @ string offset=4113
.Linfo_string240:
	.asciz	"tmpADC_Master"                 @ string offset=4152
.Linfo_string241:
	.asciz	"tmphadcSlave"                  @ string offset=4166
.Linfo_string242:
	.asciz	"pData"                         @ string offset=4179
.Linfo_string243:
	.asciz	"Length"                        @ string offset=4185
.Linfo_string244:
	.asciz	"tmpADC_Common"                 @ string offset=4192
.Linfo_string245:
	.asciz	"tmphadcSlave_conversion_on_going" @ string offset=4206
.Linfo_string246:
	.asciz	"tmphadcSlave_disable_status"   @ string offset=4239
.Linfo_string247:
	.asciz	"InjectedRank"                  @ string offset=4267
.Linfo_string248:
	.asciz	"tmp_jdr"                       @ string offset=4280
.Linfo_string249:
	.asciz	"sConfigInjected"               @ string offset=4288
.Linfo_string250:
	.asciz	"InjectedChannel"               @ string offset=4304
.Linfo_string251:
	.asciz	"InjectedSamplingTime"          @ string offset=4320
.Linfo_string252:
	.asciz	"InjectedSingleDiff"            @ string offset=4341
.Linfo_string253:
	.asciz	"InjectedOffsetNumber"          @ string offset=4360
.Linfo_string254:
	.asciz	"InjectedOffset"                @ string offset=4381
.Linfo_string255:
	.asciz	"InjectedOffsetRightShift"      @ string offset=4396
.Linfo_string256:
	.asciz	"InjectedOffsetSignedSaturation" @ string offset=4421
.Linfo_string257:
	.asciz	"InjectedNbrOfConversion"       @ string offset=4452
.Linfo_string258:
	.asciz	"InjectedDiscontinuousConvMode" @ string offset=4476
.Linfo_string259:
	.asciz	"AutoInjectedConv"              @ string offset=4506
.Linfo_string260:
	.asciz	"QueueInjectedContext"          @ string offset=4523
.Linfo_string261:
	.asciz	"ExternalTrigInjecConv"         @ string offset=4544
.Linfo_string262:
	.asciz	"ExternalTrigInjecConvEdge"     @ string offset=4566
.Linfo_string263:
	.asciz	"InjecOversamplingMode"         @ string offset=4592
.Linfo_string264:
	.asciz	"InjecOversampling"             @ string offset=4614
.Linfo_string265:
	.asciz	"ADC_InjOversamplingTypeDef"    @ string offset=4632
.Linfo_string266:
	.asciz	"ADC_InjectionConfTypeDef"      @ string offset=4659
.Linfo_string267:
	.asciz	"tmp_JSQR_ContextQueueBeingBuilt" @ string offset=4684
.Linfo_string268:
	.asciz	"tmpOffsetShifted"              @ string offset=4716
.Linfo_string269:
	.asciz	"tmp_config_internal_channel"   @ string offset=4733
.Linfo_string270:
	.asciz	"multimode"                     @ string offset=4761
.Linfo_string271:
	.asciz	"DualModeData"                  @ string offset=4771
.Linfo_string272:
	.asciz	"TwoSamplingDelay"              @ string offset=4784
.Linfo_string273:
	.asciz	"ADC_MultiModeTypeDef"          @ string offset=4801
	.ident	"Component: Arm Compiler for Embedded 6.24 Tool: armclang [5f371800]"
	.section	".note.GNU-stack","",%progbits
	.eabi_attribute	30, 2	@ Tag_ABI_optimization_goals
	.ARM_attribute	16, 1	@ Tag_AV_eba
	.section	.debug_line,"",%progbits
.Lline_table_start0:
