	.text
	.syntax unified
	.eabi_attribute	67, "2.09"	@ Tag_conformance
	.cpu	cortex-m7
	.eabi_attribute	6, 13	@ Tag_CPU_arch
	.eabi_attribute	7, 77	@ Tag_CPU_arch_profile
	.eabi_attribute	8, 0	@ Tag_ARM_ISA_use
	.eabi_attribute	9, 2	@ Tag_THUMB_ISA_use
	.fpu	fpv5-d16
	.eabi_attribute	36, 1	@ Tag_FP_HP_extension
	.eabi_attribute	34, 1	@ Tag_CPU_unaligned_access
	.eabi_attribute	17, 1	@ Tag_ABI_PCS_GOT_use
	.eabi_attribute	20, 2	@ Tag_ABI_FP_denormal
	.eabi_attribute	21, 0	@ Tag_ABI_FP_exceptions
	.eabi_attribute	23, 1	@ Tag_ABI_FP_number_model
	.eabi_attribute	24, 1	@ Tag_ABI_align_needed
	.eabi_attribute	25, 1	@ Tag_ABI_align_preserved
	.eabi_attribute	28, 1	@ Tag_ABI_VFP_args
	.eabi_attribute	38, 1	@ Tag_ABI_FP_16bit_format
	.eabi_attribute	18, 2	@ Tag_ABI_PCS_wchar_t
	.eabi_attribute	26, 1	@ Tag_ABI_enum_size
	.eabi_attribute	14, 0	@ Tag_ABI_PCS_R9_use
	.file	"stm32h7xx_hal_rcc.c"
	.file	1 "D:\\EV\\testadc\\MDK-ARM" "../Drivers/STM32H7xx_HAL_Driver/Inc\\stm32h7xx_hal_def.h"
	.file	2 "D:\\Keil_v5\\Core\\ARM\\ARMCLANG\\bin\\..\\include" "stdint.h"
	.file	3 "D:\\EV\\testadc\\MDK-ARM" "../Drivers/CMSIS/Device/ST/STM32H7xx/Include\\stm32h743xx.h"
	.file	4 "D:\\Keil_v5\\Core\\ARM\\ARMCLANG\\bin\\..\\include" "math.h"
	.section	.text.HAL_RCC_DeInit,"ax",%progbits
	.hidden	HAL_RCC_DeInit                  @ -- Begin function HAL_RCC_DeInit
	.globl	HAL_RCC_DeInit
	.p2align	3
	.type	HAL_RCC_DeInit,%function
	.code	16                              @ @HAL_RCC_DeInit
	.thumb_func
HAL_RCC_DeInit:
.Lfunc_begin0:
	.file	5 "D:\\EV\\testadc\\MDK-ARM" "../Drivers/STM32H7xx_HAL_Driver/Src/stm32h7xx_hal_rcc.c"
	.loc	5 189 0                         @ ../Drivers/STM32H7xx_HAL_Driver/Src/stm32h7xx_hal_rcc.c:189:0
	.fnstart
	.cfi_sections .debug_frame
	.cfi_startproc
@ %bb.0:
	.save	{r4, r5, r6, r7, r8, lr}
	push.w	{r4, r5, r6, r7, r8, lr}
	.cfi_def_cfa_offset 24
	.cfi_offset lr, -4
	.cfi_offset r8, -8
	.cfi_offset r7, -12
	.cfi_offset r6, -16
	.cfi_offset r5, -20
	.cfi_offset r4, -24
	movw	r8, #8192
	movt	r8, #20992
.Ltmp0:
	.loc	5 193 32 prologue_end           @ ../Drivers/STM32H7xx_HAL_Driver/Src/stm32h7xx_hal_rcc.c:193:32
	ldr.w	r0, [r8]
	and	r0, r0, #15
.Ltmp1:
	.loc	5 193 7 is_stmt 0               @ ../Drivers/STM32H7xx_HAL_Driver/Src/stm32h7xx_hal_rcc.c:193:7
	cmp	r0, #6
	bhi	.LBB0_2
@ %bb.1:
.Ltmp2:
	.loc	5 196 5 is_stmt 1               @ ../Drivers/STM32H7xx_HAL_Driver/Src/stm32h7xx_hal_rcc.c:196:5
	ldr.w	r0, [r8]
	movs	r1, #7
	bfi	r0, r1, #0, #4
	str.w	r0, [r8]
.Ltmp3:
	.loc	5 200 9                         @ ../Drivers/STM32H7xx_HAL_Driver/Src/stm32h7xx_hal_rcc.c:200:9
	ldr.w	r0, [r8]
	and	r0, r0, #15
.Ltmp4:
	.loc	5 200 9 is_stmt 0               @ ../Drivers/STM32H7xx_HAL_Driver/Src/stm32h7xx_hal_rcc.c:200:9
	cmp	r0, #7
	bne	.LBB0_7
.Ltmp5:
.LBB0_2:
	.loc	5 0 9                           @ ../Drivers/STM32H7xx_HAL_Driver/Src/stm32h7xx_hal_rcc.c:0:9
	movw	r7, #17408
	movt	r7, #22530
	.loc	5 209 15 is_stmt 1              @ ../Drivers/STM32H7xx_HAL_Driver/Src/stm32h7xx_hal_rcc.c:209:15
	bl	HAL_GetTick
.Ltmp6:
	mov	r4, r0
.Ltmp7:
	@DEBUG_VALUE: HAL_RCC_DeInit:tickstart <- $r4
	.loc	5 212 3                         @ ../Drivers/STM32H7xx_HAL_Driver/Src/stm32h7xx_hal_rcc.c:212:3
	ldr	r0, [r7]
	orr	r0, r0, #1
	str	r0, [r7]
.Ltmp8:
	.loc	5 0 3 is_stmt 0                 @ :0:3
.Ltmp9:
	.p2align	2
.LBB0_3:                                @ =>This Inner Loop Header: Depth=1
	@DEBUG_VALUE: HAL_RCC_DeInit:tickstart <- $r4
	.loc	5 215 10 is_stmt 1              @ ../Drivers/STM32H7xx_HAL_Driver/Src/stm32h7xx_hal_rcc.c:215:10
	ldr	r0, [r7]
	.loc	5 215 3 is_stmt 0               @ ../Drivers/STM32H7xx_HAL_Driver/Src/stm32h7xx_hal_rcc.c:215:3
	lsls	r0, r0, #29
	bmi	.LBB0_6
.Ltmp10:
@ %bb.4:                                @   in Loop: Header=BB0_3 Depth=1
	@DEBUG_VALUE: HAL_RCC_DeInit:tickstart <- $r4
	.loc	5 217 10 is_stmt 1              @ ../Drivers/STM32H7xx_HAL_Driver/Src/stm32h7xx_hal_rcc.c:217:10
	bl	HAL_GetTick
.Ltmp11:
	.loc	5 217 24 is_stmt 0              @ ../Drivers/STM32H7xx_HAL_Driver/Src/stm32h7xx_hal_rcc.c:217:24
	subs	r0, r0, r4
.Ltmp12:
	.loc	5 217 9                         @ ../Drivers/STM32H7xx_HAL_Driver/Src/stm32h7xx_hal_rcc.c:217:9
	cmp	r0, #2
	bls	.LBB0_3
.Ltmp13:
@ %bb.5:
	@DEBUG_VALUE: HAL_RCC_DeInit:tickstart <- $r4
	.loc	5 0 9                           @ ../Drivers/STM32H7xx_HAL_Driver/Src/stm32h7xx_hal_rcc.c:0:9
	movs	r0, #3
	.loc	5 389 1 epilogue_begin is_stmt 1 @ ../Drivers/STM32H7xx_HAL_Driver/Src/stm32h7xx_hal_rcc.c:389:1
	pop.w	{r4, r5, r6, r7, r8, pc}
.Ltmp14:
	.loc	5 0 1 is_stmt 0                 @ :0:1
.Ltmp15:
	.p2align	2
.LBB0_6:
	@DEBUG_VALUE: HAL_RCC_DeInit:tickstart <- $r4
	.loc	5 224 3 is_stmt 1               @ ../Drivers/STM32H7xx_HAL_Driver/Src/stm32h7xx_hal_rcc.c:224:3
	ldr	r0, [r7, #4]
	movw	r1, #36864
	orr	r0, r0, #1073741824
	str	r0, [r7, #4]
	movs	r0, #0
	.loc	5 227 3                         @ ../Drivers/STM32H7xx_HAL_Driver/Src/stm32h7xx_hal_rcc.c:227:3
	str	r0, [r7, #16]
	.loc	5 230 19                        @ ../Drivers/STM32H7xx_HAL_Driver/Src/stm32h7xx_hal_rcc.c:230:19
	movw	r0, :lower16:SystemCoreClock
	movt	r1, #976
	movt	r0, :upper16:SystemCoreClock
.Ltmp16:
	.loc	5 234 20                        @ ../Drivers/STM32H7xx_HAL_Driver/Src/stm32h7xx_hal_rcc.c:234:20
	movw	r2, :lower16:uwTickPrio
	movt	r2, :upper16:uwTickPrio
.Ltmp17:
	.loc	5 230 19                        @ ../Drivers/STM32H7xx_HAL_Driver/Src/stm32h7xx_hal_rcc.c:230:19
	str	r1, [r0]
	.loc	5 231 17                        @ ../Drivers/STM32H7xx_HAL_Driver/Src/stm32h7xx_hal_rcc.c:231:17
	movw	r0, :lower16:SystemD2Clock
	movt	r0, :upper16:SystemD2Clock
	str	r1, [r0]
.Ltmp18:
	.loc	5 234 20                        @ ../Drivers/STM32H7xx_HAL_Driver/Src/stm32h7xx_hal_rcc.c:234:20
	ldr	r0, [r2]
	.loc	5 234 7 is_stmt 0               @ ../Drivers/STM32H7xx_HAL_Driver/Src/stm32h7xx_hal_rcc.c:234:7
	bl	HAL_InitTick
.Ltmp19:
	.loc	5 234 7                         @ ../Drivers/STM32H7xx_HAL_Driver/Src/stm32h7xx_hal_rcc.c:234:7
	cbz	r0, .LBB0_8
.Ltmp20:
.LBB0_7:
	.loc	5 0 7                           @ ../Drivers/STM32H7xx_HAL_Driver/Src/stm32h7xx_hal_rcc.c:0:7
	movs	r0, #1
	.loc	5 389 1 epilogue_begin is_stmt 1 @ ../Drivers/STM32H7xx_HAL_Driver/Src/stm32h7xx_hal_rcc.c:389:1
	pop.w	{r4, r5, r6, r7, r8, pc}
	.loc	5 0 1 is_stmt 0                 @ :0:1
.Ltmp21:
	.p2align	2
.LBB0_8:
.Ltmp22:
	@DEBUG_VALUE: HAL_RCC_DeInit:tickstart <- $r4
	.loc	5 240 15 is_stmt 1              @ ../Drivers/STM32H7xx_HAL_Driver/Src/stm32h7xx_hal_rcc.c:240:15
	bl	HAL_GetTick
.Ltmp23:
	mov	r4, r0
.Ltmp24:
	@DEBUG_VALUE: HAL_RCC_DeInit:tickstart <- $r4
	.loc	5 0 15 is_stmt 0                @ ../Drivers/STM32H7xx_HAL_Driver/Src/stm32h7xx_hal_rcc.c:0:15
	movw	r6, #5000
.Ltmp25:
	.p2align	2
.LBB0_9:                                @ =>This Inner Loop Header: Depth=1
	@DEBUG_VALUE: HAL_RCC_DeInit:tickstart <- $r4
	.loc	5 243 10 is_stmt 1              @ ../Drivers/STM32H7xx_HAL_Driver/Src/stm32h7xx_hal_rcc.c:243:10
	ldr	r5, [r7, #16]
	.loc	5 0 0 is_stmt 0                 @ ../Drivers/STM32H7xx_HAL_Driver/Src/stm32h7xx_hal_rcc.c:0:0
	bl	HAL_GetTick
.Ltmp26:
	.loc	5 243 3                         @ ../Drivers/STM32H7xx_HAL_Driver/Src/stm32h7xx_hal_rcc.c:243:3
	tst.w	r5, #56
	.loc	5 0 0                           @ ../Drivers/STM32H7xx_HAL_Driver/Src/stm32h7xx_hal_rcc.c:0:0
	mov	r5, r0
	.loc	5 243 3                         @ ../Drivers/STM32H7xx_HAL_Driver/Src/stm32h7xx_hal_rcc.c:243:3
	beq	.LBB0_12
.Ltmp27:
@ %bb.10:                               @   in Loop: Header=BB0_9 Depth=1
	@DEBUG_VALUE: HAL_RCC_DeInit:tickstart <- $r4
	.loc	5 245 24 is_stmt 1              @ ../Drivers/STM32H7xx_HAL_Driver/Src/stm32h7xx_hal_rcc.c:245:24
	subs	r0, r5, r4
.Ltmp28:
	.loc	5 245 9 is_stmt 0               @ ../Drivers/STM32H7xx_HAL_Driver/Src/stm32h7xx_hal_rcc.c:245:9
	cmp	r0, r6
	bls	.LBB0_9
.Ltmp29:
@ %bb.11:
	@DEBUG_VALUE: HAL_RCC_DeInit:tickstart <- $r4
	.loc	5 0 9                           @ ../Drivers/STM32H7xx_HAL_Driver/Src/stm32h7xx_hal_rcc.c:0:9
	movs	r0, #3
	.loc	5 389 1 epilogue_begin is_stmt 1 @ ../Drivers/STM32H7xx_HAL_Driver/Src/stm32h7xx_hal_rcc.c:389:1
	pop.w	{r4, r5, r6, r7, r8, pc}
.Ltmp30:
	.loc	5 0 1 is_stmt 0                 @ :0:1
.Ltmp31:
	.p2align	2
.LBB0_12:
	@DEBUG_VALUE: HAL_RCC_DeInit:tickstart <- $r4
	@DEBUG_VALUE: HAL_RCC_DeInit:tickstart <- $r5
	movw	r1, #60741
	.loc	5 255 3 is_stmt 1               @ ../Drivers/STM32H7xx_HAL_Driver/Src/stm32h7xx_hal_rcc.c:255:3
	ldr	r0, [r7]
	movt	r1, #65526
	ands	r0, r1
	str	r0, [r7]
.Ltmp32:
	.loc	5 0 3 is_stmt 0                 @ :0:3
.Ltmp33:
	.p2align	2
.LBB0_13:                               @ =>This Inner Loop Header: Depth=1
	@DEBUG_VALUE: HAL_RCC_DeInit:tickstart <- $r5
	.loc	5 259 10 is_stmt 1              @ ../Drivers/STM32H7xx_HAL_Driver/Src/stm32h7xx_hal_rcc.c:259:10
	ldr	r4, [r7]
	.loc	5 0 0 is_stmt 0                 @ ../Drivers/STM32H7xx_HAL_Driver/Src/stm32h7xx_hal_rcc.c:0:0
	bl	HAL_GetTick
.Ltmp34:
	.loc	5 259 3                         @ ../Drivers/STM32H7xx_HAL_Driver/Src/stm32h7xx_hal_rcc.c:259:3
	lsls	r1, r4, #14
	.loc	5 0 0                           @ ../Drivers/STM32H7xx_HAL_Driver/Src/stm32h7xx_hal_rcc.c:0:0
	mov	r4, r0
	.loc	5 259 3                         @ ../Drivers/STM32H7xx_HAL_Driver/Src/stm32h7xx_hal_rcc.c:259:3
	bpl	.LBB0_16
.Ltmp35:
@ %bb.14:                               @   in Loop: Header=BB0_13 Depth=1
	@DEBUG_VALUE: HAL_RCC_DeInit:tickstart <- $r5
	.loc	5 261 24 is_stmt 1              @ ../Drivers/STM32H7xx_HAL_Driver/Src/stm32h7xx_hal_rcc.c:261:24
	subs	r0, r4, r5
.Ltmp36:
	.loc	5 261 9 is_stmt 0               @ ../Drivers/STM32H7xx_HAL_Driver/Src/stm32h7xx_hal_rcc.c:261:9
	cmp	r0, #100
	bls	.LBB0_13
.Ltmp37:
@ %bb.15:
	@DEBUG_VALUE: HAL_RCC_DeInit:tickstart <- $r5
	.loc	5 0 9                           @ ../Drivers/STM32H7xx_HAL_Driver/Src/stm32h7xx_hal_rcc.c:0:9
	movs	r0, #3
	.loc	5 389 1 epilogue_begin is_stmt 1 @ ../Drivers/STM32H7xx_HAL_Driver/Src/stm32h7xx_hal_rcc.c:389:1
	pop.w	{r4, r5, r6, r7, r8, pc}
.Ltmp38:
	.loc	5 0 1 is_stmt 0                 @ :0:1
.Ltmp39:
	.p2align	2
.LBB0_16:
	@DEBUG_VALUE: HAL_RCC_DeInit:tickstart <- $r5
	@DEBUG_VALUE: HAL_RCC_DeInit:tickstart <- $r4
	.loc	5 271 3 is_stmt 1               @ ../Drivers/STM32H7xx_HAL_Driver/Src/stm32h7xx_hal_rcc.c:271:3
	ldr	r0, [r7]
	bic	r0, r0, #16777216
	str	r0, [r7]
.Ltmp40:
	.loc	5 0 3 is_stmt 0                 @ :0:3
.Ltmp41:
	.p2align	2
.LBB0_17:                               @ =>This Inner Loop Header: Depth=1
	@DEBUG_VALUE: HAL_RCC_DeInit:tickstart <- $r4
	.loc	5 274 10 is_stmt 1              @ ../Drivers/STM32H7xx_HAL_Driver/Src/stm32h7xx_hal_rcc.c:274:10
	ldr	r5, [r7]
	.loc	5 0 0 is_stmt 0                 @ ../Drivers/STM32H7xx_HAL_Driver/Src/stm32h7xx_hal_rcc.c:0:0
	bl	HAL_GetTick
.Ltmp42:
	.loc	5 274 3                         @ ../Drivers/STM32H7xx_HAL_Driver/Src/stm32h7xx_hal_rcc.c:274:3
	lsls	r1, r5, #6
	.loc	5 0 0                           @ ../Drivers/STM32H7xx_HAL_Driver/Src/stm32h7xx_hal_rcc.c:0:0
	mov	r5, r0
	.loc	5 274 3                         @ ../Drivers/STM32H7xx_HAL_Driver/Src/stm32h7xx_hal_rcc.c:274:3
	bpl	.LBB0_19
.Ltmp43:
@ %bb.18:                               @   in Loop: Header=BB0_17 Depth=1
	@DEBUG_VALUE: HAL_RCC_DeInit:tickstart <- $r4
	.loc	5 276 24 is_stmt 1              @ ../Drivers/STM32H7xx_HAL_Driver/Src/stm32h7xx_hal_rcc.c:276:24
	subs	r0, r5, r4
.Ltmp44:
	.loc	5 276 9 is_stmt 0               @ ../Drivers/STM32H7xx_HAL_Driver/Src/stm32h7xx_hal_rcc.c:276:9
	cmp	r0, #2
	mov.w	r0, #3
	bls	.LBB0_17
	b	.LBB0_28
.Ltmp45:
	.loc	5 0 9                           @ :0:9
.Ltmp46:
	.p2align	2
.LBB0_19:
	@DEBUG_VALUE: HAL_RCC_DeInit:tickstart <- $r4
	@DEBUG_VALUE: HAL_RCC_DeInit:tickstart <- $r5
	.loc	5 286 3 is_stmt 1               @ ../Drivers/STM32H7xx_HAL_Driver/Src/stm32h7xx_hal_rcc.c:286:3
	ldr	r0, [r7]
	bic	r0, r0, #67108864
	str	r0, [r7]
.Ltmp47:
	.loc	5 0 3 is_stmt 0                 @ :0:3
.Ltmp48:
	.p2align	2
.LBB0_20:                               @ =>This Inner Loop Header: Depth=1
	@DEBUG_VALUE: HAL_RCC_DeInit:tickstart <- $r5
	.loc	5 289 10 is_stmt 1              @ ../Drivers/STM32H7xx_HAL_Driver/Src/stm32h7xx_hal_rcc.c:289:10
	ldr	r4, [r7]
	.loc	5 0 0 is_stmt 0                 @ ../Drivers/STM32H7xx_HAL_Driver/Src/stm32h7xx_hal_rcc.c:0:0
	bl	HAL_GetTick
.Ltmp49:
	.loc	5 289 3                         @ ../Drivers/STM32H7xx_HAL_Driver/Src/stm32h7xx_hal_rcc.c:289:3
	lsls	r1, r4, #4
	.loc	5 0 0                           @ ../Drivers/STM32H7xx_HAL_Driver/Src/stm32h7xx_hal_rcc.c:0:0
	mov	r4, r0
	.loc	5 289 3                         @ ../Drivers/STM32H7xx_HAL_Driver/Src/stm32h7xx_hal_rcc.c:289:3
	bpl	.LBB0_22
.Ltmp50:
@ %bb.21:                               @   in Loop: Header=BB0_20 Depth=1
	@DEBUG_VALUE: HAL_RCC_DeInit:tickstart <- $r5
	.loc	5 291 24 is_stmt 1              @ ../Drivers/STM32H7xx_HAL_Driver/Src/stm32h7xx_hal_rcc.c:291:24
	subs	r0, r4, r5
.Ltmp51:
	.loc	5 291 9 is_stmt 0               @ ../Drivers/STM32H7xx_HAL_Driver/Src/stm32h7xx_hal_rcc.c:291:9
	cmp	r0, #2
	mov.w	r0, #3
	bls	.LBB0_20
	b	.LBB0_28
.Ltmp52:
	.loc	5 0 9                           @ :0:9
.Ltmp53:
	.p2align	2
.LBB0_22:
	@DEBUG_VALUE: HAL_RCC_DeInit:tickstart <- $r5
	@DEBUG_VALUE: HAL_RCC_DeInit:tickstart <- $r4
	.loc	5 301 3 is_stmt 1               @ ../Drivers/STM32H7xx_HAL_Driver/Src/stm32h7xx_hal_rcc.c:301:3
	ldr	r0, [r7]
	bic	r0, r0, #268435456
	str	r0, [r7]
.Ltmp54:
.LBB0_23:                               @ =>This Inner Loop Header: Depth=1
	@DEBUG_VALUE: HAL_RCC_DeInit:tickstart <- $r4
	.loc	5 304 10                        @ ../Drivers/STM32H7xx_HAL_Driver/Src/stm32h7xx_hal_rcc.c:304:10
	ldr	r0, [r7]
	.loc	5 304 3 is_stmt 0               @ ../Drivers/STM32H7xx_HAL_Driver/Src/stm32h7xx_hal_rcc.c:304:3
	lsls	r0, r0, #2
	bpl	.LBB0_25
.Ltmp55:
@ %bb.24:                               @   in Loop: Header=BB0_23 Depth=1
	@DEBUG_VALUE: HAL_RCC_DeInit:tickstart <- $r4
	.loc	5 306 10 is_stmt 1              @ ../Drivers/STM32H7xx_HAL_Driver/Src/stm32h7xx_hal_rcc.c:306:10
	bl	HAL_GetTick
.Ltmp56:
	.loc	5 306 24 is_stmt 0              @ ../Drivers/STM32H7xx_HAL_Driver/Src/stm32h7xx_hal_rcc.c:306:24
	subs	r0, r0, r4
.Ltmp57:
	.loc	5 306 9                         @ ../Drivers/STM32H7xx_HAL_Driver/Src/stm32h7xx_hal_rcc.c:306:9
	cmp	r0, #2
	mov.w	r0, #3
	bls	.LBB0_23
	b	.LBB0_28
.Ltmp58:
	.loc	5 0 9                           @ :0:9
.Ltmp59:
	.p2align	2
.LBB0_25:
	@DEBUG_VALUE: HAL_RCC_DeInit:tickstart <- $r4
	movw	r1, #512
	movs	r0, #0
	.loc	5 314 3 is_stmt 1               @ ../Drivers/STM32H7xx_HAL_Driver/Src/stm32h7xx_hal_rcc.c:314:3
	str	r0, [r7, #24]
	movt	r1, #514
	.loc	5 317 3                         @ ../Drivers/STM32H7xx_HAL_Driver/Src/stm32h7xx_hal_rcc.c:317:3
	str	r0, [r7, #28]
	.loc	5 320 3                         @ ../Drivers/STM32H7xx_HAL_Driver/Src/stm32h7xx_hal_rcc.c:320:3
	str	r0, [r7, #32]
	.loc	5 333 18                        @ ../Drivers/STM32H7xx_HAL_Driver/Src/stm32h7xx_hal_rcc.c:333:18
	str	r1, [r7, #40]
	movs	r1, #0
	movt	r1, #511
	.loc	5 336 3                         @ ../Drivers/STM32H7xx_HAL_Driver/Src/stm32h7xx_hal_rcc.c:336:3
	str	r1, [r7, #44]
	movw	r1, #640
	movt	r1, #257
	.loc	5 339 3                         @ ../Drivers/STM32H7xx_HAL_Driver/Src/stm32h7xx_hal_rcc.c:339:3
	str	r1, [r7, #48]
	.loc	5 342 3                         @ ../Drivers/STM32H7xx_HAL_Driver/Src/stm32h7xx_hal_rcc.c:342:3
	str	r0, [r7, #52]
	.loc	5 345 3                         @ ../Drivers/STM32H7xx_HAL_Driver/Src/stm32h7xx_hal_rcc.c:345:3
	str	r1, [r7, #56]
	.loc	5 348 3                         @ ../Drivers/STM32H7xx_HAL_Driver/Src/stm32h7xx_hal_rcc.c:348:3
	str	r0, [r7, #60]
	.loc	5 351 3                         @ ../Drivers/STM32H7xx_HAL_Driver/Src/stm32h7xx_hal_rcc.c:351:3
	str	r1, [r7, #64]
	.loc	5 354 3                         @ ../Drivers/STM32H7xx_HAL_Driver/Src/stm32h7xx_hal_rcc.c:354:3
	str	r0, [r7, #68]
	.loc	5 362 3                         @ ../Drivers/STM32H7xx_HAL_Driver/Src/stm32h7xx_hal_rcc.c:362:3
	ldr	r1, [r7]
	bic	r1, r1, #262144
	str	r1, [r7]
	.loc	5 365 3                         @ ../Drivers/STM32H7xx_HAL_Driver/Src/stm32h7xx_hal_rcc.c:365:3
	str	r0, [r7, #96]
	mov.w	r0, #-1
	.loc	5 368 3                         @ ../Drivers/STM32H7xx_HAL_Driver/Src/stm32h7xx_hal_rcc.c:368:3
	str	r0, [r7, #104]
	.loc	5 371 3                         @ ../Drivers/STM32H7xx_HAL_Driver/Src/stm32h7xx_hal_rcc.c:371:3
	ldr.w	r0, [r7, #208]
	orr	r0, r0, #65536
	str.w	r0, [r7, #208]
.Ltmp60:
	.loc	5 374 32                        @ ../Drivers/STM32H7xx_HAL_Driver/Src/stm32h7xx_hal_rcc.c:374:32
	ldr.w	r0, [r8]
.Ltmp61:
	.loc	5 374 7 is_stmt 0               @ ../Drivers/STM32H7xx_HAL_Driver/Src/stm32h7xx_hal_rcc.c:374:7
	lsls	r0, r0, #28
	bpl	.LBB0_27
.Ltmp62:
@ %bb.26:
	@DEBUG_VALUE: HAL_RCC_DeInit:tickstart <- $r4
	.loc	5 377 5 is_stmt 1               @ ../Drivers/STM32H7xx_HAL_Driver/Src/stm32h7xx_hal_rcc.c:377:5
	ldr.w	r0, [r8]
	movs	r1, #7
	bfi	r0, r1, #0, #4
	str.w	r0, [r8]
.Ltmp63:
	.loc	5 381 9                         @ ../Drivers/STM32H7xx_HAL_Driver/Src/stm32h7xx_hal_rcc.c:381:9
	ldr.w	r0, [r8]
	and	r0, r0, #15
.Ltmp64:
	.loc	5 381 9 is_stmt 0               @ ../Drivers/STM32H7xx_HAL_Driver/Src/stm32h7xx_hal_rcc.c:381:9
	cmp	r0, #7
	bne.w	.LBB0_7
.Ltmp65:
.LBB0_27:
	@DEBUG_VALUE: HAL_RCC_DeInit:tickstart <- $r4
	.loc	5 0 9                           @ ../Drivers/STM32H7xx_HAL_Driver/Src/stm32h7xx_hal_rcc.c:0:9
	movs	r0, #0
.Ltmp66:
.LBB0_28:
	.loc	5 389 1 epilogue_begin is_stmt 1 @ ../Drivers/STM32H7xx_HAL_Driver/Src/stm32h7xx_hal_rcc.c:389:1
	pop.w	{r4, r5, r6, r7, r8, pc}
.Ltmp67:
.Lfunc_end0:
	.size	HAL_RCC_DeInit, .Lfunc_end0-HAL_RCC_DeInit
	.cfi_endproc
	.cantunwind
	.fnend
                                        @ -- End function
	.section	.text.HAL_RCC_OscConfig,"ax",%progbits
	.hidden	HAL_RCC_OscConfig               @ -- Begin function HAL_RCC_OscConfig
	.weak	HAL_RCC_OscConfig
	.p2align	3
	.type	HAL_RCC_OscConfig,%function
	.code	16                              @ @HAL_RCC_OscConfig
	.thumb_func
HAL_RCC_OscConfig:
.Lfunc_begin1:
	.fnstart
	.cfi_startproc
@ %bb.0:
	@DEBUG_VALUE: HAL_RCC_OscConfig:RCC_OscInitStruct <- $r0
	@DEBUG_VALUE: HAL_RCC_OscConfig:RCC_OscInitStruct <- $r0
	.loc	5 411 7 prologue_end            @ ../Drivers/STM32H7xx_HAL_Driver/Src/stm32h7xx_hal_rcc.c:411:7
	cbz	r0, .LBB1_10
.Ltmp68:
@ %bb.1:
	@DEBUG_VALUE: HAL_RCC_OscConfig:RCC_OscInitStruct <- $r0
	.save	{r4, r5, r6, r7, lr}
	push	{r4, r5, r6, r7, lr}
	.cfi_def_cfa_offset 20
	.cfi_offset lr, -4
	.cfi_offset r7, -8
	.cfi_offset r6, -12
	.cfi_offset r5, -16
	.cfi_offset r4, -20
	.pad	#4
	sub	sp, #4
	.cfi_def_cfa_offset 24
	mov	r4, r0
.Ltmp69:
	@DEBUG_VALUE: HAL_RCC_OscConfig:RCC_OscInitStruct <- $r4
	.loc	5 419 7                         @ ../Drivers/STM32H7xx_HAL_Driver/Src/stm32h7xx_hal_rcc.c:419:7
	ldrb	r0, [r0]
	movw	r6, #17408
	lsls	r0, r0, #31
	movt	r6, #22530
	bne	.LBB1_11
.Ltmp70:
.LBB1_2:
	@DEBUG_VALUE: HAL_RCC_OscConfig:RCC_OscInitStruct <- $r4
	.loc	5 471 7                         @ ../Drivers/STM32H7xx_HAL_Driver/Src/stm32h7xx_hal_rcc.c:471:7
	ldrb	r0, [r4]
	lsls	r0, r0, #30
	bpl.w	.LBB1_44
.Ltmp71:
@ %bb.3:
	@DEBUG_VALUE: HAL_RCC_OscConfig:RCC_OscInitStruct <- $r4
	.loc	5 478 37                        @ ../Drivers/STM32H7xx_HAL_Driver/Src/stm32h7xx_hal_rcc.c:478:37
	ldr	r0, [r6, #16]
	ands	r1, r0, #56
.Ltmp72:
	@DEBUG_VALUE: temp_sysclksrc <- $r1
	.loc	5 479 42                        @ ../Drivers/STM32H7xx_HAL_Driver/Src/stm32h7xx_hal_rcc.c:479:42
	ldr	r0, [r6, #40]
.Ltmp73:
	@DEBUG_VALUE: temp_pllckselr <- $r0
	.loc	5 480 46                        @ ../Drivers/STM32H7xx_HAL_Driver/Src/stm32h7xx_hal_rcc.c:480:46
	beq	.LBB1_20
.Ltmp74:
@ %bb.4:
	@DEBUG_VALUE: temp_pllckselr <- $r0
	@DEBUG_VALUE: temp_sysclksrc <- $r1
	@DEBUG_VALUE: HAL_RCC_OscConfig:RCC_OscInitStruct <- $r4
	cmp	r1, #24
.Ltmp75:
	.loc	5 480 9 is_stmt 0               @ ../Drivers/STM32H7xx_HAL_Driver/Src/stm32h7xx_hal_rcc.c:480:9
	it	eq
	lslseq.w	r0, r0, #30
.Ltmp76:
	.loc	5 0 9                           @ ../Drivers/STM32H7xx_HAL_Driver/Src/stm32h7xx_hal_rcc.c:0:9
	beq	.LBB1_20
.Ltmp77:
@ %bb.5:
	@DEBUG_VALUE: temp_sysclksrc <- $r1
	@DEBUG_VALUE: HAL_RCC_OscConfig:RCC_OscInitStruct <- $r4
	.loc	5 512 31 is_stmt 1              @ ../Drivers/STM32H7xx_HAL_Driver/Src/stm32h7xx_hal_rcc.c:512:31
	ldr	r0, [r4, #12]
	.loc	5 0 0 is_stmt 0                 @ ../Drivers/STM32H7xx_HAL_Driver/Src/stm32h7xx_hal_rcc.c:0:0
	ldr	r1, [r6]
.Ltmp78:
	.loc	5 512 11                        @ ../Drivers/STM32H7xx_HAL_Driver/Src/stm32h7xx_hal_rcc.c:512:11
	cmp	r0, #0
	beq	.LBB1_29
.Ltmp79:
@ %bb.6:
	@DEBUG_VALUE: HAL_RCC_OscConfig:RCC_OscInitStruct <- $r4
	.loc	5 515 9 is_stmt 1               @ ../Drivers/STM32H7xx_HAL_Driver/Src/stm32h7xx_hal_rcc.c:515:9
	bic	r1, r1, #25
	orrs	r0, r1
	str	r0, [r6]
	.loc	5 518 21                        @ ../Drivers/STM32H7xx_HAL_Driver/Src/stm32h7xx_hal_rcc.c:518:21
	bl	HAL_GetTick
.Ltmp80:
	mov	r5, r0
.Ltmp81:
	@DEBUG_VALUE: HAL_RCC_OscConfig:tickstart <- $r5
	.loc	5 0 21 is_stmt 0                @ :0:21
.Ltmp82:
	.p2align	2
.LBB1_7:                                @ =>This Inner Loop Header: Depth=1
	@DEBUG_VALUE: HAL_RCC_OscConfig:tickstart <- $r5
	@DEBUG_VALUE: HAL_RCC_OscConfig:RCC_OscInitStruct <- $r4
	.loc	5 521 16 is_stmt 1              @ ../Drivers/STM32H7xx_HAL_Driver/Src/stm32h7xx_hal_rcc.c:521:16
	ldr	r0, [r6]
	.loc	5 521 9 is_stmt 0               @ ../Drivers/STM32H7xx_HAL_Driver/Src/stm32h7xx_hal_rcc.c:521:9
	lsls	r0, r0, #29
	bmi	.LBB1_26
.Ltmp83:
@ %bb.8:                                @   in Loop: Header=BB1_7 Depth=1
	@DEBUG_VALUE: HAL_RCC_OscConfig:tickstart <- $r5
	@DEBUG_VALUE: HAL_RCC_OscConfig:RCC_OscInitStruct <- $r4
	.loc	5 523 16 is_stmt 1              @ ../Drivers/STM32H7xx_HAL_Driver/Src/stm32h7xx_hal_rcc.c:523:16
	bl	HAL_GetTick
.Ltmp84:
	.loc	5 523 30 is_stmt 0              @ ../Drivers/STM32H7xx_HAL_Driver/Src/stm32h7xx_hal_rcc.c:523:30
	subs	r0, r0, r5
.Ltmp85:
	.loc	5 523 15                        @ ../Drivers/STM32H7xx_HAL_Driver/Src/stm32h7xx_hal_rcc.c:523:15
	cmp	r0, #2
	bls	.LBB1_7
.Ltmp86:
@ %bb.9:
	@DEBUG_VALUE: HAL_RCC_OscConfig:tickstart <- $r5
	@DEBUG_VALUE: HAL_RCC_OscConfig:RCC_OscInitStruct <- $r4
	.loc	5 0 15                          @ ../Drivers/STM32H7xx_HAL_Driver/Src/stm32h7xx_hal_rcc.c:0:15
	movs	r0, #3
	add	sp, #4
	pop	{r4, r5, r6, r7, pc}
.Ltmp87:
	.p2align	2
.LBB1_10:
	@DEBUG_VALUE: HAL_RCC_OscConfig:RCC_OscInitStruct <- $r0
	movs	r0, #1
.Ltmp88:
	@DEBUG_VALUE: HAL_RCC_OscConfig:RCC_OscInitStruct <- [DW_OP_LLVM_entry_value 1] $r0
	.loc	5 894 1 is_stmt 1               @ ../Drivers/STM32H7xx_HAL_Driver/Src/stm32h7xx_hal_rcc.c:894:1
	bx	lr
.Ltmp89:
	.loc	5 0 1 is_stmt 0                 @ :0:1
.Ltmp90:
	.p2align	2
.LBB1_11:
	@DEBUG_VALUE: HAL_RCC_OscConfig:RCC_OscInitStruct <- $r4
	.loc	5 424 37 is_stmt 1              @ ../Drivers/STM32H7xx_HAL_Driver/Src/stm32h7xx_hal_rcc.c:424:37
	ldr	r0, [r6, #16]
	and	r1, r0, #56
.Ltmp91:
	@DEBUG_VALUE: temp_sysclksrc <- $r1
	.loc	5 425 42                        @ ../Drivers/STM32H7xx_HAL_Driver/Src/stm32h7xx_hal_rcc.c:425:42
	ldr	r0, [r6, #40]
.Ltmp92:
	@DEBUG_VALUE: temp_pllckselr <- $r0
	.loc	5 427 46                        @ ../Drivers/STM32H7xx_HAL_Driver/Src/stm32h7xx_hal_rcc.c:427:46
	cmp	r1, #16
	beq	.LBB1_14
.Ltmp93:
@ %bb.12:
	@DEBUG_VALUE: temp_pllckselr <- $r0
	@DEBUG_VALUE: temp_sysclksrc <- $r1
	@DEBUG_VALUE: HAL_RCC_OscConfig:RCC_OscInitStruct <- $r4
	cmp	r1, #24
	bne	.LBB1_16
.Ltmp94:
@ %bb.13:
	@DEBUG_VALUE: temp_pllckselr <- $r0
	@DEBUG_VALUE: temp_sysclksrc <- $r1
	@DEBUG_VALUE: HAL_RCC_OscConfig:RCC_OscInitStruct <- $r4
	.loc	5 427 108 is_stmt 0             @ ../Drivers/STM32H7xx_HAL_Driver/Src/stm32h7xx_hal_rcc.c:427:108
	and	r0, r0, #3
.Ltmp95:
	.loc	5 427 9                         @ ../Drivers/STM32H7xx_HAL_Driver/Src/stm32h7xx_hal_rcc.c:427:9
	cmp	r0, #2
	bne	.LBB1_16
.Ltmp96:
.LBB1_14:
	@DEBUG_VALUE: temp_sysclksrc <- $r1
	@DEBUG_VALUE: HAL_RCC_OscConfig:RCC_OscInitStruct <- $r4
	.loc	5 429 12 is_stmt 1              @ ../Drivers/STM32H7xx_HAL_Driver/Src/stm32h7xx_hal_rcc.c:429:12
	ldr	r0, [r6]
	.loc	5 429 55 is_stmt 0              @ ../Drivers/STM32H7xx_HAL_Driver/Src/stm32h7xx_hal_rcc.c:429:55
	lsls	r0, r0, #14
	bpl	.LBB1_2
.Ltmp97:
@ %bb.15:
	@DEBUG_VALUE: temp_sysclksrc <- $r1
	@DEBUG_VALUE: HAL_RCC_OscConfig:RCC_OscInitStruct <- $r4
	.loc	5 429 78                        @ ../Drivers/STM32H7xx_HAL_Driver/Src/stm32h7xx_hal_rcc.c:429:78
	ldr	r0, [r4, #4]
.Ltmp98:
	.loc	5 429 11                        @ ../Drivers/STM32H7xx_HAL_Driver/Src/stm32h7xx_hal_rcc.c:429:11
	cmp	r0, #0
                                        @ implicit-def: $lr
	bne	.LBB1_2
	b	.LBB1_82
.Ltmp99:
	.loc	5 0 11                          @ :0:11
.Ltmp100:
	.p2align	2
.LBB1_16:
	@DEBUG_VALUE: temp_sysclksrc <- $r1
	@DEBUG_VALUE: HAL_RCC_OscConfig:RCC_OscInitStruct <- $r4
	.loc	5 437 7 is_stmt 1               @ ../Drivers/STM32H7xx_HAL_Driver/Src/stm32h7xx_hal_rcc.c:437:7
	ldr	r1, [r4, #4]
.Ltmp101:
	ldr	r0, [r6]
.Ltmp102:
	.loc	5 437 7 is_stmt 0               @ ../Drivers/STM32H7xx_HAL_Driver/Src/stm32h7xx_hal_rcc.c:437:7
	cmp	r1, #0
	beq	.LBB1_33
.Ltmp103:
@ %bb.17:
	@DEBUG_VALUE: HAL_RCC_OscConfig:RCC_OscInitStruct <- $r4
	cmp.w	r1, #327680
	beq	.LBB1_32
.Ltmp104:
@ %bb.18:
	@DEBUG_VALUE: HAL_RCC_OscConfig:RCC_OscInitStruct <- $r4
	cmp.w	r1, #65536
	bne	.LBB1_36
.Ltmp105:
@ %bb.19:
	@DEBUG_VALUE: HAL_RCC_OscConfig:RCC_OscInitStruct <- $r4
	.loc	5 437 7                         @ ../Drivers/STM32H7xx_HAL_Driver/Src/stm32h7xx_hal_rcc.c:437:7
	orr	r0, r0, #65536
.Ltmp106:
	.loc	5 437 7                         @ ../Drivers/STM32H7xx_HAL_Driver/Src/stm32h7xx_hal_rcc.c:437:7
	b	.LBB1_37
.Ltmp107:
	.loc	5 0 7                           @ :0:7
.Ltmp108:
	.p2align	2
.LBB1_20:
	@DEBUG_VALUE: temp_sysclksrc <- $r1
	@DEBUG_VALUE: HAL_RCC_OscConfig:RCC_OscInitStruct <- $r4
	.loc	5 483 12 is_stmt 1              @ ../Drivers/STM32H7xx_HAL_Driver/Src/stm32h7xx_hal_rcc.c:483:12
	ldr	r0, [r6]
	.loc	5 483 55 is_stmt 0              @ ../Drivers/STM32H7xx_HAL_Driver/Src/stm32h7xx_hal_rcc.c:483:55
	lsls	r0, r0, #29
	.loc	5 0 0                           @ ../Drivers/STM32H7xx_HAL_Driver/Src/stm32h7xx_hal_rcc.c:0:0
	ldr	r0, [r4, #12]
	.loc	5 483 55                        @ ../Drivers/STM32H7xx_HAL_Driver/Src/stm32h7xx_hal_rcc.c:483:55
	bpl	.LBB1_22
.Ltmp109:
@ %bb.21:
	@DEBUG_VALUE: temp_sysclksrc <- $r1
	@DEBUG_VALUE: HAL_RCC_OscConfig:RCC_OscInitStruct <- $r4
	cmp	r0, #0
	beq.w	.LBB1_82
.Ltmp110:
.LBB1_22:
	@DEBUG_VALUE: temp_sysclksrc <- $r1
	@DEBUG_VALUE: HAL_RCC_OscConfig:RCC_OscInitStruct <- $r4
	.loc	5 491 9 is_stmt 1               @ ../Drivers/STM32H7xx_HAL_Driver/Src/stm32h7xx_hal_rcc.c:491:9
	ldr	r1, [r6]
.Ltmp111:
	bic	r1, r1, #25
	orrs	r0, r1
	str	r0, [r6]
	.loc	5 494 21                        @ ../Drivers/STM32H7xx_HAL_Driver/Src/stm32h7xx_hal_rcc.c:494:21
	bl	HAL_GetTick
.Ltmp112:
	mov	r5, r0
.Ltmp113:
	@DEBUG_VALUE: HAL_RCC_OscConfig:tickstart <- $r5
	.loc	5 0 21 is_stmt 0                @ :0:21
.Ltmp114:
	.p2align	2
.LBB1_23:                               @ =>This Inner Loop Header: Depth=1
	@DEBUG_VALUE: HAL_RCC_OscConfig:tickstart <- $r5
	@DEBUG_VALUE: HAL_RCC_OscConfig:RCC_OscInitStruct <- $r4
	.loc	5 497 16 is_stmt 1              @ ../Drivers/STM32H7xx_HAL_Driver/Src/stm32h7xx_hal_rcc.c:497:16
	ldr	r0, [r6]
	.loc	5 497 9 is_stmt 0               @ ../Drivers/STM32H7xx_HAL_Driver/Src/stm32h7xx_hal_rcc.c:497:9
	lsls	r0, r0, #29
	bmi	.LBB1_26
.Ltmp115:
@ %bb.24:                               @   in Loop: Header=BB1_23 Depth=1
	@DEBUG_VALUE: HAL_RCC_OscConfig:tickstart <- $r5
	@DEBUG_VALUE: HAL_RCC_OscConfig:RCC_OscInitStruct <- $r4
	.loc	5 499 26 is_stmt 1              @ ../Drivers/STM32H7xx_HAL_Driver/Src/stm32h7xx_hal_rcc.c:499:26
	bl	HAL_GetTick
.Ltmp116:
	.loc	5 499 40 is_stmt 0              @ ../Drivers/STM32H7xx_HAL_Driver/Src/stm32h7xx_hal_rcc.c:499:40
	subs	r0, r0, r5
.Ltmp117:
	.loc	5 499 15                        @ ../Drivers/STM32H7xx_HAL_Driver/Src/stm32h7xx_hal_rcc.c:499:15
	cmp	r0, #2
	mov.w	r0, #3
	bls	.LBB1_23
.Ltmp118:
.LBB1_25:
	.loc	5 0 15                          @ ../Drivers/STM32H7xx_HAL_Driver/Src/stm32h7xx_hal_rcc.c:0:15
	add	sp, #4
	pop	{r4, r5, r6, r7, pc}
	.p2align	2
.LBB1_26:
.Ltmp119:
	@DEBUG_VALUE: HAL_RCC_OscConfig:tickstart <- $r5
	@DEBUG_VALUE: HAL_RCC_OscConfig:RCC_OscInitStruct <- $r4
	bl	HAL_GetREVID
.Ltmp120:
	movw	r1, #4099
	cmp	r0, r1
	bhi	.LBB1_41
.Ltmp121:
@ %bb.27:
	@DEBUG_VALUE: HAL_RCC_OscConfig:tickstart <- $r5
	@DEBUG_VALUE: HAL_RCC_OscConfig:RCC_OscInitStruct <- $r4
	ldr	r0, [r4, #16]
	ldr	r1, [r6, #4]
	cmp	r0, #64
	bic	r1, r1, #258048
	bne	.LBB1_42
.Ltmp122:
@ %bb.28:
	@DEBUG_VALUE: HAL_RCC_OscConfig:tickstart <- $r5
	@DEBUG_VALUE: HAL_RCC_OscConfig:RCC_OscInitStruct <- $r4
	orr	r0, r1, #131072
.Ltmp123:
	.loc	5 530 9 is_stmt 1               @ ../Drivers/STM32H7xx_HAL_Driver/Src/stm32h7xx_hal_rcc.c:530:9
	b	.LBB1_43
.Ltmp124:
	.loc	5 0 9 is_stmt 0                 @ :0:9
.Ltmp125:
	.p2align	2
.LBB1_29:
	@DEBUG_VALUE: HAL_RCC_OscConfig:RCC_OscInitStruct <- $r4
	.loc	5 535 9 is_stmt 1               @ ../Drivers/STM32H7xx_HAL_Driver/Src/stm32h7xx_hal_rcc.c:535:9
	bic	r0, r1, #1
	str	r0, [r6]
	.loc	5 538 21                        @ ../Drivers/STM32H7xx_HAL_Driver/Src/stm32h7xx_hal_rcc.c:538:21
	bl	HAL_GetTick
.Ltmp126:
	mov	r5, r0
.Ltmp127:
	@DEBUG_VALUE: HAL_RCC_OscConfig:tickstart <- $r5
	.loc	5 0 21 is_stmt 0                @ :0:21
.Ltmp128:
	.p2align	2
.LBB1_30:                               @ =>This Inner Loop Header: Depth=1
	@DEBUG_VALUE: HAL_RCC_OscConfig:tickstart <- $r5
	@DEBUG_VALUE: HAL_RCC_OscConfig:RCC_OscInitStruct <- $r4
	.loc	5 541 16 is_stmt 1              @ ../Drivers/STM32H7xx_HAL_Driver/Src/stm32h7xx_hal_rcc.c:541:16
	ldr	r0, [r6]
	.loc	5 541 9 is_stmt 0               @ ../Drivers/STM32H7xx_HAL_Driver/Src/stm32h7xx_hal_rcc.c:541:9
	lsls	r0, r0, #29
	bpl	.LBB1_44
.Ltmp129:
@ %bb.31:                               @   in Loop: Header=BB1_30 Depth=1
	@DEBUG_VALUE: HAL_RCC_OscConfig:tickstart <- $r5
	@DEBUG_VALUE: HAL_RCC_OscConfig:RCC_OscInitStruct <- $r4
	.loc	5 543 16 is_stmt 1              @ ../Drivers/STM32H7xx_HAL_Driver/Src/stm32h7xx_hal_rcc.c:543:16
	bl	HAL_GetTick
.Ltmp130:
	.loc	5 543 30 is_stmt 0              @ ../Drivers/STM32H7xx_HAL_Driver/Src/stm32h7xx_hal_rcc.c:543:30
	subs	r0, r0, r5
.Ltmp131:
	.loc	5 543 15                        @ ../Drivers/STM32H7xx_HAL_Driver/Src/stm32h7xx_hal_rcc.c:543:15
	cmp	r0, #2
	mov.w	r0, #3
	bls	.LBB1_30
	b	.LBB1_25
.Ltmp132:
	.loc	5 0 15                          @ :0:15
.Ltmp133:
	.p2align	2
.LBB1_32:
	@DEBUG_VALUE: HAL_RCC_OscConfig:RCC_OscInitStruct <- $r4
	.loc	5 437 7 is_stmt 1               @ ../Drivers/STM32H7xx_HAL_Driver/Src/stm32h7xx_hal_rcc.c:437:7
	orr	r0, r0, #262144
	str	r0, [r6]
	ldr	r0, [r6]
	orr	r0, r0, #65536
	b	.LBB1_37
.Ltmp134:
	.loc	5 0 7 is_stmt 0                 @ :0:7
.Ltmp135:
	.p2align	2
.LBB1_33:
	@DEBUG_VALUE: HAL_RCC_OscConfig:RCC_OscInitStruct <- $r4
	.loc	5 437 7                         @ ../Drivers/STM32H7xx_HAL_Driver/Src/stm32h7xx_hal_rcc.c:437:7
	bic	r0, r0, #65536
	str	r0, [r6]
	ldr	r0, [r6]
	bic	r0, r0, #262144
	str	r0, [r6]
.Ltmp136:
	.loc	5 457 21 is_stmt 1              @ ../Drivers/STM32H7xx_HAL_Driver/Src/stm32h7xx_hal_rcc.c:457:21
	bl	HAL_GetTick
.Ltmp137:
	mov	r5, r0
.Ltmp138:
	@DEBUG_VALUE: HAL_RCC_OscConfig:tickstart <- $r5
	.loc	5 0 21 is_stmt 0                @ :0:21
.Ltmp139:
	.p2align	2
.LBB1_34:                               @ =>This Inner Loop Header: Depth=1
	@DEBUG_VALUE: HAL_RCC_OscConfig:tickstart <- $r5
	@DEBUG_VALUE: HAL_RCC_OscConfig:RCC_OscInitStruct <- $r4
	.loc	5 460 16 is_stmt 1              @ ../Drivers/STM32H7xx_HAL_Driver/Src/stm32h7xx_hal_rcc.c:460:16
	ldr	r0, [r6]
	.loc	5 460 9 is_stmt 0               @ ../Drivers/STM32H7xx_HAL_Driver/Src/stm32h7xx_hal_rcc.c:460:9
	lsls	r0, r0, #14
	bpl.w	.LBB1_2
.Ltmp140:
@ %bb.35:                               @   in Loop: Header=BB1_34 Depth=1
	@DEBUG_VALUE: HAL_RCC_OscConfig:tickstart <- $r5
	@DEBUG_VALUE: HAL_RCC_OscConfig:RCC_OscInitStruct <- $r4
	.loc	5 462 26 is_stmt 1              @ ../Drivers/STM32H7xx_HAL_Driver/Src/stm32h7xx_hal_rcc.c:462:26
	bl	HAL_GetTick
.Ltmp141:
	.loc	5 462 40 is_stmt 0              @ ../Drivers/STM32H7xx_HAL_Driver/Src/stm32h7xx_hal_rcc.c:462:40
	subs	r0, r0, r5
.Ltmp142:
	.loc	5 462 15                        @ ../Drivers/STM32H7xx_HAL_Driver/Src/stm32h7xx_hal_rcc.c:462:15
	cmp	r0, #100
	mov.w	r0, #3
	bls	.LBB1_34
	b	.LBB1_25
.Ltmp143:
	.loc	5 0 15                          @ :0:15
.Ltmp144:
	.p2align	2
.LBB1_36:
	@DEBUG_VALUE: HAL_RCC_OscConfig:RCC_OscInitStruct <- $r4
	.loc	5 437 7 is_stmt 1               @ ../Drivers/STM32H7xx_HAL_Driver/Src/stm32h7xx_hal_rcc.c:437:7
	bic	r0, r0, #65536
	str	r0, [r6]
	ldr	r0, [r6]
	bic	r0, r0, #262144
.Ltmp145:
.LBB1_37:
	@DEBUG_VALUE: HAL_RCC_OscConfig:RCC_OscInitStruct <- $r4
	.loc	5 437 7 is_stmt 0               @ ../Drivers/STM32H7xx_HAL_Driver/Src/stm32h7xx_hal_rcc.c:437:7
	str	r0, [r6]
.Ltmp146:
	.loc	5 443 21 is_stmt 1              @ ../Drivers/STM32H7xx_HAL_Driver/Src/stm32h7xx_hal_rcc.c:443:21
	bl	HAL_GetTick
.Ltmp147:
	mov	r5, r0
.Ltmp148:
	@DEBUG_VALUE: HAL_RCC_OscConfig:tickstart <- $r5
	.loc	5 0 21 is_stmt 0                @ :0:21
.Ltmp149:
	.p2align	2
.LBB1_38:                               @ =>This Inner Loop Header: Depth=1
	@DEBUG_VALUE: HAL_RCC_OscConfig:tickstart <- $r5
	@DEBUG_VALUE: HAL_RCC_OscConfig:RCC_OscInitStruct <- $r4
	.loc	5 446 16 is_stmt 1              @ ../Drivers/STM32H7xx_HAL_Driver/Src/stm32h7xx_hal_rcc.c:446:16
	ldr	r0, [r6]
	.loc	5 446 9 is_stmt 0               @ ../Drivers/STM32H7xx_HAL_Driver/Src/stm32h7xx_hal_rcc.c:446:9
	lsls	r0, r0, #14
	bmi.w	.LBB1_2
.Ltmp150:
@ %bb.39:                               @   in Loop: Header=BB1_38 Depth=1
	@DEBUG_VALUE: HAL_RCC_OscConfig:tickstart <- $r5
	@DEBUG_VALUE: HAL_RCC_OscConfig:RCC_OscInitStruct <- $r4
	.loc	5 448 26 is_stmt 1              @ ../Drivers/STM32H7xx_HAL_Driver/Src/stm32h7xx_hal_rcc.c:448:26
	bl	HAL_GetTick
.Ltmp151:
	.loc	5 448 40 is_stmt 0              @ ../Drivers/STM32H7xx_HAL_Driver/Src/stm32h7xx_hal_rcc.c:448:40
	subs	r0, r0, r5
.Ltmp152:
	.loc	5 448 15                        @ ../Drivers/STM32H7xx_HAL_Driver/Src/stm32h7xx_hal_rcc.c:448:15
	cmp	r0, #100
	bls	.LBB1_38
.Ltmp153:
@ %bb.40:
	@DEBUG_VALUE: HAL_RCC_OscConfig:tickstart <- $r5
	@DEBUG_VALUE: HAL_RCC_OscConfig:RCC_OscInitStruct <- $r4
	.loc	5 0 15                          @ ../Drivers/STM32H7xx_HAL_Driver/Src/stm32h7xx_hal_rcc.c:0:15
	movs	r0, #3
	add	sp, #4
	pop	{r4, r5, r6, r7, pc}
.Ltmp154:
	.p2align	2
.LBB1_41:
	@DEBUG_VALUE: HAL_RCC_OscConfig:tickstart <- $r5
	@DEBUG_VALUE: HAL_RCC_OscConfig:RCC_OscInitStruct <- $r4
	ldr	r0, [r6, #4]
	ldr	r1, [r4, #16]
	bic	r0, r0, #2130706432
	orr.w	r0, r0, r1, lsl #24
	b	.LBB1_43
.Ltmp155:
	.p2align	2
.LBB1_42:
	@DEBUG_VALUE: HAL_RCC_OscConfig:tickstart <- $r5
	@DEBUG_VALUE: HAL_RCC_OscConfig:RCC_OscInitStruct <- $r4
	orr.w	r0, r1, r0, lsl #12
.Ltmp156:
.LBB1_43:
	@DEBUG_VALUE: HAL_RCC_OscConfig:tickstart <- $r5
	@DEBUG_VALUE: HAL_RCC_OscConfig:RCC_OscInitStruct <- $r4
	str	r0, [r6, #4]
.Ltmp157:
.LBB1_44:
	@DEBUG_VALUE: HAL_RCC_OscConfig:RCC_OscInitStruct <- $r4
	.loc	5 552 7 is_stmt 1               @ ../Drivers/STM32H7xx_HAL_Driver/Src/stm32h7xx_hal_rcc.c:552:7
	ldrb	r0, [r4]
	lsls	r0, r0, #27
	bpl	.LBB1_63
.Ltmp158:
@ %bb.45:
	@DEBUG_VALUE: HAL_RCC_OscConfig:RCC_OscInitStruct <- $r4
	.loc	5 559 37                        @ ../Drivers/STM32H7xx_HAL_Driver/Src/stm32h7xx_hal_rcc.c:559:37
	ldr	r0, [r6, #16]
	and	r1, r0, #56
.Ltmp159:
	@DEBUG_VALUE: temp_sysclksrc <- $r1
	.loc	5 560 42                        @ ../Drivers/STM32H7xx_HAL_Driver/Src/stm32h7xx_hal_rcc.c:560:42
	ldr	r0, [r6, #40]
.Ltmp160:
	@DEBUG_VALUE: temp_pllckselr <- $r0
	.loc	5 561 46                        @ ../Drivers/STM32H7xx_HAL_Driver/Src/stm32h7xx_hal_rcc.c:561:46
	cmp	r1, #8
	beq	.LBB1_48
.Ltmp161:
@ %bb.46:
	@DEBUG_VALUE: temp_pllckselr <- $r0
	@DEBUG_VALUE: temp_sysclksrc <- $r1
	@DEBUG_VALUE: HAL_RCC_OscConfig:RCC_OscInitStruct <- $r4
	cmp	r1, #24
	bne	.LBB1_53
.Ltmp162:
@ %bb.47:
	@DEBUG_VALUE: temp_pllckselr <- $r0
	@DEBUG_VALUE: temp_sysclksrc <- $r1
	@DEBUG_VALUE: HAL_RCC_OscConfig:RCC_OscInitStruct <- $r4
	.loc	5 561 108 is_stmt 0             @ ../Drivers/STM32H7xx_HAL_Driver/Src/stm32h7xx_hal_rcc.c:561:108
	and	r0, r0, #3
.Ltmp163:
	.loc	5 561 9                         @ ../Drivers/STM32H7xx_HAL_Driver/Src/stm32h7xx_hal_rcc.c:561:9
	cmp	r0, #1
	bne	.LBB1_53
.Ltmp164:
.LBB1_48:
	@DEBUG_VALUE: temp_sysclksrc <- $r1
	@DEBUG_VALUE: HAL_RCC_OscConfig:RCC_OscInitStruct <- $r4
	.loc	5 564 12 is_stmt 1              @ ../Drivers/STM32H7xx_HAL_Driver/Src/stm32h7xx_hal_rcc.c:564:12
	ldr	r0, [r6]
	.loc	5 564 55 is_stmt 0              @ ../Drivers/STM32H7xx_HAL_Driver/Src/stm32h7xx_hal_rcc.c:564:55
	lsls	r0, r0, #23
	bpl	.LBB1_50
.Ltmp165:
@ %bb.49:
	@DEBUG_VALUE: temp_sysclksrc <- $r1
	@DEBUG_VALUE: HAL_RCC_OscConfig:RCC_OscInitStruct <- $r4
	.loc	5 564 78                        @ ../Drivers/STM32H7xx_HAL_Driver/Src/stm32h7xx_hal_rcc.c:564:78
	ldr	r0, [r4, #28]
.Ltmp166:
	.loc	5 564 11                        @ ../Drivers/STM32H7xx_HAL_Driver/Src/stm32h7xx_hal_rcc.c:564:11
	cmp	r0, #128
	bne.w	.LBB1_82
.Ltmp167:
.LBB1_50:
	@DEBUG_VALUE: HAL_RCC_OscConfig:RCC_OscInitStruct <- $r4
	.loc	5 0 0                           @ ../Drivers/STM32H7xx_HAL_Driver/Src/stm32h7xx_hal_rcc.c:0:0
	bl	HAL_GetREVID
.Ltmp168:
	movw	r1, #4099
	cmp	r0, r1
	bhi	.LBB1_57
.Ltmp169:
@ %bb.51:
	@DEBUG_VALUE: HAL_RCC_OscConfig:RCC_OscInitStruct <- $r4
	ldr	r0, [r4, #32]
	ldr	r1, [r6, #4]
	cmp	r0, #32
	bic	r1, r1, #2080374784
	bne	.LBB1_61
.Ltmp170:
@ %bb.52:
	@DEBUG_VALUE: HAL_RCC_OscConfig:RCC_OscInitStruct <- $r4
	orr	r0, r1, #1073741824
	b	.LBB1_62
.Ltmp171:
	.p2align	2
.LBB1_53:
	@DEBUG_VALUE: temp_sysclksrc <- $r1
	@DEBUG_VALUE: HAL_RCC_OscConfig:RCC_OscInitStruct <- $r4
	.loc	5 578 31 is_stmt 1              @ ../Drivers/STM32H7xx_HAL_Driver/Src/stm32h7xx_hal_rcc.c:578:31
	ldr	r0, [r4, #28]
.Ltmp172:
	.loc	5 578 11 is_stmt 0              @ ../Drivers/STM32H7xx_HAL_Driver/Src/stm32h7xx_hal_rcc.c:578:11
	cmp	r0, #0
.Ltmp173:
	.loc	5 0 0                           @ ../Drivers/STM32H7xx_HAL_Driver/Src/stm32h7xx_hal_rcc.c:0:0
	ldr	r0, [r6]
.Ltmp174:
	.loc	5 578 11                        @ ../Drivers/STM32H7xx_HAL_Driver/Src/stm32h7xx_hal_rcc.c:578:11
	beq	.LBB1_58
.Ltmp175:
@ %bb.54:
	@DEBUG_VALUE: temp_sysclksrc <- $r1
	@DEBUG_VALUE: HAL_RCC_OscConfig:RCC_OscInitStruct <- $r4
	.loc	5 581 9 is_stmt 1               @ ../Drivers/STM32H7xx_HAL_Driver/Src/stm32h7xx_hal_rcc.c:581:9
	orr	r0, r0, #128
	str	r0, [r6]
	.loc	5 584 21                        @ ../Drivers/STM32H7xx_HAL_Driver/Src/stm32h7xx_hal_rcc.c:584:21
	bl	HAL_GetTick
.Ltmp176:
	mov	r5, r0
.Ltmp177:
	@DEBUG_VALUE: HAL_RCC_OscConfig:tickstart <- $r5
	.loc	5 0 21 is_stmt 0                @ :0:21
.Ltmp178:
	.p2align	2
.LBB1_55:                               @ =>This Inner Loop Header: Depth=1
	@DEBUG_VALUE: HAL_RCC_OscConfig:tickstart <- $r5
	@DEBUG_VALUE: HAL_RCC_OscConfig:RCC_OscInitStruct <- $r4
	.loc	5 587 16 is_stmt 1              @ ../Drivers/STM32H7xx_HAL_Driver/Src/stm32h7xx_hal_rcc.c:587:16
	ldr	r0, [r6]
	.loc	5 587 9 is_stmt 0               @ ../Drivers/STM32H7xx_HAL_Driver/Src/stm32h7xx_hal_rcc.c:587:9
	lsls	r0, r0, #23
	bmi	.LBB1_50
.Ltmp179:
@ %bb.56:                               @   in Loop: Header=BB1_55 Depth=1
	@DEBUG_VALUE: HAL_RCC_OscConfig:tickstart <- $r5
	@DEBUG_VALUE: HAL_RCC_OscConfig:RCC_OscInitStruct <- $r4
	.loc	5 589 16 is_stmt 1              @ ../Drivers/STM32H7xx_HAL_Driver/Src/stm32h7xx_hal_rcc.c:589:16
	bl	HAL_GetTick
.Ltmp180:
	.loc	5 589 30 is_stmt 0              @ ../Drivers/STM32H7xx_HAL_Driver/Src/stm32h7xx_hal_rcc.c:589:30
	subs	r0, r0, r5
.Ltmp181:
	.loc	5 589 15                        @ ../Drivers/STM32H7xx_HAL_Driver/Src/stm32h7xx_hal_rcc.c:589:15
	cmp	r0, #2
	mov.w	r0, #3
	bls	.LBB1_55
	b	.LBB1_25
.Ltmp182:
	.loc	5 0 15                          @ :0:15
.Ltmp183:
	.p2align	2
.LBB1_57:
	@DEBUG_VALUE: HAL_RCC_OscConfig:RCC_OscInitStruct <- $r4
	ldr	r0, [r6, #12]
	ldr	r1, [r4, #32]
	bic	r0, r0, #1056964608
	orr.w	r0, r0, r1, lsl #24
	str	r0, [r6, #12]
	b	.LBB1_63
.Ltmp184:
	.p2align	2
.LBB1_58:
	@DEBUG_VALUE: temp_sysclksrc <- $r1
	@DEBUG_VALUE: HAL_RCC_OscConfig:RCC_OscInitStruct <- $r4
	.loc	5 601 9 is_stmt 1               @ ../Drivers/STM32H7xx_HAL_Driver/Src/stm32h7xx_hal_rcc.c:601:9
	bic	r0, r0, #128
	str	r0, [r6]
	.loc	5 604 21                        @ ../Drivers/STM32H7xx_HAL_Driver/Src/stm32h7xx_hal_rcc.c:604:21
	bl	HAL_GetTick
.Ltmp185:
	mov	r5, r0
.Ltmp186:
	@DEBUG_VALUE: HAL_RCC_OscConfig:tickstart <- $r5
	.loc	5 0 21 is_stmt 0                @ :0:21
.Ltmp187:
	.p2align	2
.LBB1_59:                               @ =>This Inner Loop Header: Depth=1
	@DEBUG_VALUE: HAL_RCC_OscConfig:tickstart <- $r5
	@DEBUG_VALUE: HAL_RCC_OscConfig:RCC_OscInitStruct <- $r4
	.loc	5 607 16 is_stmt 1              @ ../Drivers/STM32H7xx_HAL_Driver/Src/stm32h7xx_hal_rcc.c:607:16
	ldr	r0, [r6]
	.loc	5 607 9 is_stmt 0               @ ../Drivers/STM32H7xx_HAL_Driver/Src/stm32h7xx_hal_rcc.c:607:9
	lsls	r0, r0, #23
	bpl	.LBB1_63
.Ltmp188:
@ %bb.60:                               @   in Loop: Header=BB1_59 Depth=1
	@DEBUG_VALUE: HAL_RCC_OscConfig:tickstart <- $r5
	@DEBUG_VALUE: HAL_RCC_OscConfig:RCC_OscInitStruct <- $r4
	.loc	5 609 16 is_stmt 1              @ ../Drivers/STM32H7xx_HAL_Driver/Src/stm32h7xx_hal_rcc.c:609:16
	bl	HAL_GetTick
.Ltmp189:
	.loc	5 609 30 is_stmt 0              @ ../Drivers/STM32H7xx_HAL_Driver/Src/stm32h7xx_hal_rcc.c:609:30
	subs	r0, r0, r5
.Ltmp190:
	.loc	5 609 15                        @ ../Drivers/STM32H7xx_HAL_Driver/Src/stm32h7xx_hal_rcc.c:609:15
	cmp	r0, #2
	mov.w	r0, #3
	bls	.LBB1_59
	b	.LBB1_25
.Ltmp191:
	.loc	5 0 15                          @ :0:15
.Ltmp192:
	.p2align	2
.LBB1_61:
	@DEBUG_VALUE: HAL_RCC_OscConfig:RCC_OscInitStruct <- $r4
	orr.w	r0, r1, r0, lsl #26
.Ltmp193:
.LBB1_62:
	@DEBUG_VALUE: HAL_RCC_OscConfig:RCC_OscInitStruct <- $r4
	str	r0, [r6, #4]
.Ltmp194:
.LBB1_63:
	@DEBUG_VALUE: HAL_RCC_OscConfig:RCC_OscInitStruct <- $r4
	.loc	5 618 7 is_stmt 1               @ ../Drivers/STM32H7xx_HAL_Driver/Src/stm32h7xx_hal_rcc.c:618:7
	ldrb	r0, [r4]
	lsls	r0, r0, #28
	bmi	.LBB1_77
.Ltmp195:
.LBB1_64:
	@DEBUG_VALUE: HAL_RCC_OscConfig:RCC_OscInitStruct <- $r4
	.loc	5 661 7                         @ ../Drivers/STM32H7xx_HAL_Driver/Src/stm32h7xx_hal_rcc.c:661:7
	ldrb	r0, [r4]
	lsls	r0, r0, #26
	bmi	.LBB1_83
.Ltmp196:
.LBB1_65:
	@DEBUG_VALUE: HAL_RCC_OscConfig:RCC_OscInitStruct <- $r4
	.loc	5 703 7                         @ ../Drivers/STM32H7xx_HAL_Driver/Src/stm32h7xx_hal_rcc.c:703:7
	ldrb	r0, [r4]
	lsls	r0, r0, #29
	bmi	.LBB1_88
.Ltmp197:
.LBB1_66:
	@DEBUG_VALUE: HAL_RCC_OscConfig:RCC_OscInitStruct <- $r4
	.loc	5 757 31                        @ ../Drivers/STM32H7xx_HAL_Driver/Src/stm32h7xx_hal_rcc.c:757:31
	ldr	r5, [r4, #36]
.Ltmp198:
                                        @ implicit-def: $lr
	.loc	5 757 7 is_stmt 0               @ ../Drivers/STM32H7xx_HAL_Driver/Src/stm32h7xx_hal_rcc.c:757:7
	cbz	r5, .LBB1_76
.Ltmp199:
@ %bb.67:
	@DEBUG_VALUE: HAL_RCC_OscConfig:RCC_OscInitStruct <- $r4
	.loc	5 760 9 is_stmt 1               @ ../Drivers/STM32H7xx_HAL_Driver/Src/stm32h7xx_hal_rcc.c:760:9
	ldr	r0, [r6, #16]
	and	r0, r0, #56
.Ltmp200:
	.loc	5 760 9 is_stmt 0               @ ../Drivers/STM32H7xx_HAL_Driver/Src/stm32h7xx_hal_rcc.c:760:9
	cmp	r0, #24
	bne.w	.LBB1_102
.Ltmp201:
@ %bb.68:
	@DEBUG_VALUE: HAL_RCC_OscConfig:RCC_OscInitStruct <- $r4
	.loc	5 860 62 is_stmt 1              @ ../Drivers/STM32H7xx_HAL_Driver/Src/stm32h7xx_hal_rcc.c:860:62
	cmp	r5, #1
.Ltmp202:
	.loc	5 858 29                        @ ../Drivers/STM32H7xx_HAL_Driver/Src/stm32h7xx_hal_rcc.c:858:29
	ldr	r1, [r6, #40]
.Ltmp203:
	@DEBUG_VALUE: HAL_RCC_OscConfig:temp1_pllckcfg <- $r1
	.loc	5 859 29                        @ ../Drivers/STM32H7xx_HAL_Driver/Src/stm32h7xx_hal_rcc.c:859:29
	ldr	r0, [r6, #48]
.Ltmp204:
	@DEBUG_VALUE: HAL_RCC_OscConfig:temp2_pllckcfg <- $r0
	.loc	5 860 62                        @ ../Drivers/STM32H7xx_HAL_Driver/Src/stm32h7xx_hal_rcc.c:860:62
	beq	.LBB1_82
.Ltmp205:
@ %bb.69:
	@DEBUG_VALUE: HAL_RCC_OscConfig:temp2_pllckcfg <- $r0
	@DEBUG_VALUE: HAL_RCC_OscConfig:temp1_pllckcfg <- $r1
	@DEBUG_VALUE: HAL_RCC_OscConfig:RCC_OscInitStruct <- $r4
	.loc	5 861 12                        @ ../Drivers/STM32H7xx_HAL_Driver/Src/stm32h7xx_hal_rcc.c:861:12
	and	r2, r1, #3
	.loc	5 861 85 is_stmt 0              @ ../Drivers/STM32H7xx_HAL_Driver/Src/stm32h7xx_hal_rcc.c:861:85
	ldr	r3, [r4, #40]
	.loc	5 861 96                        @ ../Drivers/STM32H7xx_HAL_Driver/Src/stm32h7xx_hal_rcc.c:861:96
	cmp	r2, r3
	bne	.LBB1_82
.Ltmp206:
@ %bb.70:
	@DEBUG_VALUE: HAL_RCC_OscConfig:temp2_pllckcfg <- $r0
	@DEBUG_VALUE: HAL_RCC_OscConfig:temp1_pllckcfg <- $r1
	@DEBUG_VALUE: HAL_RCC_OscConfig:RCC_OscInitStruct <- $r4
	.loc	5 862 59 is_stmt 1              @ ../Drivers/STM32H7xx_HAL_Driver/Src/stm32h7xx_hal_rcc.c:862:59
	ubfx	r1, r1, #4, #6
.Ltmp207:
	.loc	5 862 113 is_stmt 0             @ ../Drivers/STM32H7xx_HAL_Driver/Src/stm32h7xx_hal_rcc.c:862:113
	ldr	r2, [r4, #44]
	.loc	5 862 119                       @ ../Drivers/STM32H7xx_HAL_Driver/Src/stm32h7xx_hal_rcc.c:862:119
	cmp	r1, r2
	bne	.LBB1_82
.Ltmp208:
@ %bb.71:
	@DEBUG_VALUE: HAL_RCC_OscConfig:temp2_pllckcfg <- $r0
	@DEBUG_VALUE: HAL_RCC_OscConfig:RCC_OscInitStruct <- $r4
	.loc	5 863 12 is_stmt 1              @ ../Drivers/STM32H7xx_HAL_Driver/Src/stm32h7xx_hal_rcc.c:863:12
	mov	r1, r0
	.loc	5 863 81 is_stmt 0              @ ../Drivers/STM32H7xx_HAL_Driver/Src/stm32h7xx_hal_rcc.c:863:81
	ldr	r2, [r4, #48]
	.loc	5 863 12                        @ ../Drivers/STM32H7xx_HAL_Driver/Src/stm32h7xx_hal_rcc.c:863:12
	bfc	r1, #9, #23
	.loc	5 863 86                        @ ../Drivers/STM32H7xx_HAL_Driver/Src/stm32h7xx_hal_rcc.c:863:86
	subs	r2, #1
	.loc	5 863 93                        @ ../Drivers/STM32H7xx_HAL_Driver/Src/stm32h7xx_hal_rcc.c:863:93
	cmp	r1, r2
	bne	.LBB1_82
.Ltmp209:
@ %bb.72:
	@DEBUG_VALUE: HAL_RCC_OscConfig:temp2_pllckcfg <- $r0
	@DEBUG_VALUE: HAL_RCC_OscConfig:RCC_OscInitStruct <- $r4
	.loc	5 864 55 is_stmt 1              @ ../Drivers/STM32H7xx_HAL_Driver/Src/stm32h7xx_hal_rcc.c:864:55
	ubfx	r2, r0, #9, #7
	.loc	5 864 106 is_stmt 0             @ ../Drivers/STM32H7xx_HAL_Driver/Src/stm32h7xx_hal_rcc.c:864:106
	ldr	r1, [r4, #52]
	.loc	5 864 111                       @ ../Drivers/STM32H7xx_HAL_Driver/Src/stm32h7xx_hal_rcc.c:864:111
	subs	r1, #1
	.loc	5 864 118                       @ ../Drivers/STM32H7xx_HAL_Driver/Src/stm32h7xx_hal_rcc.c:864:118
	cmp	r2, r1
	bne	.LBB1_82
.Ltmp210:
@ %bb.73:
	@DEBUG_VALUE: HAL_RCC_OscConfig:temp2_pllckcfg <- $r0
	@DEBUG_VALUE: HAL_RCC_OscConfig:RCC_OscInitStruct <- $r4
	.loc	5 865 55 is_stmt 1              @ ../Drivers/STM32H7xx_HAL_Driver/Src/stm32h7xx_hal_rcc.c:865:55
	ubfx	r2, r0, #16, #7
	.loc	5 865 106 is_stmt 0             @ ../Drivers/STM32H7xx_HAL_Driver/Src/stm32h7xx_hal_rcc.c:865:106
	ldr	r1, [r4, #56]
	.loc	5 865 111                       @ ../Drivers/STM32H7xx_HAL_Driver/Src/stm32h7xx_hal_rcc.c:865:111
	subs	r1, #1
	.loc	5 865 118                       @ ../Drivers/STM32H7xx_HAL_Driver/Src/stm32h7xx_hal_rcc.c:865:118
	cmp	r2, r1
	bne	.LBB1_82
.Ltmp211:
@ %bb.74:
	@DEBUG_VALUE: HAL_RCC_OscConfig:temp2_pllckcfg <- $r0
	@DEBUG_VALUE: HAL_RCC_OscConfig:RCC_OscInitStruct <- $r4
	.loc	5 866 55 is_stmt 1              @ ../Drivers/STM32H7xx_HAL_Driver/Src/stm32h7xx_hal_rcc.c:866:55
	ubfx	r0, r0, #24, #7
.Ltmp212:
	.loc	5 866 106 is_stmt 0             @ ../Drivers/STM32H7xx_HAL_Driver/Src/stm32h7xx_hal_rcc.c:866:106
	ldr	r1, [r4, #60]
	.loc	5 866 111                       @ ../Drivers/STM32H7xx_HAL_Driver/Src/stm32h7xx_hal_rcc.c:866:111
	subs	r1, #1
.Ltmp213:
	.loc	5 860 11 is_stmt 1              @ ../Drivers/STM32H7xx_HAL_Driver/Src/stm32h7xx_hal_rcc.c:860:11
	cmp	r0, r1
	bne	.LBB1_82
.Ltmp214:
@ %bb.75:
	@DEBUG_VALUE: HAL_RCC_OscConfig:RCC_OscInitStruct <- $r4
	.loc	5 873 33                        @ ../Drivers/STM32H7xx_HAL_Driver/Src/stm32h7xx_hal_rcc.c:873:33
	ldr	r0, [r6, #52]
.Ltmp215:
	.loc	5 874 36                        @ ../Drivers/STM32H7xx_HAL_Driver/Src/stm32h7xx_hal_rcc.c:874:36
	ldr	r1, [r4, #72]
.Ltmp216:
	.loc	5 873 67                        @ ../Drivers/STM32H7xx_HAL_Driver/Src/stm32h7xx_hal_rcc.c:873:67
	ubfx	r0, r0, #3, #13
.Ltmp217:
	@DEBUG_VALUE: HAL_RCC_OscConfig:temp1_pllckcfg <- $r0
	.loc	5 874 13                        @ ../Drivers/STM32H7xx_HAL_Driver/Src/stm32h7xx_hal_rcc.c:874:13
	cmp	r1, r0
	bne.w	.LBB1_118
.Ltmp218:
.LBB1_76:
	.loc	5 0 13 is_stmt 0                @ ../Drivers/STM32H7xx_HAL_Driver/Src/stm32h7xx_hal_rcc.c:0:13
	movs	r0, #0
	add	sp, #4
	pop	{r4, r5, r6, r7, pc}
	.p2align	2
.LBB1_77:
.Ltmp219:
	@DEBUG_VALUE: HAL_RCC_OscConfig:RCC_OscInitStruct <- $r4
	.loc	5 624 29 is_stmt 1              @ ../Drivers/STM32H7xx_HAL_Driver/Src/stm32h7xx_hal_rcc.c:624:29
	ldr	r0, [r4, #20]
.Ltmp220:
	.loc	5 624 9 is_stmt 0               @ ../Drivers/STM32H7xx_HAL_Driver/Src/stm32h7xx_hal_rcc.c:624:9
	cmp	r0, #0
.Ltmp221:
	.loc	5 0 0                           @ ../Drivers/STM32H7xx_HAL_Driver/Src/stm32h7xx_hal_rcc.c:0:0
	ldr	r0, [r6, #116]
	beq	.LBB1_92
.Ltmp222:
@ %bb.78:
	@DEBUG_VALUE: HAL_RCC_OscConfig:RCC_OscInitStruct <- $r4
	.loc	5 627 7 is_stmt 1               @ ../Drivers/STM32H7xx_HAL_Driver/Src/stm32h7xx_hal_rcc.c:627:7
	orr	r0, r0, #1
	str	r0, [r6, #116]
	.loc	5 630 19                        @ ../Drivers/STM32H7xx_HAL_Driver/Src/stm32h7xx_hal_rcc.c:630:19
	bl	HAL_GetTick
.Ltmp223:
	mov	r5, r0
.Ltmp224:
	@DEBUG_VALUE: HAL_RCC_OscConfig:tickstart <- $r5
	.loc	5 0 19 is_stmt 0                @ :0:19
.Ltmp225:
	.p2align	2
.LBB1_79:                               @ =>This Inner Loop Header: Depth=1
	@DEBUG_VALUE: HAL_RCC_OscConfig:tickstart <- $r5
	@DEBUG_VALUE: HAL_RCC_OscConfig:RCC_OscInitStruct <- $r4
	.loc	5 633 14 is_stmt 1              @ ../Drivers/STM32H7xx_HAL_Driver/Src/stm32h7xx_hal_rcc.c:633:14
	ldr	r0, [r6, #116]
	.loc	5 633 7 is_stmt 0               @ ../Drivers/STM32H7xx_HAL_Driver/Src/stm32h7xx_hal_rcc.c:633:7
	lsls	r0, r0, #30
	bmi	.LBB1_64
.Ltmp226:
@ %bb.80:                               @   in Loop: Header=BB1_79 Depth=1
	@DEBUG_VALUE: HAL_RCC_OscConfig:tickstart <- $r5
	@DEBUG_VALUE: HAL_RCC_OscConfig:RCC_OscInitStruct <- $r4
	.loc	5 635 14 is_stmt 1              @ ../Drivers/STM32H7xx_HAL_Driver/Src/stm32h7xx_hal_rcc.c:635:14
	bl	HAL_GetTick
.Ltmp227:
	.loc	5 635 28 is_stmt 0              @ ../Drivers/STM32H7xx_HAL_Driver/Src/stm32h7xx_hal_rcc.c:635:28
	subs	r0, r0, r5
.Ltmp228:
	.loc	5 635 13                        @ ../Drivers/STM32H7xx_HAL_Driver/Src/stm32h7xx_hal_rcc.c:635:13
	cmp	r0, #2
	bls	.LBB1_79
.Ltmp229:
@ %bb.81:
	@DEBUG_VALUE: HAL_RCC_OscConfig:tickstart <- $r5
	@DEBUG_VALUE: HAL_RCC_OscConfig:RCC_OscInitStruct <- $r4
	.loc	5 0 13                          @ ../Drivers/STM32H7xx_HAL_Driver/Src/stm32h7xx_hal_rcc.c:0:13
	movs	r0, #3
	add	sp, #4
	pop	{r4, r5, r6, r7, pc}
.Ltmp230:
	.p2align	2
.LBB1_82:
	@DEBUG_VALUE: HAL_RCC_OscConfig:RCC_OscInitStruct <- $r4
	movs	r0, #1
	add	sp, #4
	pop	{r4, r5, r6, r7, pc}
.Ltmp231:
	.p2align	2
.LBB1_83:
	@DEBUG_VALUE: HAL_RCC_OscConfig:RCC_OscInitStruct <- $r4
	.loc	5 667 29 is_stmt 1              @ ../Drivers/STM32H7xx_HAL_Driver/Src/stm32h7xx_hal_rcc.c:667:29
	ldr	r0, [r4, #24]
.Ltmp232:
	.loc	5 667 9 is_stmt 0               @ ../Drivers/STM32H7xx_HAL_Driver/Src/stm32h7xx_hal_rcc.c:667:9
	cmp	r0, #0
.Ltmp233:
	.loc	5 0 0                           @ ../Drivers/STM32H7xx_HAL_Driver/Src/stm32h7xx_hal_rcc.c:0:0
	ldr	r0, [r6]
.Ltmp234:
	.loc	5 667 9                         @ ../Drivers/STM32H7xx_HAL_Driver/Src/stm32h7xx_hal_rcc.c:667:9
	beq	.LBB1_99
.Ltmp235:
@ %bb.84:
	@DEBUG_VALUE: HAL_RCC_OscConfig:RCC_OscInitStruct <- $r4
	.loc	5 670 7 is_stmt 1               @ ../Drivers/STM32H7xx_HAL_Driver/Src/stm32h7xx_hal_rcc.c:670:7
	orr	r0, r0, #4096
	str	r0, [r6]
	.loc	5 673 19                        @ ../Drivers/STM32H7xx_HAL_Driver/Src/stm32h7xx_hal_rcc.c:673:19
	bl	HAL_GetTick
.Ltmp236:
	mov	r5, r0
.Ltmp237:
	@DEBUG_VALUE: HAL_RCC_OscConfig:tickstart <- $r5
	.loc	5 0 19 is_stmt 0                @ :0:19
.Ltmp238:
	.p2align	2
.LBB1_85:                               @ =>This Inner Loop Header: Depth=1
	@DEBUG_VALUE: HAL_RCC_OscConfig:tickstart <- $r5
	@DEBUG_VALUE: HAL_RCC_OscConfig:RCC_OscInitStruct <- $r4
	.loc	5 676 14 is_stmt 1              @ ../Drivers/STM32H7xx_HAL_Driver/Src/stm32h7xx_hal_rcc.c:676:14
	ldr	r0, [r6]
	.loc	5 676 7 is_stmt 0               @ ../Drivers/STM32H7xx_HAL_Driver/Src/stm32h7xx_hal_rcc.c:676:7
	lsls	r0, r0, #18
	bmi	.LBB1_65
.Ltmp239:
@ %bb.86:                               @   in Loop: Header=BB1_85 Depth=1
	@DEBUG_VALUE: HAL_RCC_OscConfig:tickstart <- $r5
	@DEBUG_VALUE: HAL_RCC_OscConfig:RCC_OscInitStruct <- $r4
	.loc	5 678 14 is_stmt 1              @ ../Drivers/STM32H7xx_HAL_Driver/Src/stm32h7xx_hal_rcc.c:678:14
	bl	HAL_GetTick
.Ltmp240:
	.loc	5 678 28 is_stmt 0              @ ../Drivers/STM32H7xx_HAL_Driver/Src/stm32h7xx_hal_rcc.c:678:28
	subs	r0, r0, r5
.Ltmp241:
	.loc	5 678 13                        @ ../Drivers/STM32H7xx_HAL_Driver/Src/stm32h7xx_hal_rcc.c:678:13
	cmp	r0, #2
	bls	.LBB1_85
.Ltmp242:
@ %bb.87:
	@DEBUG_VALUE: HAL_RCC_OscConfig:tickstart <- $r5
	@DEBUG_VALUE: HAL_RCC_OscConfig:RCC_OscInitStruct <- $r4
	.loc	5 0 13                          @ ../Drivers/STM32H7xx_HAL_Driver/Src/stm32h7xx_hal_rcc.c:0:13
	movs	r0, #3
	add	sp, #4
	pop	{r4, r5, r6, r7, pc}
.Ltmp243:
	.p2align	2
.LBB1_88:
	@DEBUG_VALUE: HAL_RCC_OscConfig:RCC_OscInitStruct <- $r4
	.loc	5 709 14 is_stmt 1              @ ../Drivers/STM32H7xx_HAL_Driver/Src/stm32h7xx_hal_rcc.c:709:14
	ldr.w	r0, [r6, #1024]
	orr	r0, r0, #256
	str.w	r0, [r6, #1024]
	.loc	5 712 17                        @ ../Drivers/STM32H7xx_HAL_Driver/Src/stm32h7xx_hal_rcc.c:712:17
	bl	HAL_GetTick
.Ltmp244:
	mov	r5, r0
.Ltmp245:
	@DEBUG_VALUE: HAL_RCC_OscConfig:tickstart <- $r5
	.loc	5 0 17 is_stmt 0                @ :0:17
.Ltmp246:
	.p2align	2
.LBB1_89:                               @ =>This Inner Loop Header: Depth=1
	@DEBUG_VALUE: HAL_RCC_OscConfig:tickstart <- $r5
	@DEBUG_VALUE: HAL_RCC_OscConfig:RCC_OscInitStruct <- $r4
	.loc	5 714 18 is_stmt 1              @ ../Drivers/STM32H7xx_HAL_Driver/Src/stm32h7xx_hal_rcc.c:714:18
	ldr.w	r0, [r6, #1024]
	.loc	5 714 5 is_stmt 0               @ ../Drivers/STM32H7xx_HAL_Driver/Src/stm32h7xx_hal_rcc.c:714:5
	lsls	r0, r0, #23
	bmi	.LBB1_95
.Ltmp247:
@ %bb.90:                               @   in Loop: Header=BB1_89 Depth=1
	@DEBUG_VALUE: HAL_RCC_OscConfig:tickstart <- $r5
	@DEBUG_VALUE: HAL_RCC_OscConfig:RCC_OscInitStruct <- $r4
	.loc	5 716 12 is_stmt 1              @ ../Drivers/STM32H7xx_HAL_Driver/Src/stm32h7xx_hal_rcc.c:716:12
	bl	HAL_GetTick
.Ltmp248:
	.loc	5 716 26 is_stmt 0              @ ../Drivers/STM32H7xx_HAL_Driver/Src/stm32h7xx_hal_rcc.c:716:26
	subs	r0, r0, r5
.Ltmp249:
	.loc	5 716 11                        @ ../Drivers/STM32H7xx_HAL_Driver/Src/stm32h7xx_hal_rcc.c:716:11
	cmp	r0, #100
	bls	.LBB1_89
.Ltmp250:
@ %bb.91:
	@DEBUG_VALUE: HAL_RCC_OscConfig:tickstart <- $r5
	@DEBUG_VALUE: HAL_RCC_OscConfig:RCC_OscInitStruct <- $r4
	.loc	5 0 11                          @ ../Drivers/STM32H7xx_HAL_Driver/Src/stm32h7xx_hal_rcc.c:0:11
	movs	r0, #3
	add	sp, #4
	pop	{r4, r5, r6, r7, pc}
.Ltmp251:
	.p2align	2
.LBB1_92:
	@DEBUG_VALUE: HAL_RCC_OscConfig:RCC_OscInitStruct <- $r4
	.loc	5 644 7 is_stmt 1               @ ../Drivers/STM32H7xx_HAL_Driver/Src/stm32h7xx_hal_rcc.c:644:7
	bic	r0, r0, #1
	str	r0, [r6, #116]
	.loc	5 647 19                        @ ../Drivers/STM32H7xx_HAL_Driver/Src/stm32h7xx_hal_rcc.c:647:19
	bl	HAL_GetTick
.Ltmp252:
	mov	r5, r0
.Ltmp253:
	@DEBUG_VALUE: HAL_RCC_OscConfig:tickstart <- $r5
	.loc	5 0 19 is_stmt 0                @ :0:19
.Ltmp254:
	.p2align	2
.LBB1_93:                               @ =>This Inner Loop Header: Depth=1
	@DEBUG_VALUE: HAL_RCC_OscConfig:tickstart <- $r5
	@DEBUG_VALUE: HAL_RCC_OscConfig:RCC_OscInitStruct <- $r4
	.loc	5 650 14 is_stmt 1              @ ../Drivers/STM32H7xx_HAL_Driver/Src/stm32h7xx_hal_rcc.c:650:14
	ldr	r0, [r6, #116]
	.loc	5 650 7 is_stmt 0               @ ../Drivers/STM32H7xx_HAL_Driver/Src/stm32h7xx_hal_rcc.c:650:7
	lsls	r0, r0, #30
	bpl.w	.LBB1_64
.Ltmp255:
@ %bb.94:                               @   in Loop: Header=BB1_93 Depth=1
	@DEBUG_VALUE: HAL_RCC_OscConfig:tickstart <- $r5
	@DEBUG_VALUE: HAL_RCC_OscConfig:RCC_OscInitStruct <- $r4
	.loc	5 652 14 is_stmt 1              @ ../Drivers/STM32H7xx_HAL_Driver/Src/stm32h7xx_hal_rcc.c:652:14
	bl	HAL_GetTick
.Ltmp256:
	.loc	5 652 28 is_stmt 0              @ ../Drivers/STM32H7xx_HAL_Driver/Src/stm32h7xx_hal_rcc.c:652:28
	subs	r0, r0, r5
.Ltmp257:
	.loc	5 652 13                        @ ../Drivers/STM32H7xx_HAL_Driver/Src/stm32h7xx_hal_rcc.c:652:13
	cmp	r0, #2
	mov.w	r0, #3
	bls	.LBB1_93
	b	.LBB1_25
.Ltmp258:
	.loc	5 0 13                          @ :0:13
.Ltmp259:
	.p2align	2
.LBB1_95:
	@DEBUG_VALUE: HAL_RCC_OscConfig:tickstart <- $r5
	@DEBUG_VALUE: HAL_RCC_OscConfig:RCC_OscInitStruct <- $r4
	.loc	5 723 5 is_stmt 1               @ ../Drivers/STM32H7xx_HAL_Driver/Src/stm32h7xx_hal_rcc.c:723:5
	ldr	r1, [r4, #8]
	ldr	r0, [r6, #112]
.Ltmp260:
	.loc	5 723 5 is_stmt 0               @ ../Drivers/STM32H7xx_HAL_Driver/Src/stm32h7xx_hal_rcc.c:723:5
	cmp	r1, #0
	beq	.LBB1_108
.Ltmp261:
@ %bb.96:
	@DEBUG_VALUE: HAL_RCC_OscConfig:tickstart <- $r5
	@DEBUG_VALUE: HAL_RCC_OscConfig:RCC_OscInitStruct <- $r4
	cmp	r1, #5
	beq	.LBB1_107
.Ltmp262:
@ %bb.97:
	@DEBUG_VALUE: HAL_RCC_OscConfig:tickstart <- $r5
	@DEBUG_VALUE: HAL_RCC_OscConfig:RCC_OscInitStruct <- $r4
	cmp	r1, #1
	bne	.LBB1_111
.Ltmp263:
@ %bb.98:
	@DEBUG_VALUE: HAL_RCC_OscConfig:tickstart <- $r5
	@DEBUG_VALUE: HAL_RCC_OscConfig:RCC_OscInitStruct <- $r4
	.loc	5 723 5                         @ ../Drivers/STM32H7xx_HAL_Driver/Src/stm32h7xx_hal_rcc.c:723:5
	orr	r0, r0, #1
.Ltmp264:
	.loc	5 723 5                         @ ../Drivers/STM32H7xx_HAL_Driver/Src/stm32h7xx_hal_rcc.c:723:5
	b	.LBB1_112
.Ltmp265:
	.loc	5 0 5                           @ :0:5
.Ltmp266:
	.p2align	2
.LBB1_99:
	@DEBUG_VALUE: HAL_RCC_OscConfig:RCC_OscInitStruct <- $r4
	.loc	5 687 7 is_stmt 1               @ ../Drivers/STM32H7xx_HAL_Driver/Src/stm32h7xx_hal_rcc.c:687:7
	bic	r0, r0, #4096
	str	r0, [r6]
	.loc	5 690 19                        @ ../Drivers/STM32H7xx_HAL_Driver/Src/stm32h7xx_hal_rcc.c:690:19
	bl	HAL_GetTick
.Ltmp267:
	mov	r5, r0
.Ltmp268:
	@DEBUG_VALUE: HAL_RCC_OscConfig:tickstart <- $r5
	.loc	5 0 19 is_stmt 0                @ :0:19
.Ltmp269:
	.p2align	2
.LBB1_100:                              @ =>This Inner Loop Header: Depth=1
	@DEBUG_VALUE: HAL_RCC_OscConfig:tickstart <- $r5
	@DEBUG_VALUE: HAL_RCC_OscConfig:RCC_OscInitStruct <- $r4
	.loc	5 693 14 is_stmt 1              @ ../Drivers/STM32H7xx_HAL_Driver/Src/stm32h7xx_hal_rcc.c:693:14
	ldr	r0, [r6]
	.loc	5 693 7 is_stmt 0               @ ../Drivers/STM32H7xx_HAL_Driver/Src/stm32h7xx_hal_rcc.c:693:7
	lsls	r0, r0, #18
	bpl.w	.LBB1_65
.Ltmp270:
@ %bb.101:                              @   in Loop: Header=BB1_100 Depth=1
	@DEBUG_VALUE: HAL_RCC_OscConfig:tickstart <- $r5
	@DEBUG_VALUE: HAL_RCC_OscConfig:RCC_OscInitStruct <- $r4
	.loc	5 695 14 is_stmt 1              @ ../Drivers/STM32H7xx_HAL_Driver/Src/stm32h7xx_hal_rcc.c:695:14
	bl	HAL_GetTick
.Ltmp271:
	.loc	5 695 28 is_stmt 0              @ ../Drivers/STM32H7xx_HAL_Driver/Src/stm32h7xx_hal_rcc.c:695:28
	subs	r0, r0, r5
.Ltmp272:
	.loc	5 695 13                        @ ../Drivers/STM32H7xx_HAL_Driver/Src/stm32h7xx_hal_rcc.c:695:13
	cmp	r0, #2
	mov.w	r0, #3
	bls	.LBB1_100
	b	.LBB1_25
.Ltmp273:
	.loc	5 0 13                          @ :0:13
.Ltmp274:
	.p2align	2
.LBB1_102:
	@DEBUG_VALUE: HAL_RCC_OscConfig:RCC_OscInitStruct <- $r4
	ldr	r0, [r6]
	bic	r0, r0, #16777216
	str	r0, [r6]
	bl	HAL_GetTick
.Ltmp275:
	.loc	5 762 11 is_stmt 1              @ ../Drivers/STM32H7xx_HAL_Driver/Src/stm32h7xx_hal_rcc.c:762:11
	cmp	r5, #2
.Ltmp276:
	.loc	5 0 0 is_stmt 0                 @ ../Drivers/STM32H7xx_HAL_Driver/Src/stm32h7xx_hal_rcc.c:0:0
	mov	r5, r0
.Ltmp277:
	@DEBUG_VALUE: HAL_RCC_OscConfig:tickstart <- $r5
	.loc	5 762 11                        @ ../Drivers/STM32H7xx_HAL_Driver/Src/stm32h7xx_hal_rcc.c:762:11
	bne	.LBB1_105
.Ltmp278:
	.loc	5 0 11                          @ :0:11
.Ltmp279:
	.p2align	2
.LBB1_103:                              @ =>This Inner Loop Header: Depth=1
	@DEBUG_VALUE: HAL_RCC_OscConfig:tickstart <- $r5
	@DEBUG_VALUE: HAL_RCC_OscConfig:RCC_OscInitStruct <- $r4
	.loc	5 782 16 is_stmt 1              @ ../Drivers/STM32H7xx_HAL_Driver/Src/stm32h7xx_hal_rcc.c:782:16
	ldr	r0, [r6]
	.loc	5 782 9 is_stmt 0               @ ../Drivers/STM32H7xx_HAL_Driver/Src/stm32h7xx_hal_rcc.c:782:9
	lsls	r0, r0, #6
	bpl	.LBB1_115
.Ltmp280:
@ %bb.104:                              @   in Loop: Header=BB1_103 Depth=1
	@DEBUG_VALUE: HAL_RCC_OscConfig:tickstart <- $r5
	@DEBUG_VALUE: HAL_RCC_OscConfig:RCC_OscInitStruct <- $r4
	.loc	5 784 16 is_stmt 1              @ ../Drivers/STM32H7xx_HAL_Driver/Src/stm32h7xx_hal_rcc.c:784:16
	bl	HAL_GetTick
.Ltmp281:
	.loc	5 784 30 is_stmt 0              @ ../Drivers/STM32H7xx_HAL_Driver/Src/stm32h7xx_hal_rcc.c:784:30
	subs	r0, r0, r5
.Ltmp282:
	.loc	5 784 15                        @ ../Drivers/STM32H7xx_HAL_Driver/Src/stm32h7xx_hal_rcc.c:784:15
	cmp	r0, #2
	mov.w	r0, #3
	bls	.LBB1_103
	b	.LBB1_25
.Ltmp283:
	.loc	5 0 15                          @ :0:15
.Ltmp284:
	.p2align	2
.LBB1_105:                              @ =>This Inner Loop Header: Depth=1
	@DEBUG_VALUE: HAL_RCC_OscConfig:tickstart <- $r5
	@DEBUG_VALUE: HAL_RCC_OscConfig:RCC_OscInitStruct <- $r4
	.loc	5 846 16 is_stmt 1              @ ../Drivers/STM32H7xx_HAL_Driver/Src/stm32h7xx_hal_rcc.c:846:16
	ldr	r0, [r6]
	.loc	5 846 9 is_stmt 0               @ ../Drivers/STM32H7xx_HAL_Driver/Src/stm32h7xx_hal_rcc.c:846:9
	lsls	r0, r0, #6
	bpl.w	.LBB1_76
.Ltmp285:
@ %bb.106:                              @   in Loop: Header=BB1_105 Depth=1
	@DEBUG_VALUE: HAL_RCC_OscConfig:tickstart <- $r5
	@DEBUG_VALUE: HAL_RCC_OscConfig:RCC_OscInitStruct <- $r4
	.loc	5 848 16 is_stmt 1              @ ../Drivers/STM32H7xx_HAL_Driver/Src/stm32h7xx_hal_rcc.c:848:16
	bl	HAL_GetTick
.Ltmp286:
	.loc	5 848 30 is_stmt 0              @ ../Drivers/STM32H7xx_HAL_Driver/Src/stm32h7xx_hal_rcc.c:848:30
	subs	r0, r0, r5
.Ltmp287:
	.loc	5 848 15                        @ ../Drivers/STM32H7xx_HAL_Driver/Src/stm32h7xx_hal_rcc.c:848:15
	cmp	r0, #2
	mov.w	r0, #3
	bls	.LBB1_105
	b	.LBB1_25
.Ltmp288:
	.loc	5 0 15                          @ :0:15
.Ltmp289:
	.p2align	2
.LBB1_107:
	@DEBUG_VALUE: HAL_RCC_OscConfig:tickstart <- $r5
	@DEBUG_VALUE: HAL_RCC_OscConfig:RCC_OscInitStruct <- $r4
	.loc	5 723 5 is_stmt 1               @ ../Drivers/STM32H7xx_HAL_Driver/Src/stm32h7xx_hal_rcc.c:723:5
	orr	r0, r0, #4
	str	r0, [r6, #112]
	ldr	r0, [r6, #112]
	orr	r0, r0, #1
	b	.LBB1_112
.Ltmp290:
	.loc	5 0 5 is_stmt 0                 @ :0:5
.Ltmp291:
	.p2align	2
.LBB1_108:
	@DEBUG_VALUE: HAL_RCC_OscConfig:tickstart <- $r5
	@DEBUG_VALUE: HAL_RCC_OscConfig:RCC_OscInitStruct <- $r4
	.loc	5 723 5                         @ ../Drivers/STM32H7xx_HAL_Driver/Src/stm32h7xx_hal_rcc.c:723:5
	bic	r0, r0, #1
	str	r0, [r6, #112]
	ldr	r0, [r6, #112]
	bic	r0, r0, #4
	str	r0, [r6, #112]
.Ltmp292:
	.loc	5 742 19 is_stmt 1              @ ../Drivers/STM32H7xx_HAL_Driver/Src/stm32h7xx_hal_rcc.c:742:19
	bl	HAL_GetTick
.Ltmp293:
	mov	r5, r0
.Ltmp294:
	@DEBUG_VALUE: HAL_RCC_OscConfig:tickstart <- $r5
	.loc	5 0 19 is_stmt 0                @ ../Drivers/STM32H7xx_HAL_Driver/Src/stm32h7xx_hal_rcc.c:0:19
	movw	r7, #5000
.Ltmp295:
.LBB1_109:                              @ =>This Inner Loop Header: Depth=1
	@DEBUG_VALUE: HAL_RCC_OscConfig:tickstart <- $r5
	@DEBUG_VALUE: HAL_RCC_OscConfig:RCC_OscInitStruct <- $r4
	.loc	5 745 14 is_stmt 1              @ ../Drivers/STM32H7xx_HAL_Driver/Src/stm32h7xx_hal_rcc.c:745:14
	ldr	r0, [r6, #112]
	.loc	5 745 7 is_stmt 0               @ ../Drivers/STM32H7xx_HAL_Driver/Src/stm32h7xx_hal_rcc.c:745:7
	lsls	r0, r0, #30
	bpl.w	.LBB1_66
.Ltmp296:
@ %bb.110:                              @   in Loop: Header=BB1_109 Depth=1
	@DEBUG_VALUE: HAL_RCC_OscConfig:tickstart <- $r5
	@DEBUG_VALUE: HAL_RCC_OscConfig:RCC_OscInitStruct <- $r4
	.loc	5 747 14 is_stmt 1              @ ../Drivers/STM32H7xx_HAL_Driver/Src/stm32h7xx_hal_rcc.c:747:14
	bl	HAL_GetTick
.Ltmp297:
	.loc	5 747 28 is_stmt 0              @ ../Drivers/STM32H7xx_HAL_Driver/Src/stm32h7xx_hal_rcc.c:747:28
	subs	r0, r0, r5
.Ltmp298:
	.loc	5 747 13                        @ ../Drivers/STM32H7xx_HAL_Driver/Src/stm32h7xx_hal_rcc.c:747:13
	cmp	r0, r7
	mov.w	r0, #3
	bls	.LBB1_109
	b	.LBB1_25
.Ltmp299:
	.loc	5 0 13                          @ :0:13
.Ltmp300:
	.p2align	2
.LBB1_111:
	@DEBUG_VALUE: HAL_RCC_OscConfig:tickstart <- $r5
	@DEBUG_VALUE: HAL_RCC_OscConfig:RCC_OscInitStruct <- $r4
	.loc	5 723 5 is_stmt 1               @ ../Drivers/STM32H7xx_HAL_Driver/Src/stm32h7xx_hal_rcc.c:723:5
	bic	r0, r0, #1
	str	r0, [r6, #112]
	ldr	r0, [r6, #112]
	bic	r0, r0, #4
.Ltmp301:
.LBB1_112:
	@DEBUG_VALUE: HAL_RCC_OscConfig:tickstart <- $r5
	@DEBUG_VALUE: HAL_RCC_OscConfig:RCC_OscInitStruct <- $r4
	.loc	5 723 5 is_stmt 0               @ ../Drivers/STM32H7xx_HAL_Driver/Src/stm32h7xx_hal_rcc.c:723:5
	str	r0, [r6, #112]
.Ltmp302:
	.loc	5 728 19 is_stmt 1              @ ../Drivers/STM32H7xx_HAL_Driver/Src/stm32h7xx_hal_rcc.c:728:19
	bl	HAL_GetTick
.Ltmp303:
	mov	r5, r0
.Ltmp304:
	@DEBUG_VALUE: HAL_RCC_OscConfig:tickstart <- $r5
	.loc	5 0 19 is_stmt 0                @ ../Drivers/STM32H7xx_HAL_Driver/Src/stm32h7xx_hal_rcc.c:0:19
	movw	r7, #5000
.Ltmp305:
	.p2align	2
.LBB1_113:                              @ =>This Inner Loop Header: Depth=1
	@DEBUG_VALUE: HAL_RCC_OscConfig:tickstart <- $r5
	@DEBUG_VALUE: HAL_RCC_OscConfig:RCC_OscInitStruct <- $r4
	.loc	5 731 14 is_stmt 1              @ ../Drivers/STM32H7xx_HAL_Driver/Src/stm32h7xx_hal_rcc.c:731:14
	ldr	r0, [r6, #112]
	.loc	5 731 7 is_stmt 0               @ ../Drivers/STM32H7xx_HAL_Driver/Src/stm32h7xx_hal_rcc.c:731:7
	lsls	r0, r0, #30
	bmi.w	.LBB1_66
.Ltmp306:
@ %bb.114:                              @   in Loop: Header=BB1_113 Depth=1
	@DEBUG_VALUE: HAL_RCC_OscConfig:tickstart <- $r5
	@DEBUG_VALUE: HAL_RCC_OscConfig:RCC_OscInitStruct <- $r4
	.loc	5 733 14 is_stmt 1              @ ../Drivers/STM32H7xx_HAL_Driver/Src/stm32h7xx_hal_rcc.c:733:14
	bl	HAL_GetTick
.Ltmp307:
	.loc	5 733 28 is_stmt 0              @ ../Drivers/STM32H7xx_HAL_Driver/Src/stm32h7xx_hal_rcc.c:733:28
	subs	r0, r0, r5
.Ltmp308:
	.loc	5 733 13                        @ ../Drivers/STM32H7xx_HAL_Driver/Src/stm32h7xx_hal_rcc.c:733:13
	cmp	r0, r7
	mov.w	r0, #3
	bls	.LBB1_113
	b	.LBB1_25
.Ltmp309:
	.loc	5 0 13                          @ :0:13
.Ltmp310:
	.p2align	2
.LBB1_115:
	@DEBUG_VALUE: HAL_RCC_OscConfig:tickstart <- $r5
	@DEBUG_VALUE: HAL_RCC_OscConfig:RCC_OscInitStruct <- $r4
	.loc	5 791 9 is_stmt 1               @ ../Drivers/STM32H7xx_HAL_Driver/Src/stm32h7xx_hal_rcc.c:791:9
	add.w	r7, r4, #40
	ldr	r0, [r6, #40]
	movw	r1, #1011
	bics	r0, r1
	ldm	r7, {r1, r2, r3, r7}
	orrs	r0, r1
	subs	r1, r3, #1
	orr.w	r0, r0, r2, lsl #4
	mov.w	r2, #65024
	bfc	r1, #9, #23
	str	r0, [r6, #40]
	add.w	r0, r2, r7, lsl #9
	mov.w	r2, #8323072
	uxth	r0, r0
	ldr	r3, [r4, #60]
	add	r0, r1
	ldr	r1, [r4, #56]
	add.w	r1, r2, r1, lsl #16
	mov.w	r2, #2130706432
	and	r1, r1, #8323072
	add.w	r2, r2, r3, lsl #24
	add	r0, r1
	and	r1, r2, #2130706432
	add	r0, r1
	str	r0, [r6, #48]
.Ltmp311:
	.loc	5 799 9                         @ ../Drivers/STM32H7xx_HAL_Driver/Src/stm32h7xx_hal_rcc.c:799:9
	ldr	r0, [r6, #44]
	movw	r1, #65528
	bic	r0, r0, #1
	str	r0, [r6, #44]
	.loc	5 802 9                         @ ../Drivers/STM32H7xx_HAL_Driver/Src/stm32h7xx_hal_rcc.c:802:9
	ldr	r0, [r6, #52]
	ldr	r2, [r4, #72]
	bics	r0, r1
	orr.w	r0, r0, r2, lsl #3
	str	r0, [r6, #52]
	.loc	5 805 9                         @ ../Drivers/STM32H7xx_HAL_Driver/Src/stm32h7xx_hal_rcc.c:805:9
	ldr	r0, [r6, #44]
	ldr	r1, [r4, #64]
	bic	r0, r0, #12
	orrs	r0, r1
	str	r0, [r6, #44]
	.loc	5 808 9                         @ ../Drivers/STM32H7xx_HAL_Driver/Src/stm32h7xx_hal_rcc.c:808:9
	ldr	r0, [r6, #44]
	ldr	r1, [r4, #68]
	bic	r0, r0, #2
	orrs	r0, r1
	str	r0, [r6, #44]
	.loc	5 811 9                         @ ../Drivers/STM32H7xx_HAL_Driver/Src/stm32h7xx_hal_rcc.c:811:9
	ldr	r0, [r6, #44]
	orr	r0, r0, #65536
	str	r0, [r6, #44]
	.loc	5 814 9                         @ ../Drivers/STM32H7xx_HAL_Driver/Src/stm32h7xx_hal_rcc.c:814:9
	ldr	r0, [r6, #44]
	orr	r0, r0, #131072
	str	r0, [r6, #44]
	.loc	5 817 9                         @ ../Drivers/STM32H7xx_HAL_Driver/Src/stm32h7xx_hal_rcc.c:817:9
	ldr	r0, [r6, #44]
	orr	r0, r0, #262144
	str	r0, [r6, #44]
	.loc	5 820 9                         @ ../Drivers/STM32H7xx_HAL_Driver/Src/stm32h7xx_hal_rcc.c:820:9
	ldr	r0, [r6, #44]
	orr	r0, r0, #1
	str	r0, [r6, #44]
	.loc	5 823 9                         @ ../Drivers/STM32H7xx_HAL_Driver/Src/stm32h7xx_hal_rcc.c:823:9
	ldr	r0, [r6]
	orr	r0, r0, #16777216
	str	r0, [r6]
	.loc	5 826 21                        @ ../Drivers/STM32H7xx_HAL_Driver/Src/stm32h7xx_hal_rcc.c:826:21
	bl	HAL_GetTick
.Ltmp312:
	mov	r4, r0
.Ltmp313:
	@DEBUG_VALUE: HAL_RCC_OscConfig:RCC_OscInitStruct <- [DW_OP_LLVM_entry_value 1] $r0
	@DEBUG_VALUE: HAL_RCC_OscConfig:tickstart <- $r4
.LBB1_116:                              @ =>This Inner Loop Header: Depth=1
	@DEBUG_VALUE: HAL_RCC_OscConfig:tickstart <- $r4
	@DEBUG_VALUE: HAL_RCC_OscConfig:RCC_OscInitStruct <- [DW_OP_LLVM_entry_value 1] $r0
	.loc	5 829 16                        @ ../Drivers/STM32H7xx_HAL_Driver/Src/stm32h7xx_hal_rcc.c:829:16
	ldr	r0, [r6]
	.loc	5 829 9 is_stmt 0               @ ../Drivers/STM32H7xx_HAL_Driver/Src/stm32h7xx_hal_rcc.c:829:9
	lsls	r0, r0, #6
	bmi.w	.LBB1_76
.Ltmp314:
@ %bb.117:                              @   in Loop: Header=BB1_116 Depth=1
	@DEBUG_VALUE: HAL_RCC_OscConfig:tickstart <- $r4
	@DEBUG_VALUE: HAL_RCC_OscConfig:RCC_OscInitStruct <- [DW_OP_LLVM_entry_value 1] $r0
	.loc	5 831 16 is_stmt 1              @ ../Drivers/STM32H7xx_HAL_Driver/Src/stm32h7xx_hal_rcc.c:831:16
	bl	HAL_GetTick
.Ltmp315:
	.loc	5 831 30 is_stmt 0              @ ../Drivers/STM32H7xx_HAL_Driver/Src/stm32h7xx_hal_rcc.c:831:30
	subs	r0, r0, r4
.Ltmp316:
	.loc	5 831 15                        @ ../Drivers/STM32H7xx_HAL_Driver/Src/stm32h7xx_hal_rcc.c:831:15
	cmp	r0, #2
	mov.w	r0, #3
	bls	.LBB1_116
	b	.LBB1_25
.Ltmp317:
	.loc	5 0 15                          @ :0:15
.Ltmp318:
	.p2align	2
.LBB1_118:
	@DEBUG_VALUE: HAL_RCC_OscConfig:temp1_pllckcfg <- $r0
	@DEBUG_VALUE: HAL_RCC_OscConfig:RCC_OscInitStruct <- $r4
	.loc	5 878 11 is_stmt 1              @ ../Drivers/STM32H7xx_HAL_Driver/Src/stm32h7xx_hal_rcc.c:878:11
	ldr	r0, [r6, #44]
.Ltmp319:
	bic	r0, r0, #1
	str	r0, [r6, #44]
	.loc	5 880 23                        @ ../Drivers/STM32H7xx_HAL_Driver/Src/stm32h7xx_hal_rcc.c:880:23
	bl	HAL_GetTick
.Ltmp320:
	mov	r5, r0
.Ltmp321:
	@DEBUG_VALUE: HAL_RCC_OscConfig:tickstart <- $r5
.LBB1_119:                              @ =>This Inner Loop Header: Depth=1
	@DEBUG_VALUE: HAL_RCC_OscConfig:tickstart <- $r5
	@DEBUG_VALUE: HAL_RCC_OscConfig:RCC_OscInitStruct <- $r4
	.loc	5 882 19                        @ ../Drivers/STM32H7xx_HAL_Driver/Src/stm32h7xx_hal_rcc.c:882:19
	bl	HAL_GetTick
.Ltmp322:
	.loc	5 882 11 is_stmt 0              @ ../Drivers/STM32H7xx_HAL_Driver/Src/stm32h7xx_hal_rcc.c:882:11
	cmp	r0, r5
	beq	.LBB1_119
.Ltmp323:
@ %bb.120:
	@DEBUG_VALUE: HAL_RCC_OscConfig:tickstart <- $r5
	@DEBUG_VALUE: HAL_RCC_OscConfig:RCC_OscInitStruct <- $r4
	.loc	5 886 11 is_stmt 1              @ ../Drivers/STM32H7xx_HAL_Driver/Src/stm32h7xx_hal_rcc.c:886:11
	ldr	r0, [r6, #52]
	movw	r1, #65528
	ldr	r2, [r4, #72]
	bics	r0, r1
	orr.w	r0, r0, r2, lsl #3
	str	r0, [r6, #52]
	.loc	5 888 11                        @ ../Drivers/STM32H7xx_HAL_Driver/Src/stm32h7xx_hal_rcc.c:888:11
	ldr	r0, [r6, #44]
	orr	r0, r0, #1
	str	r0, [r6, #44]
	movs	r0, #0
	add	sp, #4
	pop	{r4, r5, r6, r7, pc}
.Ltmp324:
.Lfunc_end1:
	.size	HAL_RCC_OscConfig, .Lfunc_end1-HAL_RCC_OscConfig
	.cfi_endproc
	.cantunwind
	.fnend
                                        @ -- End function
	.section	.text.HAL_RCC_ClockConfig,"ax",%progbits
	.hidden	HAL_RCC_ClockConfig             @ -- Begin function HAL_RCC_ClockConfig
	.globl	HAL_RCC_ClockConfig
	.p2align	3
	.type	HAL_RCC_ClockConfig,%function
	.code	16                              @ @HAL_RCC_ClockConfig
	.thumb_func
HAL_RCC_ClockConfig:
.Lfunc_begin2:
	.loc	5 923 0                         @ ../Drivers/STM32H7xx_HAL_Driver/Src/stm32h7xx_hal_rcc.c:923:0
	.fnstart
	.cfi_startproc
@ %bb.0:
	@DEBUG_VALUE: HAL_RCC_ClockConfig:RCC_ClkInitStruct <- $r0
	@DEBUG_VALUE: HAL_RCC_ClockConfig:FLatency <- $r1
	@DEBUG_VALUE: HAL_RCC_ClockConfig:RCC_ClkInitStruct <- $r0
	.save	{r4, r5, r6, r7, r8, r9, lr}
	push.w	{r4, r5, r6, r7, r8, r9, lr}
	.cfi_def_cfa_offset 28
	.cfi_offset lr, -4
	.cfi_offset r9, -8
	.cfi_offset r8, -12
	.cfi_offset r7, -16
	.cfi_offset r6, -20
	.cfi_offset r5, -24
	.cfi_offset r4, -28
	.pad	#4
	sub	sp, #4
	.cfi_def_cfa_offset 32
.Ltmp325:
	.loc	5 929 7 prologue_end            @ ../Drivers/STM32H7xx_HAL_Driver/Src/stm32h7xx_hal_rcc.c:929:7
	cmp	r0, #0
	beq.w	.LBB2_49
.Ltmp326:
@ %bb.1:
	@DEBUG_VALUE: HAL_RCC_ClockConfig:FLatency <- $r1
	@DEBUG_VALUE: HAL_RCC_ClockConfig:RCC_ClkInitStruct <- $r0
	.loc	5 0 7 is_stmt 0                 @ ../Drivers/STM32H7xx_HAL_Driver/Src/stm32h7xx_hal_rcc.c:0:7
	movw	r9, #8192
	mov	r4, r0
.Ltmp327:
	@DEBUG_VALUE: HAL_RCC_ClockConfig:RCC_ClkInitStruct <- $r4
	@DEBUG_VALUE: HAL_RCC_ClockConfig:RCC_ClkInitStruct <- $r4
	movt	r9, #20992
.Ltmp328:
	.loc	5 943 18 is_stmt 1              @ ../Drivers/STM32H7xx_HAL_Driver/Src/stm32h7xx_hal_rcc.c:943:18
	ldr.w	r0, [r9]
	and	r0, r0, #15
.Ltmp329:
	.loc	5 943 7 is_stmt 0               @ ../Drivers/STM32H7xx_HAL_Driver/Src/stm32h7xx_hal_rcc.c:943:7
	cmp	r1, r0
	bls	.LBB2_3
.Ltmp330:
@ %bb.2:
	@DEBUG_VALUE: HAL_RCC_ClockConfig:RCC_ClkInitStruct <- $r4
	@DEBUG_VALUE: HAL_RCC_ClockConfig:FLatency <- $r1
	.loc	5 946 5 is_stmt 1               @ ../Drivers/STM32H7xx_HAL_Driver/Src/stm32h7xx_hal_rcc.c:946:5
	ldr.w	r0, [r9]
	bic	r0, r0, #15
	orrs	r0, r1
	str.w	r0, [r9]
.Ltmp331:
	.loc	5 950 9                         @ ../Drivers/STM32H7xx_HAL_Driver/Src/stm32h7xx_hal_rcc.c:950:9
	ldr.w	r0, [r9]
	and	r0, r0, #15
.Ltmp332:
	.loc	5 950 9 is_stmt 0               @ ../Drivers/STM32H7xx_HAL_Driver/Src/stm32h7xx_hal_rcc.c:950:9
	cmp	r0, r1
	bne.w	.LBB2_49
.Ltmp333:
.LBB2_3:
	@DEBUG_VALUE: HAL_RCC_ClockConfig:RCC_ClkInitStruct <- $r4
	@DEBUG_VALUE: HAL_RCC_ClockConfig:FLatency <- $r1
	.loc	5 959 28 is_stmt 1              @ ../Drivers/STM32H7xx_HAL_Driver/Src/stm32h7xx_hal_rcc.c:959:28
	ldr	r0, [r4]
	movw	r6, #17432
.Ltmp334:
	.loc	5 959 7 is_stmt 0               @ ../Drivers/STM32H7xx_HAL_Driver/Src/stm32h7xx_hal_rcc.c:959:7
	lsls	r2, r0, #29
	movt	r6, #22530
	bpl	.LBB2_6
.Ltmp335:
@ %bb.4:
	@DEBUG_VALUE: HAL_RCC_ClockConfig:RCC_ClkInitStruct <- $r4
	@DEBUG_VALUE: HAL_RCC_ClockConfig:FLatency <- $r1
	.loc	5 962 29 is_stmt 1              @ ../Drivers/STM32H7xx_HAL_Driver/Src/stm32h7xx_hal_rcc.c:962:29
	ldr	r2, [r4, #16]
	.loc	5 962 53 is_stmt 0              @ ../Drivers/STM32H7xx_HAL_Driver/Src/stm32h7xx_hal_rcc.c:962:53
	ldr	r3, [r6]
	.loc	5 962 60                        @ ../Drivers/STM32H7xx_HAL_Driver/Src/stm32h7xx_hal_rcc.c:962:60
	and	r3, r3, #112
.Ltmp336:
	.loc	5 962 9                         @ ../Drivers/STM32H7xx_HAL_Driver/Src/stm32h7xx_hal_rcc.c:962:9
	cmp	r2, r3
	bls	.LBB2_6
.Ltmp337:
@ %bb.5:
	@DEBUG_VALUE: HAL_RCC_ClockConfig:RCC_ClkInitStruct <- $r4
	@DEBUG_VALUE: HAL_RCC_ClockConfig:FLatency <- $r1
	.loc	5 965 7 is_stmt 1               @ ../Drivers/STM32H7xx_HAL_Driver/Src/stm32h7xx_hal_rcc.c:965:7
	ldr	r3, [r6]
	bic	r3, r3, #112
	orrs	r2, r3
	str	r2, [r6]
.Ltmp338:
.LBB2_6:
	@DEBUG_VALUE: HAL_RCC_ClockConfig:RCC_ClkInitStruct <- $r4
	@DEBUG_VALUE: HAL_RCC_ClockConfig:FLatency <- $r1
	.loc	5 977 7                         @ ../Drivers/STM32H7xx_HAL_Driver/Src/stm32h7xx_hal_rcc.c:977:7
	lsls	r2, r0, #28
	bpl	.LBB2_9
.Ltmp339:
@ %bb.7:
	@DEBUG_VALUE: HAL_RCC_ClockConfig:RCC_ClkInitStruct <- $r4
	@DEBUG_VALUE: HAL_RCC_ClockConfig:FLatency <- $r1
	.loc	5 980 29                        @ ../Drivers/STM32H7xx_HAL_Driver/Src/stm32h7xx_hal_rcc.c:980:29
	ldr	r2, [r4, #20]
	.loc	5 980 53 is_stmt 0              @ ../Drivers/STM32H7xx_HAL_Driver/Src/stm32h7xx_hal_rcc.c:980:53
	ldr	r3, [r6, #4]
	.loc	5 980 60                        @ ../Drivers/STM32H7xx_HAL_Driver/Src/stm32h7xx_hal_rcc.c:980:60
	and	r3, r3, #112
.Ltmp340:
	.loc	5 980 9                         @ ../Drivers/STM32H7xx_HAL_Driver/Src/stm32h7xx_hal_rcc.c:980:9
	cmp	r2, r3
	bls	.LBB2_9
.Ltmp341:
@ %bb.8:
	@DEBUG_VALUE: HAL_RCC_ClockConfig:RCC_ClkInitStruct <- $r4
	@DEBUG_VALUE: HAL_RCC_ClockConfig:FLatency <- $r1
	.loc	5 983 7 is_stmt 1               @ ../Drivers/STM32H7xx_HAL_Driver/Src/stm32h7xx_hal_rcc.c:983:7
	ldr	r3, [r6, #4]
	bic	r3, r3, #112
	orrs	r2, r3
	str	r2, [r6, #4]
.Ltmp342:
.LBB2_9:
	@DEBUG_VALUE: HAL_RCC_ClockConfig:RCC_ClkInitStruct <- $r4
	@DEBUG_VALUE: HAL_RCC_ClockConfig:FLatency <- $r1
	.loc	5 994 7                         @ ../Drivers/STM32H7xx_HAL_Driver/Src/stm32h7xx_hal_rcc.c:994:7
	lsls	r2, r0, #27
	bpl	.LBB2_12
.Ltmp343:
@ %bb.10:
	@DEBUG_VALUE: HAL_RCC_ClockConfig:RCC_ClkInitStruct <- $r4
	@DEBUG_VALUE: HAL_RCC_ClockConfig:FLatency <- $r1
	.loc	5 997 29                        @ ../Drivers/STM32H7xx_HAL_Driver/Src/stm32h7xx_hal_rcc.c:997:29
	ldr	r2, [r4, #24]
	.loc	5 997 53 is_stmt 0              @ ../Drivers/STM32H7xx_HAL_Driver/Src/stm32h7xx_hal_rcc.c:997:53
	ldr	r3, [r6, #4]
	.loc	5 997 60                        @ ../Drivers/STM32H7xx_HAL_Driver/Src/stm32h7xx_hal_rcc.c:997:60
	and	r3, r3, #1792
.Ltmp344:
	.loc	5 997 9                         @ ../Drivers/STM32H7xx_HAL_Driver/Src/stm32h7xx_hal_rcc.c:997:9
	cmp	r2, r3
	bls	.LBB2_12
.Ltmp345:
@ %bb.11:
	@DEBUG_VALUE: HAL_RCC_ClockConfig:RCC_ClkInitStruct <- $r4
	@DEBUG_VALUE: HAL_RCC_ClockConfig:FLatency <- $r1
	.loc	5 1000 7 is_stmt 1              @ ../Drivers/STM32H7xx_HAL_Driver/Src/stm32h7xx_hal_rcc.c:1000:7
	ldr	r3, [r6, #4]
	bic	r3, r3, #1792
	orrs	r2, r3
	str	r2, [r6, #4]
.Ltmp346:
.LBB2_12:
	@DEBUG_VALUE: HAL_RCC_ClockConfig:RCC_ClkInitStruct <- $r4
	@DEBUG_VALUE: HAL_RCC_ClockConfig:FLatency <- $r1
	.loc	5 1012 7                        @ ../Drivers/STM32H7xx_HAL_Driver/Src/stm32h7xx_hal_rcc.c:1012:7
	lsls	r2, r0, #26
	bpl	.LBB2_15
.Ltmp347:
@ %bb.13:
	@DEBUG_VALUE: HAL_RCC_ClockConfig:RCC_ClkInitStruct <- $r4
	@DEBUG_VALUE: HAL_RCC_ClockConfig:FLatency <- $r1
	.loc	5 1015 29                       @ ../Drivers/STM32H7xx_HAL_Driver/Src/stm32h7xx_hal_rcc.c:1015:29
	ldr	r2, [r4, #28]
	.loc	5 1015 53 is_stmt 0             @ ../Drivers/STM32H7xx_HAL_Driver/Src/stm32h7xx_hal_rcc.c:1015:53
	ldr	r3, [r6, #8]
	.loc	5 1015 60                       @ ../Drivers/STM32H7xx_HAL_Driver/Src/stm32h7xx_hal_rcc.c:1015:60
	and	r3, r3, #112
.Ltmp348:
	.loc	5 1015 9                        @ ../Drivers/STM32H7xx_HAL_Driver/Src/stm32h7xx_hal_rcc.c:1015:9
	cmp	r2, r3
	bls	.LBB2_15
.Ltmp349:
@ %bb.14:
	@DEBUG_VALUE: HAL_RCC_ClockConfig:RCC_ClkInitStruct <- $r4
	@DEBUG_VALUE: HAL_RCC_ClockConfig:FLatency <- $r1
	.loc	5 1018 7 is_stmt 1              @ ../Drivers/STM32H7xx_HAL_Driver/Src/stm32h7xx_hal_rcc.c:1018:7
	ldr	r3, [r6, #8]
	bic	r3, r3, #112
	orrs	r2, r3
	str	r2, [r6, #8]
.Ltmp350:
.LBB2_15:
	@DEBUG_VALUE: HAL_RCC_ClockConfig:RCC_ClkInitStruct <- $r4
	@DEBUG_VALUE: HAL_RCC_ClockConfig:FLatency <- $r1
	.loc	5 1030 39                       @ ../Drivers/STM32H7xx_HAL_Driver/Src/stm32h7xx_hal_rcc.c:1030:39
	ands	r2, r0, #2
.Ltmp351:
	.loc	5 1030 7 is_stmt 0              @ ../Drivers/STM32H7xx_HAL_Driver/Src/stm32h7xx_hal_rcc.c:1030:7
	beq	.LBB2_18
.Ltmp352:
@ %bb.16:
	@DEBUG_VALUE: HAL_RCC_ClockConfig:RCC_ClkInitStruct <- $r4
	@DEBUG_VALUE: HAL_RCC_ClockConfig:FLatency <- $r1
	.loc	5 1033 29 is_stmt 1             @ ../Drivers/STM32H7xx_HAL_Driver/Src/stm32h7xx_hal_rcc.c:1033:29
	ldr	r3, [r4, #12]
	.loc	5 1033 52 is_stmt 0             @ ../Drivers/STM32H7xx_HAL_Driver/Src/stm32h7xx_hal_rcc.c:1033:52
	ldr	r7, [r6]
	.loc	5 1033 59                       @ ../Drivers/STM32H7xx_HAL_Driver/Src/stm32h7xx_hal_rcc.c:1033:59
	and	r7, r7, #15
.Ltmp353:
	.loc	5 1033 9                        @ ../Drivers/STM32H7xx_HAL_Driver/Src/stm32h7xx_hal_rcc.c:1033:9
	cmp	r3, r7
	bls	.LBB2_18
.Ltmp354:
@ %bb.17:
	@DEBUG_VALUE: HAL_RCC_ClockConfig:RCC_ClkInitStruct <- $r4
	@DEBUG_VALUE: HAL_RCC_ClockConfig:FLatency <- $r1
	.loc	5 1037 7 is_stmt 1              @ ../Drivers/STM32H7xx_HAL_Driver/Src/stm32h7xx_hal_rcc.c:1037:7
	ldr	r7, [r6]
	bic	r7, r7, #15
	orrs	r3, r7
	str	r3, [r6]
.Ltmp355:
.LBB2_18:
	@DEBUG_VALUE: HAL_RCC_ClockConfig:RCC_ClkInitStruct <- $r4
	@DEBUG_VALUE: HAL_RCC_ClockConfig:FLatency <- $r1
	.loc	5 1050 7                        @ ../Drivers/STM32H7xx_HAL_Driver/Src/stm32h7xx_hal_rcc.c:1050:7
	lsls	r3, r0, #31
	beq	.LBB2_31
.Ltmp356:
@ %bb.19:
	@DEBUG_VALUE: HAL_RCC_ClockConfig:RCC_ClkInitStruct <- $r4
	@DEBUG_VALUE: HAL_RCC_ClockConfig:FLatency <- $r1
	.loc	5 1055 5                        @ ../Drivers/STM32H7xx_HAL_Driver/Src/stm32h7xx_hal_rcc.c:1055:5
	ldr	r0, [r6]
	bic	r2, r0, #3840
.Ltmp357:
	.loc	5 1060 28                       @ ../Drivers/STM32H7xx_HAL_Driver/Src/stm32h7xx_hal_rcc.c:1060:28
	ldrd	r0, r3, [r4, #4]
.Ltmp358:
	.loc	5 1055 5                        @ ../Drivers/STM32H7xx_HAL_Driver/Src/stm32h7xx_hal_rcc.c:1055:5
	orrs	r2, r3
	str	r2, [r6]
	.loc	5 1060 9                        @ ../Drivers/STM32H7xx_HAL_Driver/Src/stm32h7xx_hal_rcc.c:1060:9
	cmp	r0, #1
.Ltmp359:
	.loc	5 0 0 is_stmt 0                 @ ../Drivers/STM32H7xx_HAL_Driver/Src/stm32h7xx_hal_rcc.c:0:0
	ldr	r2, [r6, #-24]
.Ltmp360:
	.loc	5 1060 9                        @ ../Drivers/STM32H7xx_HAL_Driver/Src/stm32h7xx_hal_rcc.c:1060:9
	beq	.LBB2_24
.Ltmp361:
@ %bb.20:
	@DEBUG_VALUE: HAL_RCC_ClockConfig:RCC_ClkInitStruct <- $r4
	@DEBUG_VALUE: HAL_RCC_ClockConfig:FLatency <- $r1
	cmp	r0, #3
	beq	.LBB2_23
.Ltmp362:
@ %bb.21:
	@DEBUG_VALUE: HAL_RCC_ClockConfig:RCC_ClkInitStruct <- $r4
	@DEBUG_VALUE: HAL_RCC_ClockConfig:FLatency <- $r1
	cmp	r0, #2
	bne	.LBB2_25
.Ltmp363:
@ %bb.22:
	@DEBUG_VALUE: HAL_RCC_ClockConfig:RCC_ClkInitStruct <- $r4
	@DEBUG_VALUE: HAL_RCC_ClockConfig:FLatency <- $r1
	.loc	5 1063 11 is_stmt 1             @ ../Drivers/STM32H7xx_HAL_Driver/Src/stm32h7xx_hal_rcc.c:1063:11
	lsls	r2, r2, #14
	bmi	.LBB2_26
.Ltmp364:
	.loc	5 1072 11                       @ ../Drivers/STM32H7xx_HAL_Driver/Src/stm32h7xx_hal_rcc.c:1072:11
	b	.LBB2_49
.Ltmp365:
	.loc	5 0 11 is_stmt 0                @ :0:11
.Ltmp366:
	.p2align	2
.LBB2_23:
	@DEBUG_VALUE: HAL_RCC_ClockConfig:RCC_ClkInitStruct <- $r4
	@DEBUG_VALUE: HAL_RCC_ClockConfig:FLatency <- $r1
	.loc	5 1072 11                       @ ../Drivers/STM32H7xx_HAL_Driver/Src/stm32h7xx_hal_rcc.c:1072:11
	lsls	r2, r2, #6
	bmi	.LBB2_26
	b	.LBB2_49
.Ltmp367:
	.loc	5 0 11                          @ :0:11
.Ltmp368:
	.p2align	2
.LBB2_24:
	@DEBUG_VALUE: HAL_RCC_ClockConfig:RCC_ClkInitStruct <- $r4
	@DEBUG_VALUE: HAL_RCC_ClockConfig:FLatency <- $r1
	.loc	5 1081 11 is_stmt 1             @ ../Drivers/STM32H7xx_HAL_Driver/Src/stm32h7xx_hal_rcc.c:1081:11
	lsls	r2, r2, #23
	bmi	.LBB2_26
	b	.LBB2_49
.Ltmp369:
	.loc	5 0 11 is_stmt 0                @ :0:11
.Ltmp370:
	.p2align	2
.LBB2_25:
	@DEBUG_VALUE: HAL_RCC_ClockConfig:RCC_ClkInitStruct <- $r4
	@DEBUG_VALUE: HAL_RCC_ClockConfig:FLatency <- $r1
	.loc	5 1090 11 is_stmt 1             @ ../Drivers/STM32H7xx_HAL_Driver/Src/stm32h7xx_hal_rcc.c:1090:11
	lsls	r2, r2, #29
	bpl.w	.LBB2_49
.Ltmp371:
.LBB2_26:
	@DEBUG_VALUE: HAL_RCC_ClockConfig:RCC_ClkInitStruct <- $r4
	@DEBUG_VALUE: HAL_RCC_ClockConfig:FLatency <- $r1
	.loc	5 0 11 is_stmt 0                @ ../Drivers/STM32H7xx_HAL_Driver/Src/stm32h7xx_hal_rcc.c:0:11
	mov	r8, r1
.Ltmp372:
	@DEBUG_VALUE: HAL_RCC_ClockConfig:FLatency <- $r8
	.loc	5 1095 5 is_stmt 1              @ ../Drivers/STM32H7xx_HAL_Driver/Src/stm32h7xx_hal_rcc.c:1095:5
	ldr	r1, [r6, #-8]
	bic	r1, r1, #7
	orrs	r0, r1
	str	r0, [r6, #-8]
	.loc	5 1098 17                       @ ../Drivers/STM32H7xx_HAL_Driver/Src/stm32h7xx_hal_rcc.c:1098:17
	bl	HAL_GetTick
.Ltmp373:
	mov	r5, r0
.Ltmp374:
	@DEBUG_VALUE: HAL_RCC_ClockConfig:tickstart <- $r5
	.loc	5 0 17 is_stmt 0                @ ../Drivers/STM32H7xx_HAL_Driver/Src/stm32h7xx_hal_rcc.c:0:17
	movw	r7, #5000
.Ltmp375:
	.p2align	2
.LBB2_27:                               @ =>This Inner Loop Header: Depth=1
	@DEBUG_VALUE: HAL_RCC_ClockConfig:tickstart <- $r5
	@DEBUG_VALUE: HAL_RCC_ClockConfig:FLatency <- $r8
	@DEBUG_VALUE: HAL_RCC_ClockConfig:RCC_ClkInitStruct <- $r4
	.loc	5 1100 12 is_stmt 1             @ ../Drivers/STM32H7xx_HAL_Driver/Src/stm32h7xx_hal_rcc.c:1100:12
	ldr	r0, [r6, #-8]
	.loc	5 1100 65 is_stmt 0             @ ../Drivers/STM32H7xx_HAL_Driver/Src/stm32h7xx_hal_rcc.c:1100:65
	ldr	r1, [r4, #4]
	.loc	5 1100 12                       @ ../Drivers/STM32H7xx_HAL_Driver/Src/stm32h7xx_hal_rcc.c:1100:12
	and	r0, r0, #56
	.loc	5 1100 5                        @ ../Drivers/STM32H7xx_HAL_Driver/Src/stm32h7xx_hal_rcc.c:1100:5
	cmp.w	r0, r1, lsl #3
	beq	.LBB2_30
.Ltmp376:
@ %bb.28:                               @   in Loop: Header=BB2_27 Depth=1
	@DEBUG_VALUE: HAL_RCC_ClockConfig:tickstart <- $r5
	@DEBUG_VALUE: HAL_RCC_ClockConfig:FLatency <- $r8
	@DEBUG_VALUE: HAL_RCC_ClockConfig:RCC_ClkInitStruct <- $r4
	.loc	5 1102 12 is_stmt 1             @ ../Drivers/STM32H7xx_HAL_Driver/Src/stm32h7xx_hal_rcc.c:1102:12
	bl	HAL_GetTick
.Ltmp377:
	.loc	5 1102 26 is_stmt 0             @ ../Drivers/STM32H7xx_HAL_Driver/Src/stm32h7xx_hal_rcc.c:1102:26
	subs	r0, r0, r5
.Ltmp378:
	.loc	5 1102 11                       @ ../Drivers/STM32H7xx_HAL_Driver/Src/stm32h7xx_hal_rcc.c:1102:11
	cmp	r0, r7
	bls	.LBB2_27
.Ltmp379:
@ %bb.29:
	@DEBUG_VALUE: HAL_RCC_ClockConfig:tickstart <- $r5
	@DEBUG_VALUE: HAL_RCC_ClockConfig:FLatency <- $r8
	@DEBUG_VALUE: HAL_RCC_ClockConfig:RCC_ClkInitStruct <- $r4
	.loc	5 0 11                          @ ../Drivers/STM32H7xx_HAL_Driver/Src/stm32h7xx_hal_rcc.c:0:11
	movs	r0, #3
	.loc	5 1240 1 epilogue_begin is_stmt 1 @ ../Drivers/STM32H7xx_HAL_Driver/Src/stm32h7xx_hal_rcc.c:1240:1
	add	sp, #4
	pop.w	{r4, r5, r6, r7, r8, r9, pc}
.Ltmp380:
	.loc	5 0 1 is_stmt 0                 @ :0:1
.Ltmp381:
	.p2align	2
.LBB2_30:
	@DEBUG_VALUE: HAL_RCC_ClockConfig:tickstart <- $r5
	@DEBUG_VALUE: HAL_RCC_ClockConfig:FLatency <- $r8
	@DEBUG_VALUE: HAL_RCC_ClockConfig:RCC_ClkInitStruct <- $r4
	.loc	5 1112 28 is_stmt 1             @ ../Drivers/STM32H7xx_HAL_Driver/Src/stm32h7xx_hal_rcc.c:1112:28
	ldr	r0, [r4]
	mov	r1, r8
	.loc	5 1112 39 is_stmt 0             @ ../Drivers/STM32H7xx_HAL_Driver/Src/stm32h7xx_hal_rcc.c:1112:39
	and	r2, r0, #2
.Ltmp382:
.LBB2_31:
	@DEBUG_VALUE: HAL_RCC_ClockConfig:RCC_ClkInitStruct <- $r4
	.loc	5 1112 7                        @ ../Drivers/STM32H7xx_HAL_Driver/Src/stm32h7xx_hal_rcc.c:1112:7
	cbz	r2, .LBB2_34
.Ltmp383:
@ %bb.32:
	@DEBUG_VALUE: HAL_RCC_ClockConfig:RCC_ClkInitStruct <- $r4
	.loc	5 1115 29 is_stmt 1             @ ../Drivers/STM32H7xx_HAL_Driver/Src/stm32h7xx_hal_rcc.c:1115:29
	ldr	r2, [r4, #12]
	.loc	5 1115 52 is_stmt 0             @ ../Drivers/STM32H7xx_HAL_Driver/Src/stm32h7xx_hal_rcc.c:1115:52
	ldr	r3, [r6]
	.loc	5 1115 59                       @ ../Drivers/STM32H7xx_HAL_Driver/Src/stm32h7xx_hal_rcc.c:1115:59
	and	r3, r3, #15
.Ltmp384:
	.loc	5 1115 9                        @ ../Drivers/STM32H7xx_HAL_Driver/Src/stm32h7xx_hal_rcc.c:1115:9
	cmp	r2, r3
	bhs	.LBB2_34
.Ltmp385:
@ %bb.33:
	@DEBUG_VALUE: HAL_RCC_ClockConfig:RCC_ClkInitStruct <- $r4
	.loc	5 1119 7 is_stmt 1              @ ../Drivers/STM32H7xx_HAL_Driver/Src/stm32h7xx_hal_rcc.c:1119:7
	ldr	r3, [r6]
	bic	r3, r3, #15
	orrs	r2, r3
	str	r2, [r6]
.Ltmp386:
.LBB2_34:
	@DEBUG_VALUE: HAL_RCC_ClockConfig:RCC_ClkInitStruct <- $r4
	.loc	5 1132 18                       @ ../Drivers/STM32H7xx_HAL_Driver/Src/stm32h7xx_hal_rcc.c:1132:18
	ldr.w	r2, [r9]
	and	r2, r2, #15
.Ltmp387:
	.loc	5 1132 7 is_stmt 0              @ ../Drivers/STM32H7xx_HAL_Driver/Src/stm32h7xx_hal_rcc.c:1132:7
	cmp	r1, r2
	bhs	.LBB2_36
.Ltmp388:
@ %bb.35:
	@DEBUG_VALUE: HAL_RCC_ClockConfig:RCC_ClkInitStruct <- $r4
	.loc	5 1135 5 is_stmt 1              @ ../Drivers/STM32H7xx_HAL_Driver/Src/stm32h7xx_hal_rcc.c:1135:5
	ldr.w	r2, [r9]
	bic	r2, r2, #15
	orrs	r2, r1
	str.w	r2, [r9]
.Ltmp389:
	.loc	5 1139 9                        @ ../Drivers/STM32H7xx_HAL_Driver/Src/stm32h7xx_hal_rcc.c:1139:9
	ldr.w	r2, [r9]
	and	r2, r2, #15
.Ltmp390:
	.loc	5 1139 9 is_stmt 0              @ ../Drivers/STM32H7xx_HAL_Driver/Src/stm32h7xx_hal_rcc.c:1139:9
	cmp	r2, r1
	bne	.LBB2_49
.Ltmp391:
.LBB2_36:
	@DEBUG_VALUE: HAL_RCC_ClockConfig:RCC_ClkInitStruct <- $r4
	.loc	5 1146 7 is_stmt 1              @ ../Drivers/STM32H7xx_HAL_Driver/Src/stm32h7xx_hal_rcc.c:1146:7
	lsls	r1, r0, #29
	bpl	.LBB2_39
.Ltmp392:
@ %bb.37:
	@DEBUG_VALUE: HAL_RCC_ClockConfig:RCC_ClkInitStruct <- $r4
	.loc	5 1149 29                       @ ../Drivers/STM32H7xx_HAL_Driver/Src/stm32h7xx_hal_rcc.c:1149:29
	ldr	r1, [r4, #16]
	.loc	5 1149 53 is_stmt 0             @ ../Drivers/STM32H7xx_HAL_Driver/Src/stm32h7xx_hal_rcc.c:1149:53
	ldr	r2, [r6]
	.loc	5 1149 60                       @ ../Drivers/STM32H7xx_HAL_Driver/Src/stm32h7xx_hal_rcc.c:1149:60
	and	r2, r2, #112
.Ltmp393:
	.loc	5 1149 9                        @ ../Drivers/STM32H7xx_HAL_Driver/Src/stm32h7xx_hal_rcc.c:1149:9
	cmp	r1, r2
	bhs	.LBB2_39
.Ltmp394:
@ %bb.38:
	@DEBUG_VALUE: HAL_RCC_ClockConfig:RCC_ClkInitStruct <- $r4
	.loc	5 1152 7 is_stmt 1              @ ../Drivers/STM32H7xx_HAL_Driver/Src/stm32h7xx_hal_rcc.c:1152:7
	ldr	r2, [r6]
	bic	r2, r2, #112
	orrs	r1, r2
	str	r1, [r6]
.Ltmp395:
.LBB2_39:
	@DEBUG_VALUE: HAL_RCC_ClockConfig:RCC_ClkInitStruct <- $r4
	.loc	5 1164 7                        @ ../Drivers/STM32H7xx_HAL_Driver/Src/stm32h7xx_hal_rcc.c:1164:7
	lsls	r1, r0, #28
	bpl	.LBB2_42
.Ltmp396:
@ %bb.40:
	@DEBUG_VALUE: HAL_RCC_ClockConfig:RCC_ClkInitStruct <- $r4
	.loc	5 1167 29                       @ ../Drivers/STM32H7xx_HAL_Driver/Src/stm32h7xx_hal_rcc.c:1167:29
	ldr	r1, [r4, #20]
	.loc	5 1167 53 is_stmt 0             @ ../Drivers/STM32H7xx_HAL_Driver/Src/stm32h7xx_hal_rcc.c:1167:53
	ldr	r2, [r6, #4]
	.loc	5 1167 60                       @ ../Drivers/STM32H7xx_HAL_Driver/Src/stm32h7xx_hal_rcc.c:1167:60
	and	r2, r2, #112
.Ltmp397:
	.loc	5 1167 9                        @ ../Drivers/STM32H7xx_HAL_Driver/Src/stm32h7xx_hal_rcc.c:1167:9
	cmp	r1, r2
	bhs	.LBB2_42
.Ltmp398:
@ %bb.41:
	@DEBUG_VALUE: HAL_RCC_ClockConfig:RCC_ClkInitStruct <- $r4
	.loc	5 1170 7 is_stmt 1              @ ../Drivers/STM32H7xx_HAL_Driver/Src/stm32h7xx_hal_rcc.c:1170:7
	ldr	r2, [r6, #4]
	bic	r2, r2, #112
	orrs	r1, r2
	str	r1, [r6, #4]
.Ltmp399:
.LBB2_42:
	@DEBUG_VALUE: HAL_RCC_ClockConfig:RCC_ClkInitStruct <- $r4
	.loc	5 1182 7                        @ ../Drivers/STM32H7xx_HAL_Driver/Src/stm32h7xx_hal_rcc.c:1182:7
	lsls	r1, r0, #27
	bpl	.LBB2_45
.Ltmp400:
@ %bb.43:
	@DEBUG_VALUE: HAL_RCC_ClockConfig:RCC_ClkInitStruct <- $r4
	.loc	5 1185 29                       @ ../Drivers/STM32H7xx_HAL_Driver/Src/stm32h7xx_hal_rcc.c:1185:29
	ldr	r1, [r4, #24]
	.loc	5 1185 53 is_stmt 0             @ ../Drivers/STM32H7xx_HAL_Driver/Src/stm32h7xx_hal_rcc.c:1185:53
	ldr	r2, [r6, #4]
	.loc	5 1185 60                       @ ../Drivers/STM32H7xx_HAL_Driver/Src/stm32h7xx_hal_rcc.c:1185:60
	and	r2, r2, #1792
.Ltmp401:
	.loc	5 1185 9                        @ ../Drivers/STM32H7xx_HAL_Driver/Src/stm32h7xx_hal_rcc.c:1185:9
	cmp	r1, r2
	bhs	.LBB2_45
.Ltmp402:
@ %bb.44:
	@DEBUG_VALUE: HAL_RCC_ClockConfig:RCC_ClkInitStruct <- $r4
	.loc	5 1188 7 is_stmt 1              @ ../Drivers/STM32H7xx_HAL_Driver/Src/stm32h7xx_hal_rcc.c:1188:7
	ldr	r2, [r6, #4]
	bic	r2, r2, #1792
	orrs	r1, r2
	str	r1, [r6, #4]
.Ltmp403:
.LBB2_45:
	@DEBUG_VALUE: HAL_RCC_ClockConfig:RCC_ClkInitStruct <- $r4
	.loc	5 1200 7                        @ ../Drivers/STM32H7xx_HAL_Driver/Src/stm32h7xx_hal_rcc.c:1200:7
	lsls	r0, r0, #26
	bpl	.LBB2_48
.Ltmp404:
@ %bb.46:
	@DEBUG_VALUE: HAL_RCC_ClockConfig:RCC_ClkInitStruct <- $r4
	.loc	5 1203 29                       @ ../Drivers/STM32H7xx_HAL_Driver/Src/stm32h7xx_hal_rcc.c:1203:29
	ldr	r0, [r4, #28]
	.loc	5 1203 53 is_stmt 0             @ ../Drivers/STM32H7xx_HAL_Driver/Src/stm32h7xx_hal_rcc.c:1203:53
	ldr	r1, [r6, #8]
	.loc	5 1203 60                       @ ../Drivers/STM32H7xx_HAL_Driver/Src/stm32h7xx_hal_rcc.c:1203:60
	and	r1, r1, #112
.Ltmp405:
	.loc	5 1203 9                        @ ../Drivers/STM32H7xx_HAL_Driver/Src/stm32h7xx_hal_rcc.c:1203:9
	cmp	r0, r1
	bhs	.LBB2_48
.Ltmp406:
@ %bb.47:
	@DEBUG_VALUE: HAL_RCC_ClockConfig:RCC_ClkInitStruct <- $r4
	.loc	5 1206 7 is_stmt 1              @ ../Drivers/STM32H7xx_HAL_Driver/Src/stm32h7xx_hal_rcc.c:1206:7
	ldr	r1, [r6, #8]
	bic	r1, r1, #112
	orrs	r0, r1
	str	r0, [r6, #8]
.Ltmp407:
.LBB2_48:
	@DEBUG_VALUE: HAL_RCC_ClockConfig:RCC_ClkInitStruct <- $r4
	.loc	5 1219 25                       @ ../Drivers/STM32H7xx_HAL_Driver/Src/stm32h7xx_hal_rcc.c:1219:25
	bl	HAL_RCC_GetSysClockFreq
.Ltmp408:
	.loc	5 1219 79 is_stmt 0             @ ../Drivers/STM32H7xx_HAL_Driver/Src/stm32h7xx_hal_rcc.c:1219:79
	ldr	r1, [r6]
	.loc	5 1219 56                       @ ../Drivers/STM32H7xx_HAL_Driver/Src/stm32h7xx_hal_rcc.c:1219:56
	movw	r2, :lower16:D1CorePrescTable
	movt	r2, :upper16:D1CorePrescTable
	.loc	5 1219 107                      @ ../Drivers/STM32H7xx_HAL_Driver/Src/stm32h7xx_hal_rcc.c:1219:107
	ubfx	r1, r1, #8, #4
	.loc	5 1219 56                       @ ../Drivers/STM32H7xx_HAL_Driver/Src/stm32h7xx_hal_rcc.c:1219:56
	ldrb	r1, [r2, r1]
	.loc	5 1225 68 is_stmt 1             @ ../Drivers/STM32H7xx_HAL_Driver/Src/stm32h7xx_hal_rcc.c:1225:68
	ldr	r3, [r6]
	.loc	5 1225 75 is_stmt 0             @ ../Drivers/STM32H7xx_HAL_Driver/Src/stm32h7xx_hal_rcc.c:1225:75
	and	r3, r3, #15
	.loc	5 1219 134 is_stmt 1            @ ../Drivers/STM32H7xx_HAL_Driver/Src/stm32h7xx_hal_rcc.c:1219:134
	and	r1, r1, #31
	.loc	5 1225 45                       @ ../Drivers/STM32H7xx_HAL_Driver/Src/stm32h7xx_hal_rcc.c:1225:45
	ldrb	r2, [r2, r3]
	.loc	5 1219 51                       @ ../Drivers/STM32H7xx_HAL_Driver/Src/stm32h7xx_hal_rcc.c:1219:51
	lsr.w	r1, r0, r1
.Ltmp409:
	@DEBUG_VALUE: HAL_RCC_ClockConfig:common_system_clock <- $r1
	.loc	5 1225 119                      @ ../Drivers/STM32H7xx_HAL_Driver/Src/stm32h7xx_hal_rcc.c:1225:119
	and	r0, r2, #31
	.loc	5 1225 17 is_stmt 0             @ ../Drivers/STM32H7xx_HAL_Driver/Src/stm32h7xx_hal_rcc.c:1225:17
	movw	r2, :lower16:SystemD2Clock
	movt	r2, :upper16:SystemD2Clock
	.loc	5 1225 40                       @ ../Drivers/STM32H7xx_HAL_Driver/Src/stm32h7xx_hal_rcc.c:1225:40
	lsr.w	r0, r1, r0
	.loc	5 1225 17                       @ ../Drivers/STM32H7xx_HAL_Driver/Src/stm32h7xx_hal_rcc.c:1225:17
	str	r0, [r2]
	.loc	5 1237 28 is_stmt 1             @ ../Drivers/STM32H7xx_HAL_Driver/Src/stm32h7xx_hal_rcc.c:1237:28
	movw	r0, :lower16:uwTickPrio
	.loc	5 1233 19                       @ ../Drivers/STM32H7xx_HAL_Driver/Src/stm32h7xx_hal_rcc.c:1233:19
	movw	r2, :lower16:SystemCoreClock
	.loc	5 1237 28                       @ ../Drivers/STM32H7xx_HAL_Driver/Src/stm32h7xx_hal_rcc.c:1237:28
	movt	r0, :upper16:uwTickPrio
	.loc	5 1233 19                       @ ../Drivers/STM32H7xx_HAL_Driver/Src/stm32h7xx_hal_rcc.c:1233:19
	movt	r2, :upper16:SystemCoreClock
	.loc	5 1237 28                       @ ../Drivers/STM32H7xx_HAL_Driver/Src/stm32h7xx_hal_rcc.c:1237:28
	ldr	r0, [r0]
	.loc	5 1233 19                       @ ../Drivers/STM32H7xx_HAL_Driver/Src/stm32h7xx_hal_rcc.c:1233:19
	str	r1, [r2]
	.loc	5 1237 15 epilogue_begin        @ ../Drivers/STM32H7xx_HAL_Driver/Src/stm32h7xx_hal_rcc.c:1237:15
	add	sp, #4
	pop.w	{r4, r5, r6, r7, r8, r9, lr}
.Ltmp410:
	@DEBUG_VALUE: HAL_RCC_ClockConfig:RCC_ClkInitStruct <- [DW_OP_LLVM_entry_value 1] $r0
	b	HAL_InitTick
.Ltmp411:
	.loc	5 0 15 is_stmt 0                @ :0:15
.Ltmp412:
	.p2align	2
.LBB2_49:
	movs	r0, #1
	.loc	5 1240 1 epilogue_begin is_stmt 1 @ ../Drivers/STM32H7xx_HAL_Driver/Src/stm32h7xx_hal_rcc.c:1240:1
	add	sp, #4
	pop.w	{r4, r5, r6, r7, r8, r9, pc}
.Ltmp413:
.Lfunc_end2:
	.size	HAL_RCC_ClockConfig, .Lfunc_end2-HAL_RCC_ClockConfig
	.cfi_endproc
	.file	6 "D:\\EV\\testadc\\MDK-ARM" "../Drivers/STM32H7xx_HAL_Driver/Inc\\stm32h7xx_hal.h"
	.cantunwind
	.fnend
                                        @ -- End function
	.section	.text.HAL_RCC_GetSysClockFreq,"ax",%progbits
	.hidden	HAL_RCC_GetSysClockFreq         @ -- Begin function HAL_RCC_GetSysClockFreq
	.globl	HAL_RCC_GetSysClockFreq
	.p2align	3
	.type	HAL_RCC_GetSysClockFreq,%function
	.code	16                              @ @HAL_RCC_GetSysClockFreq
	.thumb_func
HAL_RCC_GetSysClockFreq:
.Lfunc_begin3:
	.loc	5 1389 0                        @ ../Drivers/STM32H7xx_HAL_Driver/Src/stm32h7xx_hal_rcc.c:1389:0
	.fnstart
	.cfi_startproc
@ %bb.0:
	movw	r1, #17408
	movt	r1, #22530
.Ltmp414:
	.loc	5 1396 16 prologue_end          @ ../Drivers/STM32H7xx_HAL_Driver/Src/stm32h7xx_hal_rcc.c:1396:16
	ldr	r0, [r1, #16]
	.loc	5 1396 3 is_stmt 0              @ ../Drivers/STM32H7xx_HAL_Driver/Src/stm32h7xx_hal_rcc.c:1396:3
	ubfx	r0, r0, #3, #3
	cmp	r0, #3
	beq	.LBB3_6
@ %bb.1:
	cmp	r0, #2
	beq	.LBB3_5
@ %bb.2:
	cmp	r0, #0
	bne	.LBB3_11
@ %bb.3:
.Ltmp415:
	.loc	5 1400 11 is_stmt 1             @ ../Drivers/STM32H7xx_HAL_Driver/Src/stm32h7xx_hal_rcc.c:1400:11
	ldr	r0, [r1]
.Ltmp416:
	.loc	5 1400 11 is_stmt 0             @ ../Drivers/STM32H7xx_HAL_Driver/Src/stm32h7xx_hal_rcc.c:1400:11
	lsls	r0, r0, #26
	movw	r0, #36864
	movt	r0, #976
.Ltmp417:
	@DEBUG_VALUE: HAL_RCC_GetSysClockFreq:sysclockfreq <- $r0
	.loc	5 1472 3 is_stmt 1              @ ../Drivers/STM32H7xx_HAL_Driver/Src/stm32h7xx_hal_rcc.c:1472:3
	it	pl
	bxpl	lr
.Ltmp418:
.LBB3_4:
	@DEBUG_VALUE: HAL_RCC_GetSysClockFreq:sysclockfreq <- $r0
	.loc	5 1402 49                       @ ../Drivers/STM32H7xx_HAL_Driver/Src/stm32h7xx_hal_rcc.c:1402:49
	ldr	r1, [r1]
	.loc	5 1402 77 is_stmt 0             @ ../Drivers/STM32H7xx_HAL_Driver/Src/stm32h7xx_hal_rcc.c:1402:77
	ubfx	r1, r1, #3, #2
	.loc	5 1402 45                       @ ../Drivers/STM32H7xx_HAL_Driver/Src/stm32h7xx_hal_rcc.c:1402:45
	lsrs	r0, r1
.Ltmp419:
	@DEBUG_VALUE: HAL_RCC_GetSysClockFreq:sysclockfreq <- $r0
	@DEBUG_VALUE: HAL_RCC_GetSysClockFreq:sysclockfreq <- $r0
	.loc	5 1472 3 is_stmt 1              @ ../Drivers/STM32H7xx_HAL_Driver/Src/stm32h7xx_hal_rcc.c:1472:3
	bx	lr
.Ltmp420:
	.loc	5 0 3 is_stmt 0                 @ :0:3
.Ltmp421:
	.p2align	2
.LBB3_5:
	movw	r0, #30784
	movt	r0, #381
.Ltmp422:
	@DEBUG_VALUE: HAL_RCC_GetSysClockFreq:sysclockfreq <- 25000000
	@DEBUG_VALUE: HAL_RCC_GetSysClockFreq:sysclockfreq <- $r0
	.loc	5 1472 3                        @ ../Drivers/STM32H7xx_HAL_Driver/Src/stm32h7xx_hal_rcc.c:1472:3
	bx	lr
.Ltmp423:
	.loc	5 0 3                           @ :0:3
.Ltmp424:
	.p2align	2
.LBB3_6:
	.loc	5 1424 25 is_stmt 1             @ ../Drivers/STM32H7xx_HAL_Driver/Src/stm32h7xx_hal_rcc.c:1424:25
	ldr	r3, [r1, #40]
.Ltmp425:
	@DEBUG_VALUE: HAL_RCC_GetSysClockFreq:pllsource <- [DW_OP_constu 3, DW_OP_and, DW_OP_stack_value] $r3
	.loc	5 1425 21                       @ ../Drivers/STM32H7xx_HAL_Driver/Src/stm32h7xx_hal_rcc.c:1425:21
	ldr	r0, [r1, #40]
	.loc	5 1426 27                       @ ../Drivers/STM32H7xx_HAL_Driver/Src/stm32h7xx_hal_rcc.c:1426:27
	ldr.w	r12, [r1, #44]
.Ltmp426:
	@DEBUG_VALUE: HAL_RCC_GetSysClockFreq:pllfracen <- [DW_OP_constu 1, DW_OP_and, DW_OP_stack_value] $r12
	.loc	5 1427 55                       @ ../Drivers/STM32H7xx_HAL_Driver/Src/stm32h7xx_hal_rcc.c:1427:55
	ldr	r2, [r1, #52]
.Ltmp427:
	@DEBUG_VALUE: HAL_RCC_GetSysClockFreq:fracn1 <- undef
	.loc	5 1425 54                       @ ../Drivers/STM32H7xx_HAL_Driver/Src/stm32h7xx_hal_rcc.c:1425:54
	ubfx	r0, r0, #4, #6
.Ltmp428:
	@DEBUG_VALUE: HAL_RCC_GetSysClockFreq:pllm <- $r0
	.loc	5 1429 11                       @ ../Drivers/STM32H7xx_HAL_Driver/Src/stm32h7xx_hal_rcc.c:1429:11
	cbz	r0, .LBB3_12
.Ltmp429:
@ %bb.7:
	@DEBUG_VALUE: HAL_RCC_GetSysClockFreq:pllm <- $r0
	@DEBUG_VALUE: HAL_RCC_GetSysClockFreq:pllfracen <- [DW_OP_constu 1, DW_OP_and, DW_OP_stack_value] $r12
	@DEBUG_VALUE: HAL_RCC_GetSysClockFreq:pllsource <- [DW_OP_constu 3, DW_OP_and, DW_OP_stack_value] $r3
	.loc	5 0 11 is_stmt 0                @ ../Drivers/STM32H7xx_HAL_Driver/Src/stm32h7xx_hal_rcc.c:0:11
	ubfx	r2, r2, #3, #13
	.loc	5 1424 35 is_stmt 1             @ ../Drivers/STM32H7xx_HAL_Driver/Src/stm32h7xx_hal_rcc.c:1424:35
	and	r3, r3, #3
.Ltmp430:
	@DEBUG_VALUE: HAL_RCC_GetSysClockFreq:pllsource <- $r3
	.loc	5 0 35 is_stmt 0                @ ../Drivers/STM32H7xx_HAL_Driver/Src/stm32h7xx_hal_rcc.c:0:35
	vmov	s0, r2
	vldr	s2, .LCPI3_0
	vcvt.f32.u32	s0, s0
	vmul.f32	s0, s0, s2
	vldr	s2, .LCPI3_1
.Ltmp431:
	.loc	5 1431 9 is_stmt 1              @ ../Drivers/STM32H7xx_HAL_Driver/Src/stm32h7xx_hal_rcc.c:1431:9
.LCPI3_5:
	tbb	[pc, r3]
.Ltmp432:
@ %bb.8:
	.loc	5 0 9 is_stmt 0                 @ ../Drivers/STM32H7xx_HAL_Driver/Src/stm32h7xx_hal_rcc.c:0:9
.LJTI3_0:
	.byte	(.LBB3_9-(.LCPI3_5+4))/2
	.byte	(.LBB3_15-(.LCPI3_5+4))/2
	.byte	(.LBB3_13-(.LCPI3_5+4))/2
	.byte	(.LBB3_15-(.LCPI3_5+4))/2
	.p2align	1
	.p2align	2
.LBB3_9:
.Ltmp433:
	@DEBUG_VALUE: HAL_RCC_GetSysClockFreq:pllsource <- $r3
	@DEBUG_VALUE: HAL_RCC_GetSysClockFreq:pllm <- $r0
	@DEBUG_VALUE: HAL_RCC_GetSysClockFreq:pllfracen <- [DW_OP_constu 1, DW_OP_and, DW_OP_stack_value] $r12
	.loc	5 1435 17 is_stmt 1             @ ../Drivers/STM32H7xx_HAL_Driver/Src/stm32h7xx_hal_rcc.c:1435:17
	ldr	r2, [r1]
.Ltmp434:
	.loc	5 1435 17 is_stmt 0             @ ../Drivers/STM32H7xx_HAL_Driver/Src/stm32h7xx_hal_rcc.c:1435:17
	lsls	r2, r2, #26
	bmi	.LBB3_14
.Ltmp435:
@ %bb.10:
	@DEBUG_VALUE: HAL_RCC_GetSysClockFreq:pllsource <- $r3
	@DEBUG_VALUE: HAL_RCC_GetSysClockFreq:pllm <- $r0
	@DEBUG_VALUE: HAL_RCC_GetSysClockFreq:pllfracen <- [DW_OP_constu 1, DW_OP_and, DW_OP_stack_value] $r12
	.loc	5 0 17                          @ ../Drivers/STM32H7xx_HAL_Driver/Src/stm32h7xx_hal_rcc.c:0:17
	vldr	s2, .LCPI3_3
	.loc	5 1435 17                       @ ../Drivers/STM32H7xx_HAL_Driver/Src/stm32h7xx_hal_rcc.c:1435:17
	b	.LBB3_15
.Ltmp436:
	.loc	5 0 17                          @ :0:17
.Ltmp437:
	.p2align	2
.LBB3_11:
	movw	r0, #2304
	movt	r0, #61
.Ltmp438:
	@DEBUG_VALUE: HAL_RCC_GetSysClockFreq:sysclockfreq <- $r0
	.loc	5 1472 3 is_stmt 1              @ ../Drivers/STM32H7xx_HAL_Driver/Src/stm32h7xx_hal_rcc.c:1472:3
	bx	lr
.Ltmp439:
	.loc	5 0 3 is_stmt 0                 @ :0:3
.Ltmp440:
	.p2align	2
.LBB3_12:
	@DEBUG_VALUE: HAL_RCC_GetSysClockFreq:pllm <- $r0
	@DEBUG_VALUE: HAL_RCC_GetSysClockFreq:pllfracen <- [DW_OP_constu 1, DW_OP_and, DW_OP_stack_value] $r12
	@DEBUG_VALUE: HAL_RCC_GetSysClockFreq:pllsource <- [DW_OP_constu 3, DW_OP_and, DW_OP_stack_value] $r3
	movs	r0, #0
.Ltmp441:
	@DEBUG_VALUE: HAL_RCC_GetSysClockFreq:sysclockfreq <- $r0
	.loc	5 1472 3                        @ ../Drivers/STM32H7xx_HAL_Driver/Src/stm32h7xx_hal_rcc.c:1472:3
	bx	lr
.Ltmp442:
	.loc	5 0 3                           @ :0:3
.Ltmp443:
	.p2align	2
.LBB3_13:
	@DEBUG_VALUE: HAL_RCC_GetSysClockFreq:pllsource <- $r3
	@DEBUG_VALUE: HAL_RCC_GetSysClockFreq:pllm <- $r0
	@DEBUG_VALUE: HAL_RCC_GetSysClockFreq:pllfracen <- [DW_OP_constu 1, DW_OP_and, DW_OP_stack_value] $r12
	vldr	s2, .LCPI3_2
	b	.LBB3_15
.Ltmp444:
	.p2align	2
.LBB3_14:
	@DEBUG_VALUE: HAL_RCC_GetSysClockFreq:pllsource <- $r3
	@DEBUG_VALUE: HAL_RCC_GetSysClockFreq:pllm <- $r0
	@DEBUG_VALUE: HAL_RCC_GetSysClockFreq:pllfracen <- [DW_OP_constu 1, DW_OP_and, DW_OP_stack_value] $r12
	.loc	5 1437 41 is_stmt 1             @ ../Drivers/STM32H7xx_HAL_Driver/Src/stm32h7xx_hal_rcc.c:1437:41
	ldr	r2, [r1]
	movw	r3, #36864
.Ltmp445:
	.loc	5 0 41 is_stmt 0                @ ../Drivers/STM32H7xx_HAL_Driver/Src/stm32h7xx_hal_rcc.c:0:41
	movt	r3, #976
	.loc	5 1437 69                       @ ../Drivers/STM32H7xx_HAL_Driver/Src/stm32h7xx_hal_rcc.c:1437:69
	ubfx	r2, r2, #3, #2
	.loc	5 1437 37                       @ ../Drivers/STM32H7xx_HAL_Driver/Src/stm32h7xx_hal_rcc.c:1437:37
	lsr.w	r2, r3, r2
.Ltmp446:
	@DEBUG_VALUE: HAL_RCC_GetSysClockFreq:hsivalue <- $r2
	.loc	5 1438 25 is_stmt 1             @ ../Drivers/STM32H7xx_HAL_Driver/Src/stm32h7xx_hal_rcc.c:1438:25
	vmov	s2, r2
.Ltmp447:
	@DEBUG_VALUE: HAL_RCC_GetSysClockFreq:hsivalue <- $s2
	vcvt.f32.u32	s2, s2
.Ltmp448:
.LBB3_15:
	@DEBUG_VALUE: HAL_RCC_GetSysClockFreq:pllm <- $r0
	@DEBUG_VALUE: HAL_RCC_GetSysClockFreq:pllfracen <- [DW_OP_constu 1, DW_OP_and, DW_OP_stack_value] $r12
	.loc	5 0 0 is_stmt 0                 @ ../Drivers/STM32H7xx_HAL_Driver/Src/stm32h7xx_hal_rcc.c:0:0
	ldr	r2, [r1, #48]
	vldr	s6, .LCPI3_4
	bfc	r2, #9, #23
	vmov	s4, r2
	lsls.w	r2, r12, #31
	vseleq.f32	s0, s6, s0
	vmov	s6, r0
.Ltmp449:
	.loc	5 1458 24 is_stmt 1             @ ../Drivers/STM32H7xx_HAL_Driver/Src/stm32h7xx_hal_rcc.c:1458:24
	ldr	r0, [r1, #48]
.Ltmp450:
	.loc	5 0 0 is_stmt 0                 @ ../Drivers/STM32H7xx_HAL_Driver/Src/stm32h7xx_hal_rcc.c:0:0
	vcvt.f32.u32	s4, s4
.Ltmp451:
	.loc	5 1458 52                       @ ../Drivers/STM32H7xx_HAL_Driver/Src/stm32h7xx_hal_rcc.c:1458:52
	ubfx	r0, r0, #9, #7
.Ltmp452:
	.loc	5 0 0                           @ ../Drivers/STM32H7xx_HAL_Driver/Src/stm32h7xx_hal_rcc.c:0:0
	vcvt.f32.u32	s6, s6
.Ltmp453:
	.loc	5 1458 58                       @ ../Drivers/STM32H7xx_HAL_Driver/Src/stm32h7xx_hal_rcc.c:1458:58
	adds	r0, #1
.Ltmp454:
	@DEBUG_VALUE: HAL_RCC_GetSysClockFreq:pllp <- $r0
	.loc	5 0 0                           @ ../Drivers/STM32H7xx_HAL_Driver/Src/stm32h7xx_hal_rcc.c:0:0
	vadd.f32	s0, s0, s4
	vmov.f32	s4, #1.000000e+00
	vdiv.f32	s2, s2, s6
	vadd.f32	s0, s0, s4
	vmul.f32	s0, s2, s0
.Ltmp455:
	@DEBUG_VALUE: HAL_RCC_GetSysClockFreq:pllvco <- $s0
	.loc	5 1459 53 is_stmt 1             @ ../Drivers/STM32H7xx_HAL_Driver/Src/stm32h7xx_hal_rcc.c:1459:53
	vmov	s2, r0
.Ltmp456:
	@DEBUG_VALUE: HAL_RCC_GetSysClockFreq:pllp <- $s2
	vcvt.f32.u32	s2, s2
.Ltmp457:
	.loc	5 1459 51 is_stmt 0             @ ../Drivers/STM32H7xx_HAL_Driver/Src/stm32h7xx_hal_rcc.c:1459:51
	vdiv.f32	s0, s0, s2
.Ltmp458:
	.loc	5 1459 24                       @ ../Drivers/STM32H7xx_HAL_Driver/Src/stm32h7xx_hal_rcc.c:1459:24
	vcvt.u32.f32	s0, s0
	vmov	r0, s0
.Ltmp459:
	@DEBUG_VALUE: HAL_RCC_GetSysClockFreq:sysclockfreq <- $r0
	.loc	5 1472 3 is_stmt 1              @ ../Drivers/STM32H7xx_HAL_Driver/Src/stm32h7xx_hal_rcc.c:1472:3
	bx	lr
.Ltmp460:
	.loc	5 0 3 is_stmt 0                 @ :0:3
.Ltmp461:
	.p2align	2
@ %bb.16:
.LCPI3_0:
	.long	0x39000000                      @ float 1.22070313E-4
.LCPI3_1:
	.long	0x4a742400                      @ float 4.0E+6
.LCPI3_2:
	.long	0x4bbebc20                      @ float 2.5E+7
.LCPI3_3:
	.long	0x4c742400                      @ float 6.4E+7
.LCPI3_4:
	.long	0x00000000                      @ float 0
.Lfunc_end3:
	.size	HAL_RCC_GetSysClockFreq, .Lfunc_end3-HAL_RCC_GetSysClockFreq
	.cfi_endproc
	.cantunwind
	.fnend
                                        @ -- End function
	.section	.text.HAL_RCC_MCOConfig,"ax",%progbits
	.hidden	HAL_RCC_MCOConfig               @ -- Begin function HAL_RCC_MCOConfig
	.globl	HAL_RCC_MCOConfig
	.p2align	3
	.type	HAL_RCC_MCOConfig,%function
	.code	16                              @ @HAL_RCC_MCOConfig
	.thumb_func
HAL_RCC_MCOConfig:
.Lfunc_begin4:
	.loc	5 1287 0 is_stmt 1              @ ../Drivers/STM32H7xx_HAL_Driver/Src/stm32h7xx_hal_rcc.c:1287:0
	.fnstart
	.cfi_startproc
@ %bb.0:
	@DEBUG_VALUE: HAL_RCC_MCOConfig:RCC_MCOx <- $r0
	@DEBUG_VALUE: HAL_RCC_MCOConfig:RCC_MCOSource <- $r1
	@DEBUG_VALUE: HAL_RCC_MCOConfig:RCC_MCODiv <- $r2
	.save	{r4, r5, r6, lr}
	push	{r4, r5, r6, lr}
	.cfi_def_cfa_offset 16
	.cfi_offset lr, -4
	.cfi_offset r6, -8
	.cfi_offset r5, -12
	.cfi_offset r4, -16
	.pad	#24
	sub	sp, #24
	.cfi_def_cfa_offset 40
.Ltmp462:
	.loc	5 1293 7 prologue_end           @ ../Drivers/STM32H7xx_HAL_Driver/Src/stm32h7xx_hal_rcc.c:1293:7
	cmp	r0, #0
	movw	r6, #17632
	movw	r0, #0
.Ltmp463:
	@DEBUG_VALUE: HAL_RCC_MCOConfig:RCC_MCOx <- [DW_OP_LLVM_entry_value 1] $r0
	.loc	5 0 7 is_stmt 0                 @ ../Drivers/STM32H7xx_HAL_Driver/Src/stm32h7xx_hal_rcc.c:0:7
	mov	r4, r2
.Ltmp464:
	@DEBUG_VALUE: HAL_RCC_MCOConfig:RCC_MCODiv <- $r4
	@DEBUG_VALUE: HAL_RCC_MCOConfig:RCC_MCODiv <- $r4
	mov	r5, r1
.Ltmp465:
	@DEBUG_VALUE: HAL_RCC_MCOConfig:RCC_MCOSource <- $r5
	@DEBUG_VALUE: HAL_RCC_MCOConfig:RCC_MCOSource <- $r5
	movt	r6, #22530
	movt	r0, #22530
	.loc	5 1293 7                        @ ../Drivers/STM32H7xx_HAL_Driver/Src/stm32h7xx_hal_rcc.c:1293:7
	beq	.LBB4_2
.Ltmp466:
@ %bb.1:
	@DEBUG_VALUE: HAL_RCC_MCOConfig:RCC_MCOSource <- $r5
	@DEBUG_VALUE: HAL_RCC_MCOConfig:RCC_MCODiv <- $r4
	@DEBUG_VALUE: HAL_RCC_MCOConfig:RCC_MCOx <- [DW_OP_LLVM_entry_value 1] $r0
	.loc	5 1316 5 is_stmt 1              @ ../Drivers/STM32H7xx_HAL_Driver/Src/stm32h7xx_hal_rcc.c:1316:5
	ldr	r1, [r6]
.Ltmp467:
	.loc	5 1324 5                        @ ../Drivers/STM32H7xx_HAL_Driver/Src/stm32h7xx_hal_rcc.c:1324:5
	add.w	r0, r0, #2048
.Ltmp468:
	.loc	5 1316 5                        @ ../Drivers/STM32H7xx_HAL_Driver/Src/stm32h7xx_hal_rcc.c:1316:5
	orr	r1, r1, #4
	str	r1, [r6]
	ldr	r1, [r6]
	and	r1, r1, #4
	str	r1, [sp, #4]
	ldr	r1, [sp, #4]
	mov.w	r1, #512
.Ltmp469:
	.loc	5 1319 25                       @ ../Drivers/STM32H7xx_HAL_Driver/Src/stm32h7xx_hal_rcc.c:1319:25
	str	r1, [sp, #4]
	movs	r1, #2
	.loc	5 1320 26                       @ ../Drivers/STM32H7xx_HAL_Driver/Src/stm32h7xx_hal_rcc.c:1320:26
	str	r1, [sp, #8]
	movs	r1, #3
	.loc	5 1321 27                       @ ../Drivers/STM32H7xx_HAL_Driver/Src/stm32h7xx_hal_rcc.c:1321:27
	str	r1, [sp, #16]
	movs	r1, #0
	.loc	5 1322 26                       @ ../Drivers/STM32H7xx_HAL_Driver/Src/stm32h7xx_hal_rcc.c:1322:26
	str	r1, [sp, #12]
	.loc	5 1323 31                       @ ../Drivers/STM32H7xx_HAL_Driver/Src/stm32h7xx_hal_rcc.c:1323:31
	str	r1, [sp, #20]
	add	r1, sp, #4
	.loc	5 1324 5                        @ ../Drivers/STM32H7xx_HAL_Driver/Src/stm32h7xx_hal_rcc.c:1324:5
	bl	HAL_GPIO_Init
.Ltmp470:
	.loc	5 1327 5                        @ ../Drivers/STM32H7xx_HAL_Driver/Src/stm32h7xx_hal_rcc.c:1327:5
	ldr	r0, [r6, #-208]
	bic	r0, r0, #-33554432
	orr.w	r0, r0, r4, lsl #7
	orrs	r0, r5
.Ltmp471:
	.loc	5 0 0 is_stmt 0                 @ ../Drivers/STM32H7xx_HAL_Driver/Src/stm32h7xx_hal_rcc.c:0:0
	str	r0, [r6, #-208]
.Ltmp472:
	.loc	5 1329 1 epilogue_begin is_stmt 1 @ ../Drivers/STM32H7xx_HAL_Driver/Src/stm32h7xx_hal_rcc.c:1329:1
	add	sp, #24
	pop	{r4, r5, r6, pc}
.Ltmp473:
	.loc	5 0 1 is_stmt 0                 @ :0:1
.Ltmp474:
	.p2align	2
.LBB4_2:
	@DEBUG_VALUE: HAL_RCC_MCOConfig:RCC_MCOSource <- $r5
	@DEBUG_VALUE: HAL_RCC_MCOConfig:RCC_MCODiv <- $r4
	@DEBUG_VALUE: HAL_RCC_MCOConfig:RCC_MCOx <- [DW_OP_LLVM_entry_value 1] $r0
	.loc	5 1298 5 is_stmt 1              @ ../Drivers/STM32H7xx_HAL_Driver/Src/stm32h7xx_hal_rcc.c:1298:5
	ldr	r1, [r6]
	orr	r1, r1, #1
	str	r1, [r6]
	ldr	r1, [r6]
	and	r1, r1, #1
	str	r1, [sp, #4]
	ldr	r1, [sp, #4]
	mov.w	r1, #256
.Ltmp475:
	.loc	5 1301 25                       @ ../Drivers/STM32H7xx_HAL_Driver/Src/stm32h7xx_hal_rcc.c:1301:25
	str	r1, [sp, #4]
	movs	r1, #2
	.loc	5 1302 26                       @ ../Drivers/STM32H7xx_HAL_Driver/Src/stm32h7xx_hal_rcc.c:1302:26
	str	r1, [sp, #8]
	movs	r1, #3
	.loc	5 1303 27                       @ ../Drivers/STM32H7xx_HAL_Driver/Src/stm32h7xx_hal_rcc.c:1303:27
	str	r1, [sp, #16]
	movs	r1, #0
	.loc	5 1304 26                       @ ../Drivers/STM32H7xx_HAL_Driver/Src/stm32h7xx_hal_rcc.c:1304:26
	str	r1, [sp, #12]
	.loc	5 1305 31                       @ ../Drivers/STM32H7xx_HAL_Driver/Src/stm32h7xx_hal_rcc.c:1305:31
	str	r1, [sp, #20]
	add	r1, sp, #4
	.loc	5 1306 5                        @ ../Drivers/STM32H7xx_HAL_Driver/Src/stm32h7xx_hal_rcc.c:1306:5
	bl	HAL_GPIO_Init
.Ltmp476:
	.loc	5 1309 5                        @ ../Drivers/STM32H7xx_HAL_Driver/Src/stm32h7xx_hal_rcc.c:1309:5
	ldr	r0, [r6, #-208]
	bic	r0, r0, #33292288
	orrs	r0, r5
	orrs	r0, r4
.Ltmp477:
	.loc	5 0 0 is_stmt 0                 @ ../Drivers/STM32H7xx_HAL_Driver/Src/stm32h7xx_hal_rcc.c:0:0
	str	r0, [r6, #-208]
.Ltmp478:
	.loc	5 1329 1 epilogue_begin is_stmt 1 @ ../Drivers/STM32H7xx_HAL_Driver/Src/stm32h7xx_hal_rcc.c:1329:1
	add	sp, #24
	pop	{r4, r5, r6, pc}
.Ltmp479:
.Lfunc_end4:
	.size	HAL_RCC_MCOConfig, .Lfunc_end4-HAL_RCC_MCOConfig
	.cfi_endproc
	.cantunwind
	.fnend
                                        @ -- End function
	.section	.text.HAL_RCC_EnableCSS,"ax",%progbits
	.hidden	HAL_RCC_EnableCSS               @ -- Begin function HAL_RCC_EnableCSS
	.globl	HAL_RCC_EnableCSS
	.p2align	3
	.type	HAL_RCC_EnableCSS,%function
	.code	16                              @ @HAL_RCC_EnableCSS
	.thumb_func
HAL_RCC_EnableCSS:
.Lfunc_begin5:
	.loc	5 1341 0                        @ ../Drivers/STM32H7xx_HAL_Driver/Src/stm32h7xx_hal_rcc.c:1341:0
	.fnstart
	.cfi_startproc
@ %bb.0:
	movw	r0, #17408
	movt	r0, #22530
.Ltmp480:
	.loc	5 1342 3 prologue_end           @ ../Drivers/STM32H7xx_HAL_Driver/Src/stm32h7xx_hal_rcc.c:1342:3
	ldr	r1, [r0]
	orr	r1, r1, #524288
	str	r1, [r0]
	.loc	5 1343 1                        @ ../Drivers/STM32H7xx_HAL_Driver/Src/stm32h7xx_hal_rcc.c:1343:1
	bx	lr
.Ltmp481:
.Lfunc_end5:
	.size	HAL_RCC_EnableCSS, .Lfunc_end5-HAL_RCC_EnableCSS
	.cfi_endproc
	.cantunwind
	.fnend
                                        @ -- End function
	.section	.text.HAL_RCC_DisableCSS,"ax",%progbits
	.hidden	HAL_RCC_DisableCSS              @ -- Begin function HAL_RCC_DisableCSS
	.globl	HAL_RCC_DisableCSS
	.p2align	3
	.type	HAL_RCC_DisableCSS,%function
	.code	16                              @ @HAL_RCC_DisableCSS
	.thumb_func
HAL_RCC_DisableCSS:
.Lfunc_begin6:
	.loc	5 1350 0                        @ ../Drivers/STM32H7xx_HAL_Driver/Src/stm32h7xx_hal_rcc.c:1350:0
	.fnstart
	.cfi_startproc
@ %bb.0:
	movw	r0, #17408
	movt	r0, #22530
.Ltmp482:
	.loc	5 1351 3 prologue_end           @ ../Drivers/STM32H7xx_HAL_Driver/Src/stm32h7xx_hal_rcc.c:1351:3
	ldr	r1, [r0]
	bic	r1, r1, #524288
	str	r1, [r0]
	.loc	5 1352 1                        @ ../Drivers/STM32H7xx_HAL_Driver/Src/stm32h7xx_hal_rcc.c:1352:1
	bx	lr
.Ltmp483:
.Lfunc_end6:
	.size	HAL_RCC_DisableCSS, .Lfunc_end6-HAL_RCC_DisableCSS
	.cfi_endproc
	.cantunwind
	.fnend
                                        @ -- End function
	.section	.text.HAL_RCC_GetHCLKFreq,"ax",%progbits
	.hidden	HAL_RCC_GetHCLKFreq             @ -- Begin function HAL_RCC_GetHCLKFreq
	.globl	HAL_RCC_GetHCLKFreq
	.p2align	3
	.type	HAL_RCC_GetHCLKFreq,%function
	.code	16                              @ @HAL_RCC_GetHCLKFreq
	.thumb_func
HAL_RCC_GetHCLKFreq:
.Lfunc_begin7:
	.loc	5 1486 0                        @ ../Drivers/STM32H7xx_HAL_Driver/Src/stm32h7xx_hal_rcc.c:1486:0
	.fnstart
	.cfi_startproc
@ %bb.0:
	.save	{r7, lr}
	push	{r7, lr}
	.cfi_def_cfa_offset 8
	.cfi_offset lr, -4
	.cfi_offset r7, -8
.Ltmp484:
	.loc	5 1490 25 prologue_end          @ ../Drivers/STM32H7xx_HAL_Driver/Src/stm32h7xx_hal_rcc.c:1490:25
	bl	HAL_RCC_GetSysClockFreq
.Ltmp485:
	.loc	5 0 25 is_stmt 0                @ ../Drivers/STM32H7xx_HAL_Driver/Src/stm32h7xx_hal_rcc.c:0:25
	movw	r1, #17432
	.loc	5 1490 55                       @ ../Drivers/STM32H7xx_HAL_Driver/Src/stm32h7xx_hal_rcc.c:1490:55
	movw	r3, :lower16:D1CorePrescTable
	movt	r1, #22530
	movt	r3, :upper16:D1CorePrescTable
	.loc	5 1490 78                       @ ../Drivers/STM32H7xx_HAL_Driver/Src/stm32h7xx_hal_rcc.c:1490:78
	ldr	r2, [r1]
	.loc	5 1490 106                      @ ../Drivers/STM32H7xx_HAL_Driver/Src/stm32h7xx_hal_rcc.c:1490:106
	ubfx	r2, r2, #8, #4
	.loc	5 1490 55                       @ ../Drivers/STM32H7xx_HAL_Driver/Src/stm32h7xx_hal_rcc.c:1490:55
	ldrb	r2, [r3, r2]
	.loc	5 1496 68 is_stmt 1             @ ../Drivers/STM32H7xx_HAL_Driver/Src/stm32h7xx_hal_rcc.c:1496:68
	ldr	r1, [r1]
	.loc	5 1496 75 is_stmt 0             @ ../Drivers/STM32H7xx_HAL_Driver/Src/stm32h7xx_hal_rcc.c:1496:75
	and	r1, r1, #15
	.loc	5 1490 132 is_stmt 1            @ ../Drivers/STM32H7xx_HAL_Driver/Src/stm32h7xx_hal_rcc.c:1490:132
	and	r2, r2, #31
	.loc	5 1496 45                       @ ../Drivers/STM32H7xx_HAL_Driver/Src/stm32h7xx_hal_rcc.c:1496:45
	ldrb	r1, [r3, r1]
	.loc	5 1490 51                       @ ../Drivers/STM32H7xx_HAL_Driver/Src/stm32h7xx_hal_rcc.c:1490:51
	lsr.w	r2, r0, r2
.Ltmp486:
	@DEBUG_VALUE: HAL_RCC_GetHCLKFreq:common_system_clock <- $r2
	.loc	5 1496 119                      @ ../Drivers/STM32H7xx_HAL_Driver/Src/stm32h7xx_hal_rcc.c:1496:119
	and	r0, r1, #31
	.loc	5 1496 17 is_stmt 0             @ ../Drivers/STM32H7xx_HAL_Driver/Src/stm32h7xx_hal_rcc.c:1496:17
	movw	r1, :lower16:SystemD2Clock
	movt	r1, :upper16:SystemD2Clock
	.loc	5 1496 40                       @ ../Drivers/STM32H7xx_HAL_Driver/Src/stm32h7xx_hal_rcc.c:1496:40
	lsr.w	r0, r2, r0
	.loc	5 1496 17                       @ ../Drivers/STM32H7xx_HAL_Driver/Src/stm32h7xx_hal_rcc.c:1496:17
	str	r0, [r1]
	.loc	5 1504 19 is_stmt 1             @ ../Drivers/STM32H7xx_HAL_Driver/Src/stm32h7xx_hal_rcc.c:1504:19
	movw	r1, :lower16:SystemCoreClock
	movt	r1, :upper16:SystemCoreClock
	str	r2, [r1]
	.loc	5 1507 3 epilogue_begin         @ ../Drivers/STM32H7xx_HAL_Driver/Src/stm32h7xx_hal_rcc.c:1507:3
	pop	{r7, pc}
.Ltmp487:
.Lfunc_end7:
	.size	HAL_RCC_GetHCLKFreq, .Lfunc_end7-HAL_RCC_GetHCLKFreq
	.cfi_endproc
	.cantunwind
	.fnend
                                        @ -- End function
	.section	.text.HAL_RCC_GetPCLK1Freq,"ax",%progbits
	.hidden	HAL_RCC_GetPCLK1Freq            @ -- Begin function HAL_RCC_GetPCLK1Freq
	.globl	HAL_RCC_GetPCLK1Freq
	.p2align	3
	.type	HAL_RCC_GetPCLK1Freq,%function
	.code	16                              @ @HAL_RCC_GetPCLK1Freq
	.thumb_func
HAL_RCC_GetPCLK1Freq:
.Lfunc_begin8:
	.loc	5 1518 0                        @ ../Drivers/STM32H7xx_HAL_Driver/Src/stm32h7xx_hal_rcc.c:1518:0
	.fnstart
	.cfi_startproc
@ %bb.0:
	.save	{r7, lr}
	push	{r7, lr}
	.cfi_def_cfa_offset 8
	.cfi_offset lr, -4
	.cfi_offset r7, -8
.Ltmp488:
	.loc	5 1490 25 prologue_end          @ ../Drivers/STM32H7xx_HAL_Driver/Src/stm32h7xx_hal_rcc.c:1490:25
	bl	HAL_RCC_GetSysClockFreq
.Ltmp489:
	.loc	5 0 25 is_stmt 0                @ ../Drivers/STM32H7xx_HAL_Driver/Src/stm32h7xx_hal_rcc.c:0:25
	movw	r12, #17432
	.loc	5 1490 55                       @ ../Drivers/STM32H7xx_HAL_Driver/Src/stm32h7xx_hal_rcc.c:1490:55
	movw	r3, :lower16:D1CorePrescTable
	movt	r12, #22530
	movt	r3, :upper16:D1CorePrescTable
	.loc	5 1490 78                       @ ../Drivers/STM32H7xx_HAL_Driver/Src/stm32h7xx_hal_rcc.c:1490:78
	ldr.w	r2, [r12]
	.loc	5 1490 106                      @ ../Drivers/STM32H7xx_HAL_Driver/Src/stm32h7xx_hal_rcc.c:1490:106
	ubfx	r2, r2, #8, #4
	.loc	5 1490 55                       @ ../Drivers/STM32H7xx_HAL_Driver/Src/stm32h7xx_hal_rcc.c:1490:55
	ldrb	r2, [r3, r2]
	.loc	5 1496 68 is_stmt 1             @ ../Drivers/STM32H7xx_HAL_Driver/Src/stm32h7xx_hal_rcc.c:1496:68
	ldr.w	r1, [r12]
	.loc	5 1496 75 is_stmt 0             @ ../Drivers/STM32H7xx_HAL_Driver/Src/stm32h7xx_hal_rcc.c:1496:75
	and	r1, r1, #15
	.loc	5 1490 132 is_stmt 1            @ ../Drivers/STM32H7xx_HAL_Driver/Src/stm32h7xx_hal_rcc.c:1490:132
	and	r2, r2, #31
	.loc	5 1496 45                       @ ../Drivers/STM32H7xx_HAL_Driver/Src/stm32h7xx_hal_rcc.c:1496:45
	ldrb	r1, [r3, r1]
	.loc	5 1490 51                       @ ../Drivers/STM32H7xx_HAL_Driver/Src/stm32h7xx_hal_rcc.c:1490:51
	lsrs	r0, r2
.Ltmp490:
	@DEBUG_VALUE: HAL_RCC_GetHCLKFreq:common_system_clock <- $r0
	.loc	5 1496 17                       @ ../Drivers/STM32H7xx_HAL_Driver/Src/stm32h7xx_hal_rcc.c:1496:17
	movw	r2, :lower16:SystemD2Clock
	movt	r2, :upper16:SystemD2Clock
	.loc	5 1496 119 is_stmt 0            @ ../Drivers/STM32H7xx_HAL_Driver/Src/stm32h7xx_hal_rcc.c:1496:119
	and	r1, r1, #31
	.loc	5 1496 40                       @ ../Drivers/STM32H7xx_HAL_Driver/Src/stm32h7xx_hal_rcc.c:1496:40
	lsr.w	r1, r0, r1
	.loc	5 1496 17                       @ ../Drivers/STM32H7xx_HAL_Driver/Src/stm32h7xx_hal_rcc.c:1496:17
	str	r1, [r2]
	.loc	5 1504 19 is_stmt 1             @ ../Drivers/STM32H7xx_HAL_Driver/Src/stm32h7xx_hal_rcc.c:1504:19
	movw	r2, :lower16:SystemCoreClock
	movt	r2, :upper16:SystemCoreClock
	str	r0, [r2]
.Ltmp491:
	.loc	5 1521 61                       @ ../Drivers/STM32H7xx_HAL_Driver/Src/stm32h7xx_hal_rcc.c:1521:61
	ldr.w	r0, [r12, #4]
.Ltmp492:
	.loc	5 1521 90 is_stmt 0             @ ../Drivers/STM32H7xx_HAL_Driver/Src/stm32h7xx_hal_rcc.c:1521:90
	ubfx	r0, r0, #4, #3
	.loc	5 1521 38                       @ ../Drivers/STM32H7xx_HAL_Driver/Src/stm32h7xx_hal_rcc.c:1521:38
	ldrb	r0, [r3, r0]
	.loc	5 1521 118                      @ ../Drivers/STM32H7xx_HAL_Driver/Src/stm32h7xx_hal_rcc.c:1521:118
	and	r0, r0, #31
	.loc	5 1521 33                       @ ../Drivers/STM32H7xx_HAL_Driver/Src/stm32h7xx_hal_rcc.c:1521:33
	lsr.w	r0, r1, r0
	.loc	5 1521 3 epilogue_begin         @ ../Drivers/STM32H7xx_HAL_Driver/Src/stm32h7xx_hal_rcc.c:1521:3
	pop	{r7, pc}
.Ltmp493:
.Lfunc_end8:
	.size	HAL_RCC_GetPCLK1Freq, .Lfunc_end8-HAL_RCC_GetPCLK1Freq
	.cfi_endproc
	.cantunwind
	.fnend
                                        @ -- End function
	.section	.text.HAL_RCC_GetPCLK2Freq,"ax",%progbits
	.hidden	HAL_RCC_GetPCLK2Freq            @ -- Begin function HAL_RCC_GetPCLK2Freq
	.globl	HAL_RCC_GetPCLK2Freq
	.p2align	3
	.type	HAL_RCC_GetPCLK2Freq,%function
	.code	16                              @ @HAL_RCC_GetPCLK2Freq
	.thumb_func
HAL_RCC_GetPCLK2Freq:
.Lfunc_begin9:
	.loc	5 1536 0 is_stmt 1              @ ../Drivers/STM32H7xx_HAL_Driver/Src/stm32h7xx_hal_rcc.c:1536:0
	.fnstart
	.cfi_startproc
@ %bb.0:
	.save	{r7, lr}
	push	{r7, lr}
	.cfi_def_cfa_offset 8
	.cfi_offset lr, -4
	.cfi_offset r7, -8
.Ltmp494:
	.loc	5 1490 25 prologue_end          @ ../Drivers/STM32H7xx_HAL_Driver/Src/stm32h7xx_hal_rcc.c:1490:25
	bl	HAL_RCC_GetSysClockFreq
.Ltmp495:
	.loc	5 0 25 is_stmt 0                @ ../Drivers/STM32H7xx_HAL_Driver/Src/stm32h7xx_hal_rcc.c:0:25
	movw	r12, #17432
	.loc	5 1490 55                       @ ../Drivers/STM32H7xx_HAL_Driver/Src/stm32h7xx_hal_rcc.c:1490:55
	movw	r3, :lower16:D1CorePrescTable
	movt	r12, #22530
	movt	r3, :upper16:D1CorePrescTable
	.loc	5 1490 78                       @ ../Drivers/STM32H7xx_HAL_Driver/Src/stm32h7xx_hal_rcc.c:1490:78
	ldr.w	r2, [r12]
	.loc	5 1490 106                      @ ../Drivers/STM32H7xx_HAL_Driver/Src/stm32h7xx_hal_rcc.c:1490:106
	ubfx	r2, r2, #8, #4
	.loc	5 1490 55                       @ ../Drivers/STM32H7xx_HAL_Driver/Src/stm32h7xx_hal_rcc.c:1490:55
	ldrb	r2, [r3, r2]
	.loc	5 1496 68 is_stmt 1             @ ../Drivers/STM32H7xx_HAL_Driver/Src/stm32h7xx_hal_rcc.c:1496:68
	ldr.w	r1, [r12]
	.loc	5 1496 75 is_stmt 0             @ ../Drivers/STM32H7xx_HAL_Driver/Src/stm32h7xx_hal_rcc.c:1496:75
	and	r1, r1, #15
	.loc	5 1490 132 is_stmt 1            @ ../Drivers/STM32H7xx_HAL_Driver/Src/stm32h7xx_hal_rcc.c:1490:132
	and	r2, r2, #31
	.loc	5 1496 45                       @ ../Drivers/STM32H7xx_HAL_Driver/Src/stm32h7xx_hal_rcc.c:1496:45
	ldrb	r1, [r3, r1]
	.loc	5 1490 51                       @ ../Drivers/STM32H7xx_HAL_Driver/Src/stm32h7xx_hal_rcc.c:1490:51
	lsrs	r0, r2
.Ltmp496:
	@DEBUG_VALUE: HAL_RCC_GetHCLKFreq:common_system_clock <- $r0
	.loc	5 1496 17                       @ ../Drivers/STM32H7xx_HAL_Driver/Src/stm32h7xx_hal_rcc.c:1496:17
	movw	r2, :lower16:SystemD2Clock
	movt	r2, :upper16:SystemD2Clock
	.loc	5 1496 119 is_stmt 0            @ ../Drivers/STM32H7xx_HAL_Driver/Src/stm32h7xx_hal_rcc.c:1496:119
	and	r1, r1, #31
	.loc	5 1496 40                       @ ../Drivers/STM32H7xx_HAL_Driver/Src/stm32h7xx_hal_rcc.c:1496:40
	lsr.w	r1, r0, r1
	.loc	5 1496 17                       @ ../Drivers/STM32H7xx_HAL_Driver/Src/stm32h7xx_hal_rcc.c:1496:17
	str	r1, [r2]
	.loc	5 1504 19 is_stmt 1             @ ../Drivers/STM32H7xx_HAL_Driver/Src/stm32h7xx_hal_rcc.c:1504:19
	movw	r2, :lower16:SystemCoreClock
	movt	r2, :upper16:SystemCoreClock
	str	r0, [r2]
.Ltmp497:
	.loc	5 1539 61                       @ ../Drivers/STM32H7xx_HAL_Driver/Src/stm32h7xx_hal_rcc.c:1539:61
	ldr.w	r0, [r12, #4]
.Ltmp498:
	.loc	5 1539 90 is_stmt 0             @ ../Drivers/STM32H7xx_HAL_Driver/Src/stm32h7xx_hal_rcc.c:1539:90
	ubfx	r0, r0, #8, #3
	.loc	5 1539 38                       @ ../Drivers/STM32H7xx_HAL_Driver/Src/stm32h7xx_hal_rcc.c:1539:38
	ldrb	r0, [r3, r0]
	.loc	5 1539 118                      @ ../Drivers/STM32H7xx_HAL_Driver/Src/stm32h7xx_hal_rcc.c:1539:118
	and	r0, r0, #31
	.loc	5 1539 33                       @ ../Drivers/STM32H7xx_HAL_Driver/Src/stm32h7xx_hal_rcc.c:1539:33
	lsr.w	r0, r1, r0
	.loc	5 1539 3 epilogue_begin         @ ../Drivers/STM32H7xx_HAL_Driver/Src/stm32h7xx_hal_rcc.c:1539:3
	pop	{r7, pc}
.Ltmp499:
.Lfunc_end9:
	.size	HAL_RCC_GetPCLK2Freq, .Lfunc_end9-HAL_RCC_GetPCLK2Freq
	.cfi_endproc
	.cantunwind
	.fnend
                                        @ -- End function
	.section	.text.HAL_RCC_GetOscConfig,"ax",%progbits
	.hidden	HAL_RCC_GetOscConfig            @ -- Begin function HAL_RCC_GetOscConfig
	.globl	HAL_RCC_GetOscConfig
	.p2align	3
	.type	HAL_RCC_GetOscConfig,%function
	.code	16                              @ @HAL_RCC_GetOscConfig
	.thumb_func
HAL_RCC_GetOscConfig:
.Lfunc_begin10:
	.loc	5 1553 0 is_stmt 1              @ ../Drivers/STM32H7xx_HAL_Driver/Src/stm32h7xx_hal_rcc.c:1553:0
	.fnstart
	.cfi_startproc
@ %bb.0:
	@DEBUG_VALUE: HAL_RCC_GetOscConfig:RCC_OscInitStruct <- $r0
	.save	{r4, r5, r6, r7, lr}
	push	{r4, r5, r6, r7, lr}
	.cfi_def_cfa_offset 20
	.cfi_offset lr, -4
	.cfi_offset r7, -8
	.cfi_offset r6, -12
	.cfi_offset r5, -16
	.cfi_offset r4, -20
	.pad	#4
	sub	sp, #4
	.cfi_def_cfa_offset 24
	mov	r4, r0
.Ltmp500:
	@DEBUG_VALUE: HAL_RCC_GetOscConfig:RCC_OscInitStruct <- $r4
	@DEBUG_VALUE: HAL_RCC_GetOscConfig:RCC_OscInitStruct <- $r4
	movw	r5, #17408
	movt	r5, #22530
	movs	r0, #63
.Ltmp501:
	.loc	5 1555 37 prologue_end          @ ../Drivers/STM32H7xx_HAL_Driver/Src/stm32h7xx_hal_rcc.c:1555:37
	str	r0, [r4]
.Ltmp502:
	.loc	5 1577 13                       @ ../Drivers/STM32H7xx_HAL_Driver/Src/stm32h7xx_hal_rcc.c:1577:13
	ldr	r0, [r5]
.Ltmp503:
	.loc	5 1577 7 is_stmt 0              @ ../Drivers/STM32H7xx_HAL_Driver/Src/stm32h7xx_hal_rcc.c:1577:7
	lsls	r0, r0, #13
	bmi	.LBB10_3
.Ltmp504:
@ %bb.1:
	@DEBUG_VALUE: HAL_RCC_GetOscConfig:RCC_OscInitStruct <- $r4
	.loc	5 1581 18 is_stmt 1             @ ../Drivers/STM32H7xx_HAL_Driver/Src/stm32h7xx_hal_rcc.c:1581:18
	ldr	r0, [r5]
.Ltmp505:
	.loc	5 1581 12 is_stmt 0             @ ../Drivers/STM32H7xx_HAL_Driver/Src/stm32h7xx_hal_rcc.c:1581:12
	lsls	r0, r0, #15
	bmi	.LBB10_4
.Ltmp506:
@ %bb.2:
	@DEBUG_VALUE: HAL_RCC_GetOscConfig:RCC_OscInitStruct <- $r4
	.loc	5 0 12                          @ ../Drivers/STM32H7xx_HAL_Driver/Src/stm32h7xx_hal_rcc.c:0:12
	movs	r0, #0
	b	.LBB10_5
.Ltmp507:
	.p2align	2
.LBB10_3:
	@DEBUG_VALUE: HAL_RCC_GetOscConfig:RCC_OscInitStruct <- $r4
	mov.w	r0, #327680
.Ltmp508:
	.loc	5 1579 33 is_stmt 1             @ ../Drivers/STM32H7xx_HAL_Driver/Src/stm32h7xx_hal_rcc.c:1579:33
	b	.LBB10_5
.Ltmp509:
	.loc	5 0 33 is_stmt 0                @ :0:33
.Ltmp510:
	.p2align	2
.LBB10_4:
	@DEBUG_VALUE: HAL_RCC_GetOscConfig:RCC_OscInitStruct <- $r4
	mov.w	r0, #65536
.Ltmp511:
.LBB10_5:
	@DEBUG_VALUE: HAL_RCC_GetOscConfig:RCC_OscInitStruct <- $r4
	str	r0, [r4, #4]
.Ltmp512:
	.loc	5 1592 13 is_stmt 1             @ ../Drivers/STM32H7xx_HAL_Driver/Src/stm32h7xx_hal_rcc.c:1592:13
	ldr	r0, [r5]
	.loc	5 1592 16 is_stmt 0             @ ../Drivers/STM32H7xx_HAL_Driver/Src/stm32h7xx_hal_rcc.c:1592:16
	and	r0, r0, #128
	.loc	5 0 0                           @ ../Drivers/STM32H7xx_HAL_Driver/Src/stm32h7xx_hal_rcc.c:0:0
	str	r0, [r4, #28]
.Ltmp513:
	.loc	5 1602 7 is_stmt 1              @ ../Drivers/STM32H7xx_HAL_Driver/Src/stm32h7xx_hal_rcc.c:1602:7
	bl	HAL_GetREVID
.Ltmp514:
	.loc	5 0 7 is_stmt 0                 @ ../Drivers/STM32H7xx_HAL_Driver/Src/stm32h7xx_hal_rcc.c:0:7
	movw	r6, #4100
	movs	r1, #12
	cmp	r0, r6
	mov.w	r0, #24
	it	lo
	movlo	r1, #4
	it	lo
	movlo	r0, #26
	mov.w	r2, #63
	mov.w	r7, #24
	it	lo
	movlo	r2, #31
	ldr	r1, [r5, r1]
	lsr.w	r0, r1, r0
	ands	r0, r2
	str	r0, [r4, #32]
.Ltmp515:
	.loc	5 1615 13 is_stmt 1             @ ../Drivers/STM32H7xx_HAL_Driver/Src/stm32h7xx_hal_rcc.c:1615:13
	ldr	r0, [r5]
	.loc	5 1615 16 is_stmt 0             @ ../Drivers/STM32H7xx_HAL_Driver/Src/stm32h7xx_hal_rcc.c:1615:16
	and	r0, r0, #1
	.loc	5 0 0                           @ ../Drivers/STM32H7xx_HAL_Driver/Src/stm32h7xx_hal_rcc.c:0:0
	str	r0, [r4, #12]
.Ltmp516:
	.loc	5 1625 7 is_stmt 1              @ ../Drivers/STM32H7xx_HAL_Driver/Src/stm32h7xx_hal_rcc.c:1625:7
	bl	HAL_GetREVID
.Ltmp517:
	.loc	5 1625 7 is_stmt 0              @ ../Drivers/STM32H7xx_HAL_Driver/Src/stm32h7xx_hal_rcc.c:1625:7
	cmp	r0, r6
	mov.w	r0, #127
	it	lo
	movlo	r7, #12
	it	lo
	movlo	r0, #63
.Ltmp518:
	.loc	5 0 0                           @ ../Drivers/STM32H7xx_HAL_Driver/Src/stm32h7xx_hal_rcc.c:0:0
	ldr	r1, [r5, #4]
	lsrs	r1, r7
	ands	r0, r1
	str	r0, [r4, #16]
.Ltmp519:
	.loc	5 1656 13 is_stmt 1             @ ../Drivers/STM32H7xx_HAL_Driver/Src/stm32h7xx_hal_rcc.c:1656:13
	ldr	r0, [r5, #112]
.Ltmp520:
	.loc	5 1656 7 is_stmt 0              @ ../Drivers/STM32H7xx_HAL_Driver/Src/stm32h7xx_hal_rcc.c:1656:7
	lsls	r0, r0, #29
	bmi	.LBB10_8
.Ltmp521:
@ %bb.6:
	@DEBUG_VALUE: HAL_RCC_GetOscConfig:RCC_OscInitStruct <- $r4
	.loc	5 1660 18 is_stmt 1             @ ../Drivers/STM32H7xx_HAL_Driver/Src/stm32h7xx_hal_rcc.c:1660:18
	ldr	r0, [r5, #112]
.Ltmp522:
	.loc	5 1660 12 is_stmt 0             @ ../Drivers/STM32H7xx_HAL_Driver/Src/stm32h7xx_hal_rcc.c:1660:12
	lsls	r0, r0, #31
	bne	.LBB10_9
.Ltmp523:
@ %bb.7:
	@DEBUG_VALUE: HAL_RCC_GetOscConfig:RCC_OscInitStruct <- $r4
	.loc	5 0 12                          @ ../Drivers/STM32H7xx_HAL_Driver/Src/stm32h7xx_hal_rcc.c:0:12
	movs	r0, #0
	b	.LBB10_10
.Ltmp524:
	.p2align	2
.LBB10_8:
	@DEBUG_VALUE: HAL_RCC_GetOscConfig:RCC_OscInitStruct <- $r4
	movs	r0, #5
.Ltmp525:
	.loc	5 1658 33 is_stmt 1             @ ../Drivers/STM32H7xx_HAL_Driver/Src/stm32h7xx_hal_rcc.c:1658:33
	b	.LBB10_10
.Ltmp526:
	.loc	5 0 33 is_stmt 0                @ :0:33
.Ltmp527:
	.p2align	2
.LBB10_9:
	@DEBUG_VALUE: HAL_RCC_GetOscConfig:RCC_OscInitStruct <- $r4
	movs	r0, #1
.Ltmp528:
.LBB10_10:
	@DEBUG_VALUE: HAL_RCC_GetOscConfig:RCC_OscInitStruct <- $r4
	str	r0, [r4, #8]
.Ltmp529:
	.loc	5 1671 13 is_stmt 1             @ ../Drivers/STM32H7xx_HAL_Driver/Src/stm32h7xx_hal_rcc.c:1671:13
	ldr	r0, [r5, #116]
	.loc	5 1671 17 is_stmt 0             @ ../Drivers/STM32H7xx_HAL_Driver/Src/stm32h7xx_hal_rcc.c:1671:17
	and	r0, r0, #1
	.loc	5 0 0                           @ ../Drivers/STM32H7xx_HAL_Driver/Src/stm32h7xx_hal_rcc.c:0:0
	str	r0, [r4, #20]
.Ltmp530:
	.loc	5 1681 13 is_stmt 1             @ ../Drivers/STM32H7xx_HAL_Driver/Src/stm32h7xx_hal_rcc.c:1681:13
	ldr	r0, [r5]
.Ltmp531:
	.loc	5 1681 7 is_stmt 0              @ ../Drivers/STM32H7xx_HAL_Driver/Src/stm32h7xx_hal_rcc.c:1681:7
	ubfx	r0, r0, #12, #1
.Ltmp532:
	.loc	5 0 0                           @ ../Drivers/STM32H7xx_HAL_Driver/Src/stm32h7xx_hal_rcc.c:0:0
	str	r0, [r4, #24]
.Ltmp533:
	.loc	5 1691 13 is_stmt 1             @ ../Drivers/STM32H7xx_HAL_Driver/Src/stm32h7xx_hal_rcc.c:1691:13
	ldr	r0, [r5]
.Ltmp534:
	.loc	5 1691 7 is_stmt 0              @ ../Drivers/STM32H7xx_HAL_Driver/Src/stm32h7xx_hal_rcc.c:1691:7
	lsls	r0, r0, #7
	mov.w	r0, #2
	it	pl
	movpl	r0, #1
.Ltmp535:
	.loc	5 0 0                           @ ../Drivers/STM32H7xx_HAL_Driver/Src/stm32h7xx_hal_rcc.c:0:0
	str	r0, [r4, #36]
.Ltmp536:
	.loc	5 1699 54 is_stmt 1             @ ../Drivers/STM32H7xx_HAL_Driver/Src/stm32h7xx_hal_rcc.c:1699:54
	ldr	r0, [r5, #40]
	.loc	5 1699 64 is_stmt 0             @ ../Drivers/STM32H7xx_HAL_Driver/Src/stm32h7xx_hal_rcc.c:1699:64
	and	r0, r0, #3
	.loc	5 1699 36                       @ ../Drivers/STM32H7xx_HAL_Driver/Src/stm32h7xx_hal_rcc.c:1699:36
	str	r0, [r4, #40]
	.loc	5 1700 50 is_stmt 1             @ ../Drivers/STM32H7xx_HAL_Driver/Src/stm32h7xx_hal_rcc.c:1700:50
	ldr	r0, [r5, #40]
	.loc	5 1700 83 is_stmt 0             @ ../Drivers/STM32H7xx_HAL_Driver/Src/stm32h7xx_hal_rcc.c:1700:83
	ubfx	r0, r0, #4, #6
	.loc	5 1700 31                       @ ../Drivers/STM32H7xx_HAL_Driver/Src/stm32h7xx_hal_rcc.c:1700:31
	str	r0, [r4, #44]
	.loc	5 1701 50 is_stmt 1             @ ../Drivers/STM32H7xx_HAL_Driver/Src/stm32h7xx_hal_rcc.c:1701:50
	ldr	r0, [r5, #48]
	.loc	5 1701 59 is_stmt 0             @ ../Drivers/STM32H7xx_HAL_Driver/Src/stm32h7xx_hal_rcc.c:1701:59
	bfc	r0, #9, #23
	.loc	5 1701 102                      @ ../Drivers/STM32H7xx_HAL_Driver/Src/stm32h7xx_hal_rcc.c:1701:102
	adds	r0, #1
	.loc	5 1701 31                       @ ../Drivers/STM32H7xx_HAL_Driver/Src/stm32h7xx_hal_rcc.c:1701:31
	str	r0, [r4, #48]
	.loc	5 1702 50 is_stmt 1             @ ../Drivers/STM32H7xx_HAL_Driver/Src/stm32h7xx_hal_rcc.c:1702:50
	ldr	r0, [r5, #48]
	.loc	5 1702 78 is_stmt 0             @ ../Drivers/STM32H7xx_HAL_Driver/Src/stm32h7xx_hal_rcc.c:1702:78
	ubfx	r0, r0, #24, #7
	.loc	5 1702 102                      @ ../Drivers/STM32H7xx_HAL_Driver/Src/stm32h7xx_hal_rcc.c:1702:102
	adds	r0, #1
	.loc	5 1702 31                       @ ../Drivers/STM32H7xx_HAL_Driver/Src/stm32h7xx_hal_rcc.c:1702:31
	str	r0, [r4, #60]
	.loc	5 1703 50 is_stmt 1             @ ../Drivers/STM32H7xx_HAL_Driver/Src/stm32h7xx_hal_rcc.c:1703:50
	ldr	r0, [r5, #48]
	.loc	5 1703 78 is_stmt 0             @ ../Drivers/STM32H7xx_HAL_Driver/Src/stm32h7xx_hal_rcc.c:1703:78
	ubfx	r0, r0, #9, #7
	.loc	5 1703 102                      @ ../Drivers/STM32H7xx_HAL_Driver/Src/stm32h7xx_hal_rcc.c:1703:102
	adds	r0, #1
	.loc	5 1703 31                       @ ../Drivers/STM32H7xx_HAL_Driver/Src/stm32h7xx_hal_rcc.c:1703:31
	str	r0, [r4, #52]
	.loc	5 1704 50 is_stmt 1             @ ../Drivers/STM32H7xx_HAL_Driver/Src/stm32h7xx_hal_rcc.c:1704:50
	ldr	r0, [r5, #48]
	.loc	5 1704 78 is_stmt 0             @ ../Drivers/STM32H7xx_HAL_Driver/Src/stm32h7xx_hal_rcc.c:1704:78
	ubfx	r0, r0, #16, #7
	.loc	5 1704 102                      @ ../Drivers/STM32H7xx_HAL_Driver/Src/stm32h7xx_hal_rcc.c:1704:102
	adds	r0, #1
	.loc	5 1704 31                       @ ../Drivers/STM32H7xx_HAL_Driver/Src/stm32h7xx_hal_rcc.c:1704:31
	str	r0, [r4, #56]
	.loc	5 1705 52 is_stmt 1             @ ../Drivers/STM32H7xx_HAL_Driver/Src/stm32h7xx_hal_rcc.c:1705:52
	ldr	r0, [r5, #44]
	.loc	5 1705 60 is_stmt 0             @ ../Drivers/STM32H7xx_HAL_Driver/Src/stm32h7xx_hal_rcc.c:1705:60
	and	r0, r0, #12
	.loc	5 1705 33                       @ ../Drivers/STM32H7xx_HAL_Driver/Src/stm32h7xx_hal_rcc.c:1705:33
	str	r0, [r4, #64]
	.loc	5 1706 55 is_stmt 1             @ ../Drivers/STM32H7xx_HAL_Driver/Src/stm32h7xx_hal_rcc.c:1706:55
	ldr	r0, [r5, #44]
	.loc	5 1706 89 is_stmt 0             @ ../Drivers/STM32H7xx_HAL_Driver/Src/stm32h7xx_hal_rcc.c:1706:89
	ubfx	r0, r0, #1, #1
	.loc	5 1706 36                       @ ../Drivers/STM32H7xx_HAL_Driver/Src/stm32h7xx_hal_rcc.c:1706:36
	str	r0, [r4, #68]
	.loc	5 1707 55 is_stmt 1             @ ../Drivers/STM32H7xx_HAL_Driver/Src/stm32h7xx_hal_rcc.c:1707:55
	ldr	r0, [r5, #52]
	.loc	5 1707 89 is_stmt 0             @ ../Drivers/STM32H7xx_HAL_Driver/Src/stm32h7xx_hal_rcc.c:1707:89
	ubfx	r0, r0, #3, #13
	.loc	5 1707 35                       @ ../Drivers/STM32H7xx_HAL_Driver/Src/stm32h7xx_hal_rcc.c:1707:35
	str	r0, [r4, #72]
	.loc	5 1708 1 epilogue_begin is_stmt 1 @ ../Drivers/STM32H7xx_HAL_Driver/Src/stm32h7xx_hal_rcc.c:1708:1
	add	sp, #4
	pop	{r4, r5, r6, r7, pc}
.Ltmp537:
.Lfunc_end10:
	.size	HAL_RCC_GetOscConfig, .Lfunc_end10-HAL_RCC_GetOscConfig
	.cfi_endproc
	.cantunwind
	.fnend
                                        @ -- End function
	.section	.text.HAL_RCC_GetClockConfig,"ax",%progbits
	.hidden	HAL_RCC_GetClockConfig          @ -- Begin function HAL_RCC_GetClockConfig
	.globl	HAL_RCC_GetClockConfig
	.p2align	3
	.type	HAL_RCC_GetClockConfig,%function
	.code	16                              @ @HAL_RCC_GetClockConfig
	.thumb_func
HAL_RCC_GetClockConfig:
.Lfunc_begin11:
	.loc	5 1719 0                        @ ../Drivers/STM32H7xx_HAL_Driver/Src/stm32h7xx_hal_rcc.c:1719:0
	.fnstart
	.cfi_startproc
@ %bb.0:
	@DEBUG_VALUE: HAL_RCC_GetClockConfig:RCC_ClkInitStruct <- $r0
	@DEBUG_VALUE: HAL_RCC_GetClockConfig:pFLatency <- $r1
	movs	r2, #63
.Ltmp538:
	.loc	5 1721 32 prologue_end          @ ../Drivers/STM32H7xx_HAL_Driver/Src/stm32h7xx_hal_rcc.c:1721:32
	str	r2, [r0]
	movw	r2, #17432
	movt	r2, #22530
	.loc	5 1725 53                       @ ../Drivers/STM32H7xx_HAL_Driver/Src/stm32h7xx_hal_rcc.c:1725:53
	ldr	r3, [r2, #-8]
	.loc	5 1725 58 is_stmt 0             @ ../Drivers/STM32H7xx_HAL_Driver/Src/stm32h7xx_hal_rcc.c:1725:58
	and	r3, r3, #7
	.loc	5 1725 35                       @ ../Drivers/STM32H7xx_HAL_Driver/Src/stm32h7xx_hal_rcc.c:1725:35
	str	r3, [r0, #4]
	.loc	5 1729 54 is_stmt 1             @ ../Drivers/STM32H7xx_HAL_Driver/Src/stm32h7xx_hal_rcc.c:1729:54
	ldr	r3, [r2]
	.loc	5 1729 61 is_stmt 0             @ ../Drivers/STM32H7xx_HAL_Driver/Src/stm32h7xx_hal_rcc.c:1729:61
	and	r3, r3, #3840
	.loc	5 1729 36                       @ ../Drivers/STM32H7xx_HAL_Driver/Src/stm32h7xx_hal_rcc.c:1729:36
	str	r3, [r0, #8]
	.loc	5 1732 54 is_stmt 1             @ ../Drivers/STM32H7xx_HAL_Driver/Src/stm32h7xx_hal_rcc.c:1732:54
	ldr	r3, [r2]
	.loc	5 1732 61 is_stmt 0             @ ../Drivers/STM32H7xx_HAL_Driver/Src/stm32h7xx_hal_rcc.c:1732:61
	and	r3, r3, #15
	.loc	5 1732 36                       @ ../Drivers/STM32H7xx_HAL_Driver/Src/stm32h7xx_hal_rcc.c:1732:36
	str	r3, [r0, #12]
	.loc	5 1735 55 is_stmt 1             @ ../Drivers/STM32H7xx_HAL_Driver/Src/stm32h7xx_hal_rcc.c:1735:55
	ldr	r3, [r2]
	.loc	5 1735 62 is_stmt 0             @ ../Drivers/STM32H7xx_HAL_Driver/Src/stm32h7xx_hal_rcc.c:1735:62
	and	r3, r3, #112
	.loc	5 1735 37                       @ ../Drivers/STM32H7xx_HAL_Driver/Src/stm32h7xx_hal_rcc.c:1735:37
	str	r3, [r0, #16]
	.loc	5 1738 55 is_stmt 1             @ ../Drivers/STM32H7xx_HAL_Driver/Src/stm32h7xx_hal_rcc.c:1738:55
	ldr	r3, [r2, #4]
	.loc	5 1738 62 is_stmt 0             @ ../Drivers/STM32H7xx_HAL_Driver/Src/stm32h7xx_hal_rcc.c:1738:62
	and	r3, r3, #112
	.loc	5 1738 37                       @ ../Drivers/STM32H7xx_HAL_Driver/Src/stm32h7xx_hal_rcc.c:1738:37
	str	r3, [r0, #20]
	.loc	5 1741 55 is_stmt 1             @ ../Drivers/STM32H7xx_HAL_Driver/Src/stm32h7xx_hal_rcc.c:1741:55
	ldr	r3, [r2, #4]
	.loc	5 1741 62 is_stmt 0             @ ../Drivers/STM32H7xx_HAL_Driver/Src/stm32h7xx_hal_rcc.c:1741:62
	and	r3, r3, #1792
	.loc	5 1741 37                       @ ../Drivers/STM32H7xx_HAL_Driver/Src/stm32h7xx_hal_rcc.c:1741:37
	str	r3, [r0, #24]
	.loc	5 1744 55 is_stmt 1             @ ../Drivers/STM32H7xx_HAL_Driver/Src/stm32h7xx_hal_rcc.c:1744:55
	ldr	r2, [r2, #8]
	.loc	5 1744 62 is_stmt 0             @ ../Drivers/STM32H7xx_HAL_Driver/Src/stm32h7xx_hal_rcc.c:1744:62
	and	r2, r2, #112
	.loc	5 1744 37                       @ ../Drivers/STM32H7xx_HAL_Driver/Src/stm32h7xx_hal_rcc.c:1744:37
	str	r2, [r0, #28]
	movw	r0, #8192
.Ltmp539:
	@DEBUG_VALUE: HAL_RCC_GetClockConfig:RCC_ClkInitStruct <- [DW_OP_LLVM_entry_value 1] $r0
	.loc	5 0 37                          @ ../Drivers/STM32H7xx_HAL_Driver/Src/stm32h7xx_hal_rcc.c:0:37
	movt	r0, #20992
	.loc	5 1766 34 is_stmt 1             @ ../Drivers/STM32H7xx_HAL_Driver/Src/stm32h7xx_hal_rcc.c:1766:34
	ldr	r0, [r0]
	.loc	5 1766 38 is_stmt 0             @ ../Drivers/STM32H7xx_HAL_Driver/Src/stm32h7xx_hal_rcc.c:1766:38
	and	r0, r0, #15
	.loc	5 1766 14                       @ ../Drivers/STM32H7xx_HAL_Driver/Src/stm32h7xx_hal_rcc.c:1766:14
	str	r0, [r1]
	.loc	5 1767 1 is_stmt 1              @ ../Drivers/STM32H7xx_HAL_Driver/Src/stm32h7xx_hal_rcc.c:1767:1
	bx	lr
.Ltmp540:
.Lfunc_end11:
	.size	HAL_RCC_GetClockConfig, .Lfunc_end11-HAL_RCC_GetClockConfig
	.cfi_endproc
	.cantunwind
	.fnend
                                        @ -- End function
	.section	.text.HAL_RCC_NMI_IRQHandler,"ax",%progbits
	.hidden	HAL_RCC_NMI_IRQHandler          @ -- Begin function HAL_RCC_NMI_IRQHandler
	.globl	HAL_RCC_NMI_IRQHandler
	.p2align	3
	.type	HAL_RCC_NMI_IRQHandler,%function
	.code	16                              @ @HAL_RCC_NMI_IRQHandler
	.thumb_func
HAL_RCC_NMI_IRQHandler:
.Lfunc_begin12:
	.loc	5 1775 0                        @ ../Drivers/STM32H7xx_HAL_Driver/Src/stm32h7xx_hal_rcc.c:1775:0
	.fnstart
	.cfi_startproc
@ %bb.0:
	.save	{r4, lr}
	push	{r4, lr}
	.cfi_def_cfa_offset 8
	.cfi_offset lr, -4
	.cfi_offset r4, -8
	movw	r4, #17508
	movt	r4, #22530
.Ltmp541:
	.loc	5 1777 7 prologue_end           @ ../Drivers/STM32H7xx_HAL_Driver/Src/stm32h7xx_hal_rcc.c:1777:7
	ldr	r0, [r4]
.Ltmp542:
	.loc	5 1777 7 is_stmt 0              @ ../Drivers/STM32H7xx_HAL_Driver/Src/stm32h7xx_hal_rcc.c:1777:7
	lsls	r0, r0, #21
	.loc	5 1785 1 is_stmt 1              @ ../Drivers/STM32H7xx_HAL_Driver/Src/stm32h7xx_hal_rcc.c:1785:1
	it	pl
	.loc	5 1785 1 epilogue_begin is_stmt 0 @ ../Drivers/STM32H7xx_HAL_Driver/Src/stm32h7xx_hal_rcc.c:1785:1
	poppl	{r4, pc}
.LBB12_1:
.Ltmp543:
	.loc	5 1780 5 is_stmt 1              @ ../Drivers/STM32H7xx_HAL_Driver/Src/stm32h7xx_hal_rcc.c:1780:5
	bl	HAL_RCC_CSSCallback
.Ltmp544:
	.loc	5 0 5 is_stmt 0                 @ ../Drivers/STM32H7xx_HAL_Driver/Src/stm32h7xx_hal_rcc.c:0:5
	mov.w	r0, #1024
	.loc	5 1783 5 is_stmt 1              @ ../Drivers/STM32H7xx_HAL_Driver/Src/stm32h7xx_hal_rcc.c:1783:5
	str	r0, [r4, #4]
.Ltmp545:
	.loc	5 1785 1 epilogue_begin         @ ../Drivers/STM32H7xx_HAL_Driver/Src/stm32h7xx_hal_rcc.c:1785:1
	pop	{r4, pc}
.Ltmp546:
.Lfunc_end12:
	.size	HAL_RCC_NMI_IRQHandler, .Lfunc_end12-HAL_RCC_NMI_IRQHandler
	.cfi_endproc
	.cantunwind
	.fnend
                                        @ -- End function
	.section	.text.HAL_RCC_CSSCallback,"ax",%progbits
	.hidden	HAL_RCC_CSSCallback             @ -- Begin function HAL_RCC_CSSCallback
	.weak	HAL_RCC_CSSCallback
	.p2align	3
	.type	HAL_RCC_CSSCallback,%function
	.code	16                              @ @HAL_RCC_CSSCallback
	.thumb_func
HAL_RCC_CSSCallback:
.Lfunc_begin13:
	.fnstart
	.cfi_startproc
@ %bb.0:
	.loc	5 1796 1 prologue_end           @ ../Drivers/STM32H7xx_HAL_Driver/Src/stm32h7xx_hal_rcc.c:1796:1
	bx	lr
.Ltmp547:
.Lfunc_end13:
	.size	HAL_RCC_CSSCallback, .Lfunc_end13-HAL_RCC_CSSCallback
	.cfi_endproc
	.cantunwind
	.fnend
                                        @ -- End function
	.file	7 "D:\\EV\\testadc\\MDK-ARM" "../Drivers/STM32H7xx_HAL_Driver/Inc\\stm32h7xx_hal_rcc.h"
	.file	8 "D:\\EV\\testadc\\MDK-ARM" "../Drivers/STM32H7xx_HAL_Driver/Inc\\stm32h7xx_hal_gpio.h"
	.section	.debug_loc,"",%progbits
.Ldebug_loc0:
	.long	-1
	.long	.Lfunc_begin0                   @   base address
	.long	.Ltmp7-.Lfunc_begin0
	.long	.Ltmp20-.Lfunc_begin0
	.short	1                               @ Loc expr size
	.byte	84                              @ DW_OP_reg4
	.long	.Ltmp22-.Lfunc_begin0
	.long	.Ltmp30-.Lfunc_begin0
	.short	1                               @ Loc expr size
	.byte	84                              @ DW_OP_reg4
	.long	.Ltmp30-.Lfunc_begin0
	.long	.Ltmp38-.Lfunc_begin0
	.short	1                               @ Loc expr size
	.byte	85                              @ DW_OP_reg5
	.long	.Ltmp38-.Lfunc_begin0
	.long	.Ltmp45-.Lfunc_begin0
	.short	1                               @ Loc expr size
	.byte	84                              @ DW_OP_reg4
	.long	.Ltmp45-.Lfunc_begin0
	.long	.Ltmp52-.Lfunc_begin0
	.short	1                               @ Loc expr size
	.byte	85                              @ DW_OP_reg5
	.long	.Ltmp52-.Lfunc_begin0
	.long	.Ltmp66-.Lfunc_begin0
	.short	1                               @ Loc expr size
	.byte	84                              @ DW_OP_reg4
	.long	0
	.long	0
.Ldebug_loc1:
	.long	-1
	.long	.Lfunc_begin1                   @   base address
	.long	.Lfunc_begin1-.Lfunc_begin1
	.long	.Ltmp69-.Lfunc_begin1
	.short	1                               @ Loc expr size
	.byte	80                              @ DW_OP_reg0
	.long	.Ltmp69-.Lfunc_begin1
	.long	.Ltmp87-.Lfunc_begin1
	.short	1                               @ Loc expr size
	.byte	84                              @ DW_OP_reg4
	.long	.Ltmp87-.Lfunc_begin1
	.long	.Ltmp88-.Lfunc_begin1
	.short	1                               @ Loc expr size
	.byte	80                              @ DW_OP_reg0
	.long	.Ltmp88-.Lfunc_begin1
	.long	.Ltmp89-.Lfunc_begin1
	.short	4                               @ Loc expr size
	.byte	243                             @ DW_OP_GNU_entry_value
	.byte	1                               @ 1
	.byte	80                              @ DW_OP_reg0
	.byte	159                             @ DW_OP_stack_value
	.long	.Ltmp89-.Lfunc_begin1
	.long	.Ltmp118-.Lfunc_begin1
	.short	1                               @ Loc expr size
	.byte	84                              @ DW_OP_reg4
	.long	.Ltmp119-.Lfunc_begin1
	.long	.Ltmp218-.Lfunc_begin1
	.short	1                               @ Loc expr size
	.byte	84                              @ DW_OP_reg4
	.long	.Ltmp219-.Lfunc_begin1
	.long	.Ltmp313-.Lfunc_begin1
	.short	1                               @ Loc expr size
	.byte	84                              @ DW_OP_reg4
	.long	.Ltmp313-.Lfunc_begin1
	.long	.Ltmp317-.Lfunc_begin1
	.short	4                               @ Loc expr size
	.byte	243                             @ DW_OP_GNU_entry_value
	.byte	1                               @ 1
	.byte	80                              @ DW_OP_reg0
	.byte	159                             @ DW_OP_stack_value
	.long	.Ltmp317-.Lfunc_begin1
	.long	.Ltmp324-.Lfunc_begin1
	.short	1                               @ Loc expr size
	.byte	84                              @ DW_OP_reg4
	.long	0
	.long	0
.Ldebug_loc2:
	.long	-1
	.long	.Lfunc_begin1                   @   base address
	.long	.Ltmp72-.Lfunc_begin1
	.long	.Ltmp78-.Lfunc_begin1
	.short	1                               @ Loc expr size
	.byte	81                              @ DW_OP_reg1
	.long	.Ltmp107-.Lfunc_begin1
	.long	.Ltmp111-.Lfunc_begin1
	.short	1                               @ Loc expr size
	.byte	81                              @ DW_OP_reg1
	.long	0
	.long	0
.Ldebug_loc3:
	.long	-1
	.long	.Lfunc_begin1                   @   base address
	.long	.Ltmp73-.Lfunc_begin1
	.long	.Ltmp76-.Lfunc_begin1
	.short	1                               @ Loc expr size
	.byte	80                              @ DW_OP_reg0
	.long	0
	.long	0
.Ldebug_loc4:
	.long	-1
	.long	.Lfunc_begin1                   @   base address
	.long	.Ltmp81-.Lfunc_begin1
	.long	.Ltmp87-.Lfunc_begin1
	.short	1                               @ Loc expr size
	.byte	85                              @ DW_OP_reg5
	.long	.Ltmp113-.Lfunc_begin1
	.long	.Ltmp118-.Lfunc_begin1
	.short	1                               @ Loc expr size
	.byte	85                              @ DW_OP_reg5
	.long	.Ltmp119-.Lfunc_begin1
	.long	.Ltmp124-.Lfunc_begin1
	.short	1                               @ Loc expr size
	.byte	85                              @ DW_OP_reg5
	.long	.Ltmp127-.Lfunc_begin1
	.long	.Ltmp132-.Lfunc_begin1
	.short	1                               @ Loc expr size
	.byte	85                              @ DW_OP_reg5
	.long	.Ltmp138-.Lfunc_begin1
	.long	.Ltmp143-.Lfunc_begin1
	.short	1                               @ Loc expr size
	.byte	85                              @ DW_OP_reg5
	.long	.Ltmp148-.Lfunc_begin1
	.long	.Ltmp157-.Lfunc_begin1
	.short	1                               @ Loc expr size
	.byte	85                              @ DW_OP_reg5
	.long	.Ltmp177-.Lfunc_begin1
	.long	.Ltmp182-.Lfunc_begin1
	.short	1                               @ Loc expr size
	.byte	85                              @ DW_OP_reg5
	.long	.Ltmp186-.Lfunc_begin1
	.long	.Ltmp191-.Lfunc_begin1
	.short	1                               @ Loc expr size
	.byte	85                              @ DW_OP_reg5
	.long	.Ltmp224-.Lfunc_begin1
	.long	.Ltmp230-.Lfunc_begin1
	.short	1                               @ Loc expr size
	.byte	85                              @ DW_OP_reg5
	.long	.Ltmp237-.Lfunc_begin1
	.long	.Ltmp243-.Lfunc_begin1
	.short	1                               @ Loc expr size
	.byte	85                              @ DW_OP_reg5
	.long	.Ltmp245-.Lfunc_begin1
	.long	.Ltmp251-.Lfunc_begin1
	.short	1                               @ Loc expr size
	.byte	85                              @ DW_OP_reg5
	.long	.Ltmp253-.Lfunc_begin1
	.long	.Ltmp265-.Lfunc_begin1
	.short	1                               @ Loc expr size
	.byte	85                              @ DW_OP_reg5
	.long	.Ltmp268-.Lfunc_begin1
	.long	.Ltmp273-.Lfunc_begin1
	.short	1                               @ Loc expr size
	.byte	85                              @ DW_OP_reg5
	.long	.Ltmp277-.Lfunc_begin1
	.long	.Ltmp313-.Lfunc_begin1
	.short	1                               @ Loc expr size
	.byte	85                              @ DW_OP_reg5
	.long	.Ltmp313-.Lfunc_begin1
	.long	.Ltmp317-.Lfunc_begin1
	.short	1                               @ Loc expr size
	.byte	84                              @ DW_OP_reg4
	.long	.Ltmp321-.Lfunc_begin1
	.long	.Ltmp324-.Lfunc_begin1
	.short	1                               @ Loc expr size
	.byte	85                              @ DW_OP_reg5
	.long	0
	.long	0
.Ldebug_loc5:
	.long	-1
	.long	.Lfunc_begin1                   @   base address
	.long	.Ltmp91-.Lfunc_begin1
	.long	.Ltmp101-.Lfunc_begin1
	.short	1                               @ Loc expr size
	.byte	81                              @ DW_OP_reg1
	.long	0
	.long	0
.Ldebug_loc6:
	.long	-1
	.long	.Lfunc_begin1                   @   base address
	.long	.Ltmp92-.Lfunc_begin1
	.long	.Ltmp95-.Lfunc_begin1
	.short	1                               @ Loc expr size
	.byte	80                              @ DW_OP_reg0
	.long	0
	.long	0
.Ldebug_loc7:
	.long	-1
	.long	.Lfunc_begin1                   @   base address
	.long	.Ltmp159-.Lfunc_begin1
	.long	.Ltmp167-.Lfunc_begin1
	.short	1                               @ Loc expr size
	.byte	81                              @ DW_OP_reg1
	.long	.Ltmp171-.Lfunc_begin1
	.long	.Ltmp176-.Lfunc_begin1
	.short	1                               @ Loc expr size
	.byte	81                              @ DW_OP_reg1
	.long	.Ltmp184-.Lfunc_begin1
	.long	.Ltmp185-.Lfunc_begin1
	.short	1                               @ Loc expr size
	.byte	81                              @ DW_OP_reg1
	.long	0
	.long	0
.Ldebug_loc8:
	.long	-1
	.long	.Lfunc_begin1                   @   base address
	.long	.Ltmp160-.Lfunc_begin1
	.long	.Ltmp163-.Lfunc_begin1
	.short	1                               @ Loc expr size
	.byte	80                              @ DW_OP_reg0
	.long	0
	.long	0
.Ldebug_loc9:
	.long	-1
	.long	.Lfunc_begin1                   @   base address
	.long	.Ltmp203-.Lfunc_begin1
	.long	.Ltmp207-.Lfunc_begin1
	.short	1                               @ Loc expr size
	.byte	81                              @ DW_OP_reg1
	.long	.Ltmp217-.Lfunc_begin1
	.long	.Ltmp218-.Lfunc_begin1
	.short	1                               @ Loc expr size
	.byte	80                              @ DW_OP_reg0
	.long	.Ltmp317-.Lfunc_begin1
	.long	.Ltmp319-.Lfunc_begin1
	.short	1                               @ Loc expr size
	.byte	80                              @ DW_OP_reg0
	.long	0
	.long	0
.Ldebug_loc10:
	.long	-1
	.long	.Lfunc_begin1                   @   base address
	.long	.Ltmp204-.Lfunc_begin1
	.long	.Ltmp212-.Lfunc_begin1
	.short	1                               @ Loc expr size
	.byte	80                              @ DW_OP_reg0
	.long	0
	.long	0
.Ldebug_loc11:
	.long	-1
	.long	.Lfunc_begin2                   @   base address
	.long	.Lfunc_begin2-.Lfunc_begin2
	.long	.Ltmp327-.Lfunc_begin2
	.short	1                               @ Loc expr size
	.byte	80                              @ DW_OP_reg0
	.long	.Ltmp327-.Lfunc_begin2
	.long	.Ltmp410-.Lfunc_begin2
	.short	1                               @ Loc expr size
	.byte	84                              @ DW_OP_reg4
	.long	.Ltmp410-.Lfunc_begin2
	.long	.Ltmp411-.Lfunc_begin2
	.short	4                               @ Loc expr size
	.byte	243                             @ DW_OP_GNU_entry_value
	.byte	1                               @ 1
	.byte	80                              @ DW_OP_reg0
	.byte	159                             @ DW_OP_stack_value
	.long	0
	.long	0
.Ldebug_loc12:
	.long	-1
	.long	.Lfunc_begin2                   @   base address
	.long	.Lfunc_begin2-.Lfunc_begin2
	.long	.Ltmp372-.Lfunc_begin2
	.short	1                               @ Loc expr size
	.byte	81                              @ DW_OP_reg1
	.long	.Ltmp372-.Lfunc_begin2
	.long	.Ltmp382-.Lfunc_begin2
	.short	1                               @ Loc expr size
	.byte	88                              @ DW_OP_reg8
	.long	0
	.long	0
.Ldebug_loc13:
	.long	-1
	.long	.Lfunc_begin2                   @   base address
	.long	.Ltmp374-.Lfunc_begin2
	.long	.Ltmp382-.Lfunc_begin2
	.short	1                               @ Loc expr size
	.byte	85                              @ DW_OP_reg5
	.long	0
	.long	0
.Ldebug_loc14:
	.long	-1
	.long	.Lfunc_begin2                   @   base address
	.long	.Ltmp409-.Lfunc_begin2
	.long	.Ltmp411-.Lfunc_begin2
	.short	1                               @ Loc expr size
	.byte	81                              @ DW_OP_reg1
	.long	0
	.long	0
.Ldebug_loc15:
	.long	-1
	.long	.Lfunc_begin3                   @   base address
	.long	.Ltmp417-.Lfunc_begin3
	.long	.Ltmp420-.Lfunc_begin3
	.short	1                               @ Loc expr size
	.byte	80                              @ DW_OP_reg0
	.long	.Ltmp422-.Lfunc_begin3
	.long	.Ltmp423-.Lfunc_begin3
	.short	1                               @ Loc expr size
	.byte	80                              @ DW_OP_reg0
	.long	.Ltmp438-.Lfunc_begin3
	.long	.Ltmp439-.Lfunc_begin3
	.short	1                               @ Loc expr size
	.byte	80                              @ DW_OP_reg0
	.long	.Ltmp441-.Lfunc_begin3
	.long	.Ltmp442-.Lfunc_begin3
	.short	1                               @ Loc expr size
	.byte	80                              @ DW_OP_reg0
	.long	.Ltmp459-.Lfunc_begin3
	.long	.Ltmp460-.Lfunc_begin3
	.short	1                               @ Loc expr size
	.byte	80                              @ DW_OP_reg0
	.long	0
	.long	0
.Ldebug_loc16:
	.long	-1
	.long	.Lfunc_begin3                   @   base address
	.long	.Ltmp425-.Lfunc_begin3
	.long	.Ltmp430-.Lfunc_begin3
	.short	5                               @ Loc expr size
	.byte	115                             @ DW_OP_breg3
	.byte	0                               @ 0
	.byte	51                              @ DW_OP_lit3
	.byte	26                              @ DW_OP_and
	.byte	159                             @ DW_OP_stack_value
	.long	.Ltmp430-.Lfunc_begin3
	.long	.Ltmp432-.Lfunc_begin3
	.short	1                               @ Loc expr size
	.byte	83                              @ DW_OP_reg3
	.long	.Ltmp433-.Lfunc_begin3
	.long	.Ltmp436-.Lfunc_begin3
	.short	1                               @ Loc expr size
	.byte	83                              @ DW_OP_reg3
	.long	.Ltmp439-.Lfunc_begin3
	.long	.Ltmp442-.Lfunc_begin3
	.short	5                               @ Loc expr size
	.byte	115                             @ DW_OP_breg3
	.byte	0                               @ 0
	.byte	51                              @ DW_OP_lit3
	.byte	26                              @ DW_OP_and
	.byte	159                             @ DW_OP_stack_value
	.long	.Ltmp442-.Lfunc_begin3
	.long	.Ltmp445-.Lfunc_begin3
	.short	1                               @ Loc expr size
	.byte	83                              @ DW_OP_reg3
	.long	0
	.long	0
.Ldebug_loc17:
	.long	-1
	.long	.Lfunc_begin3                   @   base address
	.long	.Ltmp426-.Lfunc_begin3
	.long	.Ltmp432-.Lfunc_begin3
	.short	5                               @ Loc expr size
	.byte	124                             @ DW_OP_breg12
	.byte	0                               @ 0
	.byte	49                              @ DW_OP_lit1
	.byte	26                              @ DW_OP_and
	.byte	159                             @ DW_OP_stack_value
	.long	.Ltmp433-.Lfunc_begin3
	.long	.Ltmp436-.Lfunc_begin3
	.short	5                               @ Loc expr size
	.byte	124                             @ DW_OP_breg12
	.byte	0                               @ 0
	.byte	49                              @ DW_OP_lit1
	.byte	26                              @ DW_OP_and
	.byte	159                             @ DW_OP_stack_value
	.long	.Ltmp439-.Lfunc_begin3
	.long	.Ltmp460-.Lfunc_begin3
	.short	5                               @ Loc expr size
	.byte	124                             @ DW_OP_breg12
	.byte	0                               @ 0
	.byte	49                              @ DW_OP_lit1
	.byte	26                              @ DW_OP_and
	.byte	159                             @ DW_OP_stack_value
	.long	0
	.long	0
.Ldebug_loc18:
	.long	-1
	.long	.Lfunc_begin3                   @   base address
	.long	.Ltmp428-.Lfunc_begin3
	.long	.Ltmp432-.Lfunc_begin3
	.short	1                               @ Loc expr size
	.byte	80                              @ DW_OP_reg0
	.long	.Ltmp433-.Lfunc_begin3
	.long	.Ltmp436-.Lfunc_begin3
	.short	1                               @ Loc expr size
	.byte	80                              @ DW_OP_reg0
	.long	.Ltmp439-.Lfunc_begin3
	.long	.Ltmp441-.Lfunc_begin3
	.short	1                               @ Loc expr size
	.byte	80                              @ DW_OP_reg0
	.long	.Ltmp442-.Lfunc_begin3
	.long	.Ltmp450-.Lfunc_begin3
	.short	1                               @ Loc expr size
	.byte	80                              @ DW_OP_reg0
	.long	0
	.long	0
.Ldebug_loc19:
	.long	-1
	.long	.Lfunc_begin3                   @   base address
	.long	.Ltmp446-.Lfunc_begin3
	.long	.Ltmp447-.Lfunc_begin3
	.short	1                               @ Loc expr size
	.byte	82                              @ DW_OP_reg2
	.long	.Ltmp447-.Lfunc_begin3
	.long	.Ltmp448-.Lfunc_begin3
	.short	3                               @ Loc expr size
	.byte	144                             @ super-register DW_OP_regx
	.byte	129                             @ 257
	.byte	2                               @ 
	.long	0
	.long	0
.Ldebug_loc20:
	.long	-1
	.long	.Lfunc_begin3                   @   base address
	.long	.Ltmp454-.Lfunc_begin3
	.long	.Ltmp456-.Lfunc_begin3
	.short	1                               @ Loc expr size
	.byte	80                              @ DW_OP_reg0
	.long	.Ltmp456-.Lfunc_begin3
	.long	.Ltmp457-.Lfunc_begin3
	.short	3                               @ Loc expr size
	.byte	144                             @ super-register DW_OP_regx
	.byte	129                             @ 257
	.byte	2                               @ 
	.long	0
	.long	0
.Ldebug_loc21:
	.long	-1
	.long	.Lfunc_begin3                   @   base address
	.long	.Ltmp455-.Lfunc_begin3
	.long	.Ltmp458-.Lfunc_begin3
	.short	3                               @ Loc expr size
	.byte	144                             @ super-register DW_OP_regx
	.byte	128                             @ 256
	.byte	2                               @ 
	.long	0
	.long	0
.Ldebug_loc22:
	.long	-1
	.long	.Lfunc_begin4                   @   base address
	.long	.Lfunc_begin4-.Lfunc_begin4
	.long	.Ltmp463-.Lfunc_begin4
	.short	1                               @ Loc expr size
	.byte	80                              @ DW_OP_reg0
	.long	.Ltmp463-.Lfunc_begin4
	.long	.Lfunc_end4-.Lfunc_begin4
	.short	4                               @ Loc expr size
	.byte	243                             @ DW_OP_GNU_entry_value
	.byte	1                               @ 1
	.byte	80                              @ DW_OP_reg0
	.byte	159                             @ DW_OP_stack_value
	.long	0
	.long	0
.Ldebug_loc23:
	.long	-1
	.long	.Lfunc_begin4                   @   base address
	.long	.Lfunc_begin4-.Lfunc_begin4
	.long	.Ltmp465-.Lfunc_begin4
	.short	1                               @ Loc expr size
	.byte	81                              @ DW_OP_reg1
	.long	.Ltmp465-.Lfunc_begin4
	.long	.Ltmp479-.Lfunc_begin4
	.short	1                               @ Loc expr size
	.byte	85                              @ DW_OP_reg5
	.long	0
	.long	0
.Ldebug_loc24:
	.long	-1
	.long	.Lfunc_begin4                   @   base address
	.long	.Lfunc_begin4-.Lfunc_begin4
	.long	.Ltmp464-.Lfunc_begin4
	.short	1                               @ Loc expr size
	.byte	82                              @ DW_OP_reg2
	.long	.Ltmp464-.Lfunc_begin4
	.long	.Ltmp479-.Lfunc_begin4
	.short	1                               @ Loc expr size
	.byte	84                              @ DW_OP_reg4
	.long	0
	.long	0
.Ldebug_loc25:
	.long	-1
	.long	.Lfunc_begin7                   @   base address
	.long	.Ltmp486-.Lfunc_begin7
	.long	.Lfunc_end7-.Lfunc_begin7
	.short	1                               @ Loc expr size
	.byte	82                              @ DW_OP_reg2
	.long	0
	.long	0
.Ldebug_loc26:
	.long	-1
	.long	.Lfunc_begin8                   @   base address
	.long	.Ltmp490-.Lfunc_begin8
	.long	.Ltmp492-.Lfunc_begin8
	.short	1                               @ Loc expr size
	.byte	80                              @ DW_OP_reg0
	.long	0
	.long	0
.Ldebug_loc27:
	.long	-1
	.long	.Lfunc_begin9                   @   base address
	.long	.Ltmp496-.Lfunc_begin9
	.long	.Ltmp498-.Lfunc_begin9
	.short	1                               @ Loc expr size
	.byte	80                              @ DW_OP_reg0
	.long	0
	.long	0
.Ldebug_loc28:
	.long	-1
	.long	.Lfunc_begin10                  @   base address
	.long	.Lfunc_begin10-.Lfunc_begin10
	.long	.Ltmp500-.Lfunc_begin10
	.short	1                               @ Loc expr size
	.byte	80                              @ DW_OP_reg0
	.long	.Ltmp500-.Lfunc_begin10
	.long	.Ltmp537-.Lfunc_begin10
	.short	1                               @ Loc expr size
	.byte	84                              @ DW_OP_reg4
	.long	0
	.long	0
.Ldebug_loc29:
	.long	-1
	.long	.Lfunc_begin11                  @   base address
	.long	.Lfunc_begin11-.Lfunc_begin11
	.long	.Ltmp539-.Lfunc_begin11
	.short	1                               @ Loc expr size
	.byte	80                              @ DW_OP_reg0
	.long	.Ltmp539-.Lfunc_begin11
	.long	.Lfunc_end11-.Lfunc_begin11
	.short	4                               @ Loc expr size
	.byte	243                             @ DW_OP_GNU_entry_value
	.byte	1                               @ 1
	.byte	80                              @ DW_OP_reg0
	.byte	159                             @ DW_OP_stack_value
	.long	0
	.long	0
	.section	.debug_abbrev,"",%progbits
	.byte	1                               @ Abbreviation Code
	.byte	17                              @ DW_TAG_compile_unit
	.byte	1                               @ DW_CHILDREN_yes
	.byte	37                              @ DW_AT_producer
	.byte	14                              @ DW_FORM_strp
	.byte	19                              @ DW_AT_language
	.byte	5                               @ DW_FORM_data2
	.byte	3                               @ DW_AT_name
	.byte	14                              @ DW_FORM_strp
	.byte	16                              @ DW_AT_stmt_list
	.byte	23                              @ DW_FORM_sec_offset
	.byte	27                              @ DW_AT_comp_dir
	.byte	14                              @ DW_FORM_strp
	.byte	17                              @ DW_AT_low_pc
	.byte	1                               @ DW_FORM_addr
	.byte	85                              @ DW_AT_ranges
	.byte	23                              @ DW_FORM_sec_offset
	.byte	0                               @ EOM(1)
	.byte	0                               @ EOM(2)
	.byte	2                               @ Abbreviation Code
	.byte	4                               @ DW_TAG_enumeration_type
	.byte	1                               @ DW_CHILDREN_yes
	.byte	73                              @ DW_AT_type
	.byte	19                              @ DW_FORM_ref4
	.byte	11                              @ DW_AT_byte_size
	.byte	11                              @ DW_FORM_data1
	.byte	58                              @ DW_AT_decl_file
	.byte	11                              @ DW_FORM_data1
	.byte	59                              @ DW_AT_decl_line
	.byte	11                              @ DW_FORM_data1
	.byte	0                               @ EOM(1)
	.byte	0                               @ EOM(2)
	.byte	3                               @ Abbreviation Code
	.byte	40                              @ DW_TAG_enumerator
	.byte	0                               @ DW_CHILDREN_no
	.byte	3                               @ DW_AT_name
	.byte	14                              @ DW_FORM_strp
	.byte	28                              @ DW_AT_const_value
	.byte	15                              @ DW_FORM_udata
	.byte	0                               @ EOM(1)
	.byte	0                               @ EOM(2)
	.byte	4                               @ Abbreviation Code
	.byte	36                              @ DW_TAG_base_type
	.byte	0                               @ DW_CHILDREN_no
	.byte	3                               @ DW_AT_name
	.byte	14                              @ DW_FORM_strp
	.byte	62                              @ DW_AT_encoding
	.byte	11                              @ DW_FORM_data1
	.byte	11                              @ DW_AT_byte_size
	.byte	11                              @ DW_FORM_data1
	.byte	0                               @ EOM(1)
	.byte	0                               @ EOM(2)
	.byte	5                               @ Abbreviation Code
	.byte	15                              @ DW_TAG_pointer_type
	.byte	0                               @ DW_CHILDREN_no
	.byte	73                              @ DW_AT_type
	.byte	19                              @ DW_FORM_ref4
	.byte	0                               @ EOM(1)
	.byte	0                               @ EOM(2)
	.byte	6                               @ Abbreviation Code
	.byte	22                              @ DW_TAG_typedef
	.byte	0                               @ DW_CHILDREN_no
	.byte	73                              @ DW_AT_type
	.byte	19                              @ DW_FORM_ref4
	.byte	3                               @ DW_AT_name
	.byte	14                              @ DW_FORM_strp
	.byte	58                              @ DW_AT_decl_file
	.byte	11                              @ DW_FORM_data1
	.byte	59                              @ DW_AT_decl_line
	.byte	5                               @ DW_FORM_data2
	.byte	0                               @ EOM(1)
	.byte	0                               @ EOM(2)
	.byte	7                               @ Abbreviation Code
	.byte	19                              @ DW_TAG_structure_type
	.byte	1                               @ DW_CHILDREN_yes
	.byte	11                              @ DW_AT_byte_size
	.byte	5                               @ DW_FORM_data2
	.byte	58                              @ DW_AT_decl_file
	.byte	11                              @ DW_FORM_data1
	.byte	59                              @ DW_AT_decl_line
	.byte	5                               @ DW_FORM_data2
	.byte	0                               @ EOM(1)
	.byte	0                               @ EOM(2)
	.byte	8                               @ Abbreviation Code
	.byte	13                              @ DW_TAG_member
	.byte	0                               @ DW_CHILDREN_no
	.byte	3                               @ DW_AT_name
	.byte	14                              @ DW_FORM_strp
	.byte	73                              @ DW_AT_type
	.byte	19                              @ DW_FORM_ref4
	.byte	58                              @ DW_AT_decl_file
	.byte	11                              @ DW_FORM_data1
	.byte	59                              @ DW_AT_decl_line
	.byte	5                               @ DW_FORM_data2
	.byte	56                              @ DW_AT_data_member_location
	.byte	11                              @ DW_FORM_data1
	.byte	0                               @ EOM(1)
	.byte	0                               @ EOM(2)
	.byte	9                               @ Abbreviation Code
	.byte	13                              @ DW_TAG_member
	.byte	0                               @ DW_CHILDREN_no
	.byte	3                               @ DW_AT_name
	.byte	14                              @ DW_FORM_strp
	.byte	73                              @ DW_AT_type
	.byte	19                              @ DW_FORM_ref4
	.byte	58                              @ DW_AT_decl_file
	.byte	11                              @ DW_FORM_data1
	.byte	59                              @ DW_AT_decl_line
	.byte	5                               @ DW_FORM_data2
	.byte	56                              @ DW_AT_data_member_location
	.byte	5                               @ DW_FORM_data2
	.byte	0                               @ EOM(1)
	.byte	0                               @ EOM(2)
	.byte	10                              @ Abbreviation Code
	.byte	53                              @ DW_TAG_volatile_type
	.byte	0                               @ DW_CHILDREN_no
	.byte	73                              @ DW_AT_type
	.byte	19                              @ DW_FORM_ref4
	.byte	0                               @ EOM(1)
	.byte	0                               @ EOM(2)
	.byte	11                              @ Abbreviation Code
	.byte	22                              @ DW_TAG_typedef
	.byte	0                               @ DW_CHILDREN_no
	.byte	73                              @ DW_AT_type
	.byte	19                              @ DW_FORM_ref4
	.byte	3                               @ DW_AT_name
	.byte	14                              @ DW_FORM_strp
	.byte	58                              @ DW_AT_decl_file
	.byte	11                              @ DW_FORM_data1
	.byte	59                              @ DW_AT_decl_line
	.byte	11                              @ DW_FORM_data1
	.byte	0                               @ EOM(1)
	.byte	0                               @ EOM(2)
	.byte	12                              @ Abbreviation Code
	.byte	1                               @ DW_TAG_array_type
	.byte	1                               @ DW_CHILDREN_yes
	.byte	73                              @ DW_AT_type
	.byte	19                              @ DW_FORM_ref4
	.byte	0                               @ EOM(1)
	.byte	0                               @ EOM(2)
	.byte	13                              @ Abbreviation Code
	.byte	33                              @ DW_TAG_subrange_type
	.byte	0                               @ DW_CHILDREN_no
	.byte	73                              @ DW_AT_type
	.byte	19                              @ DW_FORM_ref4
	.byte	55                              @ DW_AT_count
	.byte	11                              @ DW_FORM_data1
	.byte	0                               @ EOM(1)
	.byte	0                               @ EOM(2)
	.byte	14                              @ Abbreviation Code
	.byte	36                              @ DW_TAG_base_type
	.byte	0                               @ DW_CHILDREN_no
	.byte	3                               @ DW_AT_name
	.byte	14                              @ DW_FORM_strp
	.byte	11                              @ DW_AT_byte_size
	.byte	11                              @ DW_FORM_data1
	.byte	62                              @ DW_AT_encoding
	.byte	11                              @ DW_FORM_data1
	.byte	0                               @ EOM(1)
	.byte	0                               @ EOM(2)
	.byte	15                              @ Abbreviation Code
	.byte	19                              @ DW_TAG_structure_type
	.byte	1                               @ DW_CHILDREN_yes
	.byte	11                              @ DW_AT_byte_size
	.byte	11                              @ DW_FORM_data1
	.byte	58                              @ DW_AT_decl_file
	.byte	11                              @ DW_FORM_data1
	.byte	59                              @ DW_AT_decl_line
	.byte	5                               @ DW_FORM_data2
	.byte	0                               @ EOM(1)
	.byte	0                               @ EOM(2)
	.byte	16                              @ Abbreviation Code
	.byte	46                              @ DW_TAG_subprogram
	.byte	1                               @ DW_CHILDREN_yes
	.byte	17                              @ DW_AT_low_pc
	.byte	1                               @ DW_FORM_addr
	.byte	18                              @ DW_AT_high_pc
	.byte	6                               @ DW_FORM_data4
	.byte	64                              @ DW_AT_frame_base
	.byte	24                              @ DW_FORM_exprloc
	.ascii	"\227B"                         @ DW_AT_GNU_all_call_sites
	.byte	25                              @ DW_FORM_flag_present
	.byte	3                               @ DW_AT_name
	.byte	14                              @ DW_FORM_strp
	.byte	58                              @ DW_AT_decl_file
	.byte	11                              @ DW_FORM_data1
	.byte	59                              @ DW_AT_decl_line
	.byte	11                              @ DW_FORM_data1
	.byte	39                              @ DW_AT_prototyped
	.byte	25                              @ DW_FORM_flag_present
	.byte	73                              @ DW_AT_type
	.byte	19                              @ DW_FORM_ref4
	.byte	63                              @ DW_AT_external
	.byte	25                              @ DW_FORM_flag_present
	.byte	0                               @ EOM(1)
	.byte	0                               @ EOM(2)
	.byte	17                              @ Abbreviation Code
	.byte	52                              @ DW_TAG_variable
	.byte	0                               @ DW_CHILDREN_no
	.byte	2                               @ DW_AT_location
	.byte	23                              @ DW_FORM_sec_offset
	.byte	3                               @ DW_AT_name
	.byte	14                              @ DW_FORM_strp
	.byte	58                              @ DW_AT_decl_file
	.byte	11                              @ DW_FORM_data1
	.byte	59                              @ DW_AT_decl_line
	.byte	11                              @ DW_FORM_data1
	.byte	73                              @ DW_AT_type
	.byte	19                              @ DW_FORM_ref4
	.byte	0                               @ EOM(1)
	.byte	0                               @ EOM(2)
	.byte	18                              @ Abbreviation Code
	.byte	46                              @ DW_TAG_subprogram
	.byte	1                               @ DW_CHILDREN_yes
	.byte	17                              @ DW_AT_low_pc
	.byte	1                               @ DW_FORM_addr
	.byte	18                              @ DW_AT_high_pc
	.byte	6                               @ DW_FORM_data4
	.byte	64                              @ DW_AT_frame_base
	.byte	24                              @ DW_FORM_exprloc
	.ascii	"\227B"                         @ DW_AT_GNU_all_call_sites
	.byte	25                              @ DW_FORM_flag_present
	.byte	3                               @ DW_AT_name
	.byte	14                              @ DW_FORM_strp
	.byte	58                              @ DW_AT_decl_file
	.byte	11                              @ DW_FORM_data1
	.byte	59                              @ DW_AT_decl_line
	.byte	5                               @ DW_FORM_data2
	.byte	39                              @ DW_AT_prototyped
	.byte	25                              @ DW_FORM_flag_present
	.byte	73                              @ DW_AT_type
	.byte	19                              @ DW_FORM_ref4
	.byte	63                              @ DW_AT_external
	.byte	25                              @ DW_FORM_flag_present
	.byte	0                               @ EOM(1)
	.byte	0                               @ EOM(2)
	.byte	19                              @ Abbreviation Code
	.byte	5                               @ DW_TAG_formal_parameter
	.byte	0                               @ DW_CHILDREN_no
	.byte	2                               @ DW_AT_location
	.byte	23                              @ DW_FORM_sec_offset
	.byte	3                               @ DW_AT_name
	.byte	14                              @ DW_FORM_strp
	.byte	58                              @ DW_AT_decl_file
	.byte	11                              @ DW_FORM_data1
	.byte	59                              @ DW_AT_decl_line
	.byte	5                               @ DW_FORM_data2
	.byte	73                              @ DW_AT_type
	.byte	19                              @ DW_FORM_ref4
	.byte	0                               @ EOM(1)
	.byte	0                               @ EOM(2)
	.byte	20                              @ Abbreviation Code
	.byte	52                              @ DW_TAG_variable
	.byte	0                               @ DW_CHILDREN_no
	.byte	2                               @ DW_AT_location
	.byte	23                              @ DW_FORM_sec_offset
	.byte	3                               @ DW_AT_name
	.byte	14                              @ DW_FORM_strp
	.byte	58                              @ DW_AT_decl_file
	.byte	11                              @ DW_FORM_data1
	.byte	59                              @ DW_AT_decl_line
	.byte	5                               @ DW_FORM_data2
	.byte	73                              @ DW_AT_type
	.byte	19                              @ DW_FORM_ref4
	.byte	0                               @ EOM(1)
	.byte	0                               @ EOM(2)
	.byte	21                              @ Abbreviation Code
	.byte	11                              @ DW_TAG_lexical_block
	.byte	1                               @ DW_CHILDREN_yes
	.byte	85                              @ DW_AT_ranges
	.byte	23                              @ DW_FORM_sec_offset
	.byte	0                               @ EOM(1)
	.byte	0                               @ EOM(2)
	.byte	22                              @ Abbreviation Code
	.byte	11                              @ DW_TAG_lexical_block
	.byte	1                               @ DW_CHILDREN_yes
	.byte	17                              @ DW_AT_low_pc
	.byte	1                               @ DW_FORM_addr
	.byte	18                              @ DW_AT_high_pc
	.byte	6                               @ DW_FORM_data4
	.byte	0                               @ EOM(1)
	.byte	0                               @ EOM(2)
	.byte	23                              @ Abbreviation Code
	.byte	52                              @ DW_TAG_variable
	.byte	0                               @ DW_CHILDREN_no
	.byte	3                               @ DW_AT_name
	.byte	14                              @ DW_FORM_strp
	.byte	58                              @ DW_AT_decl_file
	.byte	11                              @ DW_FORM_data1
	.byte	59                              @ DW_AT_decl_line
	.byte	5                               @ DW_FORM_data2
	.byte	73                              @ DW_AT_type
	.byte	19                              @ DW_FORM_ref4
	.byte	0                               @ EOM(1)
	.byte	0                               @ EOM(2)
	.byte	24                              @ Abbreviation Code
	.ascii	"\211\202\001"                  @ DW_TAG_GNU_call_site
	.byte	0                               @ DW_CHILDREN_no
	.byte	49                              @ DW_AT_abstract_origin
	.byte	19                              @ DW_FORM_ref4
	.ascii	"\225B"                         @ DW_AT_GNU_tail_call
	.byte	25                              @ DW_FORM_flag_present
	.byte	17                              @ DW_AT_low_pc
	.byte	1                               @ DW_FORM_addr
	.byte	0                               @ EOM(1)
	.byte	0                               @ EOM(2)
	.byte	25                              @ Abbreviation Code
	.byte	46                              @ DW_TAG_subprogram
	.byte	1                               @ DW_CHILDREN_yes
	.byte	3                               @ DW_AT_name
	.byte	14                              @ DW_FORM_strp
	.byte	58                              @ DW_AT_decl_file
	.byte	11                              @ DW_FORM_data1
	.byte	59                              @ DW_AT_decl_line
	.byte	5                               @ DW_FORM_data2
	.byte	39                              @ DW_AT_prototyped
	.byte	25                              @ DW_FORM_flag_present
	.byte	73                              @ DW_AT_type
	.byte	19                              @ DW_FORM_ref4
	.byte	60                              @ DW_AT_declaration
	.byte	25                              @ DW_FORM_flag_present
	.byte	63                              @ DW_AT_external
	.byte	25                              @ DW_FORM_flag_present
	.byte	0                               @ EOM(1)
	.byte	0                               @ EOM(2)
	.byte	26                              @ Abbreviation Code
	.byte	5                               @ DW_TAG_formal_parameter
	.byte	0                               @ DW_CHILDREN_no
	.byte	73                              @ DW_AT_type
	.byte	19                              @ DW_FORM_ref4
	.byte	0                               @ EOM(1)
	.byte	0                               @ EOM(2)
	.byte	27                              @ Abbreviation Code
	.byte	46                              @ DW_TAG_subprogram
	.byte	1                               @ DW_CHILDREN_yes
	.byte	17                              @ DW_AT_low_pc
	.byte	1                               @ DW_FORM_addr
	.byte	18                              @ DW_AT_high_pc
	.byte	6                               @ DW_FORM_data4
	.byte	64                              @ DW_AT_frame_base
	.byte	24                              @ DW_FORM_exprloc
	.ascii	"\227B"                         @ DW_AT_GNU_all_call_sites
	.byte	25                              @ DW_FORM_flag_present
	.byte	3                               @ DW_AT_name
	.byte	14                              @ DW_FORM_strp
	.byte	58                              @ DW_AT_decl_file
	.byte	11                              @ DW_FORM_data1
	.byte	59                              @ DW_AT_decl_line
	.byte	5                               @ DW_FORM_data2
	.byte	39                              @ DW_AT_prototyped
	.byte	25                              @ DW_FORM_flag_present
	.byte	63                              @ DW_AT_external
	.byte	25                              @ DW_FORM_flag_present
	.byte	0                               @ EOM(1)
	.byte	0                               @ EOM(2)
	.byte	28                              @ Abbreviation Code
	.byte	52                              @ DW_TAG_variable
	.byte	0                               @ DW_CHILDREN_no
	.byte	2                               @ DW_AT_location
	.byte	24                              @ DW_FORM_exprloc
	.byte	3                               @ DW_AT_name
	.byte	14                              @ DW_FORM_strp
	.byte	58                              @ DW_AT_decl_file
	.byte	11                              @ DW_FORM_data1
	.byte	59                              @ DW_AT_decl_line
	.byte	5                               @ DW_FORM_data2
	.byte	73                              @ DW_AT_type
	.byte	19                              @ DW_FORM_ref4
	.byte	0                               @ EOM(1)
	.byte	0                               @ EOM(2)
	.byte	29                              @ Abbreviation Code
	.byte	46                              @ DW_TAG_subprogram
	.byte	0                               @ DW_CHILDREN_no
	.byte	17                              @ DW_AT_low_pc
	.byte	1                               @ DW_FORM_addr
	.byte	18                              @ DW_AT_high_pc
	.byte	6                               @ DW_FORM_data4
	.byte	64                              @ DW_AT_frame_base
	.byte	24                              @ DW_FORM_exprloc
	.ascii	"\227B"                         @ DW_AT_GNU_all_call_sites
	.byte	25                              @ DW_FORM_flag_present
	.byte	3                               @ DW_AT_name
	.byte	14                              @ DW_FORM_strp
	.byte	58                              @ DW_AT_decl_file
	.byte	11                              @ DW_FORM_data1
	.byte	59                              @ DW_AT_decl_line
	.byte	5                               @ DW_FORM_data2
	.byte	39                              @ DW_AT_prototyped
	.byte	25                              @ DW_FORM_flag_present
	.byte	63                              @ DW_AT_external
	.byte	25                              @ DW_FORM_flag_present
	.byte	0                               @ EOM(1)
	.byte	0                               @ EOM(2)
	.byte	30                              @ Abbreviation Code
	.byte	46                              @ DW_TAG_subprogram
	.byte	1                               @ DW_CHILDREN_yes
	.byte	17                              @ DW_AT_low_pc
	.byte	1                               @ DW_FORM_addr
	.byte	18                              @ DW_AT_high_pc
	.byte	6                               @ DW_FORM_data4
	.byte	64                              @ DW_AT_frame_base
	.byte	24                              @ DW_FORM_exprloc
	.ascii	"\227B"                         @ DW_AT_GNU_all_call_sites
	.byte	25                              @ DW_FORM_flag_present
	.byte	49                              @ DW_AT_abstract_origin
	.byte	19                              @ DW_FORM_ref4
	.byte	0                               @ EOM(1)
	.byte	0                               @ EOM(2)
	.byte	31                              @ Abbreviation Code
	.byte	52                              @ DW_TAG_variable
	.byte	0                               @ DW_CHILDREN_no
	.byte	2                               @ DW_AT_location
	.byte	23                              @ DW_FORM_sec_offset
	.byte	49                              @ DW_AT_abstract_origin
	.byte	19                              @ DW_FORM_ref4
	.byte	0                               @ EOM(1)
	.byte	0                               @ EOM(2)
	.byte	32                              @ Abbreviation Code
	.byte	46                              @ DW_TAG_subprogram
	.byte	1                               @ DW_CHILDREN_yes
	.byte	3                               @ DW_AT_name
	.byte	14                              @ DW_FORM_strp
	.byte	58                              @ DW_AT_decl_file
	.byte	11                              @ DW_FORM_data1
	.byte	59                              @ DW_AT_decl_line
	.byte	5                               @ DW_FORM_data2
	.byte	39                              @ DW_AT_prototyped
	.byte	25                              @ DW_FORM_flag_present
	.byte	73                              @ DW_AT_type
	.byte	19                              @ DW_FORM_ref4
	.byte	63                              @ DW_AT_external
	.byte	25                              @ DW_FORM_flag_present
	.byte	32                              @ DW_AT_inline
	.byte	11                              @ DW_FORM_data1
	.byte	0                               @ EOM(1)
	.byte	0                               @ EOM(2)
	.byte	33                              @ Abbreviation Code
	.byte	29                              @ DW_TAG_inlined_subroutine
	.byte	1                               @ DW_CHILDREN_yes
	.byte	49                              @ DW_AT_abstract_origin
	.byte	19                              @ DW_FORM_ref4
	.byte	17                              @ DW_AT_low_pc
	.byte	1                               @ DW_FORM_addr
	.byte	18                              @ DW_AT_high_pc
	.byte	6                               @ DW_FORM_data4
	.byte	88                              @ DW_AT_call_file
	.byte	11                              @ DW_FORM_data1
	.byte	89                              @ DW_AT_call_line
	.byte	5                               @ DW_FORM_data2
	.byte	87                              @ DW_AT_call_column
	.byte	11                              @ DW_FORM_data1
	.byte	0                               @ EOM(1)
	.byte	0                               @ EOM(2)
	.byte	34                              @ Abbreviation Code
	.byte	5                               @ DW_TAG_formal_parameter
	.byte	0                               @ DW_CHILDREN_no
	.byte	2                               @ DW_AT_location
	.byte	24                              @ DW_FORM_exprloc
	.byte	3                               @ DW_AT_name
	.byte	14                              @ DW_FORM_strp
	.byte	58                              @ DW_AT_decl_file
	.byte	11                              @ DW_FORM_data1
	.byte	59                              @ DW_AT_decl_line
	.byte	5                               @ DW_FORM_data2
	.byte	73                              @ DW_AT_type
	.byte	19                              @ DW_FORM_ref4
	.byte	0                               @ EOM(1)
	.byte	0                               @ EOM(2)
	.byte	35                              @ Abbreviation Code
	.byte	38                              @ DW_TAG_const_type
	.byte	0                               @ DW_CHILDREN_no
	.byte	73                              @ DW_AT_type
	.byte	19                              @ DW_FORM_ref4
	.byte	0                               @ EOM(1)
	.byte	0                               @ EOM(2)
	.byte	36                              @ Abbreviation Code
	.byte	19                              @ DW_TAG_structure_type
	.byte	1                               @ DW_CHILDREN_yes
	.byte	11                              @ DW_AT_byte_size
	.byte	11                              @ DW_FORM_data1
	.byte	58                              @ DW_AT_decl_file
	.byte	11                              @ DW_FORM_data1
	.byte	59                              @ DW_AT_decl_line
	.byte	11                              @ DW_FORM_data1
	.byte	0                               @ EOM(1)
	.byte	0                               @ EOM(2)
	.byte	37                              @ Abbreviation Code
	.byte	13                              @ DW_TAG_member
	.byte	0                               @ DW_CHILDREN_no
	.byte	3                               @ DW_AT_name
	.byte	14                              @ DW_FORM_strp
	.byte	73                              @ DW_AT_type
	.byte	19                              @ DW_FORM_ref4
	.byte	58                              @ DW_AT_decl_file
	.byte	11                              @ DW_FORM_data1
	.byte	59                              @ DW_AT_decl_line
	.byte	11                              @ DW_FORM_data1
	.byte	56                              @ DW_AT_data_member_location
	.byte	11                              @ DW_FORM_data1
	.byte	0                               @ EOM(1)
	.byte	0                               @ EOM(2)
	.byte	0                               @ EOM(3)
	.section	.debug_info,"",%progbits
.Lcu_begin0:
	.long	.Ldebug_info_end0-.Ldebug_info_start0 @ Length of Unit
.Ldebug_info_start0:
	.short	4                               @ DWARF version number
	.long	.debug_abbrev                   @ Offset Into Abbrev. Section
	.byte	4                               @ Address Size (in bytes)
	.byte	1                               @ Abbrev [1] 0xb:0xd7c DW_TAG_compile_unit
	.long	.Linfo_string0                  @ DW_AT_producer
	.short	12                              @ DW_AT_language
	.long	.Linfo_string1                  @ DW_AT_name
	.long	.Lline_table_start0             @ DW_AT_stmt_list
	.long	.Linfo_string2                  @ DW_AT_comp_dir
	.long	0                               @ DW_AT_low_pc
	.long	.Ldebug_ranges3                 @ DW_AT_ranges
	.byte	2                               @ Abbrev [2] 0x26:0x21 DW_TAG_enumeration_type
	.long	71                              @ DW_AT_type
	.byte	1                               @ DW_AT_byte_size
	.byte	1                               @ DW_AT_decl_file
	.byte	39                              @ DW_AT_decl_line
	.byte	3                               @ Abbrev [3] 0x2e:0x6 DW_TAG_enumerator
	.long	.Linfo_string4                  @ DW_AT_name
	.byte	0                               @ DW_AT_const_value
	.byte	3                               @ Abbrev [3] 0x34:0x6 DW_TAG_enumerator
	.long	.Linfo_string5                  @ DW_AT_name
	.byte	1                               @ DW_AT_const_value
	.byte	3                               @ Abbrev [3] 0x3a:0x6 DW_TAG_enumerator
	.long	.Linfo_string6                  @ DW_AT_name
	.byte	2                               @ DW_AT_const_value
	.byte	3                               @ Abbrev [3] 0x40:0x6 DW_TAG_enumerator
	.long	.Linfo_string7                  @ DW_AT_name
	.byte	3                               @ DW_AT_const_value
	.byte	0                               @ End Of Children Mark
	.byte	4                               @ Abbrev [4] 0x47:0x7 DW_TAG_base_type
	.long	.Linfo_string3                  @ DW_AT_name
	.byte	8                               @ DW_AT_encoding
	.byte	1                               @ DW_AT_byte_size
	.byte	5                               @ Abbrev [5] 0x4e:0x5 DW_TAG_pointer_type
	.long	83                              @ DW_AT_type
	.byte	6                               @ Abbrev [6] 0x53:0xc DW_TAG_typedef
	.long	95                              @ DW_AT_type
	.long	.Linfo_string54                 @ DW_AT_name
	.byte	3                               @ DW_AT_decl_file
	.short	959                             @ DW_AT_decl_line
	.byte	7                               @ Abbrev [7] 0x5f:0x248 DW_TAG_structure_type
	.short	356                             @ DW_AT_byte_size
	.byte	3                               @ DW_AT_decl_file
	.short	914                             @ DW_AT_decl_line
	.byte	8                               @ Abbrev [8] 0x65:0xd DW_TAG_member
	.long	.Linfo_string8                  @ DW_AT_name
	.long	679                             @ DW_AT_type
	.byte	3                               @ DW_AT_decl_file
	.short	916                             @ DW_AT_decl_line
	.byte	0                               @ DW_AT_data_member_location
	.byte	8                               @ Abbrev [8] 0x72:0xd DW_TAG_member
	.long	.Linfo_string11                 @ DW_AT_name
	.long	679                             @ DW_AT_type
	.byte	3                               @ DW_AT_decl_file
	.short	917                             @ DW_AT_decl_line
	.byte	4                               @ DW_AT_data_member_location
	.byte	8                               @ Abbrev [8] 0x7f:0xd DW_TAG_member
	.long	.Linfo_string12                 @ DW_AT_name
	.long	679                             @ DW_AT_type
	.byte	3                               @ DW_AT_decl_file
	.short	918                             @ DW_AT_decl_line
	.byte	8                               @ DW_AT_data_member_location
	.byte	8                               @ Abbrev [8] 0x8c:0xd DW_TAG_member
	.long	.Linfo_string13                 @ DW_AT_name
	.long	679                             @ DW_AT_type
	.byte	3                               @ DW_AT_decl_file
	.short	919                             @ DW_AT_decl_line
	.byte	12                              @ DW_AT_data_member_location
	.byte	8                               @ Abbrev [8] 0x99:0xd DW_TAG_member
	.long	.Linfo_string14                 @ DW_AT_name
	.long	679                             @ DW_AT_type
	.byte	3                               @ DW_AT_decl_file
	.short	920                             @ DW_AT_decl_line
	.byte	16                              @ DW_AT_data_member_location
	.byte	8                               @ Abbrev [8] 0xa6:0xd DW_TAG_member
	.long	.Linfo_string15                 @ DW_AT_name
	.long	679                             @ DW_AT_type
	.byte	3                               @ DW_AT_decl_file
	.short	921                             @ DW_AT_decl_line
	.byte	20                              @ DW_AT_data_member_location
	.byte	8                               @ Abbrev [8] 0xb3:0xd DW_TAG_member
	.long	.Linfo_string16                 @ DW_AT_name
	.long	679                             @ DW_AT_type
	.byte	3                               @ DW_AT_decl_file
	.short	922                             @ DW_AT_decl_line
	.byte	24                              @ DW_AT_data_member_location
	.byte	8                               @ Abbrev [8] 0xc0:0xd DW_TAG_member
	.long	.Linfo_string17                 @ DW_AT_name
	.long	679                             @ DW_AT_type
	.byte	3                               @ DW_AT_decl_file
	.short	923                             @ DW_AT_decl_line
	.byte	28                              @ DW_AT_data_member_location
	.byte	8                               @ Abbrev [8] 0xcd:0xd DW_TAG_member
	.long	.Linfo_string18                 @ DW_AT_name
	.long	679                             @ DW_AT_type
	.byte	3                               @ DW_AT_decl_file
	.short	924                             @ DW_AT_decl_line
	.byte	32                              @ DW_AT_data_member_location
	.byte	8                               @ Abbrev [8] 0xda:0xd DW_TAG_member
	.long	.Linfo_string19                 @ DW_AT_name
	.long	679                             @ DW_AT_type
	.byte	3                               @ DW_AT_decl_file
	.short	925                             @ DW_AT_decl_line
	.byte	36                              @ DW_AT_data_member_location
	.byte	8                               @ Abbrev [8] 0xe7:0xd DW_TAG_member
	.long	.Linfo_string20                 @ DW_AT_name
	.long	679                             @ DW_AT_type
	.byte	3                               @ DW_AT_decl_file
	.short	926                             @ DW_AT_decl_line
	.byte	40                              @ DW_AT_data_member_location
	.byte	8                               @ Abbrev [8] 0xf4:0xd DW_TAG_member
	.long	.Linfo_string21                 @ DW_AT_name
	.long	679                             @ DW_AT_type
	.byte	3                               @ DW_AT_decl_file
	.short	927                             @ DW_AT_decl_line
	.byte	44                              @ DW_AT_data_member_location
	.byte	8                               @ Abbrev [8] 0x101:0xd DW_TAG_member
	.long	.Linfo_string22                 @ DW_AT_name
	.long	679                             @ DW_AT_type
	.byte	3                               @ DW_AT_decl_file
	.short	928                             @ DW_AT_decl_line
	.byte	48                              @ DW_AT_data_member_location
	.byte	8                               @ Abbrev [8] 0x10e:0xd DW_TAG_member
	.long	.Linfo_string23                 @ DW_AT_name
	.long	679                             @ DW_AT_type
	.byte	3                               @ DW_AT_decl_file
	.short	929                             @ DW_AT_decl_line
	.byte	52                              @ DW_AT_data_member_location
	.byte	8                               @ Abbrev [8] 0x11b:0xd DW_TAG_member
	.long	.Linfo_string24                 @ DW_AT_name
	.long	679                             @ DW_AT_type
	.byte	3                               @ DW_AT_decl_file
	.short	930                             @ DW_AT_decl_line
	.byte	56                              @ DW_AT_data_member_location
	.byte	8                               @ Abbrev [8] 0x128:0xd DW_TAG_member
	.long	.Linfo_string25                 @ DW_AT_name
	.long	679                             @ DW_AT_type
	.byte	3                               @ DW_AT_decl_file
	.short	931                             @ DW_AT_decl_line
	.byte	60                              @ DW_AT_data_member_location
	.byte	8                               @ Abbrev [8] 0x135:0xd DW_TAG_member
	.long	.Linfo_string26                 @ DW_AT_name
	.long	679                             @ DW_AT_type
	.byte	3                               @ DW_AT_decl_file
	.short	932                             @ DW_AT_decl_line
	.byte	64                              @ DW_AT_data_member_location
	.byte	8                               @ Abbrev [8] 0x142:0xd DW_TAG_member
	.long	.Linfo_string27                 @ DW_AT_name
	.long	679                             @ DW_AT_type
	.byte	3                               @ DW_AT_decl_file
	.short	933                             @ DW_AT_decl_line
	.byte	68                              @ DW_AT_data_member_location
	.byte	8                               @ Abbrev [8] 0x14f:0xd DW_TAG_member
	.long	.Linfo_string28                 @ DW_AT_name
	.long	702                             @ DW_AT_type
	.byte	3                               @ DW_AT_decl_file
	.short	934                             @ DW_AT_decl_line
	.byte	72                              @ DW_AT_data_member_location
	.byte	8                               @ Abbrev [8] 0x15c:0xd DW_TAG_member
	.long	.Linfo_string30                 @ DW_AT_name
	.long	679                             @ DW_AT_type
	.byte	3                               @ DW_AT_decl_file
	.short	935                             @ DW_AT_decl_line
	.byte	80                              @ DW_AT_data_member_location
	.byte	8                               @ Abbrev [8] 0x169:0xd DW_TAG_member
	.long	.Linfo_string31                 @ DW_AT_name
	.long	679                             @ DW_AT_type
	.byte	3                               @ DW_AT_decl_file
	.short	936                             @ DW_AT_decl_line
	.byte	84                              @ DW_AT_data_member_location
	.byte	8                               @ Abbrev [8] 0x176:0xd DW_TAG_member
	.long	.Linfo_string32                 @ DW_AT_name
	.long	679                             @ DW_AT_type
	.byte	3                               @ DW_AT_decl_file
	.short	937                             @ DW_AT_decl_line
	.byte	88                              @ DW_AT_data_member_location
	.byte	8                               @ Abbrev [8] 0x183:0xd DW_TAG_member
	.long	.Linfo_string33                 @ DW_AT_name
	.long	679                             @ DW_AT_type
	.byte	3                               @ DW_AT_decl_file
	.short	938                             @ DW_AT_decl_line
	.byte	92                              @ DW_AT_data_member_location
	.byte	8                               @ Abbrev [8] 0x190:0xd DW_TAG_member
	.long	.Linfo_string34                 @ DW_AT_name
	.long	679                             @ DW_AT_type
	.byte	3                               @ DW_AT_decl_file
	.short	939                             @ DW_AT_decl_line
	.byte	96                              @ DW_AT_data_member_location
	.byte	8                               @ Abbrev [8] 0x19d:0xd DW_TAG_member
	.long	.Linfo_string35                 @ DW_AT_name
	.long	721                             @ DW_AT_type
	.byte	3                               @ DW_AT_decl_file
	.short	940                             @ DW_AT_decl_line
	.byte	100                             @ DW_AT_data_member_location
	.byte	9                               @ Abbrev [9] 0x1aa:0xe DW_TAG_member
	.long	.Linfo_string36                 @ DW_AT_name
	.long	679                             @ DW_AT_type
	.byte	3                               @ DW_AT_decl_file
	.short	941                             @ DW_AT_decl_line
	.short	260                             @ DW_AT_data_member_location
	.byte	9                               @ Abbrev [9] 0x1b8:0xe DW_TAG_member
	.long	.Linfo_string37                 @ DW_AT_name
	.long	684                             @ DW_AT_type
	.byte	3                               @ DW_AT_decl_file
	.short	942                             @ DW_AT_decl_line
	.short	264                             @ DW_AT_data_member_location
	.byte	9                               @ Abbrev [9] 0x1c6:0xe DW_TAG_member
	.long	.Linfo_string38                 @ DW_AT_name
	.long	679                             @ DW_AT_type
	.byte	3                               @ DW_AT_decl_file
	.short	943                             @ DW_AT_decl_line
	.short	268                             @ DW_AT_data_member_location
	.byte	9                               @ Abbrev [9] 0x1d4:0xe DW_TAG_member
	.long	.Linfo_string39                 @ DW_AT_name
	.long	679                             @ DW_AT_type
	.byte	3                               @ DW_AT_decl_file
	.short	944                             @ DW_AT_decl_line
	.short	272                             @ DW_AT_data_member_location
	.byte	9                               @ Abbrev [9] 0x1e2:0xe DW_TAG_member
	.long	.Linfo_string40                 @ DW_AT_name
	.long	679                             @ DW_AT_type
	.byte	3                               @ DW_AT_decl_file
	.short	945                             @ DW_AT_decl_line
	.short	276                             @ DW_AT_data_member_location
	.byte	9                               @ Abbrev [9] 0x1f0:0xe DW_TAG_member
	.long	.Linfo_string41                 @ DW_AT_name
	.long	733                             @ DW_AT_type
	.byte	3                               @ DW_AT_decl_file
	.short	946                             @ DW_AT_decl_line
	.short	280                             @ DW_AT_data_member_location
	.byte	9                               @ Abbrev [9] 0x1fe:0xe DW_TAG_member
	.long	.Linfo_string42                 @ DW_AT_name
	.long	679                             @ DW_AT_type
	.byte	3                               @ DW_AT_decl_file
	.short	947                             @ DW_AT_decl_line
	.short	296                             @ DW_AT_data_member_location
	.byte	9                               @ Abbrev [9] 0x20c:0xe DW_TAG_member
	.long	.Linfo_string43                 @ DW_AT_name
	.long	679                             @ DW_AT_type
	.byte	3                               @ DW_AT_decl_file
	.short	948                             @ DW_AT_decl_line
	.short	300                             @ DW_AT_data_member_location
	.byte	9                               @ Abbrev [9] 0x21a:0xe DW_TAG_member
	.long	.Linfo_string44                 @ DW_AT_name
	.long	679                             @ DW_AT_type
	.byte	3                               @ DW_AT_decl_file
	.short	949                             @ DW_AT_decl_line
	.short	304                             @ DW_AT_data_member_location
	.byte	9                               @ Abbrev [9] 0x228:0xe DW_TAG_member
	.long	.Linfo_string45                 @ DW_AT_name
	.long	679                             @ DW_AT_type
	.byte	3                               @ DW_AT_decl_file
	.short	950                             @ DW_AT_decl_line
	.short	308                             @ DW_AT_data_member_location
	.byte	9                               @ Abbrev [9] 0x236:0xe DW_TAG_member
	.long	.Linfo_string46                 @ DW_AT_name
	.long	679                             @ DW_AT_type
	.byte	3                               @ DW_AT_decl_file
	.short	951                             @ DW_AT_decl_line
	.short	312                             @ DW_AT_data_member_location
	.byte	9                               @ Abbrev [9] 0x244:0xe DW_TAG_member
	.long	.Linfo_string47                 @ DW_AT_name
	.long	679                             @ DW_AT_type
	.byte	3                               @ DW_AT_decl_file
	.short	952                             @ DW_AT_decl_line
	.short	316                             @ DW_AT_data_member_location
	.byte	9                               @ Abbrev [9] 0x252:0xe DW_TAG_member
	.long	.Linfo_string48                 @ DW_AT_name
	.long	733                             @ DW_AT_type
	.byte	3                               @ DW_AT_decl_file
	.short	953                             @ DW_AT_decl_line
	.short	320                             @ DW_AT_data_member_location
	.byte	9                               @ Abbrev [9] 0x260:0xe DW_TAG_member
	.long	.Linfo_string49                 @ DW_AT_name
	.long	679                             @ DW_AT_type
	.byte	3                               @ DW_AT_decl_file
	.short	954                             @ DW_AT_decl_line
	.short	336                             @ DW_AT_data_member_location
	.byte	9                               @ Abbrev [9] 0x26e:0xe DW_TAG_member
	.long	.Linfo_string50                 @ DW_AT_name
	.long	679                             @ DW_AT_type
	.byte	3                               @ DW_AT_decl_file
	.short	955                             @ DW_AT_decl_line
	.short	340                             @ DW_AT_data_member_location
	.byte	9                               @ Abbrev [9] 0x27c:0xe DW_TAG_member
	.long	.Linfo_string51                 @ DW_AT_name
	.long	679                             @ DW_AT_type
	.byte	3                               @ DW_AT_decl_file
	.short	956                             @ DW_AT_decl_line
	.short	344                             @ DW_AT_data_member_location
	.byte	9                               @ Abbrev [9] 0x28a:0xe DW_TAG_member
	.long	.Linfo_string52                 @ DW_AT_name
	.long	679                             @ DW_AT_type
	.byte	3                               @ DW_AT_decl_file
	.short	957                             @ DW_AT_decl_line
	.short	348                             @ DW_AT_data_member_location
	.byte	9                               @ Abbrev [9] 0x298:0xe DW_TAG_member
	.long	.Linfo_string53                 @ DW_AT_name
	.long	679                             @ DW_AT_type
	.byte	3                               @ DW_AT_decl_file
	.short	958                             @ DW_AT_decl_line
	.short	352                             @ DW_AT_data_member_location
	.byte	0                               @ End Of Children Mark
	.byte	10                              @ Abbrev [10] 0x2a7:0x5 DW_TAG_volatile_type
	.long	684                             @ DW_AT_type
	.byte	11                              @ Abbrev [11] 0x2ac:0xb DW_TAG_typedef
	.long	695                             @ DW_AT_type
	.long	.Linfo_string10                 @ DW_AT_name
	.byte	2                               @ DW_AT_decl_file
	.byte	64                              @ DW_AT_decl_line
	.byte	4                               @ Abbrev [4] 0x2b7:0x7 DW_TAG_base_type
	.long	.Linfo_string9                  @ DW_AT_name
	.byte	7                               @ DW_AT_encoding
	.byte	4                               @ DW_AT_byte_size
	.byte	12                              @ Abbrev [12] 0x2be:0xc DW_TAG_array_type
	.long	684                             @ DW_AT_type
	.byte	13                              @ Abbrev [13] 0x2c3:0x6 DW_TAG_subrange_type
	.long	714                             @ DW_AT_type
	.byte	2                               @ DW_AT_count
	.byte	0                               @ End Of Children Mark
	.byte	14                              @ Abbrev [14] 0x2ca:0x7 DW_TAG_base_type
	.long	.Linfo_string29                 @ DW_AT_name
	.byte	8                               @ DW_AT_byte_size
	.byte	7                               @ DW_AT_encoding
	.byte	12                              @ Abbrev [12] 0x2d1:0xc DW_TAG_array_type
	.long	684                             @ DW_AT_type
	.byte	13                              @ Abbrev [13] 0x2d6:0x6 DW_TAG_subrange_type
	.long	714                             @ DW_AT_type
	.byte	40                              @ DW_AT_count
	.byte	0                               @ End Of Children Mark
	.byte	12                              @ Abbrev [12] 0x2dd:0xc DW_TAG_array_type
	.long	684                             @ DW_AT_type
	.byte	13                              @ Abbrev [13] 0x2e2:0x6 DW_TAG_subrange_type
	.long	714                             @ DW_AT_type
	.byte	4                               @ DW_AT_count
	.byte	0                               @ End Of Children Mark
	.byte	5                               @ Abbrev [5] 0x2e9:0x5 DW_TAG_pointer_type
	.long	750                             @ DW_AT_type
	.byte	6                               @ Abbrev [6] 0x2ee:0xc DW_TAG_typedef
	.long	762                             @ DW_AT_type
	.long	.Linfo_string116                @ DW_AT_name
	.byte	3                               @ DW_AT_decl_file
	.short	1297                            @ DW_AT_decl_line
	.byte	7                               @ Abbrev [7] 0x2fa:0x35d DW_TAG_structure_type
	.short	304                             @ DW_AT_byte_size
	.byte	3                               @ DW_AT_decl_file
	.short	1229                            @ DW_AT_decl_line
	.byte	8                               @ Abbrev [8] 0x300:0xd DW_TAG_member
	.long	.Linfo_string55                 @ DW_AT_name
	.long	679                             @ DW_AT_type
	.byte	3                               @ DW_AT_decl_file
	.short	1231                            @ DW_AT_decl_line
	.byte	0                               @ DW_AT_data_member_location
	.byte	8                               @ Abbrev [8] 0x30d:0xd DW_TAG_member
	.long	.Linfo_string56                 @ DW_AT_name
	.long	679                             @ DW_AT_type
	.byte	3                               @ DW_AT_decl_file
	.short	1232                            @ DW_AT_decl_line
	.byte	4                               @ DW_AT_data_member_location
	.byte	8                               @ Abbrev [8] 0x31a:0xd DW_TAG_member
	.long	.Linfo_string57                 @ DW_AT_name
	.long	679                             @ DW_AT_type
	.byte	3                               @ DW_AT_decl_file
	.short	1233                            @ DW_AT_decl_line
	.byte	8                               @ DW_AT_data_member_location
	.byte	8                               @ Abbrev [8] 0x327:0xd DW_TAG_member
	.long	.Linfo_string58                 @ DW_AT_name
	.long	679                             @ DW_AT_type
	.byte	3                               @ DW_AT_decl_file
	.short	1234                            @ DW_AT_decl_line
	.byte	12                              @ DW_AT_data_member_location
	.byte	8                               @ Abbrev [8] 0x334:0xd DW_TAG_member
	.long	.Linfo_string59                 @ DW_AT_name
	.long	679                             @ DW_AT_type
	.byte	3                               @ DW_AT_decl_file
	.short	1235                            @ DW_AT_decl_line
	.byte	16                              @ DW_AT_data_member_location
	.byte	8                               @ Abbrev [8] 0x341:0xd DW_TAG_member
	.long	.Linfo_string35                 @ DW_AT_name
	.long	684                             @ DW_AT_type
	.byte	3                               @ DW_AT_decl_file
	.short	1236                            @ DW_AT_decl_line
	.byte	20                              @ DW_AT_data_member_location
	.byte	8                               @ Abbrev [8] 0x34e:0xd DW_TAG_member
	.long	.Linfo_string60                 @ DW_AT_name
	.long	679                             @ DW_AT_type
	.byte	3                               @ DW_AT_decl_file
	.short	1237                            @ DW_AT_decl_line
	.byte	24                              @ DW_AT_data_member_location
	.byte	8                               @ Abbrev [8] 0x35b:0xd DW_TAG_member
	.long	.Linfo_string61                 @ DW_AT_name
	.long	679                             @ DW_AT_type
	.byte	3                               @ DW_AT_decl_file
	.short	1238                            @ DW_AT_decl_line
	.byte	28                              @ DW_AT_data_member_location
	.byte	8                               @ Abbrev [8] 0x368:0xd DW_TAG_member
	.long	.Linfo_string62                 @ DW_AT_name
	.long	679                             @ DW_AT_type
	.byte	3                               @ DW_AT_decl_file
	.short	1239                            @ DW_AT_decl_line
	.byte	32                              @ DW_AT_data_member_location
	.byte	8                               @ Abbrev [8] 0x375:0xd DW_TAG_member
	.long	.Linfo_string37                 @ DW_AT_name
	.long	684                             @ DW_AT_type
	.byte	3                               @ DW_AT_decl_file
	.short	1240                            @ DW_AT_decl_line
	.byte	36                              @ DW_AT_data_member_location
	.byte	8                               @ Abbrev [8] 0x382:0xd DW_TAG_member
	.long	.Linfo_string63                 @ DW_AT_name
	.long	679                             @ DW_AT_type
	.byte	3                               @ DW_AT_decl_file
	.short	1241                            @ DW_AT_decl_line
	.byte	40                              @ DW_AT_data_member_location
	.byte	8                               @ Abbrev [8] 0x38f:0xd DW_TAG_member
	.long	.Linfo_string64                 @ DW_AT_name
	.long	679                             @ DW_AT_type
	.byte	3                               @ DW_AT_decl_file
	.short	1242                            @ DW_AT_decl_line
	.byte	44                              @ DW_AT_data_member_location
	.byte	8                               @ Abbrev [8] 0x39c:0xd DW_TAG_member
	.long	.Linfo_string65                 @ DW_AT_name
	.long	679                             @ DW_AT_type
	.byte	3                               @ DW_AT_decl_file
	.short	1243                            @ DW_AT_decl_line
	.byte	48                              @ DW_AT_data_member_location
	.byte	8                               @ Abbrev [8] 0x3a9:0xd DW_TAG_member
	.long	.Linfo_string66                 @ DW_AT_name
	.long	679                             @ DW_AT_type
	.byte	3                               @ DW_AT_decl_file
	.short	1244                            @ DW_AT_decl_line
	.byte	52                              @ DW_AT_data_member_location
	.byte	8                               @ Abbrev [8] 0x3b6:0xd DW_TAG_member
	.long	.Linfo_string67                 @ DW_AT_name
	.long	679                             @ DW_AT_type
	.byte	3                               @ DW_AT_decl_file
	.short	1245                            @ DW_AT_decl_line
	.byte	56                              @ DW_AT_data_member_location
	.byte	8                               @ Abbrev [8] 0x3c3:0xd DW_TAG_member
	.long	.Linfo_string68                 @ DW_AT_name
	.long	679                             @ DW_AT_type
	.byte	3                               @ DW_AT_decl_file
	.short	1246                            @ DW_AT_decl_line
	.byte	60                              @ DW_AT_data_member_location
	.byte	8                               @ Abbrev [8] 0x3d0:0xd DW_TAG_member
	.long	.Linfo_string69                 @ DW_AT_name
	.long	679                             @ DW_AT_type
	.byte	3                               @ DW_AT_decl_file
	.short	1247                            @ DW_AT_decl_line
	.byte	64                              @ DW_AT_data_member_location
	.byte	8                               @ Abbrev [8] 0x3dd:0xd DW_TAG_member
	.long	.Linfo_string70                 @ DW_AT_name
	.long	679                             @ DW_AT_type
	.byte	3                               @ DW_AT_decl_file
	.short	1248                            @ DW_AT_decl_line
	.byte	68                              @ DW_AT_data_member_location
	.byte	8                               @ Abbrev [8] 0x3ea:0xd DW_TAG_member
	.long	.Linfo_string41                 @ DW_AT_name
	.long	684                             @ DW_AT_type
	.byte	3                               @ DW_AT_decl_file
	.short	1249                            @ DW_AT_decl_line
	.byte	72                              @ DW_AT_data_member_location
	.byte	8                               @ Abbrev [8] 0x3f7:0xd DW_TAG_member
	.long	.Linfo_string71                 @ DW_AT_name
	.long	679                             @ DW_AT_type
	.byte	3                               @ DW_AT_decl_file
	.short	1250                            @ DW_AT_decl_line
	.byte	76                              @ DW_AT_data_member_location
	.byte	8                               @ Abbrev [8] 0x404:0xd DW_TAG_member
	.long	.Linfo_string72                 @ DW_AT_name
	.long	679                             @ DW_AT_type
	.byte	3                               @ DW_AT_decl_file
	.short	1251                            @ DW_AT_decl_line
	.byte	80                              @ DW_AT_data_member_location
	.byte	8                               @ Abbrev [8] 0x411:0xd DW_TAG_member
	.long	.Linfo_string73                 @ DW_AT_name
	.long	679                             @ DW_AT_type
	.byte	3                               @ DW_AT_decl_file
	.short	1252                            @ DW_AT_decl_line
	.byte	84                              @ DW_AT_data_member_location
	.byte	8                               @ Abbrev [8] 0x41e:0xd DW_TAG_member
	.long	.Linfo_string74                 @ DW_AT_name
	.long	679                             @ DW_AT_type
	.byte	3                               @ DW_AT_decl_file
	.short	1253                            @ DW_AT_decl_line
	.byte	88                              @ DW_AT_data_member_location
	.byte	8                               @ Abbrev [8] 0x42b:0xd DW_TAG_member
	.long	.Linfo_string48                 @ DW_AT_name
	.long	684                             @ DW_AT_type
	.byte	3                               @ DW_AT_decl_file
	.short	1254                            @ DW_AT_decl_line
	.byte	92                              @ DW_AT_data_member_location
	.byte	8                               @ Abbrev [8] 0x438:0xd DW_TAG_member
	.long	.Linfo_string75                 @ DW_AT_name
	.long	679                             @ DW_AT_type
	.byte	3                               @ DW_AT_decl_file
	.short	1255                            @ DW_AT_decl_line
	.byte	96                              @ DW_AT_data_member_location
	.byte	8                               @ Abbrev [8] 0x445:0xd DW_TAG_member
	.long	.Linfo_string76                 @ DW_AT_name
	.long	679                             @ DW_AT_type
	.byte	3                               @ DW_AT_decl_file
	.short	1256                            @ DW_AT_decl_line
	.byte	100                             @ DW_AT_data_member_location
	.byte	8                               @ Abbrev [8] 0x452:0xd DW_TAG_member
	.long	.Linfo_string77                 @ DW_AT_name
	.long	679                             @ DW_AT_type
	.byte	3                               @ DW_AT_decl_file
	.short	1257                            @ DW_AT_decl_line
	.byte	104                             @ DW_AT_data_member_location
	.byte	8                               @ Abbrev [8] 0x45f:0xd DW_TAG_member
	.long	.Linfo_string78                 @ DW_AT_name
	.long	684                             @ DW_AT_type
	.byte	3                               @ DW_AT_decl_file
	.short	1258                            @ DW_AT_decl_line
	.byte	108                             @ DW_AT_data_member_location
	.byte	8                               @ Abbrev [8] 0x46c:0xd DW_TAG_member
	.long	.Linfo_string79                 @ DW_AT_name
	.long	679                             @ DW_AT_type
	.byte	3                               @ DW_AT_decl_file
	.short	1259                            @ DW_AT_decl_line
	.byte	112                             @ DW_AT_data_member_location
	.byte	8                               @ Abbrev [8] 0x479:0xd DW_TAG_member
	.long	.Linfo_string80                 @ DW_AT_name
	.long	679                             @ DW_AT_type
	.byte	3                               @ DW_AT_decl_file
	.short	1260                            @ DW_AT_decl_line
	.byte	116                             @ DW_AT_data_member_location
	.byte	8                               @ Abbrev [8] 0x486:0xd DW_TAG_member
	.long	.Linfo_string81                 @ DW_AT_name
	.long	684                             @ DW_AT_type
	.byte	3                               @ DW_AT_decl_file
	.short	1261                            @ DW_AT_decl_line
	.byte	120                             @ DW_AT_data_member_location
	.byte	8                               @ Abbrev [8] 0x493:0xd DW_TAG_member
	.long	.Linfo_string82                 @ DW_AT_name
	.long	679                             @ DW_AT_type
	.byte	3                               @ DW_AT_decl_file
	.short	1262                            @ DW_AT_decl_line
	.byte	124                             @ DW_AT_data_member_location
	.byte	8                               @ Abbrev [8] 0x4a0:0xd DW_TAG_member
	.long	.Linfo_string83                 @ DW_AT_name
	.long	679                             @ DW_AT_type
	.byte	3                               @ DW_AT_decl_file
	.short	1263                            @ DW_AT_decl_line
	.byte	128                             @ DW_AT_data_member_location
	.byte	8                               @ Abbrev [8] 0x4ad:0xd DW_TAG_member
	.long	.Linfo_string84                 @ DW_AT_name
	.long	679                             @ DW_AT_type
	.byte	3                               @ DW_AT_decl_file
	.short	1264                            @ DW_AT_decl_line
	.byte	132                             @ DW_AT_data_member_location
	.byte	8                               @ Abbrev [8] 0x4ba:0xd DW_TAG_member
	.long	.Linfo_string85                 @ DW_AT_name
	.long	679                             @ DW_AT_type
	.byte	3                               @ DW_AT_decl_file
	.short	1265                            @ DW_AT_decl_line
	.byte	136                             @ DW_AT_data_member_location
	.byte	8                               @ Abbrev [8] 0x4c7:0xd DW_TAG_member
	.long	.Linfo_string86                 @ DW_AT_name
	.long	679                             @ DW_AT_type
	.byte	3                               @ DW_AT_decl_file
	.short	1266                            @ DW_AT_decl_line
	.byte	140                             @ DW_AT_data_member_location
	.byte	8                               @ Abbrev [8] 0x4d4:0xd DW_TAG_member
	.long	.Linfo_string87                 @ DW_AT_name
	.long	679                             @ DW_AT_type
	.byte	3                               @ DW_AT_decl_file
	.short	1267                            @ DW_AT_decl_line
	.byte	144                             @ DW_AT_data_member_location
	.byte	8                               @ Abbrev [8] 0x4e1:0xd DW_TAG_member
	.long	.Linfo_string88                 @ DW_AT_name
	.long	679                             @ DW_AT_type
	.byte	3                               @ DW_AT_decl_file
	.short	1268                            @ DW_AT_decl_line
	.byte	148                             @ DW_AT_data_member_location
	.byte	8                               @ Abbrev [8] 0x4ee:0xd DW_TAG_member
	.long	.Linfo_string89                 @ DW_AT_name
	.long	679                             @ DW_AT_type
	.byte	3                               @ DW_AT_decl_file
	.short	1269                            @ DW_AT_decl_line
	.byte	152                             @ DW_AT_data_member_location
	.byte	8                               @ Abbrev [8] 0x4fb:0xd DW_TAG_member
	.long	.Linfo_string90                 @ DW_AT_name
	.long	679                             @ DW_AT_type
	.byte	3                               @ DW_AT_decl_file
	.short	1270                            @ DW_AT_decl_line
	.byte	156                             @ DW_AT_data_member_location
	.byte	8                               @ Abbrev [8] 0x508:0xd DW_TAG_member
	.long	.Linfo_string91                 @ DW_AT_name
	.long	679                             @ DW_AT_type
	.byte	3                               @ DW_AT_decl_file
	.short	1271                            @ DW_AT_decl_line
	.byte	160                             @ DW_AT_data_member_location
	.byte	8                               @ Abbrev [8] 0x515:0xd DW_TAG_member
	.long	.Linfo_string92                 @ DW_AT_name
	.long	684                             @ DW_AT_type
	.byte	3                               @ DW_AT_decl_file
	.short	1272                            @ DW_AT_decl_line
	.byte	164                             @ DW_AT_data_member_location
	.byte	8                               @ Abbrev [8] 0x522:0xd DW_TAG_member
	.long	.Linfo_string93                 @ DW_AT_name
	.long	679                             @ DW_AT_type
	.byte	3                               @ DW_AT_decl_file
	.short	1273                            @ DW_AT_decl_line
	.byte	168                             @ DW_AT_data_member_location
	.byte	8                               @ Abbrev [8] 0x52f:0xd DW_TAG_member
	.long	.Linfo_string94                 @ DW_AT_name
	.long	1623                            @ DW_AT_type
	.byte	3                               @ DW_AT_decl_file
	.short	1274                            @ DW_AT_decl_line
	.byte	172                             @ DW_AT_data_member_location
	.byte	8                               @ Abbrev [8] 0x53c:0xd DW_TAG_member
	.long	.Linfo_string95                 @ DW_AT_name
	.long	679                             @ DW_AT_type
	.byte	3                               @ DW_AT_decl_file
	.short	1275                            @ DW_AT_decl_line
	.byte	208                             @ DW_AT_data_member_location
	.byte	8                               @ Abbrev [8] 0x549:0xd DW_TAG_member
	.long	.Linfo_string96                 @ DW_AT_name
	.long	679                             @ DW_AT_type
	.byte	3                               @ DW_AT_decl_file
	.short	1276                            @ DW_AT_decl_line
	.byte	212                             @ DW_AT_data_member_location
	.byte	8                               @ Abbrev [8] 0x556:0xd DW_TAG_member
	.long	.Linfo_string97                 @ DW_AT_name
	.long	679                             @ DW_AT_type
	.byte	3                               @ DW_AT_decl_file
	.short	1277                            @ DW_AT_decl_line
	.byte	216                             @ DW_AT_data_member_location
	.byte	8                               @ Abbrev [8] 0x563:0xd DW_TAG_member
	.long	.Linfo_string98                 @ DW_AT_name
	.long	679                             @ DW_AT_type
	.byte	3                               @ DW_AT_decl_file
	.short	1278                            @ DW_AT_decl_line
	.byte	220                             @ DW_AT_data_member_location
	.byte	8                               @ Abbrev [8] 0x570:0xd DW_TAG_member
	.long	.Linfo_string99                 @ DW_AT_name
	.long	679                             @ DW_AT_type
	.byte	3                               @ DW_AT_decl_file
	.short	1279                            @ DW_AT_decl_line
	.byte	224                             @ DW_AT_data_member_location
	.byte	8                               @ Abbrev [8] 0x57d:0xd DW_TAG_member
	.long	.Linfo_string100                @ DW_AT_name
	.long	679                             @ DW_AT_type
	.byte	3                               @ DW_AT_decl_file
	.short	1280                            @ DW_AT_decl_line
	.byte	228                             @ DW_AT_data_member_location
	.byte	8                               @ Abbrev [8] 0x58a:0xd DW_TAG_member
	.long	.Linfo_string101                @ DW_AT_name
	.long	679                             @ DW_AT_type
	.byte	3                               @ DW_AT_decl_file
	.short	1281                            @ DW_AT_decl_line
	.byte	232                             @ DW_AT_data_member_location
	.byte	8                               @ Abbrev [8] 0x597:0xd DW_TAG_member
	.long	.Linfo_string102                @ DW_AT_name
	.long	679                             @ DW_AT_type
	.byte	3                               @ DW_AT_decl_file
	.short	1282                            @ DW_AT_decl_line
	.byte	236                             @ DW_AT_data_member_location
	.byte	8                               @ Abbrev [8] 0x5a4:0xd DW_TAG_member
	.long	.Linfo_string103                @ DW_AT_name
	.long	679                             @ DW_AT_type
	.byte	3                               @ DW_AT_decl_file
	.short	1283                            @ DW_AT_decl_line
	.byte	240                             @ DW_AT_data_member_location
	.byte	8                               @ Abbrev [8] 0x5b1:0xd DW_TAG_member
	.long	.Linfo_string104                @ DW_AT_name
	.long	679                             @ DW_AT_type
	.byte	3                               @ DW_AT_decl_file
	.short	1284                            @ DW_AT_decl_line
	.byte	244                             @ DW_AT_data_member_location
	.byte	8                               @ Abbrev [8] 0x5be:0xd DW_TAG_member
	.long	.Linfo_string105                @ DW_AT_name
	.long	684                             @ DW_AT_type
	.byte	3                               @ DW_AT_decl_file
	.short	1285                            @ DW_AT_decl_line
	.byte	248                             @ DW_AT_data_member_location
	.byte	8                               @ Abbrev [8] 0x5cb:0xd DW_TAG_member
	.long	.Linfo_string106                @ DW_AT_name
	.long	679                             @ DW_AT_type
	.byte	3                               @ DW_AT_decl_file
	.short	1286                            @ DW_AT_decl_line
	.byte	252                             @ DW_AT_data_member_location
	.byte	9                               @ Abbrev [9] 0x5d8:0xe DW_TAG_member
	.long	.Linfo_string107                @ DW_AT_name
	.long	679                             @ DW_AT_type
	.byte	3                               @ DW_AT_decl_file
	.short	1287                            @ DW_AT_decl_line
	.short	256                             @ DW_AT_data_member_location
	.byte	9                               @ Abbrev [9] 0x5e6:0xe DW_TAG_member
	.long	.Linfo_string108                @ DW_AT_name
	.long	679                             @ DW_AT_type
	.byte	3                               @ DW_AT_decl_file
	.short	1288                            @ DW_AT_decl_line
	.short	260                             @ DW_AT_data_member_location
	.byte	9                               @ Abbrev [9] 0x5f4:0xe DW_TAG_member
	.long	.Linfo_string109                @ DW_AT_name
	.long	679                             @ DW_AT_type
	.byte	3                               @ DW_AT_decl_file
	.short	1289                            @ DW_AT_decl_line
	.short	264                             @ DW_AT_data_member_location
	.byte	9                               @ Abbrev [9] 0x602:0xe DW_TAG_member
	.long	.Linfo_string110                @ DW_AT_name
	.long	679                             @ DW_AT_type
	.byte	3                               @ DW_AT_decl_file
	.short	1290                            @ DW_AT_decl_line
	.short	268                             @ DW_AT_data_member_location
	.byte	9                               @ Abbrev [9] 0x610:0xe DW_TAG_member
	.long	.Linfo_string111                @ DW_AT_name
	.long	679                             @ DW_AT_type
	.byte	3                               @ DW_AT_decl_file
	.short	1291                            @ DW_AT_decl_line
	.short	272                             @ DW_AT_data_member_location
	.byte	9                               @ Abbrev [9] 0x61e:0xe DW_TAG_member
	.long	.Linfo_string112                @ DW_AT_name
	.long	679                             @ DW_AT_type
	.byte	3                               @ DW_AT_decl_file
	.short	1292                            @ DW_AT_decl_line
	.short	276                             @ DW_AT_data_member_location
	.byte	9                               @ Abbrev [9] 0x62c:0xe DW_TAG_member
	.long	.Linfo_string113                @ DW_AT_name
	.long	679                             @ DW_AT_type
	.byte	3                               @ DW_AT_decl_file
	.short	1293                            @ DW_AT_decl_line
	.short	280                             @ DW_AT_data_member_location
	.byte	9                               @ Abbrev [9] 0x63a:0xe DW_TAG_member
	.long	.Linfo_string114                @ DW_AT_name
	.long	679                             @ DW_AT_type
	.byte	3                               @ DW_AT_decl_file
	.short	1294                            @ DW_AT_decl_line
	.short	284                             @ DW_AT_data_member_location
	.byte	9                               @ Abbrev [9] 0x648:0xe DW_TAG_member
	.long	.Linfo_string115                @ DW_AT_name
	.long	733                             @ DW_AT_type
	.byte	3                               @ DW_AT_decl_file
	.short	1295                            @ DW_AT_decl_line
	.short	288                             @ DW_AT_data_member_location
	.byte	0                               @ End Of Children Mark
	.byte	12                              @ Abbrev [12] 0x657:0xc DW_TAG_array_type
	.long	684                             @ DW_AT_type
	.byte	13                              @ Abbrev [13] 0x65c:0x6 DW_TAG_subrange_type
	.long	714                             @ DW_AT_type
	.byte	9                               @ DW_AT_count
	.byte	0                               @ End Of Children Mark
	.byte	11                              @ Abbrev [11] 0x663:0xb DW_TAG_typedef
	.long	71                              @ DW_AT_type
	.long	.Linfo_string117                @ DW_AT_name
	.byte	2                               @ DW_AT_decl_file
	.byte	62                              @ DW_AT_decl_line
	.byte	5                               @ Abbrev [5] 0x66e:0x5 DW_TAG_pointer_type
	.long	1651                            @ DW_AT_type
	.byte	6                               @ Abbrev [6] 0x673:0xc DW_TAG_typedef
	.long	1663                            @ DW_AT_type
	.long	.Linfo_string125                @ DW_AT_name
	.byte	3                               @ DW_AT_decl_file
	.short	1223                            @ DW_AT_decl_line
	.byte	15                              @ Abbrev [15] 0x67f:0x95 DW_TAG_structure_type
	.byte	44                              @ DW_AT_byte_size
	.byte	3                               @ DW_AT_decl_file
	.short	1210                            @ DW_AT_decl_line
	.byte	8                               @ Abbrev [8] 0x684:0xd DW_TAG_member
	.long	.Linfo_string13                 @ DW_AT_name
	.long	679                             @ DW_AT_type
	.byte	3                               @ DW_AT_decl_file
	.short	1212                            @ DW_AT_decl_line
	.byte	0                               @ DW_AT_data_member_location
	.byte	8                               @ Abbrev [8] 0x691:0xd DW_TAG_member
	.long	.Linfo_string118                @ DW_AT_name
	.long	679                             @ DW_AT_type
	.byte	3                               @ DW_AT_decl_file
	.short	1213                            @ DW_AT_decl_line
	.byte	4                               @ DW_AT_data_member_location
	.byte	8                               @ Abbrev [8] 0x69e:0xd DW_TAG_member
	.long	.Linfo_string38                 @ DW_AT_name
	.long	679                             @ DW_AT_type
	.byte	3                               @ DW_AT_decl_file
	.short	1214                            @ DW_AT_decl_line
	.byte	8                               @ DW_AT_data_member_location
	.byte	8                               @ Abbrev [8] 0x6ab:0xd DW_TAG_member
	.long	.Linfo_string119                @ DW_AT_name
	.long	679                             @ DW_AT_type
	.byte	3                               @ DW_AT_decl_file
	.short	1215                            @ DW_AT_decl_line
	.byte	12                              @ DW_AT_data_member_location
	.byte	8                               @ Abbrev [8] 0x6b8:0xd DW_TAG_member
	.long	.Linfo_string120                @ DW_AT_name
	.long	679                             @ DW_AT_type
	.byte	3                               @ DW_AT_decl_file
	.short	1216                            @ DW_AT_decl_line
	.byte	16                              @ DW_AT_data_member_location
	.byte	8                               @ Abbrev [8] 0x6c5:0xd DW_TAG_member
	.long	.Linfo_string28                 @ DW_AT_name
	.long	684                             @ DW_AT_type
	.byte	3                               @ DW_AT_decl_file
	.short	1217                            @ DW_AT_decl_line
	.byte	20                              @ DW_AT_data_member_location
	.byte	8                               @ Abbrev [8] 0x6d2:0xd DW_TAG_member
	.long	.Linfo_string121                @ DW_AT_name
	.long	679                             @ DW_AT_type
	.byte	3                               @ DW_AT_decl_file
	.short	1218                            @ DW_AT_decl_line
	.byte	24                              @ DW_AT_data_member_location
	.byte	8                               @ Abbrev [8] 0x6df:0xd DW_TAG_member
	.long	.Linfo_string35                 @ DW_AT_name
	.long	684                             @ DW_AT_type
	.byte	3                               @ DW_AT_decl_file
	.short	1219                            @ DW_AT_decl_line
	.byte	28                              @ DW_AT_data_member_location
	.byte	8                               @ Abbrev [8] 0x6ec:0xd DW_TAG_member
	.long	.Linfo_string122                @ DW_AT_name
	.long	679                             @ DW_AT_type
	.byte	3                               @ DW_AT_decl_file
	.short	1220                            @ DW_AT_decl_line
	.byte	32                              @ DW_AT_data_member_location
	.byte	8                               @ Abbrev [8] 0x6f9:0xd DW_TAG_member
	.long	.Linfo_string123                @ DW_AT_name
	.long	679                             @ DW_AT_type
	.byte	3                               @ DW_AT_decl_file
	.short	1221                            @ DW_AT_decl_line
	.byte	36                              @ DW_AT_data_member_location
	.byte	8                               @ Abbrev [8] 0x706:0xd DW_TAG_member
	.long	.Linfo_string124                @ DW_AT_name
	.long	679                             @ DW_AT_type
	.byte	3                               @ DW_AT_decl_file
	.short	1222                            @ DW_AT_decl_line
	.byte	40                              @ DW_AT_data_member_location
	.byte	0                               @ End Of Children Mark
	.byte	11                              @ Abbrev [11] 0x714:0xb DW_TAG_typedef
	.long	1823                            @ DW_AT_type
	.long	.Linfo_string127                @ DW_AT_name
	.byte	2                               @ DW_AT_decl_file
	.byte	63                              @ DW_AT_decl_line
	.byte	4                               @ Abbrev [4] 0x71f:0x7 DW_TAG_base_type
	.long	.Linfo_string126                @ DW_AT_name
	.byte	7                               @ DW_AT_encoding
	.byte	2                               @ DW_AT_byte_size
	.byte	5                               @ Abbrev [5] 0x726:0x5 DW_TAG_pointer_type
	.long	1835                            @ DW_AT_type
	.byte	6                               @ Abbrev [6] 0x72b:0xc DW_TAG_typedef
	.long	1847                            @ DW_AT_type
	.long	.Linfo_string137                @ DW_AT_name
	.byte	3                               @ DW_AT_decl_file
	.short	1036                            @ DW_AT_decl_line
	.byte	15                              @ Abbrev [15] 0x737:0x7b DW_TAG_structure_type
	.byte	40                              @ DW_AT_byte_size
	.byte	3                               @ DW_AT_decl_file
	.short	1025                            @ DW_AT_decl_line
	.byte	8                               @ Abbrev [8] 0x73c:0xd DW_TAG_member
	.long	.Linfo_string128                @ DW_AT_name
	.long	679                             @ DW_AT_type
	.byte	3                               @ DW_AT_decl_file
	.short	1027                            @ DW_AT_decl_line
	.byte	0                               @ DW_AT_data_member_location
	.byte	8                               @ Abbrev [8] 0x749:0xd DW_TAG_member
	.long	.Linfo_string129                @ DW_AT_name
	.long	679                             @ DW_AT_type
	.byte	3                               @ DW_AT_decl_file
	.short	1028                            @ DW_AT_decl_line
	.byte	4                               @ DW_AT_data_member_location
	.byte	8                               @ Abbrev [8] 0x756:0xd DW_TAG_member
	.long	.Linfo_string130                @ DW_AT_name
	.long	679                             @ DW_AT_type
	.byte	3                               @ DW_AT_decl_file
	.short	1029                            @ DW_AT_decl_line
	.byte	8                               @ DW_AT_data_member_location
	.byte	8                               @ Abbrev [8] 0x763:0xd DW_TAG_member
	.long	.Linfo_string131                @ DW_AT_name
	.long	679                             @ DW_AT_type
	.byte	3                               @ DW_AT_decl_file
	.short	1030                            @ DW_AT_decl_line
	.byte	12                              @ DW_AT_data_member_location
	.byte	8                               @ Abbrev [8] 0x770:0xd DW_TAG_member
	.long	.Linfo_string132                @ DW_AT_name
	.long	679                             @ DW_AT_type
	.byte	3                               @ DW_AT_decl_file
	.short	1031                            @ DW_AT_decl_line
	.byte	16                              @ DW_AT_data_member_location
	.byte	8                               @ Abbrev [8] 0x77d:0xd DW_TAG_member
	.long	.Linfo_string133                @ DW_AT_name
	.long	679                             @ DW_AT_type
	.byte	3                               @ DW_AT_decl_file
	.short	1032                            @ DW_AT_decl_line
	.byte	20                              @ DW_AT_data_member_location
	.byte	8                               @ Abbrev [8] 0x78a:0xd DW_TAG_member
	.long	.Linfo_string134                @ DW_AT_name
	.long	679                             @ DW_AT_type
	.byte	3                               @ DW_AT_decl_file
	.short	1033                            @ DW_AT_decl_line
	.byte	24                              @ DW_AT_data_member_location
	.byte	8                               @ Abbrev [8] 0x797:0xd DW_TAG_member
	.long	.Linfo_string135                @ DW_AT_name
	.long	679                             @ DW_AT_type
	.byte	3                               @ DW_AT_decl_file
	.short	1034                            @ DW_AT_decl_line
	.byte	28                              @ DW_AT_data_member_location
	.byte	8                               @ Abbrev [8] 0x7a4:0xd DW_TAG_member
	.long	.Linfo_string136                @ DW_AT_name
	.long	1970                            @ DW_AT_type
	.byte	3                               @ DW_AT_decl_file
	.short	1035                            @ DW_AT_decl_line
	.byte	32                              @ DW_AT_data_member_location
	.byte	0                               @ End Of Children Mark
	.byte	12                              @ Abbrev [12] 0x7b2:0xc DW_TAG_array_type
	.long	679                             @ DW_AT_type
	.byte	13                              @ Abbrev [13] 0x7b7:0x6 DW_TAG_subrange_type
	.long	714                             @ DW_AT_type
	.byte	2                               @ DW_AT_count
	.byte	0                               @ End Of Children Mark
	.byte	6                               @ Abbrev [6] 0x7be:0xc DW_TAG_typedef
	.long	1994                            @ DW_AT_type
	.long	.Linfo_string139                @ DW_AT_name
	.byte	4                               @ DW_AT_decl_file
	.short	266                             @ DW_AT_decl_line
	.byte	4                               @ Abbrev [4] 0x7ca:0x7 DW_TAG_base_type
	.long	.Linfo_string138                @ DW_AT_name
	.byte	4                               @ DW_AT_encoding
	.byte	4                               @ DW_AT_byte_size
	.byte	16                              @ Abbrev [16] 0x7d1:0x25 DW_TAG_subprogram
	.long	.Lfunc_begin0                   @ DW_AT_low_pc
	.long	.Lfunc_end0-.Lfunc_begin0       @ DW_AT_high_pc
	.byte	1                               @ DW_AT_frame_base
	.byte	93
                                        @ DW_AT_GNU_all_call_sites
	.long	.Linfo_string144                @ DW_AT_name
	.byte	5                               @ DW_AT_decl_file
	.byte	188                             @ DW_AT_decl_line
                                        @ DW_AT_prototyped
	.long	2369                            @ DW_AT_type
                                        @ DW_AT_external
	.byte	17                              @ Abbrev [17] 0x7e6:0xf DW_TAG_variable
	.long	.Ldebug_loc0                    @ DW_AT_location
	.long	.Linfo_string157                @ DW_AT_name
	.byte	5                               @ DW_AT_decl_file
	.byte	190                             @ DW_AT_decl_line
	.long	684                             @ DW_AT_type
	.byte	0                               @ End Of Children Mark
	.byte	18                              @ Abbrev [18] 0x7f6:0xcd DW_TAG_subprogram
	.long	.Lfunc_begin1                   @ DW_AT_low_pc
	.long	.Lfunc_end1-.Lfunc_begin1       @ DW_AT_high_pc
	.byte	1                               @ DW_AT_frame_base
	.byte	93
                                        @ DW_AT_GNU_all_call_sites
	.long	.Linfo_string145                @ DW_AT_name
	.byte	5                               @ DW_AT_decl_file
	.short	405                             @ DW_AT_decl_line
                                        @ DW_AT_prototyped
	.long	2369                            @ DW_AT_type
                                        @ DW_AT_external
	.byte	19                              @ Abbrev [19] 0x80c:0x10 DW_TAG_formal_parameter
	.long	.Ldebug_loc1                    @ DW_AT_location
	.long	.Linfo_string158                @ DW_AT_name
	.byte	5                               @ DW_AT_decl_file
	.short	405                             @ DW_AT_decl_line
	.long	2962                            @ DW_AT_type
	.byte	20                              @ Abbrev [20] 0x81c:0x10 DW_TAG_variable
	.long	.Ldebug_loc4                    @ DW_AT_location
	.long	.Linfo_string157                @ DW_AT_name
	.byte	5                               @ DW_AT_decl_file
	.short	407                             @ DW_AT_decl_line
	.long	684                             @ DW_AT_type
	.byte	20                              @ Abbrev [20] 0x82c:0x10 DW_TAG_variable
	.long	.Ldebug_loc9                    @ DW_AT_location
	.long	.Linfo_string183                @ DW_AT_name
	.byte	5                               @ DW_AT_decl_file
	.short	408                             @ DW_AT_decl_line
	.long	684                             @ DW_AT_type
	.byte	20                              @ Abbrev [20] 0x83c:0x10 DW_TAG_variable
	.long	.Ldebug_loc10                   @ DW_AT_location
	.long	.Linfo_string184                @ DW_AT_name
	.byte	5                               @ DW_AT_decl_file
	.short	408                             @ DW_AT_decl_line
	.long	684                             @ DW_AT_type
	.byte	21                              @ Abbrev [21] 0x84c:0x26 DW_TAG_lexical_block
	.long	.Ldebug_ranges0                 @ DW_AT_ranges
	.byte	20                              @ Abbrev [20] 0x851:0x10 DW_TAG_variable
	.long	.Ldebug_loc2                    @ DW_AT_location
	.long	.Linfo_string181                @ DW_AT_name
	.byte	5                               @ DW_AT_decl_file
	.short	478                             @ DW_AT_decl_line
	.long	3244                            @ DW_AT_type
	.byte	20                              @ Abbrev [20] 0x861:0x10 DW_TAG_variable
	.long	.Ldebug_loc3                    @ DW_AT_location
	.long	.Linfo_string182                @ DW_AT_name
	.byte	5                               @ DW_AT_decl_file
	.short	479                             @ DW_AT_decl_line
	.long	3244                            @ DW_AT_type
	.byte	0                               @ End Of Children Mark
	.byte	21                              @ Abbrev [21] 0x872:0x26 DW_TAG_lexical_block
	.long	.Ldebug_ranges1                 @ DW_AT_ranges
	.byte	20                              @ Abbrev [20] 0x877:0x10 DW_TAG_variable
	.long	.Ldebug_loc5                    @ DW_AT_location
	.long	.Linfo_string181                @ DW_AT_name
	.byte	5                               @ DW_AT_decl_file
	.short	424                             @ DW_AT_decl_line
	.long	3244                            @ DW_AT_type
	.byte	20                              @ Abbrev [20] 0x887:0x10 DW_TAG_variable
	.long	.Ldebug_loc6                    @ DW_AT_location
	.long	.Linfo_string182                @ DW_AT_name
	.byte	5                               @ DW_AT_decl_file
	.short	425                             @ DW_AT_decl_line
	.long	3244                            @ DW_AT_type
	.byte	0                               @ End Of Children Mark
	.byte	22                              @ Abbrev [22] 0x898:0x2a DW_TAG_lexical_block
	.long	.Ltmp158                        @ DW_AT_low_pc
	.long	.Ltmp194-.Ltmp158               @ DW_AT_high_pc
	.byte	20                              @ Abbrev [20] 0x8a1:0x10 DW_TAG_variable
	.long	.Ldebug_loc7                    @ DW_AT_location
	.long	.Linfo_string181                @ DW_AT_name
	.byte	5                               @ DW_AT_decl_file
	.short	559                             @ DW_AT_decl_line
	.long	3244                            @ DW_AT_type
	.byte	20                              @ Abbrev [20] 0x8b1:0x10 DW_TAG_variable
	.long	.Ldebug_loc8                    @ DW_AT_location
	.long	.Linfo_string182                @ DW_AT_name
	.byte	5                               @ DW_AT_decl_file
	.short	560                             @ DW_AT_decl_line
	.long	3244                            @ DW_AT_type
	.byte	0                               @ End Of Children Mark
	.byte	0                               @ End Of Children Mark
	.byte	18                              @ Abbrev [18] 0x8c3:0x6c DW_TAG_subprogram
	.long	.Lfunc_begin2                   @ DW_AT_low_pc
	.long	.Lfunc_end2-.Lfunc_begin2       @ DW_AT_high_pc
	.byte	1                               @ DW_AT_frame_base
	.byte	93
                                        @ DW_AT_GNU_all_call_sites
	.long	.Linfo_string146                @ DW_AT_name
	.byte	5                               @ DW_AT_decl_file
	.short	922                             @ DW_AT_decl_line
                                        @ DW_AT_prototyped
	.long	2369                            @ DW_AT_type
                                        @ DW_AT_external
	.byte	19                              @ Abbrev [19] 0x8d9:0x10 DW_TAG_formal_parameter
	.long	.Ldebug_loc11                   @ DW_AT_location
	.long	.Linfo_string185                @ DW_AT_name
	.byte	5                               @ DW_AT_decl_file
	.short	922                             @ DW_AT_decl_line
	.long	3249                            @ DW_AT_type
	.byte	19                              @ Abbrev [19] 0x8e9:0x10 DW_TAG_formal_parameter
	.long	.Ldebug_loc12                   @ DW_AT_location
	.long	.Linfo_string195                @ DW_AT_name
	.byte	5                               @ DW_AT_decl_file
	.short	922                             @ DW_AT_decl_line
	.long	684                             @ DW_AT_type
	.byte	20                              @ Abbrev [20] 0x8f9:0x10 DW_TAG_variable
	.long	.Ldebug_loc13                   @ DW_AT_location
	.long	.Linfo_string157                @ DW_AT_name
	.byte	5                               @ DW_AT_decl_file
	.short	925                             @ DW_AT_decl_line
	.long	684                             @ DW_AT_type
	.byte	20                              @ Abbrev [20] 0x909:0x10 DW_TAG_variable
	.long	.Ldebug_loc14                   @ DW_AT_location
	.long	.Linfo_string143                @ DW_AT_name
	.byte	5                               @ DW_AT_decl_file
	.short	926                             @ DW_AT_decl_line
	.long	684                             @ DW_AT_type
	.byte	23                              @ Abbrev [23] 0x919:0xc DW_TAG_variable
	.long	.Linfo_string196                @ DW_AT_name
	.byte	5                               @ DW_AT_decl_file
	.short	924                             @ DW_AT_decl_line
	.long	2369                            @ DW_AT_type
	.byte	24                              @ Abbrev [24] 0x925:0x9 DW_TAG_GNU_call_site
	.long	2351                            @ DW_AT_abstract_origin
                                        @ DW_AT_GNU_tail_call
	.long	.Ltmp411                        @ DW_AT_low_pc
	.byte	0                               @ End Of Children Mark
	.byte	25                              @ Abbrev [25] 0x92f:0x12 DW_TAG_subprogram
	.long	.Linfo_string140                @ DW_AT_name
	.byte	6                               @ DW_AT_decl_file
	.short	1069                            @ DW_AT_decl_line
                                        @ DW_AT_prototyped
	.long	2369                            @ DW_AT_type
                                        @ DW_AT_declaration
                                        @ DW_AT_external
	.byte	26                              @ Abbrev [26] 0x93b:0x5 DW_TAG_formal_parameter
	.long	684                             @ DW_AT_type
	.byte	0                               @ End Of Children Mark
	.byte	11                              @ Abbrev [11] 0x941:0xb DW_TAG_typedef
	.long	38                              @ DW_AT_type
	.long	.Linfo_string141                @ DW_AT_name
	.byte	1                               @ DW_AT_decl_file
	.byte	45                              @ DW_AT_decl_line
	.byte	18                              @ Abbrev [18] 0x94c:0x93 DW_TAG_subprogram
	.long	.Lfunc_begin3                   @ DW_AT_low_pc
	.long	.Lfunc_end3-.Lfunc_begin3       @ DW_AT_high_pc
	.byte	1                               @ DW_AT_frame_base
	.byte	93
                                        @ DW_AT_GNU_all_call_sites
	.long	.Linfo_string147                @ DW_AT_name
	.byte	5                               @ DW_AT_decl_file
	.short	1388                            @ DW_AT_decl_line
                                        @ DW_AT_prototyped
	.long	684                             @ DW_AT_type
                                        @ DW_AT_external
	.byte	20                              @ Abbrev [20] 0x962:0x10 DW_TAG_variable
	.long	.Ldebug_loc15                   @ DW_AT_location
	.long	.Linfo_string197                @ DW_AT_name
	.byte	5                               @ DW_AT_decl_file
	.short	1392                            @ DW_AT_decl_line
	.long	684                             @ DW_AT_type
	.byte	20                              @ Abbrev [20] 0x972:0x10 DW_TAG_variable
	.long	.Ldebug_loc16                   @ DW_AT_location
	.long	.Linfo_string198                @ DW_AT_name
	.byte	5                               @ DW_AT_decl_file
	.short	1390                            @ DW_AT_decl_line
	.long	684                             @ DW_AT_type
	.byte	20                              @ Abbrev [20] 0x982:0x10 DW_TAG_variable
	.long	.Ldebug_loc17                   @ DW_AT_location
	.long	.Linfo_string199                @ DW_AT_name
	.byte	5                               @ DW_AT_decl_file
	.short	1390                            @ DW_AT_decl_line
	.long	684                             @ DW_AT_type
	.byte	20                              @ Abbrev [20] 0x992:0x10 DW_TAG_variable
	.long	.Ldebug_loc18                   @ DW_AT_location
	.long	.Linfo_string200                @ DW_AT_name
	.byte	5                               @ DW_AT_decl_file
	.short	1390                            @ DW_AT_decl_line
	.long	684                             @ DW_AT_type
	.byte	20                              @ Abbrev [20] 0x9a2:0x10 DW_TAG_variable
	.long	.Ldebug_loc19                   @ DW_AT_location
	.long	.Linfo_string201                @ DW_AT_name
	.byte	5                               @ DW_AT_decl_file
	.short	1390                            @ DW_AT_decl_line
	.long	684                             @ DW_AT_type
	.byte	20                              @ Abbrev [20] 0x9b2:0x10 DW_TAG_variable
	.long	.Ldebug_loc20                   @ DW_AT_location
	.long	.Linfo_string202                @ DW_AT_name
	.byte	5                               @ DW_AT_decl_file
	.short	1390                            @ DW_AT_decl_line
	.long	684                             @ DW_AT_type
	.byte	20                              @ Abbrev [20] 0x9c2:0x10 DW_TAG_variable
	.long	.Ldebug_loc21                   @ DW_AT_location
	.long	.Linfo_string203                @ DW_AT_name
	.byte	5                               @ DW_AT_decl_file
	.short	1391                            @ DW_AT_decl_line
	.long	1982                            @ DW_AT_type
	.byte	23                              @ Abbrev [23] 0x9d2:0xc DW_TAG_variable
	.long	.Linfo_string204                @ DW_AT_name
	.byte	5                               @ DW_AT_decl_file
	.short	1391                            @ DW_AT_decl_line
	.long	1982                            @ DW_AT_type
	.byte	0                               @ End Of Children Mark
	.byte	27                              @ Abbrev [27] 0x9df:0x80 DW_TAG_subprogram
	.long	.Lfunc_begin4                   @ DW_AT_low_pc
	.long	.Lfunc_end4-.Lfunc_begin4       @ DW_AT_high_pc
	.byte	1                               @ DW_AT_frame_base
	.byte	93
                                        @ DW_AT_GNU_all_call_sites
	.long	.Linfo_string148                @ DW_AT_name
	.byte	5                               @ DW_AT_decl_file
	.short	1286                            @ DW_AT_decl_line
                                        @ DW_AT_prototyped
                                        @ DW_AT_external
	.byte	19                              @ Abbrev [19] 0x9f1:0x10 DW_TAG_formal_parameter
	.long	.Ldebug_loc22                   @ DW_AT_location
	.long	.Linfo_string213                @ DW_AT_name
	.byte	5                               @ DW_AT_decl_file
	.short	1286                            @ DW_AT_decl_line
	.long	684                             @ DW_AT_type
	.byte	19                              @ Abbrev [19] 0xa01:0x10 DW_TAG_formal_parameter
	.long	.Ldebug_loc23                   @ DW_AT_location
	.long	.Linfo_string214                @ DW_AT_name
	.byte	5                               @ DW_AT_decl_file
	.short	1286                            @ DW_AT_decl_line
	.long	684                             @ DW_AT_type
	.byte	19                              @ Abbrev [19] 0xa11:0x10 DW_TAG_formal_parameter
	.long	.Ldebug_loc24                   @ DW_AT_location
	.long	.Linfo_string215                @ DW_AT_name
	.byte	5                               @ DW_AT_decl_file
	.short	1286                            @ DW_AT_decl_line
	.long	684                             @ DW_AT_type
	.byte	28                              @ Abbrev [28] 0xa21:0xf DW_TAG_variable
	.byte	2                               @ DW_AT_location
	.byte	145
	.byte	4
	.long	.Linfo_string205                @ DW_AT_name
	.byte	5                               @ DW_AT_decl_file
	.short	1288                            @ DW_AT_decl_line
	.long	3371                            @ DW_AT_type
	.byte	21                              @ Abbrev [21] 0xa30:0x15 DW_TAG_lexical_block
	.long	.Ldebug_ranges2                 @ DW_AT_ranges
	.byte	28                              @ Abbrev [28] 0xa35:0xf DW_TAG_variable
	.byte	2                               @ DW_AT_location
	.byte	145
	.byte	4
	.long	.Linfo_string212                @ DW_AT_name
	.byte	5                               @ DW_AT_decl_file
	.short	1316                            @ DW_AT_decl_line
	.long	679                             @ DW_AT_type
	.byte	0                               @ End Of Children Mark
	.byte	22                              @ Abbrev [22] 0xa45:0x19 DW_TAG_lexical_block
	.long	.Ltmp473                        @ DW_AT_low_pc
	.long	.Ltmp475-.Ltmp473               @ DW_AT_high_pc
	.byte	28                              @ Abbrev [28] 0xa4e:0xf DW_TAG_variable
	.byte	2                               @ DW_AT_location
	.byte	145
	.byte	4
	.long	.Linfo_string212                @ DW_AT_name
	.byte	5                               @ DW_AT_decl_file
	.short	1298                            @ DW_AT_decl_line
	.long	679                             @ DW_AT_type
	.byte	0                               @ End Of Children Mark
	.byte	0                               @ End Of Children Mark
	.byte	29                              @ Abbrev [29] 0xa5f:0x12 DW_TAG_subprogram
	.long	.Lfunc_begin5                   @ DW_AT_low_pc
	.long	.Lfunc_end5-.Lfunc_begin5       @ DW_AT_high_pc
	.byte	1                               @ DW_AT_frame_base
	.byte	93
                                        @ DW_AT_GNU_all_call_sites
	.long	.Linfo_string149                @ DW_AT_name
	.byte	5                               @ DW_AT_decl_file
	.short	1340                            @ DW_AT_decl_line
                                        @ DW_AT_prototyped
                                        @ DW_AT_external
	.byte	29                              @ Abbrev [29] 0xa71:0x12 DW_TAG_subprogram
	.long	.Lfunc_begin6                   @ DW_AT_low_pc
	.long	.Lfunc_end6-.Lfunc_begin6       @ DW_AT_high_pc
	.byte	1                               @ DW_AT_frame_base
	.byte	93
                                        @ DW_AT_GNU_all_call_sites
	.long	.Linfo_string150                @ DW_AT_name
	.byte	5                               @ DW_AT_decl_file
	.short	1349                            @ DW_AT_decl_line
                                        @ DW_AT_prototyped
                                        @ DW_AT_external
	.byte	30                              @ Abbrev [30] 0xa83:0x19 DW_TAG_subprogram
	.long	.Lfunc_begin7                   @ DW_AT_low_pc
	.long	.Lfunc_end7-.Lfunc_begin7       @ DW_AT_high_pc
	.byte	1                               @ DW_AT_frame_base
	.byte	93
                                        @ DW_AT_GNU_all_call_sites
	.long	2716                            @ DW_AT_abstract_origin
	.byte	31                              @ Abbrev [31] 0xa92:0x9 DW_TAG_variable
	.long	.Ldebug_loc25                   @ DW_AT_location
	.long	2729                            @ DW_AT_abstract_origin
	.byte	0                               @ End Of Children Mark
	.byte	32                              @ Abbrev [32] 0xa9c:0x1a DW_TAG_subprogram
	.long	.Linfo_string142                @ DW_AT_name
	.byte	5                               @ DW_AT_decl_file
	.short	1485                            @ DW_AT_decl_line
                                        @ DW_AT_prototyped
	.long	684                             @ DW_AT_type
                                        @ DW_AT_external
	.byte	1                               @ DW_AT_inline
	.byte	23                              @ Abbrev [23] 0xaa9:0xc DW_TAG_variable
	.long	.Linfo_string143                @ DW_AT_name
	.byte	5                               @ DW_AT_decl_file
	.short	1487                            @ DW_AT_decl_line
	.long	684                             @ DW_AT_type
	.byte	0                               @ End Of Children Mark
	.byte	18                              @ Abbrev [18] 0xab6:0x32 DW_TAG_subprogram
	.long	.Lfunc_begin8                   @ DW_AT_low_pc
	.long	.Lfunc_end8-.Lfunc_begin8       @ DW_AT_high_pc
	.byte	1                               @ DW_AT_frame_base
	.byte	93
                                        @ DW_AT_GNU_all_call_sites
	.long	.Linfo_string151                @ DW_AT_name
	.byte	5                               @ DW_AT_decl_file
	.short	1517                            @ DW_AT_decl_line
                                        @ DW_AT_prototyped
	.long	684                             @ DW_AT_type
                                        @ DW_AT_external
	.byte	33                              @ Abbrev [33] 0xacc:0x1b DW_TAG_inlined_subroutine
	.long	2716                            @ DW_AT_abstract_origin
	.long	.Ltmp488                        @ DW_AT_low_pc
	.long	.Ltmp491-.Ltmp488               @ DW_AT_high_pc
	.byte	5                               @ DW_AT_call_file
	.short	1521                            @ DW_AT_call_line
	.byte	11                              @ DW_AT_call_column
	.byte	31                              @ Abbrev [31] 0xadd:0x9 DW_TAG_variable
	.long	.Ldebug_loc26                   @ DW_AT_location
	.long	2729                            @ DW_AT_abstract_origin
	.byte	0                               @ End Of Children Mark
	.byte	0                               @ End Of Children Mark
	.byte	18                              @ Abbrev [18] 0xae8:0x32 DW_TAG_subprogram
	.long	.Lfunc_begin9                   @ DW_AT_low_pc
	.long	.Lfunc_end9-.Lfunc_begin9       @ DW_AT_high_pc
	.byte	1                               @ DW_AT_frame_base
	.byte	93
                                        @ DW_AT_GNU_all_call_sites
	.long	.Linfo_string152                @ DW_AT_name
	.byte	5                               @ DW_AT_decl_file
	.short	1535                            @ DW_AT_decl_line
                                        @ DW_AT_prototyped
	.long	684                             @ DW_AT_type
                                        @ DW_AT_external
	.byte	33                              @ Abbrev [33] 0xafe:0x1b DW_TAG_inlined_subroutine
	.long	2716                            @ DW_AT_abstract_origin
	.long	.Ltmp494                        @ DW_AT_low_pc
	.long	.Ltmp497-.Ltmp494               @ DW_AT_high_pc
	.byte	5                               @ DW_AT_call_file
	.short	1539                            @ DW_AT_call_line
	.byte	11                              @ DW_AT_call_column
	.byte	31                              @ Abbrev [31] 0xb0f:0x9 DW_TAG_variable
	.long	.Ldebug_loc27                   @ DW_AT_location
	.long	2729                            @ DW_AT_abstract_origin
	.byte	0                               @ End Of Children Mark
	.byte	0                               @ End Of Children Mark
	.byte	27                              @ Abbrev [27] 0xb1a:0x23 DW_TAG_subprogram
	.long	.Lfunc_begin10                  @ DW_AT_low_pc
	.long	.Lfunc_end10-.Lfunc_begin10     @ DW_AT_high_pc
	.byte	1                               @ DW_AT_frame_base
	.byte	93
                                        @ DW_AT_GNU_all_call_sites
	.long	.Linfo_string153                @ DW_AT_name
	.byte	5                               @ DW_AT_decl_file
	.short	1552                            @ DW_AT_decl_line
                                        @ DW_AT_prototyped
                                        @ DW_AT_external
	.byte	19                              @ Abbrev [19] 0xb2c:0x10 DW_TAG_formal_parameter
	.long	.Ldebug_loc28                   @ DW_AT_location
	.long	.Linfo_string158                @ DW_AT_name
	.byte	5                               @ DW_AT_decl_file
	.short	1552                            @ DW_AT_decl_line
	.long	3447                            @ DW_AT_type
	.byte	0                               @ End Of Children Mark
	.byte	27                              @ Abbrev [27] 0xb3d:0x31 DW_TAG_subprogram
	.long	.Lfunc_begin11                  @ DW_AT_low_pc
	.long	.Lfunc_end11-.Lfunc_begin11     @ DW_AT_high_pc
	.byte	1                               @ DW_AT_frame_base
	.byte	93
                                        @ DW_AT_GNU_all_call_sites
	.long	.Linfo_string154                @ DW_AT_name
	.byte	5                               @ DW_AT_decl_file
	.short	1718                            @ DW_AT_decl_line
                                        @ DW_AT_prototyped
                                        @ DW_AT_external
	.byte	19                              @ Abbrev [19] 0xb4f:0x10 DW_TAG_formal_parameter
	.long	.Ldebug_loc29                   @ DW_AT_location
	.long	.Linfo_string185                @ DW_AT_name
	.byte	5                               @ DW_AT_decl_file
	.short	1718                            @ DW_AT_decl_line
	.long	3452                            @ DW_AT_type
	.byte	34                              @ Abbrev [34] 0xb5f:0xe DW_TAG_formal_parameter
	.byte	1                               @ DW_AT_location
	.byte	81
	.long	.Linfo_string216                @ DW_AT_name
	.byte	5                               @ DW_AT_decl_file
	.short	1718                            @ DW_AT_decl_line
	.long	3457                            @ DW_AT_type
	.byte	0                               @ End Of Children Mark
	.byte	29                              @ Abbrev [29] 0xb6e:0x12 DW_TAG_subprogram
	.long	.Lfunc_begin12                  @ DW_AT_low_pc
	.long	.Lfunc_end12-.Lfunc_begin12     @ DW_AT_high_pc
	.byte	1                               @ DW_AT_frame_base
	.byte	93
                                        @ DW_AT_GNU_all_call_sites
	.long	.Linfo_string155                @ DW_AT_name
	.byte	5                               @ DW_AT_decl_file
	.short	1774                            @ DW_AT_decl_line
                                        @ DW_AT_prototyped
                                        @ DW_AT_external
	.byte	29                              @ Abbrev [29] 0xb80:0x12 DW_TAG_subprogram
	.long	.Lfunc_begin13                  @ DW_AT_low_pc
	.long	.Lfunc_end13-.Lfunc_begin13     @ DW_AT_high_pc
	.byte	1                               @ DW_AT_frame_base
	.byte	93
                                        @ DW_AT_GNU_all_call_sites
	.long	.Linfo_string156                @ DW_AT_name
	.byte	5                               @ DW_AT_decl_file
	.short	1791                            @ DW_AT_decl_line
                                        @ DW_AT_prototyped
                                        @ DW_AT_external
	.byte	5                               @ Abbrev [5] 0xb92:0x5 DW_TAG_pointer_type
	.long	2967                            @ DW_AT_type
	.byte	35                              @ Abbrev [35] 0xb97:0x5 DW_TAG_const_type
	.long	2972                            @ DW_AT_type
	.byte	11                              @ Abbrev [11] 0xb9c:0xb DW_TAG_typedef
	.long	2983                            @ DW_AT_type
	.long	.Linfo_string180                @ DW_AT_name
	.byte	7                               @ DW_AT_decl_file
	.byte	117                             @ DW_AT_decl_line
	.byte	36                              @ Abbrev [36] 0xba7:0x7d DW_TAG_structure_type
	.byte	76                              @ DW_AT_byte_size
	.byte	7                               @ DW_AT_decl_file
	.byte	84                              @ DW_AT_decl_line
	.byte	37                              @ Abbrev [37] 0xbab:0xc DW_TAG_member
	.long	.Linfo_string159                @ DW_AT_name
	.long	684                             @ DW_AT_type
	.byte	7                               @ DW_AT_decl_file
	.byte	86                              @ DW_AT_decl_line
	.byte	0                               @ DW_AT_data_member_location
	.byte	37                              @ Abbrev [37] 0xbb7:0xc DW_TAG_member
	.long	.Linfo_string160                @ DW_AT_name
	.long	684                             @ DW_AT_type
	.byte	7                               @ DW_AT_decl_file
	.byte	89                              @ DW_AT_decl_line
	.byte	4                               @ DW_AT_data_member_location
	.byte	37                              @ Abbrev [37] 0xbc3:0xc DW_TAG_member
	.long	.Linfo_string161                @ DW_AT_name
	.long	684                             @ DW_AT_type
	.byte	7                               @ DW_AT_decl_file
	.byte	92                              @ DW_AT_decl_line
	.byte	8                               @ DW_AT_data_member_location
	.byte	37                              @ Abbrev [37] 0xbcf:0xc DW_TAG_member
	.long	.Linfo_string162                @ DW_AT_name
	.long	684                             @ DW_AT_type
	.byte	7                               @ DW_AT_decl_file
	.byte	95                              @ DW_AT_decl_line
	.byte	12                              @ DW_AT_data_member_location
	.byte	37                              @ Abbrev [37] 0xbdb:0xc DW_TAG_member
	.long	.Linfo_string163                @ DW_AT_name
	.long	684                             @ DW_AT_type
	.byte	7                               @ DW_AT_decl_file
	.byte	98                              @ DW_AT_decl_line
	.byte	16                              @ DW_AT_data_member_location
	.byte	37                              @ Abbrev [37] 0xbe7:0xc DW_TAG_member
	.long	.Linfo_string164                @ DW_AT_name
	.long	684                             @ DW_AT_type
	.byte	7                               @ DW_AT_decl_file
	.byte	102                             @ DW_AT_decl_line
	.byte	20                              @ DW_AT_data_member_location
	.byte	37                              @ Abbrev [37] 0xbf3:0xc DW_TAG_member
	.long	.Linfo_string165                @ DW_AT_name
	.long	684                             @ DW_AT_type
	.byte	7                               @ DW_AT_decl_file
	.byte	105                             @ DW_AT_decl_line
	.byte	24                              @ DW_AT_data_member_location
	.byte	37                              @ Abbrev [37] 0xbff:0xc DW_TAG_member
	.long	.Linfo_string166                @ DW_AT_name
	.long	684                             @ DW_AT_type
	.byte	7                               @ DW_AT_decl_file
	.byte	108                             @ DW_AT_decl_line
	.byte	28                              @ DW_AT_data_member_location
	.byte	37                              @ Abbrev [37] 0xc0b:0xc DW_TAG_member
	.long	.Linfo_string167                @ DW_AT_name
	.long	684                             @ DW_AT_type
	.byte	7                               @ DW_AT_decl_file
	.byte	111                             @ DW_AT_decl_line
	.byte	32                              @ DW_AT_data_member_location
	.byte	37                              @ Abbrev [37] 0xc17:0xc DW_TAG_member
	.long	.Linfo_string168                @ DW_AT_name
	.long	3108                            @ DW_AT_type
	.byte	7                               @ DW_AT_decl_file
	.byte	115                             @ DW_AT_decl_line
	.byte	36                              @ DW_AT_data_member_location
	.byte	0                               @ End Of Children Mark
	.byte	11                              @ Abbrev [11] 0xc24:0xb DW_TAG_typedef
	.long	3119                            @ DW_AT_type
	.long	.Linfo_string179                @ DW_AT_name
	.byte	7                               @ DW_AT_decl_file
	.byte	79                              @ DW_AT_decl_line
	.byte	36                              @ Abbrev [36] 0xc2f:0x7d DW_TAG_structure_type
	.byte	40                              @ DW_AT_byte_size
	.byte	7                               @ DW_AT_decl_file
	.byte	46                              @ DW_AT_decl_line
	.byte	37                              @ Abbrev [37] 0xc33:0xc DW_TAG_member
	.long	.Linfo_string169                @ DW_AT_name
	.long	684                             @ DW_AT_type
	.byte	7                               @ DW_AT_decl_file
	.byte	48                              @ DW_AT_decl_line
	.byte	0                               @ DW_AT_data_member_location
	.byte	37                              @ Abbrev [37] 0xc3f:0xc DW_TAG_member
	.long	.Linfo_string170                @ DW_AT_name
	.long	684                             @ DW_AT_type
	.byte	7                               @ DW_AT_decl_file
	.byte	51                              @ DW_AT_decl_line
	.byte	4                               @ DW_AT_data_member_location
	.byte	37                              @ Abbrev [37] 0xc4b:0xc DW_TAG_member
	.long	.Linfo_string171                @ DW_AT_name
	.long	684                             @ DW_AT_type
	.byte	7                               @ DW_AT_decl_file
	.byte	54                              @ DW_AT_decl_line
	.byte	8                               @ DW_AT_data_member_location
	.byte	37                              @ Abbrev [37] 0xc57:0xc DW_TAG_member
	.long	.Linfo_string172                @ DW_AT_name
	.long	684                             @ DW_AT_type
	.byte	7                               @ DW_AT_decl_file
	.byte	57                              @ DW_AT_decl_line
	.byte	12                              @ DW_AT_data_member_location
	.byte	37                              @ Abbrev [37] 0xc63:0xc DW_TAG_member
	.long	.Linfo_string173                @ DW_AT_name
	.long	684                             @ DW_AT_type
	.byte	7                               @ DW_AT_decl_file
	.byte	62                              @ DW_AT_decl_line
	.byte	16                              @ DW_AT_data_member_location
	.byte	37                              @ Abbrev [37] 0xc6f:0xc DW_TAG_member
	.long	.Linfo_string174                @ DW_AT_name
	.long	684                             @ DW_AT_type
	.byte	7                               @ DW_AT_decl_file
	.byte	66                              @ DW_AT_decl_line
	.byte	20                              @ DW_AT_data_member_location
	.byte	37                              @ Abbrev [37] 0xc7b:0xc DW_TAG_member
	.long	.Linfo_string175                @ DW_AT_name
	.long	684                             @ DW_AT_type
	.byte	7                               @ DW_AT_decl_file
	.byte	69                              @ DW_AT_decl_line
	.byte	24                              @ DW_AT_data_member_location
	.byte	37                              @ Abbrev [37] 0xc87:0xc DW_TAG_member
	.long	.Linfo_string176                @ DW_AT_name
	.long	684                             @ DW_AT_type
	.byte	7                               @ DW_AT_decl_file
	.byte	71                              @ DW_AT_decl_line
	.byte	28                              @ DW_AT_data_member_location
	.byte	37                              @ Abbrev [37] 0xc93:0xc DW_TAG_member
	.long	.Linfo_string177                @ DW_AT_name
	.long	684                             @ DW_AT_type
	.byte	7                               @ DW_AT_decl_file
	.byte	73                              @ DW_AT_decl_line
	.byte	32                              @ DW_AT_data_member_location
	.byte	37                              @ Abbrev [37] 0xc9f:0xc DW_TAG_member
	.long	.Linfo_string178                @ DW_AT_name
	.long	684                             @ DW_AT_type
	.byte	7                               @ DW_AT_decl_file
	.byte	76                              @ DW_AT_decl_line
	.byte	36                              @ DW_AT_data_member_location
	.byte	0                               @ End Of Children Mark
	.byte	35                              @ Abbrev [35] 0xcac:0x5 DW_TAG_const_type
	.long	684                             @ DW_AT_type
	.byte	5                               @ Abbrev [5] 0xcb1:0x5 DW_TAG_pointer_type
	.long	3254                            @ DW_AT_type
	.byte	35                              @ Abbrev [35] 0xcb6:0x5 DW_TAG_const_type
	.long	3259                            @ DW_AT_type
	.byte	11                              @ Abbrev [11] 0xcbb:0xb DW_TAG_typedef
	.long	3270                            @ DW_AT_type
	.long	.Linfo_string194                @ DW_AT_name
	.byte	7                               @ DW_AT_decl_file
	.byte	145                             @ DW_AT_decl_line
	.byte	36                              @ Abbrev [36] 0xcc6:0x65 DW_TAG_structure_type
	.byte	32                              @ DW_AT_byte_size
	.byte	7                               @ DW_AT_decl_file
	.byte	122                             @ DW_AT_decl_line
	.byte	37                              @ Abbrev [37] 0xcca:0xc DW_TAG_member
	.long	.Linfo_string186                @ DW_AT_name
	.long	684                             @ DW_AT_type
	.byte	7                               @ DW_AT_decl_file
	.byte	124                             @ DW_AT_decl_line
	.byte	0                               @ DW_AT_data_member_location
	.byte	37                              @ Abbrev [37] 0xcd6:0xc DW_TAG_member
	.long	.Linfo_string187                @ DW_AT_name
	.long	684                             @ DW_AT_type
	.byte	7                               @ DW_AT_decl_file
	.byte	127                             @ DW_AT_decl_line
	.byte	4                               @ DW_AT_data_member_location
	.byte	37                              @ Abbrev [37] 0xce2:0xc DW_TAG_member
	.long	.Linfo_string188                @ DW_AT_name
	.long	684                             @ DW_AT_type
	.byte	7                               @ DW_AT_decl_file
	.byte	130                             @ DW_AT_decl_line
	.byte	8                               @ DW_AT_data_member_location
	.byte	37                              @ Abbrev [37] 0xcee:0xc DW_TAG_member
	.long	.Linfo_string189                @ DW_AT_name
	.long	684                             @ DW_AT_type
	.byte	7                               @ DW_AT_decl_file
	.byte	133                             @ DW_AT_decl_line
	.byte	12                              @ DW_AT_data_member_location
	.byte	37                              @ Abbrev [37] 0xcfa:0xc DW_TAG_member
	.long	.Linfo_string190                @ DW_AT_name
	.long	684                             @ DW_AT_type
	.byte	7                               @ DW_AT_decl_file
	.byte	136                             @ DW_AT_decl_line
	.byte	16                              @ DW_AT_data_member_location
	.byte	37                              @ Abbrev [37] 0xd06:0xc DW_TAG_member
	.long	.Linfo_string191                @ DW_AT_name
	.long	684                             @ DW_AT_type
	.byte	7                               @ DW_AT_decl_file
	.byte	139                             @ DW_AT_decl_line
	.byte	20                              @ DW_AT_data_member_location
	.byte	37                              @ Abbrev [37] 0xd12:0xc DW_TAG_member
	.long	.Linfo_string192                @ DW_AT_name
	.long	684                             @ DW_AT_type
	.byte	7                               @ DW_AT_decl_file
	.byte	141                             @ DW_AT_decl_line
	.byte	24                              @ DW_AT_data_member_location
	.byte	37                              @ Abbrev [37] 0xd1e:0xc DW_TAG_member
	.long	.Linfo_string193                @ DW_AT_name
	.long	684                             @ DW_AT_type
	.byte	7                               @ DW_AT_decl_file
	.byte	143                             @ DW_AT_decl_line
	.byte	28                              @ DW_AT_data_member_location
	.byte	0                               @ End Of Children Mark
	.byte	11                              @ Abbrev [11] 0xd2b:0xb DW_TAG_typedef
	.long	3382                            @ DW_AT_type
	.long	.Linfo_string211                @ DW_AT_name
	.byte	8                               @ DW_AT_decl_file
	.byte	62                              @ DW_AT_decl_line
	.byte	36                              @ Abbrev [36] 0xd36:0x41 DW_TAG_structure_type
	.byte	20                              @ DW_AT_byte_size
	.byte	8                               @ DW_AT_decl_file
	.byte	46                              @ DW_AT_decl_line
	.byte	37                              @ Abbrev [37] 0xd3a:0xc DW_TAG_member
	.long	.Linfo_string206                @ DW_AT_name
	.long	684                             @ DW_AT_type
	.byte	8                               @ DW_AT_decl_file
	.byte	48                              @ DW_AT_decl_line
	.byte	0                               @ DW_AT_data_member_location
	.byte	37                              @ Abbrev [37] 0xd46:0xc DW_TAG_member
	.long	.Linfo_string207                @ DW_AT_name
	.long	684                             @ DW_AT_type
	.byte	8                               @ DW_AT_decl_file
	.byte	51                              @ DW_AT_decl_line
	.byte	4                               @ DW_AT_data_member_location
	.byte	37                              @ Abbrev [37] 0xd52:0xc DW_TAG_member
	.long	.Linfo_string208                @ DW_AT_name
	.long	684                             @ DW_AT_type
	.byte	8                               @ DW_AT_decl_file
	.byte	54                              @ DW_AT_decl_line
	.byte	8                               @ DW_AT_data_member_location
	.byte	37                              @ Abbrev [37] 0xd5e:0xc DW_TAG_member
	.long	.Linfo_string209                @ DW_AT_name
	.long	684                             @ DW_AT_type
	.byte	8                               @ DW_AT_decl_file
	.byte	57                              @ DW_AT_decl_line
	.byte	12                              @ DW_AT_data_member_location
	.byte	37                              @ Abbrev [37] 0xd6a:0xc DW_TAG_member
	.long	.Linfo_string210                @ DW_AT_name
	.long	684                             @ DW_AT_type
	.byte	8                               @ DW_AT_decl_file
	.byte	60                              @ DW_AT_decl_line
	.byte	16                              @ DW_AT_data_member_location
	.byte	0                               @ End Of Children Mark
	.byte	5                               @ Abbrev [5] 0xd77:0x5 DW_TAG_pointer_type
	.long	2972                            @ DW_AT_type
	.byte	5                               @ Abbrev [5] 0xd7c:0x5 DW_TAG_pointer_type
	.long	3259                            @ DW_AT_type
	.byte	5                               @ Abbrev [5] 0xd81:0x5 DW_TAG_pointer_type
	.long	684                             @ DW_AT_type
	.byte	0                               @ End Of Children Mark
.Ldebug_info_end0:
	.section	.debug_ranges,"",%progbits
.Ldebug_ranges0:
	.long	.Ltmp71
	.long	.Ltmp86
	.long	.Ltmp107
	.long	.Ltmp132
	.long	.Ltmp154
	.long	.Ltmp157
	.long	0
	.long	0
.Ldebug_ranges1:
	.long	.Ltmp89
	.long	.Ltmp107
	.long	.Ltmp132
	.long	.Ltmp153
	.long	0
	.long	0
.Ldebug_ranges2:
	.long	.Ltmp466
	.long	.Ltmp467
	.long	.Ltmp468
	.long	.Ltmp469
	.long	0
	.long	0
.Ldebug_ranges3:
	.long	.Lfunc_begin0
	.long	.Lfunc_end0
	.long	.Lfunc_begin1
	.long	.Lfunc_end1
	.long	.Lfunc_begin2
	.long	.Lfunc_end2
	.long	.Lfunc_begin3
	.long	.Lfunc_end3
	.long	.Lfunc_begin4
	.long	.Lfunc_end4
	.long	.Lfunc_begin5
	.long	.Lfunc_end5
	.long	.Lfunc_begin6
	.long	.Lfunc_end6
	.long	.Lfunc_begin7
	.long	.Lfunc_end7
	.long	.Lfunc_begin8
	.long	.Lfunc_end8
	.long	.Lfunc_begin9
	.long	.Lfunc_end9
	.long	.Lfunc_begin10
	.long	.Lfunc_end10
	.long	.Lfunc_begin11
	.long	.Lfunc_end11
	.long	.Lfunc_begin12
	.long	.Lfunc_end12
	.long	.Lfunc_begin13
	.long	.Lfunc_end13
	.long	0
	.long	0
	.section	.debug_str,"MS",%progbits,1
.Linfo_string0:
	.asciz	"Component: Arm Compiler for Embedded 6.24 Tool: armclang [5f371800]" @ string offset=0
.Linfo_string1:
	.asciz	"../Drivers/STM32H7xx_HAL_Driver/Src\\stm32h7xx_hal_rcc.c" @ string offset=68
.Linfo_string2:
	.asciz	"D:\\EV\\testadc\\MDK-ARM"      @ string offset=124
.Linfo_string3:
	.asciz	"unsigned char"                 @ string offset=146
.Linfo_string4:
	.asciz	"HAL_OK"                        @ string offset=160
.Linfo_string5:
	.asciz	"HAL_ERROR"                     @ string offset=167
.Linfo_string6:
	.asciz	"HAL_BUSY"                      @ string offset=177
.Linfo_string7:
	.asciz	"HAL_TIMEOUT"                   @ string offset=186
.Linfo_string8:
	.asciz	"ACR"                           @ string offset=198
.Linfo_string9:
	.asciz	"unsigned int"                  @ string offset=202
.Linfo_string10:
	.asciz	"uint32_t"                      @ string offset=215
.Linfo_string11:
	.asciz	"KEYR1"                         @ string offset=224
.Linfo_string12:
	.asciz	"OPTKEYR"                       @ string offset=230
.Linfo_string13:
	.asciz	"CR1"                           @ string offset=238
.Linfo_string14:
	.asciz	"SR1"                           @ string offset=242
.Linfo_string15:
	.asciz	"CCR1"                          @ string offset=246
.Linfo_string16:
	.asciz	"OPTCR"                         @ string offset=251
.Linfo_string17:
	.asciz	"OPTSR_CUR"                     @ string offset=257
.Linfo_string18:
	.asciz	"OPTSR_PRG"                     @ string offset=267
.Linfo_string19:
	.asciz	"OPTCCR"                        @ string offset=277
.Linfo_string20:
	.asciz	"PRAR_CUR1"                     @ string offset=284
.Linfo_string21:
	.asciz	"PRAR_PRG1"                     @ string offset=294
.Linfo_string22:
	.asciz	"SCAR_CUR1"                     @ string offset=304
.Linfo_string23:
	.asciz	"SCAR_PRG1"                     @ string offset=314
.Linfo_string24:
	.asciz	"WPSN_CUR1"                     @ string offset=324
.Linfo_string25:
	.asciz	"WPSN_PRG1"                     @ string offset=334
.Linfo_string26:
	.asciz	"BOOT_CUR"                      @ string offset=344
.Linfo_string27:
	.asciz	"BOOT_PRG"                      @ string offset=353
.Linfo_string28:
	.asciz	"RESERVED0"                     @ string offset=362
.Linfo_string29:
	.asciz	"__ARRAY_SIZE_TYPE__"           @ string offset=372
.Linfo_string30:
	.asciz	"CRCCR1"                        @ string offset=392
.Linfo_string31:
	.asciz	"CRCSADD1"                      @ string offset=399
.Linfo_string32:
	.asciz	"CRCEADD1"                      @ string offset=408
.Linfo_string33:
	.asciz	"CRCDATA"                       @ string offset=417
.Linfo_string34:
	.asciz	"ECC_FA1"                       @ string offset=425
.Linfo_string35:
	.asciz	"RESERVED1"                     @ string offset=433
.Linfo_string36:
	.asciz	"KEYR2"                         @ string offset=443
.Linfo_string37:
	.asciz	"RESERVED2"                     @ string offset=449
.Linfo_string38:
	.asciz	"CR2"                           @ string offset=459
.Linfo_string39:
	.asciz	"SR2"                           @ string offset=463
.Linfo_string40:
	.asciz	"CCR2"                          @ string offset=467
.Linfo_string41:
	.asciz	"RESERVED3"                     @ string offset=472
.Linfo_string42:
	.asciz	"PRAR_CUR2"                     @ string offset=482
.Linfo_string43:
	.asciz	"PRAR_PRG2"                     @ string offset=492
.Linfo_string44:
	.asciz	"SCAR_CUR2"                     @ string offset=502
.Linfo_string45:
	.asciz	"SCAR_PRG2"                     @ string offset=512
.Linfo_string46:
	.asciz	"WPSN_CUR2"                     @ string offset=522
.Linfo_string47:
	.asciz	"WPSN_PRG2"                     @ string offset=532
.Linfo_string48:
	.asciz	"RESERVED4"                     @ string offset=542
.Linfo_string49:
	.asciz	"CRCCR2"                        @ string offset=552
.Linfo_string50:
	.asciz	"CRCSADD2"                      @ string offset=559
.Linfo_string51:
	.asciz	"CRCEADD2"                      @ string offset=568
.Linfo_string52:
	.asciz	"CRCDATA2"                      @ string offset=577
.Linfo_string53:
	.asciz	"ECC_FA2"                       @ string offset=586
.Linfo_string54:
	.asciz	"FLASH_TypeDef"                 @ string offset=594
.Linfo_string55:
	.asciz	"CR"                            @ string offset=608
.Linfo_string56:
	.asciz	"HSICFGR"                       @ string offset=611
.Linfo_string57:
	.asciz	"CRRCR"                         @ string offset=619
.Linfo_string58:
	.asciz	"CSICFGR"                       @ string offset=625
.Linfo_string59:
	.asciz	"CFGR"                          @ string offset=633
.Linfo_string60:
	.asciz	"D1CFGR"                        @ string offset=638
.Linfo_string61:
	.asciz	"D2CFGR"                        @ string offset=645
.Linfo_string62:
	.asciz	"D3CFGR"                        @ string offset=652
.Linfo_string63:
	.asciz	"PLLCKSELR"                     @ string offset=659
.Linfo_string64:
	.asciz	"PLLCFGR"                       @ string offset=669
.Linfo_string65:
	.asciz	"PLL1DIVR"                      @ string offset=677
.Linfo_string66:
	.asciz	"PLL1FRACR"                     @ string offset=686
.Linfo_string67:
	.asciz	"PLL2DIVR"                      @ string offset=696
.Linfo_string68:
	.asciz	"PLL2FRACR"                     @ string offset=705
.Linfo_string69:
	.asciz	"PLL3DIVR"                      @ string offset=715
.Linfo_string70:
	.asciz	"PLL3FRACR"                     @ string offset=724
.Linfo_string71:
	.asciz	"D1CCIPR"                       @ string offset=734
.Linfo_string72:
	.asciz	"D2CCIP1R"                      @ string offset=742
.Linfo_string73:
	.asciz	"D2CCIP2R"                      @ string offset=751
.Linfo_string74:
	.asciz	"D3CCIPR"                       @ string offset=760
.Linfo_string75:
	.asciz	"CIER"                          @ string offset=768
.Linfo_string76:
	.asciz	"CIFR"                          @ string offset=773
.Linfo_string77:
	.asciz	"CICR"                          @ string offset=778
.Linfo_string78:
	.asciz	"RESERVED5"                     @ string offset=783
.Linfo_string79:
	.asciz	"BDCR"                          @ string offset=793
.Linfo_string80:
	.asciz	"CSR"                           @ string offset=798
.Linfo_string81:
	.asciz	"RESERVED6"                     @ string offset=802
.Linfo_string82:
	.asciz	"AHB3RSTR"                      @ string offset=812
.Linfo_string83:
	.asciz	"AHB1RSTR"                      @ string offset=821
.Linfo_string84:
	.asciz	"AHB2RSTR"                      @ string offset=830
.Linfo_string85:
	.asciz	"AHB4RSTR"                      @ string offset=839
.Linfo_string86:
	.asciz	"APB3RSTR"                      @ string offset=848
.Linfo_string87:
	.asciz	"APB1LRSTR"                     @ string offset=857
.Linfo_string88:
	.asciz	"APB1HRSTR"                     @ string offset=867
.Linfo_string89:
	.asciz	"APB2RSTR"                      @ string offset=877
.Linfo_string90:
	.asciz	"APB4RSTR"                      @ string offset=886
.Linfo_string91:
	.asciz	"GCR"                           @ string offset=895
.Linfo_string92:
	.asciz	"RESERVED8"                     @ string offset=899
.Linfo_string93:
	.asciz	"D3AMR"                         @ string offset=909
.Linfo_string94:
	.asciz	"RESERVED11"                    @ string offset=915
.Linfo_string95:
	.asciz	"RSR"                           @ string offset=926
.Linfo_string96:
	.asciz	"AHB3ENR"                       @ string offset=930
.Linfo_string97:
	.asciz	"AHB1ENR"                       @ string offset=938
.Linfo_string98:
	.asciz	"AHB2ENR"                       @ string offset=946
.Linfo_string99:
	.asciz	"AHB4ENR"                       @ string offset=954
.Linfo_string100:
	.asciz	"APB3ENR"                       @ string offset=962
.Linfo_string101:
	.asciz	"APB1LENR"                      @ string offset=970
.Linfo_string102:
	.asciz	"APB1HENR"                      @ string offset=979
.Linfo_string103:
	.asciz	"APB2ENR"                       @ string offset=988
.Linfo_string104:
	.asciz	"APB4ENR"                       @ string offset=996
.Linfo_string105:
	.asciz	"RESERVED12"                    @ string offset=1004
.Linfo_string106:
	.asciz	"AHB3LPENR"                     @ string offset=1015
.Linfo_string107:
	.asciz	"AHB1LPENR"                     @ string offset=1025
.Linfo_string108:
	.asciz	"AHB2LPENR"                     @ string offset=1035
.Linfo_string109:
	.asciz	"AHB4LPENR"                     @ string offset=1045
.Linfo_string110:
	.asciz	"APB3LPENR"                     @ string offset=1055
.Linfo_string111:
	.asciz	"APB1LLPENR"                    @ string offset=1065
.Linfo_string112:
	.asciz	"APB1HLPENR"                    @ string offset=1076
.Linfo_string113:
	.asciz	"APB2LPENR"                     @ string offset=1087
.Linfo_string114:
	.asciz	"APB4LPENR"                     @ string offset=1097
.Linfo_string115:
	.asciz	"RESERVED13"                    @ string offset=1107
.Linfo_string116:
	.asciz	"RCC_TypeDef"                   @ string offset=1118
.Linfo_string117:
	.asciz	"uint8_t"                       @ string offset=1130
.Linfo_string118:
	.asciz	"CSR1"                          @ string offset=1138
.Linfo_string119:
	.asciz	"CR3"                           @ string offset=1143
.Linfo_string120:
	.asciz	"CPUCR"                         @ string offset=1147
.Linfo_string121:
	.asciz	"D3CR"                          @ string offset=1153
.Linfo_string122:
	.asciz	"WKUPCR"                        @ string offset=1158
.Linfo_string123:
	.asciz	"WKUPFR"                        @ string offset=1165
.Linfo_string124:
	.asciz	"WKUPEPR"                       @ string offset=1172
.Linfo_string125:
	.asciz	"PWR_TypeDef"                   @ string offset=1180
.Linfo_string126:
	.asciz	"unsigned short"                @ string offset=1192
.Linfo_string127:
	.asciz	"uint16_t"                      @ string offset=1207
.Linfo_string128:
	.asciz	"MODER"                         @ string offset=1216
.Linfo_string129:
	.asciz	"OTYPER"                        @ string offset=1222
.Linfo_string130:
	.asciz	"OSPEEDR"                       @ string offset=1229
.Linfo_string131:
	.asciz	"PUPDR"                         @ string offset=1237
.Linfo_string132:
	.asciz	"IDR"                           @ string offset=1243
.Linfo_string133:
	.asciz	"ODR"                           @ string offset=1247
.Linfo_string134:
	.asciz	"BSRR"                          @ string offset=1251
.Linfo_string135:
	.asciz	"LCKR"                          @ string offset=1256
.Linfo_string136:
	.asciz	"AFR"                           @ string offset=1261
.Linfo_string137:
	.asciz	"GPIO_TypeDef"                  @ string offset=1265
.Linfo_string138:
	.asciz	"float"                         @ string offset=1278
.Linfo_string139:
	.asciz	"float_t"                       @ string offset=1284
.Linfo_string140:
	.asciz	"HAL_InitTick"                  @ string offset=1292
.Linfo_string141:
	.asciz	"HAL_StatusTypeDef"             @ string offset=1305
.Linfo_string142:
	.asciz	"HAL_RCC_GetHCLKFreq"           @ string offset=1323
.Linfo_string143:
	.asciz	"common_system_clock"           @ string offset=1343
.Linfo_string144:
	.asciz	"HAL_RCC_DeInit"                @ string offset=1363
.Linfo_string145:
	.asciz	"HAL_RCC_OscConfig"             @ string offset=1378
.Linfo_string146:
	.asciz	"HAL_RCC_ClockConfig"           @ string offset=1396
.Linfo_string147:
	.asciz	"HAL_RCC_GetSysClockFreq"       @ string offset=1416
.Linfo_string148:
	.asciz	"HAL_RCC_MCOConfig"             @ string offset=1440
.Linfo_string149:
	.asciz	"HAL_RCC_EnableCSS"             @ string offset=1458
.Linfo_string150:
	.asciz	"HAL_RCC_DisableCSS"            @ string offset=1476
.Linfo_string151:
	.asciz	"HAL_RCC_GetPCLK1Freq"          @ string offset=1495
.Linfo_string152:
	.asciz	"HAL_RCC_GetPCLK2Freq"          @ string offset=1516
.Linfo_string153:
	.asciz	"HAL_RCC_GetOscConfig"          @ string offset=1537
.Linfo_string154:
	.asciz	"HAL_RCC_GetClockConfig"        @ string offset=1558
.Linfo_string155:
	.asciz	"HAL_RCC_NMI_IRQHandler"        @ string offset=1581
.Linfo_string156:
	.asciz	"HAL_RCC_CSSCallback"           @ string offset=1604
.Linfo_string157:
	.asciz	"tickstart"                     @ string offset=1624
.Linfo_string158:
	.asciz	"RCC_OscInitStruct"             @ string offset=1634
.Linfo_string159:
	.asciz	"OscillatorType"                @ string offset=1652
.Linfo_string160:
	.asciz	"HSEState"                      @ string offset=1667
.Linfo_string161:
	.asciz	"LSEState"                      @ string offset=1676
.Linfo_string162:
	.asciz	"HSIState"                      @ string offset=1685
.Linfo_string163:
	.asciz	"HSICalibrationValue"           @ string offset=1694
.Linfo_string164:
	.asciz	"LSIState"                      @ string offset=1714
.Linfo_string165:
	.asciz	"HSI48State"                    @ string offset=1723
.Linfo_string166:
	.asciz	"CSIState"                      @ string offset=1734
.Linfo_string167:
	.asciz	"CSICalibrationValue"           @ string offset=1743
.Linfo_string168:
	.asciz	"PLL"                           @ string offset=1763
.Linfo_string169:
	.asciz	"PLLState"                      @ string offset=1767
.Linfo_string170:
	.asciz	"PLLSource"                     @ string offset=1776
.Linfo_string171:
	.asciz	"PLLM"                          @ string offset=1786
.Linfo_string172:
	.asciz	"PLLN"                          @ string offset=1791
.Linfo_string173:
	.asciz	"PLLP"                          @ string offset=1796
.Linfo_string174:
	.asciz	"PLLQ"                          @ string offset=1801
.Linfo_string175:
	.asciz	"PLLR"                          @ string offset=1806
.Linfo_string176:
	.asciz	"PLLRGE"                        @ string offset=1811
.Linfo_string177:
	.asciz	"PLLVCOSEL"                     @ string offset=1818
.Linfo_string178:
	.asciz	"PLLFRACN"                      @ string offset=1828
.Linfo_string179:
	.asciz	"RCC_PLLInitTypeDef"            @ string offset=1837
.Linfo_string180:
	.asciz	"RCC_OscInitTypeDef"            @ string offset=1856
.Linfo_string181:
	.asciz	"temp_sysclksrc"                @ string offset=1875
.Linfo_string182:
	.asciz	"temp_pllckselr"                @ string offset=1890
.Linfo_string183:
	.asciz	"temp1_pllckcfg"                @ string offset=1905
.Linfo_string184:
	.asciz	"temp2_pllckcfg"                @ string offset=1920
.Linfo_string185:
	.asciz	"RCC_ClkInitStruct"             @ string offset=1935
.Linfo_string186:
	.asciz	"ClockType"                     @ string offset=1953
.Linfo_string187:
	.asciz	"SYSCLKSource"                  @ string offset=1963
.Linfo_string188:
	.asciz	"SYSCLKDivider"                 @ string offset=1976
.Linfo_string189:
	.asciz	"AHBCLKDivider"                 @ string offset=1990
.Linfo_string190:
	.asciz	"APB3CLKDivider"                @ string offset=2004
.Linfo_string191:
	.asciz	"APB1CLKDivider"                @ string offset=2019
.Linfo_string192:
	.asciz	"APB2CLKDivider"                @ string offset=2034
.Linfo_string193:
	.asciz	"APB4CLKDivider"                @ string offset=2049
.Linfo_string194:
	.asciz	"RCC_ClkInitTypeDef"            @ string offset=2064
.Linfo_string195:
	.asciz	"FLatency"                      @ string offset=2083
.Linfo_string196:
	.asciz	"halstatus"                     @ string offset=2092
.Linfo_string197:
	.asciz	"sysclockfreq"                  @ string offset=2102
.Linfo_string198:
	.asciz	"pllsource"                     @ string offset=2115
.Linfo_string199:
	.asciz	"pllfracen"                     @ string offset=2125
.Linfo_string200:
	.asciz	"pllm"                          @ string offset=2135
.Linfo_string201:
	.asciz	"hsivalue"                      @ string offset=2140
.Linfo_string202:
	.asciz	"pllp"                          @ string offset=2149
.Linfo_string203:
	.asciz	"pllvco"                        @ string offset=2154
.Linfo_string204:
	.asciz	"fracn1"                        @ string offset=2161
.Linfo_string205:
	.asciz	"GPIO_InitStruct"               @ string offset=2168
.Linfo_string206:
	.asciz	"Pin"                           @ string offset=2184
.Linfo_string207:
	.asciz	"Mode"                          @ string offset=2188
.Linfo_string208:
	.asciz	"Pull"                          @ string offset=2193
.Linfo_string209:
	.asciz	"Speed"                         @ string offset=2198
.Linfo_string210:
	.asciz	"Alternate"                     @ string offset=2204
.Linfo_string211:
	.asciz	"GPIO_InitTypeDef"              @ string offset=2214
.Linfo_string212:
	.asciz	"tmpreg"                        @ string offset=2231
.Linfo_string213:
	.asciz	"RCC_MCOx"                      @ string offset=2238
.Linfo_string214:
	.asciz	"RCC_MCOSource"                 @ string offset=2247
.Linfo_string215:
	.asciz	"RCC_MCODiv"                    @ string offset=2261
.Linfo_string216:
	.asciz	"pFLatency"                     @ string offset=2272
	.ident	"Component: Arm Compiler for Embedded 6.24 Tool: armclang [5f371800]"
	.section	".note.GNU-stack","",%progbits
	.eabi_attribute	30, 2	@ Tag_ABI_optimization_goals
	.ARM_attribute	16, 1	@ Tag_AV_eba
	.section	.debug_line,"",%progbits
.Lline_table_start0:
